symbol,entry_time,exit_time,entry_price,exit_price,units,leverage,gross_pnl_usdt,entry_fee_usdt,exit_fee_usdt,entry_slippage_usdt,exit_slippage_usdt,slippage_cost_usdt,funding_cost_usdt,borrow_cost_usdt,net_pnl_usdt,gross_ret_pct,exit_reason,bars_held
BNBUSDT,2020-10-15 00:00:00,2020-10-19 04:00:00,30.853419,29.83877315,323.8538976831061,1.0,-328.5970132904873,8.0,7.730722389367612,4.9935032483751165,4.834118552630548,9.827621801005664,0.0,0.0,-344.3277356798549,-3.2886010137158457,SIGNAL_EXIT,25
BTCUSDT,2020-10-19 04:00:00,2020-11-06 12:00:00,11421.958125,15564.563825000001,0.8446842144685842,1.0,3499.193641557581,7.724537811456116,10.517713094453015,4.821563081712811,6.576859113589316,11.398422195302128,0.0,0.0,3480.9513906516718,36.268787318811874,SIGNAL_EXIT,110
ETHUSDT,2020-11-06 12:00:00,2020-11-12 16:00:00,443.61169499999994,460.92942000000005,29.589198174876433,1.0,512.4175969630152,10.509298923977454,10.910825562408684,6.559777289377877,6.822677315162266,13.382454604540143,0.0,0.0,490.99747247662907,3.9038026263036443,SIGNAL_EXIT,37
BTCUSDT,2020-11-12 16:00:00,2020-11-16 12:00:00,16133.0625,16227.552165000001,0.8440256789773478,1.0,79.75170365796795,10.902096901958759,10.957176587363566,6.804957036754867,6.851661197700322,13.656618234455188,0.0,0.0,57.89243016864563,0.5856895738177482,SIGNAL_EXIT,23
SOLUSDT,2020-11-16 12:00:00,2020-11-17 12:00:00,2.2715351999999998,2.2232878000000005,6019.966209095505,1.0,-290.4477176767101,10.948410846093674,10.707293943275431,6.833865640563898,6.695406417754062,13.52927205831796,0.0,0.0,-312.1034224660792,-2.123999663311371,SIGNAL_EXIT,6
BTCUSDT,2020-11-17 12:00:00,2020-11-21 16:00:00,17002.607055,18780.605,0.7859213215842266,1.0,1397.3664947084383,10.698728108120813,11.808062321401067,6.678016695173717,7.383730816284151,14.061747511457868,0.0,0.0,1374.8597042789163,10.457207763777255,SIGNAL_EXIT,25
BNBUSDT,2020-11-21 16:00:00,2020-11-22 08:00:00,30.5008428,29.9302274,483.1496401653002,1.0,-275.6926251827794,11.798615871543946,11.568622878700486,7.364553335111316,7.234006302339028,14.598559637450345,0.0,0.0,-299.05986393302385,-1.8708184680064028,SIGNAL_EXIT,4
ETHUSDT,2020-11-22 08:00:00,2020-11-24 04:00:00,542.5911600000001,612.75347,26.60870959916949,1.0,1866.9285315969037,11.559367980397527,13.04366331129073,7.215217694911037,8.156367753432159,15.371585448343197,0.0,0.0,1842.3255003052154,12.930971820477122,SIGNAL_EXIT,11
BNBUSDT,2020-11-24 04:00:00,2020-11-26 04:00:00,32.85491925,29.9606122,495.46620777104727,1.0,-1434.0313381885078,13.0332283806417,11.87557672738638,8.135183531943996,7.425948428830955,15.56113196077495,0.0,0.0,-1458.940143296536,-8.809356760175271,SIGNAL_EXIT,12
ETHUSDT,2020-11-26 04:00:00,2020-12-12 12:00:00,532.32603,559.230245,27.841451330568194,1.0,749.0523925096434,11.86607626600447,12.455825318999382,7.406661297471075,7.788785216983741,15.195446514454815,0.0,0.0,724.7304909246395,5.05408593301365,SIGNAL_EXIT,98
BTCUSDT,2020-12-12 12:00:00,2020-12-19 16:00:00,18515.353049999998,23540.224000000002,0.8395670296317405,1.0,4218.715977774325,12.445860658744182,15.810876752436648,7.768555703533429,9.886741340941715,17.655297044475144,0.0,0.0,4190.459240363145,27.13894213321525,SIGNAL_EXIT,43
BNBUSDT,2020-12-19 16:00:00,2020-12-21 20:00:00,33.88803555,32.2664587,582.270011096655,1.0,-944.195570443577,15.7982280510347,15.03023301223901,9.861062886427645,9.398594930115035,19.259657816542678,0.0,0.0,-975.0240315068507,-4.785101360058024,SIGNAL_EXIT,13
BTCUSDT,2020-12-21 20:00:00,2020-12-27 20:00:00,22828.038314999998,27068.439010000002,0.8216975354879806,1.0,3484.3268005630234,15.018208825829218,17.793655699218974,9.374184319568053,11.126598111065494,20.50078243063355,0.0,0.0,3451.514936037975,18.575405545090984,SIGNAL_EXIT,36
ETHUSDT,2020-12-27 20:00:00,2020-12-29 04:00:00,706.21293,699.6500000000001,31.44447744329722,1.0,-206.36790434693665,17.7794207746596,17.600102914562324,11.097699424063356,11.005567105151167,22.103266529214523,0.0,0.0,-241.74742803615857,-0.9293132030306974,SIGNAL_EXIT,8
BNBUSDT,2020-12-29 04:00:00,2020-12-30 20:00:00,39.53905965,37.82747680000001,555.525162001573,1.0,-950.8273400253596,17.58602283223067,16.811292141944598,10.976982767342973,10.512313745586024,21.489296512928995,0.0,0.0,-985.2246549995349,-4.328840557036344,SIGNAL_EXIT,10
ETHUSDT,2020-12-30 20:00:00,2021-01-01 08:00:00,753.346485,737.0013150000001,27.849743059703226,1.0,-455.2087847671677,16.797843108231042,16.420237805930725,10.485010515832435,10.267782519964289,20.752793035796724,0.0,0.0,-488.42686568132945,-2.1696749537498587,SIGNAL_EXIT,9
BTCUSDT,2021-01-01 08:00:00,2021-01-03 12:00:00,29107.38642,34396.323235,0.7040298851397799,1.0,3723.5695783760066,16.407101615685978,19.37283159709424,10.241114401794125,12.114076786573916,22.35519118836804,0.0,0.0,3687.7896451632264,18.170428422133835,SIGNAL_EXIT,13
SOLUSDT,2021-01-03 12:00:00,2021-01-03 16:00:00,2.2668328499999997,2.072963,10665.67803243141,1.0,-2067.7534002957677,19.35733333181656,17.687644744914493,12.082613359038344,11.06030811962852,23.142921478666864,0.0,0.0,-2104.7983783724985,-8.552454584377477,SIGNAL_EXIT,1
ETHUSDT,2021-01-03 16:00:00,2021-01-08 12:00:00,918.4089749999999,1254.61238,24.035255961832345,1.0,8080.734894414586,17.67349462911856,24.123943748946935,11.031581605079495,15.08500734676471,26.116588951844207,0.0,0.0,8038.93745603652,36.60715586974747,SIGNAL_EXIT,29
SOLUSDT,2021-01-08 12:00:00,2021-01-21 16:00:00,3.15707775,3.3035474000000002,9536.25582956922,1.0,1396.7720536674653,24.10464459394778,25.202778521206596,15.04582763510326,15.759616383945072,30.80544401904833,0.0,0.0,1347.464630552311,4.639405855620763,SIGNAL_EXIT,79
SOLUSDT,2021-01-21 20:00:00,2021-01-22 00:00:00,3.3170577,2.9878053500000004,9482.225092644198,1.0,-3122.044894982065,25.18261629838963,22.664834289365267,15.718684536076136,14.172607734717888,29.891292270794025,0.0,0.0,-3169.8923455698205,-9.926036257976445,SIGNAL_EXIT,1
SOLUSDT,2021-01-22 16:00:00,2021-01-23 12:00:00,3.3918950999999997,3.4496743000000003,8339.211706457338,1.0,481.8329810297447,22.646702421933774,23.014051444820023,14.135797763612635,14.390977641831086,28.526775405443722,0.0,0.0,436.1722271629909,1.7034489067778245,SIGNAL_EXIT,5
SOLUSDT,2021-01-23 20:00:00,2021-01-24 20:00:00,3.52005915,3.5438272,8159.395450606715,1.0,193.93291903979417,22.995640203664166,23.132390026733066,14.353600506933338,14.464976254834832,28.81857676176817,0.0,0.0,147.80488880939694,0.675217346844872,SIGNAL_EXIT,6
ETHUSDT,2021-01-25 00:00:00,2021-01-26 00:00:00,1392.886095,1316.9412,20.726203932185054,1.0,-1574.0493813783828,23.11388411471168,21.836153502317206,14.427406926174644,13.654423150522028,28.081830076696672,0.0,0.0,-1618.9994189954118,-5.452340666808085,SIGNAL_EXIT,6
SOLUSDT,2021-01-26 00:00:00,2021-01-26 04:00:00,3.7054517999999996,3.7309336,7354.443806235631,1.0,187.4044661817392,21.81868457951535,21.951153204797127,13.618959040386024,13.726333919957703,27.345292960343727,0.0,0.0,143.63462839742672,0.6876840227688444,SIGNAL_EXIT,1
SOLUSDT,2021-01-26 20:00:00,2021-01-27 04:00:00,4.025411699999999,3.8469755500000002,6805.529173701508,1.0,-1214.3524244679722,21.93359228223329,20.944563468833127,13.69068303873347,13.096900618328128,26.787583657061596,0.0,0.0,-1257.2305802190388,-4.432742867021506,SIGNAL_EXIT,2
SOLUSDT,2021-01-28 20:00:00,2021-01-29 12:00:00,3.8529254999999996,3.72303755,6784.151929424672,1.0,-881.1795866015128,20.92780781805806,20.2061219025224,13.062884540104358,12.635143760956709,25.698028301061065,0.0,0.0,-922.3135163220934,-3.3711513497989944,SIGNAL_EXIT,4
ETHUSDT,2021-01-29 12:00:00,2021-01-30 12:00:00,1417.5384149999998,1339.339995,17.78946942982528,1.0,-1391.1084020506328,20.189957005000384,19.060918317755878,12.602326986126682,11.919033465329136,24.52136045145582,0.0,0.0,-1430.3592773733892,-5.5164938863402675,SIGNAL_EXIT,6
SOLUSDT,2021-01-30 12:00:00,2021-02-01 12:00:00,3.88924365,4.371213300000001,6116.366946898272,1.0,2947.9032366681336,19.045669583101674,21.3887556367697,11.888076616337923,13.37465960277829,25.262736219116213,0.0,0.0,2907.4688114482624,12.392374800174856,SIGNAL_EXIT,12
BNBUSDT,2021-02-01 12:00:00,2021-02-02 08:00:00,48.8432094,50.087343800000006,546.5075795304534,1.0,679.9288795545768,21.371644632260285,21.898490420198133,13.33992211178854,13.69340321422796,27.033325326016502,0.0,0.0,636.6587445021183,2.547200348386622,SIGNAL_EXIT,5
SOLUSDT,2021-02-02 08:00:00,2021-02-06 00:00:00,4.958678099999999,6.69674995,5511.415141708758,1.0,9579.235511467758,21.880971627861978,29.526855259733892,13.657837862665014,18.463516295480776,32.12135415814579,0.0,0.0,9527.827684580163,35.05111271489877,SIGNAL_EXIT,22
BNBUSDT,2021-02-06 00:00:00,2021-02-08 08:00:00,67.65551085,73.3744944,544.6642634527104,1.0,3114.9259629589196,29.503233775526105,31.971571958872822,18.415561711957203,19.99222858858467,38.407790300541876,0.0,0.0,3053.4511572245206,8.453093440798407,SIGNAL_EXIT,14
SOLUSDT,2021-02-08 08:00:00,2021-02-09 00:00:00,7.561478849999999,7.861167450000001,5276.817957631509,1.0,1581.4021861774536,31.945994701305725,33.18555965448664,19.940303539194655,20.751350459279287,40.69165399847394,0.0,0.0,1516.270631821661,3.9633596277268097,SIGNAL_EXIT,4
BTCUSDT,2021-02-09 00:00:00,2021-02-09 08:00:00,46398.04743,47481.637305000004,0.8926152562719395,1.0,967.2288539668084,33.159011206763054,33.90626708097109,20.69745377173599,21.202017934570275,41.899471706306265,0.0,0.0,900.1635756790743,2.335421283912432,SIGNAL_EXIT,2
BNBUSDT,2021-02-09 08:00:00,2021-02-23 12:00:00,92.53414394999999,204.92458645,457.29118610455987,1.0,51395.15875764134,33.87914206730631,74.96816575976554,21.14695074565551,46.87854287128802,68.02549361694352,0.0,0.0,51286.31144981426,121.45834791612617,SIGNAL_EXIT,85
SOLUSDT,2021-02-23 12:00:00,2021-02-24 08:00:00,14.015604299999998,15.5808057,6675.440376318273,1.0,10448.408622629908,74.90819122715772,83.20699157227992,46.75678702783546,52.03038492512883,98.78717195296429,0.0,0.0,10290.29343983047,11.167562714366895,SIGNAL_EXIT,5
BNBUSDT,2021-02-24 08:00:00,2021-02-24 20:00:00,253.95531419999998,243.87610095,408.9002522940652,1.0,-4121.392840850677,83.1404259790221,79.77679936555833,51.89524839969431,49.885442324636045,101.78069072433036,0.0,0.0,-4284.310066195258,-3.968892433596486,SIGNAL_EXIT,3
SOLUSDT,2021-02-24 20:00:00,2021-02-25 04:00:00,17.4319116,16.341825000000004,5711.451028105046,1.0,-6225.97623229351,79.71297792606588,74.66842655789021,49.75587677642874,46.69111215474632,96.44698893117507,0.0,0.0,-6380.357636777467,-6.25339678753302,SIGNAL_EXIT,2
BNBUSDT,2021-02-25 04:00:00,2021-02-28 04:00:00,251.80654034999998,211.3964489,370.0708327490757,1.0,-14954.596194367798,74.6086918166439,62.585327907696346,46.569843117926204,39.13539764112782,85.70524075905402,0.0,0.0,-15091.790214092138,-16.048070631458476,SIGNAL_EXIT,18
BNBUSDT,2021-02-28 12:00:00,2021-02-28 16:00:00,216.65517344999998,198.17476305,360.51084335215705,1.0,-6662.388338797968,62.53525964537019,57.15532076661551,39.033752772142,35.73994545186131,74.77369822400331,0.0,0.0,-6782.078919209954,-8.529872656959618,SIGNAL_EXIT,1
BNBUSDT,2021-03-01 00:00:00,2021-03-02 08:00:00,210.22275885,246.22872405,339.30620276888624,1.0,12217.047329040668,57.10959651000222,66.83754669602675,35.647119460758404,41.79436386694666,77.44148332770507,0.0,0.0,12093.100185834639,17.127529577181182,SIGNAL_EXIT,8
SOLUSDT,2021-03-02 08:00:00,2021-03-04 08:00:00,14.300046449999998,13.739127000000002,5833.079776232387,1.0,-3271.887899890374,66.78407665866993,64.11313907743069,41.685812966848324,40.09075730203818,81.7765702688865,0.0,0.0,-3402.7851156264746,-3.922500895093223,SIGNAL_EXIT,12
BNBUSDT,2021-03-04 08:00:00,2021-03-12 00:00:00,243.49178505,289.64110700000003,328.60759077647896,1.0,15165.017501957587,64.06184856616876,76.14261308888189,39.9866311140142,47.61293965036577,87.59957076437996,0.0,0.0,15024.813040302537,18.95313303507281,SIGNAL_EXIT,46
BTCUSDT,2021-03-12 00:00:00,2021-03-12 08:00:00,57802.036575,56642.56455,1.6439912445942233,1.0,-1906.161857451927,76.08169899841079,74.4959041532505,47.48927638630913,46.5832317116352,94.07250809794434,0.0,0.0,-2056.739460603588,-2.0059362847804563,SIGNAL_EXIT,2
SOLUSDT,2021-03-12 08:00:00,2021-03-12 20:00:00,16.043717849999997,14.67875695,5794.850598172291,1.0,-7909.744487846767,74.43630742992791,68.04896279370655,46.46224286854473,42.551877684905286,89.01412055345001,0.0,0.0,-8052.229758070402,-8.50775931589944,SIGNAL_EXIT,3
BTCUSDT,2021-03-12 20:00:00,2021-03-22 04:00:00,56970.881205,57535.387915,1.4906766089877967,1.0,841.4969482136597,67.99452362347158,68.61332556314373,42.44135932318801,42.904780867396916,85.34614019058492,0.0,0.0,704.8890990270445,0.9908688404673264,SIGNAL_EXIT,56
SOLUSDT,2021-03-22 04:00:00,2021-03-25 00:00:00,15.177584999999999,13.577607800000001,5641.8386188226805,1.0,-9026.813156195767,68.55843490269322,61.28213762981445,42.7933459237635,38.320496266765055,81.11384219052856,0.0,0.0,-9156.653728728275,-10.541711346040875,SIGNAL_EXIT,17
SOLUSDT,2021-03-26 08:00:00,2021-03-26 12:00:00,14.013403199999999,13.967013000000001,5457.643350169112,1.0,-253.18116654300206,61.2331119197106,60.98158049694044,38.22096790990304,38.13255408762473,76.35352199752776,0.0,0.0,-375.3958589596531,-0.33104164161920074,SIGNAL_EXIT,1
SOLUSDT,2021-03-26 16:00:00,2021-03-30 20:00:00,13.95327315,19.26386325,5454.280184104765,1.0,28965.446348332945,60.93279523254289,84.05640607502322,38.033513865782176,52.561534564163566,90.59504842994573,0.0,0.0,28820.45714702538,38.059816094118396,SIGNAL_EXIT,25
BNBUSDT,2021-03-30 20:00:00,2021-03-31 12:00:00,311.33148795,298.54775145,336.9478067171966,1.0,-4307.451975325563,83.9891609501632,80.47600804114262,52.425018504119215,50.32266635887892,102.74768486299814,0.0,0.0,-4471.917144316868,-4.106149552740726,SIGNAL_EXIT,4
SOLUSDT,2021-03-31 12:00:00,2021-04-01 08:00:00,19.450320299999998,19.9762069,5163.623059521155,1.0,2715.4801744531946,80.41162723470971,82.51968207248449,50.19196522545266,51.60060159609615,101.7925668215488,0.0,0.0,2552.5488651460005,2.7037426216575127,SIGNAL_EXIT,5
BNBUSDT,2021-04-01 08:00:00,2021-04-03 00:00:00,313.44914625,338.12405340000004,328.55291033419525,1.0,8107.012556358551,82.45366632682651,88.8733134388519,51.466581330436064,55.573607703126235,107.0401890335623,0.0,0.0,7935.685576592872,7.872060729851174,SIGNAL_EXIT,10
ETHUSDT,2021-04-03 00:00:00,2021-04-03 12:00:00,2134.756845,2095.3917800000004,51.956252783598835,1.0,-2045.2612679827732,88.80221478810081,87.09496400188412,55.42926850090968,54.46158329280702,109.8908517937167,0.0,0.0,-2221.158446772758,-1.844006969327671,SIGNAL_EXIT,3
SOLUSDT,2021-04-03 12:00:00,2021-04-05 20:00:00,22.46932905,23.53872475,4837.464639395745,1.0,5173.163884271866,87.02528803068262,91.09419890767555,54.32013230899318,56.962355495042125,111.2824878040353,0.0,0.0,4995.044397333508,4.7593575118345655,SIGNAL_EXIT,14
BNBUSDT,2021-04-05 20:00:00,2021-04-07 16:00:00,373.9184658,374.1282423,304.0385632437472,1.0,63.78014566231173,91.02132354854942,90.99953060624044,56.8144093513825,56.90315820800433,113.71756755938682,0.0,0.0,-118.24070849247812,0.056102203872497876,SIGNAL_EXIT,11
SOLUSDT,2021-04-07 16:00:00,2021-04-10 00:00:00,26.620103399999998,27.6055903,4266.23012276551,1.0,4204.313898370808,90.92673098175544,94.2174407156667,56.75536581519048,58.91535812635264,115.67072394154312,0.0,0.0,4019.169726673386,3.7020400904979267,SIGNAL_EXIT,14
BNBUSDT,2021-04-10 00:00:00,2021-04-16 00:00:00,454.21679489999997,541.5641824500001,258.87074786169387,1.0,22611.68353883374,94.14206676309415,112.15609994075068,58.762339523781506,70.13262877733763,128.89496830111915,0.0,0.0,22405.38537212989,19.230329774404414,SIGNAL_EXIT,36
ETHUSDT,2021-04-16 00:00:00,2021-04-18 00:00:00,2515.29702,2316.491175,55.647862394770705,1.0,-11063.120305836106,112.0663750607981,103.12622571608057,69.9504759874753,64.48613413961898,134.4366101270943,0.0,0.0,-11278.312906612984,-7.903871527665543,SIGNAL_EXIT,12
BNBUSDT,2021-04-18 00:00:00,2021-04-18 04:00:00,515.0752089,480.40237865,249.86955297170215,1.0,-8663.684594831213,103.0437247355077,96.03034207985432,64.31864677393085,60.04898829405295,124.3676350679838,0.0,0.0,-8862.758661646574,-6.731605336635724,SIGNAL_EXIT,1
ETHUSDT,2021-04-30 16:00:00,2021-05-04 04:00:00,2737.8382349999997,3230.7838,43.77393163987713,1.0,21578.165464490627,95.95351780619043,113.13928736353796,59.893025357283484,70.74742831636658,130.64045367365006,0.0,0.0,21369.0726593209,18.004919308170905,SIGNAL_EXIT,21
ETHUSDT,2021-05-04 08:00:00,2021-05-04 16:00:00,3315.6569999999997,3226.74582,42.58520140687813,1.0,-3786.3005076231775,113.04877593364716,109.92929650680169,70.5636787311842,68.74018040695594,139.30385913814013,0.0,0.0,-4009.278580063626,-2.6815554202379683,SIGNAL_EXIT,2
ETHUSDT,2021-05-05 16:00:00,2021-05-07 04:00:00,3307.4428949999997,3422.288,41.47973354016918,1.0,4763.744353792765,109.84135306959625,113.56447547017481,68.56164416986618,71.01330382076918,139.57494799063537,0.0,0.0,4540.338525252993,3.472323140442319,SIGNAL_EXIT,9
ETHUSDT,2021-05-07 12:00:00,2021-05-10 20:00:00,3444.6514649999995,3988.18491,41.1445272993268,1.0,22363.426665899664,113.47362388979867,131.2735863234066,70.82886368732021,82.08703496960943,152.91589865692964,0.0,0.0,22118.679455686455,15.779054877472214,SIGNAL_EXIT,20
ETHUSDT,2021-05-11 20:00:00,2021-05-12 16:00:00,4069.0334999999995,4186.84553,40.26251952717531,1.0,4743.409158411165,131.16856745434785,134.85835992711333,81.87383345849283,84.32863927408292,166.20247273257576,0.0,0.0,4477.382231029704,2.895332024177242,SIGNAL_EXIT,5
BTCUSDT,2021-06-14 16:00:00,2021-06-14 20:00:00,40705.712685,39696.20197,4.134636884462286,1.0,-4173.960237498881,134.75047323917164,131.3035046705812,84.10961572998106,82.10574329074116,166.21535902072222,0.0,0.0,-4440.014215408633,-2.4800222091971875,SIGNAL_EXIT,1
BTCUSDT,2021-06-15 00:00:00,2021-06-15 12:00:00,40536.53814,39819.980050000006,4.0424487731474805,1.0,-2896.649371809367,131.1984618668447,128.77618359990373,81.89249318924219,80.5253774386425,162.41787062788467,0.0,0.0,-3156.6240172761154,-1.767684471538327,SIGNAL_EXIT,3
BTCUSDT,2021-07-24 08:00:00,2021-07-31 12:00:00,33823.393245,41571.34393,4.7515274115019315,1.0,36814.600062742684,128.67316265302384,158.02190417309555,80.3162319608393,98.81309665649724,179.12932861733654,0.0,0.0,36527.904995916564,22.90707685322305,SIGNAL_EXIT,43
SOLUSDT,2021-07-31 12:00:00,2021-08-02 16:00:00,34.653318,33.803090000000005,5690.983553884987,1.0,-4838.633565052492,157.89548664975706,153.89826340839525,98.55645318615714,96.234531896171,194.79098508232815,0.0,0.0,-5150.427315110644,-2.453525518104772,SIGNAL_EXIT,13
ETHUSDT,2021-08-02 16:00:00,2021-08-03 16:00:00,2634.7167,2495.37169,72.89783977620365,1.0,-10157.950212593496,153.77514479766853,145.52576451175563,95.9845856333168,90.9991023710289,186.9836880043457,0.0,0.0,-10457.25112190292,-5.2888042953536525,SIGNAL_EXIT,6
SOLUSDT,2021-08-03 16:00:00,2021-08-06 04:00:00,34.93746,35.9070375,5198.324964988371,1.0,5040.178923741011,145.40934390014624,149.32515956401892,90.76275388869597,93.37491218358223,184.1376660722782,0.0,0.0,4745.444420276846,2.7751802792761686,SIGNAL_EXIT,15
ETHUSDT,2021-08-06 04:00:00,2021-08-06 16:00:00,2762.250435,2836.8508650000003,67.4659749292512,1.0,5032.990740091387,149.2056994363677,153.1127274688917,93.13239310146318,95.74332633119874,188.87571943266192,0.0,0.0,4730.672313186128,2.7007120373573374,SIGNAL_EXIT,3
SOLUSDT,2021-08-06 16:00:00,2021-08-07 12:00:00,39.7068435,40.003988,4812.389742623556,1.0,1429.9751438770136,152.9902372869166,154.01182521218868,95.4946558577522,96.30554352938863,191.80019938714082,0.0,0.0,1122.9730813779083,0.7483458109683327,SIGNAL_EXIT,5
ETHUSDT,2021-08-07 12:00:00,2021-08-11 04:00:00,3106.9927199999997,3157.630395,61.86267506744323,1.0,3132.582034695818,153.8886157520189,156.27157048717393,96.05541283070072,97.71859084990255,193.77400368060327,0.0,0.0,2822.4218484566254,1.629797027654458,SIGNAL_EXIT,22
BNBUSDT,2021-08-11 04:00:00,2021-08-15 12:00:00,379.25953499999997,403.168315,514.2310923975832,1.0,12294.638057293509,156.14655323078418,165.85734643403435,97.46479009756463,103.71269787020537,201.17748796777,0.0,0.0,11972.634157628689,6.304068268184751,SIGNAL_EXIT,26
SOLUSDT,2021-08-15 12:00:00,2021-08-23 12:00:00,46.791384,72.7086275,4423.6798175397425,1.0,114649.5869972131,165.72466055688716,257.3117504262121,103.44332885334966,160.90029416345902,264.3436230168087,0.0,0.0,114226.55058622999,55.38892267003687,SIGNAL_EXIT,48
BNBUSDT,2021-08-23 12:00:00,2021-08-27 04:00:00,498.96936,474.06285,643.5771334362356,1.0,-16029.260309700916,257.1059010258712,244.07680805728972,160.4823939936387,152.62431719439397,313.1067111880327,0.0,0.0,-16530.443018784077,-4.991591066834238,SIGNAL_EXIT,22
SOLUSDT,2021-08-27 04:00:00,2021-09-01 20:00:00,81.4407,114.92251000000002,3740.2435356884703,1.0,125230.12341564962,243.8815466108439,343.87054010607494,152.22791190252474,215.02660086668214,367.2545127692069,0.0,0.0,124642.3713289327,41.1118887730582,SIGNAL_EXIT,34
ETHUSDT,2021-09-01 20:00:00,2021-09-02 16:00:00,3714.95655,3754.431845,115.5197115693893,1.0,4560.174692516577,343.5954436739901,346.96870707306414,214.46812051414625,216.96392388259235,431.4320443967386,0.0,0.0,3869.6105417695226,1.0626044872584093,SIGNAL_EXIT,5
SOLUSDT,2021-09-02 16:00:00,2021-09-07 16:00:00,121.93093499999999,168.97547,3551.331940513289,1.0,167070.75977209536,346.6911321074057,480.07038701939604,216.400411795129,300.19408893159147,516.5945007267205,0.0,0.0,166243.99825296857,38.582936315546185,SIGNAL_EXIT,30
SOLUSDT,2021-09-08 00:00:00,2021-09-08 04:00:00,173.576745,172.943485,3451.661840164798,1.0,-2185.799376902686,479.6863307097805,477.5539421436905,299.4144063250236,298.62052410182804,598.0349304268516,0.0,0.0,-3143.0396497561574,-0.3648299776562688,SIGNAL_EXIT,1
SOLUSDT,2021-09-09 16:00:00,2021-09-09 20:00:00,201.35062499999998,184.917495,2959.9495995529173,1.0,-48641.236562900966,477.17189898997566,437.87717222046285,297.84492845495174,273.8101377066086,571.6550661615604,0.0,0.0,-49556.2856341114,-8.161449709927634,SIGNAL_EXIT,1
SOLUSDT,2021-09-10 04:00:00,2021-09-10 08:00:00,194.27709,182.54868,2812.8435588204225,1.0,-32990.18252370502,437.52687048268655,410.7847029673364,273.09898112581897,256.8688737914699,529.9678549172888,0.0,0.0,-33838.494097155046,-6.036949596064053,SIGNAL_EXIT,1
SOLUSDT,2021-09-14 16:00:00,2021-09-20 04:00:00,159.33962999999997,145.02745000000002,3217.401960397412,1.0,-46048.035989560485,410.45607520496253,373.28928155315015,256.2017181063826,233.4225122267626,489.6242303331452,0.0,0.0,-46831.7813463186,-8.982184783534365,SIGNAL_EXIT,33
BTCUSDT,2021-10-01 12:00:00,2021-10-02 16:00:00,47511.814034999996,47808.02403000001,9.805252261396983,1.0,2904.413723322257,372.99065012790766,375.01578858646315,232.81625287840063,234.50211892594905,467.3183718043497,0.0,0.0,2156.4072846078857,0.6234449284167645,SIGNAL_EXIT,7
SOLUSDT,2021-10-02 16:00:00,2021-10-05 16:00:00,170.52522,162.25883000000002,2744.579389304039,1.0,-22687.763617948942,374.715775955594,356.26579244047036,233.8930555564697,222.77750902977036,456.67056458624006,0.0,0.0,-23418.745186345008,-4.847605533070108,SIGNAL_EXIT,18
BTCUSDT,2021-10-05 16:00:00,2021-10-13 12:00:00,49818.466785,55183.1946,8.924802842632102,1.0,47879.13805325956,355.980779806518,393.99930562528044,222.19889754037513,246.37275239199957,468.5716499323747,0.0,0.0,47129.15796782776,10.768552629594954,SIGNAL_EXIT,47
BNBUSDT,2021-10-13 12:00:00,2021-10-15 04:00:00,461.33055,465.46715,1065.854946349845,1.0,4409.015571070755,393.68410618078025,396.89637135269226,245.73285788095018,248.1843242575453,493.9171821384955,0.0,0.0,3618.4350935372822,0.8966672595170614,SIGNAL_EXIT,10
ETHUSDT,2021-10-15 04:00:00,2021-10-17 16:00:00,3822.8404649999998,3786.315895,129.57040543549257,1.0,-4732.503343256975,396.57885425561005,392.4755884976,247.53972462030939,245.41995278737474,492.9596774076841,0.0,0.0,-5521.557786010186,-0.9554301398240428,SIGNAL_EXIT,15
BTCUSDT,2021-10-17 16:00:00,2021-10-19 04:00:00,60794.512064999995,62557.565570000006,8.056810257836808,1.0,14204.587564199226,392.16160802680196,403.21154879173986,244.78253294624827,252.13328463711133,496.9158175833596,0.0,0.0,13409.214407380685,2.9000208162128143,SIGNAL_EXIT,9
BNBUSDT,2021-10-19 04:00:00,2021-10-19 20:00:00,494.74724999999995,483.35820000000007,1017.1018342422932,1.0,-11583.82364527707,402.8889795527065,393.2996094528426,251.4784285163575,245.9352235197409,497.41365203609837,0.0,0.0,-12380.01223428262,-2.3019935936985774,SIGNAL_EXIT,4
BTCUSDT,2021-10-19 20:00:00,2021-10-21 00:00:00,64202.66529,65968.3993,7.645137861796628,1.0,13499.279933713042,392.98496976528037,403.47000573643857,245.29646538568986,252.2949010357124,497.59136642140226,0.0,0.0,12702.824958211322,2.750250323758806,SIGNAL_EXIT,7
ETHUSDT,2021-10-21 00:00:00,2021-10-21 04:00:00,4163.450685,4183.72709,120.94075996845389,1.0,2452.2438301282214,403.1472297318494,404.7865070121665,251.63962515495075,253.11812594550332,504.7577511004541,0.0,0.0,1644.3100933842056,0.487009611355599,SIGNAL_EXIT,1
SOLUSDT,2021-10-21 04:00:00,2021-10-28 20:00:00,184.29209999999998,198.1009,2741.15865292321,1.0,37852.111606486076,404.4626778065568,434.4207969495004,252.46071193419436,271.64882250467053,524.1095344388649,0.0,0.0,37013.228131730015,7.492887649551999,SIGNAL_EXIT,46
ETHUSDT,2021-10-28 20:00:00,2021-10-29 20:00:00,4261.1695199999995,4401.75802,127.23208959065634,1.0,17887.368627416086,434.07326031194077,448.0358966056241,270.94327942503116,280.1625166368107,551.1057960618418,0.0,0.0,17005.259470498524,3.299293758207507,SIGNAL_EXIT,6
BNBUSDT,2021-10-29 20:00:00,2021-11-03 12:00:00,530.6651999999999,552.1238,1053.6759474571468,1.0,22610.41068610398,447.6774678883396,465.40765446291215,279.43486126556803,291.02529668768193,570.46015795325,0.0,0.0,21697.325563752725,4.043717206253595,SIGNAL_EXIT,28
SOLUSDT,2021-11-03 12:00:00,2021-11-05 08:00:00,231.81584999999998,242.628625,2505.562605386292,1.0,27092.084700455805,465.0353283393418,486.33696783703493,290.26942783398863,304.11266122876236,594.382089062751,0.0,0.0,26140.712404279428,4.664381231913183,SIGNAL_EXIT,11
BNBUSDT,2021-11-05 08:00:00,2021-11-09 00:00:00,594.99735,653.2732000000001,1020.0867700170326,1.0,59446.423596497196,485.9478982627653,533.1162788213528,303.322801064501,333.36435644149964,636.6871575060006,0.0,0.0,58427.35941941308,9.794304125892344,SIGNAL_EXIT,22
BTCUSDT,2021-11-09 00:00:00,2021-11-11 16:00:00,67559.58291,64767.190205,9.84804100031812,1.0,-27499.5978478292,532.6897857982957,510.2639556913937,332.4985219699558,319.07450956187773,651.5730315318335,0.0,0.0,-28542.55158931889,-4.1332296392651,SIGNAL_EXIT,16
ETHUSDT,2021-11-11 16:00:00,2021-11-12 16:00:00,4722.17991,4568.784465,134.85505360892188,1.0,-20686.150958839444,509.85574452684057,492.8989391641476,318.245789562248,308.2159449500648,626.4617345123128,0.0,0.0,-21688.905642530433,-3.2484032358690906,SIGNAL_EXIT,6
BNBUSDT,2021-11-12 16:00:00,2021-11-16 04:00:00,613.7067,608.59555,1002.332662159314,1.0,-5123.072586195531,492.50462001281625,488.0121582478495,307.41542748423956,305.1601789943775,612.575606478617,0.0,0.0,-6103.589364456197,-0.8328326870148155,SIGNAL_EXIT,21
SOLUSDT,2021-12-27 16:00:00,2021-12-27 20:00:00,201.670785,200.42973500000002,3019.969223122937,1.0,-3747.932804356639,487.6217485212513,484.23330487894896,304.3675981524509,302.7972141563577,607.1648123088087,0.0,0.0,-4719.787857756839,-0.6153841271555386,SIGNAL_EXIT,1
BTCUSDT,2022-02-05 00:00:00,2022-02-16 04:00:00,41592.48585,43949.284365,14.529632925885151,1.0,34243.417303221264,483.8459182350458,510.85357534303483,302.0107705525129,319.4432061924534,621.4539767449662,0.0,0.0,33248.71780964318,5.666404560428557,SIGNAL_EXIT,67
BNBUSDT,2022-02-16 04:00:00,2022-02-17 16:00:00,431.31555,413.39320000000004,1478.1420950646639,1.0,-26491.779977482085,510.4448924827604,488.84311258678855,318.6135285911153,305.67978525935325,624.2933138504686,0.0,0.0,-27491.067982551634,-4.155275644478837,SIGNAL_EXIT,9
BTCUSDT,2022-02-28 16:00:00,2022-03-04 16:00:00,40845.37248,40673.97284,14.936247573247794,1.0,-2560.0674570054857,488.45203809671915,486.01322250063737,304.88585486395493,303.9102191724477,608.7960740364026,0.0,0.0,-3534.5327176028422,-0.4196304981278408,SIGNAL_EXIT,24
BNBUSDT,2022-03-09 04:00:00,2022-03-09 08:00:00,398.9994,395.90195000000006,1520.1649187727435,1.0,-4708.634827652519,485.62441192263685,481.46900453097675,303.1208848032375,301.068662162891,604.1895469661285,0.0,0.0,-5675.7282441061325,-0.7763044255204203,SIGNAL_EXIT,1
BTCUSDT,2022-03-09 08:00:00,2022-03-10 08:00:00,41811.99555,39219.28055,14.370844895726643,1.0,-37259.50512382385,481.083829327352,450.891358164831,300.28670806091657,281.94807288943997,582.2347809503565,0.0,0.0,-38191.48031131604,-6.200887965032792,SIGNAL_EXIT,6
BTCUSDT,2022-03-16 12:00:00,2022-03-17 16:00:00,40541.860799999995,40778.16072,13.87979645233244,1.0,3279.794791302508,450.53064507829913,452.7940563952785,281.2157799613669,283.13785417410577,564.3536341354727,0.0,0.0,2376.4700898289307,0.5828541545384739,SIGNAL_EXIT,7
ETHUSDT,2022-03-17 16:00:00,2022-03-24 08:00:00,2802.76068,3035.951265,201.61812196414598,1.0,47015.447807420605,452.4318211501623,489.6822339391787,282.40247107268726,306.20449846114695,588.6069695338342,0.0,0.0,46073.333752331266,8.3200319836084,SIGNAL_EXIT,40
SOLUSDT,2022-03-24 08:00:00,2022-03-25 20:00:00,97.15855499999999,98.43076,6289.964066487836,1.0,8002.123735206244,489.29048815202736,495.30075474967066,305.40920524827436,309.7178306338454,615.1270358821198,0.0,0.0,7017.532492304546,1.3094111990447097,SIGNAL_EXIT,9
BTCUSDT,2022-03-25 20:00:00,2022-03-26 20:00:00,44467.16247,44345.306255,13.900948561429372,1.0,-1693.9169766054754,494.9045141458709,493.1534569532698,308.9134123779159,308.3750981447939,617.2885105227099,0.0,0.0,-2681.974947704616,-0.2740364085120356,SIGNAL_EXIT,6
SOLUSDT,2022-03-26 20:00:00,2022-03-28 04:00:00,102.741345,106.78658000000001,5990.3431164975145,1.0,24232.34563686494,492.7589341877072,511.75060354984896,307.57416731655144,320.0041292832282,627.5782965997796,0.0,0.0,23227.836099127384,3.937300022692928,SIGNAL_EXIT,8
BTCUSDT,2022-03-28 04:00:00,2022-03-29 20:00:00,47072.924699999996,47677.639255,13.56756918549177,1.0,8204.506562436449,511.3412030670091,517.4957353545046,319.17299481786335,323.5966329129689,642.7696277308323,0.0,0.0,7175.669624014936,1.28463348911058,SIGNAL_EXIT,10
SOLUSDT,2022-03-29 20:00:00,2022-04-07 00:00:00,113.97695999999999,112.88353000000001,5666.36530504946,1.0,-6195.773815500139,517.0817387662211,511.711454322808,322.75616777555757,319.9796487760878,642.7358165516454,0.0,0.0,-7224.567008589168,-0.9593430110787161,SIGNAL_EXIT,49
SOLUSDT,2022-04-07 12:00:00,2022-04-07 16:00:00,117.51872999999999,113.17338500000001,5434.166148358036,1.0,-23613.32670193674,511.3020851593498,492.0023821296729,319.1485778930515,307.65531648925565,626.8038943823071,0.0,0.0,-24616.631169225766,-3.6975765480106713,SIGNAL_EXIT,1
SOLUSDT,2022-04-08 04:00:00,2022-04-08 12:00:00,122.16104999999999,115.22236000000001,5026.310485213884,1.0,-34876.010300648624,491.60878022396923,463.3146849592711,306.85625512227995,289.7165363676888,596.5727914899687,0.0,0.0,-35830.93376583187,-5.679952816384584,SIGNAL_EXIT,2
SOLUSDT,2022-04-08 16:00:00,2022-04-08 20:00:00,116.53824,113.50322000000001,4961.608288240137,1.0,-15058.580386974525,462.9440332113037,450.52681367515504,288.9640667070949,281.72011860622126,570.6841853133162,0.0,0.0,-15972.051233860984,-2.6043125415314226,SIGNAL_EXIT,1
BNBUSDT,2022-04-21 12:00:00,2022-04-21 20:00:00,424.6122,411.5941,1324.1678498357899,1.0,-17238.149485947226,450.1663922242149,436.01573952167774,280.98841773514897,272.64616028117,553.634578016319,0.0,0.0,-18124.33161769312,-3.0658798781570447,SIGNAL_EXIT,2
ETHUSDT,2022-07-18 08:00:00,2022-07-18 20:00:00,1467.87357,1471.56385,370.70494547813496,1.0,1368.005046199063,435.66692693006036,436.41279742547556,271.93802685434815,272.8944456137114,544.8324724680596,0.0,0.0,495.92532184352706,0.2514031232267524,SIGNAL_EXIT,3
ETHUSDT,2022-07-19 00:00:00,2022-07-19 08:00:00,1581.820515,1509.834705,344.31436130238285,1.0,-24785.74819298465,436.06366718753515,415.8862176993973,272.18566732492354,260.0589155198601,532.2445828447836,0.0,0.0,-25637.698077871584,-4.550820356505485,SIGNAL_EXIT,2
SOLUSDT,2022-07-19 12:00:00,2022-07-20 12:00:00,45.56276999999999,45.307335,11391.456937271858,1.0,-2909.7768027719394,415.5535087252378,412.8932444760401,259.38347446161396,258.18737148322543,517.5708459448394,0.0,0.0,-3738.223555973217,-0.56062219219769,SIGNAL_EXIT,6
ETHUSDT,2022-07-20 12:00:00,2022-07-25 04:00:00,1603.70145,1510.754245,321.3136082284477,1.0,-29865.201813299198,412.5629298804592,388.3407180859155,257.51679131466744,242.83436598666103,500.3511573013285,0.0,0.0,-30666.10546126557,-5.795792290391702,SIGNAL_EXIT,28
BNBUSDT,2022-07-27 20:00:00,2022-08-04 20:00:00,268.53419999999994,310.4447,1804.7962860737928,1.0,75639.91474749582,388.0300455114467,448.2315532730343,242.20366159103864,280.28486322728,522.4885248183186,0.0,0.0,74803.65314871134,15.607136819071865,SIGNAL_EXIT,48
BNBUSDT,2022-08-05 00:00:00,2022-08-11 00:00:00,312.05594999999994,328.6356,1792.605899903493,1.0,29720.778408335078,447.8729680304158,471.2912923826595,279.55689008988094,294.70440994413525,574.2613000340161,0.0,0.0,28801.614147922002,5.313037613927911,SIGNAL_EXIT,36
ETHUSDT,2022-08-11 00:00:00,2022-08-19 00:00:00,1854.50679,1845.4668050000002,317.1581323391072,1.0,-2867.1047589734367,470.9142593487534,468.24384413409564,293.9389854705557,292.7988019847547,586.7377874553104,0.0,0.0,-3806.262862456286,-0.4874603343997279,SIGNAL_EXIT,48
ETHUSDT,2022-09-09 16:00:00,2022-09-12 12:00:00,1720.1996699999997,1748.04554,339.7098036150807,1.0,9459.51502919118,467.8692490587883,475.0625656828942,292.0383268737165,297.0626348692432,589.1009617429597,0.0,0.0,8516.583214449496,1.6187580131322974,SIGNAL_EXIT,17
SOLUSDT,2022-09-12 12:00:00,2022-09-13 16:00:00,37.71885,34.72263,15718.359971799362,1.0,-47095.6645147047,474.68251563034784,436.6262380060798,296.2910854684255,273.0279127101496,569.3189981785752,0.0,0.0,-48006.97326834113,-7.94356137581077,SIGNAL_EXIT,7
SOLUSDT,2022-09-27 08:00:00,2022-09-27 16:00:00,34.53726,34.36281,15777.450044751027,1.0,-2752.37616030682,436.27693701567495,433.72601453781687,272.31878777240706,271.21436626926027,543.5331540416673,0.0,0.0,-3622.3791118603117,-0.5051066587216246,SIGNAL_EXIT,2
BNBUSDT,2022-10-04 08:00:00,2022-10-07 16:00:00,291.04544999999996,282.55865,1859.8140363438326,1.0,-15783.869763642764,433.3790337261866,420.40523468829144,270.509951586178,262.88471403717944,533.3946656233575,0.0,0.0,-16637.654032057242,-2.9159706843037614,SIGNAL_EXIT,20
BTCUSDT,2022-10-14 04:00:00,2022-10-14 08:00:00,19826.758424999996,19632.378900000003,26.46252392693767,1.0,-5143.772831219094,420.06891050054077,415.6178371071651,262.20193364070934,259.8910937387784,522.0930273794877,0.0,0.0,-5979.4595788268,-0.9803898389910051,SIGNAL_EXIT,1
ETHUSDT,2022-10-24 00:00:00,2022-10-24 04:00:00,1364.872095,1347.395965,380.02930465364363,1.0,-6641.441531936685,415.2853428374794,409.6399613376601,259.21608855768534,256.15305236222,515.3691409199054,0.0,0.0,-7466.366836111824,-1.2804225439161032,SIGNAL_EXIT,1
ETHUSDT,2022-10-25 16:00:00,2022-10-28 16:00:00,1408.994145,1537.101065,362.8340126717623,1.0,46481.547834620505,409.31224936858996,446.1700378367915,255.48775585273117,278.9957715336993,534.4835273864305,0.0,0.0,45626.06554741513,9.092083203795015,SIGNAL_EXIT,18
BNBUSDT,2022-10-28 16:00:00,2022-11-05 16:00:00,296.9484,350.92445000000004,1875.1424966638851,1.0,101212.78515705478,445.81310180652207,526.4266794507207,278.27114650488494,329.18126528932066,607.4524117942055,0.0,0.0,100240.54537579753,18.17691221774559,SIGNAL_EXIT,48
SOLUSDT,2022-11-05 16:00:00,2022-11-06 20:00:00,37.25862,34.162910000000004,17632.991160054855,1.0,-54586.62706409336,526.0055381071601,481.91543202539975,328.3262954001954,301.34781892526786,629.6741143254633,0.0,0.0,-55594.54803422592,-8.308708159346741,SIGNAL_EXIT,7
BNBUSDT,2022-11-06 20:00:00,2022-11-08 04:00:00,353.07644999999997,334.6326,1703.4011888927864,1.0,-31417.27601776012,481.52989967977936,456.0108549458275,300.5651397801125,285.1493590206294,585.7144988007419,0.0,0.0,-32354.816772385726,-5.223755365162401,SIGNAL_EXIT,8
BTCUSDT,2022-12-13 12:00:00,2022-12-16 12:00:00,17453.042159999997,17018.576455000002,32.60760539989875,1.0,-14166.886268428658,455.6460462618707,443.94802041011826,284.4087515147003,277.60631591421503,562.0150674289154,0.0,0.0,-15066.480335100647,-2.4893408324866795,SIGNAL_EXIT,18
ETHUSDT,2023-01-06 20:00:00,2023-01-07 04:00:00,1273.7565599999998,1265.896735,434.97125120222654,1.0,-3418.7979144804417,443.59286199379017,440.5029493726108,276.8852996652535,275.4520693925508,552.3373690578044,0.0,0.0,-4302.893725846842,-0.6170586473760554,SIGNAL_EXIT,2
BNBUSDT,2023-01-07 04:00:00,2023-01-09 20:00:00,262.3311,276.56165,2095.6266078226245,1.0,29821.919223950237,440.15054701311266,463.6559619546623,274.7366482855535,289.92994119226563,564.6665894778191,0.0,0.0,28918.112714982464,5.424652281029582,SIGNAL_EXIT,16
ETHUSDT,2023-01-09 20:00:00,2023-01-10 20:00:00,1330.7750549999998,1338.8102600000002,434.81654489247114,1.0,3493.840075602865,463.28503718509864,465.70948121583285,289.17691726343566,291.2140327762052,580.3909500396409,0.0,0.0,2564.8455572019334,0.6037988892119984,SIGNAL_EXIT,6
BTCUSDT,2023-01-10 20:00:00,2023-01-14 20:00:00,17441.566424999997,20773.28816,33.323027930098576,1.0,111023.05643072158,465.33691363086024,553.7830892445329,290.4576737255664,346.28757456512324,636.7452482906897,0.0,0.0,110003.93642784619,19.102193311172183,SIGNAL_EXIT,24
SOLUSDT,2023-01-14 20:00:00,2023-01-29 12:00:00,23.061525,24.347820000000002,29968.605215988464,1.0,38548.46704629996,553.3400627731372,583.7361643599587,345.388175114234,365.01761153065536,710.4057866448893,0.0,0.0,37411.39081916686,5.577666698104322,SIGNAL_EXIT,88
BNBUSDT,2023-01-29 12:00:00,2023-01-30 12:00:00,317.05844999999994,306.64660000000003,2297.6936905802704,1.0,-23923.242052267964,583.2691754284707,563.6639664463137,364.0695652723504,352.46621213495933,716.5357774073098,0.0,0.0,-25070.17519414275,-3.2838897685899564,SIGNAL_EXIT,6
BTCUSDT,2023-01-30 12:00:00,2023-01-31 04:00:00,23089.008735,22824.04227,30.467010911119242,1.0,-8072.7361802356245,563.2130352731565,556.3042759007495,351.55076514546073,347.864104490134,699.4148696355948,0.0,0.0,-9192.25349140953,-1.1475870100839032,SIGNAL_EXIT,4
BNBUSDT,2023-01-31 04:00:00,2023-02-01 08:00:00,311.9559,307.64610000000005,2225.533100568241,1.0,-9591.60255682887,555.8592324800289,547.7412630485818,346.96061037853127,342.5095441773736,689.4701545559049,0.0,0.0,-10695.20305235748,-1.381541429413561,SIGNAL_EXIT,7
BTCUSDT,2023-02-01 08:00:00,2023-02-02 04:00:00,23088.208334999996,23836.6757,29.607387656901125,1.0,22160.16342409443,547.3030700381429,564.593358321388,341.61995726011503,353.0473726371495,694.6673298972646,0.0,0.0,21048.2669957349,3.241773264257078,SIGNAL_EXIT,5
BNBUSDT,2023-02-02 04:00:00,2023-02-10 16:00:00,327.7638,305.94695,2149.758340792299,1.0,-46900.95525731444,564.141683634731,526.1696060819716,352.13041622173694,329.0205140582774,681.1509302800143,0.0,0.0,-47991.26654703115,-6.656271986107065,SIGNAL_EXIT,51
BNBUSDT,2023-02-10 20:00:00,2023-02-11 00:00:00,308.7543,305.74705,2126.804677136433,1.0,-6395.833365318536,525.7486703971059,520.2114047685335,328.1659616821046,325.29477536796577,653.4607370500703,0.0,0.0,-7441.793440484176,-0.9739945322218991,SIGNAL_EXIT,1
BNBUSDT,2023-02-11 16:00:00,2023-02-11 20:00:00,309.25455,308.44570000000004,2099.319959302955,1.0,-1698.03494908209,519.7952356447187,518.0209714969372,324.4498997102129,323.92506972039956,648.3749694306125,0.0,0.0,-2735.851156223746,-0.26154829411562414,SIGNAL_EXIT,1
BNBUSDT,2023-02-12 00:00:00,2023-02-13 12:00:00,310.65524999999997,292.35375,2081.054760365244,1.0,-38086.423696824466,517.6065547197397,486.7233305185043,323.083751546635,304.35425870343585,627.4380102500709,0.0,0.0,-39090.753582062716,-5.8912572699157595,SIGNAL_EXIT,9
SOLUSDT,2023-02-14 16:00:00,2023-02-15 12:00:00,21.900945,22.098945,27735.38337572912,1.0,5491.605908394377,486.3339518540896,490.3381694193218,303.5637710473424,306.61466321865566,610.178434265998,0.0,0.0,4514.9337871209655,0.9040705777764403,SIGNAL_EXIT,5
ETHUSDT,2023-02-15 12:00:00,2023-02-15 16:00:00,1573.04613,1578.71025,389.017471284106,1.0,2203.441639449785,489.94589888378624,491.3166954762391,305.8183047005577,307.22654794658877,613.0448526471464,0.0,0.0,1222.1790450897595,0.3600733565264319,SIGNAL_EXIT,1
BTCUSDT,2023-02-15 16:00:00,2023-02-20 04:00:00,22820.864729999998,24405.651070000004,26.868553679372468,1.0,42580.91684662639,490.92364211985813,524.5956366834635,306.4286002037061,328.03629107262174,634.4648912763278,0.0,0.0,41565.39756782306,6.944462266220208,SIGNAL_EXIT,27
SOLUSDT,2023-02-20 04:00:00,2023-02-22 08:00:00,26.17308,23.80809,25014.08983037043,1.0,-59158.07230792774,524.1759601741167,476.43016155963517,327.1842949812114,297.9178098797196,625.1021048609309,0.0,0.0,-60158.678429661486,-9.035963669541372,SIGNAL_EXIT,13
BTCUSDT,2023-02-22 08:00:00,2023-03-02 00:00:00,24071.759865,23617.94512,24.700529836834757,1.0,-11209.46464926805,476.04901743038744,466.7006064970287,297.1440393656047,291.8337959585749,588.9778353241796,0.0,0.0,-12152.214273195465,-1.8852578604352064,SIGNAL_EXIT,46
ETHUSDT,2023-03-02 00:00:00,2023-03-03 04:00:00,1666.0626149999998,1564.6472850000002,349.5923412631026,1.0,-35454.02265467002,466.32724601183105,437.5909660912857,291.07582722071004,273.63116939168833,564.7069966123984,0.0,0.0,-36357.94086677314,-6.087125963149926,SIGNAL_EXIT,7
BNBUSDT,2023-03-13 08:00:00,2023-03-13 12:00:00,304.9524,296.65160000000003,1790.8167824050481,1.0,-14865.21194738779,437.2408933184126,424.9989310458476,272.9204776385295,265.7572105088751,538.6776881474046,0.0,0.0,-15727.45177175205,-2.721998580762106,SIGNAL_EXIT,1
ETHUSDT,2023-03-13 16:00:00,2023-03-15 12:00:00,1665.5223449999999,1679.0700450000002,318.45805463772547,1.0,4314.37418681561,424.6589319010109,427.7707041049426,265.0669694873754,267.4904352832046,532.55740477058,0.0,0.0,3461.944550809657,0.8134204888136943,SIGNAL_EXIT,11
BTCUSDT,2023-03-15 12:00:00,2023-03-16 08:00:00,24765.646634999997,24603.482105000003,21.556399831089315,1.0,-3495.683447100561,427.4284875416586,424.2899979939449,266.7956926233872,265.313905699024,532.1095983224112,0.0,0.0,-4347.401932636165,-0.6547962683551168,SIGNAL_EXIT,5
BNBUSDT,2023-03-16 08:00:00,2023-03-18 16:00:00,321.3606,332.33375,1647.7261273735537,1.0,18080.745954589165,423.9505659955497,438.07600230642464,264.6248160561731,273.93446867583833,538.5592847320114,0.0,0.0,17218.71938628719,3.4145909610574643,SIGNAL_EXIT,14
BTCUSDT,2023-03-18 16:00:00,2023-04-03 20:00:00,27241.243814999998,28067.039460000004,20.06953885997587,1.0,16573.337787726454,437.7255415045795,450.634031301557,273.2229891749617,281.7871631450084,555.0101523199701,0.0,0.0,15684.978214920317,3.0314168127128363,SIGNAL_EXIT,97
ETHUSDT,2023-04-03 20:00:00,2023-04-10 20:00:00,1819.78944,1887.79563,309.0421447722919,1.0,21016.77881539201,450.27352407651574,466.72672830956805,281.05528814168355,291.85013025858933,572.9054184002729,0.0,0.0,20099.778563005926,3.7370361924948887,SIGNAL_EXIT,42
BTCUSDT,2023-04-10 20:00:00,2023-04-11 16:00:00,29187.636524999998,30179.132885000003,19.95623488776893,1.0,19786.534250527995,466.3533469269205,481.8094916498013,291.09211909628976,301.2815730675967,592.3736921638865,0.0,0.0,18838.371411951273,3.396973780836147,SIGNAL_EXIT,5
SOLUSDT,2023-04-11 16:00:00,2023-04-14 04:00:00,23.33166,25.077455,25771.78953518718,1.0,44992.26131158213,481.4240440564814,517.032713870502,300.49906598025973,323.3070997189067,623.8061656991665,0.0,0.0,43993.80455365514,7.482515174659674,SIGNAL_EXIT,15
ETHUSDT,2023-04-14 04:00:00,2023-04-16 16:00:00,2110.0544999999997,2092.7531000000004,305.8012200805987,1.0,-5290.789229102279,516.6190876994056,511.97316104596416,322.4673865749101,320.1432973023247,642.6106838772348,0.0,0.0,-6319.381477847648,-0.819950385167747,SIGNAL_EXIT,15
BNBUSDT,2023-04-16 16:00:00,2023-04-20 20:00:00,346.07294999999993,316.74155,1846.2665590127524,1.0,-54153.582949026495,511.56358251712743,467.8314652918926,319.31180138117713,292.54093627549554,611.8527376566726,0.0,0.0,-55132.977996835514,-8.475496279035944,SIGNAL_EXIT,25
ETHUSDT,2023-04-21 00:00:00,2023-04-21 08:00:00,1943.95149,1927.4757800000002,300.34393654002866,1.0,-4948.379598691828,467.45720011965903,463.1245306806099,291.7811309092434,289.5976304905787,581.3787613998221,0.0,0.0,-5878.961329492096,-0.8475370956916065,SIGNAL_EXIT,2
BNBUSDT,2023-04-26 00:00:00,2023-04-26 20:00:00,338.56919999999997,328.0359,1707.1245251754315,1.0,-17981.65476103027,462.7540310560654,447.9985040223963,288.84546965966484,280.13913458122374,568.9846042408885,0.0,0.0,-18892.40729610873,-3.1111217440924754,SIGNAL_EXIT,5
BNBUSDT,2023-04-27 00:00:00,2023-04-28 04:00:00,330.7653,326.8365,1690.3299451869764,1.0,-6640.968288650633,447.6401052191785,441.9692185040826,279.4115399394106,276.3689460380691,555.7804859774797,0.0,0.0,-7530.577612373894,-1.1877908595611522,SIGNAL_EXIT,7
BTCUSDT,2023-04-28 04:00:00,2023-04-29 16:00:00,29435.23026,29256.574395,18.738699626142143,1.0,-3347.778590683613,441.6156431292794,438.58412774222904,275.6511435624506,274.25220594185447,549.9033495043051,0.0,0.0,-4227.978361555121,-0.6069457022144614,SIGNAL_EXIT,9
SOLUSDT,2023-04-29 16:00:00,2023-04-30 20:00:00,23.35167,23.16841,23439.580222296907,1.0,-4295.537471538063,438.2332604400353,434.4462438544528,273.5399011941753,271.66473477637925,545.2046359705546,0.0,0.0,-5168.216975832551,-0.7847832724597303,SIGNAL_EXIT,7
BNBUSDT,2023-04-30 20:00:00,2023-05-01 16:00:00,336.06794999999994,330.33475000000004,1613.3322439326696,1.0,-9249.556420914616,434.0986868593692,426.35176277315,270.9591503684307,266.6031533098054,537.562303678236,0.0,0.0,-10110.006870547137,-1.7059645229483795,SIGNAL_EXIT,5
BTCUSDT,2023-05-02 16:00:00,2023-05-03 16:00:00,28554.960344999996,28297.364240000003,18.63379723150169,1.0,-4799.993588194493,426.01068136293156,421.8298779472856,265.9107151535214,263.7755614977618,529.6862766512832,0.0,0.0,-5647.83414750471,-0.9021063306960558,SIGNAL_EXIT,6
BTCUSDT,2023-05-04 00:00:00,2023-05-08 00:00:00,29040.673079999997,28415.874955000003,18.1278176195121,1.0,-11326.226459013013,421.4924140449277,412.09423894648137,263.0904673373341,257.68774321310644,520.7782105504405,0.0,0.0,-12159.813112004422,-2.151458829066485,SIGNAL_EXIT,24
ETHUSDT,2023-05-28 20:00:00,2023-05-31 08:00:00,1849.6943849999998,1868.36535,278.04265615511395,1.0,5191.324701579237,411.7645635553242,415.5882116657433,257.01846070988995,259.8725685753549,516.8910292852448,0.0,0.0,4363.971926358169,1.0094081028418245,SIGNAL_EXIT,15
ETHUSDT,2023-06-07 00:00:00,2023-06-07 04:00:00,1885.592325,1876.531265,275.0618008743841,1.0,-2492.3514814308464,415.25574109641076,412.929655318389,259.1976115089492,258.21013964380165,517.4077511527508,0.0,0.0,-3320.5368778456464,-0.48054183716514637,SIGNAL_EXIT,1
BTCUSDT,2023-06-20 00:00:00,2023-06-29 12:00:00,26857.772175,30655.614525,19.187613061248765,1.0,72871.52947942376,412.59931159413424,470.5664557283979,257.53950034036086,294.25116041045123,551.7906607508121,0.0,0.0,71988.36371210121,14.1405710244841,SIGNAL_EXIT,57
SOLUSDT,2023-06-29 12:00:00,2023-07-18 20:00:00,18.069029999999998,25.287350000000004,32501.31928510857,1.0,234604.92302208507,470.1900025638152,657.4977889794322,293.48691314450457,411.1416889565312,704.6286021010358,0.0,0.0,233477.23523054182,39.94857499268088,SIGNAL_EXIT,116
SOLUSDT,2023-07-19 00:00:00,2023-07-24 04:00:00,25.55277,24.327830000000002,32112.28241183099,1.0,-39335.61921754814,656.9717907482487,624.9777179416116,410.073846399073,390.80647695190515,800.8803233509782,0.0,0.0,-40617.568726238,-4.79376599875472,SIGNAL_EXIT,31
SOLUSDT,2023-07-24 08:00:00,2023-07-24 12:00:00,24.582285,23.608190000000004,31729.055780343675,1.0,-30907.114590353707,624.4777357672583,599.2524619063615,389.791450261476,374.72014876576327,764.5115990272393,0.0,0.0,-32130.844788027327,-3.962589319910639,SIGNAL_EXIT,1
BNBUSDT,2023-08-02 00:00:00,2023-08-02 16:00:00,247.9239,243.17835000000002,3016.520601124412,1.0,-14315.049338665895,598.7730599368364,586.8420020179542,373.74690247929027,366.9597311267494,740.7066336060396,0.0,0.0,-15500.664400620686,-1.9141155814344564,SIGNAL_EXIT,4
BNBUSDT,2023-08-08 20:00:00,2023-08-09 12:00:00,246.5232,243.97795000000002,2970.8331223674218,1.0,-7561.5130047056255,586.3725284163398,579.8542199898422,366.0066406756577,362.590182584864,728.5968232605217,0.0,0.0,-8727.739753111808,-1.032458608358151,SIGNAL_EXIT,4
BTCUSDT,2023-08-09 12:00:00,2023-08-09 20:00:00,29903.26416,29401.501895,24.199984542112244,1.0,-12142.63905681517,579.3903366138503,569.2127130991071,361.64844099483037,355.93591364371264,717.584354638543,0.0,0.0,-13291.242106528127,-1.677951484878959,SIGNAL_EXIT,2
SOLUSDT,2023-08-10 16:00:00,2023-08-10 20:00:00,24.572279999999996,24.5877,28909.727600281953,1.0,445.7879995965207,568.7573429286278,568.6589674539621,355.0114549313745,355.58964948346096,710.6011044148354,0.0,0.0,-691.6283107860693,0.06275363946693586,SIGNAL_EXIT,1
BTCUSDT,2023-08-14 16:00:00,2023-08-14 20:00:00,29614.8,29345.859730000004,23.96392500741922,1.0,-6444.86446175497,568.2040402799989,562.593585478371,354.66609010978704,351.79688936859685,706.4629794783839,0.0,0.0,-7575.662087513339,-0.9081279292785889,SIGNAL_EXIT,1
BTCUSDT,2023-09-18 12:00:00,2023-09-21 16:00:00,27210.57849,26570.717995,25.80309878416978,1.0,-16510.383560572795,562.1435106099883,548.485488953042,350.88318078555295,342.9749180546615,693.8580988402144,0.0,0.0,-17621.012560135827,-2.3515137512976882,SIGNAL_EXIT,19
BTCUSDT,2023-09-27 12:00:00,2023-09-27 16:00:00,26780.073344999997,26291.267789999998,25.560435185648583,1.0,-12494.082706962457,548.0467005618797,537.6129970358602,342.0841224396324,336.17621125304413,678.2603336926766,0.0,0.0,-13579.742404560197,-1.825258462524943,SIGNAL_EXIT,1
ETHUSDT,2023-09-28 16:00:00,2023-09-30 16:00:00,1653.3962849999998,1682.4783400000001,405.79591019895827,1.0,11801.37897918129,537.1829066382315,546.194263496266,335.3030736586938,341.54218577798207,676.8452594366759,0.0,0.0,10718.001809046793,1.7589282898382896,SIGNAL_EXIT,12
SOLUSDT,2023-09-30 16:00:00,2023-10-10 04:00:00,21.45072,22.138925,31777.52904325592,1.0,21869.45437521394,545.7573080854689,562.8162657391717,340.6551113436772,351.93613415400114,692.5912454976783,0.0,0.0,20760.8808013893,3.2083072269835227,SIGNAL_EXIT,57
BTCUSDT,2023-10-10 04:00:00,2023-10-11 04:00:00,27646.13616,27002.531980000003,25.406629911335102,1.0,-16351.81321064817,562.3660127265804,548.8346693478807,351.0220639157532,343.19326497484894,694.2153288906022,0.0,0.0,-17463.013892722633,-2.328007705218489,SIGNAL_EXIT,6
SOLUSDT,2023-10-11 12:00:00,2023-10-11 16:00:00,22.15107,21.979005,30921.581052919362,1.0,-5320.521843870567,548.3956016124023,543.700467656016,342.3019022558215,339.98278367677557,682.2846859325971,0.0,0.0,-6412.617913138985,-0.7767796318642842,SIGNAL_EXIT,1
SOLUSDT,2023-10-16 00:00:00,2023-10-16 08:00:00,21.940965,22.808590000000002,30925.65065370106,1.0,26831.8676484175,543.2655072818912,564.2963889947997,339.0997594177944,352.8616739586648,691.9614333764592,0.0,0.0,25724.30575214081,3.954361168708869,SIGNAL_EXIT,2
BTCUSDT,2023-10-16 08:00:00,2023-10-19 20:00:00,27862.974524999998,28736.374625,25.27520327274251,1.0,22075.3650659337,563.8449518836038,581.0541679748438,351.945199851348,363.3405252468913,715.2857250982393,0.0,0.0,20930.465946075255,3.134626201579254,SIGNAL_EXIT,21
SOLUSDT,2023-10-19 20:00:00,2023-10-23 16:00:00,25.162574999999997,28.965510000000002,28818.833782947077,1.0,109596.15165235198,580.5893246404639,667.8017745026332,362.3968348205084,417.58490151486166,779.98173633537,0.0,0.0,108347.7605532089,15.113457187907061,SIGNAL_EXIT,23
BTCUSDT,2023-10-23 16:00:00,2023-10-26 08:00:00,30898.771665,34630.026325,26.97250097371163,1.0,100641.26995001602,667.267533083031,747.2467350165774,416.5003242481874,467.2628408057541,883.7631650539415,0.0,0.0,99226.75568191642,12.075737833379659,SIGNAL_EXIT,16
ETHUSDT,2023-10-26 08:00:00,2023-10-26 16:00:00,1850.274675,1777.340885,504.014098932677,1.0,-36759.65844859499,746.6489376285642,716.6438917195854,466.04923693056264,448.1264955725004,914.175732503063,0.0,0.0,-38222.95127794314,-3.941781778967483,SIGNAL_EXIT,2
BTCUSDT,2023-10-26 16:00:00,2023-10-30 12:00:00,34061.46222,34591.20574500001,26.25759705806182,1.0,13909.792023567437,716.0705766062097,726.6255537637786,446.9625937936528,454.36815517983246,901.3307489734852,0.0,0.0,12467.09589319745,1.5552577325613277,SIGNAL_EXIT,23
SOLUSDT,2023-10-30 12:00:00,2023-11-05 08:00:00,34.967475,41.53922000000001,25933.507420757112,1.0,170428.39772482362,726.0442533207677,861.8061360979701,453.1880421776648,538.8982842032009,992.0863263808657,0.0,0.0,168840.5473354049,18.7938791691422,SIGNAL_EXIT,35
BNBUSDT,2023-11-05 08:00:00,2023-11-07 20:00:00,244.5222,247.67610000000002,4398.515747425695,1.0,13872.478815805993,861.1166911890915,871.5257808887851,537.4986243353861,544.976101106008,1082.4747254413942,0.0,0.0,12139.836343728115,1.2898215376763424,SIGNAL_EXIT,15
SOLUSDT,2023-11-07 20:00:00,2023-11-09 16:00:00,43.88193,46.3768,24786.167604064554,1.0,61838.26597035268,870.8285602640741,919.6025101921449,543.5606555570753,575.0390884141902,1118.5997439712655,0.0,0.0,60047.83489989646,5.685415386242141,SIGNAL_EXIT,11
ETHUSDT,2023-11-09 16:00:00,2023-11-10 20:00:00,2036.0275049999998,2086.946005,563.678371526619,1.0,28701.657160578146,918.8668281839912,941.0930604499065,573.5455614200803,588.47740148193,1162.0229629020102,0.0,0.0,26841.697271944246,2.500874859251963,SIGNAL_EXIT,7
SOLUSDT,2023-11-10 20:00:00,2023-11-20 20:00:00,54.137055,57.511230000000005,21694.657980858614,1.0,73201.5725925638,940.3401860015465,998.1491719267965,586.9489716720683,624.1553101091811,1211.1042817812495,0.0,0.0,71263.08323463546,6.232653401630377,SIGNAL_EXIT,60
BNBUSDT,2023-11-20 20:00:00,2023-11-21 20:00:00,257.52869999999996,239.97995,4837.095691019989,1.0,-84884.98300778682,997.3506525892549,928.6447856609541,622.5342154341794,580.693337706911,1203.2275531410905,0.0,0.0,-86810.97844603704,-6.814289048172091,SIGNAL_EXIT,6
BTCUSDT,2023-11-21 20:00:00,2023-11-22 00:00:00,36998.479994999994,35723.779175,31.324244552136207,1.0,-39929.04021648827,927.9018698324253,895.2163161633686,579.1851251476588,559.7900926483716,1138.9752177960304,0.0,0.0,-41752.158402484056,-3.445278887598234,SIGNAL_EXIT,1
SOLUSDT,2023-11-22 00:00:00,2023-11-22 20:00:00,51.675824999999996,57.301335,21619.98727151307,1.0,121623.45459576961,894.5001431104379,991.0833066725651,558.3361712867719,619.7369351378488,1178.0731064246206,0.0,0.0,119737.87114598662,10.886154212342051,SIGNAL_EXIT,5
ETHUSDT,2023-11-22 20:00:00,2023-11-24 16:00:00,2078.01849,2115.38178,595.217398471756,1.0,22239.280272145916,990.2904400272271,1007.2896318929222,618.1273161388807,629.8709554107174,1247.998271549598,0.0,0.0,20241.700200225765,1.7980249059285431,SIGNAL_EXIT,11
BTCUSDT,2023-11-24 16:00:00,2023-12-07 20:00:00,38240.210549999996,43181.968215,32.87372763783259,1.0,162453.9955313817,1006.4838001874078,1135.6418095723632,628.2350157091028,710.1311965809821,1338.3662122900848,0.0,0.0,160311.86992162192,12.922935292258753,SIGNAL_EXIT,79
ETHUSDT,2023-12-07 20:00:00,2023-12-08 04:00:00,2336.78781,2374.042385,606.5085930329965,1.0,22595.21986729248,1134.7332961247052,1151.9016853816397,708.2868000298137,720.298702714775,1428.5855027445887,0.0,0.0,20308.584885786135,1.5942643504289928,SIGNAL_EXIT,2
SOLUSDT,2023-12-08 04:00:00,2023-12-11 16:00:00,71.505735,69.22537000000001,20104.320651730024,1.0,-45845.18916298212,1150.9801640333344,1113.383228571722,718.427898489623,696.2126241692666,1414.6405226588895,0.0,0.0,-48109.55255558717,-3.189065884016141,SIGNAL_EXIT,21
BNBUSDT,2023-12-11 16:00:00,2023-12-15 08:00:00,244.42215,248.97545,5684.849593067125,1.0,25884.82565211258,1112.4925219888646,1132.3103884929635,694.4043777930154,708.0480168165063,1402.452394609522,0.0,0.0,23640.022741630753,1.8628835398101224,SIGNAL_EXIT,22
SOLUSDT,2023-12-15 08:00:00,2023-12-19 12:00:00,76.66831499999999,74.58269000000001,18431.659423942336,1.0,-38441.529686059344,1131.4045401821693,1099.746192801176,706.2090308282992,687.6852131071199,1393.8942439354191,0.0,0.0,-40672.68041904269,-2.7203219478607026,SIGNAL_EXIT,25
BNBUSDT,2023-12-19 12:00:00,2023-12-21 00:00:00,252.22605,260.2698,5441.484447830911,1.0,43769.94052723983,1098.8663958469351,1133.0032551520494,685.8991146490441,708.481275107596,1394.3803897566402,0.0,0.0,41538.07087624085,3.1891035838685133,SIGNAL_EXIT,9
SOLUSDT,2023-12-21 00:00:00,2023-12-26 16:00:00,82.26110999999999,110.46474,17189.0334184934,1.0,484793.13859282335,1132.0968525479277,1519.025685940148,706.6411638340763,949.8659867057712,1656.5071505398475,0.0,0.0,482142.0160543352,34.28549651226445,SIGNAL_EXIT,34
BNBUSDT,2023-12-26 16:00:00,2024-01-02 00:00:00,296.24805000000003,313.34325,6399.18227739846,1.0,109395.30086858201,1517.8104653913958,1604.1124577139483,947.3989361689189,1003.071821982133,1950.470758151052,0.0,0.0,106273.37794547668,5.770569629065904,SIGNAL_EXIT,38
BTCUSDT,2024-01-02 00:00:00,2024-01-03 12:00:00,44201.639775,43681.038555,45.29093582743612,1.0,-23578.51644670514,1602.829167747777,1582.6840912562145,1000.4665819675197,989.6723932317608,1990.1389751992806,0.0,0.0,-26764.02970570913,-1.177787119776608,SIGNAL_EXIT,9
BNBUSDT,2024-01-03 12:00:00,2024-01-07 20:00:00,323.26155,306.34675000000004,6110.194707768458,1.0,-103352.72144296166,1581.4179439832096,1497.4706324736537,987.1019550398538,936.387338965255,1923.4892940051088,0.0,0.0,-106431.61001941851,-5.232543121815742,SIGNAL_EXIT,26
BTCUSDT,2024-01-07 20:00:00,2024-01-10 12:00:00,44266.89238499999,45493.12206,42.21765853924933,1.0,51768.545709845086,1496.2726559676748,1536.4904744107769,933.9552960036052,960.7869399765494,1894.7422359801546,0.0,0.0,48735.782579466635,2.770083032563457,SIGNAL_EXIT,16
ETHUSDT,2024-01-10 12:00:00,2024-01-13 00:00:00,2403.4111049999997,2521.2887250000003,797.8415915894793,1.0,94047.66795358037,1535.2612820312481,1609.2712073684875,958.2915248657968,1006.297653431894,1964.5891782976908,0.0,0.0,90903.13546418064,4.9045966274671375,SIGNAL_EXIT,15
ETHUSDT,2024-01-16 16:00:00,2024-01-16 20:00:00,2560.71972,2572.77297,784.2997179764907,1.0,9453.360575700084,1607.9837904025928,1614.2600918308308,1003.6840350888727,1009.4172660272505,2013.1013011161233,0.0,0.0,6231.116693466661,0.47069774586653845,SIGNAL_EXIT,1
SOLUSDT,2024-01-28 04:00:00,2024-01-28 20:00:00,96.698325,94.43276000000002,20833.844702200895,1.0,-47200.429372741375,1612.9686837573663,1573.917965312167,1006.7955452336769,984.1908237317194,1990.9863689653962,0.0,0.0,-50387.31602181091,-2.3429206245299294,SIGNAL_EXIT,4
SOLUSDT,2024-01-29 04:00:00,2024-01-29 08:00:00,97.89892499999999,96.67164000000001,20064.06995627334,1.0,-24624.332096284536,1572.6588309399176,1551.7012381981376,981.6346226106128,970.2984230851417,1951.9330456957546,0.0,0.0,-27748.69216542259,-1.2536245929155818,SIGNAL_EXIT,1
SOLUSDT,2024-01-29 12:00:00,2024-02-01 04:00:00,97.48871999999999,93.5532,19864.086702874618,1.0,-78175.51050089677,1550.4598772075794,1486.6791009050958,967.7783041638284,929.6392576943415,1897.4175618581698,0.0,0.0,-81212.64947900944,-4.036897807253991,SIGNAL_EXIT,16
BTCUSDT,2024-02-01 16:00:00,2024-02-02 08:00:00,42537.37806,43065.356550000004,43.61756158679518,1.0,23029.134304078183,1485.4897576243718,1502.724673261535,927.2247412657922,939.6727571669289,1866.897498432721,0.0,0.0,20040.919873192277,1.2412107047483625,SIGNAL_EXIT,4
SOLUSDT,2024-02-02 08:00:00,2024-02-03 16:00:00,101.26060499999998,97.95100000000001,18520.545027457956,1.0,-61295.688425599554,1501.5224935229255,1451.2847247876275,937.2321811143291,907.5067063452988,1844.738887459628,0.0,0.0,-64248.49564391011,-3.2684033440250304,SIGNAL_EXIT,8
BTCUSDT,2024-02-03 16:00:00,2024-02-13 00:00:00,43140.619529999996,49892.32136,41.983738696733994,1.0,283461.68538898096,1450.1236970077975,1675.732946361376,905.14967394434,1047.8570199857313,1953.0066939300714,0.0,0.0,280335.8287456118,15.65045171709894,SIGNAL_EXIT,56
ETHUSDT,2024-02-13 00:00:00,2024-02-15 08:00:00,2661.319995,2770.93384,785.8190903666037,1.0,86136.65196948613,1674.392360004287,1741.9621676918723,1045.1354610921733,1089.2709903025857,2134.4064513947587,0.0,0.0,82720.29744178997,4.118777343797032,SIGNAL_EXIT,14
BNBUSDT,2024-02-15 08:00:00,2024-02-19 00:00:00,345.67275,349.62510000000003,6289.09909401071,1.0,24856.720804213383,1740.5685979577188,1759.0615197227232,1086.4418684903987,1099.963431542345,2186.405300032744,0.0,0.0,21357.09068653294,1.1433791063947112,SIGNAL_EXIT,22
ETHUSDT,2024-02-19 00:00:00,2024-02-21 16:00:00,2882.6405999999997,2913.3525950000003,761.5622231447011,1.0,23389.095189409378,1757.6542705069453,1774.9594232420673,1097.1065386621833,1109.904591821939,2207.011130484122,0.0,0.0,19856.481495660366,1.0654118657733667,SIGNAL_EXIT,16
BNBUSDT,2024-02-21 16:00:00,2024-02-27 08:00:00,370.28505,395.802,5982.285215602516,1.0,152649.67273226866,1773.5394557034735,1894.2403623247255,1107.021879147184,1184.492472689173,2291.514351836357,0.0,0.0,148981.89291424048,6.891163982990944,SIGNAL_EXIT,34
BTCUSDT,2024-02-27 08:00:00,2024-02-29 12:00:00,56087.119544999994,62904.55199,42.148955174580585,1.0,287347.65453003655,1892.7249700348657,2121.0889136828673,1181.416035768788,1326.3437429231215,2507.7597786919096,0.0,0.0,283333.84064631886,12.155076781096277,SIGNAL_EXIT,13
SOLUSDT,2024-02-29 12:00:00,2024-03-04 04:00:00,129.23458499999998,128.905515,20483.066983558227,1.0,-6740.362852278955,2119.392042551921,2112.304238636056,1322.898881132983,1320.8505744345593,2643.749455567542,0.0,0.0,-10972.059133466932,-0.2546299815950762,SIGNAL_EXIT,22
BTCUSDT,2024-03-04 04:00:00,2024-03-05 16:00:00,63490.439354999995,66739.66347500001,41.52054083168959,1.0,134909.54274577124,2110.614395245147,2216.853537925568,1317.4199798405018,1386.2265744904942,2703.646554330996,0.0,0.0,130582.07481260052,5.1176588995271,SIGNAL_EXIT,9
ETHUSDT,2024-03-05 16:00:00,2024-03-07 16:00:00,3784.8914999999997,3835.251415,730.9681106615446,1.0,36811.491920626315,2215.080055095228,2242.757184587653,1382.6261813161095,1402.4244525935019,2785.0506339096114,0.0,0.0,32353.654680943437,1.3305510871315718,SIGNAL_EXIT,12
SOLUSDT,2024-03-07 16:00:00,2024-03-07 20:00:00,145.99295999999998,148.675625,19171.902265500597,1.0,51431.791191079436,2240.9629788399825,2280.315641409774,1398.781989290824,1425.9102309966722,2824.692220287496,0.0,0.0,46910.51257082968,1.837530385026795,SIGNAL_EXIT,1
BNBUSDT,2024-03-07 20:00:00,2024-03-15 04:00:00,468.43409999999994,582.7085000000001,6075.210461262132,1.0,694241.0303344541,2278.4913888966466,2832.061420053093,1422.2067689811938,1770.9238494574752,3193.130618438669,0.0,0.0,689130.4775255044,24.394978930867786,SIGNAL_EXIT,44
SOLUSDT,2024-03-15 04:00:00,2024-03-20 00:00:00,176.10801,169.73509,20069.586374154107,1.0,-127901.86839557406,2829.79577091705,2725.210439583857,1766.3242967892434,1704.1085790290117,3470.432875818255,0.0,0.0,-133456.87460607497,-3.6187564665570826,SIGNAL_EXIT,29
SOLUSDT,2024-03-20 08:00:00,2024-03-29 08:00:00,173.43667499999998,183.538185,19609.836320772443,1.0,198088.95769264642,2723.03027123219,2879.3230131693217,1699.6825631026652,1800.4771217916605,3500.1596848943254,0.0,0.0,192486.60440824492,5.8243217589359455,SIGNAL_EXIT,54
BNBUSDT,2024-03-29 08:00:00,2024-03-31 20:00:00,607.1034,605.697,5918.921593741237,1.0,-8324.371329437454,2877.0195547587864,2868.058442051429,1795.8008115411537,1793.4332429035787,3589.2340544447325,0.0,0.0,-14069.44932624767,-0.23165740794730558,SIGNAL_EXIT,15
SOLUSDT,2024-03-31 20:00:00,2024-04-02 16:00:00,200.230065,177.34128500000003,17876.132788185118,1.0,-409162.8706395552,2865.763995297788,2536.141087589906,1788.775227449757,1585.8811203034713,3374.656347753228,0.0,0.0,-414564.7757224429,-11.431240358434668,SIGNAL_EXIT,11
SOLUSDT,2024-04-02 20:00:00,2024-04-03 00:00:00,185.76283499999997,181.43923500000002,17038.42486159878,1.0,-73667.3337316075,2534.1121747198335,2473.151017994772,1581.7621720261748,1546.4926325626084,3128.2548045887834,0.0,0.0,-78674.5969243221,-2.3274838586523203,SIGNAL_EXIT,1
SOLUSDT,2024-04-03 04:00:00,2024-04-04 04:00:00,188.564235,181.419245,16368.398010249874,1.0,-116952.04009925536,2471.172497180376,2375.6339271032275,1542.475986495858,1485.5139614202515,3027.9899479161095,0.0,0.0,-121798.84652353897,-3.789154396113349,SIGNAL_EXIT,6
BNBUSDT,2024-04-04 04:00:00,2024-04-07 16:00:00,576.5881499999999,584.20775,5141.959718617127,1.0,39179.6762719756,2373.7334199615448,2403.178174243156,1481.6556929193875,1502.737727765687,2984.3934206850745,0.0,0.0,34402.7646777709,1.3214978490279596,SIGNAL_EXIT,21
BTCUSDT,2024-04-07 16:00:00,2024-04-08 20:00:00,69578.501865,71730.117,43.104812601701994,1.0,92744.96718516074,2401.2556317037615,2473.5306009465266,1498.8347246367855,1546.729990586943,3045.5647152237284,0.0,0.0,87870.18095251045,3.0923562268912903,SIGNAL_EXIT,7
ETHUSDT,2024-04-08 20:00:00,2024-04-10 16:00:00,3704.6514,3477.670295,833.2681905794823,1.0,-189136.13465908173,2471.5517764657698,2318.2656273173316,1542.7127280388638,1449.6408374920434,2992.353565530907,0.0,0.0,-193925.95206286482,-6.126922090429352,SIGNAL_EXIT,11
BNBUSDT,2024-04-10 16:00:00,2024-04-12 20:00:00,593.3965499999999,587.40615,4875.6558451587425,1.0,-29207.128774838486,2316.4110148154778,2291.1921829837547,1445.8757408813915,1432.7114700999957,2878.587210981387,0.0,0.0,-33814.73197263772,-1.0095104192971647,SIGNAL_EXIT,13
BNBUSDT,2024-04-13 04:00:00,2024-04-13 20:00:00,583.4916000000001,551.62405,4900.515581231112,1.0,-156167.42531066178,2289.359229237368,2162.5938016054483,1428.9903434870744,1352.2972746405596,2781.2876181276342,0.0,0.0,-160619.3783415046,-5.461526781191031,SIGNAL_EXIT,4
BNBUSDT,2024-04-22 08:00:00,2024-04-24 16:00:00,603.3014999999999,596.7015,4473.582105263522,1.0,-29525.641894738837,2160.8637265641637,2135.514522067121,1348.7850047365898,1335.3642584211166,2684.1492631577066,0.0,0.0,-33822.02014337012,-1.093980372997566,SIGNAL_EXIT,14
SOLUSDT,2024-05-06 12:00:00,2024-05-06 16:00:00,154.066995,153.75308500000003,17298.47351115912,1.0,-5430.163819887343,2133.8061104494677,2127.754934505198,1331.895967991392,1330.5120901105515,2662.4080581019434,0.0,0.0,-9691.724864842008,-0.20374902489658114,SIGNAL_EXIT,1
BTCUSDT,2024-05-15 16:00:00,2024-05-16 04:00:00,64757.48256,65942.402305,41.005915540433186,1.0,48588.718985661595,2126.0527305575943,2163.2228635616775,1327.0564020319603,1352.6906350437112,2679.7470370756714,0.0,0.0,44299.44339154232,1.8297804333300496,SIGNAL_EXIT,3
SOLUSDT,2024-05-16 04:00:00,2024-05-20 20:00:00,163.191555,187.156375,16543.159137758474,1.0,396453.83096773707,2161.4922852708282,2476.9261562168012,1349.1773434795662,1548.853274272686,2898.030617752252,0.0,0.0,391815.4125262494,14.685085879597143,SIGNAL_EXIT,28
ETHUSDT,2024-05-20 20:00:00,2024-06-03 08:00:00,3440.57943,3815.901095,898.4550095096897,1.0,337209.6300967679,2474.9446152918276,2742.7323636770084,1544.830497000929,1715.0652599278937,3259.8957569288227,0.0,0.0,331991.9531177991,10.908676071460452,SIGNAL_EXIT,81
BNBUSDT,2024-06-03 08:00:00,2024-06-11 00:00:00,626.41305,624.78745,5464.337283609908,1.0,-8882.826688236064,2740.538177786067,2731.2394858932494,1710.6107866339485,1707.878617992208,3418.4894046261566,0.0,0.0,-14354.60435191538,-0.2595092806575411,SIGNAL_EXIT,46
BTCUSDT,2024-06-11 00:00:00,2024-06-11 08:00:00,69574.76999999999,67536.39491,48.991740301640434,1.0,-99863.5430466123,2729.0544943045347,2646.980416271801,1703.4428102875245,1655.1903553470743,3358.6331656345988,0.0,0.0,-105239.57795718865,-2.929761880635735,SIGNAL_EXIT,2
BTCUSDT,2024-06-12 16:00:00,2024-06-12 20:00:00,69768.867,67499.15354,47.348248855632704,1.0,-107466.9577350591,2644.8628319387835,2556.7733754851847,1650.8913928492684,1598.782751053716,3249.6741439029847,0.0,0.0,-112668.59394248306,-3.2531895064312844,SIGNAL_EXIT,1
SOLUSDT,2024-07-15 04:00:00,2024-08-01 04:00:00,151.4757,168.545685,21065.129377347068,1.0,359581.4424943738,2554.727956784797,2840.349328414868,1594.6302938648244,1776.1063834510958,3370.73667731592,0.0,0.0,354186.36520917417,11.269124354599453,SIGNAL_EXIT,102
SOLUSDT,2024-08-01 12:00:00,2024-08-01 16:00:00,169.774845,162.59866000000002,20879.17225983165,1.0,-149832.80278341947,2838.077048952136,2715.9403450862387,1771.4933703854454,1698.3118716143533,3469.8052419997985,0.0,0.0,-155386.82017745785,-4.226883552743032,SIGNAL_EXIT,1
BTCUSDT,2024-08-02 00:00:00,2024-08-02 08:00:00,65386.697009999996,64131.987965,51.83769602097389,1.0,-65041.22606947624,2713.76759281017,2659.5635978803407,1693.9009112542942,1663.0587780642165,3356.9596893185108,0.0,0.0,-70414.55726016675,-1.9189056832280509,SIGNAL_EXIT,2
BNBUSDT,2024-08-21 20:00:00,2024-08-22 04:00:00,572.0858999999999,569.715,5801.816646425901,1.0,-13755.527087010545,2657.4359470020363,2644.305576574826,1658.739379212989,1653.5177442311972,3312.257123444186,0.0,0.0,-19057.268610587405,-0.4144307699245678,SIGNAL_EXIT,2
BNBUSDT,2024-08-22 08:00:00,2024-08-22 16:00:00,576.8883,579.5101,5720.510322379297,1.0,14998.033963214082,2642.1901321135665,2652.074807178447,1649.2231259415828,1658.3759424576936,3307.5990683992763,0.0,0.0,9703.769023922068,0.45447272894943574,SIGNAL_EXIT,2
BNBUSDT,2024-08-23 08:00:00,2024-08-23 12:00:00,579.98985,577.711,5706.636902384666,1.0,-13004.569504999492,2649.9531473327042,2637.4295292108386,1654.0687061562028,1649.218064789096,3303.2867709452985,0.0,0.0,-18291.952181543034,-0.3929120483746455,SIGNAL_EXIT,1
BNBUSDT,2024-08-23 16:00:00,2024-08-24 04:00:00,581.1904499999999,578.5106,5663.400288836043,1.0,-15177.063264037199,2635.3195855874696,2621.0696793077695,1644.9346138922267,1638.988043589154,3283.9226574813806,0.0,0.0,-20433.452528932437,-0.4610967024664614,SIGNAL_EXIT,3
BTCUSDT,2024-08-24 04:00:00,2024-08-28 00:00:00,63863.916,59385.2925,51.21980081258782,1.0,-229394.2035845746,2618.972823564324,2433.3622824378126,1634.7311627344218,1521.6122326397888,3156.3433953742106,0.0,0.0,-234446.53869057674,-7.012760539143879,SIGNAL_EXIT,23
BNBUSDT,2024-09-13 16:00:00,2024-09-16 04:00:00,553.97685,544.9274,5481.886247001506,1.0,-49608.05549792766,2431.4155926118624,2389.784015739431,1517.6602074821894,1494.3621909326723,3012.0223984148615,0.0,0.0,-54429.25510627895,-1.6335429901086984,SIGNAL_EXIT,15
BNBUSDT,2024-09-16 08:00:00,2024-09-16 12:00:00,550.7752499999999,547.1263,5415.007960996837,1.0,-19759.093299278866,2387.8721885268396,2370.1546161365955,1490.4809412639165,1482.0876789246313,2972.568620188548,0.0,0.0,-24517.1201039423,-0.6625116143109009,SIGNAL_EXIT,1
BNBUSDT,2024-09-17 12:00:00,2024-09-17 16:00:00,543.2715,549.8249500000001,5444.708321828338,1.0,35681.62375168653,2368.2584924436856,2394.90918465108,1478.2383093761016,1497.5670239186923,2975.805333294794,0.0,0.0,30918.456074591762,1.2062937223837644,SIGNAL_EXIT,1
BTCUSDT,2024-09-17 16:00:00,2024-09-19 16:00:00,61166.05774499999,63122.452985,48.86449590771964,1.0,95598.2671988628,2392.9932573033593,2467.5574764566068,1493.6774504603761,1542.9949202452722,3036.672370705648,0.0,0.0,90737.71646510283,3.1984981738665965,SIGNAL_EXIT,12
SOLUSDT,2024-09-19 16:00:00,2024-09-22 12:00:00,143.03148,144.78757000000002,21530.321189879505,1.0,37809.18173833612,2465.5834304754417,2493.85830912173,1538.9873586521517,1559.4411637829103,3098.428522435062,0.0,0.0,32849.73999873895,1.2277646850889252,SIGNAL_EXIT,17
ETHUSDT,2024-09-22 12:00:00,2024-09-24 16:00:00,2581.880295,2611.13378,1205.4537039915579,1.0,35263.7218479117,2491.8632224744324,2518.080709374782,1555.3908869915306,1574.5877372277796,3129.9786242193104,0.0,0.0,30253.77791606248,1.1330302592514339,SIGNAL_EXIT,13
BNBUSDT,2024-09-24 16:00:00,2024-09-25 00:00:00,606.6031499999999,605.4970999999999,5180.597462713961,1.0,-5729.999823634684,2516.0662448072826,2509.4693919525293,1570.4981208215281,1569.2029714561747,3139.7010922777026,0.0,0.0,-10755.535460394496,-0.1823350241422225,SIGNAL_EXIT,2
SOLUSDT,2024-09-25 00:00:00,2024-10-02 00:00:00,152.81637,145.04744000000002,20494.00734183301,1.0,-159216.50845818638,2507.461816438967,2378.082640219267,1565.127340695729,1487.0451727230247,3052.1725134187536,0.0,0.0,-164102.05291484462,-5.083833623321888,SIGNAL_EXIT,42
SOLUSDT,2024-10-02 04:00:00,2024-10-02 08:00:00,147.2736,147.676125,20151.941946552248,1.0,8111.660432036459,2376.1801741070913,2380.768558313435,1483.1829272662253,1488.7247113012816,2971.907638567507,0.0,0.0,3354.7116996159325,0.27331782478327793,SIGNAL_EXIT,1
SOLUSDT,2024-10-02 16:00:00,2024-10-02 20:00:00,147.53373,139.91001,20139.130661103824,1.0,-153535.0932036703,2378.863943466784,2254.132777749074,1484.858103642851,1409.5377549704554,2894.3958586133062,0.0,0.0,-158168.08992488612,-5.167442048675914,SIGNAL_EXIT,1
BTCUSDT,2024-10-04 20:00:00,2024-10-08 12:00:00,62399.183999999994,62592.70799,45.08327400462588,1.0,8724.695067638873,2252.329471526875,2257.5073640037645,1405.8768165599752,1411.6479264653235,2817.5247430252984,0.0,0.0,4214.858232108234,0.3101386550183233,SIGNAL_EXIT,22
BNBUSDT,2024-10-08 12:00:00,2024-10-09 20:00:00,577.2885,571.61405,4880.351845364301,1.0,-27693.312528927356,2255.7013581125616,2231.7421470029294,1407.9815073875964,1395.5366101817124,2803.5181175693087,0.0,0.0,-32180.756034042846,-0.9829487336054641,SIGNAL_EXIT,8
BNBUSDT,2024-10-11 16:00:00,2024-10-14 00:00:00,572.1859499999999,572.0138499999999,4867.676294486739,1.0,-837.7270902811695,2229.956753285327,2227.5026062104744,1391.912036408274,1392.8855716674802,2784.7976080757544,0.0,0.0,-5295.186449776971,-0.030077634726962517,SIGNAL_EXIT,14
SOLUSDT,2024-10-14 00:00:00,2024-10-14 20:00:00,147.81387,155.57217500000002,18806.929515834727,1.0,145909.89529734827,2225.7206041255063,2340.6679438800847,1389.2678833347006,1463.6492895696504,2852.917172904351,0.0,0.0,141343.5067493427,5.248698921149962,SIGNAL_EXIT,5
BTCUSDT,2024-10-14 20:00:00,2024-10-21 00:00:00,65972.379705,68997.484,44.278461373666474,1.0,133946.96367746993,2338.79540952498,2444.0819441393364,1459.8478093434962,1528.3153727736164,2988.1631821171127,0.0,0.0,129164.0863238056,4.585410301291174,SIGNAL_EXIT,37
SOLUSDT,2024-10-21 00:00:00,2024-10-29 16:00:00,167.4837,180.5097,18212.01837284134,1.0,237229.75132463148,2442.1266785840253,2629.956778300863,1524.3459378066966,1644.5452590672987,3168.8911968739953,0.0,0.0,232157.66786774658,7.777473270533199,SIGNAL_EXIT,52
BTCUSDT,2024-10-29 16:00:00,2024-11-08 00:00:00,72438.201,75819.961055,45.31018327311717,1.0,153228.16787775708,2627.8528128782223,2748.3330649301256,1640.2739446701569,1718.5674493056358,3358.841393975793,0.0,0.0,147851.9819999487,4.668476036559778,SIGNAL_EXIT,56
SOLUSDT,2024-11-08 00:00:00,2024-11-09 04:00:00,196.45818,198.86052,17458.788754427267,1.0,41941.94657631097,2746.134398478181,2777.4910482204473,1714.1038799094083,1736.800305290421,3450.904185199829,0.0,0.0,36418.32112961234,1.2228251325549333,SIGNAL_EXIT,7
BNBUSDT,2024-11-09 04:00:00,2024-11-09 08:00:00,635.7176999999999,628.635525,5452.594839143156,1.0,-38616.23085490809,2775.2690553818707,2742.1558554536387,1732.289380395482,1714.7047620396302,3446.9941424351123,0.0,0.0,-44133.6557657436,-1.114044016707399,SIGNAL_EXIT,1
ETHUSDT,2024-11-09 08:00:00,2024-11-11 12:00:00,3031.8851849999996,3196.1911050000003,1128.740863361825,1.0,185458.80599625973,2739.962130769276,2886.137205861669,1710.2512250526008,1804.7381227244869,3514.9893477770875,0.0,0.0,179832.70665962878,5.41926590139002,SIGNAL_EXIT,13
SOLUSDT,2024-11-11 12:00:00,2024-11-11 20:00:00,217.72880999999998,217.701095,16543.06355610508,1.0,-458.49100645699207,2883.828296096979,2881.154440654936,1800.050745539413,1801.6223365775068,3601.6730821169194,0.0,0.0,-6223.473743208908,-0.012729137682777114,SIGNAL_EXIT,2
BTCUSDT,2024-11-11 20:00:00,2024-11-17 08:00:00,86145.261105,90505.5246,41.739766073472545,1.0,181996.3783000021,2878.8495171024124,3022.143540128732,1796.9430519041439,1889.7846048828414,3686.7276567869853,0.0,0.0,176095.38524277095,5.061524498353317,SIGNAL_EXIT,33
SOLUSDT,2024-11-17 08:00:00,2024-11-21 12:00:00,237.33861,239.86001000000002,15891.377959091822,1.0,40068.520386054566,3019.7258252966294,3049.3648609452357,1884.8763397277169,1906.8064413109978,3791.682781038715,0.0,0.0,33999.4296998127,1.062364020755,SIGNAL_EXIT,25
BTCUSDT,2024-11-21 12:00:00,2024-11-22 00:00:00,98023.98749999999,98267.96144,38.8232501350911,1.0,9471.861299064127,3046.925369056479,3052.065317800486,1901.8539659923233,1908.495071160737,3810.3490371530606,0.0,0.0,3372.8706122071617,0.2488920785843473,SIGNAL_EXIT,3
SOLUSDT,2024-11-22 00:00:00,2024-11-24 08:00:00,256.50818999999996,256.501685,14849.35026155407,1.0,-96.59502345062752,3049.6236655462453,3047.106690595048,1903.5382100280362,1905.3943788111087,3808.932588839145,0.0,0.0,-6193.325379591921,-0.0025359814047057755,SIGNAL_EXIT,14
BNBUSDT,2024-11-24 08:00:00,2024-11-24 16:00:00,673.146405,642.09879,5649.278610569082,1.0,-175396.6273286835,3044.669005242572,2901.9159681754313,1900.4455709885676,1814.6047825006176,3715.050353489185,0.0,0.0,-181343.2123021015,-4.612312383960507,SIGNAL_EXIT,2
SOLUSDT,2024-11-24 16:00:00,2024-11-25 16:00:00,244.30209,244.84751500000002,14824.242599871792,1.0,8085.512520035411,2899.5944354008907,2903.743169868598,1809.891779018137,1815.747354845049,3625.6391338631856,0.0,0.0,2282.1749147659225,0.2232584256647264,SIGNAL_EXIT,6
ETHUSDT,2024-11-25 16:00:00,2024-12-03 20:00:00,3520.1692049999997,3575.5513300000002,1029.4601162476072,1.0,57013.68884054007,2901.4201753327034,2944.7099902648697,1811.031383803205,1841.3644261285158,3652.3958099317206,0.0,0.0,51167.55867494249,1.573280196910323,SIGNAL_EXIT,49
BNBUSDT,2024-12-03 20:00:00,2024-12-05 04:00:00,690.3449999999999,713.94285,5323.4258575328995,1.0,125621.40487218331,2942.3542222726574,3040.497462792586,1836.5819208483904,1901.2615450175197,3737.84346586591,0.0,0.0,119638.55318711807,3.418269126306428,SIGNAL_EXIT,8
BTCUSDT,2024-12-05 04:00:00,2024-12-05 20:00:00,103015.48199999999,98978.495995,36.834689235964724,1.0,-148701.12494411317,3038.065064822352,2916.6737128152035,1896.3234712455328,1823.832987002635,3720.156458248168,0.0,0.0,-154655.86372175073,-3.918814848626331,SIGNAL_EXIT,4
BNBUSDT,2024-12-05 20:00:00,2024-12-06 20:00:00,716.668155,737.860885,5079.07474545502,1.0,107639.45973024746,2914.340373844951,2998.120469330073,1819.0960154584968,1874.7626746684532,3693.85869012695,0.0,0.0,101726.99888707243,2.9571189750994447,SIGNAL_EXIT,6
ETHUSDT,2024-12-06 20:00:00,2024-12-07 20:00:00,4069.6438049999997,4010.1939,919.4064452577583,1.0,-54658.62582696096,2995.7219729546096,2949.598494714677,1869.893425397064,1844.4212698312263,3714.3146952282905,0.0,0.0,-60603.94629463025,-1.4608134728390434,SIGNAL_EXIT,6
BNBUSDT,2024-12-07 20:00:00,2024-12-10 16:00:00,760.710165,657.0713000000001,4839.032591450533,1.0,-501511.84547594143,2947.2388159189054,2543.6715484854167,1839.6308251284045,1590.5900128093667,3430.220837937771,0.0,0.0,-507002.75584034575,-13.623962156467293,SIGNAL_EXIT,17
ETHUSDT,2024-12-10 16:00:00,2024-12-11 16:00:00,3569.54388,3785.44633,889.330467467748,1.0,192008.62678593214,2541.636611246629,2693.210203386377,1586.4588343063251,1684.0984263295873,3270.5572606359124,0.0,0.0,186773.77997129914,6.0484604548410825,SIGNAL_EXIT,6
BTCUSDT,2024-12-11 16:00:00,2024-12-13 04:00:00,100411.82082,99679.225455,33.47343431227664,1.0,-24522.482827805376,2691.055635223668,2669.2848044532448,1679.7243820059812,1669.1375715687093,3348.8619535746902,0.0,0.0,-29882.823267482287,-0.7295907583562795,SIGNAL_EXIT,9
ETHUSDT,2024-12-13 04:00:00,2024-12-13 20:00:00,3934.796415,3916.031005,846.6180254424912,1.0,-15887.134360818758,2667.1493766096823,2652.3059496197397,1664.8023845003863,1658.5204787516784,3323.322863252065,0.0,0.0,-21206.589687048177,-0.47690929900371926,SIGNAL_EXIT,4
BTCUSDT,2024-12-13 20:00:00,2024-12-20 12:00:00,101513.07117,92677.628005,32.607425908993854,1.0,-288101.0583758633,2650.1841048600436,2417.5831108754655,1654.2128670515426,1511.7453169556206,3165.9581840071633,0.0,0.0,-293168.8255915988,-8.703749244472778,SIGNAL_EXIT,40
BTCUSDT,2024-12-20 16:00:00,2024-12-22 08:00:00,97040.12581499999,96162.144875,31.09173273529179,1.0,-27297.94873316007,2415.6490443867647,2391.878166164727,1507.8189187597654,1495.6716896978612,3003.490608457627,0.0,0.0,-32105.47594371156,-0.9047607189564051,SIGNAL_EXIT,10
BTCUSDT,2024-12-22 12:00:00,2024-12-22 16:00:00,97149.84064499999,95330.021145,30.726410306569502,1.0,-55916.520640895644,2389.9646636317952,2343.3194753881735,1491.7870389184652,1465.3073257805086,2957.0943646989735,0.0,0.0,-60649.80477991561,-1.873208939837457,SIGNAL_EXIT,1
BTCUSDT,2024-12-24 16:00:00,2024-12-25 04:00:00,98349.139995,97980.47525500001,29.73553790189419,1.0,-10962.444349361756,2341.444819807863,2330.801708472527,1461.501539200403,1457.4798076989744,2918.981346899377,0.0,0.0,-15634.690877642146,-0.374853038896665,SIGNAL_EXIT,3
BNBUSDT,2024-12-25 04:00:00,2024-12-26 12:00:00,704.0218349999999,695.95185,4131.75025575035,1.0,-33343.16258765091,2328.9370671057495,2300.3993873819436,1453.6943512316655,1438.4688515391485,2892.1632027708138,0.0,0.0,-37972.4990421386,-1.1462691352463326,SIGNAL_EXIT,8
BNBUSDT,2024-12-27 04:00:00,2024-12-27 08:00:00,689.4945749999999,691.8938800000001,4163.77500254034,1.0,9990.166182470635,2298.559067872038,2304.712353563717,1434.7327715001854,1441.1658038789628,2875.8985753791485,0.0,0.0,5386.8947610348805,0.3479802578577417,SIGNAL_EXIT,1
BNBUSDT,2024-12-27 12:00:00,2024-12-27 16:00:00,706.3830149999999,688.43561,4071.846009798808,1.0,-73079.06943549273,2302.868583680866,2242.563033265527,1437.4227191487757,1402.303047314513,2839.725766463289,0.0,0.0,-77624.50105243913,-2.540746962892347,SIGNAL_EXIT,1
BNBUSDT,2025-01-02 08:00:00,2025-01-03 08:00:00,707.303475,700.3696400000001,3956.88775538082,1.0,-27436.406809330696,2240.768982838915,2217.027242205179,1398.6608993332477,1386.3351939748666,2784.9960933081143,0.0,0.0,-31894.20303437479,-0.9803196569902233,SIGNAL_EXIT,6
SOLUSDT,2025-01-03 08:00:00,2025-01-07 08:00:00,208.05397499999998,215.93198,13298.721026088819,1.0,104767.39073713325,2215.253620411415,2297.295330104793,1382.7345186874688,1436.527845237875,2819.262363925344,0.0,0.0,100254.84178661703,3.78651982015726,SIGNAL_EXIT,24
BTCUSDT,2025-01-07 08:00:00,2025-01-07 20:00:00,101715.64240499999,96403.764005,28.186681438745072,1.0,-149724.2243021505,2295.457493840708,2173.841748403915,1432.7968065000957,1359.3307581315323,2792.127564631628,0.0,0.0,-154193.52354439514,-5.222282703430945,SIGNAL_EXIT,3
BTCUSDT,2025-01-14 12:00:00,2025-01-18 08:00:00,96596.31401999999,102770.339125,28.085504800108367,1.0,173400.6117224673,2172.1026750051924,2309.0854822431616,1355.8002204304462,1443.9003765903105,2799.7005970207565,0.0,0.0,168919.42356521895,6.391574220649551,SIGNAL_EXIT,23
SOLUSDT,2025-01-18 08:00:00,2025-01-27 08:00:00,233.00644499999999,227.40624000000003,12367.643002784118,1.0,-69261.33618240613,2307.2382138573676,2249.983354340357,1440.1501894591818,1406.9430679965355,2847.0932574557173,0.0,0.0,-73818.55775060385,-2.4034549773934195,SIGNAL_EXIT,54
SOLUSDT,2025-01-27 16:00:00,2025-01-27 20:00:00,233.78683499999997,226.42673,12010.860347219506,1.0,-88401.19329587174,2248.183367656885,2175.663866326062,1403.2888686671565,1360.4701515295533,2763.7590201967096,0.0,0.0,-92825.04052985468,-3.14821191706538,SIGNAL_EXIT,1
SOLUSDT,2025-01-28 00:00:00,2025-01-29 20:00:00,235.01745,231.56416000000002,11553.313363352458,1.0,-39896.94150453119,2173.9233352330007,2140.26664336119,1356.9366545256416,1338.3358200106507,2695.272474536292,0.0,0.0,-44211.13148312538,-1.469375997399334,SIGNAL_EXIT,11
BTCUSDT,2025-01-29 20:00:00,2025-01-31 16:00:00,103635.792,105411.26800000001,25.773474892999122,1.0,45760.186109122755,2138.554430046501,2173.451735389762,1334.8598116582436,1359.0868780573476,2693.946689715591,0.0,0.0,41448.17994368649,1.7131880460758284,SIGNAL_EXIT,11
ETHUSDT,2025-01-31 16:00:00,2025-02-01 00:00:00,3429.363825,3299.339505,790.9541369609013,1.0,-102843.27380952805,2171.7129740014498,2087.700984574626,1355.5569737768706,1305.4658482831755,2661.022822060046,0.0,0.0,-107102.68776810412,-3.7914997251713296,SIGNAL_EXIT,2
SOLUSDT,2025-02-01 08:00:00,2025-02-01 20:00:00,230.78533499999998,221.64912,11289.50632374419,1.0,-103143.35701758612,2086.0308237869663,2001.8473135138681,1302.0752118488954,1251.7804611765337,2553.855673025429,0.0,0.0,-107231.23515488695,-3.9587502386145834,SIGNAL_EXIT,3
BTCUSDT,2025-02-01 20:00:00,2025-02-02 00:00:00,101720.4348,100585.34217,24.560522707706294,1.0,-27878.468314465037,2000.2458356630568,1976.342864342954,1248.529259741632,1235.832206317504,2484.3614660591356,0.0,0.0,-31855.057014471047,-1.1158943945056743,SIGNAL_EXIT,1
BTCUSDT,2025-02-03 20:00:00,2025-02-04 08:00:00,101930.929995,98398.785995,24.1975372528759,1.0,-85469.1860225221,1974.7617900514797,1904.806631801421,1232.6224266736515,1191.0996947231624,2423.722121396814,0.0,0.0,-89348.754444375,-3.4652327808382224,SIGNAL_EXIT,3
BNBUSDT,2025-03-24 20:00:00,2025-03-25 04:00:00,636.568125,639.7699550000001,3734.400305283081,1.0,11956.914929464849,1903.2827864959795,1911.3256922103546,1188.006097118214,1195.1761457040861,2383.1822428223004,0.0,0.0,8142.306450758514,0.5029830860601269,SIGNAL_EXIT,2
SOLUSDT,2025-03-25 16:00:00,2025-03-26 00:00:00,145.35263999999998,143.56817999999998,16410.682275458337,1.0,-29284.206093264314,1909.7966316565864,1884.8414294766499,1192.0719604889407,1178.6152010234578,2370.6871615123982,0.0,0.0,-33078.84415439755,-1.2276763600578537,SIGNAL_EXIT,2
BTCUSDT,2025-03-27 04:00:00,2025-03-27 12:00:00,87714.005085,86900.038245,26.81765140675656,1.0,-21828.678971779023,1883.3335563330684,1864.3639463105787,1175.5540289155113,1165.8103716296957,2341.364400545207,0.0,0.0,-25576.376474422672,-0.9279781936889238,SIGNAL_EXIT,2
BTCUSDT,2025-04-02 16:00:00,2025-04-03 00:00:00,86801.048835,82475.02186000001,26.805294725293386,1.0,-115960.42805444403,1862.8724551535302,1768.613814745852,1162.7824570147618,1105.9366025171698,2268.7190595319316,0.0,0.0,-119591.91432434341,-4.983841823413131,SIGNAL_EXIT,2
SOLUSDT,2025-04-12 16:00:00,2025-04-13 16:00:00,130.535235,128.645645,16909.085548387568,1.0,-31951.238961377636,1767.1989236940553,1740.224173385998,1103.0641957490843,1088.184200466586,2191.2483962156703,0.0,0.0,-35458.66205845769,-1.4475708416964954,SIGNAL_EXIT,6
SOLUSDT,2025-04-14 04:00:00,2025-04-15 20:00:00,131.80587,127.82605500000001,16477.271919414998,1.0,-65576.4939439664,1738.831994047289,1684.979733296878,1085.3579013316955,1053.6391528868223,2138.997054218518,0.0,0.0,-69000.30567131056,-3.0194520168183616,SIGNAL_EXIT,10
BTCUSDT,2025-04-16 16:00:00,2025-04-16 20:00:00,84889.00329,84291.833,24.77183113994706,1.0,-14793.001585673082,1683.6317495102405,1670.450442842094,1050.902576280795,1044.5538036781795,2095.4563799589746,0.0,0.0,-18147.08377802542,-0.7034719066731483,SIGNAL_EXIT,1
SOLUSDT,2025-04-16 20:00:00,2025-04-17 00:00:00,132.516225,131.26433500000002,15731.835773523488,1.0,-19694.52788651592,1669.1140824878203,1652.0231689126172,1041.840824101638,1033.0309960683512,2074.8718201699894,0.0,0.0,-23015.665137916356,-0.9447069594685289,SIGNAL_EXIT,1
SOLUSDT,2025-04-17 08:00:00,2025-04-20 12:00:00,134.317125,136.31181,15349.690044523222,1.0,30617.796486459865,1650.7015503774871,1673.875226326353,1030.3479442386877,1046.6953641358405,2077.0433083745284,0.0,0.0,27293.219709756027,1.485056354504315,SIGNAL_EXIT,19
SOLUSDT,2025-04-20 16:00:00,2025-04-21 16:00:00,136.00797,138.25084,15359.376524445364,1.0,34449.08482538294,1672.536126145292,1698.757365104682,1043.9768223665903,1062.2544804303702,2106.2313027969603,0.0,0.0,31077.791334132966,1.6490724771496923,SIGNAL_EXIT,6
BTCUSDT,2025-04-21 16:00:00,2025-05-08 08:00:00,88088.832405,99202.71383000001,24.06718868640833,1.0,267479.881293844,1697.3983592125983,1910.0243455603033,1059.4955275643908,1194.3623971735028,2253.857924737894,0.0,0.0,263872.4585890711,12.616674692545002,SIGNAL_EXIT,100
ETHUSDT,2025-05-08 08:00:00,2025-05-10 00:00:00,1929.3642,2343.86748,1235.4908996853653,1.0,512115.0303297348,1908.4963260838551,2316.661553286776,1191.2603254764954,1448.6377896991794,2639.898115175675,0.0,0.0,507889.8724503642,21.483931338624398,SIGNAL_EXIT,10
BNBUSDT,2025-05-10 00:00:00,2025-05-10 12:00:00,666.6231449999999,648.945365,4337.076342933066,1.0,-76669.88143357474,2314.8082240441463,2251.6204723180513,1444.8752982661977,1407.9667785878323,2852.84207685403,0.0,0.0,-81236.31012993694,-2.651840118752533,SIGNAL_EXIT,3
ETHUSDT,2025-05-10 12:00:00,2025-05-12 12:00:00,2385.95238,2529.31471,1177.7368963035656,1.0,168843.10558104745,2249.8191759401966,2383.0938050642826,1404.3099204143953,1490.1787175237296,2894.488637938125,0.0,0.0,164210.19260004297,6.00859980281752,SIGNAL_EXIT,12
BNBUSDT,2025-05-12 12:00:00,2025-05-13 00:00:00,678.429045,659.7499600000001,4383.80844262832,1.0,-81885.53052357146,2381.187330020231,2313.7739557373575,1486.308333430664,1446.8321384047874,2933.1404718354515,0.0,0.0,-86580.49180932905,-2.7532849805980626,SIGNAL_EXIT,3
ETHUSDT,2025-05-13 00:00:00,2025-05-19 00:00:00,2496.72774,2496.5311100000004,1156.5505127040353,1.0,-227.41252731236872,2311.922936572768,2309.8914682016602,1443.074336721095,1444.4043698107653,2887.4787065318606,0.0,0.0,-4849.226932086796,-0.007875508284273677,SIGNAL_EXIT,36
BTCUSDT,2025-05-19 00:00:00,2025-05-27 16:00:00,106507.497135,110085.03994500001,27.06613597890595,1.0,96830.26016581766,2308.043555027098,2383.6613283157308,1440.6528736774144,1490.533596995538,2931.186470672952,0.0,0.0,92138.55528247483,3.358958670736032,SIGNAL_EXIT,52
BNBUSDT,2025-05-27 16:00:00,2025-05-29 04:00:00,691.36551,685.95685,4302.805392573163,1.0,-23272.41141459451,2381.754399253078,2361.2310666020003,1486.6622911879115,1476.5076704611506,2963.1699616490623,0.0,0.0,-28015.39688044959,-0.7823155656115882,SIGNAL_EXIT,9
ETHUSDT,2025-05-29 04:00:00,2025-06-02 04:00:00,2763.88125,2495.0518500000003,1066.1884478952015,1.0,-286622.8007345979,2359.342081748719,2128.156367495641,1472.6727936551501,1330.7631112402848,2803.4359048954348,0.0,0.0,-291110.29918384226,-9.726517736606796,SIGNAL_EXIT,24
BNBUSDT,2025-06-02 04:00:00,2025-06-03 00:00:00,657.0183450000001,665.597035,4042.415054878954,1.0,34678.62560713928,2126.453842401645,2152.4955798134356,1327.3067711942826,1345.9827287475473,2673.28949994183,0.0,0.0,30399.676184924196,1.3057002236368205,SIGNAL_EXIT,5
ETHUSDT,2025-06-03 00:00:00,2025-06-05 20:00:00,2608.7237099999998,2527.69552,1029.7434700754995,1.0,-83438.24954453642,2150.7735833495844,2082.302364847276,1342.4868593718027,1302.0900230408836,2644.5768824126862,0.0,0.0,-87671.32549273327,-3.1060472095758866,SIGNAL_EXIT,17
BTCUSDT,2025-06-06 12:00:00,2025-06-10 04:00:00,103979.953995,109513.245985,24.9924616940709,1.0,138290.5881021843,2080.636522955398,2189.604484218781,1298.7081545083481,1369.1873963348419,2667.89555084319,0.0,0.0,134020.3470950101,5.321498786454621,SIGNAL_EXIT,22
ETHUSDT,2025-06-10 04:00:00,2025-06-13 04:00:00,2690.2344449999996,2513.0628400000005,1015.758367478871,1.0,-179963.54025841047,2187.8528006314064,2042.1316861841728,1365.6312583648496,1276.97078925939,2642.6020476242393,0.0,0.0,-184193.52474522605,-6.585731043972233,SIGNAL_EXIT,18
ETHUSDT,2025-06-13 08:00:00,2025-06-16 16:00:00,2527.72323,2630.92388,1008.2519904931191,1.0,104052.26078268349,2040.4979808352255,2122.107391076704,1273.6541619506445,1326.980609727759,2600.6347716784035,0.0,0.0,99889.65541077156,4.082751180001608,SIGNAL_EXIT,20
BTCUSDT,2025-06-16 16:00:00,2025-06-17 16:00:00,107478.67248,104189.49919,24.641090745165847,1.0,-81048.81751546549,2120.4097051638423,2053.8743233873392,1323.5340938275954,1284.3136089213767,2607.847702748972,0.0,0.0,-85223.10154401667,-3.0603032342179812,SIGNAL_EXIT,6
BTCUSDT,2025-06-20 08:00:00,2025-06-20 16:00:00,105864.64587,104165.891,24.212396665780847,1.0,-41130.92675036673,2052.2312239286293,2017.684697549193,1280.977910387939,1261.6837778570953,2542.6616882450344,0.0,0.0,-45200.842671844555,-1.6046479502571918,SIGNAL_EXIT,2
BTCUSDT,2025-06-24 00:00:00,2025-06-30 16:00:00,105386.60697,107526.67976500001,23.893663427326782,1.0,51134.17907370885,2016.0705497911536,2055.3650366102875,1258.4068549169046,1285.2457707666485,2543.652625683553,0.0,0.0,47062.74348730741,2.0306876334003436,SIGNAL_EXIT,40
SOLUSDT,2025-06-30 16:00:00,2025-07-01 08:00:00,157.908915,149.98497,16244.157019137698,1.0,-128717.80679101111,2053.7207445809995,1949.1035225525256,1281.9076511651695,1218.7991011458714,2500.706752311041,0.0,0.0,-132720.63105814465,-5.018047904388427,SIGNAL_EXIT,4
BTCUSDT,2025-07-01 08:00:00,2025-07-02 08:00:00,107232.579495,107026.46,22.684176459093674,1.0,-4675.650996239088,1947.5442397344837,1942.2456835457047,1215.633560933557,1214.51080761973,2430.1443685532868,0.0,0.0,-8565.440919519277,-0.19221723096720114,SIGNAL_EXIT,6
BNBUSDT,2025-07-02 08:00:00,2025-07-03 16:00:00,657.658665,656.7414650000001,3685.687265842664,1.0,-3380.512360230817,1940.6918869988685,1936.4349236010846,1211.3564052281824,1210.8772658835755,2422.2336711117578,0.0,0.0,-7257.63917083077,-0.13946444391483534,SIGNAL_EXIT,8
BTCUSDT,2025-07-03 16:00:00,2025-07-06 20:00:00,109182.413925,108484.180775,22.134263632073225,1.0,-15454.876618752929,1934.885775662204,1920.9739657466719,1207.7323007505586,1201.2093332582187,2408.9416340087773,0.0,0.0,-19310.736360161805,-0.6395106362821699,SIGNAL_EXIT,19
BNBUSDT,2025-07-06 20:00:00,2025-07-08 20:00:00,663.3915299999999,660.6295200000001,3613.819196683171,1.0,-9981.40475943018,1919.4371865740748,1909.9165130172712,1198.0894782761177,1194.294968119731,2392.3844463958485,0.0,0.0,-13810.758459021525,-0.4163468894454841,SIGNAL_EXIT,12
ETHUSDT,2025-07-08 20:00:00,2025-07-14 00:00:00,2611.915305,2970.5439850000002,912.5783411184402,1.0,327276.7658718962,1908.3885798068573,2168.683281640529,1191.1930715534797,1356.1051035770752,2547.298175130555,0.0,0.0,323199.6940104488,13.730486563384192,SIGNAL_EXIT,31
BTCUSDT,2025-07-14 00:00:00,2025-07-15 08:00:00,119146.19332499999,116720.74043500001,22.715945804926587,1.0,-55096.45640164192,2166.948335015217,2121.137611225891,1352.5829437449363,1326.3741941130202,2678.9571378579567,0.0,0.0,-59384.54234788302,-2.0356948235718817,SIGNAL_EXIT,8
ETHUSDT,2025-07-15 08:00:00,2025-07-21 16:00:00,2978.98875,3808.4648150000003,888.6174664875793,1.0,737086.9193923869,2119.4407011369103,2707.41468408991,1322.9292532333675,1692.9806678898005,3015.909921123168,0.0,0.0,732260.06400716,27.844216095143032,SIGNAL_EXIT,38
SOLUSDT,2025-07-21 16:00:00,2025-07-23 12:00:00,196.88839499999997,197.311295,17161.27398811878,1.0,7257.5027695758945,2705.2487523426385,2708.890555556425,1688.5835540606429,1693.903548997185,3382.487103057828,0.0,0.0,1843.3634616768304,0.214791735185828,SIGNAL_EXIT,11
BNBUSDT,2025-07-23 12:00:00,2025-08-01 20:00:00,808.874235,760.87937,4179.509538274344,1.0,-200594.9960556895,2706.72344311198,2544.082067512939,1689.5040382042102,1590.8467155533488,3280.350753757559,0.0,0.0,-205845.80156631442,-5.933538605046556,SIGNAL_EXIT,56
ETHUSDT,2025-08-04 16:00:00,2025-08-04 20:00:00,3650.7144449999996,3667.895135,869.6972889430693,1.0,14941.99951517182,2542.0468018589286,2551.966764029579,1586.7148703255132,1595.7771160763587,3182.491986401872,0.0,0.0,9847.985949283311,0.47061171885221487,SIGNAL_EXIT,1
ETHUSDT,2025-08-05 00:00:00,2025-08-05 04:00:00,3722.8504949999997,3650.11403,855.488708815938,1.0,-62225.22452668524,2549.925190618355,2498.1050708445123,1591.6324653084237,1562.0967176365273,3153.729182944951,0.0,0.0,-67273.25478814812,-1.9537842064216309,SIGNAL_EXIT,1
ETHUSDT,2025-08-05 12:00:00,2025-08-05 16:00:00,3675.6369,3568.644785,848.1896367124859,1.0,-90749.60315295053,2496.106586787837,2421.5100189960463,1558.0395436769845,1514.2008623035788,3072.240405980563,0.0,0.0,-95667.21975873441,-2.9108456006631127,SIGNAL_EXIT,1
ETHUSDT,2025-08-06 16:00:00,2025-08-07 04:00:00,3666.5323499999995,3654.9516100000005,824.2246767344302,1.0,-9545.131682844634,2419.572810980849,2410.0010473857883,1510.2680864140682,1507.0041566941945,3017.272243108263,0.0,0.0,-14374.705541211271,-0.315849933793683,SIGNAL_EXIT,3
ETHUSDT,2025-08-07 08:00:00,2025-08-17 08:00:00,3704.261205,4464.88644,811.9522540901113,1.0,617591.374076071,2408.0730465478796,2900.219687371498,1503.0900725328327,1813.5440766452411,3316.634149178074,0.0,0.0,612283.0813421516,20.533790488999827,SIGNAL_EXIT,60
BNBUSDT,2025-08-17 08:00:00,2025-08-18 04:00:00,854.637105,835.2821500000001,4235.103377608885,1.0,-81970.23529396758,2897.899511621601,2830.00500377713,1808.8338280935718,1769.6379463335777,3578.4717744271493,0.0,0.0,-87698.1398093663,-2.2646986524180814,SIGNAL_EXIT,5
BNBUSDT,2025-08-22 16:00:00,2025-08-23 04:00:00,876.65811,882.328615,4028.7638572326227,1.0,22845.12559625707,2827.740999774108,2843.7549074512945,1765.0417334919339,1778.2359351244938,3543.277668616428,0.0,0.0,17173.629689031666,0.6468319787744904,SIGNAL_EXIT,3
SOLUSDT,2025-09-09 08:00:00,2025-09-09 12:00:00,219.33961499999998,217.13138,16180.425954988303,1.0,-35730.18290871316,2841.479903525333,2810.622573275543,1773.6173910558957,1757.5178672308607,3531.1352582867567,0.0,0.0,-41382.285385514035,-1.0067652393754651,SIGNAL_EXIT,1
SOLUSDT,2025-09-10 16:00:00,2025-09-13 12:00:00,223.27157999999997,241.80903500000002,15710.280815614491,1.0,291228.6236568177,2808.374075216922,3039.1102748822027,1752.9531334058745,1900.3941188605556,3653.34725226643,0.0,0.0,285381.13930671854,8.302648729408398,SIGNAL_EXIT,17
BNBUSDT,2025-09-13 12:00:00,2025-09-14 16:00:00,941.6305799999999,923.847845,4027.919371884895,1.0,-71627.42279159509,3036.678986662297,2976.9477052396915,1895.4582980213006,1861.5230773132173,3756.981375334518,0.0,0.0,-77641.04948349709,-1.8885044068980739,SIGNAL_EXIT,7
SOLUSDT,2025-09-14 16:00:00,2025-09-16 08:00:00,243.931905,235.652115,15230.615764253138,1.0,-126106.30009870535,2974.5661470755,2871.301454078875,1856.6882147412507,1795.4611393689984,3652.149354110249,0.0,0.0,-131952.16769985974,-3.3943038324568455,SIGNAL_EXIT,10
BNBUSDT,2025-09-16 08:00:00,2025-09-22 08:00:00,931.3654499999999,1023.2381250000001,3847.454843565004,1.0,353475.96842002415,2869.0044129156117,3149.489984121299,1790.7978569370189,1969.4159480495216,3760.2138049865407,0.0,0.0,347457.47402298724,9.864299239358749,SIGNAL_EXIT,36
BNBUSDT,2025-09-29 16:00:00,2025-09-30 12:00:00,1011.575535,1013.8528200000001,3885.5882569118953,1.0,8848.591853642072,3146.9703921340015,3151.5316893032077,1964.300859457548,1970.6926521403748,3934.993511597923,0.0,0.0,2550.089772204863,0.22512258563075274,SIGNAL_EXIT,5
BNBUSDT,2025-09-30 20:00:00,2025-10-02 00:00:00,1007.7936449999999,1025.98675,3902.6978280615726,1.0,71002.19136919681,3149.0104639517654,3203.2930086759616,1965.57424761365,2003.0596602524886,3968.6339078661385,0.0,0.0,64649.88789656908,1.8052410917911845,SIGNAL_EXIT,7
BTCUSDT,2025-10-02 00:00:00,2025-10-03 00:00:00,118654.287495,120469.08532500001,33.69210099239328,1.0,61144.35176913652,3200.730374269021,3247.085271384915,1997.857190135653,2030.443516373709,4028.3007065093616,0.0,0.0,54696.53612348258,1.5294835680307672,SIGNAL_EXIT,6
BNBUSDT,2025-10-03 00:00:00,2025-10-10 20:00:00,1090.76511,1234.96221,3715.158267536253,1.0,535715.0482197513,3244.4876031678073,3670.4640516610734,2025.16992321677,2295.187626101272,4320.357549318042,0.0,0.0,528800.0965649225,13.219812283874743,SIGNAL_EXIT,47
BTCUSDT,2025-10-26 16:00:00,2025-10-27 20:00:00,113751.81748499999,114885.16868,40.26961655754033,1.0,45639.61804768053,3667.5276804197447,3701.1053527135537,2289.226423210169,2314.348019455575,4603.574442665744,0.0,0.0,38270.98501454724,0.996336779541532,SIGNAL_EXIT,7
ETHUSDT,2025-10-27 20:00:00,2025-10-28 20:00:00,4196.046974999999,4037.350315,1100.7937872456248,1.0,-174692.29738463034,3698.144468431383,3555.432114948933,2308.3370520088156,2223.2567001929087,4531.593752201725,0.0,0.0,-181945.87396801065,-3.7820515581811183,SIGNAL_EXIT,6
BTCUSDT,2025-10-28 20:00:00,2025-10-29 00:00:00,113745.84449999999,112841.99078000001,39.00961958924101,1.0,-35258.98978151976,3552.5877692569748,3521.538507216354,2217.4823207402974,2202.062598309179,4419.544919049476,0.0,0.0,-42333.116057993095,-0.7946257060845723,SIGNAL_EXIT,1
ETHUSDT,2026-01-02 20:00:00,2026-01-03 08:00:00,3125.191815,3088.944755,1406.276201397518,1.0,-50973.37784862812,3518.7212764105807,3475.1275971105497,2196.3432654856983,2173.04126882822,4369.384534313918,0.0,0.0,-57967.22672214925,-1.1598347284165067,SIGNAL_EXIT,3
ETHUSDT,2026-01-03 12:00:00,2026-01-04 00:00:00,3100.04925,3125.5464450000004,1398.9977808565602,1.0,35670.51922306751,3472.3474950328614,3498.1060324152895,2167.3973119920665,2187.409975246793,4354.807287238859,0.0,0.0,28700.06569561936,0.8224770945171396,SIGNAL_EXIT,3
SOLUSDT,2026-01-04 00:00:00,2026-01-04 08:00:00,133.436685,133.7331,32716.93333013411,1.0,9697.789793051576,3495.3075475893575,3500.269533385727,2181.7286991202145,2188.7628397861013,4370.491538906315,0.0,0.0,2702.2127120764912,0.22213906168307168,SIGNAL_EXIT,2
BTCUSDT,2026-01-04 08:00:00,2026-01-06 16:00:00,91577.76599999999,93602.17550000001,47.70087073188719,1.0,96566.0958679055,3497.4693177590184,3571.9242189991355,2183.0780499150105,2233.5694215846743,4416.647471499685,0.0,0.0,89496.70233114735,2.2105906143201,SIGNAL_EXIT,14
SOLUSDT,2026-01-06 16:00:00,2026-01-08 12:00:00,141.660795,134.73260000000002,31467.87565924853,1.0,-218015.578803027,3569.066679623936,3391.7989632378153,2227.7682572966237,2120.9348194331033,4348.703076729727,0.0,0.0,-224976.44444588874,-4.890693293087892,SIGNAL_EXIT,11
SOLUSDT,2026-01-08 16:00:00,2026-01-09 20:00:00,136.478205,135.73210000000003,31015.705544778848,1.0,-23140.97298548634,3389.0855240672254,3367.8614772595824,2115.4261966818294,2105.966406489873,4221.392603171702,0.0,0.0,-29897.919986813147,-0.546684358868855,SIGNAL_EXIT,7
SOLUSDT,2026-01-10 00:00:00,2026-01-10 04:00:00,136.02798,136.081925,30898.74463995672,1.0,1666.8327796024282,3365.167188077775,3363.808520550994,2100.496660624434,2103.4320413648443,4203.928701989278,0.0,0.0,-5062.14292902634,0.03965728227383719,SIGNAL_EXIT,1
BNBUSDT,2026-01-10 04:00:00,2026-01-11 20:00:00,907.7636549999999,903.997775,4624.591105373631,1.0,-17415.655151903575,3361.117473734553,3344.496055634043,2097.9688779078697,2091.3557126275837,4189.324590535453,0.0,0.0,-24121.268681272173,-0.414852476110625,SIGNAL_EXIT,10
SOLUSDT,2026-01-11 20:00:00,2026-01-13 20:00:00,139.48970999999997,144.16788000000003,29922.879279253862,1.0,139984.31615782858,3341.820458789535,3451.1344553487666,2085.9239145563797,2158.038053619309,4243.9619681756885,0.0,0.0,133191.36124369028,3.3537742676503175,SIGNAL_EXIT,12
BNBUSDT,2026-01-13 20:00:00,2026-01-14 08:00:00,941.97075,936.9812750000001,4572.348516323704,1.0,-22813.618613483555,3448.373547784488,3427.363954055474,2152.4330640591675,2143.174058313597,4295.607122372765,0.0,0.0,-29689.35611532352,-0.5296847062395362,SIGNAL_EXIT,3
ETHUSDT,2026-01-14 08:00:00,2026-01-14 16:00:00,3337.44789,3344.137095,1281.6238927261259,1.0,8573.04495134323,3424.62206289223,3428.740801202991,2137.6076744386137,2144.035018260872,4281.642692699486,0.0,0.0,1719.6820872480093,0.200428747368401,SIGNAL_EXIT,2
BTCUSDT,2026-01-14 16:00:00,2026-01-17 16:00:00,96812.952285,95525.863175,44.1993675628975,1.0,-56888.52465909265,3425.997808562028,3377.7461905879045,2138.4663982478482,2112.1474428383426,4250.613841086191,0.0,0.0,-63692.26865824258,-1.329459622521417,SIGNAL_EXIT,18
BNBUSDT,2026-01-17 16:00:00,2026-01-20 08:00:00,955.847685,917.3111150000001,4410.1482006002425,1.0,-169951.98484280473,3375.043993635434,3236.382370566282,2106.661643203512,2023.750857031982,4130.412500235494,0.0,0.0,-176563.41120700643,-4.031664312708972,SIGNAL_EXIT,16
BTCUSDT,2026-03-04 16:00:00,2026-03-05 20:00:00,73433.568435,70882.62096,55.002199588703895,1.0,-140307.7221602499,3233.793264669829,3118.960052329893,2018.49464646299,1950.3251953039203,3968.81984176691,0.0,0.0,-146660.47547724962,-3.473816579209241,SIGNAL_EXIT,7
BTCUSDT,2026-03-10 16:00:00,2026-03-10 20:00:00,71381.843085,70008.608185,54.53017843544167,1.0,-74882.74413077567,3116.464884288029,3054.065517075978,1945.2596903927963,1909.745821083031,3855.005511475827,0.0,0.0,-81053.27453213967,-1.923787395577299,SIGNAL_EXIT,1
BNBUSDT,2026-03-13 04:00:00,2026-03-14 08:00:00,661.900785,651.863905,5758.379948987723,1.0,-57796.16854239588,3051.6222646623173,3002.9440320166705,1904.7857114258559,1877.7789094652053,3782.564620891061,0.0,0.0,-63850.73483907486,-1.5163722762468088,SIGNAL_EXIT,7
BNBUSDT,2026-03-15 08:00:00,2026-03-16 04:00:00,660.35001,680.129765,5675.288101096615,1.0,112255.8081941064,3000.5416767910574,3087.9458900049094,1872.901826242983,1930.9316470766462,3803.833473319629,0.0,0.0,106167.32062731044,2.995344090325678,SIGNAL_EXIT,5
ETHUSDT,2026-03-16 04:00:00,2026-03-18 20:00:00,2236.787835,2184.757075,1722.8987393356595,1.0,-89643.73081067642,3085.475533292906,3011.2921682177303,1925.9165122853005,1882.9991046882928,3808.9156169735934,0.0,0.0,-95740.49851218706,-2.3261374720414687,SIGNAL_EXIT,16
ETHUSDT,2026-03-19 00:00:00,2026-03-19 08:00:00,2204.4916949999997,2165.59666,1704.744473972474,1.0,-66306.0959812152,3008.8831344831565,2953.4311511905976,1878.1084632528252,1846.8178784327945,3724.9263416856197,0.0,0.0,-72268.41026688895,-1.764353891113187,SIGNAL_EXIT,2
SOLUSDT,2026-03-24 00:00:00,2026-03-24 04:00:00,91.48571999999999,90.29483,40289.17780207433,1.0,-47979.978952711564,2951.068406269645,2910.3235683824605,1842.0212091103815,1819.86216131965,3661.8833704300314,0.0,0.0,-53841.37092736367,-1.3017222797175143,SIGNAL_EXIT,1
SOLUSDT,2026-03-24 08:00:00,2026-03-24 16:00:00,91.75585499999998,89.69513,39584.24387849872,1.0,-81572.24096651834,2907.9953095277547,2840.4111205069175,1815.1355030481184,1776.1450228277965,3591.280525875915,0.0,0.0,-87320.64739655302,-2.24587847827256,SIGNAL_EXIT,2
SOLUSDT,2026-03-25 08:00:00,2026-03-26 08:00:00,91.86590999999999,89.05545,38587.059669049486,1.0,-108447.38771747651,2838.138791610512,2749.110370403242,1771.531909405758,1719.0535082561923,3490.5854176619505,0.0,0.0,-114034.63687949027,-3.0593067656979533,SIGNAL_EXIT,6
ETHUSDT,2026-04-06 04:00:00,2026-04-07 00:00:00,2130.414675,2106.10642,1610.4338661446473,1.0,-39146.83707887982,2746.91108210692,2713.39608357813,1714.58867643768,1696.7209126923287,3411.309589130009,0.0,0.0,-44607.14424456487,-1.1410104936495482,SIGNAL_EXIT,5
ETHUSDT,2026-04-08 00:00:00,2026-04-10 00:00:00,2241.130005,2189.074915,1510.9879727938287,1.0,-78654.61491270005,2711.2253667112677,2646.1326944877387,1692.3140844685963,1654.6602641868187,3346.9743486554153,0.0,0.0,-84011.97297389906,-2.3227162138681834,SIGNAL_EXIT,12
BTCUSDT,2026-04-10 00:00:00,2026-04-11 20:00:00,71823.87399,73650.31642,45.978802536975955,1.0,83977.63583412499,2644.0157883321485,2709.082684368783,1650.3626784740445,1694.0236895753067,3344.3863680493514,0.0,0.0,78624.53736142405,2.542946138291433,SIGNAL_EXIT,11
ETHUSDT,2026-04-11 20:00:00,2026-04-16 20:00:00,2317.11798,2358.5101550000004,1459.1131684017178,1.0,60395.867611288966,2706.9154182212874,2753.0665799757417,1689.6238667457515,1721.5273761724275,3411.151242918179,0.0,0.0,54935.88561309194,1.786364585544341,SIGNAL_EXIT,30
SOLUSDT,2026-04-16 20:00:00,2026-04-18 00:00:00,90.14504999999998,88.725615,38114.45325353961,1.0,-54100.98895393718,2750.8641267117614,2705.3826442472423,1717.056119071546,1691.7100076580214,3408.766126729567,0.0,0.0,-59557.235724896185,-1.5746122499238493,SIGNAL_EXIT,7
BNBUSDT,2026-04-18 00:00:00,2026-04-19 04:00:00,643.44156,622.9483700000001,5247.28260376385,1.0,-107533.55938262683,2703.2183381318446,2615.028915955237,1687.3161940661814,1635.2106778105233,3322.5268718767047,0.0,0.0,-112851.80663671391,-3.1849341531498077,SIGNAL_EXIT,7
BTCUSDT,2026-04-19 04:00:00,2026-05-07 08:00:00,75553.51787999998,81477.81071500001,43.19531731558427,1.0,255901.70887826858,2612.936892822473,2815.5679104108303,1630.9636077633256,1760.6102491310237,3391.5738568943493,0.0,0.0,250473.20407503526,7.841187281854242,SIGNAL_EXIT,109
SOLUSDT,2026-05-07 08:00:00,2026-05-13 00:00:00,90.215085,94.23286,38949.48394325676,1.0,156490.26285011845,2813.3154560825014,2936.25701399773,1756.0374835817413,1836.078673085079,3592.11615666682,0.0,0.0,150740.69038003823,4.453551199336563,SIGNAL_EXIT,34
BNBUSDT,2026-05-13 00:00:00,2026-05-18 00:00:00,665.282475,649.15526,5508.11308004886,1.0,-88830.52388626005,2933.908008386532,2860.496462870815,1831.309896288866,1788.704641615176,3620.014537904042,0.0,0.0,-94624.92835751739,-2.4241154105254283,SIGNAL_EXIT,30
BNBUSDT,2026-05-21 04:00:00,2026-05-21 12:00:00,655.137405,647.45611,5449.088766439686,1.0,-41856.0582962092,2858.208065700518,2822.43665261099,1784.058907576179,1764.9053605621814,3548.9642681383602,0.0,0.0,-47536.70301452071,-1.1724708345724784,SIGNAL_EXIT,2
BNBUSDT,2026-05-22 04:00:00,2026-05-22 08:00:00,659.94981,659.160255,5337.380429593331,1.0,-4214.155405087297,2820.1787032889015,2814.5512360022003,1760.3214394839215,1759.974509756267,3520.2959492401887,0.0,0.0,-9848.8853443784,-0.11963864342955874,SIGNAL_EXIT,1
BNBUSDT,2026-05-25 16:00:00,2026-05-25 20:00:00,668.11389,662.038815,5257.430277600926,1.0,-31939.28324369629,2812.2995950133986,2784.4983287424307,1755.4033953881558,1741.1820464872887,3496.5854418754443,0.0,0.0,-37536.08116745212,-0.9092873372232944,SIGNAL_EXIT,1
SOLUSDT,2026-07-07 00:00:00,2026-07-07 04:00:00,81.98097,81.009475,42388.57068743168,1.0,-41180.28447998663,2782.270730079437,2747.1006859113836,1736.6597410641398,1717.796827108269,3454.456568172409,0.0,0.0,-46709.65589597745,-1.1850250125120554,SIGNAL_EXIT,1
ETHUSDT,2026-07-10 12:00:00,2026-07-13 00:00:00,1802.12061,1805.8966,1902.4164279980996,1.0,7183.50540795672,2744.9030053626548,2748.4538872847306,1713.335259219207,1718.6430010533302,3431.978260272537,0.0,0.0,1690.1485153093345,0.20953037099997943,SIGNAL_EXIT,15
ETHUSDT,2026-07-14 16:00:00,2026-07-17 00:00:00,1876.15761,1863.7776450000001,1828.2433372399098,1.0,-22633.588526513016,2746.255124174903,2725.951249254352,1714.1792354294198,1704.5718166921624,3418.7510521215822,0.0,0.0,-28105.79489994227,-0.659857409314341,SIGNAL_EXIT,14
ETHUSDT,2026-07-17 20:00:00,2026-07-21 12:00:00,1844.6818799999999,1934.7221550000002,1844.2146457417532,1.0,166053.59386161558,2723.7704882549488,2854.4343469536375,1700.1445976161745,1784.913923807738,3485.0585214239127,0.0,0.0,160475.38902640698,4.88107331547054,SIGNAL_EXIT,22
BTCUSDT,2026-07-21 12:00:00,2026-07-24 16:00:00,66378.76279499999,64061.813070000004,53.66680845720662,1.0,-124343.2970965517,2852.150799476075,2750.394441159253,1780.2780352547152,1719.8564539513363,3500.1344892060515,0.0,0.0,-129945.84233718703,-3.4904985080175512,SIGNAL_EXIT,19
ETHUSDT,2026-07-25 20:00:00,2026-07-28 00:00:00,1875.707385,1891.5837350000002,1829.9733158444114,1.0,29053.296853006843,2748.194125606325,2769.2382077882453,1715.3895366727209,1731.639699717168,3447.029236389889,0.0,0.0,23535.86451961227,0.8464193363508152,SIGNAL_EXIT,13
ETHUSDT,2026-07-29 08:00:00,2026-07-29 16:00:00,1925.672355,1891.163945,1794.7038029272103,1.0,-61932.37465997122,2767.022817222015,2715.2632992402605,1727.1421782658156,1697.8885062781,3425.0306845439154,0.0,0.0,-67414.66077643349,-1.7920187673878671,SIGNAL_EXIT,2
BNBUSDT,2026-07-30 12:00:00,2026-07-31 08:00:00,589.2945,589.475115,5750.351937210485,1.0,1038.5998151392077,2713.0910886008683,2711.751495582099,1693.4786455083204,1695.6925310044405,3389.171176512761,0.0,0.0,-4386.24276904376,0.030649361227703443,SIGNAL_EXIT,5
BNBUSDT,2026-08-04 16:00:00,2026-08-05 12:00:00,593.5766399999999,596.32169,5701.484539364043,1.0,15650.860134781868,2709.582094385633,2719.9351168179496,1691.2883737564432,1700.8098529377728,3392.098226694216,0.0,0.0,10221.342923578286,0.4624592369403395,SIGNAL_EXIT,5
BNBUSDT,2026-08-05 16:00:00,2026-08-10 20:00:00,600.17994,600.37966,5655.772503387725,1.0,1129.570884376351,2717.7591687244953,2716.4886180970166,1696.392404666071,1698.654713667501,3395.047118333572,0.0,0.0,-4304.6769024451605,0.03327668698823166,SIGNAL_EXIT,31
BNBUSDT,2026-08-11 12:00:00,2026-08-11 16:00:00,608.74422,608.1857550000001,5569.137015503771,1.0,-3110.168103363066,2714.3154272025395,2709.655840378087,1694.2428628564828,1694.3820912815188,3388.6249541380016,0.0,0.0,-8534.139370943692,-0.09174050145395311,SIGNAL_EXIT,1
SOLUSDT,2026-08-17 16:00:00,2026-08-19 16:00:00,76.148055,81.789085,44408.91703033681,1.0,250512.03323564088,2707.4881157057844,2905.731751801732,1689.981337589465,1816.9908402961532,3506.9721778856183,0.0,0.0,244898.81336813336,7.407976474251379,SIGNAL_EXIT,12
ETHUSDT,2026-08-19 16:00:00,2026-08-21 04:00:00,2086.872915,2339.879475,1737.6983163509803,1.0,439649.07333775377,2903.4071664002904,3252.803699337373,1812.2716395971715,2034.0193217467274,3846.2909613438987,0.0,0.0,433492.86247201613,12.123716695034123,SIGNAL_EXIT,9
BTCUSDT,2026-08-21 04:00:00,2026-08-22 04:00:00,74548.025385,78371.77451,54.454851058104936,1.0,208221.6890854342,3250.201456377903,3414.1786464811485,2028.7364412871798,2134.9291186096416,4163.665559896821,0.0,0.0,201557.30898257514,5.129242666391789,SIGNAL_EXIT,6
BNBUSDT,2026-08-22 04:00:00,2026-08-25 00:00:00,718.469055,703.957845,5930.5235938817,1.0,-86059.0732807721,3411.447303563963,3339.870887096494,2129.384149001266,2088.463536202966,4217.847685204232,0.0,0.0,-92810.39147143257,-2.0197404326620587,SIGNAL_EXIT,17
SOLUSDT,2026-08-25 00:00:00,2026-09-05 00:00:00,99.02949,101.87903500000002,42090.104058832716,1.0,119937.64557032732,3337.1989903868166,3430.479347650769,2083.039249871277,2145.1221533580233,4228.1614032293,0.0,0.0,113169.96723228974,2.8774711452114117,SIGNAL_EXIT,66
BNBUSDT,2026-09-05 00:00:00,2026-09-11 16:00:00,721.74069,728.2157100000001,5931.827080792185,1.0,38408.69898467152,3427.7349641726482,3455.7197353890474,2139.550709770796,2160.9052872616826,4300.455997032479,0.0,0.0,31525.244285109828,0.8971393867235179,SIGNAL_EXIT,40
ETHUSDT,2026-09-11 16:00:00,2026-09-15 16:00:00,2560.7097149999995,2422.06836,1684.1975367525483,1.0,-233499.4285830344,3452.9551596007364,3263.393252606628,2155.29285074473,2040.6411034308383,4195.933954175568,0.0,0.0,-240215.77699524176,-5.414176944300745,SIGNAL_EXIT,24
BNBUSDT,2026-09-15 16:00:00,2026-09-18 16:00:00,719.429535,757.14124,5661.037241079732,1.0,213487.36642961303,3260.782538004543,3428.96380511783,2035.3410244712452,2144.174465431036,4179.515489902281,0.0,0.0,206797.62008649067,5.241890020542464,SIGNAL_EXIT,18
SOLUSDT,2026-09-18 16:00:00,2026-09-20 16:00:00,111.18556499999998,108.68563,38488.355677808504,1.0,-96218.3874514014,3426.220634073736,3346.5049476053555,2138.6054832369373,2092.611898202125,4231.217381439063,0.0,0.0,-102991.11303308049,-2.248434857528475,SIGNAL_EXIT,12
ETHUSDT,2026-09-20 16:00:00,2026-09-21 16:00:00,2612.98584,2752.613005,1598.3404073155796,1.0,223171.73977842016,3343.8277436472713,3519.6900732750896,2087.1768374889593,2200.906749170916,4288.083586659875,0.0,0.0,216308.2219614978,5.343586745192631,SIGNAL_EXIT,6
