entry_time,exit_time,symbol,entry_price,exit_price,units,leverage,gross_pnl_usdt,entry_fee_usdt,exit_fee_usdt,slippage_cost_usdt,funding_cost_usdt,borrow_cost_usdt,net_pnl_usdt,gross_ret_pct,exit_reason,bars_held
2020-11-04 08:00:00,2020-11-06 12:00:00,BTCUSDT,13607.260229999998,15564.563825000001,2.2029416277283915,3.0,4311.825567527939,24.0,27.430260454022356,17.152489028276513,4.279375667009905,13.801798381329741,4242.314133025577,43.152777897597474,SIGNAL_EXIT,13
2020-11-06 12:00:00,2020-11-07 12:00:00,ETHUSDT,443.61169499999994,443.83217001241496,96.23903365567826,3.0,21.218302140045413,34.18155391926139,34.171183317838015,64.16721955026706,110.43840642608065,7.979239834143371,-165.55208135727798,0.1491000000000151,STOP_LOSS,7
2020-11-07 16:00:00,2020-11-07 16:00:00,ETHUSDT,448.10393999999997,425.08963337571424,94.16677283864296,3.0,-2167.1829839279894,33.78422892400392,32.023455153722324,60.13417968275208,0.0,0.0,-2232.9906680057156,-15.407791297897798,STOP_LOSS,1
2020-11-07 20:00:00,2020-11-09 08:00:00,ETHUSDT,431.25552,444.5776,82.32448618783353,3.0,1096.7333909532156,28.425051320790203,29.279697992496146,18.30896572817362,63.994301471528516,8.9505229947705,966.0838171736305,9.267415290127785,SIGNAL_EXIT,9
2020-11-09 08:00:00,2020-11-09 12:00:00,BTCUSDT,15310.921634999999,15794.498800000001,2.507936678498102,3.0,1212.7809089876348,30.743652482006908,31.68928228721141,19.815709284145257,3.9631393488931623,2.4112187079736325,1143.9736161615497,9.47514153350317,SIGNAL_EXIT,1
2020-11-09 12:00:00,2020-11-09 12:00:00,ETHUSDT,458.44911,437.204817585,91.23803787476542,3.0,-1938.2875559823635,33.48918916079464,31.911767764680114,59.92445123562719,0.0,0.0,-2003.6885129078382,-13.901843379083022,STOP_LOSS,1
2020-11-09 16:00:00,2020-11-09 20:00:00,ETHUSDT,437.92885499999994,446.326725,81.79808242035105,3.0,686.9296624153991,28.68033672981582,29.20693619036429,18.263466852403962,9.345465271719723,2.2220910366225106,617.4748331868767,5.752900205673867,SIGNAL_EXIT,1
2020-11-09 20:00:00,2020-11-10 12:00:00,NEARUSDT,0.8770383,0.8774741880351001,42954.433273325616,3.0,18.72332351834761,30.162276329464323,30.153125167215432,56.6220427526561,7.897602101633648,4.804990251203071,-54.29467033116887,0.14910000000002901,STOP_LOSS,5
2020-11-10 16:00:00,2020-11-11 08:00:00,NEARUSDT,0.90275115,0.90319981732155,41550.685847053464,3.0,18.642434927563908,30.031969120669523,30.022857493315044,56.377423935867895,7.908342037269687,4.811524549255266,-54.13225827294562,0.1491000000000075,STOP_LOSS,5
2020-11-11 12:00:00,2020-11-12 04:00:00,ETHUSDT,460.22999999999996,457.65106000000003,81.14999581582524,3.0,-209.2809702092588,29.902051700814454,29.71070528328639,18.578480042072265,22.318293756211503,4.573529583942407,-295.7855505335136,-1.6810768528778646,SIGNAL_EXIT,4
2020-11-12 04:00:00,2020-11-15 16:00:00,BTCUSDT,15635.954069999998,16019.176405000002,2.3318702296519342,3.0,893.6247543242099,29.192166379534022,29.88371244988976,18.686663612984166,35.33214661441618,22.789858459759515,776.4268704206104,7.352714134699504,SIGNAL_EXIT,21
2020-11-15 16:00:00,2020-11-15 16:00:00,SOLUSDT,2.19759825,2.064660891910714,17650.37490124085,3.0,-2346.394208656399,31.05559086854349,29.153631028923538,54.7451759431452,0.0,0.0,-2406.6034305538656,-18.147633411514484,STOP_LOSS,1
2020-11-15 20:00:00,2020-11-16 04:00:00,BTCUSDT,15863.217645,15998.49675,1.9904157692329607,3.0,269.2616638397207,25.279742635214212,25.47492817217782,15.929795005113201,3.1859590010227388,1.938373413049046,213.3826606182569,2.5583543268595106,SIGNAL_EXIT,2
2020-11-16 04:00:00,2020-11-16 20:00:00,SOLUSDT,2.16017955,2.2410789,14912.665206395386,3.0,1206.4249219650048,25.791861020698033,26.73636746945348,16.718588962886347,6.7360508737287965,4.098289374844502,1143.0623532262803,11.2350869167334,SIGNAL_EXIT,4
2020-11-16 20:00:00,2020-11-17 04:00:00,BTCUSDT,16787.319465,16565.283215,2.1230595032869912,3.0,-471.39617063670835,28.535210668441106,28.135265563396988,17.59333764594659,3.518669652248722,2.140798328237111,-533.7261148490322,-3.9679280029713966,SIGNAL_EXIT,2
2020-11-17 04:00:00,2020-11-17 08:00:00,SOLUSDT,2.2974481499999997,2.2466760999999997,14816.691607604504,3.0,-752.2738071358756,27.25426799280343,26.63064553270049,16.652479697787687,0.0,0.0,-806.1587206613794,-6.62979706419054,SIGNAL_EXIT,1
2020-11-17 08:00:00,2020-11-18 12:00:00,BTCUSDT,16758.375,17526.75387475,1.8870588193638664,3.0,1449.9761322098716,25.319487063216123,26.459212379333447,49.685551538558784,17.226548368402824,8.147086053065811,1372.8237983458534,13.755132130949455,STOP_LOSS,8
2020-11-18 16:00:00,2020-11-21 04:00:00,BTCUSDT,17882.826944999997,18650.140265,1.9985216023057852,3.0,1533.4922457569812,28.61426417924617,29.81816656450836,18.645676941287057,83.35037547676068,17.606798703483953,1374.102640832982,12.872349361092667,SIGNAL_EXIT,15
2020-11-21 04:00:00,2020-11-21 12:00:00,NEARUSDT,1.0437215999999998,1.102,38188.56104543531,3.0,2225.568236030308,31.912110517245324,33.66703541765577,761.8617928564311,4.207615655986062,2.5599608523757316,2153.221513587045,16.751133635636258,STOP_LOSS,3
2020-11-21 16:00:00,2020-11-22 00:00:00,NEARUSDT,1.17908925,1.0996729768392859,39278.386131641804,3.0,-3119.343042342474,37.07984214985424,34.55470384226037,64.88740080544243,4.575146416613638,2.7835707151045024,-3198.336305466307,-20.206173492137477,STOP_LOSS,3
2020-11-22 04:00:00,2020-11-22 08:00:00,BNBUSDT,30.49053765,29.9302274,1204.4848259965706,3.0,-674.8851939753457,29.403835016735098,28.840403793541437,18.03426950571639,0.0,0.0,-733.1294327856223,-5.512958706387396,SIGNAL_EXIT,1
2020-11-22 08:00:00,2020-11-22 08:00:00,ETHUSDT,542.5911600000001,518.2946929028573,63.63494965193304,3.0,-1546.1044604465294,27.644324378049603,26.385325350189937,49.546805239463424,0.0,0.0,-1600.134110174769,-13.433577003250177,STOP_LOSS,1
2020-11-22 12:00:00,2020-11-23 00:00:00,ETHUSDT,523.2715049999999,551.0082460000001,56.817921204259086,3.0,1575.9439646009519,23.804002513630152,25.04571448330001,47.03126154850536,24.033288899847346,1.9808881823820264,1501.0800705217923,15.901921317118253,STOP_LOSS,4
2020-11-23 04:00:00,2020-11-24 04:00:00,ETHUSDT,574.0768949999999,612.75347,59.627616190545666,3.0,2306.191969664858,27.406594682882453,29.22962298286803,18.27765319088513,104.4007427015107,6.537207425469774,2138.617801872127,20.21153019927761,SIGNAL_EXIT,6
2020-11-24 04:00:00,2020-11-24 12:00:00,BNBUSDT,32.85491925,32.87124814486725,1237.0006808588355,3.0,20.19885406846084,32.53927740737556,32.52940506870442,61.08426089516123,4.081322936405217,2.4831229364394045,-51.43427428046376,0.1491000000000018,STOP_LOSS,3
2020-11-24 16:00:00,2020-11-24 20:00:00,BNBUSDT,33.0663249,33.00858745,1224.4293317649267,3.0,-70.69542732130797,32.41583514910245,32.33334613912612,20.218450562236928,4.043763578206894,2.4602713990155256,-141.94864358675898,-0.5238330855449647,SIGNAL_EXIT,1
2020-11-24 20:00:00,2020-11-25 00:00:00,NEARUSDT,1.27133535,1.24727605,31511.648635596648,3.0,-758.1482080184106,32.075158404494225,31.442979711355903,19.66169316618178,0.0,0.0,-821.6663461342607,-5.6773297462388665,SIGNAL_EXIT,1
2020-11-25 00:00:00,2020-11-25 20:00:00,BNBUSDT,33.962072549999995,32.40388995,1107.0833722732048,3.0,-1725.0380474254246,30.103159173772003,28.69904620849265,17.945876818715025,10.93768480554875,6.6546108787276586,-1801.4325484919657,-13.764023950888078,SIGNAL_EXIT,5
2020-11-25 20:00:00,2020-11-25 20:00:00,AVAXUSDT,4.25482635,3.962405955117858,7567.61121418779,3.0,-2212.9238595673196,25.779721057391278,23.98875819289151,45.04649134869132,0.0,0.0,-2262.6923388176024,-20.61802556634129,STOP_LOSS,1
2020-11-26 00:00:00,2020-11-26 00:00:00,ETHUSDT,569.66469,538.263581715,44.61611451789659,3.0,-1400.9954432324298,20.34925944422903,19.212183682087705,36.07695984367957,0.0,0.0,-1440.5568863587466,-16.536626985779986,STOP_LOSS,1
2020-11-26 04:00:00,2020-11-26 08:00:00,ETHUSDT,532.32603,495.4585114907143,39.633627766226425,3.0,-1461.1935052614913,16.89192291696804,15.709454574425273,29.499476541859785,0.0,0.0,-1493.7948827528846,-20.777220968859446,STOP_LOSS,2
2020-11-26 12:00:00,2020-11-26 20:00:00,ETHUSDT,512.9463450000001,499.90992000000006,32.40146332020951,3.0,-422.3992464641625,13.306815198361118,12.958250349031099,8.102957947116975,1.6205267864969584,0.9859467862176337,-451.27078558426933,-7.624437795730861,SIGNAL_EXIT,2
2020-11-26 20:00:00,2020-11-27 08:00:00,NEARUSDT,0.9452723999999999,0.99600375,16151.410827064907,3.0,819.3828756616202,12.22376531295887,12.869492601237798,24.166548449995492,1.6474439043606206,1.0023234645132684,791.6398503785496,16.10054942892654,STOP_LOSS,4
2020-11-27 12:00:00,2020-11-28 16:00:00,NEARUSDT,0.9565780499999998,1.0292851,18441.25786848274,3.0,1340.809457906672,14.123700953867392,15.185049559429634,9.495403676481482,5.4490228749792795,3.3152470149695206,1302.7364375034258,22.8022323949416,SIGNAL_EXIT,7
2020-11-28 16:00:00,2020-12-01 08:00:00,ETHUSDT,533.776755,585.7355767500001,40.36441271490108,3.0,2097.287325296982,17.250268403875612,18.914298049390094,35.51758522043439,45.246893651107605,11.237815960659356,2004.6380492319493,29.202557771553817,STOP_LOSS,17
2020-12-01 12:00:00,2020-12-01 12:00:00,ETHUSDT,616.117905,588.1390140353571,44.72307658843049,3.0,-1251.3020834710658,22.061399722032295,21.04270893547782,39.514350780190746,0.0,0.0,-1294.4061921285759,-13.623475671256205,STOP_LOSS,1
2020-12-01 16:00:00,2020-12-02 08:00:00,ETHUSDT,604.1119049999999,597.32119,39.18905761556499,3.0,-266.12172138587607,18.954824860923715,18.726763623926274,11.710082306107097,14.673247901337255,2.8258323708154425,-321.3023901428788,-3.372246901838426,SIGNAL_EXIT,4
2020-12-02 08:00:00,2020-12-03 12:00:00,NEARUSDT,1.16508225,1.1639177500000002,19493.422208261625,3.0,-22.70009016151658,18.1836991245808,18.150992093151924,11.35004508075829,9.23169488938854,5.616667359883513,-73.88314362852135,-0.29985007496246485,SIGNAL_EXIT,7
2020-12-03 12:00:00,2020-12-04 08:00:00,ETHUSDT,613.9268099999999,603.97786,36.63297925572036,3.0,-364.4596789661979,18.006379579872355,17.700406733035496,11.06828835232366,34.458968872576484,2.7111023479600416,-437.33653649964225,-4.861630004397415,SIGNAL_EXIT,5
2020-12-04 08:00:00,2020-12-04 16:00:00,NEARUSDT,1.1947971,1.1280881400642857,17726.029041624926,3.0,-1182.4849611570644,16.95677189227321,15.997218505833741,30.039844465135577,2.0471790940172627,1.2455268653234544,-1218.731657514512,-16.74986320331232,STOP_LOSS,3
2020-12-04 20:00:00,2020-12-04 20:00:00,NEARUSDT,1.16168055,1.0935556095321428,15086.538271544388,3.0,-1027.769521615011,14.03181591423838,13.198374844214978,24.784129026442756,0.0,0.0,-1054.9997123734643,-17.59303118258902,STOP_LOSS,1
2020-12-05 00:00:00,2020-12-05 00:00:00,NEARUSDT,1.10265105,1.0328066555678572,13026.125481015084,3.0,-909.8018460186026,11.499816604542064,10.762775274443548,20.21051941870806,0.0,0.0,-932.0644378975883,-19.002673900907112,STOP_LOSS,1
2020-12-05 04:00:00,2020-12-07 00:00:00,ETHUSDT,576.288,601.289205,20.075577801431272,3.0,501.9136361070331,9.262861953587851,9.656982572910607,6.038633424781393,7.403559922184382,3.6277785927669055,471.96245306558336,13.014953460769629,SIGNAL_EXIT,11
2020-12-07 00:00:00,2020-12-07 12:00:00,BTCUSDT,19368.349335,19094.238105,0.6703756218335793,3.0,-183.75748626281637,10.39557184094525,10.240249394462241,6.403357550314402,2.5733212917365456,1.5656377164721547,-208.53226650643256,-4.245760316363045,SIGNAL_EXIT,3
2020-12-07 12:00:00,2020-12-07 16:00:00,ETHUSDT,590.905305,594.112795,20.915318922819516,3.0,67.08567629175452,9.895094401329814,9.940846866842154,6.216137360455793,0.0,0.0,47.24973502358256,1.6284284332157113,SIGNAL_EXIT,1
2020-12-07 16:00:00,2020-12-07 20:00:00,BTCUSDT,19223.50695,18957.526495,0.6502772228543674,3.0,-172.96103161094157,10.008493765386413,9.86211814508535,6.166907294325605,1.2333814588651015,0.7504031995528793,-194.81542817983134,-4.150862623950113,SIGNAL_EXIT,1
2020-12-07 20:00:00,2020-12-08 00:00:00,ETHUSDT,587.5936499999999,590.974365,20.28039272625864,3.0,68.56222789555596,9.540936737754814,9.588153770681057,5.995593903626408,0.0,0.0,49.4331373871201,1.7260474138888957,SIGNAL_EXIT,1
2020-12-08 00:00:00,2020-12-08 08:00:00,BTCUSDT,19176.48345,18787.63180946786,0.6291461513026986,3.0,-244.6445130685356,9.659576267483903,9.456132996015087,17.75688469456856,1.205112465874234,0.7332040251725508,-265.6985388230813,-6.083257781011025,STOP_LOSS,3
2020-12-08 12:00:00,2020-12-08 20:00:00,ETHUSDT,573.996855,570.7844650000001,19.631384248806253,3.0,-63.06366244702103,9.021899774308508,8.964231324531443,5.605447301482533,1.9892959722784607,0.6820954242487354,-83.72118494238816,-1.6789586765244109,SIGNAL_EXIT,2
2020-12-08 20:00:00,2020-12-08 20:00:00,BTCUSDT,18805.137870000002,18380.45434176643,0.5858712799816351,3.0,-248.80988227331886,8.820968930446776,8.614864249483762,16.1771361720402,0.0,0.0,-266.24571545324943,-6.775013262376637,STOP_LOSS,1
2020-12-09 00:00:00,2020-12-09 04:00:00,ETHUSDT,555.19746,537.8209452385714,18.406590040028934,3.0,-319.84238353812657,8.181979213358977,7.919559723157789,14.87148170347567,1.4067135275473253,0.6183068822207484,-337.96894288441143,-9.389370096233089,STOP_LOSS,2
2020-12-09 08:00:00,2020-12-09 08:00:00,ETHUSDT,538.6992149999999,531.1669931897289,17.089678391855564,3.0,-128.72324831365023,7.3708537504363925,7.261978468785123,13.63666462590953,0.0,0.0,-143.35608053287174,-4.1946720547593115,STOP_LOSS,1
2020-12-09 12:00:00,2020-12-11 00:00:00,ETHUSDT,562.170945,541.1850907253571,15.611749816223101,3.0,-327.62590661544044,7.0267991571575,6.759076992539422,12.692307822744754,3.5234938747724724,2.143733439666878,-347.07901007957673,-11.199006882849236,STOP_LOSS,10
2020-12-11 04:00:00,2020-12-11 12:00:00,ETHUSDT,547.59366,538.660535,14.127388010071513,3.0,-126.20172301747034,6.193809532966515,6.087893106926165,3.8068366101334727,1.3240987526053902,0.4631728999611977,-140.2706973099296,-4.8940258000795795,SIGNAL_EXIT,2
2020-12-11 16:00:00,2020-12-11 20:00:00,ETHUSDT,554.467095,545.9668800000001,13.19391670017665,3.0,-112.15112864359091,5.857159859422685,5.762753228620274,3.6035225291515736,0.8928971582167436,0.43849278256728236,-125.10243167241788,-4.599126842684819,SIGNAL_EXIT,1
2020-12-11 20:00:00,2020-12-17 12:00:00,BTCUSDT,17984.06754,22576.085000000003,0.3859296902550275,3.0,1772.1958759834793,5.556914023408884,6.9702251929769385,13.08880544499819,15.911491713498823,7.820466563913001,1735.9367784896817,76.60142706514772,STOP_LOSS,35
2020-12-17 16:00:00,2020-12-17 20:00:00,BTCUSDT,23345.476905,22397.426010356787,0.5201962569390638,3.0,-493.17252678113005,9.723162291784117,9.320845740525785,17.502840023520772,2.543810953450003,0.7247404793275946,-515.4850862462175,-12.182885342215881,STOP_LOSS,2
2020-12-18 00:00:00,2020-12-19 16:00:00,BTCUSDT,22808.548575,23540.224000000002,0.46469469870275165,3.0,340.0056911685833,8.485998084793195,8.751213839260227,5.472244771922684,15.619623563683406,3.235697777683371,303.9131579031631,9.62369993768884,SIGNAL_EXIT,10
2020-12-19 16:00:00,2020-12-20 00:00:00,BNBUSDT,33.88803555,33.285149100000005,339.6485368133775,3.0,-204.769500607109,9.215389663760785,9.04420175154409,5.6554538216241035,1.1445068815293022,0.6963309036606903,-224.86992980760385,-5.337161982527423,SIGNAL_EXIT,2
2020-12-20 00:00:00,2020-12-20 08:00:00,BTCUSDT,23833.510799999996,23617.075555,0.4546519259951392,3.0,-98.40270099247843,8.675701832222538,8.590039109962778,5.371460173813633,7.487908468253703,0.6457995039748724,-123.80214990689232,-2.724339441422079,SIGNAL_EXIT,2
2020-12-20 08:00:00,2020-12-20 20:00:00,BNBUSDT,33.695439300000004,33.71218593333211,310.5714743978733,3.0,5.201026605152254,8.378576672445995,8.376034632392159,15.728657922618225,2.158418949914572,1.3132064491076565,-15.02521009870813,0.14910000000003973,STOP_LOSS,4
2020-12-21 00:00:00,2020-12-21 04:00:00,BNBUSDT,34.3243536,35.4556633,303.5687959493914,3.0,343.4303234748659,8.342516168209096,8.61058641405442,5.384308663115687,1.077198693986618,0.6553798427175407,324.7446423558982,9.887816503556785,SIGNAL_EXIT,1
2020-12-21 04:00:00,2020-12-21 04:00:00,NEARUSDT,1.5258625499999998,1.4099801168892856,7466.765098874208,3.0,-865.2669071237059,9.121903309863251,8.422392261516395,15.815709053923298,0.0,0.0,-882.8112026950855,-22.783657632343274,STOP_LOSS,1
2020-12-21 08:00:00,2020-12-21 08:00:00,NEARUSDT,1.32256095,1.1827734103607144,6613.640280866006,3.0,-924.5045029215327,7.003156423395046,6.257950295919103,11.751283730442903,0.0,0.0,-937.7656096408468,-31.70837751695729,STOP_LOSS,1
2020-12-21 12:00:00,2020-12-21 16:00:00,NEARUSDT,1.1981988,1.1987943048036,4954.016129344322,3.0,2.950140402137192,4.752518960257014,4.751077057410519,8.921651960585324,0.0,0.0,-6.55345561553034,0.14910000000003892,STOP_LOSS,2
2020-12-21 20:00:00,2020-12-22 04:00:00,NEARUSDT,1.3004499,1.15212365,4549.388286936618,3.0,-674.7937043952325,4.736790666779741,4.193166270730131,2.6220399391759344,0.5242715061865759,0.318972701307522,-684.5669055402363,-34.21729279997637,SIGNAL_EXIT,2
2020-12-22 04:00:00,2020-12-22 16:00:00,BTCUSDT,22862.615594999996,23331.008660000003,0.16901800980311163,3.0,79.16686365188076,3.0938300934831724,3.1546885203298904,1.9726666585349661,0.39076084972828434,0.2377433111131093,72.28984087722631,6.146187382459127,SIGNAL_EXIT,3
2020-12-22 16:00:00,2020-12-22 20:00:00,BNBUSDT,33.346865099999995,33.0236799,122.37701509681207,3.0,-39.55044009946592,3.2673257115885153,3.2330714989396716,2.021680527100972,0.40432998656941427,0.24599892710892945,-46.70116622367245,-2.907486497134007,SIGNAL_EXIT,1
2020-12-22 20:00:00,2020-12-23 04:00:00,BTCUSDT,23415.972135,23694.866640000004,0.1682995852224939,3.0,46.9378295123334,3.155242912651702,3.190268981931447,1.9949155714924525,0.4512499022716941,0.24274582967439662,39.898321885804165,3.573131664900709,SIGNAL_EXIT,2
2020-12-23 04:00:00,2020-12-23 08:00:00,BNBUSDT,33.86182245,31.619286555610714,119.9137351092827,3.0,-268.91085521285504,3.2509988851776317,3.0332694018992057,5.695924014582572,0.0,0.0,-275.19512349993187,-19.867825168305004,STOP_LOSS,2
2020-12-23 12:00:00,2020-12-27 12:00:00,BTCUSDT,23075.542004999996,26960.39865,0.1402165420288886,3.0,544.7211650398502,2.5905305887777956,3.0242350963386535,5.678959244501537,7.38287436205101,2.519628195339396,529.2038967973434,50.5061589993193,STOP_LOSS,25
2020-12-27 16:00:00,2020-12-27 20:00:00,ETHUSDT,698.0888699999999,664.091236695,6.907307240728796,3.0,-234.83209869526834,3.8606199410914197,3.6696657661823315,6.890959751218067,2.392198447075287,0.29665332306520387,-245.0512361726826,-14.610303114415752,STOP_LOSS,2
2020-12-28 00:00:00,2020-12-29 04:00:00,ETHUSDT,685.44255,699.6500000000001,5.963079941377946,3.0,84.72016011313075,3.272496974276981,3.3376551047880647,2.0870779794817387,12.522059516830987,1.0446949628775442,64.54325355435716,6.218223540397416,SIGNAL_EXIT,7
2020-12-29 04:00:00,2020-12-29 04:00:00,BNBUSDT,39.53905965,37.273019701596425,108.26821921462894,3.0,-245.34010988286457,3.427400782807438,3.2283867742749,6.062318679785091,0.0,0.0,-251.9958974399469,-17.193428233720578,STOP_LOSS,1
2020-12-29 08:00:00,2020-12-30 04:00:00,BNBUSDT,37.9545678,37.7601105,92.88580742475231,3.0,-18.062323320136944,2.8226106289515656,2.8059026817922947,1.7545664593498798,1.0615445212957078,0.6458556673789384,-25.39823681955545,-1.537026855565956,SIGNAL_EXIT,5
2020-12-30 04:00:00,2020-12-30 08:00:00,ETHUSDT,734.5671,732.87338,4.695700257839216,3.0,-7.953201440707366,2.761654860584632,2.7530829755435984,1.7215376285290684,0.0,0.0,-13.467939276835597,-0.6917216956762635,SIGNAL_EXIT,1
2020-12-30 08:00:00,2020-12-30 08:00:00,BTCUSDT,28403.214509999998,27290.067200020712,0.12001935291140266,3.0,-133.5992198387824,2.7293318063202263,2.620268965004144,4.920384886712701,0.0,0.0,-138.9488206101068,-11.75726757533775,STOP_LOSS,1
2020-12-30 12:00:00,2020-12-30 16:00:00,BTCUSDT,27850.868475,28139.673125,0.10744449294711292,3.0,31.030469180018613,2.3958546368559706,2.4187623284905,1.512482696654765,0.0,0.0,26.21585221467214,3.1109046052827107,SIGNAL_EXIT,1
2020-12-30 16:00:00,2020-12-31 04:00:00,ETHUSDT,734.417025,742.66848,4.181557583080007,3.0,34.503934226693765,2.458772682171184,2.4844088114068024,1.5535322732655439,4.582539550584456,0.3806009253852625,24.597612257146057,3.37061426374208,SIGNAL_EXIT,3
2020-12-31 04:00:00,2020-12-31 12:00:00,BTCUSDT,29038.522004999995,28895.834855,0.1082954870083385,3.0,-15.45237439908123,2.5178069515883337,2.503430806507798,1.5654269675511387,1.8893144606465984,0.1904847527907624,-22.55341137061472,-1.4741158311234888,SIGNAL_EXIT,2
2020-12-31 12:00:00,2021-01-01 12:00:00,NEARUSDT,1.29694815,1.4218190675,2372.5966042738673,3.0,296.2683148330623,2.4636787642988587,2.6987224731538695,5.0677061964579115,1.0133360096853687,0.6165250648325309,289.4760525210917,28.884173395829283,STOP_LOSS,7
2021-01-01 16:00:00,2021-01-01 20:00:00,AVAXUSDT,3.6632306999999997,3.5694144000000003,1076.8822699718307,3.0,-101.02911010435763,3.1584212903494784,3.0750712652337127,1.9228809812615197,0.3843069756848473,0.2338167013064703,-107.88072633693214,-7.683078764326753,SIGNAL_EXIT,1
2021-01-01 20:00:00,2021-01-02 00:00:00,BTCUSDT,29043.554519999998,29317.034150000003,0.12469151886643491,3.0,34.1005904437313,2.8995075471408414,2.924468413458114,1.828707111967004,0.0,0.0,28.27661448313234,2.8248570244218714,SIGNAL_EXIT,1
2021-01-02 00:00:00,2021-01-02 08:00:00,AVAXUSDT,3.65832825,3.66014643914025,1013.0985118553943,3.0,1.8420047122591428,2.9673714219003595,2.9664711285326466,5.570489099647974,0.39457147741232046,0.2400617400029328,-4.7264710555891165,0.14910000000001852,STOP_LOSS,3
2021-01-02 12:00:00,2021-01-02 20:00:00,BTCUSDT,29769.867495,31587.5475,0.12402066743956514,3.0,225.42988741165235,2.9560278913669453,3.134006978983174,5.885090721675892,0.8253961211673676,0.24920863260536952,218.26524778752952,18.31731369283344,STOP_LOSS,3
2021-01-03 00:00:00,2021-01-03 12:00:00,BTCUSDT,32192.538225,34396.323235,0.13501112315865588,3.0,297.5354894003101,3.479864486057015,3.7151089859884174,2.3231046685764225,10.409470234083818,0.5502498508770641,279.3807958433038,20.536917542170627,SIGNAL_EXIT,3
2021-01-03 12:00:00,2021-01-03 12:00:00,SOLUSDT,2.2668328499999997,2.0306929489392855,2286.8129058148693,3.0,-540.0077733234874,4.150378396080946,3.7150518747052907,6.976186544889536,0.0,0.0,-547.8732035942736,-31.25151919261019,STOP_LOSS,1
2021-01-03 16:00:00,2021-01-03 20:00:00,ETHUSDT,918.4089749999999,918.865424260575,3.856144700252854,3.0,1.760134397100726,2.835482707454688,2.8346224288064055,5.322901406120909,2.64398559318529,0.21620217662934135,-6.770158508974999,0.14910000000000895,STOP_LOSS,2
2021-01-04 00:00:00,2021-01-04 08:00:00,ETHUSDT,978.819165,1044.3,3.597420034643888,3.0,235.56206771421054,2.819234327033148,3.0054285937428897,217.72125662670027,10.859773032856303,0.22355712510977951,218.65407463546842,20.069335789926004,STOP_LOSS,3
2021-01-04 12:00:00,2021-01-05 04:00:00,ETHUSDT,977.458485,1001.75,4.272980584532632,3.0,103.7971719638832,3.3440041061582715,3.4243666404444517,325.2592820946235,7.461753247677782,0.5313951317367452,89.03565283786597,7.455513059462573,STOP_LOSS,5
2021-01-05 08:00:00,2021-01-05 16:00:00,ETHUSDT,1004.02176,1052.3035849999999,4.425755076800793,3.0,213.68353211095706,3.5576896729691496,3.7257903469195397,2.3297838587542783,4.729771505698792,0.2806337332781233,201.38964685209143,14.426527468886704,SIGNAL_EXIT,2
2021-01-05 16:00:00,2021-01-05 20:00:00,AVAXUSDT,4.20840315,4.17181305,1199.3242631572255,3.0,-43.88339472134888,4.041024825414168,4.002685289776759,2.5029297709957437,0.5000462582807736,0.3042337870747729,-52.73138488189535,-2.6083598953678955,SIGNAL_EXIT,1
2021-01-05 20:00:00,2021-01-06 04:00:00,ETHUSDT,1096.90818,1074.9522550000002,4.457230328631817,3.0,-97.86261480316442,3.91446950169762,3.833047834253731,2.3968533230694877,4.927738683966314,0.2916545225425649,-110.82952534562465,-6.0048576718608535,SIGNAL_EXIT,2
2021-01-06 04:00:00,2021-01-06 12:00:00,AVAXUSDT,4.3207593,4.69544625,1054.664124068259,3.0,395.16888392155766,3.648478640868122,3.9616949650926734,7.439337065146334,0.5206454914875368,0.31676659304131827,386.72129823106803,26.01535452345147,STOP_LOSS,3
2021-01-06 16:00:00,2021-01-06 20:00:00,AVAXUSDT,4.7405691,4.381408200000001,1205.801553661929,3.0,-433.0767712346156,4.576609756622684,4.226487051829694,2.6428758453155052,0.5287319232652192,0.32168646939856665,-442.7302864357318,-22.728973616268927,SIGNAL_EXIT,1
2021-01-06 20:00:00,2021-01-07 00:00:00,ETHUSDT,1161.3603899999998,1208.145625,3.779237967124041,3.0,176.8125364128216,3.5140570691769275,3.652695852651844,2.2840769463801798,0.0,0.0,169.64578349099284,12.085456522242923,SIGNAL_EXIT,1
2021-01-07 00:00:00,2021-01-07 04:00:00,LINKUSDT,17.3036475,16.9984965,283.0378670158753,3.0,-86.36928815776098,3.921206949555311,3.848974553469458,2.4068125021694318,0.4815040193674071,0.29295247965162796,-94.91392615980479,-5.290520394616197,SIGNAL_EXIT,1
2021-01-07 04:00:00,2021-01-07 20:00:00,ETHUSDT,1213.776585,1214.3798319627451,3.8005952264583787,3.0,2.292697526984394,3.69341352677178,3.6922929539719496,6.9334494628915495,15.359676246127496,0.5631112651112651,-21.015796464998093,0.14910000000001505,STOP_LOSS,5
2021-01-08 00:00:00,2021-01-08 00:00:00,ETHUSDT,1225.4724299999998,1126.1788383192857,3.712916286051801,3.0,-368.6687936519011,3.6429756152557844,3.345126199842059,6.281533925592156,0.0,0.0,-375.656895466999,-24.307423631076098,STOP_LOSS,1
2021-01-08 04:00:00,2021-01-08 08:00:00,BTCUSDT,38366.283555,38910.09522,0.08924522044711762,3.0,48.53259192463918,2.7413990661349867,2.7780320204217905,1.7371385820541811,0.0,0.0,43.0131608380824,4.252262256940417,SIGNAL_EXIT,1
2021-01-08 08:00:00,2021-01-08 12:00:00,ETHUSDT,1208.8041,1254.61238,2.9392220662809088,3.0,134.64070739437435,2.844630652146385,2.950067513540167,1.8447145532391622,2.85095818758042,0.22450300760033715,125.77054803350704,11.368660976580067,SIGNAL_EXIT,1
2021-01-08 12:00:00,2021-01-08 16:00:00,SOLUSDT,3.15707775,3.3027,1244.807315662744,3.0,181.27164212326923,3.146479967426802,3.2889800971514758,382.52928810316087,0.0,0.0,174.83618205869095,13.837693734340261,STOP_LOSS,2
2021-01-08 20:00:00,2021-01-09 04:00:00,SOLUSDT,3.2050016999999995,3.1594195000000003,1389.7160861584591,3.0,-63.346316582491056,3.5660868043676603,3.5125568816581727,2.1964462741731148,0.5659540047361205,0.2675052857791852,-71.25841955903218,-4.266662323455171,SIGNAL_EXIT,2
2021-01-09 04:00:00,2021-01-09 12:00:00,AVAXUSDT,6.4534251,6.4566324522747,657.0833494581121,3.0,2.107497775552433,3.395066597425983,3.3940365423684837,6.373378584817845,0.4261711187915424,0.25928731845253167,-5.367063801486107,0.1491000000000327,STOP_LOSS,3
2021-01-09 16:00:00,2021-01-09 20:00:00,AVAXUSDT,7.03661655,7.040113748425351,600.3382221720918,3.0,2.0995018852583316,3.382185644302417,3.3811594972951813,6.349197854209354,0.4298721839863263,0.26153908828736866,-5.355254528612961,0.14910000000004786,STOP_LOSS,2
2021-01-10 00:00:00,2021-01-10 08:00:00,AVAXUSDT,7.195095749999999,7.22628505,584.884080070616,3.0,18.242125038547165,3.3693330334337457,3.3812312670378373,2.114326705250887,0.41037221709994637,0.24967508835649638,10.83151343261914,1.3004399559241948,SIGNAL_EXIT,2
2021-01-10 08:00:00,2021-01-10 12:00:00,SOLUSDT,3.7348665,3.2484749500000003,1135.4530351819446,3.0,-552.2747617343501,3.395328665672031,2.950792593352013,1.845167954822312,11.746745137349581,0.2245242016667329,-570.5921523323906,-39.06899081935053,SIGNAL_EXIT,1
2021-01-10 12:00:00,2021-01-10 16:00:00,AVAXUSDT,6.60760215,6.61088612826855,382.9465530991137,3.0,1.2575881583937383,2.025907500074294,2.0252928446009495,3.8031287767917648,0.0,0.0,-2.7936121862815053,0.14910000000001425,STOP_LOSS,2
2021-01-10 20:00:00,2021-01-11 00:00:00,SOLUSDT,3.327663,3.329316848511,757.8845380987185,3.0,1.253426214844682,2.0192028308272185,2.0185902095344326,3.790542456561849,0.0,0.0,-2.784366825516969,0.14910000000002305,STOP_LOSS,2
2021-01-11 04:00:00,2021-01-11 12:00:00,AVAXUSDT,6.1334652,6.3999406675,409.82345798701635,3.0,109.20789755955691,2.012520350445978,2.0982766522132668,3.9401789913869516,0.26933597658906716,0.1638670478905268,104.66389753241808,13.033845900030554,STOP_LOSS,3
2021-01-11 16:00:00,2021-01-12 08:00:00,AVAXUSDT,6.025511249999999,7.55672788,469.23460925414463,3.0,718.4998370614987,2.263713704523781,2.836702603209361,5.32680759240604,0.6195679933669875,0.3769521596270362,712.4029006007715,76.23668265493662,STOP_LOSS,5
2021-01-12 12:00:00,2021-01-12 20:00:00,AVAXUSDT,7.8739349999999995,7.63468075,630.2918873207713,3.0,-150.80001278201516,3.9734806659656337,3.8496618712072497,2.4072422906494686,0.4814799727243372,0.2929378494025931,-159.39757314131498,-9.115680406302538,SIGNAL_EXIT,2
2021-01-12 20:00:00,2021-01-13 08:00:00,SOLUSDT,3.6772376999999996,3.4870556,1219.6837823518104,3.0,-231.9620230636096,3.5909264904264786,3.40248413078325,2.127616389934202,0.42845051906454396,0.2606741313040042,-239.64455833518787,-15.515621957209849,SIGNAL_EXIT,3
2021-01-13 08:00:00,2021-01-14 16:00:00,AVAXUSDT,7.63371495,9.107648005000001,493.43061447128196,3.0,727.2836930181846,3.015779550422027,3.595193881196237,6.75111520004246,1.6316319471783327,0.9927032913093514,718.0483843480787,57.924604127378444,STOP_LOSS,9
2021-01-14 20:00:00,2021-01-15 04:00:00,AVAXUSDT,8.865930749999999,8.870337117582748,667.6265202498805,3.0,2.941807856212914,4.739095672857416,4.7376578426041,8.896453134584728,0.6139960818782076,0.37356214579250596,-7.522503886919314,0.1490999999999825,STOP_LOSS,3
2021-01-15 08:00:00,2021-01-15 12:00:00,AVAXUSDT,9.294444899999998,9.2990642391153,634.4199251477067,3.0,2.930600775761199,4.72104166352881,4.719609310818596,8.862561299733882,0.6071462125656069,0.3693946079948935,-7.486591019146707,0.1491000000000356,STOP_LOSS,2
2021-01-15 16:00:00,2021-01-16 04:00:00,AVAXUSDT,9.1803879,9.2761596,639.8574108735088,3.0,61.280231996954576,4.703073845082857,4.748335571604355,2.9691943294171392,1.1713357734932628,0.7126539043232262,49.94483290245088,3.1296618740914064,SIGNAL_EXIT,3
2021-01-16 04:00:00,2021-01-16 08:00:00,LINKUSDT,22.173080999999996,22.2958465,271.67419194548904,3.0,33.35221801128486,4.822941444048739,4.845764865302528,3.0301180998637207,0.0,0.0,23.683511701933597,1.661007326857329,SIGNAL_EXIT,1
2021-01-16 08:00:00,2021-01-16 12:00:00,AVAXUSDT,9.8145048,11.35178674,621.0040834963564,3.0,954.6583622252007,4.87978187213338,5.6396047364158335,10.590144096924499,0.7252892992378996,0.44127419529266076,942.9724121221208,46.99010203754752,STOP_LOSS,2
2021-01-16 16:00:00,2021-01-17 00:00:00,AVAXUSDT,12.733663649999999,12.739992280834048,700.623316752352,3.0,4.433986325453158,7.1429156612264695,7.140748517757851,13.409016996290182,0.9087084418278006,0.5528684717181842,-11.311254767077147,0.14909999999999474,STOP_LOSS,3
2021-01-17 04:00:00,2021-01-17 08:00:00,AVAXUSDT,13.558475849999999,12.9709,655.501041703155,3.0,-385.1565817546158,7.115768649785484,6.801950769461964,402.93177184178,0.0,0.0,-399.0743011738632,-13.000927017914007,STOP_LOSS,2
2021-01-17 12:00:00,2021-01-19 16:00:00,AVAXUSDT,13.639416299999999,11.870644298764287,563.9046238645343,3.0,-997.4187100589439,6.157990326968212,5.355128966659483,10.055950738593697,4.333578839167753,2.636598274647655,-1015.902006466387,-38.90427483841179,STOP_LOSS,14
2021-01-19 20:00:00,2021-01-20 00:00:00,AVAXUSDT,11.6480211,11.6538101664867,398.8713639778395,3.0,2.309092845708681,3.719825511448883,3.7186969253162907,6.9830312818906854,0.0,0.0,-5.129429591056493,0.14910000000001633,STOP_LOSS,2
2021-01-20 04:00:00,2021-01-20 08:00:00,AVAXUSDT,11.5629786,11.5687254003642,400.4751929280146,3.0,2.301450984571802,3.707514880430348,3.7063900293136607,6.959921186743026,0.0,0.0,-5.112453925172207,0.14910000000000145,STOP_LOSS,2
2021-01-20 12:00:00,2021-01-20 20:00:00,AVAXUSDT,11.24431935,12.30301775,410.46157175991345,3.0,434.5550092837059,3.6952449910099343,4.039932802444091,7.586253384659629,0.5319705108480007,0.3236568626347255,425.96420411676917,28.24622016805315,STOP_LOSS,3
2021-01-21 00:00:00,2021-01-21 16:00:00,AVAXUSDT,12.378486149999999,11.8024958,476.00580722319063,3.0,-274.1747515045171,4.71755908089018,4.494445232421854,2.8104334870070686,1.1610257643980844,0.7063811784306543,-285.25416276065783,-13.959469914663142,SIGNAL_EXIT,4
2021-01-21 20:00:00,2021-01-22 00:00:00,AVAXUSDT,12.0616278,11.25766835,417.61804436881124,3.0,-335.74797326082535,4.0329490902646015,3.7611243523837294,2.3518786595695182,0.0,0.0,-343.54204670347366,-19.996292291493212,SIGNAL_EXIT,1
2021-01-22 16:00:00,2021-01-23 00:00:00,AVAXUSDT,12.53976675,12.54599901407475,319.57147644250676,3.0,1.991653831947548,3.2084481781762646,3.207474742699282,6.023049717136629,0.4187536798712032,0.2547744648999639,-5.097797233699166,0.14910000000000725,STOP_LOSS,3
2021-01-23 04:00:00,2021-01-23 12:00:00,AVAXUSDT,13.103548499999999,12.705644000000001,304.65569059819313,3.0,-121.22387023962796,3.1962134648153864,3.0966773978518316,1.9363915694416507,0.38728745355914107,0.23563005768295142,-128.13967861353726,-9.109849137430158,SIGNAL_EXIT,2
2021-01-23 20:00:00,2021-01-24 16:00:00,AVAXUSDT,13.026509999999998,12.6620658,276.9705099019214,3.0,-100.94029590479717,2.8886782361428964,2.8056150568301446,1.7543866038206155,0.7151710930279493,0.43511816444015466,-107.78487845523831,-8.39313522962016,SIGNAL_EXIT,5
2021-01-25 00:00:00,2021-01-26 04:00:00,AVAXUSDT,12.474534149999998,11.798997550000001,263.32551787395244,3.0,-177.88602503780837,2.6299945278503243,2.485581712197797,1.554265702974819,1.3083170360256602,0.7959948504224869,-185.10591316430464,-16.245975806639578,SIGNAL_EXIT,7
2021-01-26 20:00:00,2021-01-27 00:00:00,AVAXUSDT,12.44271825,12.1723108,219.40460477627022,3.0,-59.328639695809144,2.185740336255993,2.1365288322303404,1.335998519403644,0.0,0.0,-63.650908864295474,-6.5196553815722815,SIGNAL_EXIT,1
2021-01-27 00:00:00,2021-01-27 04:00:00,SOLUSDT,4.0438209,3.8469755500000002,627.9184410892486,3.0,-123.6028253076674,2.0329781549816834,1.9324695122115643,1.208397643954044,0.24135929038588538,0.14684571625880924,-127.95647798150534,-14.603417525242016,SIGNAL_EXIT,1
2021-01-28 20:00:00,2021-01-29 08:00:00,AVAXUSDT,12.0736338,11.720236950000002,178.54006613773248,3.0,-63.095496971865884,1.7258826078260707,1.6740255041623173,1.0467893347685713,0.20975422590059226,0.12761683833027135,-66.83277614808513,-8.781039474627702,SIGNAL_EXIT,3
2021-01-29 08:00:00,2021-01-29 12:00:00,LINKUSDT,22.655321999999998,23.572208,86.30596587385791,3.0,79.13273182621823,1.5654839450706663,1.6275377433755844,1.0177199495845155,0.20358714289984345,0.12386471543073599,75.61225827944139,12.141332619328937,SIGNAL_EXIT,1
2021-01-29 12:00:00,2021-01-29 16:00:00,ETHUSDT,1417.5384149999998,1320.2161871989283,1.5392491164422628,3.0,-149.80315315299185,1.7469533649413254,1.6257132797269789,3.052791586868382,0.0,0.0,-153.17581979766015,-20.59673870659896,STOP_LOSS,2
2021-01-29 20:00:00,2021-01-30 00:00:00,LINKUSDT,22.836412499999998,22.7676105,75.4402608284576,3.0,-5.190440825519391,1.3793313974269412,1.374075579648584,0.8592268507057134,0.0,0.0,-7.943847802594916,-0.9038459959505203,SIGNAL_EXIT,1
2021-01-30 00:00:00,2021-01-30 04:00:00,ETHUSDT,1380.2497799999999,1342.1186050000001,1.2309166513420424,3.0,-46.9362982427371,1.3602661627007133,1.3216289111763628,0.826431285127603,1.5544411607974962,0.10055603297123575,-51.2731905103829,-8.287885762242201,SIGNAL_EXIT,1
2021-01-30 04:00:00,2021-01-30 08:00:00,SOLUSDT,3.8303141999999997,3.83418195,403.43320173036125,3.0,1.5603787659927628,1.2372105054757945,1.2374690400842079,0.7738050525789212,0.0,0.0,-0.9143007795672395,0.3029320675573084,SIGNAL_EXIT,1
2021-01-30 08:00:00,2021-01-30 12:00:00,AVAXUSDT,12.10094745,11.6507717,127.47226774564966,3.0,-57.3849237365986,1.235016183604833,1.1881202316686703,0.7429466181018719,0.14858167528432925,0.09039876814013492,-60.047040595296565,-11.160508345154403,SIGNAL_EXIT,1
2021-01-30 12:00:00,2021-01-31 12:00:00,SOLUSDT,3.88924365,4.55,350.3350077936042,3.0,231.48608102692336,1.0909032861761214,1.2752194283687193,5.167441364955443,3.551425142708826,0.2748327380327466,225.29370043163692,50.967983196424306,STOP_LOSS,7
2021-01-31 16:00:00,2021-02-01 08:00:00,SOLUSDT,4.2287133,4.1635172,481.9145816406732,3.0,-31.418951256103323,1.6316081672120502,1.6051677196733978,1.0037316906412723,5.134925810938139,0.24954445231386535,-40.04019740624077,-4.625243806431591,SIGNAL_EXIT,4
2021-02-01 08:00:00,2021-02-02 04:00:00,BNBUSDT,45.717147149999995,50.1623063,41.950432707673954,3.0,186.47634979697625,1.535511693437072,1.6834643639199032,1.0526915732365298,0.6236120598942918,0.3794126153437017,182.25434906438127,29.1695310869808,SIGNAL_EXIT,5
2021-02-02 04:00:00,2021-02-02 12:00:00,SOLUSDT,4.806301949999999,5.0829391375,512.6976555974168,3.0,141.8312374823137,1.972922131191587,2.084808783472485,3.9148888022141906,1.3163291847471765,0.16282800287282775,136.29434938002962,17.267154064259408,STOP_LOSS,3
2021-02-02 16:00:00,2021-02-03 04:00:00,SOLUSDT,5.054826149999999,5.057338398596549,568.3154273386573,3.0,1.4277496347291756,2.300028569703658,2.299330746555679,4.317721732390403,10.40109138864021,0.3550707201059044,-13.927771790276276,0.14909999999999168,STOP_LOSS,4
2021-02-03 08:00:00,2021-02-04 08:00:00,SOLUSDT,5.1887931,5.766197710000001,545.5961994016174,3.0,315.0297607329738,2.266601917406995,2.516812444459448,4.726112502114251,11.311690430347838,0.5507098411701362,298.38394609958937,33.383752186997086,STOP_LOSS,7
2021-02-04 12:00:00,2021-02-05 16:00:00,SOLUSDT,5.76558135,6.640025,646.1484602362718,3.0,565.0204180108854,2.982723388046009,3.4323535437442807,6.445330890856711,18.62981239201679,0.7624247159675871,539.2131039711107,45.49985145903804,STOP_LOSS,8
2021-02-05 20:00:00,2021-02-06 00:00:00,BNBUSDT,62.6062875,62.6374028248875,85.32316681664389,3.0,2.654858055930368,4.276834837576675,4.275537256151359,8.028675368336085,0.0,0.0,-5.897514037797666,0.1491000000000075,STOP_LOSS,2
2021-02-06 04:00:00,2021-02-06 12:00:00,BNBUSDT,65.3596635,71.6174125,81.4583190755498,3.0,509.745714736703,4.262680803885961,4.667067231032215,8.763896903540221,0.6023785674813554,0.36649391891785255,499.8470942153856,28.722986004969275,STOP_LOSS,3
2021-02-06 16:00:00,2021-02-07 04:00:00,BNBUSDT,71.29873154999999,69.84595955,95.68795720985875,3.0,-139.01278497167917,5.462313830002887,5.3467337509615405,3.3433802844925835,1.3515388103332175,0.8222914657134184,-151.99566282869023,-6.112753909154147,SIGNAL_EXIT,3
2021-02-07 04:00:00,2021-02-07 12:00:00,AVAXUSDT,18.6099003,22.651970999999996,342.11939194420734,3.0,1382.8707700794953,5.097524239214029,6.199742835886253,11.641980788469537,0.8138507155264776,0.49515596046937566,1370.264496328399,65.16000572018105,STOP_LOSS,3
2021-02-07 16:00:00,2021-02-07 20:00:00,AVAXUSDT,20.7169533,22.281267890000002,505.59136168793367,3.0,790.9039436664027,8.386159030402187,9.012173258110987,16.923209673467376,1.163042144772455,0.7076079670073496,771.6349612661097,22.65267340251236,STOP_LOSS,2
2021-02-08 00:00:00,2021-02-08 04:00:00,AVAXUSDT,23.7520701,23.7644,538.368467886242,3.0,6.638029372189203,10.23808293744085,10.235202894588648,581.8471053527338,1.2800787060931176,0.7788143317929075,-15.894149497726321,0.15573253128784068,STOP_LOSS,2
2021-02-08 08:00:00,2021-02-08 12:00:00,AVAXUSDT,28.387686749999997,29.879163925,448.7763091978334,3.0,669.3396218493127,10.199936978646306,10.72724872654284,20.14380707287593,1.3541151965580829,0.8238589681697971,646.2344619793957,15.761874380271617,STOP_LOSS,2
2021-02-08 16:00:00,2021-02-08 20:00:00,AVAXUSDT,32.15136765,32.0358,456.4929824861953,3.0,-52.75582122741873,11.750899687396858,11.699294310665005,82.1095686465345,1.4634343331138946,0.8903699646293373,-78.55981952322384,-1.0783458849222134,STOP_LOSS,2
2021-02-09 00:00:00,2021-02-09 12:00:00,AVAXUSDT,30.190787849999996,28.949717900000003,478.3373943835607,3.0,-593.6501661307326,11.562356120541121,11.078186102740103,6.9273299792015,2.8199711413530686,1.7157022686762908,-620.8263817640433,-12.332271249423455,SIGNAL_EXIT,3
2021-02-09 12:00:00,2021-02-09 20:00:00,BNBUSDT,94.6094811,107.8399,132.9718066974999,3.0,1759.2727044977496,10.07237280430742,11.471733069662175,344.1443329137972,1.4327246770332172,0.871685863279773,1735.424188083467,41.95272634256104,STOP_LOSS,3
2021-02-10 00:00:00,2021-02-10 04:00:00,BNBUSDT,107.40327479999999,117.22505815000001,165.56758824991587,3.0,1626.1689815726825,14.237390855707739,15.526936128281317,9.709189675011103,1.9407037970231538,1.1807460929489109,1593.2832046987214,27.434312505711468,SIGNAL_EXIT,1
2021-02-10 04:00:00,2021-02-10 08:00:00,AVAXUSDT,40.42270125,43.118430000000004,558.0657951003176,3.0,1504.3940082435356,18.06127054698467,19.250336737141915,12.037479200312164,0.0,0.0,1467.0824009594091,20.006545826771045,SIGNAL_EXIT,1
2021-02-10 08:00:00,2021-02-10 12:00:00,BNBUSDT,142.45519199999998,132.93190080000002,189.22618923078477,3.0,-1802.0561027110598,21.58226830928725,20.123357612470972,12.58339020289227,2.5168010376021606,1.5312501559675475,-1847.8097798263877,-20.055340348704092,SIGNAL_EXIT,1
2021-02-10 12:00:00,2021-02-10 12:00:00,AVAXUSDT,52.43610495,45.153390972932144,408.44487863304187,3.0,-2974.5872264826385,17.14752483770392,14.754137036647645,27.705565291651983,0.0,0.0,-3006.4888883569897,-41.666218251787924,STOP_LOSS,1
2021-02-10 16:00:00,2021-02-10 20:00:00,AVAXUSDT,47.19768705,52.8670253325,262.8308335832589,3.0,1490.0769066549562,9.931951505647143,11.116067469766591,20.873937411929745,1.3905590912389476,0.8460318450005004,1466.792296743303,36.0356956252584,STOP_LOSS,2
2021-02-11 00:00:00,2021-02-11 16:00:00,AVAXUSDT,54.84580919999999,45.71398521119999,306.34727182165466,3.0,-2797.5093657244206,13.45225301783107,11.203483722837268,21.03808911399103,3.1520009528275685,1.9177129532755757,-2827.2348163711918,-49.94998226117887,STOP_LOSS,5
2021-02-11 20:00:00,2021-02-12 08:00:00,AVAXUSDT,47.6065914,49.8001875,174.91159708856455,3.0,383.68539721824664,6.6668894585402105,6.968504264747975,13.085573857188265,0.7827066584637049,0.4762075646596424,368.79108927183506,13.823271329608367,STOP_LOSS,4
2021-02-12 12:00:00,2021-02-12 20:00:00,AVAXUSDT,49.9725738,49.99741016917861,188.7521971685592,3.0,4.687919252151784,7.551988072792616,7.549696817736103,14.176946953684787,0.9518980930627325,0.5791455429691885,-11.944809274408856,0.14910000000004928,STOP_LOSS,3
2021-02-13 00:00:00,2021-02-13 08:00:00,AVAXUSDT,48.445010399999994,48.469087570168796,193.9648121664354,3.0,4.670123789290951,7.523320530534034,7.521037973141039,14.123130895982396,1.0017526085628938,0.6094775928590122,-11.985464915806027,0.14910000000001142,STOP_LOSS,3
2021-02-13 12:00:00,2021-02-14 00:00:00,AVAXUSDT,46.651914299999994,44.254961449999996,200.64985228281162,3.0,-480.94823528136396,7.494555414736098,7.103801182179217,4.442096787255858,0.9233685487217481,0.5617878462068586,-497.0317482732079,-15.413855268099889,SIGNAL_EXIT,3
2021-02-14 00:00:00,2021-02-14 12:00:00,LINKUSDT,34.3301565,33.92303,229.26773853715522,3.0,-93.34097195354803,6.3016792188804,6.2219650979424586,3.8906735229756606,1.5657381667917942,0.9526127716430415,-108.38296720880572,-3.5577452144734956,SIGNAL_EXIT,3
2021-02-14 12:00:00,2021-02-15 00:00:00,BNBUSDT,136.04849025,126.478986764625,55.464846011964504,3.0,-530.7710372272809,6.041560097579266,5.6121100197193785,10.538514058060217,0.7410835563165816,0.45088359955377993,-543.6166745004498,-21.10167514786144,STOP_LOSS,4
2021-02-15 04:00:00,2021-02-15 16:00:00,BNBUSDT,126.9480423,131.33619905000003,46.604603830065955,3.0,204.50830687798145,4.736880078778186,4.896697220217549,3.0619667460079825,0.6151807705568707,0.3742829237550357,193.8852658846738,10.369967123155948,SIGNAL_EXIT,3
2021-02-15 16:00:00,2021-02-15 20:00:00,AVAXUSDT,42.42089985,41.76800555,153.16869077235881,3.0,-100.00296514373564,5.202204716901403,5.1180405810128935,3.200375550908531,0.6398392303979131,0.3892854090184276,-111.35233508106627,-4.617259197532085,SIGNAL_EXIT,1
2021-02-15 20:00:00,2021-02-17 20:00:00,BNBUSDT,132.4924131,160.26174625,46.52163688134115,3.0,1291.8748332412893,4.934959112706843,5.96451101200971,11.200258535320344,3.8518640644899924,2.3435175690866177,1274.7799814829962,62.877562194540474,STOP_LOSS,13
2021-02-18 00:00:00,2021-02-18 12:00:00,BNBUSDT,165.4002588,185.9207,60.36897690914784,3.0,1238.7980409683273,7.994431068266033,8.979073956186083,16.86105525072366,2.1288799751433367,1.2952346034791007,1218.400421365253,37.2196053661798,STOP_LOSS,4
2021-02-18 16:00:00,2021-02-19 08:00:00,BNBUSDT,195.26768504999998,261.283,69.8391108792876,3.0,4610.450900524144,10.918592079542641,14.598217926298323,600.1274797857156,2.9734329700677833,1.809070177241027,4580.151587370995,101.42279548164291,STOP_LOSS,5
2021-02-19 12:00:00,2021-02-19 16:00:00,BNBUSDT,265.36301519999995,311.7899,103.12960864205635,3.0,4787.986459893838,21.910955889233026,25.72381629243671,2008.1557245674653,0.0,0.0,4740.351687712168,52.4868374347595,STOP_LOSS,2
2021-02-19 20:00:00,2021-02-20 00:00:00,BNBUSDT,325.1755065,282.8141087634643,127.85852960526734,3.0,-5416.266026617355,33.28779993974223,28.928156878496555,54.321776812400095,0.0,0.0,-5478.481983435594,-39.08172376741024,STOP_LOSS,2
2021-02-20 04:00:00,2021-02-20 12:00:00,BNBUSDT,286.83444555,286.97700226943834,87.69575942303177,3.0,12.50161977200184,20.139443179496805,20.13333292077081,37.806709290381065,2.664324330122869,1.6210049920893568,-32.056485650478,0.14909999999999593,STOP_LOSS,3
2021-02-20 16:00:00,2021-02-20 20:00:00,BNBUSDT,274.18512404999996,272.395,91.3910705280863,3.0,-163.60135330757115,20.06250761393566,19.915576525198453,213.71749732718368,2.4894479795605124,1.5146082467475925,-207.58349367301335,-1.958666491702369,STOP_LOSS,2
2021-02-21 00:00:00,2021-02-21 04:00:00,BNBUSDT,253.13650499999997,268.5526,96.53218420303077,3.0,1488.1493222314227,19.56430722912043,20.739175241122272,132.23509519144008,2.5935755631094026,1.5779606437657023,1443.674303554305,18.270096997665366,STOP_LOSS,2
2021-02-21 08:00:00,2021-02-21 16:00:00,BNBUSDT,257.0106411,293.5834882125,111.91512420808402,3.0,4093.054727238708,23.029125557650765,26.28514603899561,49.358686853393266,3.1835018103834116,1.9368784305321538,4038.620075401146,42.6902718377368,STOP_LOSS,3
2021-02-21 20:00:00,2021-02-22 12:00:00,BNBUSDT,298.91968515,243.2469095151322,136.72416836321653,3.0,-7611.813949149249,32.72181373861352,26.606185128303228,49.96153942470227,7.288383955013339,4.434335055145388,-7682.864667026324,-55.87398060478771,STOP_LOSS,5
2021-02-22 16:00:00,2021-02-23 08:00:00,BNBUSDT,262.87967414999997,220.3541606530607,67.86142858451264,3.0,-2885.8420971922733,14.282938537750342,11.962838509166323,22.464018232034398,3.4363799143339824,2.0907323229653856,-2917.6149864764893,-48.530393573914075,STOP_LOSS,5
2021-02-23 12:00:00,2021-02-23 16:00:00,SOLUSDT,14.015604299999998,15.071718460000001,648.8159451097126,3.0,685.2237068641525,7.280662570206766,7.8230170056419235,14.690192173838472,0.0,0.0,670.1200272883038,22.605821427193195,STOP_LOSS,2
2021-02-23 20:00:00,2021-02-24 04:00:00,SOLUSDT,14.282537699999999,15.556629999999998,777.3338028008616,3.0,990.3950126782958,8.888950635698695,9.674155485332774,18.16629097145605,1.2436252577489864,0.75663564240565,969.8316456571097,26.761889100422252,STOP_LOSS,3
2021-02-24 08:00:00,2021-02-24 12:00:00,BNBUSDT,253.95531419999998,265.6328,55.16508575196189,3.0,644.1895055243173,11.21654658527576,11.722924952426993,72.66345095248496,1.4653645157516595,0.8915443095302513,618.8931251613327,13.7947329475494,STOP_LOSS,2
2021-02-24 16:00:00,2021-02-24 20:00:00,BNBUSDT,257.25536339999996,243.87610095,61.6689211346994,3.0,-825.0846808694932,12.701890085662958,12.031660828898831,7.523549792958215,1.5041179369487567,0.9151223283588145,-852.2374720493626,-15.60231313334784,SIGNAL_EXIT,1
2021-02-24 20:00:00,2021-02-25 00:00:00,SOLUSDT,17.4319116,17.16591275,763.5418292723482,3.0,-203.1012485133402,10.656520152744488,10.485513937811621,6.556724573417397,0.0,0.0,-224.24328260389632,-4.5777913995387465,SIGNAL_EXIT,1
2021-02-25 00:00:00,2021-02-26 04:00:00,BNBUSDT,254.5097913,209.58317640769286,49.65546489308847,3.0,-2230.8519485502625,10.118336274495137,8.325560046635328,15.633875901292049,4.840056205321736,2.944744820334161,-2257.0806458970487,-52.95664421729514,STOP_LOSS,8
2021-02-26 08:00:00,2021-02-26 16:00:00,BNBUSDT,215.25047145,231.36945740000002,27.279740774307292,3.0,439.721758260702,4.7013427243422194,5.0493590567713085,3.157428124543683,0.6131901939611709,0.3730718344885061,428.98479445113884,22.465436439814155,SIGNAL_EXIT,2
2021-02-26 16:00:00,2021-02-26 20:00:00,SOLUSDT,14.45112195,14.458304157609149,495.31807338669415,3.0,3.55747723562727,5.730906231024953,5.729167487828636,10.758326529472713,0.7291082040252139,0.4435976600655343,-9.075302347317068,0.14909999999999318,STOP_LOSS,2
2021-02-27 00:00:00,2021-02-27 08:00:00,BNBUSDT,222.0701796,222.1805484792612,32.11010937658488,3.0,3.543956784848739,5.709125505391391,5.707393370414958,10.717438727618685,0.7326448060061618,0.44574936862493675,-9.050956265588708,0.14910000000002174,STOP_LOSS,3
2021-02-27 12:00:00,2021-02-28 04:00:00,BNBUSDT,229.32200369999998,211.3964489,30.97638471284698,3.0,-555.2688816760203,5.6874032103539784,5.238638182444878,3.2757867574065043,1.365868680598262,0.8310099205100081,-568.3918016699275,-23.450285420648438,SIGNAL_EXIT,4
2021-02-28 12:00:00,2021-02-28 16:00:00,BNBUSDT,216.65517344999998,198.17476305,24.923269816552555,3.0,-460.5922547198235,4.323262886346152,3.951330472261216,2.470816953640127,0.0,0.0,-468.8668480784308,-25.58961797087885,SIGNAL_EXIT,1
2021-03-01 00:00:00,2021-03-01 08:00:00,BNBUSDT,210.22275885,222.62813025,19.000226726624174,3.0,235.7048692279793,3.1979824509579173,3.3839879603795344,2.1160505004873458,0.4267872727833121,0.25966219349505637,228.4364493503635,17.70318038046242,SIGNAL_EXIT,2
2021-03-01 08:00:00,2021-03-01 12:00:00,SOLUSDT,14.52255765,14.8259833,322.1912623510287,3.0,97.7610932031818,3.74622992939879,3.821441820017816,2.389595935478391,0.47801262256185667,0.2908282744311243,89.42458055677221,6.268020908837663,SIGNAL_EXIT,1
2021-03-01 12:00:00,2021-03-01 16:00:00,BNBUSDT,251.7814278,256.36525325,19.64839244785659,3.0,90.06480135407352,3.9608489227350434,4.029732084680115,2.519842474161362,0.0,0.0,82.07422034665836,5.461672240942032,SIGNAL_EXIT,1
2021-03-01 16:00:00,2021-03-02 04:00:00,SOLUSDT,15.46242735,14.3336296,335.8545117049304,3.0,-379.11181713987423,4.157827051567023,3.85121133621387,2.4082111907289283,1.6662967657282102,0.5955482850403047,-389.3827005784236,-21.90078681275098,SIGNAL_EXIT,3
2021-03-02 04:00:00,2021-03-02 08:00:00,BNBUSDT,248.7871314,246.22872405,16.18215693672864,3.0,-41.400549245779736,3.2233085701788062,3.18760948392604,1.9932525537304717,0.0,0.0,-47.81146729988458,-3.0850558896712874,SIGNAL_EXIT,1
2021-03-02 08:00:00,2021-03-02 16:00:00,SOLUSDT,14.300046449999998,14.307153573085648,271.50910057185126,3.0,1.9296485966381758,3.108561048659083,3.107617918697466,5.835536902912119,2.0198090655055014,0.24039488860853175,-6.546734324832406,0.1490999999999926,STOP_LOSS,3
2021-03-02 20:00:00,2021-03-03 08:00:00,SOLUSDT,13.67673495,14.190801050000001,282.4481334971748,3.0,145.19701043917226,3.0928488862794845,3.2065322155217992,2.0050851772896574,2.8720181579920214,0.2412492421653441,135.78436193721362,11.276070682352463,SIGNAL_EXIT,3
2021-03-03 08:00:00,2021-03-04 16:00:00,BNBUSDT,249.22955249999998,226.03510121946428,17.132781483873462,3.0,-397.3854654277672,3.418731354928798,3.0980879975026414,5.817641457503616,1.6677294495177648,1.0146654191301328,-406.5846796488466,-27.919383212633708,STOP_LOSS,9
2021-03-04 20:00:00,2021-03-05 00:00:00,BNBUSDT,228.8293575,229.52208155,13.334028727457692,3.0,9.236802382900967,2.4429281237715665,2.4483632231788697,1.5309925107421827,0.0,0.0,4.345511035950531,0.9081754949209385,SIGNAL_EXIT,1
2021-03-05 00:00:00,2021-03-05 00:00:00,NEARUSDT,4.54176975,4.168628841803573,674.680465796852,3.0,-251.7508817498262,2.453357350257848,2.249993958977781,4.225076287514312,0.0,0.0,-256.45423305906183,-24.647280382042325,STOP_LOSS,1
2021-03-05 04:00:00,2021-03-06 20:00:00,BNBUSDT,221.52600765,224.17285750000002,10.362196952878673,3.0,27.427179450397617,1.8378671909160993,1.8583386407236842,1.1620426717879484,1.1670696843959465,0.7100583675692121,21.853845566792675,3.584477341615681,SIGNAL_EXIT,10
2021-03-06 20:00:00,2021-03-07 08:00:00,SOLUSDT,12.9014475,12.7514211,183.00312495363218,3.0,-27.455300025543565,1.8903164202764016,1.8668399271197458,1.167358633766657,0.5525995173560181,0.14393072606437618,-31.908986616360107,-3.4885945937461615,SIGNAL_EXIT,3
2021-03-07 08:00:00,2021-03-07 16:00:00,BNBUSDT,230.16202349999998,235.22143045,9.842435325322143,3.0,49.79688568986074,1.8137348523971375,1.8521213730671087,1.1581549356346423,0.23700584263375724,0.14419702951327534,45.74982659224946,6.594580904003965,SIGNAL_EXIT,2
2021-03-07 16:00:00,2021-03-08 04:00:00,SOLUSDT,13.554373799999999,13.433080100000002,177.24865392431124,3.0,-21.49914505449873,1.923534436218536,1.9047962926259623,1.1910932295057037,3.4451488947439044,0.29309208705249074,-29.065716765139623,-2.684602810643982,SIGNAL_EXIT,3
2021-03-08 04:00:00,2021-03-08 08:00:00,BNBUSDT,236.8575696,232.32328025,9.775356228521261,3.0,-44.324293639440064,1.8537767159822005,1.8168342596978626,1.1360894570396747,0.0,0.0,-47.99490461512013,-5.743058190190931,SIGNAL_EXIT,1
2021-03-08 08:00:00,2021-03-08 20:00:00,SOLUSDT,13.3168551,13.706943100000002,163.063844720176,3.0,63.60924905920438,1.738588944905912,1.7880854729973508,1.1181124768616026,2.1321734317386247,0.267648423628316,57.68275278593418,8.787840606600927,SIGNAL_EXIT,3
2021-03-08 20:00:00,2021-03-09 12:00:00,NEARUSDT,4.518257999999999,5.343417832499999,518.8741793714746,3.0,428.1541309387408,1.877027551592154,2.2180492343018727,4.165089949239808,0.5183656826756906,0.3153795316302019,423.22530893854093,54.78836085721531,STOP_LOSS,5
2021-03-09 16:00:00,2021-03-09 20:00:00,NEARUSDT,5.5216594500000005,5.524403714746651,654.3445192029673,3.0,1.7956945962125026,2.8927682930446528,2.891890634087187,5.430440599812813,0.3654579574200492,0.22234874586359368,-4.57677103420298,0.14910000000001294,STOP_LOSS,2
2021-03-10 00:00:00,2021-03-10 00:00:00,NEARUSDT,5.4243108,4.967844267728571,663.5586347966354,3.0,-302.8923089843834,2.8817840425625665,2.6371647681410093,4.952112108427029,0.0,0.0,-308.411257795087,-25.24559611912882,STOP_LOSS,1
2021-03-10 04:00:00,2021-03-10 08:00:00,NEARUSDT,4.993495499999999,5.8789,535.667786782644,3.0,474.282668922394,2.1415970238543576,2.519309881373189,10.882091088489458,0.0,0.0,469.6217620171665,53.19346938432212,STOP_LOSS,2
2021-03-10 12:00:00,2021-03-10 16:00:00,NEARUSDT,5.4857415,5.4884679135255,744.2189677761431,3.0,2.029048659678578,3.268689252695557,3.267697540221144,6.1361370935546375,0.0,0.0,-4.5073381332381235,0.14910000000000387,STOP_LOSS,2
2021-03-10 20:00:00,2021-03-11 08:00:00,NEARUSDT,5.45802765,5.46074028974205,745.5223646271847,3.0,2.0223335948749948,3.257871641175786,3.2568832107387453,6.115829764782163,0.4068911961662249,0.24755719593351577,-5.146869649139277,0.14910000000001492,STOP_LOSS,4
2021-03-11 12:00:00,2021-03-11 20:00:00,NEARUSDT,5.4989481,5.9760225,737.168882057333,3.0,351.6844021061731,3.245519154017851,3.524270260379575,6.617933638669277,0.44348817113451205,0.2698232085387555,344.2013013121024,26.02721782371433,STOP_LOSS,3
2021-03-12 00:00:00,2021-03-12 08:00:00,NEARUSDT,6.0856413,7.0043,835.6442638479949,3.0,767.6718730890559,4.071602277166897,4.6824824938164085,80.14246312434206,0.5418150277937629,0.3296463778500344,758.0463269124288,45.28653537302634,STOP_LOSS,3
2021-03-12 12:00:00,2021-03-12 16:00:00,NEARUSDT,6.75527595,6.7586333221471495,1089.1858405479575,3.0,3.6568022041256745,5.8909134617567265,5.889126172750622,11.058699623342207,0.0,0.0,-8.123237430381675,0.1490999999999919,STOP_LOSS,2
2021-03-12 20:00:00,2021-03-13 00:00:00,NEARUSDT,6.74647155,6.74982454636035,1086.9979429784803,3.0,3.6447001465150493,5.871417691923811,5.869636317887484,11.022101247910797,0.0,0.0,-8.096353863296246,0.14910000000001097,STOP_LOSS,2
2021-03-13 04:00:00,2021-03-13 12:00:00,NEARUSDT,6.83751705,6.840915295973851,1068.9744557013166,3.0,3.6326381402364087,5.851986442651899,5.8502109640099675,10.985623993508314,0.7324399175574281,0.4456247121803502,-9.247623896163237,0.14910000000003754,STOP_LOSS,3
2021-03-13 16:00:00,2021-03-14 00:00:00,NEARUSDT,7.029913199999999,7.033407066860399,1035.7752908643429,3.0,3.6188609635721987,5.829792145301108,5.8280234003557245,10.94395981538954,0.766670512544878,0.46645099249821453,-9.272076087127727,0.14910000000000415,STOP_LOSS,3
2021-03-14 04:00:00,2021-03-15 04:00:00,NEARUSDT,7.08744195,6.209431667432143,1023.4463245518801,3.0,-898.5963966128309,5.807539162692001,5.084016014071583,9.546850301836797,2.0960590105352326,1.2752659581931598,-912.8592767583228,-37.164760802077126,STOP_LOSS,7
2021-03-15 08:00:00,2021-03-16 00:00:00,NEARUSDT,6.3407688,5.684443611085714,712.4103698894621,3.0,-467.57287060219744,3.6166768984720266,3.239725260471491,6.083610278801918,0.883260624796353,0.5373857326314414,-475.8499191185688,-31.052631452874568,STOP_LOSS,5
2021-03-16 04:00:00,2021-03-16 16:00:00,NEARUSDT,5.8075022999999995,6.54478807,532.2118819723481,3.0,392.3922472031321,2.474637092587462,2.7865711806758977,5.232669968720294,0.3233719394863987,0.19674313756872683,386.6109238528137,38.08620635414991,STOP_LOSS,4
2021-03-16 20:00:00,2021-03-17 00:00:00,NEARUSDT,6.41710695,6.394201300000001,662.249619196846,3.0,-15.169257989955794,3.4025033098342146,3.387645900794382,2.1183378569246565,0.0,0.0,-21.95940720058439,-1.0708400301789889,SIGNAL_EXIT,1
2021-03-17 00:00:00,2021-03-17 12:00:00,AVAXUSDT,33.047315399999995,31.37960235,126.60335837622873,3.0,-211.13807293786297,3.349800732552812,3.1782104336164796,1.9873752086145937,0.8098361063237197,0.4927134269214204,-218.9686336372774,-15.139320968867532,SIGNAL_EXIT,3
2021-03-17 12:00:00,2021-03-17 16:00:00,NEARUSDT,6.1188579,6.11564065,576.4998626242585,3.0,-1.8547441830281866,2.824276011823346,2.820532795667465,1.7637148547195347,0.0,0.0,-7.499552990518998,-0.15773776998484493,SIGNAL_EXIT,1
2021-03-17 16:00:00,2021-03-18 16:00:00,AVAXUSDT,31.68313365,33.2916624875,110.62794853068391,3.0,177.9482454450708,2.8062770846461,2.94639065933444,5.532781658739835,1.0803825888352914,0.6573169602770043,170.45787815197798,15.230774095162772,STOP_LOSS,7
2021-03-18 20:00:00,2021-03-19 16:00:00,AVAXUSDT,33.11655,36.4067,121.26881013485249,3.0,398.9925756651854,3.2153759922108476,3.531997751949227,20.409540745695068,0.855846138710012,0.5207064498958168,390.86864933241947,29.805188040420916,STOP_LOSS,6
2021-03-19 20:00:00,2021-03-20 20:00:00,AVAXUSDT,38.383182,35.24517410378572,135.15483102756335,3.0,-424.116926976,4.153460750608656,3.8108444404273687,7.156067426941003,1.4995144677362997,0.912321525735067,-434.4930681605074,-24.526428498405444,STOP_LOSS,7
2021-03-21 00:00:00,2021-03-22 04:00:00,AVAXUSDT,34.26242265,32.400791500000004,113.39641963094732,3.0,-211.10230708344233,3.110677387023438,2.9393069994470657,1.8379858675879406,1.5046366807275064,0.9154379379283634,-219.5723660885687,-16.30034602938383,SIGNAL_EXIT,7
2021-03-22 04:00:00,2021-03-22 20:00:00,SOLUSDT,15.177584999999999,15.185128259745,212.61919678296516,3.0,1.6038418281073228,2.5837037084108725,2.58291981890663,4.850250035503035,0.9649948632284648,0.41177461320169206,-4.939551175640337,0.14910000000001375,STOP_LOSS,5
2021-03-23 00:00:00,2021-03-24 00:00:00,SOLUSDT,14.8035981,13.888091809992858,216.99043107642055,3.0,-198.65610452182432,2.571848785589336,2.410866422943405,4.527165290955196,0.9513164284993785,0.5787916516841605,-205.1689278105406,-18.55304941047695,STOP_LOSS,7
2021-03-24 04:00:00,2021-03-24 20:00:00,SOLUSDT,14.337164999999999,14.344290571004999,181.15330019541554,3.0,1.2908207033325134,2.079443358844039,2.0788124607196297,3.9036288070597904,0.5320363734759238,0.3236969342008814,-3.72316842390796,0.14909999999999995,STOP_LOSS,5
2021-03-26 08:00:00,2021-03-26 12:00:00,SOLUSDT,14.013403199999999,13.967013000000001,184.54219497007682,3.0,-8.560949333100416,2.07050775462666,2.0620025889564784,1.289396316255695,0.25767257599281884,0.15677090333428784,-13.107903156010659,-0.9931249248576022,SIGNAL_EXIT,1
2021-03-26 16:00:00,2021-03-27 12:00:00,SOLUSDT,13.95327315,15.3789619025,182.52147060048344,3.0,260.21880772486884,2.039048787052234,2.245592594202487,4.216811331126343,1.5234576693928275,0.497124688769251,253.91358398545202,30.652780974906975,STOP_LOSS,6
2021-03-27 16:00:00,2021-03-28 16:00:00,SOLUSDT,16.01650425,18.273538515,206.5309160320069,3.0,466.147354266077,2.6484413886173193,3.019240518919287,5.669580343488954,2.9571474981994887,0.6459898777243871,456.87653498261653,42.27578433664758,STOP_LOSS,7
2021-03-28 20:00:00,2021-03-30 12:00:00,SOLUSDT,18.567279,19.796760250000002,251.9182479913682,3.0,309.72876243823805,3.7449450725755984,3.9897321264681285,7.491985715700637,17.27316685733745,1.4733943279144464,283.2475240539424,19.865289631291738,STOP_LOSS,11
2021-03-30 16:00:00,2021-03-30 20:00:00,SOLUSDT,19.4345124,19.26386325,284.36520865586624,3.0,-48.52668114669597,4.424739130305061,4.382377994083459,2.7403564245140006,6.565208365869262,0.33357386298513525,-64.23258049993889,-2.6342181345388296,SIGNAL_EXIT,1
2021-03-30 20:00:00,2021-03-31 08:00:00,BNBUSDT,311.33148795,297.26885766093216,17.132721221250318,3.0,-240.93112438011008,4.270580937105207,4.074419572851434,7.651013218924754,0.5164828426085999,0.3142339904835956,-250.1068417231589,-13.550794731684487,STOP_LOSS,4
2021-03-31 12:00:00,2021-03-31 16:00:00,SOLUSDT,19.450320299999998,19.4020941,235.68945143258452,3.0,-11.36640662267774,3.6703245169696253,3.658295132057908,2.287578246659559,0.0,0.0,-18.695026271705274,-0.7438365937860434,SIGNAL_EXIT,1
2021-03-31 16:00:00,2021-03-31 20:00:00,BNBUSDT,306.65324999999996,300.84890029999997,14.766499657000205,3.0,-85.70992785415908,3.6254564539175322,3.5539881464710708,2.222353768428806,0.4442322747162662,0.2702759295558696,-93.60388065881982,-5.678416615509526,SIGNAL_EXIT,1
2021-03-31 20:00:00,2021-04-01 00:00:00,SOLUSDT,19.52445735,19.3721091,217.55319710742793,3.0,-33.14384886122156,3.4008071403363647,3.3715714155351186,2.1082862778481446,0.0,0.0,-39.91622741709304,-2.3408832409879907,SIGNAL_EXIT,1
2021-04-01 00:00:00,2021-04-02 12:00:00,BNBUSDT,302.61032954999996,338.630081815,13.641157726218937,3.0,491.35112190619714,3.3050081945353416,3.6954450855046703,6.939368588203413,2.235722729178589,1.3602389408646065,480.7547069561139,35.70904435274592,STOP_LOSS,10
2021-04-02 16:00:00,2021-04-02 16:00:00,BNBUSDT,346.9750008,326.57235637379995,16.050336570951853,3.0,-327.4693099779653,4.458819491230015,4.1932769876546585,7.874205660343077,0.0,0.0,-336.12140645684997,-17.640444740248295,STOP_LOSS,1
2021-04-02 20:00:00,2021-04-03 00:00:00,BNBUSDT,337.54708919999996,338.12405340000004,13.51369382968815,3.0,7.796917549492003,3.652128115733575,3.655443947280582,2.2857953647324103,0.0,0.0,0.4893454864778457,0.5127855210076069,SIGNAL_EXIT,1
2021-04-03 00:00:00,2021-04-03 12:00:00,ETHUSDT,2134.756845,2095.3917800000004,2.137468203589014,3.0,-84.1415747697137,3.6533025449011216,3.58306664304943,2.2405369203653787,11.631805073017885,0.5448328260804208,-103.55458185676257,-5.532020907983013,SIGNAL_EXIT,3
2021-04-03 12:00:00,2021-04-03 12:00:00,SOLUSDT,22.46932905,21.292788315353572,189.26064301006213,3.0,-222.67285596671357,3.4047715484448906,3.223909446432764,6.0539110786792545,0.0,0.0,-229.30153696159124,-15.708623057168142,STOP_LOSS,1
2021-04-03 16:00:00,2021-04-03 20:00:00,BNBUSDT,338.96859959999995,336.27148015000006,10.517804248000331,3.0,-28.367774408573148,2.854447859737072,2.829470081922424,1.7693034529275284,0.3538271387900446,0.2152724245433384,-34.62079191356602,-2.3870524761136807,SIGNAL_EXIT,1
2021-04-03 20:00:00,2021-04-04 00:00:00,SOLUSDT,22.1704797,22.1814984284109,156.1277039473123,3.0,1.7203287672127672,2.7713579591445137,2.7705171357909686,5.202523414730148,0.0,0.0,-3.8215463277227153,0.14909999999999415,STOP_LOSS,2
2021-04-04 04:00:00,2021-04-04 20:00:00,SOLUSDT,22.7891889,24.1101,151.38628403310642,3.0,199.96782296708304,2.7621862479579793,2.9199507573332792,21.8382284031954,5.815768884825735,0.4403269651392938,188.02959011182676,17.388654407090375,STOP_LOSS,5
2021-04-05 00:00:00,2021-04-05 16:00:00,SOLUSDT,23.78738775,24.090248850000002,168.72841041651276,3.0,51.10127197999672,3.213457264226364,3.25176751599898,2.033371383190585,6.924131637809494,0.49429404231009233,37.217621519651786,3.819600998432472,SIGNAL_EXIT,4
2021-04-05 16:00:00,2021-04-06 12:00:00,BNBUSDT,377.5316715,377.71930474073554,10.926690332750097,3.0,2.050210317647401,3.3027795558735273,3.301777500482946,6.20013301292486,1.2464672259860206,0.7583647279555983,-6.559178692650692,0.14910000000001758,STOP_LOSS,6
2021-04-06 16:00:00,2021-04-07 08:00:00,BNBUSDT,386.71346009999996,386.9056566896697,10.616413171073237,3.0,2.040438406004976,3.2870375270111647,3.2860402477143595,6.170581336468861,0.8490167495942544,0.5165513724811038,-5.898207490795906,0.1491000000000157,STOP_LOSS,5
2021-04-07 12:00:00,2021-04-07 16:00:00,SOLUSDT,23.98568685,26.1050685725,170.42786516920344,3.0,361.20170244430386,3.2728818290332558,3.5592248855254724,6.683572018387461,0.0,0.0,354.36959572974513,26.50808045340588,STOP_LOSS,2
2021-04-07 20:00:00,2021-04-08 16:00:00,SOLUSDT,26.89344,26.145520700000002,191.49977483810258,3.0,-143.2263775470705,4.123368858784644,4.005489061659961,2.5046830050395306,2.055794662502615,0.6117017494011768,-154.02273187941893,-8.34314204504886,SIGNAL_EXIT,5
2021-04-08 16:00:00,2021-04-09 00:00:00,BNBUSDT,418.41420254999997,418.49534765000004,11.205138675903378,3.0,0.9092420983708492,3.7537143022740387,3.751438724510916,2.3458221138758186,0.47076608529758573,0.2864193993749095,-7.353096413086601,0.058180458148077444,SIGNAL_EXIT,2
2021-04-09 00:00:00,2021-04-10 00:00:00,SOLUSDT,26.93956305,27.6055903,173.21541233135946,3.0,115.36618473267127,3.736066870882631,3.8253709651720618,2.392052879672285,1.4720226813826056,0.8955952126443718,105.43712900258961,7.416904818729036,SIGNAL_EXIT,6
2021-04-10 00:00:00,2021-04-10 16:00:00,BNBUSDT,454.21679489999997,454.4425406470653,10.96922420212905,3.0,2.476255712236744,3.989115980488845,3.987905692274243,7.48855600702421,1.0517208798897397,0.6398788530776423,-7.192365693493725,0.14910000000002122,STOP_LOSS,5
2021-04-10 20:00:00,2021-04-12 08:00:00,BNBUSDT,471.01769115,553.9678,10.532186194781211,3.0,873.6459912855687,3.9718543028244606,4.667593612410655,8.764885351296329,2.0916112910935727,1.2725599154877618,861.6423721637522,52.8324798039807,STOP_LOSS,10
2021-04-12 12:00:00,2021-04-13 04:00:00,BNBUSDT,594.44417355,550.3929367575322,12.690350977746267,3.0,-559.0256559002256,6.039795996017465,5.5877436345004705,10.492758452366225,1.4713635816848145,0.895194208949617,-573.0197533213781,-22.23147542824517,STOP_LOSS,5
2021-04-13 08:00:00,2021-04-13 16:00:00,BNBUSDT,550.55984235,550.833470591648,10.581994432434382,3.0,2.8955325296759247,4.664548588046158,4.663133375199463,8.756509843263927,0.5819017574406802,0.3540355965872265,-7.368086787597603,0.14910000000002616,STOP_LOSS,3
2021-04-13 20:00:00,2021-04-14 08:00:00,BNBUSDT,561.0551874,561.3340318281378,10.344676851507797,3.0,2.8845555009284616,4.646865179755925,4.645455332012863,8.723313718101268,0.5879155023116132,0.35769442683800323,-7.353374939989942,0.14909999999997064,STOP_LOSS,4
2021-04-14 12:00:00,2021-04-14 12:00:00,BNBUSDT,575.0011569,521.53527876465,10.055444347219948,3.0,-537.6231620652553,4.629217079899948,4.195415176583824,7.878220787274818,0.0,0.0,-546.4477943217391,-27.895184641158043,STOP_LOSS,1
2021-04-14 16:00:00,2021-04-14 20:00:00,AVAXUSDT,37.271126249999995,37.289649999746246,111.18151345201677,3.0,2.0594985315945897,3.3177423735277745,3.3167357784542277,6.228221917478052,0.41571879694843594,0.25292800787797454,-5.243626425213823,0.1491000000000075,STOP_LOSS,2
2021-04-15 00:00:00,2021-04-15 04:00:00,LINKUSDT,41.456717999999995,40.883548000000005,99.57715248862608,3.0,-57.074636491904855,3.3051576701072616,3.2568538347776514,2.0365519226972615,0.4073103845394762,0.24781223487077414,-64.29177061620003,-4.147723416021431,SIGNAL_EXIT,1
2021-04-15 04:00:00,2021-04-15 08:00:00,AVAXUSDT,40.134757349999994,38.6742532,98.05518154863962,3.0,-143.20999958079074,3.1508574206283813,3.0337687350272455,1.8970539863853189,0.0,0.0,-149.39462573644636,-10.917002466940229,SIGNAL_EXIT,1
2021-04-15 08:00:00,2021-04-16 08:00:00,LINKUSDT,42.4962375,39.301232804464284,82.06833812657594,3.0,-262.2087256692229,2.7923103188609097,2.5803094900704426,4.845348316356558,1.0261086384303915,0.6242960763132659,-269.2317501928979,-22.55497109975241,STOP_LOSS,7
2021-04-16 12:00:00,2021-04-17 12:00:00,LINKUSDT,40.894437,40.914761535189,65.5479495628964,3.0,1.332231607457726,2.1461541183979547,2.145502980389202,4.028861380300182,0.8266186371427302,0.5029241080798419,-4.2889682365520025,0.1490999999999822,STOP_LOSS,7
2021-04-17 16:00:00,2021-04-18 00:00:00,LINKUSDT,40.530255,36.93883493892857,65.81971622663508,3.0,-236.3862492703656,2.13586059463023,1.9450429067382335,3.6524341012859245,0.27092711593207536,0.1648351150244583,-240.90291500269058,-26.583252889019015,STOP_LOSS,3
2021-04-30 16:00:00,2021-04-30 20:00:00,ETHUSDT,2737.8382349999997,2782.4780650000002,0.7106187939847705,3.0,31.721902158285552,1.5576935986237728,1.5818249654715024,0.9891351710049416,0.2308237543557627,0.12035976794113275,28.231200071893387,4.891431797832337,SIGNAL_EXIT,1
2021-04-30 20:00:00,2021-05-01 08:00:00,BNBUSDT,626.0928899999999,625.58705,3.242626106194242,3.0,-1.6402499895570393,1.6254484787963166,1.622835920021634,1.0147798399334904,0.20622129247563523,0.12546736176173712,-5.220223042612362,-0.24237936961714468,SIGNAL_EXIT,3
2021-05-01 08:00:00,2021-05-04 00:00:00,ETHUSDT,2860.199385,3276.37805,0.7043344670266981,3.0,293.1289782006577,1.6129199434940469,1.846132790099778,3.4666990299820033,2.6882946590224988,1.0324008095659614,285.9492299984754,43.65206151528488,STOP_LOSS,17
2021-05-04 08:00:00,2021-05-04 12:00:00,ETHUSDT,3315.6569999999997,3317.304881529,0.866102380694835,3.0,1.4272341153701074,2.2991980954903877,2.2985005243062915,4.316162727165057,0.9550604219889016,0.18337789616499098,-4.308902822580464,0.149100000000017,STOP_LOSS,2
2021-05-05 16:00:00,2021-05-06 00:00:00,LINKUSDT,47.141559,47.164988354823,60.64250132598557,3.0,1.4208146809208455,2.288856728716195,2.2881622950779583,4.296749427412202,0.29590508522014664,0.18003199344141554,-3.63214142153487,0.14910000000000856,STOP_LOSS,3
2021-05-06 04:00:00,2021-05-07 04:00:00,ETHUSDT,3470.9045849999998,3422.288,0.8205049367674666,3.0,-39.890148001274966,2.280139589304511,2.2464033592320476,1.404704451745894,5.872049221545942,0.5206318169706208,-50.80937198832809,-4.202067542574044,SIGNAL_EXIT,6
2021-05-07 12:00:00,2021-05-07 20:00:00,AVAXUSDT,42.30804345,39.80218895,63.713373480737545,3.0,-159.65644364688671,2.1581970965325237,2.028745383937788,1.2686001650434793,0.25366778804247364,0.15433434514714345,-164.2513882605466,-17.7686389796879,SIGNAL_EXIT,2
2021-05-07 20:00:00,2021-05-08 08:00:00,LINKUSDT,49.9759755,48.721627000000005,44.0857470029636,3.0,-55.29889062454653,1.7639937647072115,1.7183434571958085,1.0745019117031036,0.21701208962208834,0.13203260453089258,-59.130272540602526,-7.529708949853267,SIGNAL_EXIT,3
2021-05-08 08:00:00,2021-05-09 12:00:00,ETHUSDT,3529.633935,3778.79079875,0.5739913386093385,3.0,143.01388174756704,1.6220811106097652,1.735194551119331,3.258377349372777,4.058881784372829,0.5264236998645043,135.07130060160063,21.177000363636857,STOP_LOSS,8
2021-05-09 16:00:00,2021-05-10 20:00:00,ETHUSDT,3880.69938,3988.18491,0.6263997284517705,3.0,67.32890680449458,1.9462522320536064,1.9985583557115592,1.2497238342367745,6.0357530708818885,0.6088149935697303,56.73952815227779,8.309239093907856,SIGNAL_EXIT,7
2021-05-11 20:00:00,2021-05-12 16:00:00,ETHUSDT,4069.0334999999995,4186.84553,0.639206201527764,3.0,75.306180190575,2.082427099619073,2.141006102091838,1.3387982129138565,1.0943375321222402,0.3347155706936215,69.65369388604825,8.685996072531726,SIGNAL_EXIT,5
2021-06-14 16:00:00,2021-06-14 16:00:00,BTCUSDT,40705.712685,39821.24497951515,0.06902582401541953,3.0,-61.05111218611921,2.2495959649455886,2.1989553984247365,4.129235224883414,0.0,0.0,-65.49966354948954,-6.518503034175663,STOP_LOSS,1
2021-06-15 00:00:00,2021-06-15 00:00:00,BTCUSDT,40536.53814,39821.967008333864,0.06447031958514184,3.0,-46.068629224832044,2.0923967724268144,2.053867951629007,3.8567875906902698,0.0,0.0,-50.21489394888787,-5.288348471185947,STOP_LOSS,1
2021-06-15 04:00:00,2021-06-15 08:00:00,BTCUSDT,40423.33156499999,39825.156705735295,0.06092717515624951,3.0,-36.445104424485166,1.9718810269494833,1.9411474385883354,3.6451191260418625,0.0,0.0,-40.358132890022986,-4.4393287448574865,STOP_LOSS,2
2021-07-24 08:00:00,2021-07-25 04:00:00,BTCUSDT,33823.393245,34143.769575,0.06923911644657257,3.0,22.182574019595503,1.8750215080134276,1.8912675500226936,1.1826335355319566,-0.7342362047445155,0.42915302707547637,18.72136813922842,2.8416101927977846,SIGNAL_EXIT,5
2021-07-25 04:00:00,2021-07-25 04:00:00,NEARUSDT,2.21720805,2.1621619371524186,1081.5498512387785,3.0,-59.53511516157471,1.9199527915475756,1.870788737185078,3.5129983797916613,0.0,0.0,-63.32585669030736,-7.448030803547925,STOP_LOSS,1
2021-07-25 08:00:00,2021-07-26 04:00:00,BTCUSDT,34712.857755,37753.25654275,0.06361318518380961,3.0,193.40945111777125,1.767970735490838,1.921283919796662,3.607819078235994,-2.011219451989751,0.41426225963308205,191.3171536548404,26.276132111123022,STOP_LOSS,6
2021-07-26 08:00:00,2021-07-26 20:00:00,BTCUSDT,38169.06499499999,38188.03502030251,0.0728780688965841,3.0,1.3824988109666203,2.227131904262455,2.2264561977878183,4.180876685880941,0.5672738514104675,0.34513581346746824,-3.983498955961589,0.1490999999999988,STOP_LOSS,4
2021-07-27 00:00:00,2021-07-30 04:00:00,BTCUSDT,37259.950665,39950.005005,0.07433576165615183,3.0,199.96723826033698,2.2175715067681474,2.375771240171002,1.4855998250193034,2.0961338137325205,1.775853113187787,191.50190858647755,21.659081335232916,SIGNAL_EXIT,19
2021-07-30 04:00:00,2021-07-30 08:00:00,ETHUSDT,2423.4311099999995,2328.6653645849997,1.3797763507014817,3.0,-130.7555343802142,2.677176087375693,2.5704299190016213,4.826796292566792,0.0,0.0,-136.0031403865915,-11.731187037744993,STOP_LOSS,2
2021-07-30 12:00:00,2021-07-30 16:00:00,ETHUSDT,2336.317575,2345.46668,1.256725520078063,3.0,11.49791373937376,2.3507685504478735,2.358086266599014,1.474541187217837,0.0,0.0,6.7890589223268725,1.1748109629316934,SIGNAL_EXIT,1
2021-07-30 16:00:00,2021-07-31 04:00:00,LINKUSDT,20.4932415,21.53075535,144.26516188446618,3.0,149.67710352762575,2.367062291861458,2.4849103248500692,4.6662061683462355,0.6311168036959742,0.3839785861714041,143.81003552104687,15.188136781582354,STOP_LOSS,4
2021-07-31 08:00:00,2021-07-31 12:00:00,LINKUSDT,22.0240065,21.810089500000004,153.8115131328558,3.0,-32.90289745484035,2.7122063771119707,2.6837142940464087,1.6781605140356886,0.33561672165589135,0.2041930012356172,-38.83862784889023,-2.913870371405789,SIGNAL_EXIT,1
2021-07-31 12:00:00,2021-07-31 16:00:00,SOLUSDT,34.653318,34.2238795,94.39566780222944,3.0,-40.53713398748736,2.6189936702746337,2.5844687681484246,1.6161010306078054,0.0,0.0,-45.74059642591042,-3.7177262506291284,SIGNAL_EXIT,1
2021-07-31 16:00:00,2021-07-31 20:00:00,LINKUSDT,21.949969499999998,21.595197000000002,142.77974656532936,3.0,-50.6543276383477,2.5092162388524493,2.4666854037506893,1.542449602145143,0.3085470323276768,0.18772349673902303,-56.12649981001754,-4.848833616830253,SIGNAL_EXIT,1
2021-07-31 20:00:00,2021-08-01 04:00:00,SOLUSDT,34.3941885,36.071955,86.22870362230529,3.0,144.6716302759328,2.3745126393084073,2.488350333417707,1.555996956864564,0.3111993913728998,0.18933722191673877,139.30823068991705,14.634156872170461,SIGNAL_EXIT,2
2021-08-01 04:00:00,2021-08-01 16:00:00,LINKUSDT,23.462725499999998,22.854567,144.20134774249888,3.0,-87.69727534105625,2.708852392964208,2.6365274907769916,1.6486540087400257,0.3291828366265765,0.20027855297076672,-93.57211661439479,-7.776059520450832,SIGNAL_EXIT,3
2021-08-01 16:00:00,2021-08-01 20:00:00,SOLUSDT,35.49773999999999,35.5272275,87.41020870762438,3.0,2.57750852926686,2.4842793130896603,2.484353896462602,1.5534979342562127,0.3105859535799309,0.18896399944021955,-2.8906746333055526,0.24920600579086727,SIGNAL_EXIT,1
2021-08-01 20:00:00,2021-08-01 20:00:00,LINKUSDT,23.2706295,21.782050198607145,132.96588198304605,3.0,-197.93025971140727,2.4773416939697275,2.317015612845426,4.3509306700900385,0.0,0.0,-202.72461701822243,-19.190447358454833,STOP_LOSS,1
2021-08-02 00:00:00,2021-08-02 04:00:00,ETHUSDT,2556.7777499999997,2558.889915,0.9725180312580418,3.0,2.0541185474925885,1.9908026131259933,1.9908532658734865,1.2449057440428257,0.24896461600205871,0.15147288219761726,-2.327974829706567,0.24783127903867974,SIGNAL_EXIT,1
2021-08-02 04:00:00,2021-08-02 12:00:00,SOLUSDT,34.8304065,34.5557135,71.1887794489231,3.0,-19.555059393162974,1.9852154735346976,1.9679832536413397,1.2306048359436181,0.24618503709026587,0.1497817550172733,-23.90422491244655,-2.365975832065002,SIGNAL_EXIT,2
2021-08-02 12:00:00,2021-08-03 04:00:00,LINKUSDT,22.6483185,22.6595747142945,106.31600848633806,3.0,1.1967157744582753,1.9278453337448258,1.9272604300973963,3.619041869236285,0.49625123281168027,0.3019248507486076,-3.4565660729442347,0.1491000000000216,STOP_LOSS,5
2021-08-03 08:00:00,2021-08-04 08:00:00,LINKUSDT,22.919453999999998,22.930844968638,104.60621877759523,3.0,1.1915661574354048,1.9195495751697595,1.9189671884355721,3.6034686813386916,0.7278291490107521,0.44281946855928334,-3.8175992237399625,0.1491000000000064,STOP_LOSS,7
2021-08-04 12:00:00,2021-08-05 00:00:00,LINKUSDT,23.2546215,24.185901,102.6064339062215,3.0,95.55526846496923,1.9103873370327842,1.9853032419351335,1.2414352438312912,0.24649143617291588,0.14996817167718662,91.26311827815121,12.01412158009111,SIGNAL_EXIT,3
2021-08-05 00:00:00,2021-08-05 04:00:00,ETHUSDT,2725.912275,2710.6539950000006,0.9756895449999514,3.0,-14.887344270681428,2.1294188209003466,2.115805410427081,1.3230399014673087,0.2646079802935319,0.16099048158401816,-19.55816696388641,-1.6792484637092246,SIGNAL_EXIT,1
2021-08-05 04:00:00,2021-08-05 16:00:00,SOLUSDT,37.2556185,36.688646500000004,69.81541712999845,3.0,-39.58338668102897,2.0824792201870195,2.0491465274660463,1.2813572582951724,0.2571511259149233,0.15645364722179528,-44.12861720181875,-4.5655288208407505,SIGNAL_EXIT,3
2021-08-05 16:00:00,2021-08-06 12:00:00,ETHUSDT,2756.567595,2734.9018650000003,0.8955835538251747,3.0,-19.403471469616445,1.9765705389026542,1.959466505295839,1.2252792054123467,0.7427844613728465,0.45191844938647585,-24.53421142457426,-2.357902999291375,SIGNAL_EXIT,5
2021-08-06 12:00:00,2021-08-07 04:00:00,SOLUSDT,36.95847,40.0509645,64.8076841634167,3.0,200.41740683310329,1.917688431483676,2.0764882062049717,1.298454356056055,0.518182800265431,0.3152682639077836,195.58977913124141,25.102455539961483,SIGNAL_EXIT,4
2021-08-07 04:00:00,2021-08-07 16:00:00,AVAXUSDT,15.3266595,15.146423,194.52984995503556,3.0,-35.061379301420665,2.3871039013986555,2.3571451148364,1.4739526731092074,0.3085827009836729,0.18774519795188857,-40.30195621659128,-3.5279018236165443,SIGNAL_EXIT,3
2021-08-07 16:00:00,2021-08-08 04:00:00,ETHUSDT,3084.5114849999995,3118.390025,0.9274349091593889,3.0,31.42014066735329,2.2903792064788364,2.313683015647536,1.4467752724156093,0.6794884307339124,0.34955684028582334,25.787033174207185,3.2950313362182815,SIGNAL_EXIT,3
2021-08-08 04:00:00,2021-08-08 08:00:00,AVAXUSDT,15.798895499999999,15.699146500000001,185.9612806183236,3.0,-18.54945178039668,2.352268086096933,2.3355467102037384,1.460446917335914,0.0,0.0,-23.23726657669735,-1.8941007616639547,SIGNAL_EXIT,1
2021-08-08 08:00:00,2021-08-08 16:00:00,ETHUSDT,3139.418925,2989.0086766125,0.9136489515316155,3.0,-137.42216573884915,2.29649864631286,2.18472371480473,4.102510731355749,0.38612097596357386,0.17239330707338957,-142.4619023830037,-14.373065715098843,STOP_LOSS,3
2021-08-08 20:00:00,2021-08-09 12:00:00,ETHUSDT,2986.27239,3131.843295,0.8175017854488048,3.0,119.00447474689838,1.954590080593651,2.0482299883266943,1.280784134771348,0.8853433619691247,0.3024914523457333,113.81381986366318,14.624008059760419,SIGNAL_EXIT,4
2021-08-09 12:00:00,2021-08-09 20:00:00,AVAXUSDT,15.8309115,15.8387794630155,175.7606513740404,3.0,1.3828783045913482,2.2277432482664428,2.227067356311503,4.18202432957828,0.2859625797855637,0.1739828609236071,-3.5318777406957684,0.14910000000002258,STOP_LOSS,3
2021-08-10 00:00:00,2021-08-10 12:00:00,AVAXUSDT,16.1910915,16.33183,171.19686837476507,3.0,24.093990459762082,2.219266741688773,2.2367665206632315,1.3986784146217945,0.5589748949304454,0.34008663468275635,18.738895667796875,2.6077025134470007,SIGNAL_EXIT,3
2021-08-10 12:00:00,2021-08-10 16:00:00,NEARUSDT,2.8632309,2.80309775,987.7079330287561,3.0,-59.39398929300811,2.264240091291485,2.2149135077840456,1.3850134490895123,0.0,0.0,-63.87314289208364,-6.300555431977208,SIGNAL_EXIT,1
2021-08-10 16:00:00,2021-08-10 20:00:00,BNBUSDT,369.534675,370.864475,7.134837186496113,3.0,9.487906490602775,2.1109445483504845,2.1168461179042866,1.3236906690245784,0.2647381338049383,0.1610696684492742,4.834308022093792,1.079573926316956,SIGNAL_EXIT,1
2021-08-10 20:00:00,2021-08-11 04:00:00,AVAXUSDT,16.4832375,16.793599,160.83375991013799,3.0,49.91660697635014,2.1225468876035096,2.1607821356745065,1.3511644170049428,0.2701846332730408,0.16438338019502063,45.19870993960406,5.64867490382273,SIGNAL_EXIT,2
2021-08-11 04:00:00,2021-08-12 04:00:00,BNBUSDT,379.25953499999997,399.40020000000004,7.347339904141741,3.0,147.98031165045143,2.2310237914585596,2.3476232217457538,1.4679985128473876,0.8722174147004743,0.5306669189751155,141.9987803035715,15.9315691298309,SIGNAL_EXIT,6
2021-08-12 04:00:00,2021-08-12 04:00:00,NEARUSDT,3.2135059499999996,3.021862775003571,999.59493131473,3.0,-191.5655463474917,2.5718208641871305,2.4165109704177876,4.537764716607997,0.0,0.0,-196.5538781820966,-17.891036579200527,STOP_LOSS,1
2021-08-12 08:00:00,2021-08-12 12:00:00,NEARUSDT,3.1626805499999997,3.16425240223335,829.36430431808,3.0,1.3036381340034116,2.1000915565500984,2.099454393812061,3.942390574258765,0.26599371968089464,0.16183358106678508,-3.3237351171064278,0.1491000000000307,STOP_LOSS,2
2021-08-12 16:00:00,2021-08-13 04:00:00,NEARUSDT,3.1137561,3.2559,839.1958271054164,3.0,119.28656772848977,2.0921145922690436,2.18587015477802,30.005446798154146,0.549706834587132,0.33444784217028334,114.12442830468531,13.695089991152509,STOP_LOSS,4
2021-08-13 08:00:00,2021-08-14 16:00:00,NEARUSDT,3.36898365,3.26706565,877.1638034011116,3.0,-89.39878051503446,2.366013220200288,2.2926013852121003,1.4335926620884178,1.1672594164619272,0.7101738026994766,-95.93482833960825,-9.075556065699514,SIGNAL_EXIT,8
2021-08-14 16:00:00,2021-08-15 04:00:00,AVAXUSDT,18.135063,17.071524387642857,147.09495470731756,3.0,-156.44116401415718,2.1357696321852284,2.0089080852681547,3.772361201680176,0.531365814384714,0.3232889584818398,-161.44049650447712,-17.59362973854255,STOP_LOSS,4
2021-08-15 08:00:00,2021-08-15 12:00:00,BNBUSDT,398.128965,403.168315,5.484761045400276,3.0,27.639630574137954,1.7483124405744837,1.7690254950813342,1.106194031441542,0.2212223520051747,0.13459417568190718,23.766476110795054,3.7972745841287985,SIGNAL_EXIT,1
2021-08-15 12:00:00,2021-08-15 20:00:00,SOLUSDT,46.791384,51.98191,48.19016738353473,3.0,250.1323167485889,1.8053519832403917,2.00401355505267,3.763170170980034,0.7049851845532216,0.15523178414305247,245.46273424159958,33.278729263490035,STOP_LOSS,3
2021-08-16 00:00:00,2021-08-16 08:00:00,SOLUSDT,53.541757499999996,61.467659999999995,55.857033068626265,3.0,442.71739804120756,2.3944625454202306,2.746720893816861,5.157838433556955,1.3112009949773795,0.19916352105783505,436.06585008593527,44.40965072915285,STOP_LOSS,3
2021-08-16 12:00:00,2021-08-16 16:00:00,SOLUSDT,61.82089499999999,65.325514525,69.52074555775144,3.0,243.6437622742534,3.4410205856264753,3.6331827789773774,6.822451387663543,0.0,0.0,236.56955890964954,17.006965970000966,STOP_LOSS,2
2021-08-16 20:00:00,2021-08-17 00:00:00,SOLUSDT,62.94145499999999,62.042,79.54972793741476,3.0,-71.55140054194652,4.008787527009634,3.9483393765544696,81.56535178441669,0.0,0.0,-79.50852744551062,-4.287102991184375,STOP_LOSS,2
2021-08-17 04:00:00,2021-08-17 16:00:00,SOLUSDT,71.889927,64.2424186095,66.33253166837086,3.0,-507.2785924969727,3.817967061140408,3.409089813493918,6.401645869104187,3.928067383188379,0.28308740946857547,-518.7168041642639,-31.913407244800762,STOP_LOSS,4
2021-08-17 20:00:00,2021-08-18 04:00:00,AVAXUSDT,23.3366625,23.3133375,137.7118672047287,3.0,-3.2121293025502715,2.573046731146174,2.5684185903192174,1.6060646512751358,0.321075218387825,0.19534578653149287,-8.870015628934981,-0.29985007496251637,SIGNAL_EXIT,2
2021-08-18 04:00:00,2021-08-18 08:00:00,NEARUSDT,4.2688333499999995,4.0769605,746.6083463652373,3.0,-143.2538712508847,2.55175869363673,2.435114189681113,1.5227077224115488,0.0,0.0,-148.24074413420257,-13.48421226141325,SIGNAL_EXIT,1
2021-08-18 08:00:00,2021-08-18 12:00:00,SOLUSDT,67.471719,74.412863025,40.65081184215256,3.0,282.16313972955646,2.1959809077146435,2.419954634772117,4.544231287128457,0.3047144204875914,0.18539169244054535,277.05709807414155,30.862459684775484,STOP_LOSS,2
2021-08-18 16:00:00,2021-08-18 20:00:00,AVAXUSDT,27.0845355,26.666,131.93087660383307,3.0,-55.217755404823684,2.8609179430925833,2.8144550044142504,62.36432842666902,0.3517541032011397,0.21401116629470815,-61.45889362182636,-4.635879762457076,STOP_LOSS,2
2021-08-19 00:00:00,2021-08-19 04:00:00,AVAXUSDT,30.0520185,30.0669543531945,112.77303490951364,3.0,1.6843614937068538,2.7134165984002,2.712593354316445,5.093753169096683,0.34188273263168156,0.20800531303167175,-4.291536504673145,0.14910000000001192,STOP_LOSS,2
2021-08-19 08:00:00,2021-08-20 16:00:00,AVAXUSDT,33.168576,35.48144787500001,101.78890470231347,3.0,235.4246948730367,2.7031169107889848,2.8892941731587833,5.425564922055267,1.3161814322532643,0.8007796378451679,227.71532271899048,20.919244844879735,STOP_LOSS,9
2021-08-20 20:00:00,2021-08-21 12:00:00,AVAXUSDT,35.77487849999999,45.807,113.45370391566495,3.0,1138.1813423069775,3.2496336853145613,4.157579052211892,185.61025960602737,0.9938431009308334,0.6046653591487312,1129.1756211093711,84.12709074609445,STOP_LOSS,5
2021-08-21 16:00:00,2021-08-21 20:00:00,AVAXUSDT,49.0695225,43.82322462696428,151.6951650547514,3.0,-795.8380217765441,5.959655175977052,5.318217034415035,9.986636894870474,0.6858441802455422,0.4172753397189396,-808.2190135069008,-32.0746826486994,STOP_LOSS,2
2021-08-22 00:00:00,2021-08-23 04:00:00,AVAXUSDT,43.789884,49.764,114.6587188928624,3.0,684.9844870773518,4.019929543560491,4.564701189587524,124.48497110198021,2.0697274664788377,1.2592455496106698,673.0708833281143,40.92805543855747,STOP_LOSS,8
2021-08-23 08:00:00,2021-08-24 16:00:00,AVAXUSDT,49.454715,48.422,142.32190560134478,3.0,-146.97796674309322,5.635299663547967,5.513209050422653,161.0549453026359,2.782948309938136,1.6931771602026835,-162.60260092720466,-6.264609956805957,STOP_LOSS,9
2021-08-24 20:00:00,2021-08-25 00:00:00,AVAXUSDT,52.694334,55.594,124.3221277496746,3.0,360.4926468833884,5.245053421322677,5.5292514960923285,56.690890253851116,0.0,0.0,349.71834196597337,16.508412460436467,STOP_LOSS,2
2021-08-25 04:00:00,2021-08-26 00:00:00,AVAXUSDT,52.368171,45.29994043992857,145.11462363482627,3.0,-1025.7036174889424,6.084377442041012,5.2589470460962255,9.875338719509665,1.4109785085261428,0.8584552489321728,-1039.3163757345378,-40.491564389778446,STOP_LOSS,6
2021-08-26 04:00:00,2021-08-26 16:00:00,AVAXUSDT,45.17957849999999,44.963,99.24688999051583,3.0,-21.49474256380994,3.5900181402781217,3.5699503317148507,30.462607878224862,0.43107886667380557,0.26227324765308724,-29.348063150129803,-1.4381176663699289,STOP_LOSS,4
2021-08-26 20:00:00,2021-08-27 04:00:00,AVAXUSDT,42.3741765,42.3952364657205,103.74145921416418,3.0,2.1847915748453333,3.5195827887178104,3.5185149557467117,6.607126231371957,0.4454969483033852,0.271045371239416,-5.56984848916199,0.14910000000002638,STOP_LOSS,3
2021-08-27 08:00:00,2021-08-28 00:00:00,AVAXUSDT,46.796386500000004,46.8196443040905,93.58121540596801,3.0,2.1764935744627225,3.5062151523438216,3.5051513750815175,6.582031876091907,0.8773706850386531,0.5338022268088238,-6.246045864810093,0.14909999999998888,STOP_LOSS,5
2021-08-28 04:00:00,2021-08-28 12:00:00,AVAXUSDT,47.006491499999996,46.5956905,92.7646254601469,3.0,-38.107800903653086,3.4912246422682776,3.4579454218315404,2.162297037162953,0.4324872368202969,0.26313011594511937,-45.75258832051832,-2.621771931223535,SIGNAL_EXIT,2
2021-08-28 12:00:00,2021-08-28 20:00:00,SOLUSDT,92.496225,93.863045,45.66015120555994,3.0,62.409207870783625,3.381418430299034,3.428640661851422,2.1439723998569287,0.4288858002738246,0.2609389613043271,54.90932401705501,4.433110648569725,SIGNAL_EXIT,2
2021-08-28 20:00:00,2021-08-29 04:00:00,AVAXUSDT,49.374674999999996,48.949,88.87122414713652,3.0,-37.83025833883218,3.5132008079399664,3.4801260406225483,46.60623395706608,0.43501575507781853,0.26466849498992684,-45.523269437462446,-2.5863967712192433,STOP_LOSS,3
2021-08-29 08:00:00,2021-08-29 16:00:00,AVAXUSDT,48.7313535,47.131422500000006,87.24418575099253,3.0,-139.58467735277043,3.4039449612900556,3.289554063438808,2.056999789543564,0.4163467032408866,0.2533100331528703,-146.94783311389304,-9.849496587448515,SIGNAL_EXIT,2
2021-08-29 16:00:00,2021-08-29 20:00:00,SOLUSDT,92.21608499999999,93.863045,41.32724168575444,3.0,68.06431396677043,3.051270161816713,3.103280596860676,1.9405206333544744,0.3881454539126057,0.23615207478141645,61.28546567939901,5.357937283934816,SIGNAL_EXIT,1
2021-08-29 20:00:00,2021-08-30 00:00:00,AVAXUSDT,48.616296,47.42927350000001,82.16886255649013,3.0,-97.53628865396053,3.1983552794472705,3.1177675643005442,1.9495795174461603,0.0,0.0,-103.85241149770835,-7.324843299456568,SIGNAL_EXIT,1
2021-08-30 00:00:00,2021-08-30 20:00:00,SOLUSDT,94.277115,109.63,39.07032746307639,3.0,599.8422444529535,2.949109491852771,3.426623999821652,53.44820796948886,1.361123574269465,0.7329259451937238,591.3724614418159,48.85454439287839,STOP_LOSS,6
2021-08-31 00:00:00,2021-08-31 12:00:00,SOLUSDT,110.31513,118.571875,49.45954236505997,3.0,408.3748291249975,4.368403399313129,4.691608539893676,8.809980983776025,3.7229707241251786,0.722081483666882,394.86976497799867,22.454068630477096,STOP_LOSS,4
2021-08-31 16:00:00,2021-08-31 16:00:00,SOLUSDT,116.57825999999999,106.20478493142856,56.955709008181685,3.0,-590.8286274091815,5.316090835260325,4.839175060664772,9.08708386454317,0.0,0.0,-600.9838933051066,-26.694878792764854,STOP_LOSS,1
2021-08-31 20:00:00,2021-08-31 20:00:00,SOLUSDT,114.747345,103.56248219678571,42.164706596642894,3.0,-471.6064584212352,3.8737294913280693,3.4933453409980184,6.559862307832839,0.0,0.0,-478.97353325356124,-29.24214796398371,STOP_LOSS,1
2021-09-01 00:00:00,2021-09-01 20:00:00,SOLUSDT,108.32413499999998,114.92251000000002,31.410516884237136,3.0,207.25836934602924,2.724193011519522,2.8878203525871293,1.8057906156743897,6.001812951813697,0.6541337485317835,194.9904092815771,18.273974677942366,SIGNAL_EXIT,5
2021-09-01 20:00:00,2021-09-02 16:00:00,ETHUSDT,3714.95655,3754.431845,1.0732347117896543,3.0,42.366256852136786,3.1921699937953067,3.2235092632819806,2.015701140121168,1.4428457999652449,0.4912886360985951,34.016443158995656,3.187813461775228,SIGNAL_EXIT,5
2021-09-02 16:00:00,2021-09-03 08:00:00,SOLUSDT,121.93093499999999,138.8524085,33.535279724245065,3.0,567.4663471689004,3.2738094573768954,3.725163487546115,6.995174300599293,7.401134428738699,0.5356463296680238,552.5305934655707,41.63374987651823,STOP_LOSS,5
2021-09-03 12:00:00,2021-09-04 12:00:00,SOLUSDT,139.439685,139.508986523445,41.20242898738718,3.0,2.855391098460601,4.599882881694265,4.598487288267679,8.635116340011612,7.8893151466794835,1.0852448433930888,-15.317539061573914,0.14910000000001256,STOP_LOSS,7
2021-09-04 16:00:00,2021-09-06 00:00:00,SOLUSDT,142.41117,141.90901,40.02030082433255,3.0,-20.096594261946972,4.563120787946488,4.543393015906573,2.841041155519159,17.60316063892347,1.3580544701359178,-48.164323174859426,-1.0578383704031156,SIGNAL_EXIT,8
2021-09-06 00:00:00,2021-09-06 20:00:00,LINKUSDT,33.63981149999999,35.314334,165.13054744662304,3.0,276.5148171366893,4.447526412326825,4.665180244906315,2.9171962511917795,1.6897313528570597,1.028051625435887,264.68432750116324,14.933399671398362,SIGNAL_EXIT,5
2021-09-06 20:00:00,2021-09-07 08:00:00,SOLUSDT,162.451185,185.427441,39.07868218452017,3.0,897.8818060141738,5.0827687983296155,5.797008028102292,10.885718630637806,1.952663114166639,0.41239318122473323,884.6369728923505,42.430449491642634,STOP_LOSS,4
2021-09-07 12:00:00,2021-09-07 12:00:00,SOLUSDT,182.93142,169.31634965571428,49.19967285584839,3.0,-669.8570068482209,7.2058975332712585,6.664247209766065,12.514234870617454,0.0,0.0,-683.7271515912581,-22.32815501725028,STOP_LOSS,1
2021-09-08 00:00:00,2021-09-08 04:00:00,NEARUSDT,8.68343955,8.35372105,800.4461215424533,3.0,-263.9218945257942,5.5649523694522385,5.349362891936042,3.345024319619847,0.6687727345487198,0.40688887948815555,-275.91187140121934,-11.391286762628473,SIGNAL_EXIT,1
2021-09-09 16:00:00,2021-09-09 20:00:00,NEARUSDT,10.449222,9.817888600000002,586.0294750875759,3.0,-369.979981007254,4.902763878089312,4.602857682181037,2.8782251639446708,0.5757622386840415,0.3503002440848986,-380.4116650502933,-18.12575328574699,SIGNAL_EXIT,1
2021-09-10 04:00:00,2021-09-10 08:00:00,NEARUSDT,10.1286618,9.284655350000001,491.992937959365,3.0,-415.24521299215314,3.9897758819686078,3.65438789086931,2.2851349992927052,0.0,0.0,-422.8893767649911,-24.99855755870924,SIGNAL_EXIT,1
2021-09-14 16:00:00,2021-09-14 20:00:00,NEARUSDT,9.1497726,8.6748604,406.08406823007317,3.0,-192.8542782280943,2.9748413777326292,2.818178082047968,1.762242422491135,0.3523672676845991,0.21438422248663716,-199.21404917804614,-15.571278787846607,SIGNAL_EXIT,1
2021-09-14 20:00:00,2021-09-15 04:00:00,SOLUSDT,154.2771,157.19136500000002,20.213063681984835,3.0,58.906224031180116,2.4967276597053183,2.5418552568024984,1.5894542626327026,0.3178908525265755,0.1934083824026621,53.35634187974306,5.666942793194899,SIGNAL_EXIT,2
2021-09-15 04:00:00,2021-09-15 08:00:00,NEARUSDT,8.9486721,8.9531195900337,366.3508709175589,3.0,1.6293418472430514,2.624782880216702,2.623986527390323,4.927365787538148,0.0,0.0,-3.6194275603639734,0.1490999999999902,STOP_LOSS,2
2021-09-15 12:00:00,2021-09-16 00:00:00,NEARUSDT,8.975085299999998,9.251172100000002,364.0638625836474,3.0,100.51322681636019,2.6160962540718278,2.6944139585216584,1.684851149650545,0.33316940320479915,0.20270402506946483,94.66684317549243,9.228440424961871,SIGNAL_EXIT,3
2021-09-16 00:00:00,2021-09-16 20:00:00,AVAXUSDT,57.9279495,64.4082425,61.305079518455415,3.0,397.27487766789017,2.84329667769301,3.158841942485168,5.9317262315066674,1.1374789674172292,0.69205504139766,389.4432050388971,33.56044736228754,STOP_LOSS,6
2021-09-17 00:00:00,2021-09-17 08:00:00,AVAXUSDT,67.6267965,62.13174459096429,69.77518892031455,3.0,-383.4182850799017,3.7779603697863626,3.468203373426612,6.512650300625565,0.4689729997712182,0.28532846590385164,-391.4187502887897,-24.376662181694687,STOP_LOSS,3
2021-09-17 12:00:00,2021-09-18 08:00:00,AVAXUSDT,62.18107499999999,71.75211015,57.0166349809406,3.0,545.7082175373021,2.8385553690932674,3.2728510988278345,6.1458145321005215,0.780329666349153,0.47476137583034633,538.3417200272015,46.17659866768145,STOP_LOSS,6
2021-09-18 12:00:00,2021-09-19 16:00:00,AVAXUSDT,71.7928785,71.82855956061451,71.86073192414244,3.0,2.5640671315881995,4.130575497158551,4.129322290466095,7.754110460313627,1.5002293143071292,0.9127564464565393,-8.108816416800115,0.1491000000000313,STOP_LOSS,8
2021-09-19 20:00:00,2021-09-20 00:00:00,AVAXUSDT,71.887926,64.918152486,71.42759700509416,3.0,-497.8341737747707,4.111114337758231,3.709558107268207,6.965870256512827,0.0,0.0,-505.65484621979715,-29.08599775433776,STOP_LOSS,2
2021-10-01 12:00:00,2021-10-02 12:00:00,BTCUSDT,47511.814034999996,47659.61827,0.07617117793409393,3.0,11.258422683597882,2.8975427068307176,2.904231410812131,1.8160526580866327,0.7485288627722981,0.663796461471054,4.04432324171168,0.9332683123262057,SIGNAL_EXIT,6
2021-10-02 12:00:00,2021-10-02 16:00:00,BNBUSDT,425.41259999999994,431.68405,8.535605443235395,3.0,53.53062275697924,2.907249082610826,2.947747781550321,1.8432639954663754,0.0,0.0,47.6756258928181,4.422612306264606,SIGNAL_EXIT,1
2021-10-02 16:00:00,2021-10-05 00:00:00,SOLUSDT,170.52522,167.046435,22.132014023246725,3.0,-76.99251840386009,3.021670584753589,2.957659233562698,1.8494617518524579,2.6427616625018686,1.60788602175184,-87.22249590643008,-6.120124049686002,SIGNAL_EXIT,14
2021-10-05 00:00:00,2021-10-12 20:00:00,BTCUSDT,49249.542465,54864.667368,0.07132266069526252,3.0,400.48564821818815,2.8123365945781567,3.1304752438770453,5.878458770424664,12.02861268013814,5.66027800428168,376.8539456953131,34.20412427378682,STOP_LOSS,48
2021-10-13 00:00:00,2021-10-13 04:00:00,BTCUSDT,56024.908455,56249.651105000004,0.0828607475186349,3.0,18.622343978319545,3.716786064246908,3.728710510578167,2.3316098740480804,0.4663218919489281,0.28371550198428963,10.426810009561253,1.2034431980224862,SIGNAL_EXIT,1
2021-10-13 04:00:00,2021-10-13 04:00:00,BNBUSDT,461.33055,439.53097738928574,10.13052614861307,3.0,-220.8411403614303,3.741810408269856,3.5621440476540958,6.6890536698559435,0.0,0.0,-228.14509481735425,-14.176108179296348,STOP_LOSS,1
2021-10-13 08:00:00,2021-10-13 12:00:00,BTCUSDT,54639.906299999995,55183.1946,0.07301684307069445,3.0,39.66919654324491,3.1942621807082054,3.223442128198235,2.015659159703776,0.4031317589239067,0.24526991188617026,32.60309056352839,2.982920378836782,SIGNAL_EXIT,1
2021-10-13 12:00:00,2021-10-14 16:00:00,BNBUSDT,461.33055,474.06285,8.859947575502598,3.0,112.80751051557182,3.2725095980606733,3.360137598794682,2.1011365675303133,1.2487210112913363,0.7597359563716397,104.16640635105348,8.279724809033356,SIGNAL_EXIT,7
2021-10-14 16:00:00,2021-10-15 00:00:00,ETHUSDT,3810.3142049999997,3788.9245900000005,1.154659030975032,3.0,-24.697712128828016,3.522508973303202,3.4999327964214966,2.1885522738999565,1.407241517734573,0.26637471892190717,-33.3937701352092,-1.6840827697567113,SIGNAL_EXIT,2
2021-10-15 00:00:00,2021-10-15 04:00:00,BNBUSDT,472.93634999999995,465.46715,9.091101883579885,3.0,-67.90325818883437,3.4423639249786997,3.3852874272876488,2.116863073591439,0.4232817036994795,0.25752936570049706,-75.41172061050068,-4.7379737252169,SIGNAL_EXIT,1
2021-10-15 04:00:00,2021-10-15 08:00:00,ETHUSDT,3822.8404649999998,3803.147475,1.0655580335854686,3.0,-20.984023699817822,3.261375795513498,3.2419794759172325,2.0272507978471603,0.0,0.0,-27.487378971248553,-1.5454207556108064,SIGNAL_EXIT,1
2021-10-15 08:00:00,2021-10-16 12:00:00,BTCUSDT,59261.11575,61566.461370000005,0.06734706478070562,3.0,155.25826081205645,3.1954060859825013,3.3170563697633604,2.0741973297668155,3.490654446784406,1.000715449360631,144.25442846016554,11.670446586217073,SIGNAL_EXIT,7
2021-10-16 12:00:00,2021-10-16 16:00:00,ETHUSDT,3958.7283749999997,3836.8580135089283,1.1173990375493585,3.0,-136.17782463591564,3.5416167142868984,3.4298411612067365,6.4406130969078,0.0,0.0,-143.14928251140927,-9.235568845342017,STOP_LOSS,2
2021-10-16 20:00:00,2021-10-17 08:00:00,BTCUSDT,60864.75716999999,60299.375230000005,0.06562705862329388,3.0,-37.10435372093062,3.198058436259516,3.1658165065337642,1.9796251291478988,1.7368198784442572,0.24402485182218783,-45.449073393990346,-2.7867453989218873,SIGNAL_EXIT,3
2021-10-17 08:00:00,2021-10-17 12:00:00,ETHUSDT,3879.4087349999995,3856.8706,0.9945167184045922,3.0,-22.414552059159018,3.088980660113939,3.068577833938521,1.918820556489807,1.2781230604399385,0.2334858114115115,-30.083719425062927,-1.7429049017181737,SIGNAL_EXIT,1
2021-10-17 12:00:00,2021-10-17 20:00:00,BTCUSDT,60970.36995,59257.64602239643,0.06179981998179989,3.0,-105.84603040442182,3.0167797334937885,2.929689485383456,5.501419914966354,1.5009367095467592,0.22755147733772235,-113.52098781018357,-8.427325907689866,STOP_LOSS,3
2021-10-18 00:00:00,2021-10-18 20:00:00,BTCUSDT,61559.08416,61403.92268,0.05568093516734241,3.0,-8.63953630834863,2.744329362749348,2.735222270212469,1.7103691034342936,3.594333266478114,0.6250003180569265,-18.338421525845487,-0.7561588128733876,SIGNAL_EXIT,5
2021-10-18 20:00:00,2021-10-19 16:00:00,BNBUSDT,479.73974999999996,483.5581,7.03026197372234,3.0,26.844000807363166,2.7003171510873196,2.7196320980123403,1.700620371443342,0.6918480808340156,0.4209281805971651,20.311275296832324,2.3877633654497465,SIGNAL_EXIT,5
2021-10-19 16:00:00,2021-10-20 16:00:00,BTCUSDT,62427.18799499999,66842.40208,0.0550013753753069,3.0,242.84284725142757,2.7490642117997175,2.94113923823142,1.8391315896892988,1.0549974414753713,0.6418723501257106,235.45577400979536,21.217746114178503,SIGNAL_EXIT,6
2021-10-20 16:00:00,2021-10-20 20:00:00,ETHUSDT,4083.0404999999996,4098.879535000001,1.0137992578593356,3.0,16.05760192820939,3.314158069423226,3.324352824510256,2.0787598952658826,0.9441311692321583,0.2529481962450732,8.222011668798677,1.163767662848409,SIGNAL_EXIT,1
2021-10-20 20:00:00,2021-10-21 00:00:00,NEARUSDT,8.836716149999999,8.74332615,471.219133918656,3.0,-44.007154916663005,3.3338908974283425,3.2960180607770693,2.0610418088902764,0.0,0.0,-50.63706387486842,-3.170521664883377,SIGNAL_EXIT,1
2021-10-21 00:00:00,2021-10-21 04:00:00,ETHUSDT,4163.450685,4183.72709,0.9636814199990205,3.0,19.539994762875743,3.2123619441286584,3.225424050383656,2.0168984807295645,2.041867683921589,0.24542075969033683,10.814920324751501,1.461028834066797,SIGNAL_EXIT,1
2021-10-21 04:00:00,2021-10-21 12:00:00,SOLUSDT,184.29209999999998,184.38369317369998,21.947000839331526,3.0,2.0101954600710497,3.238317752908062,3.237335255073792,6.0791222866929955,2.3019828773009294,0.24981759142325868,-7.017258016634993,0.14910000000000828,STOP_LOSS,3
2021-10-21 16:00:00,2021-10-22 04:00:00,NEARUSDT,9.288341849999998,9.34882325,433.1907681403335,3.0,26.199984124203734,3.2214763336681393,3.2398591399005676,2.025924924900212,0.8072683240602372,0.4911511592122516,18.44022916736254,1.9534616934884537,SIGNAL_EXIT,3
2021-10-22 04:00:00,2021-10-22 16:00:00,SOLUSDT,201.82085999999998,201.92116496742,20.21049940875087,3.0,2.0272134847370005,3.265732883669809,3.2647420681506634,6.1305872586701025,0.4126579769278753,0.2510657704329608,-5.166985214444308,0.14910000000002321,STOP_LOSS,4
2021-10-22 20:00:00,2021-10-23 08:00:00,SOLUSDT,197.78884499999998,201.27931,20.544191037794747,3.0,71.70877977073683,3.2533321191551434,3.3080964772764085,2.0685945955952647,1.7099621636050135,0.25353616001863477,63.183852850681625,5.294229308028007,SIGNAL_EXIT,3
2021-10-23 08:00:00,2021-10-24 08:00:00,LINKUSDT,30.097041,30.350817000000003,141.30331729720461,3.0,35.85939065041568,3.4049733659967787,3.430936899824314,2.145408266523011,1.3031557134417397,0.7928546435115916,26.927470027641256,2.5295775754168193,SIGNAL_EXIT,6
2021-10-24 08:00:00,2021-10-24 16:00:00,NEARUSDT,9.6070011,9.16513274835,451.08036037227413,3.0,-199.3181352993844,3.469599294063118,3.30736910638836,6.210633024013599,0.4310478815681414,0.26225439596510236,-206.78840597736914,-13.798323130721801,STOP_LOSS,3
2021-10-24 20:00:00,2021-10-26 00:00:00,NEARUSDT,9.274334849999999,12.088639800000001,400.42338912607545,3.0,1126.9135261132913,2.9733071197174317,3.8724592949122907,7.27176883120685,1.3107018753924917,0.7974458136086343,1117.9596120096605,91.0352600650386,STOP_LOSS,8
2021-10-26 04:00:00,2021-10-26 12:00:00,NEARUSDT,11.906350199999999,12.563970732500001,593.3687659789505,3.0,390.211483851947,5.656410188540616,5.964054247471341,11.199400815231208,0.7777759110698887,0.4732076422966848,377.3400358625684,16.56982672574177,STOP_LOSS,3
2021-10-26 16:00:00,2021-10-27 04:00:00,NEARUSDT,12.567280499999999,11.473002286392857,652.1674133866007,3.0,-713.6525920934798,6.562026274610781,5.985854579916309,11.240337844108836,1.5969232151149662,0.9715861069982301,-728.7689822701201,-26.12207661650765,STOP_LOSS,4
2021-10-27 08:00:00,2021-10-27 08:00:00,NEARUSDT,11.495044649999999,10.296494563382142,522.9569000183008,3.0,-626.7900378143403,4.8129807171624925,4.30769830233729,8.089067918760021,0.0,0.0,-635.9107168338401,-31.280002551826286,STOP_LOSS,1
2021-10-27 12:00:00,2021-10-28 04:00:00,NEARUSDT,10.9666806,11.979363959999999,374.33450473198195,3.0,379.0823240159189,3.286794996761277,3.587431419976603,6.736538720536892,0.8890294753582679,0.5408955664207272,370.77817255740206,27.702549119557617,STOP_LOSS,5
2021-10-28 08:00:00,2021-10-29 04:00:00,NEARUSDT,11.70995205,11.3917013,445.48872435501585,3.0,-141.77712064252736,4.176662610899042,4.059899584296301,2.5387065934819044,1.5411370576954724,0.9376451792199999,-152.49246507463815,-8.153340388784958,SIGNAL_EXIT,5
2021-10-29 04:00:00,2021-10-29 20:00:00,ETHUSDT,4382.02992,4401.75802,1.0861496326125422,3.0,21.427668567143783,3.8106806947199097,3.824774285017849,2.3916797680199715,3.1513293515816065,0.5765373774266103,10.064346858397807,1.3506137812952406,SIGNAL_EXIT,4
2021-10-29 20:00:00,2021-10-30 12:00:00,BNBUSDT,530.6651999999999,510.17378969999993,9.025858627714618,3.0,-184.95257245029504,3.8348351271800656,3.683805201118086,6.917511018623999,0.9462710185296006,0.5757219673159026,-193.9932057644387,-11.584372010827156,STOP_LOSS,5
2021-10-30 16:00:00,2021-11-03 04:00:00,BNBUSDT,521.36055,551.9239000000001,8.071563988200527,3.0,246.6940352187696,3.369251433345412,3.5639112603737524,2.2285588171415887,4.7552004923685764,2.8931176468893915,232.1125543857925,17.586687370189473,SIGNAL_EXIT,21
2021-11-03 04:00:00,2021-11-03 20:00:00,SOLUSDT,229.71479999999997,234.56266000000002,21.348104838152675,3.0,103.49262352068799,3.9263215638713156,4.005974605436769,2.504986621708503,3.1162982732147118,0.6057672897081771,91.838261788457,6.331146273553189,SIGNAL_EXIT,4
2021-11-03 20:00:00,2021-11-04 00:00:00,AVAXUSDT,74.51724,75.614174,69.50431882356823,3.0,76.2416504644123,4.146733392163612,4.204409325821411,2.6290703638199773,0.0,0.0,67.89050774642728,4.41616195124781,SIGNAL_EXIT,1
2021-11-04 00:00:00,2021-11-04 04:00:00,SOLUSDT,243.491685,238.00094,22.10662180449013,3.0,-121.3818231398946,4.309670610755037,4.209117415754518,2.6320143920423824,0.52635866516491,0.32024255238567795,-130.74721238395475,-6.765009244566166,SIGNAL_EXIT,1
2021-11-04 04:00:00,2021-11-04 12:00:00,AVAXUSDT,78.57726899999999,74.85635150721428,63.51519736567708,3.0,-236.3348089356842,3.9958773010335467,3.803612752044172,7.142487641544928,0.48409377976198104,0.2945281191037986,-244.9129208876277,-14.206083540975584,STOP_LOSS,3
2021-11-04 16:00:00,2021-11-04 20:00:00,SOLUSDT,238.58923499999997,240.36975500000003,17.841122535717705,3.0,31.766475497297026,3.4080862909032406,3.430773002268355,2.145305779307069,0.4289719502487965,0.2609913759213911,24.237652877955238,2.238810145814063,SIGNAL_EXIT,1
2021-11-04 20:00:00,2021-11-05 08:00:00,AVAXUSDT,77.05650899999999,78.07294399999999,56.184151368771545,3.0,57.10753789651738,3.4662566578103333,3.509169682801299,2.194328215858865,0.43884316951120084,0.2669971371275083,49.42627124926703,3.9572322177221966,SIGNAL_EXIT,3
2021-11-05 08:00:00,2021-11-06 16:00:00,BNBUSDT,594.99735,610.59455,7.525268400442305,3.0,117.37311629537905,3.584879708808575,3.6759102980778313,2.298593232914731,1.8269094095753784,1.1115123033388872,107.17390457557838,7.864169479074174,SIGNAL_EXIT,8
2021-11-06 16:00:00,2021-11-06 20:00:00,SOLUSDT,253.336605,254.15286,18.942305051643302,3.0,15.461751209929337,3.8420970797899634,3.851392803094075,2.4083246642658755,0.48166493285318596,0.29305038123245014,6.993546012959662,0.9666052799594583,SIGNAL_EXIT,1
2021-11-06 20:00:00,2021-11-07 04:00:00,BNBUSDT,624.7121999999999,645.8769000000001,7.715141638319394,3.0,163.28865823253966,3.8588815902210674,3.9864254115349214,2.492762263340641,0.4985524526681993,0.3033249388809487,154.6414738392345,10.16373619724418,SIGNAL_EXIT,2
2021-11-07 04:00:00,2021-11-07 08:00:00,AVAXUSDT,84.9114345,83.690134,62.221259354258144,3.0,-75.99085515998503,4.23002112743523,4.165844426405294,2.6049552441253,0.0,0.0,-84.38672071382557,-4.314968321492666,SIGNAL_EXIT,1
2021-11-07 08:00:00,2021-11-07 20:00:00,BNBUSDT,659.02935,655.37215,7.632951027378125,3.0,-27.915228497327195,4.027492997722049,4.001938820526009,2.5024629943260113,1.0064045929598058,0.6123079126685258,-37.563372821203586,-1.6648120451691517,SIGNAL_EXIT,3
2021-11-07 20:00:00,2021-11-08 00:00:00,AVAXUSDT,88.3571565,83.80016028310715,55.65750395991974,3.0,-253.63103498705337,3.93734090295116,3.731286202239156,7.006671636653253,0.0,0.0,-261.2996620922437,-15.472418072528813,STOP_LOSS,2
2021-11-08 04:00:00,2021-11-08 16:00:00,AVAXUSDT,89.6097825,89.6543185619025,46.13856663136405,3.0,2.0548300595872924,3.3102217139297756,3.3092174006063018,6.214103781809141,0.4279582747892172,0.26037464433141205,-5.252941974069414,0.1491000000000176,STOP_LOSS,4
2021-11-08 20:00:00,2021-11-09 04:00:00,AVAXUSDT,90.113034,89.7041255,45.70615946453228,3.0,-18.68963710740249,3.2976146531920087,3.280024851783533,2.051041052890775,0.4101259394911946,0.24952525027983544,-25.926927802149063,-1.361318607916349,SIGNAL_EXIT,2
2021-11-09 04:00:00,2021-11-09 12:00:00,BTCUSDT,68524.245,66760.27522232142,0.05897185942080933,3.0,-104.02457775181728,3.2353900264668507,3.1495820522442237,5.9143378547400385,1.5419823874076266,0.24252500771845267,-112.19405722565443,-7.722681706359155,STOP_LOSS,3
2021-11-09 16:00:00,2021-11-10 12:00:00,AVAXUSDT,88.3191375,90.50072700000001,41.946619294345744,3.0,91.51030421304273,2.9661242891252804,3.0369596330644137,1.899049295312687,1.1407928423148153,0.6940712402858408,83.6723562082524,7.410362788019806,SIGNAL_EXIT,5
2021-11-10 12:00:00,2021-11-10 20:00:00,LINKUSDT,35.04851549999999,35.0659346122035,112.85800370310497,3.0,1.9658862295680188,3.166937944025085,3.1659771026535193,5.945124754606993,0.4043815130685955,0.2460302764125609,-5.017440606591742,0.14910000000004667,STOP_LOSS,3
2021-11-11 00:00:00,2021-11-11 04:00:00,LINKUSDT,34.251117,34.4917455,115.04632716430862,3.0,27.6834251360568,3.154896086569266,3.1745189098088558,1.9850668520565573,0.3970478843094619,0.2415684139079546,20.71539384146126,2.1076261542068804,SIGNAL_EXIT,1
2021-11-11 04:00:00,2021-11-11 08:00:00,AVAXUSDT,87.251604,88.7106225,45.873789056120685,3.0,66.93070689797757,3.204613031788772,3.255593906881723,2.0357640738378104,0.0,0.0,60.47049995930708,5.01659029672394,SIGNAL_EXIT,1
2021-11-11 08:00:00,2021-11-12 00:00:00,LINKUSDT,36.204093,34.670656,115.56229422408663,3.0,-177.20749776810064,3.3497422316911094,3.205296439691276,2.0043124310227154,0.8303728651471745,0.5052082227680732,-185.09811752739824,-12.706604747700759,SIGNAL_EXIT,4
2021-11-12 00:00:00,2021-11-12 04:00:00,NEARUSDT,12.05252325,11.91613895,301.0969450137394,3.0,-41.06489607783721,2.905506749625353,2.870330427363383,1.7948539440740914,0.3589286352425284,0.21837623256066824,-47.41803812262914,-3.3947488962528958,SIGNAL_EXIT,1
2021-11-12 04:00:00,2021-11-12 08:00:00,AVAXUSDT,89.5637595,83.59375193217858,38.93134498452661,3.0,-232.4204241830906,2.791703458131043,2.603533756018066,4.888959231380527,0.0,0.0,-237.81566139723972,-19.996952789218586,STOP_LOSS,2
2021-11-12 12:00:00,2021-11-12 16:00:00,AVAXUSDT,83.16856349999999,82.404777,33.353484488178125,3.0,-25.47494118002969,2.2209458707776677,2.198789161137022,1.3749306910562413,0.0,0.0,-29.89467621194438,-2.7550788465884524,SIGNAL_EXIT,1
2021-11-12 16:00:00,2021-11-12 20:00:00,BNBUSDT,613.7067,619.8899000000001,4.373993491008625,3.0,27.045276553605277,2.1491986478690017,2.1691155101935906,1.3563753815614263,0.27131881624726506,0.16507342991696097,22.290570149378453,3.0225513262280677,SIGNAL_EXIT,1
2021-11-12 20:00:00,2021-11-13 00:00:00,LINKUSDT,34.1440635,34.254864,80.5752755312255,3.0,8.927780816497254,2.20269601622751,2.208076084067726,1.380737921503137,0.0,0.0,4.517008716202019,0.9735264814042679,SIGNAL_EXIT,1
2021-11-13 00:00:00,2021-11-14 12:00:00,AVAXUSDT,84.864411,94.826197025,32.57793787782074,3.0,324.5344462745926,2.213536837146395,2.471393564696352,4.640824170060674,1.5034359973297615,0.9147074285982272,317.43137244682185,35.21541918790903,STOP_LOSS,10
2021-11-14 16:00:00,2021-11-15 16:00:00,AVAXUSDT,94.10602949999999,94.15280019666149,39.48992228646136,3.0,1.8469711764461707,2.975372131018767,2.9744694102551086,5.585508406838483,1.1464003419604307,0.6974829063566389,-5.946753613144774,0.14909999999999016,STOP_LOSS,7
2021-11-15 20:00:00,2021-11-16 00:00:00,AVAXUSDT,96.28011599999999,89.97587800457143,38.41305927603658,3.0,-242.16506780863946,2.96109992234722,2.7649989881624304,5.192161344821569,0.0,0.0,-247.8911667191491,-19.643426672113375,STOP_LOSS,2
2021-12-27 16:00:00,2021-12-27 20:00:00,NEARUSDT,15.358275299999999,14.9669128,192.42624473949596,3.0,-75.30841620686091,2.3661611222212615,2.304021460357996,1.440733779613538,0.28814483166026345,0.17531056759313313,-80.44205418869356,-7.644657209654257,SIGNAL_EXIT,1
2022-02-05 00:00:00,2022-02-08 08:00:00,BTCUSDT,41592.48585,44832.5725,0.06525703103697343,3.0,211.43843508153358,2.1731001921683974,2.3405124600798892,1.4635520635815886,1.8209557621675734,1.6797479200470504,203.42411874707068,23.370230827403205,SIGNAL_EXIT,20
2022-02-08 08:00:00,2022-02-08 12:00:00,AVAXUSDT,90.18507,86.526715,36.857389791620136,3.0,-134.8374162311225,2.661318077161367,2.55131908971474,1.59537211713018,0.3191112808158471,0.19415090474764443,-140.56331558356212,-12.169492134341086,SIGNAL_EXIT,1
2022-02-08 12:00:00,2022-02-08 16:00:00,BTCUSDT,44010.29415,42653.365844132146,0.06595351700418621,3.0,-89.49419409451721,2.323966119760818,2.250511591589396,4.226048306690225,0.0,0.0,-94.06867180586742,-9.249619881496672,STOP_LOSS,2
2022-02-08 20:00:00,2022-02-09 00:00:00,AVAXUSDT,85.4427,86.266845,30.671472612358848,3.0,25.27774079611253,2.098201307426736,2.1167449390176847,1.323627400586307,0.0,0.0,21.062794549668105,2.8936761127632953,SIGNAL_EXIT,1
2022-02-09 00:00:00,2022-02-09 04:00:00,BTCUSDT,44065.021499999995,43321.60836,0.06090525261443657,3.0,-45.277765088591316,2.1487520143459395,2.1108108006635895,1.3199167087691575,0.2168887135849431,0.16061044444677197,-49.91482706163256,-5.06124663980929,SIGNAL_EXIT,1
2022-02-09 04:00:00,2022-02-10 12:00:00,AVAXUSDT,86.59327499999999,86.636311857675,29.265166149659184,3.0,1.259480790418272,2.0289564293980216,2.0283408488868377,3.8088523702178962,1.052053457914098,0.6400811973011471,-4.489951143081832,0.14910000000001922,STOP_LOSS,9
2022-02-10 16:00:00,2022-02-11 16:00:00,AVAXUSDT,91.83589500000001,86.64430472892859,27.447954884869656,3.0,-142.49853554109654,2.018180546654625,1.9025671737844245,3.5726724595350374,0.7410124380268261,0.45084033038364957,-147.61113602994607,-16.95934995048968,STOP_LOSS,7
2022-02-11 20:00:00,2022-02-11 20:00:00,AVAXUSDT,84.832395,80.60806842304665,24.49805126223609,3.0,-103.4877690306297,1.6639138201827548,1.5797924739021048,2.966560729660986,0.0,0.0,-106.73147532471457,-14.93884468410927,STOP_LOSS,1
2022-02-12 00:00:00,2022-02-12 00:00:00,AVAXUSDT,81.76086,80.61375428774271,21.505278821368762,3.0,-24.66882817967774,1.4077582794034398,1.3868970102361748,2.604338401795308,0.0,0.0,-27.463483469317353,-4.209003105852675,STOP_LOSS,1
2022-02-12 04:00:00,2022-02-12 04:00:00,AVAXUSDT,83.16156,80.63322348214326,20.153127874552503,3.0,-50.953889154267465,1.341845919077078,1.3000093310184024,2.44117926455638,0.0,0.0,-53.59574440436295,-9.120812011667637,STOP_LOSS,1
2022-02-12 12:00:00,2022-02-13 04:00:00,BTCUSDT,42427.68324,42208.875005,0.035715052856625226,3.0,-7.814747678489759,1.213216132506607,1.20599376145781,0.7541231624922442,0.30319390531794715,0.18446659385075498,-10.72161807162288,-1.5471613222122056,SIGNAL_EXIT,4
2022-02-13 04:00:00,2022-02-13 16:00:00,AVAXUSDT,82.131045,80.909525,18.058552976761167,3.0,-22.058883632173266,1.1874842491347122,1.1688871548296658,0.7309199317344209,0.14833295415111622,0.0902474433956141,-24.653835433684375,-4.461845091585033,SIGNAL_EXIT,3
2022-02-13 16:00:00,2022-02-15 08:00:00,BTCUSDT,42581.249985,43669.724215,0.03309591640850566,3.0,36.02405212889256,1.1283150440938694,1.1562316337617085,0.7230062742381109,0.47328136419713296,0.42638339232912537,32.83984069451073,7.668686783855105,SIGNAL_EXIT,10
2022-02-15 08:00:00,2022-02-15 12:00:00,BNBUSDT,427.91384999999997,428.18580000000003,3.523387234461115,3.0,0.9581851584119143,1.2071306617606952,1.2069315053580163,0.7547095456213891,0.15094190912431416,0.09183476104605014,-1.6986536788771613,0.19065753538946736,SIGNAL_EXIT,1
2022-02-15 12:00:00,2022-02-15 16:00:00,AVAXUSDT,88.11403499999999,88.67564,17.05306438720354,3.0,9.57708622517569,1.2030538929313903,1.2097531187971857,0.7564739362163067,0.0,0.0,7.164279213447114,1.912084720669123,SIGNAL_EXIT,1
2022-02-15 16:00:00,2022-02-15 20:00:00,BNBUSDT,432.4161,429.1853,3.524591141822738,3.0,-11.38724906100086,1.220248163043663,1.2101621652644277,0.7567297181493188,0.15138118954128663,0.09210202420946785,-14.061142603059706,-2.2414521568461407,SIGNAL_EXIT,1
2022-02-15 20:00:00,2022-02-17 12:00:00,AVAXUSDT,90.08502,90.12979225494001,16.4504628469262,3.0,0.7365243164638087,1.18650142079632,1.186141439112854,2.227356232685518,0.7771527658144876,0.4728285136904632,-2.886099822950316,0.14910000000004667,STOP_LOSS,11
2022-02-28 16:00:00,2022-03-02 12:00:00,BTCUSDT,40845.37248,44081.238355,0.036069909815774744,3.0,116.71739028719314,1.179574781221239,1.2720050336260165,0.795400846439464,0.15938944725247203,0.5710935297315706,113.53532749536186,23.76670118445694,SIGNAL_EXIT,11
2022-03-02 12:00:00,2022-03-02 12:00:00,SOLUSDT,104.62228499999999,100.78102336200563,17.33495305943111,3.0,-66.58809018362577,1.452059567210107,1.3976274474094383,2.6244881961869586,0.0,0.0,-69.43777719824531,-11.014656116508156,STOP_LOSS,1
2022-03-02 16:00:00,2022-03-03 08:00:00,BTCUSDT,44148.573255,43455.30148,0.036365291110152395,3.0,-25.21102991632711,1.2854089019343182,1.264211750879709,0.7905276081038326,0.31641508888996706,0.19251051115063778,-28.269576169181743,-4.710945726347919,SIGNAL_EXIT,4
2022-03-03 08:00:00,2022-03-04 00:00:00,NEARUSDT,11.3926935,10.67657609293997,133.4833450045175,3.0,-95.58974691033457,1.2175619191282818,1.1401160720647117,2.1409290286642086,0.29890925446861605,0.18185976391732667,-98.42819391991351,-18.857280950989264,STOP_LOSS,5
2022-03-04 08:00:00,2022-03-04 16:00:00,NEARUSDT,11.1365655,11.130431999999999,110.05964836258462,3.0,-0.6750508532319877,0.9813342537204895,0.9800091456349276,0.6128121220828976,0.12757013841707182,0.0776151119732736,-2.8415795029777504,-0.16522598461798696,SIGNAL_EXIT,2
2022-03-09 04:00:00,2022-03-09 08:00:00,BNBUSDT,398.9994,395.90195000000006,3.050552367193448,3.0,-9.448933429763112,0.9745144629133429,0.9661757045992018,0.6041618963225602,0.0,0.0,-11.389623597275657,-2.328913276561261,SIGNAL_EXIT,1
2022-03-09 08:00:00,2022-03-10 04:00:00,NEARUSDT,11.2126035,11.2181761639395,105.50868301760352,3.0,0.5879644331563071,0.9471793662798813,0.9468919943333826,1.778089623810784,0.355163328773857,0.21608537760976923,-1.877355633840583,0.14909999999999285,STOP_LOSS,6
2022-03-17 04:00:00,2022-03-17 12:00:00,NEARUSDT,10.9644795,10.81459,107.38306977869503,3.0,-16.095594637593567,0.942673712758664,0.929043098078382,0.5809424075026833,0.11622069642148163,0.07070998337302098,-18.154242128225118,-4.1011385902996675,SIGNAL_EXIT,2
2022-03-17 12:00:00,2022-03-17 12:00:00,LINKUSDT,14.825408999999999,14.543639891268358,75.74700374418023,3.0,-21.34316573408995,0.8991035316509235,0.8813097162383307,1.6549381251345363,0.0,0.0,-23.123578981979204,-5.701747089708781,STOP_LOSS,1
2022-03-17 16:00:00,2022-03-17 20:00:00,NEARUSDT,10.9224585,10.871561500000002,96.46775684024091,3.0,-4.909919419897482,0.8436069420941733,0.83900412100458,0.5246398955755122,0.104908685563762,0.06382762829949774,-6.761266796859495,-1.3979544989801695,SIGNAL_EXIT,1
2022-03-17 20:00:00,2022-03-18 20:00:00,ETHUSDT,2830.19439,2964.526995,0.36513304562283305,3.0,49.04927319009903,0.8273799017817104,0.8659574164123642,0.5414941323239072,0.20048435601710762,0.18970967925858628,46.96574183662926,14.239227398086962,SIGNAL_EXIT,6
2022-03-18 20:00:00,2022-03-20 08:00:00,AVAXUSDT,86.633295,86.676351747615,13.553472773427771,3.0,0.583568456512219,0.9400976821896208,0.9398124588090788,1.7647955535974158,0.4799555778526243,0.2920103903582777,-2.0683076526973827,0.14909999999999116,STOP_LOSS,10
2022-03-20 12:00:00,2022-03-21 16:00:00,AVAXUSDT,86.39317499999999,86.43611240797499,13.51937865502814,3.0,0.5804870768794952,0.935133743823147,0.934850026489592,1.755477015190666,0.35501888348103894,0.2159974954634049,-1.8605130723776877,0.14910000000001164,STOP_LOSS,8
2022-03-21 20:00:00,2022-03-22 04:00:00,AVAXUSDT,86.74334999999999,87.72611500000001,13.400508189381101,3.0,13.169550430737315,0.9306685124494405,0.9404596179840706,0.5880813018908402,0.11760285987000856,0.07155090721424202,11.109268533219556,3.398871498506853,SIGNAL_EXIT,2
2022-03-22 04:00:00,2022-03-22 12:00:00,ETHUSDT,3008.413455,3019.22963,0.39745405121003563,3.0,4.298932572346679,0.9573307569291676,0.9600040383815015,0.600302675326088,0.12006053506522031,0.07304618454040325,2.1884910574303866,1.0785926032231428,SIGNAL_EXIT,2
2022-03-22 12:00:00,2022-03-22 16:00:00,LINKUSDT,15.840916499999999,15.508242000000001,75.89626119159732,3.0,-25.248750743783873,0.9625831354670005,0.9416140683635997,0.5888031943243394,0.0,0.0,-27.15294794761447,-6.300288875331131,SIGNAL_EXIT,1
2022-03-22 16:00:00,2022-03-23 00:00:00,ETHUSDT,3004.251375,2968.15518,0.3730954968541919,3.0,-13.467327808070658,0.8974160603927256,0.8859242652979549,0.5539796556389189,0.11135109722712729,0.06774726426473635,-15.429766495253203,-3.604511456701884,SIGNAL_EXIT,2
2022-03-23 00:00:00,2022-03-23 04:00:00,LINKUSDT,15.434713499999999,15.238377000000002,69.62360470016782,3.0,-13.669654864214323,0.8603846208041181,0.8487605892161035,0.5307407386292975,0.10616207244681589,0.0645902030249089,-15.549552349706271,-3.816134973933869,SIGNAL_EXIT,1
2022-03-23 04:00:00,2022-03-23 08:00:00,ETHUSDT,2948.483505,2947.475525,0.3486568778552024,3.0,-0.3514391597405971,0.8230656951648231,0.8221260912808989,0.514085849975544,0.0,0.0,-1.9966309461863192,-0.10255916286704639,SIGNAL_EXIT,1
2022-03-23 08:00:00,2022-03-23 16:00:00,LINKUSDT,15.412702499999998,15.789101500000001,66.31049631539803,3.0,24.959204502619688,0.8182737808939758,0.8375865254713565,0.5237534551471439,0.10152136985887439,0.06176674719529964,23.140056079200182,7.326404957209863,SIGNAL_EXIT,2
2022-03-23 16:00:00,2022-03-24 12:00:00,NEARUSDT,11.8349145,12.127933,92.21769911726749,3.0,27.021491868793092,0.8738099154840562,0.8947280610467034,0.5594847805444455,0.33500845735320933,0.2038229263689767,24.71412250854015,7.427645548263162,SIGNAL_EXIT,5
2022-03-24 12:00:00,2022-03-25 00:00:00,SOLUSDT,100.10002499999999,102.26884,11.643070399544719,3.0,25.251665728588687,0.9331238095045526,0.9525786430398199,0.5956594816406598,0.11978390827051606,0.07287788167648707,23.17330148609731,6.499943431582588,SIGNAL_EXIT,3
2022-03-25 00:00:00,2022-03-25 04:00:00,NEARUSDT,12.8934435,12.567713000000001,95.78014799583305,3.0,-31.19851549675658,0.9887397330711863,0.9629899288873242,0.6021697904496682,0.12043395808996048,0.07327337932311838,-33.343952496128175,-7.578979967609091,SIGNAL_EXIT,1
2022-03-25 04:00:00,2022-03-25 16:00:00,SOLUSDT,103.55175,100.18988,10.960549624738528,3.0,-36.847942966919675,0.9087142470804788,0.8785089213092786,0.5493427471918141,0.11426372983789916,0.06951934281718711,-38.81894920796452,-9.739680884195574,SIGNAL_EXIT,3
2022-03-25 16:00:00,2022-03-26 04:00:00,BTCUSDT,44340.369105,44371.84298,0.02297275446773085,3.0,0.7230416025231284,0.815548768981364,0.8154747632481975,0.509926690375302,0.15062875164847112,0.12416920372369922,-1.1827798850786033,0.2129473139396185,SIGNAL_EXIT,3
2022-03-26 04:00:00,2022-03-27 00:00:00,NEARUSDT,12.9114525,12.7046445,78.61818114377233,3.0,-16.258868805981173,0.8127100972571755,0.7990528341345847,0.4996578502592243,0.20759916912824522,0.1263056774679414,-18.204536583969116,-4.805222340398931,SIGNAL_EXIT,5
2022-03-27 00:00:00,2022-03-27 04:00:00,SOLUSDT,101.78086499999999,101.76909,9.436989876339783,3.0,-0.1111205557937677,0.7690192094556495,0.76831509764345,0.4804371546043411,0.09608743092089167,0.05846067741783658,-1.8030029712315954,-0.034706916668430406,SIGNAL_EXIT,1
2022-03-27 04:00:00,2022-03-27 20:00:00,NEARUSDT,12.844418999999998,12.741626,74.35916804828169,3.0,-7.6436019611868975,0.7646920023246936,0.7579653671538842,0.473965337139689,0.1902925469523577,0.1157761332130855,-9.47232801083092,-2.400879323541182,SIGNAL_EXIT,4
2022-03-27 20:00:00,2022-03-28 00:00:00,SOLUSDT,103.281615,106.98648000000001,8.972613959011733,3.0,33.24232341525411,0.7419584150986994,0.7679587070988237,0.48021429908623436,0.0,0.0,31.732406293056588,10.761445781032798,SIGNAL_EXIT,1
2022-03-28 00:00:00,2022-03-28 12:00:00,BTCUSDT,46851.17388,47228.91373,0.021810064443199433,3.0,8.238530471264445,0.8181161902020353,0.8240525216268852,0.5152904712524439,0.20567313885187266,0.12513385891056208,6.265554761673089,2.41876447514957,SIGNAL_EXIT,3
2022-03-28 12:00:00,2022-03-28 16:00:00,SOLUSDT,110.12503499999998,109.83505500000001,9.44933864053649,3.0,-2.740119218982502,0.8331535216300506,0.8302949034375606,0.5191939116041769,0.0,0.0,-4.4035676440501135,-0.7899566161317585,SIGNAL_EXIT,1
2022-03-28 16:00:00,2022-03-29 08:00:00,BTCUSDT,47446.221255,47320.777775,0.021654171543489524,3.0,-2.716374634932177,0.8225849592843304,0.8197537916089572,0.5126024209659686,0.2063455022968985,0.1255429324188294,-4.690601820541192,-0.7931726279683965,SIGNAL_EXIT,4
2022-03-29 08:00:00,2022-03-29 16:00:00,SOLUSDT,109.93493999999998,109.98957766518,9.217707001330739,3.0,0.5036339888661451,0.8113275149150317,0.8110813600941926,1.523062143391646,0.10451036198108792,0.06358528373630719,-1.2868705318604743,0.14910000000002793,STOP_LOSS,3
2022-03-29 20:00:00,2022-03-30 00:00:00,SOLUSDT,113.97695999999999,111.56419000000001,8.856970242253958,3.0,-21.36983209140291,0.8082390256385665,0.7904965687449333,0.49430750922013955,0.0,0.0,-22.96856768578641,-6.350678242339454,SIGNAL_EXIT,1
2022-03-30 00:00:00,2022-03-30 16:00:00,NEARUSDT,14.095043999999998,14.258867,66.73551104399934,3.0,10.93281162576127,0.7531144631926793,0.7612582209227342,0.47602440027682136,0.18962228108041973,0.11536833589195813,9.11344832467348,3.4868213252828975,SIGNAL_EXIT,4
2022-03-30 16:00:00,2022-03-31 16:00:00,SOLUSDT,122.68131,122.74228261107,7.890023649288532,3.0,0.4810753433011679,0.7749867391718956,0.7747516100551991,1.4548415311501843,0.29165472419595057,0.17744602582459534,-1.5377637559464727,0.1490999999999988,STOP_LOSS,7
2022-03-31 20:00:00,2022-04-02 08:00:00,SOLUSDT,123.02147999999998,135.742095,7.830736848482661,3.0,99.61178861586144,0.7712961061576241,0.8503685001653872,0.5317461856961846,0.40605502854121994,0.24704846211345038,97.33702051888376,31.020473010079275,SIGNAL_EXIT,9
2022-04-02 08:00:00,2022-04-02 16:00:00,NEARUSDT,15.790891499999999,15.4952485,79.484194372324,3.0,-23.49894567681685,1.0049049554029454,0.9853018748971696,0.6161217326770271,0.12721445309290455,0.07739870900777522,-25.69376566921764,-5.616712647287805,SIGNAL_EXIT,2
2022-04-02 16:00:00,2022-04-03 08:00:00,SOLUSDT,138.02898,137.521205,8.535212368650642,3.0,-4.333967460491418,0.9432399177968231,0.9390181518941926,0.5871799349012731,0.23157738198622924,0.14089429278955312,-6.588697204958215,-1.1036269339959934,SIGNAL_EXIT,4
2022-04-03 08:00:00,2022-04-04 08:00:00,NEARUSDT,17.246619,15.931828214357143,67.16425860550693,3.0,-88.30694833905441,0.9274270445049233,0.856039544198076,1.6074853734315184,0.3288362101325619,0.2000676614997715,-90.61931879938976,-22.870409307056462,STOP_LOSS,7
2022-04-04 12:00:00,2022-04-05 00:00:00,NEARUSDT,15.861926999999998,17.117,55.902155428757084,3.0,70.16128592043661,0.7099406793863878,0.7655017555792281,1.5988016452623013,0.0960119519488903,0.05841475515941305,68.53141677836268,23.737462667682237,STOP_LOSS,4
2022-04-05 04:00:00,2022-04-05 20:00:00,NEARUSDT,17.4417165,15.911171032392856,62.616869359642365,3.0,-95.83796559414917,0.8744160796544586,0.7970461743154156,1.4967066367965538,0.2105116531001817,0.12807766558684716,-97.84801716680606,-26.325599334339756,STOP_LOSS,5
2022-04-06 00:00:00,2022-04-06 08:00:00,NEARUSDT,16.149070499999997,16.157096588038495,49.46640534074088,3.0,0.39702172421283166,0.639580838454124,0.6393867911627309,1.2006512102454852,0.07985856478209206,0.04858685209953126,-1.0103913222856464,0.14909999999996953,STOP_LOSS,3
2022-04-06 12:00:00,2022-04-06 16:00:00,NEARUSDT,15.615803999999999,15.623565054588001,50.96168716010507,3.0,0.39551643594625735,0.6371558992806384,0.6369625877099709,1.1960990004568068,0.0,0.0,-0.878602051044352,0.14910000000003892,STOP_LOSS,2
2022-04-06 20:00:00,2022-04-07 00:00:00,NEARUSDT,16.3651785,15.237377500000001,48.4671780813944,3.0,-54.661331907374596,0.635047254358132,0.5908101510287458,0.36944106492534695,0.0,0.0,-55.88718931276148,-20.67440327644452,SIGNAL_EXIT,1
2022-04-07 12:00:00,2022-04-07 16:00:00,NEARUSDT,15.450721499999998,14.9355285,40.49303341655425,3.0,-20.86172736497476,0.5009180000075045,0.4838278837155187,0.30254369917176116,0.0,0.0,-21.846473248697787,-10.003280429331374,SIGNAL_EXIT,1
2022-04-08 04:00:00,2022-04-08 08:00:00,NEARUSDT,18.225108,18.234165878676,30.735598044141987,3.0,0.27839931811813584,0.4484864642106297,0.44835039449375563,0.8419198694799755,0.0,0.0,-0.6184375405862494,0.1490999999999972,STOP_LOSS,2
2022-04-08 16:00:00,2022-04-08 20:00:00,NEARUSDT,18.7283595,18.036977,29.81071382292801,3.0,-20.610605849680514,0.4470022141132228,0.43015612766218775,0.26898207082425307,0.053796414164855894,0.03273034552580783,-21.574290951146587,-11.074902209133688,SIGNAL_EXIT,1
2022-04-21 12:00:00,2022-04-21 20:00:00,NEARUSDT,16.5492705,16.1569175,29.828183113706327,3.0,-11.703177129212017,0.39522391583047095,0.38554519499443696,0.2410862900165444,0.04821725800330628,0.029335923950600817,-12.561499421990833,-7.1124524794008295,SIGNAL_EXIT,2
2022-07-18 08:00:00,2022-07-18 16:00:00,ETHUSDT,1467.87357,1520.57933,0.3106400506992563,3.0,16.372519958542853,0.36507631721769285,0.377882272130753,0.2362945673653694,-0.009304095095312185,0.02795415536927559,15.610911308920443,10.771859595509998,SIGNAL_EXIT,2
2022-07-18 16:00:00,2022-07-18 16:00:00,LINKUSDT,7.119558,6.802909734428571,70.6189327967436,3.0,-22.36136258659414,0.4025425043591018,0.3843313802863393,0.7217038938777047,0.0,0.0,-23.14823647123958,-13.342749602072013,STOP_LOSS,1
2022-07-19 00:00:00,2022-07-19 04:00:00,ETHUSDT,1581.820515,1515.48188,0.2739795256090293,3.0,-18.175427746850502,0.3469867368281268,0.33216880524118386,0.20770935795470702,0.041541871590943455,0.025274543518712268,-18.921399704029472,-12.581446700986776,SIGNAL_EXIT,1
2022-07-19 04:00:00,2022-07-19 08:00:00,NEARUSDT,4.387192499999999,4.355821,85.85619312248816,3.0,-2.6934375625421088,0.3015753775384561,0.29917936718639165,0.18708064481389577,0.0,0.0,-3.2941923072669566,-2.145210177123502,SIGNAL_EXIT,1
2022-07-19 12:00:00,2022-07-19 16:00:00,NEARUSDT,4.389193499999999,4.3508235,83.5672830749586,3.0,-3.2064766515861254,0.2936693160010154,0.2908691992269457,0.18188419161264952,0.0,0.0,-3.791015166814087,-2.6225774735153218,SIGNAL_EXIT,1
2022-07-19 16:00:00,2022-07-19 20:00:00,SOLUSDT,46.603289999999994,45.397290000000005,7.626693922708597,3.0,-9.197792870786483,0.2845708796006616,0.27698498860035187,0.1732022189846852,0.03464044379694245,0.021075636959125375,-9.815064819743563,-7.7634003951222486,SIGNAL_EXIT,1
2022-07-19 20:00:00,2022-07-20 04:00:00,NEARUSDT,4.4672325,4.582707500000001,72.97748445319624,3.0,8.4270750172329,0.26101472403327697,0.2675475722678367,0.167300883108906,0.033460176621790474,0.02035754908923293,7.844694995220761,7.754801210816824,SIGNAL_EXIT,2
2022-07-20 04:00:00,2022-07-20 12:00:00,LINKUSDT,7.439717999999999,7.322337,46.980631259845715,3.0,-5.514633477911906,0.27984199202180693,0.2752064116458599,0.17209005230479266,0.034408614334711006,0.020934589297869646,-6.125025085212154,-4.733284245451202,SIGNAL_EXIT,2
2022-07-20 12:00:00,2022-07-20 16:00:00,ETHUSDT,1603.70145,1595.7217400000002,0.20649870512981383,3.0,-1.647799782311394,0.2651419318172978,0.2636115784459948,0.1648396563568839,0.0,0.0,-2.1765532925746864,-1.4927423056205082,SIGNAL_EXIT,1
2022-07-20 16:00:00,2022-07-20 20:00:00,NEARUSDT,4.530263999999999,4.3488245,71.65980540868769,3.0,-13.001919263449508,0.25991820391511855,0.24930873394122682,0.1558959066665919,0.031179181333320014,0.018969765812347716,-13.56129514845152,-12.015160705866077,SIGNAL_EXIT,1
2022-07-20 20:00:00,2022-07-21 00:00:00,BTCUSDT,23675.07162,23211.68835,0.011995169556871852,3.0,-5.558360893467711,0.22737109555883492,0.22274250996761363,0.13928371058503805,0.0,0.0,-6.008474498994159,-5.871787136752051,SIGNAL_EXIT,1
2022-07-21 00:00:00,2022-07-21 12:00:00,ETHUSDT,1522.390815,1488.4454050000002,0.1747090777047285,3.0,-5.930571273408835,0.21295075676124894,0.20803593913711288,0.1300875057135331,0.052013513068863246,0.03164560837713179,-6.435217090753191,-6.689230452300085,SIGNAL_EXIT,3
2022-07-21 12:00:00,2022-07-22 04:00:00,AVAXUSDT,23.71185,24.82758,10.40346022952904,3.0,11.607452681892465,0.19750623574344128,0.2066341929003605,0.12921097605073784,0.05215254613062908,0.03173019766104134,11.119429509456994,14.116106503710208,SIGNAL_EXIT,4
2022-07-22 04:00:00,2022-07-22 20:00:00,NEARUSDT,4.546271999999999,4.3168405000000005,61.59263905483581,3.0,-14.13129156730948,0.22419286656613804,0.21270847901903758,0.13300930403888256,0.05562431233042221,0.033842459399450735,-14.657659684624528,-15.139756266232995,SIGNAL_EXIT,4
2022-07-22 20:00:00,2022-07-25 00:00:00,ETHUSDT,1526.973105,1527.7320106331852,0.15460592521076258,3.0,0.11733130756624546,0.1890144833230392,0.18895713678243375,0.35482687177471395,0.1245391272976579,0.08820041691798584,-0.47337985675487126,0.14910000000002405,STOP_LOSS,14
2022-07-27 20:00:00,2022-07-28 00:00:00,BNBUSDT,268.53419999999994,271.46420000000006,0.8738554948005413,3.0,2.5603965997656912,0.18787837166682744,0.1897763862493065,0.11866957619387909,0.0,0.0,2.182741841849557,3.2733260791364236,SIGNAL_EXIT,1
2022-07-28 00:00:00,2022-07-29 04:00:00,ETHUSDT,1636.5578699999999,1726.15649,0.14738438375967464,3.0,13.20543739441729,0.1931169520872664,0.20352680844113039,0.12726788922030274,0.08316448010731531,0.06046613316254545,12.665163020619032,16.42446411015094,SIGNAL_EXIT,7
2022-07-29 04:00:00,2022-07-29 12:00:00,LINKUSDT,7.6308134999999995,7.491252500000001,36.584325619752505,3.0,-5.105745067818233,0.22351334333675205,0.21924993660782804,0.13709976025999868,0.027416293619442526,0.016680382459163447,-5.592605023841418,-5.4867413546405785,SIGNAL_EXIT,2
2022-07-29 12:00:00,2022-07-29 16:00:00,BNBUSDT,284.7423,298.45070000000004,0.9215482666542215,3.0,12.632952258602767,0.2100910912795327,0.2200293802133913,0.1375871562114591,0.0,0.0,12.202831787109842,14.442954208068178,SIGNAL_EXIT,1
2022-07-29 16:00:00,2022-07-30 04:00:00,LINKUSDT,7.9169564999999995,7.770113,37.764888764157895,3.0,-5.545528443239591,0.23937788756859632,0.23474996250394975,0.14679212262627236,0.059517464692312845,0.03621109723465683,-6.115384855239106,-5.564392074151193,SIGNAL_EXIT,3
2022-07-30 04:00:00,2022-07-30 08:00:00,BNBUSDT,295.24755,290.75455,0.9505633626125334,3.0,-4.270881188218108,0.22470096391602248,0.2211044981943152,0.13825944109197638,0.0,0.0,-4.716686650328446,-4.565321541194834,SIGNAL_EXIT,1
2022-07-30 08:00:00,2022-08-01 08:00:00,LINKUSDT,7.84392,7.69615,33.97698651032743,3.0,-5.020779296631067,0.2133809159552342,0.20919358778516517,0.1308113980647575,0.1600553903541994,0.09737950588132901,-5.700788696606995,-5.651638466481026,SIGNAL_EXIT,12
2022-08-01 08:00:00,2022-08-01 16:00:00,BNBUSDT,288.144,286.0569,0.8656230212363902,3.0,-1.8066418076224882,0.19969902308337747,0.19809395041881275,0.12387065433893091,0.02475681840736076,0.01506232772521759,-2.2442539272572564,-2.1729760119940247,SIGNAL_EXIT,2
2022-08-01 16:00:00,2022-08-01 20:00:00,LINKUSDT,7.6738349999999995,7.470263000000001,31.626521062648877,3.0,-6.438274145765511,0.19431281365796008,0.18900674409042129,0.11818830921109397,0.02363766184222377,0.014381420240154395,-6.859612785596269,-7.958419747101621,SIGNAL_EXIT,1
2022-08-01 20:00:00,2022-08-02 00:00:00,BNBUSDT,280.34009999999995,283.15835000000004,0.7923744372378007,3.0,2.2331092577455043,0.17784974297252903,0.1794939505843474,0.11223983903471076,0.0,0.0,1.875765564188628,3.0158903417671166,SIGNAL_EXIT,1
2022-08-02 00:00:00,2022-08-02 00:00:00,LINKUSDT,7.571783999999999,7.155498913285713,30.079717518077725,3.0,-12.521737815354207,0.18235158032658177,0.17218830881003713,0.3233380861480352,0.0,0.0,-12.876277704490827,-16.493540493797198,STOP_LOSS,1
2022-08-02 04:00:00,2022-08-04 20:00:00,BNBUSDT,276.138,310.4447,0.6850168893122965,3.0,23.500668916570188,0.1514485138358038,0.1701278901579913,0.10638312291020725,0.16167083604659513,0.09836236127255006,22.919059315257247,37.27125567650961,SIGNAL_EXIT,16
2022-08-05 00:00:00,2022-08-05 12:00:00,BNBUSDT,312.05594999999994,317.54115,0.8263305538136163,3.0,4.532588353778512,0.20645425619242125,0.2099151634704901,0.13126260847327034,0.052141457945639194,0.03172345148415191,4.03235402468581,5.27328512723447,SIGNAL_EXIT,3
2022-08-05 12:00:00,2022-08-06 04:00:00,NEARUSDT,5.034516,5.037018154452,53.619603236682984,3.0,0.13416452895315628,0.2161319058516672,0.21606633195014835,0.4057329718642892,0.05448824080911725,0.03315126066415225,-0.38567321032192875,0.14910000000001816,STOP_LOSS,5
2022-08-06 08:00:00,2022-08-06 20:00:00,NEARUSDT,5.0555265,4.947525000000001,53.16808375813503,3.0,-5.742232798004189,0.21520629014689455,0.21044033887637367,0.13159100730136086,0.05261513568705043,0.0320116423679674,-6.252506205082475,-6.408917053446328,SIGNAL_EXIT,3
2022-08-06 20:00:00,2022-08-07 04:00:00,AVAXUSDT,26.583285,26.1869,9.4062921039712,3.0,-3.7285130956326116,0.2002002752546966,0.19705730455798676,0.12322242656200288,0.024644485312404544,0.01499398300245162,-4.165409143760151,-4.473318478133895,SIGNAL_EXIT,2
2022-08-07 04:00:00,2022-08-07 16:00:00,NEARUSDT,5.031514499999999,5.054471500000001,47.215190047406324,3.0,1.0839191179183858,0.1902032933096722,0.19091826596935918,0.11938360803484278,0.02405613932915352,0.014636026666151658,0.6641053926440492,1.3687926368890524,SIGNAL_EXIT,3
2022-08-07 16:00:00,2022-08-08 12:00:00,AVAXUSDT,28.014,29.735125,8.551247078916626,3.0,14.717765128700384,0.1917971462520179,0.2034179206379766,0.12719980029888456,0.07330128996047332,0.044597332092462284,14.204651439757454,18.43140929535233,SIGNAL_EXIT,5
2022-08-08 12:00:00,2022-08-08 16:00:00,NEARUSDT,5.690843999999999,5.420950359,49.5769166795975,3.0,-13.380494552210173,0.22588830970743584,0.21500320341790177,0.40373661132552,0.0,0.0,-13.821386065335512,-14.227782785822251,STOP_LOSS,2
2022-08-08 20:00:00,2022-08-09 00:00:00,AVAXUSDT,28.594289999999997,27.906040000000004,8.41788734587002,3.0,-5.793610965794981,0.1927169831506306,0.1879279207914741,0.11751370734832281,0.0,0.0,-6.174255869737086,-7.220847239081575,SIGNAL_EXIT,1
2022-08-09 00:00:00,2022-08-09 12:00:00,NEARUSDT,5.4887429999999995,5.200109689071429,40.482048906282124,3.0,-11.684467808992538,0.17789876906326155,0.16840887580081687,0.3162410036319551,0.043712516409003435,0.026595188323981098,-12.101083158589601,-15.77592415578052,STOP_LOSS,4
2022-08-09 16:00:00,2022-08-10 04:00:00,LINKUSDT,8.590292999999999,8.402796500000001,21.64319141196063,3.0,-4.058022638572637,0.14885616948264652,0.1454906664362023,0.09097715510015786,0.03685186201714537,0.02242108876242778,-4.411642425271059,-6.547966408130603,SIGNAL_EXIT,3
2022-08-10 04:00:00,2022-08-10 12:00:00,NEARUSDT,5.28264,5.2943515,32.69142253680602,3.0,0.3828655950398214,0.13826822766199595,0.13846390555589824,0.08658323258871073,0.017313377375492472,0.010533654194534928,0.07828643025189982,0.6650935895688826,SIGNAL_EXIT,2
2022-08-10 12:00:00,2022-08-10 16:00:00,AVAXUSDT,28.064025,29.495245000000004,6.16204153727614,3.0,8.819237088980378,0.13845611509460054,0.14540073987370913,0.09092092288249348,0.0,0.0,8.535380234012068,15.299516017392408,SIGNAL_EXIT,1
2022-08-10 16:00:00,2022-08-11 16:00:00,NEARUSDT,5.880939,5.749124,33.756062346953556,3.0,-4.449555358263669,0.15894102765622953,0.15525423054749363,0.09708243530982684,0.059603079286015895,0.03626318611971459,-4.859616881873122,-6.724181291457006,SIGNAL_EXIT,6
2022-08-11 16:00:00,2022-08-12 00:00:00,ETHUSDT,1891.4252399999998,1879.2499050000001,0.09725478548521845,3.0,-1.1841095936356407,0.14727794713973405,0.14621283710711375,0.09142873756071947,0.0032932437635095763,0.011237502374453263,-1.4921311240204516,-1.9311365962314766,SIGNAL_EXIT,2
2022-08-12 00:00:00,2022-08-12 04:00:00,NEARUSDT,5.757877499999999,5.793102,31.170747158160992,3.0,1.0979739832726694,0.14369683244208495,0.14446025416274944,0.09033282526435266,0.018063447978154297,0.010990005614513222,0.7807634430751674,1.8352856586476989,SIGNAL_EXIT,1
2022-08-12 04:00:00,2022-08-12 08:00:00,ETHUSDT,1904.941995,1887.4957800000002,0.09544530001141908,3.0,-1.6651592247386922,0.14557066470546534,0.14412208079391,0.0901213611767687,0.0,0.0,-1.9548519702380676,-2.747519091782064,SIGNAL_EXIT,1
2022-08-12 08:00:00,2022-08-12 12:00:00,NEARUSDT,5.8739355,5.713142,29.955707881222143,3.0,-4.816683115199281,0.14087901997689395,0.13691297026875301,0.08561341312452704,0.0171256781956947,0.010419455895167509,-5.122020239535789,-8.212219899248106,SIGNAL_EXIT,1
2022-08-12 12:00:00,2022-08-12 20:00:00,LINKUSDT,9.0575265,9.199398,17.73156590611223,3.0,2.515603852449012,0.12858617140200804,0.13049578554684563,0.08160066629993233,0.0163201332599857,0.009929353264878362,2.2302724089752943,4.699014681326097,SIGNAL_EXIT,2
2022-08-12 20:00:00,2022-08-13 04:00:00,ETHUSDT,1927.1731049999999,1995.571715,0.08680569079146234,3.0,5.937388590225841,0.13393882518354874,0.1385815849955826,0.08665681903174598,0.01444742486897419,0.010544597342064642,5.63987615783567,10.647503821406879,SIGNAL_EXIT,2
2022-08-13 04:00:00,2022-08-13 08:00:00,SOLUSDT,47.453714999999995,47.13642,3.881586202997607,3.0,-1.2316078942801039,0.14747452796235436,0.14637126202456038,0.09152780266666609,0.0,0.0,-1.5254536842670186,-2.0059230346875543,SIGNAL_EXIT,1
2022-08-13 08:00:00,2022-08-14 08:00:00,ETHUSDT,1996.7778899999998,2015.741625,0.08995641746665264,3.0,1.7059096623869963,0.14381343912011355,0.14506311609872705,0.09070980246292572,0.02651989044733917,0.03255058154589361,1.357962635174923,2.849150387978345,SIGNAL_EXIT,6
2022-08-14 08:00:00,2022-08-14 12:00:00,SOLUSDT,47.753865,46.67665,3.846675326828982,3.0,-4.143696362190064,0.1470725494445333,0.14363993431522562,0.08981986888145922,0.017967820451618176,0.010931824748113574,-4.463308491149554,-6.767295170767825,SIGNAL_EXIT,1
2022-08-14 12:00:00,2022-08-14 16:00:00,ETHUSDT,1991.15508,1931.8454586300002,0.08553547758979789,3.0,-5.073076789553019,0.1363606090657744,0.13219305914687937,0.2482343374064918,0.0,0.0,-5.341630457765673,-8.935962140628419,STOP_LOSS,2
2022-08-14 20:00:00,2022-08-15 12:00:00,ETHUSDT,1932.38571,1870.820263935,0.079850688433705,3.0,-4.916043252018389,0.12354069596713678,0.11950902880874835,0.22441605309604334,-0.009856796800236399,0.01883798527297876,-5.168074165267017,-9.557943698258883,STOP_LOSS,5
2022-08-15 16:00:00,2022-08-17 12:00:00,ETHUSDT,1918.668855,1844.5129292175,0.07234729942241618,3.0,-5.364980966532994,0.11113731797049593,0.10675642334289312,0.20046899726381628,0.007788664969533365,0.04989805730963243,-5.6405614301255484,-11.594902203564452,STOP_LOSS,12
2022-08-17 16:00:00,2022-08-19 00:00:00,ETHUSDT,1831.83546,1845.4668050000002,0.06654656810836332,3.0,0.9071192284511136,0.0975999705381946,0.09824758594452493,0.06143545894479053,0.027711428572487987,0.03003003844460746,0.6535302049512985,2.2324076530323698,SIGNAL_EXIT,8
2022-09-09 16:00:00,2022-09-10 12:00:00,NEARUSDT,4.7993985,4.725636,25.80768930618432,3.0,-1.9036396824474195,0.09916844303007771,0.09756619652969571,0.06100937751982057,0.03688176878746802,0.022439284379020766,-2.1596953751736816,-4.610734032608459,SIGNAL_EXIT,5
2022-09-10 12:00:00,2022-09-11 00:00:00,LINKUSDT,7.773884999999999,7.895050500000001,15.100233986989316,3.0,1.8296274011505813,0.09398517412966087,0.09537368791127761,0.059638374131601654,0.011977505598479926,0.007287249584594981,1.6210037839265679,4.675866699854776,SIGNAL_EXIT,3
2022-09-11 00:00:00,2022-09-11 04:00:00,ETHUSDT,1775.0070599999997,1759.989565,0.0688710519442355,3.0,-1.0342706782172693,0.09787558321108464,0.09696986620194196,0.060636484618509665,-0.01711889233750141,0.007378384317410964,-1.2193756196102055,-2.5381580735796514,SIGNAL_EXIT,1
2022-09-11 04:00:00,2022-09-11 16:00:00,LINKUSDT,7.880938499999999,7.850073000000001,15.04787825375127,3.0,-0.46446028624113295,0.09494908172402014,0.09450155422964801,0.05909301790246808,0.01201874036127114,0.0073123372796538985,-0.6732419998357261,-1.1749425528443682,SIGNAL_EXIT,3
2022-09-11 16:00:00,2022-09-11 20:00:00,ETHUSDT,1769.6843999999999,1762.6682250000001,0.06587236280920687,3.0,-0.4621720251328704,0.09333330092441439,0.09288889666356856,0.05808460271607746,-0.019291058254067274,0.0070678655673999105,-0.6361710300341861,-1.1893942784374008,SIGNAL_EXIT,1
2022-09-11 20:00:00,2022-09-12 04:00:00,NEARUSDT,4.917457499999999,4.7466254999999995,23.318209984522106,3.0,-3.9834964480758774,0.09180649045233234,0.08854624810150978,0.05536908960825166,0.011073817921649548,0.0067374358029657294,-4.181660440354334,-10.421971110070595,SIGNAL_EXIT,2
2022-09-12 04:00:00,2022-09-12 12:00:00,LINKUSDT,7.9169564999999995,8.0729615,12.900331237004643,3.0,2.012516174628914,0.08177050539548195,0.08331510193086869,0.05209798770064397,0.01041830750700495,0.006338615868586173,1.8306736439269724,5.911551996022729,SIGNAL_EXIT,2
2022-09-12 12:00:00,2022-09-12 16:00:00,NEARUSDT,5.228612999999999,4.95898477692857,20.582703013971862,3.0,-5.549677639664177,0.08616412214090667,0.08165544873146262,0.15333396732247875,0.0,0.0,-5.717497210536545,-15.470348813620108,STOP_LOSS,2
2022-09-12 20:00:00,2022-09-13 00:00:00,SOLUSDT,37.65882,37.42128,2.4026302182513444,3.0,-0.5707207820434139,0.07244212883561897,0.07192759850691574,0.04497723768565253,0.0,0.0,-0.7150905093859486,-1.8923057068702283,SIGNAL_EXIT,1
2022-09-13 00:00:00,2022-09-13 04:00:00,NEARUSDT,5.0905439999999995,5.01749,17.353089101037682,3.0,-1.267712571187206,0.07072591161309269,0.06965516082685244,0.04355625364360479,0.008711250728720915,0.0053000232587852554,-1.4221049176146572,-4.305276606979527,SIGNAL_EXIT,1
2022-09-13 04:00:00,2022-09-13 12:00:00,SOLUSDT,38.79939,36.958868415000005,2.1668836005852428,3.0,-3.9881960390596527,0.06731285981081751,0.06406845269172114,0.12030881201500186,0.0010842318460533948,0.0050703988609633235,-4.125731982269208,-14.231060733171303,STOP_LOSS,3
2022-09-27 08:00:00,2022-09-27 16:00:00,LINKUSDT,8.2251105,8.1209375,8.717994452920832,3.0,-0.9081796361441167,0.0574111030533714,0.05663863046201342,0.03541685246498964,0.007170550437527385,0.004362643813234396,-1.0337625639102634,-3.799572054381497,SIGNAL_EXIT,2
2022-10-04 08:00:00,2022-10-06 20:00:00,BNBUSDT,291.04544999999996,285.7732889678571,0.2357283408900001,3.0,-1.2427977730119406,0.054930072899986776,0.05389189062325723,0.10119909355893696,0.05545980676119033,0.03374237235451537,-1.4408219156508904,-5.434368788939495,STOP_LOSS,16
2022-10-14 04:00:00,2022-10-14 04:00:00,BTCUSDT,19826.758424999996,19580.929538029428,0.003242519624219831,3.0,-0.7971049902021868,0.05147210030242463,0.050793238630020936,0.09538039302081201,0.0,0.0,-0.8993703291346324,-3.719653233792328,STOP_LOSS,1
2022-10-24 00:00:00,2022-10-24 04:00:00,ETHUSDT,1364.872095,1347.395965,0.04512708627039106,3.0,-0.7886468261825699,0.04931361151250151,0.04864324316234545,0.030417235594263195,0.006083492245938878,0.003701265340901287,-0.896388438444257,-3.8412676317483094,SIGNAL_EXIT,1
2022-10-25 16:00:00,2022-10-27 20:00:00,ETHUSDT,1408.994145,1512.96763925,0.041806906724962914,3.0,4.3468101759782245,0.047162279260235286,0.05060199757760967,0.0950212773740724,0.030539888852189587,0.02732198518101911,4.191184025107171,22.13781255634675,STOP_LOSS,14
2022-10-28 00:00:00,2022-10-28 12:00:00,ETHUSDT,1514.79702,1497.4409050000002,0.04718069753642315,3.0,-0.8188736122223683,0.057221120920492495,0.056520245133978214,0.03534282462104206,0.004473350411083427,0.0086286602941432,-0.9457169889820657,-3.4373149875882025,SIGNAL_EXIT,3
2022-10-28 12:00:00,2022-10-29 00:00:00,BNBUSDT,287.84385,297.75105,0.2384428181582566,3.0,2.362300688057491,0.05495140014693554,0.05679727957726398,0.035516057764661976,0.007131824691113456,0.00433908263205625,2.2390811010101217,10.325598410388181,SIGNAL_EXIT,3
2022-10-29 00:00:00,2022-10-29 04:00:00,AVAXUSDT,18.329159999999998,18.724633000000004,4.110726748629529,3.0,1.625681439460791,0.06032519478935981,0.06157747978509696,0.03850517745440236,0.0077010354908825605,0.004685396906765569,1.4913923324886862,6.4728498196317705,SIGNAL_EXIT,1
2022-10-29 04:00:00,2022-10-30 04:00:00,BNBUSDT,304.85234999999994,307.54615,0.2618210617296488,3.0,0.7052935760873456,0.06390453638733266,0.06441764761909267,0.04028117034710049,0.023919972199620717,0.014553181047757678,0.5384982388335419,2.6509226515722126,SIGNAL_EXIT,6
2022-10-30 04:00:00,2022-10-30 08:00:00,LINKUSDT,7.8229095,7.795100500000001,10.409294427924282,3.0,-0.2894720687461322,0.06519693216053317,0.06491319695980784,0.040591043621683226,0.0,0.0,-0.4195821978664732,-1.066444652082399,SIGNAL_EXIT,1
2022-10-30 08:00:00,2022-10-31 00:00:00,BNBUSDT,313.85684999999995,313.44320000000005,0.25544520908873397,3.0,-0.10566491073953044,0.06418993488565364,0.0640540510091535,0.04005380878510726,0.016024077966136283,0.00974922988281164,-0.2596822044832855,-0.39538726014732956,SIGNAL_EXIT,4
2022-10-31 00:00:00,2022-10-31 12:00:00,LINKUSDT,7.779888,8.0789585,10.205134739217618,3.0,3.0520547490251917,0.06356669759489374,0.06595748803603797,0.04124405204854379,0.01636291304086153,0.009955380966377079,2.8962122693870214,11.53244751081253,SIGNAL_EXIT,3
2022-10-31 12:00:00,2022-10-31 16:00:00,BNBUSDT,331.1655,323.6381,0.26595913884368033,3.0,-2.0019808217319195,0.0705176070414226,0.06885960829840392,0.04305878457879259,0.0,0.0,-2.141358037071746,-6.819007414721642,SIGNAL_EXIT,1
2022-10-31 16:00:00,2022-10-31 20:00:00,LINKUSDT,8.009002500000001,7.782107,10.195721170371781,3.0,-2.313363252812103,0.0653783477524504,0.06347535447199874,0.03969194251625431,0.007937368931134432,0.004829184839080953,-2.4549835088067677,-8.4990171997075,SIGNAL_EXIT,1
2022-10-31 20:00:00,2022-11-04 04:00:00,BNBUSDT,328.06395,340.4297,0.22647565444728499,3.0,2.800541323981525,0.05948638733131416,0.061679231280634315,0.038568803952372055,0.07400997911682827,0.04502850657347525,2.5603372196792726,11.307932493039893,SIGNAL_EXIT,20
2022-11-04 04:00:00,2022-11-04 08:00:00,LINKUSDT,8.226111,8.205895000000002,9.965020484956005,3.0,-0.20145285412384858,0.06563119665854437,0.06541752941791847,0.040906409090735806,0.0,0.0,-0.3325015802003114,-0.7372621157189998,SIGNAL_EXIT,1
2022-11-04 08:00:00,2022-11-04 20:00:00,BNBUSDT,344.3721,354.32275000000004,0.2351429105020804,3.0,2.3398248023875388,0.06483319286606364,0.06665318615368082,0.041679080886483914,0.016460003735145626,0.01001445204054795,2.1818639675921006,8.668515829244052,SIGNAL_EXIT,3
2022-11-04 20:00:00,2022-11-05 04:00:00,LINKUSDT,8.592293999999999,8.697649,10.185523600445652,3.0,1.0730958389249639,0.07006966638828468,0.07087208732631403,0.044317213185536705,0.008862424084747763,0.005391998834738923,0.9178996622908784,3.678470499263685,SIGNAL_EXIT,2
2022-11-05 04:00:00,2022-11-05 08:00:00,NEARUSDT,3.3446714999999996,3.3413285000000004,26.988751913798026,3.0,-0.09022339764780542,0.07227262557778279,0.07214262875920233,0.04511169882390271,0.0,0.0,-0.23463865198479053,-0.2998500749624477,SIGNAL_EXIT,1
2022-11-05 08:00:00,2022-11-05 16:00:00,LINKUSDT,8.777386499999999,8.83558,10.204080283289466,3.0,0.5938111459656215,0.0717094928130193,0.0721271741355414,0.04510203485213583,0.008889794742801783,0.005408651452005039,0.435676032822254,1.988980432843019,SIGNAL_EXIT,2
2022-11-05 16:00:00,2022-11-06 04:00:00,SOLUSDT,37.25862,35.991995,2.438929273264793,3.0,-3.0892087907490127,0.0727551152917927,0.07022554416696006,0.0439129215651208,0.017828572987565638,0.010847105019433043,-3.2608651282147645,-10.198646648748646,SIGNAL_EXIT,3
2022-11-06 04:00:00,2022-11-06 08:00:00,LINKUSDT,8.749372499999998,8.6706625,9.268821243022002,3.0,-0.7295489200382376,0.06492903898407726,0.06429345661685941,0.04020351214160891,0.0,0.0,-0.8587714156391741,-2.6988221155287677,SIGNAL_EXIT,1
2022-11-06 08:00:00,2022-11-06 12:00:00,SOLUSDT,36.188085,35.732125,2.169833427096032,3.0,-0.9893572494187013,0.06286798758654324,0.06202620739693905,0.03878577250933405,0.007757154501868314,0.0047195403464101076,-1.1267281392504622,-3.7799181691984876,SIGNAL_EXIT,1
2022-11-06 12:00:00,2022-11-06 16:00:00,LINKUSDT,8.6453205,8.5347305,8.691943372761639,3.0,-0.9612420175937113,0.06016384005234214,0.05934671536622531,0.03711025223000131,0.0,0.0,-1.0807525730122787,-3.8375673868886704,SIGNAL_EXIT,1
2022-11-06 16:00:00,2022-11-06 20:00:00,NEARUSDT,3.303651,3.2293845,21.76530520703117,3.0,-1.6164330391579758,0.05757003387711267,0.0562308314186846,0.035161850561953846,0.0070301935818710675,0.0042772491181815,-1.7415413471538255,-6.744038640885474,SIGNAL_EXIT,1
2022-11-06 20:00:00,2022-11-06 20:00:00,BNBUSDT,353.07644999999997,342.9184424678571,0.18886710787503785,3.0,-1.91851350436867,0.053390334643943486,0.05181281157273338,0.09729496414508616,0.0,0.0,-2.0237166505853468,-8.630998356426362,STOP_LOSS,1
2022-11-07 00:00:00,2022-11-07 04:00:00,BNBUSDT,337.9689,327.8121573642858,0.17936039362938652,3.0,-1.8217173571340786,0.04853341468253865,0.04703721406508536,0.08832726727293648,0.006087491759781379,0.0037036986902616947,-1.9270791763317456,-9.01568987772032,STOP_LOSS,2
2022-11-07 08:00:00,2022-11-07 12:00:00,BNBUSDT,328.36409999999995,332.0339,0.16701467182167215,3.0,0.6129104426511836,0.04390842465934246,0.04436362627373593,0.02774113698957502,0.005548227397915949,0.0033756041663493487,0.51571456015384,3.3528025749465917,SIGNAL_EXIT,1
2022-11-07 12:00:00,2022-11-08 00:00:00,LINKUSDT,8.2371165,8.768627299999999,6.845542170617093,3.0,3.638479595538412,0.04514613960371167,0.048020806368459436,0.09017427335088879,0.006115122821012249,0.003720509739759525,3.5354770170054692,19.357895448000438,STOP_LOSS,4
2022-12-13 12:00:00,2022-12-15 12:00:00,BTCUSDT,17453.042159999997,17461.716321953518,0.0038380400194490496,3.0,0.03329178071279412,0.0536312844445248,0.05361501284153941,0.10067916782962358,0.03544281176570126,0.024889964776848683,-0.13428729311582005,0.14910000000000906,STOP_LOSS,13
2022-12-15 16:00:00,2022-12-16 08:00:00,BTCUSDT,17437.144215,17222.344096185607,0.0038184540920462567,3.0,-0.820204392658843,0.05330899494104681,0.0526101842309669,0.09879228385885269,0.01010698735389241,0.008100503184486107,-0.9443310623692351,-3.6955613172531216,STOP_LOSS,5
2023-01-06 20:00:00,2023-01-07 00:00:00,ETHUSDT,1273.7565599999998,1268.4954350000003,0.05005054332266555,3.0,-0.26332216473843567,0.05104260039136064,0.0507911085792568,0.031760323023539185,0.0,0.0,-0.3651558737090531,-1.2391202130490786,SIGNAL_EXIT,1
2023-01-07 00:00:00,2023-01-07 04:00:00,NEARUSDT,1.5917955,1.5842075,39.36285574483605,3.0,-0.29868534939181307,0.0501662262944589,0.04988714503390988,0.031195063177781535,0.006239012635556513,0.0037958857011523386,-0.40877361905689075,-1.4300831985013016,SIGNAL_EXIT,1
2023-01-07 04:00:00,2023-01-09 16:00:00,BNBUSDT,262.3311,280.2598,0.23417839837249277,3.0,4.198514250900909,0.049185169608722365,0.05250463287375611,0.032831811451821846,0.0437679426558189,0.026628910278085872,4.026427595484527,20.503135160108723,SIGNAL_EXIT,15
2023-01-09 16:00:00,2023-01-09 20:00:00,ETHUSDT,1336.357845,1315.5051943039286,0.05500165728552943,3.0,-1.146930347080173,0.058848595837885244,0.05788397268355079,0.1086954920196866,0.005572506130281825,0.004451064226245549,-1.2736864859581365,-4.681227586029852,STOP_LOSS,2
2023-01-10 00:00:00,2023-01-10 20:00:00,ETHUSDT,1321.0602000000001,1338.8102600000002,0.052748461872676615,3.0,0.9362883631477262,0.055791748271585714,0.05649614556348662,0.035327754854596924,0.02106515099731528,0.012816275608679154,0.7901190427066594,4.030867026347491,SIGNAL_EXIT,5
2023-01-10 20:00:00,2023-01-11 16:00:00,BTCUSDT,17441.566424999997,17323.234050000003,0.004131071297033921,3.0,-0.4888394778723316,0.0576880339740817,0.057250811964604555,0.03579965730652575,0.00424016172824705,0.008760143254633972,-0.6167786287938989,-2.0353511625604095,SIGNAL_EXIT,5
2023-01-11 16:00:00,2023-01-11 20:00:00,BNBUSDT,276.9384,279.6601,0.2534986076902136,3.0,0.6899471605504539,0.05620776526497633,0.056714756781204724,0.035464455215863784,0.007092891043172176,0.0043153949612424825,0.5656163524998583,2.948345191566065,SIGNAL_EXIT,1
2023-01-11 20:00:00,2023-01-12 04:00:00,AVAXUSDT,14.5642785,15.68373905,4.936666817666869,3.0,5.526403750872101,0.05756524451097599,0.061940315316064885,0.11631256005770067,0.00787052790740629,0.004788518005874995,5.394239145131778,23.059032069456777,STOP_LOSS,3
2023-01-12 08:00:00,2023-01-12 20:00:00,AVAXUSDT,15.367679999999998,15.3093415,5.730777947982783,3.0,-0.3343249893183812,0.07051141845929228,0.07018754933307013,0.04388916291462494,0.017497211230781032,0.010645500786846774,-0.5031666691283714,-1.1388544009244959,SIGNAL_EXIT,3
2023-01-12 20:00:00,2023-01-14 08:00:00,BTCUSDT,18894.792674999997,20886.911320000003,0.004581181214166292,3.0,9.126256512864435,0.06930381845338417,0.07654938060891302,0.04786729652882448,0.0345866672103722,0.02177576570077941,8.924040880890987,31.629645467914713,SIGNAL_EXIT,9
2023-01-14 08:00:00,2023-01-14 08:00:00,SOLUSDT,23.581785,21.83683767964286,4.80502956806856,3.0,-8.384523469038067,0.09072151656752256,0.08394132057903808,0.1576264157092493,0.0,0.0,-8.559186306184628,-22.198667153785962,STOP_LOSS,1
2023-01-14 12:00:00,2023-01-14 16:00:00,BTCUSDT,20731.390515,20775.457075,0.0042280886686300815,3.0,0.18631732300150464,0.07017946943267946,0.07027237971553453,0.043942208426422734,0.0,0.0,0.04586547385329065,0.6376787891017058,SIGNAL_EXIT,1
2023-01-14 16:00:00,2023-01-14 20:00:00,NEARUSDT,2.2471229999999998,2.1949020000000004,39.06846383835654,3.0,-2.0401942501027936,0.07028954656992735,0.06860115953258918,0.042897173294508505,0.008583341505286933,0.00522220184366077,-2.1928904995542577,-6.971714498939233,SIGNAL_EXIT,1
2023-01-14 20:00:00,2023-01-15 00:00:00,SOLUSDT,23.061525,23.072986577925,3.5218067800969544,3.0,0.04036546284687779,0.06502660937099713,0.06500688045377784,0.12207100736186777,0.0,0.0,-0.08966802697789719,0.14910000000001186,STOP_LOSS,2
2023-01-15 04:00:00,2023-01-16 04:00:00,SOLUSDT,23.081535,23.218385,3.507108440868707,3.0,0.4799477901328916,0.06481140610625019,0.0651435152134715,0.04073506454068668,0.039365518353301834,0.014825394750722198,0.2958019557091459,1.7786945278986328,SIGNAL_EXIT,6
2023-01-16 04:00:00,2023-01-16 08:00:00,NEARUSDT,2.339169,2.27886,34.985134536726584,3.0,-2.1099184787754495,0.06552133079995212,0.06378097895229179,0.039883053371865464,0.0,0.0,-2.2392207885276934,-7.734669876353547,SIGNAL_EXIT,1
2023-01-16 08:00:00,2023-01-18 12:00:00,SOLUSDT,24.262124999999997,21.36823877678571,3.096342712497343,3.0,-8.96046351804602,0.060147200907485654,0.052930712332322855,0.0993941768884397,0.05933350745694636,0.030678494834904084,-9.163553433577677,-35.78276292634246,STOP_LOSS,14
2023-01-18 16:00:00,2023-01-21 00:00:00,SOLUSDT,21.79089,24.4922065,2.1869316104554297,3.0,5.907594443694826,0.03815467266689922,0.04285022448372156,0.0804648682092878,0.03312326617195794,0.020152568969173584,5.773313711403073,37.18962144272218,STOP_LOSS,15
2023-01-21 04:00:00,2023-01-21 20:00:00,SOLUSDT,24.842414999999995,24.854761680255,2.614933827579122,3.0,0.032285751857111626,0.052010625574266604,0.05199484567529287,0.09763679082740725,0.02687547506647754,0.008086825550587678,-0.10668202000951306,0.14910000000004117,STOP_LOSS,5
2023-01-22 00:00:00,2023-01-22 12:00:00,SOLUSDT,24.572279999999996,24.88755,2.630666804996463,3.0,0.8293703236112487,0.05175458872624378,0.05237668131415178,0.03275180172219973,0.01312702735693235,0.007986631595973747,0.7041253946179471,3.849093368625199,SIGNAL_EXIT,3
2023-01-22 12:00:00,2023-01-22 20:00:00,NEARUSDT,2.5472729999999997,2.4217885000000003,26.20534493239839,3.0,-3.2883646061695284,0.05344448967332685,0.05077104239665257,0.03174777538559276,0.00634955507712013,0.0038631409701848835,-3.402792834286813,-14.778686854530237,SIGNAL_EXIT,2
2023-01-22 20:00:00,2023-01-23 04:00:00,SOLUSDT,24.912449999999996,24.517735000000002,2.270027869676691,3.0,-0.8960140505794223,0.045277786871038485,0.04452475340107812,0.027841891821583035,0.005568378364316923,0.0033878642417320996,-0.9947728334575878,-4.753225796740117,SIGNAL_EXIT,2
2023-01-23 04:00:00,2023-01-24 16:00:00,NEARUSDT,2.673336,2.471302049571429,20.038642638394357,3.0,-4.048486133461217,0.042890332070740285,0.039617230898314724,0.07439389878250766,0.020687894659878334,0.012586748595256419,-4.164268339685407,-22.672116459947915,STOP_LOSS,10
2023-01-24 20:00:00,2023-01-24 20:00:00,NEARUSDT,2.5032509999999997,2.3403066949285716,16.413541423258653,3.0,-2.6744931009739803,0.03289608805549531,0.030730176704271733,0.05770563978017486,0.0,0.0,-2.7381193657337475,-19.52792249815477,STOP_LOSS,1
2023-01-25 00:00:00,2023-01-25 08:00:00,BTCUSDT,22643.25597,22700.494075,0.0014520626986751393,3.0,0.08311331721335151,0.026324601577734315,0.02637003255024281,0.016489515101452253,0.0032879941444347374,0.00200045274587253,0.025130236195067115,0.7583463934140259,SIGNAL_EXIT,2
2023-01-25 08:00:00,2023-01-25 12:00:00,NEARUSDT,2.3941964999999996,2.356821,13.76443318942639,3.0,-0.5144525726714,0.026384914144602478,0.025952244155149674,0.01622826673033428,0.0032470297893856855,0.001975529569935773,-0.5720122903304735,-4.6832622134398205,SIGNAL_EXIT,1
2023-01-25 12:00:00,2023-01-25 16:00:00,BTCUSDT,22609.749225,22567.500605,0.0013817089881992652,3.0,-0.058375297993013144,0.025012084647809345,0.024945374741696686,0.015598658542831547,0.0,0.0,-0.10833275738251917,-0.5605805652185223,SIGNAL_EXIT,1
2023-01-25 16:00:00,2023-01-26 08:00:00,NEARUSDT,2.3881935,2.501392275,12.945079806801264,3.0,1.4653671764071436,0.0247520860300913,0.025904578102392942,0.048644050017009985,0.006484190475226753,0.003945054665892009,1.4042812671335405,14.219799400676742,STOP_LOSS,5
2023-01-26 12:00:00,2023-01-26 16:00:00,NEARUSDT,2.5222605,2.5235140634685,13.925932304749466,3.0,0.017457040002038352,0.0281223610712118,0.028113828814356465,0.052792617953846745,0.0,0.0,-0.038779149883529915,0.14910000000000354,STOP_LOSS,2
2023-01-26 20:00:00,2023-01-27 08:00:00,NEARUSDT,2.5402695,2.4527730000000005,13.781445078269318,3.0,-1.2058282092907835,0.028029291111491324,0.0270422051111695,0.01690983311103156,0.0033612944545898873,0.002045049481840375,-1.2663060494498746,-10.333135913335113,SIGNAL_EXIT,3
2023-01-27 08:00:00,2023-01-28 00:00:00,LINKUSDT,7.279637999999999,7.382307000000001,4.287672764005809,3.0,0.44021107500771867,0.02499015659281163,0.025322333327543554,0.015834375517470366,0.006272865253740499,0.003816482016117118,0.37980923781750586,4.231075776020791,SIGNAL_EXIT,4
2023-01-28 00:00:00,2023-01-28 12:00:00,AVAXUSDT,21.2316105,20.111968655678574,1.5237290527585492,3.0,-1.7060308068767198,0.025901698763573632,0.024516152759061396,0.046036841685765204,0.006322561331516324,0.0038467176707073225,-1.7666179374015785,-15.820399177746195,STOP_LOSS,4
2023-01-28 16:00:00,2023-01-30 20:00:00,AVAXUSDT,20.5712805,19.310663847107143,1.31521262502587,3.0,-1.6579789372025402,0.021661815713809842,0.020318103111476762,0.038153673844785074,0.01890105215550928,0.01149961344924133,-1.7303595216325773,-18.384125182088546,STOP_LOSS,14
2023-01-31 00:00:00,2023-02-01 16:00:00,AVAXUSDT,19.757874,18.834578,1.1068337678690874,3.0,-1.0219351905384575,0.01750895286189166,0.016677397547171378,0.010428587760863325,0.01085007005966709,0.006601305078510664,-1.0735729160856984,-14.019160158628413,SIGNAL_EXIT,10
2023-02-01 16:00:00,2023-02-01 20:00:00,BTCUSDT,22991.219865,23374.297005000004,0.0008112027139384755,3.0,0.3107532156157933,0.014932377863285983,0.015169034533487988,0.009485389278067085,0.0018970778556138051,0.0011542035778318077,0.27760052178557365,4.998566525604467,SIGNAL_EXIT,1
2023-02-01 20:00:00,2023-02-02 04:00:00,AVAXUSDT,19.913952,22.1259315,0.9783429866331217,3.0,2.164074630401241,0.015598619115571359,0.017317399924599894,0.01082878934754907,0.0021655622009124154,0.0013175524836336846,2.1276754966765234,33.32306164040169,SIGNAL_EXIT,2
2023-02-02 04:00:00,2023-02-03 00:00:00,BNBUSDT,327.7638,319.1415114428572,0.07890009617958472,3.0,-0.6802993964466982,0.020705040307595013,0.02014423675819158,0.03782718469865374,0.005192415329578471,0.0031591240882673788,-0.7295002129303306,-7.891922680731778,STOP_LOSS,6
2023-02-03 04:00:00,2023-02-03 08:00:00,AVAXUSDT,21.162576,21.0404745,1.1186655871150188,3.0,-0.1365907461851278,0.018954239796562217,0.018829803807776865,0.011774514637179092,0.0,0.0,-0.17437478978946686,-1.7309069557506083,SIGNAL_EXIT,1
2023-02-03 08:00:00,2023-02-08 04:00:00,BNBUSDT,322.86134999999996,331.63410000000005,0.07170613526838472,3.0,0.6290599981757283,0.018535740301067496,0.019024159707367226,0.01189604784102252,0.03540490428876496,0.021540743350073745,0.5345544505284548,8.151564131166603,SIGNAL_EXIT,29
2023-02-08 04:00:00,2023-02-08 12:00:00,ETHUSDT,1681.810485,1673.0630500000002,0.014718376581495388,3.0,-0.1287480424521497,0.01981867098233579,0.0196998176115882,0.012318545279880916,0.002463709055976513,0.0014989483951488402,-0.17222918849719904,-1.5603604112385654,SIGNAL_EXIT,2
2023-02-08 12:00:00,2023-02-08 16:00:00,NEARUSDT,2.6723354999999995,2.666,9.06968673712496,3.0,-0.0574610003230516,0.01940532092994251,0.019343827872940113,0.1059354920060482,0.0,0.0,-0.09621014912593423,-0.7112318045394682,STOP_LOSS,2
2023-02-08 20:00:00,2023-02-09 00:00:00,NEARUSDT,2.6943465,2.552298015964286,8.88855471947587,3.0,-1.2626057231700396,0.019174416572040266,0.018148992460246604,0.03408048158533981,0.0,0.0,-1.2999291322023265,-15.816282430902723,STOP_LOSS,2
2023-02-09 04:00:00,2023-02-09 08:00:00,BNBUSDT,319.85985,322.0389,0.06269051502334101,3.0,0.13660576676161235,0.016054586654754684,0.016151027598840174,0.010099441970258749,0.0,0.0,0.1044001525080175,2.0437544755929995,SIGNAL_EXIT,1
2023-02-09 08:00:00,2023-02-09 16:00:00,LINKUSDT,7.449723,7.453425512331,2.733675953984683,3.0,0.01012146892858753,0.016305147020773927,0.016300200078300176,0.03060878832930645,0.0020595514637320603,0.001253054354692865,-0.0257964839889115,0.1491000000000155,STOP_LOSS,3
2023-02-09 20:00:00,2023-02-09 20:00:00,LINKUSDT,7.331664,6.9284699682857145,2.767148233817244,3.0,-1.115697652743839,0.016243235459200537,0.015337682748638105,0.02880135718948059,0.0,0.0,-1.1472785709516775,-16.49805685507214,STOP_LOSS,1
2023-02-10 00:00:00,2023-02-10 04:00:00,LINKUSDT,6.9844905,6.823940461071602,2.41230464043966,3.0,-0.38729560392974266,0.013489766888916512,0.013169138592261584,0.024729228703543875,0.0016763104946415199,0.0010198862238293526,-0.41665070612939165,-6.895995016174681,STOP_LOSS,2
2023-02-10 08:00:00,2023-02-10 12:00:00,BNBUSDT,307.9539,306.2468,0.05065617512089718,3.0,-0.08647515654888198,0.012489805194205972,0.0124106332248115,0.007760526028519918,0.0015526117674554986,0.0009446265221419109,-0.11387283325749686,-1.663008651619579,SIGNAL_EXIT,1
2023-02-10 12:00:00,2023-02-10 12:00:00,LINKUSDT,6.9464714999999995,6.826361291306563,2.1965715230517517,3.0,-0.263830664043805,0.012216510394387979,0.011995672654837426,0.022525674739928312,0.0,0.0,-0.2880428470930304,-5.187246878941472,STOP_LOSS,1
2023-02-10 20:00:00,2023-02-10 20:00:00,LINKUSDT,7.0065015,6.827833149594223,2.0545181135184967,3.0,-0.36707736222113757,0.011525207561364706,0.011222325505538703,0.021073470528677776,0.0,0.0,-0.389824895288041,-7.6501097047838975,STOP_LOSS,1
2023-02-11 16:00:00,2023-02-11 20:00:00,BNBUSDT,309.25455,308.44570000000004,0.04276879721908404,3.0,-0.03459354163065398,0.010589627812673408,0.010553481277118746,0.006599225410903722,0.0013194173942087427,0.0008027484336200426,-0.05785881654827492,-0.7846448823468722,SIGNAL_EXIT,1
2023-02-12 00:00:00,2023-02-12 08:00:00,BNBUSDT,310.65524999999997,306.8465,0.042017662825733604,3.0,-0.1600347732875118,0.010450766652957548,0.010314378221005173,0.0064497112437504524,0.0012924633085195658,0.000786349263682145,-0.18287873073367625,-3.6781126345039805,SIGNAL_EXIT,2
2023-02-12 08:00:00,2023-02-12 16:00:00,LINKUSDT,6.941469,6.972512,1.8014645410498424,3.0,0.055922863747810934,0.010011857699196726,0.010048586504035615,0.006283508319181734,0.0012552604922035303,0.0007637146503633919,0.03384344440201167,1.3416324412023033,SIGNAL_EXIT,2
2023-02-12 16:00:00,2023-02-13 00:00:00,BNBUSDT,312.9564,307.74765647142857,0.04028120011361385,3.0,-0.20981444041487585,0.010093081965761554,0.009917155947857045,0.01862260130418743,0.0012853730956254182,0.0007820354981369947,-0.23189208692225688,-4.993101462604443,STOP_LOSS,3
2023-02-13 04:00:00,2023-02-13 04:00:00,BNBUSDT,312.156,305.67536957142863,0.03815765083957388,3.0,-0.2472856331137445,0.009536540957148136,0.009331083217891422,0.017522064129739983,0.0,0.0,-0.2661532572887841,-6.228261281447136,STOP_LOSS,1
2023-02-14 16:00:00,2023-02-14 20:00:00,SOLUSDT,21.900945,22.00899,0.5074355764753149,3.0,0.05482587686027571,0.008897773139655058,0.008934515622631553,0.005586865696992635,-0.0025547619459210585,0.0006798224287161873,0.03886852761519397,1.4800046299372098,SIGNAL_EXIT,1
2023-02-14 20:00:00,2023-02-15 16:00:00,ETHUSDT,1561.0901549999999,1578.71025,0.007193582583197107,3.0,0.12675160850628,0.008991057605931522,0.009085266046651802,0.005681131845079288,0.0009096974336051378,0.0013661646763585432,0.106399422743733,3.3861135329497136,SIGNAL_EXIT,5
2023-02-15 16:00:00,2023-02-16 20:00:00,BTCUSDT,22820.864729999998,23951.518750000003,0.0005060620618921255,3.0,0.5721811046478232,0.00924641622051648,0.009696763971258326,0.01820874556445457,0.0039477283486711815,0.003001732771521177,0.5462884633358561,14.863424765587386,STOP_LOSS,8
2023-02-17 00:00:00,2023-02-18 00:00:00,BTCUSDT,23529.47886,24555.95588,0.0005604173486195369,3.0,0.5752555299672845,0.010557508532522533,0.011009266949670343,0.00688423396052437,0.005803167752956411,0.0024601575745123137,0.5454254291576228,13.087544685211979,SIGNAL_EXIT,6
2023-02-18 00:00:00,2023-02-20 20:00:00,LINKUSDT,7.654825499999999,8.027984,1.9362029119492719,3.0,0.7225105743186235,0.011866529562500831,0.012435044798305732,0.007775790894388314,0.01385817872198572,0.008431472338267985,0.6759193488975633,14.624441798183408,SIGNAL_EXIT,17
2023-02-20 20:00:00,2023-02-21 00:00:00,NEARUSDT,2.7283634999999995,2.7026480000000004,6.174921803424976,3.0,-0.1587912016359695,0.013488735999854985,0.013350912049746325,0.00834849427822932,0.0,0.0,-0.1856308496855708,-2.8275741117339153,SIGNAL_EXIT,1
2023-02-21 00:00:00,2023-02-21 04:00:00,LINKUSDT,8.0230095,7.9630165,2.0305328354405425,3.0,-0.12181775639658529,0.013043221960609617,0.01293533317792386,0.008088627549976333,0.0016177255099954803,0.0009842424579788456,-0.1503982795030931,-2.243285390600637,SIGNAL_EXIT,1
2023-02-21 04:00:00,2023-02-21 08:00:00,NEARUSDT,2.7113549999999997,2.6836575000000003,5.842152852047386,3.0,-0.16181302861957947,0.012682266089802193,0.012542669854034688,0.00784309020387246,0.0,0.0,-0.18703796456341634,-3.0646116056362396,SIGNAL_EXIT,1
2023-02-21 08:00:00,2023-02-21 20:00:00,LINKUSDT,7.98399,7.692152,1.9137655913381206,3.0,-0.5585095226449349,0.012233374974849994,0.011776780656754166,0.007364169995468379,0.002958298851090467,0.0017998624084511166,-0.5872778395360806,-10.965870448234538,SIGNAL_EXIT,3
2023-02-21 20:00:00,2023-02-22 00:00:00,BTCUSDT,24615.18144,23924.272549268575,0.0005492163982112937,3.0,-0.3794584924596737,0.0108239081599634,0.01051168223946769,0.01973901271807821,0.0,0.0,-0.40079408285910484,-8.420521608774607,STOP_LOSS,2
2023-02-22 04:00:00,2023-02-22 08:00:00,AVAXUSDT,21.3936915,20.20116565917857,0.5757604268069321,3.0,-0.6866091870896411,0.00986200236110155,0.009304825409540956,0.017472756778055418,0.0,0.0,-0.7057760148602836,-16.722581619279147,STOP_LOSS,2
2023-02-22 12:00:00,2023-02-22 16:00:00,BTCUSDT,24172.950435,23544.01528702607,0.00042204226556056515,3.0,-0.2654372147415855,0.008168139925436867,0.00794925564170325,0.014927245195987739,0.0,0.0,-0.2815546103087256,-7.805441247212739,STOP_LOSS,2
2023-02-22 20:00:00,2023-02-24 12:00:00,LINKUSDT,7.572784499999999,7.5765481738965,1.2357434266100156,3.0,0.004650935277504275,0.007492408860695926,0.0074901356818293735,0.014065102056514664,0.004887983123955917,0.0029739040985358074,-0.01819349648751275,0.14910000000002233,STOP_LOSS,11
2023-02-24 16:00:00,2023-02-24 20:00:00,LINKUSDT,7.5927945,7.195734683250001,1.2253040487185893,3.0,-0.48651900104723467,0.007448744469125892,0.007053570272712803,0.013245312229680112,0.0009402983269866456,0.0005720881143731967,-0.5025337022304331,-15.68828776085006,STOP_LOSS,2
2023-02-25 00:00:00,2023-02-25 20:00:00,LINKUSDT,7.465730999999999,7.189195461958802,1.0443835729056261,3.0,-0.2888091732548454,0.006242663583772852,0.006006622114301958,0.011279335467516778,0.0023044323536162642,0.0014020426518313264,-0.3047649339583678,-11.11219536470832,STOP_LOSS,6
2023-02-26 00:00:00,2023-02-27 04:00:00,LINKUSDT,7.372684499999999,7.425285500000001,0.9336522470341287,3.0,0.04911104184624398,0.005511227742272771,0.005546107593555949,0.0034680512716075028,0.002778268991499457,0.0016903302100536657,0.03358510730886213,2.140373699701997,SIGNAL_EXIT,7
2023-02-27 04:00:00,2023-02-27 20:00:00,ETHUSDT,1641.50034,1608.8423796685718,0.004254764983946171,3.0,-0.13895194606526418,0.005591831999814039,0.005476196977361977,0.010283294273963847,0.001114134590849663,0.0008447661303740657,-0.15197887576366392,-5.9685568505142585,STOP_LOSS,5
2023-02-28 00:00:00,2023-02-28 20:00:00,ETHUSDT,1634.266725,1597.9212424125,0.003994835230937335,3.0,-0.14519421432596394,0.0052270826979812475,0.005106745660362091,0.009589532411796362,0.0008602600292434127,0.0011886204005434858,-0.1575769231140942,-6.671888137629408,STOP_LOSS,6
2023-03-01 00:00:00,2023-03-01 04:00:00,BTCUSDT,23153.140785,23428.649815,0.0002615746071468363,3.0,0.07206616628765622,0.004848898082507421,0.004902671897071539,0.0030657027870628017,0.00036483061570115246,0.00037305388921280645,0.0615767118031633,3.56982708166953,SIGNAL_EXIT,1
2023-03-01 04:00:00,2023-03-03 00:00:00,ETHUSDT,1639.209195,1602.1234710289286,0.003807235876536753,3.0,-0.1411940988100016,0.0049966821908350115,0.004879729566034343,0.00916323779300353,0.002992663524735325,0.0019068388441844607,-0.15597001293579074,-6.787246695087862,STOP_LOSS,12
2023-03-13 08:00:00,2023-03-13 08:00:00,BNBUSDT,304.9524,294.7275017571429,0.018931873779568884,3.0,-0.19357648294270696,0.004622354159789113,0.004463795090107117,0.008382189077567322,0.0,0.0,-0.2026626321926032,-10.058846799884641,STOP_LOSS,1
2023-03-13 16:00:00,2023-03-14 04:00:00,ETHUSDT,1665.5223449999999,1676.731215,0.0031016208547571633,3.0,0.034765664950262426,0.004135963842526865,0.004160467603413054,0.0026015930486572273,0.0010406713372923973,0.0006331561866559569,0.02479540598037415,2.018982819470998,SIGNAL_EXIT,3
2023-03-14 04:00:00,2023-03-14 16:00:00,BTCUSDT,24387.86784,24399.98861031648,0.00021486689950353703,3.0,0.002604352337496573,0.004195472816879762,0.004194199920496255,0.007875938759068932,0.0007997019566852182,0.0003234594441610463,-0.006908481800725708,0.1491000000000006,STOP_LOSS,4
2023-03-14 20:00:00,2023-03-16 04:00:00,BTCUSDT,25060.914194999998,24253.30728,0.00020827000334562088,3.0,-0.16820029488899588,0.0041788924605580206,0.004040989110678378,0.002526881634991021,0.005121155698370945,0.0012431169400879008,-0.18278444909869113,-9.667726907916936,SIGNAL_EXIT,8
2023-03-16 04:00:00,2023-03-17 12:00:00,BNBUSDT,309.9549,334.43270000000007,0.015071618543919557,3.0,0.36892006439435504,0.003740209782721163,0.004032353666410469,0.0025214817823970594,0.0019763413396641717,0.0012024283760980587,0.35796873122946116,23.691640299927563,SIGNAL_EXIT,8
2023-03-17 12:00:00,2023-03-17 16:00:00,BTCUSDT,26933.570055,26406.07036,0.00021328658160137712,3.0,-0.11250860674231875,0.00459933473767187,0.004505648384487877,0.002817438959784241,0.0,0.0,-0.12161358986447848,-5.875563773270443,SIGNAL_EXIT,1
2023-03-17 16:00:00,2023-03-18 00:00:00,BNBUSDT,331.3656,338.83050000000003,0.016235904361751506,3.0,0.12119940247003974,0.004307462121997121,0.004400975674275556,0.0027519857893164076,0.0005443898732495281,0.0003312129428851034,0.11161536185763243,6.758305629793851,SIGNAL_EXIT,2
2023-03-18 00:00:00,2023-03-18 04:00:00,BTCUSDT,27408.827565,27292.916715000003,0.00020849481377949058,3.0,-0.02416681108577175,0.004575338990455439,0.004552345270394457,0.002846639113552621,0.0005693480467075991,0.0003463977772956721,-0.03421024117062492,-1.2686881595914397,SIGNAL_EXIT,1
2023-03-18 04:00:00,2023-03-18 12:00:00,BNBUSDT,343.7718,331.17785837142856,0.0163249276995547,3.0,-0.20559518653884074,0.004493234411645939,0.00432516367488555,0.008121864687441279,0.0005605980172027084,0.0003410741605918067,-0.21531525680316677,-10.990379340514343,STOP_LOSS,3
2023-03-18 16:00:00,2023-03-22 08:00:00,BTCUSDT,27241.243814999998,28089.62816,0.00018231989699449066,3.0,0.15467734639213884,0.003976477795318339,0.004097038490195796,0.002561930021383079,0.004475352609229641,0.003386521607393903,0.13874195589000113,9.343013308366466,SIGNAL_EXIT,22
2023-03-22 08:00:00,2023-03-22 16:00:00,LINKUSDT,7.4807385,7.096470660107143,0.7195163489979598,3.0,-0.276486993197041,0.004309458489454343,0.004084821328105147,0.007670545808910419,0.0005381262774155742,0.0003274021004885994,-0.2857468013925047,-15.410290303271138,STOP_LOSS,3
2023-03-22 20:00:00,2023-03-23 16:00:00,BTCUSDT,26682.1344,28566.569570000003,0.0001696250747269417,3.0,0.3196474565293278,0.0036236661661123316,0.0038764851984029037,0.002424015256629669,0.0002591227040815415,0.0005670042627938896,0.3113211781979372,21.18760600351377,SIGNAL_EXIT,5
2023-03-23 16:00:00,2023-03-24 08:00:00,LINKUSDT,7.579787999999999,7.2049999787142855,0.720227980682367,3.0,-0.2699328197545493,0.00437083699378738,0.004151394068388711,0.007795557214049507,0.0010827187233598025,0.0006587382908873997,-0.2801965078309726,-14.833713869796098,STOP_LOSS,5
2023-03-24 12:00:00,2023-03-24 20:00:00,BTCUSDT,28094.029995,27102.434200186075,0.00016442135052138909,3.0,-0.1630395197546359,0.0036983653749930465,0.0035649750668893428,0.006694369805124665,0.00045744650456658786,0.00027831561613299126,-0.17103862231721786,-10.5886815987995,STOP_LOSS,3
2023-03-25 00:00:00,2023-03-28 20:00:00,BTCUSDT,27468.187229999996,27412.26701,0.0001495021475105994,3.0,-0.008360192979264621,0.0032878726814317225,0.0032785542289031663,0.0020501214537913728,0.0009053346116336641,0.002998520855549807,-0.01883047535678298,-0.610745290889693,SIGNAL_EXIT,23
2023-03-28 20:00:00,2023-03-29 00:00:00,ETHUSDT,1786.73292,1772.1135000000002,0.0022667667343246396,3.0,-0.03313881493111979,0.003242679540575442,0.003213574344998087,0.0020094887099784344,0.0,0.0,-0.03959506881669332,-2.4546623342004183,SIGNAL_EXIT,1
2023-03-29 00:00:00,2023-03-30 00:00:00,BTCUSDT,27274.69053,28334.4257,0.00014414156463368706,3.0,0.15275188550114632,0.0031476513754153785,0.003267334762715963,0.0020431057795870927,0.0008361310479992335,0.0007378936983760613,0.1447628746166397,11.656247782181525,SIGNAL_EXIT,6
2023-03-30 00:00:00,2023-03-30 04:00:00,LINKUSDT,7.3846905,7.3893035000000005,0.591136183817676,3.0,0.0027269112159514514,0.0034950822744953132,0.0034944677376484777,0.0021851349034816402,0.00043702698069640784,0.00026589214735502797,-0.004965557924243775,0.18740121877826296,SIGNAL_EXIT,1
2023-03-30 04:00:00,2023-03-30 16:00:00,BTCUSDT,28503.434595,27731.79405650036,0.00015262978185702863,3.0,-0.1177753270632401,0.003483164935477128,0.003386158141878154,0.006358584392610062,0.00024649606900489746,0.0002660003376098803,-0.12515714654721016,-8.121553238727927,STOP_LOSS,4
2023-03-30 20:00:00,2023-03-31 04:00:00,BTCUSDT,28000.093049999996,28154.325795,0.00014197459754231127,3.0,0.0218971318992216,0.003182787783763824,0.0031977592590561902,0.0019995993365782947,4.491100109955104e-05,0.0002433157607822232,0.015228358094519811,1.6524882048562137,SIGNAL_EXIT,2
2023-03-31 04:00:00,2023-04-02 12:00:00,LINKUSDT,7.382689499999999,7.432282000000001,0.5446457511378678,3.0,0.02701034441330576,0.0032193358431906716,0.003238368650046764,0.002024992902730169,0.0028653268321612094,0.0017432971828496213,0.015944015905057493,2.0152208758069237,SIGNAL_EXIT,14
2023-04-02 12:00:00,2023-04-02 12:00:00,AVAXUSDT,17.717854499999998,17.288489950392854,0.2296409111059214,3.0,-0.098599666368368,0.00325760148136281,0.0031761156670830253,0.005964163120461249,0.0,0.0,-0.10503338351681384,-7.270031757069856,STOP_LOSS,1
2023-04-02 16:00:00,2023-04-03 00:00:00,BTCUSDT,28138.862399999998,27686.01812854286,0.00013340611025526564,3.0,-0.06041219280647656,0.0030055213609224566,0.0029547871895885375,0.005548548803683753,0.00025696279142652177,0.00022680844682069232,-0.06685627259523477,-4.827959265231057,STOP_LOSS,3
2023-04-03 04:00:00,2023-04-03 08:00:00,BTCUSDT,27767.726924999995,27944.750635,0.00012797186556388155,3.0,0.022654054417740186,0.0028450663066938936,0.0028609134971827313,0.001788965418448333,0.0,0.0,0.01694807461386356,1.912548086613017,SIGNAL_EXIT,1
2023-04-03 08:00:00,2023-04-06 16:00:00,ETHUSDT,1795.7574299999999,1873.60273,0.002007114828155377,3.0,0.15624445593220415,0.002885741685767167,0.0030084286571643165,0.0018812085149849868,0.0014527914278913158,0.002280098319751588,0.14661739584162975,13.004868925977409,SIGNAL_EXIT,20
2023-04-06 16:00:00,2023-04-07 00:00:00,AVAXUSDT,18.247118999999998,17.9500205,0.2216126102590804,3.0,-0.06584077408905675,0.003237623435787078,0.0031823607177672033,0.0019899704338211485,0.0004006534380873915,0.00024376207351883275,-0.07290517375421726,-4.8845820537477245,SIGNAL_EXIT,2
2023-04-07 00:00:00,2023-04-09 04:00:00,ETHUSDT,1873.346205,1830.3536928353572,0.0020419349676225056,3.0,-0.08778791393492029,0.0030626510187769566,0.0029899705668139987,0.005614616737882955,0.0006322527486402457,0.0016178075734349716,-0.09609059584258645,-6.884874570951433,STOP_LOSS,14
2023-04-09 08:00:00,2023-04-10 16:00:00,ETHUSDT,1836.407745,1860.3693500000002,0.0019261571739639348,3.0,0.046153817370440456,0.0028320335887547497,0.0028666910157800984,0.0017925781739491253,0.00020128247566159158,0.0008685599201403982,0.03938525037010362,3.9144256059538987,SIGNAL_EXIT,8
2023-04-10 16:00:00,2023-04-11 16:00:00,BTCUSDT,28453.609695,30179.132885000003,0.00012846423417083792,3.0,0.2216680151473717,0.002926558189642998,0.0031015513552091808,0.0019394393166636647,0.0009994609445772304,0.0006983058235325461,0.21394213883440974,18.193015316821686,SIGNAL_EXIT,6
2023-04-11 16:00:00,2023-04-12 00:00:00,SOLUSDT,23.33166,22.978505,0.18415252640549926,3.0,-0.06503438546273427,0.0034400193228455813,0.003385239799017117,0.00211683329103122,0.0004312852168416793,0.0002623987934240957,-0.07255332859486274,-4.540889932392307,SIGNAL_EXIT,2
2023-04-12 00:00:00,2023-04-12 08:00:00,BTCUSDT,30215.530215,29971.996505000003,0.00013500005617684543,3.0,-0.032877064530955055,0.0032658913342179107,0.0032369769695257725,0.0020241226672870895,0.0004039477080925816,0.0002457663445692184,-0.04002964688736054,-2.417965611728016,SIGNAL_EXIT,2
2023-04-12 08:00:00,2023-04-13 00:00:00,SOLUSDT,23.701845,23.798095,0.16703785747179678,3.0,0.016077393781660655,0.003169820181688246,0.0031801462405682238,0.001988585693201527,0.000791592406558845,0.0004816137540855395,0.008454221198759802,1.2182595911837406,SIGNAL_EXIT,4
2023-04-13 00:00:00,2023-04-13 04:00:00,NEARUSDT,2.2261125,2.17891,1.7898681133114434,3.0,-0.08448624961858348,0.003190110312565269,0.00311996922462035,0.0019509562435095365,0.0003901912487018947,0.00023739675942011996,-0.09142391716389112,-6.361201421761034,SIGNAL_EXIT,1
2023-04-13 04:00:00,2023-04-14 04:00:00,SOLUSDT,24.012,25.077455,0.15452254898815349,3.0,0.1646368224321731,0.0029706929113719307,0.003100025814988572,0.001938485377056287,0.0008746694029969537,0.0006968263035060878,0.15699460799930953,13.311531734132934,SIGNAL_EXIT,6
2023-04-14 04:00:00,2023-04-14 12:00:00,ETHUSDT,2110.0544999999997,2051.7807768214284,0.001981466584508728,3.0,-0.11546743523325087,0.003347479970570274,0.0032524280384072166,0.006107463767664436,0.00041920303355183556,0.00025504785675067946,-0.12274159413253088,-8.285149484798334,STOP_LOSS,3
2023-04-14 16:00:00,2023-04-15 08:00:00,ETHUSDT,2059.36917,2096.581185,0.0018515729652642118,3.0,0.06890076095700645,0.0030529001446522003,0.003105578433302084,0.0019419574995637773,0.0007739001007185174,0.00047084955553640113,0.06149753272279724,5.420885513207921,SIGNAL_EXIT,4
2023-04-15 08:00:00,2023-04-15 16:00:00,NEARUSDT,2.2811399999999997,2.2822737265799997,1.7523770065670918,3.0,0.001986716390525936,0.0032004942231869137,0.0031995232009207853,0.006008118178995028,0.00041215907194458,0.0002507622310104677,-0.005076222336536811,0.14909999999999923,STOP_LOSS,3
2023-04-15 20:00:00,2023-04-16 16:00:00,LINKUSDT,7.986991499999999,7.9550205,0.4985858318096936,3.0,-0.015940287628787478,0.0031883112895792253,0.003173008410444532,0.001984122317686577,0.0007962914319832616,0.0004844726941870935,-0.02358237145498159,-1.2008651818397278,SIGNAL_EXIT,5
2023-04-16 16:00:00,2023-04-17 04:00:00,BNBUSDT,346.07294999999993,348.52565,0.011302560006527526,3.0,0.027721788928010627,0.0031317135980872698,0.0031513856583512087,0.0019706013371381193,0.0007869972532545118,0.00047881801095414807,0.020172874407363487,2.1261702193136305,SIGNAL_EXIT,3
2023-04-17 04:00:00,2023-04-18 12:00:00,AVAXUSDT,20.683336499999996,21.4482705,0.19203770592498529,3.0,0.14689617054402343,0.0031801284966649426,0.0032951013303028297,0.0020604685657221408,0.0016018825239732647,0.0009746034064785246,0.13784445478660387,11.094931419792992,SIGNAL_EXIT,8
2023-04-18 12:00:00,2023-04-19 04:00:00,LINKUSDT,8.721358500000001,8.368287212250001,0.5028096287984074,3.0,-0.17752764313295305,0.0035109551881527907,0.003366124309495906,0.0063209645270951,0.0008612626131687921,0.0005240018940870284,-0.18578998713785755,-12.145055879195873,STOP_LOSS,5
2023-04-19 08:00:00,2023-04-19 08:00:00,LINKUSDT,8.4052005,8.042975056392857,0.455463134348597,3.0,-0.16498033588612013,0.0030650592190219327,0.0029306229029378195,0.005503172702061004,0.0,0.0,-0.17097601800807988,-12.928618785731855,STOP_LOSS,1
2023-04-19 12:00:00,2023-04-19 20:00:00,LINKUSDT,8.056026,7.673034871714285,0.41158522241330575,3.0,-0.15763348871779856,0.0026547167758025412,0.00252648621140766,0.004744278063484582,0.00032745720295202614,0.00019922865796761797,-0.1633413775659284,-14.262284963543348,STOP_LOSS,3
2023-04-20 00:00:00,2023-04-20 04:00:00,AVAXUSDT,18.987489,18.982504000000002,0.14884059390821747,3.0,-0.0007419703606321361,0.0022626974696443127,0.002260293735380091,0.001413390279752227,0.00028264828783170496,0.0001719664082936831,-0.005719576261781928,-0.07876238927639874,SIGNAL_EXIT,1
2023-04-20 04:00:00,2023-04-20 08:00:00,LINKUSDT,7.8249105,7.770113,0.35897715862480833,3.0,-0.019671050849742716,0.0022489704866160355,0.0022314344695469482,0.0013953442155745408,0.0,0.0,-0.0241514558059057,-2.100886649118839,SIGNAL_EXIT,1
2023-04-20 08:00:00,2023-04-20 12:00:00,AVAXUSDT,19.075532999999997,18.772609000000003,0.14345956854047778,3.0,-0.043457346340554794,0.0021910069926818617,0.0021544883100152725,0.0013472288081632343,0.00026944576163272536,0.0001639338423501257,-0.04823622124723478,-4.764071336827031,SIGNAL_EXIT,1
2023-04-20 12:00:00,2023-04-20 20:00:00,LINKUSDT,7.7488725,7.51624,0.334497029993581,3.0,-0.07781488032998181,0.002075240061688499,0.002011327965375163,0.0012577088327757854,0.00025154176655517294,0.00015304084967992875,-0.08230603097328057,-9.006439323914552,SIGNAL_EXIT,2
2023-04-21 00:00:00,2023-04-21 08:00:00,ETHUSDT,1943.95149,1927.4757800000002,0.001206436626977471,3.0,-0.019876899999458637,0.0018777055873526252,0.0018603019028831762,0.0011632703244640254,5.3264694521724654e-05,0.000142824333600367,-0.02381099651781653,-2.54261128707482,SIGNAL_EXIT,2
2023-04-26 00:00:00,2023-04-26 16:00:00,BNBUSDT,338.56919999999997,332.5303694142857,0.006716140852273693,3.0,-0.040557636796675456,0.0018205591957098657,0.0017866566389159576,0.003355013718545124,0.0004542797672477927,0.00027638893740834596,-0.04489552133595742,-5.350897765402996,STOP_LOSS,5
2023-04-27 00:00:00,2023-04-28 00:00:00,BNBUSDT,330.7653,330.73455,0.006467726876685541,3.0,-0.00019888260145815685,0.0017128099445035678,0.0017112805904667984,0.0010700854117473922,0.0006449617241430822,0.0003924019920256033,-0.004660336852597207,-0.027889866319119768,SIGNAL_EXIT,6
2023-04-28 00:00:00,2023-04-28 20:00:00,BTCUSDT,29487.506385,29313.865735,7.207560270395547e-05,3.0,-0.012515254502656671,0.0017016251360573342,0.001690251632346363,0.0010569357380854788,0.0004913371477035174,0.0003858258045054028,-0.016784294223269287,-1.766585289371879,SIGNAL_EXIT,5
2023-04-28 20:00:00,2023-04-30 20:00:00,SOLUSDT,23.33166,23.16841,0.08893568629801472,3.0,-0.014518750788150717,0.0016613428299214878,0.00164839875502703,0.0010307646041938317,0.0010473862837525013,0.0007560175885350135,-0.01963189624538675,-2.099079105387245,SIGNAL_EXIT,12
2023-04-30 20:00:00,2023-05-01 12:00:00,BNBUSDT,336.06794999999994,330.69616057499996,0.005999288603351697,3.0,-0.03222691507700751,0.00161422627893256,0.0015871533658478082,0.0029803831356679895,0.0004016523719943961,0.00024436983618185176,-0.036074316929964136,-4.795270800146198,STOP_LOSS,5
2023-05-02 16:00:00,2023-05-03 12:00:00,BTCUSDT,28554.960344999996,28134.851476088952,6.681964278376613e-05,3.0,-0.02807152455092798,0.001527647918300646,0.0015039685803252632,0.002824177354140867,0.00020943951539002798,0.00034860971864198446,-0.031661190283585904,-4.413687119526384,STOP_LOSS,6
2023-05-04 00:00:00,2023-05-06 12:00:00,BTCUSDT,29040.673079999997,28332.864224665715,6.243397530658852e-05,3.0,-0.04419132059572527,0.0014516610616200397,0.0014151466762941636,0.0026573860971972245,0.0012999211937821087,0.0008876294630375554,-0.04924567899045914,-7.311905478751552,STOP_LOSS,16
2023-05-06 20:00:00,2023-05-08 00:00:00,BTCUSDT,28857.24141,28415.874955000003,5.77153510607038e-05,3.0,-0.025473619896743082,0.0013334714320429378,0.001312025758979909,0.0008204263125185401,0.0002067039998895529,0.0003039046603253505,-0.028629725747980832,-4.588447475582828,SIGNAL_EXIT,7
2023-05-28 20:00:00,2023-05-31 08:00:00,ETHUSDT,1849.6943849999998,1868.36535,0.0008540250570742157,3.0,0.015945471949755898,0.0012647600902477832,0.0012765046597353897,0.000798214519594347,0.0010465176595548485,0.0006920698470265263,0.01166561969319135,3.0282243085254734,SIGNAL_EXIT,15
2023-06-07 00:00:00,2023-06-07 04:00:00,ETHUSDT,1885.592325,1876.531265,0.0008563114056543438,3.0,-0.007759089025318347,0.001292757577511443,0.0012855161002291793,0.0008038494873868888,0.00016077075378879174,9.781474106854771e-05,-0.01059594819791631,-1.441625511495439,SIGNAL_EXIT,1
2023-06-20 00:00:00,2023-06-26 08:00:00,BTCUSDT,26857.772175,30389.07786,5.8936079645024326e-05,3.0,0.20812131310208737,0.0012673273018364438,0.0014328104904766446,0.0008959545338146686,0.002649346862102498,0.0020268028236127274,0.20074502562405905,39.44451157740156,SIGNAL_EXIT,38
2023-06-26 08:00:00,2023-06-26 20:00:00,NEARUSDT,1.5757875,1.492438336607143,1.3863830553322694,3.0,-0.11555386780397751,0.001749115363334186,0.0016552729768003367,0.003108299280420999,0.00043296742818026775,0.0002634222697879794,-0.11965464584208028,-15.868097073911983,STOP_LOSS,4
2023-06-27 00:00:00,2023-06-27 08:00:00,NEARUSDT,1.484742,1.4802595000000003,1.229821963969618,3.0,-0.005512676953493472,0.0014619442133131935,0.0014563645163797481,0.0009106831643192694,0.0001822596150602974,0.00011088880679005086,-0.008724134105036762,-0.9057129117381448,SIGNAL_EXIT,2
2023-06-27 08:00:00,2023-06-27 12:00:00,LINKUSDT,6.2481225,6.2258855,0.28805722967738234,3.0,-0.0064055286163358415,0.0014410062914611054,0.0014347290635348677,0.0008971542418301172,0.00017943084836604146,0.00010916775320772161,-0.009569862572905579,-1.067696736099506,SIGNAL_EXIT,1
2023-06-27 12:00:00,2023-06-27 16:00:00,NEARUSDT,1.4937465,1.4552720000000001,1.1856966613721798,3.0,-0.04561908619796389,0.0014180386212861319,0.0013804089214307321,0.000863187169478757,0.0,0.0,-0.04841753374068075,-7.727114339682128,SIGNAL_EXIT,1
2023-06-27 16:00:00,2023-06-27 20:00:00,BTCUSDT,30513.98937,30632.705985,5.3286832446888085e-05,3.0,0.006326032372166784,0.0013018365403084983,0.0013058558969739848,0.0008165682197185105,0.00016331364394371996,9.936186413793897e-05,0.0034556644268026425,1.1671690668875772,SIGNAL_EXIT,1
2023-06-27 20:00:00,2023-06-28 00:00:00,NEARUSDT,1.4897445,1.475262,1.0984115319983379,3.0,-0.015907745012165877,0.0013101301349328247,0.0012963558348151455,0.0008106277106146694,0.0,0.0,-0.01851423098191385,-2.9164396982166982,SIGNAL_EXIT,1
2023-06-28 00:00:00,2023-06-28 04:00:00,BTCUSDT,30707.786219999998,30117.08273067,5.1480568101327396e-05,3.0,-0.03040975121014463,0.0012656959805762314,0.0012403556228236547,0.0023291605335946327,0.00015677248702476978,9.538215044476068e-05,-0.033167957451014037,-5.770883173713819,STOP_LOSS,2
2023-06-28 08:00:00,2023-06-29 12:00:00,BTCUSDT,30201.23307,30655.614525,4.905197105862914e-05,3.0,0.02228830598023792,0.0011860928826937977,0.001202974653171833,0.0007522352758703238,0.0004434136196727241,0.00036187863530165345,0.019093946189397915,4.513538774527948,SIGNAL_EXIT,7
2023-06-29 12:00:00,2023-06-29 12:00:00,SOLUSDT,18.069029999999998,17.409610240970803,0.08515487680201388,3.0,-0.056152808340944764,0.0012319183535483527,0.0011860105721927584,0.002227110488594097,0.0,0.0,-0.05857073726668588,-10.948342423957373,STOP_LOSS,1
2023-06-29 16:00:00,2023-06-30 12:00:00,SOLUSDT,17.678835,17.687621380995,0.07710317911509865,3.0,0.0006774579076311,0.0010913485841083067,0.0010910174715671249,0.0020487308554714336,0.0003528022888794123,0.00026063442887732177,-0.0021183448658010657,0.1491000000000256,STOP_LOSS,6
2023-06-30 16:00:00,2023-07-01 00:00:00,SOLUSDT,18.28914,18.298229702580002,0.07418306333603163,3.0,0.0006743019821980172,0.001086264556430384,0.001085934986370998,0.0020391868797651203,0.00014168965097182044,8.620558276481583e-05,-0.001725792794340001,0.1491000000000414,STOP_LOSS,3
2023-07-01 04:00:00,2023-07-01 20:00:00,SOLUSDT,18.319155,18.320835,0.07377912324565386,3.0,0.00012394892705272416,0.001082122653723968,0.001081356114742631,0.0006761856645463751,0.00016500282586261685,0.00016455959590452022,-0.0023690922631810123,0.02751218601513576,SIGNAL_EXIT,4
2023-07-01 20:00:00,2023-07-02 00:00:00,LINKUSDT,6.4242105,6.499748500000001,0.20928168582475998,3.0,0.01580871998383088,0.0010764368322923334,0.001088222658813564,0.0006804794014590599,0.0,0.0,0.013644060492724982,3.5274996048152896,SIGNAL_EXIT,1
2023-07-02 00:00:00,2023-07-05 08:00:00,SOLUSDT,18.709349999999997,18.718648546949996,0.07404688240190689,3.0,0.0006885284125152097,0.001109182577474873,0.0011088460541429054,0.0020822096660170174,0.001427549845826363,0.0008685374375702259,-0.003825587502499157,0.14909999999998913,STOP_LOSS,21
2023-07-05 12:00:00,2023-07-06 20:00:00,SOLUSDT,18.709349999999997,19.920075,0.07343394923760715,3.0,0.08890831819070219,0.0011000011674688753,0.0011702478210874618,0.0021975109309352947,0.00035091151388719915,0.00035237572903612903,0.08593478195922252,19.41368887748645,STOP_LOSS,9
2023-07-07 00:00:00,2023-07-08 12:00:00,SOLUSDT,19.619805,21.3429375,0.08315574800919735,3.0,0.1432883719564584,0.001306244644171009,0.0014198303460208391,0.0026661811705447694,-0.0001696578246830564,0.0005335020839650078,0.1401984527069846,26.347853610165885,STOP_LOSS,10
2023-07-08 16:00:00,2023-07-13 00:00:00,SOLUSDT,21.530759999999997,21.54146078772,0.09529428791199414,3.0,0.0010197239458749217,0.0016427209306677719,0.0016422225330799372,0.0030837929389330204,0.00026834424545807244,0.0016318521728319942,-0.004165415936162854,0.1491000000000162,STOP_LOSS,27
2023-07-13 04:00:00,2023-07-13 16:00:00,SOLUSDT,21.660825,24.06,0.09414563810906583,3.0,0.22587186131031797,0.0016327239324209813,0.001812115242323299,0.006590194667634635,-1.3439449887653933e-05,0.000128362841282176,0.22231209874417918,33.228305016083176,STOP_LOSS,4
2023-07-13 20:00:00,2023-07-13 20:00:00,BTCUSDT,31621.803,31037.750006571427,8.556358847689228e-05,3.0,-0.04997366997841951,0.0021662729694070116,0.0021245610150487505,0.00398953620752767,0.0,0.0,-0.05426450396287527,-5.5409837961665875,STOP_LOSS,1
2023-07-14 00:00:00,2023-07-14 04:00:00,LINKUSDT,7.131564,7.212392,0.35658540843358383,3.0,0.028822085392869835,0.002036038159896111,0.00205746699768249,0.0012865601536283112,0.0002572763721848308,0.00015652984846594006,0.024314774014640463,3.400151775963884,SIGNAL_EXIT,1
2023-07-14 04:00:00,2023-07-14 08:00:00,SOLUSDT,28.55427,28.695645000000003,0.09161143423720967,3.0,0.012951566515285846,0.0020943936175312483,0.0021030793558494522,0.001315082138474993,0.0,0.0,0.008754093541905147,1.4853295146400547,SIGNAL_EXIT,1
2023-07-14 08:00:00,2023-07-14 16:00:00,AVAXUSDT,15.323658,14.748751638000002,0.17242220487417195,3.0,-0.09912662253222858,0.0021154034420318205,0.0020344098212524125,0.0038202487880300957,0.0002663578220896208,0.00016205510508152454,-0.10370484872268396,-11.255270027561274,STOP_LOSS,3
2023-07-14 20:00:00,2023-07-15 12:00:00,SOLUSDT,26.083035,27.622504,0.0893789102597388,3.0,0.13759606159864987,0.0018665118050973793,0.001975095444932221,0.0037088672601380004,0.0005012369287366152,0.00030495820441804865,0.1329482592154656,17.706555237916145,STOP_LOSS,5
2023-07-15 16:00:00,2023-07-15 20:00:00,AVAXUSDT,15.133562999999999,15.0514705,0.18038045279825424,3.0,-0.014807882321340348,0.002185587627214497,0.002171992851255653,0.001358174619344209,0.0002716349238688911,0.00016526575336155817,-0.01960236347704095,-1.6273596640790695,SIGNAL_EXIT,1
2023-07-15 20:00:00,2023-07-18 00:00:00,SOLUSDT,27.913949999999996,26.786600000000004,0.09568831719022672,3.0,-0.10787422438440139,0.0021385419548695986,0.002050531741798182,0.0012822234503487694,0.0015672789472587236,0.0009535501998684148,-0.1145841272281963,-12.11598501824349,SIGNAL_EXIT,13
2023-07-18 00:00:00,2023-07-18 08:00:00,LINKUSDT,7.1885924999999995,6.9236200398214285,0.32378543113313035,3.0,-0.08579422225732483,0.0018635400495219273,0.0017934138396764501,0.0033677025031479705,0.00022962862775961608,0.00013970864872438424,-0.0898205134230072,-11.058039255051849,STOP_LOSS,3
2023-07-18 12:00:00,2023-07-18 20:00:00,LINKUSDT,6.9234599999999995,6.8735615,0.2972957958616184,3.0,-0.014834614269800789,0.00164797081730671,0.001634784749237024,0.0010222515940700792,0.00020448004839362116,0.00012440796921050796,-0.018446257853948652,-2.162148694438882,SIGNAL_EXIT,2
2023-07-19 00:00:00,2023-07-19 20:00:00,SOLUSDT,25.55277,26.756615,0.07838762874917608,3.0,0.09436655493155198,0.0016036997984572332,0.0016779100825637088,0.0010492184108076856,0.0006243574629871875,0.00037986612699806064,0.0900807214605458,14.133634044371721,SIGNAL_EXIT,5
2023-07-19 20:00:00,2023-07-20 00:00:00,LINKUSDT,7.029513,6.9075445,0.3233576805282551,3.0,-0.03943945125751031,0.001819893529962543,0.0017868860541325646,0.0011173624650651882,0.0,0.0,-0.04304623084160542,-5.2052752445297195,SIGNAL_EXIT,1
2023-07-20 00:00:00,2023-07-20 08:00:00,SOLUSDT,26.323154999999996,26.84657,0.08144964527817503,3.0,0.04263196608327627,0.0017165825759426895,0.0017493148827485564,0.0010938687360858587,0.00015459211905996103,0.00013127088620694234,0.03888020561931812,5.965261382991555,SIGNAL_EXIT,2
2023-07-20 08:00:00,2023-07-20 12:00:00,LINKUSDT,7.4317139999999995,7.9528528000000005,0.3041773326741163,3.0,0.15851861013699006,0.001809895069429053,0.001935262041483102,0.0036340674289241487,0.0002533797181175389,0.00015415908015364749,0.1543659142278067,21.037090501599,STOP_LOSS,2
2023-07-20 16:00:00,2023-07-21 04:00:00,LINKUSDT,8.0670315,8.071040814655502,0.3375821956572453,3.0,0.0013534732444849965,0.0021803732635757894,0.002179711743560517,0.004093099167927617,0.0005544449981474597,0.00033733059435543975,-0.003898387355154209,0.14910000000005888,STOP_LOSS,4
2023-07-21 08:00:00,2023-07-24 04:00:00,LINKUSDT,8.0730345,7.699148500000001,0.33588366310962137,3.0,-0.1255821992654038,0.0021710171339234196,0.002068814560803958,0.0012936559284665973,0.002415843246915951,0.0014698262967014688,-0.1337077005037486,-13.89388339663356,SIGNAL_EXIT,17
2023-07-24 08:00:00,2023-07-24 08:00:00,LINKUSDT,7.7328645,7.45766120325,0.29882822817344257,3.0,-0.08223851355529262,0.0018501186527144229,0.001782847746948017,0.0033478613175037153,0.0,0.0,-0.08587147995495506,-10.676637231261457,STOP_LOSS,1
2023-08-02 00:00:00,2023-08-02 04:00:00,BNBUSDT,247.9239,245.67710000000002,0.00828233925380869,3.0,-0.018608759835457192,0.0016440271008225306,0.0016278248712735068,0.0010178994942929816,0.00020349707546607953,0.00012380991738753031,-0.022207918800406838,-2.7187374835584373,SIGNAL_EXIT,1
2023-08-02 04:00:00,2023-08-02 12:00:00,LINKUSDT,7.632814499999999,7.648174000000001,0.2602997087812419,3.0,0.003998073377025882,0.0015907280957015537,0.0015926539719266133,0.0009959066857968284,0.0001991813371594063,0.00012118417349420111,0.0004943257987441077,0.603689504048665,SIGNAL_EXIT,2
2023-08-02 12:00:00,2023-08-02 12:00:00,BNBUSDT,246.123,243.07198114829006,0.00807848588935433,3.0,-0.024647612741692693,0.0015919144776185396,0.0015709228558430904,0.0029499052125243727,0.0,0.0,-0.02781045007515432,-3.7188952495824363,STOP_LOSS,1
2023-08-08 20:00:00,2023-08-09 08:00:00,BNBUSDT,246.5232,244.77755000000002,0.007727210166833277,3.0,-0.013489004427732383,0.0015251693974381692,0.001513158058378033,0.0009461968849286297,0.00018877574437573696,0.00011485329340679104,-0.01683096092133111,-2.124323390252905,SIGNAL_EXIT,3
2023-08-09 08:00:00,2023-08-09 16:00:00,BTCUSDT,29832.919004999996,29390.735245063926,6.216234115849272e-05,3.0,-0.02748717773989101,0.0014847750912269746,0.0014615975289620801,0.002744612285231759,0.00017700479527196254,0.00011303843300595945,-0.030723593588357988,-4.446602357569768,STOP_LOSS,3
2023-08-10 16:00:00,2023-08-10 20:00:00,SOLUSDT,24.572279999999996,24.5877,0.07172256887850985,3.0,0.001105962012107051,0.0014110384666149156,0.0014107944054513094,0.0008821875972056536,0.00017643751944113425,0.00010734657810700995,-0.0019996549575073182,0.1882609184008076,SIGNAL_EXIT,1
2023-08-14 16:00:00,2023-08-14 16:00:00,BTCUSDT,29614.8,29403.88363071429,5.930794329529172e-05,3.0,-0.012509016069645754,0.0014062392947168977,0.0013951070904254076,0.002619755427689014,0.0,0.0,-0.01531036245478806,-2.1365976061196865,STOP_LOSS,1
2023-09-18 04:00:00,2023-09-21 12:00:00,LINKUSDT,6.62331,6.626601785070001,0.25825433757546185,3.0,0.0008501177726938883,0.0013694944248254062,0.001369078923503701,0.002570879300520059,0.0017527205382571445,0.001066374956731094,-0.0047075510706234575,0.14910000000004262,STOP_LOSS,21
2023-09-27 12:00:00,2023-09-27 16:00:00,LINKUSDT,7.632814499999999,7.5812075000000005,0.2222492347374133,3.0,-0.011469616257093432,0.0013581963022559103,0.0013479340522084306,0.0008428802227415113,0.0,0.0,-0.014175746611557773,-2.0283605739402755,SIGNAL_EXIT,1
2023-09-28 16:00:00,2023-09-29 08:00:00,LINKUSDT,7.881939,7.7751105,0.20983338788524325,3.0,-0.02241618607769866,0.0013241745103881716,0.001305182221917702,0.0008161469621795817,0.0003293125189471008,0.00020035745315817217,-0.025575212782109807,-4.066074350486591,SIGNAL_EXIT,4
2023-09-29 08:00:00,2023-09-29 20:00:00,ETHUSDT,1687.033095,1664.3574050000002,0.0009349133163503076,3.0,-0.021199804538431323,0.0012627939997111079,0.0012448239208805937,0.0007784041526265494,6.928692315511427e-05,0.0001896407208728024,-0.02396635010305094,-4.03234946614959,SIGNAL_EXIT,3
2023-09-29 20:00:00,2023-09-30 16:00:00,LINKUSDT,8.046021,8.213891,0.18709722166649437,3.0,0.03140801060115453,0.001205274759463786,0.0012294369481371387,0.0007687824838275685,0.0003032845963213874,0.00018452177128078933,0.028485492525951426,6.259118637647129,SIGNAL_EXIT,5
2023-09-30 16:00:00,2023-10-01 12:00:00,SOLUSDT,21.45072,22.97,0.07415957538796182,3.0,0.11266915969542252,0.0012736399415260694,0.0013627563573291865,0.005005771338687349,-0.001182584207980498,0.00029593894895103297,0.11091940865559671,21.247958110496967,STOP_LOSS,6
2023-10-01 16:00:00,2023-10-02 16:00:00,SOLUSDT,23.101544999999998,23.113026467864998,0.08325280003359416,3.0,0.0009558643482569763,0.001539846522299501,0.001539379336560267,0.002890672264447076,0.00018044914532913485,0.00035780532629846166,-0.002661615982230388,0.14909999999999907,STOP_LOSS,7
2023-10-02 20:00:00,2023-10-04 16:00:00,SOLUSDT,23.841914999999997,22.678655000000003,0.08033288627544151,3.0,-0.0934480332887696,0.0015334586439421482,0.0014574734503959787,0.0009113765947947719,-0.0009568637420558632,0.0005757526201686521,-0.09605785426122053,-14.637163164116568,SIGNAL_EXIT,11
2023-10-04 16:00:00,2023-10-07 08:00:00,AVAXUSDT,9.736866,10.776,0.16713250673782598,3.0,0.17367307025650416,0.001302919793715219,0.0014408159140854504,0.08555513019909294,0.0013873836516813674,0.0008440998717355645,0.16869785102528656,32.0164825109024,STOP_LOSS,17
2023-10-07 12:00:00,2023-10-08 08:00:00,AVAXUSDT,10.573284,10.032248734714285,0.20173822064967786,3.0,-0.1091474917274664,0.0017077946361759076,0.0016191104070849935,0.003040392602187552,0.00041854628638188674,0.0002546482843604147,-0.11314759134146961,-15.351009164769835,STOP_LOSS,6
2023-10-08 12:00:00,2023-10-08 20:00:00,SOLUSDT,23.231609999999996,23.318335,0.07721652872007233,3.0,0.006696603453248645,0.0014362404169563805,0.0014404487073854143,0.0009007308075194236,-4.186596793351304e-05,0.0001096029577938573,0.0037521773390465064,1.1199180771372046,SIGNAL_EXIT,2
2023-10-08 20:00:00,2023-10-09 08:00:00,BTCUSDT,27908.937495,27530.98112840036,6.467862876877482e-05,3.0,-0.02444569952609303,0.0014452456425700921,0.0014245328864351617,0.002675011679585097,7.209309323333836e-05,0.00010987537967918246,-0.027497446528010807,-4.062745491482989,STOP_LOSS,4
2023-10-09 12:00:00,2023-10-09 16:00:00,BTCUSDT,27482.644454999998,27429.59834,6.268266740773072e-05,3.0,-0.003325071983817071,0.0013792517709028662,0.0013754883118990903,0.000860110250061915,0.0,0.0,-0.0060798120666190275,-0.5790503357876087,SIGNAL_EXIT,1
2023-10-09 16:00:00,2023-10-09 16:00:00,SOLUSDT,22.221104999999998,21.58439405678571,0.07670458409727074,3.0,-0.048838648089432786,0.0013646602219429809,0.0013244975752938805,0.002487163699224773,0.0,0.0,-0.05152780588666965,-8.596029898796026,STOP_LOSS,1
2023-10-09 20:00:00,2023-10-10 16:00:00,BTCUSDT,27630.46833,27278.345414826428,5.6097524217422565e-05,3.0,-0.01975322376145886,0.0012409934878149739,0.0012241981140155547,0.0022988196933190932,0.00012764396971625137,0.00018819890433660348,-0.022534258237342245,-3.8232024622389544,STOP_LOSS,6
2023-10-10 20:00:00,2023-10-11 00:00:00,BTCUSDT,27411.008655,27376.42494,5.408236495223729e-05,3.0,-0.001870369096034199,0.0011869112680453525,0.0011844654437540888,0.0007406612329626891,0.0,0.0,-0.00424174580783364,-0.37850174105532924,SIGNAL_EXIT,1
2023-10-11 00:00:00,2023-10-11 04:00:00,SOLUSDT,22.121055,21.96901,0.06644064293294705,3.0,-0.010101967554739771,0.0011767310781065515,0.0011677081192002744,0.0007301826658330622,-0.00012772355190752378,8.88502749511705e-05,-0.012407533475090243,-2.061994782798527,SIGNAL_EXIT,1
2023-10-11 12:00:00,2023-10-11 16:00:00,SOLUSDT,22.15107,21.979005,0.06467156187986188,3.0,-0.011127712294858429,0.001146952997766335,0.0011371332655322351,0.0007110638228689291,0.0,0.0,-0.013411798558156999,-2.330338895592853,SIGNAL_EXIT,1
2023-10-16 00:00:00,2023-10-16 08:00:00,SOLUSDT,21.940965,22.808590000000002,0.06345851638030602,3.0,0.055058195274463255,0.0011147646812267582,0.0011579194257013473,0.0007240616718991598,-0.000151938211755384,8.536422828617026e-05,0.052852085151004355,11.863083506126607,SIGNAL_EXIT,2
2023-10-16 08:00:00,2023-10-19 16:00:00,BTCUSDT,27862.974524999998,28665.749955000003,5.5657033168136666e-05,3.0,0.04468009873407546,0.0012416096855891688,0.0012763604768279578,0.0007981243601974159,6.455234404738653e-05,0.0009591139954902655,0.04113846223212069,8.643464422074354,SIGNAL_EXIT,20
2023-10-19 16:00:00,2023-10-21 16:00:00,SOLUSDT,24.782384999999998,29.02548,0.06755149480923152,3.0,0.28662740986757645,0.0013403419949462585,0.0015685716492443626,0.0009808477046298677,-0.0007338931390506385,0.0006613665857298067,0.2837910227767067,51.36424520884496,SIGNAL_EXIT,12
2023-10-21 16:00:00,2023-10-23 04:00:00,LINKUSDT,8.951473499999999,10.433376425,0.2820517897487305,3.0,0.41797337223012926,0.002021440449610354,0.0023542019950347696,0.004420759880510739,0.0013386459993264498,0.0008144473339882576,0.41144463645216944,49.6645471273529,STOP_LOSS,10
2023-10-23 08:00:00,2023-10-24 00:00:00,LINKUSDT,10.449222,10.572711,0.3596560168587054,3.0,0.04441356186586442,0.003008907577095561,0.0030420313005265764,0.0019022206731654889,0.0007387694242294669,0.00044947565547461666,0.0371743779085382,3.545402710364445,SIGNAL_EXIT,4
2023-10-24 00:00:00,2023-10-24 04:00:00,BNBUSDT,228.71429999999998,230.4847,0.01691874744609755,3.0,0.029952950478571497,0.0030981260840760518,0.003119609943591648,0.0019507315805348889,0.0003901463161070095,0.0002373694219222812,0.02310769871287451,2.3221984808121188,SIGNAL_EXIT,1
2023-10-24 04:00:00,2023-10-24 12:00:00,BTCUSDT,34078.620794999995,34525.62855,0.0001155805905516753,3.0,0.05166542030407928,0.003153584560986951,0.003192394029581425,0.001996244390683754,0.00039924899371733704,0.0002429075937134912,0.04467728512608008,3.9350866722774547,SIGNAL_EXIT,2
2023-10-24 12:00:00,2023-10-24 12:00:00,ETHUSDT,1846.6128449999999,1787.135971089643,0.0022055255153208032,3.0,-0.1311777629808105,0.003260810045289543,0.003153259186868663,0.005921242839637871,0.0,0.0,-0.1375918322129687,-9.662589655119122,STOP_LOSS,1
2023-10-24 16:00:00,2023-10-25 04:00:00,BTCUSDT,33685.724445,33982.390305,0.00010866046465176576,3.0,0.0322358501939158,0.0029305896479784183,0.0029540338564151684,0.001847194757638148,0.000736673290888,0.00044820034429264577,0.02516635305434156,2.642061569592,SIGNAL_EXIT,3
2023-10-25 04:00:00,2023-10-26 08:00:00,LINKUSDT,11.3406675,11.2133905,0.329411397542582,3.0,-0.0419264944450276,0.0029909888953088383,0.0029550549086365696,0.0018478332345152016,0.0011022434773172336,0.000670617371552047,-0.04964539909784229,-3.366918217115558,SIGNAL_EXIT,7
2023-10-26 08:00:00,2023-10-26 12:00:00,ETHUSDT,1850.274675,1811.41384,0.0019385922157233477,3.0,-0.07533531222750933,0.0028718399374740165,0.00280927421574203,0.0017566747221998684,0.00035133494443997373,0.0002137561453737767,-0.08158151747053914,-6.300821525322983,SIGNAL_EXIT,1
2023-10-26 12:00:00,2023-10-26 12:00:00,NEARUSDT,1.194597,1.1340719080714285,2.7979137107621725,3.0,-0.1693439845520907,0.002676044295544723,0.0025384282724666145,0.004766703065472901,0.0,0.0,-0.17455845712010204,-15.199709674954324,STOP_LOSS,1
2023-10-26 16:00:00,2023-10-29 08:00:00,NEARUSDT,1.1655825,1.2063965,2.418638658415119,3.0,0.09871431820455498,0.002257103998456478,0.0023342697698213563,0.0014596484303534736,0.0023431771322725676,0.0014256154124405306,0.09035415189156404,10.504790523193371,SIGNAL_EXIT,16
2023-10-29 08:00:00,2023-10-29 12:00:00,AVAXUSDT,11.024509499999999,10.927533500000001,0.28028172135751644,3.0,-0.027180600210365943,0.0024739539629962315,0.0024502303196575416,0.001532160029800564,0.000306403977788037,0.00018641963817052977,-0.032597608108978285,-2.6389201261062354,SIGNAL_EXIT,1
2023-10-29 12:00:00,2023-10-30 16:00:00,NEARUSDT,1.222611,1.2723635,2.4474292393204546,3.0,0.12176572322929113,0.0023957197035346838,0.002491215706355289,0.001557788710827295,0.0009305125967896369,0.0005661343656792983,0.11538214085693223,12.208093989012065,SIGNAL_EXIT,7
2023-10-30 16:00:00,2023-10-30 20:00:00,AVAXUSDT,11.6268105,11.534229999999999,0.2871056869076484,3.0,-0.02658038804675366,0.002672636841591321,0.0026492344216806447,0.0016565998134571466,0.0003312912521227355,0.00020156133675426903,-0.03243511189890263,-2.3888021568769973,SIGNAL_EXIT,1
2023-10-30 20:00:00,2023-10-31 08:00:00,NEARUSDT,1.298649,1.2903545,2.4955903586876893,3.0,-0.020699674230134718,0.0025947925730339548,0.0025761569995914196,0.0016109035765325404,0.00032692233698808734,0.00019890323947864463,-0.026396449379226826,-1.9161066616152338,SIGNAL_EXIT,3
2023-10-31 08:00:00,2023-11-01 16:00:00,SOLUSDT,35.73786,40.649665000000006,0.08847115991445036,3.0,0.43455308562359757,0.0025314410945238104,0.002877058410147069,0.001799061036859974,0.0005259566929103396,0.0008096096836402754,0.42780901974237606,41.231945617336976,SIGNAL_EXIT,8
2023-11-01 16:00:00,2023-11-02 04:00:00,NEARUSDT,1.4567279999999998,1.497251,3.050789333794632,3.0,0.12362713617336081,0.003558182741905513,0.0036542379046506776,0.0022850412110118398,0.0009198129841390815,0.000559624600586558,0.11493527794207897,8.34534655749055,SIGNAL_EXIT,3
2023-11-02 04:00:00,2023-11-02 16:00:00,SOLUSDT,42.611295,40.009985,0.11238100681519213,3.0,-0.29233783683842723,0.0038340274089665024,0.0035970899175685883,0.0022493058514061583,0.0004997583373071594,0.0003040586127049414,-0.3005727711149744,-18.314228656979314,SIGNAL_EXIT,3
2023-11-02 16:00:00,2023-11-03 00:00:00,NEARUSDT,1.48074,1.48147592778,2.6255137938496382,3.0,0.0019321885376673772,0.003112652758290563,0.0031117083869140645,0.005843218052542346,0.00040380402149407444,0.00024567892402103546,-0.00494165555305236,0.14910000000001816,STOP_LOSS,3
2023-11-03 04:00:00,2023-11-03 08:00:00,NEARUSDT,1.4667329999999998,1.467461966301,2.6404875245999673,3.0,0.0019248264236447251,0.0031007927849632374,0.003099852011874183,0.0058209539531934315,0.0,0.0,-0.004275818373192695,0.14910000000003415,STOP_LOSS,2
2023-11-03 12:00:00,2023-11-04 04:00:00,NEARUSDT,1.5057524999999998,1.5132430000000001,2.563550779602625,3.0,0.0192022771146142,0.003090530820867575,0.0031034202179025723,0.001940607940158922,0.0007680398135689465,0.0004672840906952293,0.011773002171579876,1.4923767352204873,SIGNAL_EXIT,4
2023-11-04 04:00:00,2023-11-05 04:00:00,SOLUSDT,41.140559999999994,42.498740000000005,0.09468426648964258,3.0,0.12859827706090385,0.003118786026079367,0.0032191696189072267,0.0020129875055696174,0.0011876247545795872,0.0007225643042540646,0.1203501323570836,9.903948803808296,SIGNAL_EXIT,6
2023-11-05 04:00:00,2023-11-05 12:00:00,BNBUSDT,242.9214,243.67810000000003,0.017520586096271155,3.0,0.013257827499048795,0.003407626343736368,0.0034155065046606184,0.0021357594451351446,0.00042715188902709084,0.000259884030132841,0.005747658731491877,0.9344998011702841,SIGNAL_EXIT,2
2023-11-05 12:00:00,2023-11-06 08:00:00,NEARUSDT,1.6418205,1.6051970000000002,2.602814671360385,3.0,-0.09532418311656628,0.003421420724691948,0.0033424242416189415,0.0020900601811020955,0.0008498189901991657,0.0005170394647192429,-0.10345488653779558,-6.691992212303299,SIGNAL_EXIT,5
2023-11-06 08:00:00,2023-11-07 16:00:00,BNBUSDT,244.42215,244.37775000000002,0.016214725700001195,3.0,-0.0007199338210795274,0.0031731289970012384,0.003170014546746774,0.001982250216824818,0.0016179053303461196,0.000984351862709632,-0.009665334557883291,-0.05449587936277573,SIGNAL_EXIT,8
2023-11-07 16:00:00,2023-11-07 20:00:00,LINKUSDT,12.725359499999998,13.062465500000002,0.30916732139346137,3.0,0.1042221590456654,0.003149932194062319,0.003230789975543601,0.002020253861645264,0.0004040507723291147,0.0002458290500139111,0.09719155705371645,7.947264672561996,SIGNAL_EXIT,1
2023-11-07 20:00:00,2023-11-08 00:00:00,SOLUSDT,43.88193,42.908535,0.09629491505519602,3.0,-0.09373298884015219,0.0033831919309912396,0.0033054989863743247,0.0020669703516597035,0.0,0.0,-0.10042167975751774,-6.6546412156438635,SIGNAL_EXIT,1
2023-11-08 00:00:00,2023-11-09 16:00:00,LINKUSDT,13.0595265,15.126,0.3005149301980376,3.0,0.6210061396085942,0.0031421798995731965,0.0036364710673404137,0.02195261565096673,0.002122386694523641,0.0012912840182667219,0.6108138179288901,47.47048447736598,STOP_LOSS,11
2023-11-09 20:00:00,2023-11-10 00:00:00,LINKUSDT,14.339166,14.602695,0.401387235156533,3.0,0.10577717669356604,0.004608133062602533,0.004689068297507304,0.002932133752817986,0.0,0.0,0.0964799753334562,5.513479654256045,SIGNAL_EXIT,1
2023-11-10 00:00:00,2023-11-10 16:00:00,ETHUSDT,2122.390665,2088.89503,0.0028480932699777644,3.0,-0.09539869261713099,0.004839685003402828,0.0047594943013064,0.00297617202432844,0.004137312707251456,0.0007309105360628128,-0.10986609516515448,-4.734609261956931,SIGNAL_EXIT,4
2023-11-10 16:00:00,2023-11-10 20:00:00,LINKUSDT,15.0725325,15.056468,0.37919519910692273,3.0,-0.0060915812760527115,0.004576006375006456,0.004567472304885609,0.002856098239673125,0.0005712196479346684,0.00034753648060516744,-0.01615381608448461,-0.31974387847560753,SIGNAL_EXIT,1
2023-11-10 20:00:00,2023-11-11 04:00:00,SOLUSDT,54.137055,54.163961116335,0.10467893540363829,3.0,0.0028165036137948645,0.004537237216403693,0.004535860629521607,0.008517514952781932,0.0005845271752939164,0.0003556329304396783,-0.00719675433786403,0.14910000000003298,STOP_LOSS,3
2023-11-11 08:00:00,2023-11-11 16:00:00,SOLUSDT,54.297135,60.66137125,0.10397300506711876,3.0,0.6617087678695914,0.004519965005992819,0.005045716048283699,0.009474929985509759,0.0005744508529958312,0.00034950238223185404,0.6512191335800872,35.163381548584496,STOP_LOSS,3
2023-11-11 20:00:00,2023-11-12 12:00:00,AVAXUSDT,16.757374499999997,18.098810999999998,0.4533843155026882,3.0,0.6081862693428219,0.006082890926585029,0.0065645736293180185,0.012327066154202548,0.0015910615783935836,0.0009680198210623369,0.592979723387463,24.01515523807146,STOP_LOSS,5
2023-11-12 16:00:00,2023-11-13 00:00:00,AVAXUSDT,18.097044,18.106038230868,0.5180429901220862,3.0,0.00465939825270605,0.007506042262714941,0.007503764947506934,0.01409069531955507,0.0009541315792068585,0.0005805044211464648,-0.01188504495786915,0.14909999999996684,STOP_LOSS,3
2023-11-13 04:00:00,2023-11-13 20:00:00,AVAXUSDT,18.223107,16.591147178785715,0.5125042713827698,3.0,-0.836386379097382,0.007477518154816055,0.006802427037014296,0.012773711261292755,0.0018055525480814981,0.0010985185477718445,-0.8535703953850656,-26.866326711700992,STOP_LOSS,5
2023-11-14 00:00:00,2023-11-14 16:00:00,AVAXUSDT,16.129060499999998,17.178693250000002,0.4204062324745437,3.0,0.44127214990939634,0.005428949205891897,0.0057776237664547,0.010849318539911352,0.0014086972037757012,0.0008570672773751317,0.427799812455899,19.523134964990756,STOP_LOSS,5
2023-11-14 20:00:00,2023-11-16 08:00:00,AVAXUSDT,16.745368499999998,22.831251675,0.48151405422799654,3.0,2.930438281152203,0.006455668755786056,0.00879485484570319,0.016515125523978574,0.0038644873450176323,0.0023511977154263486,2.9089720724902697,109.0310405829529,STOP_LOSS,10
2023-11-16 12:00:00,2023-11-16 16:00:00,AVAXUSDT,23.193590999999998,21.161764952785713,0.7236078691080486,3.0,-1.4702453164229579,0.013437201729762701,0.012250255715240525,0.02300373506867735,0.0,0.0,-1.495932773867961,-26.28087277059794,STOP_LOSS,2
2023-11-16 20:00:00,2023-11-17 04:00:00,AVAXUSDT,22.0240065,23.410830999999998,0.5584295880736783,3.0,0.7744438342654845,0.009846963072479594,0.010458640569433998,0.01963941018296307,0.0013148224651194757,0.000799952826903628,0.7520234553315478,18.89062964088754,STOP_LOSS,3
2023-11-17 08:00:00,2023-11-17 12:00:00,AVAXUSDT,22.73136,20.339055585,0.6402222474690851,3.0,-1.5316065092015136,0.011651819365275309,0.010417212702421878,0.01956161624140149,0.0013951082994598835,0.0008487996346246152,-1.5559194492032953,-31.572740236395862,STOP_LOSS,2
2023-11-17 16:00:00,2023-11-18 00:00:00,AVAXUSDT,20.188088999999998,21.580081250000003,0.4898481597885299,3.0,0.6818648421023976,0.0079176126871874,0.008456770470719568,0.015880265030143396,0.0010382331746717891,0.000631672781000404,0.6638205529888185,20.68534941568771,STOP_LOSS,3
2023-11-18 04:00:00,2023-11-19 00:00:00,AVAXUSDT,20.8274085,20.837759722024504,0.5703526070435667,3.0,0.0059038464677624546,0.009510782014360562,0.009507896465923284,0.017854087004110963,0.002473220009923018,0.0015047349668707995,-0.01709278698931521,0.14910000000005288,STOP_LOSS,6
2023-11-19 04:00:00,2023-11-19 20:00:00,AVAXUSDT,21.132561,22.264862,0.5596921924255734,3.0,0.6337400291756702,0.009469759325586205,0.009969175541466271,0.006233851639235467,0.002441041528044896,0.001485157215328859,0.6103748955652439,16.074260947359882,SIGNAL_EXIT,4
2023-11-19 20:00:00,2023-11-20 16:00:00,NEARUSDT,2.0380184999999997,2.0390313951945,6.701307757806686,3.0,0.006787722424748607,0.01093465907494279,0.010931341525622635,0.020527055944457955,0.0027810427194897747,0.001692017777467351,-0.019551338672773942,0.1491000000000142,STOP_LOSS,6
2023-11-20 20:00:00,2023-11-21 04:00:00,NEARUSDT,1.9999995,1.9530230000000002,6.7993927457472045,3.0,-0.3194116733205919,0.010887735862128132,0.010623496334781955,0.0066430067125935474,0.0013286013425190038,0.0008083360514223157,-0.3430598429114433,-7.046476761619154,SIGNAL_EXIT,2
2023-11-21 04:00:00,2023-11-21 08:00:00,BNBUSDT,262.83135,257.2713,0.0478269654920796,3.0,-0.26592031948423667,0.010064392239140667,0.009843604469761966,0.006155330458829722,0.0,0.0,-0.2858283161931393,-6.34633197295527,SIGNAL_EXIT,1
2023-11-21 08:00:00,2023-11-21 12:00:00,NEARUSDT,1.9079534999999999,1.9280355000000002,6.139367099914197,3.0,0.12329077010047922,0.009378404280277135,0.009469534172933298,0.005921419567866093,0.0011836699768634571,0.0007201581728578338,0.10253900349754749,3.1576241244873704,SIGNAL_EXIT,1
2023-11-21 12:00:00,2023-11-21 16:00:00,AVAXUSDT,21.445717499999997,21.4862515,0.5605313910784466,3.0,0.022720579405976285,0.009624497888671247,0.009634974753885089,0.006024871657005716,0.0,0.0,0.003461106763419949,0.5670222971090315,SIGNAL_EXIT,1
2023-11-21 16:00:00,2023-11-21 16:00:00,BNBUSDT,264.5322,252.43155527142858,0.045481695145560413,3.0,-0.5503578346096175,0.009632804544903456,0.009184812033579839,0.01724739365344201,0.0,0.0,-0.5691754511881008,-13.723068188188142,STOP_LOSS,1
2023-11-21 20:00:00,2023-11-21 20:00:00,AVAXUSDT,20.8394145,19.38261832467857,0.49546557769667493,3.0,-0.7217923585919385,0.008266783462052013,0.007682736148408821,0.014426770433917291,0.0,0.0,-0.7377418782023993,-20.971743356629755,STOP_LOSS,1
2023-11-22 00:00:00,2023-11-22 04:00:00,AVAXUSDT,19.0365135,19.892049000000004,0.4262207725171655,3.0,0.3646470017258603,0.006496202954366254,0.006782723593383449,0.004241322907317197,0.0008482645814636629,0.0005160937449014604,0.35000371685174547,13.482545004892865,SIGNAL_EXIT,1
2023-11-22 04:00:00,2023-11-22 08:00:00,NEARUSDT,1.856928,1.8220885,4.934455526352258,3.0,-0.17191396331034905,0.007336211874810444,0.0071928117346623174,0.004497756212269856,0.0,0.0,-0.18644298691982183,-5.628570413069314,SIGNAL_EXIT,1
2023-11-22 08:00:00,2023-11-24 16:00:00,AVAXUSDT,20.184086999999998,21.574207500000004,0.4262787380002566,3.0,0.592578812408288,0.00688874870620287,0.007357300757164538,0.004600613279866626,0.006176437890633318,0.0037578145201206587,0.5683985105341667,20.66163062020103,SIGNAL_EXIT,14
2023-11-24 16:00:00,2023-11-24 20:00:00,BTCUSDT,38240.210549999996,37747.226945,0.0002695560082167122,3.0,-0.13288669268008277,0.008252905131484871,0.008139993453235617,0.005090040928736203,0.0010180081857473257,0.0006193676694789417,-0.15091696712002955,-3.867527907740514,SIGNAL_EXIT,1
2023-11-24 20:00:00,2023-11-25 20:00:00,AVAXUSDT,21.026507999999996,21.1424235,0.4687173832471661,3.0,0.054331609837788473,0.0078907044103968,0.007927857134738713,0.0049573894039132305,0.00296557488380482,0.0018042892288720478,0.0337431841799761,1.6538480854738704,SIGNAL_EXIT,6
2023-11-25 20:00:00,2023-11-26 00:00:00,BTCUSDT,37838.339714999995,37761.779665,0.0002631362383359663,3.0,-0.020145723563811592,0.007971688052428741,0.00794919412313575,0.004970731692805302,0.0,0.0,-0.03606660573937608,-0.6070037737647558,SIGNAL_EXIT,1
2023-11-26 00:00:00,2023-11-26 16:00:00,AVAXUSDT,21.388689,20.56515207364286,0.46045482825614725,3.0,-0.37920155398837196,0.007885128198654239,0.0075754588529046195,0.014225323334196693,0.001938975281786636,0.00117969444477094,-0.3977808107664884,-11.551015488005916,STOP_LOSS,5
2023-11-26 20:00:00,2023-11-27 16:00:00,AVAXUSDT,20.8534215,20.017421689178573,0.41509434611320345,3.0,-0.34701879482368203,0.006930454252814668,0.006647294853553469,0.012482401452591604,0.001708071724821221,0.001039210114728859,-0.3633438257696003,-12.026800649784407,STOP_LOSS,6
2023-11-27 20:00:00,2023-11-28 16:00:00,AVAXUSDT,20.0170035,20.34982,0.37802750594705964,3.0,0.1258137914330295,0.006058429070967626,0.006154233360857275,0.003848320010540425,0.0015271933212755262,0.0009291616526126861,0.1111447740273164,4.988006821300697,SIGNAL_EXIT,5
2023-11-28 16:00:00,2023-11-30 16:00:00,BTCUSDT,37531.9566,37601.040075,0.00021049117072310713,3.0,0.014541461530370389,0.006325176528633184,0.006331749556634575,0.003959323134464132,0.004798579637953746,0.0029195100086417186,-0.005833554201492835,0.5521972307726647,SIGNAL_EXIT,12
2023-11-30 16:00:00,2023-11-30 20:00:00,NEARUSDT,1.8789389999999997,1.8720635,4.195271279263697,3.0,-0.028844587680575826,0.006311175998549599,0.006283051387606299,0.003928871553030015,0.000785354783478164,0.0004778187138052561,-0.04270198856401515,-1.0977737968076013,SIGNAL_EXIT,1
2023-11-30 20:00:00,2023-12-01 00:00:00,BTCUSDT,37768.214669999994,37705.108015000005,0.0002053222639466892,3.0,-0.01295720127470033,0.006208691225995964,0.0061933585119954065,0.003872785462727653,0.0,0.0,-0.0253592510126917,-0.5012679753442157,SIGNAL_EXIT,1
2023-12-01 00:00:00,2023-12-01 08:00:00,AVAXUSDT,21.419704499999998,22.2678605,0.3584847984449699,3.0,0.304051032709893,0.006147829023565504,0.006386151586514566,0.003993341412277293,0.0008022172819601537,0.0004880780481923514,0.2902267567696604,11.879099452562519,SIGNAL_EXIT,2
2023-12-01 08:00:00,2023-12-02 16:00:00,BTCUSDT,38263.20204,38792.35412,0.00022341627780104228,3.0,0.11822118810428094,0.006844373239812689,0.006933474691704263,0.00433558947705334,0.003193611521269172,0.002105064224604664,0.09914466442689017,4.148780434895411,SIGNAL_EXIT,8
2023-12-02 16:00:00,2023-12-02 20:00:00,LINKUSDT,15.855924,16.1069425,0.5578872743469314,3.0,0.1400400267756546,0.0070823204344372245,0.007188686599510199,0.0044951767130501806,0.00089903534261008,0.0005469832489832413,0.12432300115011388,4.749363707848227,SIGNAL_EXIT,1
2023-12-02 20:00:00,2023-12-03 08:00:00,BTCUSDT,39439.699994999995,39458.970645,0.00023373628227467134,3.0,0.004504250088017761,0.007380695637197497,0.007378394480758152,0.004613803452199451,0.0009204794243249882,0.0005600300703171272,-0.011735349524580002,0.14658313832850325,SIGNAL_EXIT,3
2023-12-03 08:00:00,2023-12-03 12:00:00,LINKUSDT,16.2931425,16.001995,0.5636304333019119,3.0,-0.16409959157976695,0.007352530798338507,0.007215369100436023,0.004511861618582203,0.0009023159606730307,0.0005489792140378922,-0.1801187866532524,-5.360798262213643,SIGNAL_EXIT,1
2023-12-03 12:00:00,2023-12-05 04:00:00,BTCUSDT,39499.429845,41809.065010000006,0.00021882307988167377,3.0,0.5054014802083193,0.006920245710370699,0.007319030697969059,0.004576682527493859,0.0045009509230704795,0.002738429339460326,0.48392282353744875,17.54178610220398,SIGNAL_EXIT,10
2023-12-05 04:00:00,2023-12-05 12:00:00,NEARUSDT,2.257128,2.188905,4.472052071521358,3.0,-0.30509680847540027,0.008081660486860577,0.007831117711690767,0.004896897018315199,0.0009793794036631776,0.0005958654824933774,-0.32258483156010814,-9.06767361000347,SIGNAL_EXIT,2
2023-12-05 12:00:00,2023-12-06 04:00:00,BTCUSDT,41746.953044999995,43714.19197,0.00021862706116937598,3.0,0.43009166479075356,0.007307456891116317,0.007645684257436028,0.004780943132463271,0.001914089102874456,0.0011645534126546236,0.41205988112667213,14.136880285941874,SIGNAL_EXIT,4
2023-12-06 04:00:00,2023-12-08 00:00:00,AVAXUSDT,26.735361,26.26686,0.38758423185943114,3.0,-0.18158360021037528,0.008296400605820332,0.008144496605167376,0.005092856806632898,0.005131305162433382,0.0031219439728851655,-0.20627774655668152,-5.257093779283546,SIGNAL_EXIT,11
2023-12-08 00:00:00,2023-12-08 20:00:00,SOLUSDT,67.77386999999999,72.24386000000001,0.1437702492655545,3.0,0.6426515765145395,0.007801334014084296,0.008309214208084661,0.005195856808455553,0.010930769685684304,0.001895506153523198,0.6137147524531631,19.786342435513976,SIGNAL_EXIT,5
2023-12-08 20:00:00,2023-12-09 12:00:00,AVAXUSDT,29.460723,32.5588883,0.39318578588668324,3.0,1.218154558287351,0.009274249419971887,0.01024135366706579,0.019231385203552855,0.0025726539156351574,0.0015652316773200436,1.1945010696073581,31.548770544429587,STOP_LOSS,5
2023-12-09 16:00:00,2023-12-11 00:00:00,AVAXUSDT,32.984484,36.103713075,0.4597365819577442,3.0,1.434023713283716,0.012141051987029547,0.013278558116066897,0.024934698515397553,0.006115875749783872,0.0037209678301217556,1.398767259600714,28.369966997209957,STOP_LOSS,9
2023-12-11 04:00:00,2023-12-12 04:00:00,AVAXUSDT,36.445213499999994,40.730861925,0.5311292433279068,3.0,2.2762332051396883,0.015498093410071264,0.01730668149945496,0.03249877597543956,0.006122273674916448,0.0037248603999795868,2.2335812961552657,35.277459068802045,STOP_LOSS,7
2023-12-12 08:00:00,2023-12-12 16:00:00,AVAXUSDT,40.998489,37.637172,0.6354502958031949,3.0,-2.1359498819383074,0.0208586885208439,0.01913324166447658,0.011964258169382031,0.00254777441599333,0.0015500947089471925,-2.1800396812485685,-24.595908888251955,SIGNAL_EXIT,2
2023-12-12 16:00:00,2023-12-13 04:00:00,BNBUSDT,254.32709999999997,246.2768,0.07674217578080876,3.0,-0.6177975376882421,0.01562659328584734,0.015119853981068068,0.009454636056195415,0.003850154958923176,0.002342477729970751,-0.6547366176440514,-9.495999443236641,SIGNAL_EXIT,3
2023-12-13 04:00:00,2023-12-13 16:00:00,AVAXUSDT,35.030506499999994,38.384087375,0.5011339624499439,3.0,1.680593272285103,0.014055225403501613,0.015388455841006895,0.028896699751514678,0.0017984695644403588,0.0010942091805858142,1.6482569122955681,28.71994621316714,STOP_LOSS,4
2023-12-13 20:00:00,2023-12-14 12:00:00,AVAXUSDT,41.072525999999996,36.878945907428566,0.5477089831112582,3.0,-2.296861488097914,0.018011041993010974,0.016159143968938236,0.03034391080796993,0.0042921762170496855,0.0026114084520798145,-2.3379352587289923,-30.630549184421458,STOP_LOSS,5
2023-12-14 16:00:00,2023-12-15 20:00:00,AVAXUSDT,38.26412249999999,40.094368100000004,0.404755047439143,3.0,0.7408011446532876,0.01239999737206139,0.01298271828988637,0.02437916554184891,0.006504049332804333,0.003957137018969858,0.7049572426395656,14.349569364879693,STOP_LOSS,8
2023-12-16 00:00:00,2023-12-16 16:00:00,AVAXUSDT,39.7688745,42.857567075,0.4425766826325707,3.0,1.3669833135153509,0.014091894754396348,0.01517420788940511,0.02849438136468017,0.0037551303791325727,0.0022846637031759508,1.331677416789241,23.299823898712518,STOP_LOSS,5
2023-12-16 20:00:00,2023-12-18 00:00:00,AVAXUSDT,42.5482635,39.048709586892855,0.5074851708767966,3.0,-1.7759717155857402,0.017287920554690524,0.01585331284577818,0.029769616009849204,0.006469725449439929,0.003936253980950599,-1.8195189284165996,-24.674712610354657,STOP_LOSS,8
2023-12-18 04:00:00,2023-12-19 12:00:00,AVAXUSDT,39.567774,39.58743918367801,0.40786784803681053,3.0,0.008020796147997626,0.012921075126490683,0.01291715490330789,0.024256049517977548,0.00651670854200814,0.003964839024721661,-0.028298981448530745,0.14910000000005866,STOP_LOSS,9
2023-12-19 16:00:00,2023-12-20 04:00:00,AVAXUSDT,39.823902,40.2608595,0.40311453674722153,3.0,0.17614392019072625,0.012853157571014212,0.01298379018110998,0.00811892832735603,0.0032568429652881526,0.001981500016906625,0.14506862945640728,3.2916726743653006,SIGNAL_EXIT,3
2023-12-20 04:00:00,2023-12-20 20:00:00,NEARUSDT,2.6033009999999996,2.891,6.333670800977404,3.0,1.8221907557704005,0.01320132228170959,0.014648513828500541,0.07727078377192426,0.0036741624316469924,0.002235401890119092,1.7884313553384241,33.153945702014525,STOP_LOSS,5
2023-12-21 00:00:00,2023-12-22 04:00:00,NEARUSDT,2.8494239999999995,3.569,7.668024611506654,3.0,5.517726477849515,0.017493557534521805,0.0218937438707738,0.4236583597857428,0.010239113263744836,0.00622959206859523,5.46187047111188,75.7601536310497,STOP_LOSS,8
2023-12-22 08:00:00,2023-12-22 20:00:00,NEARUSDT,3.3626805,3.3333325,11.366514387799466,3.0,-0.3335844642531404,0.030602046665190313,0.03031069745645565,0.018953662741654848,0.007742869600968996,0.004710849251483152,-0.4069509272272385,-2.618268372508195,SIGNAL_EXIT,3
2023-12-22 20:00:00,2023-12-23 08:00:00,SOLUSDT,96.95845499999999,95.302325,0.38162819514158236,3.0,-0.6320259028198251,0.029625364439844936,0.029096043426037204,0.018194124203374226,0.0035770010730620514,0.0021762878229900683,-0.6965005995817594,-5.124246255780346,SIGNAL_EXIT,3
2023-12-23 08:00:00,2023-12-23 12:00:00,NEARUSDT,3.367683,3.3313335000000004,10.367439568409509,3.0,-0.37685124459189717,0.027953763000848716,0.027629918994774516,0.0172773380407523,0.0034554676081508897,0.0021023454913078644,-0.4379927396869792,-3.238086838933438,SIGNAL_EXIT,1
2023-12-23 12:00:00,2023-12-23 16:00:00,SOLUSDT,95.917935,96.721615,0.35031324383259876,3.0,0.281539747803383,0.026902580425599967,0.02710629015950219,0.016949906302838935,0.0,0.0,0.22753087721828083,2.513648776946668,SIGNAL_EXIT,1
2023-12-23 16:00:00,2023-12-23 20:00:00,NEARUSDT,3.4267125,3.5312335,10.004740552095889,3.0,1.0457054872456153,0.027448654530923842,0.0282632599970956,0.01767337418527743,0.003534674837055478,0.0021505360633085266,0.9843083618172319,9.150548813184658,SIGNAL_EXIT,1
2023-12-23 20:00:00,2023-12-24 00:00:00,SOLUSDT,102.921435,107.82606,0.36177043445330126,3.0,1.7743483170805212,0.029810994599285198,0.031206624457270182,0.019513897234410063,0.0,0.0,1.7133306980239658,14.296220218849442,SIGNAL_EXIT,1
2023-12-24 00:00:00,2023-12-24 04:00:00,NEARUSDT,3.9109544999999994,3.9850065000000003,10.83362446556304,3.0,0.8022515589238839,0.033922988274542716,0.0345376511310622,0.021596830372097312,0.00432044943686654,0.0026286101981087776,0.7268418598833036,5.68035245615879,SIGNAL_EXIT,1
2023-12-24 04:00:00,2023-12-24 08:00:00,SOLUSDT,116.27811,108.25334319214286,0.38312106650245725,3.0,-3.0744572178597447,0.03566740873826264,0.03317930903698423,0.062304661436496864,0.0,0.0,-3.143303935634991,-20.704069255659043,STOP_LOSS,2
2023-12-24 12:00:00,2023-12-24 20:00:00,SOLUSDT,110.40517499999999,110.46004637197498,0.31815742003606795,3.0,0.017457734141404422,0.02812347929273866,0.028114946696617592,0.05279471713185472,0.004562655727428262,0.0022291586275064923,-0.04557250620288658,0.14909999999999166,STOP_LOSS,3
2023-12-25 00:00:00,2023-12-25 20:00:00,SOLUSDT,112.506225,119.861937,0.3110016133954971,3.0,2.2876382996726177,0.028014105277851732,0.029821804633367546,0.055999883512830244,0.03724156552645762,0.0065287396264952354,2.186032084608446,19.614146683883483,STOP_LOSS,6
2023-12-26 00:00:00,2023-12-26 04:00:00,SOLUSDT,120.97045499999999,119.31031500000002,0.3434100274224736,3.0,-0.570108722925135,0.03326058228091201,0.03277788683674718,0.020496427486706062,0.012144953142975345,0.0024940515612393746,-0.650786196747009,-4.1170548626934655,SIGNAL_EXIT,1
2023-12-26 04:00:00,2023-12-26 08:00:00,NEARUSDT,4.3331655,4.299,9.136893240170556,3.0,-0.3121665259970417,0.031698695408719196,0.031423603231594585,0.39134986712801945,0.0,0.0,-0.3752888246373555,-2.3653954597394957,STOP_LOSS,2
2023-12-26 12:00:00,2023-12-26 16:00:00,NEARUSDT,4.50225,4.233882,8.543884676496715,3.0,-2.292905242862068,0.03079800222958954,0.02893903963351622,0.0180959477448149,0.0,0.0,-2.352642284725174,-17.882258870564698,SIGNAL_EXIT,1
2023-12-26 16:00:00,2023-12-26 16:00:00,BNBUSDT,296.24805000000003,286.49623149642866,0.10604094869844764,3.0,-1.0340920856537843,0.025151660746249124,0.0243042657491291,0.04563895671468473,0.0,0.0,-1.0835480121491625,-9.875324246257184,STOP_LOSS,1
2023-12-26 20:00:00,2023-12-27 00:00:00,BNBUSDT,295.7478,284.8734193714286,0.09523783693689972,3.0,-1.0356524890936616,0.022551145517091135,0.021704582609402535,0.04075722823497848,0.0,0.0,-1.079908217220155,-11.030730198403546,STOP_LOSS,2
2023-12-27 04:00:00,2023-12-28 20:00:00,BNBUSDT,290.24505,320.9029225,0.0858903463776822,3.0,2.6332152882278175,0.01995936579576276,0.022049970533708406,0.04140580345588731,0.013873867650387004,0.008441017659373034,2.5688910665885865,31.688263934216966,STOP_LOSS,11
2023-12-29 00:00:00,2024-01-01 20:00:00,BNBUSDT,322.7613,311.74405,0.10109562621080541,3.0,-1.113795787870995,0.026124704355575366,0.025212767961794107,0.015765862907571225,0.03827581503967303,0.02328743785210923,-1.226696513080147,-10.24030762052327,SIGNAL_EXIT,23
2024-01-01 20:00:00,2024-01-02 00:00:00,SOLUSDT,108.87440999999998,109.87503500000001,0.26592667893680966,3.0,0.2660928831111526,0.02318063272418301,0.023374962524492584,0.014616659907760602,0.0,0.0,0.219537287862477,2.7571906015381247,SIGNAL_EXIT,1
2024-01-02 00:00:00,2024-01-03 12:00:00,BTCUSDT,44201.639775,43681.038555,0.0006699003792015121,3.0,-0.34875095469077255,0.023707522215052956,0.023409555433528295,0.014638291291601145,0.058374428492489534,0.009163973486483243,-0.46340643431832657,-3.5333613593298243,SIGNAL_EXIT,9
2024-01-03 12:00:00,2024-01-03 12:00:00,BNBUSDT,323.26155,313.7045719607143,0.08730264431104942,3.0,-0.8343494544522696,0.022595346772688967,0.021909790931709,0.04114257185473456,0.0,0.0,-0.8788545921566675,-8.869268280702448,STOP_LOSS,1
2024-01-03 16:00:00,2024-01-04 16:00:00,BNBUSDT,317.05844999999994,319.54015,0.08070162960059793,3.0,0.2002772341798076,0.020486095751512966,0.0206299286622556,0.01290015549165605,0.007651321502432689,0.004655150355119135,0.14685473790848722,2.348179018726717,SIGNAL_EXIT,6
2024-01-04 16:00:00,2024-01-05 00:00:00,NEARUSDT,3.9299639999999996,3.9090445000000003,6.622794854098963,3.0,-0.1385455569503187,0.020838547122493337,0.020711039839235085,0.012950875337189045,0.002639846028843847,0.0016061121173283727,-0.18434110205821932,-1.5969230252490343,SIGNAL_EXIT,2
2024-01-05 00:00:00,2024-01-05 16:00:00,BNBUSDT,323.7618,310.43830015714286,0.07868366332428489,3.0,-1.0483417759365332,0.02039612847755361,0.01954113815402234,0.036694676052867754,0.005038901799287204,0.0030657247238799626,-1.096383669091276,-12.345650267749747,STOP_LOSS,5
2024-01-05 20:00:00,2024-01-06 04:00:00,BNBUSDT,314.25705,307.64610000000005,0.07060540020342089,3.0,-0.4667687704748015,0.017764807671734547,0.01737718080921732,0.010866171091303977,0.002173234218261295,0.0013222202255753562,-0.50540621339959,-6.311027867155196,SIGNAL_EXIT,2
2024-01-06 04:00:00,2024-01-06 08:00:00,BTCUSDT,43953.06555,43631.3734,0.00047034806009588654,3.0,-0.15130727870057617,0.016551832759575533,0.01641754547040741,0.01026609896848903,0.0,0.0,-0.1842766569305591,-2.1956977014542,SIGNAL_EXIT,1
2024-01-06 08:00:00,2024-01-06 16:00:00,BNBUSDT,303.85184999999996,306.8465,0.06621928222551482,3.0,0.1983035735166403,0.016109568782942188,0.01625532398672915,0.010164659821617067,0.002032931964323305,0.0012368587508241264,0.16266889003182153,2.9566876094386485,SIGNAL_EXIT,2
2024-01-06 16:00:00,2024-01-10 12:00:00,BTCUSDT,43889.103585,45493.12206,0.0004695577259795653,3.0,0.7531792675502123,0.016499974119018563,0.01708931755376352,0.010686166554377449,0.025512861676078948,0.015522312982632253,0.6785548012187189,10.964123283312244,SIGNAL_EXIT,23
2024-01-10 12:00:00,2024-01-12 16:00:00,ETHUSDT,2403.4111049999997,2577.5818190000005,0.009420986488612993,3.0,1.640859943306085,0.01812850564194349,0.019426690792074805,0.03647976488246138,0.014704539499048843,0.008946407787085765,1.579653799585932,21.740439698933756,STOP_LOSS,14
2024-01-12 20:00:00,2024-01-12 20:00:00,ETHUSDT,2585.73222,2454.7652548842857,0.010587977194493175,3.0,-1.386675239877165,0.021919674760949727,0.020792798829239234,0.03904506540292551,0.0,0.0,-1.4293877134673538,-15.194956860116882,STOP_LOSS,1
2024-01-16 16:00:00,2024-01-16 20:00:00,ETHUSDT,2560.71972,2572.77297,0.009018144776319553,3.0,0.10869795352517306,0.01848914424862808,0.018561311296049314,0.011606622871466183,0.002321324574293311,0.0014123200695373402,0.06791385333666501,1.4120932375996154,SIGNAL_EXIT,1
2024-01-28 04:00:00,2024-01-28 12:00:00,AVAXUSDT,35.866924499999996,36.133924,0.6495265501032423,3.0,0.17342326411429343,0.018652137496636075,0.0187759543979302,0.01174084191966663,0.002348233336588252,0.0014286916642106634,0.13221824721892822,2.233251139221633,SIGNAL_EXIT,2
2024-01-28 12:00:00,2024-01-28 16:00:00,SOLUSDT,98.4492,94.8417237,0.24066073824024894,3.0,-0.8681779095422022,0.018969461289961506,0.018259743393295773,0.03428845153973881,0.0,0.0,-0.9054071142254594,-10.992906900208437,STOP_LOSS,2
2024-01-29 04:00:00,2024-01-29 08:00:00,SOLUSDT,97.89892499999999,96.67164000000001,0.2142904918063164,3.0,-0.26299550623651086,0.016796484215820404,0.01657265062345854,0.01036308818375093,0.0,0.0,-0.2963646410757898,-3.7608737787467454,SIGNAL_EXIT,1
2024-01-29 12:00:00,2024-01-31 04:00:00,SOLUSDT,97.48871999999999,101.079435,0.2060794945042965,3.0,0.7399727321089985,0.01608520907723851,0.016664319095663918,0.010420409639608053,0.008147633536714776,0.006458756103368971,0.6926168142960123,11.049632203602686,SIGNAL_EXIT,10
2024-01-31 04:00:00,2024-01-31 12:00:00,LINKUSDT,15.859926,15.316951771714287,1.3976492891583872,3.0,-0.7588875441948507,0.017747489431548937,0.01712618140464782,0.03215982987853052,0.002206049638007599,0.001342185497304798,-0.7973094501663599,-10.27068275638322,STOP_LOSS,3
2024-01-31 16:00:00,2024-01-31 20:00:00,SOLUSDT,101.59077,100.939505,0.1946692548170069,3.0,-0.1267812722383998,0.015833946751149675,0.015719854575958033,0.009829824021984365,0.001965964804396953,0.0011961151749316009,-0.16149715354483607,-1.9232012908259557,SIGNAL_EXIT,1
2024-01-31 20:00:00,2024-01-31 20:00:00,LINKUSDT,15.7388655,15.146540130321428,1.22578693011386,3.0,-0.7260646965268529,0.015446353582642068,0.014853144742554471,0.02789148361771545,0.0,0.0,-0.7563641948520494,-11.29036974765248,STOP_LOSS,1
2024-02-01 00:00:00,2024-02-01 04:00:00,LINKUSDT,15.4307115,15.180406000000001,1.103333330691293,3.0,-0.27617040100534707,0.013631079514997146,0.013399238330580873,0.00837871331326881,0.001675852995987005,0.0010196078764846024,-0.30589617972339667,-4.866376381931536,SIGNAL_EXIT,1
2024-02-01 16:00:00,2024-02-02 20:00:00,LINKUSDT,16.704348,17.915736025,0.9643156336238076,3.0,1.1681604108921693,0.012896928683660994,0.0138211394694278,0.025953566855459707,0.0068324655589147645,0.0041569491574506125,1.130452928022715,21.755797203219217,STOP_LOSS,8
2024-02-03 00:00:00,2024-02-05 20:00:00,LINKUSDT,17.833912499999997,18.781785,1.0932491466992156,3.0,1.036260801804655,0.015610015710915512,0.016426536339790503,0.03084602467411775,0.018023742732141947,0.010965848494724737,0.9752346585270825,15.945000851607901,STOP_LOSS,18
2024-02-06 00:00:00,2024-02-06 16:00:00,LINKUSDT,19.163577,18.342521884499998,1.1699419704021985,3.0,-0.9605868396368769,0.017950578891380506,0.017167748956557902,0.03223788612273042,0.0044056504779435585,0.002680447473081487,-1.0027912654358404,-12.853369423151042,STOP_LOSS,5
2024-02-06 20:00:00,2024-02-08 00:00:00,LINKUSDT,18.560275499999996,18.800595,1.0460138879977177,3.0,0.2513775345566731,0.015543879854334492,0.01573254677809636,0.00983776061661586,0.005756005222873841,0.0035020185400403622,0.21084308416132805,3.8844170174091226,SIGNAL_EXIT,7
2024-02-08 00:00:00,2024-02-08 08:00:00,BTCUSDT,44371.7748,44490.993375000005,0.0004517810986263678,3.0,0.05386069879017285,0.016049903256321683,0.016080151892748765,0.010055122494212611,0.0020122777396106065,0.0012242924874047343,0.018494073414087063,0.8060433160767297,SIGNAL_EXIT,2
2024-02-08 08:00:00,2024-02-08 12:00:00,LINKUSDT,19.159574999999997,18.678656,1.0491760386966753,3.0,-0.5045686913539628,0.01609428903251549,0.01567775864820631,0.009803500905580357,0.0019605952635124773,0.00119284828565669,-0.5394941825838537,-7.530214005268854,SIGNAL_EXIT,1
2024-02-08 12:00:00,2024-02-11 08:00:00,BTCUSDT,44721.319485,48155.420245,0.0004133281274515706,3.0,1.419410436610816,0.014799502994314241,0.015923191741207446,0.009956973324917472,0.012839617154216458,0.009471590857855722,1.366376533863222,23.036668860934444,SIGNAL_EXIT,17
2024-02-11 08:00:00,2024-02-11 12:00:00,AVAXUSDT,40.869424499999994,40.5007395,0.5525017739803721,3.0,-0.20369911653994918,0.018078806675585975,0.017901384337013545,0.011193962191728848,0.0022387371881684684,0.0013620729717353217,-0.2432801177124525,-2.7063141053037745,SIGNAL_EXIT,1
2024-02-11 12:00:00,2024-02-12 12:00:00,BTCUSDT,48435.915855,47879.088480000006,0.00045113574650609915,3.0,-0.25120473349565364,0.017494934393076086,0.017279974658765098,0.01080538685515354,0.006511333809879069,0.00396156897703495,-0.2964525453344088,-3.448850084719804,SIGNAL_EXIT,6
2024-02-12 12:00:00,2024-02-12 16:00:00,LINKUSDT,20.478234,20.255867,1.023649153880047,3.0,-0.22762579140084643,0.016783448284273503,0.016587920892525414,0.010372636876266234,0.0,0.0,-0.2609971605776453,-3.2576100068004195,SIGNAL_EXIT,1
2024-02-12 16:00:00,2024-02-12 20:00:00,BTCUSDT,49942.7589,49507.25399,0.0004040658198101678,3.0,-0.17597264849050467,0.016157055098887155,0.016003351336015638,0.010007098134076558,0.0020014200308811824,0.001217686534873333,-0.21135216149116198,-2.616024342219528,SIGNAL_EXIT,1
2024-02-12 20:00:00,2024-02-13 04:00:00,NEARUSDT,3.3306645,3.296351,5.868682534438443,3.0,-0.20137503814545413,0.015649809911308366,0.015476190032862958,0.00967745749928906,0.0019360783681112424,0.0011779319297961775,-0.2356150483875329,-3.0906895605967017,SIGNAL_EXIT,2
2024-02-13 04:00:00,2024-02-14 08:00:00,ETHUSDT,2641.78023,2651.71348,0.00713168063574224,3.0,0.07084076667498691,0.015084333795178288,0.015128938941482133,0.009460316996925318,0.005655458402546776,0.0034408447197790096,0.0315311908160007,1.1280177533920046,SIGNAL_EXIT,7
2024-02-14 08:00:00,2024-02-14 12:00:00,NEARUSDT,3.337668,3.4082950000000003,5.673077971735874,3.0,0.4006724779097921,0.015160008653136695,0.01546841862854202,0.009672597941808789,0.0019345195883619334,0.001176983550604264,0.36693254748914717,6.348174833446627,SIGNAL_EXIT,1
2024-02-14 12:00:00,2024-02-15 08:00:00,ETHUSDT,2757.23793,2770.93384,0.007266245540195801,3.0,0.09951784495642574,0.016040646767110648,0.0161074285256621,0.010072178917997943,0.004660843652548558,0.002459411637494068,0.06024951437361037,1.4901771643624933,SIGNAL_EXIT,5
2024-02-15 08:00:00,2024-02-18 16:00:00,BNBUSDT,345.67275,352.52365000000003,0.058481242031393946,3.0,0.4006491410328782,0.016185245601607313,0.01649281671795233,0.01031316703223379,0.020780139731015213,0.012642871537616677,0.3345480674446866,5.945710212910932,SIGNAL_EXIT,20
2024-02-18 16:00:00,2024-02-19 12:00:00,NEARUSDT,3.533766,3.5462260000000003,6.004419376772464,3.0,0.07481506543458706,0.01698816096347456,0.01703442248705145,0.010651839974392672,0.006383298239446807,0.0038836706909707542,0.030525513053643486,1.0577949983106147,SIGNAL_EXIT,5
2024-02-19 12:00:00,2024-02-21 12:00:00,ETHUSDT,2914.6566,2897.6604450000004,0.007311227100067061,3.0,-0.12426274903293562,0.0170614221948033,0.016948362857821107,0.010598025799035451,0.02244122487522801,0.007858497664428367,-0.1885722566252164,-1.7493815566471222,SIGNAL_EXIT,12
2024-02-21 12:00:00,2024-02-24 20:00:00,BNBUSDT,364.3821,382.6086,0.05693049171419116,3.0,1.0376436072287076,0.01660884877890278,0.017425676585662624,0.010896496114095468,0.02155274555315849,0.013112933639460636,0.9689434026715232,15.006088389083914,SIGNAL_EXIT,20
2024-02-24 20:00:00,2024-02-26 04:00:00,NEARUSDT,3.8299139999999996,3.6771605,6.1748010186906885,3.0,-0.9432224674085666,0.018934312945314436,0.01816458752103133,0.011358546473881483,0.009167109592348194,0.005577372936252609,-0.9950658504035133,-11.96529478207603,SIGNAL_EXIT,8
2024-02-26 04:00:00,2024-02-26 08:00:00,ETHUSDT,3109.3639049999997,3085.6464050000004,0.006646422904149638,3.0,-0.15763653522916432,0.016546154904346005,0.016406808752239196,0.010259385162728474,0.0,0.0,-0.1905894988857495,-2.288329773352723,SIGNAL_EXIT,1
2024-02-26 08:00:00,2024-02-27 16:00:00,NEARUSDT,3.8429205,3.9150415,5.229053370650846,3.0,0.37712455814471024,0.016088740107020202,0.016377568761450356,0.010241101026418387,0.008311057427312456,0.0050565411376150005,0.3312906507113122,5.630171115952056,SIGNAL_EXIT,8
2024-02-27 16:00:00,2024-02-28 20:00:00,BTCUSDT,56774.032830000004,60708.8,0.00037143588709621114,3.0,1.4615137343059978,0.016883837668727357,0.018039541586037173,0.033874952903173376,0.027847172843043513,0.005291418755651062,1.3934517634525387,20.79172629033758,STOP_LOSS,8
2024-02-29 00:00:00,2024-02-29 12:00:00,BTCUSDT,62463.326055,62904.55199,0.00040447612783410877,3.0,0.17846535768878505,0.020228121901013446,0.020354711689643666,0.012728058835443746,0.03663615661093084,0.003063728408463474,0.09818263907873362,2.119127956514013,SIGNAL_EXIT,3
2024-02-29 12:00:00,2024-03-01 16:00:00,SOLUSDT,129.23458499999998,129.298814588745,0.1977739668778927,3.0,0.012702940557035783,0.020463760234802404,0.020457551579060193,0.03841553250950303,0.0535009813660645,0.004807100145575671,-0.08652645276846699,0.14910000000001744,STOP_LOSS,8
2024-03-01 20:00:00,2024-03-02 00:00:00,SOLUSDT,130.98546,129.365285,0.1931501774200697,3.0,-0.31293708870155934,0.020256096748158082,0.019989542199798305,0.012499713731741113,0.0,0.0,-0.35318272764951575,-3.710736290882948,SIGNAL_EXIT,1
2024-03-02 00:00:00,2024-03-02 16:00:00,BTCUSDT,62419.093949999995,61740.324395,0.00038836136124413025,3.0,-0.2636078683508693,0.01940845820179924,0.01918204514055711,0.011994775600646903,0.016114260082023296,0.0029330753604724785,-0.3212457071357214,-3.262316922817133,SIGNAL_EXIT,4
2024-03-02 16:00:00,2024-03-03 04:00:00,NEARUSDT,4.244121,4.246230328137,5.484810202710341,3.0,0.011569264486682445,0.018637468504673512,0.01863181394145912,0.0349871318379937,0.004737779053101193,0.0028825182466202404,-0.03332031525917162,0.14910000000001095,STOP_LOSS,4
2024-03-03 08:00:00,2024-03-03 12:00:00,BTCUSDT,61628.809004999996,61800.18445,0.00037609549104601137,3.0,0.06445353214050564,0.018557499748051497,0.018594216573965462,0.011627198958206724,0.009996833120287658,0.0014148238142164444,0.015890158883984578,0.8342305218948883,SIGNAL_EXIT,1
2024-03-03 12:00:00,2024-03-04 04:00:00,NEARUSDT,4.228113,4.519,5.493218730338323,3.0,1.5979059168119267,0.018595636129373063,0.019859084353919105,0.1521621588303682,0.0048961058543505465,0.0029788460593812736,1.5515762444149026,20.63949095021826,STOP_LOSS,5
2024-03-04 08:00:00,2024-03-04 16:00:00,NEARUSDT,4.514256,4.455771,6.175315373307378,3.0,-0.3611633196078773,0.022319419115968835,0.022012632924989756,0.013764777967101,0.0028122386210041803,0.0017109977160265754,-0.4100186079858666,-3.886686975661055,SIGNAL_EXIT,2
2024-03-04 16:00:00,2024-03-05 04:00:00,BTCUSDT,66484.875825,65020.07883465536,0.00040081119752240506,3.0,-0.5871070358272482,0.02133537445680276,0.02084862052857552,0.039149888323562,0.030554563630965332,0.003304744868158997,-0.6631503393117508,-6.609609954902712,STOP_LOSS,4
2024-03-05 08:00:00,2024-03-05 16:00:00,ETHUSDT,3674.826495,3566.873504364643,0.006710527224340627,3.0,-0.7244214826075509,0.019743813642454557,0.019148481405454554,0.03595733864319023,0.025471686356292052,0.0015234616662113214,-0.7903089256779634,-8.812905108491947,STOP_LOSS,3
2024-03-05 20:00:00,2024-03-06 00:00:00,BTCUSDT,61441.685489999996,63692.14799500001,0.00036279918146844245,3.0,0.8164659547394244,0.01784707222082744,0.01848596732684232,0.011559509333941754,0.0,0.0,0.7801329151917547,10.988285007413834,SIGNAL_EXIT,1
2024-03-06 00:00:00,2024-03-06 16:00:00,ETHUSDT,3555.4368299999996,3789.054525,0.006927283708874751,3.0,1.6183360526783728,0.019719391217287656,0.02099828454645653,0.013130493088078022,0.010575003926943868,0.0031263127983272142,1.5639170601893575,19.712151235155012,SIGNAL_EXIT,4
2024-03-06 16:00:00,2024-03-06 20:00:00,NEARUSDT,4.806402,5.290202775,6.099680677982387,3.0,2.9510302392604024,0.023472792161742115,0.025814838119421046,0.04847553477607656,0.003288337853500305,0.0020006618623471316,2.8964536092633923,30.19727282486981,STOP_LOSS,2
2024-03-07 00:00:00,2024-03-07 04:00:00,NEARUSDT,5.9039505,5.744,6.436355919505735,3.0,-1.0294983475029014,0.030424280823974255,0.029576342721312758,1.1054982010011896,0.0036970428401640948,0.002249322588889859,-1.0954453364772423,-8.127634200185108,STOP_LOSS,2
2024-03-07 08:00:00,2024-03-08 00:00:00,NEARUSDT,5.574786,5.5262355,6.227363670734565,3.0,-0.302341619895994,0.027795212016428872,0.027531102550898936,0.017215546867743306,0.006936037656464158,0.004219963590517397,-0.36882393571030336,-2.612683249186567,SIGNAL_EXIT,4
2024-03-08 00:00:00,2024-03-08 04:00:00,BNBUSDT,474.83729999999997,464.5676,0.070783472947122,3.0,-0.7269250321250549,0.026910034570724144,0.02630696651736752,0.016450079112910035,0.003290015822582231,0.002001682757674184,-0.785433731793403,-6.488348745980957,SIGNAL_EXIT,1
2024-03-08 04:00:00,2024-03-08 08:00:00,NEARUSDT,5.3996984999999995,5.355321,5.788511529747551,3.0,-0.25687967041136917,0.025024993614419982,0.02479946988319935,0.015507422388191687,0.0,0.0,-0.30670413390898854,-2.4655543267832187,SIGNAL_EXIT,1
2024-03-08 08:00:00,2024-03-09 00:00:00,BNBUSDT,468.33405,485.55710000000005,0.06477607321655339,3.0,1.1156415478123636,0.024288903693038412,0.02516198580833387,0.015734108184298438,0.006210082139270974,0.0037782840607017863,1.0562022921110186,11.032541836323919,SIGNAL_EXIT,4
2024-03-09 00:00:00,2024-03-09 04:00:00,NEARUSDT,5.750874,5.6721625,5.825708006024295,3.0,-0.4585502157161803,0.026823789194104854,0.026435489990176628,0.016530446467094218,0.0033066718642193907,0.0020118164813868068,-0.517127983246068,-4.106062834970815,SIGNAL_EXIT,1
2024-03-09 04:00:00,2024-03-09 08:00:00,BNBUSDT,489.4446,487.25625,0.06528373152111301,3.0,-0.14286365387422487,0.025582682034314293,0.02544792496558746,0.01591290955826981,0.0,0.0,-0.19389426087412662,-1.3413264749472915,SIGNAL_EXIT,1
2024-03-09 08:00:00,2024-03-10 08:00:00,NEARUSDT,6.297146999999999,6.0659655,4.981867570260354,3.0,-1.1517156176941392,0.02511733580821639,0.024175869445414506,0.015117477141955299,0.009150694353054219,0.005567385719403281,-1.2157269030202276,-11.013630458364673,SIGNAL_EXIT,6
2024-03-10 08:00:00,2024-03-11 04:00:00,BNBUSDT,503.95185,522.8384500000001,0.05501971956243208,3.0,1.0391354354878353,0.022199591240967848,0.02301313991636534,0.014390407651550969,0.008722826339427983,0.005307065990982117,0.979892812000092,11.243097926915102,SIGNAL_EXIT,5
2024-03-11 04:00:00,2024-03-11 20:00:00,NEARUSDT,6.7023494999999995,6.705680567701499,4.575203986784085,3.0,0.015240314228149183,0.024551333989768068,0.024543885173958772,0.04608891807828976,0.006320186787343536,0.003845272971233423,-0.044020364694154615,0.14909999999998713,STOP_LOSS,5
2024-03-12 00:00:00,2024-03-12 04:00:00,AVAXUSDT,49.2035895,48.0329715,0.6205372619819357,3.0,-0.7264120885467681,0.0244456851145021,0.023844998895573084,0.014910579599532948,0.0029823020810851833,0.0018144662444810602,-0.7794995408824095,-7.137393909035829,SIGNAL_EXIT,1
2024-03-12 04:00:00,2024-03-12 16:00:00,NEARUSDT,6.8574269999999995,7.480258,4.1117510816030585,3.0,2.560926037905917,0.02257488621638432,0.024605567137735946,0.015386172547358284,0.0029000180378546373,0.0017644037039194688,2.5090811628100225,27.247727172305325,SIGNAL_EXIT,3
2024-03-12 16:00:00,2024-03-13 00:00:00,AVAXUSDT,53.816894999999995,55.5312205,0.6636810722339768,3.0,1.1377653859980537,0.028596681007128377,0.029484015971121113,0.018436728346119823,0.003772761423221264,0.0022953906293839916,1.073616536967199,9.556434833336306,SIGNAL_EXIT,2
2024-03-13 00:00:00,2024-03-13 04:00:00,NEARUSDT,8.086041,8.090059762377,4.81515336233346,3.0,0.01935095717203528,0.031173360695849653,0.031163902773030595,0.058520097846200235,0.004077953382560207,0.0024810728618512167,-0.04954533254125639,0.14910000000003484,STOP_LOSS,2
2024-03-13 08:00:00,2024-03-14 00:00:00,NEARUSDT,7.947971999999999,7.766115,4.8801141247466076,3.0,-0.8874829143840391,0.031054451897750638,0.0303196220047252,0.018959243374637995,0.0077793899262585675,0.0047330686295587905,-0.9613694468423324,-6.864279340692156,SIGNAL_EXIT,4
2024-03-14 00:00:00,2024-03-14 04:00:00,BNBUSDT,630.81525,614.99235,0.05691874025942773,3.0,-0.9006195352508993,0.02874716522532904,0.02800367186494806,0.017511050440811058,0.0035022100881625883,0.0021307841436839837,-0.9630033665730229,-7.524976607651768,SIGNAL_EXIT,1
2024-03-14 04:00:00,2024-03-14 08:00:00,AVAXUSDT,57.780876,55.926023,0.5714435771931992,3.0,-1.0599438334875362,0.02643595714555378,0.025566853313047307,0.015987276959134086,0.0,0.0,-1.1119466439461372,-9.630451085580628,SIGNAL_EXIT,1
2024-03-14 08:00:00,2024-03-15 00:00:00,NEARUSDT,7.8349155,8.471723325,3.7888525045233403,3.0,2.4127709226513074,0.023767285200083057,0.02567848811004404,0.0482194944480034,0.006053828531727394,0.0036832176023894703,2.3535881032070636,24.383459847141904,STOP_LOSS,5
2024-03-15 04:00:00,2024-03-15 08:00:00,NEARUSDT,8.3391675,7.547293838035714,4.4057701099153155,3.0,-3.488813310711435,0.029415896647780007,0.026601313281892636,0.049952390990033284,0.0,0.0,-3.544830520641108,-28.487507726554927,STOP_LOSS,2
2024-03-15 12:00:00,2024-03-15 16:00:00,NEARUSDT,7.4977469999999995,7.37631,3.482975745167641,3.0,-0.42296212556592055,0.02090830339824135,0.02055320705507002,0.012852180499667722,0.0,0.0,-0.4644236360192319,-4.858939625463464,SIGNAL_EXIT,1
2024-03-15 16:00:00,2024-03-16 00:00:00,SOLUSDT,181.940925,183.858025,0.13588099902796574,3.0,0.2604974632365138,0.01979368667179519,0.01998624969304696,0.0124976548855959,0.006840204922100114,0.0015155345496574142,0.21236178739991413,3.1610809937346502,SIGNAL_EXIT,2
2024-03-16 00:00:00,2024-03-16 04:00:00,AVAXUSDT,58.485228,56.9904905,0.43359479332083956,3.0,-0.6481103973814082,0.020303354961554988,0.019768623959680615,0.012361570760179786,0.0024723141520360953,0.0015041838327088568,-0.6921588742873888,-7.667256593408507,SIGNAL_EXIT,1
2024-03-16 04:00:00,2024-03-16 12:00:00,SOLUSDT,187.70380500000002,187.79709379108502,0.12404689881176512,3.0,0.011572185227993054,0.01864217366326525,0.01863651767251703,0.03499596458284308,0.004884242193224452,0.0014541855023530855,-0.03204493380336676,0.1491000000000021,STOP_LOSS,3
2024-03-16 16:00:00,2024-03-16 16:00:00,SOLUSDT,195.187545,178.44091011107145,0.11879865086601364,3.0,-1.9894776313504265,0.018565265822137172,0.01695883150439912,0.031845577436901744,0.0,0.0,-2.025001728676963,-25.739298410042334,STOP_LOSS,1
2024-03-16 20:00:00,2024-03-17 04:00:00,SOLUSDT,180.17004,180.25958450988003,0.09500953560296296,3.0,0.008507582299496393,0.01370526167331246,0.013701103529813408,0.025728161360439507,0.0024998357952545117,0.001078060895274323,-0.022476679594158305,0.14910000000004667,STOP_LOSS,3
2024-03-17 08:00:00,2024-03-18 00:00:00,SOLUSDT,181.940925,194.64758999999998,0.09371446108244097,3.0,1.1907982626301135,0.013651317642286479,0.014593035198276741,0.02740304556511559,0.0074580878900567735,0.002210204498836256,1.152885617400657,20.951852915994554,STOP_LOSS,5
2024-03-18 04:00:00,2024-03-18 20:00:00,SOLUSDT,204.03196499999999,198.250825,0.10050574997861741,3.0,-0.5810378114313837,0.016418243124048052,0.015940278280403706,0.009967657754129628,0.011828106706640673,0.0024852720032738293,-0.62770971154575,-8.500344541601597,SIGNAL_EXIT,4
2024-03-18 20:00:00,2024-03-19 00:00:00,AVAXUSDT,62.45020949999999,60.662653500000005,0.2982337958466974,3.0,-0.5331096111685354,0.014911739816338256,0.014473322735550359,0.009050351885659766,0.0,0.0,-0.562494673720424,-8.587109703771233,SIGNAL_EXIT,1
2024-03-19 00:00:00,2024-03-19 00:00:00,SOLUSDT,196.01796,180.44688306,0.08641365820082066,3.0,-1.3455537205118389,0.013561752599409236,0.012474460220920238,0.023424750039284403,0.0,0.0,-1.3715899333321682,-23.831097323939066,STOP_LOSS,1
2024-03-19 04:00:00,2024-03-19 20:00:00,AVAXUSDT,59.200585499999995,53.182727282464285,0.21667270524724166,3.0,-1.303905619787806,0.010269936759412032,0.009218596314174259,0.017310834340586577,0.0025280721230132417,0.00153810761153745,-1.327460332595943,-30.495601521723348,STOP_LOSS,5
2024-03-20 08:00:00,2024-03-21 04:00:00,SOLUSDT,173.43667499999998,185.617156,0.05101548400599833,3.0,0.6213931336408672,0.007084031961181768,0.007575479242525518,0.014225361622168206,0.004215467958175797,0.0016912201338619435,0.6008269343451221,21.069040328408075,STOP_LOSS,6
2024-03-21 08:00:00,2024-03-22 04:00:00,SOLUSDT,188.65428,178.980465,0.056447140970822214,3.0,-0.5460591990306539,0.008526016603610062,0.00808234843110265,0.005053994766821648,0.0061659493224290015,0.0018754754694146176,-0.5707089888572102,-15.383401320129058,SIGNAL_EXIT,5
2024-03-22 04:00:00,2024-03-22 12:00:00,BNBUSDT,575.8878,542.8544379428571,0.015520796712329372,3.0,-0.512704097213689,0.007156315030352758,0.006740426700557525,0.01265728599253433,0.0008775458461151028,0.0005339087967846088,-0.528012293587499,-17.208228090858785,STOP_LOSS,3
2024-03-22 16:00:00,2024-03-22 20:00:00,BNBUSDT,554.3770499999999,549.62505,0.013267987593737346,3.0,-0.06304947704543924,0.005889085525742761,0.005833934675685815,0.0036480331888979482,0.0007297393176555541,0.0004439816367210002,-0.07594621820124436,-2.571535022959529,SIGNAL_EXIT,1
2024-03-22 20:00:00,2024-03-23 04:00:00,SOLUSDT,172.896405,171.804055,0.041225908878629716,3.0,-0.04503312156357043,0.005706814602059775,0.005666222653127271,0.0035431607385730504,0.0010803016907518842,0.00043116487862112393,-0.057917625388130486,-1.8953835390619873,SIGNAL_EXIT,2
2024-03-23 04:00:00,2024-03-23 08:00:00,BNBUSDT,550.5751499999999,554.5226,0.012630787212443569,3.0,0.049859400981761844,0.005567812301128262,0.005603245572072768,0.003503780372731129,0.0,0.0,0.03868834310856081,2.150905285136889,SIGNAL_EXIT,1
2024-03-23 08:00:00,2024-03-23 12:00:00,AVAXUSDT,55.103538,54.6376675,0.1283070016558904,3.0,-0.05977444701493064,0.005660664324588807,0.005608316235517192,0.0035069511227596223,0.0007013773938517594,0.0004267259221852668,-0.07217153089107366,-2.536337140457303,SIGNAL_EXIT,1
2024-03-23 12:00:00,2024-03-23 16:00:00,SOLUSDT,175.92792,175.07242,0.03895816173130642,3.0,-0.033328707361132894,0.0054874526504502304,0.0054563997224409645,0.00341195580442792,0.0,0.0,-0.04427255973402409,-1.4588360960557136,SIGNAL_EXIT,1
2024-03-23 16:00:00,2024-03-23 20:00:00,BNBUSDT,562.4811,558.82045,0.011949053817725834,3.0,-0.04374130385785711,0.005381198507088573,0.0053419005051966156,0.0033403579947449222,0.0006680715989490515,0.00040646230067628044,-0.05553893676976763,-1.952412267718819,SIGNAL_EXIT,1
2024-03-23 20:00:00,2024-03-24 00:00:00,AVAXUSDT,54.817395,53.4562585,0.11957214344995003,3.0,-0.16275400883296298,0.005247905058841131,0.005113503527727689,0.0031975384740668355,0.0,0.0,-0.1731154174195318,-7.449112640248597,SIGNAL_EXIT,1
2024-03-24 00:00:00,2024-03-24 04:00:00,SOLUSDT,172.736325,171.61415,0.034941710397253065,3.0,-0.03921071386503741,0.0048324280570342555,0.004797193543496598,0.00299974583760395,0.0010626899604296552,0.0003650158445635927,-0.05026804127056152,-1.9489386497020798,SIGNAL_EXIT,1
2024-03-24 04:00:00,2024-03-24 08:00:00,BNBUSDT,550.8753,552.4236500000001,0.010683033279443007,3.0,0.016541074578225876,0.0047117847579849085,0.004721248189841102,0.002952256246773855,0.0,0.0,0.007108041630399867,0.8432126109121397,SIGNAL_EXIT,1
2024-03-24 08:00:00,2024-03-24 20:00:00,SOLUSDT,173.62677,175.99196000000003,0.03401737087152192,3.0,0.08045754541161633,0.004728844057897868,0.004789427018980842,0.0029948893315280465,0.0024566335403741436,0.00072630411194422,0.06775633668241926,4.086679721105289,SIGNAL_EXIT,3
2024-03-24 20:00:00,2024-03-25 00:00:00,BNBUSDT,564.0818999999999,567.5160999999999,0.01083075458218684,3.0,0.0371949773861464,0.0048914592659356744,0.004917302080431844,0.003074851225883027,0.0,0.0,0.027386216039778876,1.8264369057046679,SIGNAL_EXIT,1
2024-03-25 00:00:00,2024-03-25 20:00:00,SOLUSDT,183.96193499999998,192.14388000000002,0.03365655805019934,3.0,0.27537610685603964,0.004957186184431143,0.00517352132096843,0.003235068359784652,0.004011174122834108,0.0011569317047855883,0.2600772935230204,13.342888027352032,SIGNAL_EXIT,5
2024-03-25 20:00:00,2024-03-26 00:00:00,NEARUSDT,7.688842499999999,7.45627,0.9066557468720559,3.0,-0.21086319368940026,0.005581371688886392,0.005408216036583763,0.0033818259358327782,0.0,0.0,-0.22185278141487041,-9.074415297230981,SIGNAL_EXIT,1
2024-03-26 00:00:00,2024-03-26 04:00:00,SOLUSDT,189.07448999999997,191.54417999999998,0.03335250219027373,3.0,0.08237034113429761,0.0050489250134907035,0.005110782146387349,0.003195836759872141,0.0025059834368860528,0.00038887663060272615,0.06931577390693076,3.9185984317609655,SIGNAL_EXIT,1
2024-03-26 04:00:00,2024-03-27 00:00:00,NEARUSDT,7.86393,7.668164,0.8283248077886382,3.0,-0.16215783432155045,0.005215282870867338,0.005081384377113404,0.003177453962676991,0.001298564801170248,0.0007900614806724453,-0.17454312785137388,-7.4682506075206625,SIGNAL_EXIT,5
2024-03-27 00:00:00,2024-03-27 12:00:00,SOLUSDT,190.55523,188.44573,0.031438013145406854,3.0,-0.06631848873023567,0.004796379364024041,0.004739487469548632,0.0029636614992173318,0.0038160652988361524,0.0007240043644869968,-0.0803944252271315,-3.3210843911237657,SIGNAL_EXIT,3
2024-03-27 12:00:00,2024-03-27 12:00:00,NEARUSDT,7.735866,7.222301986714286,0.7432506582463008,3.0,-0.38170679092621856,0.004603432743478925,0.0042943845645431675,0.00806406715925714,0.0,0.0,-0.39060460823424065,-19.916219332872885,STOP_LOSS,1
2024-03-27 16:00:00,2024-03-28 04:00:00,SOLUSDT,181.200555,182.06892000000002,0.025269299660601024,3.0,0.021942975399778096,0.003665981683716747,0.0036806032786895963,0.0023015278130869535,0.002383528982411671,0.0005609250273736577,0.011651936427586423,1.4376859938425872,SIGNAL_EXIT,3
2024-03-28 04:00:00,2024-03-28 16:00:00,BNBUSDT,582.0908999999999,584.9074,0.007926148592251745,3.0,0.022323997510078093,0.003693946331142955,0.003708850372086103,0.0023191910780928056,0.00046550270682294497,0.00028321710050829407,0.014172480999517796,1.4515774082708388,SIGNAL_EXIT,3
2024-03-28 16:00:00,2024-03-29 00:00:00,BTCUSDT,71326.02519,70745.2097,6.528083380839387e-05,3.0,-0.037916119476030435,0.003727960285541798,0.0036946450217325393,0.002310308292729144,0.001360186747658632,0.00028119366917535684,-0.04698010520013877,-2.442932247182441,SIGNAL_EXIT,2
2024-03-29 00:00:00,2024-03-29 08:00:00,SOLUSDT,189.73481999999998,183.538185,0.023798451087121326,3.0,-0.14747031495224372,0.0036152080330614646,0.00349433961467322,0.0021850547865639703,0.002017796921036788,0.0002727021235226058,-0.15687036164453777,-9.797835210216007,SIGNAL_EXIT,2
2024-03-29 08:00:00,2024-03-30 08:00:00,BNBUSDT,607.1034,598.9004000000001,0.006663049881170328,3.0,-0.05465699817523928,0.0032387191651145736,0.0031924025912422904,0.001996249744398239,0.0012246019376602945,0.0007450616397659407,-0.06305778350902239,-4.053510489316907,SIGNAL_EXIT,6
2024-03-30 08:00:00,2024-03-31 04:00:00,SOLUSDT,195.85787999999997,194.20285,0.019688450755116195,3.0,-0.03258497665323905,0.0030873804846929197,0.003058842598982574,0.0019127329908595221,0.006088348219126443,0.0007037471940759458,-0.04552329515011693,-2.53504735168167,SIGNAL_EXIT,5
2024-03-31 04:00:00,2024-03-31 08:00:00,BNBUSDT,608.9043,606.59655,0.0061088049400200755,3.0,-0.014097594600331668,0.002978124576332639,0.0029644640009913077,0.0018537168590490797,0.0,0.0,-0.020040183177655616,-1.1370013317363936,SIGNAL_EXIT,1
2024-03-31 08:00:00,2024-04-01 12:00:00,SOLUSDT,196.84837499999998,189.9244888660714,0.01859098477569919,3.0,-0.1287218617045406,0.002930028136706265,0.0028247066248332673,0.0053042813435776465,0.008143911672291124,0.0008977286666226744,-0.14351823680499395,-10.552110680002153,STOP_LOSS,8
2024-04-01 16:00:00,2024-04-02 04:00:00,SOLUSDT,188.17404,180.80742144,0.017161744925599066,3.0,-0.12642402869090352,0.00258558436837428,0.0024823766779268576,0.004661448443778165,0.0020330178331902683,0.000393557222441664,-0.1339185647928366,-11.74437009483345,STOP_LOSS,4
2024-04-02 08:00:00,2024-04-02 16:00:00,SOLUSDT,183.27159,177.34128500000003,0.015430436251884257,3.0,-0.0915071932567301,0.002264179812871472,0.0021891627144157906,0.0013689111520855913,0.0004389964961796411,0.00016886288348172006,-0.09656839516367871,-9.70740473196087,SIGNAL_EXIT,2
2024-04-02 20:00:00,2024-04-03 00:00:00,SOLUSDT,185.76283499999997,181.43923500000002,0.013665204694651786,3.0,-0.05908287901779567,0.0020324156644786428,0.001983523428732823,0.0012403223041097444,0.0,0.0,-0.06309881811100714,-6.9824515759569605,SIGNAL_EXIT,1
2024-04-03 04:00:00,2024-04-04 04:00:00,SOLUSDT,188.564235,181.419245,0.012459107888430007,3.0,-0.0890202012717536,0.0018809785010122256,0.0018082575571940131,0.0011307263364144836,0.00083372488911839,0.00042064389075656427,-0.09396380610983478,-11.367463188340048,SIGNAL_EXIT,6
2024-04-04 04:00:00,2024-04-05 20:00:00,BNBUSDT,576.5881499999999,582.20875,0.003586054001577087,3.0,0.020155775121264468,0.0016554653663486225,0.0016702656141525552,0.001044438227959294,0.00104831116628103,0.0006378043448359752,0.015143928629646284,2.924409736828661,SIGNAL_EXIT,10
2024-04-05 20:00:00,2024-04-06 04:00:00,NEARUSDT,7.4187075,7.126435,0.28483016523156596,3.0,-0.0832480244676429,0.0016918107950597736,0.0016238589268496118,0.001015419539050544,0.00020308390781010655,0.00012355854152261406,-0.08689033663888501,-11.819006208291679,SIGNAL_EXIT,2
2024-04-06 04:00:00,2024-04-07 04:00:00,BNBUSDT,581.0903999999999,589.705,0.003188160069278267,3.0,0.027464723732804907,0.0014832739871264498,0.0015040591469229925,0.0009405072204369582,0.0005594583289569503,0.0003403807614005325,0.02357755150839798,4.44746634946995,SIGNAL_EXIT,6
2024-04-07 04:00:00,2024-04-08 20:00:00,BTCUSDT,69442.74401999998,71730.117,2.7695986174863574e-05,3.0,0.0633510504308369,0.0015398601107466051,0.0015893090630026774,0.0009938150719126747,0.0009750481608965973,0.000593230305511657,0.05865360279067937,9.881693237847438,SIGNAL_EXIT,10
2024-04-08 20:00:00,2024-04-09 08:00:00,ETHUSDT,3704.6514,3609.1192312928574,0.0005666134519560597,3.0,-0.05412981188400283,0.0016806287574442351,0.0016359804049310772,0.0030720713662951986,0.0005198453018332751,0.00012728579709622568,-0.05809355214530765,-7.7361261607887934,STOP_LOSS,4
2024-04-09 12:00:00,2024-04-09 12:00:00,NEARUSDT,7.598797499999999,7.250726500178572,0.2533248301638616,3.0,-0.08817502691472857,0.001541204232295497,0.001469431247377878,0.0027593225726923773,0.0,0.0,-0.09118566239440194,-13.741819011024864,STOP_LOSS,1
2024-04-09 16:00:00,2024-04-10 00:00:00,NEARUSDT,7.287641999999999,6.894677304857142,0.22663379245901713,3.0,-0.08905907916272722,0.0013223586425489323,0.0012500534923047114,0.002347371355103925,0.0001661905600101973,0.00010111221234174295,-0.0918987940699328,-16.176619068672306,STOP_LOSS,3
2024-04-10 04:00:00,2024-04-10 12:00:00,ETHUSDT,3514.766505,3421.999348797181,0.000391533866469342,3.0,-0.03632148334945513,0.0011018015367810937,0.0010718629088721046,0.0020127620972810057,0.000258274874775822,8.388263957264117e-05,-0.03883730530945679,-7.918064207467376,STOP_LOSS,3
2024-04-10 16:00:00,2024-04-11 12:00:00,BNBUSDT,593.3965499999999,592.5036,0.002122916644938293,3.0,-0.001895658418097496,0.0010085920040383972,0.0010062686037006884,0.0006292324935596013,0.000385351829389199,0.00023445240209244746,-0.004530323257318228,-0.4514434740140946,SIGNAL_EXIT,5
2024-04-11 12:00:00,2024-04-11 16:00:00,BTCUSDT,70018.15158,69965.0,1.779754660652555e-05,3.0,-0.0009459677222605639,0.0009977192282208335,0.0009961642786604481,0.0006229141312283943,0.0,0.0,-0.0029398512291418455,-0.22773343254831402,SIGNAL_EXIT,1
2024-04-11 16:00:00,2024-04-12 16:00:00,BNBUSDT,603.00135,603.30104167095,0.0020519669118540863,3.0,0.0006149573925476273,0.0009906635852708929,0.0009903630203167142,0.0018597202434590609,0.00037770554946498164,0.00022980031909041395,-0.0019735750815953754,0.14909999999999146,STOP_LOSS,7
2024-04-13 04:00:00,2024-04-13 16:00:00,BNBUSDT,583.4916000000001,558.3635108142859,0.0021104379726096393,3.0,-0.053031273596652884,0.000985927005075064,0.0009427132445936815,0.0017702426976594727,0.00012536001557301258,7.627044829143665e-05,-0.05516154431018608,-12.919512047327263,STOP_LOSS,4
2024-04-22 08:00:00,2024-04-22 20:00:00,BNBUSDT,603.3014999999999,596.3017000000001,0.001767061053411174,3.0,-0.012369073961667223,0.0008535392987306174,0.0008429612081222992,0.0005271143122324234,0.00021123447832477175,0.00012851744061131445,-0.014405326387456225,-3.4807471885946697,SIGNAL_EXIT,3
2024-04-22 20:00:00,2024-04-23 00:00:00,NEARUSDT,7.1385675,7.022487,0.14329053801557562,3.0,-0.016633237298117,0.0008189665154007227,0.0008050047523499085,0.0005033796600486996,0.0,0.0,-0.01825720856586763,-4.878310669472544,SIGNAL_EXIT,1
2024-04-23 00:00:00,2024-04-24 16:00:00,BNBUSDT,604.7022,596.7015,0.001601054815640588,3.0,-0.012809559263495553,0.0007751492148426405,0.00076428144805997,0.0004779148624686995,0.00048592013654691845,0.0002956392951840708,-0.015130549358129153,-3.9692430422776397,SIGNAL_EXIT,10
2024-05-05 16:00:00,2024-05-05 20:00:00,NEARUSDT,7.4507235,7.404296,0.12385455380038331,3.0,-0.005750257296567194,0.0007388358963831307,0.0007336446218287704,0.00045875726727661107,9.175145345532397e-05,5.5822619791816226e-05,-0.007370311888026236,-1.8693822150291517,SIGNAL_EXIT,1
2024-05-06 08:00:00,2024-05-06 16:00:00,NEARUSDT,7.401698999999999,7.272362,0.12169000491197803,3.0,-0.015739020165300346,0.0007211471478518677,0.000707979014001346,0.0004427082378697257,9.155955969577227e-05,5.570586946278638e-05,-0.01731541175631212,-5.2421883137911465,SIGNAL_EXIT,2
2024-05-15 16:00:00,2024-05-16 04:00:00,NEARUSDT,7.6688325,8.167914000000001,0.11068283332388101,3.0,0.055239754479532714,0.0006795901596367188,0.0007232382910926355,0.0004522500569612833,0.0001781440202347865,0.00010838483244948604,0.053550397176119084,19.52376062458015,SIGNAL_EXIT,3
2024-05-16 04:00:00,2024-05-16 16:00:00,SOLUSDT,163.191555,156.8883689175,0.0061849449253755595,3.0,-0.03898485877465617,0.0008081111128594048,0.0007762767369493924,0.001457705439939993,0.00010126610326317403,6.161144011752926e-05,-0.04073212416784566,-11.58733872442111,STOP_LOSS,4
2024-05-16 20:00:00,2024-05-20 08:00:00,LINKUSDT,14.992492499999999,16.675658000000002,0.059178429774492954,3.0,0.0996070913405995,0.0007103540148565751,0.0007894714047171694,0.0004936664611787587,0.0009700528208634885,0.0005901910842579592,0.0965470220159043,33.68016692354529,SIGNAL_EXIT,21
2024-05-20 08:00:00,2024-05-20 20:00:00,SOLUSDT,178.10901,187.156375,0.0066062998034222805,3.0,0.05976960562098952,0.0009420668676947455,0.0009891288986973812,0.0006185148190954305,0.00024109691132589615,0.00014668608187749403,0.05745062686139401,15.23903535256299,SIGNAL_EXIT,3
2024-05-20 20:00:00,2024-05-23 12:00:00,ETHUSDT,3440.57943,3723.384533,0.00039204312653536136,3.0,0.11087179678027496,0.001079948372162091,0.001167781850888581,0.002192880290852247,0.0012918821268764165,0.0007181309377561433,0.10661405349259173,24.659082176748363,STOP_LOSS,17
2024-05-23 16:00:00,2024-05-23 20:00:00,ETHUSDT,3814.8664799999997,3648.5415176014285,0.0004373526078374949,3.0,-0.0727426560534884,0.0013358221005443111,0.001276559318021085,0.0023971444379463896,0.0001658152436198608,0.00010088386561403044,-0.07562173658128768,-13.079747084509066,STOP_LOSS,2
2024-05-24 00:00:00,2024-05-24 12:00:00,ETHUSDT,3785.4918,3710.76369,0.00038086414188079256,3.0,-0.028461257489523308,0.0011543299327492207,0.0011306374628114028,0.0007070019152146071,0.0002862742470598464,0.0001741724828107667,-0.031206671614954547,-5.922198272890161,SIGNAL_EXIT,3
2024-05-24 12:00:00,2024-05-24 16:00:00,LINKUSDT,17.580786,17.2083915,0.07668672874869127,3.0,-0.028557716009004405,0.00107943392087333,0.0010557242009294277,0.000660157704432923,0.0,0.0,-0.030692874130807162,-6.354570836593973,SIGNAL_EXIT,1
2024-05-24 16:00:00,2024-05-26 04:00:00,ETHUSDT,3695.50683,3769.7042050000005,0.0003399284767865742,3.0,0.025221800665312464,0.0010057710229593928,0.0010251438466732752,0.000641035421881632,0.000637647354753606,0.0003879518471388583,0.02216528659378733,6.023317916584718,SIGNAL_EXIT,9
2024-05-26 04:00:00,2024-05-26 08:00:00,LINKUSDT,17.776884,17.613189000000002,0.07440284083362521,3.0,-0.012179373030260059,0.0010589677107844823,0.0010483770381916468,0.0006555634305849158,0.0,0.0,-0.014286717779236189,-2.762492009285717,SIGNAL_EXIT,1
2024-05-26 08:00:00,2024-05-27 20:00:00,ETHUSDT,3787.903005,3871.3233700000005,0.0003378715885452774,3.0,0.028185371239576994,0.0010246795881143154,0.0010464081414354855,0.0006543322545243377,0.0006549968479391091,0.0003985074745998078,0.025060779187488277,6.606850668289517,SIGNAL_EXIT,9
2024-05-27 20:00:00,2024-05-28 00:00:00,LINKUSDT,18.608299499999998,18.028894104321427,0.0728141223891627,3.0,-0.042188895393880654,0.0010848254581642873,0.0010502064814826514,0.0019720952957235026,0.0,0.0,-0.044323927333527594,-9.341080236996998,STOP_LOSS,2
2024-05-28 04:00:00,2024-05-30 08:00:00,LINKUSDT,18.1340625,18.1430751290625,0.06739149557206017,3.0,0.000607374551558097,0.000978448032563821,0.0009781511737790164,0.0018367886337862893,0.0007483960366268427,0.0004553325951034102,-0.0025529532865149933,0.14910000000000184,STOP_LOSS,14
2024-05-30 12:00:00,2024-05-31 16:00:00,LINKUSDT,18.0960435,17.5662125,0.06711018681517622,3.0,-0.035557057390471734,0.0009723209446761853,0.000943097442008067,0.0005897307666383873,0.00036273727075470904,0.00022069344939065115,-0.038055906497301346,-8.783649309861598,SIGNAL_EXIT,7
2024-05-31 16:00:00,2024-05-31 20:00:00,ETHUSDT,3746.6423849999996,3783.557275,0.0002936902862652703,3.0,0.010841544611551103,0.0008809867690826622,0.0008889552153566369,0.0005558749470713458,0.0001369564694594598,6.764011828384621e-05,0.008867006039368497,2.9558377507118663,SIGNAL_EXIT,1
2024-05-31 20:00:00,2024-06-03 08:00:00,LINKUSDT,18.252121499999998,18.134928,0.06174253288242992,3.0,-0.007235823527356993,0.0009022675835771467,0.0008957571106883992,0.0005601282583093885,0.0007935520781247187,0.00048280604038312795,-0.010310206340130386,-1.9262445738156917,SIGNAL_EXIT,15
2024-06-03 08:00:00,2024-06-07 16:00:00,BNBUSDT,626.41305,684.681435,0.0017496863089980026,3.0,0.10195139548192453,0.0008775230883608338,0.0009583821862756847,0.0017996660984144566,0.0015431008464946085,0.0009388399704887724,0.09763354939030464,27.905733285728946,STOP_LOSS,27
2024-06-07 20:00:00,2024-06-10 04:00:00,BNBUSDT,681.6406499999999,659.2538550964285,0.002037279708912693,3.0,-0.0456081630046361,0.001111843606897565,0.001074467601608338,0.0020176532328648115,0.0009679319625015094,0.0005889007300944615,-0.04935130690573797,-9.852755217975071,STOP_LOSS,15
2024-06-10 08:00:00,2024-06-10 12:00:00,BNBUSDT,641.3204999999999,639.6800000000001,0.0019346912930966946,3.0,-0.0031738610663248584,0.000993400470323794,0.0009900666610944751,0.0006191012137908191,0.00012383958967111943,7.53454040131535e-05,-0.005356513191427402,-0.7674010108829491,SIGNAL_EXIT,1
2024-06-10 12:00:00,2024-06-10 20:00:00,BTCUSDT,69508.626945,69456.064595,1.7619402904633165e-05,3.0,-0.0009261172222642195,0.0009805448386643683,0.0009790195090156255,0.0006121932897795536,0.00012243864033652824,7.44930506268329e-05,-0.003082613260907574,-0.22685968192804537,SIGNAL_EXIT,2
2024-06-10 20:00:00,2024-06-10 20:00:00,BNBUSDT,648.82425,632.7665314821429,0.0018733271174449773,3.0,-0.03008135954380007,0.0009731465668381899,0.0009483029619496794,0.001780739162399101,0.0,0.0,-0.032002809072587936,-7.424684813117157,STOP_LOSS,1
2024-06-11 00:00:00,2024-06-11 00:00:00,BTCUSDT,69574.76999999999,68901.83733910715,1.6091011749013467e-05,3.0,-0.010828167352721562,0.0008963398250639788,0.0008869602193217503,0.001665548734329604,0.0,0.0,-0.012611467397107291,-2.901623652767398,STOP_LOSS,1
2024-06-12 16:00:00,2024-06-12 16:00:00,BTCUSDT,69768.867,68229.74149735714,1.550439835629466e-05,3.0,-0.023863214913307076,0.0008660723033109213,0.000846288873537627,0.001589175400984403,0.0,0.0,-0.025575576090155625,-6.618104473344201,STOP_LOSS,1
2024-07-15 04:00:00,2024-07-16 04:00:00,SOLUSDT,151.4757,157.81105499999998,0.00663511678736253,3.0,0.0420358203144011,0.0008046909206945479,0.0008376758242095132,0.0005238092947783647,2.405731848355049e-05,0.00018765436389720722,0.040181741887116276,12.547269958151691,SIGNAL_EXIT,6
2024-07-16 04:00:00,2024-07-16 20:00:00,NEARUSDT,6.0380175,6.223886500000001,0.18640352556585174,3.0,0.034646636893399516,0.000901127101223627,0.0009281235090573678,0.000580367376849195,0.00023000331019570446,0.0001399366097471774,0.03244744636317564,9.234935142205261,SIGNAL_EXIT,4
2024-07-16 20:00:00,2024-07-17 00:00:00,SOLUSDT,162.010965,160.53969,0.00754746578200164,3.0,-0.0111043977184144,0.0009790009724952487,0.0009693342535425208,0.0006061369769525308,0.0,0.0,-0.013052732944452168,-2.7243989318870945,SIGNAL_EXIT,1
2024-07-17 00:00:00,2024-07-17 12:00:00,NEARUSDT,6.247121999999999,6.1159405,0.18947050215639716,3.0,-0.0248550246786293,0.0009476744134285635,0.0009270322541549174,0.0005796850013474957,0.000237861268407141,0.00014471748020816245,-0.027112310094828087,-6.299612845723171,SIGNAL_EXIT,3
2024-07-17 12:00:00,2024-07-17 16:00:00,SOLUSDT,160.92042,158.01095500000002,0.006850426326453902,3.0,-0.019931075631896087,0.000882604869200976,0.0008659539248000984,0.0005414919489744075,0.0,0.0,-0.02167963442589716,-5.424044381688756,SIGNAL_EXIT,1
2024-07-17 16:00:00,2024-07-18 12:00:00,NEARUSDT,6.090043499999999,6.078959,0.17034141208957695,3.0,-0.0018881493823067546,0.0008305737465788227,0.0008283987680757142,0.0005180082341643401,0.0003147227929767024,0.0001914808992177062,-0.0040533255891557,-0.5460305825401274,SIGNAL_EXIT,5
2024-07-18 12:00:00,2024-07-18 16:00:00,SOLUSDT,159.51971999999998,156.291815,0.006427019560283184,3.0,-0.020745808573735664,0.0008208457651648491,0.0008035924416937288,0.0005024965243206805,0.0,0.0,-0.022370246780594242,-6.070544130844698,SIGNAL_EXIT,1
2024-07-18 16:00:00,2024-07-19 00:00:00,NEARUSDT,5.9299634999999995,6.0339815,0.16158266554952444,3.0,0.01680750570513057,0.000767157172891423,0.0007799894517172143,0.0004877372759611734,9.772519612435239e-05,5.945711225148826e-05,0.01510317677214609,5.2623258136412225,SIGNAL_EXIT,2
2024-07-19 00:00:00,2024-07-21 16:00:00,SOLUSDT,159.29961,175.31230000000002,0.006299152845594365,3.0,0.10086638177912056,0.0008034047971445737,0.0008834551787301546,0.0005524357045585244,0.0005338371464936037,0.0005177597999142795,0.09812792485683794,30.15579887483721,SIGNAL_EXIT,16
2024-07-21 16:00:00,2024-07-21 16:00:00,AVAXUSDT,30.985484999999997,29.908768736785714,0.04187770045182221,3.0,-0.04509040114249312,0.001038911816800985,0.0010020083664335497,0.0018815880691665614,0.0,0.0,-0.04713132132572765,-10.42471592632115,STOP_LOSS,1
2024-07-21 20:00:00,2024-07-23 04:00:00,AVAXUSDT,31.743864,30.488954721857144,0.03642656767866788,3.0,-0.04571203775085893,0.0009257966456192385,0.000888486378102056,0.0016684145808124773,0.0004692324742095282,0.0002854863330805556,-0.04828103958187031,-11.85970250637592,STOP_LOSS,9
2024-07-23 08:00:00,2024-07-23 12:00:00,SOLUSDT,176.14803,175.53219,0.005742855972489811,3.0,-0.003536680422098076,0.0008099221506227498,0.0008064448685645731,0.0005042801829442751,0.00010085603658886606,6.136195092485577e-05,-0.005315265428799121,-1.0488451105584173,SIGNAL_EXIT,1
2024-07-23 12:00:00,2024-07-23 16:00:00,AVAXUSDT,30.589287,30.262861,0.03254929500247738,3.0,-0.010624936170478612,0.0007971655135936319,0.0007880278322463741,0.0004927637770424332,0.0,0.0,-0.012210129516318618,-3.201375697315186,SIGNAL_EXIT,1
2024-07-23 16:00:00,2024-07-25 00:00:00,SOLUSDT,176.56823999999997,168.70444603285713,0.005431659975997549,3.0,-0.04271345495082075,0.0007678612027544672,0.0007330761498316069,0.00137658265491656,0.00030211955219189675,0.00023185327082273147,-0.044748365126421455,-13.361056270045236,STOP_LOSS,9
2024-07-25 04:00:00,2024-07-27 20:00:00,SOLUSDT,170.615265,178.64512975,0.00483497735643624,3.0,0.038824214241495555,0.0006604651264510556,0.0006909961257430912,0.0012975640818911512,0.0004385028508488705,0.00041867101817920013,0.03661557912027334,14.119249089464535,STOP_LOSS,17
2024-07-28 00:00:00,2024-07-29 16:00:00,SOLUSDT,184.01196,184.10341394412,0.0050794513732058495,3.0,0.00046453586204552185,0.0007483425163397116,0.0007481154710162763,0.0014048237437711442,0.0004657388075868017,0.00028970603971697264,-0.0017873669726142403,0.14910000000003107,STOP_LOSS,11
2024-07-29 20:00:00,2024-07-30 00:00:00,SOLUSDT,186.943425,179.64819075535712,0.004971140288411809,3.0,-0.03626563286694566,0.0007440528356054374,0.0007144450870433967,0.0013415969336067564,0.0,0.0,-0.03772413078959449,-11.70712622491463,STOP_LOSS,2
2024-07-30 04:00:00,2024-07-30 20:00:00,SOLUSDT,182.67129,175.46056092214286,0.004468354809430114,3.0,-0.03222009595454051,0.0006535149217104108,0.0006272160330094101,0.001177796757028132,0.0001424770079065723,9.759493151036986e-05,-0.03374089884867727,-11.84213853943409,STOP_LOSS,5
2024-07-31 00:00:00,2024-07-31 20:00:00,SOLUSDT,179.24957999999998,172.29753116571428,0.003989400805444052,3.0,-0.027734509218985775,0.0005725367644735852,0.0005498911276868178,0.0010325947565476047,0.00014203067500228472,0.00013087928829943216,-0.029129847074447893,-11.635255437059946,STOP_LOSS,6
2024-08-01 00:00:00,2024-08-01 04:00:00,SOLUSDT,171.78584999999998,168.545685,0.0036544266552637665,3.0,-0.011840945343452687,0.0005026251314949104,0.0004927502751149523,0.00030812298343857794,5.7252017454748645e-05,3.7490876727390755e-05,-0.012931063644244688,-5.658495737570919,SIGNAL_EXIT,1
2024-08-01 12:00:00,2024-08-01 12:00:00,SOLUSDT,169.774845,162.8971851695329,0.0034693987372343372,3.0,-0.023861344330949916,0.00047159057874872324,0.0004521242308209644,0.0008490064424529605,0.0,0.0,-0.024785059140519605,-12.15314288250496,STOP_LOSS,1
2024-08-02 00:00:00,2024-08-02 00:00:00,BTCUSDT,65386.697009999996,64078.08045194415,7.871951988931545e-06,3.0,-0.010301366716936457,0.0004121064368114762,0.0004035356582884779,0.0007577660083033276,0.0,0.0,-0.011117008812036411,-6.0040495294740595,STOP_LOSS,1
2024-08-21 20:00:00,2024-08-22 04:00:00,BNBUSDT,572.0858999999999,569.715,0.0008414760684760337,3.0,-0.0019950556107497376,0.00038542561566258873,0.0003835212306814589,0.00023982067951564283,4.7964135903133924e-05,2.918192160811251e-05,-0.0028411485146050317,-1.2432923097737032,SIGNAL_EXIT,2
2024-08-22 08:00:00,2024-08-22 16:00:00,BNBUSDT,576.8883,579.5101,0.0008197080217698874,3.0,0.002149110491476297,0.00037860685922753664,0.00038002326213333566,0.0002376333555110811,4.781356890983753e-05,2.909031495008747e-05,0.0013135764862554995,1.3634181868483073,SIGNAL_EXIT,2
2024-08-23 08:00:00,2024-08-23 12:00:00,AVAXUSDT,25.7638755,26.052967,0.01850721348387174,3.0,0.005350278106872667,0.0003817594427945499,0.00038573425772581236,0.00024120451333530172,4.8240902667060075e-05,2.9350309630883e-05,0.004505193194054362,3.3662423962574786,SIGNAL_EXIT,1
2024-08-23 16:00:00,2024-08-24 20:00:00,AVAXUSDT,26.118052499999997,27.432277000000003,0.01877331057393694,3.0,0.02467234470237709,0.00039257190646028035,0.00041199572469701384,0.0002576261410061145,0.00020244950389827857,0.00012317256302275673,0.02354215500429876,15.095587620861151,SIGNAL_EXIT,7
2024-08-24 20:00:00,2024-08-24 20:00:00,NEARUSDT,5.2446209999999995,5.008026247071428,0.10694619783007696,3.0,-0.025302909252257158,0.00044907307847059734,0.00042847149260601505,0.0008045909350388378,0.0,0.0,-0.02618045382333377,-13.53356627267659,STOP_LOSS,1
2024-08-25 00:00:00,2024-08-25 04:00:00,NEARUSDT,5.040519,4.792355382214286,0.09570715766153262,3.0,-0.023751034493273655,0.00038623998929459625,0.00036693016970854167,0.0006890276096178962,4.7547315926249405e-05,2.892832362993347e-05,-0.024580680291832975,-14.770122944822589,STOP_LOSS,2
2024-08-25 08:00:00,2024-08-26 08:00:00,NEARUSDT,4.829413499999999,4.861568,0.08463361014461741,3.0,0.0027213514173951643,0.00032724635659419715,0.00032916164064283795,0.00020582893987168988,0.0001249192085734553,7.600225633794526e-05,0.001864021955246729,1.9974164564703825,SIGNAL_EXIT,6
2024-08-26 08:00:00,2024-08-26 16:00:00,LINKUSDT,12.3711825,11.976797458392857,0.03349059732965702,3.0,-0.013208190621304836,0.0003317200092867892,0.0003208880807823159,0.000602569004974286,4.131065180613194e-05,2.513386679207966e-05,-0.013927243229972153,-9.563799780832813,STOP_LOSS,3
2024-08-26 20:00:00,2024-08-27 20:00:00,NEARUSDT,4.7803889999999996,4.518237894444793,0.07793716940044736,3.0,-0.020431315122170692,0.000298294625534856,0.00028171093773669153,0.0005290015105220382,0.00011293095846124823,6.870846966993579e-05,-0.021192960113573425,-16.45165940816992,STOP_LOSS,7
2024-09-13 16:00:00,2024-09-14 16:00:00,BNBUSDT,553.97685,550.7245,0.0005578608024082368,3.0,-0.001814358580712417,0.0002474315212622798,0.0002457820891807001,0.00015369065106344998,9.271646536024896e-05,5.640974392592529e-05,-0.002456698400441571,-1.7612739593721176,SIGNAL_EXIT,6
2024-09-14 16:00:00,2024-09-15 04:00:00,AVAXUSDT,25.4697285,25.04747,0.01184456170906666,3.0,-0.005001466860427901,0.00024153544510121998,0.0002373410432567967,0.00014841235821458338,5.9591174414485275e-05,3.6255943061516626e-05,-0.00557619046626192,-4.973651368132936,SIGNAL_EXIT,3
2024-09-15 04:00:00,2024-09-16 00:00:00,BNBUSDT,553.0763999999999,543.7096104,0.0005152318601729473,3.0,-0.004826068429456589,0.00022815258798219139,0.00022410921116824034,0.00042083602497791384,5.726286893962137e-05,3.483937573328549e-05,-0.005370432473279928,-5.080739080532065,STOP_LOSS,6
2024-09-16 08:00:00,2024-09-16 12:00:00,BNBUSDT,550.7752499999999,547.1263,0.0004881558748470511,3.0,-0.001781256379523098,0.00021526355004631965,0.00021366633410266412,0.00013360826294561958,2.6726534147876047e-05,1.6260725012016758e-05,-0.0022531735228319746,-1.9875348429327027,SIGNAL_EXIT,1
2024-09-17 12:00:00,2024-09-17 16:00:00,BNBUSDT,543.2715,549.8249500000001,0.0004824660617312193,3.0,0.003161817212252513,0.00020985593359152289,0.0002122175026144517,0.00013270229027915483,0.0,0.0,0.0027397437760465384,3.618881167151293,SIGNAL_EXIT,1
2024-09-17 16:00:00,2024-09-17 16:00:00,BTCUSDT,61166.05774499999,59728.71936016821,4.419488961114005e-06,3.0,-0.006352301125149498,0.00021643131865403464,0.00021117633269899182,0.0003965504494848223,0.0,0.0,-0.006779908776502525,-7.049686236886556,STOP_LOSS,1
2024-09-17 20:00:00,2024-09-19 04:00:00,BTCUSDT,59997.96399,62086.921010000005,4.166795768138286e-06,3.0,0.008704257270758802,0.00020015953759042855,0.00020696281577696328,0.00012941646809463985,2.0862425666237275e-05,6.148489991538469e-05,0.00821478759180979,10.44513954014263,SIGNAL_EXIT,8
2024-09-19 04:00:00,2024-09-19 12:00:00,NEARUSDT,4.5332655,4.4727625,0.06057971008661512,3.0,-0.0036652541993704595,0.0002198750278107721,0.00021676692442902708,0.00013554710131878135,2.7109420263760266e-05,1.6493677246184662e-05,-0.004145499249120204,-4.0039349118201715,SIGNAL_EXIT,2
2024-09-19 12:00:00,2024-09-19 16:00:00,AVAXUSDT,26.247117,26.362812,0.009989568042329816,3.0,0.0011557430746573713,0.00020992582961288362,0.00021068248340891922,0.00013174242334224094,0.0,0.0,0.0007351347616355684,1.3223738058545895,SIGNAL_EXIT,1
2024-09-19 16:00:00,2024-09-20 00:00:00,SOLUSDT,143.03148,142.80856,0.0018485511102029457,3.0,-0.0004120790134864181,0.00021169015304080895,0.0002111911377075872,0.00013206049131289014,2.3191993212968788e-05,1.6087413540401816e-05,-0.0008742397109881848,-0.4675614067616188,SIGNAL_EXIT,2
2024-09-20 00:00:00,2024-09-20 08:00:00,AVAXUSDT,26.664325499999997,28.179903,0.009817626183355445,3.0,0.014879373346904413,0.00020959197773443738,0.00022132780282977334,0.0001383990763067576,2.7328344243988217e-05,1.6626873066537814e-05,0.014404498349029677,17.051743911542065,SIGNAL_EXIT,2
2024-09-20 08:00:00,2024-09-20 12:00:00,SOLUSDT,151.125525,145.71555189107144,0.0020179205626671176,3.0,-0.010916895979983111,0.0002441627737721086,0.0002352339267691044,0.00044172620199504713,3.0385847832641463e-05,1.8487092756949705e-05,-0.011445165621113914,-10.739363404551087,STOP_LOSS,2
2024-09-20 16:00:00,2024-09-21 00:00:00,SOLUSDT,147.95394,146.596665,0.001829294143674123,3.0,-0.0024828552088552716,0.00021669437628143515,0.0002145347366133258,0.00013415128602631607,2.683025720526836e-05,1.6323831290755714e-05,-0.0029572384102460564,-2.7520896030210222,SIGNAL_EXIT,2
2024-09-21 00:00:00,2024-09-21 04:00:00,AVAXUSDT,27.667827,27.150418000000002,0.009461771541254719,3.0,-0.004895605751389036,0.0002095970040968446,0.0002055128418924559,0.00012850978107331723,2.5702902391818444e-05,1.5637935898893265e-05,-0.005352056435669048,-5.610223744712554,SIGNAL_EXIT,1
2024-09-21 04:00:00,2024-09-22 12:00:00,SOLUSDT,146.03298,144.78757000000002,0.0016827933919132333,3.0,-0.0020957677182226473,0.00019675206865123893,0.0001949180528217398,0.00012188472537627062,7.82928848978213e-05,6.015516053957686e-05,-0.0026258858851330243,-2.558483706899618,SIGNAL_EXIT,8
2024-09-22 12:00:00,2024-09-22 20:00:00,ETHUSDT,2581.880295,2577.09081,9.21312962017562e-05,3.0,-0.0004412614611888486,0.0001904499425269197,0.00018994457340394707,0.0001187747457503386,2.3754857018772213e-05,1.445272310823467e-05,-0.0008598635572467223,-0.5565112769877412,SIGNAL_EXIT,2
2024-09-22 20:00:00,2024-09-22 20:00:00,NEARUSDT,4.589293499999999,4.39444193475,0.05127029927742036,3.0,-0.00999009806504128,0.00018838626998952756,0.00018024348252150294,0.0003384642260668954,0.0,0.0,-0.010358727817552312,-12.737356975534444,STOP_LOSS,1
2024-09-23 00:00:00,2024-09-23 08:00:00,ETHUSDT,2582.2804949999995,2645.146765,7.909409109757657e-05,3.0,0.00497235048634488,0.000163525323227402,0.000167372383357896,0.00010466006963348912,5.394420347944115e-06,1.2880793647078509e-05,0.004623177565764559,7.303575671395116,SIGNAL_EXIT,2
2024-09-23 08:00:00,2024-09-24 12:00:00,NEARUSDT,4.8454215,5.081516275,0.04501188715618671,3.0,0.01062707137046532,0.0001746209493852369,0.00018298290972210103,0.000343608368281353,9.20898199328424e-05,5.6028485775552446e-05,0.010121349205649586,14.617599831098326,STOP_LOSS,8
2024-09-24 16:00:00,2024-09-25 12:00:00,NEARUSDT,5.236617,5.231383,0.047443095830956544,3.0,-0.00024831716357921415,0.00019891218747879598,0.00019855440399794955,0.00012415858178960708,7.551517563413354e-05,4.5944285122295856e-05,-0.0007672432158123889,-0.29985007496250377,SIGNAL_EXIT,5
2024-09-25 12:00:00,2024-09-25 20:00:00,LINKUSDT,12.3191565,12.128932500000001,0.019980380466576343,3.0,-0.003800747893873995,0.00019707080376084627,0.0001938725488027384,0.00012123095848092319,2.4244193658143734e-05,1.4750441042295983e-05,-0.00423068588113802,-4.632395083218534,SIGNAL_EXIT,2
2024-09-25 20:00:00,2024-09-26 20:00:00,NEARUSDT,5.186592,5.5700324,0.045012125476613096,3.0,0.017259467397602698,0.00018691715764611506,0.00020057519783808032,0.00037664346113809415,7.393241609533702e-05,4.498131635582143e-05,0.01675306130966734,22.178748588668604,STOP_LOSS,7
2024-09-27 00:00:00,2024-09-27 04:00:00,NEARUSDT,5.546771999999999,5.5162405,0.05114299028008662,3.0,-0.0015614722077363931,0.00022712450478931667,0.00022569362741929613,0.000141129081677889,2.8225816335579807e-05,1.717290521595851e-05,-0.002059689061496544,-1.6513117899923744,SIGNAL_EXIT,1
2024-09-27 04:00:00,2024-09-27 08:00:00,LINKUSDT,12.630312,12.735629000000001,0.021971300673420773,3.0,0.002313951473022682,0.00022218125104172498,0.00022385466721930972,0.00013997915659035677,0.0,0.0,0.0018679155547616476,2.5015296534242677,SIGNAL_EXIT,1
2024-09-27 08:00:00,2024-09-27 12:00:00,NEARUSDT,5.6378175,5.523237,0.05021511359991133,3.0,-0.005753672823834628,0.00022666424837315297,0.00022187997871538678,0.0001387443588765474,2.7748871775310997e-05,1.6882726762680654e-05,-0.0062468486494611595,-6.097066817079469,SIGNAL_EXIT,1
2024-09-27 12:00:00,2024-09-27 16:00:00,LINKUSDT,12.7293615,12.701646,0.020769155837584097,3.0,-0.0005756275386165483,0.00021167181161444617,0.00021104197213426136,0.00013196721619200875,0.0,0.0,-0.0009983413223652558,-0.6531867289651411,SIGNAL_EXIT,1
2024-09-27 16:00:00,2024-09-28 04:00:00,AVAXUSDT,30.157071,30.168908000000002,0.008667468560143695,3.0,0.00010259682534645063,0.00020927579244076956,0.0002091904492670941,0.00013080943550968185,5.2341109140995746e-05,3.1844921524676095e-05,-0.0004000554470270848,0.1177534781146693,SIGNAL_EXIT,3
2024-09-28 04:00:00,2024-09-28 08:00:00,LINKUSDT,12.760376999999998,12.373217863071428,0.020390170176830417,3.0,-0.007894240687488337,0.00020831565936790453,0.00020183361429041953,0.00037900653659941755,0.0,0.0,-0.008304389961146661,-9.102218616156177,STOP_LOSS,2
2024-09-28 12:00:00,2024-09-29 08:00:00,LINKUSDT,12.6973455,12.523735,0.01853088263235646,3.0,-0.003217155799244732,0.00018838512346115252,0.0001856606907229878,0.00011609597969169611,4.7540979393310506e-05,2.8924468411779148e-05,-0.0036676670612339614,-4.101892793261407,SIGNAL_EXIT,5
2024-09-29 08:00:00,2024-09-29 12:00:00,NEARUSDT,5.378688,5.409294,0.04170140012215331,3.0,0.0012763130521386112,0.00017958272251419102,0.00018046010677789053,0.00011284398873054164,2.257296788612159e-05,1.3733648421094583e-05,0.0008799636065393134,1.7070705718569112,SIGNAL_EXIT,1
2024-09-29 12:00:00,2024-09-29 16:00:00,LINKUSDT,12.608300999999999,12.583705,0.01799898331481671,3.0,-0.00044270299361121295,0.0001816946351698854,0.0001811951170668605,0.00011330359996676611,0.0,0.0,-0.0008055927458479589,-0.5852334902220121,SIGNAL_EXIT,1
2024-09-29 16:00:00,2024-09-30 04:00:00,NEARUSDT,5.466732,5.339329,0.04107056181137707,3.0,-0.005232512786454879,0.00017976121257985028,0.00017543139338062252,0.00010969947059816449,4.4857267610386034e-05,2.729166787459793e-05,-0.005659854327900335,-6.99154449129755,SIGNAL_EXIT,3
2024-09-30 04:00:00,2024-09-30 12:00:00,SOLUSDT,156.268095,155.5222,0.0013282031445953119,3.0,-0.0009907000845379072,0.00016617756219288946,0.00016525206007550483,0.00010333420464951037,2.0666840929903052e-05,1.2573939268326443e-05,-0.001355370487004531,-1.4319525684369359,SIGNAL_EXIT,2
2024-09-30 12:00:00,2024-10-01 12:00:00,NEARUSDT,5.3256615,5.071721061321429,0.038209885590188966,3.0,-0.00970303510863059,0.00016292467302407858,0.00015503190519875485,0.00029112150450441674,6.196115047305043e-05,3.769786324316704e-05,-0.01012065070056964,-14.304726577829113,STOP_LOSS,7
2024-10-01 16:00:00,2024-10-01 16:00:00,NEARUSDT,5.004500999999999,4.687708873499999,0.03459990397984666,3.0,-0.010960977158471445,0.00013863511134271146,0.0001297554215268601,0.00024365690071393445,0.0,0.0,-0.011229367691341016,-18.990432402751058,STOP_LOSS,1
2024-10-01 20:00:00,2024-10-02 00:00:00,NEARUSDT,4.8574275,4.8325825,0.02871769089203756,3.0,-0.0007134910302126733,0.00011168462888349302,0.00011102448835621609,6.942501773149969e-05,0.0,0.0,-0.0009362001474523824,-1.5344541941181833,SIGNAL_EXIT,1
2024-10-02 04:00:00,2024-10-02 08:00:00,NEARUSDT,4.928463,4.953522,0.02773435610929401,3.0,0.0006949952297428155,0.00010943774852960729,0.00010990619451457784,6.872573443883e-05,0.0,0.0,0.00047565128669863033,1.525363992790487,SIGNAL_EXIT,1
2024-10-02 16:00:00,2024-10-02 16:00:00,SOLUSDT,147.53373,144.46638610758615,0.000936149043411885,3.0,-0.002871491050698509,0.000110579311617684,0.00010819365532783106,0.00020316785552295768,0.0,0.0,-0.003090264017644024,-6.237239224712569,STOP_LOSS,1
2024-10-04 16:00:00,2024-10-05 16:00:00,NEARUSDT,4.7693835,4.658253031274624,0.027016109061306894,3.0,-0.0030023128631189136,0.00010316267797533834,0.00010067829754246295,0.0001890553909785765,3.875190683753861e-05,2.357709747511665e-05,-0.00326848284294937,-6.990241111374836,STOP_LOSS,7
2024-10-05 20:00:00,2024-10-07 08:00:00,NEARUSDT,4.724361,5.015116025,0.025199721321290336,3.0,0.007326945602764809,9.531831915225983e-05,0.00010110362097914987,0.00018985407044155362,4.923773548966919e-05,2.9956793970442885e-05,0.007051329133173288,18.463133426933304,STOP_LOSS,10
2024-10-07 12:00:00,2024-10-08 12:00:00,NEARUSDT,5.1115545,4.90318866825,0.02742602956317355,3.0,-0.005714647461530725,0.00011224150907187574,0.00010757999789539366,0.0002020155193328516,4.2164777850423014e-05,2.5653526717117967e-05,-0.006002287273065536,-12.229107510249529,STOP_LOSS,7
2024-10-08 16:00:00,2024-10-08 20:00:00,NEARUSDT,4.944471,4.9105435,0.02471390539069428,3.0,-0.0008384810251427775,9.783601961651846e-05,9.708696598071101e-05,6.0709708592242565e-05,1.2141941718448101e-05,7.387294375814494e-06,-0.0010529332468342694,-2.0585114160847473,SIGNAL_EXIT,1
2024-10-08 20:00:00,2024-10-09 16:00:00,BNBUSDT,585.8928,571.0955840142857,0.00020317866305972896,3.0,-0.0030064785609834757,9.530897982411621e-05,9.282754979147015e-05,0.00017431312554733048,2.3564661341667363e-05,1.4337005911730085e-05,-0.0032325167578524596,-7.5767525999880565,STOP_LOSS,6
2024-10-11 16:00:00,2024-10-14 16:00:00,AVAXUSDT,26.77338,29.527229000000002,0.004084322695415469,3.0,0.011247607970447203,8.75509396052703e-05,9.647898522994385e-05,6.032953053398044e-05,0.00010560996566443595,6.425429502741558e-05,0.010893713784920139,30.85731797778244,SIGNAL_EXIT,18
2024-10-14 16:00:00,2024-10-20 00:00:00,BTCUSDT,65902.935,68343.80100500002,2.1547768700841505e-06,3.0,0.005259521610548743,0.00011369585268907864,0.00011781251329536635,7.366965563740009e-05,0.00022705283758181298,0.00014110578210901138,0.004659854624873474,11.111186497232719,SIGNAL_EXIT,32
2024-10-20 00:00:00,2024-10-20 08:00:00,SOLUSDT,159.86989499999999,158.70061,0.0009756339693109822,3.0,-0.0011407941658057661,0.000124879503788775,0.00012386696485309934,7.745558082358855e-05,1.551550701395255e-05,9.439809575756362e-06,-0.0014144959510373496,-2.194193597237254,SIGNAL_EXIT,2
2024-10-20 08:00:00,2024-10-20 12:00:00,BTCUSDT,68412.19900499999,68385.799995,2.217943720216634e-06,3.0,-5.8551518449422196e-05,0.00012148471350628534,0.00012134068452072076,7.587586575833147e-05,1.5175173151665928e-05,9.23274661292322e-06,-0.00032578483624101743,-0.11576448521146493,SIGNAL_EXIT,1
2024-10-20 12:00:00,2024-10-20 16:00:00,SOLUSDT,159.26959499999998,159.93999000000002,0.0009465575306086156,3.0,0.0006345674357324025,0.0001207028298993069,0.00012111392158397336,7.573406802398327e-05,0.0,0.0,0.0003927506842491222,1.2627551416829592,SIGNAL_EXIT,1
2024-10-20 16:00:00,2024-10-20 20:00:00,LINKUSDT,11.8949445,11.826084000000002,0.012773085573904065,3.0,-0.0008795610591617924,0.0001216454315415048,0.00012084446634894218,7.556557425520552e-05,1.5114392159600682e-05,9.195766771374663e-06,-0.0011463611159832148,-1.7367168043532555,SIGNAL_EXIT,1
2024-10-20 20:00:00,2024-10-22 08:00:00,SOLUSDT,160.46018999999998,167.01645,0.0009254557900876737,3.0,0.00606752877832022,0.00011889416486314509,0.00012365307255391076,7.732183126182741e-05,6.202312159588581e-05,3.7735567173707994e-05,0.005725222852133571,12.257731964545242,SIGNAL_EXIT,9
2024-10-22 08:00:00,2024-10-22 20:00:00,LINKUSDT,12.116055,12.0029955,0.013672828320408236,3.0,-0.001545843133491175,0.00013263469970826566,0.00013129191744170612,8.209849764988475e-05,3.3077306272731604e-05,2.0124606447779512e-05,-0.0018629716633616579,-2.7994136705387658,SIGNAL_EXIT,3
2024-10-22 20:00:00,2024-10-25 16:00:00,SOLUSDT,168.55423499999998,168.638006454795,0.0009497020118036839,3.0,7.955791915055852e-05,0.00012816356771619766,0.00012812468319734515,0.00024059467300450708,0.00013093161755932669,7.966027382117372e-05,-0.00038732222314348465,0.14910000000004808,STOP_LOSS,18
2024-10-25 20:00:00,2024-10-25 20:00:00,SOLUSDT,168.03397499999997,161.10944778749996,0.000945732903012239,3.0,-0.006548753222664881,0.00012723399438065332,0.00012189320460701687,0.00022889309828559012,0.0,0.0,-0.0067978804216525515,-12.362727024400888,STOP_LOSS,1
2024-10-26 00:00:00,2024-10-29 12:00:00,SOLUSDT,164.99245499999998,180.699605,0.000839662229581894,3.0,0.013188700589377256,0.00011091908136868718,0.00012138130657509406,7.590126724305606e-05,0.00010931539375455897,9.81310929685214e-05,0.012748953714710395,28.55976050541223,SIGNAL_EXIT,21
2024-10-29 12:00:00,2024-10-30 16:00:00,BTCUSDT,71487.74601,72025.30933,2.472510411224618e-06,3.0,0.0013291309053924736,0.00014151657028399213,0.00014246666175207892,8.908620669838076e-05,5.3592689255114265e-05,3.26063969914757e-05,0.0009589485871098127,2.2558970593007834,SIGNAL_EXIT,7
2024-10-30 16:00:00,2024-10-31 08:00:00,LINKUSDT,12.22611,12.1909015,0.01469222349295291,3.0,-0.0005172911508516257,0.00014381804689305567,0.0001432891595348599,8.960052497175058e-05,3.623102313362188e-05,2.2043363378886228e-05,-0.0008626727437920494,-0.8639338268672423,SIGNAL_EXIT,4
2024-10-31 08:00:00,2024-10-31 12:00:00,BTCUSDT,72453.39859499999,70993.75120657177,2.4435402090972886e-06,3.0,-0.003566707084728196,0.00014174763230795476,0.00013878086853432584,0.00026060503605593804,1.7648713514226077e-05,1.073767648595396e-05,-0.0038756219755706565,-6.043805052903124,STOP_LOSS,2
2024-10-31 16:00:00,2024-11-01 00:00:00,BTCUSDT,70655.32000499999,69194.69061856391,2.3412989751791993e-06,3.0,-0.0034197700855794115,0.00013244613956658516,0.00012960436658646836,0.00024337324722045777,1.6410649165918873e-05,9.984424163613277e-06,-0.0037082156650619976,-6.201780926047953,STOP_LOSS,3
2024-11-01 04:00:00,2024-11-03 00:00:00,BTCUSDT,69404.67499500001,67930.17915375752,2.223329783652062e-06,3.0,-0.003278290519705529,0.0001235464219704364,0.00012082495241709564,0.00022688711645672742,7.736920847535139e-05,4.707229962756187e-05,-0.0036471034021959745,-6.373471994568293,STOP_LOSS,12
2024-11-03 04:00:00,2024-11-04 20:00:00,BTCUSDT,68414.08995,66859.63876025357,2.095722152957652e-06,3.0,-0.0032576977940429624,0.00011479337380516608,0.00011209538087088761,0.0002104945810044187,7.182761375323137e-05,4.370073085602334e-05,-0.0036001148933282713,-6.816364249889838,STOP_LOSS,11
2024-11-05 00:00:00,2024-11-07 04:00:00,BTCUSDT,67883.93500499999,75010.485995,1.953116292811341e-06,3.0,0.013918982850119797,0.00010615309806117821,0.00011720336186282513,7.328874553703286e-05,9.873805981580933e-05,6.007334995258e-05,0.013536814980427404,31.494422013728713,SIGNAL_EXIT,13
2024-11-07 04:00:00,2024-11-07 12:00:00,ETHUSDT,2853.856215,2790.8838600000004,6.067690977337511e-05,3.0,-0.0038209679025519123,0.000138641454014204,0.00013547376652895112,8.471346081098974e-05,2.5219197283434682e-05,1.0308125127203582e-05,-0.004130610445505705,-6.61971209365915,SIGNAL_EXIT,2
2024-11-07 12:00:00,2024-11-07 20:00:00,BTCUSDT,74783.362995,76492.1348,2.14996025523809e-06,3.0,0.0036737914660214446,0.00012872798894499033,0.00013156403972665152,8.226865915872445e-05,1.645372968178706e-05,1.0010634835675447e-05,0.00338703507283234,6.854887517351599,SIGNAL_EXIT,2
2024-11-07 20:00:00,2024-11-08 20:00:00,SOLUSDT,197.088495,199.44023,0.0008672968684783714,3.0,0.0020396524009909994,0.00013685687311978796,0.00013837910954208493,8.653020856806817e-05,5.210372667070664e-05,3.1700495350646675e-05,0.0016806121963077732,3.5797142801258177,SIGNAL_EXIT,6
2024-11-08 20:00:00,2024-11-09 04:00:00,LINKUSDT,13.5237585,13.345324000000002,0.01301206596126863,3.0,-0.0023218014837659623,0.0001408903423909266,0.00013892018893000107,8.686855235741368e-05,1.7373710471485877e-05,1.0570361531058407e-05,-0.002629556087089434,-3.958245039646295,SIGNAL_EXIT,2
2024-11-09 04:00:00,2024-11-09 08:00:00,BNBUSDT,635.7176999999999,628.635525,0.0002644093130010507,3.0,-0.001872593026303188,0.00013457940778191196,0.00013297366983464388,8.315011870600961e-05,0.0,0.0,-0.002140146103919744,-3.342132050122197,SIGNAL_EXIT,1
2024-11-09 08:00:00,2024-11-10 08:00:00,ETHUSDT,3031.8851849999996,3184.297055,5.3324703441399687e-05,3.0,0.008127317768699181,0.00012944305713250457,0.00013584135690175792,8.494331972345362e-05,4.936166480633831e-05,3.003219396537428e-05,0.007782639495893206,15.080901224826599,SIGNAL_EXIT,6
2024-11-10 08:00:00,2024-11-10 16:00:00,LINKUSDT,14.5062495,14.5897015,0.012753373538169716,3.0,0.0010642945285073543,0.00014812139192264828,0.000148854330431916,9.308049676832157e-05,1.858931726923618e-05,1.1309950426183696e-05,0.0007374195384573702,1.7258492624161994,SIGNAL_EXIT,2
2024-11-10 16:00:00,2024-11-10 20:00:00,AVAXUSDT,32.372178,30.826083697285714,0.00578317922630561,3.0,-0.008941340453366704,0.00014989119881494596,0.0001426182134932006,0.0002678108665996404,1.8540294281613155e-05,1.128012428723897e-05,-0.009263670284243705,-14.327991487452133,STOP_LOSS,2
2024-11-11 00:00:00,2024-11-11 08:00:00,AVAXUSDT,31.9209525,31.332326000000002,0.004995005373847118,3.0,-0.0029401925306888036,0.0001276583901327611,0.00012520410939610382,7.829171422966513e-05,1.6119381841942037e-05,9.807213836454199e-06,-0.003218981625896065,-5.532038870080677,SIGNAL_EXIT,2
2024-11-11 08:00:00,2024-11-11 16:00:00,NEARUSDT,5.194596,5.2143915,0.028836912428614758,3.0,0.0005708410999806392,0.0001199328342306105,0.0001202935608432105,7.5221086070042e-05,1.553444472529477e-05,9.451331493068533e-06,0.0003056289286884549,1.1432361631202803,SIGNAL_EXIT,2
2024-11-11 16:00:00,2024-11-12 04:00:00,BTCUSDT,84101.559765,88003.426275,1.792026968962233e-06,3.0,0.006992250015210559,0.00012066634365946278,0.00012616361059670367,7.889170247416224e-05,3.1208090527587315e-05,1.8987354492409954e-05,0.006695224615934394,13.918409554719654,SIGNAL_EXIT,3
2024-11-12 04:00:00,2024-11-12 08:00:00,AVAXUSDT,36.0190005,33.66860030282143,0.004741438301137589,3.0,-0.011144277517903792,0.00013673488273770537,0.00012771007281719214,0.00023981611069826255,0.0,0.0,-0.01140872247345869,-19.576336082773025,STOP_LOSS,2
2024-11-12 12:00:00,2024-11-14 20:00:00,BTCUSDT,87199.127775,87242.46574150417,1.5663354157094288e-06,3.0,6.788179178031366e-05,0.0001093539488014045,0.00010932077107578764,0.00020528437232559006,0.00017123477826209464,5.952251356770657e-05,-0.00038155021992667976,0.14909999999998994,STOP_LOSS,15
2024-11-15 00:00:00,2024-11-15 16:00:00,NEARUSDT,5.4217094999999995,5.3523225000000005,0.024980930297667556,3.0,-0.001733351810564233,0.00010843822827358048,0.00010696479624251021,6.68864408720021e-05,2.744904621107711e-05,1.670030950556064e-05,-0.0019929041907969618,-3.8393978873268098,SIGNAL_EXIT,4
2024-11-15 16:00:00,2024-11-16 04:00:00,BTCUSDT,88489.62269999999,91206.41398,1.4630576282406165e-06,3.0,0.003974822206541596,0.00010365525821566776,0.0001067521917743285,6.675349660725317e-05,2.9169735337806892e-05,1.616761974128727e-05,0.003719077401472505,9.210541972397873,SIGNAL_EXIT,3
2024-11-16 04:00:00,2024-11-17 12:00:00,NEARUSDT,6.1360665,5.827085,0.02291593872557004,3.0,-0.007080601121334715,0.00011258104397920178,0.00010682649824695064,6.67999613850316e-05,5.462013995239619e-05,3.323150959154075e-05,-0.007387860313104804,-15.106493712217745,SIGNAL_EXIT,8
2024-11-17 12:00:00,2024-11-17 16:00:00,SOLUSDT,234.927405,233.84302000000002,0.0005042743900204407,3.0,-0.0005468275844223,9.485017922775024e-05,9.43368370168302e-05,5.899001814458303e-05,0.0,0.0,-0.0007360146006668804,-1.3847490461999983,SIGNAL_EXIT,1
2024-11-17 16:00:00,2024-11-17 20:00:00,AVAXUSDT,36.620301,35.270356,0.0031747853871681993,3.0,-0.004285785659480769,9.308374418614972e-05,8.958064866321618e-05,5.601591337118652e-05,1.1203182674239141e-05,6.816142778455632e-06,-0.00448646937778283,-11.058988837912596,SIGNAL_EXIT,1
2024-11-17 20:00:00,2024-11-18 16:00:00,SOLUSDT,235.5177,235.63475229690002,0.0004365402510370099,3.0,5.109803907319657e-05,8.231621767947091e-05,8.22912431365859e-05,0.00015452787269012408,4.282778606902764e-05,1.2926026884154958e-05,-0.00016926323469604286,0.14910000000003487,STOP_LOSS,6
2024-11-18 20:00:00,2024-11-20 16:00:00,SOLUSDT,236.408145,238.25081500000002,0.0004327497786057004,3.0,0.0007974150345433775,8.190998591620041e-05,8.248238995510216e-05,5.157728236311496e-05,7.975349607585118e-05,3.163638171584378e-05,0.0005216327808803801,2.3383331399178657,SIGNAL_EXIT,11
2024-11-20 16:00:00,2024-11-21 16:00:00,BTCUSDT,94787.34998999999,96623.664,1.0958130894497998e-06,3.0,0.0020122569284980684,8.316190459031334e-05,8.470518060943952e-05,5.29672214916408e-05,3.153455407296771e-05,1.9185978597896545e-05,0.0017936693106274512,5.811895817934818,SIGNAL_EXIT,6
2024-11-21 16:00:00,2024-11-22 16:00:00,SOLUSDT,248.99443499999998,256.25181000000003,0.000438748448168483,3.0,0.0031841620190267675,8.746671093581921e-05,8.994406718229197e-05,5.62431635707007e-05,8.744890466980811e-05,2.0705696785510515e-05,0.0028985966394533373,8.7440207248006,SIGNAL_EXIT,6
2024-11-22 16:00:00,2024-11-23 04:00:00,AVAXUSDT,39.5587695,42.98752185,0.002981254390262658,3.0,0.010221982996560916,9.442334287050724e-05,0.00010252539059345955,0.00019252389320252724,2.4909274806961585e-05,1.5155083919362131e-05,0.009984969904370625,26.002469692592463,STOP_LOSS,4
2024-11-23 08:00:00,2024-11-23 16:00:00,AVAXUSDT,42.994486499999994,43.17540150000001,0.0034391782078989335,3.0,0.0006221989254820804,0.0001183872706409967,0.00011879031996486956,7.428109052329164e-05,1.4561824450064876e-05,8.859578340597686e-06,0.00036159993208555164,1.262359535332604,SIGNAL_EXIT,2
2024-11-23 16:00:00,2024-11-24 08:00:00,LINKUSDT,17.946969,16.965660850071426,0.008299431117701522,3.0,-0.008144299395571309,0.00011925511047800204,0.00011264426687316261,0.00021152528831966632,2.9592451593276544e-05,1.800438153062684e-05,-0.008423795606046378,-16.403463168547955,STOP_LOSS,5
2024-11-24 12:00:00,2024-11-25 04:00:00,LINKUSDT,16.722357,17.801095,0.007397190675832355,3.0,0.007979630675266053,9.903800102349072e-05,0.00010534247516288478,6.587198296827682e-05,2.5761456247653762e-05,1.5673560725624007e-05,0.007733815182106399,19.352618772580946,SIGNAL_EXIT,4
2024-11-25 04:00:00,2024-11-25 08:00:00,NEARUSDT,6.9964965,6.888554000000001,0.02099355694213841,3.0,-0.0022660970202267577,0.0001175991574605461,0.00011569220051839627,7.234379722259623e-05,0.0,0.0,-0.0024993883782057002,-4.628423668903394,SIGNAL_EXIT,1
2024-11-25 08:00:00,2024-11-25 12:00:00,AVAXUSDT,45.0335055,45.541218,0.0030952327498846985,3.0,0.0015714883575258466,0.00011160062535285243,0.00011276853553859084,7.051559250787139e-05,1.4102189931749676e-05,8.579931512206053e-06,0.0013244370751904478,3.3822317030150173,SIGNAL_EXIT,1
2024-11-25 12:00:00,2024-11-25 20:00:00,LINKUSDT,18.681335999999998,17.349415638857142,0.007673932616077541,3.0,-0.010221067101391942,0.00011477927433330948,0.00010651059723272928,0.00020000738088268673,1.3719456731023428e-05,8.347072313346065e-06,-0.010464423502002352,-21.38905420591209,STOP_LOSS,3
2024-11-26 00:00:00,2024-11-26 12:00:00,LINKUSDT,17.360675999999998,16.5467225,0.0064508523603977914,3.0,-0.005250693856729023,8.966465792850382e-05,8.53923711167778e-05,5.339693041318229e-05,2.2016759106037663e-05,1.3395244721902905e-05,-0.005461162889602245,-14.065468994410068,SIGNAL_EXIT,3
2024-11-26 12:00:00,2024-11-27 08:00:00,AVAXUSDT,40.028004,43.290344,0.0023888469651104655,3.0,0.007793231008158464,7.655786699345844e-05,8.273120550639045e-05,5.173286987643253e-05,2.0077303202967417e-05,1.2215257861718712e-05,0.007601649374593929,24.450432252380068,SIGNAL_EXIT,5
2024-11-27 08:00:00,2024-11-27 16:00:00,LINKUSDT,18.1640775,18.0659625,0.006518772012512737,3.0,-0.0006395893160076869,9.480182549248386e-05,9.421431257928372e-05,5.8913402063071045e-05,1.1817881781484343e-05,7.190132652815783e-06,-0.0008476134685137547,-1.6204786617982656,SIGNAL_EXIT,2
2024-11-27 16:00:00,2024-11-28 20:00:00,ETHUSDT,3554.566395,3573.2624750000004,3.259657044805193e-05,3.0,0.0006094280888224349,9.276755316805084e-05,9.318088159657435e-05,5.82671845901453e-05,7.424802944933103e-05,2.852644401624221e-05,0.00032070518059223655,1.5779207297660243,SIGNAL_EXIT,7
2024-11-28 20:00:00,2024-11-29 04:00:00,NEARUSDT,6.893444999999999,6.8235865,0.01694769737863127,3.0,-0.0011839407173250907,9.353724560147223e-05,9.251526323113099e-05,5.785096500195337e-05,1.1570193000391569e-05,7.039436002976085e-06,-0.0013886028551610614,-3.040214290532472,SIGNAL_EXIT,2
2024-11-29 04:00:00,2024-11-29 08:00:00,ETHUSDT,3585.61191,3542.72775,3.142156671317171e-05,3.0,-0.0013474874943783315,9.020459874908569e-05,8.905444507458376e-05,5.56868716074181e-05,0.0,0.0,-0.001526746538202001,-3.5880202104750425,SIGNAL_EXIT,1
2024-11-29 08:00:00,2024-11-29 16:00:00,NEARUSDT,6.8344155,6.9115425,0.01581539319853961,3.0,0.0012197938312237635,8.654040705740087e-05,8.744700979673397e-05,5.468172198394547e-05,1.0971138261826927e-05,6.674964339083992e-06,0.0010281603117687178,3.3855272627190987,SIGNAL_EXIT,2
2024-11-29 16:00:00,2024-11-29 20:00:00,ETHUSDT,3615.756975,3580.9886100000003,3.074625383672297e-05,3.0,-0.0010689969757778177,8.900799180564579e-05,8.808158783157901e-05,5.5078531660563004e-05,1.101573707836727e-05,6.702098762410689e-06,-0.0012638043912558204,-2.8847374345450403,SIGNAL_EXIT,1
2024-11-29 20:00:00,2024-11-30 04:00:00,NEARUSDT,6.9564765,6.906545,0.0154363493820504,3.0,-0.000770760079169843,8.597486126663181e-05,8.528947331428263e-05,5.333258711498049e-05,1.0668061057935031e-05,6.490568747697943e-06,-0.0009591830435563904,-2.15330994074369,SIGNAL_EXIT,2
2024-11-30 04:00:00,2024-11-30 16:00:00,ETHUSDT,3658.94856,3672.163,2.8562127320712728e-05,3.0,0.0003774325177519247,8.367282196209648e-05,8.390782971872834e-05,5.246862788814897e-05,2.5817961129280646e-05,6.349207329556005e-06,0.0001776846976122632,1.0834620752361872,SIGNAL_EXIT,3
2024-11-30 16:00:00,2024-12-01 00:00:00,NEARUSDT,7.1385675,7.007494500000001,0.014714434272733433,3.0,-0.001928665043429973,8.40992652363659e-05,8.248905378943283e-05,5.1581449343056354e-05,1.0492863079886211e-05,6.3839763205635165e-06,-0.0021121302018562212,-5.508374054038105,SIGNAL_EXIT,2
2024-12-01 00:00:00,2024-12-02 04:00:00,ETHUSDT,3705.4417949999997,3683.1575000000003,2.663883721512803e-05,3.0,-0.0005936277069588775,7.903015275191098e-05,7.849202646414234e-05,4.9082057568866614e-05,5.4893750023347016e-05,2.397457262043883e-05,-0.0008300182088187166,-1.8041812204473835,SIGNAL_EXIT,7
2024-12-02 04:00:00,2024-12-02 12:00:00,AVAXUSDT,47.1445605,46.220878,0.0020409692482843667,3.0,-0.0018852075776784208,7.703810905074607e-05,7.546831250136274e-05,4.7191290958832666e-05,9.438666385615883e-06,5.742591154074611e-06,-0.0020528952567702204,-5.877767171039795,SIGNAL_EXIT,2
2024-12-02 12:00:00,2024-12-03 00:00:00,LINKUSDT,19.790890499999996,25.242,0.004550924041679045,3.0,0.02480758527737506,7.211116043449753e-05,9.189953972804998e-05,0.001502260026158244,1.0853498747000355e-05,6.603391130580488e-06,0.02462611768733493,82.63058451058592,STOP_LOSS,4
2024-12-03 04:00:00,2024-12-03 12:00:00,LINKUSDT,24.243115500000002,24.255164328403506,0.0067601084424253385,3.0,8.145138661186212e-05,0.00013121384288410136,0.00013117403291908357,0.00024632079291263536,1.6637302887653e-05,1.0122322845936878e-05,-0.0002076961149249127,0.14910000000005044,STOP_LOSS,3
2024-12-03 16:00:00,2024-12-04 00:00:00,LINKUSDT,24.008998499999997,24.1149365,0.006800096217597069,3.0,0.000720388593099811,0.00013071537220828158,0.0001311871107849948,8.203296072098228e-05,1.6541234049304873e-05,1.0063873480450145e-05,0.00043188100257677967,1.3237286844763876,SIGNAL_EXIT,2
2024-12-04 00:00:00,2024-12-04 16:00:00,BNBUSDT,735.0073199999999,735.37261863804,0.00022388635038555514,3.0,8.17853788715964e-05,0.00013175188661446584,0.00013171191340827156,0.00024733083389134934,3.437573412454853e-05,2.0914584606919775e-05,-0.0002369687398826093,0.14910000000001256,STOP_LOSS,5
2024-12-04 20:00:00,2024-12-05 00:00:00,LINKUSDT,24.964476,24.077955000000003,0.006563236852509771,3.0,-0.005818447297723804,0.00013118316163874757,0.00012642345727125755,7.905418788846034e-05,0.0,0.0,-0.006076053916633809,-10.6533900411128,SIGNAL_EXIT,1
2024-12-05 00:00:00,2024-12-05 00:00:00,BNBUSDT,739.9097699999999,695.8925773092856,0.00019682695859833587,3.0,-0.008663770163350196,0.00011660063223882643,0.0001095763356023552,0.0002057642756679197,0.0,0.0,-0.008889947131191378,-17.846983973754384,STOP_LOSS,1
2024-12-05 04:00:00,2024-12-05 08:00:00,BTCUSDT,103015.48199999999,102184.98195000002,1.1550272040258467e-06,3.0,-0.000959250150694795,9.526475912396711e-05,9.442114719611212e-05,5.904273836674192e-05,0.0,0.0,-0.0011489360570148743,-2.4185686477688084,SIGNAL_EXIT,1
2024-12-05 08:00:00,2024-12-06 04:00:00,LINKUSDT,23.9509695,24.025981,0.004824090040335408,3.0,0.0003618622300606302,9.250731258713142e-05,9.272279652111022e-05,5.798073819478485e-05,3.4735377926431075e-05,2.1133395954935624e-05,0.00012076334707102193,0.9395632189336081,SIGNAL_EXIT,5
2024-12-06 04:00:00,2024-12-06 12:00:00,NEARUSDT,7.954975499999999,7.774111,0.014569954820163463,3.0,-0.002635187593571432,9.279714462010188e-05,9.061475682954865e-05,5.666255429560322e-05,1.133396785460516e-05,6.895713958235702e-06,-0.0028368291768339233,-6.820806676274432,SIGNAL_EXIT,2
2024-12-06 12:00:00,2024-12-06 16:00:00,LINKUSDT,23.3166525,23.778105,0.004606148094801768,3.0,0.002125518553716513,8.598875459570048e-05,8.762037843499712e-05,5.479013158766289e-05,0.0,0.0,0.0019519094206858153,5.937205179860188,SIGNAL_EXIT,1
2024-12-06 16:00:00,2024-12-07 00:00:00,ETHUSDT,3995.006505,3996.870565,2.8348138614477098e-05,3.0,5.284263126571171e-05,9.067333720534643e-05,9.064307264059473e-05,5.668026053062911e-05,3.0384041548233596e-05,7.015557416747697e-06,-0.00016587337754521075,0.1399792464167967,SIGNAL_EXIT,2
2024-12-07 00:00:00,2024-12-07 20:00:00,LINKUSDT,25.9059465,24.782602500000003,0.004352428355896903,3.0,-0.004889274279026633,9.02752410992379e-05,8.629160148313721e-05,5.3959230542226324e-05,3.3249941182038806e-05,2.0229639474964666e-05,-0.005119320702266011,-13.008719831950504,SIGNAL_EXIT,5
2024-12-07 20:00:00,2024-12-08 00:00:00,BNBUSDT,760.710165,749.3351450000001,0.00012804890072138782,3.0,-0.0014565588066837798,7.798887141379948e-05,7.676123327132141e-05,4.799977067990448e-05,0.0,0.0,-0.0016113089113689006,-4.485947680217933,SIGNAL_EXIT,1
2024-12-08 00:00:00,2024-12-08 16:00:00,LINKUSDT,24.820404,26.014669375000004,0.00372991675732257,3.0,0.004454510434902638,7.412173002651412e-05,7.762604099041503e-05,0.0001457674780741277,1.920310343339952e-05,1.168338485566934e-05,0.0042718761755966405,14.434882385476127,STOP_LOSS,5
2024-12-08 20:00:00,2024-12-09 04:00:00,LINKUSDT,25.964976,25.977880593072,0.004058675687860625,3.0,5.237555816306548e-05,8.437423284794606e-05,8.434863390819815e-05,0.00015839127549109675,1.0817182443286137e-05,6.581295881533888e-06,-0.00013374578691789876,0.14910000000001258,STOP_LOSS,3
2024-12-09 08:00:00,2024-12-09 08:00:00,LINKUSDT,26.241114,24.646018007571428,0.0040006876406321595,3.0,-0.006381480822530876,8.40532429593431e-05,7.888081570695092e-05,0.00014812371502306073,0.0,0.0,-0.00654441488119717,-18.23584157778407,STOP_LOSS,1
2024-12-09 12:00:00,2024-12-09 20:00:00,LINKUSDT,24.658323,23.06474533692857,0.0034619127346309365,3.0,-0.005516826805410387,6.83466472444699e-05,6.387850848234602e-05,0.00011995213160179412,8.202656033434542e-06,4.9905885061583635e-06,-0.0056622452056767966,-19.387908047170466,STOP_LOSS,3
2024-12-10 00:00:00,2024-12-10 12:00:00,LINKUSDT,22.254121499999997,22.2651817983855,0.0030732202203446295,3.0,3.3990732641368917e-05,5.47572587508456e-05,5.4740645529958014e-05,0.00010279289971824102,1.3771714451408354e-05,8.37886650021042e-06,-9.765775259105347e-05,0.14910000000002308,STOP_LOSS,4
2024-12-10 16:00:00,2024-12-11 00:00:00,LINKUSDT,21.341665499999998,21.3522723077535,0.003190897978446866,3.0,3.384524141841976e-05,5.452288014462707e-05,5.450633803364611e-05,0.00010235291318285618,6.8329889310461195e-06,4.157267582962122e-06,-8.617423327386166e-05,0.14910000000000911,STOP_LOSS,3
2024-12-11 04:00:00,2024-12-11 20:00:00,LINKUSDT,22.437212999999996,23.7771055,0.0030235823593143013,3.0,0.004051275326377552,5.4316061984769815e-05,5.751362939628404e-05,3.596400037286505e-05,1.4099871616190382e-05,8.578521022855202e-06,0.003916767242357452,17.91522636969224,SIGNAL_EXIT,4
2024-12-11 20:00:00,2024-12-12 04:00:00,BTCUSDT,101173.271355,100975.36706,7.865878194788179e-07,3.0,-0.00015566910786954293,6.37163033664277e-05,6.354079503743892e-05,3.973286333006477e-05,7.946571879425053e-06,4.834784016685711e-06,-0.00029570756216952033,-0.5868278024902073,SIGNAL_EXIT,2
2024-12-12 04:00:00,2024-12-12 16:00:00,LINKUSDT,27.0405135,27.053952635209498,0.002910272022619277,3.0,3.911153920840168e-05,6.300660521722086e-05,6.298748916441382e-05,0.00011827896062421233,8.106271691803734e-06,4.931947184913671e-06,-9.99207740499504e-05,0.14909999999998544,STOP_LOSS,4
2024-12-12 20:00:00,2024-12-13 04:00:00,LINKUSDT,26.968477499999995,29.355550524999998,0.0029069393110536814,3.0,0.006939076414728336,6.276679535950096e-05,6.826784305499603e-05,0.00012819449747432742,8.767910350000114e-06,5.334495611833668e-06,0.006793939370352005,26.554035447496098,STOP_LOSS,3
2024-12-13 08:00:00,2024-12-14 12:00:00,LINKUSDT,28.932458999999998,28.946838432123,0.0034135100670352244,3.0,4.90843363101116e-05,7.907224984834578e-05,7.904825951751519e-05,0.00014843814381105592,3.949567687962436e-05,2.402961556293215e-05,-0.0001725614654983059,0.1491000000000043,STOP_LOSS,8
2024-12-14 16:00:00,2024-12-15 20:00:00,LINKUSDT,30.375179999999997,28.031426837142856,0.00323435020999402,3.0,-0.007580518534461142,7.865810233114984e-05,7.253076102171601e-05,0.00013619947612991036,3.7598027451096485e-05,2.2875064233688633e-05,-0.007792180489498793,-23.148042212659885,STOP_LOSS,8
2024-12-16 00:00:00,2024-12-16 12:00:00,BTCUSDT,104516.221995,103706.121,7.165024543258657e-07,3.0,-0.0005804393511693263,5.995686915635271e-05,5.944455218009216e-05,3.717143082797217e-05,1.4927631478991354e-05,9.082139465505424e-06,-0.000723850543450268,-2.3252878248089246,SIGNAL_EXIT,3
2024-12-16 12:00:00,2024-12-16 16:00:00,LINKUSDT,29.8439145,30.271856500000002,0.0024365541989217936,3.0,0.001042703876994994,5.821962785207207e-05,5.9007215251386396e-05,3.689795851136509e-05,0.0,0.0,0.0009254770338915355,4.301801628603395,SIGNAL_EXIT,1
2024-12-16 16:00:00,2024-12-18 04:00:00,BTCUSDT,106385.166,104197.26566260714,7.095963467691659e-07,3.0,-0.0015525260865089968,6.0440772733411754e-05,5.915039924601783e-05,0.0001110736089997837,3.5477214787842825e-05,2.294616412502154e-05,-0.0017305406374012906,-6.1697520988768035,STOP_LOSS,10
2024-12-18 08:00:00,2024-12-18 20:00:00,BTCUSDT,104302.87537499999,101655.4156831875,6.740279812670234e-07,3.0,-0.0017844619115581872,5.628747520364865e-05,5.481487569423919e-05,0.00010293229036223532,1.3414051090265565e-05,8.523484426108323e-06,-0.0019175017979724488,-7.6147268681541505,STOP_LOSS,4
2024-12-19 00:00:00,2024-12-19 04:00:00,LINKUSDT,24.867427499999998,24.849569,0.0025959723071377182,3.0,-4.6360171447016635e-05,5.168547088851476e-05,5.1607034374646334e-05,3.2270531750027455e-05,6.454365947236508e-06,3.926909086462245e-06,-0.0001600339517438765,-0.21544448053582274,SIGNAL_EXIT,1
2024-12-19 04:00:00,2024-12-19 16:00:00,BTCUSDT,101243.74657499998,98515.3733081732,6.328828943379854e-07,3.0,-0.001726740769943715,5.1301389404329456e-05,4.9878955676851016e-05,9.366353719989316e-05,6.483884619609767e-06,3.9448685798827385e-06,-0.001838349868224388,-8.08456825964743,STOP_LOSS,4
2024-12-20 00:00:00,2024-12-20 04:00:00,LINKUSDT,22.8144015,22.290555763491543,0.0025670100441170054,3.0,-0.001344717267185076,4.688934972059094e-05,4.57760644270664e-05,8.595905938983355e-05,5.948532375232336e-06,3.619154232402364e-06,-0.0014469503679403679,-6.88835606546754,STOP_LOSS,2
2024-12-20 08:00:00,2024-12-20 08:00:00,LINKUSDT,22.6463175,22.299731848220556,0.002394535861209225,3.0,-0.000829911772166447,4.341666883753406e-05,4.271800608473088e-05,8.021658628829971e-05,0.0,0.0,-0.000916046447088712,-4.59128489803398,STOP_LOSS,1
2024-12-20 16:00:00,2024-12-21 12:00:00,LINKUSDT,22.703346,22.714629562962003,0.0022675723018222476,3.0,2.558629483850528e-05,4.121815736452115e-05,4.120565187450034e-05,7.737666225806912e-05,1.5929922177531473e-05,9.69194443837948e-06,-8.245938101642717e-05,0.14910000000003895,STOP_LOSS,6
2024-12-21 16:00:00,2024-12-21 16:00:00,LINKUSDT,22.876432499999996,22.341094634405284,0.002239610494676216,3.0,-0.0011989483019834838,4.1020254850081715e-05,4.002828000461486e-05,7.516577366915609e-05,0.0,0.0,-0.0012799968368381804,-7.0203848296019835,STOP_LOSS,1
2024-12-21 20:00:00,2024-12-22 08:00:00,BTCUSDT,97317.664515,96162.144875,4.870377852351807e-07,3.0,-0.0005627817262613526,3.7948262441670084e-05,3.746767845070767e-05,2.342901353846243e-05,4.723992314508165e-06,2.874130239262706e-06,-0.0006457957897075011,-3.562106568500398,SIGNAL_EXIT,3
2024-12-22 12:00:00,2024-12-22 12:00:00,BTCUSDT,97149.84064499999,95755.266737466,4.679528245089149e-07,3.0,-0.0006525947990169673,3.6398352546372086e-05,3.584715802512141e-05,6.731439288642759e-05,0.0,0.0,-0.0007248403095884608,-4.306462774231333,STOP_LOSS,1
2024-12-24 16:00:00,2024-12-25 00:00:00,LINKUSDT,24.650319,24.662570208543,0.0017561136234543807,3.0,2.151451422614103e-05,3.465873580335978e-05,3.4648220426098006e-05,6.506300781064869e-05,4.3969572904050785e-06,2.6751584396715056e-06,-5.4864557733393346e-05,0.1490999999999864,STOP_LOSS,3
2024-12-25 04:00:00,2024-12-26 12:00:00,BNBUSDT,704.0218349999999,695.95185,6.125420672518595e-05,3.0,-0.0004943205294591413,3.452706086479964e-05,3.410398279254049e-05,2.132565207136851e-05,1.722149771237258e-05,1.047775357053621e-05,-0.0005906508243993902,-3.4388074057389972,SIGNAL_EXIT,8
2024-12-27 04:00:00,2024-12-27 08:00:00,BNBUSDT,689.4945749999999,691.8938800000001,5.997692455943565e-05,3.0,0.00014390293498008517,3.3109498886241106e-05,3.319813363511618e-05,2.075921312850755e-05,0.0,0.0,7.75953024587279e-05,1.0439407735732253,SIGNAL_EXIT,1
2024-12-27 12:00:00,2024-12-27 12:00:00,BNBUSDT,706.3830149999999,686.8914870846428,5.8872258965011254e-05,3.0,-0.001147510279056649,3.329572761214205e-05,3.235108280680702e-05,6.0749404369314634e-05,0.0,0.0,-0.001213157089475598,-8.278027996761969,STOP_LOSS,1
2025-01-02 08:00:00,2025-01-02 16:00:00,BNBUSDT,707.303475,704.197725,5.3654202810403784e-05,3.0,-0.00016663654037841463,3.0384150597400618e-05,3.0226534044619963e-05,1.890103429503302e-05,3.82693966965486e-06,2.3283532859714717e-06,-0.00023340251797606158,-1.3172917042433832,SIGNAL_EXIT,2
2025-01-02 16:00:00,2025-01-06 20:00:00,SOLUSDT,206.87338499999998,219.89000000000001,0.00018006258614789106,3.0,0.0023438053597914362,2.9823984554258073e-05,3.1675169654447816e-05,1.9806884476265357e-05,1.3454686133372683e-05,3.0585853480343575e-05,0.002238265665969014,18.87620536590538,SIGNAL_EXIT,25
2025-01-06 20:00:00,2025-01-07 00:00:00,BNBUSDT,732.6661499999999,729.05529,5.9999471612789876e-05,3.0,-0.00021664969206775179,3.51958221525837e-05,3.499434574120744e-05,2.1882407291897323e-05,0.0,0.0,-0.0002868398599615429,-1.4785151463595891,SIGNAL_EXIT,1
2025-01-07 00:00:00,2025-01-07 08:00:00,BTCUSDT,102286.7178,100608.34393240715,4.2136214389661757e-07,3.0,-0.0007072032111089798,3.4507406488676e-05,3.3914037994597866e-05,6.368434776151331e-05,4.2855934640408694e-06,2.607403430856107e-06,-0.0007825176524871505,-4.922556624237034,STOP_LOSS,3
2025-01-07 12:00:00,2025-01-07 12:00:00,BTCUSDT,100881.27543,99056.29919828357,4.039805763314271e-07,3.0,-0.0007372549498799586,3.2629364122706835e-05,3.20134566715047e-05,6.011540436561981e-05,0.0,0.0,-0.0008018977706741701,-5.4271009875844145,STOP_LOSS,1
2025-01-14 12:00:00,2025-01-16 12:00:00,BTCUSDT,96596.31401999999,99109.12065,3.970162569965932e-07,3.0,0.0009976250827988258,3.070480947308882e-05,3.147834569174941e-05,1.9683807961324033e-05,1.4529239307003642e-05,1.4229631257507597e-05,0.0009066830570694763,7.804045078199579,SIGNAL_EXIT,12
2025-01-16 12:00:00,2025-01-16 16:00:00,SOLUSDT,212.876385,208.965465,0.00019292031929121395,3.0,-0.0007544959351223953,3.288084881005556e-05,3.2250947382909594e-05,2.016692557710676e-05,0.0,0.0,-0.0008196277313153604,-5.5115366601138085,SIGNAL_EXIT,1
2025-01-16 16:00:00,2025-01-18 08:00:00,BTCUSDT,99345.81808499999,102770.339125,3.886551524829438e-07,3.0,0.001330957746982252,3.091374225489869e-05,3.195377745868058e-05,1.9981101462407107e-05,1.3890141129048085e-05,1.2132904781662095e-05,0.0012420671813579626,10.341213468301191,SIGNAL_EXIT,10
2025-01-18 08:00:00,2025-01-18 16:00:00,SOLUSDT,233.00644499999999,246.6295,0.00018168804154411735,3.0,0.0024751461827977996,3.3894703490157794e-05,3.584770467360392e-05,6.731541939209416e-05,4.341435752696684e-06,2.6413785095120137e-06,0.002398420960371829,17.539928992092932,STOP_LOSS,3
2025-01-18 20:00:00,2025-01-19 12:00:00,SOLUSDT,255.47767499999998,280.61694225,0.00019384860665425148,3.0,0.004873211928721365,3.9650913795050195e-05,4.3517762606991245e-05,8.171838246179678e-05,1.0088448458691991e-05,6.390443624886432e-06,0.004773564360235745,29.520310042746452,STOP_LOSS,5
2025-01-19 16:00:00,2025-01-19 20:00:00,SOLUSDT,270.71529,246.01785170785712,0.00023579468989823354,3.0,-0.005823524803376585,5.110746825961599e-05,4.640776244230702e-05,8.714527248805281e-05,3.601189728125615e-06,3.8662510565106966e-06,-0.005928507474863144,-27.36909129751356,STOP_LOSS,2
2025-01-20 00:00:00,2025-01-20 12:00:00,SOLUSDT,252.5262,260.46970000000005,0.00018240457366249766,3.0,0.0014489307308880605,3.687905031994445e-05,3.8008691664398945e-05,2.376731594821925e-05,-6.514739317167206e-05,5.570823508227277e-06,0.001433619558567162,9.43684259296666,SIGNAL_EXIT,3
2025-01-20 12:00:00,2025-01-20 12:00:00,BTCUSDT,108293.309595,104395.20832614323,4.650273597390977e-07,3.0,-0.001812723741052091,4.031973726050564e-05,3.883730247785556e-05,7.292933615019852e-05,0.0,0.0,-0.0018918807807904523,-10.798731565509613,STOP_LOSS,1
2025-01-20 16:00:00,2025-01-21 04:00:00,LINKUSDT,25.872929999999997,24.435776,0.0017272203036097606,3.0,-0.0024822815682139752,3.577922338660855e-05,3.3764774753328086e-05,2.1113540991325352e-05,8.661664378542228e-06,5.269854363703537e-06,-0.0025657570850961577,-16.663988191519046,SIGNAL_EXIT,3
2025-01-21 04:00:00,2025-01-21 12:00:00,SOLUSDT,237.988935,239.32028,0.00015545738112399986,3.0,0.00020696740707253143,2.962140638237777e-05,2.976328318292989e-05,1.8611357668165408e-05,3.4654347978123717e-06,2.264672010728148e-06,0.00014185261069868326,1.6782439906292266,SIGNAL_EXIT,2
2025-01-21 12:00:00,2025-01-22 04:00:00,LINKUSDT,25.6738305,25.686590393758504,0.0014576069573030877,3.0,1.859890991684182e-05,2.9961852648054612e-05,2.9952762293869646e-05,5.624579799800036e-05,7.716716992658278e-06,4.694937709427804e-06,-5.3727359727168527e-05,0.14910000000003185,STOP_LOSS,5
2025-01-22 08:00:00,2025-01-23 00:00:00,SOLUSDT,258.639255,257.37,0.00014406668788116502,3.0,-0.00018285736392660622,2.9832906984709408e-05,2.9662754767980356e-05,0.00025737996557440783,2.525304172182934e-06,4.584627338732579e-06,-0.0002494629571902115,-1.4722301144889862,STOP_LOSS,5
2025-01-23 04:00:00,2025-01-23 16:00:00,SOLUSDT,248.96442,249.27530000000002,0.00014666156177428353,3.0,4.559414632439305e-05,2.9234195887452897e-05,2.9247283847802447e-05,1.8288696753251694e-05,2.8940717038564095e-06,2.178920786046835e-06,-1.796032590076554e-05,0.3746077451549412,SIGNAL_EXIT,3
2025-01-23 16:00:00,2025-01-23 20:00:00,BTCUSDT,105316.15176,103718.164975,3.4619260370996806e-07,3.0,-0.0005532112057932662,2.919109110529106e-05,2.8725169267772217e-05,1.7962211898305382e-05,3.095248056036678e-06,2.1856822775686383e-06,-0.0006164083964999348,-4.551970685298764,SIGNAL_EXIT,1
2025-01-23 20:00:00,2025-01-25 04:00:00,SOLUSDT,246.96341999999999,247.08616081974,0.00014015001485305123,3.0,1.7202127709639012e-05,2.7711710953691216e-05,2.7703303287095977e-05,5.202172625268169e-05,8.980692632995772e-06,8.815520137247061e-06,-5.6009099301391015e-05,0.1491000000000202,STOP_LOSS,9
2025-01-25 08:00:00,2025-01-26 20:00:00,SOLUSDT,247.393635,256.16185500000006,0.00013922764870282327,3.0,0.0012207786539090788,2.7577289115367877e-05,2.853185020720285e-05,1.784132704301784e-05,7.1853354961896605e-06,1.0832078366733427e-05,0.001146652100723585,10.632714944343743,SIGNAL_EXIT,9
2025-01-26 20:00:00,2025-01-26 20:00:00,LINKUSDT,26.207096999999997,25.2773739795,0.0014454572531335118,3.0,-0.0013438748833869204,3.032925415710448e-05,2.9229890847069257e-05,5.4888377905108614e-05,0.0,0.0,-0.001403434028391094,-10.6428005417769,STOP_LOSS,1
2025-01-27 00:00:00,2025-01-27 00:00:00,LINKUSDT,24.8794335,23.856380885464286,0.001353499652583261,3.0,-0.0013847013583484866,2.6961012488965853e-05,2.5831682592295892e-05,4.850716560896613e-05,0.0,0.0,-0.0014374940534297484,-12.336124307682262,STOP_LOSS,1
2025-01-27 04:00:00,2025-01-27 04:00:00,SOLUSDT,235.92790499999998,225.50271421392856,0.0001244671435714963,3.0,-0.0012975937183301925,2.3511026760734463e-05,2.245414296466172e-05,4.2164765206550344e-05,0.0,0.0,-0.0013435588880555886,-13.256410833730872,STOP_LOSS,1
2025-01-27 16:00:00,2025-01-27 20:00:00,SOLUSDT,233.78683499999997,226.42673,0.00010838001336269389,3.0,-0.0007976882782508275,2.0286485429401047e-05,1.9632105618456863e-05,1.2276204113592335e-05,-4.590115614881464e-06,1.4937302868386064e-06,-0.0008345104839706425,-9.44463575119614,SIGNAL_EXIT,1
2025-01-28 00:00:00,2025-01-28 08:00:00,LINKUSDT,24.209098499999996,24.097945,0.0009432937651342743,3.0,-0.00010485040352284953,1.8283660267871506e-05,1.818515301683893e-05,1.1371406338693817e-05,2.2890909798513433e-06,1.392708786889554e-06,-0.00014500101657430087,-1.377418081057378,SIGNAL_EXIT,2
2025-01-28 08:00:00,2025-01-28 20:00:00,SOLUSDT,238.85936999999998,232.0839,9.378588173990572e-05,3.0,-0.0006354434281522776,1.7935657828093183e-05,1.7412954559308887e-05,1.0888540870002001e-05,-1.2521828565515238e-07,2.6843489363888507e-06,-0.0006733511711904133,-8.509781299347793,SIGNAL_EXIT,3
2025-01-28 20:00:00,2025-01-31 08:00:00,BTCUSDT,102475.45212,104136.47571500001,1.98908116381463e-07,3.0,0.0003303910745466173,1.631961501723619e-05,1.6570872184859697e-05,1.0361976103588947e-05,1.2055455686345525e-05,8.820036369646475e-06,0.0002766250952885294,4.862697047840083,SIGNAL_EXIT,15
2025-01-31 08:00:00,2025-01-31 16:00:00,LINKUSDT,24.902445,25.8820525,0.0008518203952328737,3.0,0.0008344496478230874,1.698351524592866e-05,1.7637488151990388e-05,1.102894456727697e-05,2.185856316207077e-06,1.329899652418938e-06,0.0007963128884565423,11.80134119360569,SIGNAL_EXIT,2
2025-01-31 16:00:00,2025-01-31 16:00:00,ETHUSDT,3429.363825,3319.4168626553574,6.881578992745754e-06,3.0,-0.0007566087063871006,1.8894666178224363e-05,1.8274263480172103e-05,3.431571760172415e-05,0.0,0.0,-0.000793777636045497,-9.618136303573088,STOP_LOSS,1
2025-01-31 20:00:00,2025-02-01 16:00:00,LINKUSDT,24.918452999999996,23.50432212407142,0.0008515781543417744,3.0,-0.001204242961320972,1.698959985171517e-05,1.6012613802777023e-05,3.0068754011224e-05,4.292720318221451e-06,2.611739489373458e-06,-0.001244149634783059,-17.025104358547953,STOP_LOSS,6
2025-02-03 20:00:00,2025-02-04 04:00:00,BTCUSDT,101930.929995,99837.71690868336,1.715921484325171e-07,3.0,-0.0003591789306081319,1.4003640728235828e-05,1.3705094671166734e-05,2.5735655992424176e-05,4.5102099886740567e-07,1.0505599768268105e-06,-0.0003883892469832286,-6.1606808250037055,STOP_LOSS,3
2025-03-24 12:00:00,2025-03-25 04:00:00,AVAXUSDT,21.695842499999998,21.3343275,0.0007525087658066113,3.0,-0.00027204320647057493,1.307150653547608e-05,1.2843414765071237e-05,8.031149803069787e-06,3.214717447525844e-06,1.955870376470207e-06,-0.0003031287155951183,-4.998860956886055,SIGNAL_EXIT,4
2025-03-25 12:00:00,2025-03-26 04:00:00,AVAXUSDT,22.330159499999997,22.576706,0.0006904407926392866,3.0,0.00017022576088244494,1.2343997618047796e-05,1.2470303028659312e-05,7.797838312067738e-06,3.149790896020426e-06,1.9163683297713444e-06,0.00014034530100994608,3.312289372586047,SIGNAL_EXIT,4
2025-03-26 08:00:00,2025-03-26 16:00:00,AVAXUSDT,22.8324105,22.14892,0.0006936784926518866,3.0,-0.0004741226597818852,1.2680826340471666e-05,1.229138355157378e-05,7.685957698582735e-06,1.5840148379705832e-06,9.63732504659264e-07,-0.0005016426170165605,-8.980530110914062,SIGNAL_EXIT,2
2025-03-27 04:00:00,2025-03-27 12:00:00,AVAXUSDT,22.177083,21.845072000000002,0.0006463712198074142,3.0,-0.000214602355059478,1.1476884059631922e-05,1.1296020668336634e-05,7.063544690055311e-06,1.4127089380110848e-06,8.595080617604895e-07,-0.00023964747678721816,-4.491271462527301,SIGNAL_EXIT,2
2025-03-28 00:00:00,2025-03-28 04:00:00,AVAXUSDT,22.015002,21.7501195,0.0006184991904185567,3.0,-0.0001638296118060426,1.0901730115342599e-05,1.076194504180549e-05,6.729580441348463e-06,1.346039788107905e-06,8.189457985294121e-07,-0.00018765827254982803,-3.6095726904771412,SIGNAL_EXIT,1
2025-04-02 16:00:00,2025-04-02 20:00:00,BTCUSDT,86801.048835,85625.03437571911,1.5038685190407516e-07,3.0,-0.0001768571123249246,1.045135026122301e-05,1.0301503491154092e-05,1.9344335549237233e-05,9.579298781201458e-08,7.951096167435496e-07,-0.00019850086868185727,-4.064516990513664,STOP_LOSS,2
2025-04-12 16:00:00,2025-04-12 20:00:00,AVAXUSDT,20.5172535,20.1569165,0.0006072308982440953,3.0,-0.00021880776018058114,9.974948176386554e-06,9.79192200970098e-06,6.123012762444551e-06,1.224602552488867e-06,7.450620138345832e-07,-0.0002405442949329921,-5.2687899966727665,SIGNAL_EXIT,1
2025-04-12 20:00:00,2025-04-13 00:00:00,SOLUSDT,130.78536,132.17388000000003,8.97474663358014e-05,3.0,0.00012461615195658948,9.39764186854737e-06,9.489816676617806e-06,5.9341024741217304e-06,0.0,0.0,0.00010572869341142431,3.1850353892821675,SIGNAL_EXIT,1
2025-04-13 00:00:00,2025-04-13 04:00:00,AVAXUSDT,20.4932415,20.222883500000002,0.0005882225623108845,3.0,-0.000159030675501245,9.651390732734792e-06,9.516445079747607e-06,5.950753551617328e-06,1.1900918880673815e-06,7.240653361121797e-07,-0.00018011266853790699,-3.95776334358815,SIGNAL_EXIT,1
2025-04-13 04:00:00,2025-04-13 12:00:00,BTCUSDT,85475.026155,84486.39567000001,1.3471398381435835e-07,3.0,-0.0001331823511546695,9.219120328243816e-06,9.105199151057487e-06,5.693596267543471e-06,9.598264587826855e-07,6.928096454537623e-07,-0.00015315930673820725,-3.469892421701782,SIGNAL_EXIT,2
2025-04-13 12:00:00,2025-04-13 12:00:00,SOLUSDT,129.88491,127.3460456950001,8.511820928311133e-05,3.0,-0.00021610358325440166,8.851537992072121e-06,8.671573895074941e-06,1.6283626493003935e-05,0.0,0.0,-0.00023362669514154872,-5.864109167877678,STOP_LOSS,1
2025-04-14 04:00:00,2025-04-15 04:00:00,SOLUSDT,131.80587,130.47473,7.856441879820503e-05,3.0,-0.00010458024043904303,8.290833923732403e-06,8.20053706424218e-06,5.127899614958698e-06,-1.9945290259125313e-06,1.8886530172969367e-06,-0.00012096573541840202,-3.0297740153758057,SIGNAL_EXIT,6
2025-04-15 04:00:00,2025-04-15 20:00:00,BTCUSDT,85422.65998499999,83956.51074499999,1.1697885179419901e-07,3.0,-0.00017150845465413738,8.000516158728238e-06,7.856908982077944e-06,4.913024626112059e-06,1.3105101888582721e-06,1.2069772772598173e-06,-0.00018988336726106163,-5.149040922832833,SIGNAL_EXIT,4
2025-04-16 16:00:00,2025-04-16 16:00:00,BTCUSDT,84889.00329,83509.27083403259,1.1100908168702578e-07,3.0,-0.000153162832910726,7.544796077301689e-06,7.416229974111268e-06,1.3926320682481954e-05,0.0,0.0,-0.00016812385896213894,-4.8760112705785605,STOP_LOSS,1
2025-04-16 20:00:00,2025-04-17 00:00:00,SOLUSDT,132.516225,131.26433500000002,6.730860482122019e-05,3.0,-8.426296928963564e-05,7.141298815792554e-06,7.068175401308211e-06,4.419819535585131e-06,0.0,0.0,-9.847244350673641e-05,-2.834120878405587,SIGNAL_EXIT,1
2025-04-17 08:00:00,2025-04-20 12:00:00,SOLUSDT,134.317125,136.31181,6.420850077210264e-05,3.0,0.0001280757333626018,6.904964951376386e-06,7.001901566105368e-06,4.37837766764885e-06,-3.0708848068003206e-06,5.323255344869625e-06,0.00011191649630705075,4.455169063512946,SIGNAL_EXIT,19
2025-04-20 16:00:00,2025-04-21 04:00:00,SOLUSDT,136.00797,139.320305,6.58768902557631e-05,3.0,0.00021820632928532243,7.173564542513307e-06,7.342390754307555e-06,4.5912898663751355e-06,-3.0289846639003775e-06,1.1085794555230977e-06,0.00020561077919687885,7.306193159121463,SIGNAL_EXIT,3
2025-04-21 04:00:00,2025-04-21 12:00:00,BTCUSDT,87249.16278,86928.43404000001,1.0975602149290544e-07,3.0,-3.5201910480831534e-05,7.667030412585817e-06,7.632735259871083e-06,4.772845960398626e-06,4.994306012962169e-07,5.807706697573505e-07,-5.1581877424342e-05,-1.1028028113302821,SIGNAL_EXIT,2
2025-04-21 12:00:00,2025-04-21 16:00:00,AVAXUSDT,20.5312605,20.521734000000002,0.00045888556864555287,3.0,-4.3715733697001245e-06,7.543233906767397e-06,7.533702060946223e-06,4.710919247714277e-06,0.0,0.0,-1.9448509337413745e-05,-0.13919992881094007,SIGNAL_EXIT,1
2025-04-21 16:00:00,2025-04-21 16:00:00,BTCUSDT,88088.832405,86751.81598192822,1.0629270524229564e-07,3.0,-0.00014211509256167697,7.496557484357603e-06,7.3768681643207745e-06,1.385240641772757e-05,0.0,0.0,-0.00015698851821035535,-4.553414047735368,STOP_LOSS,1
2025-04-21 20:00:00,2025-04-23 12:00:00,BTCUSDT,87458.797545,93419.276995,1.0167772443017853e-07,3.0,0.000606047986988842,7.119785040652749e-06,7.598927602211302e-06,4.751705604184345e-06,-8.46236567406243e-07,2.8136102156537544e-06,0.0005893619006977303,20.445557053079188,SIGNAL_EXIT,10
2025-04-23 12:00:00,2025-04-24 04:00:00,LINKUSDT,15.011501999999998,14.458888229142856,0.0007100743649307579,3.0,-0.0003923968723933769,8.534253602327304e-06,8.21350870153074e-06,1.5423464011386614e-05,2.0889677741897972e-06,1.2709515699686954e-06,-0.00041250455404139344,-11.043807025915381,STOP_LOSS,5
2025-04-24 08:00:00,2025-04-24 16:00:00,BTCUSDT,92249.64176999999,93155.91874000001,1.0214412671222585e-07,3.0,9.257086966005423e-05,7.54424267262796e-06,7.612263974217901e-06,4.760045006388955e-06,-2.526921689234892e-07,5.75592540113393e-07,7.709146264201847e-05,2.947253623790482,SIGNAL_EXIT,2
2025-04-24 16:00:00,2025-04-25 12:00:00,LINKUSDT,14.8744335,15.136428,0.0006490229336483999,3.0,0.00017004043898974578,7.729262182968805e-06,7.859111124414226e-06,4.914401653585483e-06,2.9244324367263255e-06,1.7792576997346258e-06,0.00014974837554590178,5.284123929828994,SIGNAL_EXIT,5
2025-04-25 12:00:00,2025-04-27 12:00:00,NEARUSDT,2.6233109999999997,2.548725,0.0038511385790950567,3.0,-0.00028724102206038237,8.08865828427897e-06,7.85239454000324e-06,4.910201688345015e-06,6.049368480042515e-06,3.6805040566081164e-06,-0.00031291194742131526,-8.529602475650002,SIGNAL_EXIT,12
2025-04-27 12:00:00,2025-04-28 00:00:00,ETHUSDT,1806.84297,1755.732914295,5.0722445146820375e-06,3.0,-0.00025924269969477924,7.337669610467815e-06,7.124405315023618e-06,1.3378327456853755e-05,-3.532541623682252e-07,5.579538401393426e-07,-0.00027390947429804184,-8.486081505743677,STOP_LOSS,4
2025-04-28 04:00:00,2025-04-28 12:00:00,LINKUSDT,14.839416,14.9515205,0.0005622646001243235,3.0,6.303239186463776e-05,6.680286872152513e-06,6.725368556146501e-06,4.205458076629176e-06,8.411478417859881e-07,5.117638401618301e-07,4.8273824754390925e-05,2.2663526650914214,SIGNAL_EXIT,2
2025-04-28 12:00:00,2025-04-28 12:00:00,BTCUSDT,95367.649995,94069.71665947179,8.90069527858481e-08,3.0,-0.0001155250911145381,6.7961440515630514e-06,6.698287063430171e-06,1.2578155477147226e-05,0.0,0.0,-0.00012901952222953134,-4.082935887367245,STOP_LOSS,1
2025-04-28 16:00:00,2025-04-28 20:00:00,BTCUSDT,93880.41674999999,94739.336635,8.629739067031793e-08,3.0,7.412254487035044e-05,6.486497198212176e-06,6.540606036349887e-06,4.08992373458565e-06,2.0122524551206076e-08,4.9767361952669e-07,6.0577645491710484e-05,2.7447254115433304,SIGNAL_EXIT,1
2025-04-28 20:00:00,2025-04-29 00:00:00,NEARUSDT,2.597298,2.5827080000000002,0.0031891691098568436,3.0,-4.652997731281026e-05,6.631883547392281e-06,6.58935405870412e-06,4.12040648993456e-06,0.0,0.0,-5.9751214918906664e-05,-1.6852128635219745,SIGNAL_EXIT,1
2025-04-29 00:00:00,2025-04-29 12:00:00,LINKUSDT,15.025509,15.0114905,0.0005393569235392986,3.0,-7.5609750326350225e-06,6.488480631586904e-06,6.477241067055527e-06,4.0503008173180345e-06,1.6221698832367947e-06,9.86946464818188e-07,-2.3135813079332437e-05,-0.27989401224275645,SIGNAL_EXIT,3
2025-04-29 12:00:00,2025-04-29 20:00:00,ETHUSDT,1830.6748799999998,1779.5825675014285,4.388960859923657e-06,3.0,-0.00022424215979921787,6.4329546801965066e-06,6.248414588612975e-06,1.1733377419778843e-05,4.629192168727879e-07,4.864339828415806e-07,-0.00023787288226774172,-8.372701191798408,STOP_LOSS,3
2025-04-30 00:00:00,2025-04-30 12:00:00,BTCUSDT,94303.94841,95129.07167,7.763951316065211e-08,3.0,6.406216820393076e-05,5.862059762753926e-06,5.908619849506867e-06,3.694734773328353e-06,3.1346336976220423e-07,8.984879749657651e-07,5.1079537246942e-05,2.6248845586379863,SIGNAL_EXIT,3
2025-04-30 12:00:00,2025-04-30 12:00:00,ETHUSDT,1816.597845,1762.9858221610716,4.1147404666942585e-06,3.0,-0.00022059955987667546,5.984650652146586e-06,5.803383283723527e-06,1.0897690192269362e-05,0.0,0.0,-0.00023238759381254557,-8.853696978638945,STOP_LOSS,1
2025-04-30 16:00:00,2025-05-01 00:00:00,BTCUSDT,94051.632315,94124.914,7.20691756908249e-08,3.0,5.281350631185338e-06,5.4269204269964765e-06,5.426803971159828e-06,3.393449206577871e-06,1.9942460328232515e-07,4.1283490761787526e-07,-6.184633277871167e-06,0.23374932426873432,SIGNAL_EXIT,2
2025-05-01 00:00:00,2025-05-01 08:00:00,ETHUSDT,1794.5168099999999,1809.6847050000001,3.7668549656020506e-06,3.0,5.7135260598481536e-05,5.412077307129584e-06,5.453455853762666e-06,3.4101149660839414e-06,3.6980668073275563e-07,4.14354619165494e-07,4.548556613769104e-05,2.5357068123536175,SIGNAL_EXIT,2
2025-05-01 08:00:00,2025-05-01 12:00:00,BTCUSDT,95073.35291999999,96131.919995,7.253380550764733e-08,3.0,7.678189833485011e-05,5.521242665860043e-06,5.5782511903952355e-06,3.4881510695311297e-06,4.0148618810310876e-07,4.244460956157015e-07,6.485647219487603e-05,3.3402642564549634,SIGNAL_EXIT,1
2025-05-01 12:00:00,2025-05-02 00:00:00,ETHUSDT,1846.5027899999998,1837.18095,3.839932378716067e-06,3.0,-3.579523524520996e-05,5.676898199127746e-06,5.643720492372275e-06,3.529089852658887e-06,3.1843368837654946e-07,4.3053033302277234e-07,-4.78648179581093e-05,-1.5145127400538354,SIGNAL_EXIT,3
2025-05-02 00:00:00,2025-05-03 20:00:00,BTCUSDT,96538.14494999999,96306.16283,7.196084279428995e-08,3.0,-1.6693628868405102e-05,5.562022636028283e-06,5.544218114824737e-06,3.46686975664345e-06,-2.458221496541196e-06,2.5375459888612045e-06,-2.787919411157813e-05,-0.720902976083091,SIGNAL_EXIT,11
2025-05-03 20:00:00,2025-05-05 00:00:00,ETHUSDT,1839.129105,1799.179139199643,3.7318726463906714e-06,3.0,-0.0001490881845945949,5.495112570160494e-06,5.371445932428689e-06,1.0086591009818152e-05,8.249477001855277e-07,1.246032798077475e-06,-0.00016202572359544706,-6.516665799874384,STOP_LOSS,8
2025-05-05 04:00:00,2025-05-06 08:00:00,ETHUSDT,1795.39725,1771.5547320661021,3.55225412709123e-06,3.0,-8.469468273093532e-05,5.106250833531421e-06,5.034410086679848e-06,9.453699461717314e-06,3.336163318777917e-07,1.1729911077318416e-06,-9.63419510907562e-05,-3.983940256213134,STOP_LOSS,8
2025-05-06 12:00:00,2025-05-08 04:00:00,BTCUSDT,93859.436265,99103.213605,6.487267450978328e-08,3.0,0.0003401778605795972,4.8750301509136066e-06,5.1432724152565535e-06,3.2161533362032146e-06,2.399955342775793e-07,1.9097229861643365e-06,0.0003280098394929851,16.760522592086126,SIGNAL_EXIT,10
2025-05-08 04:00:00,2025-05-08 08:00:00,BNBUSDT,611.3054999999999,612.43363,1.1568937222641162e-05,3.0,1.3051265148978817e-05,5.662253765696771e-06,5.668164974803396e-06,3.54437529690075e-06,0.0,0.0,1.7208464084786502e-06,0.5536331670498903,SIGNAL_EXIT,1
2025-05-08 08:00:00,2025-05-09 12:00:00,ETHUSDT,1929.3642,2351.29,3.6682101609169084e-06,3.0,0.0015477125067129953,5.66638379707712e-06,6.900020695409855e-06,5.480856211933964e-05,2.6721932101706875e-06,1.9264304904770966e-06,0.0015305474785198606,65.60593380969752,STOP_LOSS,8
2025-05-09 16:00:00,2025-05-10 00:00:00,ETHUSDT,2302.43064,2343.86748,5.06650766433531e-06,3.0,0.00020994006744583517,9.339697745524783e-06,9.500178041285032e-06,5.9405815665868276e-06,1.181291727493428e-06,7.187112191001157e-07,0.00018920018871243182,5.399099449093482,SIGNAL_EXIT,2
2025-05-10 00:00:00,2025-05-10 08:00:00,BNBUSDT,666.6231449999999,650.1632208182142,1.8349841378287043e-05,3.0,-0.0003020369978343989,9.793778198434621e-06,9.544313577608355e-06,1.7922471665513116e-05,1.2142457036840103e-06,7.387607901340089e-07,-0.00032332809610425997,-7.407449458622853,STOP_LOSS,3
2025-05-10 12:00:00,2025-05-11 00:00:00,ETHUSDT,2385.95238,2581.92839,4.7206393402380935e-06,3.0,0.0009251320625488933,9.017790767784395e-06,9.750682185209282e-06,6.09722497824381e-06,1.1559621002690102e-06,7.178732142756595e-07,0.000904489754281355,24.6412306854171,SIGNAL_EXIT,3
2025-05-11 00:00:00,2025-05-11 04:00:00,NEARUSDT,3.349674,3.164812506857143,0.004171904237963605,3.0,-0.0007712244466789648,1.1188566178059648e-05,1.0562635767774028e-05,1.983469410573336e-05,1.379231541070768e-06,8.391400356351161e-07,-0.0007951940202015043,-16.5563717373264,STOP_LOSS,2
2025-05-11 08:00:00,2025-05-11 12:00:00,NEARUSDT,3.185592,3.2023980000000005,0.0036385216818225524,3.0,6.114899538471098e-05,9.280100529576037e-06,9.321595645460145e-06,5.828911734278489e-06,1.1657823468559459e-06,7.092751368809466e-07,4.067224172593791e-05,1.5826885552199077,SIGNAL_EXIT,1
2025-05-11 12:00:00,2025-05-12 08:00:00,ETHUSDT,2531.935335,2553.5026100000005,4.6260125649054694e-06,3.0,9.977048514077316e-05,9.377713909718285e-06,9.450028126703131e-06,5.9092221902834e-06,1.1384760911499456e-06,1.4151454070482011e-06,7.83891216061536e-05,2.5554295998638135,SIGNAL_EXIT,5
2025-05-12 08:00:00,2025-05-12 12:00:00,LINKUSDT,17.510751,17.1164375,0.0006823090514030349,3.0,-0.00026904367014040997,9.565847801573054e-06,9.342960187219468e-06,5.8422712526385056e-06,1.168590712337978e-06,7.1098377813551e-07,-0.000289832052619676,-6.7555098008075,SIGNAL_EXIT,1
2025-05-12 12:00:00,2025-05-12 16:00:00,BNBUSDT,678.429045,663.3581550000001,1.6330290433293586e-05,3.0,-0.00024611201078821753,8.870250875285831e-06,8.666265065955028e-06,5.419125228835171e-06,0.0,0.0,-0.0002636485267294584,-6.6643181528290185,SIGNAL_EXIT,1
2025-05-12 16:00:00,2025-05-13 00:00:00,ETHUSDT,2488.1534549999997,2494.23226,4.135046614119619e-06,3.0,2.5136142033145713e-05,8.237494411135133e-06,8.251013329232742e-06,5.159463062300762e-06,5.816306169472524e-07,6.189795900838297e-07,7.447024085746758e-06,0.7329296737448082,SIGNAL_EXIT,2
2025-05-13 00:00:00,2025-05-13 04:00:00,NEARUSDT,3.1865924999999997,3.008495,0.0032357302412866456,3.0,-0.0005762754666475478,8.255367268940925e-06,7.787742601807734e-06,4.869774013135973e-06,9.739548026272803e-07,5.92565094000931e-07,-0.0005938850964149246,-16.76689127963489,SIGNAL_EXIT,1
2025-05-13 04:00:00,2025-05-14 08:00:00,ETHUSDT,2426.0124,2597.6726375,3.516356204071272e-06,3.0,0.0006036185411254722,6.8300430375451055e-06,7.307473836015448e-06,1.3722096587410013e-05,2.4278175010004084e-06,1.6796678081432302e-06,0.000585373538942768,21.227455906655685,STOP_LOSS,8
2025-05-14 12:00:00,2025-05-15 12:00:00,ETHUSDT,2626.242465,2493.445249873929,3.916408942168514e-06,3.0,-0.0005200882008148203,8.23493953100775e-06,7.812281018731088e-06,1.4670031958056725e-05,2.5680813006618567e-06,1.8430241022951393e-06,-0.0005405465267675161,-15.16964448970682,STOP_LOSS,7
2025-05-15 16:00:00,2025-05-17 12:00:00,ETHUSDT,2565.051885,2443.2329586010715,3.378137205045415e-06,3.0,-0.0004115210475469091,6.937627866765711e-06,6.602860926434772e-06,1.2398962681086474e-05,2.927669597780673e-06,3.1453460681423723e-06,-0.00043113455200603264,-14.247539448769675,STOP_LOSS,12
2025-05-17 16:00:00,2025-05-18 20:00:00,ETHUSDT,2475.71724,2406.9959,2.9780170987931922e-06,3.0,-0.0002046533255719807,5.902904941951233e-06,5.734459957540087e-06,3.5858303886566616e-06,6.323951586850837e-07,1.786011229363029e-06,-0.00021870909685952012,-8.327446150514351,SIGNAL_EXIT,7
2025-05-18 20:00:00,2025-05-19 04:00:00,BTCUSDT,103935.92198999999,102510.55302237213,6.462756817029314e-08,3.0,-9.211813012318981e-05,5.378003109488386e-06,5.300006202902244e-06,9.952440290878054e-06,4.010781847453383e-07,4.0737978994863245e-07,-0.00010360459741027441,-4.114176139501601,STOP_LOSS,3
2025-05-19 08:00:00,2025-05-19 16:00:00,ETHUSDT,2404.9418699999997,2465.396685,2.6639150087041214e-06,3.0,0.0001610464890269324,5.129352075703728e-06,5.25408578526471e-06,3.285446338959784e-06,-3.171812116020883e-07,3.918307184876665e-07,0.0001505884016590784,7.5413234416348525,SIGNAL_EXIT,2
2025-05-19 16:00:00,2025-05-20 08:00:00,BTCUSDT,104838.81321,104969.18915,6.54143663533294e-08,3.0,8.528459502820519e-06,5.490764239685516e-06,5.493194395896025e-06,3.4349639794241696e-06,9.965226361049894e-07,8.408683529194446e-07,-4.292890121785456e-06,0.3730753983418141,SIGNAL_EXIT,4
2025-05-20 08:00:00,2025-05-20 12:00:00,ETHUSDT,2533.56615,2512.9429,2.701763349631959e-06,3.0,-5.5719141000297565e-05,5.480461303393232e-06,5.4315016215502795e-06,3.3963867068218206e-06,5.443049336353475e-07,4.1328000083015714e-07,-6.758868885970659e-05,-2.442002550436676,SIGNAL_EXIT,1
2025-05-20 12:00:00,2025-05-27 08:00:00,BTCUSDT,105256.351875,109485.23000000001,6.310775735511677e-08,3.0,0.00026687501459686226,5.318248450129935e-06,5.5274938630473215e-06,3.456411870339084e-06,1.0129010413968264e-05,8.365950957395414e-06,0.00023753431091232138,12.053081974631237,SIGNAL_EXIT,41
2025-05-27 08:00:00,2025-05-29 04:00:00,BNBUSDT,681.350505,685.95685,1.0794040821328902e-05,3.0,4.972107596712464e-05,5.888330796319505e-06,5.92339699245615e-06,3.703975107838184e-06,4.43968613617997e-06,2.7011551516799567e-06,3.0768506890489056e-05,2.028182983441114,SIGNAL_EXIT,11
2025-05-29 04:00:00,2025-05-29 12:00:00,ETHUSDT,2763.88125,2672.2892943750003,2.694311429211365e-06,3.0,-0.00024677725286425666,5.9621752128566795e-06,5.7599836703949894e-06,1.0816193672498692e-05,7.317291808795101e-07,4.4519229196410977e-07,-0.00025967633322035194,-9.94166688149134,STOP_LOSS,3
2025-05-29 16:00:00,2025-05-29 20:00:00,BNBUSDT,681.5305950000001,674.54256,9.784375218542707e-06,3.0,-6.837355648030989e-05,5.338952013127835e-06,5.279982006333086e-06,3.3016395737451986e-06,6.603181303737917e-07,4.0174500288921835e-07,-8.005455363303382e-05,-3.076032852200897,SIGNAL_EXIT,1
2025-05-29 20:00:00,2025-05-30 00:00:00,ETHUSDT,2651.4450599999996,2558.5250784814284,2.4244815144034273e-06,3.0,-0.00022528277751048385,5.146821084408556e-06,4.962477405532641e-06,9.318623069978042e-06,0.0,0.0,-0.00023539207600042507,-10.513510114205932,STOP_LOSS,2
2025-05-30 04:00:00,2025-05-30 16:00:00,ETHUSDT,2632.505595,2536.0247717860716,2.173886451856681e-06,3.0,-0.00020973835444873867,4.581880102007535e-06,4.4104239143669375e-06,8.281967791124586e-06,4.261902884535598e-07,3.4679548146482873e-07,-0.00021950364423503152,-10.99494224025706,STOP_LOSS,4
2025-05-30 20:00:00,2025-05-30 20:00:00,BNBUSDT,666.663165,654.5391670382144,7.597216089550231e-06,3.0,-9.210863238495234e-05,4.055071355843459e-06,3.978140392850823e-06,7.47021856444202e-06,0.0,0.0,-0.00010014184413364662,-5.455827739538756,STOP_LOSS,1
2025-05-31 00:00:00,2025-05-31 12:00:00,ETHUSDT,2532.6156749999996,2518.3501950000004,1.8812956811828395e-06,3.0,-2.683758591399851e-05,3.814730929922708e-06,3.79020907644757e-06,2.370065705631959e-06,5.420542848581881e-07,5.761454789167316e-07,-3.55607256841437e-05,-1.689811858247989,SIGNAL_EXIT,3
2025-05-31 12:00:00,2025-05-31 16:00:00,BNBUSDT,654.397035,656.021825,7.118006120187682e-06,3.0,1.156526516402028e-05,3.7293851882807625e-06,3.7356538922613542e-06,2.335951658492503e-06,0.0,0.0,4.100226083478163e-06,0.7448643162022008,SIGNAL_EXIT,1
2025-05-31 16:00:00,2025-05-31 20:00:00,ETHUSDT,2537.558145,2536.121305,1.8404673591708007e-06,3.0,-2.644457120350692e-06,3.7392257308811096e-06,3.734118784600124e-06,2.3349917362427433e-06,1.279113514154121e-07,2.841281847842415e-07,-1.052984117203158e-05,-0.1698688169369826,SIGNAL_EXIT,1
2025-05-31 20:00:00,2025-06-01 12:00:00,BNBUSDT,658.8592649999999,650.17475,7.040545579901991e-06,3.0,-6.114372369684198e-05,3.713954112068234e-06,3.6620679698211055e-06,2.289937449863001e-06,9.195515770998392e-07,5.594655575936356e-07,-6.999876291342479e-05,-3.954341448017698,SIGNAL_EXIT,4
2025-06-01 12:00:00,2025-06-02 00:00:00,BTCUSDT,104134.71133499999,105590.10853499999,4.2530490913987634e-08,3.0,6.189875739084333e-05,3.5459570810760145e-06,3.5926393213238283e-06,2.246522837246054e-06,1.8406644718664613e-07,2.720138543786298e-07,5.4304080686878213e-05,4.192830175477262,SIGNAL_EXIT,3
2025-06-02 00:00:00,2025-06-02 08:00:00,BNBUSDT,661.100385,649.6908133510714,6.945514494793294e-06,3.0,-7.924534526701615e-05,3.676286874724522e-06,3.6099495690111284e-06,6.778823677412036e-06,4.5609804584408603e-07,2.7749519862747644e-07,-8.726517495522338e-05,-5.177536683295953,STOP_LOSS,3
2025-06-02 16:00:00,2025-06-02 20:00:00,ETHUSDT,2545.662195,2531.183775,1.7009704691337298e-06,3.0,-2.4627364859715032e-05,3.466850454831986e-06,3.4443750825803485e-06,2.1538113322786006e-06,3.6993717363877757e-07,2.620795896176453e-07,-3.217060716038379e-05,-1.7062460245240725,SIGNAL_EXIT,1
2025-06-02 20:00:00,2025-06-03 00:00:00,BNBUSDT,661.43055,665.597035,6.400765138624433e-06,3.0,2.6668691938601403e-05,3.389640997647066e-06,3.4082642383998297e-06,2.13123076438173e-06,0.0,0.0,1.9870786702554508e-05,1.8897607617307515,SIGNAL_EXIT,1
2025-06-03 00:00:00,2025-06-05 16:00:00,ETHUSDT,2608.7237099999998,2539.312947113571,1.645719038709838e-06,3.0,-0.00011423061397356965,3.437330885733196e-06,3.343196529845754e-06,6.277910358998974e-06,2.228089646458122e-06,2.0966027502142426e-06,-0.00012533583378582095,-7.9821518799047375,STOP_LOSS,17
2025-06-06 12:00:00,2025-06-10 00:00:00,BTCUSDT,103979.953995,110207.88849000001,3.7675719505634365e-08,3.0,0.00023464191313308494,3.136524884647226e-06,3.3217291952459767e-06,2.0771193066817738e-06,-2.2315837514092175e-07,2.4283888588971154e-06,0.00022597842856943555,17.96865911856285,SIGNAL_EXIT,21
2025-06-10 00:00:00,2025-06-12 20:00:00,ETHUSDT,2681.470065,2682.802755622305,1.7135796436363076e-06,3.0,2.2836715216470364e-06,3.6788731132138722e-06,3.677756951940619e-06,6.906153515161165e-06,4.0647218312884955e-06,2.585837424619605e-06,-1.1723517799415554e-05,0.1491000000000121,STOP_LOSS,18
2025-06-13 00:00:00,2025-06-13 00:00:00,ETHUSDT,2643.9813299999996,2541.0643646121425,1.7245848333764887e-06,3.0,-0.00017748903760503136,3.6507366704952736e-06,3.5058248510748523e-06,6.583296540575955e-06,0.0,0.0,-0.00018464559912660148,-11.677499105622328,STOP_LOSS,1
2025-06-13 08:00:00,2025-06-13 20:00:00,ETHUSDT,2527.72323,2526.45614,1.5849347768611106e-06,3.0,-2.008255006413389e-06,3.2075872325914304e-06,3.203414558800226e-06,2.003135667083719e-06,-9.817754026187471e-08,4.891970075406274e-07,-8.810276265083796e-06,-0.15038315725732523,SIGNAL_EXIT,3
2025-06-13 20:00:00,2025-06-14 00:00:00,BTCUSDT,105162.56500499998,106013.556705,3.784490012377748e-08,3.0,3.220569589266411e-05,3.186442569555229e-06,3.2096579722137165e-06,2.0070397525098687e-06,0.0,0.0,2.5809595350895166e-05,2.427646282570854,SIGNAL_EXIT,1
2025-06-14 00:00:00,2025-06-15 00:00:00,ETHUSDT,2580.479595,2529.5046150000003,1.5722788974033037e-06,3.0,-8.014688534955468e-05,3.248385598397377e-06,3.181669381639015e-06,1.989538132590202e-06,2.788720729052405e-07,7.265107505921766e-07,-8.758232315308849e-05,-5.9262216332308775,SIGNAL_EXIT,6
2025-06-15 00:00:00,2025-06-17 16:00:00,BTCUSDT,105467.337315,104189.49919,3.597982974748836e-08,3.0,-4.597639818234956e-05,3.0381880228299648e-06,2.9989763538658215e-06,1.8752978701009396e-06,7.552804302773979e-07,1.8616322587758062e-06,-5.463047524809855e-05,-3.6347882411693027,SIGNAL_EXIT,16
2025-06-20 08:00:00,2025-06-20 12:00:00,BTCUSDT,105864.64587,104264.66356958785,3.429791407765776e-08,3.0,-5.4876055465308874e-05,2.9070748822345284e-06,2.860848377956494e-06,5.37214893206645e-06,1.295812675643352e-07,2.2114643939447748e-07,-6.09947064324587e-05,-4.5340414278915,STOP_LOSS,2
2025-06-24 00:00:00,2025-06-30 16:00:00,BTCUSDT,105386.60697,107526.67976500001,3.271856733076666e-08,3.0,7.002011583594997e-05,2.7606875867966275e-06,2.81449512939595e-06,1.7599394255850362e-06,1.4726023475435008e-06,4.2640406759871225e-06,5.870829009622677e-05,6.092062900201031,SIGNAL_EXIT,40
2025-06-30 16:00:00,2025-07-01 00:00:00,SOLUSDT,157.908915,153.22908323464287,2.2950463349719276e-05,3.0,-0.00010740430741368101,2.9015874830275717e-06,2.8133427671102045e-06,5.282942101483581e-06,3.01620520403678e-08,2.2029931417964622e-07,-0.0001133696990300388,-8.890881997429599,STOP_LOSS,3
2025-07-01 04:00:00,2025-07-01 04:00:00,SOLUSDT,154.006965,149.38647723107144,2.1325306660572085e-05,3.0,-9.853331859382428e-05,2.6295002053554783e-06,2.5485699503161344e-06,4.785747277758979e-06,0.0,0.0,-0.0001037113887494959,-9.000543129192701,STOP_LOSS,1
2025-07-01 08:00:00,2025-07-01 12:00:00,BTCUSDT,107232.579495,106552.487105,2.7728144856499918e-08,3.0,-1.8857700305723384e-05,2.380592872356688e-06,2.3636022378142236e-06,1.477990393830825e-06,3.112648061385041e-08,1.7984522412004312e-07,-2.381286712062819e-05,-1.9026653836068066,SIGNAL_EXIT,1
2025-07-01 12:00:00,2025-07-01 12:00:00,BNBUSDT,652.60614,645.8769406114286,4.446754128137238e-06,3.0,-2.9923095160188334e-05,2.3234419912671805e-06,2.297644761546016e-06,4.3145557615409196e-06,0.0,0.0,-3.454418191300153e-05,-3.093381586283286,STOP_LOSS,1
2025-07-01 16:00:00,2025-07-02 08:00:00,BTCUSDT,106008.16759499999,107026.46,2.6398243370091853e-08,3.0,2.6881130729106525e-05,2.2405359546759765e-06,2.260248430495521e-06,1.4133619500345487e-06,6.194529745333237e-08,3.398396581339308e-07,2.1978561388347764e-05,2.881737590891186,SIGNAL_EXIT,4
2025-07-02 08:00:00,2025-07-02 20:00:00,BNBUSDT,657.658665,663.5180750000001,4.355317576493888e-06,3.0,2.551959136088416e-05,2.2932845020080113e-06,2.311865547495112e-06,1.4456387865775404e-06,5.753200305845366e-07,3.500311996863862e-07,1.9989090081110114e-05,2.6728500566475586,SIGNAL_EXIT,3
2025-07-02 20:00:00,2025-07-03 08:00:00,BTCUSDT,109730.97807,109225.35000500001,2.664909846670377e-08,3.0,-1.347453209171343e-05,2.3412583182026756e-06,2.3286056858747426e-06,1.4561066069749472e-06,1.1955705160598832e-07,1.7612556784861358e-07,-1.8440078715245445e-05,-1.3823664216610656,SIGNAL_EXIT,3
2025-07-03 08:00:00,2025-07-03 12:00:00,NEARUSDT,2.3361674999999997,2.290854,0.0012280607702479906,3.0,-5.564773171263206e-05,2.2970021292860864e-06,2.250646342212552e-06,1.4073576427040368e-06,2.815943346178643e-07,1.7132517126343555e-07,-6.0648299690011996e-05,-5.818953478292946,SIGNAL_EXIT,1
2025-07-03 12:00:00,2025-07-04 12:00:00,BTCUSDT,109653.97958999999,108003.55730954357,2.450578014929246e-08,3.0,-4.0444885558358923e-05,2.1514462100300578e-06,2.1173691446153467e-06,3.9760311929428826e-06,3.6999817696416946e-07,4.889257876280432e-07,-4.557262487759654e-05,-4.515355356807127,STOP_LOSS,7
2025-07-04 16:00:00,2025-07-06 12:00:00,BTCUSDT,107627.076645,108021.962,2.36980125773299e-08,3.0,9.35799810939352e-06,2.0420719103238265e-06,2.047924651283082e-06,1.2805932036537643e-06,4.3149481273824506e-07,9.343017640450601e-07,3.902204971003306e-06,1.1007044899189433,SIGNAL_EXIT,11
2025-07-06 12:00:00,2025-07-07 04:00:00,BNBUSDT,656.78823,660.50958,3.9011738465769084e-06,3.0,1.4517633293959093e-05,2.051437202254235e-06,2.0614101591275987e-06,1.2890258623859566e-06,5.164803067221635e-07,3.1423244762166767e-07,9.574073178233428e-06,1.6997944679977122,SIGNAL_EXIT,4
2025-07-07 04:00:00,2025-07-07 08:00:00,BTCUSDT,109444.15473,109006.53946500001,2.3673665475936117e-08,3.0,-1.0359957390772799e-05,2.0744149778819947e-06,2.064467479987071e-06,1.29093764381378e-06,0.0,0.0,-1.4498839848641865e-05,-1.199557708896161,SIGNAL_EXIT,1
2025-07-07 08:00:00,2025-07-07 16:00:00,BNBUSDT,663.1213949999999,657.6377421932142,3.841653435181838e-06,3.0,-2.106629364253281e-05,2.039617762245254e-06,2.021133033121432e-06,3.795317413222569e-06,2.544365486655283e-07,1.5480206778646484e-07,-2.5536283054351487e-05,-2.4808366227358865,STOP_LOSS,3
2025-07-07 20:00:00,2025-07-08 12:00:00,BNBUSDT,661.77072,660.779445,3.733823435041971e-06,3.0,-3.70124582557113e-06,1.9783306829148107e-06,1.9737870217080216e-06,1.2342340055703134e-06,4.931858022409538e-07,3.0005980819283827e-07,-8.446609140627753e-06,-0.4493739160898385,SIGNAL_EXIT,4
2025-07-08 12:00:00,2025-07-08 20:00:00,ETHUSDT,2576.4475799999996,2609.3046950000003,9.492199594453433e-07,3.0,3.118862936779165e-05,1.958058820977304e-06,1.981443277414755e-06,1.239021559163673e-06,1.602302680310631e-07,1.507669400457895e-07,2.6938130061322733e-05,3.825862624381519,SIGNAL_EXIT,2
2025-07-08 20:00:00,2025-07-09 16:00:00,LINKUSDT,13.916955,14.000996,0.00018153146331740483,3.0,1.5256085708658188e-05,2.0227103331244785e-06,2.0332970334249054e-06,1.2714463690748233e-06,5.058374225339485e-07,3.0775719676565425e-07,1.0386483722809202e-05,1.811624741188017,SIGNAL_EXIT,5
2025-07-09 16:00:00,2025-07-10 12:00:00,ETHUSDT,2658.16842,2777.300655,9.62128550786096e-07,3.0,0.00011462052461245866,2.047637894059221e-06,2.1376962034339402e-06,1.3367284913919551e-06,4.2261715063809305e-07,4.870177796447904e-07,0.00010952555558468261,13.445224249560534,SIGNAL_EXIT,5
2025-07-10 12:00:00,2025-07-10 16:00:00,AVAXUSDT,19.584787499999997,19.441274500000002,0.0001473497496513869,3.0,-2.114660462171877e-05,2.3104992274624592e-06,2.291733544383114e-06,1.4330499902343096e-06,0.0,0.0,-2.5748837393564346e-05,-2.198333783299846,SIGNAL_EXIT,1
2025-07-10 16:00:00,2025-07-11 00:00:00,ETHUSDT,2770.70466,2949.814355,1.013687550563279e-06,3.0,0.00018156126800668608,2.2487020177179047e-06,2.392152070509079e-06,1.4958429655509355e-06,8.016157703095246e-08,1.736866387875465e-07,0.0001766665657026406,19.393228472066752,SIGNAL_EXIT,2
2025-07-11 00:00:00,2025-07-12 00:00:00,AVAXUSDT,20.712351,20.663663,0.00016116975409888996,3.0,-7.847032987567086e-06,2.672701775404242e-06,2.6642859875938647e-06,1.6660117481201962e-06,1.0179965178148186e-06,6.193605705771198e-07,-1.482137783895713e-05,-0.7052024176299744,SIGNAL_EXIT,6
2025-07-12 00:00:00,2025-07-12 04:00:00,BTCUSDT,117586.42383,117715.53279,2.8011532692173718e-08,3.0,3.6165398538924856e-06,2.6371304685907446e-06,2.6379139960989857e-06,1.6495210080659208e-06,3.299042016131798e-07,2.007174395699626e-07,-2.189126251980387e-06,0.32939761869105677,SIGNAL_EXIT,1
2025-07-12 04:00:00,2025-07-12 16:00:00,AVAXUSDT,20.866428,20.304842500000003,0.00015753601097499308,3.0,-8.846993949139636e-05,2.631876565585991e-06,2.5589951127404055e-06,1.600172031478219e-06,3.3030575421126796e-07,2.0096174870257384e-07,-9.41920786726366e-05,-8.074005287344765,SIGNAL_EXIT,3
2025-07-12 16:00:00,2025-07-13 04:00:00,BTCUSDT,117158.54999999999,117694.71320500001,2.56478392348472e-08,3.0,1.3751427685480909e-05,2.405815576771663e-06,2.4148920664586304e-06,1.510062572822779e-06,6.035053526106458e-07,3.671794677074428e-07,7.960035221932525e-06,1.372916970208369,SIGNAL_EXIT,3
2025-07-13 04:00:00,2025-07-13 16:00:00,AVAXUSDT,21.1035465,21.272358500000003,0.00014351733046239756,3.0,2.4227447590018634e-05,2.424919661304302e-06,2.442361683647274e-06,1.5272396721153764e-06,3.050747893639185e-07,1.856109449320365e-07,1.8869480510771104e-05,2.39976726186761,SIGNAL_EXIT,3
2025-07-13 16:00:00,2025-07-14 08:00:00,LINKUSDT,15.704848499999999,16.146922500000002,0.00019645447784791815,3.0,8.684741684014124e-05,2.4702064145301527e-06,2.537708182870641e-06,1.5868610448163328e-06,6.27436311350681e-07,3.817393330903831e-07,8.083032659829939e-05,8.444665989614675,SIGNAL_EXIT,4
2025-07-14 08:00:00,2025-07-14 12:00:00,BTCUSDT,122797.40801999999,121406.496385,2.7098168051049252e-08,3.0,-3.76911572293892e-05,2.6641991983660712e-06,2.6319149132238674e-06,1.6457697056174573e-06,3.291539682217132e-07,2.002609891074382e-07,-4.351668629830829e-05,-3.398064317709649,SIGNAL_EXIT,1
2025-07-14 12:00:00,2025-07-14 16:00:00,LINKUSDT,16.246119,15.671433678642858,0.0001967940269249175,3.0,-0.00011309463860451234,2.559759151250131e-06,2.467235633045521e-06,4.633016336465033e-06,0.0,0.0,-0.000118121633388808,-10.612109661830171,STOP_LOSS,2
2025-07-14 20:00:00,2025-07-15 00:00:00,BTCUSDT,119999.38970999999,117936.95316632786,2.369226859016434e-08,3.0,-4.886380054285025e-05,2.2762672311169917e-06,2.235355176897818e-06,4.197587337689679e-06,0.0,0.0,-5.3375422950865055e-05,-5.156117581905311,STOP_LOSS,2
2025-07-15 04:00:00,2025-07-16 00:00:00,ETHUSDT,2953.265895,3136.3310500000002,9.085059385848525e-07,3.0,0.00016631578046545672,2.148166216034916e-06,2.2795003074344533e-06,1.4254003923425762e-06,5.471013677098597e-07,3.3286264671677516e-07,0.00016100814992756074,18.596207877177978,SIGNAL_EXIT,5
2025-07-16 00:00:00,2025-07-16 04:00:00,AVAXUSDT,22.516252499999997,21.70914,0.0001405961153638007,3.0,-0.00011347688216156492,2.5345857758610615e-06,2.4417766015111206e-06,1.5268738128505139e-06,3.053607029586388e-07,1.8578489798989351e-07,-0.00011894439013988563,-10.753732220759144,SIGNAL_EXIT,1
2025-07-16 04:00:00,2025-07-16 12:00:00,ETHUSDT,3117.558,3148.914755,9.01073830917386e-07,3.0,2.825475135298771e-05,2.249119239525336e-06,2.2699237452161058e-06,1.4194120467834536e-06,2.8388331043052246e-07,1.72717809981305e-07,2.327910724783444e-05,3.0174343187841055,SIGNAL_EXIT,2
2025-07-16 12:00:00,2025-07-16 16:00:00,LINKUSDT,16.410201,16.5966975,0.00017543547346271098,3.0,3.2718101776638564e-05,2.304989096920139e-06,2.3293195870639136e-06,1.4565530184240198e-06,0.0,0.0,2.8083793092654513e-05,3.4094006526794,SIGNAL_EXIT,1
2025-07-16 16:00:00,2025-07-18 00:00:00,ETHUSDT,3246.1022399999997,3475.1415600000005,9.128225610749075e-07,3.0,0.000209072258669256,2.372390200342509e-06,2.53775009511764e-06,1.5868872530747223e-06,1.2377864799950136e-06,7.530832641235156e-07,0.0002021712486296773,21.167477460599095,SIGNAL_EXIT,8
2025-07-18 00:00:00,2025-07-18 12:00:00,LINKUSDT,18.006999,18.3518195,0.00019820870180090058,3.0,6.83464236593376e-05,2.8576011970537353e-06,2.9099922550235624e-06,1.8196549868830428e-06,7.356714176042227e-07,4.4759079327962433e-07,6.139556799637647e-05,5.74477457348669,SIGNAL_EXIT,3
2025-07-18 12:00:00,2025-07-18 16:00:00,ETHUSDT,3612.0351149999997,3561.89816,1.0390771767859885e-06,3.0,-5.209616565404562e-05,3.004950560245039e-06,2.960869667273606e-06,1.8514692766839792e-06,0.0,0.0,-5.8061985881564264e-05,-4.164158437313489,SIGNAL_EXIT,1
2025-07-18 16:00:00,2025-07-18 20:00:00,BNBUSDT,738.1789049999999,731.4740800000001,4.848603254068168e-06,3.0,-3.250903631295664e-05,2.865601794129285e-06,2.837302083643616e-06,1.7742009027284303e-06,3.548450291489789e-07,2.158917205256545e-07,-3.878267694040418e-05,-2.7248780564922006,SIGNAL_EXIT,1
2025-07-18 20:00:00,2025-07-19 20:00:00,ETHUSDT,3553.365795,3575.8211950000004,9.745356623130667e-07,3.0,2.1883588111505113e-05,2.7725233694723154e-06,2.7878122212659416e-06,1.7432542654236172e-06,1.0450277249108202e-06,6.358066620493239e-07,1.4642418133806711e-05,1.8958419674887663,SIGNAL_EXIT,6
2025-07-19 20:00:00,2025-07-20 00:00:00,AVAXUSDT,24.974480999999997,24.483752,0.0001404142813245577,3.0,-6.890535986011862e-05,2.8076651729934516e-06,2.750294752966962e-06,1.7197941176631256e-06,0.0,0.0,-7.446331978607904e-05,-5.894765140464759,SIGNAL_EXIT,1
2025-07-20 00:00:00,2025-07-21 08:00:00,LINKUSDT,18.4001955,19.740125000000003,0.000178452590554164,3.0,0.00023911389043494637,2.628953205506862e-06,2.818141155290414e-06,1.762219331721908e-06,1.3758337826544938e-06,8.370728010674537e-07,0.00023145388949042715,21.846444511961906,SIGNAL_EXIT,8
2025-07-21 08:00:00,2025-07-21 12:00:00,SOLUSDT,190.15502999999998,191.294305,2.0916452921674362e-05,3.0,2.3829591902341107e-05,3.184442540283888e-06,3.2009586597735334e-06,2.0015999623391652e-06,4.003409089208474e-07,2.435719272466939e-07,1.680027786611615e-05,1.7973886885874535,SIGNAL_EXIT,1
2025-07-21 12:00:00,2025-07-21 16:00:00,LINKUSDT,20.0710305,19.7891005,0.00020067376439620503,3.0,-5.657595439622191e-05,3.2247632071625664e-06,3.176922633079859e-06,1.9865699306401326e-06,0.0,0.0,-6.297764023646434e-05,-4.213983930720436,SIGNAL_EXIT,1
2025-07-21 16:00:00,2025-07-23 04:00:00,SOLUSDT,196.88839499999997,201.29930000000002,1.9498089114765855e-05,3.0,8.600421876676711e-05,3.0736168705950518e-06,3.139961352111989e-06,1.9634575738567095e-06,1.939942878384514e-06,1.1802831414614122e-06,7.667041452421416e-05,6.720921768903712,SIGNAL_EXIT,9
2025-07-23 04:00:00,2025-07-23 16:00:00,BNBUSDT,797.488545,772.3807334325,5.101985140051137e-06,3.0,-0.00012809968151658902,3.257625865453165e-06,3.1525400195475313e-06,5.919892375214456e-06,4.124750906325743e-07,2.509545003468396e-07,-0.00013517327699256911,-9.445080455983224,STOP_LOSS,4
2025-07-23 20:00:00,2025-07-24 04:00:00,BNBUSDT,771.20541,743.2249692064287,4.750458494369323e-06,3.0,-0.00013291992264401894,2.9332100006709983e-06,2.8245274945552464e-06,5.303944969745308e-06,3.702697368851226e-07,2.252762867960286e-07,-0.00013927320616292634,-10.884431215376722,STOP_LOSS,3
2025-07-24 08:00:00,2025-07-24 12:00:00,ETHUSDT,3593.69595,3653.29244,9.03274504356466e-07,3.0,5.383198996613541e-05,2.5989543058799755e-06,2.6399407344081798e-06,1.6507883531814511e-06,3.3015767063634065e-07,2.0087165298431249e-07,4.80620656022266e-05,4.9750861644263775,SIGNAL_EXIT,1
2025-07-24 12:00:00,2025-07-25 00:00:00,BNBUSDT,770.5851,770.35463,4.399468372660365e-06,3.0,-1.0139454758468954e-06,2.71430326332532e-06,2.711320664333982e-06,1.6954231267719762e-06,3.4269658888837914e-07,2.085004723634522e-07,-6.990766464758029e-06,-0.0897253268976918,SIGNAL_EXIT,3
2025-07-25 00:00:00,2025-07-25 00:00:00,ETHUSDT,3708.8034749999997,3569.081453180357,9.084356388925586e-07,3.0,-0.000126928464159087,2.6975254238099007e-06,2.5938246321435836e-06,4.870727276183295e-06,0.0,0.0,-0.00013221981421504049,-11.301921719077546,STOP_LOSS,1
2025-07-25 04:00:00,2025-07-25 20:00:00,ETHUSDT,3597.808005,3639.3294250000004,8.262995510366487e-07,3.0,3.430913070440453e-05,2.3801978696938037e-06,2.405741015961572e-06,1.5043403051283277e-06,6.083638707502836e-07,3.701354449769768e-07,2.8544692503021892e-05,3.4622264397346982,SIGNAL_EXIT,4
2025-07-25 20:00:00,2025-07-26 20:00:00,BNBUSDT,774.70716,784.48756,3.947856515866741e-06,3.0,3.8611615867783014e-05,2.4487051317010553e-06,2.477635460289921e-06,1.5492968110866056e-06,9.277818119373269e-07,5.644729253554349e-07,3.2193020538499275e-05,3.7873923870795196,SIGNAL_EXIT,6
2025-07-26 20:00:00,2025-07-27 00:00:00,AVAXUSDT,25.446717,24.915536000000003,0.0001239819858829264,3.0,-6.585687524327831e-05,2.5259683809934537e-06,2.4712621060940363e-06,1.5453114720445232e-06,0.0,0.0,-7.085410573036581e-05,-6.262273439831118,SIGNAL_EXIT,1
2025-07-27 00:00:00,2025-07-30 04:00:00,BNBUSDT,793.6966499999999,804.2076950000001,3.7073890138297545e-06,3.0,3.896853275687089e-05,2.355918527240576e-06,2.38520861862428e-06,1.4915011372086151e-06,3.043369689729749e-06,1.8516204667912377e-06,2.933241545448505e-05,3.9729454571845033,SIGNAL_EXIT,19
2025-07-30 04:00:00,2025-07-30 16:00:00,ETHUSDT,3819.3687299999997,3698.167431190714,7.934476358059946e-07,3.0,-9.616688399684358e-05,2.42631632433134e-06,2.3474417640744005e-06,4.408065405747997e-06,1.5157094459649332e-07,1.81423319548764e-07,-0.0001012736363493946,-9.519999825412429,STOP_LOSS,4
2025-07-30 20:00:00,2025-07-31 16:00:00,ETHUSDT,3762.550335,3786.495805,7.247454502874841e-07,3.0,1.7354370437495525e-05,2.1832595970927935e-06,2.195396485765116e-06,1.3728092082071952e-06,2.8813369121502204e-07,3.3960439678519346e-07,1.23479762666374e-05,1.9092478134249424,SIGNAL_EXIT,5
2025-07-31 16:00:00,2025-08-01 00:00:00,BNBUSDT,800.1898949999999,782.7384350000001,3.454062026646527e-06,3.0,-6.0278425295540004e-05,2.2128947401327233e-06,2.162901684104185e-06,1.3524897974635035e-06,2.7500551043754317e-07,1.6731645627046506e-07,-6.509654368648491e-05,-6.542744456926605,SIGNAL_EXIT,2
2025-08-01 00:00:00,2025-08-01 08:00:00,ETHUSDT,3700.2391949999997,3585.654775850357,6.942178588190334e-07,3.0,-7.954655011608753e-05,2.056663035285159e-06,1.991380464764061e-06,3.7394475427465334e-06,-3.035034673429464e-08,1.564872329495683e-07,-8.372073050235203e-05,-9.290028004498446,STOP_LOSS,3
2025-08-01 12:00:00,2025-08-01 16:00:00,ETHUSDT,3644.5413599999997,3526.08428796,6.359677776622389e-07,3.0,-7.533488085365436e-05,1.8557332820795145e-06,1.7939807907709275e-06,3.368767133395503e-06,0.0,0.0,-7.89845949265048e-05,-9.750780167302016,STOP_LOSS,2
2025-08-04 16:00:00,2025-08-04 20:00:00,ETHUSDT,3650.7144449999996,3667.895135,5.700381881184417e-07,3.0,9.793649398224969e-06,1.6661702542559028e-06,1.672672237571078e-06,1.0459431200418355e-06,2.3282693852133683e-08,1.2727271975565526e-07,6.3042514927901985e-06,1.4118351565566445,SIGNAL_EXIT,1
2025-08-05 00:00:00,2025-08-05 04:00:00,ETHUSDT,3722.8504949999997,3650.11403,5.640689237079909e-07,3.0,-4.102837952687366e-05,1.6813004578385996e-06,1.6471327138508296e-06,1.0299729326230069e-06,3.028120421911855e-09,1.2532943130252703e-07,-4.4485170250287526e-05,-5.861352619264892,SIGNAL_EXIT,1
2025-08-05 12:00:00,2025-08-05 12:00:00,ETHUSDT,3675.6369,3575.596162864286,5.350353092543359e-07,3.0,-5.352532673143854e-05,1.574536049237909e-06,1.530456159013368e-06,2.8739161724086107e-06,0.0,0.0,-5.663031893968982e-05,-8.16517571164721,STOP_LOSS,1
2025-08-06 16:00:00,2025-08-07 04:00:00,ETHUSDT,3666.5323499999995,3654.9516100000005,4.900653560153462e-07,3.0,-5.675319471020655e-06,1.4386232837826533e-06,1.4329321295788105e-06,8.960305962847381e-07,2.2468676096083276e-07,2.1886321035855062e-07,-8.990424855701503e-06,-0.9475498013810489,SIGNAL_EXIT,3
2025-08-07 08:00:00,2025-08-10 08:00:00,ETHUSDT,3704.261205,4183.02744,4.77798590852095e-07,3.0,0.00022875383243056298,1.41704626412897e-06,1.5989156930621173e-06,9.998222192734832e-07,1.4549867608006444e-06,1.0568345235892228e-06,0.00022322604918898202,38.77422853067945,SIGNAL_EXIT,18
2025-08-10 08:00:00,2025-08-11 04:00:00,LINKUSDT,21.899944499999997,22.302843000000003,0.0001113716607339336,3.0,4.487147505221145e-05,1.952788782182526e-06,1.987123731198549e-06,1.242573618808185e-06,7.351531953386223e-07,4.472755010045614e-07,3.9749133842487185e-05,5.519171521188189,SIGNAL_EXIT,5
2025-08-11 04:00:00,2025-08-11 08:00:00,ETHUSDT,4311.804824999999,4180.078145619643,5.93298003128473e-07,3.0,-7.81531758351101e-05,2.048186703404496e-06,1.984025613373684e-06,3.725636479795251e-06,0.0,0.0,-8.218538815188828e-05,-9.165072497015666,STOP_LOSS,2
2025-08-11 12:00:00,2025-08-12 16:00:00,ETHUSDT,4187.19255,4470.383690000001,5.521184529782646e-07,3.0,0.0001563550541139516,1.850941771839964e-06,1.974545061713653e-06,1.234708017579448e-06,4.0844206354954443e-07,4.3119472824879484e-07,0.0001516899304885996,20.28981017364493,SIGNAL_EXIT,7
2025-08-12 16:00:00,2025-08-12 20:00:00,LINKUSDT,24.0190035,23.396296000000003,0.00011518096529944473,3.0,-7.172405094920364e-05,2.214997605012603e-06,2.1558463661692304e-06,1.348078017864489e-06,2.6961560357294027e-07,1.6403717610339356e-07,-7.65285477000618e-05,-7.777685281572948,SIGNAL_EXIT,1
2025-08-12 20:00:00,2025-08-13 04:00:00,ETHUSDT,4519.228485,4644.666505,5.614077806634811e-07,3.0,7.042188041902165e-05,2.031329090532455e-06,2.086041531595246e-06,1.3044281713324922e-06,2.608861956743197e-07,1.58726105817519e-07,6.588489749540212e-05,8.326953621598124,SIGNAL_EXIT,2
2025-08-13 04:00:00,2025-08-13 08:00:00,LINKUSDT,24.534260999999997,23.390299000000002,0.0001114615436269816,3.0,-0.00012750777037060854,2.1894528445214195e-06,2.0856950659493156e-06,1.304211521979159e-06,0.0,0.0,-0.0001317829182810793,-13.98813683444545,SIGNAL_EXIT,1
2025-08-13 08:00:00,2025-08-14 04:00:00,ETHUSDT,4627.9128,4771.702955000001,5.055398033791584e-07,3.0,7.2691646686559e-05,1.8731738406468296e-06,1.9298286189235594e-06,1.2067462599569446e-06,7.180384043315538e-07,4.368626689978272e-07,6.773374315365923e-05,9.321058620637835,SIGNAL_EXIT,5
2025-08-14 04:00:00,2025-08-14 08:00:00,SOLUSDT,208.04396999999997,205.567165,1.2221612553564032e-05,3.0,-3.0270551080729972e-05,2.0357348242156113e-06,2.009889795491655e-06,1.2568095269457439e-06,0.0,0.0,-3.431617570043724e-05,-3.5715598966891258,SIGNAL_EXIT,1
2025-08-14 08:00:00,2025-08-14 12:00:00,ETHUSDT,4750.744185,4599.153662293928,5.135546205306081e-07,3.0,-7.785001336435291e-05,1.953376002534562e-06,1.889533291041052e-06,3.5481972165268645e-06,2.4230380039488995e-07,1.474203668080553e-07,-8.208264682513148e-05,-9.572638525856842,STOP_LOSS,2
2025-08-14 16:00:00,2025-08-15 12:00:00,ETHUSDT,4621.179435,4445.265091918929,4.747090468783439e-07,3.0,-8.350813013624516e-05,1.7563776501542465e-06,1.6881660439251272e-06,3.170066432007457e-06,6.502254653062115e-07,3.987498230109748e-07,-8.800164911864173e-05,-11.420093867080336,STOP_LOSS,6
2025-08-15 16:00:00,2025-08-16 20:00:00,ETHUSDT,4433.085435,4416.320735,4.3534508187176714e-07,3.0,-7.298429694055493e-06,1.5451736922695063e-06,1.5380988095604465e-06,9.61792652301214e-07,5.931242093350462e-07,4.6675429089978845e-07,-1.1441580696120281e-05,-1.1345168221419393,SIGNAL_EXIT,7
2025-08-16 20:00:00,2025-08-18 00:00:00,LINKUSDT,22.691339999999997,24.983568350000002,8.35395644043024e-05,3.0,0.0001914917578741933,1.5177138985988175e-06,1.6696931337792932e-06,3.13537769237459e-06,6.141912314568718e-07,3.73680876998629e-07,0.00018731647873335968,30.30532815602789,STOP_LOSS,8
2025-08-22 16:00:00,2025-08-23 00:00:00,LINKUSDT,26.464225499999998,26.7856005,9.284702233213069e-05,3.0,2.983871180198881e-05,1.967273447558881e-06,1.989570598242425e-06,1.2441036757392416e-06,2.5230249848533194e-07,1.535036875718804e-07,2.547606157013029e-05,3.643125698124096,SIGNAL_EXIT,2
2025-08-23 00:00:00,2025-08-23 00:00:00,BNBUSDT,900.6501,874.4760582428571,2.8129587485347144e-06,3.0,-7.362649974526789e-05,2.0284159953271936e-06,1.967892062734718e-06,3.6953406285702666e-06,0.0,0.0,-7.76228078033298e-05,-8.718383007055518,STOP_LOSS,1
2025-09-09 08:00:00,2025-09-09 12:00:00,NEARUSDT,2.6913449999999997,2.7336325,0.0008548920519266031,3.0,3.615124764584664e-05,1.842121256599202e-06,1.8695685577106e-06,1.1690648810094109e-06,2.337274869967333e-07,1.4220244094409202e-07,3.206362790359601e-05,4.713721206311396,SIGNAL_EXIT,1
2025-09-10 16:00:00,2025-09-12 04:00:00,AVAXUSDT,28.684335,28.755615000000002,8.356210386248183e-05,3.0,5.956306763317836e-06,1.9190739635678323e-06,1.9223037498076325e-06,1.2020408640615675e-06,1.2086589826877097e-06,7.353617660279623e-07,1.7090830122669838e-07,0.7454940126727869,SIGNAL_EXIT,9
2025-09-12 04:00:00,2025-09-12 20:00:00,SOLUSDT,235.19754,240.8795,1.0193285589721641e-05,3.0,5.7917840989374814e-05,1.9194841434907766e-06,1.9642828289674835e-06,1.2282909135613835e-06,1.7275119680951583e-08,2.9779371051623924e-07,5.371900518671936e-05,7.247473761842922,SIGNAL_EXIT,4
2025-09-12 20:00:00,2025-09-13 08:00:00,BNBUSDT,924.652095,924.827355,2.7669474811147098e-06,3.0,4.849352155401092e-07,2.048409755938903e-06,2.0471589763065835e-06,1.2801144174001828e-06,2.56698018665455e-07,1.5617797165743705e-07,-4.02350950702827e-06,0.05686246782363486,SIGNAL_EXIT,3
2025-09-13 08:00:00,2025-09-13 12:00:00,AVAXUSDT,30.8644245,30.4457695,8.250284767400804e-05,3.0,-3.4540229692961636e-05,2.0387533331220353e-06,2.0094901467011684e-06,1.25655962149879e-06,2.513119242997959e-07,1.5290101105775093e-07,-3.899268610814238e-05,-4.069296675206086,SIGNAL_EXIT,1
2025-09-13 12:00:00,2025-09-13 16:00:00,BNBUSDT,941.6305799999999,927.1449162728571,2.580118454937662e-06,3.0,-3.737472831442212e-05,1.9451708864624936e-06,1.913714967101786e-06,3.5936059722739866e-06,0.0,0.0,-4.12336141679864e-05,-4.615078577994812,STOP_LOSS,2
2025-09-13 20:00:00,2025-09-14 04:00:00,BNBUSDT,930.60507,930.584475,2.4778680341400877e-06,3.0,-5.103169216300982e-08,1.8462102124593265e-06,1.8446924189356285e-06,1.1535095165929574e-06,2.30704381186647e-07,1.403631492503746e-07,-4.113001853994987e-06,-0.006639228819145863,SIGNAL_EXIT,2
2025-09-14 04:00:00,2025-09-14 08:00:00,SOLUSDT,247.01344499999996,246.2768,9.285273605265345e-06,3.0,-6.839950374950254e-06,1.836339008009738e-06,1.82939797650337e-06,1.1439457081686635e-06,0.0,0.0,-1.0505687359463362e-05,-0.8946618270110195,SIGNAL_EXIT,1
2025-09-14 08:00:00,2025-09-14 12:00:00,BNBUSDT,937.9487399999999,931.184175,2.411747546646777e-06,3.0,-1.631442304288253e-05,1.811125358347026e-06,1.7966249196260426e-06,1.1234523009167235e-06,2.2468804843580035e-07,1.3670274450425147e-07,-2.028356411379565e-05,-2.16362516783165,SIGNAL_EXIT,1
2025-09-14 12:00:00,2025-09-14 20:00:00,SOLUSDT,246.22304999999997,239.68833453214285,8.940241625582665e-06,3.0,-5.842193523707517e-05,1.7624448044739162e-06,1.714297300440677e-06,3.2191361425399312e-06,1.2603153654352364e-07,1.3190952903612758e-07,-6.215661840756941e-05,-7.961946049962171,STOP_LOSS,3
2025-09-15 00:00:00,2025-09-15 04:00:00,BNBUSDT,926.973255,931.843845,2.1737119928550594e-06,3.0,1.0587259895279907e-05,1.6132689202957498e-06,1.6204481130757367e-06,1.0132867140292586e-06,2.0265734280587004e-07,1.232990145598114e-07,7.027586504542739e-06,1.5762881961464983,SIGNAL_EXIT,1
2025-09-15 04:00:00,2025-09-15 08:00:00,SOLUSDT,242.771325,235.7047367625,8.386652644233862e-06,3.0,-5.926502092774116e-05,1.630135127906652e-06,1.581419003062134e-06,2.969615053321312e-06,0.0,0.0,-6.247657505870994e-05,-8.732400629481244,STOP_LOSS,2
2025-09-15 12:00:00,2025-09-15 16:00:00,SOLUSDT,236.57823,232.88350000000003,7.814577839048925e-06,3.0,-2.8872755179268956e-05,1.480191347765748e-06,1.4559089905441205e-06,9.103983182489936e-07,0.0,0.0,-3.180885551757882e-05,-4.685211314667412,SIGNAL_EXIT,1
2025-09-15 16:00:00,2025-09-15 20:00:00,BNBUSDT,916.9682549999999,919.04025,1.912180447359026e-06,3.0,3.9620283260259116e-06,1.4038500945235591e-06,1.4058966371087609e-06,8.791249606732844e-07,1.7582499213466243e-07,1.0697390958075133e-07,8.694826926781776e-07,0.6778844268715046,SIGNAL_EXIT,1
2025-09-15 20:00:00,2025-09-16 16:00:00,AVAXUSDT,29.126555999999997,30.0959445,6.028914401618569e-05,3.0,5.8443602884134484e-05,1.4059368529859866e-06,1.4515669858109053e-06,9.076832077356233e-07,3.604386475007662e-07,2.192949410606228e-07,5.5006365456776205e-05,9.98458417122853,SIGNAL_EXIT,5
2025-09-16 16:00:00,2025-09-18 16:00:00,BNBUSDT,938.1088199999999,992.9432800000001,2.0476326088403365e-06,3.0,0.00011228082838415138,1.5379521300822494e-06,1.6265464310855048e-06,1.0171000694631353e-06,1.1893858295383891e-06,7.236357621345434e-07,0.00010720330823131068,17.53563941547852,SIGNAL_EXIT,12
2025-09-18 16:00:00,2025-09-19 12:00:00,NEARUSDT,2.9964975,3.162,0.0007482919132176507,3.0,0.00012384418236730432,1.7952400698373958e-06,1.8928792236753695e-06,6.809456410280702e-06,7.150677522707871e-07,4.350552907571904e-07,0.00011900594003076357,16.56959500216504,STOP_LOSS,6
2025-09-19 16:00:00,2025-09-20 12:00:00,NEARUSDT,3.147573,3.07846,0.0008257114459499824,3.0,-5.706739516394093e-05,2.080854325911228e-06,2.033535726319346e-06,1.2715956267628695e-06,7.675813601551037e-07,4.6700516246412876e-07,-6.241637173879074e-05,-6.58726580765559,SIGNAL_EXIT,5
2025-09-20 12:00:00,2025-09-22 04:00:00,BNBUSDT,1002.2708849999999,1002.769013629845,2.4064230271828403e-06,3.0,1.1987082053581449e-06,1.93105503373813e-06,1.930469156275426e-06,3.625067268919574e-06,1.2555584337017284e-06,7.638959213334723e-07,-4.6822703396906115e-06,0.14910000000001242,STOP_LOSS,11
2025-09-29 16:00:00,2025-09-30 12:00:00,BNBUSDT,1011.575535,1013.8528200000001,2.370413360746875e-06,3.0,5.398106790228731e-06,1.919817584922873e-06,1.9226002162871174e-06,1.202226248303478e-06,7.248226270358187e-07,4.4099026665803855e-07,3.898760953248837e-07,0.6753677568922583,SIGNAL_EXIT,5
2025-09-30 20:00:00,2025-10-01 16:00:00,BNBUSDT,1007.7936449999999,1018.8103400000001,2.380468331046098e-06,3.0,2.6224893560294498e-05,1.920753287551652e-06,1.9401965997698463e-06,1.213229489600811e-06,4.828137283077627e-07,2.9374932135235387e-07,2.1587380623312885e-05,3.279449633759177,SIGNAL_EXIT,5
2025-10-01 16:00:00,2025-10-02 12:00:00,BTCUSDT,117482.44186499999,118706.33714,2.097105873181925e-08,3.0,2.566637969362143e-05,1.9725630010476023e-06,1.9915180544016613e-06,1.2453214447233558e-06,6.339746338134482e-07,4.5286801174099177e-07,2.0615455992617727e-05,3.1253060174040432,SIGNAL_EXIT,5
2025-10-02 12:00:00,2025-10-02 16:00:00,BNBUSDT,1048.333905,1055.15216,2.4090874740829127e-06,3.0,1.642577271560352e-05,2.022040095429885e-06,2.033563081526024e-06,1.2716127323198505e-06,0.0,0.0,1.237016953864761e-05,1.9511688883133478,SIGNAL_EXIT,1
2025-10-02 16:00:00,2025-10-03 00:00:00,BTCUSDT,119970.73538999999,120469.08532500001,2.136028333135132e-08,3.0,1.0644895809760945e-05,2.0517285023226395e-06,2.05860303616859e-06,1.2872705328717733e-06,2.463145317159314e-07,1.5703713822593355e-07,6.131212601327849e-06,1.2461787452914774,SIGNAL_EXIT,2
2025-10-03 00:00:00,2025-10-07 16:00:00,BNBUSDT,1090.76511,1280.56676425,2.3662178031113554e-06,3.0,0.00044911205334633597,2.066443412565826e-06,2.4240799005128418e-06,4.551977780131487e-06,3.9045622510125355e-06,2.3755797405202124e-06,0.0004383413880417245,52.20234471471129,STOP_LOSS,29
2025-10-07 20:00:00,2025-10-09 12:00:00,BNBUSDT,1297.62849,1243.8545481578572,3.0015986833709155e-06,3.0,-0.00016140779303304033,3.1184627438659645e-06,2.986841739244439e-06,5.608741373143139e-06,1.9406566143453153e-06,1.180717386475209e-06,-0.00017063447151697124,-12.432050218505044,STOP_LOSS,11
2025-10-09 16:00:00,2025-10-10 20:00:00,BNBUSDT,1240.269825,1234.96221,2.7280080568511084e-06,3.0,-1.4479216482664256e-05,2.708940012225232e-06,2.6951894870293206e-06,1.6853360974420834e-06,1.3660145703634536e-06,8.310986814896666e-07,-2.2080459233771926e-05,-1.2838210427316095,SIGNAL_EXIT,7
2025-10-26 16:00:00,2025-10-27 00:00:00,BTCUSDT,113751.81748499999,114502.13029500001,2.9162414843240602e-08,3.0,2.188093342741808e-05,2.655946910064179e-06,2.6713268992780623e-06,1.670414519308255e-06,2.2869097916288274e-07,2.0153269515614437e-07,1.6123435943756813e-05,1.9788153541343418,SIGNAL_EXIT,2
2025-10-27 00:00:00,2025-10-28 00:00:00,ETHUSDT,4160.539229999999,4081.302365440714,8.089358412936212e-07,3.0,-6.409753969373437e-05,2.694643156329195e-06,2.6412094100491443e-06,4.9597072046489064e-06,9.423967047845784e-07,6.182181891210348e-07,-7.099400715401832e-05,-5.7134563703622785,STOP_LOSS,7
2025-10-28 16:00:00,2025-10-28 20:00:00,BTCUSDT,114698.70069,112783.12400360785,2.748764935822117e-08,3.0,-5.265470027433049e-05,2.524257539159552e-06,2.4801143729087603e-06,4.65720024957829e-06,2.439430095262939e-07,1.9013282109116566e-07,-5.8093148017016254e-05,-5.010283485868175,STOP_LOSS,2
2026-01-02 20:00:00,2026-01-03 00:00:00,NEARUSDT,1.684842,1.6901545000000002,0.001767915119586568,3.0,9.392049072804128e-06,2.384833983918713e-06,2.3904397559898214e-06,1.494772233610147e-06,0.0,0.0,4.6167753328955945e-06,0.9459343962223653,SIGNAL_EXIT,1
2026-01-03 00:00:00,2026-01-03 08:00:00,AVAXUSDT,13.811902499999999,13.715139,0.00021666073096391757,3.0,-2.0964850640626606e-05,2.3959142447176624e-06,2.377225632809387e-06,1.4865092751431991e-06,3.08654877331197e-07,1.877891108563066e-07,-2.6234434506341158e-05,-2.1017415956997527,SIGNAL_EXIT,2
2026-01-03 12:00:00,2026-01-03 20:00:00,AVAXUSDT,13.983988499999999,13.846073500000001,0.00020837092012598215,3.0,-2.8737475449174368e-05,2.3329516019024446e-06,2.308095260261583e-06,1.4432811782523497e-06,2.886562356505231e-07,1.7562171155252753e-07,-3.384280025854145e-05,-2.9587052363493678,SIGNAL_EXIT,2
2026-01-03 20:00:00,2026-01-04 04:00:00,NEARUSDT,1.7038515,1.7101445000000002,0.0016506188319352643,3.0,1.038734430936879e-05,2.2517288812819443e-06,2.2582373736244134e-06,1.4121044107204503e-06,2.8242088214412375e-07,1.7182805210685146e-07,5.423129120211458e-06,1.1080190967346808,SIGNAL_EXIT,2
2026-01-04 04:00:00,2026-01-04 08:00:00,SOLUSDT,134.68731,133.7331,2.1001724249833887e-05,3.0,-2.0040055296433764e-05,2.2647443911704517e-06,2.2469005514203685e-06,1.4050153523139702e-06,0.0,0.0,-2.4551700239024584e-05,-2.125389541152739,SIGNAL_EXIT,1
2026-01-04 08:00:00,2026-01-04 12:00:00,BTCUSDT,91577.76599999999,91254.359995,3.008448107300843e-08,3.0,-9.729501836319244e-06,2.2058203105967926e-06,2.1962720528792603e-06,1.373356711404897e-06,1.5966643377986435e-07,1.6711312628888398e-07,-1.4458373759864044e-05,-1.059447131523112,SIGNAL_EXIT,1
2026-01-04 12:00:00,2026-01-04 20:00:00,SOLUSDT,134.45719499999998,133.48322500000003,2.016797350824421e-05,3.0,-1.964300115782364e-05,2.171120213573119e-06,2.1536689164760017e-06,1.3467164310125733e-06,1.2118661803383174e-07,1.6388376556459636e-07,-2.4252860671471186e-05,-2.1731153918537833,SIGNAL_EXIT,2
2026-01-04 20:00:00,2026-01-05 00:00:00,AVAXUSDT,14.135064,14.228882000000002,0.000186700871789758,3.0,1.7515902389571962e-05,2.1129133479615886e-06,2.1252357391948766e-06,1.3289368053991993e-06,0.0,0.0,1.3277753302415497e-05,1.9911759861858935,SIGNAL_EXIT,1
2026-01-05 00:00:00,2026-01-06 12:00:00,BTCUSDT,91575.50487,93793.07000500002,2.925269337806212e-08,3.0,6.486975294003627e-05,2.1447799558873856e-06,2.1949599342747045e-06,1.3725362270348944e-06,8.862971178543819e-07,8.327976308009992e-07,5.88109183012188e-05,7.264710595310567,SIGNAL_EXIT,9
2026-01-06 12:00:00,2026-01-06 20:00:00,SOLUSDT,139.56975,137.46123500000002,2.0456594452616545e-05,3.0,-4.313303625225842e-05,2.2859261598103104e-06,2.2495909898806558e-06,1.4066977175338672e-06,2.813395435068354e-07,1.711701534759056e-07,-4.812106309893213e-05,-4.532174772828602,SIGNAL_EXIT,2
2026-01-06 20:00:00,2026-01-07 08:00:00,ETHUSDT,3225.1817849999998,3253.682345,8.405337297468703e-07,3.0,2.3955681996674805e-05,2.1704356083728736e-06,2.187863805483515e-06,1.3680989278909547e-06,1.1669993418483117e-07,1.670624871457278e-07,1.9313620161487857e-05,2.65106544994335,SIGNAL_EXIT,3
2026-01-07 08:00:00,2026-01-07 12:00:00,BNBUSDT,919.2694049999999,899.3323085710714,3.0119229113839542e-06,3.0,-6.004899752076096e-05,2.2167882967604446e-06,2.1669756681064276e-06,4.069183152428185e-06,2.742175095440408e-07,1.66837027633457e-07,-6.487381602280533e-05,-6.5063939865142695,STOP_LOSS,2
2026-01-07 16:00:00,2026-01-07 20:00:00,BNBUSDT,899.88972,896.6714400000001,2.8606870092302356e-06,3.0,-9.2064917880653e-06,2.0610911383057123e-06,2.0520770719646153e-06,1.2831897648601126e-06,2.5663795297206293e-07,1.5614142701167413e-07,-1.3732439378319362e-05,-1.0728914649674859,SIGNAL_EXIT,1
2026-01-07 20:00:00,2026-01-08 12:00:00,SOLUSDT,135.82788,134.73260000000002,1.864962091334551e-05,3.0,-2.0426556793968588e-05,2.028133283797746e-06,2.0101695317355324e-06,1.2569844495593406e-06,8.124510970390758e-08,3.0810665831986243e-07,-2.4854211377525637e-05,-2.4191204338902454,SIGNAL_EXIT,4
2026-01-08 16:00:00,2026-01-09 20:00:00,SOLUSDT,136.478205,135.73210000000003,1.8014858031274026e-05,3.0,-1.3440975651423196e-05,1.968483176491684e-06,1.956155609429352e-06,1.2232088603231517e-06,4.767499066190678e-07,6.054877494694172e-07,-1.8447852093432717e-05,-1.640053076606565,SIGNAL_EXIT,7
2026-01-10 00:00:00,2026-01-10 04:00:00,SOLUSDT,136.02798,136.081925,1.766795482813785e-05,3.0,9.530978232038751e-07,1.9242083314674453e-06,1.9234314430608342e-06,1.2027460249253645e-06,-2.339341018480067e-07,1.463528511583219e-07,-2.80696070063472e-06,0.11897184682151157,SIGNAL_EXIT,1
2026-01-10 04:00:00,2026-01-11 16:00:00,BNBUSDT,907.7636549999999,908.18568,2.6382660810611735e-06,3.0,1.1134142428603422e-06,1.9174716257859222e-06,1.9168283798795816e-06,1.1986170459475507e-06,9.6023651419343e-07,5.842187324927706e-07,-4.265341009491363e-06,0.13947187607996592,SIGNAL_EXIT,9
2026-01-11 16:00:00,2026-01-13 20:00:00,SOLUSDT,138.50922,144.16788000000003,1.7198394983356095e-05,3.0,9.731986975651825e-05,1.907234807363143e-06,1.9835649153224674e-06,1.240348246199366e-06,7.772033134858139e-07,1.0336145135605132e-06,9.161825220678631e-05,12.256209370033329,SIGNAL_EXIT,13
2026-01-13 20:00:00,2026-01-14 00:00:00,BNBUSDT,941.97075,943.258135,2.820439113647243e-06,3.0,3.6309910083229974e-06,2.1271186126594305e-06,2.1283217105759614e-06,1.3308665023610991e-06,0.0,0.0,-6.244493149123945e-07,0.41000795406866475,SIGNAL_EXIT,1
2026-01-14 00:00:00,2026-01-14 04:00:00,BTCUSDT,95461.696995,95673.129505,2.7811147104207698e-08,3.0,5.88018063822183e-06,2.1256199343036407e-06,2.128623582866775e-06,1.3310552669252196e-06,3.4341225886670083e-09,1.6196580934522133e-07,1.4605371891175256e-06,0.664452392914426,SIGNAL_EXIT,1
2026-01-14 04:00:00,2026-01-14 12:00:00,ETHUSDT,3353.61597,3284.57689,7.929582361284337e-07,3.0,-5.4745107100729834e-05,2.1291252235575232e-06,2.083625837698093e-06,1.3029176073649739e-06,2.605835214729981e-07,1.5854195541744503e-07,-5.937698363887589e-05,-6.175937908597211,SIGNAL_EXIT,2
2026-01-14 12:00:00,2026-01-17 04:00:00,BTCUSDT,94840.39649999999,95325.25353,2.6162785581220676e-08,3.0,1.2685210513437841e-05,1.9866204628242207e-06,1.9951793348647116e-06,1.2476108897353268e-06,6.329780045555356e-07,1.2201077314039453e-06,6.850324979789429e-06,1.5337041426224336,SIGNAL_EXIT,16
2026-01-17 04:00:00,2026-01-19 00:00:00,BNBUSDT,938.1188249999999,932.0437450000001,2.6668513897766297e-06,3.0,-1.620133554100379e-05,2.0030612427757155e-06,1.988497725348692e-06,1.2434327947401232e-06,1.2647062682765506e-06,7.694615671315237e-07,-2.222706234453627e-05,-1.942743234046021,SIGNAL_EXIT,11
2026-01-19 00:00:00,2026-01-19 00:00:00,ETHUSDT,3285.6820199999997,3240.079956077143,7.411537803475233e-07,3.0,-3.3798142068074736e-05,1.949716293148828e-06,1.9211180064598495e-06,3.607507523397174e-06,0.0,0.0,-3.766897636768342e-05,-4.16370759360854,STOP_LOSS,1
2026-01-19 04:00:00,2026-01-20 08:00:00,BNBUSDT,925.632585,917.3111150000001,2.5088562829528293e-06,3.0,-2.0877372292903137e-05,1.859310749866388e-06,1.8411214034321726e-06,1.1512765154025473e-06,6.980691898813612e-07,4.2471317355318945e-07,-2.570058680963625e-05,-2.6970107151099905,SIGNAL_EXIT,7
2026-03-04 16:00:00,2026-03-05 16:00:00,BTCUSDT,73433.568435,70704.11445440685,3.057510475675624e-08,3.0,-8.345334138538063e-05,1.7976293415232614e-06,1.7294285649417382e-06,3.2475498840917688e-06,2.95156055951497e-07,4.074351261890936e-07,-8.768299047398623e-05,-11.150706844686956,STOP_LOSS,7
2026-03-10 12:00:00,2026-03-10 16:00:00,NEARUSDT,1.306653,1.3023485,0.0015171591197645682,3.0,-6.53061143102682e-06,1.5871901643856945e-06,1.5806959231093643e-06,9.884291665266572e-07,0.0,0.0,-9.698497518521878e-06,-0.9882883979144016,SIGNAL_EXIT,1
2026-03-10 16:00:00,2026-03-10 20:00:00,AVAXUSDT,9.7678815,9.593201,0.00019997461058021758,3.0,-3.493166496345752e-05,1.563913770341242e-06,1.5347173073542032e-06,9.596781561745081e-07,1.9195562869595089e-07,1.1678797091547698e-07,-3.83390396407644e-05,-5.364945305693947,SIGNAL_EXIT,1
2026-03-11 20:00:00,2026-03-12 00:00:00,AVAXUSDT,9.701848499999999,9.543226,0.00018948999192566816,3.0,-3.0057376244228942e-05,1.4719000752034071e-06,1.4466766541478613e-06,9.046252214530242e-07,0.0,0.0,-3.297595297358021e-05,-4.904915800323974,SIGNAL_EXIT,1
2026-03-13 00:00:00,2026-03-13 04:00:00,NEARUSDT,1.366683,1.385307,0.0012728295276193903,3.0,2.3705177122383493e-05,1.3927577880668146e-06,1.410607723534268e-06,8.820708626400244e-07,1.7654145548080944e-07,1.0740981396657353e-07,2.0617860341335028e-05,4.088146263617818,SIGNAL_EXIT,1
2026-03-13 04:00:00,2026-03-13 20:00:00,AVAXUSDT,9.9559755,9.660106429607142,0.00018093240340483335,3.0,-5.353230199933352e-05,1.4422406528860187e-06,1.3982610187642432e-06,2.625677927073627e-06,3.57685268291015e-07,2.1761975407469165e-07,-5.694810869334949e-05,-8.91532136834379,STOP_LOSS,5
2026-03-14 00:00:00,2026-03-15 04:00:00,AVAXUSDT,9.718857,9.7101425,0.00016778217076714405,3.0,-1.4621377271502699e-06,1.3055651920219803e-06,1.3033510296866424e-06,8.150018945013954e-07,6.472868366025651e-07,3.938166166872401e-07,-5.112157402148698e-06,-0.26899768151748576,SIGNAL_EXIT,7
2026-03-15 04:00:00,2026-03-15 08:00:00,NEARUSDT,1.3556774999999999,1.3363315,0.0011915272782846748,3.0,-2.3051286725695155e-05,1.2932960142568233e-06,1.2738203480648614e-06,7.965359855332584e-07,0.0,0.0,-2.561840308801684e-05,-4.281106679132728,SIGNAL_EXIT,1
2026-03-15 08:00:00,2026-03-16 00:00:00,BNBUSDT,660.35001,673.433115,2.3298750259883137e-06,3.0,3.0481999601882945e-05,1.231811846845583e-06,1.255211997049613e-06,7.848999481299295e-07,3.0803976681099296e-07,1.8741487067365906e-07,2.7499521120503095e-05,5.943713849568979,SIGNAL_EXIT,4
2026-03-16 00:00:00,2026-03-18 12:00:00,ETHUSDT,2179.379145,2180.462296435065,7.437740078131076e-07,3.0,8.056198839269977e-07,1.2978106975347908e-06,1.2974169448839046e-06,2.4363112385148865e-06,5.967233906437816e-07,8.332495288369799e-07,-3.219580677972459e-06,0.149100000000034,STOP_LOSS,16
2026-03-18 16:00:00,2026-03-18 20:00:00,NEARUSDT,1.3846919999999998,1.389305,0.0011636627829009363,3.0,5.367976417522252e-06,1.2900837039076568e-06,1.2933460180785484e-06,8.087456341160229e-07,1.6174912682323014e-07,9.840999426464683e-08,2.52438757444817e-06,0.9994280316489589,SIGNAL_EXIT,1
2026-03-19 00:00:00,2026-03-19 08:00:00,ETHUSDT,2204.4916949999997,2165.59666,7.343559760490862e-07,3.0,-2.856280139088804e-05,1.2961422340863324e-06,1.2722550791863528e-06,7.95557203092782e-07,-6.173511852563805e-09,9.88430075141004e-08,-3.122386819982226e-05,-5.293061673339562,SIGNAL_EXIT,2
2026-03-24 00:00:00,2026-03-24 04:00:00,SOLUSDT,91.48571999999999,90.29483,1.6672383220660475e-05,3.0,-1.985497445365205e-05,1.2212049504067592e-06,1.2043440068835121e-06,7.53091550077214e-07,1.5063498239866737e-07,9.16480233621826e-08,-2.252280641670317e-05,-3.9051668391525434,SIGNAL_EXIT,1
2026-03-24 08:00:00,2026-03-24 12:00:00,SOLUSDT,91.75585499999998,89.07282434497628,1.5887494248114555e-05,3.0,-4.2626634099204054e-05,1.1671502150066716e-06,1.1321151875553032e-06,2.12590483391709e-06,4.0211511674382456e-08,8.870608241840277e-08,-4.5054817095858814e-05,-8.772292476672034,STOP_LOSS,2
2026-03-25 08:00:00,2026-03-26 04:00:00,SOLUSDT,91.86590999999999,89.13495240359649,1.439831487890107e-05,3.0,-3.93211873939444e-05,1.0590186539766105e-06,1.0267144891382737e-06,1.927981639593574e-06,3.039476251074628e-07,2.416122428625571e-07,-4.1952480405029296e-05,-8.918294924864401,STOP_LOSS,6
2026-04-06 04:00:00,2026-04-06 12:00:00,AVAXUSDT,9.4557255,9.4442755,0.0001265854791950835,3.0,-1.4494037367837012e-06,9.583327010045402e-07,9.564065118543097e-07,5.980530964571746e-07,1.195979607435149e-07,7.276474910245031e-08,-3.556505659488516e-06,-0.36327196680994894,SIGNAL_EXIT,2
2026-04-06 12:00:00,2026-04-06 20:00:00,ETHUSDT,2152.6057650000002,2108.831694031072,5.510979211698746e-07,3.0,-2.4123799512118944e-05,9.497970874217676e-07,9.297382101421351e-07,1.7458779609578384e-06,7.32767034002219e-08,7.189545775152505e-08,-2.614850697083459e-05,-6.100616055294495,STOP_LOSS,3
2026-04-08 00:00:00,2026-04-09 00:00:00,ETHUSDT,2241.130005,2165.6174132067863,4.943549884309428e-07,3.0,-3.733002644232466e-05,8.870406706917646e-07,8.564670170013514e-07,1.6082880890109106e-06,2.390520145073156e-07,2.013046296946614e-07,-3.9513890774219746e-05,-10.108194298154563,STOP_LOSS,7
2026-04-09 04:00:00,2026-04-09 12:00:00,NEARUSDT,1.3296644999999998,1.327336,0.0007441478348178905,3.0,-1.7327482333732598e-06,7.922073328336373e-07,7.901873683806716e-07,4.941141623190777e-07,9.882283246381588e-08,6.012492658837378e-08,-3.4740906936397584e-06,-0.5253580884500716,SIGNAL_EXIT,2
2026-04-09 12:00:00,2026-04-09 16:00:00,BTCUSDT,71185.74508499999,72105.929,1.3753498306113271e-08,3.0,1.2655747916265399e-05,7.83869515168902e-07,7.933670178897791e-07,4.961024373997605e-07,0.0,0.0,1.1078511383206717e-05,3.877955820654523,SIGNAL_EXIT,1
2026-04-09 16:00:00,2026-04-10 20:00:00,NEARUSDT,1.3806899999999998,1.3753119999999999,0.0007331565884943464,3.0,-3.942916132922509e-06,8.10457942488598e-07,8.066552432282692e-07,5.044117328841264e-07,4.000835503413649e-07,2.4341534738238027e-07,-6.203528216363121e-06,-1.1685461617017325,SIGNAL_EXIT,7
2026-04-10 20:00:00,2026-04-11 16:00:00,BTCUSDT,73272.728055,72821.75091,1.3561202105659596e-08,3.0,-6.115792208378313e-06,7.955694747693266e-07,7.900403854228085e-07,4.940222520151346e-07,-1.3153755610743305e-07,1.2027477898947437e-07,-7.69013929145249e-06,-1.8464324598156814,SIGNAL_EXIT,5
2026-04-11 16:00:00,2026-04-12 08:00:00,ETHUSDT,2250.66477,2197.343089630714,4.312567226290351e-07,3.0,-2.2995333121131146e-05,7.771131404698407e-07,7.5809518346056e-07,1.42356381471062e-06,2.705018160197815e-09,1.1885014153417362e-07,-2.4652096604755917e-05,-7.107457460573189,STOP_LOSS,5
2026-04-12 12:00:00,2026-04-12 16:00:00,ETHUSDT,2205.7223099999997,2185.376765,4.0654128744992145e-07,3.0,-8.27130405817018e-06,7.179481086184264e-07,7.107567068849956e-07,4.444451643852426e-07,0.0,0.0,-9.700008873673601e-06,-2.7671948877372072,SIGNAL_EXIT,1
2026-04-12 16:00:00,2026-04-14 00:00:00,NEARUSDT,1.334667,1.4162915,0.0006500800881903055,3.0,5.306246215848958e-05,6.946680873216097e-07,7.365623225785441e-07,4.6058174248283195e-07,3.580641125752203e-07,2.1785024721284978e-07,5.105531738880136e-05,18.347160752457352,SIGNAL_EXIT,8
2026-04-14 00:00:00,2026-04-14 20:00:00,ETHUSDT,2370.64473,2312.1633400000005,4.305511692886016e-07,3.0,-2.5179230846122502e-05,8.172008490547328e-07,7.96403703698591e-07,4.98001315469202e-07,2.3253257925425601e-07,1.847640483627201e-07,-2.7210132026492802e-05,-7.400694325041206,SIGNAL_EXIT,5
2026-04-14 20:00:00,2026-04-15 00:00:00,BTCUSDT,74260.41165,74094.48422500001,1.2646290908444574e-08,3.0,-2.098366486238956e-06,7.518965321911501e-07,7.496163217764061e-07,4.6874457339689504e-07,0.0,0.0,-3.5998793402065118e-06,-0.6703198432915789,SIGNAL_EXIT,1
2026-04-15 00:00:00,2026-04-16 08:00:00,ETHUSDT,2323.60122,2340.34924,3.995211236791068e-07,3.0,6.691187769800153e-06,7.432568217746545e-07,7.480151665330749e-07,4.6774335075854025e-07,3.709110073023364e-08,2.284681097956332e-07,4.934356570966557e-06,2.1623357557025207,SIGNAL_EXIT,8
2026-04-16 08:00:00,2026-04-16 20:00:00,LINKUSDT,9.2956455,9.6381785,0.00010145815023321112,3.0,3.475276457383263e-05,7.550992775449742e-07,7.822974097820044e-07,4.891804713494534e-07,1.9200954931635202e-07,1.1682077682947876e-07,3.2906537560359825e-05,11.054627674861353,SIGNAL_EXIT,3
2026-04-16 20:00:00,2026-04-17 00:00:00,SOLUSDT,90.14504999999998,87.44654028214285,1.155648185501708e-05,3.0,-3.118527859000324e-05,8.340749676898376e-07,8.084594848436832e-07,1.5181387421951348e-06,0.0,0.0,-3.282781304253676e-05,-8.980558725710848,STOP_LOSS,2
2026-04-17 04:00:00,2026-04-17 12:00:00,SOLUSDT,87.773865,88.17589000000001,1.0747561159216345e-05,3.0,4.3207882750340475e-06,7.552882163877494e-07,7.581406164346664e-07,4.7407492273291704e-07,9.480423698544737e-08,5.767996774534785e-08,2.6548752374808365e-06,1.374070744178836,SIGNAL_EXIT,2
2026-04-17 12:00:00,2026-04-18 00:00:00,LINKUSDT,9.521758499999999,9.6021965,9.990940604933129e-05,3.0,8.0365128037962e-06,7.616599169577034e-07,7.674797992671743e-07,4.799148319579146e-07,9.656244094667869e-08,5.874967887850251e-08,6.352060967746141e-06,2.5343427897273676,SIGNAL_EXIT,3
2026-04-18 00:00:00,2026-04-18 08:00:00,BNBUSDT,643.44156,631.0656823028572,1.5080688512521437e-06,3.0,-1.86636756619671e-05,7.76904863280294e-07,7.613523988600961e-07,1.4296802682650208e-06,9.654656785716226e-08,5.8740021511696546e-08,-2.0357219513476347e-05,-5.770163974398587,STOP_LOSS,3
2026-04-18 12:00:00,2026-04-18 16:00:00,BNBUSDT,633.69669,633.053315,1.4349631099122366e-06,3.0,-9.232193908397735e-07,7.280475364479509e-07,7.267265229061206e-07,4.544312924625664e-07,0.0,0.0,-2.377993450193845e-06,-0.30458183393698574,SIGNAL_EXIT,1
2026-04-18 16:00:00,2026-04-19 16:00:00,BTCUSDT,76205.413665,74552.51404164535,1.1839094579596225e-08,3.0,-1.9568834971474672e-05,7.223403521674856e-07,7.06107411908572e-07,1.3259403077902511e-06,-1.572163136954168e-07,1.633431154466195e-07,-2.100340953730193e-05,-6.507016538040794,STOP_LOSS,7
2026-04-19 20:00:00,2026-04-21 04:00:00,BTCUSDT,75002.94273,75672.454845,1.1189471357801657e-08,3.0,7.491486634493765e-06,6.719321692779608e-07,6.773878128501334e-07,4.2357917261761386e-07,-1.8677087435096727e-07,2.054825499810823e-07,6.123454976735556e-06,2.677943387142105,SIGNAL_EXIT,8
2026-04-21 04:00:00,2026-04-22 00:00:00,BNBUSDT,630.184935,631.4141350000001,1.3608686917697194e-06,3.0,1.6727797959234823e-06,6.866284612221262e-07,6.874173822898873e-07,4.298507893257295e-07,1.715701594461756e-07,1.0438522135290933e-07,2.2778571612384003e-08,0.5851615605505257,SIGNAL_EXIT,5
2026-04-22 00:00:00,2026-04-22 04:00:00,BTCUSDT,76374.30807,77482.70926500001,1.1229787225392809e-08,3.0,1.2447109580221272e-05,6.86683129793996e-07,6.960914709543378e-07,4.352748067497116e-07,-3.692871936833182e-08,5.2965227822498685e-08,1.1048298471018773e-05,4.35382482542737,SIGNAL_EXIT,1
2026-04-22 04:00:00,2026-04-22 20:00:00,BNBUSDT,639.889785,643.77795,1.3920922469631652e-06,3.0,5.412684351413635e-06,7.131990461244409e-07,7.169586343686722e-07,4.483233081344737e-07,1.7914417498494887e-07,1.0899333788726067e-07,3.694389158048312e-06,1.822891265563837,SIGNAL_EXIT,4
2026-04-22 20:00:00,2026-04-23 08:00:00,BTCUSDT,78886.04331,77181.78528360643,1.143243939876077e-08,3.0,-1.9483826606596088e-05,7.220655801037569e-07,7.059008663543971e-07,1.32555245309412e-06,-6.995105419331064e-08,5.407752330477927e-08,-2.089591952216571e-05,-6.481215009211369,STOP_LOSS,4
2026-04-23 12:00:00,2026-04-28 08:00:00,BTCUSDT,77743.462305,76089.1713758282,1.0794763653534564e-08,3.0,-1.7857679594595617e-05,6.719153732505592e-07,6.570916972762822e-07,1.2338977790616429e-06,-4.832821490466599e-07,7.148180414320319e-07,-1.941822255750783e-05,-6.383652901957523,STOP_LOSS,30
2026-04-28 12:00:00,2026-04-29 16:00:00,BTCUSDT,76267.104495,74888.77187004323,1.0240512504349308e-08,3.0,-1.4114832481022472e-05,6.253116391125403e-07,6.135195238164324e-07,1.1520772229902596e-06,2.6655767112733037e-08,1.438707693386006e-07,-1.552419018040278e-05,-5.421731822979349,STOP_LOSS,8
2026-04-29 20:00:00,2026-05-05 12:00:00,BTCUSDT,75601.65193499999,80973.542975,9.715117407729001e-09,3.0,5.218855215512761e-05,5.880535826795736e-07,6.29333981537532e-07,3.935305037128039e-07,-1.6186790210425392e-07,7.879518343737866e-07,5.0345080658640974e-05,21.31656214847768,SIGNAL_EXIT,34
2026-05-05 12:00:00,2026-05-05 16:00:00,LINKUSDT,9.7358655,9.715140000000002,9.094141024741247e-05,3.0,-1.8848061980825207e-06,7.088817762603118e-07,7.068068258808375e-07,4.419752538023315e-07,0.0,0.0,-3.30049480022367e-06,-0.6386335144008772,SIGNAL_EXIT,1
2026-05-05 16:00:00,2026-05-06 00:00:00,BTCUSDT,81565.952595,80865.077235,1.0733642500114037e-08,3.0,-7.522945551378628e-06,7.009605887397749e-07,6.943814638276802e-07,4.3420551765106707e-07,-7.217691105906854e-08,5.329277582411933e-08,-8.899403468711134e-06,-2.5778232376444583,SIGNAL_EXIT,2
2026-05-06 00:00:00,2026-05-07 04:00:00,LINKUSDT,9.7678815,9.8580685,8.689938790700629e-05,3.0,7.837195097169197e-06,6.796020204148683e-07,6.853280948762717e-07,4.2854433146337063e-07,3.4681545713686206e-07,2.1100643829149716e-07,5.914443086449698e-06,2.769904610329279,SIGNAL_EXIT,7
2026-05-07 04:00:00,2026-05-07 08:00:00,NEARUSDT,1.486743,1.5032480000000001,0.0005828526235496732,3.0,9.61998255168748e-06,6.937966838223473e-07,7.009376325166393e-07,4.383051729092749e-07,0.0,0.0,8.225248235348494e-06,3.330434379042016,SIGNAL_EXIT,1
2026-05-07 08:00:00,2026-05-07 12:00:00,LINKUSDT,10.1180565,9.824939808107143,8.808095331394842e-05,3.0,-2.5817997654153754e-05,7.135372795871837e-07,6.923120516401909e-07,1.3000351495496939e-06,8.825711522057631e-08,5.369662497259187e-08,-2.7365800725574296e-05,-8.690899044481235,STOP_LOSS,2
2026-05-07 16:00:00,2026-05-07 20:00:00,NEARUSDT,1.4827409999999999,1.4582705000000002,0.0005457300620603402,3.0,-1.3354287483647346e-05,6.478593578458054e-07,6.366576403726108e-07,3.98110080272924e-07,7.962201605460364e-08,4.8442933184031415e-08,-1.4766869431104396e-05,-4.951066976633064,SIGNAL_EXIT,1
2026-05-07 20:00:00,2026-05-08 04:00:00,LINKUSDT,9.8959455,9.850072500000001,7.729541054391746e-05,3.0,-3.54577236788101e-06,6.124188712111549e-07,6.090923182198813e-07,3.808731354550826e-07,7.617462709103067e-08,4.634550283126057e-08,-4.889803687234337e-06,-1.390660447756058,SIGNAL_EXIT,2
2026-05-08 04:00:00,2026-05-08 20:00:00,NEARUSDT,1.48074,1.5682155,0.0005066746995487923,3.0,4.43216226803804e-05,6.006833423617925e-07,6.356600938322073e-07,3.9748630179601025e-07,1.5798117131931345e-07,9.611752761080747e-08,4.283118054525628e-05,17.722658940799878,SIGNAL_EXIT,4
2026-05-08 20:00:00,2026-05-10 16:00:00,SOLUSDT,92.65630499999999,94.482735,9.482832726950846e-06,3.0,1.7319730177484988e-05,7.034781756704077e-07,7.167711772718594e-07,4.4820608883929277e-07,2.4447377171588714e-07,2.6986083685171426e-07,1.5385146215975118e-05,5.913564112015959,SIGNAL_EXIT,11
2026-05-10 16:00:00,2026-05-11 00:00:00,AVAXUSDT,10.1520735,10.216889,9.109102250977067e-05,3.0,5.904110169482034e-06,7.40402526588748e-07,7.445334927030627e-07,4.6556621604738524e-07,9.484397263717323e-08,5.77041433643156e-08,4.266626034188734e-06,1.9153377878913085,SIGNAL_EXIT,2
2026-05-11 00:00:00,2026-05-12 00:00:00,SOLUSDT,96.50822999999998,97.32131500000001,9.714740327425243e-06,3.0,7.898909639124839e-06,7.506424290708011e-07,7.563610428388443e-07,4.72962132840619e-07,1.77004944991172e-07,1.7034227164736206e-07,6.044558950576659e-06,2.527509829990757,SIGNAL_EXIT,6
2026-05-12 00:00:00,2026-05-12 00:00:00,BNBUSDT,670.9353,658.7364252642858,1.4243870665616772e-06,3.0,-1.7375919400157283e-05,7.651493705521848e-07,7.506365155356173e-07,1.4095578033342027e-06,0.0,0.0,-1.8891705286245085e-05,-5.4545683029559715,STOP_LOSS,1
2026-05-12 04:00:00,2026-05-12 12:00:00,SOLUSDT,96.18807,94.922515,9.346707840729424e-06,3.0,-1.1828772841374252e-05,7.198092778651967e-07,7.097704121698051e-07,4.4382842181698685e-07,3.141748349611469e-08,5.401173082135406e-08,-1.3343781745726721e-05,-3.947126707085376,SIGNAL_EXIT,2
2026-05-12 12:00:00,2026-05-12 12:00:00,BNBUSDT,663.7316999999999,650.3176153071429,1.2942616239252097e-06,3.0,-1.7361335038047458e-05,6.877842016754524e-07,6.733449062836741e-07,1.2644183267719728e-06,0.0,0.0,-1.8722464146006583e-05,-6.063030299527828,STOP_LOSS,1
2026-05-12 16:00:00,2026-05-12 20:00:00,SOLUSDT,93.896925,94.87254,8.551078849159019e-06,3.0,8.342560791422316e-06,6.428502877250366e-07,6.490100561279944e-07,4.058342021810951e-07,6.5704557333118e-08,4.9382821772738555e-08,6.935613068463428e-06,3.1170829076671196,SIGNAL_EXIT,1
2026-05-12 20:00:00,2026-05-17 04:00:00,BNBUSDT,663.401535,652.443615,1.2416465136798286e-06,3.0,-1.3605863165182399e-05,6.594957590893489e-07,6.480834719499315e-07,4.052547973673403e-07,1.082585387044874e-06,6.586571675685598e-07,-1.665468495083511e-05,-4.955333725599511,SIGNAL_EXIT,26
2026-05-17 04:00:00,2026-05-18 00:00:00,NEARUSDT,1.5047519999999999,1.5062465,0.0005142283376223944,3.0,7.685142505767591e-07,6.195245152073444e-07,6.196437069956399e-07,3.874710523983978e-07,1.5822805948641074e-07,9.626773715805658e-08,-7.251497682706925e-07,0.29795607515394756,SIGNAL_EXIT,5
2026-05-21 04:00:00,2026-05-21 12:00:00,NEARUSDT,1.7368679999999999,1.7381305000000002,0.0004442550674827361,3.0,5.608720226971268e-07,6.177841557634947e-07,6.177386260570416e-07,3.8627978117617527e-07,7.725595623524781e-08,4.700339568651474e-08,-7.989101110451721e-07,0.2180649306683735,SIGNAL_EXIT,2
2026-05-22 04:00:00,2026-05-22 08:00:00,NEARUSDT,2.1200595,2.2388800000000004,0.00036282830628090205,3.0,4.311144076645008e-05,6.158667714969865e-07,6.49863230692949e-07,4.063677030345333e-07,0.0,0.0,4.184571076426015e-05,16.813749802776822,SIGNAL_EXIT,1
2026-05-25 16:00:00,2026-05-25 20:00:00,NEARUSDT,2.7123554999999997,2.7526230000000003,0.00032984404153020585,3.0,1.3281994942317751e-05,7.162964773312107e-07,7.263490361032e-07,4.5419524518700755e-07,9.08390490374187e-08,5.526750264653962e-08,1.1693242877199384e-05,4.453785648673329,SIGNAL_EXIT,1
2026-07-07 00:00:00,2026-07-07 04:00:00,SOLUSDT,81.98097,81.009475,1.1340509450368482e-05,3.0,-1.1017248228485779e-05,7.443602602364892e-07,7.349509734455115e-07,4.595741454762096e-07,6.264914751131322e-08,5.592201937500131e-08,-1.2615130629054095e-05,-3.5550750375361666,SIGNAL_EXIT,1
2026-07-10 12:00:00,2026-07-13 00:00:00,ETHUSDT,1802.12061,1805.8966,4.94911852465703e-07,3.0,1.8687822057920156e-06,7.140839467267594e-07,7.150077053340118e-07,4.4710336751747626e-07,1.8978254535804505e-07,3.8092637727352446e-07,-1.3101836890032516e-07,0.6285911129999383,SIGNAL_EXIT,15
2026-07-14 16:00:00,2026-07-17 00:00:00,LINKUSDT,8.300147999999998,8.332831500000001,0.00010740749548069594,3.0,3.510452878543621e-06,7.137695026413989e-07,7.160068493421207e-07,4.4772814491114e-07,6.325549631344627e-07,3.848535786048901e-07,1.063267984820749e-06,1.1813102609737594,SIGNAL_EXIT,14
2026-07-17 20:00:00,2026-07-21 12:00:00,LINKUSDT,8.2471215,8.697649,0.00010848456166317006,3.0,4.8875278354703825e-05,7.163213458049685e-07,7.548485114120876e-07,4.7201632779642816e-07,1.0064655208300604e-06,6.123449818724225e-07,4.578529799478429e-05,16.388536291116836,SIGNAL_EXIT,22
2026-07-21 12:00:00,2026-07-22 16:00:00,BTCUSDT,66378.76279499999,66014.35631,1.5546107319995158e-08,3.0,-5.665102323911972e-06,8.262060609924512e-07,8.210130142845277e-07,5.13389828842279e-07,1.885431263104629e-07,1.8790879395127698e-07,-7.688773319450691e-06,-1.6469415954259123,SIGNAL_EXIT,7
2026-07-22 16:00:00,2026-07-22 20:00:00,ETHUSDT,1944.0115199999998,1924.1774300000002,5.189699201356513e-07,3.0,-1.0293296103263116e-05,8.077530050257695e-07,7.988721657391383e-07,4.995448760249294e-07,1.4276918395992169e-08,6.078543234318939e-08,-1.1974983624767204e-05,-3.060798219961105,SIGNAL_EXIT,1
2026-07-22 20:00:00,2026-07-23 04:00:00,BTCUSDT,65956.151595,65629.698735,1.4752032506962458e-08,3.0,-4.815843202710936e-06,7.790130443263282e-07,7.745371593286983e-07,4.843278885247093e-07,-3.322489315279434e-09,5.89341107034389e-08,-6.425005027754122e-06,-1.4848631345468883,SIGNAL_EXIT,2
2026-07-23 04:00:00,2026-07-23 12:00:00,ETHUSDT,1921.5202799999997,1925.0669850000002,4.963401673243795e-07,3.0,1.7603721531504263e-06,7.635930322597184e-07,7.64390455556431e-07,4.779830262357949e-07,-3.1671319755887324e-08,5.81623555174354e-08,2.0589762957272878e-07,0.5537342025867814,SIGNAL_EXIT,2
2026-07-23 12:00:00,2026-07-23 12:00:00,LINKUSDT,8.639317499999999,8.454973130892856,0.00011046531118074958,3.0,-2.0363658097839452e-05,7.640871865706929e-07,7.471849903431648e-07,1.4030764716008588e-06,0.0,0.0,-2.187493027475331e-05,-6.401351811892867,STOP_LOSS,1
2026-07-23 16:00:00,2026-07-24 04:00:00,LINKUSDT,8.4972465,8.446774500000002,0.00010459536569113242,3.0,-5.279137297162564e-06,7.11587353911285e-07,7.06794774190426e-07,4.4196771772773996e-07,1.7683938477399756e-07,1.0759107751098794e-07,-6.981949887549261e-06,-1.781941950254029,SIGNAL_EXIT,3
2026-07-24 04:00:00,2026-07-24 08:00:00,BTCUSDT,65489.428349999995,65467.190030000005,1.3251658075471311e-08,3.0,-2.9469461281277565e-07,6.948306741811668e-07,6.940390539515716e-07,4.33991404421905e-07,0.0,0.0,-1.683564340945514e-06,-0.10187134272026123,SIGNAL_EXIT,1
2026-07-24 08:00:00,2026-07-24 12:00:00,LINKUSDT,8.562279,8.3614679565,0.00010076719756315566,3.0,-2.0235166093227935e-05,6.907901197628976e-07,6.740493547925048e-07,1.2657411519638791e-06,8.52490491384297e-08,5.1866483619091757e-08,-2.1737121100540856e-05,-7.035896990742764,STOP_LOSS,2
2026-07-25 20:00:00,2026-07-26 12:00:00,AVAXUSDT,6.713355,6.694651,0.00011881356868106596,3.0,-2.2222889886106114e-06,6.386210291215994e-07,6.363323011074135e-07,3.9790664151289543e-07,1.5994682615845099e-07,9.731345419937698e-08,-3.754502599197452e-06,-0.8358264980773223,SIGNAL_EXIT,4
2026-07-26 12:00:00,2026-07-26 16:00:00,ETHUSDT,1886.8129349999997,1913.6726850000002,4.167785548817659e-07,3.0,1.1194567789485733e-05,6.296102228835255e-07,6.380621889368071e-07,3.989883622665879e-07,0.0,0.0,9.9268953776654e-06,4.270653889703253,SIGNAL_EXIT,1
2026-07-26 16:00:00,2026-07-26 20:00:00,LINKUSDT,8.597296499999999,8.574710500000002,9.492984567481338e-05,3.0,-2.1440854944110393e-06,6.534347717899224e-07,6.511967555769617e-07,4.072015730219909e-07,8.144980758898988e-08,4.9554982182060915e-08,-3.5797218115489737e-06,-0.788131478308218,SIGNAL_EXIT,1
2026-07-26 20:00:00,2026-07-27 00:00:00,ETHUSDT,1915.167105,1953.7426400000002,4.205426533071713e-07,3.0,1.6222657841643723e-05,6.448434394422049e-07,6.573056909639662e-07,4.11021567636239e-07,0.0,0.0,1.4920508711237551e-05,6.042637464786684,SIGNAL_EXIT,1
2026-07-27 00:00:00,2026-07-27 08:00:00,LINKUSDT,8.8274115,8.803596,9.630628104015764e-05,3.0,-2.2935822361118307e-06,6.806526603491749e-07,6.782732724320062e-07,4.241328617007759e-07,8.449913098463431e-08,5.141022495072434e-08,-3.7884175248283703e-06,-0.8093709010846342,SIGNAL_EXIT,2
2026-07-27 08:00:00,2026-07-27 12:00:00,ETHUSDT,1965.3521849999997,1934.9803542225,4.267830563933731e-07,3.0,-1.2962182767483674e-05,6.715604582895869e-07,6.606534637089682e-07,1.2405861236397165e-06,6.824648249318797e-08,5.0884718358652456e-08,-1.4413527890334068e-05,-4.636089807613761,STOP_LOSS,2
2026-07-27 16:00:00,2026-07-27 20:00:00,ETHUSDT,1928.7038699999998,1892.2975881235714,4.1249101719261264e-07,3.0,-1.5017264243408955e-05,6.36967991352785e-07,6.244446055649757e-07,1.1725925242206605e-06,6.55786864944536e-08,4.889560414976282e-08,-1.639315113097093e-05,-5.662810518925614,STOP_LOSS,2
2026-07-29 08:00:00,2026-07-29 16:00:00,ETHUSDT,1925.672355,1891.163945,3.876219697662067e-07,3.0,-1.3376217857699832e-05,5.976244286384548e-07,5.864453548093841e-07,3.6671170260712507e-07,4.259130750333357e-08,4.5168262457338203e-08,-1.4648047211108342e-05,-5.376056302163602,SIGNAL_EXIT,2
2026-07-30 12:00:00,2026-07-31 08:00:00,BNBUSDT,589.2945,589.475115,1.1921440384212166e-06,3.0,2.1531909549943476e-07,5.624691153317948e-07,5.621913953159289e-07,3.515453947698667e-07,1.4115939130137945e-07,8.588296679679332e-08,-1.1363837732464615e-06,0.09194808368311033,SIGNAL_EXIT,5
2026-08-04 16:00:00,2026-08-05 12:00:00,BNBUSDT,593.5766399999999,596.32169,1.1778049436897114e-06,3.0,3.2331334606755666e-06,5.597417942760033e-07,5.618805076091229e-07,3.513509927520954e-07,2.1073403832990688e-07,1.2821296727045817e-07,1.7725641531900755e-06,1.3873777108210186,SIGNAL_EXIT,5
2026-08-05 16:00:00,2026-08-05 20:00:00,BNBUSDT,600.17994,591.1062343757143,1.173699573091914e-06,3.0,-1.0649804417585834e-05,5.639959482436594e-07,5.550249079509958e-07,1.042235054990565e-06,7.039028449704136e-08,4.282624351481716e-08,-1.1882041801792348e-05,-4.535492617906744,STOP_LOSS,2
2026-08-06 00:00:00,2026-08-07 04:00:00,BNBUSDT,594.15693,585.3479462121428,1.1256509805436047e-06,3.0,-9.91584123839416e-06,5.354790479193578e-07,5.27117991690307e-07,9.898309808906852e-07,2.670212973496512e-07,1.624587709177283e-07,-1.1407918346271205e-05,-4.447806636467501,STOP_LOSS,8
2026-08-07 08:00:00,2026-08-10 20:00:00,BNBUSDT,585.75273,600.37966,1.083421249810471e-06,3.0,1.5847126781490165e-05,5.08100043888307e-07,5.203712652783885e-07,3.253947381680829e-07,7.148965951086891e-07,4.3495115680808523e-07,1.3668807720406696e-05,7.491350488456059,SIGNAL_EXIT,21
2026-08-11 12:00:00,2026-08-11 12:00:00,LINKUSDT,8.682339,8.488729634357144,7.781204728808521e-05,3.0,-1.5065141114818153e-05,5.409051824172831e-07,5.284203453794948e-07,9.922765624301908e-07,0.0,0.0,-1.6134466642614932e-05,-6.689765245616076,STOP_LOSS,1
2026-08-17 16:00:00,2026-08-19 16:00:00,LINKUSDT,9.520757999999999,9.911042,6.587982759684512e-05,3.0,2.571184263380718e-05,5.021824624750071e-07,5.223501906120729e-07,3.266321852251739e-07,3.7753752800924035e-07,2.2969809294044584e-07,2.4080074359770413e-05,12.297886365770495,SIGNAL_EXIT,12
2026-08-19 16:00:00,2026-08-20 20:00:00,ETHUSDT,2086.872915,2322.6181100000003,3.3514658295909294e-07,3.0,7.900919655327518e-05,5.599746409384561e-07,6.227340184683255e-07,3.8940346327429277e-07,2.488963846160666e-07,1.8297754499414748e-07,7.739461396425818e-05,33.889729456764805,SIGNAL_EXIT,7
2026-08-20 20:00:00,2026-08-22 00:00:00,BTCUSDT,72727.10538,78298.860985,1.2806867762504534e-08,3.0,7.135673723822861e-05,7.457217144526758e-07,8.022105268716965e-07,5.016323954924568e-07,2.0439124455057425e-07,1.778581874460928e-07,6.942655556490755e-05,22.983544756336126,SIGNAL_EXIT,7
2026-08-22 00:00:00,2026-08-22 04:00:00,AVAXUSDT,7.8449205,8.0789585,0.00014525570581789312,3.0,3.3995354878208195e-05,9.123454478084539e-07,9.388118553527737e-07,5.87050935062955e-07,1.1739566144202123e-07,7.142484535220699e-08,3.1955377068252735e-05,8.949918612942,SIGNAL_EXIT,1
2026-08-22 04:00:00,2026-08-22 04:00:00,NEARUSDT,2.0980485,1.9821422486785714,0.0005887894882375471,3.0,-6.824438239907648e-05,9.890383527722605e-07,9.336516161707815e-07,1.7532266202505852e-06,0.0,0.0,-7.016707236801953e-05,-16.57343736163801,STOP_LOSS,1
2026-08-22 08:00:00,2026-08-23 04:00:00,BNBUSDT,706.423035,688.9753400000001,1.450938086244849e-06,3.0,-2.5315525192683756e-05,8.206373790890138e-07,7.997284490315955e-07,5.000803208051152e-07,3.0209691706086755e-07,1.8379917381450607e-07,-2.742178711167974e-05,-7.409594875399252,SIGNAL_EXIT,5
2026-08-23 04:00:00,2026-08-24 00:00:00,SOLUSDT,93.75685499999999,95.39228,1.0055547804330754e-05,3.0,1.6445094267897747e-05,7.548250900209822e-07,7.673773053632836e-07,4.798507412226456e-07,1.9075374184815442e-07,1.1605672939274735e-07,1.461608140127258e-05,5.232977364695132,SIGNAL_EXIT,5
2026-08-24 00:00:00,2026-08-24 12:00:00,NEARUSDT,2.0160075,1.9890050000000001,0.0004893779924155348,3.0,-1.3214429240200498e-05,7.899036853840363e-07,7.787002190435687e-07,4.869311024533872e-07,1.9413624959124267e-07,1.1811468527872394e-07,-1.5095284079498071e-05,-4.018214217953064,SIGNAL_EXIT,3
2026-08-24 12:00:00,2026-08-25 20:00:00,SOLUSDT,95.88792,95.93557629624,9.817087277395923e-06,3.0,4.6784601950558063e-07,7.536750035932411e-07,7.53446340405971e-07,1.4148341394703882e-06,3.8747061775153975e-07,2.3574149684480318e-07,-1.6624874390899742e-06,0.14910000000002088,STOP_LOSS,9
2026-08-26 00:00:00,2026-08-28 08:00:00,SOLUSDT,96.64829999999999,104.912395,9.688288434877197e-06,3.0,8.006493601322659e-05,7.496850337394251e-07,8.131372345230146e-07,1.5269226987787194e-06,5.429370095426707e-07,4.197801500818096e-07,7.753939658533967e-05,25.65206527171201,STOP_LOSS,15
2026-08-28 12:00:00,2026-08-30 20:00:00,SOLUSDT,105.89292,101.5671261557143,1.1037458428238224e-05,3.0,-4.774576972543221e-05,9.357795855442402e-07,8.968343460954591e-07,1.6840905347309632e-06,1.9187205371575825e-08,4.916550194630974e-07,-5.0089225881906584e-05,-12.255192823898986,STOP_LOSS,15
2026-08-31 00:00:00,2026-09-01 04:00:00,SOLUSDT,101.80087499999999,103.60817,1.000621300004693e-05,3.0,1.8084178723919922e-05,8.155654434276642e-07,8.29380334052058e-07,5.186220197923861e-07,-1.7973032511654935e-07,2.5119254975735725e-07,1.6367770721799394e-05,5.325970921173351,SIGNAL_EXIT,7
2026-09-01 04:00:00,2026-09-01 08:00:00,NEARUSDT,1.9759875,1.9380305000000002,0.0005403400924129421,3.0,-2.0509688887717934e-05,8.548480931599827e-07,8.377564635752805e-07,5.238597195942639e-07,0.0,0.0,-2.2202293444453197e-05,-5.762738883722665,SIGNAL_EXIT,1
2026-09-01 08:00:00,2026-09-01 12:00:00,SOLUSDT,103.201575,102.22886000000001,9.700934055780889e-06,3.0,-9.436244070068847e-06,8.015625888932952e-07,7.933723435661254e-07,4.961057676125331e-07,-4.0506034789177066e-08,6.037317177372132e-08,-1.1051046139512812e-05,-2.8276167296865204,SIGNAL_EXIT,1
2026-09-01 12:00:00,2026-09-01 16:00:00,NEARUSDT,1.9789889999999999,1.8873323200714287,0.0004891513078748403,3.0,-4.483398486252622e-05,7.750400781584645e-07,7.385528582059168e-07,1.3868669095003156e-06,0.0,0.0,-4.63475777988906e-05,-13.894470347521565,STOP_LOSS,2
2026-09-01 20:00:00,2026-09-03 12:00:00,SOLUSDT,100.140045,100.7496,8.279340781302503e-06,3.0,5.04671356994685e-06,6.638058914411271e-07,6.673122175839317e-07,4.172787753776149e-07,6.26189808237504e-09,2.5143909008411023e-07,3.4578944727553054e-06,1.8261076275729662,SIGNAL_EXIT,10
2026-09-03 12:00:00,2026-09-04 08:00:00,BNBUSDT,711.7857149999999,714.152745,1.1793703149570786e-06,3.0,2.7916049166129877e-06,6.7210483817574e-07,6.738004382384898e-07,4.2133594187000197e-07,1.7078815341987943e-07,1.0390944006076775e-07,1.1710020467181108e-06,0.9976443542422513,SIGNAL_EXIT,5
2026-09-04 08:00:00,2026-09-04 12:00:00,LINKUSDT,11.927961,12.0169885,7.067168802922322e-05,3.0,6.291723706021689e-06,6.749152430878635e-07,6.794086898582105e-07,4.2484285258764817e-07,8.496857051753508e-08,5.169583726064952e-08,4.8007353652974304e-06,2.2391295544980467,SIGNAL_EXIT,1
2026-09-04 12:00:00,2026-09-04 12:00:00,NEARUSDT,2.023011,1.941237626357143,0.0004238038364337895,3.0,-3.465586946797651e-05,6.864370079645773e-07,6.581631627838244e-07,1.2359097949120174e-06,0.0,0.0,-3.600046963872492e-05,-12.126484775840119,STOP_LOSS,1
2026-09-04 16:00:00,2026-09-04 20:00:00,BNBUSDT,716.9983199999999,719.73995,1.0452532373558636e-06,3.0,2.865697633132061e-06,6.000358808316377e-07,6.01848410233478e-07,3.763434281099798e-07,7.526868562199574e-08,4.579431781701771e-08,1.542750338627932e-06,1.1471282108443854,SIGNAL_EXIT,1
2026-09-04 20:00:00,2026-09-05 12:00:00,NEARUSDT,2.167083,2.168160040251,0.00034796515111501795,3.0,3.7477247369627806e-07,6.037384816443447e-07,6.035553088379862e-07,1.1333662534513046e-06,1.567930970924271e-07,9.539468984252922e-08,-1.0847091037210091e-06,0.14910000000004225,STOP_LOSS,5
2026-09-05 16:00:00,2026-09-07 00:00:00,NEARUSDT,2.177088,2.370488925,0.0003448725267717577,3.0,6.669866568474526e-05,6.011351797954143e-07,6.540132041993741e-07,1.2281169332737073e-06,3.178000334201747e-07,1.9335312703334076e-07,6.493236414029696e-05,26.650405266116966,STOP_LOSS,9
2026-09-07 04:00:00,2026-09-07 08:00:00,NEARUSDT,2.4022004999999997,2.2998495,0.00039358042524403214,3.0,-4.028335010415179e-05,7.569728537321269e-07,7.241405953658198e-07,4.528142792432803e-07,0.0,0.0,-4.176446355324974e-05,-12.78215536130306,SIGNAL_EXIT,1
2026-09-07 08:00:00,2026-09-07 16:00:00,LINKUSDT,13.192592999999999,12.859567,6.217624832087257e-05,3.0,-2.0706307273306813e-05,6.567381412043275e-07,6.396477048727187e-07,3.999798054481401e-07,8.189233666342125e-08,4.982422186534109e-08,-2.2134409677912622e-05,-7.573022225426007,SIGNAL_EXIT,2
2026-09-07 16:00:00,2026-09-08 12:00:00,AVAXUSDT,8.092044,7.849359416142858,9.316753985935992e-05,3.0,-2.2610325639762438e-05,6.036155579773374e-07,5.850444050191454e-07,1.0986061686638135e-06,2.2534432865783383e-07,1.371020327981345e-07,-2.4161431964214887e-05,-8.997155126336754,STOP_LOSS,6
2026-09-08 16:00:00,2026-09-09 00:00:00,NEARUSDT,2.4132059999999997,2.316841,0.0002824000617675257,3.0,-2.7213481952227498e-05,5.456281212632215e-07,5.234208332044289e-07,3.273016715885369e-07,6.571449437330323e-08,3.9981440032430285e-08,-2.8388226841100886e-05,-11.979706664080846,SIGNAL_EXIT,2
2026-09-09 00:00:00,2026-09-09 08:00:00,AVAXUSDT,8.008002,8.023986,7.447462858761519e-05,3.0,1.1904024633445404e-06,4.774963768445794e-07,4.780667017137792e-07,2.98941159150668e-07,5.91849873385778e-08,3.600881426029526e-08,1.396455831873087e-07,0.5988010492505371,SIGNAL_EXIT,2
2026-09-09 08:00:00,2026-09-09 20:00:00,NEARUSDT,2.4362174999999997,2.4374283000974994,0.00024497466924814466,3.0,2.966153534106207e-07,4.778315262442288e-07,4.776865533059619e-07,8.970077991474107e-07,1.2503507118425304e-07,7.607274845798344e-08,-8.600105457818065e-07,0.1490999999999683,STOP_LOSS,4
2026-09-10 00:00:00,2026-09-11 16:00:00,NEARUSDT,2.4842415,2.6156915,0.00023920122446509582,3.0,3.1443000955936865e-05,4.757675009343526e-07,5.005412876983546e-07,3.129948022125623e-07,2.938826243778167e-07,1.7880150543938957e-07,2.9994008037486954e-05,15.874060553291628,SIGNAL_EXIT,10
2026-09-11 16:00:00,2026-09-12 00:00:00,ETHUSDT,2560.7097149999995,2515.1817800000003,2.6716954411217873e-07,3.0,-1.2163677638318681e-05,5.477531202243211e-07,5.375839756174866e-07,3.3615806379274806e-07,3.3916934535016063e-08,4.127914734671453e-08,-1.3324210816042218e-05,-5.333826173264527,SIGNAL_EXIT,2
2026-09-12 00:00:00,2026-09-12 08:00:00,NEARUSDT,2.365182,2.3608190000000002,0.0002723693114601789,3.0,-1.1883473059006714e-06,5.157750142658197e-07,5.144117164096865e-07,3.2166815683443765e-07,6.490560692096063e-08,3.9489303777297517e-08,-2.3229289472744356e-06,-0.5534035012949963,SIGNAL_EXIT,2
2026-09-12 08:00:00,2026-09-13 12:00:00,ETHUSDT,2525.452095,2478.889935,2.5232701197036914e-07,3.0,-1.174889070368623e-05,5.10199984792361e-07,5.003927122415781e-07,3.129018960990254e-07,1.0238358298459781e-07,1.5440394362972227e-07,-1.301627092733449e-05,-5.531147483516207,SIGNAL_EXIT,7
2026-09-13 12:00:00,2026-09-14 20:00:00,NEARUSDT,2.30115,2.463449275,0.0002599666285439372,3.0,4.2192395336875336e-05,4.789609345667583e-07,5.123316820886051e-07,9.620650014182228e-07,2.509197898706082e-07,1.5266243204539244e-07,4.079752049830397e-05,21.158891206570637,STOP_LOSS,9
2026-09-15 00:00:00,2026-09-15 04:00:00,NEARUSDT,2.4682334999999997,2.34171564975,0.00029191600175574846,3.0,-3.693258499571251e-05,5.768749837626879e-07,5.468674157791078e-07,1.026916779755382e-06,7.05560976243644e-08,4.2927126092852326e-08,-3.8169810618971524e-05,-15.377538257624327,STOP_LOSS,2
2026-09-15 08:00:00,2026-09-18 16:00:00,NEARUSDT,2.359179,3.609327875,0.00025691099760050763,3.0,0.0003211769946254023,4.852674382771562e-07,7.418208200268562e-07,1.393003542864638e-06,7.116691544531662e-07,4.3298754548827516e-07,0.0003188052496671568,158.97253345337506,STOP_LOSS,21
2026-09-18 20:00:00,2026-09-19 00:00:00,SOLUSDT,114.23709,112.673635,1.3671125961020521e-05,3.0,-2.137419023938721e-05,1.250400037478333e-06,1.2323003652568405e-06,7.705730147929156e-07,0.0,0.0,-2.3856890642122384e-05,-4.105816245844473,SIGNAL_EXIT,1
2026-09-19 00:00:00,2026-09-19 12:00:00,NEARUSDT,3.7648814999999995,3.6821580000000003,0.00039582553432866664,3.0,-3.274407358903717e-05,1.1931434999372392e-06,1.1659937262660597e-06,7.291106342333641e-07,2.94494197540528e-07,1.7917359345381576e-07,-3.557687860623482e-05,-6.591721412745604,SIGNAL_EXIT,3
2026-09-19 12:00:00,2026-09-20 04:00:00,AVAXUSDT,9.322659,9.565,0.00014841162592255731,3.0,3.596622183769842e-05,1.1077589912822759e-06,1.1356457615594086e-06,0.00010638887404258534,2.8465349851946496e-07,1.7318640110698296e-07,3.326497718523029e-05,7.798451064229626,STOP_LOSS,5
2026-09-20 08:00:00,2026-09-21 04:00:00,AVAXUSDT,9.596796,11.1855964,0.00015456263483375166,3.0,0.0002455691760489186,1.1875949365268284e-06,1.3831002014167418e-06,2.597208690692331e-06,5.072900237878564e-07,3.086409757626322e-07,0.00024218254991142452,49.66658872398664,STOP_LOSS,6
2026-09-21 08:00:00,2026-09-21 12:00:00,NEARUSDT,4.2671325,4.1729125,0.0005177417123411319,3.0,-4.878162413678143e-05,1.7688330563142473e-06,1.7283926905597706e-06,1.080785824512123e-06,2.1620893907365668e-07,1.3154395867284608e-07,-5.262660278140195e-05,-6.624120530590506,SIGNAL_EXIT,1
2026-09-21 12:00:00,2026-09-21 16:00:00,AVAXUSDT,11.304649499999998,11.066464,0.00018147568244720588,3.0,-4.322487616152866e-05,1.6425292096388826e-06,1.6066352853419487e-06,1.0046493780276083e-06,0.0,0.0,-4.647404065650949e-05,-6.3209080476134645,SIGNAL_EXIT,1
2026-09-21 16:00:00,2026-09-22 00:00:00,BTCUSDT,85920.3387,86535.51060000001,2.2255596608431572e-08,3.0,1.3691017651242757e-05,1.53099151206326e-06,1.5407195329746038e-06,9.634314238209087e-07,1.0370856019408716e-07,1.1706393038949429e-07,1.0398534115621312e-05,2.1479381109563147,SIGNAL_EXIT,2
