entry_time,exit_time,symbol,entry_price,exit_price,units,leverage,gross_ret_pct,net_pnl_usdt,fees_paid_usdt,exit_reason,bars_held
2020-10-15 20:00:00,2020-10-16 04:00:00,BTCUSDT,11520.93,11338.09842530434,2.6018732862711604,3.0,-4.760854584542903,-499.3048264154569,23.60023632792998,STOP_LOSS,3
2020-10-18 08:00:00,2020-10-28 12:00:00,BTCUSDT,11455.4,13146.756241000001,2.478560780106045,3.0,44.29412087749013,4166.061216606546,26.068027523645583,STOP_LOSS,62
2020-10-28 16:00:00,2020-11-02 12:00:00,BTCUSDT,13221.26,13227.83096622,3.053699946375949,3.0,0.14910000000001425,-12.249302176118814,32.315061369772906,STOP_LOSS,30
2020-11-02 16:00:00,2020-11-06 12:00:00,BTCUSDT,13498.6,15572.35,2.979966959997018,3.0,46.08811284133169,6142.582412502208,37.12407079160766,SIGNAL_EXIT,23
2020-11-06 12:00:00,2020-11-07 12:00:00,ETHUSDT,443.39,443.61036483,131.87550698272685,3.0,0.14909999999999599,-17.740349734387298,46.80107341179893,STOP_LOSS,7
2020-11-07 16:00:00,2020-11-07 16:00:00,ETHUSDT,447.88,424.86602928571426,129.0353633473777,3.0,-15.415270193546753,-3013.474267154041,43.858193970271806,STOP_LOSS,1
2020-11-07 20:00:00,2020-11-09 08:00:00,ETHUSDT,431.04,444.8,112.79803826168364,3.0,9.576837416481062,1511.9629525457283,40.13805393503751,SIGNAL_EXIT,9
2020-11-09 08:00:00,2020-11-09 12:00:00,BTCUSDT,15303.27,15802.4,3.446089510107931,3.0,9.784771490014862,1676.4814692805453,43.56518789962366,SIGNAL_EXIT,1
2020-11-09 12:00:00,2020-11-09 12:00:00,ETHUSDT,458.22,436.97605125,125.72353046204677,3.0,-13.908569300772566,-2714.8147753171984,43.95053751241143,STOP_LOSS,1
2020-11-09 16:00:00,2020-11-09 20:00:00,ETHUSDT,437.71,446.55,112.70669089378877,3.0,6.058806058806081,956.0638092461992,40.26333825489711,SIGNAL_EXIT,1
2020-11-09 20:00:00,2020-11-10 12:00:00,NEARUSDT,0.8766,0.8770356702000001,59357.2511816227,3.0,0.14910000000000534,-15.786555763294647,41.646741257043374,STOP_LOSS,5
2020-11-10 16:00:00,2020-11-11 04:00:00,NEARUSDT,0.9023,0.9418401175,57417.43184175913,3.0,13.14644270198381,2227.029568969483,43.26243260191252,STOP_LOSS,4
2020-11-11 08:00:00,2020-11-11 12:00:00,NEARUSDT,0.9479,0.8744,61511.19819145359,3.0,-23.261947462812536,-4564.101380430725,43.02831335888562,SIGNAL_EXIT,1
2020-11-11 12:00:00,2020-11-12 04:00:00,ETHUSDT,460.0,457.88,96.6505047319489,3.0,-1.382608695652177,-240.3025365170639,35.40346648533181,SIGNAL_EXIT,4
2020-11-12 04:00:00,2020-11-15 16:00:00,BTCUSDT,15628.14,16027.19,2.78575637694556,3.0,7.66022060206783,1075.9378048225144,35.71827739761449,SIGNAL_EXIT,21
2020-11-15 16:00:00,2020-11-15 16:00:00,SOLUSDT,2.1965,2.063564289285714,21146.731701289096,3.0,-18.15648222822025,-2846.065920294295,34.910112299109045,STOP_LOSS,1
2020-11-15 20:00:00,2020-11-16 04:00:00,BTCUSDT,15855.29,16006.5,2.3844377408657174,3.0,2.8610640360409514,330.01762863696933,30.533202159333683,SIGNAL_EXIT,2
2020-11-16 04:00:00,2020-11-16 20:00:00,SOLUSDT,2.1591,2.2422,17917.686503805333,3.0,11.54647769904126,1456.8197191231563,32.140029343065855,SIGNAL_EXIT,4
2020-11-16 20:00:00,2020-11-17 04:00:00,BTCUSDT,16778.93,16573.57,2.558039859426784,3.0,-3.671747840893321,-559.2357476702858,33.91668213839997,SIGNAL_EXIT,2
2020-11-17 04:00:00,2020-11-17 08:00:00,SOLUSDT,2.2963,2.2478,17907.65806385313,3.0,-6.336280102774055,-900.7236831336238,32.20226703674325,SIGNAL_EXIT,1
2020-11-17 08:00:00,2020-11-18 12:00:00,BTCUSDT,16750.0,17526.75387475,2.287919680415267,3.0,13.912009697014929,1745.070632780273,32.07984409906805,STOP_LOSS,8
2020-11-18 16:00:00,2020-11-21 04:00:00,BTCUSDT,17873.89,18659.47,2.426415674193351,3.0,13.185378224885602,1869.9231209487043,36.22050438411249,SIGNAL_EXIT,15
2020-11-21 04:00:00,2020-11-21 12:00:00,NEARUSDT,1.0432,1.102,46494.68739130162,3.0,16.909509202454043,2692.8979022043723,40.98971640417151,STOP_LOSS,3
2020-11-21 16:00:00,2020-11-22 00:00:00,NEARUSDT,1.1785,1.0990846107142858,47886.62024629565,3.0,-20.216051578883583,-3845.039746334197,42.10515789745815,STOP_LOSS,3
2020-11-22 04:00:00,2020-11-22 08:00:00,BNBUSDT,30.4753,29.9452,1468.276127888439,3.0,-5.21832434791455,-813.5074332375387,35.17425784387591,SIGNAL_EXIT,1
2020-11-22 08:00:00,2020-11-22 08:00:00,ETHUSDT,542.32,518.0239396428573,77.81419609310578,3.0,-13.440068791751791,-1922.8260980568757,32.24769313623399,STOP_LOSS,1
2020-11-22 12:00:00,2020-11-23 00:00:00,ETHUSDT,523.01,551.0082460000001,69.47295624576458,3.0,16.059872277776776,1914.4967819038297,30.624137412330796,STOP_LOSS,4
2020-11-23 04:00:00,2020-11-24 04:00:00,ETHUSDT,573.79,613.06,73.00823245686995,3.0,20.531901915334867,2831.2265469892745,35.80674159200695,SIGNAL_EXIT,6
2020-11-24 04:00:00,2020-11-24 12:00:00,BNBUSDT,32.8385,32.85482073450001,1518.6615336827765,3.0,0.1491000000000552,-15.130610269814202,39.91628195642278,STOP_LOSS,3
2020-11-24 16:00:00,2020-11-24 20:00:00,BNBUSDT,33.0498,33.0251,1503.227365808587,3.0,-0.22420710564053994,-76.84510319831782,39.71538726285214,SIGNAL_EXIT,1
2020-11-24 20:00:00,2020-11-25 00:00:00,NEARUSDT,1.2707,1.2479,38803.68447696464,3.0,-5.382859841032486,-923.4625003618345,38.73849428704334,SIGNAL_EXIT,1
2020-11-25 00:00:00,2020-11-25 20:00:00,BNBUSDT,33.9451,32.4201,1367.541467054704,3.0,-13.477644785256182,-2120.96940215127,35.46866489284817,SIGNAL_EXIT,5
2020-11-25 20:00:00,2020-11-26 00:00:00,SOLUSDT,2.4166,2.2653,16505.404901260397,3.0,-18.782587105851196,-2527.179516538958,29.91175497826014,SIGNAL_EXIT,1
2020-11-26 00:00:00,2020-11-26 00:00:00,ETHUSDT,569.38,537.9793187500001,56.5804198567673,3.0,-16.54467029927286,-1801.015005496823,24.35127658330612,STOP_LOSS,1
2020-11-26 04:00:00,2020-11-26 08:00:00,ETHUSDT,532.06,495.19288053571427,50.25696172399651,3.0,-20.787384579343883,-1872.7389235050753,19.909511714463175,STOP_LOSS,2
2020-11-26 12:00:00,2020-11-26 20:00:00,ETHUSDT,512.69,500.16,41.08100710378411,3.0,-7.331915972615047,-531.182680220839,16.437661210422927,SIGNAL_EXIT,2
2020-11-26 20:00:00,2020-11-27 08:00:00,NEARUSDT,0.9448,0.99600375,20543.07138113291,3.0,16.25859970364098,1035.5135103259834,16.36878090570085,STOP_LOSS,4
2020-11-27 12:00:00,2020-11-28 16:00:00,NEARUSDT,0.9561,1.0298,23487.568915630778,3.0,23.12519610919363,1711.6838303065374,19.349998775453262,SIGNAL_EXIT,7
2020-11-28 16:00:00,2020-12-01 08:00:00,ETHUSDT,533.51,585.7355767500001,51.545522532512564,3.0,29.367159050439582,2667.8410060450237,24.1536370955691,STOP_LOSS,17
2020-12-01 12:00:00,2020-12-01 12:00:00,ETHUSDT,615.81,587.8315708928571,57.184766877952036,3.0,-13.630062409091831,-1626.8319551792754,26.8920090760067,STOP_LOSS,1
2020-12-01 16:00:00,2020-12-02 08:00:00,ETHUSDT,603.81,597.62,50.104907072038515,3.0,-3.0754707606697176,-334.10433042742875,23.954955651513327,SIGNAL_EXIT,4
2020-12-02 08:00:00,2020-12-03 12:00:00,NEARUSDT,1.1645,1.1645,25000.135056482406,3.0,0.0,-23.290125818619014,23.290125818619014,SIGNAL_EXIT,7
2020-12-03 12:00:00,2020-12-04 08:00:00,ETHUSDT,613.62,604.28,47.12344684448177,3.0,-4.566343991395342,-462.913598694808,22.780605167346753,SIGNAL_EXIT,5
2020-12-04 08:00:00,2020-12-04 16:00:00,NEARUSDT,1.1942,1.1274919357142856,22873.499612055744,3.0,-16.75801313491399,-1546.478631643601,20.631749083325357,STOP_LOSS,3
2020-12-04 20:00:00,2020-12-04 20:00:00,NEARUSDT,1.1611,1.092975930357143,19465.60604469491,3.0,-17.601602698180287,-1343.0966529305492,17.020351101332835,STOP_LOSS,1
2020-12-05 00:00:00,2020-12-05 00:00:00,NEARUSDT,1.1021,1.0322564321428573,16805.376114002593,3.0,-19.011950237857565,-1187.6253930537532,13.877966070607291,STOP_LOSS,1
2020-12-05 04:00:00,2020-12-07 00:00:00,ETHUSDT,576.0,601.59,25.89709764754817,3.0,13.328125000000016,650.2431808217277,12.463547979030803,SIGNAL_EXIT,11
2020-12-07 00:00:00,2020-12-07 12:00:00,BTCUSDT,19358.67,19103.79,0.8671794386753638,3.0,-3.949858125584001,-234.2798264405921,13.253131111017623,SIGNAL_EXIT,3
2020-12-07 12:00:00,2020-12-07 16:00:00,ETHUSDT,590.61,594.41,27.139439289164823,3.0,1.9302077513079468,90.22430601252714,12.90556328629797,SIGNAL_EXIT,1
2020-12-07 16:00:00,2020-12-07 20:00:00,BTCUSDT,19213.9,18967.01,0.8463045732570801,3.0,-3.8548654880061264,-221.7856299346533,12.841493843210216,SIGNAL_EXIT,1
2020-12-07 20:00:00,2020-12-08 00:00:00,ETHUSDT,587.3,591.27,26.47577334125123,3.0,2.0279243997956895,92.58535576198281,12.523464402785292,SIGNAL_EXIT,1
2020-12-08 00:00:00,2020-12-08 08:00:00,BTCUSDT,19166.9,18778.062734642863,0.8237867059205716,3.0,-6.086074409901529,-332.6942647227135,12.375294754993028,STOP_LOSS,3
2020-12-08 12:00:00,2020-12-08 20:00:00,ETHUSDT,573.71,571.07,25.704015254852138,3.0,-1.3804884000627422,-79.60163386608002,11.74303359327073,SIGNAL_EXIT,2
2020-12-08 20:00:00,2020-12-08 20:00:00,BTCUSDT,18795.74,18371.07056857143,0.7694381783441553,3.0,-6.7781757690078255,-338.0651961748583,11.308322458010823,STOP_LOSS,1
2020-12-09 00:00:00,2020-12-09 04:00:00,ETHUSDT,554.92,537.5439014285714,24.172973636390235,3.0,-9.3938397812812,-430.4272003165683,10.395227646108166,STOP_LOSS,2
2020-12-09 08:00:00,2020-12-09 08:00:00,ETHUSDT,538.43,531.1669931897289,22.442383099043788,3.0,-4.046769390786737,-172.5357038076509,9.536522520584864,STOP_LOSS,1
2020-12-09 12:00:00,2020-12-11 00:00:00,ETHUSDT,561.89,540.9045671428571,20.53330463380286,3.0,-11.20438138629067,-439.78553233189837,8.885246603967648,STOP_LOSS,10
2020-12-11 04:00:00,2020-12-11 12:00:00,ETHUSDT,547.32,538.93,18.579850926560066,3.0,-4.598772199079204,-163.89554052172164,8.010591247880813,SIGNAL_EXIT,2
2020-12-11 16:00:00,2020-12-11 20:00:00,ETHUSDT,554.19,546.24,17.406266456324843,3.0,-4.303578195203834,-145.98621751906558,7.606399191282306,SIGNAL_EXIT,1
2020-12-11 20:00:00,2020-12-17 12:00:00,BTCUSDT,17975.08,22576.085000000003,0.5107267428870724,3.0,76.78972777868027,2340.632129369782,9.224168287353356,STOP_LOSS,35
2020-12-17 16:00:00,2020-12-17 20:00:00,BTCUSDT,23333.81,22385.77660571429,0.6891483715175026,3.0,-12.188751784886957,-665.677367010594,12.34169719438609,STOP_LOSS,2
2020-12-18 00:00:00,2020-12-19 16:00:00,BTCUSDT,22797.15,23552.0,0.6155791226346725,3.0,9.933478526921109,453.0714051237482,11.598495597033446,SIGNAL_EXIT,10
2020-12-19 16:00:00,2020-12-20 00:00:00,BNBUSDT,33.8711,33.3018,451.2113102580613,3.0,-5.042351739388431,-268.89551797947513,12.020919049561526,SIGNAL_EXIT,2
2020-12-20 00:00:00,2020-12-20 08:00:00,BTCUSDT,23821.6,23628.89,0.6058775376788501,3.0,-2.426915068677156,-128.2116312391182,11.452970953027524,SIGNAL_EXIT,2
2020-12-20 08:00:00,2020-12-20 20:00:00,BNBUSDT,33.6786,33.69533826420001,415.14536407363465,3.0,0.1491000000000694,-4.24195799174755,11.19077077702047,STOP_LOSS,4
2020-12-21 00:00:00,2020-12-21 04:00:00,BNBUSDT,34.3072,35.4734,405.78458027327935,3.0,10.197859341479306,461.71033053080396,11.515646983892918,SIGNAL_EXIT,1
2020-12-21 04:00:00,2020-12-21 04:00:00,NEARUSDT,1.5251,1.4092187107142857,10009.181112222785,3.0,-22.794824461159436,-1171.1609122204127,11.284100241817898,STOP_LOSS,1
2020-12-21 08:00:00,2020-12-21 08:00:00,NEARUSDT,1.3219,1.1821134517857144,8864.28183577037,3.0,-31.724006705715794,-1247.490229659719,8.382869438787138,STOP_LOSS,1
2020-12-21 12:00:00,2020-12-21 16:00:00,NEARUSDT,1.1976,1.1981952072000002,6638.355861970598,3.0,0.1491000000000425,-2.412039736792726,6.363236942000958,STOP_LOSS,2
2020-12-21 20:00:00,2020-12-22 04:00:00,NEARUSDT,1.2998,1.1527,6096.156656430427,3.0,-33.95137713494384,-902.3662759832098,5.621631822293883,SIGNAL_EXIT,2
2020-12-22 04:00:00,2020-12-22 16:00:00,BTCUSDT,22851.19,23342.68,0.22740378395289693,3.0,6.452486719510034,107.5201147673284,4.246571007681287,SIGNAL_EXIT,3
2020-12-22 16:00:00,2020-12-22 20:00:00,BNBUSDT,33.3302,33.0402,165.1278144231664,3.0,-2.6102453630641205,-52.251750994001554,4.364684811283443,SIGNAL_EXIT,1
2020-12-22 20:00:00,2020-12-23 04:00:00,BTCUSDT,23404.27,23706.72,0.22779064742749675,3.0,3.8768566590626503,64.57514603670064,4.3201352777459086,SIGNAL_EXIT,2
2020-12-23 04:00:00,2020-12-23 08:00:00,BNBUSDT,33.8449,31.602389489285716,162.77883924298362,3.0,-19.87753408088917,-369.14861814695837,4.115360222696476,STOP_LOSS,2
2020-12-23 12:00:00,2020-12-27 12:00:00,BTCUSDT,23064.01,26960.39865,0.19031605857135975,3.0,50.68141207881892,737.440533083317,4.104797446864487,STOP_LOSS,25
2020-12-27 16:00:00,2020-12-27 20:00:00,ETHUSDT,697.74,663.74289,9.386273917198755,3.0,-14.617383265973006,-324.09024491404364,4.984058060906498,STOP_LOSS,2
2020-12-28 00:00:00,2020-12-29 04:00:00,ETHUSDT,685.1,700.0,8.102488716964446,3.0,6.5245949496423785,116.18968820126997,4.53739368150009,SIGNAL_EXIT,7
2020-12-29 04:00:00,2020-12-29 04:00:00,BNBUSDT,39.5193,37.25328969107143,147.54118879418297,3.0,-17.201799947837422,-338.72697051720706,4.397115718011809,STOP_LOSS,1
2020-12-29 08:00:00,2020-12-30 04:00:00,BNBUSDT,37.9356,37.779,126.5661488598051,3.0,-1.2384145762818888,-23.645492941664813,3.825234030219662,SIGNAL_EXIT,5
2020-12-30 04:00:00,2020-12-30 08:00:00,ETHUSDT,734.2,733.24,6.417850547988287,3.0,-0.3922636883683068,-9.925796314714535,3.7646597886455457,SIGNAL_EXIT,1
2020-12-30 08:00:00,2020-12-30 16:00:00,BTCUSDT,28389.02,28153.75,0.16453275031002876,3.0,-2.4862076957922508,-42.41539130067332,3.7057711352327782,SIGNAL_EXIT,2
2020-12-30 16:00:00,2020-12-31 04:00:00,ETHUSDT,734.05,743.04,6.16444202749052,3.0,3.6741366391935197,51.75399222385459,3.6643416032852447,SIGNAL_EXIT,3
2020-12-31 04:00:00,2020-12-31 12:00:00,BTCUSDT,29024.01,28910.29,0.16012101799969833,3.0,-1.175440609343756,-21.912278219298496,3.703316052373199,SIGNAL_EXIT,2
2020-12-31 12:00:00,2021-01-01 12:00:00,NEARUSDT,1.2963,1.4218190675,3518.70570842279,3.0,29.048615482527186,437.6622890328301,4.002370295325294,STOP_LOSS,7
2021-01-01 16:00:00,2021-01-01 20:00:00,NEARUSDT,1.3571,1.3068,4314.377586279685,3.0,-11.119298504163293,-221.52361549366844,4.510422903800234,SIGNAL_EXIT,1
2021-01-01 20:00:00,2021-01-02 00:00:00,BTCUSDT,29029.04,29331.7,0.17824321864326528,3.0,3.127833369618835,49.764551261547716,4.182541293022932,SIGNAL_EXIT,1
2021-01-02 00:00:00,2021-01-02 08:00:00,NEARUSDT,1.3604,1.3608,3903.988232673311,3.0,0.08820935019111054,-2.688442456548321,4.250037749617474,SIGNAL_EXIT,2
2021-01-02 08:00:00,2021-01-02 20:00:00,BTCUSDT,29751.47,31587.5475,0.1777256644679987,3.0,18.51415240994814,321.8269594075602,4.4911342946815775,STOP_LOSS,4
2021-01-03 00:00:00,2021-01-03 12:00:00,BTCUSDT,32176.45,34413.53,0.19364607053069047,3.0,20.857614808345836,427.87051557672464,5.331235886072026,SIGNAL_EXIT,3
2021-01-03 12:00:00,2021-01-03 12:00:00,SOLUSDT,2.2657,2.0295617982142855,3288.764170355144,3.0,-31.266919952206518,-781.9426573837413,5.339800098790959,STOP_LOSS,1
2021-01-03 16:00:00,2021-01-04 00:00:00,ETHUSDT,917.95,959.07572525,5.5444397013413464,3.0,13.44051154746989,223.76507380042096,4.254030022135076,STOP_LOSS,3
2021-01-04 04:00:00,2021-01-04 08:00:00,ETHUSDT,1021.41,1044.3,5.615506343398475,3.0,6.723059300378884,123.84752158086219,4.691418619528822,STOP_LOSS,2
2021-01-04 12:00:00,2021-01-05 04:00:00,ETHUSDT,976.97,1001.75,6.2368485240072085,3.0,7.609240815992294,149.5508960177591,4.998210407139378,STOP_LOSS,5
2021-01-05 08:00:00,2021-01-06 00:00:00,ETHUSDT,1003.52,1062.404,6.469140149906602,3.0,17.603236607142865,375.43057628964334,5.4982722974571,STOP_LOSS,5
2021-01-06 04:00:00,2021-01-06 20:00:00,ETHUSDT,1075.49,1146.41928775,7.038021889202907,3.0,19.785201466308365,492.7470605369602,6.454819233111125,STOP_LOSS,5
2021-01-07 00:00:00,2021-01-07 20:00:00,ETHUSDT,1208.75,1209.35074875,7.378645986707771,3.0,0.14910000000002316,-2.705984485821082,7.138696839028982,STOP_LOSS,6
2021-01-08 00:00:00,2021-01-08 00:00:00,ETHUSDT,1224.86,1125.5673269642857,7.125018719709575,3.0,-24.31935234289164,-713.8779047293971,6.415750619931203,STOP_LOSS,1
2021-01-08 04:00:00,2021-01-08 08:00:00,BTCUSDT,38347.11,38929.56,0.17123284807582562,3.0,4.556666721429571,94.40175681525315,5.33281554651099,SIGNAL_EXIT,1
2021-01-08 08:00:00,2021-01-08 12:00:00,ETHUSDT,1208.2,1255.24,5.655938158699315,3.0,11.68018539976824,260.375683133755,5.679647851460583,SIGNAL_EXIT,1
2021-01-08 12:00:00,2021-01-08 16:00:00,SOLUSDT,3.1555,3.3027,2402.112538551745,3.0,13.994612581207436,347.24420000995747,6.346765664859879,STOP_LOSS,2
2021-01-08 20:00:00,2021-01-09 20:00:00,SOLUSDT,3.2034,3.5095377850000005,2685.4509741752267,3.0,28.6699555160143,814.5782596291915,7.539753330906415,STOP_LOSS,7
2021-01-10 00:00:00,2021-01-10 08:00:00,SOLUSDT,3.3734,3.5587688275,3258.4806383491605,3.0,16.48504424319674,594.7437919056188,9.276943456615435,STOP_LOSS,3
2021-01-10 12:00:00,2021-01-10 16:00:00,SOLUSDT,3.2501,3.2517152997000003,3888.1393865586656,3.0,0.1491000000000067,-3.833987479844512,10.11449786451119,STOP_LOSS,2
2021-01-10 20:00:00,2021-01-11 00:00:00,SOLUSDT,3.326,3.3276530220000002,3786.837233618799,3.0,0.14910000000001536,-3.821299033827315,10.081024291418975,STOP_LOSS,2
2021-01-11 04:00:00,2021-01-11 16:00:00,SOLUSDT,3.1438,2.636910121428572,3993.0459518731113,3.0,-48.370431824997915,-2032.4580203037533,8.423442628658874,STOP_LOSS,4
2021-01-11 20:00:00,2021-01-12 08:00:00,SOLUSDT,2.8579,3.3199176425,2246.4985026624527,3.0,48.49900022743976,1031.9553900696158,5.966552010271128,STOP_LOSS,4
2021-01-12 12:00:00,2021-01-12 20:00:00,SOLUSDT,3.4207,3.6754,2775.661774756511,3.0,22.337533253427633,698.7997202009304,8.161333829552065,STOP_LOSS,3
2021-01-13 00:00:00,2021-01-15 04:00:00,SOLUSDT,3.6354,3.3278,3181.500301928005,3.0,-25.383726687572228,-987.0994102368601,8.469917363804813,SIGNAL_EXIT,13
2021-01-15 04:00:00,2021-01-15 08:00:00,NEARUSDT,1.8406,1.8468,4594.679275165853,3.0,1.0105400412908807,21.698648557727175,6.788362948301039,SIGNAL_EXIT,1
2021-01-15 08:00:00,2021-01-15 16:00:00,SOLUSDT,3.3711,3.1004,2521.940560282881,3.0,-24.09005962445494,-688.9445292790572,6.255219610480836,SIGNAL_EXIT,2
2021-01-15 16:00:00,2021-01-15 20:00:00,NEARUSDT,1.76,1.7824,3643.1967144268806,3.0,3.8181818181818143,76.41269934412647,5.194907059035578,SIGNAL_EXIT,1
2021-01-15 20:00:00,2021-01-16 00:00:00,SOLUSDT,3.1615,3.2479,2094.7532715716266,3.0,8.198639886129984,175.54384334319815,5.442839320589989,SIGNAL_EXIT,1
2021-01-16 00:00:00,2021-01-16 04:00:00,NEARUSDT,1.8366,1.9817628900000002,3883.740903275558,3.0,23.711677556354157,557.6177306535019,6.157322877189266,STOP_LOSS,2
2021-01-16 08:00:00,2021-01-16 12:00:00,NEARUSDT,2.0323,2.0333100531,4321.938320243433,3.0,0.1490999999999864,-2.6648853099730063,7.03027250834328,STOP_LOSS,2
2021-01-16 16:00:00,2021-01-16 16:00:00,NEARUSDT,2.2374,2.0351854928571433,3910.780228119017,3.0,-27.113771405585506,-797.1838269219321,6.367330548816299,STOP_LOSS,1
2021-01-16 20:00:00,2021-01-17 04:00:00,NEARUSDT,2.0411,2.4043530525,3105.845618330587,3.0,53.39077739944143,1122.2338619379134,5.974039514421517,STOP_LOSS,3
2021-01-17 08:00:00,2021-01-17 12:00:00,NEARUSDT,2.3605,2.6339082025,4102.683160249281,3.0,34.74791813175172,1113.0623556083428,8.644872662431363,STOP_LOSS,2
2021-01-17 16:00:00,2021-01-18 00:00:00,NEARUSDT,2.7033,2.357287328571429,4806.143082358378,3.0,-38.398920367170234,-1672.0499753446443,9.063568149875707,STOP_LOSS,3
2021-01-18 04:00:00,2021-01-18 08:00:00,NEARUSDT,2.3947,2.5299443824999996,3316.929193908447,3.0,16.94296352361463,441.8827235213469,6.713317105023143,STOP_LOSS,2
2021-01-18 12:00:00,2021-01-19 04:00:00,NEARUSDT,2.456,2.3204,3765.7062996183145,3.0,-16.56351791530947,-517.6201301463516,6.990355918107468,SIGNAL_EXIT,4
2021-01-19 04:00:00,2021-01-19 08:00:00,SOLUSDT,3.9609,3.8123,1935.446394210596,3.0,-11.255017798985085,-293.51013601061396,5.902801830919245,SIGNAL_EXIT,1
2021-01-19 08:00:00,2021-01-19 16:00:00,NEARUSDT,2.37,2.3089,2855.647669210356,3.0,-7.734177215189892,-179.75479651150502,5.274723922751833,SIGNAL_EXIT,2
2021-01-19 16:00:00,2021-01-20 04:00:00,SOLUSDT,3.8336,3.5447,1619.7526944617011,3.0,-22.607992487479127,-472.53978333083205,4.593229900846715,SIGNAL_EXIT,3
2021-01-20 04:00:00,2021-01-20 08:00:00,NEARUSDT,2.383,2.384184351,1994.3318140770468,3.0,0.14910000000000354,-1.44189488312513,3.80388376145915,STOP_LOSS,2
2021-01-20 12:00:00,2021-01-20 20:00:00,SOLUSDT,3.4125,3.674,1388.0628589986454,3.0,22.98901098901097,358.89864327297676,4.0797943551688185,SIGNAL_EXIT,2
2021-01-20 20:00:00,2021-01-21 04:00:00,NEARUSDT,2.424,2.3445,2392.2327013023364,3.0,-9.839108910891078,-194.6693714080982,4.486871654562663,STOP_LOSS,3
2021-01-21 08:00:00,2021-01-21 12:00:00,SOLUSDT,3.5579,3.4841,1461.1456835015738,3.0,-6.22277185980493,-111.90517358312621,4.072622140710267,SIGNAL_EXIT,1
2021-01-21 12:00:00,2021-01-21 16:00:00,NEARUSDT,2.2814,2.2803,2125.112689514964,3.0,-0.14464802314369696,-6.214339531187454,3.8767155727207787,SIGNAL_EXIT,1
2021-01-21 20:00:00,2021-01-22 00:00:00,NEARUSDT,2.3852,2.1663,2019.9430775889184,3.0,-27.532282408183807,-445.66618183539913,3.5006421511846995,SIGNAL_EXIT,1
2021-01-22 16:00:00,2021-01-23 00:00:00,NEARUSDT,2.3403,2.3414631291,1482.9193514705378,3.0,0.14910000000000626,-1.0529341372691363,2.777760787917719,STOP_LOSS,3
2021-01-23 04:00:00,2021-01-23 08:00:00,NEARUSDT,2.3904,2.3915880288,1446.2887398768555,3.0,0.14910000000001622,-1.04890879309258,2.76714146918218,STOP_LOSS,2
2021-01-23 20:00:00,2021-01-24 12:00:00,NEARUSDT,2.4488,2.6051663799999996,1407.1247525948781,3.0,19.156286344331882,217.09436849331547,2.932635278340795,STOP_LOSS,5
2021-01-25 00:00:00,2021-01-25 04:00:00,NEARUSDT,2.565,2.5959,1592.4797715234392,3.0,3.6140350877192895,45.900490348956,3.307134591118157,SIGNAL_EXIT,1
2021-01-25 04:00:00,2021-01-25 20:00:00,ETHUSDT,1426.99,1382.9,2.9506205645130295,3.0,-9.269160961184014,-133.35719123231127,3.264330542932055,SIGNAL_EXIT,4
2021-01-25 20:00:00,2021-01-26 00:00:00,NEARUSDT,2.5093,2.3145836232142862,1506.9570944987856,3.0,-23.279365972866596,-296.21960798178094,2.7903825694507782,STOP_LOSS,2
2021-01-26 20:00:00,2021-01-27 04:00:00,SOLUSDT,4.0234,3.8489,716.9021629691989,3.0,-13.011383407068625,-127.30685522616668,2.20742778804172,SIGNAL_EXIT,2
2021-01-28 20:00:00,2021-01-29 08:00:00,SOLUSDT,3.851,3.6662,647.7585094230698,3.0,-14.396260711503512,-121.60562233918083,1.8998497977974869,SIGNAL_EXIT,3
2021-01-29 08:00:00,2021-01-29 16:00:00,ETHUSDT,1315.86,1316.51398242,1.6120159164470067,3.0,0.14910000000003368,-0.6435631249920906,1.6977931951088598,STOP_LOSS,3
2021-01-29 20:00:00,2021-01-30 04:00:00,ETHUSDT,1348.03,1342.79,1.564911352965257,3.0,-1.1661461540173457,-9.881213342056533,1.681077852518574,SIGNAL_EXIT,2
2021-01-30 04:00:00,2021-01-31 12:00:00,SOLUSDT,3.8284,4.55,540.3190571663014,3.0,56.54581548427542,387.92747028311777,1.966761368085337,STOP_LOSS,9
2021-01-31 16:00:00,2021-02-01 08:00:00,SOLUSDT,4.2266,4.1656,758.4570638621774,3.0,-4.329721288979317,-48.79342389177221,2.5275429961794296,SIGNAL_EXIT,4
2021-02-01 08:00:00,2021-02-02 04:00:00,BNBUSDT,45.6943,50.1874,66.23003799396363,3.0,29.498865285166847,294.91905298362326,2.6591307270546003,SIGNAL_EXIT,5
2021-02-02 04:00:00,2021-02-02 12:00:00,SOLUSDT,4.8039,5.0829391375,811.5020174948935,3.0,17.4257876412915,223.1409707493776,3.299852291908003,STOP_LOSS,3
2021-02-02 16:00:00,2021-02-03 04:00:00,SOLUSDT,5.0523,5.0548109931,900.7556498482446,3.0,0.14910000000002785,-1.3807284272044926,3.6425196487598734,STOP_LOSS,4
2021-02-03 08:00:00,2021-02-04 08:00:00,SOLUSDT,5.1862,5.766197710000001,864.741720707341,3.0,33.550444063090545,497.5592003679706,3.989017383747304,STOP_LOSS,7
2021-02-04 12:00:00,2021-02-05 16:00:00,SOLUSDT,5.7627,6.640025,1025.4021356868257,3.0,45.67260138476755,894.1639720386331,5.4469566528111315,STOP_LOSS,8
2021-02-05 20:00:00,2021-02-06 00:00:00,BNBUSDT,62.575,62.606099775000004,135.56531550216715,3.0,0.1491000000000061,-2.5737217247648427,6.789772534686426,STOP_LOSS,2
2021-02-06 04:00:00,2021-02-06 12:00:00,BNBUSDT,65.327,71.6174125,129.42467020104763,3.0,28.88734749797175,806.7193152462759,7.41524799477191,STOP_LOSS,3
2021-02-06 16:00:00,2021-02-07 12:00:00,BNBUSDT,71.2631,70.21,152.2280248476062,3.0,-4.433290159984623,-168.86167666665452,8.550343699640344,SIGNAL_EXIT,5
2021-02-07 12:00:00,2021-02-07 16:00:00,NEARUSDT,3.1479,2.8576321125,3272.183251391413,3.0,-27.663002716096425,-957.2902766439947,7.480556749728611,STOP_LOSS,2
2021-02-07 20:00:00,2021-02-08 00:00:00,NEARUSDT,3.1507,3.3428731575,2350.655762278242,3.0,18.29813922302981,445.44658479238524,6.286355240194109,STOP_LOSS,2
2021-02-08 04:00:00,2021-02-08 08:00:00,NEARUSDT,3.2608,3.2787,2675.327185389845,3.0,1.6468351324828288,40.87108042428815,7.017276194190148,SIGNAL_EXIT,1
2021-02-08 08:00:00,2021-02-09 00:00:00,SOLUSDT,7.5577,7.8651,1167.7210183352565,3.0,12.202124985114532,351.6100469712114,7.347394065046902,SIGNAL_EXIT,4
2021-02-09 00:00:00,2021-02-09 04:00:00,BTCUSDT,46374.86,46599.51,0.2110999146885655,3.0,1.4532658427432543,39.55387376636338,7.869722068423165,SIGNAL_EXIT,1
2021-02-09 04:00:00,2021-02-09 08:00:00,SOLUSDT,8.3319,8.07,1177.352534150913,3.0,-9.430021963777731,-315.94961665460113,7.600987960478296,SIGNAL_EXIT,1
2021-02-09 08:00:00,2021-02-09 20:00:00,BNBUSDT,92.4879,107.8399,95.56871772218702,3.0,49.79678422799092,1458.9260577011844,8.2448967698311,STOP_LOSS,4
2021-02-10 00:00:00,2021-02-10 08:00:00,BNBUSDT,107.3496,136.5948,122.79216946182767,3.0,81.72885599946342,3577.663336881679,13.418217463363565,STOP_LOSS,3
2021-02-10 12:00:00,2021-02-10 12:00:00,BNBUSDT,132.9984,117.64342690714287,179.45718430674614,3.0,-34.6356943230681,-2772.449802865953,16.889566515961885,STOP_LOSS,1
2021-02-10 16:00:00,2021-02-10 20:00:00,BNBUSDT,121.5614,121.62181601580001,127.50380308318461,3.0,0.14910000000000326,-4.7025234822843585,12.405795263918298,STOP_LOSS,2
2021-02-11 00:00:00,2021-02-12 20:00:00,BNBUSDT,128.9463,135.4194,119.74283074864614,3.0,15.059990088897443,762.1349158836333,12.97240183542657,SIGNAL_EXIT,11
2021-02-12 20:00:00,2021-02-13 00:00:00,NEARUSDT,4.8299,4.7366,3653.1214358915445,3.0,-5.795151038323784,-354.6789299632768,13.842699994595113,SIGNAL_EXIT,1
2021-02-13 00:00:00,2021-02-13 04:00:00,BNBUSDT,136.7321,133.3464,120.95681669351194,3.0,-7.428467784814277,-422.4268191284568,12.903324849231776,SIGNAL_EXIT,1
2021-02-13 04:00:00,2021-02-13 08:00:00,NEARUSDT,5.1786,4.8127,2939.9729255300813,3.0,-21.19684856911134,-1087.0554596104153,11.3193661589589,SIGNAL_EXIT,1
2021-02-13 08:00:00,2021-02-15 00:00:00,BNBUSDT,130.4894,130.5542532318,91.42387413323029,3.0,0.14910000000003454,-3.619486790799786,9.548620492017566,STOP_LOSS,11
2021-02-15 04:00:00,2021-02-16 00:00:00,BNBUSDT,126.8846,126.9476616462,93.48105512045613,3.0,0.14909999999999474,-3.5986918602004563,9.493761084609151,STOP_LOSS,6
2021-02-16 04:00:00,2021-02-17 20:00:00,BNBUSDT,130.7965,160.26174625,90.29395059837618,3.0,67.58264842713676,2648.9569563075215,11.576532958965599,STOP_LOSS,11
2021-02-18 00:00:00,2021-02-18 12:00:00,BNBUSDT,165.3176,185.9207,119.11587834222767,3.0,37.388215168862864,2436.439467086751,17.71688598600145,STOP_LOSS,4
2021-02-18 16:00:00,2021-02-19 08:00:00,BNBUSDT,195.1701,261.283,137.97148708730595,3.0,101.62350687938373,9092.855445405847,28.839683248506052,STOP_LOSS,5
2021-02-19 12:00:00,2021-02-19 16:00:00,BNBUSDT,265.2304,311.7899,203.94232228314536,3.0,52.66308085347684,9444.582829325765,50.86972501634373,STOP_LOSS,2
2021-02-19 20:00:00,2021-02-20 00:00:00,BNBUSDT,325.013,282.65184602321426,253.13745947502366,3.0,-39.10103962929396,-10780.434714288425,57.23981617459363,STOP_LOSS,2
2021-02-20 04:00:00,2021-02-20 12:00:00,BNBUSDT,286.6911,286.8335854767,173.56687703429097,3.0,0.14910000000001777,-15.097088514227163,39.827847727791344,STOP_LOSS,3
2021-02-20 16:00:00,2021-02-20 20:00:00,BNBUSDT,274.0481,272.395,180.88056639109615,3.0,-1.8096458249482428,-338.4304338068022,39.416769505682105,STOP_LOSS,2
2021-02-21 00:00:00,2021-02-21 04:00:00,BNBUSDT,253.01,268.5526,191.3472714760518,3.0,18.429232046164174,2932.924655837441,41.109445806239634,STOP_LOSS,2
2021-02-21 08:00:00,2021-02-21 16:00:00,BNBUSDT,256.8822,293.5834882125,222.13890524352087,3.0,42.86161697365563,8100.610932816408,52.173051735279095,STOP_LOSS,3
2021-02-21 20:00:00,2021-02-22 12:00:00,BNBUSDT,298.7703,243.09774844285718,271.70874682846227,3.0,-55.901692595090104,-15179.56064400322,52.8414276689836,STOP_LOSS,5
2021-02-22 16:00:00,2021-02-23 00:00:00,BNBUSDT,262.7483,262.8788859051,134.77381760751615,3.0,0.14910000000002258,-10.743791861410319,28.343352817472798,STOP_LOSS,3
2021-02-23 04:00:00,2021-02-23 08:00:00,BNBUSDT,246.9891,203.77218255000003,142.83036242962658,3.0,-52.49249960828229,-6195.971866224104,23.283883749354025,STOP_LOSS,2
2021-02-23 12:00:00,2021-02-23 16:00:00,SOLUSDT,14.0086,15.071718460000001,1186.4020173727497,3.0,22.76712433790675,1246.9809919012387,14.304893748974493,STOP_LOSS,2
2021-02-23 20:00:00,2021-02-24 04:00:00,SOLUSDT,14.2754,15.556629999999998,1423.2801831661243,3.0,26.92527004497245,1805.8361145212539,17.7131545566781,STOP_LOSS,3
2021-02-24 08:00:00,2021-02-24 12:00:00,BNBUSDT,253.8284,265.6328,101.13654269567557,3.0,13.95163031402316,1172.364058181974,21.492146414857476,STOP_LOSS,2
2021-02-24 16:00:00,2021-02-24 20:00:00,BNBUSDT,257.1268,243.9981,113.21667531962001,3.0,-15.317773176502808,-1508.4874882017396,22.09972293304334,SIGNAL_EXIT,1
2021-02-24 20:00:00,2021-02-25 00:00:00,SOLUSDT,17.4232,17.1745,1406.5165526408955,3.0,-4.282221405941556,-369.12564146845983,19.32497482666485,SIGNAL_EXIT,1
2021-02-25 00:00:00,2021-02-26 04:00:00,BNBUSDT,254.3826,209.45617589464285,91.75436421762755,3.0,-52.98289753940381,-4137.570294959076,15.374814600534817,STOP_LOSS,8
2021-02-26 08:00:00,2021-02-26 16:00:00,BNBUSDT,215.1429,231.4852,50.3795156203116,3.0,22.788063189628836,813.9874683224012,9.329689799416764,SIGNAL_EXIT,2
2021-02-26 16:00:00,2021-02-26 20:00:00,SOLUSDT,14.4439,14.4510786183,917.1574837936378,3.0,0.14910000000002296,-4.019208425787279,10.603131922931254,STOP_LOSS,2
2021-02-27 00:00:00,2021-02-27 08:00:00,BNBUSDT,221.9592,222.06951372240002,59.456784323745275,3.0,0.14910000000001067,-4.003932145130606,10.562831345817385,STOP_LOSS,3
2021-02-27 12:00:00,2021-02-28 04:00:00,BNBUSDT,229.2074,211.5022,57.35750524798178,3.0,-23.17359736203982,-1025.2310927537358,9.704990837167752,SIGNAL_EXIT,4
2021-02-28 12:00:00,2021-02-28 16:00:00,BNBUSDT,216.5469,198.2739,46.31692203443788,3.0,-25.315070315021828,-853.6958657494943,7.346749414211147,SIGNAL_EXIT,1
2021-03-01 00:00:00,2021-03-01 08:00:00,BNBUSDT,210.1177,222.7395,35.44049678254947,3.0,18.02104249189856,441.0076634635048,6.315198826477341,SIGNAL_EXIT,2
2021-03-01 08:00:00,2021-03-01 12:00:00,SOLUSDT,14.5153,14.8334,602.6007081822517,3.0,6.574442140362226,184.5363913969734,7.15089387580049,SIGNAL_EXIT,1
2021-03-01 12:00:00,2021-03-01 16:00:00,BNBUSDT,251.6556,256.4935,36.85510368217206,3.0,5.767286720422662,170.7388304749373,7.562475629042559,SIGNAL_EXIT,1
2021-03-01 16:00:00,2021-03-02 04:00:00,SOLUSDT,15.4547,14.3408,631.8039460279665,3.0,-21.62254848039757,-711.0148747039108,7.24845922335829,SIGNAL_EXIT,3
2021-03-02 04:00:00,2021-03-02 08:00:00,BNBUSDT,248.6628,246.3519,30.550662240996733,3.0,-2.7879924138230607,-76.62049632418172,6.0209709514622425,SIGNAL_EXIT,1
2021-03-02 08:00:00,2021-03-02 16:00:00,SOLUSDT,14.2929,14.3000035713,514.1646036286461,3.0,0.14910000000000118,-2.2296396126881954,5.88204453450055,STOP_LOSS,3
2021-03-02 20:00:00,2021-03-03 08:00:00,SOLUSDT,13.6699,14.1979,534.879696282014,3.0,11.587502468928093,276.34114488502973,6.0753347518739265,SIGNAL_EXIT,3
2021-03-03 08:00:00,2021-03-04 16:00:00,BNBUSDT,249.105,225.9107355482143,32.53604337175423,3.0,-27.933117904240024,-760.5297873711902,5.880193191953281,STOP_LOSS,9
2021-03-04 20:00:00,2021-03-05 00:00:00,BNBUSDT,228.715,229.6369,25.3171215630411,3.0,1.209234199768262,18.688858118839498,4.65099625012793,SIGNAL_EXIT,1
2021-03-05 00:00:00,2021-03-05 00:00:00,NEARUSDT,4.5395,4.166362496428572,1284.8397855023857,3.0,-24.65937902223337,-483.7043966885983,4.2824866369891765,STOP_LOSS,1
2021-03-05 04:00:00,2021-03-06 12:00:00,BNBUSDT,221.4153,221.52534340410003,19.730252761571787,3.0,0.14910000000003462,-1.3254166371282174,3.4966008147655065,STOP_LOSS,9
2021-03-06 16:00:00,2021-03-06 20:00:00,BNBUSDT,221.6797,224.285,19.60279542595085,3.0,3.525762620573737,47.553872545542234,3.517290377687509,SIGNAL_EXIT,1
2021-03-06 20:00:00,2021-03-07 08:00:00,SOLUSDT,12.895,12.7578,347.0756281379584,3.0,-3.1919348584722758,-51.161113339454644,3.542337158926757,SIGNAL_EXIT,3
2021-03-07 08:00:00,2021-03-07 16:00:00,BNBUSDT,230.047,235.3391,18.7243412001344,3.0,6.901328858885364,95.56583038032531,3.52525568490604,SIGNAL_EXIT,2
2021-03-07 16:00:00,2021-03-08 04:00:00,SOLUSDT,13.5476,13.4398,338.1731696763638,3.0,-2.387138681390045,-40.091051503764874,3.6359838126531154,SIGNAL_EXIT,3
2021-03-08 04:00:00,2021-03-08 08:00:00,BNBUSDT,236.7392,232.4395,18.707856459791792,3.0,-5.448654046309189,-83.91692626143542,3.4787558412686197,SIGNAL_EXIT,1
2021-03-08 08:00:00,2021-03-08 20:00:00,SOLUSDT,13.3102,13.7138,313.04595533589634,3.0,9.096782918363381,122.91090787573968,3.4344396978283322,SIGNAL_EXIT,3
2021-03-08 20:00:00,2021-03-09 12:00:00,NEARUSDT,4.516,5.343417832499999,998.9662582384269,3.0,54.96575503764388,822.2921808376042,4.270315294669608,STOP_LOSS,5
2021-03-09 16:00:00,2021-03-09 20:00:00,NEARUSDT,5.5189,5.521642893300001,1261.2288314766313,3.0,0.14910000000003584,-2.111828059693492,5.571244171318405,STOP_LOSS,2
2021-03-10 00:00:00,2021-03-10 00:00:00,NEARUSDT,5.4216,4.965137533928571,1278.9884413705472,3.0,-25.257993917188397,-588.8905008374207,5.080282812567765,STOP_LOSS,1
2021-03-10 04:00:00,2021-03-10 08:00:00,NEARUSDT,4.991,5.8789,1032.3108746670691,3.0,53.37006611901424,911.7337436960266,4.855081920864186,STOP_LOSS,2
2021-03-10 12:00:00,2021-03-10 16:00:00,NEARUSDT,5.483,5.485725051,1435.876566293168,3.0,0.1491000000000292,-2.3886223670321063,6.301459239886636,STOP_LOSS,2
2021-03-10 20:00:00,2021-03-11 08:00:00,NEARUSDT,5.4553,5.4580112841,1438.3913060082598,3.0,0.14910000000000548,-2.3807173057569617,6.2806047833155345,STOP_LOSS,4
2021-03-11 12:00:00,2021-03-11 20:00:00,NEARUSDT,5.4962,5.9760225,1422.2739715730102,3.0,26.19023143262618,675.639419720863,6.799633004227735,STOP_LOSS,3
2021-03-12 00:00:00,2021-03-12 08:00:00,NEARUSDT,6.0826,7.0043,1614.3610385336874,3.0,45.45917864071283,1478.9105939987378,9.045975217761207,STOP_LOSS,3
2021-03-12 12:00:00,2021-03-12 16:00:00,NEARUSDT,6.7519,6.7552556943,2106.6783267322335,3.0,0.1490999999999872,-4.315552157224766,11.384920610173053,STOP_LOSS,2
2021-03-12 20:00:00,2021-03-13 00:00:00,NEARUSDT,6.7431,6.7464513207,2102.4465453234625,3.0,0.14910000000000959,-4.3012699899324405,11.347242617918901,STOP_LOSS,2
2021-03-13 04:00:00,2021-03-13 12:00:00,NEARUSDT,6.8341,6.837496547700001,2067.5859287001017,3.0,0.14910000000001836,-4.2870350889684765,11.309689319648037,STOP_LOSS,3
2021-03-13 16:00:00,2021-03-14 00:00:00,NEARUSDT,7.0264,7.0298921208000005,2003.3723780347075,3.0,0.14910000000003076,-4.270775004817733,11.26679335629964,STOP_LOSS,3
2021-03-14 04:00:00,2021-03-15 04:00:00,NEARUSDT,7.0839,6.205895030357143,1979.525474946476,3.0,-37.18311818247815,-1747.86098638359,9.827781845948559,STOP_LOSS,7
2021-03-15 08:00:00,2021-03-16 00:00:00,NEARUSDT,6.3376,5.681279564285715,1377.5200761568442,3.0,-31.06793276860097,-910.3554379148858,6.260861326450545,STOP_LOSS,5
2021-03-16 04:00:00,2021-03-16 16:00:00,NEARUSDT,5.8046,6.54478807,1028.8569496742248,3.0,38.25524945732696,756.1607193334803,5.386920551971565,STOP_LOSS,4
2021-03-16 20:00:00,2021-03-17 20:00:00,NEARUSDT,6.4139,6.1589,1281.8134634027472,3.0,-11.927220567829242,-333.1780819195013,6.3156487518009445,SIGNAL_EXIT,6
2021-03-17 20:00:00,2021-03-18 08:00:00,BTCUSDT,57867.42,58355.14,0.12427632709008798,3.0,2.5284693874377044,54.810320275555554,5.801729972822302,SIGNAL_EXIT,3
2021-03-18 08:00:00,2021-03-18 12:00:00,NEARUSDT,6.3209,6.1894,1159.9430943019058,3.0,-6.241199829138253,-158.27599833099833,5.743481430297773,SIGNAL_EXIT,1
2021-03-18 12:00:00,2021-03-20 00:00:00,BTCUSDT,58168.69,58030.01,0.1175267607496275,3.0,-0.715230134974676,-21.75467446201317,5.456063281254794,SIGNAL_EXIT,9
2021-03-20 00:00:00,2021-03-21 00:00:00,NEARUSDT,6.1792,6.1822710624,1088.0128430879643,3.0,0.14910000000000495,-2.039756919149161,5.381112252273819,STOP_LOSS,7
2021-03-21 04:00:00,2021-03-22 00:00:00,NEARUSDT,6.1189,5.776707635714287,1093.4545648763892,3.0,-16.777151005199304,-379.2250566614401,5.053253867382465,STOP_LOSS,6
2021-03-22 04:00:00,2021-03-22 20:00:00,SOLUSDT,15.17,15.177539490000001,364.6426188241468,3.0,0.1491000000000194,-1.6782828193535808,4.427502197552405,STOP_LOSS,5
2021-03-23 00:00:00,2021-03-24 00:00:00,SOLUSDT,14.7962,13.880704807142859,372.13906089587823,3.0,-18.562100935182173,-344.8239632857501,4.132441961202437,STOP_LOSS,7
2021-03-24 04:00:00,2021-03-24 20:00:00,SOLUSDT,14.33,14.337122010000002,310.6433047335157,3.0,0.1491000000000328,-1.3505800464975883,3.5629847692432213,STOP_LOSS,5
2021-03-26 08:00:00,2021-03-26 12:00:00,SOLUSDT,14.0064,13.974,316.45445495551945,3.0,-0.6939684715558408,-13.790831983397288,3.5377076428387433,SIGNAL_EXIT,1
2021-03-26 16:00:00,2021-03-27 12:00:00,SOLUSDT,13.9463,15.3789619025,313.9384770177473,3.0,30.818107365394393,445.90525744997035,3.8624383022278463,STOP_LOSS,6
2021-03-27 16:00:00,2021-03-28 16:00:00,SOLUSDT,16.0085,18.273538515,355.68604141347845,3.0,42.446922228815886,800.442868987799,5.199714061613666,STOP_LOSS,7
2021-03-28 20:00:00,2021-03-30 12:00:00,SOLUSDT,18.558,19.796760250000002,434.3755221374713,3.0,20.025222276107375,531.2077479407161,6.879382456179271,STOP_LOSS,11
2021-03-30 16:00:00,2021-03-30 20:00:00,SOLUSDT,19.4248,19.2735,490.98305394965763,3.0,-2.336703595403854,-81.85610557482349,7.570369512238981,SIGNAL_EXIT,1
2021-03-30 20:00:00,2021-03-31 08:00:00,BNBUSDT,311.1759,297.1135030928572,29.672223281219697,3.0,-13.55734512905033,-424.31539546078494,7.052814562909294,STOP_LOSS,4
2021-03-31 12:00:00,2021-03-31 16:00:00,SOLUSDT,19.4406,19.4118,408.16026097334526,3.0,-0.4444307274466897,-18.093515799202407,6.338500283169907,SIGNAL_EXIT,1
2021-03-31 16:00:00,2021-03-31 20:00:00,BNBUSDT,306.5,300.9994,25.64959064806518,3.0,-5.38394779771617,-147.26454743499843,6.176409116250584,SIGNAL_EXIT,1
2021-03-31 20:00:00,2021-04-01 00:00:00,SOLUSDT,19.5147,19.3818,379.0768568070952,3.0,-2.043075220218649,-56.25706772827506,5.877753458611006,SIGNAL_EXIT,1
2021-04-01 00:00:00,2021-04-02 12:00:00,BNBUSDT,302.4591,338.630081815,23.84183772477358,3.0,35.87689887492227,855.9238280114782,6.458850767488025,STOP_LOSS,10
2021-04-02 16:00:00,2021-04-02 16:00:00,BNBUSDT,346.8016,326.399215675,28.08738879129742,3.0,-17.649039962618406,-580.3838621432183,7.334161337470611,STOP_LOSS,1
2021-04-02 20:00:00,2021-04-03 00:00:00,BNBUSDT,337.3784,338.2932,23.645897023013788,3.0,0.8134486380870979,15.231869660024692,6.399396936628647,SIGNAL_EXIT,1
2021-04-03 00:00:00,2021-04-03 12:00:00,ETHUSDT,2133.69,2096.44,3.7513076786749666,3.0,-5.2374056212476985,-146.02772420654756,6.291513175905078,SIGNAL_EXIT,3
2021-04-03 12:00:00,2021-04-03 12:00:00,SOLUSDT,22.4581,21.281576108928576,333.20385461226715,3.0,-15.71625236869672,-397.69517810179775,5.6728825533754685,STOP_LOSS,1
2021-04-03 16:00:00,2021-04-03 20:00:00,BNBUSDT,338.7992,336.4397,18.515495078560885,3.0,-2.0892906476756457,-48.67078872552983,4.9834780876660005,SIGNAL_EXIT,1
2021-04-03 20:00:00,2021-04-04 00:00:00,SOLUSDT,22.1594,22.1704132218,275.68801337782776,3.0,0.1490999999999861,-1.8534805025757541,4.889693741506855,STOP_LOSS,2
2021-04-04 04:00:00,2021-04-04 20:00:00,SOLUSDT,22.7778,24.1101,267.3156835241932,3.0,17.54734873429392,350.98867887021333,5.156006289069321,STOP_LOSS,5
2021-04-05 00:00:00,2021-04-05 16:00:00,SOLUSDT,23.7755,24.1023,298.34322363891914,3.0,4.123572585224268,91.74595918190852,5.7526063032898564,SIGNAL_EXIT,4
2021-04-05 16:00:00,2021-04-06 12:00:00,BNBUSDT,377.343,377.53053947100005,19.37741839391688,3.0,0.14910000000002896,-2.218422980907029,5.852453775848576,STOP_LOSS,6
2021-04-06 16:00:00,2021-04-07 08:00:00,BNBUSDT,386.5202,386.7123005394,18.82715836427688,3.0,0.14910000000002357,-2.2078477017879137,5.8245549789352955,STOP_LOSS,5
2021-04-07 12:00:00,2021-04-07 16:00:00,SOLUSDT,23.9737,26.1050685725,302.2368053115979,3.0,26.671334493632575,637.866098271706,6.311930022234076,STOP_LOSS,2
2021-04-07 20:00:00,2021-04-08 16:00:00,SOLUSDT,26.88,26.1586,340.0450949731817,3.0,-8.051339285714276,-252.42461441074536,7.116082897092376,SIGNAL_EXIT,5
2021-04-08 16:00:00,2021-04-09 00:00:00,BNBUSDT,418.2051,418.7047,19.96056129276056,3.0,0.35838874274846483,3.2862317595293735,6.686064662333537,SIGNAL_EXIT,2
2021-04-09 00:00:00,2021-04-10 00:00:00,SOLUSDT,26.9261,27.6194,309.4908590981594,3.0,7.724475508892825,207.73165114573243,6.8383614670205635,SIGNAL_EXIT,6
2021-04-10 00:00:00,2021-04-10 16:00:00,BNBUSDT,453.9898,454.2154329306,19.655501740690255,3.0,0.14909999999999984,-2.7073373259272913,7.14226578609263,STOP_LOSS,5
2021-04-10 20:00:00,2021-04-12 08:00:00,BNBUSDT,470.7823,553.9678,18.872373694759283,3.0,53.00889604388269,1561.5440921162271,8.363749869170938,STOP_LOSS,10
2021-04-12 12:00:00,2021-04-13 04:00:00,BNBUSDT,594.1471,550.0963088178572,22.765861395219908,3.0,-22.242366165959307,-1012.8729394588938,10.01873305645554,STOP_LOSS,5
2021-04-13 08:00:00,2021-04-13 16:00:00,BNBUSDT,550.2847,550.5581914959001,18.980889857574113,3.0,0.14910000000004847,-3.1689555537123315,8.360067514375102,STOP_LOSS,3
2021-04-13 20:00:00,2021-04-14 08:00:00,BNBUSDT,560.7748,561.0535050756,18.55520958050321,3.0,0.14909999999999313,-3.1569412091351907,8.328372298042943,STOP_LOSS,4
2021-04-14 12:00:00,2021-04-14 12:00:00,BNBUSDT,574.7138,521.2483529,18.036409858962198,3.0,-27.908907233478647,-971.8458763332327,7.521159144970693,STOP_LOSS,1
2021-04-14 16:00:00,2021-04-15 04:00:00,BNBUSDT,545.9532,545.399,13.60499506688296,3.0,-0.3045315972138475,-13.476008829653361,5.93612056358632,SIGNAL_EXIT,3
2021-04-15 04:00:00,2021-04-15 12:00:00,ETHUSDT,2475.95,2428.79,2.9735541138729613,3.0,-5.714170318463602,-146.01052280723522,5.777710796986808,SIGNAL_EXIT,2
2021-04-15 12:00:00,2021-04-15 20:00:00,BNBUSDT,542.1354,550.8876,12.694000397083549,3.0,4.8431812421767795,105.50605634483611,5.5943739305187234,SIGNAL_EXIT,2
2021-04-15 20:00:00,2021-04-16 04:00:00,ETHUSDT,2478.58,2367.8778475,2.8961116578311636,3.0,-13.399061458577089,-326.0919053130252,5.48611091077193,STOP_LOSS,3
2021-04-16 08:00:00,2021-04-16 12:00:00,BNBUSDT,540.7426,503.4747319535715,11.390757468929511,3.0,-20.67593789342389,-429.0972131516692,4.587966850733943,STOP_LOSS,2
2021-04-16 16:00:00,2021-04-17 16:00:00,ETHUSDT,2428.39,2345.0,1.9994964423684491,3.0,-10.301887258636363,-170.48906365498794,3.751055325883211,SIGNAL_EXIT,6
2021-04-17 16:00:00,2021-04-18 00:00:00,BNBUSDT,511.0577,476.49786161964295,8.374980850082185,3.0,-20.28724254444678,-292.6305129903614,3.192528372935697,STOP_LOSS,3
2021-04-30 16:00:00,2021-04-30 20:00:00,ETHUSDT,2736.47,2783.87,1.239021377659829,3.0,5.196475751607007,55.970193746975305,2.7594195541006945,SIGNAL_EXIT,1
2021-04-30 20:00:00,2021-05-01 08:00:00,BNBUSDT,625.78,625.9,5.670280759042655,3.0,0.05752820480041127,-2.158789290582694,2.8392229816678385,SIGNAL_EXIT,3
2021-05-01 08:00:00,2021-05-04 00:00:00,ETHUSDT,2858.77,3276.37805,1.2353643075286653,3.0,43.823887546042506,512.6600631058938,3.238016400752295,STOP_LOSS,17
2021-05-04 08:00:00,2021-05-04 12:00:00,ETHUSDT,3314.0,3315.6470580000005,1.5209216364237699,3.0,0.14910000000004256,-1.5292253307600383,4.034271479405615,STOP_LOSS,2
2021-05-05 16:00:00,2021-05-07 04:00:00,ETHUSDT,3305.79,3424.0,1.517840158940563,3.0,10.727541676876031,175.266217424994,4.15766776336999,SIGNAL_EXIT,9
2021-05-07 12:00:00,2021-05-09 12:00:00,ETHUSDT,3442.93,3778.79079875,1.5879906318744987,3.0,29.265259422933372,528.5432545183035,4.8005475105828435,STOP_LOSS,13
2021-05-09 16:00:00,2021-05-10 20:00:00,ETHUSDT,3878.76,3990.18,1.8005503682828374,3.0,8.617702564737154,194.8697059792612,5.74761605481185,SIGNAL_EXIT,7
2021-05-11 20:00:00,2021-05-12 16:00:00,ETHUSDT,4067.0,4188.94,1.8426433122650046,3.0,8.994836488812364,218.51694767641044,6.174977821183495,SIGNAL_EXIT,5
2021-06-14 16:00:00,2021-06-14 16:00:00,BTCUSDT,40685.37,39821.24497951515,0.19954893734868007,3.0,-6.371762285692778,-178.79225926981013,6.357029695650968,STOP_LOSS,1
2021-06-15 00:00:00,2021-06-15 00:00:00,BTCUSDT,40516.28,39821.967008333864,0.1866728569136346,3.0,-5.140992645421554,-135.55633402606287,5.946944279492949,STOP_LOSS,1
2021-06-15 04:00:00,2021-06-15 08:00:00,BTCUSDT,40403.13,39825.156705735295,0.1766891371253257,3.0,-4.2915484092299465,-107.75094070448601,5.629338059373798,STOP_LOSS,2
2021-07-24 08:00:00,2021-07-25 04:00:00,BTCUSDT,33806.49,34160.85,0.20110537506207013,3.0,3.1446032995439688,65.767756265644,5.495944441351295,SIGNAL_EXIT,5
2021-07-25 04:00:00,2021-07-25 04:00:00,NEARUSDT,2.2161,2.1621619371524186,3150.648299755931,3.0,-7.301754818949696,-175.3896354677299,5.449769464869006,STOP_LOSS,1
2021-07-25 08:00:00,2021-07-26 04:00:00,BTCUSDT,34695.51,37753.25654275,0.1856046088308844,3.0,26.439270177178535,561.9261082409354,5.605742730167313,STOP_LOSS,6
2021-07-26 08:00:00,2021-07-26 20:00:00,BTCUSDT,38149.99,38168.950545030006,0.21291193750980242,3.0,0.1491000000000612,-2.4643737920257234,6.501300170606535,STOP_LOSS,4
2021-07-27 00:00:00,2021-07-30 04:00:00,BTCUSDT,37241.33,39969.99,0.21717045286442954,3.0,21.98090132656376,585.6400872496241,6.944240663429376,SIGNAL_EXIT,19
2021-07-30 04:00:00,2021-07-30 08:00:00,ETHUSDT,2422.22,2327.45607125,4.041710520509082,3.0,-11.73682763126384,-390.5338907450017,7.525522951355089,STOP_LOSS,2
2021-07-30 12:00:00,2021-07-30 16:00:00,ETHUSDT,2335.15,2346.64,3.6810277186277203,3.0,1.4761364366314518,35.38457097851926,6.910437508512443,SIGNAL_EXIT,1
2021-07-30 16:00:00,2021-07-31 12:00:00,BTCUSDT,39072.65,41592.14,0.22218075463562267,3.0,19.34465668440711,552.3894110552161,7.392778441688374,SIGNAL_EXIT,5
2021-07-31 12:00:00,2021-08-01 08:00:00,SOLUSDT,34.636,34.653214092000006,297.55977451146373,3.0,0.149100000000028,-3.126900723109846,8.2491220570504,STOP_LOSS,6
2021-08-01 12:00:00,2021-08-01 20:00:00,SOLUSDT,35.12,35.545,292.19994655729874,3.0,3.63041002277908,115.87597960654986,8.30899768030335,SIGNAL_EXIT,2
2021-08-01 20:00:00,2021-08-01 20:00:00,ETHUSDT,2655.7,2558.551050892857,3.9837998433863557,3.0,-10.97438894910678,-395.1761724588594,8.154204220674368,STOP_LOSS,1
2021-08-02 00:00:00,2021-08-02 04:00:00,ETHUSDT,2555.5,2560.17,3.666525409560818,3.0,0.5482293093328201,9.61313097641303,7.509542686236257,SIGNAL_EXIT,1
2021-08-02 04:00:00,2021-08-02 12:00:00,SOLUSDT,34.813,34.573,269.19854604609714,3.0,-2.068192916439278,-72.05325211702522,7.445601065961374,SIGNAL_EXIT,2
2021-08-02 12:00:00,2021-08-03 04:00:00,ETHUSDT,2590.6,2473.901430357143,3.5237558373204068,3.0,-13.5140781644627,-418.19120567090005,6.973939684941029,STOP_LOSS,5
2021-08-03 08:00:00,2021-08-03 12:00:00,ETHUSDT,2493.1,2489.13,3.1464593696251555,3.0,-0.4777185030684449,-18.75700082598329,6.265557128572051,SIGNAL_EXIT,1
2021-08-03 12:00:00,2021-08-04 16:00:00,SOLUSDT,34.371,35.374,225.93492024858705,3.0,8.754473247796108,220.21894751423403,6.393777495098815,SIGNAL_EXIT,7
2021-08-04 16:00:00,2021-08-05 04:00:00,ETHUSDT,2672.57,2712.01,3.1415107884944433,3.0,4.427199287577132,117.08533855941715,6.815846938803854,SIGNAL_EXIT,3
2021-08-05 04:00:00,2021-08-05 16:00:00,SOLUSDT,37.237,36.707,234.1365519509242,3.0,-4.269946558530503,-130.96793286396016,6.87556032997006,SIGNAL_EXIT,3
2021-08-05 16:00:00,2021-08-06 12:00:00,ETHUSDT,2755.19,2736.27,3.0128125020170877,3.0,-2.0601120067944576,-63.59750731007895,6.595094771915437,SIGNAL_EXIT,5
2021-08-06 12:00:00,2021-08-07 08:00:00,SOLUSDT,36.94,39.454,218.6860131447992,3.0,20.41689225771524,542.8742066759339,6.902430370091927,SIGNAL_EXIT,5
2021-08-07 08:00:00,2021-08-08 16:00:00,ETHUSDT,2955.76,2957.2290127200004,3.2742045423882153,3.0,0.1491000000000139,-2.936210012413519,7.746058133064035,STOP_LOSS,9
2021-08-08 20:00:00,2021-08-10 12:00:00,ETHUSDT,2984.78,3122.97,3.224338938692603,3.0,13.88946589028333,437.51578691763444,8.055611020295071,SIGNAL_EXIT,10
2021-08-10 12:00:00,2021-08-10 16:00:00,NEARUSDT,2.8618,2.8045,3794.3681104619973,3.0,-6.006709064225327,-225.93033702210548,8.513044292632538,SIGNAL_EXIT,1
2021-08-10 16:00:00,2021-08-11 00:00:00,BNBUSDT,369.35,371.95,27.4953646835853,3.0,2.111818058751833,63.3064274620732,8.181520715247641,SIGNAL_EXIT,2
2021-08-11 00:00:00,2021-08-11 04:00:00,NEARUSDT,2.8612,2.8557,3605.441235002877,3.0,-0.5766811128198022,-28.066773620354212,8.236846827838173,SIGNAL_EXIT,1
2021-08-11 04:00:00,2021-08-12 04:00:00,BNBUSDT,379.07,399.6,26.9133259581268,3.0,16.247658743767666,543.92692987805,8.603652042293977,SIGNAL_EXIT,6
2021-08-12 04:00:00,2021-08-12 04:00:00,NEARUSDT,3.2119,3.0202592339285714,3671.540514626725,3.0,-17.899757097490134,-712.488040198988,8.87120331363538,STOP_LOSS,1
2021-08-12 08:00:00,2021-08-12 12:00:00,NEARUSDT,3.1611,3.1626710667,3045.953794337307,3.0,0.14910000000003804,-2.9212833726613345,7.706679948684547,STOP_LOSS,2
2021-08-12 16:00:00,2021-08-13 04:00:00,NEARUSDT,3.1122,3.2559,3082.060649572713,3.0,13.851937536148057,434.8642103284436,8.027905015155037,STOP_LOSS,4
2021-08-13 08:00:00,2021-08-14 16:00:00,NEARUSDT,3.3673,3.2687,3225.962520519922,3.0,-8.784486086775777,-326.51566747592386,8.435762952658775,SIGNAL_EXIT,8
2021-08-14 16:00:00,2021-08-15 12:00:00,BNBUSDT,409.37,403.37,24.030222298190456,3.0,-4.397000268705572,-151.93579040387962,7.754456614736868,SIGNAL_EXIT,5
2021-08-15 12:00:00,2021-08-15 20:00:00,SOLUSDT,46.768,51.98191,199.7971340925344,3.0,33.445368628121784,1033.415606102281,8.308669314124845,STOP_LOSS,3
2021-08-16 00:00:00,2021-08-16 08:00:00,SOLUSDT,53.515,61.467659999999995,231.87446999522223,3.0,44.58185555451739,1832.6165976847255,11.402224867477216,STOP_LOSS,3
2021-08-16 12:00:00,2021-08-16 16:00:00,SOLUSDT,61.79,65.325514525,288.94057705920255,3.0,17.16546945298594,1006.4534535638592,15.100153490834256,STOP_LOSS,2
2021-08-16 20:00:00,2021-08-17 00:00:00,SOLUSDT,62.91,62.042,331.07191856740707,3.0,-4.139246542679995,-303.80271649391494,16.432291177407258,STOP_LOSS,2
2021-08-17 04:00:00,2021-08-17 16:00:00,SOLUSDT,71.854,64.2065455,276.49217596181757,3.0,-31.92913894842317,-2128.663421255021,14.202085981029159,STOP_LOSS,4
2021-08-17 20:00:00,2021-08-18 04:00:00,SOLUSDT,65.186,65.793,205.34913570198927,3.0,2.793544626146715,113.83849682291456,10.808428548192785,SIGNAL_EXIT,2
2021-08-18 04:00:00,2021-08-18 08:00:00,NEARUSDT,4.2667,4.079,3208.2150303104636,3.0,-13.197553144116092,-612.6510084761845,10.469047286909104,SIGNAL_EXIT,1
2021-08-18 08:00:00,2021-08-18 12:00:00,SOLUSDT,67.438,74.412863025,175.25958700213323,3.0,31.027890914617828,1211.978359044822,10.433254113126248,STOP_LOSS,2
2021-08-18 16:00:00,2021-08-19 04:00:00,SOLUSDT,77.344,69.632,199.33650196051576,3.0,-29.91311543235412,-1548.387262563107,11.104159443611708,SIGNAL_EXIT,3
2021-08-19 04:00:00,2021-08-19 12:00:00,NEARUSDT,4.4492,4.1604,2407.4649462232287,3.0,-19.473163714825144,-703.2886901990826,8.012813729813697,SIGNAL_EXIT,2
2021-08-19 12:00:00,2021-08-21 08:00:00,SOLUSDT,69.6,77.78314999999999,123.1692219690954,3.0,35.27219827586207,1000.2478267021585,7.664392054244354,STOP_LOSS,12
2021-08-21 12:00:00,2021-08-21 20:00:00,NEARUSDT,4.9501,5.626757185,2323.1359310921384,3.0,41.008697905092816,1561.5092420715564,10.457377433603485,STOP_LOSS,3
2021-08-22 00:00:00,2021-08-22 04:00:00,NEARUSDT,6.1923,5.9951,2607.5131971107144,3.0,-9.553800687951188,-526.7074443646328,12.505841894398756,STOP_LOSS,2
2021-08-22 08:00:00,2021-08-24 00:00:00,NEARUSDT,5.795,5.280281964285715,2505.8418138654206,3.0,-26.646317638358163,-1300.3872173116158,10.585241068085265,STOP_LOSS,11
2021-08-24 04:00:00,2021-08-24 12:00:00,NEARUSDT,5.4433,5.4460053201,1939.043321754814,3.0,0.14910000000002555,-3.2022993238299113,8.448032196944876,STOP_LOSS,3
2021-08-24 16:00:00,2021-08-25 00:00:00,NEARUSDT,5.0611,5.0496,2077.550103782819,3.0,-0.6816699926893272,-32.284463796751474,8.392637603249378,STOP_LOSS,3
2021-08-25 04:00:00,2021-08-26 04:00:00,NEARUSDT,5.1258,5.3593,2026.5021992359996,3.0,13.66615942877211,464.499756932514,8.688506589092395,STOP_LOSS,7
2021-08-26 08:00:00,2021-08-26 20:00:00,NEARUSDT,5.0444,4.902,2327.250635737084,3.0,-8.468797081912632,-340.527036622068,9.12654609310655,SIGNAL_EXIT,3
2021-08-26 20:00:00,2021-08-27 04:00:00,SOLUSDT,74.78,79.61389975000002,142.81172432916003,3.0,19.39248361861466,681.2417198887046,9.095838643093108,STOP_LOSS,3
2021-08-27 08:00:00,2021-08-29 00:00:00,SOLUSDT,81.92,92.78960649999999,154.91107706014617,3.0,39.805687866210896,1672.3231398286423,11.49931030632171,STOP_LOSS,11
2021-08-29 04:00:00,2021-08-30 20:00:00,SOLUSDT,93.95,109.63,187.7606743267263,3.0,50.069185737094166,2927.620011261916,16.467362181151206,STOP_LOSS,11
2021-08-31 00:00:00,2021-08-31 12:00:00,SOLUSDT,110.26,118.571875,238.7687170738359,3.0,22.615295664792313,1961.9667266482586,22.64900357983139,STOP_LOSS,4
2021-08-31 16:00:00,2021-08-31 16:00:00,SOLUSDT,116.52,106.14661232142858,275.320301709652,3.0,-26.708001232161227,-2879.3836792793045,23.37945386383455,STOP_LOSS,1
2021-08-31 20:00:00,2021-08-31 20:00:00,SOLUSDT,114.69,103.5052232142857,203.78488330690126,3.0,-29.25654403796571,-2296.162671958027,16.874239867502386,STOP_LOSS,1
2021-09-01 00:00:00,2021-09-01 20:00:00,SOLUSDT,108.27,114.98,151.77812902159047,3.0,18.592407869215872,1004.4700863149513,13.961159419921978,SIGNAL_EXIT,5
2021-09-01 20:00:00,2021-09-02 16:00:00,ETHUSDT,3713.1,3756.31,5.200013278848559,3.0,3.4911529449785927,209.0662842754691,15.626289503577302,SIGNAL_EXIT,5
2021-09-02 16:00:00,2021-09-03 08:00:00,SOLUSDT,121.87,138.8524085,162.9641060707345,3.0,41.80456675145644,2749.420653228965,18.102366901576765,STOP_LOSS,5
2021-09-03 12:00:00,2021-09-04 12:00:00,SOLUSDT,139.37,139.43926689,200.46509674863822,3.0,0.149099999999988,-8.476571096804266,22.362164902130427,STOP_LOSS,7
2021-09-04 16:00:00,2021-09-07 08:00:00,SOLUSDT,142.34,185.427441,194.7131453030269,3.0,90.81236686806236,8360.807031958513,28.884128210081155,STOP_LOSS,17
2021-09-07 12:00:00,2021-09-07 12:00:00,SOLUSDT,182.84,169.2250667857143,285.1182773361285,3.0,-22.33909409475888,-3920.465631722808,38.59932761922732,STOP_LOSS,1
2021-09-08 00:00:00,2021-09-08 04:00:00,NEARUSDT,8.6791,8.3579,4638.029702215427,3.0,-11.102533672846238,-1520.7464911101088,31.011350758517057,SIGNAL_EXIT,1
2021-09-09 16:00:00,2021-09-09 20:00:00,NEARUSDT,10.444,9.8228,3406.7446678727724,3.0,-17.84373803140559,-2143.0408049014304,26.771017218864543,SIGNAL_EXIT,1
2021-09-10 04:00:00,2021-09-10 08:00:00,NEARUSDT,10.1236,9.2893,2869.9803109180766,3.0,-24.723418546761987,-2415.752659880717,21.328086481769034,SIGNAL_EXIT,1
2021-09-14 16:00:00,2021-09-14 20:00:00,NEARUSDT,9.1452,8.6792,2377.5687381282355,3.0,-15.28670778113112,-1124.4553476413303,16.508315673570063,SIGNAL_EXIT,1
2021-09-14 20:00:00,2021-09-15 04:00:00,SOLUSDT,154.2,157.27,118.74541797506537,3.0,5.97276264591444,349.6083596755024,14.940073507950824,SIGNAL_EXIT,2
2021-09-15 04:00:00,2021-09-15 08:00:00,NEARUSDT,8.9442,8.948645267400002,2158.4468378169536,3.0,0.1491000000000431,-5.85726670134858,15.452140064132145,STOP_LOSS,2
2021-09-15 12:00:00,2021-09-16 00:00:00,NEARUSDT,8.9706,8.975058388199999,2144.9723621209396,3.0,0.14909999999999246,-5.837882284282923,15.401001752888563,STOP_LOSS,4
2021-09-16 04:00:00,2021-09-17 08:00:00,NEARUSDT,8.9194,8.19157275357143,2149.0846095534766,3.0,-24.48014148132956,-1578.2458400595149,14.083506346190363,STOP_LOSS,8
2021-09-17 12:00:00,2021-09-19 00:00:00,NEARUSDT,8.2847,8.965077182500002,1733.8235499562481,3.0,24.637362215891972,1167.2188923144265,12.43508955695513,STOP_LOSS,10
2021-09-19 04:00:00,2021-09-19 20:00:00,NEARUSDT,8.8121,9.7001,2019.8797130294965,3.0,30.231159428513127,1777.9787570067103,15.674428163485937,STOP_LOSS,5
2021-09-20 00:00:00,2021-09-20 00:00:00,NEARUSDT,10.0659,9.251120330357141,2291.712670535359,3.0,-24.283362728902283,-1884.2016203573335,16.960727742181373,STOP_LOSS,1
2021-10-01 12:00:00,2021-10-02 12:00:00,BTCUSDT,47488.07,47683.46,0.36566456021038335,3.0,1.2343521225436163,57.49827727533906,13.948921144167526,SIGNAL_EXIT,6
2021-10-02 12:00:00,2021-10-02 16:00:00,BNBUSDT,425.2,431.9,41.098452912028684,3.0,4.727187206020688,261.15929706042755,14.20033745016415,SIGNAL_EXIT,1
2021-10-02 16:00:00,2021-10-05 00:00:00,SOLUSDT,170.44,167.13,106.87616250783424,3.0,-5.826097160291016,-368.04986833287904,14.28977043194747,SIGNAL_EXIT,14
2021-10-05 00:00:00,2021-10-12 20:00:00,BTCUSDT,49224.93,54864.667368,0.34550497610486014,3.0,34.3712263359237,1933.3925120981419,15.164812470385552,STOP_LOSS,48
2021-10-13 00:00:00,2021-10-13 04:00:00,BTCUSDT,55996.91,56277.79,0.40190280239964477,3.0,1.5047973182805838,94.7918979269242,18.094561211086965,SIGNAL_EXIT,1
2021-10-13 04:00:00,2021-10-13 04:00:00,BNBUSDT,461.1,439.30077321428575,49.283334230376056,3.0,-14.182971233385992,-1091.6587451113085,17.320165467185824,STOP_LOSS,1
2021-10-13 08:00:00,2021-10-13 12:00:00,BTCUSDT,54612.6,55210.8,0.35518635352076333,3.0,3.2860548664594127,196.78437849455085,15.688098181571329,SIGNAL_EXIT,1
2021-10-13 12:00:00,2021-10-14 16:00:00,BNBUSDT,461.1,474.3,43.22602899899156,3.0,8.588158750813266,554.1818983433108,16.40168444337736,SIGNAL_EXIT,7
2021-10-14 16:00:00,2021-10-15 00:00:00,ETHUSDT,3808.41,3790.82,5.649478085482699,3.0,-1.3856176199516088,-116.50724313644656,17.132923612807623,SIGNAL_EXIT,2
2021-10-15 00:00:00,2021-10-15 04:00:00,BNBUSDT,472.7,465.7,44.616253991960974,3.0,-4.442563994076582,-328.9360095309718,16.622231587244983,SIGNAL_EXIT,1
2021-10-15 04:00:00,2021-10-15 08:00:00,ETHUSDT,3820.93,3805.05,5.245700087256618,3.0,-1.2468168744258328,-99.26983827924592,15.968120893612639,SIGNAL_EXIT,1
2021-10-15 08:00:00,2021-10-16 12:00:00,BTCUSDT,59231.5,61597.26,0.33255577320130336,3.0,11.982272945983144,770.3595264676107,16.387619541105373,SIGNAL_EXIT,7
2021-10-16 12:00:00,2021-10-16 16:00:00,ETHUSDT,3956.75,3834.8826060714287,5.53313987795382,3.0,-9.239961629764682,-691.2844906684256,16.975153499940234,STOP_LOSS,2
2021-10-16 20:00:00,2021-10-17 08:00:00,BTCUSDT,60834.34,60329.54,0.32495648050027465,3.0,-2.4893834633530783,-179.72161134741768,15.683579990880434,SIGNAL_EXIT,3
2021-10-17 08:00:00,2021-10-17 12:00:00,ETHUSDT,3877.47,3858.8,4.939544031835528,3.0,-1.4444986034707905,-107.46985708240496,15.248570008037548,SIGNAL_EXIT,1
2021-10-17 12:00:00,2021-10-17 20:00:00,BTCUSDT,60939.9,59227.221777321436,0.30788218643093035,3.0,-8.431314570643693,-541.8911210805416,14.588005229625068,STOP_LOSS,3
2021-10-18 00:00:00,2021-10-18 20:00:00,BTCUSDT,61528.32,61434.64,0.27738599634434613,3.0,-0.4567652749173078,-39.6184071987034,13.632887061164977,SIGNAL_EXIT,5
2021-10-18 20:00:00,2021-10-19 16:00:00,BNBUSDT,479.5,483.8,35.129020235888945,3.0,2.690302398331603,137.4584510222244,13.596335992098458,SIGNAL_EXIT,5
2021-10-19 16:00:00,2021-10-20 16:00:00,BTCUSDT,62395.99,66875.84,0.27564778545211066,3.0,21.53912454951031,1220.113389900638,14.747341756999743,SIGNAL_EXIT,6
2021-10-20 16:00:00,2021-10-20 20:00:00,ETHUSDT,4081.0,4100.93,5.094329342530909,3.0,1.4650820877236186,84.81679337211027,16.713190424532225,SIGNAL_EXIT,1
2021-10-20 20:00:00,2021-10-21 00:00:00,NEARUSDT,8.8323,8.7477,2374.950746117223,3.0,-2.8735436975646214,-217.5411184349648,16.620285313447706,SIGNAL_EXIT,1
2021-10-21 00:00:00,2021-10-21 04:00:00,ETHUSDT,4161.37,4185.82,4.871913132543047,3.0,1.7626406688181884,102.80391494790754,16.31436114276907,SIGNAL_EXIT,1
2021-10-21 04:00:00,2021-10-21 12:00:00,SOLUSDT,184.2,184.2915474,111.28489905381421,3.0,0.1491000000000399,-6.2192498314622995,16.407092999104176,STOP_LOSS,3
2021-10-21 16:00:00,2021-10-22 04:00:00,NEARUSDT,9.2837,9.3535,2196.5436386017855,3.0,2.2555662074388687,136.88244923547683,16.436296738929443,SIGNAL_EXIT,3
2021-10-22 04:00:00,2021-10-22 16:00:00,SOLUSDT,201.72,201.82025484,102.78452571467204,3.0,0.14909999999998655,-6.290553158675515,16.595199338674917,STOP_LOSS,4
2021-10-22 20:00:00,2021-10-23 20:00:00,SOLUSDT,197.69,193.75,104.48155546997484,3.0,-5.979058121301023,-427.85196964954673,16.1946410978461,SIGNAL_EXIT,6
2021-10-23 20:00:00,2021-10-24 00:00:00,NEARUSDT,9.3208,9.3174,2063.715280409448,3.0,-0.10943266672391717,-22.399400556343693,15.382768602949591,SIGNAL_EXIT,1
2021-10-24 00:00:00,2021-10-24 04:00:00,SOLUSDT,197.75,196.58,96.69869935174285,3.0,-1.7749683944374022,-128.3447024963904,15.207224254852488,SIGNAL_EXIT,1
2021-10-24 04:00:00,2021-10-24 12:00:00,NEARUSDT,9.3682,9.3728559954,1992.3186945845143,3.0,0.14910000000000892,-5.662746299707116,14.938972977027175,STOP_LOSS,3
2021-10-24 16:00:00,2021-10-26 00:00:00,NEARUSDT,9.3008,12.088639800000001,1999.1282004906127,3.0,89.92258085325994,5553.915770046308,19.33339258380256,STOP_LOSS,9
2021-10-26 04:00:00,2021-10-26 12:00:00,NEARUSDT,11.9004,12.563970732500001,2954.253673773794,3.0,16.72811163910462,1930.6625489419587,29.693725354939648,STOP_LOSS,3
2021-10-26 16:00:00,2021-10-27 04:00:00,NEARUSDT,12.561,11.466731207142859,3251.421700529339,3.0,-26.13491265481589,-3587.7558422525863,29.826542944833022,STOP_LOSS,4
2021-10-27 08:00:00,2021-10-27 08:00:00,NEARUSDT,11.4893,10.290758530357145,2606.777327317768,3.0,-31.295417553102144,-3145.791301729381,21.46057281426954,STOP_LOSS,1
2021-10-27 12:00:00,2021-10-28 04:00:00,NEARUSDT,10.9612,11.979363959999999,1865.520438318417,3.0,27.866400394117406,1881.5274782948654,17.878198644348036,STOP_LOSS,5
2021-10-28 08:00:00,2021-10-29 04:00:00,NEARUSDT,11.7041,11.3974,2222.9793066941857,3.0,-7.861347732845782,-702.0567008432022,20.268947480093047,SIGNAL_EXIT,5
2021-10-29 04:00:00,2021-10-29 20:00:00,ETHUSDT,4379.84,4403.96,5.43717722041028,3.0,1.6521151457587417,111.98862576301693,19.15608879327845,SIGNAL_EXIT,4
2021-10-29 20:00:00,2021-10-30 12:00:00,BNBUSDT,530.4,509.90898749999997,45.31781759396751,3.0,-11.589939196832585,-947.0943367787485,18.486369988039726,STOP_LOSS,5
2021-10-30 16:00:00,2021-11-03 04:00:00,BNBUSDT,521.1,552.2,40.523826087063576,3.0,17.904432930339677,1242.3891858954569,17.901805412221208,SIGNAL_EXIT,21
2021-11-03 04:00:00,2021-11-05 04:00:00,SOLUSDT,229.6,242.97,107.47110784402616,3.0,17.469512195121958,1415.99890781634,20.88980405829043,SIGNAL_EXIT,12
2021-11-05 04:00:00,2021-11-06 16:00:00,BNBUSDT,580.4,610.9,49.543087704534834,3.0,15.76498966230186,1486.8514771653522,24.212697822960262,SIGNAL_EXIT,9
2021-11-06 16:00:00,2021-11-06 20:00:00,SOLUSDT,253.21,254.28,130.66147907604213,3.0,1.267722443821326,113.2281018917994,26.57968071956479,SIGNAL_EXIT,1
2021-11-06 20:00:00,2021-11-08 08:00:00,BNBUSDT,624.4,641.4,53.3772955637323,3.0,8.167841127482383,880.0250666837868,27.38895789966232,SIGNAL_EXIT,9
2021-11-08 08:00:00,2021-11-08 20:00:00,BTCUSDT,65941.88,65835.01,0.5432021544890553,3.0,-0.48620087871323914,-86.66138966849752,28.609375418246803,SIGNAL_EXIT,3
2021-11-08 20:00:00,2021-11-09 00:00:00,BNBUSDT,645.2,653.6,54.79797160412148,3.0,3.9057656540607457,431.6501980822561,28.652763392363042,SIGNAL_EXIT,1
2021-11-09 00:00:00,2021-11-10 12:00:00,BTCUSDT,67525.82,65840.69273964287,0.5414923113807578,3.0,-7.486590730881053,-941.0052382971122,28.521783115599597,STOP_LOSS,10
2021-11-10 16:00:00,2021-11-10 20:00:00,BTCUSDT,68349.42,66351.78530624999,0.48886525005927906,3.0,-8.768039408747018,-1002.5238497796835,25.949665692495604,STOP_LOSS,2
2021-11-11 00:00:00,2021-11-11 12:00:00,BNBUSDT,614.2,630.1,49.26039016308317,3.0,7.766199934874621,758.4090261196143,24.83117747340697,SIGNAL_EXIT,3
2021-11-11 12:00:00,2021-11-12 04:00:00,NEARUSDT,12.2081,11.9221,2656.179959310845,3.0,-7.028120673978741,-785.0012628372205,25.333794474319863,SIGNAL_EXIT,4
2021-11-12 04:00:00,2021-11-12 08:00:00,ETHUSDT,4774.36,4610.8526167857135,6.276295194936,3.0,-10.274092226871423,-1049.3718613030157,23.151257698632204,STOP_LOSS,2
2021-11-12 12:00:00,2021-11-16 00:00:00,BNBUSDT,613.2,613.5047604000001,43.619991736640834,3.0,0.14910000000003787,-8.115211933571526,21.40885806323026,STOP_LOSS,22
2021-12-27 16:00:00,2021-12-27 20:00:00,NEARUSDT,15.3506,14.9744,1727.921198901139,3.0,-7.352155616067139,-670.7436215872699,20.699666560660173,SIGNAL_EXIT,1
2022-02-05 00:00:00,2022-02-10 20:00:00,BTCUSDT,41571.7,43464.655075,0.5878487516867978,3.0,13.66041134954793,1092.330763255273,20.440514582668797,STOP_LOSS,36
2022-02-11 00:00:00,2022-02-12 04:00:00,BTCUSDT,43495.44,41759.928506250006,0.6319687773236349,3.0,-11.970299602096196,-1117.9018535036744,21.112776767373777,STOP_LOSS,8
2022-02-12 08:00:00,2022-02-15 08:00:00,BTCUSDT,42103.94,43691.57,0.571322784966339,3.0,11.312219236489488,887.079601534546,19.9695915615614,SIGNAL_EXIT,18
2022-02-15 08:00:00,2022-02-17 12:00:00,BNBUSDT,427.7,417.4994023533805,62.10993725303191,3.0,-7.154966785096669,-654.3031691216386,20.74468934667743,STOP_LOSS,14
2022-02-28 16:00:00,2022-03-02 12:00:00,BTCUSDT,40824.96,44103.29,0.5988860440714191,3.0,24.090629849974146,1942.2158089577488,21.130275902907663,SIGNAL_EXIT,11
2022-03-02 12:00:00,2022-03-02 12:00:00,SOLUSDT,104.57,100.78102336200563,288.5765471412843,3.0,-10.870163444566414,-1116.6762271827445,23.266431791338157,STOP_LOSS,1
2022-03-02 16:00:00,2022-03-03 08:00:00,BTCUSDT,44126.51,43477.04,0.6063628734082561,3.0,-4.415508953687938,-414.90478571380936,21.09029032134855,SIGNAL_EXIT,4
2022-03-03 08:00:00,2022-03-04 00:00:00,NEARUSDT,11.387,10.67657609293997,2232.660519828091,3.0,-18.71670959146477,-1605.2051455786705,19.069735943718015,STOP_LOSS,5
2022-03-04 08:00:00,2022-03-04 12:00:00,NEARUSDT,11.131,11.136532107,1844.0770405333462,3.0,0.14910000000001367,-6.227667031270178,16.429298535744923,STOP_LOSS,2
2022-03-09 04:00:00,2022-03-09 08:00:00,BNBUSDT,398.8,396.1,51.27428418171803,3.0,-2.0310932798395096,-154.6883624621409,16.247795171502812,SIGNAL_EXIT,1
2022-03-09 08:00:00,2022-03-10 04:00:00,NEARUSDT,11.207,11.212569879,1778.8360001317599,3.0,0.14909999999998366,-6.048357082229771,15.95625836380657,STOP_LOSS,6
2022-03-16 12:00:00,2022-03-16 16:00:00,BTCUSDT,40521.6,39780.122761572195,0.48962946954723585,3.0,-5.489496257017028,-378.63112325777297,15.582016325018014,STOP_LOSS,2
2022-03-16 20:00:00,2022-03-16 20:00:00,NEARUSDT,10.614,10.479772089189193,1757.8639053416316,3.0,-3.7938923349578095,-250.69200997716783,14.737610473433877,STOP_LOSS,1
2022-03-17 00:00:00,2022-03-17 20:00:00,NEARUSDT,10.808,10.877,1652.63823095942,3.0,1.9152479644707856,99.65144110568488,14.380596830516492,SIGNAL_EXIT,5
2022-03-17 20:00:00,2022-03-20 16:00:00,ETHUSDT,2828.78,2830.1859036600003,6.395527398066674,3.0,0.1491000000000158,-5.488929814210529,14.480425190783697,STOP_LOSS,18
2022-03-20 20:00:00,2022-03-23 16:00:00,ETHUSDT,2875.7,3031.59,6.248311673816074,3.0,16.26282296484338,958.8954514814105,15.15385534977926,SIGNAL_EXIT,17
2022-03-23 16:00:00,2022-03-24 12:00:00,NEARUSDT,11.829,12.134,1752.4163646790353,3.0,7.735226984529539,517.4759350918929,17.011056135212332,SIGNAL_EXIT,5
2022-03-24 12:00:00,2022-03-25 00:00:00,SOLUSDT,100.05,102.32,221.8898042716765,3.0,6.8065967016491635,485.5268438782424,18.16301181846235,SIGNAL_EXIT,3
2022-03-25 00:00:00,2022-03-25 04:00:00,NEARUSDT,12.887,12.574,1830.6202965665411,3.0,-7.2864126639248985,-591.3987285125506,18.41457568722215,SIGNAL_EXIT,1
2022-03-25 04:00:00,2022-03-25 16:00:00,SOLUSDT,103.5,100.24,210.15178841002623,3.0,-9.449275362318854,-701.9473224328634,16.852492216176824,SIGNAL_EXIT,3
2022-03-25 16:00:00,2022-03-26 04:00:00,BTCUSDT,44318.21,44394.04,0.44189032636582265,3.0,0.5133104428179867,17.814705988883198,15.69383745943791,SIGNAL_EXIT,3
2022-03-26 04:00:00,2022-03-27 00:00:00,NEARUSDT,12.905,12.711,1516.8030751304273,3.0,-4.509879891514895,-309.6838636856878,15.424067110386291,SIGNAL_EXIT,5
2022-03-27 00:00:00,2022-03-27 04:00:00,SOLUSDT,101.73,101.82,182.63782567229495,3.0,0.26540843409020703,1.5604575825421136,14.876946727962459,SIGNAL_EXIT,1
2022-03-27 04:00:00,2022-03-27 20:00:00,NEARUSDT,12.838,12.748,1443.4387231633482,3.0,-2.103131328867422,-144.63025055901022,14.72076547430909,SIGNAL_EXIT,4
2022-03-27 20:00:00,2022-03-28 00:00:00,SOLUSDT,103.23,107.04,174.70734203277837,3.0,11.072362685265917,650.6744340319351,14.96053911295088,SIGNAL_EXIT,1
2022-03-28 00:00:00,2022-03-28 12:00:00,BTCUSDT,46827.76,47252.54,0.42586313135829124,3.0,2.7213345246494742,164.79964921914814,16.09849171922633,SIGNAL_EXIT,3
2022-03-28 12:00:00,2022-03-28 16:00:00,SOLUSDT,110.07,109.89,185.0549297317139,3.0,-0.49059689288632496,-49.57843633428158,16.268548982574433,SIGNAL_EXIT,1
2022-03-28 16:00:00,2022-03-29 08:00:00,BTCUSDT,47422.51,47344.45,0.4253569497720963,3.0,-0.49381612234361877,-49.31399617172197,16.11063267251002,SIGNAL_EXIT,4
2022-03-29 08:00:00,2022-03-29 16:00:00,SOLUSDT,109.88,109.93461036,181.61372942656152,3.0,0.14909999999999476,-6.054516519501634,15.972507664428404,STOP_LOSS,3
2022-03-29 20:00:00,2022-03-30 00:00:00,SOLUSDT,113.92,111.62,174.50619719560657,3.0,-6.056882022471903,-416.9469589346735,15.582705384778887,SIGNAL_EXIT,1
2022-03-30 00:00:00,2022-03-30 16:00:00,NEARUSDT,14.088,14.266,1319.008687539613,3.0,3.7904599659284672,219.7299640329001,15.053582349152096,SIGNAL_EXIT,4
2022-03-30 16:00:00,2022-03-31 16:00:00,SOLUSDT,122.62,122.68094214000001,156.40344127081372,3.0,0.14910000000002138,-5.818616808824196,15.35017722323327,STOP_LOSS,7
2022-03-31 20:00:00,2022-04-02 08:00:00,SOLUSDT,122.96,135.81,155.22808946556628,3.0,31.35165907612234,1977.8157281682734,16.865221464254848,SIGNAL_EXIT,9
2022-04-02 08:00:00,2022-04-02 16:00:00,NEARUSDT,15.783,15.503,1579.6065189854962,3.0,-5.322182094658798,-461.8807372070037,19.59091189106572,SIGNAL_EXIT,2
2022-04-02 16:00:00,2022-04-03 08:00:00,SOLUSDT,137.96,137.59,170.15346879425837,3.0,-0.8045810379820335,-81.68591607099798,18.72913261712161,SIGNAL_EXIT,4
2022-04-03 08:00:00,2022-04-04 08:00:00,NEARUSDT,17.238,15.923222142857144,1343.0162423798013,3.0,-22.88161951170998,-1782.8761340392682,17.10811677510308,STOP_LOSS,7
2022-04-04 12:00:00,2022-04-05 00:00:00,NEARUSDT,15.854,17.117,1117.654837673404,3.0,23.899331399016056,1396.2933416963467,15.304718285164526,STOP_LOSS,4
2022-04-05 04:00:00,2022-04-05 20:00:00,NEARUSDT,17.433,15.902467607142858,1253.5448530514245,3.0,-26.338537134006913,-1934.5385686303512,15.947565135800746,STOP_LOSS,5
2022-04-06 00:00:00,2022-04-06 08:00:00,NEARUSDT,16.141,16.149022076999998,990.106475279359,3.0,0.14909999999999413,-4.848690679404317,12.791401062293618,STOP_LOSS,3
2022-04-06 12:00:00,2022-04-06 16:00:00,NEARUSDT,15.608,15.615757176000002,1020.0353936096842,3.0,0.1491000000000369,-4.830305939565978,12.742900014027532,STOP_LOSS,2
2022-04-06 20:00:00,2022-04-07 00:00:00,NEARUSDT,16.357,15.245,970.1059722784867,3.0,-20.39493794705631,-1090.5892536115857,11.831412437908423,SIGNAL_EXIT,1
2022-04-07 12:00:00,2022-04-07 16:00:00,NEARUSDT,15.443,14.943,813.3646173541784,3.0,-9.713138638865507,-416.405594658788,9.723285981698792,SIGNAL_EXIT,1
2022-04-08 04:00:00,2022-04-08 08:00:00,NEARUSDT,18.216,18.225053352000003,619.3690425870373,3.0,0.1491000000000368,-3.4230611161359112,9.030427076580734,STOP_LOSS,2
2022-04-08 16:00:00,2022-04-08 20:00:00,NEARUSDT,18.719,18.046,600.7312189867143,3.0,-10.785832576526552,-412.9647468403272,8.672636462267397,SIGNAL_EXIT,1
2022-04-21 12:00:00,2022-04-21 20:00:00,NEARUSDT,16.541,16.165,603.045136327602,3.0,-6.819418414847974,-234.54355096216764,7.798579702988549,SIGNAL_EXIT,2
2022-07-18 08:00:00,2022-07-18 20:00:00,ETHUSDT,1467.14,1472.3,6.30019080744461,3.0,1.0551140313807519,25.08836782577271,7.4206167406405585,SIGNAL_EXIT,3
2022-07-19 00:00:00,2022-07-19 04:00:00,ETHUSDT,1581.03,1516.24,5.878253902047633,3.0,-12.293884366520553,-387.9823452708185,7.1302749571525625,SIGNAL_EXIT,1
2022-07-19 04:00:00,2022-07-19 08:00:00,NEARUSDT,4.385,4.358,1848.1363292445094,3.0,-1.8472063854047982,-56.34302338788006,6.443342498278057,SIGNAL_EXIT,1
2022-07-19 12:00:00,2022-07-19 16:00:00,NEARUSDT,4.387,4.353,1804.3615614544556,3.0,-2.3250512878960437,-67.63180179106014,6.283508701608996,SIGNAL_EXIT,1
2022-07-19 16:00:00,2022-07-19 20:00:00,SOLUSDT,46.58,45.42,165.178259318239,3.0,-7.471017604121919,-197.60869803974418,6.001917230587532,SIGNAL_EXIT,1
2022-07-19 20:00:00,2022-07-20 12:00:00,NEARUSDT,4.465,4.437,1585.5696958835488,3.0,-1.8812989921612262,-50.02408967724695,5.628138192508246,SIGNAL_EXIT,4
2022-07-20 12:00:00,2022-07-20 16:00:00,ETHUSDT,1602.9,1596.52,4.308271592914673,3.0,-1.1940857196331853,-32.9893661736122,5.502593410816108,SIGNAL_EXIT,1
2022-07-20 16:00:00,2022-07-20 20:00:00,NEARUSDT,4.528,4.351,1499.6170193802632,3.0,-11.727031802120116,-270.6520793513648,5.219866921058821,SIGNAL_EXIT,1
2022-07-20 20:00:00,2022-07-21 00:00:00,BTCUSDT,23663.24,23223.3,0.25184702883036114,3.0,-5.577511786213582,-115.47655714733858,4.678975283708901,SIGNAL_EXIT,1
2022-07-21 00:00:00,2022-07-21 20:00:00,ETHUSDT,1521.63,1578.84,3.679647035578488,3.0,11.279351747796731,205.8649477649224,4.647659140522192,SIGNAL_EXIT,5
2022-07-21 20:00:00,2022-07-22 00:00:00,NEARUSDT,4.458,4.372,1389.5562047246722,3.0,-5.787348586810249,-124.36194538796724,4.8601117816450135,SIGNAL_EXIT,1
2022-07-22 00:00:00,2022-07-22 04:00:00,ETHUSDT,1575.45,1561.45,3.6859227861385815,3.0,-2.665904979529658,-56.20722631347301,4.604307307532871,SIGNAL_EXIT,1
2022-07-22 04:00:00,2022-07-22 20:00:00,NEARUSDT,4.544,4.319,1237.189396378374,3.0,-14.85475352112674,-282.64235098750027,4.274736802366558,SIGNAL_EXIT,4
2022-07-22 20:00:00,2022-07-25 00:00:00,ETHUSDT,1526.21,1526.96852637,3.1159936474312873,3.0,0.14910000000000528,-1.4428560320679495,3.8064193823971473,STOP_LOSS,14
2022-07-27 20:00:00,2022-07-28 00:00:00,BNBUSDT,268.4,271.6,17.612031796122817,3.0,3.576751117734775,52.53175947893225,3.826742268661566,SIGNAL_EXIT,1
2022-07-28 00:00:00,2022-07-29 12:00:00,ETHUSDT,1635.74,1681.4,2.9791981426703633,3.0,8.374191497426256,132.0228081886603,4.007379005668759,SIGNAL_EXIT,9
2022-07-29 12:00:00,2022-07-30 20:00:00,BNBUSDT,284.6,284.74144620000004,18.433349834767455,3.0,0.1491000000000195,-1.5916636648109481,4.1989909522097735,STOP_LOSS,9
2022-07-31 00:00:00,2022-08-01 00:00:00,BNBUSDT,287.8,283.5,18.131886695436098,3.0,-4.482279360667142,-82.07942469290033,4.112311902524907,SIGNAL_EXIT,6
2022-08-01 00:00:00,2022-08-01 04:00:00,ETHUSDT,1678.12,1691.78,2.951006615925502,3.0,2.4420184492169956,36.31678719539025,3.993963178152357,SIGNAL_EXIT,1
2022-08-01 04:00:00,2022-08-02 00:00:00,BNBUSDT,287.5,275.8570214285715,17.55611649855082,3.0,-12.149195031055825,-208.27987059424416,3.8743824041145856,STOP_LOSS,6
2022-08-02 04:00:00,2022-08-04 20:00:00,BNBUSDT,276.0,310.6,15.964266143933775,3.0,37.60869565217394,548.3968077286644,3.966800851444665,SIGNAL_EXIT,16
2022-08-05 00:00:00,2022-08-05 12:00:00,BNBUSDT,311.9,317.7,19.30513427239878,3.0,5.578711125360704,107.06318585324028,4.906592926672874,SIGNAL_EXIT,3
2022-08-05 12:00:00,2022-08-06 04:00:00,NEARUSDT,5.032,5.034500904,1256.3354051417414,3.0,0.14909999999998172,-1.9180431462704264,5.060017386330642,STOP_LOSS,5
2022-08-06 08:00:00,2022-08-06 20:00:00,NEARUSDT,5.053,4.95,1245.7554583457886,3.0,-6.115179101523832,-133.24600382466522,4.933191615049323,SIGNAL_EXIT,3
2022-08-06 20:00:00,2022-08-07 00:00:00,BNBUSDT,318.7,315.3,18.43217068346824,3.0,-3.2005020395355923,-67.31871105698963,4.6493307331980285,SIGNAL_EXIT,1
2022-08-07 00:00:00,2022-08-08 00:00:00,NEARUSDT,4.902,4.977,1154.3124907883566,3.0,4.589963280293769,81.97742619580403,4.596010613322921,SIGNAL_EXIT,6
2022-08-08 00:00:00,2022-08-08 04:00:00,BNBUSDT,322.7,325.6,18.22787131141019,3.0,2.696002479082771,48.11283088389405,4.747995919196127,SIGNAL_EXIT,1
2022-08-08 04:00:00,2022-08-08 16:00:00,NEARUSDT,5.169,5.438180475,1162.580477744634,3.0,15.62277858386539,307.8861072612786,5.057857963749632,STOP_LOSS,4
2022-08-08 20:00:00,2022-08-11 00:00:00,NEARUSDT,5.419,5.76164455,1276.008060365893,3.0,18.96906532570586,431.33568373103384,5.881523909410575,STOP_LOSS,14
2022-08-11 04:00:00,2022-08-11 16:00:00,NEARUSDT,5.848,5.752,1397.2277852675454,3.0,-4.924760601915189,-140.5633507623716,6.429483376687137,SIGNAL_EXIT,3
2022-08-11 16:00:00,2022-08-12 00:00:00,ETHUSDT,1890.48,1880.19,4.086819457389831,3.0,-1.632918623841558,-48.200569877013045,6.1471976604718295,SIGNAL_EXIT,2
2022-08-12 00:00:00,2022-08-12 04:00:00,NEARUSDT,5.755,5.796,1313.8473571432198,3.0,2.1372719374457185,47.77569421727081,6.092047425601682,SIGNAL_EXIT,1
2022-08-12 04:00:00,2022-08-12 08:00:00,ETHUSDT,1903.99,1888.44,4.034992951890728,3.0,-2.4501179102831347,-68.84001407395546,6.095873672054822,SIGNAL_EXIT,1
2022-08-12 08:00:00,2022-08-12 20:00:00,NEARUSDT,5.871,5.885,1270.2764771468592,3.0,0.715380684721479,11.803409025647785,5.980461654407414,SIGNAL_EXIT,3
2022-08-12 20:00:00,2022-08-13 04:00:00,ETHUSDT,1926.21,1996.57,3.8771318606153713,3.0,10.958306726680874,266.6022255857381,6.192772127159065,SIGNAL_EXIT,2
2022-08-13 04:00:00,2022-08-13 08:00:00,SOLUSDT,47.43,47.16,173.85762798949563,3.0,-1.7077798861480273,-53.50086014595205,6.559300588787691,SIGNAL_EXIT,1
2022-08-13 08:00:00,2022-08-14 08:00:00,ETHUSDT,1995.78,2016.75,4.041478798093463,3.0,3.152151038691643,78.22928850317604,6.520521892843994,SIGNAL_EXIT,6
2022-08-14 08:00:00,2022-08-14 12:00:00,SOLUSDT,47.73,46.7,173.33101368685044,3.0,-6.473915776241321,-185.00659076879566,6.4756466713407335,SIGNAL_EXIT,1
2022-08-14 12:00:00,2022-08-14 16:00:00,ETHUSDT,1990.16,1930.8518712500002,3.8663999817933727,3.0,-8.940205121698746,-235.28130443107608,5.9723565118773605,STOP_LOSS,2
2022-08-14 20:00:00,2022-08-15 12:00:00,ETHUSDT,1931.42,1869.8560025000002,3.60926568979956,3.0,-9.56249767010799,-227.59986959540677,5.399045691751208,STOP_LOSS,5
2022-08-15 16:00:00,2022-08-17 12:00:00,ETHUSDT,1917.71,1843.5555125,3.2699455447643597,3.0,-11.600474654666238,-247.30379693260937,4.822660907700121,STOP_LOSS,12
2022-08-17 16:00:00,2022-08-19 00:00:00,ETHUSDT,1830.92,1846.39,3.007572026120471,3.0,2.5347912524850935,42.0846185134369,4.442520730646861,SIGNAL_EXIT,8
2022-09-09 16:00:00,2022-09-11 00:00:00,NEARUSDT,4.797,4.812,1169.8432595516908,3.0,0.9380863039399981,13.044220281305837,4.50342861197019,SIGNAL_EXIT,8
2022-09-11 00:00:00,2022-09-11 20:00:00,ETHUSDT,1774.12,1763.55,3.171498072192932,3.0,-1.7873650034946797,-37.99721096325177,4.474476340172676,SIGNAL_EXIT,5
2022-09-11 20:00:00,2022-09-12 04:00:00,NEARUSDT,4.915,4.7057521964285725,1119.683281357113,3.0,-12.771992079639528,-238.50642896806514,4.215161648440469,STOP_LOSS,3
2022-09-12 08:00:00,2022-09-12 12:00:00,BTCUSDT,22195.78,22313.57,0.21501947517910233,3.0,1.592059391469922,21.48886229272892,3.8382816886177302,SIGNAL_EXIT,1
2022-09-12 12:00:00,2022-09-12 16:00:00,NEARUSDT,5.226,4.956375696428571,922.9186340802327,3.0,-15.47785898802691,-252.50075915716607,3.6594651901890556,STOP_LOSS,2
2022-09-12 20:00:00,2022-09-13 00:00:00,SOLUSDT,37.64,37.44,107.72319052544333,3.0,-1.5940488841658038,-24.77116310770705,3.2265250026180787,SIGNAL_EXIT,1
2022-09-13 00:00:00,2022-09-13 04:00:00,NEARUSDT,5.088,5.02,780.4079344942447,3.0,-4.009433962264181,-56.20185781053792,3.134118264928887,SIGNAL_EXIT,1
2022-09-13 04:00:00,2022-09-13 12:00:00,SOLUSDT,38.78,36.939507500000005,97.75209695599821,3.0,-14.237951263537877,-182.80073276170464,2.888731454917459,STOP_LOSS,3
2022-09-27 08:00:00,2022-09-27 16:00:00,SOLUSDT,34.52,34.38,93.65389879906337,3.0,-1.2166859791425308,-15.687402664438364,2.5758568325694395,SIGNAL_EXIT,2
2022-10-04 08:00:00,2022-10-06 20:00:00,BNBUSDT,290.9,285.62805714285713,10.919848576615909,3.0,-5.436860973333977,-60.06402981115812,2.495212106586397,STOP_LOSS,16
2022-10-14 04:00:00,2022-10-14 04:00:00,BTCUSDT,19816.85,19580.929538029428,0.15020175058114696,3.0,-3.571513060409257,-37.7885383015871,2.3528719156944873,STOP_LOSS,1
2022-10-24 00:00:00,2022-10-24 04:00:00,ETHUSDT,1364.19,1348.07,2.093628436834132,3.0,-3.544960745937175,-36.00717655124084,2.2578861494743903,SIGNAL_EXIT,1
2022-10-25 16:00:00,2022-10-27 20:00:00,ETHUSDT,1408.29,1512.96763925,1.9455910599883923,3.0,22.2988814626249,201.30498605510897,2.354893050381235,STOP_LOSS,14
2022-10-28 00:00:00,2022-10-28 12:00:00,ETHUSDT,1514.04,1498.19,2.198581660630907,3.0,-3.1406039470555425,-37.482633767512176,2.635114446512495,SIGNAL_EXIT,3
2022-10-28 12:00:00,2022-11-01 12:00:00,BNBUSDT,287.7,320.5234925,11.145510926874703,3.0,34.226790928050036,362.9766758465567,2.8579184703830336,STOP_LOSS,25
2022-11-01 16:00:00,2022-11-05 00:00:00,BNBUSDT,319.4,354.7,13.35840434408212,3.0,33.155917345021926,467.7610925294222,3.790580816676742,SIGNAL_EXIT,20
2022-11-05 00:00:00,2022-11-05 16:00:00,NEARUSDT,3.306,3.365,1705.1565813882053,3.0,5.353901996370252,96.01395678480733,4.59028151709705,SIGNAL_EXIT,4
2022-11-05 16:00:00,2022-11-06 12:00:00,SOLUSDT,37.24,35.44888964285715,158.59401797529472,3.0,-14.428923392665322,-288.5569736494294,4.4975854729788205,STOP_LOSS,6
2022-11-06 16:00:00,2022-11-06 20:00:00,NEARUSDT,3.302,3.231,1519.8562170522112,3.0,-6.450635978195049,-111.83831576054381,3.9285243498365556,SIGNAL_EXIT,1
2022-11-06 20:00:00,2022-11-06 20:00:00,BNBUSDT,352.9,342.7422571428571,13.230114080844155,3.0,-8.63508885560459,-138.01571213374075,3.6276153298608174,STOP_LOSS,1
2022-11-07 00:00:00,2022-11-07 04:00:00,BNBUSDT,337.8,327.64351071428575,12.563605633557987,3.0,-9.0199727226592,-130.89523309277797,3.293107085606974,STOP_LOSS,2
2022-11-07 08:00:00,2022-11-08 04:00:00,BNBUSDT,328.2,334.8,11.698272364094734,3.0,6.032906764168211,74.07533233302638,3.133265269999134,SIGNAL_EXIT,5
2022-12-13 12:00:00,2022-12-15 12:00:00,BTCUSDT,17444.32,17452.98982704,0.2319674302617683,3.0,0.14910000000001908,-1.2277026611675521,3.2388201604506026,STOP_LOSS,13
2022-12-15 16:00:00,2022-12-16 08:00:00,BTCUSDT,17428.43,17222.344096185607,0.23078336230550434,3.0,-3.547409097911749,-50.740902187894555,3.1797043818400534,STOP_LOSS,5
2023-01-06 20:00:00,2023-01-07 00:00:00,ETHUSDT,1273.12,1269.13,3.029674188470515,3.0,-0.9402098780947079,-15.164440334247562,3.076040322250868,SIGNAL_EXIT,1
2023-01-07 00:00:00,2023-01-07 04:00:00,NEARUSDT,1.591,1.585,2389.958983879862,3.0,-1.1313639220615976,-17.37022189483885,3.0304679915596653,SIGNAL_EXIT,1
2023-01-07 04:00:00,2023-01-09 16:00:00,BNBUSDT,262.2,280.4,14.26164595535347,3.0,20.823798627002276,256.3627839667281,3.199172420704891,SIGNAL_EXIT,15
2023-01-09 16:00:00,2023-01-09 20:00:00,ETHUSDT,1335.69,1314.8383510714289,3.35860169857618,3.0,-4.683343199822831,-73.56519816502268,3.5328146554092843,STOP_LOSS,2
2023-01-10 00:00:00,2023-01-10 20:00:00,ETHUSDT,1320.4,1339.48,3.2209409154864344,3.0,4.335049984853058,58.00404391750031,3.451508749980616,SIGNAL_EXIT,5
2023-01-10 20:00:00,2023-01-11 16:00:00,BTCUSDT,17432.85,17331.9,0.25299332057557994,3.0,-1.7372374568701692,-29.047559658411174,3.507883946307116,SIGNAL_EXIT,5
2023-01-11 16:00:00,2023-01-11 20:00:00,BNBUSDT,276.8,279.8,15.572074168904576,3.0,3.251445086705202,43.23056942474613,3.4856530819676004,SIGNAL_EXIT,1
2023-01-11 20:00:00,2023-01-14 08:00:00,BTCUSDT,17549.62,20897.36,0.25228423977550873,3.0,57.22756390166855,840.3643812013299,4.2176596647321,SIGNAL_EXIT,15
2023-01-14 08:00:00,2023-01-14 08:00:00,SOLUSDT,23.57,21.825070357142856,293.60410383007314,3.0,-22.209541487362888,-517.4448482161912,5.126344178589779,STOP_LOSS,1
2023-01-14 12:00:00,2023-01-14 16:00:00,BTCUSDT,20721.03,20785.85,0.2583147388578903,3.0,0.9384668619272263,12.448528241016952,4.295433131751423,SIGNAL_EXIT,1
2023-01-14 16:00:00,2023-01-14 20:00:00,NEARUSDT,2.246,2.196,2394.041428176235,3.0,-6.678539626001758,-123.90792338983132,4.20585198102001,SIGNAL_EXIT,1
2023-01-14 20:00:00,2023-01-15 00:00:00,SOLUSDT,23.05,23.06145585,216.49240405026097,3.0,0.14910000000001067,-1.5139995073530037,3.994104014292364,STOP_LOSS,2
2023-01-15 04:00:00,2023-01-16 04:00:00,SOLUSDT,23.07,23.23,215.5888681683231,3.0,2.080624187256179,30.48771538089161,4.006503526040117,SIGNAL_EXIT,6
2023-01-16 04:00:00,2023-01-16 08:00:00,NEARUSDT,2.338,2.28,2157.0157262799853,3.0,-7.442258340461969,-129.04130880897443,3.934396684734693,SIGNAL_EXIT,1
2023-01-16 08:00:00,2023-01-18 12:00:00,SOLUSDT,24.25,21.356131964285712,191.51278738612461,3.0,-35.80042930780562,-557.4847117354655,3.2719778882130157,STOP_LOSS,14
2023-01-18 16:00:00,2023-01-21 00:00:00,SOLUSDT,21.78,24.4922065,135.22654566562417,3.0,37.35821625344353,364.1127189422735,2.649597184579318,STOP_LOSS,15
2023-01-21 04:00:00,2023-01-21 20:00:00,SOLUSDT,24.83,24.84234051,161.8910605942418,3.0,0.14910000000001644,-1.2195840300716914,3.217402282245758,STOP_LOSS,5
2023-01-22 00:00:00,2023-01-22 12:00:00,SOLUSDT,24.56,24.9,162.86496025225435,3.0,4.153094462540715,52.129816477541546,3.2442700082249063,SIGNAL_EXIT,3
2023-01-22 12:00:00,2023-01-22 20:00:00,NEARUSDT,2.546,2.423,1627.1443588465063,3.0,-14.49332285938725,-203.29281276330798,3.154056625188068,SIGNAL_EXIT,2
2023-01-22 20:00:00,2023-01-23 04:00:00,SOLUSDT,24.9,24.53,141.42472443764763,3.0,-4.457831325301174,-55.10246683429366,2.775318792364397,SIGNAL_EXIT,2
2023-01-23 04:00:00,2023-01-24 16:00:00,NEARUSDT,2.672,2.469968053571429,1252.3115030925471,3.0,-22.683227518177922,-255.48146602928406,2.4745355246068876,STOP_LOSS,10
2023-01-24 20:00:00,2023-01-24 20:00:00,NEARUSDT,2.502,2.3390575714285715,1025.6118233647487,3.0,-19.537461459403872,-169.03485335125325,1.9191720806303827,STOP_LOSS,1
2023-01-25 00:00:00,2023-01-25 08:00:00,BTCUSDT,22631.94,22711.85,0.09072237341456119,3.0,1.05925519420783,5.60124651024917,1.6483783493084012,SIGNAL_EXIT,2
2023-01-25 08:00:00,2023-01-25 12:00:00,NEARUSDT,2.393,2.358,862.5555479447785,3.0,-4.3877977434182664,-31.816568963710015,1.6271247856430302,SIGNAL_EXIT,1
2023-01-25 12:00:00,2023-01-25 16:00:00,BTCUSDT,22598.45,22578.79,0.08685494855345849,3.0,-0.2609913511767381,-3.2764320036404557,1.5688637150794744,SIGNAL_EXIT,1
2023-01-25 16:00:00,2023-01-26 08:00:00,NEARUSDT,2.387,2.501392275,816.194005133917,3.0,14.376909300377061,91.73299198515593,1.6332971034746324,STOP_LOSS,5
2023-01-26 12:00:00,2023-01-26 16:00:00,NEARUSDT,2.521,2.522252937,879.2490936178909,3.0,0.14910000000003418,-0.6725071653752792,1.774150886985851,STOP_LOSS,2
2023-01-26 20:00:00,2023-01-27 08:00:00,NEARUSDT,2.539,2.454,870.1265257249895,3.0,-10.043324143363524,-75.66898708192737,1.7082323953032996,SIGNAL_EXIT,3
2023-01-27 08:00:00,2023-01-27 16:00:00,SOLUSDT,24.03,23.82,82.23472657564105,3.0,-2.621722846441958,-18.836357530510107,1.5670649496254159,SIGNAL_EXIT,2
2023-01-27 16:00:00,2023-01-28 12:00:00,NEARUSDT,2.47,2.4712275900000003,774.8802855178803,3.0,0.1491000000000068,-0.5806891427161527,1.531924432415091,STOP_LOSS,6
2023-01-28 16:00:00,2023-01-29 12:00:00,NEARUSDT,2.473,2.543,770.2122272738203,3.0,8.491710473109618,52.34793615400178,1.5669197551658602,SIGNAL_EXIT,5
2023-01-29 12:00:00,2023-01-30 08:00:00,BNBUSDT,316.9,312.5,6.482441678895758,3.0,-4.165351846008184,-30.143353806865125,1.6206104197239395,SIGNAL_EXIT,5
2023-01-30 08:00:00,2023-01-30 08:00:00,BTCUSDT,23642.81,23243.219223928572,0.082774147023736,3.0,-5.070346241475894,-34.614935764142345,1.5391501162771126,STOP_LOSS,1
2023-01-30 12:00:00,2023-01-30 16:00:00,BTCUSDT,23077.47,22623.789763928573,0.08010214582938582,3.0,-5.8977032933605145,-37.790531715210584,1.4497712855068583,STOP_LOSS,2
2023-01-30 20:00:00,2023-01-31 04:00:00,BTCUSDT,22784.86,22835.46,0.0759643657131187,3.0,0.6662318750257655,2.4560519173498605,1.3877449877338348,SIGNAL_EXIT,2
2023-01-31 04:00:00,2023-02-01 08:00:00,BNBUSDT,311.8,307.8,5.558721459195491,3.0,-3.8486209108402822,-23.603665408894262,1.3687795721122977,SIGNAL_EXIT,7
2023-02-01 08:00:00,2023-02-01 20:00:00,BTCUSDT,23076.67,23385.99,0.07175152316481989,3.0,4.021204099204999,20.851796822768534,1.3423843225737973,SIGNAL_EXIT,3
2023-02-01 20:00:00,2023-02-08 04:00:00,BNBUSDT,314.5,331.8,5.445819772421756,3.0,16.502384737678867,92.76714366250482,1.445538400391631,SIGNAL_EXIT,38
2023-02-08 04:00:00,2023-02-08 12:00:00,ETHUSDT,1680.97,1673.9,1.1721106485811292,3.0,-1.2617714771828055,-9.85641909719647,1.569596811727962,SIGNAL_EXIT,2
2023-02-08 12:00:00,2023-02-08 16:00:00,NEARUSDT,2.671,2.666,724.471211028913,3.0,-0.5615874204417702,-5.167508254026953,1.5451521988824657,STOP_LOSS,2
2023-02-08 20:00:00,2023-02-09 00:00:00,NEARUSDT,2.693,2.550953535714286,711.0762464406889,3.0,-15.823965572118157,-102.45700461647313,1.4511379720162547,STOP_LOSS,2
2023-02-09 04:00:00,2023-02-09 08:00:00,BNBUSDT,319.7,322.2,5.014724387333251,3.0,2.3459493274945262,11.244215610254109,1.2925953580790188,SIGNAL_EXIT,1
2023-02-09 08:00:00,2023-02-09 16:00:00,NEARUSDT,2.53,2.3665876428571426,645.4803753422234,3.0,-19.37695934500283,-106.70153832812227,1.222068703993357,STOP_LOSS,3
2023-02-09 20:00:00,2023-02-09 20:00:00,BNBUSDT,311.5,303.6416005249488,4.200679472576066,3.0,-7.568281998444188,-34.03101819282641,1.0204008306762358,STOP_LOSS,1
2023-02-10 08:00:00,2023-02-10 12:00:00,BNBUSDT,307.8,303.67916908793086,3.9095511617898966,3.0,-4.016404397728219,-17.06039867847496,0.9497993986552885,STOP_LOSS,2
2023-02-10 20:00:00,2023-02-11 00:00:00,BNBUSDT,308.6,305.9,3.7224685630603225,3.0,-2.624756966947549,-10.961627627015163,0.9109625067521222,SIGNAL_EXIT,1
2023-02-11 16:00:00,2023-02-11 20:00:00,BNBUSDT,309.1,308.6,3.601223599058978,3.0,-0.48527984471044966,-2.6896818816651695,0.8890700821356806,SIGNAL_EXIT,1
2023-02-12 00:00:00,2023-02-13 08:00:00,BNBUSDT,310.5,303.8992947640552,3.5486906556800655,3.0,-6.377492981589193,-24.28661666177342,0.8627556700775717,STOP_LOSS,9
2023-02-14 16:00:00,2023-02-14 20:00:00,SOLUSDT,21.89,22.02,46.79252290210986,3.0,1.781635449977145,5.258730893830668,0.8242970834435673,SIGNAL_EXIT,1
2023-02-14 20:00:00,2023-02-15 16:00:00,ETHUSDT,1560.31,1579.5,0.6653241192930265,3.0,3.689651415423869,11.926866292094546,0.8407035571386683,SIGNAL_EXIT,5
2023-02-15 16:00:00,2023-02-16 20:00:00,BTCUSDT,22809.46,23951.518750000003,0.04694286554766475,3.0,15.020856477970154,52.71202800930934,0.8994823394748972,STOP_LOSS,8
2023-02-17 00:00:00,2023-02-18 16:00:00,BTCUSDT,23517.72,24667.02,0.05205644247197208,3.0,14.660859981324709,58.80120748696949,1.0272618460679879,SIGNAL_EXIT,10
2023-02-18 16:00:00,2023-02-18 20:00:00,NEARUSDT,2.652,2.57,525.6558123400614,3.0,-9.276018099547544,-44.18452496205635,1.0807483501711663,SIGNAL_EXIT,1
2023-02-18 20:00:00,2023-02-19 12:00:00,BTCUSDT,24608.34,24669.43,0.05110440816934987,3.0,0.744747512428715,2.1133949990454273,1.0085732960201639,SIGNAL_EXIT,4
2023-02-19 12:00:00,2023-02-19 20:00:00,NEARUSDT,2.622,2.561,480.43308854045836,3.0,-6.979405034324937,-30.290729712769622,0.9843113118016911,SIGNAL_EXIT,2
2023-02-19 20:00:00,2023-02-20 00:00:00,BTCUSDT,24523.04,24272.51,0.04751774579522633,3.0,-3.064832092595402,-12.82732082207184,0.9226999679936712,SIGNAL_EXIT,1
2023-02-20 00:00:00,2023-02-20 04:00:00,NEARUSDT,2.577,2.62,436.1783985083019,3.0,5.005820721769517,17.841441212583646,0.9142299232734008,SIGNAL_EXIT,1
2023-02-20 04:00:00,2023-02-20 12:00:00,SOLUSDT,26.16,26.38,44.887781734234395,3.0,2.5229357798165006,8.928000235812233,0.9473117457192827,SIGNAL_EXIT,2
2023-02-20 12:00:00,2023-02-21 08:00:00,NEARUSDT,2.718,2.5594407857142856,440.5390609986775,3.0,-17.5010170293283,-70.75355428645294,0.902026912336231,STOP_LOSS,6
2023-02-21 12:00:00,2023-02-22 00:00:00,BTCUSDT,24572.83,23926.420739285717,0.03993294854510169,3.0,-7.891755984731325,-26.577389769781036,0.7643620226002804,STOP_LOSS,4
2023-02-22 04:00:00,2023-02-24 08:00:00,BTCUSDT,24202.67,23831.22,0.03713509508413693,3.0,-4.604244077203017,-14.501810765539345,0.7079796965367887,SIGNAL_EXIT,13
2023-02-24 08:00:00,2023-02-24 12:00:00,SOLUSDT,23.96,23.79,35.51350839438135,3.0,-2.1285475792988526,-6.713189518806756,0.6758930917618658,SIGNAL_EXIT,1
2023-02-24 12:00:00,2023-02-24 16:00:00,BTCUSDT,23883.72,23246.68473214286,0.034681819457787845,3.0,-8.00170912894398,-22.73853200636268,0.6449898582978335,STOP_LOSS,2
2023-02-24 20:00:00,2023-02-24 20:00:00,SOLUSDT,23.05,22.52489547209779,32.89292179618374,3.0,-6.834332250354164,-17.86494987129417,0.5927277001847406,STOP_LOSS,1
2023-02-25 00:00:00,2023-02-25 12:00:00,SOLUSDT,23.07,22.52882902983811,30.46424955500993,3.0,-7.03733381224824,-17.03542658273635,0.5490590957977124,STOP_LOSS,4
2023-02-25 16:00:00,2023-02-25 20:00:00,BTCUSDT,23006.18,22693.73555506415,0.028238561714642143,3.0,-4.074267587263711,-9.335652502324036,0.5126707616059581,STOP_LOSS,2
2023-02-26 00:00:00,2023-02-26 20:00:00,BTCUSDT,23157.07,23499.33,0.026773139373662904,3.0,4.43398063744682,8.66005401220776,0.5033206698221584,SIGNAL_EXIT,5
2023-02-26 20:00:00,2023-02-27 00:00:00,SOLUSDT,23.37,23.25,27.550553561709798,3.0,-1.5404364569961617,-3.8185067236530053,0.5124402962478023,SIGNAL_EXIT,1
2023-02-27 00:00:00,2023-02-27 20:00:00,ETHUSDT,1641.37,1606.8753517857142,0.38435259906917196,3.0,-6.304729868515757,-13.7521930694087,0.4940853742712234,STOP_LOSS,6
2023-02-28 00:00:00,2023-02-28 20:00:00,ETHUSDT,1633.45,1597.1057425000001,0.35964429239497187,3.0,-6.67499908169823,-13.530516742921206,0.459511971713087,STOP_LOSS,6
2023-03-01 00:00:00,2023-03-01 04:00:00,BTCUSDT,23141.57,23440.37,0.023548059322431706,3.0,3.873548769595139,6.594579946902778,0.44158017863979876,SIGNAL_EXIT,1
2023-03-01 04:00:00,2023-03-03 00:00:00,ETHUSDT,1638.39,1601.3055048214287,0.34375209760029984,3.0,-6.790415318435425,-13.188234707027139,0.4403617009450186,STOP_LOSS,12
2023-03-13 08:00:00,2023-03-13 08:00:00,BNBUSDT,304.8,294.5753303571429,1.709282194180576,3.0,-10.06365122328457,-17.879655655533806,0.40280989361946024,STOP_LOSS,1
2023-03-13 16:00:00,2023-03-14 04:00:00,ETHUSDT,1664.69,1677.57,0.2800177708056903,3.0,2.321152887324345,3.230829358560856,0.3757995294164015,SIGNAL_EXIT,3
2023-03-14 04:00:00,2023-03-14 16:00:00,BTCUSDT,24375.68,24387.79471296,0.019456105099380998,3.0,0.14909999999999324,-0.14388806906340001,0.3795931976619824,STOP_LOSS,4
2023-03-14 20:00:00,2023-03-16 04:00:00,BTCUSDT,25048.39,24265.44,0.018858752914460115,3.0,-9.37724939606898,-15.131553344233087,0.3660927498565256,SIGNAL_EXIT,8
2023-03-16 04:00:00,2023-03-17 12:00:00,BNBUSDT,309.8,334.6,1.3691474353139037,3.0,24.015493867010985,33.58836301030001,0.3664933854848258,SIGNAL_EXIT,8
2023-03-17 12:00:00,2023-03-17 16:00:00,BTCUSDT,26920.11,26419.28,0.019426471597390048,3.0,-5.5812922012577415,-10.139946484155688,0.41058671403479596,SIGNAL_EXIT,1
2023-03-17 16:00:00,2023-03-18 00:00:00,BNBUSDT,331.2,339.0,1.4834303687414192,3.0,7.065217391304358,11.168450560180414,0.4023063160026729,SIGNAL_EXIT,2
2023-03-18 00:00:00,2023-03-18 04:00:00,BTCUSDT,27395.13,27306.57,0.01910455340287045,3.0,-0.9698074073749747,-2.109243109209608,0.41734385985137606,SIGNAL_EXIT,1
2023-03-18 04:00:00,2023-03-18 12:00:00,BNBUSDT,343.6,331.0063160714286,1.5004116254649744,3.0,-10.995649530184581,-19.293026353648678,0.39731657978872426,STOP_LOSS,3
2023-03-18 16:00:00,2023-03-22 16:00:00,BTCUSDT,27227.63,27241.162132110003,0.016755881513017514,3.0,0.14910000000002027,-0.1384169457163373,0.3651597479700278,STOP_LOSS,25
2023-03-22 20:00:00,2023-03-27 12:00:00,BTCUSDT,26668.8,26682.0543936,0.01696579860307287,3.0,0.1491000000000021,-0.13727451650298142,0.36214588892644256,STOP_LOSS,29
2023-03-27 16:00:00,2023-03-28 20:00:00,BTCUSDT,26903.63,27425.98,0.016688454350502997,3.0,5.824678677189642,8.35105635778697,0.3661577721982466,SIGNAL_EXIT,7
2023-03-28 20:00:00,2023-03-29 00:00:00,ETHUSDT,1785.84,1773.0,0.26462933663080623,3.0,-2.1569681494422657,-3.773190933416666,0.37535025107713554,SIGNAL_EXIT,1
2023-03-29 00:00:00,2023-03-31 08:00:00,BTCUSDT,27261.06,27738.48,0.01687905502632253,3.0,5.253867604561211,7.683838986453636,0.3745594642132376,SIGNAL_EXIT,14
2023-03-31 08:00:00,2023-03-31 12:00:00,ETHUSDT,1795.23,1792.9,0.267871049628415,3.0,-0.3893651509834273,-1.0083523495372158,0.38421280390302825,SIGNAL_EXIT,1
2023-03-31 12:00:00,2023-03-31 16:00:00,BTCUSDT,27927.97,28495.0,0.017062539269263637,3.0,6.090990501636877,9.286013996668407,0.3889576451821339,SIGNAL_EXIT,1
2023-03-31 16:00:00,2023-04-02 16:00:00,ETHUSDT,1830.6,1797.54,0.27489030229904077,3.0,-5.417895771878064,-9.483174445201968,0.3953010511956942,SIGNAL_EXIT,12
2023-04-02 16:00:00,2023-04-03 00:00:00,BTCUSDT,28124.8,27671.97682214286,0.016793793697086192,3.0,-4.8301482448636675,-7.976393006145054,0.3717739759532944,STOP_LOSS,3
2023-04-03 04:00:00,2023-04-03 08:00:00,BTCUSDT,27753.85,27958.73,0.016109329991691894,3.0,2.214611666489525,2.940162402522959,0.3603171261748927,SIGNAL_EXIT,1
2023-04-03 08:00:00,2023-04-10 16:00:00,ETHUSDT,1794.86,1861.3,0.2534104770177424,3.0,11.105044404577527,16.45925375636032,0.3773383366984991,SIGNAL_EXIT,44
2023-04-10 16:00:00,2023-04-11 16:00:00,BTCUSDT,28439.39,30194.23,0.017592560114123808,3.0,18.51136750823418,30.44717314556928,0.42495504509974447,SIGNAL_EXIT,6
2023-04-11 16:00:00,2023-04-12 00:00:00,SOLUSDT,23.32,22.99,25.28698144751955,3.0,-4.245283018867948,-8.809782040464277,0.4650781627827795,SIGNAL_EXIT,2
2023-04-12 00:00:00,2023-04-12 08:00:00,BTCUSDT,30200.43,29986.99,0.018595212419474094,3.0,-2.120234711889851,-4.415053697909043,0.4460915590965164,SIGNAL_EXIT,2
2023-04-12 08:00:00,2023-04-13 00:00:00,SOLUSDT,23.69,23.81,23.07863154924924,3.0,1.5196285352469072,2.32983401215975,0.43960177375009957,SIGNAL_EXIT,4
2023-04-13 00:00:00,2023-04-13 04:00:00,NEARUSDT,2.225,2.18,248.03470619461987,3.0,-6.067415730337069,-11.594134306361294,0.4325725276034171,SIGNAL_EXIT,1
2023-04-13 04:00:00,2023-04-14 04:00:00,SOLUSDT,24.0,25.09,21.480726655449093,3.0,13.624999999999998,22.982830909011334,0.43116114542817424,SIGNAL_EXIT,6
2023-04-14 04:00:00,2023-04-14 12:00:00,ETHUSDT,2109.0,2050.7278585714284,0.2762155668862813,3.0,-8.289067059540763,-16.54882694475829,0.4531543663878374,STOP_LOSS,3
2023-04-14 16:00:00,2023-04-15 08:00:00,ETHUSDT,2058.34,2097.63,0.2580973157727939,3.0,5.726459185557288,9.707529398725473,0.4331141379875885,SIGNAL_EXIT,4
2023-04-15 08:00:00,2023-04-15 16:00:00,NEARUSDT,2.28,2.28113316,244.9807896639602,3.0,0.1491000000000248,-0.16946461067669666,0.44706704229235594,STOP_LOSS,3
2023-04-15 20:00:00,2023-04-16 12:00:00,NEARUSDT,2.313,2.275,240.56630928823114,3.0,-4.9286640726329765,-9.579350435857426,0.4378306829045807,SIGNAL_EXIT,4
2023-04-16 12:00:00,2023-04-18 12:00:00,BNBUSDT,334.5,346.1,1.572051015124869,3.0,10.403587443946208,17.80052229038074,0.43526948506777374,SIGNAL_EXIT,12
2023-04-18 12:00:00,2023-04-18 20:00:00,NEARUSDT,2.388,2.316,241.36597747393043,3.0,-9.045226130653274,-17.825553261186705,0.4472028830636983,SIGNAL_EXIT,2
2023-04-18 20:00:00,2023-04-19 04:00:00,BNBUSDT,341.4,341.5,1.5269339265851318,3.0,0.08787346221443124,-0.26446495608451015,0.417158348743058,SIGNAL_EXIT,2
2023-04-19 04:00:00,2023-04-19 08:00:00,NEARUSDT,2.335,2.2367113214285714,222.26982350578163,3.0,-12.628095747935145,-22.24432998320577,0.3977227445178498,STOP_LOSS,2
2023-04-19 12:00:00,2023-04-19 20:00:00,NEARUSDT,2.196,2.090569043793087,205.40748371467035,3.0,-14.403136093840619,-21.999842241547533,0.343534821453858,STOP_LOSS,3
2023-04-20 00:00:00,2023-04-20 12:00:00,NEARUSDT,2.147,2.092349583654493,178.77560158685944,3.0,-7.636294785119693,-10.069409903578556,0.29924884443827754,STOP_LOSS,4
2023-04-20 16:00:00,2023-04-20 20:00:00,ETHUSDT,1945.92,1927.7,0.18107513982719975,3.0,-2.8089541193882623,-3.5784358852874987,0.2792468376359144,SIGNAL_EXIT,1
2023-04-21 00:00:00,2023-04-21 08:00:00,ETHUSDT,1942.98,1928.44,0.17536020077884615,3.0,-2.245005095266029,-2.820274619796383,0.27053730047196645,SIGNAL_EXIT,2
2023-04-26 00:00:00,2023-04-26 16:00:00,BNBUSDT,338.4,332.3614232142857,0.9792084455133984,3.0,-5.353348214285701,-6.173386277511988,0.26036089005942514,STOP_LOSS,5
2023-04-27 00:00:00,2023-04-28 00:00:00,BNBUSDT,330.6,330.9,0.9429648641993102,3.0,0.27223230490014017,0.033267800408908754,0.24962165885084142,SIGNAL_EXIT,6
2023-04-28 00:00:00,2023-04-28 20:00:00,BTCUSDT,29472.77,29328.53,0.010539978292238078,3.0,-1.4682026833582484,-1.7675841245070396,0.24729765563460257,SIGNAL_EXIT,5
2023-04-28 20:00:00,2023-04-30 20:00:00,SOLUSDT,23.32,23.18,13.045188515155107,3.0,-1.8010291595197327,-2.068236367946759,0.24190997582503634,SIGNAL_EXIT,12
2023-04-30 20:00:00,2023-05-01 12:00:00,BNBUSDT,335.9,330.5284625,0.8826763814795803,3.0,-4.797443435546284,-4.9747290172862675,0.2333997338044073,STOP_LOSS,5
2023-05-02 16:00:00,2023-05-03 12:00:00,BTCUSDT,28540.69,28134.851476088952,0.009830955400241297,3.0,-4.265893963086176,-4.2110544043123355,0.2212739760430748,STOP_LOSS,6
2023-05-04 00:00:00,2023-05-06 12:00:00,BTCUSDT,29026.16,28318.372914285716,0.00919996587818391,3.0,-7.315336431490948,-6.720039489220339,0.20842245162969286,STOP_LOSS,16
2023-05-06 20:00:00,2023-05-08 00:00:00,BTCUSDT,28842.82,28430.09,0.008504318552570693,3.0,-4.2928881433923545,-3.7034102296731017,0.19342283347060363,SIGNAL_EXIT,7
2023-05-28 20:00:00,2023-05-31 08:00:00,ETHUSDT,1848.77,1869.3,0.1262314735160573,3.0,3.3314041227410613,2.4027605565298,0.18877159475485272,SIGNAL_EXIT,15
2023-06-07 00:00:00,2023-06-07 04:00:00,ETHUSDT,1884.65,1877.47,0.12694403106551,3.0,-1.1429177831427688,-1.1021250310540203,0.19066688800365048,SIGNAL_EXIT,1
2023-06-20 00:00:00,2023-06-26 08:00:00,BTCUSDT,26844.35,30404.28,0.008763566256575702,3.0,39.7841258961383,30.98452248596076,0.2131599378107836,SIGNAL_EXIT,38
2023-06-26 08:00:00,2023-06-26 20:00:00,NEARUSDT,1.575,1.4916520178571429,206.65557582959818,3.0,-15.87580612244897,-17.47093180931732,0.24660656535011996,STOP_LOSS,4
2023-06-27 00:00:00,2023-06-27 16:00:00,NEARUSDT,1.484,1.456,183.30144492152127,3.0,-5.660377358490571,-5.345949980847188,0.21350952304458798,SIGNAL_EXIT,4
2023-06-27 16:00:00,2023-06-27 20:00:00,BTCUSDT,30498.74,30648.03,0.008363576926735273,3.0,1.4684868948684164,1.0435366741459735,0.20506172524631233,SIGNAL_EXIT,1
2023-06-27 20:00:00,2023-06-28 00:00:00,NEARUSDT,1.489,1.476,172.91530574409572,3.0,-2.6192075218267536,-2.452077367695894,0.20417839302262822,SIGNAL_EXIT,1
2023-06-28 00:00:00,2023-06-28 12:00:00,BTCUSDT,30692.44,30101.759530000003,0.008129122774173258,3.0,-5.773543615300665,-4.997474780086736,0.19576071915040794,STOP_LOSS,4
2023-06-28 16:00:00,2023-06-28 16:00:00,BTCUSDT,30411.07,29841.970513214284,0.007684385265908201,3.0,-5.614069022751076,-4.556633469905998,0.1834537588139287,STOP_LOSS,1
2023-06-28 20:00:00,2023-06-29 12:00:00,BTCUSDT,30099.99,30670.95,0.007291383048013114,3.0,5.690633119811658,3.9841811491763948,0.17890691591716626,SIGNAL_EXIT,4
2023-06-29 12:00:00,2023-06-29 12:00:00,SOLUSDT,18.06,17.409610240970803,12.774097078821335,3.0,-10.803816595169364,-8.486055561968243,0.1779136410580825,STOP_LOSS,1
2023-06-29 16:00:00,2023-06-30 12:00:00,SOLUSDT,17.67,17.678781990000004,11.585099752528173,3.0,0.14910000000004742,-0.06210813211014163,0.16384836228587887,STOP_LOSS,6
2023-06-30 16:00:00,2023-07-01 00:00:00,SOLUSDT,18.28,18.289085160000003,11.14633165793359,3.0,0.14910000000002427,-0.06181876060543273,0.16308496713084117,STOP_LOSS,3
2023-07-01 04:00:00,2023-07-05 08:00:00,SOLUSDT,18.31,18.319100069999998,11.085635080528085,3.0,0.14909999999998028,-0.061583031476509315,0.16246308670375717,STOP_LOSS,26
2023-07-05 12:00:00,2023-07-06 20:00:00,SOLUSDT,18.7,19.920075,10.75547435128121,3.0,19.57339572192516,12.951085484548958,0.17139988459047845,STOP_LOSS,9
2023-07-07 00:00:00,2023-07-08 12:00:00,SOLUSDT,19.61,21.3429375,12.19571982052011,3.0,26.511027536970964,20.926186227755093,0.20823398871749757,STOP_LOSS,10
2023-07-08 16:00:00,2023-07-13 00:00:00,SOLUSDT,21.52,21.530695440000002,13.99407364062653,3.0,0.1491000000000387,-0.09136893503806803,0.2410417100170095,STOP_LOSS,27
2023-07-13 04:00:00,2023-07-13 16:00:00,SOLUSDT,21.65,24.06,13.825373813446403,3.0,33.39491916859123,33.05304009524461,0.2661107951612164,STOP_LOSS,4
2023-07-13 20:00:00,2023-07-13 20:00:00,BTCUSDT,31606.0,31021.97071107143,0.012580844786210525,3.0,-5.543529288064642,-7.659807913393929,0.3122260787826869,STOP_LOSS,1
2023-07-14 00:00:00,2023-07-14 04:00:00,SOLUSDT,26.01,28.54,14.368121018032642,3.0,29.18108419838521,36.023293236538834,0.3280529390837213,STOP_LOSS,2
2023-07-14 08:00:00,2023-07-14 16:00:00,SOLUSDT,28.71,26.663159464285716,16.739938267957122,3.0,-21.388093372145086,-34.62105592697809,0.35707171476867167,STOP_LOSS,3
2023-07-14 20:00:00,2023-07-15 12:00:00,SOLUSDT,26.07,27.622504,14.390829219984788,3.0,17.865408515535087,22.023811337189372,0.31800859015387734,STOP_LOSS,5
2023-07-15 16:00:00,2023-07-18 20:00:00,SOLUSDT,27.56,25.3,15.961465391640665,3.0,-24.6008708272859,-36.39597184463468,0.3230600595268071,SIGNAL_EXIT,19
2023-07-19 00:00:00,2023-07-20 08:00:00,SOLUSDT,25.54,26.86,12.830284466734327,3.0,15.505090054815978,16.66027834346813,0.2756971526211872,SIGNAL_EXIT,8
2023-07-20 08:00:00,2023-07-20 16:00:00,NEARUSDT,1.566,1.5027781607142858,240.23766025276163,3.0,-12.111463464696213,-15.477085874243272,0.2888191273671589,STOP_LOSS,3
2023-07-20 20:00:00,2023-07-21 12:00:00,NEARUSDT,1.512,1.49,217.41620691713013,3.0,-4.365079365079369,-5.042316670822086,0.2591601186452191,SIGNAL_EXIT,4
2023-07-21 12:00:00,2023-07-21 16:00:00,SOLUSDT,25.28,25.3,12.362124166119143,3.0,0.23734177215189367,-0.002966909799873907,0.2502093931222515,SIGNAL_EXIT,1
2023-07-21 16:00:00,2023-07-21 20:00:00,NEARUSDT,1.493,1.49,208.81150067867986,3.0,-0.6028131279303645,-0.8753378108450498,0.24890330880898642,SIGNAL_EXIT,1
2023-07-21 20:00:00,2023-07-22 20:00:00,SOLUSDT,25.8,24.731061964285715,11.947032462782303,3.0,-12.42951204318937,-13.007007653482445,0.2363702401011217,STOP_LOSS,7
2023-07-23 00:00:00,2023-07-24 04:00:00,SOLUSDT,24.52,24.34,10.935359427103396,3.0,-2.2022838499184307,-2.1812980156431654,0.21293331876455732,SIGNAL_EXIT,7
2023-07-24 08:00:00,2023-07-24 08:00:00,SOLUSDT,24.57,23.776781250000003,10.602777867157172,3.0,-9.685210622710594,-8.612002150305843,0.20167994399179015,STOP_LOSS,1
2023-08-02 00:00:00,2023-08-02 12:00:00,BNBUSDT,247.8,243.14901428571432,0.9445911620057484,3.0,-5.630733310273239,-4.577021128285018,0.1837411279557562,STOP_LOSS,4
2023-08-08 20:00:00,2023-08-09 08:00:00,BNBUSDT,246.4,244.9,0.8910873085043299,3.0,-1.8262987012987015,-1.5112127882386632,0.17458182548216833,SIGNAL_EXIT,3
2023-08-09 08:00:00,2023-08-09 16:00:00,BTCUSDT,29818.01,29375.848603571427,0.007190352079816089,3.0,-4.448600658748571,-3.3482742717070084,0.1689781552824419,STOP_LOSS,3
2023-08-10 16:00:00,2023-08-10 20:00:00,SOLUSDT,24.56,24.6,8.29601264768424,3.0,0.488599348534235,0.16857497700096613,0.16326552890642587,SIGNAL_EXIT,1
2023-08-14 16:00:00,2023-08-14 16:00:00,BTCUSDT,29600.0,29389.10583071429,0.006880675516667956,3.0,-2.137440904922752,-1.6128678679691502,0.16177352075692744,STOP_LOSS,1
2023-09-18 12:00:00,2023-09-18 16:00:00,BTCUSDT,27196.98,26899.968716785712,0.00729288543741412,3.0,-3.276223498501904,-2.3230119741983932,0.15694271209723354,STOP_LOSS,2
2023-09-18 20:00:00,2023-09-21 12:00:00,BTCUSDT,26814.78,26480.13649813034,0.007119393557853738,3.0,-3.7439445917847265,-2.5332768019451564,0.15081801055670144,STOP_LOSS,17
2023-09-27 12:00:00,2023-09-27 12:00:00,BTCUSDT,26766.69,26454.166163696722,0.006821087844830075,3.0,-3.502754763139672,-2.2761094940393907,0.1443569530114454,STOP_LOSS,1
2023-09-28 16:00:00,2023-09-29 04:00:00,ETHUSDT,1652.57,1651.61,0.10608742196752297,3.0,-0.17427400957297476,-0.2420159626854504,0.14017203759662447,SIGNAL_EXIT,3
2023-09-29 04:00:00,2023-09-29 08:00:00,SOLUSDT,20.2,20.27,8.618657421565892,3.0,1.039603960396044,0.46354587076150244,0.13976014874811252,SIGNAL_EXIT,1
2023-09-29 08:00:00,2023-09-30 16:00:00,ETHUSDT,1686.19,1683.32,0.10382493817780211,3.0,-0.5106186135607704,-0.4377940485170706,0.1398164759467663,SIGNAL_EXIT,8
2023-09-30 16:00:00,2023-10-01 12:00:00,SOLUSDT,21.44,22.97,8.078096558737274,3.0,21.4085820895522,12.211044632504654,0.14844310236335614,STOP_LOSS,6
2023-10-01 16:00:00,2023-10-02 16:00:00,SOLUSDT,23.09,23.10147573,9.080643667450579,3.0,0.14910000000001034,-0.06361400048323036,0.1678210154371102,STOP_LOSS,7
2023-10-02 20:00:00,2023-10-05 00:00:00,SOLUSDT,23.83,23.13,8.762155837283432,3.0,-8.8124213176668,-6.2956440177114885,0.16213493161309261,SIGNAL_EXIT,13
2023-10-05 00:00:00,2023-10-05 04:00:00,BTCUSDT,27778.57,27651.73,0.006822206406572973,3.0,-1.3698329323647704,-1.0162453082567777,0.15091664764706086,SIGNAL_EXIT,1
2023-10-05 04:00:00,2023-10-06 16:00:00,SOLUSDT,23.24,23.51,8.003319183620318,3.0,3.4853700516351527,2.0103697523719797,0.15052642720553097,SIGNAL_EXIT,9
2023-10-06 16:00:00,2023-10-07 04:00:00,BTCUSDT,27941.12,27900.41,0.006858960303591122,3.0,-0.4370977255027622,-0.432322517674322,0.15309424371513342,SIGNAL_EXIT,3
2023-10-07 04:00:00,2023-10-07 12:00:00,SOLUSDT,23.67,23.48,8.019737906598003,3.0,-2.4081115335868346,-1.674392959091168,0.15064275683753692,SIGNAL_EXIT,2
2023-10-07 12:00:00,2023-10-08 12:00:00,BTCUSDT,27942.12,27811.63,0.006597157421486731,3.0,-1.4010032166492519,-1.0076452329363046,0.14678216100651442,SIGNAL_EXIT,6
2023-10-08 12:00:00,2023-10-08 20:00:00,SOLUSDT,23.22,23.33,7.784665382949475,3.0,1.4211886304909487,0.7110201974170688,0.145292994707369,SIGNAL_EXIT,2
2023-10-08 20:00:00,2023-10-09 08:00:00,BTCUSDT,27894.99,27517.054554642862,0.006540134625098391,3.0,-4.064551864228733,-2.6157208852510423,0.14397219301883293,STOP_LOSS,4
2023-10-09 12:00:00,2023-10-09 16:00:00,BTCUSDT,27468.91,27443.32,0.006338187423139317,3.0,-0.2794796007559107,-0.3013469406966862,0.13915272453855015,SIGNAL_EXIT,1
2023-10-09 16:00:00,2023-10-09 16:00:00,SOLUSDT,22.21,21.573305714285716,7.779465774884241,3.0,-8.600102913745399,-5.087404439542965,0.1342630347643203,STOP_LOSS,1
2023-10-09 20:00:00,2023-10-10 16:00:00,BTCUSDT,27616.66,27264.557797321428,0.005689220009535569,3.0,-3.8248890634700814,-2.12727815109781,0.12409125421732808,STOP_LOSS,6
2023-10-10 20:00:00,2023-10-11 00:00:00,BTCUSDT,27397.31,27390.12,0.005484751094878776,3.0,-0.07873035710442734,-0.15961775289928004,0.12018239252708887,SIGNAL_EXIT,1
2023-10-11 00:00:00,2023-10-11 04:00:00,SOLUSDT,22.11,21.98,6.7584040714923646,3.0,-1.7639077340569742,-0.9974323064871224,0.11883977719312175,SIGNAL_EXIT,1
2023-10-11 12:00:00,2023-10-11 16:00:00,SOLUSDT,22.14,21.99,6.598538219185899,3.0,-2.0325203252032806,-1.1058622172298174,0.11608148435191834,SIGNAL_EXIT,1
2023-10-16 00:00:00,2023-10-16 08:00:00,SOLUSDT,21.93,22.82,6.494577458440176,3.0,12.175102599179215,5.661608931930476,0.11856500608128386,SIGNAL_EXIT,2
2023-10-16 08:00:00,2023-10-19 16:00:00,BTCUSDT,27849.05,28680.09,0.005712077213488987,3.0,8.95226228542806,4.615906336642042,0.13105831085585068,SIGNAL_EXIT,20
2023-10-19 16:00:00,2023-10-22 04:00:00,SOLUSDT,24.77,28.751308249999997,6.95259823486958,3.0,48.219316713766624,27.520519675430368,0.15991703599131296,STOP_LOSS,16
2023-10-22 08:00:00,2023-10-23 04:00:00,SOLUSDT,28.81,30.66,8.825539698270765,3.0,19.264144394307547,16.110775604081745,0.21647283771918532,SIGNAL_EXIT,5
2023-10-23 04:00:00,2023-10-23 04:00:00,BNBUSDT,222.2,218.81770892857145,1.3582184513554303,3.0,-4.566549601388668,-4.831651940869057,0.2377617998000861,STOP_LOSS,1
2023-10-23 08:00:00,2023-10-23 16:00:00,SOLUSDT,30.1,28.98,9.52121160456773,3.0,-11.16279069767443,-10.884496766956165,0.22073976984029828,SIGNAL_EXIT,2
2023-10-23 16:00:00,2023-10-23 20:00:00,BTCUSDT,30883.33,31354.42,0.008199235308993132,3.0,4.576158076217783,3.6569119476679455,0.20566581404560036,SIGNAL_EXIT,1
2023-10-23 20:00:00,2023-10-24 04:00:00,BNBUSDT,222.2,230.6,1.185657661605315,3.0,11.34113411341135,9.740794232071703,0.21873012541294848,SIGNAL_EXIT,2
2023-10-24 04:00:00,2023-10-24 12:00:00,BTCUSDT,34061.59,34542.9,0.008569418727150236,3.0,4.239173802514841,3.88773686824466,0.23681005932006233,SIGNAL_EXIT,2
2023-10-24 12:00:00,2023-10-24 12:00:00,ETHUSDT,1845.69,1786.2145103571431,0.164002978414026,3.0,-9.667195949946676,-9.988513043889029,0.23435559982793808,STOP_LOSS,1
2023-10-24 16:00:00,2023-10-26 08:00:00,BTCUSDT,33668.89,34647.35,0.008079583667631228,3.0,8.718374737034685,7.681600504881082,0.22394893054936224,SIGNAL_EXIT,10
2023-10-26 08:00:00,2023-10-26 12:00:00,ETHUSDT,1849.35,1812.32,0.15883198319324235,3.0,-6.006975423797547,-6.111831841470382,0.2302835038246216,SIGNAL_EXIT,1
2023-10-26 12:00:00,2023-10-26 12:00:00,NEARUSDT,1.194,1.1334758035714285,229.95925411237116,3.0,-15.207084529791818,-14.126621666739888,0.208522600274965,STOP_LOSS,1
2023-10-26 16:00:00,2023-10-31 08:00:00,NEARUSDT,1.165,1.291,198.76945670675292,3.0,32.44635193133044,24.839662450164113,0.2052890948867344,SIGNAL_EXIT,28
2023-10-31 08:00:00,2023-11-01 16:00:00,SOLUSDT,35.72,40.67,8.505324238013463,3.0,41.57334826427774,41.82462574875866,0.27672922940800604,SIGNAL_EXIT,8
2023-11-01 16:00:00,2023-11-02 04:00:00,NEARUSDT,1.456,1.498,294.0038824596388,3.0,8.653846153846162,11.99582881056521,0.3523342527396312,SIGNAL_EXIT,3
2023-11-02 04:00:00,2023-11-02 16:00:00,SOLUSDT,42.59,40.03,10.861084881653708,3.0,-18.032401972293982,-28.152192679283598,0.34781538225007835,SIGNAL_EXIT,3
2023-11-02 16:00:00,2023-11-03 00:00:00,NEARUSDT,1.48,1.48073556,254.6226668759034,3.0,0.1491000000000161,-0.11433282093288771,0.30162306978014747,STOP_LOSS,3
2023-11-03 04:00:00,2023-11-03 16:00:00,NEARUSDT,1.466,1.4667286019999999,256.07475685427283,3.0,0.14909999999998189,-0.11389715610917175,0.300473736102686,STOP_LOSS,4
2023-11-03 20:00:00,2023-11-04 04:00:00,NEARUSDT,1.481,1.514,252.51672276560765,3.0,6.684672518568519,8.027203596651328,0.305848254613704,SIGNAL_EXIT,2
2023-11-04 04:00:00,2023-11-05 04:00:00,SOLUSDT,41.12,42.52,9.653641546389212,3.0,10.214007782101211,13.186719894102975,0.32837827084197546,SIGNAL_EXIT,6
2023-11-05 04:00:00,2023-11-05 12:00:00,BNBUSDT,242.8,243.8,1.7913910803806732,3.0,1.2355848434925865,1.4419981640632267,0.3493929163174465,SIGNAL_EXIT,2
2023-11-05 12:00:00,2023-11-06 08:00:00,NEARUSDT,1.641,1.606,266.92129151536744,3.0,-6.398537477148065,-9.685185678376783,0.3429404753389441,SIGNAL_EXIT,5
2023-11-06 08:00:00,2023-11-07 16:00:00,BNBUSDT,244.3,244.5,1.668088834275316,3.0,0.24559967253375603,0.00733959087079239,0.32627817598425185,SIGNAL_EXIT,8
2023-11-07 16:00:00,2023-11-09 16:00:00,SOLUSDT,41.21,46.4,9.8460468554381,3.0,37.78209172530937,50.73549792044986,0.3654852592738623,SIGNAL_EXIT,12
2023-11-09 16:00:00,2023-11-09 16:00:00,ETHUSDT,2035.01,1983.592997857143,0.2729130556018378,3.0,-7.579864788309193,-14.465449905585821,0.4330787408924821,STOP_LOSS,1
2023-11-09 20:00:00,2023-11-10 16:00:00,ETHUSDT,2018.55,2089.94,0.252996582066255,3.0,10.6100914022442,17.63842785233113,0.42299814137883923,SIGNAL_EXIT,5
2023-11-10 16:00:00,2023-11-11 00:00:00,SOLUSDT,50.88,54.581005499999996,11.026675663745127,3.0,21.821966391509395,40.32830964219713,0.48147763603967114,STOP_LOSS,3
2023-11-11 04:00:00,2023-11-11 16:00:00,SOLUSDT,55.82,60.66137125,12.186741200814978,3.0,26.019551683984243,58.40912693496789,0.5914115458482466,STOP_LOSS,4
2023-11-11 20:00:00,2023-11-12 00:00:00,SOLUSDT,60.53,54.637563392857146,14.098692018525472,3.0,-29.20421249203463,-83.69190350592713,0.6162545431348437,STOP_LOSS,2
2023-11-12 04:00:00,2023-11-12 16:00:00,SOLUSDT,57.37,57.39851289,10.466634700105706,3.0,0.14910000000000934,-0.1821814095248352,0.4806154133991509,STOP_LOSS,4
2023-11-12 20:00:00,2023-11-13 12:00:00,SOLUSDT,56.02,56.047841940000005,10.675560714474146,3.0,0.14910000000000984,-0.1814453907578104,0.4786737116365764,STOP_LOSS,5
2023-11-13 16:00:00,2023-11-15 16:00:00,SOLUSDT,55.63,60.632914,10.683378444032119,3.0,26.979582958835145,52.9298120918053,0.5182114931411627,STOP_LOSS,13
2023-11-15 20:00:00,2023-11-16 16:00:00,SOLUSDT,65.34,59.45318625000001,11.464933533501402,3.0,-27.02852961432505,-68.03722983082098,0.5453014629689037,STOP_LOSS,6
2023-11-16 20:00:00,2023-11-16 20:00:00,SOLUSDT,62.34,56.78719125000001,8.695195869181509,3.0,-26.721890038498543,-48.67778030597845,0.39502060062353633,STOP_LOSS,1
2023-11-17 00:00:00,2023-11-17 04:00:00,SOLUSDT,57.81,58.95,6.8299784780212915,3.0,5.915931499740531,7.464073679920792,0.32210178502348413,SIGNAL_EXIT,1
2023-11-17 04:00:00,2023-11-17 12:00:00,NEARUSDT,1.902,1.7732290178571428,218.75584800745273,3.0,-20.310880464173042,-28.479728771423467,0.3103233740102095,STOP_LOSS,3
2023-11-17 16:00:00,2023-11-18 00:00:00,NEARUSDT,1.761,1.761875217,187.11529829720962,3.0,0.1491000000000256,-0.09997255540331573,0.26373904543313276,STOP_LOSS,3
2023-11-18 04:00:00,2023-11-18 08:00:00,NEARUSDT,1.753,1.724,187.25265443441359,3.0,-4.9629207073587995,-5.688585839593921,0.25825886099594325,SIGNAL_EXIT,1
2023-11-18 08:00:00,2023-11-18 16:00:00,SOLUSDT,56.36,58.01,5.507700300621429,3.0,8.782824698367628,8.832104140474112,0.25560135555123925,SIGNAL_EXIT,2
2023-11-18 16:00:00,2023-11-18 20:00:00,NEARUSDT,1.797,1.768,186.9743212447594,3.0,-4.8414023372287,-5.686711796066595,0.26445647996858773,SIGNAL_EXIT,1
2023-11-18 20:00:00,2023-11-19 08:00:00,SOLUSDT,59.07,60.44,5.383116554137129,3.0,6.957846622651079,7.114585227542214,0.2602844516256385,SIGNAL_EXIT,3
2023-11-19 08:00:00,2023-11-19 20:00:00,NEARUSDT,1.836,1.937938725,184.3099344867404,3.0,16.656654411764688,18.502574638856572,0.2857450875552538,STOP_LOSS,4
2023-11-20 00:00:00,2023-11-20 12:00:00,NEARUSDT,1.988,2.074533525,197.53626395350892,3.0,13.058379024144887,16.765672753647742,0.3278364815798427,STOP_LOSS,4
2023-11-20 16:00:00,2023-11-21 00:00:00,NEARUSDT,2.095,1.9594136071428576,210.7976820832298,3.0,-19.415712580975068,-28.911729213614286,0.3304318773024437,STOP_LOSS,3
2023-11-21 04:00:00,2023-11-21 08:00:00,BNBUSDT,262.7,257.4,1.3463733859257727,3.0,-6.052531404644094,-7.413024153036446,0.2772452076298351,SIGNAL_EXIT,1
2023-11-21 08:00:00,2023-11-21 16:00:00,NEARUSDT,1.907,1.921,173.37291336612475,3.0,2.202412165705298,2.160781293864688,0.26643949326106053,SIGNAL_EXIT,2
2023-11-21 16:00:00,2023-11-21 16:00:00,BNBUSDT,264.4,252.29955357142856,1.2713489030792713,3.0,-13.729704722282243,-15.640497902278096,0.2566086085443405,STOP_LOSS,1
2023-11-21 20:00:00,2023-11-22 20:00:00,NEARUSDT,1.819,1.837,158.57831022669183,3.0,2.968664101154483,2.6213628993713094,0.2330466847091463,SIGNAL_EXIT,6
2023-11-22 20:00:00,2023-11-23 00:00:00,ETHUSDT,2076.98,2063.22,0.14212944454951054,3.0,-1.9875010833036741,-2.190296607068049,0.2345954500667529,SIGNAL_EXIT,1
2023-11-23 00:00:00,2023-11-23 16:00:00,BTCUSDT,37408.35,36951.34,0.007696835080887508,3.0,-3.665037351286561,-3.745057296314657,0.2275266959982414,SIGNAL_EXIT,4
2023-11-23 16:00:00,2023-11-23 20:00:00,SOLUSDT,56.61,56.34,4.870722497051144,3.0,-1.4308426073131744,-1.5346282785908787,0.21953320438708918,SIGNAL_EXIT,1
2023-11-23 20:00:00,2023-11-24 08:00:00,ETHUSDT,2062.19,2080.02,0.1310923402081311,3.0,2.593844408129211,2.1192366743271944,0.2181397515837735,SIGNAL_EXIT,3
2023-11-24 08:00:00,2023-11-27 12:00:00,BTCUSDT,37522.99,36803.655869285714,0.007353110006343357,3.0,-5.7511472090653,-5.505840058653469,0.21649706419396977,STOP_LOSS,20
2023-11-27 16:00:00,2023-11-28 00:00:00,NEARUSDT,1.735,1.781,148.36397191556512,3.0,7.953890489913512,6.613353720930671,0.2113889871852972,SIGNAL_EXIT,2
2023-11-28 00:00:00,2023-11-28 04:00:00,BTCUSDT,37242.7,37129.55,0.007424070381716844,3.0,-0.9114537882591289,-1.0605554776443975,0.22052191395317974,SIGNAL_EXIT,1
2023-11-28 04:00:00,2023-11-28 08:00:00,NEARUSDT,1.775,1.75,153.53060322729345,3.0,-4.225352112676041,-4.0532079252005335,0.21494284451821086,SIGNAL_EXIT,1
2023-11-28 08:00:00,2023-11-30 16:00:00,BTCUSDT,37105.11,37619.85,0.006999383219241674,3.0,4.161744837840378,3.392209920832134,0.2106525974403111,SIGNAL_EXIT,14
2023-11-30 16:00:00,2023-11-30 20:00:00,NEARUSDT,1.878,1.873,142.89831022215927,3.0,-0.7987220447284175,-0.9286103791476645,0.21411882803688345,SIGNAL_EXIT,1
2023-11-30 20:00:00,2023-12-05 04:00:00,BTCUSDT,37749.34,41829.98,0.007014861144525136,3.0,32.429494131553085,28.390377779692486,0.23474520110261085,SIGNAL_EXIT,26
2023-12-05 04:00:00,2023-12-05 12:00:00,NEARUSDT,2.256,2.19,154.0615483533694,3.0,-8.776595744680831,-10.43797802403746,0.26991583271510317,SIGNAL_EXIT,2
2023-12-05 12:00:00,2023-12-06 04:00:00,BTCUSDT,41726.09,43736.06,0.007555875680582278,3.0,14.451174313241436,14.92271205600518,0.2643713856947899,SIGNAL_EXIT,4
2023-12-06 04:00:00,2023-12-06 12:00:00,NEARUSDT,2.332,2.287,153.91675026796906,3.0,-5.789022298456252,-7.207859848348873,0.2816060862902762,SIGNAL_EXIT,2
2023-12-06 12:00:00,2023-12-06 20:00:00,BTCUSDT,43839.22,43984.71,0.00767113154965666,3.0,0.9956153416963027,0.8461429318927327,0.269929997266799,SIGNAL_EXIT,2
2023-12-06 20:00:00,2023-12-07 00:00:00,NEARUSDT,2.366,2.288,142.79925237425235,3.0,-9.890109890109926,-11.399721436737556,0.2613797515458315,SIGNAL_EXIT,1
2023-12-07 00:00:00,2023-12-07 16:00:00,BTCUSDT,43762.69,43659.99,0.0069209720623671575,3.0,-0.704024364133039,-0.9525194876317209,0.24173565682658354,SIGNAL_EXIT,4
2023-12-07 16:00:00,2023-12-08 00:00:00,ETHUSDT,2321.39,2355.74,0.12880536210487895,3.0,4.439150681272847,4.181718633322622,0.24274555497995798,SIGNAL_EXIT,2
2023-12-08 00:00:00,2023-12-09 16:00:00,SOLUSDT,67.74,73.7801635,4.5863586503152,3.0,26.75005978742252,27.431650284671242,0.2707058328719158,STOP_LOSS,11
2023-12-09 20:00:00,2023-12-11 00:00:00,SOLUSDT,74.09,69.37542339285716,5.264736132099167,3.0,-19.08993092377991,-25.11319644974728,0.29219463857284234,STOP_LOSS,8
2023-12-11 04:00:00,2023-12-11 08:00:00,SOLUSDT,70.88,68.5,4.41143967646838,3.0,-10.073363431151222,-10.74097332426519,0.2417468942704672,SIGNAL_EXIT,1
2023-12-11 08:00:00,2023-12-11 16:00:00,NEARUSDT,2.308,2.289,121.20245398830937,3.0,-2.469670710571883,-2.524792559521232,0.22194593374339217,SIGNAL_EXIT,2
2023-12-11 16:00:00,2023-12-13 04:00:00,BNBUSDT,244.3,244.4214171,1.110756638544898,3.0,0.14910000000000265,-0.08232931945922903,0.21719416931710117,STOP_LOSS,10
2023-12-13 08:00:00,2023-12-15 08:00:00,BNBUSDT,247.9,249.1,1.0883136207085493,3.0,1.4521984671238264,1.0890972065154472,0.21687913833479971,SIGNAL_EXIT,12
2023-12-15 08:00:00,2023-12-15 20:00:00,SOLUSDT,76.63,72.19618589285714,3.5445600369869243,3.0,-17.358009032270065,-15.920643267878372,0.20472297227096048,STOP_LOSS,4
2023-12-16 00:00:00,2023-12-17 00:00:00,SOLUSDT,72.51,72.54603747000002,3.0717479740029874,3.0,0.14910000000004459,-0.06757648943560732,0.1782745148963339,STOP_LOSS,7
2023-12-17 04:00:00,2023-12-17 08:00:00,NEARUSDT,2.418,2.34,91.67257498730237,3.0,-9.677419354838745,-7.3220719093858415,0.17161106037623003,SIGNAL_EXIT,1
2023-12-17 08:00:00,2023-12-17 12:00:00,SOLUSDT,72.38,73.08,2.7519155744205004,3.0,2.9013539651837643,1.765452909951438,0.16088799214292013,SIGNAL_EXIT,1
2023-12-17 12:00:00,2023-12-17 16:00:00,NEARUSDT,2.393,2.325,85.20717405766831,3.0,-8.524864187212657,-5.952573179668676,0.15848534374726309,SIGNAL_EXIT,1
2023-12-17 16:00:00,2023-12-18 00:00:00,SOLUSDT,72.68,68.65650339285716,2.553219211813117,3.0,-16.607718521503216,-10.413104918804851,0.1402360827828443,STOP_LOSS,3
2023-12-18 04:00:00,2023-12-19 12:00:00,SOLUSDT,69.94,74.62,2.1992816408459976,3.0,20.074349442379212,10.16134976232734,0.1312883168319427,SIGNAL_EXIT,8
2023-12-19 12:00:00,2023-12-20 04:00:00,BNBUSDT,252.1,252.2,0.7282801616225323,3.0,0.11900039666798212,-0.07410978924671303,0.14693780540896212,SIGNAL_EXIT,4
2023-12-20 04:00:00,2023-12-20 20:00:00,NEARUSDT,2.602,2.891,70.23789446526462,3.0,33.32052267486551,20.136305298142222,0.16244620231926402,STOP_LOSS,5
2023-12-21 00:00:00,2023-12-22 04:00:00,NEARUSDT,2.848,3.569,85.14203710474446,3.0,75.94803370786518,61.144311208179296,0.2430975443414664,STOP_LOSS,8
2023-12-22 08:00:00,2023-12-22 20:00:00,NEARUSDT,3.361,3.335,126.3435297070841,3.0,-2.320737875632274,-3.622016309642718,0.33708453725850035,SIGNAL_EXIT,3
2023-12-22 20:00:00,2023-12-23 08:00:00,SOLUSDT,96.91,95.35,4.254970150226655,3.0,-4.8292229904034745,-6.9623225574128815,0.32456912305928926,SIGNAL_EXIT,3
2023-12-23 08:00:00,2023-12-23 12:00:00,NEARUSDT,3.366,3.333,115.95275577916584,3.0,-2.941176470588228,-4.1356173687220315,0.30917642800956785,SIGNAL_EXIT,1
2023-12-23 12:00:00,2023-12-23 16:00:00,SOLUSDT,95.87,96.77,3.9300824522759172,3.0,2.8163137582142217,3.2328229439228995,0.3042512631253924,SIGNAL_EXIT,1
2023-12-23 16:00:00,2023-12-23 20:00:00,NEARUSDT,3.425,3.533,112.57327005696824,3.0,9.459854014598548,11.839736075663565,0.31817709048901505,SIGNAL_EXIT,1
2023-12-23 20:00:00,2023-12-24 00:00:00,SOLUSDT,102.87,107.88,4.082211861522378,3.0,14.610673665791749,20.09957021373025,0.3523112124968273,SIGNAL_EXIT,1
2023-12-24 00:00:00,2023-12-24 04:00:00,NEARUSDT,3.909,3.987,122.58371878879953,3.0,5.986185725249447,9.170537036077645,0.390993029448755,SIGNAL_EXIT,1
2023-12-24 04:00:00,2023-12-24 08:00:00,SOLUSDT,116.22,108.19532035714286,4.347647802522519,3.0,-20.71419629028688,-35.264796932650185,0.3763161174351617,STOP_LOSS,2
2023-12-24 12:00:00,2023-12-24 20:00:00,SOLUSDT,110.35,110.40484395,3.6099790812650023,3.0,0.14910000000001564,-0.12086182946989713,0.3188473417038616,STOP_LOSS,3
2023-12-25 00:00:00,2023-12-25 20:00:00,SOLUSDT,112.45,119.861937,3.528784561551217,3.0,19.773953757225414,25.816755294547644,0.33837356224257964,STOP_LOSS,6
2023-12-26 00:00:00,2023-12-26 04:00:00,SOLUSDT,120.91,119.37,3.9017372580181338,3.0,-3.821023902075905,-6.381275678539595,0.37260030119169973,SIGNAL_EXIT,1
2023-12-26 04:00:00,2023-12-26 08:00:00,NEARUSDT,4.331,4.299,104.13293544674612,3.0,-2.216578157469409,-3.6903879258843277,0.3581339915884493,STOP_LOSS,2
2023-12-26 12:00:00,2023-12-26 16:00:00,NEARUSDT,4.5,4.236,97.52334159755975,3.0,-17.600000000000016,-26.076649281761608,0.33048710000581044,SIGNAL_EXIT,1
2023-12-26 16:00:00,2023-12-26 16:00:00,BNBUSDT,296.1,286.3484035714286,1.2145708247644602,3.0,-9.88003690838036,-12.12223685037674,0.27823233335658926,STOP_LOSS,1
2023-12-26 20:00:00,2023-12-27 00:00:00,BNBUSDT,295.6,284.72584107142865,1.0907770007413962,3.0,-11.036020563502749,-12.109740380858332,0.2484579191659715,STOP_LOSS,2
2023-12-27 04:00:00,2023-12-28 20:00:00,BNBUSDT,290.1,320.9029225,0.9836597132647014,3.0,31.85410806618404,30.047066492679058,0.25252742138572376,STOP_LOSS,11
2023-12-29 00:00:00,2024-01-01 20:00:00,BNBUSDT,322.6,311.9,1.1592617339325613,3.0,-9.950402975821493,-12.693359540929311,0.28925898785085263,SIGNAL_EXIT,23
2024-01-01 20:00:00,2024-01-02 00:00:00,SOLUSDT,108.82,109.93,3.059313858816945,3.0,3.060099246462085,3.126790085287053,0.26904829799979746,SIGNAL_EXIT,1
2024-01-02 00:00:00,2024-01-03 12:00:00,BTCUSDT,44179.55,43702.89,0.007729558250236521,3.0,-3.2367464132160926,-3.9546144627247104,0.2702432271669433,SIGNAL_EXIT,9
2024-01-03 12:00:00,2024-01-03 12:00:00,BNBUSDT,323.1,313.5432642857143,1.010456520677213,3.0,-8.873477914842812,-9.910123387618329,0.25345746872953495,STOP_LOSS,1
2024-01-03 16:00:00,2024-01-04 16:00:00,BNBUSDT,316.9,319.7,0.9340118887967462,3.0,2.6506784474597773,2.376350407952244,0.23888288067865585,SIGNAL_EXIT,6
2024-01-04 16:00:00,2024-01-05 00:00:00,NEARUSDT,3.928,3.911,76.87739132918186,3.0,-1.2983706720977526,-1.5474496345868285,0.24053398199074424,SIGNAL_EXIT,2
2024-01-05 00:00:00,2024-01-05 16:00:00,BNBUSDT,323.6,310.2767428571429,0.9161411515363198,3.0,-12.351598092883618,-12.433389975068495,0.2274058339968652,STOP_LOSS,5
2024-01-05 20:00:00,2024-01-06 04:00:00,BNBUSDT,314.1,307.8,0.8220266365383045,3.0,-6.017191977077375,-5.38118364917252,0.20241583898119211,SIGNAL_EXIT,2
2024-01-06 04:00:00,2024-01-06 08:00:00,BTCUSDT,43931.1,43653.2,0.00549328980086207,3.0,-1.8977444225161775,-1.718424978327571,0.1918397426679937,SIGNAL_EXIT,1
2024-01-06 08:00:00,2024-01-06 16:00:00,BNBUSDT,303.7,307.0,0.7757521561509627,3.0,3.2597958511689287,2.369457385747509,0.19052472955067645,SIGNAL_EXIT,2
2024-01-06 16:00:00,2024-01-10 12:00:00,BTCUSDT,43867.17,45515.88,0.005517072589516204,3.0,11.27524296643708,8.895161217912689,0.20089153114856703,SIGNAL_EXIT,23
2024-01-10 12:00:00,2024-01-12 16:00:00,ETHUSDT,2402.21,2577.5818190000005,0.11100460830002441,3.0,21.90130991878317,19.238181306814337,0.22889876814348759,STOP_LOSS,14
2024-01-12 20:00:00,2024-01-13 00:00:00,ETHUSDT,2584.44,2522.55,0.12492045867219753,3.0,-7.184148210057097,-7.983421669641131,0.2520944824188415,SIGNAL_EXIT,1
2024-01-16 16:00:00,2024-01-16 20:00:00,ETHUSDT,2559.44,2574.06,0.11648778122610884,3.0,1.713656112274547,1.4631741310113964,0.23987723051430218,SIGNAL_EXIT,1
2024-01-28 04:00:00,2024-01-28 20:00:00,SOLUSDT,96.65,94.48,3.121255933448135,3.0,-6.73564407656493,-7.009042384056202,0.23591700847374383,SIGNAL_EXIT,4
2024-01-29 04:00:00,2024-01-29 08:00:00,SOLUSDT,97.85,96.72,2.858591947857944,3.0,-3.464486458865597,-3.45139531163692,0.22118641055745625,SIGNAL_EXIT,1
2024-01-29 12:00:00,2024-01-31 08:00:00,SOLUSDT,97.44,97.48842768,2.7575534460047417,3.0,0.14910000000000984,-0.08152172388963075,0.21506363975565446,STOP_LOSS,12
2024-01-31 12:00:00,2024-02-01 00:00:00,SOLUSDT,99.15,94.62998464285715,2.6951174162796354,3.0,-13.676294575318767,-12.386003246657712,0.204031135770591,STOP_LOSS,4
2024-02-01 16:00:00,2024-02-02 08:00:00,BTCUSDT,42516.12,43086.9,0.005393720081875034,3.0,4.027507684144265,2.8927086060960323,0.18591894223659314,SIGNAL_EXIT,4
2024-02-02 08:00:00,2024-02-02 20:00:00,SOLUSDT,101.21,99.47,2.343805503555381,3.0,-5.157593123209154,-4.264732242937274,0.186510666750923,SIGNAL_EXIT,3
2024-02-02 20:00:00,2024-02-03 00:00:00,BTCUSDT,43061.98,43199.99,0.005193343425376474,3.0,0.9614746000996337,0.5372514189019164,0.17948190723426355,SIGNAL_EXIT,1
2024-02-03 00:00:00,2024-02-03 04:00:00,SOLUSDT,100.57,99.23,2.2343580591456056,3.0,-3.9972158695435698,-3.171412079422302,0.17737228016721476,SIGNAL_EXIT,1
2024-02-03 04:00:00,2024-02-04 20:00:00,BTCUSDT,43173.95,42263.22671053572,0.004969583866377339,3.0,-6.328283301372334,-4.693940285737167,0.1680245196813809,STOP_LOSS,11
2024-02-05 04:00:00,2024-02-12 20:00:00,BTCUSDT,42718.31,49532.02,0.004669905005308988,3.0,47.8509800598385,31.634330571227046,0.1850478624968519,SIGNAL_EXIT,46
2024-02-12 20:00:00,2024-02-13 04:00:00,NEARUSDT,3.329,3.298,87.60475312225658,3.0,-2.793631721237621,-2.9468837274277275,0.23113638063776176,SIGNAL_EXIT,2
2024-02-13 04:00:00,2024-02-14 08:00:00,ETHUSDT,2640.46,2653.04,0.10678570247308501,3.0,1.4292964104739243,1.1167187450400469,0.22664539207135478,SIGNAL_EXIT,7
2024-02-14 08:00:00,2024-02-14 12:00:00,NEARUSDT,3.336,3.41,85.1995978245222,3.0,6.654676258992833,6.07234573614937,0.23242450286529656,SIGNAL_EXIT,1
2024-02-14 12:00:00,2024-02-15 08:00:00,ETHUSDT,2755.86,2772.32,0.10944173658637917,3.0,1.791818162025651,1.5586849720732845,0.2427260121385206,SIGNAL_EXIT,5
2024-02-15 08:00:00,2024-02-18 16:00:00,BNBUSDT,345.5,352.7,0.8834532340141011,3.0,6.251808972503609,6.1115881203921,0.24927516450941878,SIGNAL_EXIT,20
2024-02-18 16:00:00,2024-02-19 12:00:00,NEARUSDT,3.532,3.548,90.97030470305727,3.0,1.3590033975084947,1.1973147623797598,0.25821011286915774,SIGNAL_EXIT,5
2024-02-19 12:00:00,2024-02-21 12:00:00,ETHUSDT,2913.2,2899.11,0.11110077312112705,3.0,-1.450981738294627,-1.8230845831671982,0.25767468989055253,SIGNAL_EXIT,12
2024-02-21 12:00:00,2024-02-24 20:00:00,BNBUSDT,364.2,382.8,0.8677565129686068,3.0,15.32125205930809,15.874529386684602,0.26574175453150617,SIGNAL_EXIT,20
2024-02-24 20:00:00,2024-02-26 04:00:00,NEARUSDT,3.828,3.679,94.37827269369741,3.0,-11.677115987460816,-14.340136763553007,0.27777413219209024,SIGNAL_EXIT,8
2024-02-26 04:00:00,2024-02-26 08:00:00,ETHUSDT,3107.81,3087.19,0.1019211019883743,3.0,-1.9904691728258699,-2.3533329684782585,0.2517198454779914,SIGNAL_EXIT,1
2024-02-26 08:00:00,2024-02-27 16:00:00,NEARUSDT,3.841,3.917,80.4313630971752,3.0,5.935954178599293,5.860743875983976,0.2520397194013082,SIGNAL_EXIT,8
2024-02-27 16:00:00,2024-02-28 20:00:00,BTCUSDT,56745.66,60708.8,0.005729904809310643,3.0,20.952122153482744,22.430130429901396,0.2782845160699824,STOP_LOSS,8
2024-02-29 00:00:00,2024-02-29 12:00:00,BTCUSDT,62432.11,62936.02,0.006247923365705916,3.0,2.4213982196020423,2.8338155192908165,0.3145755439220279,SIGNAL_EXIT,3
2024-02-29 12:00:00,2024-03-01 16:00:00,SOLUSDT,129.17,129.23419748999999,3.0641113173583765,3.0,0.1490999999999953,-0.12008211804007415,0.3167903736950691,STOP_LOSS,8
2024-03-01 20:00:00,2024-03-02 00:00:00,SOLUSDT,130.92,129.43,2.9924646280894973,3.0,-3.4142988084325863,-4.768624053304192,0.30985175745089893,SIGNAL_EXIT,1
2024-03-02 00:00:00,2024-03-02 16:00:00,BTCUSDT,62387.9,61771.21,0.006035445740623254,3.0,-2.9654307966769307,-4.020252462815084,0.29825342903011565,SIGNAL_EXIT,4
2024-03-02 16:00:00,2024-03-03 04:00:00,NEARUSDT,4.242,4.244108274,85.5013346209372,3.0,0.1491000000000172,-0.11004129661556722,0.29030153736220976,STOP_LOSS,4
2024-03-03 08:00:00,2024-03-03 12:00:00,BTCUSDT,61598.01,61831.1,0.00586285566782333,3.0,1.1352152447781827,1.0765675755467186,0.2900054520662009,SIGNAL_EXIT,1
2024-03-03 12:00:00,2024-03-04 04:00:00,NEARUSDT,4.226,4.519,85.88910819860331,3.0,20.79981069569334,24.85500239823119,0.3105063039595907,STOP_LOSS,5
2024-03-04 08:00:00,2024-03-04 16:00:00,NEARUSDT,4.512,4.458,96.6827381004334,3.0,-3.590425531914853,-5.56567717458473,0.3448093171613857,SIGNAL_EXIT,2
2024-03-04 16:00:00,2024-03-05 08:00:00,BTCUSDT,66451.65,66129.64,0.006294645815073553,3.0,-1.4537336544690531,-2.359949028254458,0.3330101293426565,SIGNAL_EXIT,4
2024-03-05 08:00:00,2024-03-05 16:00:00,ETHUSDT,3672.99,3565.0397641071427,0.111249293095803,3.0,-8.817086561046214,-12.326673955497812,0.3172865228922784,STOP_LOSS,3
2024-03-05 20:00:00,2024-03-06 00:00:00,BTCUSDT,61410.98,63724.01,0.006014313601071244,3.0,11.29942886434966,13.604682844639573,0.30660494404624,SIGNAL_EXIT,1
2024-03-06 00:00:00,2024-03-06 16:00:00,ETHUSDT,3553.66,3790.95,0.11516010586909269,3.0,20.032023322433766,26.977088559001448,0.3492529626755495,SIGNAL_EXIT,4
2024-03-06 16:00:00,2024-03-06 20:00:00,NEARUSDT,4.804,5.290202775,101.67390420873801,3.0,30.362371461282244,49.003833915220454,0.43030045615212004,STOP_LOSS,2
2024-03-07 00:00:00,2024-03-07 04:00:00,NEARUSDT,5.901,5.744,107.42226704734665,3.0,-7.981698017285208,-17.358922727969393,0.49362680153596733,STOP_LOSS,2
2024-03-07 08:00:00,2024-03-08 00:00:00,NEARUSDT,5.572,5.529,104.0999352214953,3.0,-2.3151471643934034,-4.936752047996031,0.46045483347171806,SIGNAL_EXIT,4
2024-03-08 00:00:00,2024-03-08 04:00:00,BNBUSDT,474.6,464.8,1.1868843279839396,3.0,-6.194690265486733,-12.072797482760171,0.4413310685175481,SIGNAL_EXIT,1
2024-03-08 04:00:00,2024-03-08 08:00:00,NEARUSDT,5.397,5.358,97.36668479760344,3.0,-2.167871039466403,-4.214653264823038,0.41735255771644736,SIGNAL_EXIT,1
2024-03-08 08:00:00,2024-03-09 00:00:00,BNBUSDT,468.1,485.8,1.0929138688980682,3.0,11.343729972228148,18.91982543348725,0.42475004600854527,SIGNAL_EXIT,4
2024-03-09 00:00:00,2024-03-09 04:00:00,NEARUSDT,5.748,5.675,98.56890316251273,3.0,-3.8100208768267425,-7.643032751221276,0.44750282035780775,SIGNAL_EXIT,1
2024-03-09 04:00:00,2024-03-09 08:00:00,BNBUSDT,489.2,487.5,1.108000363566909,3.0,-1.0425183973834764,-2.315720759854827,0.4321201417910945,SIGNAL_EXIT,1
2024-03-09 08:00:00,2024-03-10 08:00:00,NEARUSDT,6.294,6.069,84.80954754374551,3.0,-10.724499523355561,-19.493915512577104,0.41176731523439325,SIGNAL_EXIT,6
2024-03-10 08:00:00,2024-03-11 04:00:00,BNBUSDT,503.7,523.1,0.939694594396858,3.0,11.55449672424064,17.83683173743588,0.3932433938631972,SIGNAL_EXIT,5
2024-03-11 04:00:00,2024-03-11 20:00:00,NEARUSDT,6.699,6.702329402999999,78.36058989577262,3.0,0.14909999999997803,-0.15926480547517258,0.4201587885558892,STOP_LOSS,5
2024-03-12 00:00:00,2024-03-12 16:00:00,NEARUSDT,6.69,7.187352775000001,78.12831517751358,3.0,22.30281502242154,38.40810574929329,0.4492286103177416,STOP_LOSS,5
2024-03-12 20:00:00,2024-03-13 12:00:00,NEARUSDT,7.794,7.797873618000001,81.60537351278603,3.0,0.14910000000003723,-0.19297066762598208,0.5090787113619122,STOP_LOSS,5
2024-03-13 16:00:00,2024-03-14 00:00:00,NEARUSDT,7.861,7.77,80.55946642752934,3.0,-3.4728406055209335,-7.8316690882187086,0.5007576433135225,SIGNAL_EXIT,2
2024-03-14 00:00:00,2024-03-14 04:00:00,BNBUSDT,630.5,615.3,0.9642741494805824,3.0,-7.232355273592408,-15.131621379445217,0.4746543073403219,SIGNAL_EXIT,1
2024-03-14 04:00:00,2024-03-15 00:00:00,NEARUSDT,7.836,8.471723325,71.57619992789157,3.0,24.3385652756508,45.017560799068725,0.48509900995518584,STOP_LOSS,6
2024-03-15 04:00:00,2024-03-15 08:00:00,NEARUSDT,8.335,7.543132589285715,83.25354030965461,3.0,-28.501526480418192,-66.42815939227013,0.5023939944665342,STOP_LOSS,2
2024-03-15 12:00:00,2024-03-15 16:00:00,NEARUSDT,7.494,7.38,65.8030162885439,3.0,-4.563650920736585,-7.89004486506156,0.38850100816756317,SIGNAL_EXIT,1
2024-03-15 16:00:00,2024-03-16 16:00:00,SOLUSDT,181.85,181.94037945,2.575161390426617,3.0,0.1491000000000006,-0.14207900228737283,0.37482067241536665,STOP_LOSS,7
2024-03-16 20:00:00,2024-03-17 04:00:00,SOLUSDT,180.08,180.16949976000004,2.5853480323764293,3.0,0.14910000000003962,-0.14125266094478517,0.37264068935900935,STOP_LOSS,3
2024-03-17 08:00:00,2024-03-18 00:00:00,SOLUSDT,181.85,194.64758999999998,2.5501063638106127,3.0,21.112328842452545,32.2381180540715,0.39709764636751915,STOP_LOSS,5
2024-03-18 04:00:00,2024-03-19 00:00:00,SOLUSDT,203.93,189.03602000000004,2.738548635149302,3.0,-21.910430049526752,-41.20203606859296,0.414147467652045,STOP_LOSS,6
2024-03-19 04:00:00,2024-03-19 20:00:00,SOLUSDT,184.21,168.4929523214286,2.3476227315896887,3.0,-25.596407923410382,-37.21414471167917,0.3164463079859547,STOP_LOSS,5
2024-03-20 08:00:00,2024-03-21 04:00:00,SOLUSDT,173.35,185.617156,1.8413455881544292,3.0,21.229574848572256,22.31464531477304,0.27342826502909795,STOP_LOSS,6
2024-03-21 08:00:00,2024-03-22 04:00:00,SOLUSDT,188.56,179.07,2.040106551149391,3.0,-15.098642341960133,-19.652868674499196,0.2922575040914572,SIGNAL_EXIT,5
2024-03-22 04:00:00,2024-03-22 12:00:00,BNBUSDT,575.6,542.5670696428572,0.5628502688185069,3.0,-17.216607204904193,-18.836900948181306,0.24430721680044135,STOP_LOSS,3
2024-03-22 16:00:00,2024-03-22 20:00:00,BNBUSDT,554.1,549.9,0.4811047524417521,3.0,-2.2739577693557367,-2.232287562949556,0.21164760269417557,SIGNAL_EXIT,1
2024-03-22 20:00:00,2024-03-23 04:00:00,SOLUSDT,172.81,171.89,1.499457604114561,3.0,-1.5971297957294417,-1.5856944098424215,0.20619341405700153,SIGNAL_EXIT,2
2024-03-23 04:00:00,2024-03-23 08:00:00,BNBUSDT,550.3,554.8,0.46080557503051583,3.0,2.4532073414501183,1.869101141215777,0.20452394642154414,SIGNAL_EXIT,1
2024-03-23 08:00:00,2024-03-23 16:00:00,SOLUSDT,175.98,175.16,1.469346121042999,3.0,-1.3978861234231046,-1.4107603525047625,0.20589653324951337,SIGNAL_EXIT,2
2024-03-23 16:00:00,2024-03-24 00:00:00,BNBUSDT,562.2,551.9,0.45101751253830547,3.0,-5.4962646744931,-4.84461363128049,0.19913325213591265,SIGNAL_EXIT,2
2024-03-24 00:00:00,2024-03-24 04:00:00,SOLUSDT,172.65,171.7,1.3803052718446647,3.0,-1.650738488271098,-1.5008887403930382,0.18959873214058315,SIGNAL_EXIT,1
2024-03-24 04:00:00,2024-03-24 08:00:00,BNBUSDT,550.6,552.7,0.42330119291573004,3.0,1.144206320377782,0.7017656496634235,0.18716685545961922,SIGNAL_EXIT,1
2024-03-24 08:00:00,2024-03-24 20:00:00,SOLUSDT,173.54,176.08,1.3519297130486663,3.0,4.39091852022592,3.2434632440447526,0.19043822709888736,SIGNAL_EXIT,3
2024-03-24 20:00:00,2024-03-25 00:00:00,BNBUSDT,563.8,567.8,0.4317031322906023,3.0,2.1284143313231643,1.530715698350726,0.1960968308116832,SIGNAL_EXIT,1
2024-03-25 00:00:00,2024-03-25 20:00:00,SOLUSDT,183.87,192.24,1.3455079851006286,3.0,13.656387665198244,11.05497347124767,0.2069283640445959,SIGNAL_EXIT,5
2024-03-25 20:00:00,2024-03-26 00:00:00,NEARUSDT,7.685,7.46,36.34663055638056,3.0,-8.783344176968107,-8.394908566346093,0.2169166911604792,SIGNAL_EXIT,1
2024-03-26 00:00:00,2024-03-26 04:00:00,SOLUSDT,188.98,191.64,1.3413530566902512,3.0,4.222669065509573,3.3623536109687677,0.2056455198272958,SIGNAL_EXIT,1
2024-03-26 04:00:00,2024-03-27 00:00:00,NEARUSDT,7.86,7.672,33.411008409877844,3.0,-7.175572519083993,-6.4863329862735215,0.20506340521646627,SIGNAL_EXIT,5
2024-03-27 00:00:00,2024-03-27 12:00:00,SOLUSDT,190.46,188.54,1.272100667111202,3.0,-3.024257061850282,-2.6343067686752453,0.19187348782171684,SIGNAL_EXIT,3
2024-03-27 12:00:00,2024-03-27 12:00:00,NEARUSDT,7.732,7.218441785714286,30.167554141616584,3.0,-19.92595244253935,-15.66700542104713,0.1742101867109146,STOP_LOSS,1
2024-03-27 16:00:00,2024-03-28 04:00:00,SOLUSDT,181.11,182.16,1.0255220578883188,3.0,1.7392744740764996,0.9273508823307683,0.14944727845194894,SIGNAL_EXIT,3
2024-03-28 04:00:00,2024-03-28 16:00:00,BNBUSDT,581.8,585.2,0.32263349180802975,3.0,1.753179786868387,0.9459097766224832,0.1510440955248472,SIGNAL_EXIT,3
2024-03-28 16:00:00,2024-03-29 00:00:00,BTCUSDT,71290.38,70780.6,0.0026651810302761414,3.0,-2.1452263264692886,-1.509570475559419,0.15091448994525078,SIGNAL_EXIT,2
2024-03-29 00:00:00,2024-03-29 08:00:00,SOLUSDT,189.64,183.63,0.9745823750972434,3.0,-9.507487871757,-6.000410123565709,0.14317004923128546,SIGNAL_EXIT,2
2024-03-29 08:00:00,2024-03-30 08:00:00,BNBUSDT,606.8,599.2,0.2737446138371475,3.0,-3.757415952537859,-2.211681283251271,0.13122221808897502,SIGNAL_EXIT,6
2024-03-30 08:00:00,2024-03-31 04:00:00,SOLUSDT,195.76,194.3,0.81138774752443,3.0,-2.2374335921536264,-1.3107482228608485,0.12612211147519742,SIGNAL_EXIT,5
2024-03-31 04:00:00,2024-03-31 08:00:00,BNBUSDT,608.6,606.9,0.25252693814097543,3.0,-0.8379888268156648,-0.5519026738458761,0.1226068790062064,SIGNAL_EXIT,1
2024-03-31 08:00:00,2024-04-01 12:00:00,SOLUSDT,196.75,189.82626142857146,0.7708496068643003,3.0,-10.557161735342124,-5.454223155012672,0.11706199919578736,STOP_LOSS,8
2024-04-01 16:00:00,2024-04-02 08:00:00,SOLUSDT,188.08,180.7135225,0.7115444909738243,3.0,-11.750017279880904,-5.34444505211111,0.1028685691034794,STOP_LOSS,5
2024-04-02 12:00:00,2024-04-02 16:00:00,SOLUSDT,179.87,177.43,0.6514928007506663,3.0,-4.0696058264301955,-1.6821179279413767,0.09247549410975259,SIGNAL_EXIT,1
2024-04-02 20:00:00,2024-04-03 00:00:00,SOLUSDT,185.67,181.53,0.6024691751282105,3.0,-6.689287445467744,-2.581715368519603,0.08749298348881925,SIGNAL_EXIT,1
2024-04-03 04:00:00,2024-04-04 04:00:00,SOLUSDT,188.47,181.51,0.5510321890655805,3.0,-11.078686263065753,-3.9151983180062793,0.08001428210983481,SIGNAL_EXIT,6
2024-04-04 04:00:00,2024-04-05 20:00:00,BNBUSDT,576.3,582.5,0.1591207568534207,3.0,3.227485684539326,0.9123984197975216,0.07415027269369405,SIGNAL_EXIT,10
2024-04-05 20:00:00,2024-04-06 04:00:00,NEARUSDT,7.415,7.13,12.675919711898198,3.0,-11.530681051921784,-3.6849405639276553,0.07230344603666733,SIGNAL_EXIT,2
2024-04-06 04:00:00,2024-04-07 04:00:00,BNBUSDT,580.8,590.0,0.14234988106184945,3.0,4.752066115702504,1.2424297619078286,0.06718914386119294,SIGNAL_EXIT,6
2024-04-07 04:00:00,2024-04-08 20:00:00,BTCUSDT,69408.04,71766.0,0.0012402346795811205,3.0,10.191729949441045,2.8532184194532517,0.07120534561185496,SIGNAL_EXIT,10
2024-04-08 20:00:00,2024-04-09 08:00:00,ETHUSDT,3702.8,3607.2706083928574,0.025445055890672426,3.0,-7.739769223869188,-2.50418047044035,0.07342976179466895,STOP_LOSS,4
2024-04-09 12:00:00,2024-04-09 12:00:00,NEARUSDT,7.595,7.246934696428572,11.375666304826996,3.0,-13.748464920530386,-4.025425714388424,0.06595096867155534,STOP_LOSS,1
2024-04-09 16:00:00,2024-04-10 00:00:00,NEARUSDT,7.284,6.891040767857143,10.176306125522503,3.0,-16.184482378206642,-4.054973713437713,0.05610027230173595,STOP_LOSS,3
2024-04-10 04:00:00,2024-04-10 12:00:00,ETHUSDT,3513.01,3421.999348797181,0.017578984413923575,3.0,-7.772023239571125,-1.647999037568963,0.04812421857356982,STOP_LOSS,3
2024-04-10 16:00:00,2024-04-11 12:00:00,BNBUSDT,593.1,592.8,0.0954659321207319,3.0,-0.1517450682853152,-0.07391354328516198,0.04527376364893589,SIGNAL_EXIT,5
2024-04-11 12:00:00,2024-04-11 16:00:00,BTCUSDT,69983.16,70000.0,0.000802762287504761,3.0,0.07218879513298558,-0.03143617117868925,0.04495468810026662,SIGNAL_EXIT,1
2024-04-11 16:00:00,2024-04-12 16:00:00,BNBUSDT,602.7,602.9995419000002,0.09283354392206115,3.0,0.14910000000006074,-0.01697533143620616,0.04478286756636514,STOP_LOSS,7
2024-04-13 04:00:00,2024-04-13 16:00:00,BNBUSDT,583.2,558.0723482142857,0.09547877708353444,3.0,-12.925746803350979,-2.4417847157462016,0.04262725226530912,STOP_LOSS,4
2024-04-22 08:00:00,2024-04-22 20:00:00,BNBUSDT,603.0,596.6,0.07993821736001193,3.0,-3.1840796019900384,-0.549757503485661,0.038152912381586496,SIGNAL_EXIT,3
2024-04-22 20:00:00,2024-04-23 00:00:00,NEARUSDT,7.135,7.026,6.502177047655835,3.0,-4.583041345480027,-0.7452847349439499,0.03654743674946392,SIGNAL_EXIT,1
2024-04-23 00:00:00,2024-04-24 16:00:00,BNBUSDT,604.4,597.0,0.07287826676669812,3.0,-3.6730641958967456,-0.5741058342813394,0.03480666020777502,SIGNAL_EXIT,10
2024-05-05 16:00:00,2024-05-05 20:00:00,NEARUSDT,7.447,7.408,5.655207287845888,3.0,-1.5711024573653698,-0.25406810469667784,0.033515020470689875,SIGNAL_EXIT,1
2024-05-06 08:00:00,2024-05-06 16:00:00,NEARUSDT,7.398,7.276,5.573325382329723,3.0,-4.947283049472826,-0.7123869090296904,0.03244121238546485,SIGNAL_EXIT,2
2024-05-15 16:00:00,2024-05-16 04:00:00,NEARUSDT,7.665,8.172,5.085040687455137,3.0,19.84344422700589,2.54487166654145,0.033243961998306704,SIGNAL_EXIT,3
2024-05-16 04:00:00,2024-05-16 16:00:00,SOLUSDT,163.11,156.80693625000004,0.28491410611275375,3.0,-11.592907393783294,-1.8315729805621042,0.03574120645915866,STOP_LOSS,4
2024-05-16 20:00:00,2024-05-17 04:00:00,NEARUSDT,7.989,8.08,5.113029396208379,3.0,3.417198648141201,0.4322350530378725,0.03305062201709096,SIGNAL_EXIT,2
2024-05-17 04:00:00,2024-05-20 20:00:00,SOLUSDT,162.2,187.25,0.2590980627990968,3.0,46.331689272503105,6.451593583310074,0.038812889807304705,SIGNAL_EXIT,22
2024-05-20 20:00:00,2024-05-23 12:00:00,ETHUSDT,3438.86,3723.384533,0.017763000578961893,3.0,24.821411717836707,5.0010986591155575,0.052910785292301414,STOP_LOSS,17
2024-05-23 16:00:00,2024-05-23 20:00:00,ETHUSDT,3812.96,3646.6378973214287,0.01984184663782838,3.0,-13.086061958051332,-3.3580224777512333,0.0578848239218758,STOP_LOSS,2
2024-05-24 00:00:00,2024-05-28 16:00:00,ETHUSDT,3783.6,3785.4804492000003,0.017277808102584502,3.0,0.1491000000000305,-0.0198338033976252,0.05232384382189039,STOP_LOSS,29
2024-05-28 20:00:00,2024-05-30 04:00:00,ETHUSDT,3840.8,3720.018018928572,0.016848314881624915,3.0,-9.434126828116133,-2.0851136770764636,0.05014082795858168,STOP_LOSS,9
2024-05-30 08:00:00,2024-06-03 04:00:00,ETHUSDT,3720.32,3799.51,0.015625973023412842,3.0,6.385741011525894,1.1899239711143141,0.04749683260974987,SIGNAL_EXIT,23
2024-06-03 04:00:00,2024-06-07 16:00:00,BNBUSDT,608.1,684.681435,0.10056301607026559,3.0,37.78067834237787,7.646177174468259,0.055082904120734,STOP_LOSS,28
2024-06-07 20:00:00,2024-06-10 04:00:00,BNBUSDT,681.3,658.9137160714286,0.122557140269505,3.0,-9.857456595584061,-2.808202604127744,0.0646036645808535,STOP_LOSS,15
2024-06-10 08:00:00,2024-06-10 12:00:00,BNBUSDT,641.0,640.0,0.1163793703113202,3.0,-0.46801872074883,-0.17596560791071614,0.05958623759939594,SIGNAL_EXIT,1
2024-06-10 12:00:00,2024-06-10 20:00:00,BTCUSDT,69473.89,69490.81,0.001063086395324522,3.0,0.07306341994092279,-0.041112365959975944,0.059099787768865,SIGNAL_EXIT,2
2024-06-10 20:00:00,2024-06-10 20:00:00,BNBUSDT,648.5,632.4427678571428,0.11337029283363638,3.0,-7.42817215552375,-1.8777732875673803,0.05736017743398384,STOP_LOSS,1
2024-06-11 00:00:00,2024-06-11 00:00:00,BTCUSDT,69540.0,68867.11949410716,0.0009737614635035224,3.0,-2.902849464593792,-0.7088732238338864,0.05364811765268299,STOP_LOSS,1
2024-06-12 16:00:00,2024-06-12 16:00:00,BTCUSDT,69734.0,68194.92679785714,0.000938250163522207,3.0,-6.621188525580875,-1.4952228045587606,0.05118712097557952,STOP_LOSS,1
2024-07-15 04:00:00,2024-07-16 04:00:00,SOLUSDT,151.4,157.89,0.40151142652275373,3.0,12.859973579920702,2.555093446825722,0.050715711306942066,SIGNAL_EXIT,6
2024-07-16 04:00:00,2024-07-16 20:00:00,NEARUSDT,6.035,6.227,11.311297707048295,3.0,9.544324772162394,2.1154207990958427,0.0563483606574318,SIGNAL_EXIT,4
2024-07-16 20:00:00,2024-07-17 00:00:00,SOLUSDT,161.93,160.62,0.4592956354703683,3.0,-2.4269746186623893,-0.6606949344415839,0.059017651975400445,SIGNAL_EXIT,1
2024-07-17 00:00:00,2024-07-17 12:00:00,NEARUSDT,6.244,6.119,11.565462225309181,3.0,-6.005765534913517,-1.5022980288489811,0.056615250685333504,SIGNAL_EXIT,3
2024-07-17 12:00:00,2024-07-17 16:00:00,SOLUSDT,160.84,158.09,0.41947363399872734,3.0,-5.129321064411838,-1.2066041629355873,0.053051669439087054,SIGNAL_EXIT,1
2024-07-17 16:00:00,2024-07-18 12:00:00,NEARUSDT,6.087,6.082,10.463167261251508,3.0,-0.24642681123705734,-0.10322542293260176,0.050909586626345336,SIGNAL_EXIT,5
2024-07-18 12:00:00,2024-07-18 16:00:00,SOLUSDT,159.44,156.37,0.3959722196033484,3.0,-5.776467636728538,-1.2651692549657771,0.049534540783500475,SIGNAL_EXIT,1
2024-07-18 16:00:00,2024-07-19 00:00:00,NEARUSDT,5.927,6.037,9.986471771420266,3.0,5.567740846971503,1.050281230788981,0.04823066406725132,SIGNAL_EXIT,2
2024-07-19 00:00:00,2024-07-23 04:00:00,SOLUSDT,159.22,175.64763274999999,0.3904469628367668,3.0,30.952705847255345,6.3592544460459335,0.054864867789364245,STOP_LOSS,26
2024-07-23 08:00:00,2024-07-25 00:00:00,SOLUSDT,176.06,168.75862464285717,0.4585415285951695,3.0,-12.441284829846923,-3.409890087277259,0.06190627016588334,STOP_LOSS,11
2024-07-25 04:00:00,2024-07-27 20:00:00,SOLUSDT,170.53,178.64512975,0.41131548087053105,3.0,14.276308714009254,3.27909488948936,0.058783605958639726,STOP_LOSS,17
2024-07-28 00:00:00,2024-07-29 16:00:00,SOLUSDT,183.92,184.01140824,0.4327105124265719,3.0,0.14910000000003445,-0.024145630231072218,0.06369893660149242,STOP_LOSS,11
2024-07-29 20:00:00,2024-07-30 00:00:00,SOLUSDT,186.85,179.55490589285714,0.42348314467405174,3.0,-11.71275478802707,-3.15018017413733,0.060830780951328454,STOP_LOSS,2
2024-07-30 04:00:00,2024-07-30 20:00:00,SOLUSDT,182.58,175.36940785714287,0.380627334379203,3.0,-11.847834608703808,-2.7979487788267963,0.05340031219545885,STOP_LOSS,5
2024-07-31 00:00:00,2024-07-31 20:00:00,SOLUSDT,179.16,172.2080855357143,0.33980642230745867,3.0,-11.640848064778456,-2.4091191130470406,0.04681393075064632,STOP_LOSS,6
2024-08-01 00:00:00,2024-08-01 04:00:00,SOLUSDT,171.7,168.63,0.31125422495149063,3.0,-5.364006988934176,-0.99753991056393,0.041989439962855896,SIGNAL_EXIT,1
2024-08-01 12:00:00,2024-08-01 12:00:00,SOLUSDT,169.69,162.8971851695329,0.2964209690338329,3.0,-12.00921945394621,-2.0521616676991212,0.03862891318466932,STOP_LOSS,1
2024-08-02 00:00:00,2024-08-02 00:00:00,BTCUSDT,65354.02,64078.08045194415,0.0006736753944453818,3.0,-5.857051554238798,-0.8941033392239968,0.03453426089901311,STOP_LOSS,1
2024-08-21 20:00:00,2024-08-22 04:00:00,BNBUSDT,571.8,570.0,0.07212585743957417,3.0,-0.9443861490031242,-0.16271593438367604,0.032889390992445824,SIGNAL_EXIT,2
2024-08-22 08:00:00,2024-08-22 16:00:00,BNBUSDT,576.6,579.8,0.07047347682428934,3.0,1.6649323621227532,0.1928267083475427,0.03268841749017837,SIGNAL_EXIT,2
2024-08-23 16:00:00,2024-08-24 20:00:00,NEARUSDT,4.68,4.973378725000001,8.781128366365833,3.0,18.806328525641096,2.541258742586728,0.03493750159902228,STOP_LOSS,8
2024-08-25 00:00:00,2024-08-25 04:00:00,NEARUSDT,5.038,4.789840160714286,9.633110784173327,3.0,-14.777283006295,-2.4274640727472465,0.03691284872531464,STOP_LOSS,2
2024-08-25 08:00:00,2024-08-27 20:00:00,NEARUSDT,4.827,4.553694910714286,8.517815655102055,3.0,-16.986021708248206,-2.358992395176149,0.031030027039232563,STOP_LOSS,16
2024-09-13 16:00:00,2024-09-16 04:00:00,BNBUSDT,553.7,545.2,0.06101788454711142,3.0,-4.605381975799169,-0.5452655791745152,0.02661356052406812,SIGNAL_EXIT,15
2024-09-16 08:00:00,2024-09-16 12:00:00,BNBUSDT,550.5,547.4,0.058019832345410076,3.0,-1.6893732970027373,-0.20526952525147454,0.02540804498070198,SIGNAL_EXIT,1
2024-09-17 12:00:00,2024-09-17 16:00:00,BNBUSDT,543.0,550.1,0.05751865647793564,3.0,3.92265193370167,0.38306965065053444,0.025312810342809917,SIGNAL_EXIT,1
2024-09-17 16:00:00,2024-09-17 16:00:00,BTCUSDT,61135.49,59698.197466785714,0.0005284322042595398,3.0,-7.052986080005005,-0.784748821554358,0.025237160062155883,STOP_LOSS,1
2024-09-17 20:00:00,2024-09-19 04:00:00,BTCUSDT,59967.98,62117.98,0.0004982002789408891,3.0,10.755739979902607,1.046372843752316,0.02475775597059566,SIGNAL_EXIT,8
2024-09-19 04:00:00,2024-09-19 16:00:00,NEARUSDT,4.531,4.486,7.2636184636941445,3.0,-2.9794747296402515,-0.3529305048087415,0.02606767394250555,SIGNAL_EXIT,3
2024-09-19 16:00:00,2024-09-22 12:00:00,SOLUSDT,142.96,144.86,0.22215201145943797,3.0,3.9871292669278238,0.39634406946892203,0.02574475230401135,SIGNAL_EXIT,17
2024-09-22 12:00:00,2024-09-22 20:00:00,ETHUSDT,2580.59,2578.38,0.012686559055564837,3.0,-0.2569179916220751,-0.05420591162294857,0.02616861611014982,SIGNAL_EXIT,2
2024-09-22 20:00:00,2024-09-23 00:00:00,NEARUSDT,4.587,4.522,7.081311452203197,3.0,-4.251144538914291,-0.4859025967026946,0.025617352309490287,SIGNAL_EXIT,1
2024-09-23 00:00:00,2024-09-23 08:00:00,ETHUSDT,2580.99,2646.47,0.011990545203919836,3.0,7.611032975718622,0.7597548054200169,0.025386094532654183,SIGNAL_EXIT,2
2024-09-23 08:00:00,2024-09-24 12:00:00,NEARUSDT,4.843,5.081516275,6.843349058333402,3.0,14.77490863101385,1.604430454226101,0.02781967169234169,STOP_LOSS,8
2024-09-24 16:00:00,2024-09-26 20:00:00,NEARUSDT,5.234,5.5700324,7.2229146881996495,3.0,19.260550248375985,2.3949478626024114,0.032185495068566355,STOP_LOSS,14
2024-09-27 00:00:00,2024-09-27 16:00:00,NEARUSDT,5.544,5.47,8.07402982950108,3.0,-4.004329004328996,-0.6328101619169754,0.035331954533896724,SIGNAL_EXIT,4
2024-09-27 16:00:00,2024-09-28 00:00:00,SOLUSDT,159.03,157.63,0.26859764786614326,3.0,-2.641011129975487,-0.40990794479911424,0.03387123778651213,SIGNAL_EXIT,2
2024-09-28 00:00:00,2024-09-30 04:00:00,NEARUSDT,5.452,5.342,7.586834120808248,3.0,-6.052824651504053,-0.8669748475875959,0.03242309429868613,SIGNAL_EXIT,13
2024-09-30 04:00:00,2024-09-30 12:00:00,SOLUSDT,156.19,155.6,0.24665678496430635,3.0,-1.1332351623023307,-0.17623133972129842,0.030703836592356853,SIGNAL_EXIT,2
2024-09-30 12:00:00,2024-10-01 12:00:00,NEARUSDT,5.323,5.069063553571429,7.11743134889606,3.0,-14.31165394111808,-1.8362381939145707,0.028862969476588597,STOP_LOSS,7
2024-10-01 16:00:00,2024-10-01 16:00:00,NEARUSDT,5.002,4.685211625,6.444463485836433,3.0,-18.99970261895241,-2.065686055617541,0.024154940192583105,STOP_LOSS,1
2024-10-01 20:00:00,2024-10-02 00:00:00,NEARUSDT,4.855,4.835,5.348247443991745,3.0,-1.2358393408857131,-0.12765196999319744,0.02068702111336007,SIGNAL_EXIT,1
2024-10-02 04:00:00,2024-10-02 08:00:00,NEARUSDT,4.926,4.956,5.180831103554795,3.0,1.8270401948843022,0.13488397394727109,0.020540959159374057,SIGNAL_EXIT,1
2024-10-02 16:00:00,2024-10-02 16:00:00,SOLUSDT,147.46,144.46638610758615,0.17539571652500066,3.0,-6.090357844324959,-0.5453380819032195,0.020271028244093978,STOP_LOSS,1
2024-10-04 16:00:00,2024-10-05 16:00:00,NEARUSDT,4.767,4.658253031274624,5.069660935347692,3.0,-6.843736231930546,-0.5702028699202121,0.018892610735694346,STOP_LOSS,7
2024-10-05 20:00:00,2024-10-07 08:00:00,NEARUSDT,4.722,5.015116025,4.736292233701927,3.0,18.622364993646745,1.3692807087168215,0.019002444064257266,STOP_LOSS,10
2024-10-07 12:00:00,2024-10-08 12:00:00,NEARUSDT,5.109,4.900638,5.161682163154224,3.0,-12.234997064004707,-1.0957348474812818,0.020236428602140633,STOP_LOSS,7
2024-10-08 16:00:00,2024-10-08 20:00:00,NEARUSDT,4.942,4.913,4.650932529686546,3.0,-1.7604208822339082,-0.15315706857558944,0.018280025214680005,SIGNAL_EXIT,1
2024-10-08 20:00:00,2024-10-09 16:00:00,BNBUSDT,585.6,570.8032232142858,0.038353183569614424,3.0,-7.580315976288013,-0.585017192942758,0.01751369664165208,STOP_LOSS,6
2024-10-11 16:00:00,2024-10-11 20:00:00,BNBUSDT,571.9,574.3,0.03607383671510396,3.0,1.2589613568805618,0.07000344457586131,0.01657376354038736,SIGNAL_EXIT,1
2024-10-11 20:00:00,2024-10-12 00:00:00,BTCUSDT,63086.0,62539.99,0.00032940698789534856,3.0,-2.596503186126884,-0.19634039724386412,0.016480887783124176,SIGNAL_EXIT,1
2024-10-12 00:00:00,2024-10-12 12:00:00,BNBUSDT,573.7,576.4,0.03510989182049097,3.0,1.4118877462087842,0.07860683459905843,0.0161898733162648,SIGNAL_EXIT,3
2024-10-12 12:00:00,2024-10-13 12:00:00,BTCUSDT,62936.91,62561.34,0.0003227091532483225,3.0,-1.7902213502379143,-0.13735117033145908,0.01615129364598433,SIGNAL_EXIT,6
2024-10-13 12:00:00,2024-10-13 20:00:00,SOLUSDT,146.47,146.02,0.13544250171534275,3.0,-0.9216904485559949,-0.07677097705228217,0.01582185128037948,SIGNAL_EXIT,2
2024-10-13 20:00:00,2024-10-14 00:00:00,BTCUSDT,62734.31,62870.02,0.00031169096318310396,3.0,0.648975018614212,0.026622766942265962,0.015676813671312805,SIGNAL_EXIT,1
2024-10-14 00:00:00,2024-10-14 04:00:00,SOLUSDT,147.74,152.51,0.13257474612625628,3.0,9.685934750236866,0.6162063593968677,0.016175179625372276,SIGNAL_EXIT,1
2024-10-14 04:00:00,2024-10-20 00:00:00,BTCUSDT,64300.0,68377.99,0.00033253575965981076,3.0,19.026391912908263,1.3378870010561847,0.01819050147892876,SIGNAL_EXIT,35
2024-10-20 00:00:00,2024-10-20 08:00:00,SOLUSDT,159.79,158.78,0.1574595545303453,3.0,-1.8962388134426265,-0.1790352925303099,0.02000114245466258,SIGNAL_EXIT,2
2024-10-20 08:00:00,2024-10-20 12:00:00,BTCUSDT,68378.01,68420.01,0.000359052973524741,3.0,0.18426976742961662,-0.00457290154323489,0.019653126431274013,SIGNAL_EXIT,1
2024-10-20 12:00:00,2024-10-20 16:00:00,SOLUSDT,159.19,160.02,0.1536959137790898,3.0,1.5641686035555233,0.1078920723383025,0.019675536098343965,SIGNAL_EXIT,1
2024-10-20 16:00:00,2024-10-20 20:00:00,ETHUSDT,2706.58,2699.87,0.009137564507422586,3.0,-0.7437430262545393,-0.0810492468741299,0.019736189029324013,SIGNAL_EXIT,1
2024-10-20 20:00:00,2024-10-25 16:00:00,SOLUSDT,160.38,170.07949750000003,0.15224682631830502,3.0,18.143467078189367,1.4560024602843895,0.02071525097294968,STOP_LOSS,30
2024-10-25 20:00:00,2024-10-25 20:00:00,SOLUSDT,167.95,161.02559875,0.16998019453011923,3.0,-12.368683387913048,-1.198908001559482,0.02189693007988314,STOP_LOSS,1
2024-10-26 00:00:00,2024-10-29 12:00:00,SOLUSDT,164.91,180.79,0.1509054116126834,3.0,28.888484627978894,2.374552184917046,0.021825751492365625,SIGNAL_EXIT,21
2024-10-29 12:00:00,2024-10-31 16:00:00,BTCUSDT,71452.02,70224.65120892858,0.0004455057361068951,3.0,-5.15325721122267,-0.5718282246846506,0.025028387943746955,STOP_LOSS,14
2024-10-31 20:00:00,2024-11-03 00:00:00,BTCUSDT,70092.07,68599.27507857143,0.0004272770841453963,3.0,-6.389288780151205,-0.6612857798391061,0.023448718584047967,STOP_LOSS,14
2024-11-03 04:00:00,2024-11-04 20:00:00,BTCUSDT,68379.9,66825.50009517858,0.00040667812791803055,3.0,-6.819547432014747,-0.6538816187494536,0.021741175420714718,STOP_LOSS,11
2024-11-05 00:00:00,2024-11-07 04:00:00,BTCUSDT,67850.01,75048.01,0.0003789917194927667,3.0,31.826082265868493,2.7052283374254067,0.02275405948352828,SIGNAL_EXIT,13
2024-11-07 04:00:00,2024-11-07 12:00:00,ETHUSDT,2852.43,2792.28,0.011803863323235093,3.0,-6.326185042227116,-0.7363701320767488,0.026367753184162308,SIGNAL_EXIT,2
2024-11-07 12:00:00,2024-11-07 20:00:00,BTCUSDT,74745.99,76530.4,0.00041956533064124897,3.0,7.161895909064775,0.7229889695854609,0.025687602064085633,SIGNAL_EXIT,2
2024-11-07 20:00:00,2024-11-08 20:00:00,SOLUSDT,196.99,199.54,0.16974115727832165,3.0,3.8834458601959234,0.40574383064106423,0.02709612041865304,SIGNAL_EXIT,6
2024-11-08 20:00:00,2024-11-09 04:00:00,ETHUSDT,2949.96,2965.5,0.011703261536941538,3.0,1.580360411666595,0.15410386661383096,0.027764817670240104,SIGNAL_EXIT,2
2024-11-09 04:00:00,2024-11-09 08:00:00,BNBUSDT,635.4,628.95,0.05490479086527748,3.0,-3.045325779036795,-0.381761795652809,0.02762589457177302,SIGNAL_EXIT,1
2024-11-09 08:00:00,2024-11-11 04:00:00,ETHUSDT,3030.37,3195.08,0.01110702895925928,3.0,16.305929638954982,1.8010484630098762,0.02839027686972011,SIGNAL_EXIT,11
2024-11-11 04:00:00,2024-11-11 08:00:00,BTCUSDT,81612.23,81109.11,0.0004759115682627829,3.0,-1.8494286946943934,-0.270321239216768,0.030880610992398853,SIGNAL_EXIT,1
2024-11-11 08:00:00,2024-11-11 16:00:00,NEARUSDT,5.192,5.217,7.306755187126698,3.0,1.4445300462249306,0.15217340622917158,0.030495473448991988,SIGNAL_EXIT,2
2024-11-11 16:00:00,2024-11-12 04:00:00,BTCUSDT,84059.53,88047.45,0.0004554248908338153,3.0,14.232485001997983,1.7841188304104314,0.03207920024355665,SIGNAL_EXIT,3
2024-11-12 04:00:00,2024-11-12 08:00:00,NEARUSDT,5.733,5.557,7.587782806554411,3.0,-9.209837781266316,-1.369182021198389,0.03373224724481829,SIGNAL_EXIT,1
2024-11-12 08:00:00,2024-11-12 08:00:00,BTCUSDT,88983.35,85742.11219357143,0.0004415668434829685,3.0,-10.927565009954918,-1.4615118462302281,0.030288699067902304,STOP_LOSS,1
2024-11-12 12:00:00,2024-11-14 20:00:00,BTCUSDT,87155.55,87198.86630835001,0.0003994784960799808,3.0,0.1491000000000387,-0.01056332386279197,0.027867257578191175,STOP_LOSS,15
2024-11-15 00:00:00,2024-11-15 16:00:00,NEARUSDT,5.419,5.355,6.371125164232612,3.0,-3.543089130835902,-0.43504591071445436,0.02729390020357251,SIGNAL_EXIT,4
2024-11-15 16:00:00,2024-11-16 04:00:00,BTCUSDT,88445.4,91252.04,0.00037429217196190465,3.0,9.519907196982544,1.023179442117116,0.02732393939804368,SIGNAL_EXIT,3
2024-11-16 04:00:00,2024-11-17 12:00:00,NEARUSDT,6.133,5.83,5.879224685251843,3.0,-14.821457687917816,-1.8088257835633226,0.027420703932014595,SIGNAL_EXIT,8
2024-11-17 12:00:00,2024-11-18 16:00:00,SOLUSDT,234.81,234.92670057,0.12981154463608907,3.0,0.1491000000000078,-0.009247877050188522,0.02439695830180135,STOP_LOSS,8
2024-11-18 20:00:00,2024-11-20 16:00:00,SOLUSDT,236.29,238.37,0.12816506711912612,3.0,2.64082271784673,0.24214277396843503,0.024440565639348877,SIGNAL_EXIT,11
2024-11-20 16:00:00,2024-11-21 16:00:00,BTCUSDT,94739.98,96672.0,0.00032550565270417664,3.0,6.117860696191842,0.6037096051709501,0.025173825966574533,SIGNAL_EXIT,6
2024-11-21 16:00:00,2024-11-23 08:00:00,SOLUSDT,248.87,258.27,0.1307064094482562,3.0,11.331217101297838,1.2016342133190445,0.027006035494560907,SIGNAL_EXIT,10
2024-11-23 08:00:00,2024-11-23 12:00:00,NEARUSDT,6.387,6.254,5.622595698478371,3.0,-6.247064349459841,-0.7759361986962504,0.028130970798626982,SIGNAL_EXIT,1
2024-11-23 12:00:00,2024-11-23 16:00:00,BNBUSDT,663.02,669.54,0.05049988083584674,3.0,2.9501372507616583,0.30220987087785356,0.027049352171866266,SIGNAL_EXIT,1
2024-11-23 16:00:00,2024-11-23 20:00:00,NEARUSDT,6.466,6.149,5.305904340604125,3.0,-14.707701824930414,-1.7080724806038086,0.02610080463229982,SIGNAL_EXIT,1
2024-11-23 20:00:00,2024-11-24 04:00:00,SOLUSDT,254.38,258.58,0.11435564917068286,3.0,4.953219592735264,0.45663765950682256,0.02365606701004414,SIGNAL_EXIT,2
2024-11-24 04:00:00,2024-11-24 08:00:00,NEARUSDT,6.465,6.468213105,4.696168366581907,3.0,0.14910000000001775,-0.009211372158101276,0.02430065421760923,STOP_LOSS,2
2024-11-24 12:00:00,2024-11-24 16:00:00,NEARUSDT,6.268,6.264,4.827736236821159,3.0,-0.19144862795147863,-0.043503696777240704,0.024192751829958194,STOP_LOSS,2
2024-11-24 20:00:00,2024-11-25 04:00:00,NEARUSDT,6.517,6.8866545,4.61212512646583,3.0,17.016472303206964,1.6794831177557688,0.02540968980539118,STOP_LOSS,3
2024-11-25 08:00:00,2024-11-26 08:00:00,NEARUSDT,6.892,6.269189232142858,5.078924918307177,3.0,-27.110161108117058,-3.1886817213866387,0.025472593126970717,STOP_LOSS,7
2024-11-26 12:00:00,2024-11-27 16:00:00,NEARUSDT,6.129,6.772,4.130005167347344,3.0,31.473323543808164,2.6332186066097236,0.022374715994620972,SIGNAL_EXIT,7
2024-11-27 16:00:00,2024-11-28 20:00:00,ETHUSDT,3552.79,3575.05,0.009318486530925893,3.0,1.8796495148883172,0.18077826596050312,0.02665124421790929,SIGNAL_EXIT,7
2024-11-28 20:00:00,2024-11-29 04:00:00,NEARUSDT,6.89,6.827,4.859361378053129,3.0,-2.743105950653109,-0.33267965491972074,0.02653988810237497,SIGNAL_EXIT,2
2024-11-29 04:00:00,2024-11-29 08:00:00,ETHUSDT,3583.82,3544.5,0.009037119643769832,3.0,-3.2914599505555664,-0.38096520085490504,0.025625656461873734,SIGNAL_EXIT,1
2024-11-29 08:00:00,2024-11-29 16:00:00,NEARUSDT,6.831,6.915,4.562684680333827,3.0,3.6890645586297595,0.35802474149643304,0.025240771651606733,SIGNAL_EXIT,2
2024-11-29 16:00:00,2024-11-29 20:00:00,ETHUSDT,3613.95,3582.78,0.00889631877675814,3.0,-2.587473540032343,-0.3027970986611427,0.02549884238959483,SIGNAL_EXIT,1
2024-11-29 20:00:00,2024-11-30 04:00:00,NEARUSDT,6.953,6.91,4.480175053002279,3.0,-1.8553142528405069,-0.21741393497209527,0.024766407692996602,SIGNAL_EXIT,2
2024-11-30 04:00:00,2024-11-30 16:00:00,ETHUSDT,3657.12,3674.0,0.008315080550160016,3.0,1.3846961543509735,0.11591887493367165,0.02443968475303032,SIGNAL_EXIT,3
2024-11-30 16:00:00,2024-12-01 00:00:00,NEARUSDT,7.135,7.011,4.296520296283845,3.0,-5.213735108619468,-0.5568668397769921,0.02409832303779683,SIGNAL_EXIT,2
2024-12-01 00:00:00,2024-12-02 08:00:00,ETHUSDT,3703.59,3608.5290750000004,0.007802716473052345,3.0,-7.700171320259513,-0.7642585088466843,0.022525063405592675,STOP_LOSS,9
2024-12-02 12:00:00,2024-12-03 00:00:00,ETHUSDT,3588.99,3643.43,0.007374921108078694,3.0,4.550583868999361,0.3799946980735588,0.021496007050245725,SIGNAL_EXIT,3
2024-12-03 00:00:00,2024-12-03 12:00:00,NEARUSDT,7.488,7.058039892857144,3.674751901751571,3.0,-17.225965831043936,-1.6007459578156542,0.020749236415132193,STOP_LOSS,4
2024-12-03 16:00:00,2024-12-03 20:00:00,NEARUSDT,7.077,7.126,3.197114659945378,3.0,2.0771513353115885,0.1384325070839081,0.01822611125341661,SIGNAL_EXIT,1
2024-12-03 20:00:00,2024-12-04 12:00:00,BNBUSDT,690.0,753.0357495000001,0.03329805878032626,3.0,27.406847608695678,2.078908389192493,0.020059702920430435,STOP_LOSS,5
2024-12-04 16:00:00,2024-12-05 00:00:00,BNBUSDT,755.99,714.4360217857144,0.038529087583648064,3.0,-16.489892014822534,-1.6230581205122503,0.022021254445035908,STOP_LOSS,3
2024-12-05 04:00:00,2024-12-05 08:00:00,BTCUSDT,102964.0,102236.1,0.00023482658329885967,3.0,-2.1208383512683877,-0.19013647322547905,0.01920620324224044,SIGNAL_EXIT,1
2024-12-05 08:00:00,2024-12-05 16:00:00,BNBUSDT,729.6,724.26,0.03227892322953456,3.0,-2.1957236842105394,-0.19107211639629373,0.01870266635057816,SIGNAL_EXIT,2
2024-12-05 16:00:00,2024-12-06 08:00:00,NEARUSDT,7.848,7.851900456,2.9192086925719933,3.0,0.1491000000000084,-0.006950823791296934,0.01833706885149216,STOP_LOSS,5
2024-12-06 12:00:00,2024-12-06 16:00:00,NEARUSDT,7.778,7.824,2.932890250397868,3.0,1.7742350218565288,0.11655540486301237,0.018357546655290335,SIGNAL_EXIT,1
2024-12-06 16:00:00,2024-12-07 00:00:00,ETHUSDT,3993.01,3998.87,0.005786776892702435,3.0,0.4402693707253179,0.015398057780897582,0.01851245481033679,SIGNAL_EXIT,2
2024-12-07 00:00:00,2024-12-07 04:00:00,NEARUSDT,8.03,7.878,2.8735335166919884,3.0,-5.678704856787021,-0.45488725217277964,0.01811015763559959,SIGNAL_EXIT,1
2024-12-07 04:00:00,2024-12-07 12:00:00,ETHUSDT,3986.87,3998.29,0.0054289729810356804,3.0,0.859320720264273,0.044633584739151744,0.01736528670427612,SIGNAL_EXIT,2
2024-12-07 12:00:00,2024-12-08 12:00:00,BNBUSDT,746.05,738.29,0.029095484791403052,3.0,-3.1204342872461597,-0.2429656863546034,0.017184724373315967,SIGNAL_EXIT,6
2024-12-08 12:00:00,2024-12-09 08:00:00,ETHUSDT,3971.85,3873.697153928572,0.005260691204309184,3.0,-7.413636925218325,-0.5326544736425384,0.016302659636663646,STOP_LOSS,6
2024-12-09 12:00:00,2024-12-09 20:00:00,ETHUSDT,3850.88,3795.77,0.004990027712110229,3.0,-4.293304387568566,-0.29015322520543263,0.015152797991037316,SIGNAL_EXIT,2
2024-12-09 20:00:00,2024-12-09 20:00:00,BNBUSDT,717.34,694.7445319642858,0.025498346706469065,3.0,-9.449689701834938,-0.5903189475283406,0.01417186955875915,STOP_LOSS,1
2024-12-10 00:00:00,2024-12-10 12:00:00,ETHUSDT,3712.0,3591.7835167857147,0.004438993962188622,3.0,-9.71577181149935,-0.5463953674193626,0.012755124275600322,STOP_LOSS,4
2024-12-10 16:00:00,2024-12-11 16:00:00,ETHUSDT,3567.76,3787.34,0.004143367650119976,3.0,18.463685898154576,0.8972467949845397,0.012553873628804314,SIGNAL_EXIT,6
2024-12-11 16:00:00,2024-12-12 20:00:00,BTCUSDT,100361.64,99481.33,0.00017351902689151486,3.0,-2.631413755295343,-0.16656005742324798,0.01380952286037893,SIGNAL_EXIT,7
2024-12-12 20:00:00,2024-12-13 00:00:00,ETHUSDT,3871.13,3881.6,0.004350137599736759,3.0,0.811390989194354,0.03203754538353243,0.013508395285710564,SIGNAL_EXIT,1
2024-12-13 00:00:00,2024-12-13 04:00:00,BTCUSDT,100004.29,99729.09,0.00016894843248135767,3.0,-0.8255645832793688,-0.05997386736150294,0.013479258742633796,SIGNAL_EXIT,1
2024-12-13 04:00:00,2024-12-13 08:00:00,ETHUSDT,3932.83,3885.64,0.004237945052524236,3.0,-3.599697927446652,-0.21316233007973112,0.013173703051112217,SIGNAL_EXIT,1
2024-12-13 08:00:00,2024-12-13 16:00:00,BTCUSDT,100130.01,99873.16,0.00015967381765380514,3.0,-0.7695495086837342,-0.0537699230550579,0.012757702990679446,SIGNAL_EXIT,2
2024-12-13 16:00:00,2024-12-13 20:00:00,ETHUSDT,3886.2,3917.99,0.004060743920351861,3.0,2.4540682414698134,0.116363085969986,0.01272796325799951,SIGNAL_EXIT,1
2024-12-13 20:00:00,2024-12-18 20:00:00,BTCUSDT,101462.34,101512.76678298,0.00015852313454164715,3.0,0.14910000000002452,-0.004879885886304254,0.012873697589146551,STOP_LOSS,31
2024-12-19 00:00:00,2024-12-19 16:00:00,BTCUSDT,100204.01,97532.03431464286,0.000158836143482015,3.0,-7.999607057712953,-0.43679960309703525,0.01239328975719474,STOP_LOSS,5
2024-12-19 20:00:00,2024-12-19 20:00:00,BTCUSDT,97199.72,95623.50089804457,0.00014972136146524634,3.0,-4.864887785547419,-0.2474471745063177,0.011453504594022751,STOP_LOSS,1
2024-12-20 00:00:00,2024-12-20 08:00:00,BTCUSDT,97461.86,95635.49679830232,0.00014134965065873704,3.0,-5.6217782064625395,-0.268970235786351,0.01081443525041184,STOP_LOSS,3
2024-12-20 16:00:00,2024-12-20 20:00:00,BTCUSDT,96991.63,95631.45701066974,0.00013331309139594659,3.0,-4.207083609163808,-0.1915280061759168,0.010199140135032762,STOP_LOSS,2
2024-12-21 00:00:00,2024-12-22 08:00:00,BTCUSDT,97805.44,96210.25,0.00012595265581637945,3.0,-4.892948694878328,-0.2106127662351369,0.009694349203406259,SIGNAL_EXIT,8
2024-12-22 12:00:00,2024-12-22 12:00:00,BTCUSDT,97101.29,95755.266737466,0.00011988269980572884,3.0,-4.158616005618462,-0.1705484226315753,0.009183519917684103,STOP_LOSS,1
2024-12-24 16:00:00,2024-12-24 20:00:00,BTCUSDT,98299.99,97581.1,0.00011293583053893537,3.0,-2.1939676697830772,-0.0900047612748575,0.008816322058722325,SIGNAL_EXIT,1
2024-12-24 20:00:00,2024-12-26 12:00:00,BNBUSDT,692.49,696.3,0.015595655640449142,3.0,1.65056535112418,0.050732043972154583,0.00868740401795579,SIGNAL_EXIT,10
2024-12-27 04:00:00,2024-12-27 08:00:00,BNBUSDT,689.15,692.24,0.015815945814777594,3.0,1.3451353116157725,0.040112528303005955,0.008758744264657314,SIGNAL_EXIT,1
2024-12-27 12:00:00,2024-12-27 12:00:00,BNBUSDT,706.03,686.5390016071428,0.015571068412610316,3.0,-8.281942010760366,-0.3120477860148162,0.008552116609560003,STOP_LOSS,1
