entry_time,exit_time,symbol,entry_price,exit_price,units,leverage,gross_ret_pct,net_pnl_usdt,fees_paid_usdt,exit_reason,bars_held
2020-10-15 20:00:00,2020-10-16 04:00:00,BTCUSDT,11520.93,11338.09842530434,2.6018732862711604,3.0,-4.760854584542903,-499.3048264154569,23.60023632792998,STOP_LOSS,3
2020-10-18 08:00:00,2020-10-28 12:00:00,BTCUSDT,11455.4,13146.756241000001,2.478560780106045,3.0,44.29412087749013,4166.061216606546,26.068027523645583,STOP_LOSS,62
2020-10-28 16:00:00,2020-11-02 12:00:00,BTCUSDT,13221.26,13227.83096622,3.053699946375949,3.0,0.14910000000001425,-12.249302176118814,32.315061369772906,STOP_LOSS,30
2020-11-02 16:00:00,2020-11-06 12:00:00,BTCUSDT,13498.6,15572.35,2.979966959997018,3.0,46.08811284133169,6142.582412502208,37.12407079160766,SIGNAL_EXIT,23
2020-11-06 12:00:00,2020-11-07 12:00:00,ETHUSDT,443.39,443.61036483,131.87550698272685,3.0,0.14909999999999599,-17.740349734387298,46.80107341179893,STOP_LOSS,7
2020-11-07 16:00:00,2020-11-07 16:00:00,ETHUSDT,447.88,424.86602928571426,129.0353633473777,3.0,-15.415270193546753,-3013.474267154041,43.858193970271806,STOP_LOSS,1
2020-11-07 20:00:00,2020-11-09 08:00:00,ETHUSDT,431.04,444.8,112.79803826168364,3.0,9.576837416481062,1511.9629525457283,40.13805393503751,SIGNAL_EXIT,9
2020-11-09 08:00:00,2020-11-09 12:00:00,BTCUSDT,15303.27,15802.4,3.446089510107931,3.0,9.784771490014862,1676.4814692805453,43.56518789962366,SIGNAL_EXIT,1
2020-11-09 12:00:00,2020-11-09 12:00:00,ETHUSDT,458.22,436.97605125,125.72353046204677,3.0,-13.908569300772566,-2714.8147753171984,43.95053751241143,STOP_LOSS,1
2020-11-09 16:00:00,2020-11-09 20:00:00,ETHUSDT,437.71,446.55,112.70669089378877,3.0,6.058806058806081,956.0638092461992,40.26333825489711,SIGNAL_EXIT,1
2020-11-09 20:00:00,2020-11-10 12:00:00,NEARUSDT,0.8766,0.8770356702000001,59357.2511816227,3.0,0.14910000000000534,-15.786555763294647,41.646741257043374,STOP_LOSS,5
2020-11-10 16:00:00,2020-11-11 04:00:00,NEARUSDT,0.9023,0.9418401175,57417.43184175913,3.0,13.14644270198381,2227.029568969483,43.26243260191252,STOP_LOSS,4
2020-11-11 08:00:00,2020-11-11 12:00:00,NEARUSDT,0.9479,0.8744,61511.19819145359,3.0,-23.261947462812536,-4564.101380430725,43.02831335888562,SIGNAL_EXIT,1
2020-11-11 12:00:00,2020-11-12 04:00:00,ETHUSDT,460.0,457.88,96.6505047319489,3.0,-1.382608695652177,-240.3025365170639,35.40346648533181,SIGNAL_EXIT,4
2020-11-12 04:00:00,2020-11-15 16:00:00,BTCUSDT,15628.14,16027.19,2.78575637694556,3.0,7.66022060206783,1075.9378048225144,35.71827739761449,SIGNAL_EXIT,21
2020-11-15 16:00:00,2020-11-15 16:00:00,SOLUSDT,2.1965,2.063564289285714,21146.731701289096,3.0,-18.15648222822025,-2846.065920294295,34.910112299109045,STOP_LOSS,1
2020-11-15 20:00:00,2020-11-16 04:00:00,BTCUSDT,15855.29,16006.5,2.3844377408657174,3.0,2.8610640360409514,330.01762863696933,30.533202159333683,SIGNAL_EXIT,2
2020-11-16 04:00:00,2020-11-16 20:00:00,SOLUSDT,2.1591,2.2422,17917.686503805333,3.0,11.54647769904126,1456.8197191231563,32.140029343065855,SIGNAL_EXIT,4
2020-11-16 20:00:00,2020-11-17 04:00:00,BTCUSDT,16778.93,16573.57,2.558039859426784,3.0,-3.671747840893321,-559.2357476702858,33.91668213839997,SIGNAL_EXIT,2
2020-11-17 04:00:00,2020-11-17 08:00:00,SOLUSDT,2.2963,2.2478,17907.65806385313,3.0,-6.336280102774055,-900.7236831336238,32.20226703674325,SIGNAL_EXIT,1
2020-11-17 08:00:00,2020-11-18 12:00:00,BTCUSDT,16750.0,17526.75387475,2.287919680415267,3.0,13.912009697014929,1745.070632780273,32.07984409906805,STOP_LOSS,8
2020-11-18 16:00:00,2020-11-21 04:00:00,BTCUSDT,17873.89,18659.47,2.426415674193351,3.0,13.185378224885602,1869.9231209487043,36.22050438411249,SIGNAL_EXIT,15
2020-11-21 04:00:00,2020-11-21 12:00:00,NEARUSDT,1.0432,1.102,46494.68739130162,3.0,16.909509202454043,2692.8979022043723,40.98971640417151,STOP_LOSS,3
2020-11-21 16:00:00,2020-11-22 00:00:00,NEARUSDT,1.1785,1.0990846107142858,47886.62024629565,3.0,-20.216051578883583,-3845.039746334197,42.10515789745815,STOP_LOSS,3
2020-11-22 04:00:00,2020-11-22 08:00:00,BNBUSDT,30.4753,29.9452,1468.276127888439,3.0,-5.21832434791455,-813.5074332375387,35.17425784387591,SIGNAL_EXIT,1
2020-11-22 08:00:00,2020-11-22 08:00:00,ETHUSDT,542.32,518.0239396428573,77.81419609310578,3.0,-13.440068791751791,-1922.8260980568757,32.24769313623399,STOP_LOSS,1
2020-11-22 12:00:00,2020-11-23 00:00:00,ETHUSDT,523.01,551.0082460000001,69.47295624576458,3.0,16.059872277776776,1914.4967819038297,30.624137412330796,STOP_LOSS,4
2020-11-23 04:00:00,2020-11-24 04:00:00,ETHUSDT,573.79,613.06,73.00823245686995,3.0,20.531901915334867,2831.2265469892745,35.80674159200695,SIGNAL_EXIT,6
2020-11-24 04:00:00,2020-11-24 12:00:00,BNBUSDT,32.8385,32.85482073450001,1518.6615336827765,3.0,0.1491000000000552,-15.130610269814202,39.91628195642278,STOP_LOSS,3
2020-11-24 16:00:00,2020-11-24 20:00:00,BNBUSDT,33.0498,33.0251,1503.227365808587,3.0,-0.22420710564053994,-76.84510319831782,39.71538726285214,SIGNAL_EXIT,1
2020-11-24 20:00:00,2020-11-25 00:00:00,NEARUSDT,1.2707,1.2479,38803.68447696464,3.0,-5.382859841032486,-923.4625003618345,38.73849428704334,SIGNAL_EXIT,1
2020-11-25 00:00:00,2020-11-25 20:00:00,BNBUSDT,33.9451,32.4201,1367.541467054704,3.0,-13.477644785256182,-2120.96940215127,35.46866489284817,SIGNAL_EXIT,5
2020-11-25 20:00:00,2020-11-25 20:00:00,AVAXUSDT,4.2527,3.9602827946428576,9379.208851879011,3.0,-20.628109579124487,-2772.3574964821987,29.715455554766752,STOP_LOSS,1
2020-11-26 00:00:00,2020-11-26 00:00:00,ETHUSDT,569.38,537.9793187500001,55.2896377557489,3.0,-16.54467029927286,-1759.9280369192504,23.79574532301766,STOP_LOSS,1
2020-11-26 04:00:00,2020-11-26 08:00:00,ETHUSDT,532.06,495.19288053571427,49.11043812432862,3.0,-20.787384579343883,-1830.0157007283588,19.455311455325802,STOP_LOSS,2
2020-11-26 12:00:00,2020-11-26 20:00:00,ETHUSDT,512.69,500.16,40.143816662362674,3.0,-7.331915972615047,-519.0646878528834,16.062665073477852,SIGNAL_EXIT,2
2020-11-26 20:00:00,2020-11-27 08:00:00,NEARUSDT,0.9448,0.99600375,20074.417579944504,3.0,16.25859970364098,1011.8901030081307,15.99535615095252,STOP_LOSS,4
2020-11-27 12:00:00,2020-11-28 16:00:00,NEARUSDT,0.9561,1.0298,22951.74161654957,3.0,23.12519610919363,1672.6347943263274,18.9085628133782,SIGNAL_EXIT,7
2020-11-28 16:00:00,2020-12-01 08:00:00,ETHUSDT,533.51,585.7355767500001,50.3696026994495,3.0,29.367159050439582,2606.9789370168464,23.602614630264334,STOP_LOSS,17
2020-12-01 12:00:00,2020-12-01 12:00:00,ETHUSDT,615.81,587.8315708928571,55.88019766966714,3.0,-13.630062409091831,-1589.7186644962794,26.278515502371047,STOP_LOSS,1
2020-12-01 16:00:00,2020-12-02 08:00:00,ETHUSDT,603.81,597.62,48.96185233003589,3.0,-3.0754707606697176,-326.4823316745001,23.408465751580838,SIGNAL_EXIT,4
2020-12-02 08:00:00,2020-12-03 12:00:00,NEARUSDT,1.1645,1.1645,24429.80123895966,3.0,0.0,-22.758802834214823,22.758802834214823,SIGNAL_EXIT,7
2020-12-03 12:00:00,2020-12-04 08:00:00,ETHUSDT,613.62,604.28,46.04840883877009,3.0,-4.566343991395342,-452.35304454858766,22.260905994473593,SIGNAL_EXIT,5
2020-12-04 08:00:00,2020-12-04 16:00:00,NEARUSDT,1.1942,1.1274919357142856,22351.681216900066,3.0,-16.75801313491399,-1511.1984597681314,20.161072257369035,STOP_LOSS,3
2020-12-04 20:00:00,2020-12-04 20:00:00,NEARUSDT,1.1611,1.092975930357143,19021.53270745963,3.0,-17.601602698180287,-1312.4562808030678,16.632061926203612,STOP_LOSS,1
2020-12-05 00:00:00,2020-12-05 00:00:00,NEARUSDT,1.1021,1.0322564321428573,16421.99121258705,3.0,-19.011950237857565,-1160.5318224519547,13.561364846229173,STOP_LOSS,1
2020-12-05 04:00:00,2020-12-07 00:00:00,ETHUSDT,576.0,601.59,25.30630121662026,3.0,13.328125000000016,635.409033934188,12.179214199125267,SIGNAL_EXIT,11
2020-12-07 00:00:00,2020-12-07 12:00:00,BTCUSDT,19358.67,19103.79,0.8473962751596649,3.0,-3.949858125584001,-228.93514700263913,12.950784389945964,SIGNAL_EXIT,3
2020-12-07 12:00:00,2020-12-07 16:00:00,ETHUSDT,590.61,594.41,26.520301033301568,3.0,1.9302077513079468,88.16599821678092,12.611145709763827,SIGNAL_EXIT,1
2020-12-07 16:00:00,2020-12-07 20:00:00,BTCUSDT,19213.9,18967.01,0.8269976328360715,3.0,-3.8548654880061264,-216.7259834684827,12.548537897582477,SIGNAL_EXIT,1
2020-12-07 20:00:00,2020-12-08 00:00:00,ETHUSDT,587.3,591.27,25.871775448941147,3.0,2.0279243997956895,90.4731847965407,12.237763735756346,SIGNAL_EXIT,1
2020-12-08 00:00:00,2020-12-08 08:00:00,BTCUSDT,19166.9,18778.062734642863,0.8049934707740142,3.0,-6.086074409901529,-325.1044341222573,12.092974316137868,STOP_LOSS,3
2020-12-08 12:00:00,2020-12-08 20:00:00,ETHUSDT,573.71,571.07,25.117623656853088,3.0,-1.3804884000627422,-77.7856635274671,11.475137073375276,SIGNAL_EXIT,2
2020-12-08 20:00:00,2020-12-08 20:00:00,BTCUSDT,18795.74,18371.07056857143,0.7518848086278992,3.0,-6.7781757690078255,-330.3528372827815,11.05034310299197,STOP_LOSS,1
2020-12-09 00:00:00,2020-12-09 04:00:00,ETHUSDT,554.92,537.5439014285714,23.621510042142795,3.0,-9.3938397812812,-420.60776583081247,10.158078932550094,STOP_LOSS,2
2020-12-09 08:00:00,2020-12-09 08:00:00,ETHUSDT,538.43,531.1669931897289,21.93039986382255,3.0,-4.046769390786737,-168.59960720700164,9.318963644092053,STOP_LOSS,1
2020-12-09 12:00:00,2020-12-11 00:00:00,ETHUSDT,561.89,540.9045671428571,20.064873643662352,3.0,-11.20438138629067,-429.7526040705332,8.682545434401046,STOP_LOSS,10
2020-12-11 04:00:00,2020-12-11 12:00:00,ETHUSDT,547.32,538.93,18.155984524078328,3.0,-4.598772199079204,-160.1565539486682,7.827843791649226,SIGNAL_EXIT,2
2020-12-11 16:00:00,2020-12-11 20:00:00,ETHUSDT,554.19,546.24,17.00917330565084,3.0,-4.303578195203834,-142.65580044110794,7.432872661182973,SIGNAL_EXIT,1
2020-12-11 20:00:00,2020-12-17 12:00:00,BTCUSDT,17975.08,22576.085000000003,0.4990754165112886,3.0,76.78972777868027,2287.2347515258666,9.013735219655405,STOP_LOSS,35
2020-12-17 16:00:00,2020-12-17 20:00:00,BTCUSDT,23333.81,22385.77660571429,0.6734266715875152,3.0,-12.188751784886957,-650.4911164920308,12.060143224390272,STOP_LOSS,2
2020-12-18 00:00:00,2020-12-19 16:00:00,BTCUSDT,22797.15,23552.0,0.6015357748604968,3.0,9.933478526921109,442.73538319783364,11.333896455611537,SIGNAL_EXIT,10
2020-12-19 16:00:00,2020-12-20 00:00:00,BNBUSDT,33.8711,33.3018,440.9177231031311,3.0,-5.042351739388431,-262.7611428276005,11.74668306498868,SIGNAL_EXIT,2
2020-12-20 00:00:00,2020-12-20 08:00:00,BTCUSDT,23821.6,23628.89,0.592055514388377,3.0,-2.426915068677156,-125.28670987648472,11.191691698701103,SIGNAL_EXIT,2
2020-12-20 08:00:00,2020-12-20 20:00:00,BNBUSDT,33.6786,33.69533826420001,405.6745576246271,3.0,0.1491000000000694,-4.145185230730915,10.935473155473208,STOP_LOSS,4
2020-12-21 00:00:00,2020-12-21 04:00:00,BNBUSDT,34.3072,35.4734,396.52732353301536,3.0,10.197859341479306,451.17722681730817,11.252937886892854,SIGNAL_EXIT,1
2020-12-21 04:00:00,2020-12-21 04:00:00,NEARUSDT,1.5251,1.4092187107142857,9780.839366823671,3.0,-22.794824461159436,-1144.4429495977702,11.026673473775029,STOP_LOSS,1
2020-12-21 08:00:00,2020-12-21 08:00:00,NEARUSDT,1.3219,1.1821134517857144,8662.058940271188,3.0,-31.724006705715794,-1219.0309488039672,8.191629114764226,STOP_LOSS,1
2020-12-21 12:00:00,2020-12-21 16:00:00,NEARUSDT,1.1976,1.1981952072000002,6486.9135264680735,3.0,0.1491000000000425,-2.3570133208156303,6.218070957547918,STOP_LOSS,2
2020-12-21 20:00:00,2020-12-22 04:00:00,NEARUSDT,1.2998,1.1527,5957.083635815797,3.0,-33.95137713494384,-881.7803870741077,5.493384245603895,SIGNAL_EXIT,2
2020-12-22 04:00:00,2020-12-22 16:00:00,BTCUSDT,22851.19,23342.68,0.22221596924997816,3.0,6.452486719510034,105.06723371779846,4.1496930088736645,SIGNAL_EXIT,3
2020-12-22 16:00:00,2020-12-22 20:00:00,BNBUSDT,33.3302,33.0402,161.36071570284446,3.0,-2.6102453630641205,-51.05971980899685,4.265112255172097,SIGNAL_EXIT,1
2020-12-22 20:00:00,2020-12-23 04:00:00,BTCUSDT,23404.27,23706.72,0.22259400711936317,3.0,3.8768566590626503,63.101978412886155,4.2215790403654,SIGNAL_EXIT,2
2020-12-23 04:00:00,2020-12-23 08:00:00,BNBUSDT,33.8449,31.602389489285716,159.06532823243816,3.0,-19.87753408088917,-360.7271460170946,4.021475565634069,STOP_LOSS,2
2020-12-23 12:00:00,2020-12-27 12:00:00,BTCUSDT,23064.01,26960.39865,0.18597433465764268,3.0,50.68141207881892,720.6171329905098,4.0111537608308465,STOP_LOSS,25
2020-12-27 16:00:00,2020-12-27 20:00:00,ETHUSDT,697.74,663.74289,9.17214269657073,3.0,-14.617383265973006,-316.6966997917433,4.8703556007314,STOP_LOSS,2
2020-12-28 00:00:00,2020-12-29 04:00:00,ETHUSDT,685.1,700.0,7.917644782684057,3.0,6.5245949496423785,113.5390261836892,4.433881078303072,SIGNAL_EXIT,7
2020-12-29 04:00:00,2020-12-29 04:00:00,BNBUSDT,39.5193,37.25328969107143,144.1752977997257,3.0,-17.201799947837422,-330.999514415209,4.2968033081837405,STOP_LOSS,1
2020-12-29 08:00:00,2020-12-30 04:00:00,BNBUSDT,37.9356,37.779,123.67876626426,3.0,-1.2384145762818888,-23.10606288554078,3.737968088557983,SIGNAL_EXIT,5
2020-12-30 04:00:00,2020-12-30 08:00:00,ETHUSDT,734.2,733.24,6.271438650810339,3.0,-0.3922636883683068,-9.699356845834291,3.6787757410561386,SIGNAL_EXIT,1
2020-12-30 08:00:00,2020-12-30 16:00:00,BTCUSDT,28389.02,28153.75,0.160779226923862,3.0,-2.4862076957922508,-41.44775924638323,3.621230528006144,SIGNAL_EXIT,2
2020-12-30 16:00:00,2020-12-31 04:00:00,ETHUSDT,734.05,743.04,6.023811197037282,3.0,3.6741366391935197,50.573316523887954,3.5807461374772656,SIGNAL_EXIT,3
2020-12-31 04:00:00,2020-12-31 12:00:00,BTCUSDT,29024.01,28910.29,0.15646814047503416,3.0,-1.175440609343756,-21.41238838833568,3.6188314535151807,SIGNAL_EXIT,2
2020-12-31 12:00:00,2021-01-01 12:00:00,NEARUSDT,1.2963,1.4218190675,3438.4326677016174,3.0,29.048615482527186,427.67779880804187,3.9110633034024413,STOP_LOSS,7
2021-01-01 16:00:00,2021-01-01 20:00:00,AVAXUSDT,3.6614,3.5712,1562.6452749662276,3.0,-7.390615611514708,-145.41501884672098,4.464415044767514,SIGNAL_EXIT,1
2021-01-01 20:00:00,2021-01-02 00:00:00,BTCUSDT,29029.04,29331.7,0.18151317196721026,3.0,3.127833369618835,50.67750470264333,4.259271924952497,SIGNAL_EXIT,1
2021-01-02 00:00:00,2021-01-02 08:00:00,AVAXUSDT,3.6565,3.6583172805,1479.1243129081686,3.0,0.14910000000000603,-1.6409010562116921,4.328884827135714,STOP_LOSS,3
2021-01-02 12:00:00,2021-01-02 20:00:00,BTCUSDT,29754.99,31587.5475,0.1810701872584372,3.0,18.476472349679824,327.2458791741655,4.575650512687824,STOP_LOSS,3
2021-01-03 00:00:00,2021-01-03 12:00:00,BTCUSDT,32176.45,34413.53,0.1973822554998998,3.0,20.857614808345836,436.1257999968247,5.434096136890774,SIGNAL_EXIT,3
2021-01-03 12:00:00,2021-01-03 12:00:00,SOLUSDT,2.2657,2.0295617982142855,3352.217207263567,3.0,-31.266919952206518,-797.0293689048909,5.442825586542972,STOP_LOSS,1
2021-01-03 16:00:00,2021-01-04 00:00:00,ETHUSDT,917.95,959.07572525,5.651413482002473,3.0,13.44051154746989,228.08237134782797,4.33610678715132,STOP_LOSS,3
2021-01-04 04:00:00,2021-01-04 08:00:00,ETHUSDT,1021.41,1044.3,5.723851275661792,3.0,6.723059300378884,126.23702139015944,4.781934309738888,STOP_LOSS,2
2021-01-04 12:00:00,2021-01-05 04:00:00,ETHUSDT,976.97,1001.75,6.3571815607002415,3.0,7.609240815992294,152.43631377140665,5.094645302745174,STOP_LOSS,5
2021-01-05 08:00:00,2021-01-05 16:00:00,ETHUSDT,1003.52,1052.83,6.593954994460648,3.0,14.74111128826529,319.5940698673998,5.553850909454403,SIGNAL_EXIT,2
2021-01-05 16:00:00,2021-01-05 20:00:00,AVAXUSDT,4.2063,4.1739,1791.8176386593038,3.0,-2.310819485058126,-64.03798560616147,5.983094113600054,SIGNAL_EXIT,1
2021-01-05 20:00:00,2021-01-06 04:00:00,ETHUSDT,1096.36,1075.49,6.679623207491597,3.0,-5.7107154584260345,-145.15083071108901,5.74709437074011,SIGNAL_EXIT,2
2021-01-06 04:00:00,2021-01-06 12:00:00,AVAXUSDT,4.3186,4.69544625,1585.5011066632856,3.0,26.178362200713178,591.5344382363866,5.955708180522379,STOP_LOSS,3
2021-01-06 16:00:00,2021-01-06 20:00:00,AVAXUSDT,4.7382,4.3836,1815.0609685697627,3.0,-22.451563885019603,-649.985820464295,6.36520100945793,SIGNAL_EXIT,1
2021-01-06 20:00:00,2021-01-07 00:00:00,ETHUSDT,1160.78,1208.75,5.709304802914747,3.0,12.397698099553756,268.35445365140197,5.52089774441856,SIGNAL_EXIT,1
2021-01-07 00:00:00,2021-01-07 04:00:00,LINKUSDT,17.295,17.007,428.7806156116169,3.0,-4.995663486556813,-129.3226348399112,5.833817543765416,SIGNAL_EXIT,1
2021-01-07 04:00:00,2021-01-07 20:00:00,ETHUSDT,1213.17,1213.7729454900002,5.775603155839526,3.0,0.14910000000003418,-2.1258428087117376,5.608216683555746,STOP_LOSS,5
2021-01-08 00:00:00,2021-01-08 00:00:00,ETHUSDT,1224.86,1125.5673269642857,5.642331599706041,3.0,-24.31935234289164,-565.3228459659119,5.080659277221801,STOP_LOSS,1
2021-01-08 04:00:00,2021-01-08 08:00:00,BTCUSDT,38347.11,38929.56,0.13559999595976865,3.0,4.556666721429571,74.7571391037944,4.223078542972457,SIGNAL_EXIT,1
2021-01-08 08:00:00,2021-01-08 12:00:00,ETHUSDT,1208.2,1255.24,4.478960667223781,3.0,11.68018539976824,206.1925733158657,4.497736470340783,SIGNAL_EXIT,1
2021-01-08 12:00:00,2021-01-08 16:00:00,SOLUSDT,3.1555,3.3027,1902.2427891772695,3.0,13.994612581207436,274.9841087590419,5.026029807852614,STOP_LOSS,2
2021-01-08 20:00:00,2021-01-09 04:00:00,SOLUSDT,3.2034,3.161,2126.619660540045,3.0,-3.970781045139518,-95.5464694044711,5.3777957975736665,SIGNAL_EXIT,2
2021-01-09 04:00:00,2021-01-09 12:00:00,AVAXUSDT,6.4502,6.453405749400001,1008.6245972995852,3.0,0.14910000000004967,-1.9738533225400596,5.207251020159523,STOP_LOSS,3
2021-01-09 16:00:00,2021-01-09 20:00:00,AVAXUSDT,7.0331,7.036595450700001,921.5204598005841,3.0,0.14910000000003845,-1.9663640038527066,5.187493340127811,STOP_LOSS,2
2021-01-10 00:00:00,2021-01-10 08:00:00,AVAXUSDT,7.1915,7.2299,897.798097417313,3.0,1.601891121462847,29.282654569211065,5.192792371613945,SIGNAL_EXIT,2
2021-01-10 08:00:00,2021-01-10 12:00:00,SOLUSDT,3.733,3.2501,1748.1275052623027,3.0,-38.807929279399936,-848.7160436550482,4.545271363882408,SIGNAL_EXIT,1
2021-01-10 12:00:00,2021-01-10 16:00:00,AVAXUSDT,6.6043,6.6075823371,592.1503840699463,3.0,0.1490999999999964,-1.1865087605380602,3.1301459349500473,STOP_LOSS,2
2021-01-10 20:00:00,2021-01-11 00:00:00,SOLUSDT,3.326,3.3276530220000002,1171.917116589575,3.0,0.14910000000001536,-1.1825820517429286,3.119786827642261,STOP_LOSS,2
2021-01-11 04:00:00,2021-01-11 12:00:00,AVAXUSDT,6.1304,6.3999406675,633.7101511528053,3.0,13.19036282298057,167.5660912490369,3.244565894216329,STOP_LOSS,3
2021-01-11 16:00:00,2021-01-12 08:00:00,AVAXUSDT,6.0225,7.55672788,726.5854869855431,3.0,76.42480099626403,1110.355224291232,4.392487045365624,STOP_LOSS,5
2021-01-12 12:00:00,2021-01-12 20:00:00,AVAXUSDT,7.87,7.6385,977.0183447145192,3.0,-8.824650571791631,-232.15011050229316,5.970363700881484,SIGNAL_EXIT,2
2021-01-12 20:00:00,2021-01-13 08:00:00,SOLUSDT,3.6754,3.4888,1896.7156974326285,3.0,-15.230995265821399,-359.2209585210906,5.293809380162363,SIGNAL_EXIT,3
2021-01-13 08:00:00,2021-01-14 16:00:00,AVAXUSDT,7.6299,9.107648005000001,769.9242321887225,3.0,58.103566429442125,1132.1442390002067,5.6097591178358215,STOP_LOSS,9
2021-01-14 20:00:00,2021-01-15 12:00:00,AVAXUSDT,8.8615,9.361866105,1042.9145166296719,3.0,16.939551035377796,514.0281736830298,7.8109008509182285,STOP_LOSS,5
2021-01-15 16:00:00,2021-01-16 04:00:00,AVAXUSDT,9.1758,9.2808,1171.6712526593428,3.0,3.4329431766167082,114.32624427988475,8.699237249344664,SIGNAL_EXIT,3
2021-01-16 04:00:00,2021-01-16 08:00:00,LINKUSDT,22.162,22.307,498.94331234423555,3.0,1.9628192401407758,63.44283751514365,8.90394277477029,SIGNAL_EXIT,1
2021-01-16 08:00:00,2021-01-16 12:00:00,AVAXUSDT,9.8096,11.35178674,1143.901865708768,3.0,47.1635970885663,1753.7220251325114,10.388264024811242,STOP_LOSS,2
2021-01-16 16:00:00,2021-01-17 00:00:00,AVAXUSDT,12.7273,12.7336254681,1292.0890223989163,3.0,0.1491000000000002,-4.989314252592477,13.16238214613702,STOP_LOSS,3
2021-01-17 04:00:00,2021-01-17 08:00:00,AVAXUSDT,13.5517,12.9709,1208.8742568858172,3.0,-12.857427481422995,-714.6583180781947,12.544149678912198,STOP_LOSS,2
2021-01-17 12:00:00,2021-01-19 16:00:00,AVAXUSDT,13.6326,11.863838223214287,1041.6739264503792,3.0,-38.92350197583101,-1852.3596257355207,9.886600755798174,STOP_LOSS,14
2021-01-19 20:00:00,2021-01-20 00:00:00,AVAXUSDT,11.6422,11.647986173400001,736.5801050943697,3.0,0.14910000000001672,-2.6017596927258655,6.863739903792591,STOP_LOSS,2
2021-01-20 04:00:00,2021-01-20 08:00:00,AVAXUSDT,11.5572,11.562943928400001,739.5418331183924,3.0,0.1491000000000299,-2.593149261005652,6.841024599243299,STOP_LOSS,2
2021-01-20 12:00:00,2021-01-20 20:00:00,AVAXUSDT,11.2387,12.30301775,757.9832872658028,3.0,28.410343278137173,799.2746813703958,7.460385469947617,STOP_LOSS,3
2021-01-21 00:00:00,2021-01-21 16:00:00,AVAXUSDT,12.3723,11.8084,880.1493008417286,3.0,-13.67328629276687,-504.63071474789706,8.314524003247575,SIGNAL_EXIT,4
2021-01-21 20:00:00,2021-01-22 00:00:00,AVAXUSDT,12.0556,11.2633,774.768990563718,3.0,-19.716148511894907,-620.8306356807676,6.981164457133061,SIGNAL_EXIT,1
2021-01-22 16:00:00,2021-01-23 00:00:00,AVAXUSDT,12.5335,12.539729149500001,594.9564285332071,3.0,0.14910000000002596,-2.262401436328159,5.968473975648218,STOP_LOSS,3
2021-01-23 04:00:00,2021-01-23 12:00:00,AVAXUSDT,13.097,12.712,567.187090016756,3.0,-8.818813468733293,-224.13509548708535,5.768065830634401,SIGNAL_EXIT,2
2021-01-23 20:00:00,2021-01-24 16:00:00,AVAXUSDT,13.02,12.6684,517.3024074673277,3.0,-8.101382488479251,-187.12624152051941,5.242715055007276,SIGNAL_EXIT,5
2021-01-25 00:00:00,2021-01-26 04:00:00,AVAXUSDT,12.4683,11.8049,493.39067646189966,3.0,-15.962079834460175,-331.97491684207597,4.6595420772520635,SIGNAL_EXIT,7
2021-01-26 20:00:00,2021-01-27 00:00:00,AVAXUSDT,12.4365,12.1784,412.4980299097683,3.0,-6.22602822337476,-110.48459432567397,4.018852805962498,SIGNAL_EXIT,1
2021-01-27 00:00:00,2021-01-27 04:00:00,SOLUSDT,4.0418,3.8489,1184.257274685699,3.0,-14.31787817309122,-232.08969854650192,3.64647025963023,SIGNAL_EXIT,1
2021-01-28 20:00:00,2021-01-29 08:00:00,AVAXUSDT,12.0676,11.7261,337.8581147405484,3.0,-8.489674831780965,-118.54795261530455,3.169406431407316,SIGNAL_EXIT,3
2021-01-29 08:00:00,2021-01-29 12:00:00,LINKUSDT,22.644,23.584,163.84377261265323,3.0,12.453630100688942,150.9218730292568,3.0912732266374507,SIGNAL_EXIT,1
2021-01-29 12:00:00,2021-01-29 16:00:00,ETHUSDT,1416.83,1319.5088348214285,2.9302839349889527,3.0,-20.606812075952245,-288.2718752897766,3.0932284326025794,STOP_LOSS,2
2021-01-29 20:00:00,2021-01-30 00:00:00,LINKUSDT,22.825,22.779,143.59808544102953,3.0,-0.6046002190580422,-9.222328560896237,2.6168166306089695,SIGNAL_EXIT,1
2021-01-30 00:00:00,2021-01-30 04:00:00,ETHUSDT,1379.56,1342.79,2.350108110540242,3.0,-7.996027718982861,-88.93803656036651,2.5245613358018653,SIGNAL_EXIT,1
2021-01-30 04:00:00,2021-01-30 08:00:00,SOLUSDT,3.8284,3.8361,772.7148840777326,3.0,0.603385226204179,3.578535353950271,2.371369253448472,SIGNAL_EXIT,1
2021-01-30 08:00:00,2021-01-30 12:00:00,AVAXUSDT,12.0949,11.6566,244.88741963893085,3.0,-10.871524361507785,-109.61779978435433,2.283643756610529,SIGNAL_EXIT,1
2021-01-30 12:00:00,2021-01-31 12:00:00,SOLUSDT,3.8873,4.55,675.2279950786904,3.0,51.1434671880225,445.01576243656143,2.457829902086433,STOP_LOSS,7
2021-01-31 16:00:00,2021-02-01 08:00:00,SOLUSDT,4.2266,4.1656,929.9170124337058,3.0,-4.329721288979317,-59.823867604051074,3.0989298455950767,SIGNAL_EXIT,4
2021-02-01 08:00:00,2021-02-02 04:00:00,BNBUSDT,45.6943,50.1874,81.20227498587712,3.0,29.498865285166847,361.5896768945434,3.2602648445009677,SIGNAL_EXIT,5
2021-02-02 04:00:00,2021-02-02 12:00:00,SOLUSDT,4.8039,5.0829391375,994.9535282196323,3.0,17.4257876412915,273.58514378412383,4.045830582865024,STOP_LOSS,3
2021-02-02 16:00:00,2021-02-03 04:00:00,SOLUSDT,5.0523,5.0548109931,1104.3842067662122,3.0,0.14910000000002785,-1.692861620234848,4.465962743174298,STOP_LOSS,4
2021-02-03 08:00:00,2021-02-04 08:00:00,SOLUSDT,5.1862,5.766197710000001,1060.228819482755,3.0,33.550444063090545,610.03949618322,4.890791192781973,STOP_LOSS,7
2021-02-04 12:00:00,2021-02-05 16:00:00,SOLUSDT,5.7627,6.640025,1257.2087940027495,3.0,45.67260138476755,1096.3023869405436,6.678318257918486,STOP_LOSS,8
2021-02-05 20:00:00,2021-02-06 00:00:00,BNBUSDT,62.575,62.606099775000004,166.21177280552794,3.0,0.1491000000000061,-3.155547929030762,8.324696665634011,STOP_LOSS,2
2021-02-06 04:00:00,2021-02-06 12:00:00,BNBUSDT,65.327,71.6174125,158.68294776729246,3.0,28.88734749797175,989.0896284706511,9.091569701572912,STOP_LOSS,3
2021-02-06 16:00:00,2021-02-07 04:00:00,BNBUSDT,71.2631,69.8809,186.64132331252603,3.0,-5.818719645931755,-268.40976800278924,10.434130920216239,SIGNAL_EXIT,3
2021-02-07 04:00:00,2021-02-07 12:00:00,AVAXUSDT,18.6006,22.651970999999996,669.4097237244324,3.0,65.34258572304113,2699.8963820960357,12.130759719139082,STOP_LOSS,3
2021-02-07 16:00:00,2021-02-07 20:00:00,AVAXUSDT,20.7066,22.281267890000002,990.3639810758708,3.0,22.813999739213592,1541.8411082759753,17.653252136766696,STOP_LOSS,2
2021-02-08 00:00:00,2021-02-08 04:00:00,AVAXUSDT,23.7402,23.7644,1055.959626444006,3.0,0.3058103975534775,5.478825402608916,20.07539755733275,STOP_LOSS,2
2021-02-08 08:00:00,2021-02-08 12:00:00,AVAXUSDT,28.3735,29.879163925,881.556589746138,3.0,15.91975531746172,1306.2558159434343,21.072139083351068,STOP_LOSS,2
2021-02-08 16:00:00,2021-02-08 20:00:00,AVAXUSDT,32.1353,32.0358,897.9416037422699,3.0,-0.9288850578647068,-112.35821167568827,23.01302210333329,STOP_LOSS,2
2021-02-09 00:00:00,2021-02-09 12:00:00,AVAXUSDT,30.1757,28.9642,942.3372234492871,3.0,-12.044459614855636,-1163.4767812547527,21.835235045943875,SIGNAL_EXIT,3
2021-02-09 12:00:00,2021-02-09 20:00:00,BNBUSDT,94.5622,107.8399,262.8218988899188,3.0,42.1237027057323,3466.996177055395,22.674149835279167,STOP_LOSS,3
2021-02-10 00:00:00,2021-02-10 04:00:00,BNBUSDT,107.3496,117.2837,327.64336554116875,3.0,27.76191061727291,3224.100176669628,30.741780952896622,SIGNAL_EXIT,1
2021-02-10 04:00:00,2021-02-10 08:00:00,AVAXUSDT,40.4025,43.14,1107.2091286466427,3.0,20.326712455912357,2992.7729882223284,38.212001447852934,SIGNAL_EXIT,1
2021-02-10 08:00:00,2021-02-10 12:00:00,BNBUSDT,142.384,132.9984,376.43128082700935,3.0,-19.77525564670184,-3573.0852357779268,40.05180644795434,SIGNAL_EXIT,1
2021-02-10 12:00:00,2021-02-10 12:00:00,AVAXUSDT,52.4099,45.12722533035715,815.3867345024489,3.0,-41.686826360913784,-5967.633230043207,29.436912719420892,STOP_LOSS,1
2021-02-10 16:00:00,2021-02-10 20:00:00,AVAXUSDT,47.1741,52.8670253325,524.5080973861194,3.0,36.203713473071005,2963.8020884135235,22.18334629729068,STOP_LOSS,2
2021-02-11 00:00:00,2021-02-11 16:00:00,AVAXUSDT,54.8184,45.686617125,612.1070209832624,3.0,-49.97473225230944,-5612.00049116797,22.37207928574932,STOP_LOSS,5
2021-02-11 20:00:00,2021-02-12 08:00:00,AVAXUSDT,47.5828,49.8001875,349.31316982470304,3.0,13.980182965273173,760.6459672718823,13.916689082791642,STOP_LOSS,4
2021-02-12 12:00:00,2021-02-12 20:00:00,AVAXUSDT,49.9476,49.9724239572,377.4752639364312,3.0,0.14909999999999315,-5.720253342213606,15.090683138229847,STOP_LOSS,3
2021-02-13 00:00:00,2021-02-13 08:00:00,AVAXUSDT,48.4208,48.4448651376,387.89959473367287,3.0,0.14909999999998388,-5.698537720792919,15.033394843041982,STOP_LOSS,3
2021-02-13 12:00:00,2021-02-14 00:00:00,AVAXUSDT,46.6286,44.2771,401.26853646871785,3.0,-15.129126759113515,-957.7965691990538,14.213605692863252,SIGNAL_EXIT,3
2021-02-14 00:00:00,2021-02-14 12:00:00,LINKUSDT,34.313,33.94,460.0498513532567,3.0,-3.2611546644129454,-184.0898681187105,12.491273563943626,SIGNAL_EXIT,3
2021-02-14 12:00:00,2021-02-15 00:00:00,BNBUSDT,135.9805,126.41109850000002,111.63975145509635,3.0,-21.112000985435376,-1079.615607928189,11.290002894164564,STOP_LOSS,4
2021-02-15 04:00:00,2021-02-15 16:00:00,BNBUSDT,126.8846,131.4019,93.79347582620353,3.0,10.680492352893904,413.83355560477605,9.859712744933773,SIGNAL_EXIT,3
2021-02-15 16:00:00,2021-02-15 20:00:00,AVAXUSDT,42.3997,41.7889,309.12774472214346,3.0,-4.321728691476624,-199.14971320542202,10.334486729135344,SIGNAL_EXIT,1
2021-02-15 20:00:00,2021-02-17 20:00:00,BNBUSDT,132.4262,160.26174625,94.18279640531799,3.0,63.05900097563774,2609.5544657596624,12.075119534899587,STOP_LOSS,13
2021-02-18 00:00:00,2021-02-18 12:00:00,BNBUSDT,165.3176,185.9207,122.35321228252386,3.0,37.388215168862864,2502.6570720782165,18.198395899852347,STOP_LOSS,4
2021-02-18 16:00:00,2021-02-19 08:00:00,BNBUSDT,195.1701,261.283,141.72127917344235,3.0,101.62350687938373,9339.98126907686,29.623488789019635,STOP_LOSS,5
2021-02-19 12:00:00,2021-02-19 16:00:00,BNBUSDT,265.2304,311.7899,209.48507116749786,3.0,52.66308085347684,9701.267907510473,52.252263512645634,STOP_LOSS,2
2021-02-19 20:00:00,2021-02-20 00:00:00,BNBUSDT,325.013,282.65184602321426,260.0172348712508,3.0,-39.10103962929396,-11073.42560414648,58.795481147368584,STOP_LOSS,2
2021-02-20 04:00:00,2021-02-20 12:00:00,BNBUSDT,286.6911,286.8335854767,178.2840814049792,3.0,0.14910000000001777,-15.507397515234938,40.910289842248034,STOP_LOSS,3
2021-02-20 16:00:00,2021-02-20 20:00:00,BNBUSDT,274.0481,272.395,185.7965423706839,3.0,-1.8096458249482428,-347.6283035202266,40.48803932724995,STOP_LOSS,2
2021-02-21 00:00:00,2021-02-21 04:00:00,BNBUSDT,253.01,268.5526,196.54771179478706,3.0,18.429232046164174,3012.6357461204234,42.226719221232585,STOP_LOSS,2
2021-02-21 08:00:00,2021-02-21 16:00:00,BNBUSDT,256.8822,293.5834882125,228.17620125655912,3.0,42.86161697365563,8320.7695134768,53.59101207358245,STOP_LOSS,3
2021-02-21 20:00:00,2021-02-22 12:00:00,BNBUSDT,298.7703,243.09774844285718,279.0932530775447,3.0,-55.901692595090104,-15592.111074353317,54.27755314299491,STOP_LOSS,5
2021-02-22 16:00:00,2021-02-23 00:00:00,BNBUSDT,262.7483,262.8788859051,138.4367033627683,3.0,0.14910000000002258,-11.035786871013421,29.11366907870347,STOP_LOSS,3
2021-02-23 04:00:00,2021-02-23 08:00:00,BNBUSDT,246.9891,203.77218255000003,146.71220913582093,3.0,-52.49249960828229,-6364.366124779776,23.916693649870627,STOP_LOSS,2
2021-02-23 12:00:00,2021-02-23 16:00:00,SOLUSDT,14.0086,15.071718460000001,1218.64607728424,3.0,22.76712433790675,1280.8714685040952,14.693672463369175,STOP_LOSS,2
2021-02-23 20:00:00,2021-02-24 04:00:00,SOLUSDT,14.2754,15.556629999999998,1461.9621230354385,3.0,26.92527004497245,1854.915167839032,18.194563057661433,STOP_LOSS,3
2021-02-24 08:00:00,2021-02-24 12:00:00,BNBUSDT,253.8284,265.6328,103.88523385952057,3.0,13.95163031402316,1204.2265941323158,22.076260439007406,STOP_LOSS,2
2021-02-24 16:00:00,2021-02-24 20:00:00,BNBUSDT,257.1268,243.9981,116.29368059146675,3.0,-15.317773176502808,-1549.4851940662504,22.700349685059813,SIGNAL_EXIT,1
2021-02-24 20:00:00,2021-02-25 00:00:00,SOLUSDT,17.4232,17.1745,1444.7428901940677,3.0,-4.282221405941556,-379.1577462053794,19.85018941411041,SIGNAL_EXIT,1
2021-02-25 00:00:00,2021-02-26 04:00:00,BNBUSDT,254.3826,209.45617589464285,94.24806633010833,3.0,-52.98289753940381,-4250.021270703453,15.79267164717531,STOP_LOSS,8
2021-02-26 08:00:00,2021-02-26 16:00:00,BNBUSDT,215.1429,231.4852,51.74873119495336,3.0,22.788063189628836,836.110037494958,9.583252312328014,SIGNAL_EXIT,2
2021-02-26 16:00:00,2021-02-26 20:00:00,SOLUSDT,14.4439,14.4510786183,942.084009897497,3.0,0.14910000000002296,-4.128442560069044,10.891304073657638,STOP_LOSS,2
2021-02-27 00:00:00,2021-02-27 08:00:00,BNBUSDT,221.9592,222.06951372240002,61.07270210524466,3.0,0.14910000000001067,-4.112751100323402,10.849908206579741,STOP_LOSS,3
2021-02-27 12:00:00,2021-02-28 04:00:00,BNBUSDT,229.2074,211.5022,58.91636877696077,3.0,-23.17359736203982,-1053.0948457597178,9.968753289870811,SIGNAL_EXIT,4
2021-02-28 12:00:00,2021-02-28 16:00:00,BNBUSDT,216.5469,198.2739,47.57572435197049,3.0,-25.315070315021828,-876.8976306136288,7.54641953007213,SIGNAL_EXIT,1
2021-03-01 00:00:00,2021-03-01 08:00:00,BNBUSDT,210.1177,222.7395,36.40369937729895,3.0,18.02104249189856,452.9933793624312,6.486833437959903,SIGNAL_EXIT,2
2021-03-01 08:00:00,2021-03-01 12:00:00,SOLUSDT,14.5153,14.8334,618.978203375965,3.0,6.574442140362226,189.55172546832844,7.345241025565632,SIGNAL_EXIT,1
2021-03-01 12:00:00,2021-03-01 16:00:00,BNBUSDT,251.6556,256.4935,37.85675249410149,3.0,5.767286720422662,175.37917413453658,7.768008756676657,SIGNAL_EXIT,1
2021-03-01 16:00:00,2021-03-02 04:00:00,SOLUSDT,15.4547,14.3408,648.9751274569679,3.0,-21.62254848039757,-730.3388524805852,7.445458006267909,SIGNAL_EXIT,3
2021-03-02 04:00:00,2021-03-02 08:00:00,BNBUSDT,248.6628,246.3519,31.380968805896014,3.0,-2.7879924138230607,-78.70288984488379,6.184609031338572,SIGNAL_EXIT,1
2021-03-02 08:00:00,2021-03-02 16:00:00,SOLUSDT,14.2929,14.3000035713,528.1385804434207,3.0,0.14910000000000118,-2.290236806725128,6.041906869185782,STOP_LOSS,3
2021-03-02 20:00:00,2021-03-03 08:00:00,SOLUSDT,13.6699,14.1979,549.416668336856,3.0,11.587502468928093,283.85155054955635,6.240450332303879,SIGNAL_EXIT,3
2021-03-03 08:00:00,2021-03-04 16:00:00,BNBUSDT,249.105,225.9107355482143,33.420308668339615,3.0,-27.933117904240024,-781.1994825245854,6.040005210810372,STOP_LOSS,9
2021-03-04 20:00:00,2021-03-05 00:00:00,BNBUSDT,228.715,229.6369,26.005190845216504,3.0,1.209234199768262,19.196784312521814,4.7774011276831185,SIGNAL_EXIT,1
2021-03-05 00:00:00,2021-03-05 00:00:00,NEARUSDT,4.5395,4.166362496428572,1319.7591892236842,3.0,-24.65937902223337,-496.8505253346161,4.39887615223883,STOP_LOSS,1
2021-03-05 04:00:00,2021-03-06 12:00:00,BNBUSDT,221.4153,221.52534340410003,20.266482001574037,3.0,0.14910000000003462,-1.3614388394082542,3.5916315079933607,STOP_LOSS,9
2021-03-06 16:00:00,2021-03-06 20:00:00,BNBUSDT,221.6797,224.285,20.135560627704905,3.0,3.525762620573737,48.84629273105175,3.612883372307836,SIGNAL_EXIT,1
2021-03-06 20:00:00,2021-03-07 08:00:00,SOLUSDT,12.895,12.7578,356.5084571315234,3.0,-3.1919348584722758,-52.55157119395905,3.6386108755140394,SIGNAL_EXIT,3
2021-03-07 08:00:00,2021-03-07 16:00:00,BNBUSDT,230.047,235.3391,19.233231753774273,3.0,6.901328858885364,98.1631206033292,3.6210651608197275,SIGNAL_EXIT,2
2021-03-07 16:00:00,2021-03-08 04:00:00,SOLUSDT,13.5476,13.4398,347.3640474596378,3.0,-2.387138681390045,-41.18064697618712,3.734802660038432,SIGNAL_EXIT,3
2021-03-08 04:00:00,2021-03-08 08:00:00,BNBUSDT,236.7392,232.4395,19.216298990799,3.0,-5.448654046309189,-86.19762231415595,3.5733015434174598,SIGNAL_EXIT,1
2021-03-08 08:00:00,2021-03-08 20:00:00,SOLUSDT,13.3102,13.7138,321.5539251396332,3.0,9.096782918363381,126.2513832114923,3.5277809748639215,SIGNAL_EXIT,3
2021-03-08 20:00:00,2021-03-09 12:00:00,NEARUSDT,4.516,5.343417832499999,1026.1161849989405,3.0,54.96575503764388,844.6404556680794,4.386374016912166,STOP_LOSS,5
2021-03-09 16:00:00,2021-03-09 20:00:00,NEARUSDT,5.5189,5.521642893300001,1295.506536174307,3.0,0.14910000000003584,-2.1692233687728817,5.7226595669524505,STOP_LOSS,2
2021-03-10 00:00:00,2021-03-10 00:00:00,NEARUSDT,5.4216,4.965137533928571,1313.748817133375,3.0,-25.257993917188397,-604.8953797168053,5.218354849682546,STOP_LOSS,1
2021-03-10 04:00:00,2021-03-10 08:00:00,NEARUSDT,4.991,5.8789,1060.367042140349,3.0,53.37006611901424,936.512863273185,4.987033443231119,STOP_LOSS,2
2021-03-10 12:00:00,2021-03-10 16:00:00,NEARUSDT,5.483,5.485725051,1474.9008509379184,3.0,0.1491000000000292,-2.4535403978350727,6.472720436585085,STOP_LOSS,2
2021-03-10 20:00:00,2021-03-11 08:00:00,NEARUSDT,5.4553,5.4580112841,1477.48393630385,3.0,0.14910000000000548,-2.445420492632132,6.4512991971383205,STOP_LOSS,4
2021-03-11 12:00:00,2021-03-11 20:00:00,NEARUSDT,5.4962,5.9760225,1460.928564601693,3.0,26.19023143262618,694.0019626102339,6.984433578361938,STOP_LOSS,3
2021-03-12 00:00:00,2021-03-12 08:00:00,NEARUSDT,6.0826,7.0043,1658.2361780589267,3.0,45.45917864071283,1519.1044583873293,9.291826929582513,STOP_LOSS,3
2021-03-12 12:00:00,2021-03-12 16:00:00,NEARUSDT,6.7519,6.7552556943,2163.933676256853,3.0,0.1490999999999872,-4.432840327904766,11.694340230897309,STOP_LOSS,2
2021-03-12 20:00:00,2021-03-13 00:00:00,NEARUSDT,6.7431,6.7464513207,2159.5868834006305,3.0,0.14910000000000959,-4.418169999558181,11.655638225347666,STOP_LOSS,2
2021-03-13 04:00:00,2021-03-13 12:00:00,NEARUSDT,6.8341,6.837496547700001,2123.778824178138,3.0,0.14910000000001836,-4.403548222145261,11.61706430271711,STOP_LOSS,3
2021-03-13 16:00:00,2021-03-14 00:00:00,NEARUSDT,7.0264,7.0298921208000005,2057.8200762318347,3.0,0.14910000000003076,-4.386846221072729,11.573002511940986,STOP_LOSS,3
2021-03-14 04:00:00,2021-03-15 04:00:00,NEARUSDT,7.0839,6.205895030357143,2033.3250614912108,3.0,-37.18311818247815,-1795.364390404017,10.09488151536715,STOP_LOSS,7
2021-03-15 08:00:00,2021-03-16 00:00:00,NEARUSDT,6.3376,5.681279564285715,1414.9583468395265,3.0,-31.06793276860097,-935.0970978674544,6.431019152171921,STOP_LOSS,5
2021-03-16 04:00:00,2021-03-16 16:00:00,NEARUSDT,5.8046,6.54478807,1056.8192462986965,3.0,38.25524945732696,776.7116718604294,5.533326396257681,STOP_LOSS,4
2021-03-16 20:00:00,2021-03-17 00:00:00,NEARUSDT,6.4139,6.3974,1316.6506176760001,3.0,-0.771761330859527,-28.46324772087001,6.738512529216355,SIGNAL_EXIT,1
2021-03-17 00:00:00,2021-03-17 12:00:00,AVAXUSDT,33.0308,31.3953,252.4697036823785,3.0,-14.854317788246126,-419.25529004294566,6.341089670415502,SIGNAL_EXIT,3
2021-03-17 12:00:00,2021-03-17 16:00:00,NEARUSDT,6.1158,6.1187,1153.5230146218776,3.0,0.142254488374348,-2.3012322732506854,5.646449015653506,SIGNAL_EXIT,1
2021-03-17 16:00:00,2021-03-18 16:00:00,AVAXUSDT,31.6673,33.2916624875,222.02355617420497,3.0,15.388389482210329,354.7335093535861,5.913226637140903,STOP_LOSS,7
2021-03-18 20:00:00,2021-03-19 16:00:00,AVAXUSDT,33.1,36.4067,243.7132205040695,3.0,29.97009063444108,798.7882709568661,7.098235283940406,STOP_LOSS,6
2021-03-19 20:00:00,2021-03-20 20:00:00,AVAXUSDT,38.364,35.22602087678572,271.96595849804834,3.0,-24.53846671265467,-861.0877228172986,7.664222825461832,STOP_LOSS,7
2021-03-21 00:00:00,2021-03-22 04:00:00,AVAXUSDT,34.2453,32.417,228.14565943518056,3.0,-16.01650445462588,-423.0353474188685,5.916638273528199,SIGNAL_EXIT,7
2021-03-22 04:00:00,2021-03-22 20:00:00,SOLUSDT,15.17,15.177539490000001,429.2339760923344,3.0,0.1491000000000194,-1.975567227664082,5.211772498072897,STOP_LOSS,5
2021-03-23 00:00:00,2021-03-24 00:00:00,SOLUSDT,14.7962,13.880704807142859,438.0583083861602,3.0,-18.562100935182173,-405.90472197228075,4.864446453619714,STOP_LOSS,7
2021-03-24 04:00:00,2021-03-24 20:00:00,SOLUSDT,14.33,14.337122010000002,365.6694361926293,3.0,0.1491000000000328,-1.5898164763584695,4.19411785761731,STOP_LOSS,5
2021-03-26 08:00:00,2021-03-26 12:00:00,SOLUSDT,14.0064,13.974,372.5099506763832,3.0,-0.6939684715558408,-16.2336856425159,4.164363240601423,SIGNAL_EXIT,1
2021-03-26 16:00:00,2021-03-27 12:00:00,SOLUSDT,13.9463,15.3789619025,369.54830231648225,3.0,30.818107365394393,524.8911584524095,4.546615409966987,STOP_LOSS,6
2021-03-27 16:00:00,2021-03-28 16:00:00,SOLUSDT,16.0085,18.273538515,418.69086583671725,3.0,42.446922228815886,942.2301660686643,6.12077093019676,STOP_LOSS,7
2021-03-28 20:00:00,2021-03-30 12:00:00,SOLUSDT,18.558,19.796760250000002,511.3190912392162,3.0,20.025222276107375,625.3037961248568,8.097969168408513,STOP_LOSS,11
2021-03-30 16:00:00,2021-03-30 20:00:00,SOLUSDT,19.4248,19.2735,577.9538582745965,3.0,-2.336703595403854,-96.35577370691234,8.911354949964348,SIGNAL_EXIT,1
2021-03-30 20:00:00,2021-03-31 08:00:00,BNBUSDT,311.1759,297.1135030928572,34.928244042256914,3.0,-13.55734512905033,-499.4769533471857,8.302122355421735,STOP_LOSS,4
2021-03-31 12:00:00,2021-03-31 16:00:00,SOLUSDT,19.4406,19.4118,480.46016196742033,3.0,-0.4444307274466897,-21.298529922325226,7.461277257663337,SIGNAL_EXIT,1
2021-03-31 16:00:00,2021-03-31 20:00:00,BNBUSDT,306.5,300.9994,30.19305810854579,3.0,-5.38394779771617,-173.35040933173752,7.270473899869934,SIGNAL_EXIT,1
2021-03-31 20:00:00,2021-04-01 00:00:00,SOLUSDT,19.5147,19.3818,446.225038138957,3.0,-2.043075220218649,-66.22222312403,6.918915555361309,SIGNAL_EXIT,1
2021-04-01 00:00:00,2021-04-02 12:00:00,BNBUSDT,302.4591,338.630081815,28.065086952680428,3.0,35.87689887492227,1007.5388036490526,7.60294615274501,STOP_LOSS,10
2021-04-02 16:00:00,2021-04-02 16:00:00,BNBUSDT,346.8016,326.399215675,33.06267821303148,3.0,-17.649039962618406,-683.1907735055518,8.63330578947871,STOP_LOSS,1
2021-04-02 20:00:00,2021-04-03 00:00:00,BNBUSDT,337.3784,338.2932,27.83443808676923,3.0,0.8134486380870979,17.929983057316843,7.532960904460032,SIGNAL_EXIT,1
2021-04-03 00:00:00,2021-04-03 12:00:00,ETHUSDT,2133.69,2096.44,4.415799545471931,3.0,-5.2374056212476985,-171.89450010811677,7.405967039287341,SIGNAL_EXIT,3
2021-04-03 12:00:00,2021-04-03 12:00:00,SOLUSDT,22.4581,21.281576108928576,392.2262730168957,3.0,-15.71625236869672,-468.14133553518593,6.677754624904371,STOP_LOSS,1
2021-04-03 16:00:00,2021-04-03 20:00:00,BNBUSDT,338.7992,336.4397,21.79525694916509,3.0,-2.0892906476756457,-57.29214053907436,5.866231767520015,SIGNAL_EXIT,1
2021-04-03 20:00:00,2021-04-04 00:00:00,SOLUSDT,22.1594,22.1704132218,324.52230220579355,3.0,0.1490999999999861,-2.1817987384351407,5.755834831673841,STOP_LOSS,2
2021-04-04 04:00:00,2021-04-04 20:00:00,SOLUSDT,22.7778,24.1101,314.66693081826736,3.0,17.54734873429392,413.16143099420043,6.069320934977207,STOP_LOSS,5
2021-04-05 00:00:00,2021-04-05 16:00:00,SOLUSDT,23.7755,24.1023,351.1905671796852,3.0,4.123572585224268,107.99747702845272,6.771600325867942,SIGNAL_EXIT,4
2021-04-05 16:00:00,2021-04-06 12:00:00,BNBUSDT,377.343,377.53053947100005,22.80985796571648,3.0,0.14910000000002896,-2.611385689966629,6.8891343864430645,STOP_LOSS,6
2021-04-06 16:00:00,2021-04-07 08:00:00,BNBUSDT,386.5202,386.7123005394,22.162127041753994,3.0,0.14910000000002357,-2.5989371475575664,6.856293706530508,STOP_LOSS,5
2021-04-07 12:00:00,2021-04-07 16:00:00,SOLUSDT,23.9737,26.1050685725,355.7738425740793,3.0,26.671334493632575,750.8551865345959,7.430000445358528,STOP_LOSS,2
2021-04-07 20:00:00,2021-04-08 16:00:00,SOLUSDT,26.88,26.1586,400.27934374951576,3.0,-8.051339285714276,-297.1381163740252,8.376597793124867,SIGNAL_EXIT,5
2021-04-08 16:00:00,2021-04-09 00:00:00,BNBUSDT,418.2051,418.7047,23.496296500816495,3.0,0.35838874274846483,3.8683419098192724,7.870407821988336,SIGNAL_EXIT,2
2021-04-09 00:00:00,2021-04-10 00:00:00,SOLUSDT,26.9261,27.6194,364.31285087660297,3.0,7.724475508892825,244.5284176299468,8.049681882800998,SIGNAL_EXIT,6
2021-04-10 00:00:00,2021-04-10 16:00:00,BNBUSDT,453.9898,454.2154329306,23.13719990124092,3.0,0.14909999999999984,-3.1869043963601715,8.407418615955185,STOP_LOSS,5
2021-04-10 20:00:00,2021-04-12 08:00:00,BNBUSDT,470.7823,553.9678,22.215351637786885,3.0,53.00889604388269,1838.1498620867117,9.845271578408958,STOP_LOSS,10
2021-04-12 12:00:00,2021-04-13 04:00:00,BNBUSDT,594.1471,550.0963088178572,26.798516414094276,3.0,-22.242366165959307,-1192.2892625174438,11.793411968950418,STOP_LOSS,5
2021-04-13 08:00:00,2021-04-13 16:00:00,BNBUSDT,550.2847,550.5581914959001,22.343089926266405,3.0,0.14910000000004847,-3.730291858823591,9.840936945788398,STOP_LOSS,3
2021-04-13 20:00:00,2021-04-14 08:00:00,BNBUSDT,560.7748,561.0535050756,21.84200632155659,3.0,0.14909999999999313,-3.7161493405693635,9.80362736367419,STOP_LOSS,4
2021-04-14 12:00:00,2021-04-14 12:00:00,BNBUSDT,574.7138,521.2483529,21.23130846075597,3.0,-27.908907233478647,-1143.9948270243956,8.853427652064706,STOP_LOSS,1
2021-04-14 16:00:00,2021-04-14 20:00:00,AVAXUSDT,37.2525,37.2710144925,234.7064612750875,3.0,0.14910000000002532,-2.652727318753855,6.998198335733741,STOP_LOSS,2
2021-04-15 00:00:00,2021-04-15 04:00:00,LINKUSDT,41.436,40.904,210.20936561352553,3.0,-3.8517231392991347,-118.71010561923937,6.87872311284452,SIGNAL_EXIT,1
2021-04-15 04:00:00,2021-04-15 08:00:00,AVAXUSDT,40.1147,38.6936,207.63808988944118,3.0,-10.62777485560153,-301.5019016978408,6.4274121559568655,SIGNAL_EXIT,1
2021-04-15 08:00:00,2021-04-16 08:00:00,LINKUSDT,42.475,39.28002716071429,174.35119879260142,3.0,-22.566023585302254,-562.5261604985265,5.478815859261185,STOP_LOSS,7
2021-04-16 12:00:00,2021-04-17 12:00:00,LINKUSDT,40.874,40.894314378000004,139.23411286906838,3.0,0.149100000000014,-1.72665246773051,4.555106867047695,STOP_LOSS,7
2021-04-17 16:00:00,2021-04-18 00:00:00,LINKUSDT,40.51,36.918610321428574,139.81128339801606,3.0,-26.596319515463524,-506.24611077570734,4.129310632248137,STOP_LOSS,3
2021-04-30 16:00:00,2021-04-30 20:00:00,ETHUSDT,2736.47,2783.87,1.5091939902257057,3.0,5.196475751607007,68.17467523784288,3.361119898855708,SIGNAL_EXIT,1
2021-04-30 20:00:00,2021-05-01 08:00:00,BNBUSDT,625.78,625.9,6.906703789568586,3.0,0.05752820480041127,-2.6295202667645206,3.458324721512782,SIGNAL_EXIT,3
2021-05-01 08:00:00,2021-05-04 00:00:00,ETHUSDT,2858.77,3276.37805,1.5047394841426789,3.0,43.823887546042506,624.447245397379,3.9440763334507167,STOP_LOSS,17
2021-05-04 08:00:00,2021-05-04 12:00:00,ETHUSDT,3314.0,3315.6470580000005,1.8525635107525864,3.0,0.14910000000004256,-1.862677852453968,4.913957403347973,STOP_LOSS,2
2021-05-05 16:00:00,2021-05-06 00:00:00,LINKUSDT,47.118,47.14141764600001,129.7121686855523,3.0,0.14910000000003648,-1.8542987660479278,4.891852414219221,STOP_LOSS,3
2021-05-06 04:00:00,2021-05-07 04:00:00,ETHUSDT,3469.17,3424.0,1.7550306431947433,3.0,-3.9061216371639387,-84.08211409094572,4.807379937839041,SIGNAL_EXIT,6
2021-05-07 12:00:00,2021-05-07 20:00:00,AVAXUSDT,42.2869,39.8221,136.7055608790732,3.0,-17.486266432393982,-341.3069884674462,4.355122012706032,SIGNAL_EXIT,2
2021-05-07 20:00:00,2021-05-08 08:00:00,LINKUSDT,49.951,48.746,94.91810644097103,3.0,-7.237092350503483,-118.07782067462719,3.7015024132572596,SIGNAL_EXIT,3
2021-05-08 08:00:00,2021-05-09 12:00:00,ETHUSDT,3527.87,3778.79079875,1.2397487825918183,3.0,21.337588863818674,307.33095374334346,3.747801033935582,STOP_LOSS,8
2021-05-09 16:00:00,2021-05-10 20:00:00,ETHUSDT,3878.76,3990.18,1.3547483519189243,3.0,8.617702564737154,146.62150954771815,4.324551823087883,SIGNAL_EXIT,7
2021-05-11 20:00:00,2021-05-12 16:00:00,ETHUSDT,4067.0,4188.94,1.386419416217804,3.0,8.994836488812364,164.41388141410133,4.646102199497126,SIGNAL_EXIT,5
2021-06-14 16:00:00,2021-06-14 16:00:00,BTCUSDT,40685.37,39821.24497951515,0.15014220027519457,3.0,-6.371762285692778,-134.52471135958123,4.78307947113756,STOP_LOSS,1
2021-06-15 00:00:00,2021-06-15 00:00:00,BTCUSDT,40516.28,39821.967008333864,0.14045413541689827,3.0,-5.140992645421554,-101.99365891059165,4.474527957404624,STOP_LOSS,1
2021-06-15 04:00:00,2021-06-15 08:00:00,BTCUSDT,40403.13,39825.156705735295,0.13294230560781,3.0,-4.2915484092299465,-81.07266084221301,4.235558522922228,STOP_LOSS,2
2021-07-24 08:00:00,2021-07-25 04:00:00,BTCUSDT,33806.49,34160.85,0.1513132763329504,3.0,3.1446032995439688,49.48418049268962,4.135192108654775,SIGNAL_EXIT,5
2021-07-25 04:00:00,2021-07-25 04:00:00,NEARUSDT,2.2161,2.1621619371524186,2370.5727241838663,3.0,-7.301754818949696,-131.9645502725773,4.100449690785659,STOP_LOSS,1
2021-07-25 08:00:00,2021-07-26 04:00:00,BTCUSDT,34695.51,37753.25654275,0.1396503771021966,3.0,26.439270177178535,422.79765256755053,4.217805210424807,STOP_LOSS,6
2021-07-26 08:00:00,2021-07-26 20:00:00,BTCUSDT,38149.99,38168.950545030006,0.1601966273902982,3.0,0.1491000000000612,-1.854214351383586,4.8916297186727125,STOP_LOSS,4
2021-07-27 00:00:00,2021-07-30 04:00:00,BTCUSDT,37241.33,39969.99,0.16340076805746795,3.0,21.98090132656376,440.64023811549043,5.224901652199451,SIGNAL_EXIT,19
2021-07-30 04:00:00,2021-07-30 08:00:00,ETHUSDT,2422.22,2327.45607125,3.0410149935516526,3.0,-11.73682763126384,-293.8407912242127,5.662263047603259,STOP_LOSS,2
2021-07-30 12:00:00,2021-07-30 16:00:00,ETHUSDT,2335.15,2346.64,2.7696343979172857,3.0,1.4761364366314518,26.623631341246114,5.199467890822896,SIGNAL_EXIT,1
2021-07-30 16:00:00,2021-07-31 04:00:00,LINKUSDT,20.483,21.53075535,318.88867516334307,3.0,15.345730849973139,328.62458421774255,5.492731239062048,STOP_LOSS,4
2021-07-31 08:00:00,2021-07-31 12:00:00,LINKUSDT,22.013,21.821,340.45697790887897,3.0,-2.6166356244037634,-71.31102913046455,5.943289371959719,SIGNAL_EXIT,1
2021-07-31 12:00:00,2021-07-31 16:00:00,SOLUSDT,34.636,34.241,209.58393217693336,3.0,-3.4212957616353195,-88.52674394722564,5.7410907373363,SIGNAL_EXIT,1
2021-07-31 16:00:00,2021-07-31 20:00:00,LINKUSDT,21.939,21.606,317.98893976226583,3.0,-4.553534801039223,-111.38669216683682,5.496375226002813,SIGNAL_EXIT,1
2021-07-31 20:00:00,2021-08-01 04:00:00,SOLUSDT,34.377,36.09,192.64072535296555,3.0,14.948948424818925,324.4316395072393,5.561923022390823,SIGNAL_EXIT,2
2021-08-01 04:00:00,2021-08-01 16:00:00,LINKUSDT,23.451,22.866,323.04297044374056,3.0,-7.483689394908543,-194.88949815932176,5.909360449733257,SIGNAL_EXIT,3
2021-08-01 16:00:00,2021-08-01 20:00:00,SOLUSDT,35.48,35.545,196.44145492375392,3.0,0.5496054114994772,7.182685357833087,5.5860092122118665,SIGNAL_EXIT,1
2021-08-01 20:00:00,2021-08-01 20:00:00,LINKUSDT,23.259,21.770438142857145,299.7197195532483,3.0,-19.19981758213408,-451.37136605230177,5.220023691782787,STOP_LOSS,1
2021-08-02 00:00:00,2021-08-02 04:00:00,ETHUSDT,2555.5,2560.17,2.1919073824745094,3.0,0.5482293093328201,5.746883057444307,4.489324418711813,SIGNAL_EXIT,1
2021-08-02 04:00:00,2021-08-02 12:00:00,SOLUSDT,34.813,34.573,160.93118539181825,3.0,-2.068192916439278,-43.07458359207777,4.451099098041066,SIGNAL_EXIT,2
2021-08-02 12:00:00,2021-08-03 04:00:00,LINKUSDT,22.637,22.648250589,241.07645632347996,3.0,0.14909999999999235,-1.655715867466046,4.367967995137831,STOP_LOSS,5
2021-08-03 08:00:00,2021-08-04 08:00:00,LINKUSDT,22.908,22.919385276,237.19931088542495,3.0,0.1490999999999818,-1.648590293267766,4.3491699147078045,STOP_LOSS,7
2021-08-04 12:00:00,2021-08-05 00:00:00,LINKUSDT,23.243,24.198,232.66453756399872,3.0,12.326291786774538,217.6906201896403,4.5040131839789135,SIGNAL_EXIT,3
2021-08-05 00:00:00,2021-08-05 04:00:00,ETHUSDT,2724.55,2712.01,2.2186040508609075,3.0,-1.3807784771797136,-32.63479589537593,4.813501097580232,SIGNAL_EXIT,1
2021-08-05 04:00:00,2021-08-05 16:00:00,SOLUSDT,37.237,36.707,159.23579684895938,3.0,-4.269946558530503,-89.07102704589646,4.676054715947802,SIGNAL_EXIT,3
2021-08-05 16:00:00,2021-08-06 12:00:00,ETHUSDT,2755.19,2736.27,2.0490077073303556,3.0,-2.0601120067944576,-43.25253647815994,4.4853106554694655,SIGNAL_EXIT,5
2021-08-06 12:00:00,2021-08-07 04:00:00,SOLUSDT,36.94,40.071,148.7279165626948,3.0,25.427720628045485,460.8993656821304,4.7677410756669945,SIGNAL_EXIT,4
2021-08-07 04:00:00,2021-08-07 16:00:00,AVAXUSDT,15.319,15.154,447.5933190644789,3.0,-3.2312814152359994,-79.27916097132191,5.42626332568249,SIGNAL_EXIT,3
2021-08-07 16:00:00,2021-08-08 04:00:00,ETHUSDT,3082.97,3119.95,2.1405188977707135,3.0,3.598478090931798,73.81373929148123,5.342649548079789,SIGNAL_EXIT,3
2021-08-08 04:00:00,2021-08-08 08:00:00,AVAXUSDT,15.791,15.707,430.4643297690141,3.0,-1.5958457349122848,-41.56804628274255,5.409042582145524,SIGNAL_EXIT,1
2021-08-08 08:00:00,2021-08-08 16:00:00,ETHUSDT,3137.85,2987.442105,2.1213709853849085,3.0,-14.380027247956386,-324.1409228274709,5.0699784016513725,STOP_LOSS,3
2021-08-08 20:00:00,2021-08-09 12:00:00,ETHUSDT,2984.78,3133.41,1.8979744356639063,3.0,14.93878945851952,277.33823471156285,4.7577056611629125,SIGNAL_EXIT,4
2021-08-09 12:00:00,2021-08-09 20:00:00,AVAXUSDT,15.823,15.830864031,409.1842543719938,3.0,0.1491000000000083,-1.9643545745778974,5.182192235671321,STOP_LOSS,3
2021-08-10 00:00:00,2021-08-10 12:00:00,AVAXUSDT,16.183,16.34,398.5593189790855,3.0,2.910461595501453,57.36384566202183,5.209967417694606,SIGNAL_EXIT,3
2021-08-10 12:00:00,2021-08-10 16:00:00,NEARUSDT,2.8618,2.8045,2306.2706584700522,3.0,-6.006709064225327,-137.3236575796777,5.17434884934341,SIGNAL_EXIT,1
2021-08-10 16:00:00,2021-08-10 20:00:00,BNBUSDT,369.35,371.05,16.712071935995045,3.0,1.3808041153377464,23.449710857710617,4.96081143348077,SIGNAL_EXIT,1
2021-08-10 20:00:00,2021-08-11 04:00:00,AVAXUSDT,16.475,16.802,377.85084267531875,3.0,5.9544764795143825,118.47830566792399,5.078919886904565,SIGNAL_EXIT,2
2021-08-11 04:00:00,2021-08-12 04:00:00,BNBUSDT,379.07,399.6,17.311426926496985,3.0,16.247658743767666,349.86947784112107,5.534116959862557,SIGNAL_EXIT,6
2021-08-12 04:00:00,2021-08-12 04:00:00,NEARUSDT,3.2119,3.0202592339285714,2361.6406766492973,3.0,-17.899757097490134,-458.29284210721534,5.706213648697088,STOP_LOSS,1
2021-08-12 08:00:00,2021-08-12 12:00:00,NEARUSDT,3.1611,3.1626710667,1959.245268094935,3.0,0.14910000000003804,-1.8790536597408787,4.957158657578189,STOP_LOSS,2
2021-08-12 16:00:00,2021-08-13 04:00:00,NEARUSDT,3.1122,3.2559,1982.4702380197164,3.0,13.851937536148057,279.7171933250584,5.163779878374716,STOP_LOSS,4
2021-08-13 08:00:00,2021-08-14 16:00:00,NEARUSDT,3.3673,3.2687,2075.0320688155334,3.0,-8.784486086775777,-210.02428784388198,5.4261258586698675,SIGNAL_EXIT,8
2021-08-14 16:00:00,2021-08-15 04:00:00,AVAXUSDT,18.126,17.06247498214286,349.08993004776994,3.0,-17.60220155341181,-376.03094464616936,4.76507055836646,STOP_LOSS,4
2021-08-15 08:00:00,2021-08-15 12:00:00,BNBUSDT,397.93,403.37,13.015222419664974,3.0,4.10122383333752,66.60284974904123,4.199960213936208,SIGNAL_EXIT,1
2021-08-15 12:00:00,2021-08-15 20:00:00,SOLUSDT,46.768,51.98191,114.6902838911547,3.0,33.445368628121784,593.2153620708467,4.769456012083563,STOP_LOSS,3
2021-08-16 00:00:00,2021-08-16 08:00:00,SOLUSDT,53.515,61.467659999999995,133.10375502456606,3.0,44.58185555451739,1051.9836473468063,6.5452610868586545,STOP_LOSS,3
2021-08-16 12:00:00,2021-08-16 16:00:00,SOLUSDT,61.79,65.325514525,165.8616223956751,3.0,17.16546945298594,577.7381784616163,8.667996658358993,STOP_LOSS,2
2021-08-16 20:00:00,2021-08-17 00:00:00,SOLUSDT,62.91,62.042,190.0464313532112,3.0,-4.139246542679995,-174.39299096979911,9.432688555212744,STOP_LOSS,2
2021-08-17 04:00:00,2021-08-17 16:00:00,SOLUSDT,71.854,64.2065455,158.7158209189191,3.0,-31.92913894842317,-1221.9244945695016,8.152475661920345,STOP_LOSS,4
2021-08-17 20:00:00,2021-08-18 04:00:00,AVAXUSDT,23.325,23.325,329.42983787589054,3.0,0.0,-6.147160774764117,6.147160774764117,SIGNAL_EXIT,2
2021-08-18 04:00:00,2021-08-18 08:00:00,NEARUSDT,4.2667,4.079,1791.4031043682264,3.0,-13.197553144116092,-342.0920693000912,5.845706610174396,SIGNAL_EXIT,1
2021-08-18 08:00:00,2021-08-18 12:00:00,SOLUSDT,67.438,74.412863025,97.86144795772383,3.0,31.027890914617828,676.7444745154438,5.825720417845015,STOP_LOSS,2
2021-08-18 16:00:00,2021-08-18 20:00:00,AVAXUSDT,27.071,26.666,318.00871066157333,3.0,-4.488197702338308,-135.57754404073876,6.784016222801212,STOP_LOSS,2
2021-08-19 00:00:00,2021-08-19 04:00:00,AVAXUSDT,30.037,30.051928389,272.2528044016801,3.0,0.14910000000001375,-2.4810816548174044,6.545377425266972,STOP_LOSS,2
2021-08-19 08:00:00,2021-08-20 16:00:00,AVAXUSDT,33.152,35.48144787500001,245.7352328904061,3.0,21.079704467302186,565.4521825837068,6.975233485481547,STOP_LOSS,9
2021-08-20 20:00:00,2021-08-21 12:00:00,AVAXUSDT,35.757,45.807,274.26076608717693,3.0,84.31915429146746,2746.270248846405,10.050450329724251,STOP_LOSS,5
2021-08-21 16:00:00,2021-08-21 20:00:00,AVAXUSDT,49.045,43.79873891071429,367.0882331406822,3.0,-32.09049499002371,-1938.7031152050213,12.862401344419325,STOP_LOSS,2
2021-08-22 00:00:00,2021-08-23 04:00:00,AVAXUSDT,43.768,49.764,277.39843676488465,3.0,41.09851946627675,1652.2374621965148,11.043564645734177,STOP_LOSS,8
2021-08-23 08:00:00,2021-08-24 16:00:00,AVAXUSDT,49.43,48.422,344.7428798943569,3.0,-6.1177422617843575,-360.85533471770833,13.354511784195642,STOP_LOSS,9
2021-08-24 20:00:00,2021-08-25 00:00:00,AVAXUSDT,52.668,55.594,301.61657662526187,3.0,16.66666666666668,869.115645636793,13.414457568723849,STOP_LOSS,2
2021-08-25 04:00:00,2021-08-26 00:00:00,AVAXUSDT,52.342,45.273808696428574,352.5405528371416,3.0,-40.511585171973316,-2504.592752557252,12.768682837505535,STOP_LOSS,6
2021-08-26 04:00:00,2021-08-26 16:00:00,AVAXUSDT,45.157,44.963,241.02790581867657,3.0,-1.2888367252031503,-55.4292839122823,8.669870183460123,STOP_LOSS,4
2021-08-26 20:00:00,2021-08-27 04:00:00,AVAXUSDT,42.353,42.374049441000004,252.32623355265363,3.0,0.14910000000001694,-3.2423412707377626,8.553667436657168,STOP_LOSS,3
2021-08-27 08:00:00,2021-08-28 00:00:00,AVAXUSDT,46.773,46.79624618100001,227.6138199980403,3.0,0.14910000000002974,-3.230025826083973,8.521177883860894,STOP_LOSS,5
2021-08-28 04:00:00,2021-08-28 12:00:00,AVAXUSDT,46.983,46.619,225.6275517319062,3.0,-2.3242449396590077,-90.54325349776502,8.41482466735179,SIGNAL_EXIT,2
2021-08-28 12:00:00,2021-08-28 20:00:00,SOLUSDT,92.45,93.91,111.39787475382823,3.0,4.7376960519199365,154.2717976060829,8.369099534505608,SIGNAL_EXIT,2
2021-08-28 20:00:00,2021-08-29 04:00:00,AVAXUSDT,49.35,48.949,217.455254454818,3.0,-2.4376899696048833,-95.71493083662985,8.51537380024711,STOP_LOSS,3
2021-08-29 08:00:00,2021-08-29 16:00:00,AVAXUSDT,48.707,47.155,213.80118577313016,3.0,-9.559200936210397,-339.8848762520035,8.065435932105563,SIGNAL_EXIT,2
2021-08-29 16:00:00,2021-08-29 20:00:00,SOLUSDT,92.17,93.91,101.60424778839219,3.0,5.663447976565025,169.15806722395556,7.6333239278463285,SIGNAL_EXIT,1
2021-08-29 20:00:00,2021-08-30 00:00:00,AVAXUSDT,48.592,47.453,202.60238702407437,3.0,-7.032021731972316,-238.45539167758258,7.691272857162722,SIGNAL_EXIT,1
2021-08-30 00:00:00,2021-08-30 20:00:00,SOLUSDT,94.23,109.63,96.64049300354922,3.0,49.02897166507479,1479.787834456274,8.475757798383281,STOP_LOSS,6
2021-08-31 00:00:00,2021-08-31 12:00:00,SOLUSDT,110.26,118.571875,122.48198583406733,3.0,22.615295664792313,1006.4366210332834,11.618334971255043,STOP_LOSS,4
2021-08-31 16:00:00,2021-08-31 16:00:00,SOLUSDT,116.52,106.14661232142858,141.23197421798247,3.0,-26.708001232161227,-1477.0470576649006,11.993036491764945,STOP_LOSS,1
2021-08-31 20:00:00,2021-08-31 20:00:00,SOLUSDT,114.69,103.5052232142857,104.53621184669021,3.0,-29.25654403796571,-1177.8702306823059,8.656035152934022,STOP_LOSS,1
2021-09-01 00:00:00,2021-09-01 20:00:00,SOLUSDT,108.27,114.98,77.85813349658767,3.0,18.592407869215872,515.2663732105538,7.16170255155012,SIGNAL_EXIT,5
2021-09-01 20:00:00,2021-09-02 16:00:00,ETHUSDT,3713.1,3756.31,2.6674681698772797,3.0,3.4911529449785927,107.24542973144398,8.01586988895338,SIGNAL_EXIT,5
2021-09-02 16:00:00,2021-09-03 08:00:00,SOLUSDT,121.87,138.8524085,83.59624148353043,3.0,41.80456675145644,1410.3794903607304,9.286031577228652,STOP_LOSS,5
2021-09-03 12:00:00,2021-09-04 12:00:00,SOLUSDT,139.37,139.43926689,102.8332498540789,3.0,0.149099999999988,-4.348254971270745,11.47119437725517,STOP_LOSS,7
2021-09-04 16:00:00,2021-09-06 00:00:00,SOLUSDT,142.34,141.98,99.88265212036592,3.0,-0.7587466629197983,-47.30282592177274,11.345071158439643,SIGNAL_EXIT,8
2021-09-06 00:00:00,2021-09-06 20:00:00,LINKUSDT,33.623,35.332,413.39332108205167,3.0,15.248490616542277,694.8043754728508,11.68481025637684,SIGNAL_EXIT,5
2021-09-06 20:00:00,2021-09-07 08:00:00,SOLUSDT,162.37,185.427441,98.10011293537343,3.0,42.60166471638846,2247.3852037779743,14.552362322733835,STOP_LOSS,4
2021-09-07 12:00:00,2021-09-07 12:00:00,SOLUSDT,182.84,169.2250667857143,123.65593891358687,3.0,-22.33909409475888,-1700.3078974751606,16.740547616881553,STOP_LOSS,1
2021-09-08 00:00:00,2021-09-08 04:00:00,NEARUSDT,8.6791,8.3579,2011.5157923054667,3.0,-11.102533672846238,-659.5485107609223,13.44963827240789,SIGNAL_EXIT,1
2021-09-09 16:00:00,2021-09-09 20:00:00,NEARUSDT,10.444,9.8228,1477.5068595410708,3.0,-17.84373803140559,-929.4378646508331,11.610603503920025,SIGNAL_EXIT,1
2021-09-10 04:00:00,2021-09-10 08:00:00,NEARUSDT,10.1236,9.2893,1244.7118905383245,3.0,-24.723418546761987,-1047.713132007945,9.250001731822127,SIGNAL_EXIT,1
2021-09-14 16:00:00,2021-09-14 20:00:00,NEARUSDT,9.1452,8.6792,1031.1527461224068,3.0,-15.28670778113112,-487.67684442435916,7.159664731316475,SIGNAL_EXIT,1
2021-09-14 20:00:00,2021-09-15 04:00:00,SOLUSDT,154.2,157.27,51.49994692933145,3.0,5.97276264591444,151.62531975018788,6.479517322860766,SIGNAL_EXIT,2
2021-09-15 04:00:00,2021-09-15 08:00:00,NEARUSDT,8.9442,8.948645267400002,936.1194688008776,3.0,0.1491000000000431,-2.5402994861977213,6.7016008433647825,STOP_LOSS,2
2021-09-15 12:00:00,2021-09-16 00:00:00,NEARUSDT,8.9706,9.2558,930.275581979148,3.0,9.537823556952763,258.4262401951083,6.8883557853460795,SIGNAL_EXIT,3
2021-09-16 00:00:00,2021-09-16 20:00:00,AVAXUSDT,57.899,64.4082425,157.09521286007575,3.0,33.72722758596866,1014.4762548429668,8.094581252384703,STOP_LOSS,6
2021-09-17 00:00:00,2021-09-17 08:00:00,AVAXUSDT,67.593,62.097998785714296,179.0239640408555,3.0,-24.388625512785527,-992.6305237120401,8.893623921298245,STOP_LOSS,3
2021-09-17 12:00:00,2021-09-18 08:00:00,AVAXUSDT,62.15,71.75211015,146.26571773216048,3.0,46.34968696701526,1396.063633721103,8.39589911190943,STOP_LOSS,6
2021-09-18 12:00:00,2021-09-19 16:00:00,AVAXUSDT,71.757,71.792663229,184.56438146578964,3.0,0.1490999999999734,-4.018132984657064,10.6002947861137,STOP_LOSS,8
2021-09-19 20:00:00,2021-09-20 00:00:00,AVAXUSDT,71.852,64.88228037500001,183.45180493802843,3.0,-29.10031575321492,-1288.129862272879,9.522217154631178,STOP_LOSS,2
2021-10-01 12:00:00,2021-10-02 12:00:00,BTCUSDT,47488.07,47683.46,0.19559535065219247,3.0,1.2343521225436163,30.756045100723938,7.461330463207835,SIGNAL_EXIT,6
2021-10-02 12:00:00,2021-10-02 16:00:00,BNBUSDT,425.2,431.9,21.983717273464677,3.0,4.727187206020688,139.69509173988556,7.595813992327515,SIGNAL_EXIT,1
2021-10-02 16:00:00,2021-10-05 00:00:00,SOLUSDT,170.44,167.13,57.16846190960711,3.0,-5.826097160291016,-196.87126095196177,7.64365203116211,SIGNAL_EXIT,14
2021-10-05 00:00:00,2021-10-12 20:00:00,BTCUSDT,49224.93,54864.667368,0.1848119131764536,3.0,34.3712263359237,1034.1789374791615,8.111715313655859,STOP_LOSS,48
2021-10-13 00:00:00,2021-10-13 04:00:00,BTCUSDT,55996.91,56277.79,0.2149793229024689,3.0,1.5047973182805838,50.704543265927036,9.67884895091787,SIGNAL_EXIT,1
2021-10-13 04:00:00,2021-10-13 04:00:00,BNBUSDT,461.1,439.30077321428575,26.361841121692255,3.0,-14.182971233385992,-583.9323748512269,9.26462175048925,STOP_LOSS,1
2021-10-13 08:00:00,2021-10-13 12:00:00,BTCUSDT,54612.6,55210.8,0.1899905184243078,3.0,3.2860548664594127,105.26070530972514,8.39162281169662,SIGNAL_EXIT,1
2021-10-13 12:00:00,2021-10-14 16:00:00,BNBUSDT,461.1,474.3,23.12176573659518,3.0,8.588158750813266,296.4339849319624,8.773322791093676,SIGNAL_EXIT,7
2021-10-14 16:00:00,2021-10-15 00:00:00,ETHUSDT,3808.41,3790.82,3.0219271085393165,3.0,-1.3856176199516088,-62.320163216480054,9.16446537727441,SIGNAL_EXIT,2
2021-10-15 00:00:00,2021-10-15 04:00:00,BNBUSDT,472.7,465.7,23.86540232207354,3.0,-4.442563994076582,-175.9491105436265,8.891294289111718,SIGNAL_EXIT,1
2021-10-15 04:00:00,2021-10-15 08:00:00,ETHUSDT,3820.93,3805.05,2.805944736325747,3.0,-1.2468168744258328,-53.099810428016916,8.541408015165027,SIGNAL_EXIT,1
2021-10-15 08:00:00,2021-10-16 12:00:00,BTCUSDT,59231.5,61597.26,0.17788533576591553,3.0,11.982272945983144,412.0682125196843,8.76579942188832,SIGNAL_EXIT,7
2021-10-16 12:00:00,2021-10-16 16:00:00,ETHUSDT,3956.75,3834.8826060714287,2.9596973631060535,3.0,-9.239961629764682,-369.770678008608,9.080073549608704,STOP_LOSS,2
2021-10-16 20:00:00,2021-10-17 08:00:00,BTCUSDT,60834.34,60329.54,0.17382044547490355,3.0,-2.4893834633530783,-96.13376689020737,8.38920601447681,SIGNAL_EXIT,3
2021-10-17 08:00:00,2021-10-17 12:00:00,ETHUSDT,3877.47,3858.8,2.642180709043675,3.0,-1.4444986034707905,-57.48603137389059,8.156517536046188,SIGNAL_EXIT,1
2021-10-17 12:00:00,2021-10-17 20:00:00,BTCUSDT,60939.9,59227.221777321436,0.1646873412612751,3.0,-8.431314570643693,-289.85960187685816,7.803178947839167,STOP_LOSS,3
2021-10-18 00:00:00,2021-10-18 20:00:00,BTCUSDT,61528.32,61434.64,0.14837481431004565,3.0,-0.4567652749173078,-21.19203524632872,7.292282641763602,SIGNAL_EXIT,5
2021-10-18 20:00:00,2021-10-19 16:00:00,BNBUSDT,479.5,483.8,18.790645249168858,3.0,2.690302398331603,73.52704323418799,7.272731337238315,SIGNAL_EXIT,5
2021-10-19 16:00:00,2021-10-20 16:00:00,BTCUSDT,62395.99,66875.84,0.1474450387562467,3.0,21.53912454951031,652.6432482156463,7.888408656525242,SIGNAL_EXIT,6
2021-10-20 16:00:00,2021-10-20 20:00:00,ETHUSDT,4081.0,4100.93,2.724975954784342,3.0,1.4650820877236186,45.36882226504972,8.939948513803003,SIGNAL_EXIT,1
2021-10-20 20:00:00,2021-10-21 00:00:00,NEARUSDT,8.8323,8.7477,1270.3701001300738,3.0,-2.8735436975646214,-116.36356369093053,8.890253219926278,SIGNAL_EXIT,1
2021-10-21 00:00:00,2021-10-21 04:00:00,ETHUSDT,4161.37,4185.82,2.606004686258133,3.0,1.7626406688181884,54.99020135034446,8.726613228666414,SIGNAL_EXIT,1
2021-10-21 04:00:00,2021-10-21 12:00:00,SOLUSDT,184.2,184.2915474,59.52671169500592,3.0,0.1491000000000399,-3.3267001616962126,8.776215847925055,STOP_LOSS,3
2021-10-21 16:00:00,2021-10-22 04:00:00,NEARUSDT,9.2837,9.3535,1174.9394662911031,3.0,2.2555662074388687,73.21893770875681,8.791837038363067,SIGNAL_EXIT,3
2021-10-22 04:00:00,2021-10-22 16:00:00,SOLUSDT,201.72,201.82025484,54.97982997645087,3.0,0.14909999999998655,-3.364840580009961,8.87683463752575,STOP_LOSS,4
2021-10-22 20:00:00,2021-10-23 08:00:00,SOLUSDT,197.69,201.38,55.887577584982246,3.0,5.599676260812379,197.22144898933337,9.00371229925098,SIGNAL_EXIT,3
2021-10-23 08:00:00,2021-10-24 08:00:00,LINKUSDT,30.082,30.366,385.5155438272407,3.0,2.832258493451222,100.12116244384956,9.365252003086393,SIGNAL_EXIT,6
2021-10-24 08:00:00,2021-10-24 16:00:00,NEARUSDT,9.6022,9.16033885,1234.3241120576565,3.0,-13.804997292287164,-554.445333320263,9.045461693738805,STOP_LOSS,3
2021-10-24 20:00:00,2021-10-26 00:00:00,NEARUSDT,9.2697,12.088639800000001,1095.6222385966464,3.0,91.23077769507105,3077.8974680657716,10.595666079411615,STOP_LOSS,8
2021-10-26 04:00:00,2021-10-26 12:00:00,NEARUSDT,11.9004,12.563970732500001,1625.216754040672,3.0,16.72811163910462,1062.1109313646557,16.335340585388526,STOP_LOSS,3
2021-10-26 16:00:00,2021-10-27 04:00:00,NEARUSDT,12.561,11.466731207142859,1788.6971146257456,3.0,-26.13491265481589,-1973.7238396280907,16.40840721952434,STOP_LOSS,4
2021-10-27 08:00:00,2021-10-27 08:00:00,NEARUSDT,11.4893,10.290758530357145,1434.0603936690213,3.0,-31.295417553102144,-1730.5869071680374,11.806055383357446,STOP_LOSS,1
2021-10-27 12:00:00,2021-10-28 04:00:00,NEARUSDT,10.9612,11.979363959999999,1026.2744524194638,3.0,27.866400394117406,1035.0803683715258,9.835292150705968,STOP_LOSS,5
2021-10-28 08:00:00,2021-10-29 04:00:00,NEARUSDT,11.7041,11.3974,1222.9224745314611,3.0,-7.861347732845782,-386.22083222778036,11.1505092889799,SIGNAL_EXIT,5
2021-10-29 04:00:00,2021-10-29 20:00:00,ETHUSDT,4379.84,4403.96,2.9911417532439337,3.0,1.6521151457587417,61.60804417975043,10.538294908492924,SIGNAL_EXIT,4
2021-10-29 20:00:00,2021-10-30 12:00:00,BNBUSDT,530.4,509.90898749999997,24.930586382648798,3.0,-11.589939196832585,-521.0228212473128,10.16986404812619,STOP_LOSS,5
2021-10-30 16:00:00,2021-11-03 04:00:00,BNBUSDT,521.1,552.2,22.293278901265083,3.0,17.904432930339677,683.4726949419216,9.848278887422865,SIGNAL_EXIT,21
2021-11-03 04:00:00,2021-11-03 20:00:00,SOLUSDT,229.6,234.68,59.12283247508189,3.0,6.637630662020923,289.24403191321494,11.099957060201776,SIGNAL_EXIT,4
2021-11-03 20:00:00,2021-11-04 00:00:00,AVAXUSDT,74.48,75.652,193.0472817884694,3.0,4.720730397422114,214.56788388659655,11.68353036948903,SIGNAL_EXIT,1
2021-11-04 00:00:00,2021-11-04 04:00:00,SOLUSDT,243.37,238.12,61.58048505826278,3.0,-6.471627562969963,-335.0283826375384,11.730836081658827,SIGNAL_EXIT,1
2021-11-04 04:00:00,2021-11-04 12:00:00,AVAXUSDT,78.538,74.8171414107143,177.48763524988678,3.0,-14.21296158274605,-671.0296861156634,10.623294004115248,STOP_LOSS,3
2021-11-04 16:00:00,2021-11-04 20:00:00,SOLUSDT,238.47,240.49,49.851420737878655,3.0,2.541200150962398,91.10885535191343,9.59101453860195,SIGNAL_EXIT,1
2021-11-04 20:00:00,2021-11-05 08:00:00,AVAXUSDT,77.018,78.112,157.45495615150435,3.0,4.261341504583322,162.41642480181977,9.839297227925044,SIGNAL_EXIT,3
2021-11-05 08:00:00,2021-11-06 16:00:00,BNBUSDT,594.7,610.9,21.151322090964822,3.0,8.172187657642475,332.3143437413323,10.337074132296328,SIGNAL_EXIT,8
2021-11-06 16:00:00,2021-11-06 20:00:00,SOLUSDT,253.21,254.28,53.39398350173022,3.0,1.267722443821326,46.269944646995,10.861617699855968,SIGNAL_EXIT,1
2021-11-06 20:00:00,2021-11-07 04:00:00,BNBUSDT,624.4,646.2,21.812292795478356,3.0,10.474055092889206,464.23190005787916,11.276082883550492,SIGNAL_EXIT,2
2021-11-07 04:00:00,2021-11-07 08:00:00,AVAXUSDT,84.869,83.732,176.4094588068405,3.0,-4.019135373340091,-212.3944481072292,11.816893443851495,SIGNAL_EXIT,1
2021-11-07 08:00:00,2021-11-07 20:00:00,BNBUSDT,658.7,655.7,21.70804417089535,3.0,-1.366327614999241,-76.51130416297092,11.387171650284865,SIGNAL_EXIT,3
2021-11-07 20:00:00,2021-11-08 00:00:00,AVAXUSDT,88.313,83.75607001785716,158.77187768850266,3.0,-15.479929281565047,-734.1508165634907,10.638486803635905,STOP_LOSS,2
2021-11-08 04:00:00,2021-11-08 16:00:00,AVAXUSDT,89.565,89.609513805,131.60585559729452,3.0,0.1491000000000276,-3.57623199425447,9.43450938717168,STOP_LOSS,4
2021-11-08 20:00:00,2021-11-09 04:00:00,AVAXUSDT,90.068,89.749,130.37242278776407,3.0,-1.0625305324865744,-50.94943852752031,9.360635658223229,SIGNAL_EXIT,2
2021-11-09 04:00:00,2021-11-09 12:00:00,BTCUSDT,68490.0,66726.08158982142,0.1687229575085689,3.0,-7.72631804721235,-306.62010843217706,9.006577463034192,STOP_LOSS,3
2021-11-09 16:00:00,2021-11-10 12:00:00,AVAXUSDT,88.275,90.546,120.00761641204438,3.0,7.717926932880206,263.8443291632369,8.692967708515978,SIGNAL_EXIT,5
2021-11-10 12:00:00,2021-11-10 20:00:00,LINKUSDT,35.031,35.048410407,323.8106666837044,3.0,0.1490999999999987,-3.441563814171217,9.079239312075803,STOP_LOSS,3
2021-11-11 00:00:00,2021-11-11 04:00:00,LINKUSDT,34.234,34.509,330.08929327210274,3.0,2.4098849097388437,81.6617145126062,9.112841137221595,SIGNAL_EXIT,1
2021-11-11 04:00:00,2021-11-11 08:00:00,AVAXUSDT,87.208,88.755,132.01143046321462,3.0,5.321759471608099,194.84834331798254,9.373339608610092,SIGNAL_EXIT,1
2021-11-11 08:00:00,2021-11-12 00:00:00,LINKUSDT,36.186,34.688,333.5240240695075,3.0,-12.41916763389154,-508.8744131336599,9.255425077538462,SIGNAL_EXIT,4
2021-11-12 00:00:00,2021-11-12 04:00:00,NEARUSDT,12.0465,11.9221,871.86970768068,3.0,-3.0979952683351915,-116.77620590902814,8.315614273551867,SIGNAL_EXIT,1
2021-11-12 04:00:00,2021-11-12 08:00:00,AVAXUSDT,89.519,83.54905957142857,113.07892105075561,3.0,-20.006726265613224,-682.6325324090573,7.55811000891396,STOP_LOSS,2
2021-11-12 12:00:00,2021-11-12 16:00:00,AVAXUSDT,83.127,82.446,96.86573731462342,3.0,-2.4576852286260693,-72.35452117417145,6.388954062913154,SIGNAL_EXIT,1
2021-11-12 16:00:00,2021-11-12 20:00:00,BNBUSDT,613.4,620.2,12.742000413321156,3.0,3.325725464623444,80.3235318855113,6.322070925073426,SIGNAL_EXIT,1
2021-11-12 20:00:00,2021-11-13 00:00:00,LINKUSDT,34.127,34.272,235.41922412621193,3.0,1.2746505699299324,27.681157378896962,6.454630119402829,SIGNAL_EXIT,1
2021-11-13 00:00:00,2021-11-14 12:00:00,AVAXUSDT,84.822,94.826197025,95.46871017714746,3.0,35.38302689750299,947.8454385580209,7.242347776784646,STOP_LOSS,10
2021-11-14 16:00:00,2021-11-15 16:00:00,AVAXUSDT,94.059,94.105747323,115.86803704499161,3.0,0.14910000000001686,-3.306558020455589,8.723078573574389,STOP_LOSS,7
2021-11-15 20:00:00,2021-11-16 00:00:00,AVAXUSDT,96.232,89.92783417857143,112.70831117517226,3.0,-19.65302338544944,-718.6403745557827,8.108491454326177,STOP_LOSS,2
2021-12-27 16:00:00,2021-12-27 20:00:00,NEARUSDT,15.3506,14.9744,564.5329214075241,3.0,-7.352155616067139,-219.14011845617085,6.762833422659863,SIGNAL_EXIT,1
2022-02-05 00:00:00,2022-02-08 08:00:00,BTCUSDT,41571.7,44855.0,0.19205735385766354,3.0,23.693762824229005,623.6901238350389,6.891786085828398,SIGNAL_EXIT,20
2022-02-08 08:00:00,2022-02-08 12:00:00,AVAXUSDT,90.14,86.57,108.76057592248485,3.0,-11.881517639227893,-395.80757848935934,7.53232244608761,SIGNAL_EXIT,1
2022-02-08 12:00:00,2022-02-08 16:00:00,BTCUSDT,43988.3,42631.40468535715,0.19525957235002378,3.0,-9.254019691437408,-271.6061507389495,6.659351878034911,STOP_LOSS,2
2022-02-08 20:00:00,2022-02-09 00:00:00,AVAXUSDT,85.4,86.31,90.8004229625071,3.0,3.1967213114753976,76.35879729116596,6.269587604715191,SIGNAL_EXIT,1
2022-02-09 00:00:00,2022-02-09 04:00:00,BTCUSDT,44043.0,43343.28,0.18083779027467953,3.0,-4.766160343300873,-132.80630099376435,6.27048238276537,SIGNAL_EXIT,1
2022-02-09 04:00:00,2022-02-10 12:00:00,AVAXUSDT,86.55,86.59301535,87.16422430315352,3.0,0.14910000000001583,-2.2888507945640004,6.0382504104430526,STOP_LOSS,9
2022-02-10 16:00:00,2022-02-11 16:00:00,AVAXUSDT,91.79,86.59847857142859,81.75170702451352,3.0,-16.96760462546493,-430.0793975992067,5.6636587591520335,STOP_LOSS,7
2022-02-11 20:00:00,2022-02-11 20:00:00,AVAXUSDT,84.79,80.60806842304665,72.9582803951153,3.0,-14.796314106451328,-309.81135743104375,4.7048208464938215,STOP_LOSS,1
2022-02-12 00:00:00,2022-02-12 00:00:00,AVAXUSDT,81.72,80.61375428774271,64.15314918550226,3.0,-4.06110760740562,-75.10644717844417,4.1373009641799845,STOP_LOSS,1
2022-02-12 04:00:00,2022-02-12 04:00:00,AVAXUSDT,83.12,80.63322348214326,60.212632778316724,3.0,-8.975372417673507,-153.61947221165883,3.88411094020979,STOP_LOSS,1
2022-02-12 12:00:00,2022-02-13 04:00:00,BTCUSDT,42406.48,42229.99,0.1068792460242948,3.0,-1.2485591824646038,-22.473925723479155,3.6108075926508074,SIGNAL_EXIT,4
2022-02-13 04:00:00,2022-02-13 16:00:00,AVAXUSDT,82.09,80.95,54.2057805500433,3.0,-4.166159093677672,-65.3049561754702,3.5103663484208045,SIGNAL_EXIT,3
2022-02-13 16:00:00,2022-02-15 08:00:00,BTCUSDT,42559.97,43691.57,0.09965158067456771,3.0,7.976509381937993,109.28258148121786,3.483147210122818,SIGNAL_EXIT,10
2022-02-15 08:00:00,2022-02-15 12:00:00,BNBUSDT,427.7,428.4,10.639361220816392,3.0,0.4909983633387809,3.8012309769731596,3.6463218775981936,SIGNAL_EXIT,1
2022-02-15 12:00:00,2022-02-15 16:00:00,AVAXUSDT,88.07,88.72,51.64903755622484,3.0,2.2141478369479017,29.906032321955824,3.6658420895906145,SIGNAL_EXIT,1
2022-02-15 16:00:00,2022-02-15 20:00:00,BNBUSDT,432.2,429.4,10.706756377359627,3.0,-1.9435446552522058,-33.65690280735765,3.677984950750579,SIGNAL_EXIT,1
2022-02-15 20:00:00,2022-02-17 12:00:00,AVAXUSDT,90.04,90.08474988000002,50.12491266655009,3.0,0.14910000000003962,-1.3693083494192146,3.6123921762584077,STOP_LOSS,11
2022-02-28 16:00:00,2022-03-02 12:00:00,BTCUSDT,40824.96,44103.29,0.10990564807380758,3.0,24.090629849974146,356.4292227140961,3.877760535709662,SIGNAL_EXIT,11
2022-03-02 12:00:00,2022-03-02 12:00:00,SOLUSDT,104.57,100.78102336200563,52.958643378709766,3.0,-10.870163444566414,-204.92884356226224,4.269781020455899,STOP_LOSS,1
2022-03-02 16:00:00,2022-03-03 08:00:00,BTCUSDT,44126.51,43477.04,0.11127777183915005,3.0,-4.415508953687938,-76.1419969862622,3.8704225098892806,SIGNAL_EXIT,4
2022-03-03 08:00:00,2022-03-04 00:00:00,NEARUSDT,11.387,10.67657609293997,409.7307055150679,3.0,-18.71670959146477,-294.58210549851407,3.4996168440364803,STOP_LOSS,5
2022-03-04 08:00:00,2022-03-04 12:00:00,NEARUSDT,11.131,11.136532107,338.41911035361693,3.0,0.14910000000001367,-1.1428815011391567,3.0150522304603453,STOP_LOSS,2
2022-03-09 04:00:00,2022-03-09 08:00:00,BNBUSDT,398.8,396.1,9.409692358501967,3.0,-2.0310932798395096,-28.387912682517307,2.9817433145621037,SIGNAL_EXIT,1
2022-03-09 08:00:00,2022-03-10 04:00:00,NEARUSDT,11.207,11.212569879,326.4462836408764,3.0,0.14909999999998366,-1.1099751137713836,2.9282414136505452,STOP_LOSS,6
2022-03-17 04:00:00,2022-03-17 12:00:00,NEARUSDT,10.959,10.82,332.2454376386985,3.0,-3.8050917054475595,-49.05803233997945,2.8759165082005747,SIGNAL_EXIT,2
2022-03-17 12:00:00,2022-03-17 12:00:00,LINKUSDT,14.818,14.543639891268358,235.08901961514204,3.0,-5.554597963253653,-67.23428901816466,2.7352400349391592,STOP_LOSS,1
2022-03-17 16:00:00,2022-03-17 20:00:00,NEARUSDT,10.917,10.877,299.8669112461251,3.0,-1.0992030777685944,-14.603998364744031,2.6093219148992826,SIGNAL_EXIT,1
2022-03-17 20:00:00,2022-03-18 20:00:00,ETHUSDT,2828.78,2966.01,1.1384558347641884,3.0,14.553623823697851,153.52895709231447,2.701337112375145,SIGNAL_EXIT,6
2022-03-18 20:00:00,2022-03-20 08:00:00,AVAXUSDT,86.59,86.63303523,42.37537333651481,3.0,0.1491000000000034,-1.1132518310445287,2.9368857689173526,STOP_LOSS,10
2022-03-20 12:00:00,2022-03-21 16:00:00,AVAXUSDT,86.35,86.39291595,42.268735094560746,3.0,0.14910000000002868,-1.1073725007879986,2.9213754226697617,STOP_LOSS,8
2022-03-21 20:00:00,2022-03-22 04:00:00,AVAXUSDT,86.7,87.77,41.897052239237546,3.0,3.702422145328696,41.888002475953584,2.9418434200303034,SIGNAL_EXIT,2
2022-03-22 04:00:00,2022-03-22 12:00:00,ETHUSDT,3006.91,3020.74,1.2463117296274333,3.0,1.3798218104299689,14.224664265423492,3.0118269553238184,SIGNAL_EXIT,2
2022-03-22 12:00:00,2022-03-22 16:00:00,LINKUSDT,15.833,15.516,238.70257060260315,3.0,-6.006442240889285,-78.63168214940123,2.9629672683759924,SIGNAL_EXIT,1
2022-03-22 16:00:00,2022-03-23 00:00:00,ETHUSDT,3002.75,2969.64,1.1771212932209234,3.0,-3.3079676962784244,-41.77098720030539,2.7965011817604664,SIGNAL_EXIT,2
2022-03-23 00:00:00,2022-03-23 04:00:00,LINKUSDT,15.427,15.246,220.34169913926016,3.0,-3.519802942892315,-42.56931118026763,2.6874636360617288,SIGNAL_EXIT,1
2022-03-23 04:00:00,2022-03-23 08:00:00,ETHUSDT,2947.01,2948.95,1.106826121157745,3.0,0.1974883017023627,-0.4639372369449233,2.6111799119905057,SIGNAL_EXIT,1
2022-03-23 08:00:00,2022-03-23 16:00:00,LINKUSDT,15.405,15.797,211.13979634521704,3.0,7.633885102239557,80.09849987703302,2.668300290292315,SIGNAL_EXIT,2
2022-03-23 16:00:00,2022-03-24 12:00:00,NEARUSDT,11.829,12.134,294.4751908104643,3.0,7.735226984529539,86.9564036249562,2.8585295722353394,SIGNAL_EXIT,5
2022-03-24 12:00:00,2022-03-25 00:00:00,SOLUSDT,100.05,102.32,37.28625443632289,3.0,6.8065967016491635,81.58769392731317,3.0521036431396467,SIGNAL_EXIT,3
2022-03-25 00:00:00,2022-03-25 04:00:00,NEARUSDT,12.887,12.574,307.6165413644006,3.0,-7.2864126639248985,-99.37835375995034,3.0943763128927784,SIGNAL_EXIT,1
2022-03-25 04:00:00,2022-03-25 16:00:00,SOLUSDT,103.5,100.24,35.31380397862085,3.0,-9.449275362318854,-117.95488553895771,2.831884568653563,SIGNAL_EXIT,3
2022-03-25 16:00:00,2022-03-26 04:00:00,BTCUSDT,44318.21,44394.04,0.07425503481742889,3.0,0.5133104428179867,2.9935745014966972,2.6371847887090647,SIGNAL_EXIT,3
2022-03-26 04:00:00,2022-03-27 00:00:00,NEARUSDT,12.905,12.711,254.88284860472635,3.0,-4.509879891514895,-52.039125340208415,2.5918527108917413,SIGNAL_EXIT,5
2022-03-27 00:00:00,2022-03-27 04:00:00,SOLUSDT,101.73,101.82,30.690371105903182,3.0,0.26540843409020703,0.26221853072850543,2.4999148688024495,SIGNAL_EXIT,1
2022-03-27 04:00:00,2022-03-27 20:00:00,NEARUSDT,12.838,12.748,242.55473869909412,3.0,-2.103131328867422,-24.303596730067277,2.4736702471488416,SIGNAL_EXIT,4
2022-03-27 20:00:00,2022-03-28 00:00:00,SOLUSDT,103.23,107.04,29.35773650488264,3.0,11.072362685265917,109.33901439121682,2.5139616923861103,SIGNAL_EXIT,1
2022-03-28 00:00:00,2022-03-28 12:00:00,BTCUSDT,46827.76,47252.54,0.07156183278900356,3.0,2.7213345246494742,27.69285263904429,2.7051826930685623,SIGNAL_EXIT,3
2022-03-28 12:00:00,2022-03-28 16:00:00,SOLUSDT,110.07,109.89,31.096540092596314,3.0,-0.49059689288632496,-8.331136249287432,2.733759032620327,SIGNAL_EXIT,1
2022-03-28 16:00:00,2022-03-29 08:00:00,BTCUSDT,47422.51,47344.45,0.07147677428225604,3.0,-0.49381612234361877,-8.286699853407306,2.707222852934046,SIGNAL_EXIT,4
2022-03-29 08:00:00,2022-03-29 16:00:00,SOLUSDT,109.88,109.93461036,30.51828247248878,3.0,0.14909999999999476,-1.0173980015713338,2.6840123939755776,STOP_LOSS,3
2022-03-29 20:00:00,2022-03-30 00:00:00,SOLUSDT,113.92,111.62,29.323936224595048,3.0,-6.056882022471903,-70.06356352567997,2.61851020911144,SIGNAL_EXIT,1
2022-03-30 00:00:00,2022-03-30 16:00:00,NEARUSDT,14.088,14.266,221.6455762298407,3.0,3.7904599659284672,36.9233159365159,2.5295966323959265,SIGNAL_EXIT,4
2022-03-30 16:00:00,2022-03-31 16:00:00,SOLUSDT,122.62,122.68094214000001,26.281957952425117,3.0,0.14910000000002138,-0.9777575292988683,2.579436290309903,STOP_LOSS,7
2022-03-31 20:00:00,2022-04-02 08:00:00,SOLUSDT,122.96,135.81,26.084452408596754,3.0,31.35165907612234,332.35118986517926,2.8340235852892204,SIGNAL_EXIT,9
2022-04-02 08:00:00,2022-04-02 16:00:00,NEARUSDT,15.783,15.503,265.4363086645237,3.0,-5.322182094658798,-77.61421370064737,3.292047274580889,SIGNAL_EXIT,2
2022-04-02 16:00:00,2022-04-03 08:00:00,SOLUSDT,137.96,137.59,28.592505867992607,3.0,-0.8045810379820335,-13.726461477059079,3.1472343059016827,SIGNAL_EXIT,4
2022-04-03 08:00:00,2022-04-04 08:00:00,NEARUSDT,17.238,15.923222142857144,225.6797940304442,3.0,-22.88161951170998,-299.59363559058926,2.874839594800807,STOP_LOSS,7
2022-04-04 12:00:00,2022-04-05 00:00:00,NEARUSDT,15.854,17.117,187.81017355107525,3.0,23.899331399016056,234.63245180246935,2.571797392539004,STOP_LOSS,4
2022-04-05 04:00:00,2022-04-05 20:00:00,NEARUSDT,17.433,15.902467607142858,210.64506542621967,3.0,-26.338537134006913,-325.0789170939771,2.679821063635957,STOP_LOSS,5
2022-04-06 00:00:00,2022-04-06 08:00:00,NEARUSDT,16.141,16.149022076999998,166.37700897295974,3.0,0.14909999999999413,-0.8147716157969218,2.149460792807643,STOP_LOSS,3
2022-04-06 12:00:00,2022-04-06 16:00:00,NEARUSDT,15.608,15.615757176000002,171.4062498050536,3.0,0.1491000000000369,-0.8116822530855163,2.141310700323612,STOP_LOSS,2
2022-04-06 20:00:00,2022-04-07 00:00:00,NEARUSDT,16.357,15.245,163.01613420815124,3.0,-20.39493794705631,-183.2620860122668,1.9881447728026125,SIGNAL_EXIT,1
2022-04-07 12:00:00,2022-04-07 16:00:00,NEARUSDT,15.443,14.943,136.67739341028147,3.0,-9.713138638865507,-69.9725929369246,1.633896231783869,SIGNAL_EXIT,1
2022-04-08 04:00:00,2022-04-08 08:00:00,NEARUSDT,18.216,18.225053352000003,104.07847168861483,3.0,0.1491000000000368,-0.5752095196364048,1.5174685594557018,STOP_LOSS,2
2022-04-08 16:00:00,2022-04-08 20:00:00,NEARUSDT,18.719,18.046,100.94658090534077,3.0,-10.785832576526552,-69.39439454850874,1.4573455992142237,SIGNAL_EXIT,1
2022-04-21 12:00:00,2022-04-21 20:00:00,NEARUSDT,16.541,16.165,101.33541044620296,3.0,-6.819418414847974,-39.41258385566273,1.3104695278902967,SIGNAL_EXIT,2
2022-07-18 08:00:00,2022-07-18 16:00:00,ETHUSDT,1467.14,1521.34,1.0586809890378888,3.0,11.082786918767088,56.092018617163056,1.2884909886903213,SIGNAL_EXIT,2
2022-07-18 16:00:00,2022-07-18 16:00:00,LINKUSDT,7.116,6.799357071428571,241.35137328590022,3.0,-13.349195976873041,-77.73503298530387,1.312827333320386,STOP_LOSS,1
2022-07-19 00:00:00,2022-07-19 04:00:00,ETHUSDT,1581.03,1516.24,0.9362984523583949,3.0,-12.293884366520553,-61.79849926062349,1.1357225323231142,SIGNAL_EXIT,1
2022-07-19 04:00:00,2022-07-19 08:00:00,NEARUSDT,4.385,4.358,294.37435225725596,3.0,-1.8472063854047982,-8.974414252655649,1.0263067417096972,SIGNAL_EXIT,1
2022-07-19 12:00:00,2022-07-19 16:00:00,NEARUSDT,4.387,4.353,287.401831502428,3.0,-2.3250512878960437,-10.772510409106554,1.0008481380240555,SIGNAL_EXIT,1
2022-07-19 16:00:00,2022-07-19 20:00:00,SOLUSDT,46.58,45.42,26.30987894365159,3.0,-7.471017604121919,-31.475455335932278,0.9559957612965242,SIGNAL_EXIT,1
2022-07-19 20:00:00,2022-07-20 04:00:00,NEARUSDT,4.465,4.585,252.55228458998747,3.0,8.062709966405384,29.379912370922447,0.9263617798760742,SIGNAL_EXIT,2
2022-07-20 04:00:00,2022-07-20 12:00:00,LINKUSDT,7.436,7.326,163.05144347751352,3.0,-4.43786982248522,-18.89127068245955,0.9556118999330113,SIGNAL_EXIT,2
2022-07-20 12:00:00,2022-07-20 16:00:00,ETHUSDT,1602.9,1596.52,0.7189072408695525,3.0,-1.1940857196331853,-5.50482802730227,0.9181998305544463,SIGNAL_EXIT,1
2022-07-20 16:00:00,2022-07-20 20:00:00,NEARUSDT,4.528,4.351,250.23620505649936,3.0,-11.727031802120116,-45.16283047756095,0.871022182560663,SIGNAL_EXIT,1
2022-07-20 20:00:00,2022-07-21 00:00:00,BTCUSDT,23663.24,23223.3,0.042024892979214606,3.0,-5.577511786213582,-19.26919677497513,0.7807653576993556,SIGNAL_EXIT,1
2022-07-21 00:00:00,2022-07-21 12:00:00,ETHUSDT,1521.63,1489.19,0.6140107095550857,3.0,-6.395772954003284,-20.650010304816885,0.7315028868498705,SIGNAL_EXIT,3
2022-07-21 12:00:00,2022-07-22 04:00:00,AVAXUSDT,23.7,24.84,36.67818497673574,3.0,14.43037974683545,41.084261981621076,0.7288688918576928,SIGNAL_EXIT,4
2022-07-22 04:00:00,2022-07-22 20:00:00,NEARUSDT,4.544,4.319,217.74965172017463,3.0,-14.85475352112674,-49.74604023366276,0.7523685966235474,SIGNAL_EXIT,4
2022-07-22 20:00:00,2022-07-25 00:00:00,ETHUSDT,1526.21,1526.96852637,0.5484257571853044,3.0,0.14910000000000528,-0.2539476974057916,0.6699430962180767,STOP_LOSS,14
2022-07-27 20:00:00,2022-07-28 00:00:00,BNBUSDT,268.4,271.6,3.099779064480043,3.0,3.576751117734775,9.245773011206055,0.6735199951302238,SIGNAL_EXIT,1
2022-07-28 00:00:00,2022-07-29 04:00:00,ETHUSDT,1635.74,1727.02,0.5243492709126507,3.0,16.741046865638786,47.13815210662549,0.7244493422812529,SIGNAL_EXIT,7
2022-07-29 04:00:00,2022-07-29 12:00:00,LINKUSDT,7.627,7.495,130.51136309222545,3.0,-5.192080765700787,-18.0100460612747,0.7825461331009839,SIGNAL_EXIT,2
2022-07-29 12:00:00,2022-07-29 16:00:00,BNBUSDT,284.6,298.6,3.2978310342273063,3.0,14.757554462403371,45.38184860172607,0.787785877456219,SIGNAL_EXIT,1
2022-07-29 16:00:00,2022-07-30 04:00:00,LINKUSDT,7.913,7.774,135.51709733350268,3.0,-5.269809174775694,-19.679684461093423,0.8428079317365199,SIGNAL_EXIT,3
2022-07-30 04:00:00,2022-07-30 08:00:00,BNBUSDT,295.1,290.9,3.4217269133921633,3.0,-4.269739071501232,-15.167557323531865,0.7963042872846242,SIGNAL_EXIT,1
2022-07-30 08:00:00,2022-08-01 08:00:00,LINKUSDT,7.84,7.7,122.68647173977904,3.0,-5.357142857142845,-17.931854709486064,0.7557486659170389,SIGNAL_EXIT,12
2022-08-01 08:00:00,2022-08-01 16:00:00,BNBUSDT,288.0,286.2,3.1354669494767426,3.0,-1.8750000000000118,-6.3617370218103675,0.717896512752195,SIGNAL_EXIT,2
2022-08-01 16:00:00,2022-08-01 20:00:00,LINKUSDT,7.67,7.474,114.90807695231615,3.0,-7.666232073011724,-23.209041456367224,0.6870583737132887,SIGNAL_EXIT,1
2022-08-01 20:00:00,2022-08-02 00:00:00,BNBUSDT,280.2,283.3,2.8880950357956374,3.0,3.3190578158458486,8.298536752053819,0.6545578589127233,SIGNAL_EXIT,1
2022-08-02 00:00:00,2022-08-02 00:00:00,LINKUSDT,7.568,7.151720589285714,109.96006033935284,3.0,-16.501562264044107,-46.40323202219557,0.6291229020224394,STOP_LOSS,1
2022-08-02 04:00:00,2022-08-04 20:00:00,BNBUSDT,276.0,310.6,2.50392094844396,3.0,37.60869565217394,86.01349053889173,0.6221742772693554,SIGNAL_EXIT,16
2022-08-05 00:00:00,2022-08-05 12:00:00,BNBUSDT,311.9,317.7,3.027920587226666,3.0,5.578711125360704,16.792363109465168,0.7695762964495294,SIGNAL_EXIT,3
2022-08-05 12:00:00,2022-08-06 04:00:00,NEARUSDT,5.032,5.034500904,197.05036929627903,3.0,0.14909999999998172,-0.30083615311003964,0.7936402098845206,STOP_LOSS,5
2022-08-06 08:00:00,2022-08-06 20:00:00,NEARUSDT,5.053,4.95,195.39095381316434,3.0,-6.115179101523832,-20.89901641985601,0.7737481771001309,SIGNAL_EXIT,3
2022-08-06 20:00:00,2022-08-07 04:00:00,AVAXUSDT,26.57,26.2,34.67677069520255,3.0,-4.177643959352665,-13.557230270996422,0.7268251137714454,SIGNAL_EXIT,2
2022-08-07 04:00:00,2022-08-07 16:00:00,NEARUSDT,5.029,5.057,174.6019762704576,3.0,1.6703121893020763,4.182485580373132,0.7063697551997634,SIGNAL_EXIT,3
2022-08-07 16:00:00,2022-08-08 12:00:00,AVAXUSDT,28.0,29.75,31.716945479942456,3.0,18.75,54.74979128747667,0.7548633024226306,SIGNAL_EXIT,5
2022-08-08 12:00:00,2022-08-08 16:00:00,NEARUSDT,5.688,5.418110625,184.37943834211515,3.0,-14.234671677215191,-50.56124193213485,0.7991905551303572,STOP_LOSS,2
2022-08-08 20:00:00,2022-08-09 00:00:00,AVAXUSDT,28.58,27.92,31.304089079268294,3.0,-6.927921623512912,-21.359906925991503,0.6992081336745367,SIGNAL_EXIT,1
2022-08-09 00:00:00,2022-08-09 12:00:00,NEARUSDT,5.486,5.197370803571428,151.01990499562717,3.0,-15.783587117858447,-44.21667897959299,0.6279251559859228,STOP_LOSS,4
2022-08-09 16:00:00,2022-08-10 04:00:00,LINKUSDT,8.586,8.407,80.73336428826983,3.0,-6.254367575122301,-14.994252522457508,0.5429803148571876,SIGNAL_EXIT,3
2022-08-10 04:00:00,2022-08-10 12:00:00,NEARUSDT,5.28,5.297,122.33020866243257,3.0,0.9659090909090602,1.5612270550333633,0.5183864922279242,SIGNAL_EXIT,2
2022-08-10 12:00:00,2022-08-10 16:00:00,AVAXUSDT,28.05,29.51,23.127305157236275,3.0,15.614973262032095,33.21987610941295,0.545989420152034,SIGNAL_EXIT,1
2022-08-10 16:00:00,2022-08-11 16:00:00,NEARUSDT,5.878,5.752,127.04046956496576,3.0,-6.430758761483515,-16.591688589935874,0.5845894247501465,SIGNAL_EXIT,6
2022-08-11 16:00:00,2022-08-12 00:00:00,ETHUSDT,1890.48,1880.19,0.36717391398832805,3.0,-1.632918623841558,-4.330504952013254,0.5522853770733717,SIGNAL_EXIT,2
2022-08-12 00:00:00,2022-08-12 04:00:00,NEARUSDT,5.755,5.796,118.04056468244444,3.0,2.1372719374457185,4.292332661660707,0.5473304903195585,SIGNAL_EXIT,1
2022-08-12 04:00:00,2022-08-12 08:00:00,ETHUSDT,1903.99,1888.44,0.3625176425109978,3.0,-2.4501179102831347,-6.184823594504773,0.547674253458775,SIGNAL_EXIT,1
2022-08-12 08:00:00,2022-08-12 12:00:00,NEARUSDT,5.871,5.716,114.12600699009236,3.0,-7.9202861522739,-18.21140648822864,0.5218754047642944,SIGNAL_EXIT,1
2022-08-12 12:00:00,2022-08-12 20:00:00,LINKUSDT,9.053,9.204,67.76986847392058,3.0,5.003866121727596,9.734247044014822,0.4990030955471721,SIGNAL_EXIT,2
2022-08-12 20:00:00,2022-08-13 04:00:00,ETHUSDT,1926.21,1996.57,0.33273984337061274,3.0,10.958306726680874,22.88010466829351,0.5314707112627715,SIGNAL_EXIT,2
2022-08-13 04:00:00,2022-08-13 08:00:00,SOLUSDT,47.43,47.16,14.92065835925149,3.0,-1.7077798861480273,-4.59150435557579,0.5629265985778402,SIGNAL_EXIT,1
2022-08-13 08:00:00,2022-08-14 08:00:00,ETHUSDT,1995.78,2016.75,0.34684428350854,3.0,3.152151038691643,6.713726058161415,0.5595985670126785,SIGNAL_EXIT,6
2022-08-14 08:00:00,2022-08-14 12:00:00,SOLUSDT,47.73,46.7,14.875463723918381,3.0,-6.473915776241321,-15.877474960361434,0.5557473247255907,SIGNAL_EXIT,1
2022-08-14 12:00:00,2022-08-14 16:00:00,ETHUSDT,1990.16,1930.8518712500002,0.3318188213866615,3.0,-8.940205121698746,-20.192107774225676,0.512554393752324,STOP_LOSS,2
2022-08-14 20:00:00,2022-08-15 12:00:00,ETHUSDT,1931.42,1869.8560025000002,0.3097512654924817,3.0,-9.56249767010799,-19.532878344851426,0.4633522104504705,STOP_LOSS,5
2022-08-15 16:00:00,2022-08-17 12:00:00,ETHUSDT,1917.71,1843.5555125,0.2806304266944982,3.0,-11.600474654666238,-21.22389168452312,0.4138862160862955,STOP_LOSS,12
2022-08-17 16:00:00,2022-08-19 00:00:00,ETHUSDT,1830.92,1846.39,0.25811323444086476,3.0,2.5347912524850935,3.6117495808487705,0.38126215595141466,SIGNAL_EXIT,8
2022-09-09 16:00:00,2022-09-10 12:00:00,NEARUSDT,4.797,4.728,100.39727224794848,3.0,-4.315196998123824,-7.30715442765908,0.37974264255064033,SIGNAL_EXIT,5
2022-09-10 12:00:00,2022-09-11 00:00:00,LINKUSDT,7.77,7.899,58.92589129196646,3.0,4.980694980694998,7.229075484411505,0.3723644922521945,SIGNAL_EXIT,3
2022-09-11 00:00:00,2022-09-11 04:00:00,ETHUSDT,1774.12,1760.87,0.26954199879524715,3.0,-2.240547426329673,-3.951134219571894,0.3797027355348695,SIGNAL_EXIT,1
2022-09-11 04:00:00,2022-09-11 16:00:00,LINKUSDT,7.877,7.854,59.0735717517996,3.0,-0.8759680081249088,-1.7298632163222796,0.37117106603090727,SIGNAL_EXIT,3
2022-09-11 16:00:00,2022-09-11 20:00:00,ETHUSDT,1768.8,1763.55,0.25938084028839886,3.0,-0.8904341926729986,-1.7276942762265786,0.36594486471248466,SIGNAL_EXIT,1
2022-09-11 20:00:00,2022-09-12 04:00:00,NEARUSDT,4.915,4.749,92.09706343444164,3.0,-10.132248219735526,-15.638007693517476,0.34989516340013066,SIGNAL_EXIT,2
2022-09-12 04:00:00,2022-09-12 12:00:00,LINKUSDT,7.913,8.077,51.1163055783984,3.0,6.217616580310869,8.052780994731943,0.33029312012537915,SIGNAL_EXIT,2
2022-09-12 12:00:00,2022-09-12 16:00:00,NEARUSDT,5.226,4.956375696428571,81.79344598069649,3.0,-15.47785898802691,-22.377820147481263,0.32431923822869385,STOP_LOSS,2
2022-09-12 20:00:00,2022-09-13 00:00:00,SOLUSDT,37.64,37.44,9.546942319451691,3.0,-1.5940488841658038,-2.195338480242582,0.28595001635221706,SIGNAL_EXIT,1
2022-09-13 00:00:00,2022-09-13 04:00:00,NEARUSDT,5.088,5.02,69.16346888648124,3.0,-4.009433962264181,-4.980876375328868,0.2777604910481086,SIGNAL_EXIT,1
2022-09-13 04:00:00,2022-09-13 12:00:00,SOLUSDT,38.78,36.939507500000005,8.663256506721664,3.0,-14.237951263537877,-16.200671769160966,0.256013142963575,STOP_LOSS,3
2022-09-27 08:00:00,2022-09-27 16:00:00,LINKUSDT,8.221,8.125,34.85195073158382,3.0,-3.50322345213478,-3.5723249499873444,0.22653767975529482,SIGNAL_EXIT,2
2022-10-04 08:00:00,2022-10-06 20:00:00,BNBUSDT,290.9,285.62805714285713,0.9452857840226707,3.0,-5.436860973333977,-5.199492750585121,0.21600011354812632,STOP_LOSS,16
2022-10-14 04:00:00,2022-10-14 04:00:00,BTCUSDT,19816.85,19580.929538029428,0.013002339598712479,3.0,-3.571513060409257,-3.2711962812360267,0.2036783164095351,STOP_LOSS,1
2022-10-24 00:00:00,2022-10-24 04:00:00,ETHUSDT,1364.19,1348.07,0.18123668881297186,3.0,-3.544960745937175,-3.11699121813561,0.1954557944704824,SIGNAL_EXIT,1
2022-10-25 16:00:00,2022-10-27 20:00:00,ETHUSDT,1408.29,1512.96763925,0.16842171002874667,3.0,22.2988814626249,17.426133726640753,0.20385327761651276,STOP_LOSS,14
2022-10-28 00:00:00,2022-10-28 12:00:00,ETHUSDT,1514.04,1498.19,0.1903220520161663,3.0,-3.1406039470555425,-3.244715400544299,0.22811087608808017,SIGNAL_EXIT,3
2022-10-28 12:00:00,2022-10-29 00:00:00,BNBUSDT,287.7,297.9,0.9648204332618169,3.0,10.636079249217925,9.611232413615566,0.22993600565495617,SIGNAL_EXIT,3
2022-10-29 00:00:00,2022-10-29 04:00:00,AVAXUSDT,18.32,18.734,16.680357291652836,3.0,6.779475982532775,6.6556760679428395,0.24999185080145941,SIGNAL_EXIT,1
2022-10-29 04:00:00,2022-10-30 04:00:00,BNBUSDT,304.7,307.7,1.0654779625829298,3.0,2.953724975385626,2.9341558324793753,0.262278055269414,SIGNAL_EXIT,6
2022-10-30 04:00:00,2022-10-30 08:00:00,LINKUSDT,7.819,7.799,42.48600531023127,3.0,-0.7673615551860689,-1.1147987905362022,0.265078684331595,SIGNAL_EXIT,1
2022-10-30 08:00:00,2022-10-31 00:00:00,BNBUSDT,313.7,313.6,1.0457732843000869,3.0,-0.0956327701625431,-0.36694092999517886,0.26236360156520583,SIGNAL_EXIT,4
2022-10-31 00:00:00,2022-10-31 12:00:00,LINKUSDT,7.776,8.083,41.90528635571736,3.0,11.844135802469152,12.593946567514633,0.27097634369061074,SIGNAL_EXIT,3
2022-10-31 12:00:00,2022-10-31 16:00:00,BNBUSDT,331.0,323.8,1.095169532043222,3.0,-6.525679758308146,-8.168913346291662,0.2836927155804762,SIGNAL_EXIT,1
2022-10-31 16:00:00,2022-10-31 20:00:00,LINKUSDT,8.005,7.786,42.11667430146252,3.0,-8.207370393504105,-9.485888012909292,0.2623363408889497,SIGNAL_EXIT,1
2022-10-31 20:00:00,2022-11-04 04:00:00,BNBUSDT,327.9,340.6,0.9385234886983521,3.0,11.619396157365095,11.663519426268588,0.25572888020052703,SIGNAL_EXIT,20
2022-11-04 04:00:00,2022-11-04 08:00:00,LINKUSDT,8.222,8.21,41.41171510443731,3.0,-0.43784967161269817,-0.7689327260591373,0.2719921448059443,SIGNAL_EXIT,1
2022-11-04 08:00:00,2022-11-04 20:00:00,BNBUSDT,344.2,354.5,0.9801423583882507,3.0,8.977338756536907,9.817497918560086,0.2779683728389079,SIGNAL_EXIT,3
2022-11-04 20:00:00,2022-11-05 04:00:00,LINKUSDT,8.588,8.702,42.577254452637945,3.0,3.9823008849557793,4.557401193003273,0.29640581459748433,SIGNAL_EXIT,2
2022-11-05 04:00:00,2022-11-05 08:00:00,NEARUSDT,3.343,3.343,113.14942981684366,3.0,0.0,-0.3026068351021667,0.3026068351021667,SIGNAL_EXIT,1
2022-11-05 08:00:00,2022-11-05 16:00:00,LINKUSDT,8.773,8.84,42.909338780747696,3.0,2.2911204833010435,2.571470854452655,0.30345484385744775,SIGNAL_EXIT,2
2022-11-05 16:00:00,2022-11-06 04:00:00,SOLUSDT,37.24,36.01,10.286470727353283,3.0,-9.908700322234187,-12.948691643358172,0.2963326487135934,SIGNAL_EXIT,3
2022-11-06 04:00:00,2022-11-06 08:00:00,LINKUSDT,8.745,8.675,39.21912742709206,3.0,-2.4013722126929165,-3.017519664240405,0.27218074434401895,SIGNAL_EXIT,1
2022-11-06 08:00:00,2022-11-06 12:00:00,SOLUSDT,36.17,35.75,9.209367469116758,3.0,-3.4835499032347395,-4.1313222466457935,0.2633879096167393,SIGNAL_EXIT,1
2022-11-06 12:00:00,2022-11-06 16:00:00,LINKUSDT,8.641,8.539,37.00504415907452,3.0,-3.5412567989816104,-4.027303361885083,0.2527888576594699,SIGNAL_EXIT,1
2022-11-06 16:00:00,2022-11-06 20:00:00,NEARUSDT,3.302,3.231,92.95000503125003,3.0,-6.450635978195049,-6.839707530223543,0.2402571730047751,SIGNAL_EXIT,1
2022-11-06 20:00:00,2022-11-06 20:00:00,BNBUSDT,352.9,342.7422571428571,0.8091154653849937,3.0,-8.63508885560459,-8.44064128783444,0.2218544487161968,STOP_LOSS,1
2022-11-07 00:00:00,2022-11-07 04:00:00,BNBUSDT,337.8,327.64351071428575,0.7683537388259006,3.0,-9.0199727226592,-8.005173409191244,0.2013968931674924,STOP_LOSS,2
2022-11-07 08:00:00,2022-11-07 12:00:00,BNBUSDT,328.2,332.2,0.7154324618999043,3.0,3.656307129798903,2.6715965165250983,0.19013333107451857,SIGNAL_EXIT,1
2022-11-07 12:00:00,2022-11-08 00:00:00,LINKUSDT,8.233,8.768627299999999,29.410323319852065,3.0,19.517574395724452,15.546661540767914,0.20631053117142514,STOP_LOSS,4
2022-12-13 12:00:00,2022-12-15 12:00:00,BTCUSDT,17444.32,17452.98982704,0.0165113957879361,3.0,0.14910000000001908,-0.08738763250325504,0.23053857817366388,STOP_LOSS,13
2022-12-15 16:00:00,2022-12-16 08:00:00,BTCUSDT,17428.43,17222.344096185607,0.016427114065094124,3.0,-3.547409097911749,-3.611727377916132,0.2263307287490731,STOP_LOSS,5
2023-01-06 20:00:00,2023-01-07 00:00:00,ETHUSDT,1273.12,1269.13,0.21565160927066368,3.0,-0.9402098780947079,-1.0794018624888428,0.21895194149894193,SIGNAL_EXIT,1
2023-01-07 00:00:00,2023-01-07 04:00:00,NEARUSDT,1.591,1.585,170.11680758476658,3.0,-1.1313639220615976,-1.2364089575260844,0.21570811201748402,SIGNAL_EXIT,1
2023-01-07 04:00:00,2023-01-09 16:00:00,BNBUSDT,262.2,280.4,1.0151411372300303,3.0,20.823798627002276,18.247852237683098,0.2277164599034404,SIGNAL_EXIT,15
2023-01-09 16:00:00,2023-01-09 20:00:00,ETHUSDT,1335.69,1314.8383510714289,0.23906460435694024,3.0,-4.683343199822831,-5.236356249452467,0.2514650481537783,STOP_LOSS,2
2023-01-10 00:00:00,2023-01-10 20:00:00,ETHUSDT,1320.4,1339.48,0.22926593705478052,3.0,4.335049984853058,4.128716369112286,0.24567770989290993,SIGNAL_EXIT,5
2023-01-10 20:00:00,2023-01-11 16:00:00,BTCUSDT,17432.85,17331.9,0.01800801450019802,3.0,-1.7372374568701692,-2.0675995490077232,0.2496904852127857,SIGNAL_EXIT,5
2023-01-11 16:00:00,2023-01-11 20:00:00,BNBUSDT,276.8,279.8,1.1084171581835047,3.0,3.251445086705202,3.0771433778627184,0.2481080966877957,SIGNAL_EXIT,1
2023-01-11 20:00:00,2023-01-12 04:00:00,AVAXUSDT,14.557,15.68373905,21.64924386601184,3.0,23.220561585491506,24.12141559366902,0.2716328731394743,STOP_LOSS,3
2023-01-12 08:00:00,2023-01-12 20:00:00,AVAXUSDT,15.36,15.317,25.164819755720064,3.0,-0.8398437499999856,-1.3904468848546356,0.3083596353586914,SIGNAL_EXIT,3
2023-01-12 20:00:00,2023-01-14 08:00:00,BTCUSDT,18885.35,20897.36,0.02017783680203753,3.0,31.961441011154186,40.26067860832884,0.3373308157387417,SIGNAL_EXIT,9
2023-01-14 08:00:00,2023-01-14 08:00:00,SOLUSDT,23.57,21.825070357142856,21.217319181985253,3.0,-22.209541487362888,-37.393184769757,0.37045558714942795,STOP_LOSS,1
2023-01-14 12:00:00,2023-01-14 16:00:00,BTCUSDT,20721.03,20785.85,0.01866713098441932,3.0,0.9384668619272263,0.899593682752061,0.31040974765799384,SIGNAL_EXIT,1
2023-01-14 16:00:00,2023-01-14 20:00:00,NEARUSDT,2.246,2.196,173.00555562366822,3.0,-6.678539626001758,-8.95421394130304,0.30393616011966035,SIGNAL_EXIT,1
2023-01-14 20:00:00,2023-01-15 00:00:00,SOLUSDT,23.05,23.06145585,15.644837307411004,3.0,0.14910000000001067,-0.10940927040811624,0.28863417987623347,STOP_LOSS,2
2023-01-15 04:00:00,2023-01-16 04:00:00,SOLUSDT,23.07,23.23,15.579543229605646,3.0,2.080624187256179,2.2031966853579146,0.2895302313789913,SIGNAL_EXIT,6
2023-01-16 04:00:00,2023-01-16 08:00:00,NEARUSDT,2.338,2.28,155.8768782453117,3.0,-7.442258340461969,-9.32517836414757,0.28431942591944853,SIGNAL_EXIT,1
2023-01-16 08:00:00,2023-01-18 12:00:00,SOLUSDT,24.25,21.356131964285712,13.839683725111751,3.0,-35.80042930780562,-40.28666804607811,0.23644968958197107,STOP_LOSS,14
2023-01-18 16:00:00,2023-01-21 00:00:00,SOLUSDT,21.78,24.4922065,9.77215489782596,3.0,37.35821625344353,26.31262872432438,0.19147330856603187,STOP_LOSS,15
2023-01-21 04:00:00,2023-01-21 20:00:00,SOLUSDT,24.83,24.84234051,11.699067760054632,3.0,0.14910000000001644,-0.08813331727222443,0.2325057799558721,STOP_LOSS,5
2023-01-22 00:00:00,2023-01-22 12:00:00,SOLUSDT,24.56,24.9,11.769446680600094,3.0,4.153094462540715,3.7671644935264763,0.23444737787755385,SIGNAL_EXIT,3
2023-01-22 12:00:00,2023-01-22 20:00:00,NEARUSDT,2.546,2.423,117.58569027629811,3.0,-14.49332285938725,-14.690968006016218,0.2279281020315763,SIGNAL_EXIT,2
2023-01-22 20:00:00,2023-01-23 04:00:00,SOLUSDT,24.9,24.53,10.220066679839533,3.0,-4.457831325301174,-3.981983260065772,0.20055858852517103,SIGNAL_EXIT,2
2023-01-23 04:00:00,2023-01-24 16:00:00,NEARUSDT,2.672,2.469968053571429,90.49837018546702,3.0,-22.683227518177922,-18.46238434379,0.1788224666067077,STOP_LOSS,10
2023-01-24 20:00:00,2023-01-24 20:00:00,NEARUSDT,2.502,2.3390575714285715,74.11590345393132,3.0,-19.537461459403872,-12.215314396658828,0.13868909210974967,STOP_LOSS,1
2023-01-25 00:00:00,2023-01-25 08:00:00,BTCUSDT,22631.94,22711.85,0.006556058067901007,3.0,1.05925519420783,0.40477443426240245,0.11912016594356599,SIGNAL_EXIT,2
2023-01-25 08:00:00,2023-01-25 12:00:00,NEARUSDT,2.393,2.358,62.332631370604126,3.0,-4.3877977434182664,-2.2992263737886334,0.11758427581750765,SIGNAL_EXIT,1
2023-01-25 12:00:00,2023-01-25 16:00:00,BTCUSDT,22598.45,22578.79,0.006276578365063295,3.0,-0.2609913511767381,-0.23677156651578946,0.113374035858646,SIGNAL_EXIT,1
2023-01-25 16:00:00,2023-01-26 08:00:00,NEARUSDT,2.387,2.501392275,58.98231153939145,3.0,14.376909300377061,6.629090482992728,0.11803031875702173,STOP_LOSS,5
2023-01-26 12:00:00,2023-01-26 16:00:00,NEARUSDT,2.521,2.522252937,63.53899150728147,3.0,0.14910000000003418,-0.04859877295243005,0.12820912635460702,STOP_LOSS,2
2023-01-26 20:00:00,2023-01-27 08:00:00,NEARUSDT,2.539,2.454,62.8797485599995,3.0,-10.043324143363524,-5.468224149972946,0.12344552237299104,SIGNAL_EXIT,3
2023-01-27 08:00:00,2023-01-28 00:00:00,LINKUSDT,7.276,7.386,19.626584177058724,3.0,4.535459043430469,2.0429546988910614,0.1159695605854046,SIGNAL_EXIT,4
2023-01-28 00:00:00,2023-01-28 12:00:00,AVAXUSDT,21.221,20.101374071428573,6.995232117826527,3.0,-15.828084377335097,-7.944534277507716,0.11249102201352203,STOP_LOSS,4
2023-01-28 16:00:00,2023-01-30 20:00:00,AVAXUSDT,20.561,19.300398767857143,6.037404288811223,3.0,-18.393092244679597,-7.70397873365746,0.09321944823746206,STOP_LOSS,14
2023-01-31 00:00:00,2023-02-01 16:00:00,AVAXUSDT,19.748,18.844,5.08028035341904,3.0,-13.733036256836135,-4.669159681874675,0.07658624238386272,SIGNAL_EXIT,10
2023-02-01 16:00:00,2023-02-01 20:00:00,BTCUSDT,22979.73,23385.99,0.0037358234129441976,3.0,5.3037176677010835,1.4478228765612142,0.06989274318150311,SIGNAL_EXIT,1
2023-02-01 20:00:00,2023-02-02 04:00:00,AVAXUSDT,19.904,22.137,4.518692178501193,3.0,33.65655144694535,10.01021540358878,0.08002423100438473,SIGNAL_EXIT,2
2023-02-02 04:00:00,2023-02-03 00:00:00,BNBUSDT,327.6,318.97795714285724,0.36533147348597433,3.0,-7.895643642072149,-3.243129771133231,0.0932261496740368,STOP_LOSS,6
2023-02-03 04:00:00,2023-02-03 08:00:00,AVAXUSDT,21.152,21.051,5.179549403844776,3.0,-1.4324886535552568,-0.6103622453886052,0.0872277556002691,SIGNAL_EXIT,1
2023-02-03 08:00:00,2023-02-08 04:00:00,BNBUSDT,322.7,331.8,0.3330191147622297,3.0,8.459869848156204,2.9420773505138116,0.08839659382248626,SIGNAL_EXIT,29
2023-02-08 04:00:00,2023-02-08 12:00:00,ETHUSDT,1680.97,1673.9,0.06855193907071053,3.0,-1.2617714771828055,-0.5764614818782889,0.0917992726483699,SIGNAL_EXIT,2
2023-02-08 12:00:00,2023-02-08 16:00:00,NEARUSDT,2.671,2.666,42.371346405782916,3.0,-0.5615874204417702,-0.30222633964316387,0.0903696076142538,STOP_LOSS,2
2023-02-08 20:00:00,2023-02-09 00:00:00,NEARUSDT,2.693,2.550953535714286,41.587929927639145,3.0,-15.823965572118157,-5.992289504696729,0.08487110151355926,STOP_LOSS,2
2023-02-09 04:00:00,2023-02-09 08:00:00,BNBUSDT,319.7,322.2,0.2932906386210352,3.0,2.3459493274945262,0.65762800154163,0.07559859501095804,SIGNAL_EXIT,1
2023-02-09 08:00:00,2023-02-09 16:00:00,LINKUSDT,7.446,7.449700662,12.82719404020481,3.0,0.14909999999999862,-0.028977895195121006,0.07644700474633298,STOP_LOSS,3
2023-02-09 20:00:00,2023-02-09 20:00:00,LINKUSDT,7.328,6.924811464285715,12.9842524294041,3.0,-16.506080883499678,-5.307032524418746,0.07193080006265373,STOP_LOSS,1
2023-02-10 00:00:00,2023-02-10 04:00:00,LINKUSDT,6.981,6.823940461071602,11.318132712097004,3.0,-6.749443013682777,-1.8394081162986617,0.06178741100628545,STOP_LOSS,2
2023-02-10 08:00:00,2023-02-10 12:00:00,BNBUSDT,307.8,306.4,0.23804589411860522,3.0,-1.3645224171540293,-0.3916140613324079,0.05834980956635251,SIGNAL_EXIT,1
2023-02-10 12:00:00,2023-02-10 12:00:00,LINKUSDT,6.943,6.826361291306563,10.35367958807827,3.0,-5.039840502380947,-1.2641821834291587,0.05654236605011871,STOP_LOSS,1
2023-02-10 20:00:00,2023-02-10 20:00:00,LINKUSDT,7.003,6.827833149594223,9.699208829539925,3.0,-7.503934759636306,-1.7519595257553457,0.05297966365693575,STOP_LOSS,1
2023-02-11 16:00:00,2023-02-11 20:00:00,BNBUSDT,309.1,308.6,0.20222862832812688,3.0,-0.48527984471044966,-0.1510405179257114,0.04992620376164797,SIGNAL_EXIT,1
2023-02-12 00:00:00,2023-02-12 08:00:00,BNBUSDT,310.5,307.0,0.1992786129266027,3.0,-3.3816425120772946,-0.7464179725778831,0.04894282733477363,SIGNAL_EXIT,2
2023-02-12 08:00:00,2023-02-12 16:00:00,LINKUSDT,6.938,6.976,8.5702638039163,3.0,1.6431248198328159,0.27784109631192544,0.047828928236896086,SIGNAL_EXIT,2
2023-02-12 16:00:00,2023-02-13 00:00:00,BNBUSDT,312.8,307.5914910714286,0.19220540114982523,3.0,-4.995373013335746,-1.0484001447538387,0.04729659674532546,STOP_LOSS,3
2023-02-13 04:00:00,2023-02-13 04:00:00,BNBUSDT,312.0,305.5196035714286,0.18206827551130958,3.0,-6.231150412087881,-1.2243749442653626,0.04450034188571916,STOP_LOSS,1
2023-02-14 16:00:00,2023-02-14 20:00:00,SOLUSDT,21.89,22.02,2.4211412929143834,3.0,1.781635449977145,0.27209754306288764,0.04265082501597978,SIGNAL_EXIT,1
2023-02-14 20:00:00,2023-02-15 16:00:00,ETHUSDT,1560.31,1579.5,0.034425237163683876,3.0,3.689651415423869,0.6171205714910646,0.04349972968003095,SIGNAL_EXIT,5
2023-02-15 16:00:00,2023-02-16 20:00:00,BTCUSDT,22809.46,23951.518750000003,0.0024289203303473604,3.0,15.020856477970154,2.7274286516584456,0.046541064667656805,STOP_LOSS,8
2023-02-17 00:00:00,2023-02-18 00:00:00,BTCUSDT,23517.72,24568.24,0.0026935073087377987,3.0,13.400788851980556,2.7766435107729737,0.052939787202259475,SIGNAL_EXIT,6
2023-02-18 00:00:00,2023-02-20 20:00:00,LINKUSDT,7.651,8.032,9.331765437638607,3.0,14.939223630897933,3.495440439744221,0.05996219199609064,SIGNAL_EXIT,17
2023-02-20 20:00:00,2023-02-21 00:00:00,NEARUSDT,2.727,2.704,29.84301092375758,3.0,-2.5302530253024957,-0.7509456524766873,0.0645564012302724,SIGNAL_EXIT,1
2023-02-21 00:00:00,2023-02-21 04:00:00,LINKUSDT,8.019,7.967,9.84356398096134,3.0,-1.9453797231575192,-0.5746042663990497,0.0627389393890552,SIGNAL_EXIT,1
2023-02-21 04:00:00,2023-02-21 08:00:00,NEARUSDT,2.71,2.685,28.408062559263687,3.0,-2.7675276752767433,-0.771222082358888,0.061020518377298404,SIGNAL_EXIT,1
2023-02-21 08:00:00,2023-02-21 20:00:00,LINKUSDT,7.98,7.696,9.33449475972934,3.0,-10.676691729323334,-2.7084671290998408,0.057470617336701606,SIGNAL_EXIT,3
2023-02-21 20:00:00,2023-02-22 00:00:00,BTCUSDT,24602.88,23911.989561428574,0.002687572512198381,3.0,-8.42450686957901,-1.9082303163310668,0.05141216468581605,STOP_LOSS,2
2023-02-22 04:00:00,2023-02-22 08:00:00,AVAXUSDT,21.383,20.19049019642857,2.8173418114885607,3.0,-16.7307179100888,-3.4052145399916762,0.045506809779878477,STOP_LOSS,2
2023-02-22 12:00:00,2023-02-22 20:00:00,BTCUSDT,24160.87,23791.68,0.002064957309984645,3.0,-4.58414783904717,-0.8016646320994807,0.03930304282625238,SIGNAL_EXIT,2
2023-02-22 20:00:00,2023-02-24 12:00:00,LINKUSDT,7.569,7.572761793000001,6.2550759152577795,3.0,0.14910000000002693,-0.014364259130213344,0.0378945599227029,STOP_LOSS,11
2023-02-24 16:00:00,2023-02-24 20:00:00,LINKUSDT,7.589,7.191945875000001,6.202226102603113,3.0,-15.695906904730512,-2.4983043177687834,0.035684859547547035,STOP_LOSS,2
2023-02-25 00:00:00,2023-02-25 20:00:00,LINKUSDT,7.462,7.189195461958802,5.2859641182793915,3.0,-10.967751462390703,-1.4724364627905273,0.03040146340096901,STOP_LOSS,6
2023-02-26 00:00:00,2023-02-27 04:00:00,LINKUSDT,7.369,7.429,4.733232384446793,3.0,2.4426652191613716,0.25586339635956573,0.02813054670724418,SIGNAL_EXIT,7
2023-02-27 04:00:00,2023-02-27 20:00:00,ETHUSDT,1640.68,1608.0232701785717,0.021634046858521282,3.0,-5.971316128939532,-0.7343276638241594,0.02783044062130868,STOP_LOSS,5
2023-02-28 00:00:00,2023-02-28 20:00:00,ETHUSDT,1633.45,1597.1057425000001,0.020311783852142513,3.0,-6.67499908169823,-0.7641687559111481,0.025952053304540465,STOP_LOSS,6
2023-03-01 00:00:00,2023-03-01 04:00:00,BTCUSDT,23141.57,23440.37,0.0013299337740340837,3.0,3.873548769595139,0.372444899890299,0.024939311791084252,SIGNAL_EXIT,1
2023-03-01 04:00:00,2023-03-03 00:00:00,ETHUSDT,1638.39,1601.3055048214287,0.019414233599208113,3.0,-6.790415318435425,-0.7448375476129329,0.024870495307440874,STOP_LOSS,12
2023-03-13 08:00:00,2023-03-13 08:00:00,BNBUSDT,304.8,294.5753303571429,0.09653585835968956,3.0,-10.06365122328457,-1.0097969263115656,0.022749665894092726,STOP_LOSS,1
2023-03-13 16:00:00,2023-03-14 04:00:00,ETHUSDT,1664.69,1677.57,0.01581468288426947,3.0,2.321152887324345,0.18246892549645777,0.021224190052931146,SIGNAL_EXIT,3
2023-03-14 04:00:00,2023-03-14 16:00:00,BTCUSDT,24375.68,24387.79471296,0.0010988307328653158,3.0,0.14909999999999324,-0.008126427749639434,0.02143844666992857,STOP_LOSS,4
2023-03-14 20:00:00,2023-03-16 04:00:00,BTCUSDT,25048.39,24265.44,0.0010650938191417052,3.0,-9.37724939606898,-0.854591181827202,0.02067597613020312,SIGNAL_EXIT,8
2023-03-16 04:00:00,2023-03-17 12:00:00,BNBUSDT,309.8,334.6,0.07732592274054426,3.0,24.015493867010985,1.8969842809663096,0.020698602999188888,SIGNAL_EXIT,8
2023-03-17 12:00:00,2023-03-17 16:00:00,BTCUSDT,26920.11,26419.28,0.0010971571089542732,3.0,-5.5812922012577415,-0.5726780755699333,0.02318888069236276,SIGNAL_EXIT,1
2023-03-17 16:00:00,2023-03-18 00:00:00,BNBUSDT,331.2,339.0,0.08378032863785563,3.0,7.065217391304358,0.6307653382486884,0.022721225126586447,SIGNAL_EXIT,2
2023-03-18 00:00:00,2023-03-18 04:00:00,BTCUSDT,27395.13,27306.57,0.00107897599799708,3.0,-0.9698074073749747,-0.11912462127672452,0.0235705068941017,SIGNAL_EXIT,1
2023-03-18 04:00:00,2023-03-18 12:00:00,BNBUSDT,343.6,331.0063160714286,0.08473938630511259,3.0,-10.995649530184581,-1.0896204650973078,0.022439417669607192,STOP_LOSS,3
2023-03-18 16:00:00,2023-03-22 08:00:00,BTCUSDT,27227.63,28103.68,0.0009463290555178595,3.0,9.652511070555894,0.8077553059256393,0.021276263160780927,SIGNAL_EXIT,22
2023-03-22 08:00:00,2023-03-22 16:00:00,LINKUSDT,7.477,7.092737767857144,3.745280545956509,3.0,-15.41777044842276,-1.460421296814086,0.021251434223621083,STOP_LOSS,3
2023-03-22 20:00:00,2023-03-23 16:00:00,BTCUSDT,26668.8,28580.86,0.0008828665078750627,3.0,21.50895428365732,1.6679072677993807,0.020186467248212853,SIGNAL_EXIT,5
2023-03-23 16:00:00,2023-03-24 08:00:00,LINKUSDT,7.576,7.201217660714285,3.7586209066853615,3.0,-14.840905726731052,-1.4303180536982563,0.02165331780252205,STOP_LOSS,5
2023-03-24 12:00:00,2023-03-24 20:00:00,BTCUSDT,28079.99,27088.415265178573,0.0008579849019543144,3.0,-10.593750939598925,-0.869349312688452,0.018593161052313595,STOP_LOSS,3
2023-03-25 00:00:00,2023-03-28 20:00:00,BTCUSDT,27454.46,27425.98,0.0007800887652944043,3.0,-0.31120626666850737,-0.03933268713573551,0.017115759100151222,SIGNAL_EXIT,23
2023-03-28 20:00:00,2023-03-29 00:00:00,ETHUSDT,1785.84,1773.0,0.011863633096839212,3.0,-2.1569681494422657,-0.16915642614797124,0.01682737718455674,SIGNAL_EXIT,1
2023-03-29 00:00:00,2023-03-30 00:00:00,BTCUSDT,27261.06,28348.6,0.0007567071678565321,3.0,11.968059936040607,0.8057880422757326,0.017161271054958148,SIGNAL_EXIT,6
2023-03-30 00:00:00,2023-03-30 04:00:00,LINKUSDT,7.381,7.393,3.112016139950285,3.0,0.48773878878199023,0.018938485421280103,0.018405708258121965,SIGNAL_EXIT,1
2023-03-30 04:00:00,2023-03-30 16:00:00,BTCUSDT,28489.19,27717.570828392858,0.0008059316896869784,3.0,-8.125389015347304,-0.6397431177216056,0.017870774953396125,STOP_LOSS,4
2023-03-30 20:00:00,2023-03-31 04:00:00,BTCUSDT,27986.1,28168.41,0.0007496375104132446,3.0,1.9542915947559822,0.11977353712767998,0.016892877395759634,SIGNAL_EXIT,2
2023-03-31 04:00:00,2023-04-02 12:00:00,LINKUSDT,7.379,7.436,2.884340821516682,3.0,2.317387179834682,0.14724906014741354,0.01715836667903844,SIGNAL_EXIT,14
2023-04-02 12:00:00,2023-04-02 12:00:00,AVAXUSDT,17.709,17.279648732142856,1.2197585157870208,3.0,-7.273441772948386,-0.5405664641853762,0.016861598952671718,STOP_LOSS,1
2023-04-02 16:00:00,2023-04-03 00:00:00,BTCUSDT,28124.8,27671.97682214286,0.0007085724995198433,3.0,-4.8301482448636675,-0.3365441324015683,0.01568608142681675,STOP_LOSS,3
2023-04-03 04:00:00,2023-04-03 08:00:00,BTCUSDT,27753.85,27958.73,0.0006796932500000639,3.0,2.214611666489525,0.12405286501235438,0.015202688047659431,SIGNAL_EXIT,1
2023-04-03 08:00:00,2023-04-06 16:00:00,ETHUSDT,1794.86,1874.54,0.010692026968041892,3.0,13.318030375628192,0.83590660302744,0.0160341057861386,SIGNAL_EXIT,20
2023-04-06 16:00:00,2023-04-07 00:00:00,AVAXUSDT,18.238,17.959,1.1838326135883308,3.0,-4.589319004276783,-0.3472976591170905,0.017008359925946268,SIGNAL_EXIT,2
2023-04-07 00:00:00,2023-04-09 04:00:00,ETHUSDT,1872.41,1829.4188921428572,0.010941803889011609,3.0,-6.888092008236904,-0.48641398534314756,0.01601371419894402,STOP_LOSS,14
2023-04-09 08:00:00,2023-04-10 16:00:00,ETHUSDT,1835.49,1861.3,0.010321034781489992,3.0,4.2184920647892294,0.2510174740792263,0.01536843363102986,SIGNAL_EXIT,8
2023-04-10 16:00:00,2023-04-11 16:00:00,BTCUSDT,28439.39,30194.23,0.0006903789465038134,3.0,18.51136750823418,1.194828221924437,0.01667636855831507,SIGNAL_EXIT,6
2023-04-11 16:00:00,2023-04-12 00:00:00,SOLUSDT,23.32,22.99,0.9923285467692997,3.0,-4.245283018867948,-0.34571932706605174,0.01825090663218096,SIGNAL_EXIT,2
2023-04-12 00:00:00,2023-04-12 08:00:00,BTCUSDT,30200.43,29986.99,0.0007297256952309431,3.0,-2.120234711889851,-0.17325847409059822,0.017505821700506675,SIGNAL_EXIT,2
2023-04-12 08:00:00,2023-04-13 00:00:00,SOLUSDT,23.69,23.81,0.9056670110752612,3.0,1.5196285352469072,0.09142889610206745,0.017251145226961577,SIGNAL_EXIT,4
2023-04-13 00:00:00,2023-04-13 04:00:00,NEARUSDT,2.225,2.18,9.733542932250657,3.0,-6.067415730337069,-0.45498473082512403,0.01697529887384515,SIGNAL_EXIT,1
2023-04-13 04:00:00,2023-04-14 04:00:00,SOLUSDT,24.0,25.09,0.8429609643123807,3.0,13.624999999999998,0.9019075386248167,0.016919912475678103,SIGNAL_EXIT,6
2023-04-14 04:00:00,2023-04-14 12:00:00,ETHUSDT,2109.0,2050.7278585714284,0.010839435013316245,3.0,-8.289067059540763,-0.6494200751841605,0.017782985082385752,STOP_LOSS,3
2023-04-14 16:00:00,2023-04-15 08:00:00,ETHUSDT,2058.34,2097.63,0.010128426550927716,3.0,5.726459185557288,0.3809493260771316,0.016996553108818008,SIGNAL_EXIT,4
2023-04-15 08:00:00,2023-04-15 16:00:00,NEARUSDT,2.28,2.28113316,9.61369910830062,3.0,0.1491000000000248,-0.006650242979401838,0.01754410226096558,STOP_LOSS,3
2023-04-15 20:00:00,2023-04-16 16:00:00,LINKUSDT,7.983,7.959,2.735286386871926,3.0,-0.9019165727170245,-0.08306298876741722,0.01741611548249093,SIGNAL_EXIT,5
2023-04-16 16:00:00,2023-04-17 04:00:00,BNBUSDT,345.9,348.7,0.06219523971270959,3.0,2.4284475281873474,0.15679668712533013,0.017349984070257465,SIGNAL_EXIT,3
2023-04-17 04:00:00,2023-04-18 12:00:00,AVAXUSDT,20.673,21.459,1.0598769149117258,3.0,11.406181976491096,0.8148681361469453,0.01819511897367258,SIGNAL_EXIT,8
2023-04-18 12:00:00,2023-04-19 08:00:00,LINKUSDT,8.717,8.36393525,2.7828694039421036,3.0,-12.150903407135472,-1.0011536819884892,0.018620591603022284,STOP_LOSS,6
2023-04-19 12:00:00,2023-04-19 20:00:00,LINKUSDT,8.052,7.669014910714286,2.6299071099944853,3.0,-14.269191106025097,-1.023350246806644,0.01613503747227298,STOP_LOSS,3
2023-04-20 00:00:00,2023-04-20 04:00:00,AVAXUSDT,18.978,18.992,0.9509699072597997,3.0,0.22130888397090334,-0.0011350776813059196,0.014448656382942494,SIGNAL_EXIT,1
2023-04-20 04:00:00,2023-04-20 08:00:00,LINKUSDT,7.821,7.774,2.3004837610436075,3.0,-1.80283851169926,-0.12242990537573128,0.014307168606682404,SIGNAL_EXIT,1
2023-04-20 08:00:00,2023-04-20 12:00:00,AVAXUSDT,19.066,18.782,0.9221602124399175,3.0,-4.468687716353702,-0.2757495108209728,0.013856010488037225,SIGNAL_EXIT,1
2023-04-20 12:00:00,2023-04-20 20:00:00,LINKUSDT,7.745,7.52,2.156846052338101,3.0,-8.715300193673357,-0.4982659476269398,0.012975585850866014,SIGNAL_EXIT,2
2023-04-21 00:00:00,2023-04-21 08:00:00,ETHUSDT,1942.98,1928.44,0.0078041252086139936,3.0,-2.245005095266029,-0.12551181030708683,0.012039829773839657,SIGNAL_EXIT,2
2023-04-26 00:00:00,2023-04-26 16:00:00,BNBUSDT,338.4,332.3614232142857,0.04357810540919885,3.0,-5.353348214285701,-0.2747366805972244,0.011586944907826795,STOP_LOSS,5
2023-04-27 00:00:00,2023-04-28 00:00:00,BNBUSDT,330.6,330.9,0.04196514280236175,3.0,0.27223230490014017,0.0014805302380654153,0.011109012602641202,SIGNAL_EXIT,6
2023-04-28 00:00:00,2023-04-28 20:00:00,BTCUSDT,29472.77,29328.53,0.00046906487289231,3.0,-1.4682026833582484,-0.07866350382324219,0.011005586557254641,SIGNAL_EXIT,5
2023-04-28 20:00:00,2023-04-30 20:00:00,SOLUSDT,23.32,23.18,0.5805552462307892,3.0,-1.8010291595197327,-0.09204355095841457,0.010765816486103757,SIGNAL_EXIT,12
2023-04-30 20:00:00,2023-05-01 12:00:00,BNBUSDT,335.9,330.5284625,0.03928210032355265,3.0,-4.797443435546284,-0.2213923567456964,0.010387081778971689,STOP_LOSS,5
2023-05-02 16:00:00,2023-05-03 12:00:00,BTCUSDT,28540.69,28134.851476088952,0.0004375109433213992,3.0,-4.265893963086176,-0.18740623976009516,0.00984744432760891,STOP_LOSS,6
2023-05-04 00:00:00,2023-05-06 12:00:00,BTCUSDT,29026.16,28318.372914285716,0.00040942976404817515,3.0,-7.315336431490948,-0.29906460729276435,0.009275507792419388,STOP_LOSS,16
2023-05-06 20:00:00,2023-05-08 00:00:00,BTCUSDT,28842.82,28430.09,0.00037847109266201696,3.0,-4.2928881433923545,-0.16481434785581767,0.008607973781423585,SIGNAL_EXIT,7
2023-05-28 20:00:00,2023-05-31 08:00:00,ETHUSDT,1848.77,1869.3,0.0056177297939430096,3.0,3.3314041227410613,0.1069310148265957,0.008400977843054136,SIGNAL_EXIT,15
2023-06-07 00:00:00,2023-06-07 04:00:00,ETHUSDT,1884.65,1877.47,0.005649441027789538,3.0,-1.1429177831427688,-0.04904831141668446,0.008485324837155219,SIGNAL_EXIT,1
2023-06-20 00:00:00,2023-06-26 08:00:00,BTCUSDT,26844.35,30404.28,0.00039000849700527695,3.0,39.7841258961383,1.3789166067077336,0.009486342036262082,SIGNAL_EXIT,38
2023-06-26 08:00:00,2023-06-26 20:00:00,NEARUSDT,1.575,1.4916520178571429,9.196875811441,3.0,-15.87580612244897,-0.7775158715917528,0.010974830689694013,STOP_LOSS,4
2023-06-27 00:00:00,2023-06-27 08:00:00,NEARUSDT,1.484,1.481,8.15753757542445,3.0,-0.6064690026953958,-0.03413766324563536,0.009665050519362891,SIGNAL_EXIT,2
2023-06-27 08:00:00,2023-06-27 12:00:00,LINKUSDT,6.245,6.229,1.9165047287733512,3.0,-0.7686148919135315,-0.04021440202479701,0.009550326364423364,SIGNAL_EXIT,1
2023-06-27 12:00:00,2023-06-27 16:00:00,NEARUSDT,1.493,1.456,7.91262227414255,3.0,-7.434695244474241,-0.3019836465681967,0.009216622424921243,SIGNAL_EXIT,1
2023-06-27 16:00:00,2023-06-27 20:00:00,BTCUSDT,30498.74,30648.03,0.0003567349460406985,3.0,1.4684868948684164,0.044510381431771925,0.008746578662642968,SIGNAL_EXIT,1
2023-06-27 20:00:00,2023-06-28 00:00:00,NEARUSDT,1.489,1.476,7.375424750030923,3.0,-2.6192075218267536,-0.10458942329523942,0.008708901544836514,SIGNAL_EXIT,1
2023-06-28 00:00:00,2023-06-28 12:00:00,BTCUSDT,30692.44,30101.759530000003,0.0003467346805806095,3.0,-5.773543615300665,-0.21315926327109191,0.008349859180439095,STOP_LOSS,4
2023-06-28 16:00:00,2023-06-28 16:00:00,BTCUSDT,30411.07,29841.970513214284,0.00032776511619410245,3.0,-5.614069022751076,-0.19435588495850376,0.007824925546179728,STOP_LOSS,1
2023-06-28 20:00:00,2023-06-29 12:00:00,BTCUSDT,30099.99,30670.95,0.00031100223755703047,3.0,5.690633119811658,0.16993885029316202,0.007630987262399844,SIGNAL_EXIT,4
2023-06-29 12:00:00,2023-06-29 12:00:00,SOLUSDT,18.06,17.409610240970803,0.544858602013336,3.0,-10.803816595169364,-0.3619590755864319,0.007588620717993928,STOP_LOSS,1
2023-06-29 16:00:00,2023-06-30 12:00:00,SOLUSDT,17.67,17.678781990000004,0.49414383000211054,3.0,0.14910000000004742,-0.002649122660207134,0.006988688833848749,STOP_LOSS,6
2023-06-30 16:00:00,2023-07-01 00:00:00,SOLUSDT,18.28,18.289085160000003,0.4754288813717905,3.0,0.14910000000002427,-0.002636779983261333,0.006956127439145773,STOP_LOSS,3
2023-07-01 04:00:00,2023-07-01 20:00:00,SOLUSDT,18.31,18.33,0.472839966311251,3.0,0.3276897870016315,0.0025230740602366335,0.0069337252659881846,SIGNAL_EXIT,4
2023-07-01 20:00:00,2023-07-02 00:00:00,LINKUSDT,6.421,6.503,1.3452971784324002,3.0,3.8311789440896984,0.10331559459037988,0.006998774041076719,SIGNAL_EXIT,1
2023-07-02 00:00:00,2023-07-05 08:00:00,SOLUSDT,18.7,18.709293900000002,0.4773861198620347,3.0,0.14910000000004756,-0.0027084669168363695,0.007145245776223549,STOP_LOSS,21
2023-07-05 12:00:00,2023-07-06 20:00:00,SOLUSDT,18.7,19.920075,0.4734333053021037,3.0,19.57339572192516,0.5700794784071721,0.007544661559292644,STOP_LOSS,9
2023-07-07 00:00:00,2023-07-08 12:00:00,SOLUSDT,19.61,21.3429375,0.5368298744052531,3.0,26.511027536970964,0.921126599311103,0.009166021166051334,STOP_LOSS,10
2023-07-08 16:00:00,2023-07-13 00:00:00,SOLUSDT,21.52,21.530695440000002,0.6159896181179262,3.0,0.1491000000000387,-0.004021867888314278,0.01061014788951918,STOP_LOSS,27
2023-07-13 04:00:00,2023-07-13 16:00:00,SOLUSDT,21.65,24.06,0.6085638073933377,3.0,33.39491916859123,1.454925139653237,0.011713636164706965,STOP_LOSS,4
2023-07-13 20:00:00,2023-07-13 20:00:00,BTCUSDT,31606.0,31021.97071107143,0.0005537822634404662,3.0,-5.543529288064642,-0.3371685952637984,0.01374353372540879,STOP_LOSS,1
2023-07-14 00:00:00,2023-07-14 04:00:00,LINKUSDT,7.128,7.216,2.3078196991880886,3.0,3.703703703703707,0.189765551969079,0.013322581559473,SIGNAL_EXIT,1
2023-07-14 04:00:00,2023-07-14 08:00:00,SOLUSDT,28.54,28.71,0.5946556296751329,3.0,1.7869656622284693,0.08743340654239515,0.013658050502378453,SIGNAL_EXIT,1
2023-07-14 08:00:00,2023-07-14 16:00:00,AVAXUSDT,15.316,14.741105125000002,1.1225405143881917,3.0,-11.26067266257505,-0.6585807788853675,0.01323799018373433,STOP_LOSS,3
2023-07-14 20:00:00,2023-07-15 12:00:00,SOLUSDT,26.07,27.622504,0.5818582752369563,3.0,17.865408515535087,0.8904793937103423,0.012857906028132741,STOP_LOSS,5
2023-07-15 16:00:00,2023-07-15 20:00:00,AVAXUSDT,15.126,15.059,1.1758699008366853,3.0,-1.3288377627925458,-0.09294922322541782,0.014165939869359717,SIGNAL_EXIT,1
2023-07-15 20:00:00,2023-07-18 00:00:00,SOLUSDT,27.9,26.8,0.6256759576286081,3.0,-11.82795698924729,-0.7016580459230248,0.013414492531557357,SIGNAL_EXIT,13
2023-07-18 00:00:00,2023-07-18 08:00:00,LINKUSDT,7.185,6.920032928571429,2.124114769348831,3.0,-11.063343274679374,-0.5745796251309013,0.011759155318367054,STOP_LOSS,3
2023-07-18 12:00:00,2023-07-18 20:00:00,LINKUSDT,6.92,6.877,1.950218710128715,3.0,-1.8641618497109893,-0.09458872779117918,0.010729323255644138,SIGNAL_EXIT,2
2023-07-19 00:00:00,2023-07-19 20:00:00,SOLUSDT,25.54,26.77,0.5157837851006727,3.0,14.4479248238058,0.6233680301321116,0.011046025541716006,SIGNAL_EXIT,5
2023-07-19 20:00:00,2023-07-20 00:00:00,LINKUSDT,7.026,6.911,2.13354727331839,3.0,-4.910333048676355,-0.257153892596338,0.011795956164722714,SIGNAL_EXIT,1
2023-07-20 00:00:00,2023-07-20 08:00:00,SOLUSDT,26.31,26.86,0.5390909124419088,3.0,6.271379703534786,0.2849160163164985,0.011583985526551736,SIGNAL_EXIT,2
2023-07-20 08:00:00,2023-07-20 12:00:00,LINKUSDT,7.428,7.9528528000000005,2.019094536245876,3.0,21.19760904684978,1.0468813715045124,0.012846049308838176,STOP_LOSS,2
2023-07-20 16:00:00,2023-07-21 04:00:00,LINKUSDT,8.063,8.067007311000001,2.2438127144047963,3.0,0.14910000000001908,-0.005489027484919249,0.0144806828572946,STOP_LOSS,4
2023-07-21 08:00:00,2023-07-24 04:00:00,LINKUSDT,8.069,7.703,2.232521951838295,3.0,-13.60763415540961,-0.8308607276488255,0.013757693276008311,SIGNAL_EXIT,17
2023-07-24 08:00:00,2023-07-24 08:00:00,LINKUSDT,7.729,7.4538025,1.9928811736732266,3.0,-10.681750549877087,-0.5603195509315605,0.011883634139622744,STOP_LOSS,1
2023-08-02 00:00:00,2023-08-02 04:00:00,BNBUSDT,247.8,245.8,0.055231628558630966,3.0,-2.4213075060532683,-0.12132400455703113,0.010860747439769194,SIGNAL_EXIT,1
2023-08-02 04:00:00,2023-08-02 12:00:00,LINKUSDT,7.629,7.652,1.741162218421316,3.0,0.9044435705859447,0.029388032387403343,0.01065869863628793,SIGNAL_EXIT,2
2023-08-02 12:00:00,2023-08-02 12:00:00,BNBUSDT,246.0,243.07198114829006,0.05419966036725518,3.0,-3.5707546972072395,-0.1692371623700256,0.01053953505842654,STOP_LOSS,1
2023-08-08 20:00:00,2023-08-09 08:00:00,BNBUSDT,246.4,244.9,0.05192293690318003,3.0,-1.8262987012987015,-0.08805714715284108,0.010172741798071032,SIGNAL_EXIT,3
2023-08-09 08:00:00,2023-08-09 16:00:00,BTCUSDT,29818.01,29375.848603571427,0.00041897600132874733,3.0,-4.448600658748571,-0.1951012342844284,0.009846220466850419,STOP_LOSS,3
2023-08-10 16:00:00,2023-08-10 20:00:00,SOLUSDT,24.56,24.6,0.48340194854385493,3.0,0.488599348534235,0.009822727594412438,0.009513350347343066,SIGNAL_EXIT,1
2023-08-14 16:00:00,2023-08-14 16:00:00,BTCUSDT,29600.0,29389.10583071429,0.0004009313984090593,3.0,-2.137440904922752,-0.0939805064469973,0.009426412238960095,STOP_LOSS,1
2023-09-18 04:00:00,2023-09-21 12:00:00,LINKUSDT,6.62,6.62329014,1.745826474356444,3.0,0.1490999999999923,-0.003506478702665985,0.0092504922190048,STOP_LOSS,21
2023-09-27 12:00:00,2023-09-27 16:00:00,LINKUSDT,7.629,7.585,1.5024244515076703,3.0,-1.730239874164357,-0.07522338743808543,0.009116711571748544,SIGNAL_EXIT,1
2023-09-28 16:00:00,2023-09-29 08:00:00,LINKUSDT,7.878,7.779,1.4228227625831795,3.0,-3.769992383853778,-0.1497139641118427,0.008854510616107644,SIGNAL_EXIT,4
2023-09-29 08:00:00,2023-09-29 20:00:00,ETHUSDT,1686.19,1665.19,0.0063590387374640985,3.0,-3.736233757761581,-0.14201101965893634,0.008471206172190274,SIGNAL_EXIT,3
2023-09-29 20:00:00,2023-09-30 16:00:00,LINKUSDT,8.042,8.218,1.2765284670694976,3.0,6.565530962447158,0.21627660145033006,0.008392408753901705,SIGNAL_EXIT,5
2023-09-30 16:00:00,2023-10-01 12:00:00,SOLUSDT,21.44,22.97,0.507441138611071,3.0,21.4085820895522,0.7670602037118203,0.009324738363117039,STOP_LOSS,6
2023-10-01 16:00:00,2023-10-02 16:00:00,SOLUSDT,23.09,23.10147573,0.5704180593073791,3.0,0.14910000000001034,-0.003996035526698574,0.010541999162434496,STOP_LOSS,7
2023-10-02 20:00:00,2023-10-04 16:00:00,SOLUSDT,23.83,22.69,0.5504116350218232,3.0,-14.351657574485907,-0.6374603359237929,0.009991071998916136,SIGNAL_EXIT,11
2023-10-04 16:00:00,2023-10-07 08:00:00,AVAXUSDT,9.732,10.776,1.148973125112857,3.0,32.18249075215785,1.1896228751008502,0.009905067516972918,STOP_LOSS,17
2023-10-07 12:00:00,2023-10-08 08:00:00,AVAXUSDT,10.568,10.026972660714286,1.388625911818249,3.0,-15.358459669352213,-0.7624235535772343,0.011138971243008822,STOP_LOSS,6
2023-10-08 12:00:00,2023-10-08 20:00:00,SOLUSDT,23.22,23.33,0.5314576874909496,3.0,1.4211886304909487,0.048541219344673064,0.009919126279331083,SIGNAL_EXIT,2
2023-10-08 20:00:00,2023-10-09 08:00:00,BTCUSDT,27894.99,27517.054554642862,0.0004464937993798979,3.0,-4.064551864228733,-0.17857478830652018,0.009828955388677134,STOP_LOSS,4
2023-10-09 12:00:00,2023-10-09 16:00:00,BTCUSDT,27468.91,27443.32,0.0004327069006927031,3.0,-0.2794796007559107,-0.020572900742260793,0.009499931153534457,SIGNAL_EXIT,1
2023-10-09 16:00:00,2023-10-09 16:00:00,SOLUSDT,22.21,21.573305714285716,0.5311027111955957,3.0,-8.600102913745399,-0.34731617426904665,0.009166112923446865,STOP_LOSS,1
2023-10-09 20:00:00,2023-10-10 16:00:00,BTCUSDT,27616.66,27264.557797321428,0.00038840201359424773,3.0,-3.8248890634700814,-0.14522889182991647,0.008471687318589112,STOP_LOSS,6
2023-10-10 20:00:00,2023-10-11 00:00:00,BTCUSDT,27397.31,27390.12,0.0003744429580405829,3.0,-0.07873035710442734,-0.010897074911421887,0.008204830043109224,SIGNAL_EXIT,1
2023-10-11 00:00:00,2023-10-11 04:00:00,SOLUSDT,22.11,21.98,0.46139501472109246,3.0,-1.7639077340569742,-0.06809452185259725,0.00811316993885569,SIGNAL_EXIT,1
2023-10-11 12:00:00,2023-10-11 16:00:00,SOLUSDT,22.14,21.99,0.4504810021083405,3.0,-2.0325203252032806,-0.07549701210534196,0.007924861789089925,SIGNAL_EXIT,1
2023-10-16 00:00:00,2023-10-16 08:00:00,SOLUSDT,21.93,22.82,0.44338361991170344,3.0,12.175102599179215,0.38651701035630825,0.00809441136510806,SIGNAL_EXIT,2
2023-10-16 08:00:00,2023-10-19 16:00:00,BTCUSDT,27849.05,28680.09,0.0003899624707440438,3.0,8.95226228542806,0.31512708468108125,0.008947327006049234,SIGNAL_EXIT,20
2023-10-19 16:00:00,2023-10-21 16:00:00,SOLUSDT,24.77,29.04,0.474652614876745,3.0,51.715785224061364,2.0157395359748844,0.01102712954881654,SIGNAL_EXIT,12
2023-10-21 16:00:00,2023-10-23 04:00:00,LINKUSDT,8.947,10.433376425,1.9864576463465482,3.0,49.83937940091656,2.9360434464891765,0.01658036830132245,STOP_LOSS,10
2023-10-23 08:00:00,2023-10-24 00:00:00,LINKUSDT,10.444,10.578,2.5359833427861314,3.0,3.8490999617004564,0.3183612624933446,0.02146050543999336,SIGNAL_EXIT,4
2023-10-24 00:00:00,2023-10-24 04:00:00,BNBUSDT,228.6,230.6,0.11964763116903714,3.0,2.6246719160104988,0.2172226673400103,0.022072594998063973,SIGNAL_EXIT,1
2023-10-24 04:00:00,2023-10-24 12:00:00,BTCUSDT,34061.59,34542.9,0.0008197987571322693,3.0,4.239173802514841,0.3719227586051412,0.022654581190195415,SIGNAL_EXIT,2
2023-10-24 12:00:00,2023-10-24 12:00:00,ETHUSDT,1845.69,1786.2145103571431,0.01568944664167673,3.0,-9.667195949946676,-0.9555572950398704,0.022419773800669698,STOP_LOSS,1
2023-10-24 16:00:00,2023-10-25 04:00:00,BTCUSDT,33668.89,33999.39,0.0007729383823764853,3.0,2.9448550278907324,0.23443258856871857,0.0210235468067098,SIGNAL_EXIT,3
2023-10-25 04:00:00,2023-10-26 08:00:00,LINKUSDT,11.335,11.219,2.350153504238097,3.0,-3.070136744596421,-0.2937109042228604,0.02109309773123777,SIGNAL_EXIT,7
2023-10-26 08:00:00,2023-10-26 12:00:00,ETHUSDT,1849.35,1812.32,0.013873368499917754,3.0,-6.006975423797547,-0.5338452221117708,0.020114386559816753,SIGNAL_EXIT,1
2023-10-26 12:00:00,2023-10-26 12:00:00,NEARUSDT,1.194,1.1334758035714285,20.08606458301081,3.0,-15.207084529791818,-1.2339065728541705,0.01821365455505263,STOP_LOSS,1
2023-10-26 16:00:00,2023-10-29 08:00:00,NEARUSDT,1.165,1.207,17.361754628891127,3.0,10.815450643776833,0.7124291841437707,0.016764510269657276,SIGNAL_EXIT,16
2023-10-29 08:00:00,2023-10-29 12:00:00,AVAXUSDT,11.019,10.933,2.017640672171931,3.0,-2.3414102913150097,-0.19116419018187125,0.017647092375084578,SIGNAL_EXIT,1
2023-10-29 12:00:00,2023-10-30 16:00:00,NEARUSDT,1.222,1.273,17.67214127780273,3.0,12.520458265139101,0.8832818964906237,0.017997308677314302,SIGNAL_EXIT,7
2023-10-30 16:00:00,2023-10-30 20:00:00,AVAXUSDT,11.621,11.54,2.0788967420121236,3.0,-2.091042078994956,-0.18758301082524062,0.019192374722255923,SIGNAL_EXIT,1
2023-10-30 20:00:00,2023-10-31 08:00:00,NEARUSDT,1.298,1.291,18.12558801619592,3.0,-1.6178736517719838,-0.14559922341650072,0.018720107303127145,SIGNAL_EXIT,3
2023-10-31 08:00:00,2023-11-01 16:00:00,SOLUSDT,35.72,40.67,0.6445311327161216,3.0,41.57334826427774,3.169458642010752,0.020970464934051733,SIGNAL_EXIT,8
2023-11-01 16:00:00,2023-11-02 04:00:00,NEARUSDT,1.456,1.498,22.2795333936508,3.0,8.653846153846162,0.9090406097143834,0.02669979281895112,SIGNAL_EXIT,3
2023-11-02 04:00:00,2023-11-02 16:00:00,SOLUSDT,42.59,40.03,0.8230500267128236,3.0,-18.032401972293982,-2.133365422440282,0.026357354055451466,SIGNAL_EXIT,3
2023-11-02 16:00:00,2023-11-03 00:00:00,NEARUSDT,1.48,1.48073556,19.295235702273054,3.0,0.1491000000000161,-0.008664109741184329,0.02285691331434983,STOP_LOSS,3
2023-11-03 04:00:00,2023-11-03 16:00:00,NEARUSDT,1.466,1.4667286019999999,19.405274681666835,3.0,0.14909999999998189,-0.00863109518060365,0.022769817124213755,STOP_LOSS,4
2023-11-03 20:00:00,2023-11-04 04:00:00,NEARUSDT,1.481,1.514,19.13564783650078,3.0,6.684672518568519,0.6082992819449544,0.023177096659569747,SIGNAL_EXIT,2
2023-11-04 04:00:00,2023-11-05 04:00:00,SOLUSDT,41.12,42.52,0.7315503026822766,3.0,10.214007782101211,0.9992860086591511,0.024884415096040325,SIGNAL_EXIT,6
2023-11-05 04:00:00,2023-11-05 12:00:00,BNBUSDT,242.8,243.8,0.13575112363323458,3.0,1.2355848434925865,0.1092742244798085,0.026476899153426076,SIGNAL_EXIT,2
2023-11-05 12:00:00,2023-11-06 08:00:00,NEARUSDT,1.641,1.606,20.22722209666543,3.0,-6.398537477148065,-0.7339407083330842,0.025987934949795746,SIGNAL_EXIT,5
2023-11-06 08:00:00,2023-11-07 16:00:00,BNBUSDT,244.3,244.5,0.12640731331809849,3.0,0.24559967253375603,0.0005561921785981923,0.024725270485020066,SIGNAL_EXIT,8
2023-11-07 16:00:00,2023-11-07 20:00:00,LINKUSDT,12.719,13.069,2.4174893577036136,3.0,8.255365987892164,0.8208459404636054,0.025275334732662823,SIGNAL_EXIT,1
2023-11-07 20:00:00,2023-11-08 00:00:00,SOLUSDT,43.86,42.93,0.7551205401152011,3.0,-6.361149110807111,-0.7281959621368532,0.025933859829716466,SIGNAL_EXIT,1
2023-11-08 00:00:00,2023-11-09 16:00:00,LINKUSDT,13.053,15.126,2.363997522777645,3.0,47.64421971960465,4.871960603494427,0.028606261223627732,STOP_LOSS,11
2023-11-09 20:00:00,2023-11-10 00:00:00,LINKUSDT,14.332,14.61,3.161240230361436,3.0,5.819145967066676,0.8418762082280106,0.03694857581246447,SIGNAL_EXIT,1
2023-11-10 00:00:00,2023-11-10 16:00:00,ETHUSDT,2121.33,2089.94,0.022496154089825107,3.0,-4.4391961646702605,-0.7437667667023985,0.03761248982279127,SIGNAL_EXIT,4
2023-11-10 16:00:00,2023-11-10 20:00:00,LINKUSDT,15.065,15.064,3.004477520632906,3.0,-0.019913707268492117,-0.039212037017282514,0.036207559496651276,SIGNAL_EXIT,1
2023-11-10 20:00:00,2023-11-11 04:00:00,SOLUSDT,54.11,54.13689267,0.831906499448894,3.0,0.14910000000001267,-0.013657279337175969,0.03602946629771216,STOP_LOSS,3
2023-11-11 08:00:00,2023-11-11 16:00:00,SOLUSDT,54.27,60.66137125,0.8262961097141296,3.0,35.33096323935875,5.241065795554693,0.04009940405903964,STOP_LOSS,3
2023-11-11 20:00:00,2023-11-12 12:00:00,AVAXUSDT,16.749,18.098810999999998,3.607622803599724,3.0,24.177162815690473,4.81737399752443,0.05223494662531322,STOP_LOSS,5
2023-11-12 16:00:00,2023-11-13 04:00:00,AVAXUSDT,18.088,18.096989736000005,4.127519745194202,3.0,0.14910000000006213,-0.022651233127034855,0.05975654597113346,STOP_LOSS,4
2023-11-13 08:00:00,2023-11-13 20:00:00,AVAXUSDT,18.101,16.44611519642857,4.106877874451894,3.0,-27.427514561152933,-6.850443533850897,0.05403374929671965,STOP_LOSS,4
2023-11-14 00:00:00,2023-11-14 16:00:00,AVAXUSDT,16.121,17.178693250000002,3.3220976393390544,3.0,19.682896532473237,3.4681048119356594,0.04565543703420381,STOP_LOSS,5
2023-11-14 20:00:00,2023-11-16 08:00:00,AVAXUSDT,16.737,22.831251675,3.810080882456514,3.0,109.23555610324436,23.150000667372524,0.06959113242357662,STOP_LOSS,10
2023-11-16 12:00:00,2023-11-16 16:00:00,AVAXUSDT,23.182,21.150191339285712,5.731312598549004,3.0,-26.293788206983265,-11.741905261460426,0.0969746864676562,STOP_LOSS,2
2023-11-16 20:00:00,2023-11-17 04:00:00,AVAXUSDT,22.013,23.410830999999998,4.422245107664846,3.0,19.05007495570794,6.09872855480735,0.08282274628489482,STOP_LOSS,3
2023-11-17 08:00:00,2023-11-17 12:00:00,AVAXUSDT,22.72,20.327712625,5.076786829377175,3.0,-31.58830160651407,-12.22769260846606,0.0825595709807713,STOP_LOSS,2
2023-11-17 16:00:00,2023-11-18 00:00:00,AVAXUSDT,20.178,21.580081250000003,3.883472115631314,3.0,20.845692090395506,5.377898923194558,0.06704451502994654,STOP_LOSS,3
2023-11-18 04:00:00,2023-11-19 00:00:00,AVAXUSDT,20.817,20.827346049,4.527729243480217,3.0,0.14909999999998433,-0.028596358404337226,0.07544046701611157,STOP_LOSS,6
2023-11-19 04:00:00,2023-11-19 12:00:00,AVAXUSDT,21.122,21.132497634,4.443099581351935,3.0,0.14910000000000048,-0.028472999881850945,0.07511503311243693,STOP_LOSS,3
2023-11-19 16:00:00,2023-11-19 20:00:00,AVAXUSDT,21.532,22.276,4.341949253238267,3.0,10.36596693293702,3.153033235157161,0.07737700925210853,SIGNAL_EXIT,1
2023-11-19 20:00:00,2023-11-20 16:00:00,NEARUSDT,2.037,2.0380123890000004,50.40322874604913,3.0,0.1491000000000658,-0.031150249357032832,0.08217792370403927,STOP_LOSS,6
2023-11-20 20:00:00,2023-11-21 04:00:00,NEARUSDT,1.999,1.954,51.140940145838776,3.0,-6.753376688344195,-2.3812858241987276,0.07994351763597518,SIGNAL_EXIT,2
2023-11-21 04:00:00,2023-11-21 08:00:00,BNBUSDT,262.7,257.4,0.3608643452382291,3.0,-6.052531404644094,-1.9868902157340744,0.07430918597145612,SIGNAL_EXIT,1
2023-11-21 08:00:00,2023-11-21 12:00:00,NEARUSDT,1.907,1.929,46.46861228684454,3.0,3.4609334032511834,0.9505991078295224,0.0717103624810585,SIGNAL_EXIT,1
2023-11-21 12:00:00,2023-11-21 16:00:00,AVAXUSDT,21.435,21.497,4.255156826194622,3.0,0.8677396780965874,0.19064123818990691,0.07317848503416464,SIGNAL_EXIT,1
2023-11-21 16:00:00,2023-11-21 16:00:00,BNBUSDT,264.4,252.29955357142856,0.34630049340889957,3.0,-13.729704722282243,-4.260287736593143,0.06989716791090464,STOP_LOSS,1
2023-11-21 20:00:00,2023-11-21 20:00:00,AVAXUSDT,20.829,19.372219446428574,3.772214868548845,3.0,-20.98200422830804,-5.553750203781042,0.05846093938608715,STOP_LOSS,1
2023-11-22 00:00:00,2023-11-22 04:00:00,AVAXUSDT,19.027,19.902,3.2445982221977725,3.0,13.79618436958007,2.787364249368507,0.05165919505454406,SIGNAL_EXIT,1
2023-11-22 04:00:00,2023-11-22 08:00:00,NEARUSDT,1.856,1.823,37.66760559450668,3.0,-5.334051724137953,-1.2979654206177542,0.054934435999028544,SIGNAL_EXIT,1
2023-11-22 08:00:00,2023-11-24 16:00:00,AVAXUSDT,20.174,21.585,3.2642266410330354,3.0,20.982452661841993,4.549457124860259,0.05636666563735846,SIGNAL_EXIT,14
2023-11-24 16:00:00,2023-11-24 20:00:00,BTCUSDT,38221.1,37766.11,0.0020696391016302084,3.0,-3.571247295342086,-1.0041948692286984,0.0625297743779741,SIGNAL_EXIT,1
2023-11-24 20:00:00,2023-11-25 20:00:00,AVAXUSDT,21.016,21.153,3.6099245471058663,3.0,1.9556528359345329,0.43347107579756106,0.06108858715594431,SIGNAL_EXIT,6
2023-11-25 20:00:00,2023-11-26 00:00:00,BTCUSDT,37819.43,37780.67,0.002032641640064311,3.0,-0.307461006154789,-0.14022084039411964,0.06143565042522281,SIGNAL_EXIT,1
2023-11-26 00:00:00,2023-11-26 16:00:00,AVAXUSDT,21.378,20.55447910714286,3.567617466301824,3.0,-11.556565995749924,-2.9966719361603076,0.05866441493870304,STOP_LOSS,5
2023-11-26 20:00:00,2023-11-27 16:00:00,AVAXUSDT,20.843,20.007015821428574,3.215958609405946,3.0,-12.032589050109282,-2.73996390422749,0.05147338782355536,STOP_LOSS,6
2023-11-27 20:00:00,2023-11-28 16:00:00,AVAXUSDT,20.007,20.36,2.9285866966464122,3.0,5.293147398410525,0.9860902838012008,0.04770082011497676,SIGNAL_EXIT,5
2023-11-28 16:00:00,2023-11-30 16:00:00,BTCUSDT,37513.2,37619.85,0.001635436973897489,3.0,0.8528997792777059,0.1251994383521876,0.04921991491398196,SIGNAL_EXIT,12
2023-11-30 16:00:00,2023-11-30 20:00:00,NEARUSDT,1.878,1.873,32.69370339413468,3.0,-0.7987220447284175,-0.21245676213644132,0.04898824516577141,SIGNAL_EXIT,1
2023-11-30 20:00:00,2023-12-01 00:00:00,BTCUSDT,37749.34,37723.97,0.0016049300320878175,3.0,-0.2016194190414615,-0.08915254082012436,0.048435465906063895,SIGNAL_EXIT,1
2023-12-01 00:00:00,2023-12-01 08:00:00,AVAXUSDT,21.409,22.279,2.81061243787349,3.0,12.191134569573558,2.395138713347232,0.050094107602706786,SIGNAL_EXIT,2
2023-12-01 08:00:00,2023-12-02 16:00:00,BTCUSDT,38244.08,38811.76,0.0017565419607182356,3.0,4.453081365795701,0.942614152253068,0.05453958800746048,SIGNAL_EXIT,8
2023-12-02 16:00:00,2023-12-02 20:00:00,LINKUSDT,15.848,16.115,4.399091885424167,3.0,5.054265522463358,1.1178444408213541,0.05671309258688836,SIGNAL_EXIT,1
2023-12-02 20:00:00,2023-12-03 08:00:00,BTCUSDT,39419.99,39478.71,0.0018484570640404246,3.0,0.4468798698325482,0.0501616384974932,0.05837976030296268,SIGNAL_EXIT,3
2023-12-03 08:00:00,2023-12-03 12:00:00,LINKUSDT,16.285,16.01,4.470773587849147,3.0,-5.066011667178359,-1.2867244047716808,0.05726166811317188,SIGNAL_EXIT,1
2023-12-03 12:00:00,2023-12-05 04:00:00,BTCUSDT,39479.69,41829.98,0.0017411539770353936,3.0,17.859486738624348,4.033950831857468,0.058265948829048786,SIGNAL_EXIT,10
2023-12-05 04:00:00,2023-12-05 12:00:00,NEARUSDT,2.256,2.19,35.68029381872762,3.0,-8.776595744680831,-2.417411266806428,0.0625118747704108,SIGNAL_EXIT,2
2023-12-05 12:00:00,2023-12-06 04:00:00,BTCUSDT,41726.09,43736.06,0.0017499231133428891,3.0,14.451174313241436,3.456065166301368,0.06122779382444112,SIGNAL_EXIT,4
2023-12-06 04:00:00,2023-12-08 00:00:00,AVAXUSDT,26.722,26.28,3.1108540455176152,3.0,-4.962203427887137,-1.440400083571749,0.06540259545296236,SIGNAL_EXIT,11
2023-12-08 00:00:00,2023-12-08 20:00:00,SOLUSDT,67.74,72.28,1.1575497697599204,3.0,20.106288751107204,5.188341796823448,0.06693415788659765,SIGNAL_EXIT,5
2023-12-08 20:00:00,2023-12-09 12:00:00,AVAXUSDT,29.446,32.5588883,3.1741915681623727,3.0,31.714544929701805,9.798225275522816,0.08267851896848043,STOP_LOSS,5
2023-12-09 16:00:00,2023-12-11 00:00:00,AVAXUSDT,32.968,36.103713075,3.7161474232479024,3.0,28.534151980708543,11.545438687455325,0.1073333762506743,STOP_LOSS,9
2023-12-11 04:00:00,2023-12-12 04:00:00,AVAXUSDT,36.427,40.730861925,4.298739198739191,3.0,35.4450977983364,18.361106880754264,0.1400730822043449,STOP_LOSS,7
2023-12-12 08:00:00,2023-12-12 16:00:00,AVAXUSDT,40.978,37.656,5.149463268506189,3.0,-24.3203670262092,-17.26164352904867,0.15512655107109521,SIGNAL_EXIT,2
2023-12-12 16:00:00,2023-12-13 04:00:00,BNBUSDT,254.2,246.4,0.6241747622161502,3.0,-9.20535011801729,-4.991600474414009,0.12303732912804753,SIGNAL_EXIT,3
2023-12-13 04:00:00,2023-12-13 16:00:00,AVAXUSDT,35.013,38.384087375,4.089070512424428,3.0,28.88430618627369,13.659049788053629,0.1255641918651482,STOP_LOSS,4
2023-12-13 20:00:00,2023-12-14 12:00:00,AVAXUSDT,41.052,36.85845069642857,4.474827804457003,3.0,-30.64563945901367,-18.897359198987203,0.1319481760044689,STOP_LOSS,5
2023-12-14 16:00:00,2023-12-15 20:00:00,AVAXUSDT,38.245,40.094368100000004,3.3061564222418074,3.0,14.506744149562087,6.0082536188325175,0.10604660207163366,STOP_LOSS,8
2023-12-16 00:00:00,2023-12-16 16:00:00,AVAXUSDT,39.749,42.857567075,3.620083096768475,3.0,23.461473810661875,11.129152760069044,0.12411836330946292,STOP_LOSS,5
2023-12-16 20:00:00,2023-12-18 00:00:00,AVAXUSDT,42.527,39.02747798214286,4.156465164653778,3.0,-24.68682496665981,-14.675414442319747,0.1297730821576553,STOP_LOSS,8
2023-12-18 04:00:00,2023-12-19 12:00:00,AVAXUSDT,39.548,39.567655356,3.3400238351047604,3.0,0.14910000000000934,-0.04007617206312697,0.10572552959060046,STOP_LOSS,9
2023-12-19 16:00:00,2023-12-20 04:00:00,AVAXUSDT,39.804,40.281,3.3010958081646185,3.0,3.595116068736786,1.4682455482955692,0.1063771521989432,SIGNAL_EXIT,3
2023-12-20 04:00:00,2023-12-20 20:00:00,NEARUSDT,2.602,2.891,52.019250952213696,3.0,33.32052267486551,14.913253401587486,0.12031012360227983,STOP_LOSS,5
2023-12-21 00:00:00,2023-12-22 04:00:00,NEARUSDT,2.848,3.569,63.05748525711742,3.0,75.94803370786518,45.28440513847554,0.18004173190612166,STOP_LOSS,8
2023-12-22 08:00:00,2023-12-22 20:00:00,NEARUSDT,3.361,3.335,93.5719361757282,3.0,-2.320737875632274,-2.682520266285799,0.24964992571684286,SIGNAL_EXIT,3
2023-12-22 20:00:00,2023-12-23 08:00:00,SOLUSDT,96.91,95.35,3.1512954897627266,3.0,-4.8292229904034745,-5.1564017839889615,0.24038081995910077,SIGNAL_EXIT,3
2023-12-23 08:00:00,2023-12-23 12:00:00,NEARUSDT,3.366,3.333,85.87637125796994,3.0,-2.941176470588228,-3.062901007835252,0.22898075632225107,SIGNAL_EXIT,1
2023-12-23 12:00:00,2023-12-23 16:00:00,SOLUSDT,95.87,96.77,2.910678728402599,3.0,2.8163137582142217,2.3942777511242985,0.22533310443801563,SIGNAL_EXIT,1
2023-12-23 16:00:00,2023-12-23 20:00:00,NEARUSDT,3.425,3.533,83.37347282670562,3.0,9.459854014598548,8.768688281686813,0.2356467835974008,SIGNAL_EXIT,1
2023-12-23 20:00:00,2023-12-24 00:00:00,SOLUSDT,102.87,107.88,3.0233480784315545,3.0,14.610673665791749,14.886046840381104,0.2609270325609569,SIGNAL_EXIT,1
2023-12-24 00:00:00,2023-12-24 04:00:00,NEARUSDT,3.909,3.987,90.78736313036393,3.0,5.986185725249447,6.791838950727804,0.2895753734406088,SIGNAL_EXIT,1
2023-12-24 04:00:00,2023-12-24 08:00:00,SOLUSDT,116.22,108.19532035714286,3.219933966031755,3.0,-20.71419629028688,-26.11764397814619,0.27870542958692107,STOP_LOSS,2
2023-12-24 12:00:00,2023-12-24 20:00:00,SOLUSDT,110.35,110.40484395,2.6736053122069987,3.0,0.14910000000001564,-0.08951210576005336,0.23614318182248376,STOP_LOSS,3
2023-12-25 00:00:00,2023-12-25 20:00:00,SOLUSDT,112.45,119.861937,2.6134714182585594,3.0,19.773953757225414,19.120280906243792,0.25060459718928646,STOP_LOSS,6
2023-12-26 00:00:00,2023-12-26 04:00:00,SOLUSDT,120.91,119.37,2.8896858472148796,3.0,-3.821023902075905,-4.7260696443765235,0.2759534396656321,SIGNAL_EXIT,1
2023-12-26 04:00:00,2023-12-26 08:00:00,NEARUSDT,4.331,4.299,77.12243287807884,3.0,-2.216578157469409,-2.7331573232528137,0.2652394711542888,STOP_LOSS,2
2023-12-26 12:00:00,2023-12-26 16:00:00,NEARUSDT,4.5,4.236,72.22726733032644,3.0,-17.600000000000016,-19.312762338735208,0.24476376352901025,SIGNAL_EXIT,1
2023-12-26 16:00:00,2023-12-26 16:00:00,BNBUSDT,296.1,286.3484035714286,0.8995295917349164,3.0,-9.88003690838036,-8.977912644203357,0.2060630900468418,STOP_LOSS,1
2023-12-26 20:00:00,2023-12-27 00:00:00,BNBUSDT,295.6,284.72584107142865,0.807846006296936,3.0,-11.036020563502749,-8.968657569163826,0.18401170687927182,STOP_LOSS,2
2023-12-27 04:00:00,2023-12-28 20:00:00,BNBUSDT,290.1,320.9029225,0.7285133169987642,3.0,31.85410806618404,22.25331360172678,0.18702564200405788,STOP_LOSS,11
2023-12-29 00:00:00,2024-01-01 20:00:00,BNBUSDT,322.6,311.9,0.8585668393940674,3.0,-9.950402975821493,-9.400894779282167,0.2142295977656077,SIGNAL_EXIT,23
2024-01-01 20:00:00,2024-01-02 00:00:00,SOLUSDT,108.82,109.93,2.2657742885798844,3.0,3.060099246462085,2.3157482062888333,0.19926125403486938,SIGNAL_EXIT,1
2024-01-02 00:00:00,2024-01-03 12:00:00,BTCUSDT,44179.55,43702.89,0.005724628185824313,3.0,-3.2367464132160926,-2.928847507771821,0.20014623671678364,SIGNAL_EXIT,9
2024-01-03 12:00:00,2024-01-03 12:00:00,BNBUSDT,323.1,313.5432642857143,0.7483594393821584,3.0,-8.873477914842812,-7.339587830652631,0.1877144491863273,STOP_LOSS,1
2024-01-03 16:00:00,2024-01-04 16:00:00,BNBUSDT,316.9,319.7,0.6917433844731353,3.0,2.6506784474597773,1.7599611885119377,0.1769202880128491,SIGNAL_EXIT,6
2024-01-04 16:00:00,2024-01-05 00:00:00,NEARUSDT,3.928,3.911,56.936563126646114,3.0,-1.2983706720977526,-1.1460646918636288,0.17814311871065036,SIGNAL_EXIT,2
2024-01-05 00:00:00,2024-01-05 16:00:00,BNBUSDT,323.6,310.2767428571429,0.6785080451548283,3.0,-12.351598092883618,-9.2083573720975,0.1684202130024059,STOP_LOSS,5
2024-01-05 20:00:00,2024-01-06 04:00:00,BNBUSDT,314.1,307.8,0.6088054065549657,3.0,-6.017191977077375,-3.985386304606386,0.14991224331009478,SIGNAL_EXIT,2
2024-01-06 04:00:00,2024-01-06 08:00:00,BTCUSDT,43931.1,43653.2,0.004068413822478659,3.0,-1.8977444225161775,-1.2726916270871655,0.1420794258203403,SIGNAL_EXIT,1
2024-01-06 08:00:00,2024-01-06 16:00:00,BNBUSDT,303.7,307.0,0.5745338238676052,3.0,3.2597958511689287,1.7548561116212198,0.14110550714188386,SIGNAL_EXIT,2
2024-01-06 16:00:00,2024-01-10 12:00:00,BTCUSDT,43867.17,45515.88,0.004086027716812503,3.0,11.27524296643708,6.587891439197849,0.1487833177880895,SIGNAL_EXIT,23
2024-01-10 12:00:00,2024-01-12 16:00:00,ETHUSDT,2402.21,2577.5818190000005,0.08221169811499414,3.0,21.90130991878317,14.248089138809167,0.1695259026962604,STOP_LOSS,14
2024-01-12 20:00:00,2024-01-13 00:00:00,ETHUSDT,2584.44,2522.55,0.09251798816304678,3.0,-7.184148210057097,-5.912643288243508,0.18670500083255495,SIGNAL_EXIT,1
2024-01-16 16:00:00,2024-01-16 20:00:00,ETHUSDT,2559.44,2574.06,0.08627261922642392,3.0,1.713656112274547,1.0836489744935331,0.177656718596775,SIGNAL_EXIT,1
2024-01-28 04:00:00,2024-01-28 12:00:00,AVAXUSDT,35.849,36.152,6.232277804639,3.0,2.5356355825825356,1.708132729050997,0.18024744575464732,SIGNAL_EXIT,2
2024-01-28 12:00:00,2024-01-28 16:00:00,SOLUSDT,98.4,94.79259750000001,2.3160201465578756,3.0,-10.998178353658512,-8.530450119186868,0.1756332524436414,STOP_LOSS,2
2024-01-29 04:00:00,2024-01-29 08:00:00,SOLUSDT,97.85,96.72,2.062121142833003,3.0,-3.464486458865597,-2.489755576949131,0.15955868554784647,SIGNAL_EXIT,1
2024-01-29 12:00:00,2024-01-31 04:00:00,SOLUSDT,97.44,101.13,1.9892343388707274,3.0,11.360837438423637,7.179337695480982,0.16093701495199733,SIGNAL_EXIT,10
2024-01-31 04:00:00,2024-01-31 12:00:00,LINKUSDT,15.852,15.309037660714287,13.529141121732843,3.0,-10.275593097761421,-7.511508616742387,0.16569450475978115,STOP_LOSS,3
2024-01-31 16:00:00,2024-01-31 20:00:00,SOLUSDT,101.54,100.99,1.884279848726695,3.0,-1.6249753791609551,-1.1885886543380306,0.15223473753832714,SIGNAL_EXIT,1
2024-01-31 20:00:00,2024-01-31 20:00:00,LINKUSDT,15.731,15.138686428571429,11.901082159940707,3.0,-11.295789932526304,-7.193305878803338,0.14413340078400635,STOP_LOSS,1
2024-02-01 00:00:00,2024-02-01 04:00:00,LINKUSDT,15.423,15.188,10.711531578773723,3.0,-4.571095117681374,-2.647359314306551,0.13014939329473227,SIGNAL_EXIT,1
2024-02-01 16:00:00,2024-02-02 20:00:00,LINKUSDT,16.696,17.915736025,9.391069433006198,3.0,21.916675101820786,11.320027363950631,0.1345983367633484,STOP_LOSS,8
2024-02-03 00:00:00,2024-02-05 00:00:00,LINKUSDT,17.825,17.833859025000002,10.660818972548114,3.0,0.14910000000005266,-0.05765437231966335,0.15209883411797476,STOP_LOSS,13
2024-02-05 04:00:00,2024-02-06 12:00:00,LINKUSDT,18.457,18.466173129,10.231739105075839,3.0,0.14910000000000906,-0.05729578987486107,0.151152852580072,STOP_LOSS,9
2024-02-06 16:00:00,2024-02-08 00:00:00,LINKUSDT,18.638,18.81,10.07860052184514,3.0,2.7685373967163383,1.5818565091046084,0.15166278065272568,SIGNAL_EXIT,8
2024-02-08 00:00:00,2024-02-08 08:00:00,BTCUSDT,44349.6,44513.25,0.004324240954179759,3.0,1.1069998376535626,0.5536732172286101,0.15398881492291372,SIGNAL_EXIT,2
2024-02-08 08:00:00,2024-02-08 12:00:00,LINKUSDT,19.15,18.688,10.072319418527751,3.0,-7.237597911227151,-4.803996775594576,0.1505852042347573,SIGNAL_EXIT,1
2024-02-08 12:00:00,2024-02-11 08:00:00,BTCUSDT,44698.97,48179.51,0.003980646170229038,3.0,23.359867128929373,13.701369755756971,0.15342846557200934,SIGNAL_EXIT,17
2024-02-11 08:00:00,2024-02-11 12:00:00,AVAXUSDT,40.849,40.521,5.335035686439095,3.0,-2.4088716982055565,-1.92283648999216,0.17294478484015888,SIGNAL_EXIT,1
2024-02-11 12:00:00,2024-02-12 12:00:00,BTCUSDT,48411.71,47903.04,0.004369598133210676,3.0,-3.152150585054721,-2.3901371097475597,0.16745362732729308,SIGNAL_EXIT,6
2024-02-12 12:00:00,2024-02-12 16:00:00,LINKUSDT,20.468,20.266,9.945440507832462,3.0,-2.9607191713895116,-2.1702224204475606,0.16124343786538614,SIGNAL_EXIT,1
2024-02-12 16:00:00,2024-02-12 20:00:00,BTCUSDT,49917.8,49532.02,0.003937859154923231,3.0,-2.3184916001907503,-1.6751873995213804,0.15604009473507244,SIGNAL_EXIT,1
2024-02-12 20:00:00,2024-02-13 04:00:00,NEARUSDT,3.329,3.298,57.36915493167676,3.0,-2.793631721237621,-1.9298065812537235,0.15136277837173598,SIGNAL_EXIT,2
2024-02-13 04:00:00,2024-02-14 08:00:00,ETHUSDT,2640.46,2653.04,0.0699300584880017,3.0,1.4292964104739243,0.7312983418822498,0.14842179389680643,SIGNAL_EXIT,7
2024-02-14 08:00:00,2024-02-14 12:00:00,NEARUSDT,3.336,3.41,55.79410652399612,3.0,6.654676258992833,3.976557560178268,0.15220632259746142,SIGNAL_EXIT,1
2024-02-14 12:00:00,2024-02-15 08:00:00,ETHUSDT,2755.86,2772.32,0.07166939827401474,3.0,1.791818162025651,1.020725890611872,0.15895240497841323,SIGNAL_EXIT,5
2024-02-15 08:00:00,2024-02-18 16:00:00,BNBUSDT,345.5,352.7,0.5785412737401975,3.0,6.251808972503609,4.002255965130881,0.16324120579853413,SIGNAL_EXIT,20
2024-02-18 16:00:00,2024-02-19 12:00:00,NEARUSDT,3.532,3.548,59.57313180722429,3.0,1.3590033975084947,0.7840777315939641,0.16909237732162544,SIGNAL_EXIT,5
2024-02-19 12:00:00,2024-02-21 12:00:00,ETHUSDT,2913.2,2899.11,0.07275584073982981,3.0,-1.450981738294627,-1.193871544381978,0.16874174835779843,SIGNAL_EXIT,12
2024-02-21 12:00:00,2024-02-24 20:00:00,BNBUSDT,364.2,382.8,0.5682620641141904,3.0,15.32125205930809,10.395649818009625,0.1740245745143297,SIGNAL_EXIT,20
2024-02-24 20:00:00,2024-02-26 04:00:00,NEARUSDT,3.828,3.679,61.80488564122442,3.0,-11.677115987460816,-9.390832099961694,0.18190413941925174,SIGNAL_EXIT,8
2024-02-26 04:00:00,2024-02-26 08:00:00,ETHUSDT,3107.81,3087.19,0.06674440920595176,3.0,-1.9904691728258699,-1.541111855951936,0.16484213812521778,SIGNAL_EXIT,1
2024-02-26 08:00:00,2024-02-27 16:00:00,NEARUSDT,3.841,3.917,52.67156365874745,3.0,5.935954178599293,3.8379872261837353,0.16505161188105102,SIGNAL_EXIT,8
2024-02-27 16:00:00,2024-02-28 20:00:00,BTCUSDT,56745.66,60708.8,0.0037523054975151654,3.0,20.952122153482744,14.688673638232212,0.18223837119003897,STOP_LOSS,8
2024-02-29 00:00:00,2024-02-29 12:00:00,BTCUSDT,62432.11,62936.02,0.0040915369405608495,3.0,2.4213982196020423,1.8557623391405011,0.20600404057750116,SIGNAL_EXIT,3
2024-02-29 12:00:00,2024-03-01 16:00:00,SOLUSDT,129.17,129.23419748999999,2.0065746506712943,3.0,0.1490999999999953,-0.07863739567590558,0.2074544517466254,STOP_LOSS,8
2024-03-01 20:00:00,2024-03-02 00:00:00,SOLUSDT,130.92,129.43,1.9596558492305562,3.0,-3.4142988084325863,-3.1227978206062197,0.20291060525272875,SIGNAL_EXIT,1
2024-03-02 00:00:00,2024-03-02 16:00:00,BTCUSDT,62387.9,61771.21,0.0039523931000905645,3.0,-2.9654307966769307,-2.632716584245456,0.19531528335059622,SIGNAL_EXIT,4
2024-03-02 16:00:00,2024-03-03 04:00:00,NEARUSDT,4.242,4.244108274,55.99170293749167,3.0,0.1491000000000172,-0.07206202825103589,0.1901078797698868,STOP_LOSS,4
2024-03-03 08:00:00,2024-03-03 12:00:00,BTCUSDT,61598.01,61831.1,0.0038393701615713443,3.0,1.1352152447781827,0.7050048066429442,0.18991398431770715,SIGNAL_EXIT,1
2024-03-03 12:00:00,2024-03-04 04:00:00,NEARUSDT,4.226,4.519,56.24564169837708,3.0,20.79981069569334,16.27663377375652,0.20333924386797284,STOP_LOSS,5
2024-03-04 08:00:00,2024-03-04 16:00:00,NEARUSDT,4.512,4.458,63.313995914832844,3.0,-3.590425531914853,-3.6447588144315946,0.2258030350306599,SIGNAL_EXIT,2
2024-03-04 16:00:00,2024-03-05 08:00:00,BTCUSDT,66451.65,66129.64,0.004122133767114526,3.0,-1.4537336544690531,-1.5454444719894287,0.21807617764090192,SIGNAL_EXIT,4
2024-03-05 08:00:00,2024-03-05 16:00:00,ETHUSDT,3672.99,3565.0397641071427,0.07285310104973268,3.0,-8.817086561046214,-8.072288805589448,0.20777936174465028,STOP_LOSS,3
2024-03-05 20:00:00,2024-03-06 00:00:00,BTCUSDT,61410.98,63724.01,0.003938554433296934,3.0,11.29942886434966,8.909210175174437,0.20078438567436654,SIGNAL_EXIT,1
2024-03-06 00:00:00,2024-03-06 16:00:00,ETHUSDT,3553.66,3790.95,0.07541414957624963,3.0,20.032023322433766,17.666310536679408,0.22871301626886686,SIGNAL_EXIT,4
2024-03-06 16:00:00,2024-03-06 20:00:00,NEARUSDT,4.804,5.290202775,66.58252840367466,3.0,30.362371461282244,32.09082201516081,0.2817880612221088,STOP_LOSS,2
2024-03-07 00:00:00,2024-03-07 04:00:00,NEARUSDT,5.901,5.744,70.3469213907927,3.0,-7.981698017285208,-11.367724831529426,0.32325817317497063,STOP_LOSS,2
2024-03-07 08:00:00,2024-03-08 00:00:00,NEARUSDT,5.572,5.529,68.17124755508522,3.0,-2.3151471643934034,-3.2328987070543276,0.30153506218565296,SIGNAL_EXIT,4
2024-03-08 00:00:00,2024-03-08 04:00:00,BNBUSDT,474.6,464.8,0.777247220856454,3.0,-6.194690265486733,-7.906034370996522,0.28901160660326386,SIGNAL_EXIT,1
2024-03-08 04:00:00,2024-03-08 08:00:00,NEARUSDT,5.397,5.358,63.76188764029891,3.0,-2.167871039466403,-2.7600225731530723,0.2733089551813772,SIGNAL_EXIT,1
2024-03-08 08:00:00,2024-03-09 00:00:00,BNBUSDT,468.1,485.8,0.7157093974603339,3.0,11.343729972228148,12.389903034818918,0.2781533002289842,SIGNAL_EXIT,4
2024-03-09 00:00:00,2024-03-09 04:00:00,NEARUSDT,5.748,5.675,64.54917656219037,3.0,-3.8100208768267425,-5.005143150632267,0.2930532615923443,SIGNAL_EXIT,1
2024-03-09 04:00:00,2024-03-09 08:00:00,BNBUSDT,489.2,487.5,0.7255889921077247,3.0,-1.0425183973834764,-1.5164809935051362,0.28297970692201263,SIGNAL_EXIT,1
2024-03-09 08:00:00,2024-03-10 08:00:00,NEARUSDT,6.294,6.069,55.53867683335145,3.0,-10.724499523355561,-12.765853671265344,0.269651383761288,SIGNAL_EXIT,6
2024-03-10 08:00:00,2024-03-11 04:00:00,BNBUSDT,503.7,523.1,0.615371687643241,3.0,11.55449672424064,11.680689996433953,0.2575207438449435,SIGNAL_EXIT,5
2024-03-11 04:00:00,2024-03-11 20:00:00,NEARUSDT,6.699,6.702329402999999,51.3154898798072,3.0,0.14909999999997803,-0.10429670736835006,0.2751466533206246,STOP_LOSS,5
2024-03-12 00:00:00,2024-03-12 04:00:00,AVAXUSDT,49.179,48.057,6.9599427237154865,3.0,-6.844384798389555,-8.07663490998765,0.26757917397887615,SIGNAL_EXIT,1
2024-03-12 04:00:00,2024-03-12 16:00:00,NEARUSDT,6.854,7.484,46.26345939345423,3.0,27.575138605194038,28.86899083379567,0.27698858408048915,SIGNAL_EXIT,3
2024-03-12 16:00:00,2024-03-13 00:00:00,AVAXUSDT,53.79,55.559,7.486690883506144,3.0,9.866146123814826,12.911193725884981,0.3327624470373743,SIGNAL_EXIT,2
2024-03-13 00:00:00,2024-03-13 04:00:00,NEARUSDT,8.082,8.086016754000001,54.47166580117795,3.0,0.14910000000000864,-0.1335677603357336,0.352367041829291,STOP_LOSS,2
2024-03-13 08:00:00,2024-03-14 00:00:00,NEARUSDT,7.944,7.77,55.206523717283986,3.0,-6.570996978851978,-9.949098878234071,0.34316375142663724,SIGNAL_EXIT,4
2024-03-14 00:00:00,2024-03-14 04:00:00,BNBUSDT,630.5,615.3,0.6459323655460872,3.0,-7.232355273592408,-10.13612570391696,0.317953747616406,SIGNAL_EXIT,1
2024-03-14 04:00:00,2024-03-14 08:00:00,AVAXUSDT,57.752,55.954,6.5055281112824295,3.0,-9.339936279263064,-11.988147800036778,0.2912082559509577,SIGNAL_EXIT,1
2024-03-14 08:00:00,2024-03-15 00:00:00,NEARUSDT,7.831,8.471723325,43.27287577763172,3.0,24.545651577065463,27.432664185703953,0.2932766648521521,STOP_LOSS,5
2024-03-15 04:00:00,2024-03-15 08:00:00,NEARUSDT,8.335,7.543132589285715,50.3845710991272,3.0,-28.501526480418192,-40.20194585641969,0.3040460002040077,STOP_LOSS,2
2024-03-15 12:00:00,2024-03-15 16:00:00,NEARUSDT,7.494,7.38,39.82361279046633,3.0,-4.563650920736585,-4.77501046802807,0.23511860991491323,SIGNAL_EXIT,1
2024-03-15 16:00:00,2024-03-16 00:00:00,SOLUSDT,181.85,183.95,1.5584730893736018,3.0,3.4643937310970485,3.043448587852336,0.22934489983221926,SIGNAL_EXIT,2
2024-03-16 00:00:00,2024-03-16 04:00:00,AVAXUSDT,58.456,57.019,4.987750050047026,3.0,-7.374777610510494,-7.394914038000505,0.2275172160829051,SIGNAL_EXIT,1
2024-03-16 04:00:00,2024-03-16 12:00:00,SOLUSDT,187.61,187.70324217000004,1.431480470205224,3.0,0.14910000000003962,-0.08148047493385449,0.21495482028844537,STOP_LOSS,3
2024-03-16 16:00:00,2024-03-16 16:00:00,SOLUSDT,195.09,178.34351142857145,1.3709160048203857,3.0,-25.751943059247356,-23.15362438645172,0.19559517933863677,STOP_LOSS,1
2024-03-16 20:00:00,2024-03-17 04:00:00,SOLUSDT,180.08,180.16949976000004,1.0962062089708373,3.0,0.14910000000003962,-0.05989214682983959,0.15800233944326547,STOP_LOSS,3
2024-03-17 08:00:00,2024-03-18 00:00:00,SOLUSDT,181.85,194.64758999999998,1.0812634873671891,3.0,21.112328842452545,13.669194527718634,0.16837226557681503,STOP_LOSS,5
2024-03-18 04:00:00,2024-03-18 20:00:00,SOLUSDT,203.93,198.35,1.1611643692937743,3.0,-8.208699063404126,-6.663550742778811,0.1842535621195361,SIGNAL_EXIT,4
2024-03-18 20:00:00,2024-03-19 00:00:00,AVAXUSDT,62.419,60.693,3.4566010261061493,3.0,-8.295551034140242,-6.133926559921179,0.16783318886196844,SIGNAL_EXIT,1
2024-03-19 00:00:00,2024-03-19 00:00:00,SOLUSDT,195.92,180.34907,1.0047606318998754,3.0,-23.842787872601022,-15.790023582497307,0.1449661164286039,STOP_LOSS,1
2024-03-19 04:00:00,2024-03-19 20:00:00,AVAXUSDT,59.171,53.153186160714284,2.518938024095,3.0,-30.51062432248423,-15.265611767079525,0.10711166537761868,STOP_LOSS,5
2024-03-20 08:00:00,2024-03-21 04:00:00,SOLUSDT,173.35,185.617156,0.5929533740658871,3.0,21.229574848572256,7.1858016852448205,0.08804985514777129,STOP_LOSS,6
2024-03-21 08:00:00,2024-03-22 04:00:00,SOLUSDT,188.56,179.07,0.656958732103307,3.0,-15.098642341960133,-6.3286516477865815,0.09411328012619134,SIGNAL_EXIT,5
2024-03-22 04:00:00,2024-03-22 12:00:00,BNBUSDT,575.6,542.5670696428572,0.18125004243463888,3.0,-17.216607204904193,-6.065892272489736,0.07867224351712443,STOP_LOSS,3
2024-03-22 16:00:00,2024-03-22 20:00:00,BNBUSDT,554.1,549.9,0.15492620618023029,3.0,-2.2739577693557367,-0.7188452025797811,0.06815513662280691,SIGNAL_EXIT,1
2024-03-22 20:00:00,2024-03-23 04:00:00,SOLUSDT,172.81,171.89,0.48285799870931845,3.0,-1.5971297957294417,-0.5106281279310965,0.06639876911851579,SIGNAL_EXIT,2
2024-03-23 04:00:00,2024-03-23 08:00:00,BNBUSDT,550.3,554.8,0.1483894290460592,3.0,2.4532073414501183,0.6018912665194636,0.06586116418780291,SIGNAL_EXIT,1
2024-03-23 08:00:00,2024-03-23 12:00:00,AVAXUSDT,55.076,54.665,1.511855457510266,3.0,-2.2387246713632147,-0.6874890559045604,0.06611646286783897,SIGNAL_EXIT,1
2024-03-23 12:00:00,2024-03-23 16:00:00,SOLUSDT,175.84,175.16,0.460455229232767,3.0,-1.1601455868971908,-0.37763222624021386,0.06452267036192917,SIGNAL_EXIT,1
2024-03-23 16:00:00,2024-03-23 20:00:00,BNBUSDT,562.2,559.1,0.1416580179169196,3.0,-1.6542155816435553,-0.5025006537963337,0.0633607982538798,SIGNAL_EXIT,1
2024-03-23 20:00:00,2024-03-24 00:00:00,AVAXUSDT,54.79,53.483,1.42187478777328,3.0,-7.156415404270863,-1.9192272510392627,0.06083690341958267,SIGNAL_EXIT,1
2024-03-24 00:00:00,2024-03-24 04:00:00,SOLUSDT,172.65,171.7,0.41682289700138825,3.0,-1.650738488271098,-0.4532365452834366,0.05725479313211069,SIGNAL_EXIT,1
2024-03-24 04:00:00,2024-03-24 08:00:00,BNBUSDT,550.6,552.7,0.1278279762704075,3.0,1.144206320377782,0.21191833218013528,0.056520417987723386,SIGNAL_EXIT,1
2024-03-24 08:00:00,2024-03-24 20:00:00,SOLUSDT,173.54,176.08,0.4082540804775082,3.0,4.39091852022592,0.9794570616204954,0.057508302792383725,SIGNAL_EXIT,3
2024-03-24 20:00:00,2024-03-25 00:00:00,BNBUSDT,563.8,567.8,0.13036518364192168,3.0,2.1284143313231643,0.4622436535501802,0.0592170810175065,SIGNAL_EXIT,1
2024-03-25 00:00:00,2024-03-25 20:00:00,SOLUSDT,183.87,192.24,0.4063148549296129,3.0,13.656387665198244,3.338367361591527,0.062487974169335034,SIGNAL_EXIT,5
2024-03-25 20:00:00,2024-03-26 00:00:00,NEARUSDT,7.685,7.46,10.975911020395397,3.0,-8.783344176968107,-2.53508421655868,0.06550423696971973,SIGNAL_EXIT,1
2024-03-26 00:00:00,2024-03-26 04:00:00,SOLUSDT,188.98,191.64,0.4050601547323642,3.0,4.222669065509573,1.015359429145759,0.06210058244232821,SIGNAL_EXIT,1
2024-03-26 04:00:00,2024-03-27 00:00:00,NEARUSDT,7.86,7.672,10.089415436725414,3.0,-7.175572519083993,-1.9587348982888297,0.06192479618444589,SIGNAL_EXIT,5
2024-03-27 00:00:00,2024-03-27 12:00:00,SOLUSDT,190.46,188.54,0.3841474028669518,3.0,-3.024257061850282,-0.7955047345737817,0.057941721069228076,SIGNAL_EXIT,3
2024-03-27 12:00:00,2024-03-27 12:00:00,NEARUSDT,7.732,7.218441785714286,9.109961085601036,3.0,-19.92595244253935,-4.7311031263468415,0.05260777901322688,STOP_LOSS,1
2024-03-27 16:00:00,2024-03-28 04:00:00,SOLUSDT,181.11,182.16,0.3096858961761174,3.0,1.7392744740764996,0.28004028470696474,0.04512990627795324,SIGNAL_EXIT,3
2024-03-28 04:00:00,2024-03-28 16:00:00,BNBUSDT,581.8,585.2,0.09742846707045734,3.0,1.753179786868387,0.2856446768958585,0.045612111143705315,SIGNAL_EXIT,3
2024-03-28 16:00:00,2024-03-29 00:00:00,BTCUSDT,71290.38,70780.6,0.0008048281063131834,3.0,-2.1452263264692886,-0.45585824504570244,0.04557297300936873,SIGNAL_EXIT,2
2024-03-29 00:00:00,2024-03-29 08:00:00,SOLUSDT,189.64,183.63,0.2943031930984627,3.0,-9.507487871757,-1.8119965068006947,0.04323431627893656,SIGNAL_EXIT,2
2024-03-29 08:00:00,2024-03-30 08:00:00,BNBUSDT,606.8,599.2,0.08266506352296743,3.0,-3.757415952537859,-0.6678808076249146,0.039626324850369675,SIGNAL_EXIT,6
2024-03-30 08:00:00,2024-03-31 04:00:00,SOLUSDT,195.76,194.3,0.24502187915473253,3.0,-2.2374335921536264,-0.39581814446171615,0.038086200895811634,SIGNAL_EXIT,5
2024-03-31 04:00:00,2024-03-31 08:00:00,BNBUSDT,608.6,606.9,0.07625777577893451,3.0,-0.8379888268156648,-0.16666289412038043,0.03702467529618829,SIGNAL_EXIT,1
2024-03-31 08:00:00,2024-04-01 12:00:00,SOLUSDT,196.75,189.82626142857146,0.23278022104208665,3.0,-10.557161735342124,-1.6470596343707062,0.03535023927594864,STOP_LOSS,8
2024-04-01 16:00:00,2024-04-02 08:00:00,SOLUSDT,188.08,180.7135225,0.21487133471331438,3.0,-11.750017279880904,-1.6139089771848554,0.03106412462425566,STOP_LOSS,5
2024-04-02 12:00:00,2024-04-02 16:00:00,SOLUSDT,179.87,177.43,0.19673699878109352,3.0,-4.0696058264301955,-0.5079639135808514,0.02792563655498354,SIGNAL_EXIT,1
2024-04-02 20:00:00,2024-04-03 00:00:00,SOLUSDT,185.67,181.53,0.18193290430266343,3.0,-6.689287445467744,-0.7796232479074742,0.026421024094449998,SIGNAL_EXIT,1
2024-04-03 04:00:00,2024-04-04 04:00:00,SOLUSDT,188.47,181.51,0.1664000261915826,3.0,-11.078686263065753,-1.1823067972966435,0.024162615003227327,SIGNAL_EXIT,6
2024-04-04 04:00:00,2024-04-05 20:00:00,BNBUSDT,576.3,582.5,0.04805109144881995,3.0,3.227485684539326,0.27552495836753577,0.022391808615150097,SIGNAL_EXIT,10
2024-04-05 20:00:00,2024-04-06 04:00:00,NEARUSDT,7.415,7.13,3.827858723896119,3.0,-11.530681051921784,-1.112773842471498,0.021834106161103463,SIGNAL_EXIT,2
2024-04-06 04:00:00,2024-04-07 04:00:00,BNBUSDT,580.8,590.0,0.042986642898717,3.0,4.752066115702504,0.3751874192200039,0.020289695448194426,SIGNAL_EXIT,6
2024-04-07 04:00:00,2024-04-08 20:00:00,BTCUSDT,69408.04,71766.0,0.0003745245509449648,3.0,10.191729949441045,0.8616114070076984,0.021502503138493074,SIGNAL_EXIT,10
2024-04-08 20:00:00,2024-04-09 08:00:00,ETHUSDT,3702.8,3607.2706083928574,0.0076838668423965,3.0,-7.739769223869188,-0.7562093542599398,0.022174229615505064,STOP_LOSS,4
2024-04-09 12:00:00,2024-04-09 12:00:00,NEARUSDT,7.595,7.246934696428572,3.435209791064732,3.0,-13.748464920530386,-1.2155931315779889,0.019915792819502523,STOP_LOSS,1
2024-04-09 16:00:00,2024-04-10 00:00:00,NEARUSDT,7.284,6.891040767857143,3.0730284716978216,3.0,-16.184482378206642,-1.2245160001749182,0.016941091583404337,STOP_LOSS,3
2024-04-10 04:00:00,2024-04-10 12:00:00,ETHUSDT,3513.01,3421.999348797181,0.005308480203050664,3.0,-7.772023239571125,-0.4976607328152684,0.01453249263835368,STOP_LOSS,3
2024-04-10 16:00:00,2024-04-11 12:00:00,BNBUSDT,593.1,592.8,0.02882868536633352,3.0,-0.1517450682853152,-0.022320321358032028,0.013671715748130007,SIGNAL_EXIT,5
2024-04-11 12:00:00,2024-04-11 16:00:00,BTCUSDT,69983.16,70000.0,0.00024241717329241013,3.0,0.07218879513298558,-0.009493056506131628,0.013575361704374967,SIGNAL_EXIT,1
2024-04-11 16:00:00,2024-04-12 16:00:00,BNBUSDT,602.7,602.9995419000002,0.028033759999182076,3.0,0.14910000000006074,-0.005126189815490656,0.013523475549793074,STOP_LOSS,7
2024-04-13 04:00:00,2024-04-13 16:00:00,BNBUSDT,583.2,558.0723482142857,0.028832564272483097,3.0,-12.925746803350979,-0.7373671606070495,0.012872525478867169,STOP_LOSS,4
2024-04-22 08:00:00,2024-04-22 20:00:00,BNBUSDT,603.0,596.6,0.024139645063151315,3.0,-3.1840796019900384,-0.16601509819990873,0.01152136979574086,SIGNAL_EXIT,3
2024-04-22 20:00:00,2024-04-23 00:00:00,NEARUSDT,7.135,7.026,1.9635194685577055,3.0,-4.583041345480027,-0.22506017230165903,0.011036550228869152,SIGNAL_EXIT,1
2024-04-23 00:00:00,2024-04-24 16:00:00,BNBUSDT,604.4,597.0,0.02200768982178722,3.0,-3.6730641958967456,-0.1733677773401105,0.010510872658885577,SIGNAL_EXIT,10
2024-05-05 16:00:00,2024-05-05 20:00:00,NEARUSDT,7.447,7.408,1.707752576872399,3.0,-1.5711024573653698,-0.07672317536959963,0.010120824871576586,SIGNAL_EXIT,1
2024-05-06 08:00:00,2024-05-06 16:00:00,NEARUSDT,7.398,7.276,1.6830259792382183,3.0,-4.947283049472826,-0.21512572708701228,0.00979655761994982,SIGNAL_EXIT,2
2024-05-15 16:00:00,2024-05-16 04:00:00,NEARUSDT,7.665,8.172,1.5355743645623825,3.0,19.84344422700589,0.7684972318673657,0.010038970965763033,SIGNAL_EXIT,3
2024-05-16 04:00:00,2024-05-16 16:00:00,SOLUSDT,163.11,156.80693625000004,0.08603801313296988,3.0,-11.592907393783294,-0.5530961674927791,0.01079308579233462,STOP_LOSS,4
2024-05-16 20:00:00,2024-05-20 08:00:00,LINKUSDT,14.985,16.684,0.8231716112581448,3.0,34.01401401401405,1.3875815313978044,0.01098703612978471,SIGNAL_EXIT,21
2024-05-20 08:00:00,2024-05-20 20:00:00,SOLUSDT,178.02,187.25,0.0921243657220114,3.0,15.554432086282421,0.8365076656290069,0.013800229985157307,SIGNAL_EXIT,3
2024-05-20 20:00:00,2024-05-23 12:00:00,ETHUSDT,3438.86,3723.384533,0.005482027525244316,3.0,24.821411717836707,1.5434419643157036,0.016329357197579965,STOP_LOSS,17
2024-05-23 16:00:00,2024-05-23 20:00:00,ETHUSDT,3812.96,3646.6378973214287,0.006123602199792785,3.0,-13.086061958051332,-1.036354841716569,0.01786444787990819,STOP_LOSS,2
2024-05-24 00:00:00,2024-05-24 12:00:00,ETHUSDT,3783.6,3712.62,0.00533228714220945,3.0,-5.6279733587059955,-0.3943231460659546,0.015837404711927718,SIGNAL_EXIT,3
2024-05-24 12:00:00,2024-05-24 16:00:00,LINKUSDT,17.572,17.217,1.0770244714070227,3.0,-6.060778511267934,-0.3971781916088653,0.014834504259371767,SIGNAL_EXIT,1
2024-05-24 16:00:00,2024-05-26 04:00:00,ETHUSDT,3693.66,3771.59,0.00478914451432176,3.0,6.329494322704334,0.3587678803540795,0.014450151647016646,SIGNAL_EXIT,9
2024-05-26 04:00:00,2024-05-26 08:00:00,LINKUSDT,17.768,17.622,1.0512801691746982,3.0,-2.4651058081945205,-0.168307432012464,0.014820527312957226,SIGNAL_EXIT,1
2024-05-26 08:00:00,2024-05-27 20:00:00,ETHUSDT,3786.01,3873.26,0.004788629120679905,3.0,6.913610899073166,0.40296980627695,0.01483808450237172,SIGNAL_EXIT,9
2024-05-27 20:00:00,2024-05-28 00:00:00,LINKUSDT,18.599,18.01960855357143,1.034973419622032,3.0,-9.345525777115487,-0.6145745993178844,0.014919852707952192,STOP_LOSS,2
2024-05-28 04:00:00,2024-05-30 08:00:00,LINKUSDT,18.125,18.134008125,0.9578495494134708,3.0,0.14910000000001894,-0.005267292736961859,0.013895721209273177,STOP_LOSS,14
2024-05-30 12:00:00,2024-05-31 16:00:00,LINKUSDT,18.087,17.575,0.953849831646313,3.0,-8.492287278155588,-0.5017822424358599,0.01341112863294716,SIGNAL_EXIT,7
2024-05-31 16:00:00,2024-05-31 20:00:00,ETHUSDT,3744.77,3785.45,0.004187674181688725,3.0,3.2589451421582503,0.1576728007262378,0.012681784984858868,SIGNAL_EXIT,1
2024-05-31 20:00:00,2024-06-03 08:00:00,LINKUSDT,18.243,18.144,0.8829762220241855,3.0,-1.628021706956096,-0.10023122243832,0.012816576457925456,SIGNAL_EXIT,15
2024-06-03 08:00:00,2024-06-07 16:00:00,BNBUSDT,626.1,684.681435,0.0250987175029546,3.0,28.069686152371798,1.4565711872494298,0.013747700733266059,STOP_LOSS,27
2024-06-07 20:00:00,2024-06-10 04:00:00,BNBUSDT,681.3,658.9137160714286,0.029261834540590115,3.0,-9.857456595584061,-0.670488555605494,0.015424819308966014,STOP_LOSS,15
2024-06-10 08:00:00,2024-06-10 12:00:00,BNBUSDT,641.0,640.0,0.027786825561523617,3.0,-0.46801872074883,-0.04201368024902371,0.014226854687500092,SIGNAL_EXIT,1
2024-06-10 12:00:00,2024-06-10 20:00:00,BTCUSDT,69473.89,69490.81,0.0002538233034316229,3.0,0.07306341994092279,-0.009816019267808786,0.014110709561871403,SIGNAL_EXIT,2
2024-06-10 20:00:00,2024-06-10 20:00:00,BNBUSDT,648.5,632.4427678571428,0.027068375970759874,3.0,-7.42817215552375,-0.4483385555889043,0.013695358896276119,STOP_LOSS,1
2024-06-11 00:00:00,2024-06-11 00:00:00,BTCUSDT,69540.0,68867.11949410716,0.00023249601585337341,3.0,-2.902849464593792,-0.1692511014900304,0.012809064724542482,STOP_LOSS,1
2024-06-12 16:00:00,2024-06-12 16:00:00,BTCUSDT,69734.0,68194.92679785714,0.00022401731129083674,3.0,-6.621188525580875,-0.3570005159397661,0.012221475315945111,STOP_LOSS,1
2024-07-15 04:00:00,2024-07-16 04:00:00,SOLUSDT,151.4,157.89,0.09586516871419308,3.0,12.859973579920702,0.6100560237644841,0.012108921190627156,SIGNAL_EXIT,6
2024-07-16 04:00:00,2024-07-16 20:00:00,NEARUSDT,6.035,6.227,2.7006939066557276,3.0,9.544324772162394,0.505079453312504,0.013453776765396174,SIGNAL_EXIT,4
2024-07-16 20:00:00,2024-07-17 00:00:00,SOLUSDT,161.93,160.62,0.10966176969203681,3.0,-2.4269746186623893,-0.15774801705491642,0.014091098758347962,SIGNAL_EXIT,1
2024-07-17 00:00:00,2024-07-17 12:00:00,NEARUSDT,6.244,6.119,2.7613784172691775,3.0,-6.005765534913517,-0.35868980178686327,0.013517499628216079,SIGNAL_EXIT,3
2024-07-17 12:00:00,2024-07-17 16:00:00,SOLUSDT,160.84,158.09,0.10015383881525668,3.0,-5.129321064411838,-0.288089713044599,0.012666656302643143,SIGNAL_EXIT,1
2024-07-17 16:00:00,2024-07-18 12:00:00,NEARUSDT,6.087,6.082,2.4981936466205497,3.0,-0.24642681123705734,-0.02464617924009943,0.012155211006996947,SIGNAL_EXIT,5
2024-07-18 12:00:00,2024-07-18 16:00:00,SOLUSDT,159.44,156.37,0.09454262352420824,3.0,-5.776467636728538,-0.302072758251703,0.011826904032384355,SIGNAL_EXIT,1
2024-07-18 16:00:00,2024-07-19 00:00:00,NEARUSDT,5.927,6.037,2.384377474678113,3.0,5.567740846971503,0.2507659327628877,0.011515589451705416,SIGNAL_EXIT,2
2024-07-19 00:00:00,2024-07-21 16:00:00,SOLUSDT,159.22,175.4,0.09322340908315277,3.0,30.4861198341917,1.4952736502028645,0.013081108762547996,SIGNAL_EXIT,16
2024-07-21 16:00:00,2024-07-21 16:00:00,AVAXUSDT,30.97,29.893306964285713,0.6213428701889443,3.0,-10.429703284284328,-0.6838547356420643,0.014859194518902755,STOP_LOSS,1
2024-07-21 20:00:00,2024-07-23 04:00:00,AVAXUSDT,31.728,30.473114517857148,0.5404337670617608,3.0,-11.865407357629099,-0.6913574484039683,0.013174960058391978,STOP_LOSS,9
2024-07-23 08:00:00,2024-07-23 12:00:00,SOLUSDT,176.06,175.62,0.08519682058420555,3.0,-0.7497444053163654,-0.049456413561848794,0.011969812504798543,SIGNAL_EXIT,1
2024-07-23 12:00:00,2024-07-23 16:00:00,AVAXUSDT,30.574,30.278,0.4843425267890402,3.0,-2.904428599463625,-0.15509732635045217,0.011731938420894848,SIGNAL_EXIT,1
2024-07-23 16:00:00,2024-07-25 00:00:00,SOLUSDT,176.48,168.61633839285713,0.08107337248632301,3.0,-13.367511798180292,-0.6484698027501338,0.010936236167843196,STOP_LOSS,9
2024-07-25 04:00:00,2024-07-27 20:00:00,SOLUSDT,170.53,178.64512975,0.07216176436534114,3.0,14.276308714009254,0.575289002607241,0.010313078206428235,STOP_LOSS,17
2024-07-28 00:00:00,2024-07-29 16:00:00,SOLUSDT,183.92,184.01140824,0.07591533868369273,3.0,0.14910000000003445,-0.004236143204480407,0.01117543070256228,STOP_LOSS,11
2024-07-29 20:00:00,2024-07-30 00:00:00,SOLUSDT,186.85,179.55490589285714,0.07429647635431863,3.0,-11.71275478802707,-0.5526720242898451,0.010672237455976454,STOP_LOSS,2
2024-07-30 04:00:00,2024-07-30 20:00:00,SOLUSDT,182.58,175.36940785714287,0.06677779293973524,3.0,-11.847834608703808,-0.49087605469327433,0.009368625604678611,STOP_LOSS,5
2024-07-31 00:00:00,2024-07-31 20:00:00,SOLUSDT,179.16,172.2080855357143,0.05961611492104008,3.0,-11.640848064778456,-0.4226592332382002,0.008213101614103557,STOP_LOSS,6
2024-08-01 00:00:00,2024-08-01 04:00:00,SOLUSDT,171.7,168.63,0.05460687740497726,3.0,-5.364006988934176,-0.17500979982272086,0.007366686189441052,SIGNAL_EXIT,1
2024-08-01 12:00:00,2024-08-01 12:00:00,SOLUSDT,169.69,162.8971851695329,0.05200451020003915,3.0,-12.00921945394621,-0.3600341188001692,0.006777110662165312,STOP_LOSS,1
2024-08-02 00:00:00,2024-08-02 00:00:00,BTCUSDT,65354.02,64078.08045194415,0.00011819055526382662,3.0,-5.857051554238798,-0.15686274279488066,0.006058739127084347,STOP_LOSS,1
2024-08-21 20:00:00,2024-08-22 04:00:00,BNBUSDT,571.8,570.0,0.012653861503552364,3.0,-0.9443861490031242,-0.02854711155201356,0.005770160845619878,SIGNAL_EXIT,2
2024-08-22 08:00:00,2024-08-22 16:00:00,BNBUSDT,576.6,579.8,0.012363965532825278,3.0,1.6649323621227532,0.03382978793229437,0.005734901772745677,SIGNAL_EXIT,2
2024-08-23 08:00:00,2024-08-23 12:00:00,AVAXUSDT,25.751,26.066,0.27998461502326444,3.0,3.6697603976544335,0.08235669055217053,0.005838463180157128,SIGNAL_EXIT,1
2024-08-23 16:00:00,2024-08-24 20:00:00,AVAXUSDT,26.105,27.446,0.284847111254923,3.0,15.410840835089076,0.37572564514045,0.006254331052402094,SIGNAL_EXIT,7
2024-08-24 20:00:00,2024-08-24 20:00:00,NEARUSDT,5.242,5.005409178571429,1.6271561762417102,3.0,-13.540108055812915,-0.3914858822972224,0.006515665967623556,STOP_LOSS,1
2024-08-25 00:00:00,2024-08-25 04:00:00,NEARUSDT,5.038,4.789840160714286,1.4560467782181081,3.0,-14.777283006295,-0.3669117195424376,0.005579385067350194,STOP_LOSS,2
2024-08-25 08:00:00,2024-08-26 08:00:00,NEARUSDT,4.827,4.864,1.2874696782729282,3.0,2.2995649471721515,0.04262657608400263,0.005009802012095619,SIGNAL_EXIT,6
2024-08-26 08:00:00,2024-08-26 16:00:00,LINKUSDT,12.365,11.970624232142859,0.5109839386242,3.0,-9.568356680723209,-0.2064131205319299,0.004893437374344518,STOP_LOSS,3
2024-08-26 20:00:00,2024-08-27 20:00:00,NEARUSDT,4.778,4.518237894444793,1.1890685571616795,3.0,-16.309885237874006,-0.31317294774905796,0.0042979956912485556,STOP_LOSS,7
2024-09-13 16:00:00,2024-09-14 16:00:00,BNBUSDT,553.7,551.0,0.008525663744574736,3.0,-1.4628860393715253,-0.02677740468896072,0.003758112578608544,SIGNAL_EXIT,6
2024-09-14 16:00:00,2024-09-15 04:00:00,AVAXUSDT,25.457,25.06,0.18157012860035318,3.0,-4.678477432533315,-0.07572345899252046,0.0036401179381798806,SIGNAL_EXIT,3
2024-09-15 04:00:00,2024-09-16 00:00:00,BNBUSDT,552.8,543.433625,0.007922837294863363,3.0,-5.083054450072331,-0.07765269412082165,0.003444428953146233,STOP_LOSS,6
2024-09-16 08:00:00,2024-09-16 12:00:00,BNBUSDT,550.5,547.4,0.007506295952207082,3.0,-1.6893732970027373,-0.026556674575232652,0.003287157123390525,SIGNAL_EXIT,1
2024-09-17 12:00:00,2024-09-17 16:00:00,BNBUSDT,543.0,550.1,0.007441456495881683,3.0,3.92265193370167,0.049559504946052504,0.0032748361747076114,SIGNAL_EXIT,1
2024-09-17 16:00:00,2024-09-17 16:00:00,BTCUSDT,61135.49,59698.197466785714,6.836573556840076e-05,3.0,-7.052986080005005,-0.10152661020570417,0.003265048945539555,STOP_LOSS,1
2024-09-17 20:00:00,2024-09-19 04:00:00,BTCUSDT,59967.98,62117.98,6.445449057727717e-05,3.0,10.755739979902607,0.1353741285358743,0.0032030262052715934,SIGNAL_EXIT,8
2024-09-19 04:00:00,2024-09-19 12:00:00,NEARUSDT,4.531,4.475,0.9397281527428829,3.0,-3.707790774663433,-0.055989003340421006,0.0033642267868195207,SIGNAL_EXIT,2
2024-09-19 12:00:00,2024-09-19 16:00:00,AVAXUSDT,26.234,26.376,0.1554406159767444,3.0,1.623846916215592,0.018792646119095535,0.0032799213496020885,SIGNAL_EXIT,1
2024-09-19 16:00:00,2024-09-20 00:00:00,SOLUSDT,142.96,142.88,0.028849854264504978,3.0,-0.1678791270285657,-0.0056056420830107355,0.0032976537418499766,SIGNAL_EXIT,2
2024-09-20 00:00:00,2024-09-20 08:00:00,AVAXUSDT,26.651,28.194,0.15368412417862545,3.0,17.36895426062811,0.23366822744994523,0.003466376157673733,SIGNAL_EXIT,2
2024-09-20 08:00:00,2024-09-20 16:00:00,SOLUSDT,151.05,145.64014017857144,0.03167419335648535,3.0,-10.744508086253363,-0.17504337318379515,0.0036904271683853625,STOP_LOSS,3
2024-09-20 20:00:00,2024-09-21 00:00:00,SOLUSDT,146.67,146.67,0.028948624860409198,3.0,0.0,-0.0033967158466209732,0.0033967158466209732,SIGNAL_EXIT,1
2024-09-21 00:00:00,2024-09-21 04:00:00,AVAXUSDT,27.654,27.164,0.15279969137609464,3.0,-5.3156866999348935,-0.07819236942751832,0.0033205206532321884,SIGNAL_EXIT,1
2024-09-21 04:00:00,2024-09-22 12:00:00,SOLUSDT,145.96,144.86,0.027260829725917778,3.0,-2.260893395450797,-0.03314611573378656,0.00315920303527716,SIGNAL_EXIT,8
2024-09-22 12:00:00,2024-09-22 20:00:00,ETHUSDT,2580.59,2578.38,0.0014970837075251849,3.0,-0.2569179916220751,-0.0063965955454777425,0.0030880405518470292,SIGNAL_EXIT,2
2024-09-22 20:00:00,2024-09-23 00:00:00,NEARUSDT,4.587,4.522,0.8356336778611969,3.0,-4.251144538914291,-0.05733917745400805,0.003022988393030666,SIGNAL_EXIT,1
2024-09-23 00:00:00,2024-09-23 08:00:00,ETHUSDT,2580.99,2646.47,0.0014149502469906266,3.0,7.611032975718622,0.08965524346882363,0.0029956987041226267,SIGNAL_EXIT,2
2024-09-23 08:00:00,2024-09-24 12:00:00,NEARUSDT,4.843,5.081516275,0.8075528072873984,3.0,14.77490863101385,0.18933161327346107,0.003282874186522283,STOP_LOSS,8
2024-09-24 16:00:00,2024-09-25 12:00:00,NEARUSDT,5.234,5.234,0.852343638112408,3.0,0.0,-0.003568933281504275,0.003568933281504275,SIGNAL_EXIT,5
2024-09-25 12:00:00,2024-09-25 20:00:00,LINKUSDT,12.313,12.135,0.36004389902769784,3.0,-4.3368797206205025,-0.0675831201986914,0.0034953061717608903,SIGNAL_EXIT,2
2024-09-25 20:00:00,2024-09-26 20:00:00,NEARUSDT,5.184,5.5700324,0.8136356654703972,3.0,22.339837962962932,0.3104641470523616,0.0036255816147725394,STOP_LOSS,7
2024-09-27 00:00:00,2024-09-27 04:00:00,NEARUSDT,5.544,5.519,0.9256797294768712,3.0,-1.352813852813824,-0.027229054378507568,0.004087061141586282,SIGNAL_EXIT,1
2024-09-27 04:00:00,2024-09-27 08:00:00,LINKUSDT,12.624,12.742,0.3988883655326167,3.0,2.804182509505711,0.043002718689955616,0.004066108442893282,SIGNAL_EXIT,1
2024-09-27 08:00:00,2024-09-27 12:00:00,NEARUSDT,5.635,5.526,0.9143542707870813,3.0,-5.80301685891748,-0.10370679287608738,0.00404217736029553,SIGNAL_EXIT,1
2024-09-27 12:00:00,2024-09-27 16:00:00,LINKUSDT,12.723,12.708,0.3793690953756514,3.0,-0.3536901674133593,-0.009547354401862008,0.003856817971227022,SIGNAL_EXIT,1
2024-09-27 16:00:00,2024-09-28 04:00:00,AVAXUSDT,30.142,30.184,0.15879867758304944,3.0,0.4180213655364766,0.002835001031154918,0.0038345434273334114,SIGNAL_EXIT,3
2024-09-28 04:00:00,2024-09-28 08:00:00,LINKUSDT,12.754,12.366850428571428,0.37469788634845747,3.0,-9.106544725464273,-0.14877119228809532,0.0037070661730985843,STOP_LOSS,2
2024-09-28 12:00:00,2024-09-29 08:00:00,LINKUSDT,12.691,12.53,0.34051461382581827,3.0,-3.8058466629895524,-0.058236171314947204,0.0034133184889900024,SIGNAL_EXIT,5
2024-09-29 08:00:00,2024-09-29 12:00:00,NEARUSDT,5.376,5.412,0.7686604876534797,3.0,2.0089285714285485,0.024343785108180447,0.0033279924473445057,SIGNAL_EXIT,1
2024-09-29 12:00:00,2024-09-29 16:00:00,LINKUSDT,12.602,12.59,0.33275417309111094,3.0,-0.2856689414378778,-0.007344550108467152,0.0033515000313736696,SIGNAL_EXIT,1
2024-09-29 16:00:00,2024-09-30 04:00:00,NEARUSDT,5.464,5.342,0.7615827200722424,3.0,-6.698389458272369,-0.0961677917613149,0.003254699912500735,SIGNAL_EXIT,3
2024-09-30 04:00:00,2024-09-30 12:00:00,SOLUSDT,156.19,155.6,0.024707202106375375,3.0,-1.1332351623023307,-0.017652801760963163,0.0030755525182016067,SIGNAL_EXIT,2
2024-09-30 12:00:00,2024-10-01 12:00:00,NEARUSDT,5.323,5.069063553571429,0.7129413238759044,3.0,-14.31165394111808,-0.1839329422016841,0.0028911559045554486,STOP_LOSS,7
2024-10-01 16:00:00,2024-10-01 16:00:00,NEARUSDT,5.002,4.685211625,0.6455312463217197,3.0,-18.99970261895241,-0.20691635493363597,0.0024195603996538077,STOP_LOSS,1
2024-10-01 20:00:00,2024-10-02 00:00:00,NEARUSDT,4.855,4.835,0.5357250988766902,3.0,-1.2358393408857131,-0.01278668665998909,0.0020721846824550377,SIGNAL_EXIT,1
2024-10-02 04:00:00,2024-10-02 08:00:00,NEARUSDT,4.926,4.956,0.5189552810114164,3.0,1.8270401948843022,0.013511104532188558,0.002057553898154064,SIGNAL_EXIT,1
2024-10-02 16:00:00,2024-10-02 16:00:00,SOLUSDT,147.46,144.46638610758615,0.017569098767758685,3.0,-6.090357844324959,-0.05462561351326993,0.002030515364916274,STOP_LOSS,1
2024-10-04 16:00:00,2024-10-05 16:00:00,NEARUSDT,4.767,4.658253031274624,0.5078195491705502,3.0,-6.843736231930546,-0.05711627819519593,0.0018924415634113828,STOP_LOSS,7
2024-10-05 20:00:00,2024-10-07 08:00:00,NEARUSDT,4.722,5.015116025,0.4744265578174288,3.0,18.622364993646745,0.1371585833956407,0.0019034433862366211,STOP_LOSS,10
2024-10-07 12:00:00,2024-10-08 12:00:00,NEARUSDT,5.109,4.900638,0.5170371633295195,3.0,-12.234997064004707,-0.10975794700168531,0.0020270495760198797,STOP_LOSS,7
2024-10-08 16:00:00,2024-10-08 20:00:00,NEARUSDT,4.942,4.913,0.4658762174764824,3.0,-1.7604208822339082,-0.015341490191987517,0.0018310798851695665,SIGNAL_EXIT,1
2024-10-08 20:00:00,2024-10-09 16:00:00,BNBUSDT,585.6,570.8032232142858,0.003841774950624228,3.0,-7.580315976288013,-0.058600204425079065,0.0017543180197441704,STOP_LOSS,6
2024-10-11 16:00:00,2024-10-14 16:00:00,AVAXUSDT,26.76,29.542,0.07722480564969142,3.0,31.188340807174885,0.213014309150639,0.0018251001668025475,SIGNAL_EXIT,18
2024-10-14 16:00:00,2024-10-20 00:00:00,BTCUSDT,65870.0,68377.99,4.084530635832076e-05,3.0,11.422453317139844,0.10020528393383213,0.0022343359597729547,SIGNAL_EXIT,32
2024-10-20 00:00:00,2024-10-20 08:00:00,SOLUSDT,159.79,158.78,0.018546086555785418,3.0,-1.8962388134426265,-0.021087345520005192,0.002355798098662087,SIGNAL_EXIT,2
2024-10-20 08:00:00,2024-10-20 12:00:00,BTCUSDT,68378.01,68420.01,4.229039987420174e-05,3.0,0.18426976742961662,-0.0005386108711210326,0.0023148076658375057,SIGNAL_EXIT,1
2024-10-20 12:00:00,2024-10-20 16:00:00,SOLUSDT,159.19,160.02,0.01810279299163264,3.0,1.5641686035555233,0.012707871035438474,0.0023174471476168444,SIGNAL_EXIT,1
2024-10-20 16:00:00,2024-10-20 20:00:00,LINKUSDT,11.889,11.832,0.2450130751009016,3.0,-1.4383043149129096,-0.016284941044426144,0.0023191957636750945,SIGNAL_EXIT,1
2024-10-20 20:00:00,2024-10-22 08:00:00,SOLUSDT,160.38,167.1,0.01780618389896545,3.0,12.570145903479235,0.1172772251374341,0.0023803306636137013,SIGNAL_EXIT,9
2024-10-22 08:00:00,2024-10-22 20:00:00,LINKUSDT,12.11,12.009,0.26380665325669406,3.0,-2.5020644095788382,-0.02917891525809357,0.002534443279167711,SIGNAL_EXIT,3
2024-10-22 20:00:00,2024-10-25 16:00:00,SOLUSDT,168.47,168.55372959000002,0.01838005325710557,3.0,0.14910000000003307,-0.0009394668978424221,0.002478421221238377,STOP_LOSS,18
2024-10-25 20:00:00,2024-10-25 20:00:00,SOLUSDT,167.95,161.02559875,0.01830320077583594,3.0,-12.368683387913048,-0.12909653342237548,0.0023578270911763575,STOP_LOSS,1
2024-10-26 00:00:00,2024-10-29 12:00:00,SOLUSDT,164.91,180.79,0.01624925806528415,3.0,28.888484627978894,0.2556880553842141,0.0023501626924981767,SIGNAL_EXIT,21
2024-10-29 12:00:00,2024-10-30 16:00:00,BTCUSDT,71452.02,72061.34,4.797135900033473e-05,3.0,2.5583041599103526,0.02646440413713545,0.002765504328948145,SIGNAL_EXIT,7
2024-10-30 16:00:00,2024-10-31 08:00:00,LINKUSDT,12.22,12.197,0.28590348439284174,3.0,-0.5646481178396432,-0.009365511980347371,0.0027897318393115926,SIGNAL_EXIT,4
2024-10-31 08:00:00,2024-10-31 12:00:00,BTCUSDT,72417.19,70957.59692446429,4.769423242691144e-05,3.0,-6.046601955429552,-0.07232158588944712,0.002707414496136397,STOP_LOSS,2
2024-10-31 16:00:00,2024-11-01 00:00:00,BTCUSDT,70620.01,69159.43357857142,4.569725972758128e-05,3.0,-6.204656816510959,-0.06927265736108465,0.0025283172790819073,STOP_LOSS,3
2024-11-01 04:00:00,2024-11-03 00:00:00,BTCUSDT,69369.99,67895.54618625001,4.339340094329092e-05,3.0,-6.376433730565608,-0.06633810650474749,0.0023569749263389387,STOP_LOSS,12
2024-11-03 04:00:00,2024-11-04 20:00:00,BTCUSDT,68379.9,66825.50009517858,4.090148922621495e-05,3.0,-6.819547432014747,-0.06576388093802625,0.0021866099777434985,STOP_LOSS,11
2024-11-05 00:00:00,2024-11-07 04:00:00,BTCUSDT,67850.01,75048.01,3.8116939829088874e-05,3.0,31.826082265868493,0.27207725250461146,0.0022884803851702883,SIGNAL_EXIT,13
2024-11-07 04:00:00,2024-11-07 12:00:00,ETHUSDT,2852.43,2792.28,0.001187168808449727,3.0,-6.326185042227116,-0.07406013000461706,0.0026519261763664034,SIGNAL_EXIT,2
2024-11-07 12:00:00,2024-11-07 20:00:00,BTCUSDT,74745.99,76530.4,4.219761445930349e-05,3.0,7.161895909064775,0.07271432496643225,0.002583520250893024,SIGNAL_EXIT,2
2024-11-07 20:00:00,2024-11-08 20:00:00,SOLUSDT,196.99,199.54,0.017071648655429737,3.0,3.8834458601959234,0.04080752265318198,0.0027251814181635595,SIGNAL_EXIT,6
2024-11-08 20:00:00,2024-11-09 04:00:00,LINKUSDT,13.517,13.352,0.2568804357079301,3.0,-3.662055189761023,-0.04512916595386608,0.0027438940620578265,SIGNAL_EXIT,2
2024-11-09 04:00:00,2024-11-09 08:00:00,BNBUSDT,635.4,628.95,0.005236050656969965,3.0,-3.045325779036795,-0.03640709798601693,0.002634571248561008,SIGNAL_EXIT,1
2024-11-09 08:00:00,2024-11-10 08:00:00,ETHUSDT,3030.37,3185.89,0.0010592329988436985,3.0,15.396139745311627,0.16203223612522305,0.0026996798549489202,SIGNAL_EXIT,6
2024-11-10 08:00:00,2024-11-10 16:00:00,LINKUSDT,14.499,14.597,0.25402749408061365,3.0,2.0277260500723973,0.021928262955024102,0.002966431464875774,SIGNAL_EXIT,2
2024-11-10 16:00:00,2024-11-10 20:00:00,AVAXUSDT,32.356,30.80992996428572,0.11553504877795989,3.0,-14.334930483195851,-0.18147297839940735,0.002847701409015423,STOP_LOSS,2
2024-11-11 00:00:00,2024-11-11 08:00:00,AVAXUSDT,31.905,31.348,0.09978094425138616,3.0,-5.237423601316428,-0.05808033238033627,0.0025023464323139623,SIGNAL_EXIT,2
2024-11-11 08:00:00,2024-11-11 16:00:00,NEARUSDT,5.192,5.217,0.577853716937024,3.0,1.4445300462249306,0.012034612650416929,0.0024117302730083633,SIGNAL_EXIT,2
2024-11-11 16:00:00,2024-11-12 04:00:00,BTCUSDT,84059.53,88047.45,3.6017214100401095e-05,3.0,14.232485001997983,0.14109678936915598,0.0025369790861154884,SIGNAL_EXIT,3
2024-11-12 04:00:00,2024-11-12 08:00:00,AVAXUSDT,36.001,33.65062680357143,0.09555988603485165,3.0,-19.585899250814453,-0.22717391483996466,0.0025725200498804878,STOP_LOSS,2
2024-11-12 12:00:00,2024-11-14 20:00:00,BTCUSDT,87155.55,87198.86630835001,3.156446521786941e-05,3.0,0.1491000000000387,-0.0008346523578216111,0.002201908466102047,STOP_LOSS,15
2024-11-15 00:00:00,2024-11-15 16:00:00,NEARUSDT,5.419,5.355,0.5034092213185105,3.0,-3.543089130835902,-0.03437479526851275,0.0021566051041284995,SIGNAL_EXIT,4
2024-11-15 16:00:00,2024-11-16 04:00:00,BTCUSDT,88445.4,91252.04,2.957438850687711e-05,3.0,9.519907196982544,0.08084568313253748,0.0021589786264040725,SIGNAL_EXIT,3
2024-11-16 04:00:00,2024-11-17 12:00:00,NEARUSDT,6.133,5.83,0.464542109041375,3.0,-14.821457687917816,-0.14292288343610557,0.002166624396568973,SIGNAL_EXIT,8
2024-11-17 12:00:00,2024-11-17 16:00:00,SOLUSDT,234.81,233.96,0.01025695256628626,3.0,-1.0859844129295955,-0.01063818297926993,0.001919773297926667,SIGNAL_EXIT,1
2024-11-17 16:00:00,2024-11-17 20:00:00,AVAXUSDT,36.602,35.288,0.0647714816325338,3.0,-10.769903283973555,-0.0869382517002285,0.001828524835079082,SIGNAL_EXIT,1
2024-11-17 20:00:00,2024-11-18 16:00:00,SOLUSDT,235.4,235.51699380000002,0.008935292393290594,3.0,0.14910000000002196,-0.0006381567513511312,0.0016835305625534465,STOP_LOSS,6
2024-11-18 20:00:00,2024-11-20 16:00:00,SOLUSDT,236.29,238.37,0.008857700148856028,3.0,2.64082271784673,0.016734888322034402,0.0016891279875862492,SIGNAL_EXIT,11
2024-11-20 16:00:00,2024-11-21 16:00:00,BTCUSDT,94739.98,96672.0,2.2496234997726607e-05,3.0,6.117860696191842,0.04172337111654767,0.0017398048237601813,SIGNAL_EXIT,6
2024-11-21 16:00:00,2024-11-22 16:00:00,SOLUSDT,248.87,256.38,0.009033336528042774,3.0,9.052919194760305,0.06598758387035346,0.001852773455247685,SIGNAL_EXIT,6
2024-11-22 16:00:00,2024-11-23 04:00:00,AVAXUSDT,39.539,42.98752185,0.06155594070455347,3.0,26.165470927438715,0.2101600966401295,0.0021169098768274376,STOP_LOSS,4
2024-11-23 08:00:00,2024-11-23 16:00:00,AVAXUSDT,42.973,43.197,0.07110314056345025,3.0,1.563772601400906,0.013469949595877634,0.002457153890335489,SIGNAL_EXIT,2
2024-11-23 16:00:00,2024-11-24 08:00:00,LINKUSDT,17.938,16.95670530357143,0.17209878646074123,3.0,-16.41143990013218,-0.171214209139812,0.002334582724093646,STOP_LOSS,5
2024-11-24 12:00:00,2024-11-25 04:00:00,LINKUSDT,16.714,17.81,0.15337493677272437,3.0,19.672131147540988,0.16591364460376815,0.002185286099137777,SIGNAL_EXIT,4
2024-11-25 04:00:00,2024-11-25 08:00:00,NEARUSDT,6.993,6.892,0.4364541266621155,3.0,-4.332904332904332,-0.0464883002656379,0.0024064334727642404,SIGNAL_EXIT,1
2024-11-25 08:00:00,2024-11-25 12:00:00,AVAXUSDT,45.011,45.564,0.06454967190183071,3.0,3.6857657017173397,0.033343055561284196,0.0023529130004280117,SIGNAL_EXIT,1
2024-11-25 12:00:00,2024-11-25 20:00:00,LINKUSDT,18.672,17.340093642857145,0.1605078950253693,3.0,-21.399523733015034,-0.21600806330003375,0.0022265775441262306,STOP_LOSS,3
2024-11-26 00:00:00,2024-11-26 12:00:00,LINKUSDT,17.352,16.555,0.13490786739241495,3.0,-13.77939142461965,-0.10930829010749994,0.0017867197957451436,SIGNAL_EXIT,3
2024-11-26 12:00:00,2024-11-27 08:00:00,AVAXUSDT,40.008,43.312,0.050125490338415506,3.0,24.77504499100176,0.16387779188809462,0.0017368281900299618,SIGNAL_EXIT,5
2024-11-27 08:00:00,2024-11-27 16:00:00,LINKUSDT,18.155,18.075,0.13714219256399962,3.0,-1.3219498760672295,-0.012954451509595656,0.0019830761044754342,SIGNAL_EXIT,2
2024-11-27 16:00:00,2024-11-28 20:00:00,ETHUSDT,3552.79,3575.05,0.0006878565769777704,3.0,1.8796495148883172,0.013344390079105817,0.0019672973244195023,SIGNAL_EXIT,7
2024-11-28 20:00:00,2024-11-29 04:00:00,NEARUSDT,6.89,6.827,0.3587002752767286,3.0,-2.743105950653109,-0.024557194765885183,0.001959077423451381,SIGNAL_EXIT,2
2024-11-29 04:00:00,2024-11-29 08:00:00,ETHUSDT,3583.82,3544.5,0.0006670871029616042,3.0,-3.2914599505555664,-0.028121457077608315,0.0018915921891579249,SIGNAL_EXIT,1
2024-11-29 08:00:00,2024-11-29 16:00:00,NEARUSDT,6.831,6.915,0.3368006870673125,3.0,3.6890645586297595,0.026428076312797748,0.0018631814008563726,SIGNAL_EXIT,2
2024-11-29 16:00:00,2024-11-29 20:00:00,ETHUSDT,3613.95,3582.78,0.0006566936981853309,3.0,-2.587473540032343,-0.022351373810824065,0.0018822312383875522,SIGNAL_EXIT,1
2024-11-29 20:00:00,2024-11-30 04:00:00,NEARUSDT,6.953,6.91,0.3307101283016123,3.0,-1.8553142528405069,-0.01604870110622069,0.001828165589251313,SIGNAL_EXIT,2
2024-11-30 04:00:00,2024-11-30 16:00:00,ETHUSDT,3657.12,3674.0,0.000613788819197789,3.0,1.3846961543509735,0.008556707170672605,0.0018040480973861414,SIGNAL_EXIT,3
2024-11-30 16:00:00,2024-12-01 00:00:00,NEARUSDT,7.135,7.011,0.31715340620057436,3.0,-5.213735108619468,-0.0411058723935689,0.0017788500246977816,SIGNAL_EXIT,2
2024-12-01 00:00:00,2024-12-02 04:00:00,ETHUSDT,3703.59,3685.0,0.0005759679778974324,3.0,-1.5058362291722474,-0.012405198307954984,0.0016979535988416309,SIGNAL_EXIT,7
2024-12-02 04:00:00,2024-12-02 12:00:00,AVAXUSDT,47.121,46.244,0.04426332703532615,3.0,-5.583497803527106,-0.04045646844631844,0.0016375306363372978,SIGNAL_EXIT,2
2024-12-02 12:00:00,2024-12-03 00:00:00,LINKUSDT,19.781,25.242,0.09900749355382532,3.0,82.82189980284114,0.5386806045756118,0.001999317721828527,STOP_LOSS,4
2024-12-03 04:00:00,2024-12-03 12:00:00,LINKUSDT,24.231,24.243042807000002,0.14722369905636531,3.0,0.1491000000000033,-0.0010823337571807515,0.0028553203507426803,STOP_LOSS,3
2024-12-03 16:00:00,2024-12-04 00:00:00,LINKUSDT,23.997,24.127,0.14809452861316236,3.0,1.6252031503937872,0.016393827366231146,0.0028584613534798145,SIGNAL_EXIT,2
2024-12-04 00:00:00,2024-12-04 16:00:00,BNBUSDT,734.64,735.0051160800001,0.004890423214240302,3.0,0.14910000000004933,-0.0010900167122854067,0.0028755888658104165,STOP_LOSS,5
2024-12-04 20:00:00,2024-12-05 00:00:00,LINKUSDT,24.952,24.09,0.1433628694876884,3.0,-10.363898685476137,-0.1263416827191544,0.0027628892207667306,SIGNAL_EXIT,1
2024-12-05 00:00:00,2024-12-05 00:00:00,BNBUSDT,739.54,695.5233619642858,0.004313334281541456,3.0,-17.855682465741225,-0.19225849360626648,0.0024000198086188166,STOP_LOSS,1
2024-12-05 04:00:00,2024-12-05 08:00:00,BTCUSDT,102964.0,102236.1,2.5308976480848192e-05,3.0,-2.1208383512683877,-0.020492396820724165,0.0020699928403149154,SIGNAL_EXIT,1
2024-12-05 08:00:00,2024-12-06 04:00:00,LINKUSDT,23.939,24.038,0.10602912625313306,3.0,1.2406533272066527,0.008457900989561944,0.00203898250949825,SIGNAL_EXIT,5
2024-12-06 04:00:00,2024-12-06 12:00:00,NEARUSDT,7.951,7.778,0.3211938139124994,3.0,-6.527480820022641,-0.05756512619455155,0.001998596387689136,SIGNAL_EXIT,2
2024-12-06 12:00:00,2024-12-06 16:00:00,LINKUSDT,23.305,23.79,0.10186316202287195,3.0,6.243295430165194,0.047464973881473534,0.001938659699619299,SIGNAL_EXIT,1
2024-12-06 16:00:00,2024-12-07 00:00:00,ETHUSDT,3993.01,3998.87,0.0006287248432315152,3.0,0.4402693707253179,0.0016729764502539058,0.0020113511310825673,SIGNAL_EXIT,2
2024-12-07 00:00:00,2024-12-07 20:00:00,LINKUSDT,25.893,24.795,0.09682183821217924,3.0,-12.721584984358698,-0.1082309363397495,0.0019205579827767875,SIGNAL_EXIT,5
2024-12-07 20:00:00,2024-12-08 00:00:00,BNBUSDT,760.33,749.71,0.0028579587841200166,3.0,-4.190285796956586,-0.032065634511388684,0.0017141122240340943,SIGNAL_EXIT,1
2024-12-08 00:00:00,2024-12-08 16:00:00,LINKUSDT,24.808,26.014669375000004,0.08350760544957443,3.0,14.592099826668866,0.09902813187873002,0.001737938196854902,STOP_LOSS,5
2024-12-08 20:00:00,2024-12-09 04:00:00,LINKUSDT,25.952,25.964898144000003,0.09099331736389414,3.0,0.14910000000001283,-0.0007164608633132346,0.0018901057737105427,STOP_LOSS,3
2024-12-09 08:00:00,2024-12-09 08:00:00,LINKUSDT,26.228,24.63292367857143,0.08969323437765428,3.0,-18.244734498572953,-0.14483507962566666,0.0017675252775271816,STOP_LOSS,1
2024-12-09 12:00:00,2024-12-09 20:00:00,LINKUSDT,24.646,23.052440821428572,0.07760572014153212,3.0,-19.397377001194048,-0.12510050865795772,0.0014312010167736133,STOP_LOSS,3
2024-12-10 00:00:00,2024-12-10 12:00:00,LINKUSDT,22.243,22.254054771,0.06888424830865819,3.0,0.1491000000000175,-0.000464863477216592,0.0012263630677760348,STOP_LOSS,4
2024-12-10 16:00:00,2024-12-11 00:00:00,LINKUSDT,21.331,21.341601507,0.07152188445945856,3.0,0.14910000000000717,-0.000462873486980591,0.0012211132457307686,STOP_LOSS,3
2024-12-11 04:00:00,2024-12-11 20:00:00,LINKUSDT,22.426,23.789,0.06777159818637243,3.0,18.233300633193657,0.09108291348862134,0.0012897748394044913,SIGNAL_EXIT,4
2024-12-11 20:00:00,2024-12-12 04:00:00,BTCUSDT,101122.71,101025.88,1.767856724572171e-05,3.0,-0.2872648488158646,-0.003140609916913834,0.0014287942505105697,SIGNAL_EXIT,2
2024-12-12 04:00:00,2024-12-12 16:00:00,LINKUSDT,27.027,27.040432419000002,0.06560619941618354,3.0,0.14910000000000892,-0.0005379660417088132,0.0014192160012645987,STOP_LOSS,4
2024-12-12 20:00:00,2024-12-13 04:00:00,LINKUSDT,26.955,29.355550524999998,0.06553105383635158,3.0,26.717312465219813,0.15577164556117742,0.001538960129479611,STOP_LOSS,3
2024-12-13 08:00:00,2024-12-14 12:00:00,LINKUSDT,28.918,28.932372246000003,0.07705022264611526,3.0,0.14910000000004353,-0.0006760118243626062,0.001783396578587669,STOP_LOSS,8
2024-12-14 16:00:00,2024-12-15 20:00:00,LINKUSDT,30.36,28.01626960714286,0.0730061307527593,3.0,-23.1593912337662,-0.17274297506385916,0.0016362875537149026,STOP_LOSS,8
2024-12-16 00:00:00,2024-12-16 12:00:00,BTCUSDT,104463.99,103758.0,1.6170553391999044e-05,3.0,-2.0274642008217527,-0.01275850841229512,0.0013422594230776295,SIGNAL_EXIT,3
2024-12-16 12:00:00,2024-12-16 16:00:00,LINKUSDT,29.829,30.287,0.055158306876881336,3.0,4.606255657246288,0.02392604083730748,0.001336463712304084,SIGNAL_EXIT,1
2024-12-16 16:00:00,2024-12-18 04:00:00,BTCUSDT,106332.0,104144.17941160715,1.6110757577384163e-05,3.0,-6.172611974926211,-0.036589720424483926,0.0013422733020768047,STOP_LOSS,10
2024-12-18 08:00:00,2024-12-18 20:00:00,BTCUSDT,104250.75,101603.36849625001,1.5302721035668448e-05,3.0,-7.618309231588228,-0.04175598703038038,0.0012438464035058705,STOP_LOSS,4
2024-12-19 00:00:00,2024-12-19 04:00:00,LINKUSDT,24.855,24.862,0.0589350495237394,3.0,0.08449004224499573,-0.0007596492143413154,0.0011721945610073672,SIGNAL_EXIT,1
2024-12-19 04:00:00,2024-12-19 16:00:00,BTCUSDT,101193.15,98464.85262803572,1.4411365403087435e-05,3.0,-8.08838554377725,-0.04045370073212736,0.0011352103764670216,STOP_LOSS,4
2024-12-20 00:00:00,2024-12-20 04:00:00,LINKUSDT,22.803,22.290555763491543,0.05845088818047288,3.0,-6.741800243500299,-0.030995142992813602,0.0010423222259299517,STOP_LOSS,2
2024-12-20 08:00:00,2024-12-20 08:00:00,LINKUSDT,22.635,22.299731848220556,0.05460979290934307,3.0,-4.443580540483037,-0.019283151328305864,0.0009742269905321655,STOP_LOSS,1
2024-12-20 16:00:00,2024-12-21 12:00:00,LINKUSDT,22.692,22.703277923999998,0.051794591296106265,3.0,0.14909999999997425,-0.00035659013667594644,0.0009407256009243935,STOP_LOSS,6
2024-12-21 16:00:00,2024-12-21 16:00:00,LINKUSDT,22.865,22.341094634405284,0.05115586532557971,3.0,-6.87389502201681,-0.027715134748386758,0.0009143024226749345,STOP_LOSS,1
2024-12-21 20:00:00,2024-12-22 08:00:00,BTCUSDT,97269.03,96210.25,1.114221806758029e-05,3.0,-3.265520381975637,-0.012654754114261781,0.0008575964686691334,SIGNAL_EXIT,3
2024-12-22 12:00:00,2024-12-22 12:00:00,BTCUSDT,97101.29,95755.266737466,1.0738649182521905e-05,3.0,-4.158616005618462,-0.015277097381364166,0.0008226257734979649,STOP_LOSS,1
2024-12-24 16:00:00,2024-12-25 00:00:00,LINKUSDT,24.638,24.650245086,0.04036202180849064,3.0,0.14910000000000087,-0.0003017105556177707,0.000795946983796617,STOP_LOSS,3
2024-12-25 04:00:00,2024-12-26 12:00:00,BNBUSDT,703.67,696.3,0.0014078491203511469,3.0,-3.142097858371114,-0.011160076290988363,0.0007842282740004029,SIGNAL_EXIT,8
2024-12-27 04:00:00,2024-12-27 08:00:00,BNBUSDT,689.15,692.24,0.0013827494622990397,3.0,1.3451353116157725,0.003506940248278567,0.0007657555902255099,SIGNAL_EXIT,1
2024-12-27 12:00:00,2024-12-27 12:00:00,BNBUSDT,706.03,686.5390016071428,0.0013613404299122685,3.0,-8.281942010760366,-0.027281574771230995,0.000747690639679526,STOP_LOSS,1
