entry_time,exit_time,symbol,entry_price,exit_price,units,leverage,gross_pnl_usdt,entry_fee_usdt,exit_fee_usdt,slippage_cost_usdt,funding_cost_usdt,borrow_cost_usdt,net_pnl_usdt,gross_ret_pct,exit_reason,bars_held
2020-11-04 00:00:00,2020-11-04 04:00:00,BTCUSDT,14030.541765,13673.124838423928,2.1364820049056745,3.0,-763.6148318784706,24.0,23.369908134497226,43.884404358719316,-2.3207095269882188,1.806481407133419,-810.470511893113,-7.642262128487495,STOP_LOSS,2
2020-11-04 08:00:00,2020-11-06 12:00:00,BTCUSDT,13607.260229999998,15564.563825000001,2.024399704858824,3.0,3962.3648200371213,22.05487077145653,25.207118730869066,15.762330371977686,3.9325448882674605,12.683203321413556,3898.487082325115,43.152777897597474,SIGNAL_EXIT,13
2020-11-06 12:00:00,2020-11-07 12:00:00,ETHUSDT,443.61169499999994,443.83217001241496,88.43914376857666,3.0,19.498621320350882,31.411239769036808,31.401709674277864,58.96665562270079,101.48769924720015,7.332545974853762,-152.1345733450177,0.1491000000000151,STOP_LOSS,7
2020-11-07 16:00:00,2020-11-07 16:00:00,ETHUSDT,448.10393999999997,425.08963337571424,86.53483358005722,3.0,-1991.5391936929736,31.046116793008768,29.42804854461998,55.260481743776836,0.0,0.0,-2052.0133590306027,-15.407791297897798,STOP_LOSS,1
2020-11-07 20:00:00,2020-11-09 08:00:00,ETHUSDT,431.25552,444.5776,75.65232934163443,3.0,1007.8463836756033,26.121284731335322,26.90666481049073,16.825078045578987,58.80775204434131,8.225109499442228,887.7855725899936,9.267415290127785,SIGNAL_EXIT,9
2020-11-09 08:00:00,2020-11-09 12:00:00,BTCUSDT,15310.921634999999,15794.498800000001,2.3046758061363164,3.0,1114.488592575495,28.25197010555131,29.120959403527266,18.209704479440635,3.6419385912130466,2.21579654191987,1051.2579279332836,9.47514153350317,SIGNAL_EXIT,1
2020-11-09 12:00:00,2020-11-09 12:00:00,ETHUSDT,458.44911,437.204817585,83.843463948717,3.0,-1781.195065213056,30.774989132591195,29.325413089114672,55.06775116884193,0.0,0.0,-1841.2954674347618,-13.901843379083022,STOP_LOSS,1
2020-11-09 16:00:00,2020-11-09 20:00:00,ETHUSDT,437.92885499999994,446.326725,75.16858904724137,3.0,631.256038902162,26.35588001074776,26.839800137860887,16.783266719522892,8.588042869454727,2.0419971106300565,567.4303187734686,5.752900205673867,SIGNAL_EXIT,1
2020-11-09 20:00:00,2020-11-10 04:00:00,BTCUSDT,15367.679999999998,15327.242545000001,2.252742330461027,3.0,-91.09516661460728,27.71771277580409,27.622662472291765,17.272800445402535,3.454560089081011,2.101793346463464,-151.9918952982476,-0.7893993432970527,SIGNAL_EXIT,2
2020-11-10 04:00:00,2020-11-10 16:00:00,ETHUSDT,449.50463999999994,442.85846000000004,76.0032473783436,3.0,-505.1312626609922,27.352932227088296,26.926944871177835,16.837759424194264,5.677958337198977,2.0692027157570125,-567.1583008122144,-4.435669451598922,SIGNAL_EXIT,3
2020-11-10 16:00:00,2020-11-11 04:00:00,SOLUSDT,2.185092,2.26356765,14856.902422927085,3.0,1165.9050746257797,25.991752305138984,26.903682962995497,16.82321345859825,6.698680164449365,4.075552613551975,1102.235406579644,10.774235135179678,SIGNAL_EXIT,3
2020-11-11 04:00:00,2020-11-12 04:00:00,ETHUSDT,463.35156,457.65106000000003,77.19356655210512,3.0,-440.04192613027345,28.63711728093013,28.262174046201167,17.67269512643632,36.506520372767135,6.510959441367701,-539.9586972715396,-3.69082603282914,SIGNAL_EXIT,6
2020-11-12 04:00:00,2020-11-15 16:00:00,BTCUSDT,15635.954069999998,16019.176405000002,2.1840163471995004,3.0,836.9638442519721,27.341216407478427,27.988914509754025,17.501822479832974,33.09188684957507,21.344851353030492,727.196975132134,7.352714134699504,SIGNAL_EXIT,21
2020-11-15 16:00:00,2020-11-15 16:00:00,SOLUSDT,2.19759825,2.064660891910714,16531.240387362268,3.0,-2197.6194230348424,29.08648914779555,27.30512441804944,51.27401931281084,0.0,0.0,-2254.011036600687,-18.147633411514484,STOP_LOSS,1
2020-11-15 20:00:00,2020-11-16 04:00:00,BTCUSDT,15863.217645,15998.49675,1.8642120485312432,3.0,252.18893745552245,23.676862659953898,23.859672319790352,14.919755077407212,2.9839510154815345,1.8154694747777225,199.85298198551894,2.5583543268595106,SIGNAL_EXIT,2
2020-11-16 04:00:00,2020-11-16 20:00:00,SOLUSDT,2.16017955,2.2410789,13967.117113520595,3.0,1129.9306958576944,24.15650981671915,25.041129165551933,15.658534995964642,6.308946800177253,3.838434436186631,1070.5856756390597,11.2350869167334,SIGNAL_EXIT,4
2020-11-16 20:00:00,2020-11-17 04:00:00,BTCUSDT,16787.319465,16565.283215,1.9884454127398623,3.0,-441.50696277446326,26.725915438252887,26.351329135682708,16.47781961961197,3.295565912367713,2.005059494938147,-499.88483275570474,-3.9679280029713966,SIGNAL_EXIT,2
2020-11-17 04:00:00,2020-11-17 08:00:00,SOLUSDT,2.2974481499999997,2.2466760999999997,13877.22878869295,3.0,-704.5753539209572,25.526191839639196,24.94211060303072,15.596617435612929,0.0,0.0,-755.0436563636272,-6.62979706419054,SIGNAL_EXIT,1
2020-11-17 08:00:00,2020-11-18 12:00:00,BTCUSDT,16758.375,17526.75387475,1.76740851922658,3.0,1358.0393692268838,23.714087064366485,24.7815472900965,46.53520397489396,16.134286875831172,7.630514295211314,1285.7789337013783,13.755132130949455,STOP_LOSS,8
2020-11-18 16:00:00,2020-11-21 16:00:00,BTCUSDT,17882.826944999997,18780.605,1.8718039255206242,3.0,1680.4644875952756,26.799956505249792,28.12288813012181,17.58559788026708,81.53413700790806,18.600793636805374,1525.4067123151906,15.061008940496729,SIGNAL_EXIT,18
2020-11-21 16:00:00,2020-11-22 08:00:00,BNBUSDT,30.5008428,29.9302274,1247.3656903635792,3.0,-711.7660723530914,30.46093261480625,29.867151010831936,18.67630753553787,7.580827562213942,4.612261046293371,-784.2872445872368,-5.612455404019209,SIGNAL_EXIT,4
2020-11-22 08:00:00,2020-11-22 08:00:00,ETHUSDT,542.5911600000001,518.2946929028573,65.78567441371197,3.0,-1598.3594738561017,28.57864322779688,27.277092734129763,51.22138094791321,0.0,0.0,-1654.2152098180284,-13.433577003250177,STOP_LOSS,1
2020-11-22 12:00:00,2020-11-23 00:00:00,ETHUSDT,523.2715049999999,551.0082460000001,58.73824503126304,3.0,1629.2074892266896,24.608526724233613,25.892205894235577,48.620817277603024,24.84556249834336,2.047837952712124,1551.8133561571651,15.901921317118253,STOP_LOSS,4
2020-11-23 04:00:00,2020-11-24 04:00:00,ETHUSDT,574.0768949999999,612.75347,61.64290167954679,3.0,2384.1363100266217,28.33287877901081,30.2175215240089,18.895398651828547,107.92926380044162,6.758151010083987,2210.898494913076,20.21153019927761,SIGNAL_EXIT,6
2020-11-24 04:00:00,2020-11-24 12:00:00,BNBUSDT,32.85491925,32.87124814486725,1278.808649737769,3.0,20.881531996898214,33.63903516680219,33.628829164266264,63.148777849771534,4.219262894685302,2.567047163851427,-53.17264239270696,0.1491000000000018,STOP_LOSS,3
2020-11-24 16:00:00,2020-11-25 04:00:00,BNBUSDT,33.0663249,32.686,1265.8124160178306,3.0,-481.41998054073724,33.51142082505969,33.09947570396705,565.131509761732,8.320248301106002,5.062132968959466,-561.4132583398293,-3.450563990557033,STOP_LOSS,4
2020-11-25 08:00:00,2020-11-25 20:00:00,BNBUSDT,33.1223529,32.40388995,1212.862876879139,3.0,-871.3970404680765,32.164029005044114,31.44118014946562,19.660567877352236,8.01611396901345,4.877094208845357,-947.895457800445,-6.507354282793141,SIGNAL_EXIT,3
2020-11-25 20:00:00,2020-11-26 00:00:00,SOLUSDT,2.4178083,2.26416735,15440.207068111016,3.0,-2372.248082141288,29.88907990632304,27.967370176684955,17.488350535691854,0.0,0.0,-2430.104532224296,-19.06366398030809,SIGNAL_EXIT,1
2020-11-26 00:00:00,2020-11-26 00:00:00,ETHUSDT,569.66469,538.263581715,52.74502700387123,3.0,-1656.2523044438076,24.056829028984733,22.712581722206497,42.650065827878535,0.0,0.0,-1703.021715194999,-16.536626985779986,STOP_LOSS,1
2020-11-26 04:00:00,2020-11-26 08:00:00,ETHUSDT,532.32603,495.4585114907143,46.85474720019497,3.0,-1727.418259651089,19.96957691251674,18.57166664326585,34.87418623547622,0.0,0.0,-1765.9595032068717,-20.777220968859446,STOP_LOSS,2
2020-11-26 12:00:00,2020-12-01 08:00:00,ETHUSDT,512.9463450000001,585.7355767500001,38.3049056659532,3.0,2788.1846556809555,15.731274104820246,17.949236810081157,33.705377084526404,55.3403517587205,17.813607674774143,2681.3501853325597,42.571254747901556,STOP_LOSS,30
2020-12-01 12:00:00,2020-12-01 12:00:00,ETHUSDT,616.117905,588.1390140353571,44.93616635353808,3.0,-1257.2640987746925,22.16651454961839,21.14297005895894,39.702622794739675,0.0,0.0,-1300.5735833832698,-13.623475671256205,STOP_LOSS,1
2020-12-01 16:00:00,2020-12-04 20:00:00,ETHUSDT,604.1119049999999,570.6253953567856,39.375779722340816,3.0,-1318.557427381247,19.04513794949854,17.975055897233943,33.75386059820947,82.77184731718127,14.330903220432882,-1452.6803717655935,-16.62929137766998,STOP_LOSS,20
2020-12-05 00:00:00,2020-12-07 00:00:00,ETHUSDT,567.5236199999999,601.289205,34.24143406845187,3.0,1156.182052560211,15.558705057261117,16.471203735263476,10.299652160619766,18.11627465623652,7.387399951312032,1098.648469160138,17.848905566256487,SIGNAL_EXIT,12
2020-12-07 00:00:00,2020-12-07 12:00:00,BTCUSDT,19368.349335,19094.238105,1.1733643830249285,3.0,-321.63235426915264,18.195461383245444,17.923599130723524,11.207853383394502,4.50410702815345,2.7403495494127,-364.9958713606878,-4.245760316363045,SIGNAL_EXIT,3
2020-12-07 12:00:00,2020-12-07 16:00:00,ETHUSDT,590.905305,594.112795,36.608267789511146,3.0,117.42065285217936,17.31947129197979,17.399552237227955,10.880160228380293,0.0,0.0,82.70162932297161,1.6284284332157113,SIGNAL_EXIT,1
2020-12-07 16:00:00,2020-12-07 20:00:00,BTCUSDT,19223.50695,18957.526495,1.1381859774416083,3.0,-302.73522415453965,17.517955202354926,17.26175265886941,10.79399240799755,2.158798481599476,1.3134373604681575,-340.98716785783165,-4.150862623950113,SIGNAL_EXIT,1
2020-12-07 20:00:00,2020-12-08 00:00:00,ETHUSDT,587.5936499999999,590.974365,35.49695084923172,3.0,120.00507419026479,16.69958599949613,16.782230390048746,10.494141064310755,0.0,0.0,86.52325780071993,1.7260474138888957,SIGNAL_EXIT,1
2020-12-08 00:00:00,2020-12-08 08:00:00,BTCUSDT,19176.48345,18787.63180946786,1.1012000759166356,3.0,-428.2034560742996,16.907241818217862,16.551153259903845,31.080032410933338,2.1093190130162656,1.2833334933553977,-465.05450365879295,-6.083257781011025,STOP_LOSS,3
2020-12-08 12:00:00,2020-12-08 20:00:00,ETHUSDT,573.996855,570.7844650000001,34.36098556809429,3.0,-110.38088642908747,15.79111100943676,15.69017341148594,9.811264014185173,3.4818823434870505,1.1938776569002838,-146.5379308503975,-1.6789586765244109,SIGNAL_EXIT,2
2020-12-08 20:00:00,2020-12-08 20:00:00,BTCUSDT,18805.137870000002,18380.45434176643,1.0254556857056085,3.0,-435.49413865263324,15.439419975395804,15.078673128493381,28.31498459281446,0.0,0.0,-466.01223175652245,-6.775013262376637,STOP_LOSS,1
2020-12-09 00:00:00,2020-12-09 04:00:00,ETHUSDT,555.19746,537.8209452385714,32.21721742631172,3.0,-559.8229541804589,14.320990619180149,13.861675463340434,26.029686022796817,2.462183135223176,1.0822280073261983,-591.5500314055289,-9.389370096233089,STOP_LOSS,2
2020-12-09 08:00:00,2020-12-09 08:00:00,ETHUSDT,538.6992149999999,531.048858776808,29.91221531521035,3.0,-228.83910258617618,12.901270543806879,12.707878245302892,23.863066309407778,0.0,0.0,-254.44825137528593,-4.260460760013501,STOP_LOSS,1
2020-12-09 12:00:00,2020-12-11 00:00:00,ETHUSDT,562.170945,541.1850907253571,27.306556782105186,3.0,-573.0514213715202,12.29059474050619,11.82232112761657,22.200152342793896,6.16295333293723,3.7496103630312447,-607.0769009356114,-11.199006882849236,STOP_LOSS,10
2020-12-11 04:00:00,2020-12-11 12:00:00,ETHUSDT,547.59366,538.660535,24.710255251398717,3.0,-220.73979894265162,10.833610178260724,10.648351450963995,6.658548931317372,2.315984959966581,0.8101370596894806,-245.3478825915324,-4.8940258000795795,SIGNAL_EXIT,2
2020-12-11 16:00:00,2020-12-11 20:00:00,ETHUSDT,554.467095,545.9668800000001,23.07751788190653,3.0,-196.1638636625481,10.244775260041047,10.079648348902975,6.3029316839051335,1.5617690033752099,0.7669689949344553,-218.81702526980177,-4.599126842684819,SIGNAL_EXIT,1
2020-12-11 20:00:00,2020-12-17 12:00:00,BTCUSDT,17984.06754,22576.085000000003,0.6750307380597454,3.0,3099.7529352070396,9.719614399393523,12.191641056039641,22.8936674812944,27.830836202047596,13.678800698441428,3036.3320428511174,76.60142706514772,STOP_LOSS,35
2020-12-17 16:00:00,2020-12-17 20:00:00,BTCUSDT,23345.476905,22397.426010356787,0.9098767783982873,3.0,-862.6094937755805,17.006811302236205,16.30311825817395,30.614268136279957,4.449387100166107,1.2676456697047471,-901.6364561058615,-12.182885342215881,STOP_LOSS,2
2020-12-18 00:00:00,2020-12-19 16:00:00,BTCUSDT,22808.548575,23540.224000000002,0.8127988422722372,3.0,594.7049383590481,14.842883807582135,15.30677345122331,9.571519166596257,27.320328776573692,5.659568346670966,531.5753839769981,9.62369993768884,SIGNAL_EXIT,10
2020-12-19 16:00:00,2020-12-20 00:00:00,BNBUSDT,33.88803555,33.285149100000005,594.0802386427956,3.0,-358.1629260905035,16.118664729126934,15.819239456471232,9.89197064561424,2.0018602985498557,1.2179543986918278,-393.3206449733433,-5.337161982527423,SIGNAL_EXIT,2
2020-12-20 00:00:00,2020-12-20 08:00:00,BTCUSDT,23833.510799999996,23617.075555,0.7952329994667611,3.0,-172.11644907167087,15.174695181190907,15.024862265788617,9.395236534385061,13.097122370940127,1.1295697812694954,-216.54269867086003,-2.724339441422079,SIGNAL_EXIT,2
2020-12-20 08:00:00,2020-12-20 20:00:00,BNBUSDT,33.695439300000004,33.71218593333211,543.2214646262727,3.0,9.097130686224945,14.654992704380843,14.650546414766316,27.511041089319075,3.775296831503609,2.296933200397663,-26.280638464823486,0.14910000000003973,STOP_LOSS,4
2020-12-21 00:00:00,2020-12-21 08:00:00,BNBUSDT,34.3243536,32.58675361067143,530.9730594871135,3.0,-922.6187824985677,14.591919172065266,13.84215061072876,25.99302192800755,1.8841313529370478,1.1463267794886591,-954.0833104137873,-15.186884591428159,STOP_LOSS,3
2020-12-21 12:00:00,2020-12-22 16:00:00,BTCUSDT,22658.02335,23331.008660000003,0.6781415429432482,3.0,456.37929650154274,12.302119227072176,12.65738096889175,7.9148205158133145,8.92023665723492,2.8380881135843086,419.6614715347596,8.910556312936322,SIGNAL_EXIT,7
2020-12-22 16:00:00,2020-12-22 20:00:00,BNBUSDT,33.346865099999995,33.0236799,498.49735775270045,3.0,-161.1069682647768,13.309306758755595,13.16977373873677,8.235226199810903,1.64702031509419,1.002065748022931,-190.2351348253863,-2.907486497134007,SIGNAL_EXIT,1
2020-12-22 20:00:00,2020-12-23 04:00:00,BTCUSDT,23415.972135,23694.866640000004,0.6855609158134645,3.0,191.19917226314547,12.852742435174672,12.995419579037048,8.126200337064862,1.8381465162444846,0.9888143995213856,162.5240493331679,3.573131664900709,SIGNAL_EXIT,2
2020-12-23 04:00:00,2020-12-23 08:00:00,BNBUSDT,33.86182245,31.619286555610714,488.4632956846145,3.0,-1095.3964736644346,13.242800153574272,12.355888734519866,23.202094519001978,0.0,0.0,-1120.9951625525287,-19.867825168305004,STOP_LOSS,2
2020-12-23 12:00:00,2020-12-27 12:00:00,BTCUSDT,23075.542004999996,26960.39865,0.5711658815940696,3.0,2218.897570508006,10.552411763448204,12.319087890443852,23.132989278499192,30.07381213858724,10.263594000084524,2155.6886647154424,50.5061589993193,STOP_LOSS,25
2020-12-27 16:00:00,2020-12-27 20:00:00,ETHUSDT,698.0888699999999,664.091236695,28.136610506192163,3.0,-956.578166435129,15.726064558765264,14.948221173970149,28.070019730787635,9.744514557278231,1.2084041892962838,-998.205370914439,-14.610303114415752,STOP_LOSS,2
2020-12-28 00:00:00,2020-12-29 04:00:00,ETHUSDT,685.44255,699.6500000000001,24.29034236938558,3.0,345.1038246959298,13.330371668570612,13.5957904309925,8.501619829282744,51.00805553905778,4.2555187200801186,262.9140883372288,6.218223540397416,SIGNAL_EXIT,7
2020-12-29 04:00:00,2020-12-29 04:00:00,BNBUSDT,39.53905965,37.273019701596425,441.02580181732696,3.0,-999.3820851947803,13.96136548057996,13.150690720039671,24.6945869805451,0.0,0.0,-1026.4941413954,-17.193428233720578,STOP_LOSS,1
2020-12-29 08:00:00,2020-12-30 04:00:00,BNBUSDT,37.9545678,37.7601105,378.36622781929077,3.0,-73.57607507292276,11.497779541230999,11.429720457539675,7.147148860392578,4.3241546509704865,2.630864492186774,-103.45859421485069,-1.537026855565956,SIGNAL_EXIT,5
2020-12-30 04:00:00,2020-12-30 08:00:00,ETHUSDT,734.5671,732.87338,19.12772728996314,3.0,-32.39701426555608,11.24947891511536,11.214561720570822,7.012607379046511,0.0,0.0,-54.86105490124226,-0.6917216956762635,SIGNAL_EXIT,1
2020-12-30 08:00:00,2020-12-30 08:00:00,BTCUSDT,28403.214509999998,27290.067200020712,0.48889352512963574,3.0,-544.2105123643443,11.117812383352378,10.67354972355422,20.042970186944014,0.0,0.0,-566.0018744712509,-11.75726757533775,STOP_LOSS,1
2020-12-30 12:00:00,2020-12-30 16:00:00,BTCUSDT,27850.868475,28139.673125,0.437670389303438,3.0,126.40124359814396,9.759407884621377,9.852721353192194,6.161031361425324,0.0,0.0,106.78911436033039,3.1109046052827107,SIGNAL_EXIT,1
2020-12-30 16:00:00,2020-12-31 04:00:00,ETHUSDT,734.417025,742.66848,17.03338984699956,3.0,140.5502498199751,10.015701759086168,10.12012939753488,6.32824499595589,18.666772154529415,1.5503610339955776,100.19728547482907,3.37061426374208,SIGNAL_EXIT,3
2020-12-31 04:00:00,2020-12-31 12:00:00,BTCUSDT,29038.522004999995,27813.625677528213,0.44113687596883516,3.0,-540.3469392866015,10.25617524422576,9.815692752601098,18.43207201915489,7.6960388832104485,0.7759312145606093,-568.8907773811994,-12.654531734716462,STOP_LOSS,3
2020-12-31 16:00:00,2021-01-02 00:00:00,BTCUSDT,28796.401004999996,29317.034150000003,0.38562651922481417,3.0,200.76994749942068,8.890837378510879,9.044340666607608,5.655540686972311,16.39346041533963,2.7337576298238044,163.70755140913877,5.423939730276796,SIGNAL_EXIT,8
2021-01-02 00:00:00,2021-01-02 08:00:00,SOLUSDT,1.84302105,1.7517237,6291.5101495254885,3.0,-574.3982041497798,9.283735501892814,8.816789950171474,5.5132503440281155,-14.119621857138586,0.7125114909013153,-579.0916192356068,-14.86103753399884,SIGNAL_EXIT,2
2021-01-02 08:00:00,2021-01-02 20:00:00,BTCUSDT,29766.345735,31587.5475,0.3312297952801921,3.0,603.236287784875,7.893915615727357,8.370189513462675,15.717681860533123,4.1904680068804065,1.2652116664835393,581.516502982321,18.35497492248692,STOP_LOSS,4
2021-01-03 00:00:00,2021-01-03 12:00:00,BTCUSDT,32192.538225,34396.323235,0.36041440386868634,3.0,794.2758606338981,9.289555222884927,9.917544267213739,6.201565949981903,27.788251228733092,1.468900986399771,745.8116089286666,20.536917542170627,SIGNAL_EXIT,3
2021-01-03 12:00:00,2021-01-03 12:00:00,SOLUSDT,2.2668328499999997,2.0306929489392855,6104.6844950689,3.0,-1441.5595926724457,11.079503084313727,9.91739180770832,18.623044205761158,0.0,0.0,-1462.5564875644677,-31.25151919261019,STOP_LOSS,1
2021-01-03 16:00:00,2021-01-03 20:00:00,ETHUSDT,918.4089749999999,918.865424260575,10.294041415682589,3.0,4.698707592517026,7.569367514159004,7.56707098622169,14.209572457851692,7.05816283215015,0.577155250485602,-18.07304899049942,0.14910000000000895,STOP_LOSS,2
2021-01-04 00:00:00,2021-01-04 08:00:00,ETHUSDT,978.819165,1044.3,9.60337168462642,3.0,628.8367967246943,7.525992196581807,8.023040840204295,581.2104594111184,28.990341923062545,0.5967894058799466,583.7006323589658,20.069335789926004,STOP_LOSS,3
2021-01-04 12:00:00,2021-01-05 04:00:00,ETHUSDT,977.458485,1001.75,11.406791633805206,3.0,277.0882500744537,8.926873714243325,9.141402815331492,868.284979165251,19.91927246925214,1.4185680049380602,237.68213307068868,7.455513059462573,STOP_LOSS,5
2021-01-05 08:00:00,2021-01-06 00:00:00,ETHUSDT,1004.02176,1062.404,11.814625642359195,3.0,689.764309762369,9.497310833612977,10.041524432755983,18.856142525205318,18.20235210947239,1.537214968208127,650.4859074183195,17.444514349967882,STOP_LOSS,5
2021-01-06 04:00:00,2021-01-06 20:00:00,ETHUSDT,1076.0277449999999,1146.41928775,12.836135361230637,3.0,903.5553710248544,11.058477011416944,11.772474526627693,22.106549561769373,64.68061933272766,1.8061064296602718,814.2376937244218,19.62538877192245,STOP_LOSS,5
2021-01-07 00:00:00,2021-01-07 20:00:00,ETHUSDT,1209.354375,1209.955424124375,13.439234217818157,3.0,8.077639958891416,13.012647476355555,13.008699470341586,24.427953437044103,95.61414246502325,2.983168624066578,-116.54101807689555,0.14910000000002352,STOP_LOSS,6
2021-01-08 00:00:00,2021-01-08 00:00:00,ETHUSDT,1225.4724299999998,1126.1788383192857,12.977406062232497,3.0,-1288.573258618138,12.732949032971005,11.69190406685012,21.955253004850928,0.0,0.0,-1312.998111717959,-24.307423631076098,STOP_LOSS,1
2021-01-08 04:00:00,2021-01-08 08:00:00,BTCUSDT,38366.283555,38910.09522,0.3119304006951536,3.0,169.63139056614898,9.581753564847904,9.709793274448947,6.071656624841387,0.0,0.0,150.33984372685214,4.252262256940417,SIGNAL_EXIT,1
2021-01-08 08:00:00,2021-01-08 12:00:00,ETHUSDT,1208.8041,1254.61238,10.273185636986705,3.0,470.596964151065,9.942569189792348,10.311092705761364,6.44765676948538,9.964685227530424,0.7846841855193379,439.5939328424615,11.368660976580067,SIGNAL_EXIT,1
2021-01-08 12:00:00,2021-01-08 16:00:00,SOLUSDT,3.15707775,3.3027,4350.857590105029,3.0,633.5816717006728,10.997594628614257,11.495661890271904,1337.018537439274,0.0,0.0,611.0884151817867,13.837693734340261,STOP_LOSS,2
2021-01-08 20:00:00,2021-01-09 20:00:00,SOLUSDT,3.2050016999999995,3.5095377850000005,4857.3435466471465,3.0,1479.2363871959415,12.464206825050546,13.63762456934726,25.608959506785055,16.10396219547176,2.9326253221262935,1434.0979682839456,28.505702664681987,STOP_LOSS,7
2021-01-10 00:00:00,2021-01-10 08:00:00,SOLUSDT,3.3750866999999998,3.5587688275,5886.262534890167,3.0,1081.201225432169,15.906041948932018,16.75827809571861,31.46897489180959,66.07469444116185,1.2629343572463412,981.1992765891101,16.32688080279538,STOP_LOSS,3
2021-01-10 12:00:00,2021-01-10 16:00:00,SOLUSDT,3.25172505,3.2533411573498503,7014.08913577106,3.0,11.33552100482392,18.260920212745884,18.255379893379544,34.280257686614334,0.0,0.0,-25.180779101301507,0.1491000000000168,STOP_LOSS,2
2021-01-10 20:00:00,2021-01-11 00:00:00,SOLUSDT,3.327663,3.329316848511,6831.3430303145315,3.0,11.29800649881766,18.20048634290276,18.194964359027487,34.166808385754685,0.0,0.0,-25.097444203112588,0.14910000000002305,STOP_LOSS,2
2021-01-11 04:00:00,2021-01-11 16:00:00,SOLUSDT,3.1453718999999998,2.6384796635785714,7203.337495175782,3.0,-3651.315852627982,18.140252476815288,15.204687592731446,28.551616661362054,5.033287046691396,1.2529391780338,-3690.9470189222543,-48.346483583206336,STOP_LOSS,4
2021-01-11 20:00:00,2021-01-12 08:00:00,SOLUSDT,2.8593289499999996,3.3199176425,4054.5151545508415,3.0,1867.4638337560093,9.281979631401876,10.768525114701564,20.221316564911493,1.3261508167504892,0.8068451238880456,1845.2803330692675,48.32483780853551,STOP_LOSS,4
2021-01-12 12:00:00,2021-01-12 20:00:00,SOLUSDT,3.42241035,3.6754,5003.667922529916,3.0,1265.8761964370703,13.71065243076812,14.712384865973164,53.03887997881793,-0.749881072886547,1.1195978108563858,1237.0834424023592,22.176445030912202,STOP_LOSS,3
2021-01-13 00:00:00,2021-01-15 12:00:00,SOLUSDT,3.6372177,3.1572960698785715,5727.698458350373,3.0,-2748.8463809755035,16.67965269253378,14.467231865599347,27.166809962943418,67.13751636804254,9.46613574826833,-2856.5969176499475,-39.584237434132284,STOP_LOSS,16
2021-01-15 16:00:00,2021-01-16 12:00:00,SOLUSDT,3.1019501999999997,3.372563555,3955.5603738020072,3.0,1070.4274636596172,9.823820090173907,10.672303005029462,20.040629078046333,18.413232634746826,2.4130332162141963,1029.1050747134525,26.171924520258305,STOP_LOSS,6
2021-01-16 16:00:00,2021-01-16 20:00:00,SOLUSDT,3.4041012,3.4057930382964,4510.675729789777,3.0,7.631333942300187,12.293672269486194,12.289942398824444,23.078259386875402,32.20695004088839,0.983930379132423,-50.14316114603126,0.1490999999999966,STOP_LOSS,2
2021-01-17 00:00:00,2021-01-17 04:00:00,SOLUSDT,3.4268125499999997,3.42851567583735,4436.9183615651555,3.0,7.5566302997957,12.17332868273572,12.169635324029366,22.852344749679034,32.80603828362556,1.00223267478792,-50.59460466538287,0.1491000000000287,STOP_LOSS,2
2021-01-17 08:00:00,2021-01-17 20:00:00,SOLUSDT,3.3896939999999995,3.7818736675,4440.762245144241,3.0,1741.5766607472249,12.051901631538803,13.435521438831351,25.229446868109083,29.06072181348532,1.9958539679735354,1685.032661895396,34.709298317193294,STOP_LOSS,4
2021-01-18 00:00:00,2021-01-18 20:00:00,SOLUSDT,3.82621215,3.82811377743855,5254.251007772688,3.0,9.991627885410361,16.095980020087755,16.091096538380015,30.216130204767765,79.35033599172512,3.700233046769723,-105.24601771155226,0.14910000000001233,STOP_LOSS,6
2021-01-19 00:00:00,2021-01-19 04:00:00,SOLUSDT,3.78919365,3.7910768792440503,5222.32311415318,3.0,9.834831610452925,15.843389577580028,15.838582731206326,29.741955554342795,24.85294723410143,1.2585365795215298,-47.95862451195639,0.1491000000000211,STOP_LOSS,2
2021-01-19 08:00:00,2021-01-20 08:00:00,SOLUSDT,3.81420615,3.380513476489286,5150.38569940967,3.0,-2233.684543588329,15.728288878751334,13.928758612777672,26.15565588278163,49.04392323535482,3.470159027296529,-2315.855673342509,-34.111371262199405,STOP_LOSS,7
2021-01-20 12:00:00,2021-01-21 08:00:00,SOLUSDT,3.41420625,3.41590311050625,3720.52035320037,3.0,6.313204050045661,10.170235262729312,10.167149637759167,19.092043636252132,0.7538503457573178,1.630702175037217,-16.408733371237354,0.14910000000001541,STOP_LOSS,6
2021-01-21 12:00:00,2021-01-21 16:00:00,SOLUSDT,3.48584205,3.3035474000000002,3629.9513410239824,3.0,-661.7207092289967,10.130854302638342,9.593373051813034,5.998857586175845,0.0,0.0,-681.4449365834481,-15.688718598136116,SIGNAL_EXIT,1
2021-01-21 20:00:00,2021-01-21 20:00:00,SOLUSDT,3.3170577,3.0413103098785714,3198.840249927743,3.0,-882.0718503329531,8.495386454838066,7.782932665407834,14.61492112933313,0.0,0.0,-898.350169453199,-24.93903468620053,STOP_LOSS,1
2021-01-22 16:00:00,2021-01-22 20:00:00,SOLUSDT,3.3918950999999997,3.4284849000000004,2334.342006667552,3.0,85.41310715556597,6.339346048150389,6.402605057036323,4.003629975634929,-2.2711096211746145,0.4863327908392546,74.45593288071461,3.236226261832273,SIGNAL_EXIT,1
2021-01-22 20:00:00,2021-01-23 00:00:00,ETHUSDT,1268.323845,1231.993695,6.418733157652703,3.0,-233.19353842749638,6.518040287064104,6.326271024092456,3.955897338727221,0.0,0.0,-246.03784973865294,-8.593266651073646,SIGNAL_EXIT,1
2021-01-23 00:00:00,2021-01-23 12:00:00,SOLUSDT,3.3318651,3.4496743000000003,2222.031516271916,3.0,261.7757553067823,5.927549447691337,6.13222801237861,3.834559787629822,1.5286688019344274,0.9300593516978796,247.25724969308,10.607500285650856,SIGNAL_EXIT,3
2021-01-23 20:00:00,2021-01-24 04:00:00,SOLUSDT,3.52005915,3.55372225,2313.7928213071236,3.0,77.88943912294397,6.520966846954729,6.57806162477552,4.113345188078791,0.8226690376157478,0.5005211271523297,63.46722048644564,2.868965994506092,SIGNAL_EXIT,2
2021-01-24 04:00:00,2021-01-24 08:00:00,ETHUSDT,1294.176765,1314.08263,6.440338875946845,3.0,128.2005162188508,6.673288176122197,6.770509958556381,4.233685566880538,0.0,0.0,114.75671808417222,4.614330639756195,SIGNAL_EXIT,1
2021-01-24 08:00:00,2021-01-24 12:00:00,SOLUSDT,3.7294637999999996,3.7431275000000004,2327.125864609744,3.0,31.7971496762701,6.948704299524211,6.968583055825609,4.357543181481097,0.8707872272783201,0.5297967768063396,16.479278316835618,1.0991151060375626,SIGNAL_EXIT,1
2021-01-24 12:00:00,2021-01-24 16:00:00,ETHUSDT,1343.7415349999999,1319.83975,6.495542280598096,3.0,-155.255055049264,6.988254567484616,6.858459919791218,4.2886817907642785,0.0,0.0,-169.10176953653982,-5.336246080984568,SIGNAL_EXIT,1
2021-01-25 00:00:00,2021-01-25 04:00:00,ETHUSDT,1392.886095,1393.5783593892152,5.902442791221598,3.0,4.086050953742073,6.582410320596921,6.580413233103436,12.356810027108965,7.939996342351119,0.5124194778749417,-17.529188420184347,0.1491000000000209,STOP_LOSS,2
2021-01-25 08:00:00,2021-01-25 20:00:00,ETHUSDT,1425.362325,1382.20855,5.731093667862455,3.0,-247.31832664686107,6.540340268388476,6.3372533348562765,3.9627647166436755,11.493781182782701,0.974246696338343,-272.66394812922687,-9.082695868224242,SIGNAL_EXIT,3
2021-01-25 20:00:00,2021-01-25 20:00:00,SOLUSDT,3.8949464999999996,3.658857112392857,1887.4579007195705,3.0,-445.60877991514633,5.885946792878334,5.524751011511913,10.374469851361159,0.0,0.0,-457.01947771953655,-18.1842847603023,STOP_LOSS,1
2021-01-26 00:00:00,2021-01-26 04:00:00,SOLUSDT,3.7054517999999996,3.7309336,1614.2662975383882,3.0,41.13441094061459,4.789100046351446,4.8181762950668565,3.0128666177255425,0.6025733235451296,0.3666124107050754,30.557948864946088,2.063052068306533,SIGNAL_EXIT,1
2021-01-26 20:00:00,2021-01-27 04:00:00,SOLUSDT,4.025411699999999,3.8469755500000002,1508.7118829138692,3.0,-269.2087398464003,4.862439123627317,4.643182180451295,2.90344058307321,0.579918673554433,0.35282906596969077,-279.64710889000304,-13.29822860106452,SIGNAL_EXIT,2
2021-01-28 20:00:00,2021-01-29 08:00:00,SOLUSDT,3.8529254999999996,3.6643669,1358.686092373664,3.0,-256.19194741744803,4.191286062291309,3.982979475507518,2.490607475929905,1.6593867619510492,0.3130898821121151,-266.33868959931004,-14.68172172028757,SIGNAL_EXIT,3
2021-01-29 08:00:00,2021-01-29 16:00:00,ETHUSDT,1316.5179299999998,1317.1722394112098,3.3699043019178276,3.0,2.204960099622166,3.5520732072529646,3.55099551676686,6.668118772095956,2.9312890318303704,0.2905175815435689,-8.119915237771597,0.14910000000001802,STOP_LOSS,3
2021-01-29 20:00:00,2021-01-30 04:00:00,ETHUSDT,1348.7040149999998,1342.1186050000001,3.271436229795912,3.0,-21.54374886205926,3.532585410682313,3.5125243432641198,2.196425927503328,4.131274952674169,0.2672501416143749,-32.98738371029424,-1.4648306656074612,SIGNAL_EXIT,2
2021-01-30 04:00:00,2021-01-31 12:00:00,SOLUSDT,3.8303141999999997,4.55,1126.0998370661684,3.0,810.4380621188353,3.453415689777607,4.099003406920853,16.60997259672528,13.277316141601448,1.1493086784871838,788.4590182020484,56.367631668441206,STOP_LOSS,9
2021-01-31 16:00:00,2021-02-01 08:00:00,SOLUSDT,4.2287133,4.1635172,1578.920223675294,3.0,-102.93944079475628,5.345717333462522,5.259089206959947,3.2885750418711583,16.82380761827151,0.8175946474226435,-131.1856496008729,-4.625243806431591,SIGNAL_EXIT,4
2021-02-01 08:00:00,2021-02-02 04:00:00,BNBUSDT,45.717147149999995,50.1623063,137.44424658945752,3.0,610.9615503419836,5.030871774420428,5.515616317274478,3.4489846906417783,2.043170575463251,1.2430880373949356,597.1288036374305,29.1695310869808,SIGNAL_EXIT,5
2021-02-02 04:00:00,2021-02-02 12:00:00,SOLUSDT,4.806301949999999,5.0829391375,1679.776308692939,3.0,464.68859366594864,6.46398090315026,6.830560593360499,12.826540923936708,4.312753442187847,0.533481319119455,446.5478174081306,17.267154064259408,STOP_LOSS,3
2021-02-02 16:00:00,2021-02-03 04:00:00,SOLUSDT,5.054826149999999,5.057338398596549,1861.999524058268,3.0,4.677805691091891,7.535695664929774,7.533409352950702,14.146362079902156,34.077602478656615,1.1633355000413326,-45.632237305486534,0.14909999999999168,STOP_LOSS,4
2021-02-03 08:00:00,2021-02-04 08:00:00,SOLUSDT,5.1887931,5.766197710000001,1787.5634106417467,3.0,1032.1473539718697,7.426178295396606,8.245955235937785,15.484392656366637,37.06104248521686,1.8043174843148386,977.6098604710037,33.383752186997086,STOP_LOSS,7
2021-02-04 12:00:00,2021-02-05 16:00:00,SOLUSDT,5.76558135,6.640025,2117.0076819223514,3.0,1851.2039244582197,9.772441960527015,11.24558714652517,21.117151627175126,61.037762021827405,2.497969243787487,1766.6501640855527,45.49985145903804,STOP_LOSS,8
2021-02-05 20:00:00,2021-02-06 00:00:00,BNBUSDT,62.6062875,62.6374028248875,279.54844855736087,3.0,8.698240798659304,14.012402354332343,14.008151025087804,26.30474028246262,0.0,0.0,-19.322312580760844,0.1491000000000075,STOP_LOSS,2
2021-02-06 04:00:00,2021-02-06 12:00:00,BNBUSDT,65.3596635,71.6174125,266.88585960007293,3.0,1670.1047210264978,13.966028804138519,15.290939757916409,28.71358241972123,1.9736022497323673,1.2007618828700994,1637.6733883318404,28.722986004969275,STOP_LOSS,3
2021-02-06 16:00:00,2021-02-07 12:00:00,BNBUSDT,71.29873154999999,65.52066005981786,313.5071163160481,3.0,-1811.4665307549699,17.896444936134934,16.432954555582054,30.858076907074008,6.6292898086303005,4.033334737930063,-1856.4585547932472,-24.31209376900393,STOP_LOSS,6
2021-02-07 16:00:00,2021-02-08 00:00:00,BNBUSDT,66.7817742,68.3208225,251.38205389853653,3.0,386.8891227030522,13.440944404631143,13.739702947269878,8.591610147116834,1.6982190065731804,1.0332156097486838,356.97704073482925,6.913779927697719,SIGNAL_EXIT,2
2021-02-08 00:00:00,2021-02-08 04:00:00,SOLUSDT,6.69644655,6.6333816500000005,2666.7597217946914,3.0,-168.1789351790091,14.297689302394735,14.15170800280961,8.84924212281689,7.998220989565151,1.078288443840617,-205.7048419176192,-2.8252999346347196,SIGNAL_EXIT,1
2021-02-08 04:00:00,2021-02-08 08:00:00,BNBUSDT,69.6512082,73.3744944,247.53616699729793,3.0,921.6479945819358,13.803997681792447,14.530272879312564,9.085963531333684,0.0,0.0,893.3137240208308,16.03684830265444,SIGNAL_EXIT,1
2021-02-08 08:00:00,2021-02-09 00:00:00,SOLUSDT,7.561478849999999,7.861167450000001,2634.271776569686,3.0,789.4612207396858,15.947950619442441,16.566761235538635,10.35940547494687,48.95948870758722,2.4876148208072646,705.4994053563104,11.89007888318043,SIGNAL_EXIT,4
2021-02-09 00:00:00,2021-02-09 04:00:00,BTCUSDT,46398.04743,46576.210245,0.47488626271227735,3.0,84.60707336965045,17.641149192297586,17.694721931639467,11.0647335740617,55.10082413612689,1.3463817566734138,-7.1760036470869055,1.151963228207791,SIGNAL_EXIT,1
2021-02-09 04:00:00,2021-02-09 08:00:00,SOLUSDT,8.336065949999998,8.065965,2640.6082539026916,3.0,-713.230797956953,17.623926783544576,17.03924300375218,10.65485430449739,0.0,0.0,-747.8939677442497,-9.720446729431096,SIGNAL_EXIT,1
2021-02-09 08:00:00,2021-02-09 20:00:00,BNBUSDT,92.53414394999999,107.8399,213.65516285123658,3.0,3270.1538014240523,15.828981260958379,18.432441117088857,552.9609269752817,4.322974645137467,2.6301465633203844,3228.9392578375473,49.62197324137028,STOP_LOSS,4
2021-02-10 00:00:00,2021-02-10 08:00:00,BNBUSDT,107.40327479999999,136.5948,274.1952325855044,3.0,8004.177041739614,23.57843547976849,29.962914364776367,56.26486172654296,3.2139849026556417,1.9554246879036525,7945.46628230451,81.53808695598545,STOP_LOSS,3
2021-02-10 12:00:00,2021-02-10 12:00:00,BNBUSDT,133.06489919999999,117.70982635834284,400.3068875587203,3.0,-6146.7414174812075,42.647554557299316,37.69604337966851,70.78626072797009,0.0,0.0,-6227.085015418175,-34.6186100180591,STOP_LOSS,1
2021-02-10 16:00:00,2021-02-10 20:00:00,BNBUSDT,121.6221807,121.68262692380792,284.4915738289284,3.0,17.196441343129404,27.7025505202957,27.694145632953962,52.004529856569846,3.6331309376554515,2.2104378660919926,-44.0438236138677,0.14910000000003723,STOP_LOSS,2
2021-02-11 00:00:00,2021-02-13 08:00:00,BNBUSDT,129.01077315,129.07489150425556,267.17505052161914,3.0,17.130824537591042,27.596845343622416,27.58847252697759,51.8060951307778,23.787262685566056,14.472439081643351,-76.31419510021837,0.14910000000001217,STOP_LOSS,15
2021-02-13 12:00:00,2021-02-15 00:00:00,BNBUSDT,127.69151384999999,127.75497653238345,268.14389907831753,3.0,17.017131100269662,27.413691275381893,27.405374027241802,51.46226970563591,14.255500355918024,8.673207304536023,-60.73064186280808,0.1491000000000222,STOP_LOSS,10
2021-02-15 04:00:00,2021-02-16 00:00:00,BNBUSDT,126.9480423,127.0111354770231,268.2802634358075,3.0,16.92665415276086,27.26793773491116,27.25966470804544,51.18865430904745,7.094703760191542,4.316497838735442,-49.01214988912273,0.14910000000001372,STOP_LOSS,6
2021-02-16 04:00:00,2021-02-17 20:00:00,BNBUSDT,130.86189825,160.26174625,259.13375752515043,3.0,7618.493082908277,27.15030857517727,33.22338279464375,62.38742387576599,18.06601262535546,10.991565974815094,7529.061812938286,67.39894895266046,STOP_LOSS,11
2021-02-18 00:00:00,2021-02-18 12:00:00,BNBUSDT,165.4002588,185.9207,341.47377707041545,3.0,7007.192563715376,45.220056926229155,50.78963493166047,95.37362593575949,12.041891767286355,7.3264228563610025,6891.814557233839,37.2196053661798,STOP_LOSS,4
2021-02-18 16:00:00,2021-02-19 08:00:00,BNBUSDT,195.26768504999998,261.283,395.041065795768,3.0,26078.760376691313,61.76041186359036,82.57401183545254,3394.587878383019,16.81905904555575,10.232905343710243,25907.373988603005,101.42279548164291,STOP_LOSS,5
2021-02-19 12:00:00,2021-02-19 16:00:00,BNBUSDT,265.36301519999995,311.7899,583.3469240963793,3.0,27082.98044345697,123.93810943623758,145.50534330345417,11359.021724777958,0.0,0.0,26813.53699071728,52.4868374347595,STOP_LOSS,2
2021-02-19 20:00:00,2021-02-20 00:00:00,BNBUSDT,325.1755065,282.8141087634643,723.2246970275261,3.0,-30636.809043668567,188.29059821395904,163.630518500453,307.26812437491435,0.0,0.0,-30988.73016038298,-39.08172376741024,STOP_LOSS,2
2021-02-20 04:00:00,2021-02-20 12:00:00,BNBUSDT,286.83444555,286.97700226943834,496.0462100974149,3.0,70.71472040131208,113.91764582903988,113.88308348869771,213.85155887962895,15.070603129764109,9.169125031417815,-181.3257370776074,0.14909999999999593,STOP_LOSS,3
2021-02-20 16:00:00,2021-02-20 20:00:00,BNBUSDT,274.18512404999996,272.395,516.9485328648229,3.0,-925.4020012935217,113.4824640600536,112.65135648777076,1208.8811965155428,14.081424730456673,8.56729772938272,-1174.1845443011855,-1.958666491702369,STOP_LOSS,2
2021-02-21 00:00:00,2021-02-21 04:00:00,BNBUSDT,253.13650499999997,268.5526,546.0289578581712,3.0,8417.634287092571,110.66442115373077,117.30999704648184,747.9804980667902,14.670416644385678,8.925647057197157,8166.0638051907745,18.270096997665366,STOP_LOSS,2
2021-02-21 08:00:00,2021-02-21 16:00:00,BNBUSDT,257.0106411,293.5834882125,633.0417067056202,3.0,23152.137555180732,130.26297428618864,148.68047395090426,279.1946806789436,18.007301815601924,10.95584565554912,22844.230959472487,42.6902718377368,STOP_LOSS,3
2021-02-21 20:00:00,2021-02-22 12:00:00,BNBUSDT,298.91968515,243.2469095151322,773.3726920378575,3.0,-43055.80436595738,185.0891285889226,150.49641379328554,282.60468288672166,41.226340502727396,25.082570843548496,-43457.698819685866,-55.87398060478771,STOP_LOSS,5
2021-02-22 16:00:00,2021-02-23 08:00:00,BNBUSDT,262.87967414999997,220.3541606530607,383.85441534021317,3.0,-16323.606120409971,80.79065142167653,67.66713400421122,127.06647597185093,19.43769281633663,11.82611168383094,-16503.327710336027,-48.530393573914075,STOP_LOSS,5
2021-02-23 12:00:00,2021-02-23 16:00:00,SOLUSDT,14.015604299999998,15.071718460000001,3669.9914880709575,3.0,3875.929977631222,41.18266491687007,44.25046276704154,83.09425907681307,0.0,0.0,3790.4968499473102,22.605821427193195,STOP_LOSS,2
2021-02-23 20:00:00,2021-02-24 04:00:00,SOLUSDT,14.282537699999999,15.556629999999998,4396.94563792909,3.0,5602.114580804039,50.27985735674361,54.721325135501445,102.75661955840235,7.034497448297234,4.279867639088742,5485.799033224409,26.761889100422252,STOP_LOSS,3
2021-02-24 08:00:00,2021-02-24 12:00:00,BNBUSDT,253.95531419999998,265.6328,312.03825472287065,3.0,3643.8222885831046,63.445775036482175,66.31007624731947,411.0167891209696,8.288753290149842,5.042971048840119,3500.7347129603127,13.7947329475494,STOP_LOSS,2
2021-02-24 16:00:00,2021-02-24 20:00:00,BNBUSDT,257.25536339999996,243.87610095,348.8268396433988,3.0,-4667.045837193086,71.84753834758693,68.05642364715439,42.556543050996794,8.507959872538821,5.176338807537498,-4820.6340978679045,-15.60231313334784,SIGNAL_EXIT,1
2021-02-24 20:00:00,2021-02-25 00:00:00,SOLUSDT,17.4319116,17.16591275,4318.932102912182,3.0,-1148.8309726027178,60.27801651270397,59.31072932141164,37.08774970072373,0.0,0.0,-1268.4197184368334,-4.5777913995387465,SIGNAL_EXIT,1
2021-02-25 00:00:00,2021-02-26 04:00:00,BNBUSDT,254.5097913,209.58317640769286,280.8733892367975,3.0,-12618.690591738683,57.23380918845557,47.093069667713856,88.43215385774369,27.377510076932733,16.65678611418829,-12767.051766785973,-52.95664421729514,STOP_LOSS,8
2021-02-26 08:00:00,2021-02-26 16:00:00,BNBUSDT,215.25047145,231.36945740000002,154.30634403037146,3.0,2487.2617914214275,26.59288494816922,28.561420073347826,17.85981745456596,3.468476398226526,2.110260186007469,2426.5287498156763,22.465436439814155,SIGNAL_EXIT,2
2021-02-26 16:00:00,2021-02-26 20:00:00,SOLUSDT,14.45112195,14.458304157609149,2801.739271234289,3.0,20.122673112712363,32.41655394772685,32.40671884305884,60.85387864870732,4.124160207256874,2.509185615488249,-51.333945500818444,0.14909999999999318,STOP_LOSS,2
2021-02-27 00:00:00,2021-02-27 08:00:00,BNBUSDT,222.0701796,222.1805484792612,181.62905671679647,3.0,20.046195431104678,32.29335247852488,32.28355475288695,60.62259906024894,4.1441648006467275,2.5213566358790644,-51.196233236832946,0.14910000000002174,STOP_LOSS,3
2021-02-27 12:00:00,2021-02-28 04:00:00,BNBUSDT,229.32200369999998,211.3964489,175.2162058966296,3.0,-3140.8477006481144,32.17048151875648,29.63206697302299,18.529306511393663,7.725960604699219,4.700561627317191,-3215.07677137191,-23.450285420648438,SIGNAL_EXIT,4
2021-02-28 12:00:00,2021-02-28 16:00:00,BNBUSDT,216.65517344999998,198.17476305,140.97709646481744,3.0,-2605.314599670213,24.454297267463893,22.350482149913752,13.97603936337805,0.0,0.0,-2652.1193790875905,-25.58961797087885,SIGNAL_EXIT,1
2021-03-01 00:00:00,2021-03-01 08:00:00,BNBUSDT,210.22275885,222.62813025,107.47373100754757,3.0,1333.2515488923245,18.089210757653674,19.141340628161412,11.969322553877218,2.414098590112355,1.4687648278119125,1292.138134088585,17.70318038046242,SIGNAL_EXIT,2
2021-03-01 08:00:00,2021-03-01 12:00:00,SOLUSDT,14.52255765,14.8259833,1822.4570454401592,3.0,552.980213609762,21.19034227946628,21.615774176530515,13.516617168913294,2.7038519463263837,1.6450540398974116,505.8251911675414,6.268020908837663,SIGNAL_EXIT,1
2021-03-01 12:00:00,2021-03-01 16:00:00,BNBUSDT,251.7814278,256.36525325,111.14004454023994,3.0,509.44656467768925,22.40432273826838,22.79395653181992,14.253349507136546,0.0,0.0,464.248285407601,5.461672240942032,SIGNAL_EXIT,1
2021-03-01 16:00:00,2021-03-02 04:00:00,SOLUSDT,15.46242735,14.3336296,1899.7424592869652,3.0,-2144.4250136225937,23.518518623246628,21.784163797449953,13.621913330070663,9.42531544256148,3.368685916718009,-2202.5216974025693,-21.90078681275098,SIGNAL_EXIT,3
2021-03-02 04:00:00,2021-03-02 08:00:00,BNBUSDT,248.7871314,246.22872405,91.53347519284551,3.0,-234.17991570441697,18.232466549480463,18.030536643677344,11.274722763679227,0.0,0.0,-270.44291889757477,-3.0850558896712874,SIGNAL_EXIT,1
2021-03-02 08:00:00,2021-03-02 16:00:00,SOLUSDT,14.300046449999998,14.307153573085648,1535.7762020845555,3.0,10.914950500226482,17.583403544126284,17.578068781691165,33.00839155300044,11.424938202898645,1.359780383972981,-37.031240412462594,0.1490999999999926,STOP_LOSS,3
2021-03-02 20:00:00,2021-03-03 08:00:00,SOLUSDT,13.67673495,14.190801050000001,1597.65223646111,3.0,821.298854353842,17.49452856713637,18.137572027765735,11.341653344024966,16.245411773339857,1.364612987587207,768.0567289980129,11.276070682352463,SIGNAL_EXIT,3
2021-03-03 08:00:00,2021-03-04 16:00:00,BNBUSDT,249.22955249999998,226.03510121946428,96.91063033625507,3.0,-2247.7888939002733,19.337864716731605,17.524163309838002,32.90716695638031,9.433419339132449,5.739398791775769,-2299.823740057751,-27.919383212633708,STOP_LOSS,9
2021-03-04 20:00:00,2021-03-06 20:00:00,BNBUSDT,228.8293575,224.17285750000002,75.42319559237788,3.0,-351.208110275905,13.818287740593002,13.526266622179806,8.45814571171643,10.164213116394135,6.1840219736218005,-394.9008997286938,-6.1047673920073375,SIGNAL_EXIT,12
2021-03-06 20:00:00,2021-03-07 08:00:00,SOLUSDT,12.9014475,12.7514211,1246.006422998189,3.0,-186.93385801929523,12.870525581244138,12.710682074363707,7.948150371662689,3.7624633357804953,0.97997566537973,-217.25750467606332,-3.4885945937461615,SIGNAL_EXIT,3
2021-03-07 08:00:00,2021-03-07 16:00:00,BNBUSDT,230.16202349999998,235.22143045,67.01381540016293,3.0,339.0501633816039,12.349107570021586,12.610468414670851,7.8854855019194385,1.6136926748359235,0.9817888355530753,311.4951058865225,6.594580904003965,SIGNAL_EXIT,2
2021-03-07 16:00:00,2021-03-08 04:00:00,SOLUSDT,13.554373799999999,13.433080100000002,1206.8261747630422,3.0,-146.3804119938526,13.09669582414924,12.969114137894838,8.109751211788293,23.45685436859977,1.995564956007597,-197.89864128050405,-2.684602810643982,SIGNAL_EXIT,3
2021-03-08 04:00:00,2021-03-08 08:00:00,BNBUSDT,236.8575696,232.32328025,66.55709650269064,3.0,-301.78913383907206,12.621739085076033,12.370210386736716,7.735249116268519,0.0,0.0,-326.7810833108848,-5.743058190190931,SIGNAL_EXIT,1
2021-03-08 08:00:00,2021-03-09 12:00:00,SOLUSDT,13.3168551,14.29275005,1110.246603338596,3.0,1083.4840534527898,11.837464485129912,12.69478175630404,7.938207701539395,58.686414157899335,3.7278414736785312,996.537551579778,21.98480668307341,SIGNAL_EXIT,7
2021-03-09 12:00:00,2021-03-10 00:00:00,BNBUSDT,267.9339,282.007742915,66.33059163675368,3.0,933.526327154684,14.229154608921375,14.964592346957984,28.10076179323412,1.8378886963770875,1.1181922253416,901.3764992770862,15.758188398332573,STOP_LOSS,4
2021-03-10 04:00:00,2021-03-10 20:00:00,BNBUSDT,273.3690162,273.5048806010514,74.8957602634698,3.0,10.175667609488217,16.39245820718638,16.387484774708224,30.77269299206446,4.232685958003428,2.575213907067261,-29.412175237477076,0.14910000000003884,STOP_LOSS,5
2021-03-11 00:00:00,2021-03-11 08:00:00,BNBUSDT,278.49137609999997,278.37924075,73.20160017078506,3.0,-8.208487055708114,16.321868986616433,16.302244701782573,10.193999938584069,2.0886246568729248,1.270742813520678,-44.191968214500726,-0.12079585899962814,SIGNAL_EXIT,2
2021-03-11 08:00:00,2021-03-11 20:00:00,BTCUSDT,55061.727105,56795.36811,0.3678334404901907,3.0,637.6911354440236,16.215808262901632,16.712988524646526,10.450843249527285,41.296456767656565,2.5301072826610564,560.9357746061578,9.445622737336427,SIGNAL_EXIT,3
2021-03-11 20:00:00,2021-03-12 00:00:00,SOLUSDT,15.737865,16.04387405,1393.7726367791029,3.0,426.50704049676847,17.56205412195641,17.88921011105626,11.186349494157788,0.0,0.0,391.0557762637558,5.833238180655384,SIGNAL_EXIT,1
2021-03-12 00:00:00,2021-03-12 04:00:00,BTCUSDT,57802.036575,57078.58643,0.39976505608534074,3.0,-289.210087790871,18.500587984989423,18.254419444368736,11.414719512485263,19.50422998940621,1.388896598844434,-346.8582218084798,-3.7547992486110524,SIGNAL_EXIT,1
2021-03-12 04:00:00,2021-03-12 12:00:00,SOLUSDT,16.11895545,15.168300961467859,1369.039839833957,3.0,-1301.4838687174772,17.668128252649073,16.612806655072973,31.195806187543138,14.001449623431217,1.2955121240463883,-1351.0617653726767,-17.693227544694455,STOP_LOSS,3
2021-03-12 16:00:00,2021-03-15 08:00:00,BTCUSDT,56985.43848,57013.76024292456,0.31617813112030574,3.0,8.954722071520628,14.425580015754647,14.42120332939926,27.08037680783339,111.67225896568877,9.16118433053613,-140.72550456985817,0.14910000000001467,STOP_LOSS,17
2021-03-15 12:00:00,2021-03-16 00:00:00,BTCUSDT,56178.8754,55577.3974,0.3132086668146252,3.0,-188.38812249832574,14.087838804786985,13.925858035744495,8.70801527997887,18.641451875441902,1.0780030138762429,-236.12127422817537,-3.2119439685330313,SIGNAL_EXIT,3
2021-03-16 00:00:00,2021-03-16 00:00:00,ETHUSDT,1794.8869949999998,1711.0069861146428,9.40890071775943,3.0,-789.2186758071031,13.521147746639365,12.87895588779637,24.184318767769664,0.0,0.0,-815.6187794415388,-14.019825613370779,STOP_LOSS,1
2021-03-16 04:00:00,2021-03-16 20:00:00,ETHUSDT,1749.4642949999998,1783.52779,8.25567845172777,3.0,281.21726166203933,11.563662675979673,11.77938555516852,7.365798871415846,8.206215828960996,1.79648686414499,247.87151073778514,5.841244390757971,SIGNAL_EXIT,4
2021-03-16 20:00:00,2021-03-17 16:00:00,BTCUSDT,55759.225679999996,54902.535,0.27235016515541755,3.0,-233.3198481851049,12.158554301750359,11.962171579760875,7.480097285992592,9.02131993327741,1.8284471193111378,-268.2903411192047,-4.6092319408262945,SIGNAL_EXIT,5
2021-03-17 16:00:00,2021-03-17 20:00:00,ETHUSDT,1773.6663899999999,1826.44632,8.108518759464834,3.0,427.967052528242,11.514657483064267,11.84781939910041,7.4085914201469025,5.1581576903637245,0.9014941267196385,398.544923828994,8.927258862925202,SIGNAL_EXIT,1
2021-03-17 20:00:00,2021-03-22 04:00:00,BTCUSDT,57896.353709999996,57535.387915,0.2690408715208373,3.0,-97.11455207601092,12.471165300253851,12.38349672635284,7.743557232586526,65.16720242583284,12.36874675228112,-199.50516328073158,-1.8704068833491128,SIGNAL_EXIT,26
2021-03-22 04:00:00,2021-03-22 20:00:00,SOLUSDT,15.177584999999999,15.185128259745,986.8795847670588,3.0,7.444289044936357,11.992352908380095,11.98871445728934,22.51260852019711,4.479058073469084,1.9112665527982102,-22.92710294700037,0.14910000000001375,STOP_LOSS,5
2021-03-23 00:00:00,2021-03-24 00:00:00,SOLUSDT,14.8035981,13.888091809992858,1007.1688246368166,3.0,-922.0693940541062,11.937327861307296,11.190122483774966,21.012999155811215,4.415569130843253,2.686482093447868,-952.2988956234796,-18.55304941047695,STOP_LOSS,7
2021-03-24 04:00:00,2021-03-24 20:00:00,SOLUSDT,14.337164999999999,14.344290571004999,840.8295035491236,3.0,5.991390330638178,9.651810511810945,9.648882175666007,18.11883232786507,2.4694658021535636,1.502450864493764,-17.281219023486102,0.14909999999999995,STOP_LOSS,5
2021-03-26 08:00:00,2021-03-26 12:00:00,SOLUSDT,14.013403199999999,13.967013000000001,856.5591795080204,3.0,-39.73595164921092,9.610335586154578,9.570858556366284,5.984778987221463,1.1959964511634589,0.7276577389389056,-60.840799981834145,-0.9931249248576022,SIGNAL_EXIT,1
2021-03-26 16:00:00,2021-03-27 12:00:00,SOLUSDT,13.95327315,15.3789619025,847.1799152789839,3.0,1207.8148765571511,9.464317666198175,10.422998113310937,19.57248018273206,7.071183105424284,2.3074219724893545,1178.5489556997281,30.652780974906975,STOP_LOSS,6
2021-03-27 16:00:00,2021-03-28 16:00:00,SOLUSDT,16.01650425,18.273538515,958.6206125276699,3.0,2163.6395696102372,12.292835159877525,14.013912547437812,26.315559365494405,13.72570557726739,2.9983850561862493,2120.608731269468,42.27578433664758,STOP_LOSS,7
2021-03-28 20:00:00,2021-03-30 12:00:00,SOLUSDT,18.567279,19.796760250000002,1169.2875325210755,3.0,1437.6170970934309,17.382296114924245,18.51848395570705,34.77431889529061,80.17402000244529,6.83881232048209,1314.7034846998722,19.865289631291738,STOP_LOSS,11
2021-03-30 16:00:00,2021-03-30 20:00:00,SOLUSDT,19.4345124,19.26386325,1319.8912576410573,3.0,-225.2383212088763,20.537584478203943,20.34096375365428,12.719462077070517,30.472648773252136,1.5482949816988913,-298.13781319568557,-2.6342181345388296,SIGNAL_EXIT,1
2021-03-30 20:00:00,2021-03-31 08:00:00,BNBUSDT,311.33148795,297.26885766093216,79.52213657366208,3.0,-1118.29040643217,19.82205372653429,18.91156375840733,35.512450723098056,2.3972735339282516,1.458528273741426,-1160.879825724781,-13.550794731684487,STOP_LOSS,4
2021-03-31 12:00:00,2021-03-31 16:00:00,SOLUSDT,19.450320299999998,19.4020941,1093.960994506025,3.0,-52.757581713244754,17.035942144794816,16.980107325708385,10.617876016576197,0.0,0.0,-86.77363118374797,-0.7438365937860434,SIGNAL_EXIT,1
2021-03-31 16:00:00,2021-03-31 20:00:00,BNBUSDT,306.65324999999996,300.84890029999997,68.53923479373631,3.0,-397.8256869132522,16.82768542995382,16.495962732079253,10.315134274687678,2.0619199462954567,1.254495366215199,-434.46575038779594,-5.678416615509526,SIGNAL_EXIT,1
2021-03-31 20:00:00,2021-04-01 00:00:00,SOLUSDT,19.52445735,19.3721091,1009.7809232403512,3.0,-153.83835653905112,15.784967629023107,15.649268969688647,9.785685949028856,0.0,0.0,-185.27259313776287,-2.3408832409879907,SIGNAL_EXIT,1
2021-04-01 00:00:00,2021-04-02 12:00:00,BNBUSDT,302.61032954999996,338.630081815,63.31592008756696,3.0,2280.6237559847004,15.340313405492475,17.15254015955584,32.209326789350534,10.37718678280142,6.313597555891045,2231.4401180809596,35.70904435274592,STOP_LOSS,10
2021-04-02 16:00:00,2021-04-02 16:00:00,BNBUSDT,346.9750008,326.57235637379995,74.49820961689178,3.0,-1519.9604812019584,20.695769688886784,19.463244688174107,36.548406399926705,0.0,0.0,-1560.1194955790193,-17.640444740248295,STOP_LOSS,1
2021-04-02 20:00:00,2021-04-03 00:00:00,BNBUSDT,337.54708919999996,338.12405340000004,62.72429186591818,3.0,36.18967087699083,16.951482899497133,16.966873449879127,10.609600706526235,0.0,0.0,2.271314527614571,0.5127855210076069,SIGNAL_EXIT,1
2021-04-03 00:00:00,2021-04-03 12:00:00,ETHUSDT,2134.756845,2095.3917800000004,9.921134898105876,3.0,-390.5461201377013,16.95693405436341,16.630931611009753,10.399532022889305,53.98943808572865,2.528860993292904,-480.65228488209596,-5.532020907983013,SIGNAL_EXIT,3
2021-04-03 12:00:00,2021-04-03 12:00:00,SOLUSDT,22.46932905,21.292788315353572,878.460024365406,3.0,-1033.5440024243924,15.803368570646377,14.963890673850347,28.099444179738093,0.0,0.0,-1064.311261668889,-15.708623057168142,STOP_LOSS,1
2021-04-03 16:00:00,2021-04-03 20:00:00,BNBUSDT,338.96859959999995,336.27148015000006,48.81876352643334,3.0,-131.6700366320885,13.249021542641044,13.133086296101261,8.212285077599997,1.6423012836647684,0.9991946360421434,-160.69364039053772,-2.3870524761136807,SIGNAL_EXIT,1
2021-04-03 20:00:00,2021-04-04 00:00:00,SOLUSDT,22.1704797,22.1814984284109,724.6723060450507,3.0,7.9849673272107085,12.863356805703752,12.859454094120958,24.14769797343689,0.0,0.0,-17.737843572614,0.14909999999999415,STOP_LOSS,2
2021-04-04 04:00:00,2021-04-04 20:00:00,SOLUSDT,22.7891889,24.1101,702.6648364141963,3.0,928.1577819991961,12.820785981129479,13.553055577943931,101.36291597692819,26.99409869381013,2.043793312614099,872.7460484336985,17.388654407090375,STOP_LOSS,5
2021-04-05 00:00:00,2021-04-05 16:00:00,SOLUSDT,23.78738775,24.090248850000002,783.1589345162784,3.0,237.18837638242897,14.915376497370355,15.093194897278401,9.437965793694117,32.138603940683126,2.294283425996356,172.74691762110075,3.819600998432472,SIGNAL_EXIT,4
2021-04-05 16:00:00,2021-04-06 12:00:00,BNBUSDT,377.5316715,377.71930474073554,50.716622871404795,3.0,9.516124308522983,15.329969099660996,15.325318023828086,28.77813850243107,5.7855220837020225,3.519976931296386,-30.44466182996451,0.14910000000001758,STOP_LOSS,6
2021-04-06 16:00:00,2021-04-07 08:00:00,BNBUSDT,386.71346009999996,386.9056566896697,49.276460359687086,3.0,9.470767632127012,15.256901911269082,15.252273003845767,28.64097334222291,3.940741522766328,2.397591617775544,-27.376740423529707,0.1491000000000157,STOP_LOSS,5
2021-04-07 12:00:00,2021-04-07 16:00:00,SOLUSDT,23.98568685,26.1050685725,791.0470143606294,3.0,1676.5305838741117,15.191197734252611,16.5202692431645,31.022037887763315,0.0,0.0,1644.8191168966946,26.50808045340588,STOP_LOSS,2
2021-04-07 20:00:00,2021-04-08 16:00:00,SOLUSDT,26.89344,26.145520700000002,888.8530346021574,3.0,-664.7903394425177,19.138763614804677,18.591620332358822,11.62557549546984,9.54204424432979,2.8392354857145365,-714.9020031197256,-8.34314204504886,SIGNAL_EXIT,5
2021-04-08 16:00:00,2021-04-09 00:00:00,BNBUSDT,418.41420254999997,418.49534765000004,52.009050786795186,3.0,4.220279627003297,17.422998807317338,17.41243663197309,10.88821700348287,2.185077574416449,1.329425857124617,-34.1296592438282,0.058180458148077444,SIGNAL_EXIT,2
2021-04-09 00:00:00,2021-04-10 00:00:00,SOLUSDT,26.93956305,27.6055903,803.9855139294864,3.0,535.4762608822917,17.34108762513215,17.755595763737876,11.10279875171161,6.832445774185839,4.1569371201982435,489.3901945990377,7.416904818729036,SIGNAL_EXIT,6
2021-04-10 00:00:00,2021-04-10 16:00:00,BNBUSDT,454.21679489999997,454.4425406470653,50.91404534306473,3.0,11.493629202088341,18.515624092169844,18.510006496257777,34.75839978015109,4.881599972818585,2.970020517343424,-33.38362187650129,0.14910000000002122,STOP_LOSS,5
2021-04-10 20:00:00,2021-04-12 08:00:00,BNBUSDT,471.01769115,553.9678,48.8855178453378,3.0,4055.059026459388,18.435503399666242,21.66480221811402,40.682527950887355,9.708288403307035,5.9066322325999145,3999.343800205701,52.8324798039807,STOP_LOSS,10
2021-04-12 12:00:00,2021-04-13 04:00:00,BNBUSDT,594.44417355,550.3929367575322,58.902716654745056,3.0,-2594.737519077809,28.033928520159925,25.93571136208155,48.702512572758764,6.829386539432267,4.1550758472475575,-2659.6916213467302,-22.23147542824517,STOP_LOSS,5
2021-04-13 08:00:00,2021-04-13 16:00:00,BNBUSDT,550.55984235,550.833470591648,49.116704556777194,3.0,13.439717503415157,21.650668628927768,21.644099868027357,40.64365273164895,2.700917760236267,1.6432688479648743,-34.19923760174111,0.14910000000002616,STOP_LOSS,3
2021-04-13 20:00:00,2021-04-14 08:00:00,BNBUSDT,561.0551874,561.3340318281378,48.01518654115879,3.0,13.38876723299658,21.568590458683587,21.56204660010304,40.489571732792385,2.7288307715302533,1.6602514390632008,-34.130952036383505,0.14909999999997064,STOP_LOSS,4
2021-04-14 12:00:00,2021-04-14 12:00:00,BNBUSDT,575.0011569,521.53527876465,46.67270355725354,3.0,-2495.3970806394323,21.486676173796265,19.473169168345677,36.567042754776764,0.0,0.0,-2536.356925981574,-27.895184641158043,STOP_LOSS,1
2021-04-14 16:00:00,2021-04-15 04:00:00,BNBUSDT,546.2261766,545.1263005000001,35.21229088556495,3.0,-38.729157171279326,15.39941955144049,15.356116690062313,9.602374118345674,3.809856842364385,2.317959901050656,-75.61251015619716,-0.604077292768814,SIGNAL_EXIT,3
2021-04-15 04:00:00,2021-04-15 12:00:00,ETHUSDT,2477.187975,2427.575605,7.672901350695824,3.0,-380.67082078421964,15.217949527065613,14.901238510816587,9.317933035778006,20.51862766124758,1.133887811923772,-432.44252429527324,-6.008309078764985,SIGNAL_EXIT,2
2021-04-15 12:00:00,2021-04-15 20:00:00,BNBUSDT,542.4064677,550.6121562000001,32.6525038013986,3.0,267.9362749393449,14.180087468756957,14.383092418733426,8.993929726569984,1.7984940319303508,1.094224066882866,236.48037695304131,4.538490406352541,SIGNAL_EXIT,2
2021-04-15 20:00:00,2021-04-16 04:00:00,ETHUSDT,2479.81929,2369.115278565,7.427881096300319,3.0,-822.296233822649,14.747640373444257,14.078005274087383,26.4359137595515,19.453634358045363,1.1287035053425682,-871.7042173335685,-13.392590163495314,STOP_LOSS,3
2021-04-16 08:00:00,2021-04-16 12:00:00,BNBUSDT,541.0129713,503.7446976966215,29.217011611700645,3.0,-1088.8675826179472,12.65555025184369,11.774331745547856,22.110037078518886,1.5247759411408528,0.9276908912561275,-1115.7499314477357,-20.665829978434676,STOP_LOSS,2
2021-04-16 16:00:00,2021-04-17 16:00:00,ETHUSDT,2429.604195,2343.8275000000003,5.129317069706919,3.0,-439.97586584654186,9.977750416369126,9.617787523358796,6.014124264229683,42.854382849389225,2.286075256528335,-504.71186189218736,-10.591440594709653,SIGNAL_EXIT,6
2021-04-17 16:00:00,2021-04-18 00:00:00,BNBUSDT,511.31322885,476.7530071763679,21.414047935867362,3.0,-740.0742435933599,8.766441947827877,8.167369399394929,15.336822858152363,1.1095297060892448,0.6750503953695306,-758.7926350420415,-20.2773288800068,STOP_LOSS,3
2021-04-30 16:00:00,2021-04-30 20:00:00,ETHUSDT,2737.8382349999997,2782.4780650000002,3.1684593629889877,3.0,141.43948732573838,6.945339623726977,7.052934941888586,4.4102894834209625,1.0291814568929911,0.536652051547678,125.87537925168218,4.891431797832337,SIGNAL_EXIT,1
2021-04-30 20:00:00,2021-05-01 08:00:00,BNBUSDT,626.0928899999999,625.58705,14.458003551006367,3.0,-7.313436516239919,7.247440533931015,7.235791832290878,4.524632211287453,0.919485651833352,0.5594254479174702,-23.275579982212633,-0.24237936961714468,SIGNAL_EXIT,3
2021-05-01 08:00:00,2021-05-04 00:00:00,ETHUSDT,2860.199385,3276.37805,3.1404392279194746,3.0,1306.9838053891574,7.191579141973705,8.231412922971451,15.457084857858021,11.986387715824572,4.6031994074966525,1274.971226200891,43.65206151528488,STOP_LOSS,17
2021-05-04 08:00:00,2021-05-04 12:00:00,ETHUSDT,3315.6569999999997,3317.304881529,3.861719139218849,3.0,6.363655639705245,10.251510084855845,10.248399801299724,19.244616552265438,4.258359280511519,0.8176330502196659,-19.21224657718151,0.149100000000017,STOP_LOSS,2
2021-05-05 16:00:00,2021-05-07 04:00:00,ETHUSDT,3307.4428949999997,3422.288,3.853897367333138,3.0,442.6012478105991,10.20540069307061,10.551317370764632,6.59787229287429,49.84361830558375,4.075007731156708,367.9259037100234,10.416969421326957,SIGNAL_EXIT,9
2021-05-07 12:00:00,2021-05-09 12:00:00,ETHUSDT,3444.6514649999995,3778.79079875,4.020563559282001,3.0,1343.4284289980178,11.088422861974667,12.1542948668835,22.823538182680387,40.77150159374336,5.410613861287647,1274.0035958141286,29.100709068399212,STOP_LOSS,13
2021-05-09 16:00:00,2021-05-10 20:00:00,ETHUSDT,3880.69938,3988.18491,4.552888952047295,3.0,489.3696820419477,14.146031491928571,14.526210412368586,9.08342321933954,43.869931970795086,4.425077042921785,412.4024311239337,8.309239093907856,SIGNAL_EXIT,7
2021-05-11 20:00:00,2021-05-12 16:00:00,ETHUSDT,4069.0334999999995,4186.84553,4.64597080878196,3.0,547.3512523033447,15.135797326626012,15.561569690607387,9.730846479869557,7.954022062117905,2.4328280404204046,506.26703518357294,8.685996072531726,SIGNAL_EXIT,5
2021-06-14 16:00:00,2021-06-14 16:00:00,BTCUSDT,40705.712685,39821.24470601417,0.501703460731882,3.0,-443.74064596372307,16.350838211066588,15.982765023726756,30.012703474698444,0.0,0.0,-476.07424919851644,-6.518505049870452,STOP_LOSS,1
2021-06-15 00:00:00,2021-06-15 00:00:00,BTCUSDT,40536.53814,39821.96674024183,0.4685924755247167,3.0,-334.8427811518427,15.20826001299015,14.928219180058282,28.032459652087866,0.0,0.0,-364.97926034489114,-5.288350455262901,STOP_LOSS,1
2021-06-15 04:00:00,2021-06-15 08:00:00,BTCUSDT,40423.33156499999,39825.15644028114,0.44283967284166753,3.0,-264.89567653251976,14.33230978816241,14.108927399105864,26.493979843088383,0.0,0.0,-293.3369137197881,-4.439330714913958,STOP_LOSS,2
2021-07-24 08:00:00,2021-07-26 04:00:00,BTCUSDT,33823.393245,37753.25654275,0.5032537117003978,3.0,1977.718291067854,13.62830119523492,15.199573187133012,28.542012744991084,-21.24774830416712,6.39652437888018,1963.741640610773,34.856319139395694,STOP_LOSS,12
2021-07-26 08:00:00,2021-07-26 20:00:00,BTCUSDT,38169.06499499999,38188.03502030251,0.6001787085364593,3.0,11.385405286967313,18.34128113270078,18.335716432024192,34.431114982518814,4.67171664508794,2.842325132002702,-32.8056340548483,0.1490999999999988,STOP_LOSS,4
2021-07-27 00:00:00,2021-07-30 04:00:00,BTCUSDT,37259.950665,39950.005005,0.6121833646850982,3.0,1646.8065170469524,18.26254761096914,19.56538278651793,12.234481482314184,17.262461866694085,14.624828074628823,1577.0912967081424,21.659081335232916,SIGNAL_EXIT,19
2021-07-30 04:00:00,2021-07-30 08:00:00,ETHUSDT,2423.4311099999995,2328.6653645849997,11.362984787759364,3.0,-1076.82172355132,22.047566723068684,21.168471290849173,39.75050943449313,0.0,0.0,-1120.0377615652378,-11.731187037744993,STOP_LOSS,2
2021-07-30 12:00:00,2021-07-30 16:00:00,ETHUSDT,2336.317575,2345.46668,10.349614239855566,3.0,94.68970738993337,19.35947609531211,19.419740280347806,12.143409379906048,0.0,0.0,55.91049101427345,1.1748109629316934,SIGNAL_EXIT,1
2021-07-30 16:00:00,2021-07-31 12:00:00,BTCUSDT,39092.186325,41571.34393,0.6228247949217051,3.0,1544.0808269127108,19.49366127374637,20.713331006257537,12.95230803292536,4.604477113688663,4.670579857564486,1494.5987776614538,19.025471620254795,SIGNAL_EXIT,5
2021-07-31 12:00:00,2021-08-01 08:00:00,SOLUSDT,34.653318,34.670540699046,831.8912557472038,3.0,14.327412736734624,23.080698340133853,23.07369571165113,43.32817171692,5.862337679250546,3.566712406571174,-41.256031400872075,0.1491000000000158,STOP_LOSS,6
2021-08-01 12:00:00,2021-08-01 20:00:00,SOLUSDT,35.13755999999999,35.5272275,816.9071257964391,3.0,318.32215744129104,22.981683864771757,23.21795624363297,14.518481893216826,2.9026343993799073,1.7659955277997763,267.45388740570667,3.326931352091683,SIGNAL_EXIT,2
2021-08-01 20:00:00,2021-08-01 20:00:00,ETHUSDT,2657.0278499999995,2559.8769091178565,11.104830128140087,3.0,-1078.844695285178,23.623573194545457,22.74159857976168,42.70455416830609,0.0,0.0,-1125.2098670594853,-10.969129384414586,STOP_LOSS,1
2021-08-02 00:00:00,2021-08-02 04:00:00,ETHUSDT,2556.7777499999997,2558.889915,10.221034590311875,3.0,21.588511525450777,20.923069513602695,20.923601867212177,13.083793063538067,2.6165848551198403,1.5919597567083974,-24.466704467192333,0.24783127903867974,SIGNAL_EXIT,1
2021-08-02 04:00:00,2021-08-02 12:00:00,SOLUSDT,34.8304065,34.5557135,748.1845619338067,3.0,-205.52106187128254,20.864349422881435,20.683241093846107,12.933492429866742,2.5873718520794906,1.5741862359598389,-251.23021047604942,-2.365975832065002,SIGNAL_EXIT,2
2021-08-02 12:00:00,2021-08-03 04:00:00,ETHUSDT,2591.8952999999997,2475.194787407143,9.763698691940183,3.0,-1139.4286421516242,20.261396917738917,19.333644886483423,36.3050417247415,5.014401319411872,3.0508183554106756,-1187.0889036306692,-13.507549389767798,STOP_LOSS,5
2021-08-03 08:00:00,2021-08-03 12:00:00,ETHUSDT,2494.3465499999998,2487.885435,8.718943665920284,3.0,-56.33409770402912,17.41238354902531,17.353386364022864,10.851292123575782,2.170258424715216,1.3204097191970283,-94.59053576098954,-0.7770910982677539,SIGNAL_EXIT,1
2021-08-03 12:00:00,2021-08-04 16:00:00,SOLUSDT,34.3881855,35.35631300000001,624.183048644293,3.0,604.288774426383,17.185366263198937,17.655048989729483,11.039925581368566,6.413355988210381,3.901958164551148,559.1330450206931,8.445873074634966,SIGNAL_EXIT,7
2021-08-04 16:00:00,2021-08-05 04:00:00,ETHUSDT,2673.906285,2710.6539950000006,8.654222404241626,3.0,318.0228551865788,18.527285571248598,18.76688202694086,11.735168851260557,4.679268820194213,2.8469199605714275,273.20249880762367,4.12292422582049,SIGNAL_EXIT,3
2021-08-05 04:00:00,2021-08-05 16:00:00,SOLUSDT,37.2556185,36.688646500000004,643.1118970395091,3.0,-364.62643848827986,19.182971568386893,18.875924040341562,11.803354202312288,2.368774050365624,1.4411888662959151,-406.49529701366987,-4.5655288208407505,SIGNAL_EXIT,3
2021-08-05 16:00:00,2021-08-06 12:00:00,ETHUSDT,2756.567595,2734.9018650000003,8.24976003774979,3.0,-178.73707354267438,18.207382855554084,18.0498272904355,11.286785449244423,6.842235478669147,4.16289328689278,-225.99941245422588,-2.357902999291375,SIGNAL_EXIT,5
2021-08-06 12:00:00,2021-08-07 08:00:00,SOLUSDT,36.95847,39.434273000000005,596.982649655526,3.0,1478.011434965104,17.664984265663943,18.833261426223494,11.776676729752204,4.773294171850689,2.9041260456921063,1433.8357690556738,20.096635493839486,SIGNAL_EXIT,5
2021-08-07 08:00:00,2021-08-08 16:00:00,ETHUSDT,2957.23788,2958.7076272263603,8.914274914243812,3.0,13.101730830221628,21.106190111397563,21.099786543972623,39.62153206805114,13.066701500902251,6.726140073007775,-48.897087399058584,0.14910000000001433,STOP_LOSS,9
2021-08-08 20:00:00,2021-08-10 16:00:00,ETHUSDT,2986.27239,3119.47948,8.778521888268916,3.0,1169.3613552376064,20.988837101639817,21.90753511614859,13.69905897708138,40.438872009885195,8.26129343487855,1077.7648175750542,13.38194303166027,SIGNAL_EXIT,11
2021-08-10 16:00:00,2021-08-12 04:00:00,BNBUSDT,369.534675,387.701574,79.68336220981458,3.0,1447.5995932461183,23.57547266381994,24.714691960285784,46.40966191841331,15.436579660734122,9.391789283281842,1374.4810596779964,14.748466297513218,STOP_LOSS,10
2021-08-12 08:00:00,2021-08-15 12:00:00,BNBUSDT,387.503655,403.168315,86.62088563165132,3.0,1356.8867223187053,26.874227207047134,27.93823720313646,17.470133318619396,34.51469822613089,20.99913193467542,1246.5604277477155,12.12736432124752,SIGNAL_EXIT,19
2021-08-15 12:00:00,2021-08-15 20:00:00,SOLUSDT,46.791384,51.98191,797.2108565931372,3.0,4137.943678628949,29.86597223364165,33.1524343987579,62.254195791354896,11.662583331370048,2.568002360777163,4060.6946863044022,33.278729263490035,STOP_LOSS,3
2021-08-16 00:00:00,2021-08-16 08:00:00,SOLUSDT,53.541757499999996,61.467659999999995,924.0439616029507,3.0,7323.882345378731,39.61163948077221,45.43905604549058,85.32621941441656,21.691223025899728,3.294765921042873,7213.845660905526,44.40965072915285,STOP_LOSS,3
2021-08-16 12:00:00,2021-08-16 16:00:00,SOLUSDT,61.82089499999999,65.325514525,1150.0830174751577,3.0,4030.603398414365,56.92486906694547,60.10381189042341,112.86394320934906,0.0,0.0,3913.574717456996,17.006965970000966,STOP_LOSS,2
2021-08-16 20:00:00,2021-08-17 00:00:00,SOLUSDT,62.94145499999999,62.042,1315.992663939275,3.0,-1183.676181543486,66.31744838884227,65.3174534848964,1349.337167618816,0.0,0.0,-1315.3110834172246,-4.287102991184375,STOP_LOSS,2
2021-08-17 04:00:00,2021-08-17 16:00:00,SOLUSDT,71.889927,64.2424186095,1097.340334397787,3.0,-8391.919414541146,63.16070178864092,56.39663769557709,105.90254950345287,64.98209351265126,4.683120404978798,-8581.141967942996,-31.913407244800762,STOP_LOSS,4
2021-08-17 20:00:00,2021-08-18 12:00:00,SOLUSDT,65.218593,74.412863025,815.179888515942,3.0,7494.984013964963,42.56596106557774,48.52789550789725,91.12649381803531,11.473738448850735,6.980751965229742,7385.435666977408,42.29286282670953,STOP_LOSS,5
2021-08-18 16:00:00,2021-08-21 08:00:00,SOLUSDT,77.38267199999999,77.42113118798399,973.1308751685144,3.0,37.4258232611433,60.291006666323526,60.27271451959938,113.18111139133059,177.4634637502272,34.736324364164105,-295.3376860391709,0.14910000000001186,STOP_LOSS,17
2021-08-21 12:00:00,2021-08-23 08:00:00,SOLUSDT,75.93795,73.32132100000001,979.9864636662835,3.0,-2564.261000436633,59.582196219829505,57.483121662504345,35.94492350080812,75.72019314471713,22.245640554677482,-2779.2921520183613,-10.337238495376774,SIGNAL_EXIT,11
2021-08-23 08:00:00,2021-08-24 04:00:00,BNBUSDT,485.48262,494.642555,136.1263085456629,3.0,1246.9081380682194,52.91189505498544,53.86709204939603,33.683774418077554,20.323657865867474,12.36514281899306,1107.4403502789773,5.6603066449629145,SIGNAL_EXIT,5
2021-08-24 04:00:00,2021-08-24 12:00:00,SOLUSDT,78.281121,73.6067949435,886.6329356432324,3.0,-4144.411433628243,55.569751895654996,52.20976694723587,98.04037358644163,26.033392577719685,4.195097430320352,-4282.419442479173,-17.91361440710587,STOP_LOSS,3
2021-08-24 16:00:00,2021-08-24 20:00:00,SOLUSDT,72.02099249999999,71.5711965,785.4604280397485,3.0,-353.29695869056053,45.29194523370498,44.97307411056556,28.122232435321216,14.438111962712282,3.425082959827506,-461.42517295737093,-1.8736037274131934,SIGNAL_EXIT,1
2021-08-24 20:00:00,2021-08-25 00:00:00,BNBUSDT,478.29902999999996,471.38419000000005,115.38068872613124,3.0,-797.8390016309913,44.18452481860729,43.510905997447615,27.207920208504174,0.0,0.0,-885.5344324470462,-4.337144484696057,SIGNAL_EXIT,1
2021-08-25 00:00:00,2021-08-25 04:00:00,SOLUSDT,70.5542595,70.61767350000001,744.5616162088303,3.0,47.21563033027327,42.059242180734365,42.063367291253996,26.302755934998626,13.493645206476629,3.201031712596521,-53.601656060788244,0.2696392837912589,SIGNAL_EXIT,1
2021-08-25 04:00:00,2021-08-26 04:00:00,BNBUSDT,477.03839999999997,477.2754880848,109.78427975510861,3.0,26.02854462828688,41.93059820618847,41.91787656332615,78.71408969077146,16.165735193939746,9.835415738954897,-83.82108107412238,0.1491000000000044,STOP_LOSS,7
2021-08-26 08:00:00,2021-08-26 16:00:00,BNBUSDT,483.34155,481.05935000000005,107.83276357453983,3.0,-246.09593302980747,41.72942761161058,41.499167323097446,25.949954554208656,5.214792446464746,3.172738578729787,-337.71205898971,-1.4165138502989856,SIGNAL_EXIT,2
2021-08-26 16:00:00,2021-08-27 04:00:00,SOLUSDT,74.74735499999998,79.61389975000002,683.7396375948562,3.0,3327.449543704171,40.918918670035275,43.54814317006257,81.7754315912478,10.67659444104368,6.495760554289256,3225.8101268687406,19.53197440899427,STOP_LOSS,4
2021-08-27 08:00:00,2021-08-29 00:00:00,SOLUSDT,81.96096,92.78960649999999,741.5410685181796,3.0,8029.886096215639,48.66086297452024,55.04584316111313,103.36600493448668,32.337910432555546,19.87954922936591,7873.961930418083,39.63586993124528,STOP_LOSS,11
2021-08-29 04:00:00,2021-08-30 20:00:00,SOLUSDT,93.99697499999999,109.63,897.6927836007171,3.0,14033.653728349604,67.55837160752363,78.7312478929173,1228.0437279657892,47.94108794978514,26.980621193931356,13812.442399705445,49.89423861778533,STOP_LOSS,11
2021-08-31 00:00:00,2021-08-31 12:00:00,SOLUSDT,110.31513,118.571875,1140.229662741222,3.0,9414.585566690283,100.7082333668167,108.15933523347549,203.1034086757737,85.82856715155432,16.64671137707102,9103.242719561365,22.454068630477096,STOP_LOSS,4
2021-08-31 16:00:00,2021-08-31 16:00:00,SOLUSDT,116.57825999999999,106.20478493142856,1313.0446778954436,3.0,-13620.836230068779,122.55601589376401,111.561302096994,209.49167895028702,0.0,0.0,-13854.953548059537,-26.694878792764854,STOP_LOSS,1
2021-08-31 20:00:00,2021-08-31 20:00:00,SOLUSDT,114.747345,103.56248219678571,972.0560863142233,3.0,-10872.313962454013,89.3041273784211,80.53483290655515,151.22965618406252,0.0,0.0,-11042.15292273899,-29.24214796398371,STOP_LOSS,1
2021-09-01 00:00:00,2021-09-01 20:00:00,SOLUSDT,108.32413499999998,114.92251000000002,724.1313073438859,3.0,4778.089915095236,62.80296036384753,66.57518992763265,41.6303088591907,138.36450623362202,15.080258890606961,4495.266999679527,18.273974677942366,SIGNAL_EXIT,5
2021-09-01 20:00:00,2021-09-02 16:00:00,ETHUSDT,3714.95655,3754.431845,24.742122448965098,3.0,976.7025825990244,73.59160116307841,74.31408994822716,46.46954098813305,33.263057060636555,11.326062657689068,784.2077717693932,3.187813461775228,SIGNAL_EXIT,5
2021-09-02 16:00:00,2021-09-03 08:00:00,SOLUSDT,121.93093499999999,138.8524085,773.1151333280668,3.0,13082.247241059853,75.47369981532493,85.87911864832056,161.26524533358827,170.6241629025826,12.34867539448581,12737.921584299138,41.63374987651823,STOP_LOSS,5
2021-09-03 12:00:00,2021-09-04 12:00:00,SOLUSDT,139.439685,139.508986523445,949.8719450666857,3.0,65.82757287079222,106.04471161764288,106.0125379066454,199.0721167500783,181.8785762828329,25.019001442437883,-353.1272543787669,0.14910000000001256,STOP_LOSS,7
2021-09-04 16:00:00,2021-09-07 08:00:00,SOLUSDT,142.41117,185.427441,922.6194163892493,3.0,39687.64684526178,105.19720620713386,136.86316591837755,257.00394200997414,851.2064336253023,66.05306682811208,38528.326972682844,90.61705833889293,STOP_LOSS,17
2021-09-07 12:00:00,2021-09-07 12:00:00,SOLUSDT,182.93142,169.31634965571428,1349.597698886415,3.0,-18374.867606824686,197.66519094157272,182.8071647033597,343.27835134582244,0.0,0.0,-18755.33996246962,-22.32815501725028,STOP_LOSS,1
2021-09-08 00:00:00,2021-09-08 04:00:00,SOLUSDT,173.576745,172.943485,1098.435256488566,3.0,-695.5951105239258,152.65237503164565,151.97377704320118,95.03112621509891,19.00622524302166,11.563601942670413,-1030.7910897844647,-1.0944899329688065,SIGNAL_EXIT,1
2021-09-09 16:00:00,2021-09-09 20:00:00,SOLUSDT,201.35062499999998,184.917495,931.5735525717266,3.0,-15308.669293972996,150.1784764161629,137.8113981998516,86.17521148063688,53.13218839050807,10.4859942481585,-15660.277351227676,-24.484349129782903,SIGNAL_EXIT,1
2021-09-10 04:00:00,2021-09-10 08:00:00,SOLUSDT,194.27709,182.54868,723.8613140424709,3.0,-8489.742274228855,112.59381077321648,105.71194190521483,66.10301519835559,0.0,0.0,-8708.048026907285,-18.11084878819216,SIGNAL_EXIT,1
2021-09-14 16:00:00,2021-09-14 20:00:00,SOLUSDT,159.33962999999997,144.2044269835714,718.7566890314113,3.0,-10878.528407906422,91.694495508639,82.91831718590696,155.7054028278129,11.083946901553395,6.743598388655193,-11070.968765891177,-28.49611803999149,STOP_LOSS,2
2021-09-15 00:00:00,2021-09-17 08:00:00,SOLUSDT,158.79935999999998,141.70933381714283,512.2192489796855,3.0,-8753.840376426248,65.12417047050018,58.06899883298277,109.04293721766271,186.49067077446176,34.00895850446671,-9097.533175008659,-32.286073790581675,STOP_LOSS,15
2021-09-17 12:00:00,2021-09-17 16:00:00,SOLUSDT,138.90941999999998,138.97845798174,389.24158975142757,3.0,26.87245376571704,43.29009085047938,43.27695674081157,81.26619317878396,0.0,0.0,-59.69459382557391,0.14910000000005225,STOP_LOSS,2
2021-09-17 20:00:00,2021-09-19 00:00:00,SOLUSDT,144.63227999999998,162.65215525000002,372.60273403556397,3.0,6714.254785129807,43.146823825298014,48.48371019434161,91.04352189722967,17.451221651289675,10.617520207644489,6594.555509251233,37.37728932296451,STOP_LOSS,8
2021-09-19 04:00:00,2021-09-19 20:00:00,SOLUSDT,164.40215999999998,151.74348854571429,448.036829639761,3.0,-5671.551025829505,58.973757047500975,54.38933722119937,102.13320710038997,15.811099196079994,8.464485289511815,-5809.189704583798,-23.099461930948532,STOP_LOSS,5
2021-09-20 00:00:00,2021-09-20 04:00:00,SOLUSDT,152.85639,145.02745000000002,367.95710989817513,3.0,-2880.714135966215,45.031701756499864,42.69110508632169,26.69528832310464,5.339793578842318,3.248790678434751,-2977.025527066314,-15.365285023413131,SIGNAL_EXIT,1
2021-10-01 12:00:00,2021-10-02 12:00:00,BTCUSDT,47511.814034999996,47659.61827,0.9959767846177197,3.0,147.20958672818506,37.88684049154071,37.97429868853002,23.745809585123922,9.787394525821309,8.679475403525863,52.88157761876716,0.9332683123262057,SIGNAL_EXIT,6
2021-10-02 12:00:00,2021-10-02 16:00:00,BNBUSDT,425.41259999999994,431.68405,111.60737032942691,3.0,699.9400426524925,38.01375627782574,38.54329730692548,24.101611622635712,0.0,0.0,623.3829890677412,4.422612306264606,SIGNAL_EXIT,1
2021-10-02 16:00:00,2021-10-05 00:00:00,SOLUSDT,170.52522,167.046435,289.3873084522854,3.0,-1006.7162278341802,39.50987545158833,38.67289456895972,24.182650430813208,34.555449114978956,21.023925235366313,-1140.4783722050736,-6.120124049686002,SIGNAL_EXIT,14
2021-10-05 00:00:00,2021-10-12 20:00:00,BTCUSDT,49249.542465,54864.667368,0.932579962608834,3.0,5236.552972083676,36.772727358296144,40.932551554076454,76.8638299087508,157.2802115642958,74.01100573270173,4927.556475874305,34.20412427378682,STOP_LOSS,48
2021-10-13 00:00:00,2021-10-13 04:00:00,BTCUSDT,56024.908455,56249.651105000004,1.0834462998069474,3.0,243.49659255131587,48.59886290039449,48.75478108411522,30.486981668402322,6.097395250234943,3.709724085624727,136.3358292309465,1.2034431980224862,SIGNAL_EXIT,1
2021-10-13 04:00:00,2021-10-13 04:00:00,BNBUSDT,461.33055,439.53097738928574,132.46176747734438,3.0,-2887.60991826592,48.926068890548756,46.57684010082358,87.46276934305529,0.0,0.0,-2983.1128272572923,-14.176108179296348,STOP_LOSS,1
2021-10-13 08:00:00,2021-10-13 12:00:00,BTCUSDT,54639.906299999995,55183.1946,0.9547322564370674,3.0,518.6948645548655,41.76659810513125,42.14814071829104,26.355765831848174,5.2711522116373075,3.2070284959387374,426.3019450238672,2.982920378836782,SIGNAL_EXIT,1
2021-10-13 12:00:00,2021-10-14 16:00:00,BNBUSDT,461.33055,474.06285,115.84830821135186,3.0,1475.0154146393963,42.78972277318853,43.9355033266815,27.47342629232042,16.327660559307933,9.93393295873933,1362.0285950214788,8.279724809033356,SIGNAL_EXIT,7
2021-10-14 16:00:00,2021-10-15 00:00:00,ETHUSDT,3810.3142049999997,3788.9245900000005,15.097752459537356,3.0,-322.9351124747941,46.05859140124009,45.76339643813926,28.616430989326094,18.400396580797757,3.4829845520419775,-436.64048144701314,-1.6840827697567113,SIGNAL_EXIT,2
2021-10-15 00:00:00,2021-10-15 04:00:00,BNBUSDT,472.93634999999995,465.46715,118.87076802822051,3.0,-887.869540556378,45.010654245767256,44.26435008992554,27.67905833536935,5.534622959393948,3.3673270724124706,-986.046494923877,-4.7379737252169,SIGNAL_EXIT,1
2021-10-15 04:00:00,2021-10-15 08:00:00,ETHUSDT,3822.8404649999998,3803.147475,13.932711727686362,3.0,-274.376752726204,42.64414265794995,42.39052594164263,26.50733237971606,0.0,0.0,-359.4114213257966,-1.5454207556108064,SIGNAL_EXIT,1
2021-10-15 08:00:00,2021-10-16 12:00:00,BTCUSDT,59261.11575,61566.461370000005,0.8805970296503112,3.0,2030.0805052893616,41.78155524676803,43.3721944068021,27.121182095296763,45.642077310764016,13.08486205154723,1886.1998162734803,11.670446586217073,SIGNAL_EXIT,7
2021-10-16 12:00:00,2021-10-16 16:00:00,ETHUSDT,3958.7283749999997,3836.8580135089283,14.61055914766435,3.0,-1780.5941249125349,46.3084348058244,44.84691275804971,84.2142828456091,0.0,0.0,-1871.749472476409,-9.235568845342017,STOP_LOSS,2
2021-10-16 20:00:00,2021-10-17 08:00:00,BTCUSDT,60864.75716999999,60299.375230000005,0.8581070767751721,3.0,-485.15824379486264,41.816236071881015,41.39465648798762,25.884602606291775,22.70980080536189,3.190748704122284,-594.2696858642154,-2.7867453989218873,SIGNAL_EXIT,3
2021-10-17 08:00:00,2021-10-17 12:00:00,ETHUSDT,3879.4087349999995,3856.8706,13.003810500373278,3.0,-293.0816365718218,40.389988825806896,40.12321152548879,25.089551979420033,16.712107264300926,3.052945405474813,-393.3598895928932,-1.7429049017181737,SIGNAL_EXIT,1
2021-10-17 12:00:00,2021-10-17 20:00:00,BTCUSDT,60970.36995,59257.64602239643,0.8080639904070183,3.0,-1383.9905314049208,39.44592509078395,38.30717592558739,71.93385564394127,19.62550873484616,2.9753509776352716,-1484.3444921337737,-8.427325907689866,STOP_LOSS,3
2021-10-18 00:00:00,2021-10-18 20:00:00,BTCUSDT,61559.08416,61403.92268,0.7280564680312646,3.0,-112.96631910330021,35.8834983096629,35.76441845573253,22.36394350658329,46.997730462942485,8.172196151436536,-239.78416248307465,-0.7561588128733876,SIGNAL_EXIT,5
2021-10-18 20:00:00,2021-10-19 16:00:00,BNBUSDT,479.73974999999996,483.5581,91.92424097296441,3.0,350.9989255191248,35.30801631970352,35.56056904706306,22.236473891358887,9.046264554149428,5.503849451151831,265.5802261470569,2.3877633654497465,SIGNAL_EXIT,5
2021-10-19 16:00:00,2021-10-20 16:00:00,BTCUSDT,62427.18799499999,66842.40208,0.7191708790856314,3.0,3175.2933948607165,35.94540886245646,38.45688725125507,24.047578321192617,13.79462662963819,8.392806528032969,3078.703665589334,21.217746114178503,SIGNAL_EXIT,6
2021-10-20 16:00:00,2021-10-21 04:00:00,ETHUSDT,4083.0404999999996,4183.72709,13.255939483622242,3.0,1334.6953438522937,43.334297659870856,44.3673864968248,27.74348830465977,40.43194657986281,6.683316237943972,1199.8783968777914,7.39791265847111,SIGNAL_EXIT,3
2021-10-21 04:00:00,2021-10-21 12:00:00,SOLUSDT,184.29209999999998,184.38369317369998,313.20546708002985,3.0,28.687482750052396,46.21400581237756,46.199984593927695,86.75510376926255,32.851578562988244,3.565144776698017,-100.14323099593912,0.14910000000000828,STOP_LOSS,3
2021-10-21 16:00:00,2021-10-22 16:00:00,SOLUSDT,182.71131,204.03848250000001,314.27230153637527,3.0,6702.539586838296,45.9736620579873,51.29891479781155,96.32996018617088,71.75998144218357,11.293439329496977,6522.213589210816,35.017819914924836,STOP_LOSS,7
2021-10-22 20:00:00,2021-10-25 20:00:00,SOLUSDT,197.78884499999998,207.67152475,389.1629548948754,3.0,3845.972853789757,61.62697467209327,64.6544513753874,121.40921014406321,329.1677835767967,42.51746604997038,3348.006178115509,14.989742849249193,STOP_LOSS,19
2021-10-26 00:00:00,2021-10-26 20:00:00,SOLUSDT,209.83486499999998,197.69751609535714,414.65022833533186,3.0,-5032.754494695741,69.66218949957049,65.58025615221423,123.14770183815506,105.78306910483977,15.717164119260481,-5289.497173571626,-17.35271529539598,STOP_LOSS,6
2021-10-27 00:00:00,2021-10-27 08:00:00,SOLUSDT,199.969935,193.99295500000002,355.81487765881025,3.0,-2126.6984074691445,56.96739628299859,55.22046363999688,34.530054802392144,38.94361680985185,4.390900091902744,-2282.2207842938947,-8.96681793690632,SIGNAL_EXIT,2
2021-10-27 08:00:00,2021-10-27 08:00:00,ETHUSDT,4138.40817,3999.732058995,15.540055570319893,3.0,-2155.0344712935457,51.49006640069324,49.724846770537845,93.3741489181309,0.0,0.0,-2256.2493844647765,-10.0528588753245,STOP_LOSS,1
2021-10-27 12:00:00,2021-10-28 12:00:00,SOLUSDT,190.07498999999999,195.312295,302.76345025505054,3.0,1585.6645318380338,46.075067877977766,47.30673944914581,29.58150290716687,42.91290149903281,10.528772250165446,1438.8410507617118,8.266166422000106,SIGNAL_EXIT,6
2021-10-28 12:00:00,2021-10-29 20:00:00,ETHUSDT,4154.025975,4401.75802,14.891777298854647,3.0,3689.170443929848,49.52828639980587,52.44000012582991,32.79139577652929,66.48830773925674,15.73177818526816,3504.982071479687,17.890984299875544,SIGNAL_EXIT,8
2021-10-29 20:00:00,2021-10-30 12:00:00,BNBUSDT,530.6651999999999,510.17378969999993,136.37103765392013,3.0,-2794.4348856032248,57.94024337135712,55.65834326817746,104.51616787964694,14.297139587636984,8.698541083055431,-2931.0291529134515,-11.584372010827156,STOP_LOSS,5
2021-10-30 16:00:00,2021-11-03 04:00:00,BNBUSDT,521.36055,551.9239000000001,121.95266976385474,3.0,3727.2821294271253,50.90577340436484,53.84687448918304,33.67113212179158,71.84597633797975,43.711902859824924,3506.971602335773,17.586687370189473,SIGNAL_EXIT,21
2021-11-03 04:00:00,2021-11-05 04:00:00,SOLUSDT,229.71479999999997,242.84851500000002,322.54695412404163,3.0,4236.239769583254,59.3225052499707,62.664039061437315,39.18461672175227,78.06358991732688,28.00087288532543,4008.1887624691935,17.152201338355283,SIGNAL_EXIT,12
2021-11-05 04:00:00,2021-11-06 16:00:00,BNBUSDT,580.6901999999999,610.59455,148.28691045860782,3.0,4434.423670772889,68.94215827989676,72.43454348989115,45.29423679957445,35.99961325203622,21.902570995230796,4235.144784755833,15.449382476232667,SIGNAL_EXIT,9
2021-11-06 16:00:00,2021-11-06 20:00:00,SOLUSDT,253.336605,254.15286,390.01085412972657,3.0,318.3483097376648,79.10650576331078,79.29789920649026,49.58597999405232,9.917195998810687,6.033733971441592,143.99297479761148,0.9666052799594583,SIGNAL_EXIT,1
2021-11-06 20:00:00,2021-11-08 08:00:00,BNBUSDT,624.7121999999999,641.0793,158.85020180433247,3.0,2599.917137951698,79.45208890282507,81.46846094206416,50.94325971864752,41.347119027649704,25.156053861221203,2372.493415217938,7.85982729327203,SIGNAL_EXIT,9
2021-11-08 08:00:00,2021-11-08 20:00:00,BTCUSDT,65974.85094,65802.092495,1.6119391523567388,3.0,-278.47610139576744,85.14607309934811,84.85517535975204,53.06101510738314,104.25375376826457,12.93299837409393,-565.6641019972261,-0.7855649957759472,SIGNAL_EXIT,3
2021-11-08 20:00:00,2021-11-09 00:00:00,BNBUSDT,645.5226,653.2732000000001,162.1195146210821,3.0,1256.5235100221712,83.78847925455479,84.72666727916888,52.98065737815904,0.0,0.0,1088.0083634884475,3.602011765351086,SIGNAL_EXIT,1
2021-11-09 00:00:00,2021-11-10 12:00:00,BTCUSDT,67559.58291,65874.40500527786,1.5973044801518286,3.0,-2691.742217065538,86.39969932692706,84.1771857938131,158.06932735442706,206.03214456224407,32.64523690471414,-3100.9964836532363,-7.483074193784134,STOP_LOSS,10
2021-11-10 16:00:00,2021-11-10 20:00:00,BTCUSDT,68383.59470999999,66385.90875418499,1.442124793499803,3.0,-2880.9124465071673,78.9573077661593,76.58941196274063,143.82087874825908,65.56472310521252,5.847991189614872,-3107.8718805308945,-8.763882467513252,STOP_LOSS,2
2021-11-11 00:00:00,2021-11-11 12:00:00,BNBUSDT,614.5071,629.7849500000001,145.32219505820768,3.0,2220.2106977700464,71.49841525288514,73.21738507889887,45.78375755307792,18.120224501807918,11.024549092285596,2046.3501238441688,7.458587541136655,SIGNAL_EXIT,3
2021-11-11 12:00:00,2021-11-12 12:00:00,ETHUSDT,4724.310974999999,4598.549575000001,20.200969048632288,3.0,-2540.5021489126343,76.40965555011115,74.31612610654095,46.47081422368882,34.084079152863026,17.371610477316757,-2742.683620199466,-7.986015357509261,SIGNAL_EXIT,6
2021-11-12 12:00:00,2021-11-16 00:00:00,BNBUSDT,613.5066,613.8115127802,142.1568918120504,3.0,43.34545310699867,69.82721486163243,69.8060294522287,131.0829296173573,91.00315586240217,55.36734709097402,-242.65829416023865,0.14909999999998544,STOP_LOSS,22
2021-12-27 16:00:00,2021-12-27 20:00:00,SOLUSDT,201.670785,200.42973500000002,428.8514018508143,3.0,-532.2260322669414,69.24483495564786,68.76365826186978,42.99878580656287,8.600614864118082,5.2327111501212755,-684.0678514986984,-1.8461523814666159,SIGNAL_EXIT,1
2022-02-05 00:00:00,2022-02-10 20:00:00,BTCUSDT,41592.48585,43464.655075,2.0300839284399657,3.0,3800.6606549924163,67.60307211205098,70.58951817835528,132.55417785118215,95.37880256716466,95.66911672233051,3471.4201454125146,13.503659519788034,STOP_LOSS,36
2022-02-11 00:00:00,2022-02-12 04:00:00,BTCUSDT,43517.18772,41781.64360467001,2.1794185485072566,3.0,-3782.477036702799,75.934480461041,72.84775124730993,136.79472567720936,-4.563599265156574,22.771412297839785,-3949.467081443833,-11.96454233093069,STOP_LOSS,8
2022-02-12 08:00:00,2022-02-15 08:00:00,BTCUSDT,42124.99197,43669.724215,1.9704037838539241,3.0,3043.7462605891656,66.45575946557581,68.83759186647467,43.04501742525478,59.99447910817262,45.73748916013759,2802.720940988805,11.001062595573469,SIGNAL_EXIT,18
2022-02-15 08:00:00,2022-02-17 12:00:00,BNBUSDT,427.91384999999997,417.4994023533789,213.60533169284474,3.0,-2224.581543954257,73.18228972394893,71.34407865700636,133.97110413808707,64.07519134790265,38.984069570554496,-2472.1671732536693,-7.301316127034255,STOP_LOSS,14
2022-02-28 16:00:00,2022-03-02 12:00:00,BTCUSDT,40845.37248,44081.238355,2.0563923511236153,3.0,6654.209834611931,67.24908850814012,72.51865710502317,45.346834107692395,9.086999159517152,32.5587829943113,6472.796306844939,23.76670118445694,SIGNAL_EXIT,11
2022-03-02 12:00:00,2022-03-02 12:00:00,SOLUSDT,104.62228499999999,100.78102336200548,988.288162087699,3.0,-3796.2734043115747,82.783799644568,79.68055388140309,149.62547674274407,0.0,0.0,-3958.737757837546,-11.014656116508561,STOP_LOSS,1
2022-03-02 16:00:00,2022-03-03 16:00:00,BTCUSDT,44148.573255,42193.28111297465,2.073232421906306,3.0,-4053.7750631455956,73.28282902575789,69.98118271202082,131.41183533804667,27.033379271482424,16.447413048281952,-4240.519867203139,-13.286672690859227,STOP_LOSS,7
2022-03-03 20:00:00,2022-03-04 12:00:00,BTCUSDT,42247.85337,40655.967804944994,1.8656301992188886,3.0,-2969.8697838672383,63.10558134447037,60.67920105230101,113.9444186009624,15.505627577378226,9.43379881504493,-3118.593992656433,-11.30390378261486,STOP_LOSS,5
2022-03-09 04:00:00,2022-03-09 08:00:00,BNBUSDT,398.9994,395.90195000000006,174.1119754737891,3.0,-539.3031384312748,55.62095576209492,55.14501648674023,34.48287674257811,0.0,0.0,-650.0691106801099,-2.328913276561261,SIGNAL_EXIT,1
2022-03-09 08:00:00,2022-03-10 04:00:00,BTCUSDT,41811.99555,40157.51995068324,1.6148936613163363,3.0,-2671.8021581391763,54.060789896462666,51.88009953803415,97.42131861172284,20.206327869134757,12.29375792479109,-2810.243133367599,-11.87082016215863,STOP_LOSS,6
2022-03-16 12:00:00,2022-03-16 16:00:00,BTCUSDT,40541.860799999995,39780.12276157221,1.4577017580825784,3.0,-1110.386877814558,47.316206376380435,46.39004390902769,87.11200032991661,0.0,0.0,-1204.0931280999662,-5.636677918057865,STOP_LOSS,2
2022-03-16 20:00:00,2022-03-23 16:00:00,ETHUSDT,2754.5365799999995,3030.0742050000003,20.144423786634448,3.0,5550.54668716278,44.426382868940514,48.83127911237558,30.534816853657496,104.82475335463994,71.11748521812964,5281.346786608694,30.009144950255212,SIGNAL_EXIT,41
2022-03-23 16:00:00,2022-03-23 20:00:00,SOLUSDT,95.72784,92.76359500000001,745.0279597956549,3.0,-2208.4454046844644,57.10161515680135,55.289177540928335,34.57302247431209,6.913114438943882,4.206016846265956,-2331.955328667404,-9.289601645665433,SIGNAL_EXIT,1
2022-03-23 20:00:00,2022-03-24 04:00:00,ETHUSDT,2964.4514849999996,3015.13168,21.700354471353908,3.0,1099.778196177346,51.504922367999576,52.34354098704706,32.73107865623062,-2.3448467018655266,3.982778328932715,994.2918011952322,5.128793160195742,SIGNAL_EXIT,2
2022-03-24 04:00:00,2022-03-25 12:00:00,SOLUSDT,94.697325,99.4675745,710.792381314829,3.0,3390.657001570866,53.89122269086813,56.56063531397212,106.2105069741536,29.19153230821871,17.760457712810833,3233.2531535449966,15.112093715424352,STOP_LOSS,9
2022-03-25 16:00:00,2022-03-26 08:00:00,BTCUSDT,44340.369105,44487.814965000005,1.7366147000629657,3.0,256.05664793943834,61.651030259376114,61.80655475352017,38.64842093140656,11.386710493611382,9.386513262246545,111.8258391706841,0.9975956198121534,SIGNAL_EXIT,4
2022-03-26 08:00:00,2022-03-27 12:00:00,SOLUSDT,101.280615,100.419765,763.5947503819838,3.0,-657.3405408663301,61.91941227338575,61.34400431087398,38.35918228543949,30.953076801484094,18.832201263356357,-830.3892355154304,-2.549895653773427,SIGNAL_EXIT,7
2022-03-27 12:00:00,2022-03-27 20:00:00,BTCUSDT,44591.78475,44808.24467000001,1.6785192962494673,3.0,363.33215258463014,59.9264781081487,60.16920264772988,37.62456393679315,0.9827536100292049,4.57824186621639,237.67547635250594,1.4562766743711133,SIGNAL_EXIT,2
2022-03-27 20:00:00,2022-03-28 00:00:00,SOLUSDT,103.281615,106.98648000000001,731.5980406095704,3.0,2710.471974722985,60.49689925139472,62.61687931177201,39.155127133418205,0.0,0.0,2587.3581961598184,10.761445781032798,SIGNAL_EXIT,1
2022-03-28 00:00:00,2022-03-28 12:00:00,BTCUSDT,46851.17388,47228.91373,1.7783224024909041,3.0,671.7432375685504,66.7065589221783,67.1905882650954,42.015125228299944,16.769925250035314,10.20301178799015,510.8731533432514,2.41876447514957,SIGNAL_EXIT,3
2022-03-28 12:00:00,2022-03-28 16:00:00,SOLUSDT,110.12503499999998,109.83505500000001,770.4686355674022,3.0,-223.42049494181333,67.93265449020208,67.69957197065646,42.33339918124272,0.0,0.0,-359.05272140267186,-0.7899566161317585,SIGNAL_EXIT,1
2022-03-28 16:00:00,2022-03-29 08:00:00,BTCUSDT,47446.221255,47320.777775,1.7656113975938117,3.0,-221.48443804182156,67.07092795883568,66.84008366603516,41.795950266395984,16.82474759959871,10.236366324191168,-382.45656359048235,-0.7931726279683965,SIGNAL_EXIT,4
2022-03-29 08:00:00,2022-03-29 16:00:00,SOLUSDT,109.93493999999998,109.98957766518,751.5821378132096,3.0,41.06469320111445,66.15303220621851,66.13296153501443,124.18558125002279,8.52143827852617,5.184539221857887,-104.92727804050256,0.14910000000002793,STOP_LOSS,3
2022-03-29 20:00:00,2022-03-30 00:00:00,SOLUSDT,113.97695999999999,107.21054545285713,722.1688244441044,3.0,-4886.493639211645,65.9012067389213,61.93929086216085,116.3106363210328,0.0,0.0,-5014.334136812728,-17.809953556779,STOP_LOSS,2
2022-03-30 04:00:00,2022-03-31 12:00:00,SOLUSDT,110.805375,121.39862850000002,607.1875051946068,3.0,6432.091164559048,53.866804810570756,58.969384298369526,110.7336961035909,29.25611556279174,17.799750893781574,6272.199108993534,28.680702989363148,STOP_LOSS,9
2022-03-31 16:00:00,2022-04-01 00:00:00,SOLUSDT,125.34263999999999,117.55996371857141,686.7669554233252,3.0,-5344.884894842031,68.92008267215523,64.58903869014388,121.28637710968161,8.444486483885205,5.137720881518111,-5491.9762235697335,-18.627363237510984,STOP_LOSS,3
2022-04-01 04:00:00,2022-04-02 16:00:00,SOLUSDT,122.010975,136.12999825,570.5915826813879,3.0,8056.195822132811,55.739339735587876,62.13970492150565,116.68697719360866,30.48385530475315,18.546721609097663,7889.286200561867,34.715786633128694,STOP_LOSS,10
2022-04-02 20:00:00,2022-04-04 16:00:00,SOLUSDT,135.937935,127.14764131178573,686.1025190985392,3.0,-6031.042643099805,74.67362661693635,69.78905360116295,131.05105208029553,46.648796376028784,28.38165419486122,-6250.535773888794,-19.399206751700937,STOP_LOSS,12
2022-04-04 20:00:00,2022-04-06 00:00:00,SOLUSDT,130.17505500000001,122.5070897389286,572.5425167574882,3.0,-4390.236128982819,59.67234075960325,56.11241398380931,105.36882946383527,22.847881673724327,13.900909072157166,-4542.769674472113,-17.671508403214613,STOP_LOSS,8
2022-04-06 04:00:00,2022-04-06 12:00:00,SOLUSDT,123.76185,116.35919186785713,492.1819383965807,3.0,-3643.4546287652847,48.76969354087018,45.815914083025255,86.03388974028269,5.986408916717611,3.6421987477177638,-3747.668844053616,-17.944119610710878,STOP_LOSS,3
2022-04-06 16:00:00,2022-04-07 00:00:00,SOLUSDT,117.68881499999999,112.88353000000001,422.1245247954254,3.0,-2028.4286471315786,39.775288315141495,38.12072516678412,23.837371915193554,5.014839354569654,3.0510848609443473,-2114.3905848290183,-12.249129197196822,SIGNAL_EXIT,2
2022-04-07 12:00:00,2022-04-07 16:00:00,SOLUSDT,117.51872999999999,113.17338500000001,368.80281031396663,3.0,-1602.575447783736,34.70075091155185,33.39092995259562,20.879771105922877,0.0,0.0,-1670.6671286478836,-11.092729644032014,SIGNAL_EXIT,1
2022-04-08 04:00:00,2022-04-08 12:00:00,SOLUSDT,122.16104999999999,115.22236000000001,313.7927031872546,3.0,-2177.310291678365,30.69114980279693,28.924748649612,18.087011411710886,3.617402282342671,2.200868374685631,-2242.7444607878024,-17.03985844915375,SIGNAL_EXIT,2
2022-04-08 16:00:00,2022-04-08 20:00:00,SOLUSDT,116.53824,113.50322000000001,271.2448318083047,3.0,-823.2334894348379,25.308563096906205,24.62972945488081,15.401281550072603,2.1998047269161827,1.8742277312932791,-877.2458144448345,-7.812937624594267,SIGNAL_EXIT,1
2022-04-21 12:00:00,2022-04-21 16:00:00,BNBUSDT,424.6122,414.6785334857143,68.25230941234382,3.0,-677.9956805320649,23.2031731422386,22.64221405929916,42.51792825356576,0.0,0.0,-723.8410677336026,-7.018403979644727,STOP_LOSS,2
2022-07-18 08:00:00,2022-07-18 20:00:00,ETHUSDT,1467.87357,1471.56385,18.265181564661432,3.0,67.40363422443933,21.465954579677955,21.502704723393762,13.445913408824643,-0.7775301669876228,3.2797926270475593,21.932712461307677,0.7542093696802572,SIGNAL_EXIT,3
2022-07-19 00:00:00,2022-07-19 08:00:00,ETHUSDT,1581.820515,1509.834705,16.991006573771603,3.0,-1223.111370928272,21.518593089585096,20.52288911837081,12.83322231013568,2.576244380741546,1.567416156812865,-1269.2965136737823,-13.652461069516455,SIGNAL_EXIT,2
2022-07-19 12:00:00,2022-07-19 20:00:00,SOLUSDT,45.56276999999999,45.397290000000005,506.37569971060265,3.0,-83.79505078810449,18.472281456768016,18.39046759097212,11.499792140425992,2.2999584280855574,1.3993206650455896,-124.35707892897578,-1.0895737901799305,SIGNAL_EXIT,2
2022-07-19 20:00:00,2022-07-20 04:00:00,ETHUSDT,1561.5603899999999,1560.9391400000002,14.536169657649777,3.0,-9.03059539981043,18.173824467338473,18.152060931444755,11.350713438870192,0.9629945281539348,1.3811804321390106,-47.700655758886604,-0.11935177223591541,SIGNAL_EXIT,2
2022-07-20 04:00:00,2022-07-20 08:00:00,SOLUSDT,45.48273,44.387795,495.9271194583728,3.0,-543.0079605441532,18.059342893517147,17.61048905076701,11.012061687572961,0.0,0.0,-578.6777924884374,-7.222092869095587,SIGNAL_EXIT,1
2022-07-20 08:00:00,2022-07-20 16:00:00,ETHUSDT,1531.815525,1595.7217400000002,13.592677697426767,3.0,868.6565833574626,16.6705161915449,17.35210504527763,10.850490898745175,-0.910513792143582,1.3255967150647099,834.2188791977188,12.51577894799053,SIGNAL_EXIT,2
2022-07-20 16:00:00,2022-07-20 20:00:00,BTCUSDT,24184.726319999998,22939.773539091428,0.9643329813592307,3.0,-1200.5490268650267,18.67264150161942,17.697264166926104,33.23221864094593,2.281648478549232,1.3881806851010612,-1240.5887616972225,-15.443045719467587,STOP_LOSS,2
2022-07-21 00:00:00,2022-07-22 16:00:00,ETHUSDT,1522.390815,1523.147443235055,12.87668065933455,3.0,9.742860160640852,15.695228473546086,15.690466578895762,29.463820566277125,9.987835983454822,6.0767121353440245,-37.70738301059984,0.149100000000026,STOP_LOSS,11
2022-07-22 20:00:00,2022-07-25 00:00:00,ETHUSDT,1526.973105,1527.7320106331852,12.764015717321028,3.0,9.68668342993837,15.60473075432065,15.599996316461146,29.293933994355243,10.281749396614273,7.281684102861726,-39.08147714031943,0.14910000000002405,STOP_LOSS,14
2022-07-27 20:00:00,2022-07-28 00:00:00,BNBUSDT,268.53419999999994,271.46420000000006,72.14409962034883,3.0,211.38221188763075,15.510935209183884,15.667632230526642,9.79716872844053,0.0,0.0,180.20364444792023,3.2733260791364236,SIGNAL_EXIT,1
2022-07-28 00:00:00,2022-07-29 12:00:00,ETHUSDT,1636.5578699999999,1680.5593000000001,12.167816907609724,3.0,535.4013439130089,15.943423955858892,16.35899029182461,10.229483674227128,8.911809852657358,6.23672564782134,487.95039416484667,8.06597141596959,SIGNAL_EXIT,9
2022-07-29 12:00:00,2022-07-30 20:00:00,BNBUSDT,284.7423,284.8838169231,75.07144748924308,3.0,10.623880261342983,17.114504901854527,17.109312402142116,32.12815298349035,8.795370787839719,5.351202852134592,-37.74651068262797,0.1491000000000292,STOP_LOSS,9
2022-07-31 00:00:00,2022-08-01 00:00:00,BNBUSDT,287.9439,283.35825,73.84378582770485,3.0,-338.62175648081376,17.02391327621622,16.7393967404106,10.467356641077297,6.460592822065897,3.9306975873851373,-382.7763569068916,-4.777649396288639,SIGNAL_EXIT,6
2022-08-01 00:00:00,2022-08-01 04:00:00,ETHUSDT,1678.95906,1690.9341100000001,11.980909930305245,3.0,143.47199546090468,16.10525001963968,16.20714341599269,10.134531900943827,1.1204672239215696,1.2331854281111874,108.80594937323956,2.139727576204313,SIGNAL_EXIT,1
2022-08-01 04:00:00,2022-08-02 00:00:00,BNBUSDT,287.64375,276.0005558035715,71.0657331799185,3.0,-827.4321321253641,16.366384298135454,15.691345484996654,29.465470990852726,4.0237418126469855,2.4480899308826434,-865.9616936520258,-12.143348356877397,STOP_LOSS,6
2022-08-02 04:00:00,2022-08-04 20:00:00,BNBUSDT,276.138,310.4447,64.62640859092147,3.0,2217.118811606168,14.288076233370594,16.050340821668833,10.036481254170821,15.252478691543377,9.279780175857251,2162.248135683728,37.27125567650961,SIGNAL_EXIT,16
2022-08-05 00:00:00,2022-08-09 12:00:00,BNBUSDT,312.05594999999994,312.21104180714997,77.95833480183737,3.0,12.090699026823964,19.477471759011543,19.471562340825795,36.56402542718708,34.83490232285301,21.193947720953993,-82.88718511682038,0.14910000000002804,STOP_LOSS,28
2022-08-09 16:00:00,2022-08-10 16:00:00,BNBUSDT,316.15799999999996,333.13335,76.16096888549157,3.0,1292.8591031703331,19.27854251473118,20.29740696325566,12.692225464767489,7.2573787250984925,4.41547112333926,1241.6103038439082,16.107784715237365,SIGNAL_EXIT,6
2022-08-10 16:00:00,2022-08-13 04:00:00,ETHUSDT,1838.408745,1995.571715,15.122181464439096,3.0,2376.646951830199,22.258407243956558,24.14191807962555,15.096246923226014,9.753043298788356,13.98175116004386,2306.5118320477845,25.646576762775368,SIGNAL_EXIT,15
2022-08-13 04:00:00,2022-08-13 08:00:00,SOLUSDT,47.453714999999995,47.13642,731.5496903761526,3.0,-232.1170590078972,27.794035640871247,27.58610676515223,17.249941699066383,0.0,0.0,-287.4972014139207,-2.0059230346875543,SIGNAL_EXIT,1
2022-08-13 08:00:00,2022-08-14 08:00:00,ETHUSDT,1996.7778899999998,2015.741625,16.953787937069865,3.0,321.5071416847942,27.104042357477837,27.339564836939687,17.095775911040914,4.998115881228674,6.134700250395766,255.93071835875222,2.849150387978345,SIGNAL_EXIT,6
2022-08-14 08:00:00,2022-08-14 12:00:00,SOLUSDT,47.753865,46.67665,724.9701532188444,3.0,-780.9487235996341,27.718276081538843,27.071342481793902,16.928053077660486,3.386335585685222,2.0602847886137177,-841.1849625372657,-6.767295170767825,SIGNAL_EXIT,1
2022-08-14 12:00:00,2022-08-14 16:00:00,ETHUSDT,1991.15508,1931.8454586300002,16.120588046883974,3.0,-956.1059733224336,25.699432171449406,24.913987847054297,46.783903067825385,0.0,0.0,-1006.7193933409372,-8.935962140628419,STOP_LOSS,2
2022-08-14 20:00:00,2022-08-15 12:00:00,ETHUSDT,1932.38571,1870.820263935,15.049194670696206,3.0,-926.5103828204336,23.28330562743115,22.523470676672858,42.294949943676386,-1.8576778332901631,3.5503326663505836,-974.009813957598,-9.557943698258883,STOP_LOSS,5
2022-08-15 16:00:00,2022-08-17 12:00:00,ETHUSDT,1918.668855,1844.5129292175,13.63505580557423,3.0,-1011.1201863584075,20.945682073932915,20.12002937918704,37.78172767749118,1.4679038797349184,9.40412152821526,-1063.0579232194777,-11.594902203564452,STOP_LOSS,12
2022-08-17 16:00:00,2022-08-19 00:00:00,ETHUSDT,1831.83546,1845.4668050000002,12.541811195040145,3.0,170.9617553244575,18.394343058206175,18.516396988019178,11.578537386203212,5.222681123616144,5.659661843699649,123.16867231091634,2.2324076530323698,SIGNAL_EXIT,8
2022-09-09 16:00:00,2022-09-12 04:00:00,ETHUSDT,1720.1996699999997,1725.9465950000001,13.570369358237762,3.0,77.98789492409563,18.68994787175237,18.737386229394243,11.716724755746965,-33.004619850092624,11.509332745326123,62.05584792771552,1.0022542906313385,SIGNAL_EXIT,15
2022-09-12 04:00:00,2022-09-12 12:00:00,BTCUSDT,21667.258214999998,22302.413215,1.085959435572584,3.0,689.7525653011072,18.838881906778887,19.375612853494353,12.11581594140382,2.423074139607217,1.474225653422902,647.6407707478039,8.794213744500794,SIGNAL_EXIT,2
2022-09-12 12:00:00,2022-09-13 12:00:00,SOLUSDT,37.71885,36.16880101071429,675.2891850085686,3.0,-1046.7313186981046,20.39321975657362,19.539520125809876,36.69163769243155,5.499126043961628,4.720296567990535,-1096.8834811924405,-12.328443120236008,STOP_LOSS,7
2022-09-27 08:00:00,2022-09-27 16:00:00,SOLUSDT,34.53726,34.36281,642.2951199005942,3.0,-112.0483836666588,17.760699401711765,17.656852135257072,11.041053111090811,2.226194885575459,1.3544420932849397,-151.04657218248806,-1.515319976164874,SIGNAL_EXIT,2
2022-10-04 08:00:00,2022-10-06 20:00:00,BNBUSDT,291.04544999999996,285.7732889678571,74.66303406551717,3.0,-393.6355387417725,17.398187628473796,17.0693606473776,32.05313091019552,17.565972024594224,10.687335629839058,-456.3563946720572,-5.434368788939495,STOP_LOSS,16
2022-10-14 04:00:00,2022-10-14 04:00:00,BTCUSDT,19826.758424999996,19580.929538029428,1.0270141988323949,3.0,-252.46975740193767,16.30293228126086,16.087914129514296,30.210154224172882,0.0,0.0,-284.8606038127128,-3.719653233792328,STOP_LOSS,1
2022-10-24 00:00:00,2022-10-24 04:00:00,ETHUSDT,1364.872095,1347.395965,14.293254543610422,3.0,-249.79077452722657,15.619266832110348,15.406938799022878,9.6341538263025,1.9268450585150336,1.1723142800304407,-283.91613949690526,-3.8412676317483094,SIGNAL_EXIT,1
2022-10-25 16:00:00,2022-10-27 20:00:00,ETHUSDT,1408.994145,1512.96763925,13.241642855478228,3.0,1376.7798772946212,14.937868097317775,16.02734170467562,30.096410311732214,9.673002207198198,8.653784702365938,1327.4878805830638,22.13781255634675,STOP_LOSS,14
2022-10-28 00:00:00,2022-10-28 12:00:00,ETHUSDT,1514.79702,1497.4409050000002,14.943701780180218,3.0,-259.3646066225099,18.123839010717127,17.901848254210545,11.194252285022568,1.4168593936083886,2.7329847359423667,-299.5401380169883,-3.4373149875882025,SIGNAL_EXIT,3
2022-10-28 12:00:00,2022-11-01 12:00:00,BNBUSDT,287.84385,320.5234925,75.5227996244004,3.0,2468.0580923245398,17.404942679476356,19.365465199192403,36.36479444014324,28.463032722444023,17.317230342957806,2385.507421380469,34.059761047526294,STOP_LOSS,25
2022-11-01 16:00:00,2022-11-05 12:00:00,BNBUSDT,319.55969999999996,355.72205,90.40429832984591,3.0,3269.2318777083087,23.130160490789482,25.727041864563493,16.08744488779183,36.40219476549575,22.147506131566356,3161.824974455894,33.94891470983362,SIGNAL_EXIT,23
2022-11-05 12:00:00,2022-11-06 12:00:00,SOLUSDT,35.43771,35.455322541870004,1082.6731466684794,3.0,19.068626127224384,30.718540429483625,30.709220498041816,57.66628786562584,11.7848972014864,7.170064462080096,-61.31409646386756,0.1491000000000089,STOP_LOSS,7
2022-11-06 16:00:00,2022-11-06 20:00:00,BNBUSDT,350.7753,340.36398705000005,108.8550472649156,3.0,-1133.3239632620744,30.57138659797034,29.6402703180823,55.658995339412336,3.8404060675062226,2.336546394406402,-1199.7125726400395,-8.90425832434607,STOP_LOSS,2
2022-11-07 00:00:00,2022-11-07 04:00:00,BNBUSDT,337.9689,327.8121573642858,102.33901241540025,3.0,-1039.4310106963844,27.69207642363424,26.838377953938227,50.397554996123816,3.4733860813786843,2.11324729264807,-1099.5480984479839,-9.01568987772032,STOP_LOSS,2
2022-11-07 08:00:00,2022-11-08 04:00:00,BNBUSDT,328.36409999999995,334.6326,95.2948208199724,3.0,597.355584310004,25.05316098735908,25.5110029260172,15.952353005262088,9.618106265359815,5.851764402074569,531.3215497291933,5.727026797387481,SIGNAL_EXIT,5
2022-12-13 12:00:00,2022-12-15 12:00:00,BTCUSDT,17453.042159999997,17461.716321953518,1.8841464570598234,3.0,16.343391512688815,26.328332706709148,26.32034475375393,49.424783588668056,17.39936214270388,12.218824898385302,-65.92347298886345,0.14910000000000906,STOP_LOSS,13
2022-12-15 16:00:00,2022-12-16 08:00:00,BTCUSDT,17437.144215,17222.344096185607,1.8745314568156362,3.0,-402.6495796453168,26.170116371535865,25.827060614722384,48.49848638217846,4.96165863771229,3.976648054243648,-463.58506332353096,-3.6955613172531216,STOP_LOSS,5
2023-01-06 20:00:00,2023-01-07 00:00:00,ETHUSDT,1273.7565599999998,1268.4954350000003,24.570497805506644,3.0,-129.2684602669848,25.057512219559396,24.934051441570162,15.591577939947358,0.0,0.0,-179.26002392811432,-1.2391202130490786,SIGNAL_EXIT,1
2023-01-07 00:00:00,2023-01-09 16:00:00,BNBUSDT,260.02995,280.2598,118.29207717996626,3.0,2393.03097753914,24.62728816213192,26.522011113633525,16.58454922063044,25.209224567822613,15.337576739111782,2301.33487695644,23.339446090729165,SIGNAL_EXIT,16
2023-01-09 16:00:00,2023-01-09 20:00:00,ETHUSDT,1336.357845,1315.5051943039286,28.17955122018039,3.0,-587.6183383664729,30.150491866827373,29.65627680264073,55.68905258382677,2.855018006236689,2.280458417764778,-652.5605834599424,-4.681227586029852,STOP_LOSS,2
2023-01-10 00:00:00,2023-01-10 20:00:00,ETHUSDT,1321.0602000000001,1338.8102600000002,27.025148995244773,3.0,479.6980161745365,28.58434646652351,28.94523740228992,18.09982328807036,10.792520276399996,6.566291140862419,404.80962088846064,4.030867026347491,SIGNAL_EXIT,5
2023-01-10 20:00:00,2023-01-11 16:00:00,BTCUSDT,17441.566424999997,17323.234050000003,2.1165132280407044,3.0,-250.4520369929615,29.555889556655817,29.331883215416124,18.341597808536594,2.1724046237861687,4.488172133769906,-316.0003865225895,-2.0353511625604095,SIGNAL_EXIT,5
2023-01-11 16:00:00,2023-01-11 20:00:00,BNBUSDT,276.9384,279.6601,129.87748646494313,3.0,353.4875549116355,28.797488629001606,29.057240682027718,18.169860356447032,3.633972071289109,2.2109496212877686,289.78790390802925,2.948345191566065,SIGNAL_EXIT,1
2023-01-11 20:00:00,2023-01-14 08:00:00,BTCUSDT,17558.394809999998,20886.911320000003,2.0979555316410905,3.0,6983.079624313207,29.492979598380877,35.05584891415273,21.92086600434279,26.505828296124637,17.032212973047347,6874.992754531501,56.87051486228663,SIGNAL_EXIT,15
2023-01-14 08:00:00,2023-01-14 08:00:00,SOLUSDT,23.581785,21.83683767964286,2435.99921716534,3.0,-4250.690306384754,45.99296220925648,42.55561559438128,79.91164670952362,0.0,0.0,-4339.238884188392,-22.198667153785962,STOP_LOSS,1
2023-01-14 12:00:00,2023-01-14 20:00:00,BTCUSDT,20731.390515,20773.28816,2.1435082845970026,3.0,89.80794916260616,35.57878888720434,35.62217221542466,22.274995132207007,4.454999026441303,2.7104716869366814,11.441517346599177,0.6062928336092981,SIGNAL_EXIT,2
2023-01-14 20:00:00,2023-01-15 00:00:00,SOLUSDT,23.061525,23.072986577925,1928.41559318026,3.0,22.102685593022404,35.60624852883618,35.59544567848753,66.8417232320075,0.0,0.0,-49.09900861430131,0.14910000000001186,STOP_LOSS,2
2023-01-15 04:00:00,2023-01-16 08:00:00,SOLUSDT,23.081535,23.093006522895,1920.3673076463142,3.0,22.029537536475008,35.48841090816186,35.47764380946452,66.62051291211073,21.555151706545665,8.1178565996055,-78.60952548730255,0.14910000000000542,STOP_LOSS,8
2023-01-16 12:00:00,2023-01-18 12:00:00,SOLUSDT,23.401695,20.853581921785715,1884.0252943512608,3.0,-4800.709492222966,35.299748046992335,31.430940654776368,59.021546046776606,27.302085398304555,15.986919632104058,-4910.729185955143,-32.66575021443043,STOP_LOSS,13
2023-01-18 16:00:00,2023-01-21 00:00:00,SOLUSDT,21.79089,24.4922065,1347.7642952111776,3.0,3640.737928764826,23.5139980007,26.4077771453113,49.58896559584996,20.413238015268497,12.419644392892842,3557.983271210653,37.18962144272218,STOP_LOSS,15
2023-01-21 04:00:00,2023-01-21 20:00:00,SOLUSDT,24.842414999999995,24.854761680255,1611.5339091088913,3.0,19.8970938958632,32.05315785160556,32.04343300044097,60.17169441744807,16.562843363855105,4.983756550308309,-65.74609687034675,0.14910000000004117,STOP_LOSS,5
2023-01-22 00:00:00,2023-01-24 04:00:00,SOLUSDT,24.572279999999996,24.96751,1621.2298434120396,3.0,640.7586710117487,31.895367219116725,32.38245786215083,20.249160744215835,28.06673104914923,17.076115932252932,531.337998949079,4.825315355351703,SIGNAL_EXIT,13
2023-01-24 04:00:00,2023-01-24 08:00:00,BNBUSDT,322.06094999999993,312.94439964642856,128.64040934589107,3.0,-1172.756769305849,33.170578416594516,32.20583653841656,60.47665849727294,0.0,0.0,-1238.1331842608602,-8.49207302552952,STOP_LOSS,2
2023-01-24 12:00:00,2023-01-24 20:00:00,SOLUSDT,24.47223,23.334675405000002,1541.2826869143596,3.0,-1753.2932026933722,30.199058774368456,28.77226496519426,54.02904037029206,3.7699774521925242,2.293696829990128,-1818.3282007151174,-13.945046221778695,STOP_LOSS,3
2023-01-25 00:00:00,2023-01-25 16:00:00,BTCUSDT,22643.25597,22567.500605,1.4250602403415111,3.0,-107.95595865405498,25.835071092652168,25.728038268854803,16.08806795200995,6.447268939834988,3.9225911870621264,-169.8889281424591,-1.00368116361488,SIGNAL_EXIT,4
2023-01-25 16:00:00,2023-01-27 00:00:00,SOLUSDT,23.33166,23.343255835020003,1361.1866769755227,3.0,15.784096137634501,25.42733766511027,25.41962307188829,47.733393349811486,10.415820461660852,8.058837967084225,-53.53752302810913,0.1491000000000407,STOP_LOSS,9
2023-01-27 04:00:00,2023-01-28 12:00:00,SOLUSDT,23.741865,23.753664706905003,1330.908951958646,3.0,15.704335550355387,25.298847609842802,25.291172000195214,47.49218577903156,12.907155016094947,7.852858782322579,-55.64569785810016,0.14910000000002505,STOP_LOSS,9
2023-01-28 16:00:00,2023-01-29 00:00:00,SOLUSDT,24.172079999999998,23.988,1300.3207469441697,3.0,-239.3630430974802,25.165297934983364,24.953675262157397,15.603848963330629,4.0917130528696335,1.9082051207722792,-295.48193446826286,-2.284619279764067,SIGNAL_EXIT,2
2023-01-29 00:00:00,2023-01-29 12:00:00,BTCUSDT,23032.9107,23419.674305,1.3261771762972256,3.0,512.9170655734357,24.456141292259534,24.846910031684473,15.537087313458144,6.183380655116393,3.762038576388405,453.6685950179869,5.037534465845866,SIGNAL_EXIT,3
2023-01-29 12:00:00,2023-01-30 08:00:00,BNBUSDT,317.05844999999994,312.34375,100.63014391970337,3.0,-474.4409395382191,25.5449459203027,25.144957211935882,15.723459987453651,6.389007837461968,3.8871444748418686,-535.4069949827615,-4.461038650759761,SIGNAL_EXIT,5
2023-01-30 08:00:00,2023-01-30 08:00:00,BTCUSDT,23654.631405,23255.022896821072,1.2809627394951892,3.0,-511.88360936246517,24.259969132344068,23.83105426954822,44.75035228382774,0.0,0.0,-559.9746327643575,-5.068037222864448,STOP_LOSS,1
2023-01-30 12:00:00,2023-01-30 16:00:00,BTCUSDT,23089.008735,22635.311190826073,1.2396427155287877,3.0,-562.4228556885088,22.916030013709605,22.447758905147833,42.15277711281874,0.0,0.0,-607.7866446073662,-5.894980802959017,STOP_LOSS,2
2023-01-30 20:00:00,2023-01-31 04:00:00,BTCUSDT,22796.25243,22824.04227,1.175641492984128,3.0,32.670888987391535,21.457342066651925,21.46631290418852,13.4231571436866,2.684578524870749,1.633327872763403,-14.570672381083062,0.3657159011377197,SIGNAL_EXIT,2
2023-01-31 04:00:00,2023-02-01 08:00:00,BNBUSDT,311.9559,307.64610000000005,85.77027456034243,3.0,-369.65272930015857,21.422372452937328,21.109512371534855,13.200045254833665,8.02981310433926,4.885428917386422,-425.09985614635644,-4.144624288240683,SIGNAL_EXIT,7
2023-02-01 08:00:00,2023-02-01 20:00:00,BTCUSDT,23088.208334999996,23374.297005000004,1.1036916981689395,3.0,315.7536900192025,20.402132798186077,20.63841404396289,12.90546150822828,5.128139025478951,3.120017659428976,266.4649864921456,3.71733482974059,SIGNAL_EXIT,3
2023-02-01 20:00:00,2023-02-08 04:00:00,BNBUSDT,314.65725,331.63410000000005,83.52268796744161,3.0,1417.952145220067,21.041648765767228,22.159177162930668,13.856413933795647,52.15574250126892,31.73214236901295,1290.8634344210873,16.18604052504756,SIGNAL_EXIT,38
2023-02-08 04:00:00,2023-02-08 12:00:00,ETHUSDT,1681.810485,1673.0630500000002,17.92741323019158,3.0,-156.81888194923673,24.139721008377837,23.994954126011745,15.004348503006833,3.000869700601769,1.82576299374965,-209.78018977797777,-1.5603604112385654,SIGNAL_EXIT,2
2023-02-08 12:00:00,2023-02-08 16:00:00,BNBUSDT,331.86584999999997,325.23797443928567,88.95665053389934,3.0,-589.5936100366342,23.636248552910693,23.145664666039057,43.46331622315761,0.0,0.0,-636.375523255584,-5.991465130305786,STOP_LOSS,2
2023-02-08 20:00:00,2023-02-09 00:00:00,BNBUSDT,326.86334999999997,320.05041033214286,84.4820172530035,3.0,-575.5708865635762,22.108947297097295,21.630803430008754,40.61868445795057,0.0,0.0,-619.3106372906823,-6.253016437471906,STOP_LOSS,2
2023-02-09 04:00:00,2023-02-09 16:00:00,BNBUSDT,319.85985,312.1801620107143,80.5278612108771,3.0,-618.4288485440384,20.622601767599654,20.111360607350345,37.76544931274932,2.5825285090328287,1.571239491388138,-663.3165789194094,-7.20286211847379,STOP_LOSS,4
2023-02-09 20:00:00,2023-02-09 20:00:00,BNBUSDT,311.65574999999995,303.6416005249488,76.26771471652022,3.0,-611.2208658587529,19.03064197819307,18.52644077192351,34.78926033786108,0.0,0.0,-648.7779486088695,-7.71442478605112,STOP_LOSS,1
2023-02-10 08:00:00,2023-02-10 12:00:00,BNBUSDT,307.9539,303.67916908793086,70.86935756297679,3.0,-302.9474334929361,17.473574901531784,17.21723809481621,32.33081765426117,2.1721458093052384,1.321558025282676,-341.131950323872,-4.1643222366098795,STOP_LOSS,2
2023-02-10 20:00:00,2023-02-11 00:00:00,BNBUSDT,308.7543,305.74705,67.37369460999363,3.0,-202.6095431159033,16.65485822075449,16.479446699685166,10.30480659059689,0.0,0.0,-235.74384803634294,-2.9219835966656973,SIGNAL_EXIT,1
2023-02-11 16:00:00,2023-02-11 20:00:00,BNBUSDT,309.25455,308.44570000000004,64.97964915584465,3.0,-52.558789219701694,16.089072985467265,16.034154695703133,10.026359864745395,2.004622176457808,1.219634756381661,-87.90627383371158,-0.7846448823468722,SIGNAL_EXIT,1
2023-02-12 00:00:00,2023-02-13 08:00:00,BNBUSDT,310.65524999999997,303.8992947640552,63.83843283641491,3.0,-431.28959457568664,15.878097928266358,15.520363774263195,29.144398674754168,7.962567727686031,4.844516071297304,-475.4951400771995,-6.524230866156085,STOP_LOSS,9
2023-02-14 16:00:00,2023-02-14 20:00:00,SOLUSDT,21.900945,22.00899,840.4386240187021,3.0,90.80519113210119,14.736909592081084,14.7977642173131,9.253229250444946,-4.2313166716439055,1.1259538216376495,64.37588017271327,1.4800046299372098,SIGNAL_EXIT,1
2023-02-14 20:00:00,2023-02-15 16:00:00,ETHUSDT,1561.0901549999999,1578.71025,11.914349186908424,3.0,209.9319645365018,14.891411704495594,15.047444146761197,9.409357270359887,1.5066835965326506,2.2627060734626756,176.22371901524969,3.3861135329497136,SIGNAL_EXIT,5
2023-02-15 16:00:00,2023-02-16 20:00:00,BTCUSDT,22820.864729999998,23951.518750000003,0.8381637446844947,3.0,947.6732073457821,15.314348630132192,16.060235717104714,30.158179238426538,6.538413022600185,4.971610736662307,904.7885992392828,14.863424765587386,STOP_LOSS,8
2023-02-17 00:00:00,2023-02-20 00:00:00,BTCUSDT,23529.47886,24260.373745,0.9281895223460458,3.0,678.4089741933195,17.48584126830647,18.01457977464648,11.264744731517599,23.312702534017074,12.41060757990633,607.1852430364432,9.318883210488602,SIGNAL_EXIT,18
2023-02-20 00:00:00,2023-02-21 12:00:00,SOLUSDT,24.842414999999995,25.04747,952.3999268445046,3.0,195.29436699910474,18.943085851593935,19.08416687651194,11.933571083359885,18.325074419939153,7.536337941160316,131.4057019098994,2.4762689134692235,SIGNAL_EXIT,9
2023-02-21 12:00:00,2023-02-22 00:00:00,BTCUSDT,24585.116415,23938.688724663218,0.9783893455965126,3.0,-632.4579649240699,19.258459536177686,18.737086396609488,35.18481421496249,2.407119566298953,1.4645187109583713,-674.3251491341144,-7.888036966248174,STOP_LOSS,4
2023-02-22 04:00:00,2023-02-22 16:00:00,BTCUSDT,24214.771334999998,23545.03679531893,0.909876809854315,3.0,-609.3759264142574,17.64007917825581,17.138466373781803,32.182898799036714,2.1983415318904824,1.3374957985492324,-647.6903092967348,-8.297429660791803,STOP_LOSS,4
2023-02-22 20:00:00,2023-02-24 08:00:00,BTCUSDT,23803.575839999998,23819.30439,0.8440304329710161,3.0,13.275374866509189,16.085622435943648,16.0833742378881,10.057137467413781,5.514656280032603,4.938016448566594,-29.346294535921757,0.19822925058477414,SIGNAL_EXIT,9
2023-02-24 08:00:00,2023-02-24 12:00:00,SOLUSDT,23.97198,23.778105,834.4314474646123,3.0,-161.77539687720045,16.015191329057437,15.87295885849243,9.925562067590814,1.9842779820708483,1.2072571189114598,-196.85508216573263,-2.426270170423951,SIGNAL_EXIT,1
2023-02-24 12:00:00,2023-02-24 16:00:00,BTCUSDT,23895.66186,23258.60867935286,0.8124019033006495,3.0,-517.5432164614697,15.54273913185968,15.116270367385017,28.385585316821235,0.0,0.0,-548.2022259607144,-7.997935161363312,STOP_LOSS,2
2023-02-24 20:00:00,2023-02-24 20:00:00,SOLUSDT,23.061525,22.52489547209779,770.5297105526587,3.0,-413.4889948085001,14.227053789553963,13.884880950675521,26.07326167502745,0.0,0.0,-441.60092954872954,-6.980841829439428,STOP_LOSS,1
2023-02-25 00:00:00,2023-02-25 12:00:00,SOLUSDT,23.081535,22.52882902983811,712.5109849382907,3.0,-393.80907518132045,13.167211558637012,12.841630529245046,24.114228585210476,1.1129661700938023,1.981960741128825,-422.9128441804251,-7.1837419412775825,STOP_LOSS,4
2023-02-25 16:00:00,2023-02-25 20:00:00,BTCUSDT,23017.68309,22693.73555506415,0.6594114462205147,3.0,-213.61471251161774,12.152220732603993,11.971607186008615,22.480484200065884,0.09244724605825624,0.9220647190848521,-238.75305239537343,-4.222156509009186,STOP_LOSS,2
2023-02-26 00:00:00,2023-02-26 20:00:00,BTCUSDT,23168.648534999997,23487.580335000002,0.6242244783209586,3.0,199.0850364749679,11.579213406855095,11.729218065309588,7.3344285050706315,2.0284745773831885,2.657254625722169,171.09087579969784,4.129698797729279,SIGNAL_EXIT,5
2023-02-26 20:00:00,2023-02-27 00:00:00,SOLUSDT,23.381685,23.238375,640.4713584354243,3.0,-91.78595037738042,11.989831508774367,11.906810883265445,7.445479541810952,0.0,0.0,-115.68259276942024,-1.838746865334978,SIGNAL_EXIT,1
2023-02-27 00:00:00,2023-02-27 20:00:00,ETHUSDT,1642.1906849999998,1607.6948057582142,8.907935934597981,3.0,-307.2870822934544,11.71219328612776,11.456993865664094,21.514134700169237,2.4930665830303758,2.657826206220226,-335.6071622344969,-6.301803966532472,STOP_LOSS,6
2023-02-28 00:00:00,2023-02-28 20:00:00,ETHUSDT,1634.266725,1597.9212424125,8.335550847649696,3.0,-302.9596181904718,10.906736096764968,10.655643013335178,20.009344667003433,1.7950029979776065,2.4801538022280933,-328.7971541007777,-6.671888137629408,STOP_LOSS,6
2023-03-01 00:00:00,2023-03-01 04:00:00,BTCUSDT,23153.140785,23428.649815,0.5457968382377698,3.0,150.37195747995546,10.117622926923103,10.22982639456553,6.396839916560814,0.7612489557529905,0.7784074893414809,128.48485171337236,3.56982708166953,SIGNAL_EXIT,1
2023-03-01 04:00:00,2023-03-03 00:00:00,ETHUSDT,1639.209195,1602.1234710289286,7.944109432123431,3.0,-294.61304959571333,10.425986571035194,10.181955342101794,19.119846035493335,6.244437514506634,3.9787754000166125,-325.44420442337355,-6.787246695087862,STOP_LOSS,12
2023-03-13 08:00:00,2023-03-13 08:00:00,BNBUSDT,304.9524,294.7275017571429,39.5029049780997,3.0,-403.9131836983241,9.644920480419097,9.314073997076102,17.490123930413578,0.0,0.0,-422.8721781758193,-10.058846799884641,STOP_LOSS,1
2023-03-13 16:00:00,2023-03-14 04:00:00,ETHUSDT,1665.5223449999999,1676.731215,6.471785906146829,3.0,72.54140688983306,8.630027252797131,8.68115635650676,5.428436941286826,2.171445966159915,1.3211322328146107,51.73764508155463,2.018982819470998,SIGNAL_EXIT,3
2023-03-14 04:00:00,2023-03-14 16:00:00,BTCUSDT,24387.86784,24399.98861031648,0.448337381331327,3.0,5.434194423409144,8.754197600992862,8.751541598450796,16.433791183870735,1.6686436204655477,0.6749246184364607,-14.415113014936523,0.1491000000000006,STOP_LOSS,4
2023-03-14 20:00:00,2023-03-16 04:00:00,BTCUSDT,25060.914194999998,24253.30728,0.4345724172759578,3.0,-350.96368926032756,8.719601329757015,8.431854697284948,5.272545458531398,10.685710737683154,2.5938652947260827,-381.3947213197788,-9.667726907916936,SIGNAL_EXIT,8
2023-03-16 04:00:00,2023-03-17 12:00:00,BNBUSDT,309.9549,334.43270000000007,31.44816631141609,3.0,769.7819253375826,7.804253998589546,8.413836135660741,5.261278223898488,4.123798048415992,2.5089652739621213,746.9310718809543,23.691640299927563,SIGNAL_EXIT,8
2023-03-17 12:00:00,2023-03-17 16:00:00,BTCUSDT,26933.570055,26406.07036,0.44503991861574593,3.0,-234.75842133263018,9.596888571103838,9.40140432318085,5.878817110542104,0.0,0.0,-253.75671422691488,-5.875563773270443,SIGNAL_EXIT,1
2023-03-17 16:00:00,2023-03-18 00:00:00,BNBUSDT,331.3656,338.83050000000003,33.87754401405002,3.0,252.8924783104839,8.987872456959241,9.182996141642061,5.7422437103804915,1.1359140507910972,0.6911029284606264,232.89459273263088,6.758305629793851,SIGNAL_EXIT,2
2023-03-18 00:00:00,2023-03-18 04:00:00,BTCUSDT,27408.827565,27292.916715000003,0.43504150265602304,3.0,-50.4260303581354,9.546819479517556,9.498841199647432,5.939745622589498,1.1879913235439457,0.7227873289490884,-71.38246968979341,-1.2686881595914397,SIGNAL_EXIT,1
2023-03-18 04:00:00,2023-03-18 12:00:00,BNBUSDT,343.7718,331.17785837142856,34.06329849852519,3.0,-428.99119296703105,9.375501552262051,9.024808196646617,16.94693577237036,1.169733670439355,0.7116791667438467,-449.27291555312297,-10.990379340514343,STOP_LOSS,3
2023-03-18 16:00:00,2023-03-22 16:00:00,BTCUSDT,27241.243814999998,27254.782713176057,0.38042539531204816,3.0,5.1505406907167615,8.297246554934556,8.294729190243183,15.575981203510079,9.366861967185196,7.717169828281168,-28.525466849927344,0.1491000000000426,STOP_LOSS,25
2023-03-22 20:00:00,2023-03-27 12:00:00,BTCUSDT,26682.1344,26695.3954207968,0.38519231084016725,3.0,5.108043244819974,8.228785434494732,8.226288840742992,15.447462770547862,5.888806668623638,9.108594209352242,-26.34443190839363,0.14910000000003115,STOP_LOSS,29
2023-03-27 16:00:00,2023-03-28 20:00:00,BTCUSDT,26917.081814999998,27412.26701,0.37889630862257406,3.0,187.62384247005022,8.165558797914585,8.309125424852292,5.1958012911782685,0.1508928202534581,2.499441987442024,168.49882343958785,5.519006834433868,SIGNAL_EXIT,7
2023-03-28 20:00:00,2023-03-29 00:00:00,ETHUSDT,1786.73292,1772.1135000000002,5.990752670375506,3.0,-87.58132940433966,8.569955974169595,8.493034945866789,5.310802242286938,0.0,0.0,-104.64432032437603,-2.4546623342004183,SIGNAL_EXIT,1
2023-03-29 00:00:00,2023-03-31 08:00:00,BTCUSDT,27274.69053,27724.61076,0.38094632772111875,3.0,171.39545938594102,8.318809605391092,8.449270925215531,5.283436046282845,4.3048772022344295,4.575861581211276,145.7466400718887,4.948766287615141,SIGNAL_EXIT,14
2023-03-31 08:00:00,2023-03-31 12:00:00,ETHUSDT,1796.1276149999999,1792.0035500000001,6.028014510212277,3.0,-24.85992366105706,8.668601541563627,8.64177872140153,5.403813607679548,0.7784690463434997,0.6575445697902191,-43.606317540155935,-0.6888260553802152,SIGNAL_EXIT,1
2023-03-31 12:00:00,2023-03-31 16:00:00,BTCUSDT,27941.933985,28480.752500000002,0.3828070395448183,3.0,206.2635205790863,8.563946379467252,8.722106038826947,5.454043295913908,0.0,0.0,188.9774681607921,5.785052480146026,SIGNAL_EXIT,1
2023-03-31 16:00:00,2023-04-02 16:00:00,ETHUSDT,1831.5152999999998,1796.64123,6.149469724065853,3.0,-214.4570376199523,9.017492303053153,8.83871267911475,5.526958903898748,5.296406530788234,4.089024628853014,-241.69867376176148,-5.712330658662778,SIGNAL_EXIT,12
2023-04-02 16:00:00,2023-04-03 00:00:00,BTCUSDT,28138.862399999998,27686.01812854286,0.37451165552610016,3.0,-169.59545779892392,8.437415486024927,8.294989187396967,15.576469430514296,0.7213729584170689,0.6367205126031189,-187.685955943366,-4.827959265231057,STOP_LOSS,3
2023-04-03 04:00:00,2023-04-03 08:00:00,BTCUSDT,27767.726924999995,27944.750635,0.35925607261456827,3.0,63.59684281426205,7.986969191760849,8.03145709065885,5.022171767545279,0.0,0.0,47.57841653184235,1.912548086613017,SIGNAL_EXIT,1
2023-04-03 08:00:00,2023-04-10 16:00:00,ETHUSDT,1795.7574299999999,1860.3693500000002,5.6345837209790375,3.0,364.0612726132015,8.10115739143727,8.385925483614685,5.24382533992794,6.434779782289046,14.047465874789657,327.0919440810708,10.794094834957797,SIGNAL_EXIT,44
2023-04-10 16:00:00,2023-04-11 16:00:00,BTCUSDT,28453.609695,30179.132885000003,0.39006778094073996,3.0,673.0710016850882,8.886178057231845,9.41752591613413,5.888898146655929,3.0347552788095467,2.120330259713403,649.6122121731992,18.193015316821686,SIGNAL_EXIT,6
2023-04-11 16:00:00,2023-04-12 00:00:00,SOLUSDT,23.33166,22.978505,559.1592694515932,3.0,-197.46989180317797,10.445247366447527,10.278915255111826,6.427535802346083,1.3095510090556315,0.7967456135405773,-220.30035104733352,-4.540889932392307,SIGNAL_EXIT,2
2023-04-12 00:00:00,2023-04-12 08:00:00,BTCUSDT,30215.530215,29971.996505000003,0.4099130990011479,3.0,-99.82765777734524,9.916526523933923,9.828731176492902,6.146030000307725,1.226543614483631,0.7462429778590802,-121.54570207011477,-2.417965611728016,SIGNAL_EXIT,2
2023-04-12 08:00:00,2023-04-14 04:00:00,SOLUSDT,23.701845,25.077455,507.1924245504136,3.0,697.6989711357953,9.62481683896565,10.175276162403113,6.362728965984615,6.491791432701948,4.490170792992968,666.9169159087317,17.411429363410342,SIGNAL_EXIT,11
2023-04-14 04:00:00,2023-04-14 12:00:00,ETHUSDT,2110.0544999999997,2051.7807768214284,6.6446370835426825,3.0,-387.2077420284359,11.225417437146605,10.90667090957414,20.48072904902306,1.4057527106684569,0.8552758145370488,-411.6008589003622,-8.285149484798334,STOP_LOSS,3
2023-04-14 16:00:00,2023-04-16 12:00:00,ETHUSDT,2059.36917,2085.386785,6.209052670413817,3.0,161.54474189354985,10.237575375785738,10.358621108999948,6.47737688156383,7.793876110220921,4.741882187372984,128.41278711117025,3.790133703905095,SIGNAL_EXIT,11
2023-04-16 12:00:00,2023-04-19 08:00:00,BNBUSDT,334.66724999999997,336.73154999999997,39.357486622909256,3.0,81.24565963567169,10.545766064852543,10.6023259797092,6.629768621629344,10.8185859229053,6.582149774373898,42.69683189383075,1.8504649020781119,SIGNAL_EXIT,17
2023-04-19 08:00:00,2023-04-19 08:00:00,ETHUSDT,2074.946955,2029.5113290317854,6.409633656531607,3.0,-291.225717411449,10.648238461397737,10.40673929669946,19.54194910496896,0.0,0.0,-312.2806951695462,-6.569174097496071,STOP_LOSS,1
2023-04-19 12:00:00,2023-04-19 20:00:00,SOLUSDT,23.221605,22.968510000000002,532.416136888279,3.0,-134.75186216573806,9.898764792990828,9.783044291423845,6.117461412845498,-0.6822713670588099,0.7447104410715055,-154.49611032416541,-3.269735231479456,SIGNAL_EXIT,2
2023-04-19 20:00:00,2023-04-19 20:00:00,ETHUSDT,1981.5302699999997,1927.548888880714,6.005681500963308,3.0,-324.19498198454437,9.527974128212833,9.260995763322628,17.390452735332396,0.0,0.0,-342.9839518760798,-8.172680771505815,STOP_LOSS,1
2023-04-20 00:00:00,2023-04-20 08:00:00,SOLUSDT,22.671329999999998,22.588700000000003,479.56211620553756,3.0,-39.626217662061,8.70481264371024,8.666147819465623,5.419051913121871,-0.6110659132878017,0.6669885148046901,-57.053100726753755,-1.0934074004479841,SIGNAL_EXIT,2
2023-04-20 08:00:00,2023-04-20 16:00:00,BNBUSDT,324.86235,322.8385,32.94099367703143,3.0,-66.66763005325946,8.56788520196603,8.50769678976185,5.319970478840231,1.0653117355151964,0.6481476830269656,-85.4566714635295,-1.8689608075543211,SIGNAL_EXIT,2
2023-04-20 16:00:00,2023-04-20 20:00:00,ETHUSDT,1946.89296,1926.7361500000002,5.3650220702819205,3.0,-108.14173051647784,8.36278919045356,8.269585574688016,5.171076522440509,0.0033094889743623865,0.6292282634349354,-125.4066430340287,-3.1059966440065185,SIGNAL_EXIT,1
2023-04-21 00:00:00,2023-04-21 08:00:00,ETHUSDT,1943.95149,1927.4757800000002,5.179761325071796,3.0,-85.34024546109713,8.06181324717189,7.987091600205277,4.994429464859905,0.22868868410155213,0.6132074763974721,-102.23104646897332,-2.54261128707482,SIGNAL_EXIT,2
2023-04-26 00:00:00,2023-04-26 16:00:00,BNBUSDT,338.56919999999997,332.5303694142857,28.835336943887103,3.0,-174.13171468612197,7.816458735646357,7.670900196908943,14.404544686233129,1.9504221908845238,1.1866588734562469,-192.75615468301805,-5.350897765402996,STOP_LOSS,5
2023-04-27 00:00:00,2023-04-28 00:00:00,BNBUSDT,330.7653,330.73455,27.768786845368854,3.0,-0.8538901954954206,7.353843964407113,7.34727777707919,4.594345783565287,2.7691034242201824,1.684753775478094,-20.008869136679998,-0.027889866319119768,SIGNAL_EXIT,6
2023-04-28 00:00:00,2023-04-28 20:00:00,BTCUSDT,29487.506385,29313.865735,0.30945215937493287,3.0,-53.733474097767306,7.305822678479081,7.256991241058083,4.537888469896074,2.109525770634029,1.6565193195424404,-72.06233310748095,-1.766585289371879,SIGNAL_EXIT,5
2023-04-28 20:00:00,2023-04-30 20:00:00,SOLUSDT,23.33166,23.16841,381.83988947624755,3.0,-62.33536195699661,7.132873079021126,7.077298490992311,4.4255243190290265,4.496888476093318,3.245914935439732,-84.28833693854308,-2.099079105387245,SIGNAL_EXIT,12
2023-04-30 20:00:00,2023-05-01 12:00:00,BNBUSDT,336.06794999999994,330.69616057499996,25.757575980959835,3.0,-138.3642742681534,6.930581070368622,6.814345186097805,12.79609136097419,1.724469711925261,1.0491868351511209,-154.88285707169618,-4.795270800146198,STOP_LOSS,5
2023-05-02 16:00:00,2023-05-03 12:00:00,BTCUSDT,28554.960344999996,28134.851476088952,0.28688601929600377,3.0,-120.52336107283604,6.558862213396551,6.457196434767564,12.125431462381842,0.8992156550128549,1.496734347903407,-135.9353697239164,-4.413687119526384,STOP_LOSS,6
2023-05-04 00:00:00,2023-05-06 12:00:00,BTCUSDT,29040.673079999997,28332.864224665715,0.2680564261993298,3.0,-189.73271219314614,6.232617326059153,6.07584506244379,11.409323477297502,5.581131552730507,3.8109824095402187,-211.43328854391982,-7.311905478751552,STOP_LOSS,16
2023-05-06 20:00:00,2023-05-08 00:00:00,BTCUSDT,28857.24141,28415.874955000003,0.2477973037308638,3.0,-109.36941750624858,5.725177433553747,5.633101757601906,3.5224498234122006,0.8874708877564156,1.304795934458751,-122.91996351961942,-4.588447475582828,SIGNAL_EXIT,7
2023-05-28 20:00:00,2023-05-31 08:00:00,ETHUSDT,1849.6943849999998,1868.36535,3.6667039630237186,3.0,68.46090135897806,5.430169521106661,5.480594106576958,3.427084859039824,4.493159091619729,2.971359247321078,50.085619392353635,3.0282243085254734,SIGNAL_EXIT,15
2023-06-07 00:00:00,2023-06-07 04:00:00,ETHUSDT,1885.592325,1876.531265,3.676520259782421,3.0,-33.313170665104096,5.550375007648311,5.519284171110108,3.4512782460666727,0.69025932573363,0.41996156406335383,-45.4930507336595,-1.441625511495439,SIGNAL_EXIT,1
2023-06-20 00:00:00,2023-06-28 16:00:00,BTCUSDT,26857.772175,29815.5524855,0.25303842669420973,3.0,748.4320762760317,5.441191685887528,6.035584393559644,11.333721319903376,16.712990960626016,11.982335433759369,708.2599738021993,33.038261229125965,STOP_LOSS,53
2023-06-28 20:00:00,2023-06-29 12:00:00,BTCUSDT,30115.039995,30655.614525,0.2961685760544842,3.0,160.10118880142255,7.141015623012803,7.263383761555532,4.5418857938691,1.432320889422947,1.0964150324479511,143.1680534949833,5.385095255623967,SIGNAL_EXIT,4
2023-06-29 12:00:00,2023-06-29 12:00:00,SOLUSDT,18.069029999999998,17.409610240970803,517.3652968808815,3.0,-341.1608993992587,7.484618951400764,7.205702536720236,13.530988739458317,0.0,0.0,-355.8512208873797,-10.948342423957373,STOP_LOSS,1
2023-06-29 16:00:00,2023-06-30 12:00:00,SOLUSDT,17.678835,17.687621380995,468.4465605662106,3.0,4.115949956932776,6.630576021271052,6.628564320419582,12.447228944202212,2.1434786565510593,1.5835054166892486,-12.870174457998166,0.1491000000000256,STOP_LOSS,6
2023-06-30 16:00:00,2023-07-01 00:00:00,SOLUSDT,18.28914,18.298229702580002,450.7051624960084,3.0,4.0967758783604244,6.599687602571855,6.5976852731924875,12.389243752864305,0.8608468603673762,0.5237489453904487,-10.485192803161743,0.1491000000000414,STOP_LOSS,3
2023-07-01 04:00:00,2023-07-05 08:00:00,SOLUSDT,18.319155,18.328259620035,448.2509920171258,3.0,4.081154962627753,6.574523139844268,6.572528445302495,12.342003840703553,9.644318802913222,6.257582484954261,-24.967797910386494,0.14910000000000018,STOP_LOSS,26
2023-07-05 12:00:00,2023-07-06 20:00:00,SOLUSDT,18.709349999999997,19.920075,434.9021174252082,3.0,526.5468661196368,6.514600424859341,6.930626237415163,13.014445863948767,2.0782235192693705,2.086895125185256,508.9365208129076,19.41368887748645,STOP_LOSS,9
2023-07-07 00:00:00,2023-07-08 12:00:00,SOLUSDT,19.619805,21.3429375,492.4780875976132,3.0,848.6049982772952,7.736048074810319,8.408743234972308,15.79007868359776,-1.0047743306529024,3.159590194671431,830.305391103494,26.347853610165885,STOP_LOSS,10
2023-07-08 16:00:00,2023-07-13 00:00:00,SOLUSDT,21.530759999999997,21.54146078772,564.3668633067259,3.0,6.039170000448186,9.728781013458702,9.725829324648295,18.26332497117076,1.5892306182658509,9.664412341398497,-24.669083297323162,0.1491000000000162,STOP_LOSS,27
2023-07-13 04:00:00,2023-07-13 16:00:00,SOLUSDT,21.660825,24.06,557.564148259259,3.0,1337.6939653999075,9.669575213545128,10.731994725694216,39.02949037814829,-0.07959323002306126,0.7602106662097494,1316.6117780244813,33.228305016083176,STOP_LOSS,4
2023-07-13 20:00:00,2023-07-13 20:00:00,BTCUSDT,31621.803,31037.750006571427,0.5067381802209081,3.0,-295.9619510425692,12.829443480803885,12.582410365185186,23.627460625660543,0.0,0.0,-321.37380488855825,-5.5409837961665875,STOP_LOSS,1
2023-07-14 00:00:00,2023-07-14 04:00:00,SOLUSDT,26.023005,28.54,578.7427236012946,3.0,1456.6925415908395,12.058146349071345,13.213853865264758,1147.9361922631697,1.6517317331580947,1.0049322279462132,1428.7638774153988,29.01657591043,STOP_LOSS,2
2023-07-14 08:00:00,2023-07-14 16:00:00,SOLUSDT,28.724355,26.677492931785714,673.4176411943979,3.0,-1378.3930258271505,15.487179654868303,14.372075490482688,26.98812373024886,5.576707180385509,1.1492502751845985,-1414.9782384280716,-21.377629557366404,STOP_LOSS,3
2023-07-14 20:00:00,2023-07-15 12:00:00,SOLUSDT,26.083035,27.622504,578.9950679212953,3.0,891.3449582177288,12.091231882640933,12.794634863709003,24.025979338461287,3.247004340902624,1.9755140867914662,861.2365730436848,17.706555237916145,STOP_LOSS,5
2023-07-15 16:00:00,2023-07-18 20:00:00,SOLUSDT,27.573779999999996,25.287350000000004,641.3190854780981,3.0,-1466.331196609683,14.158199657945772,12.97380814093167,8.112686431296122,17.082058184193432,10.478829027058975,-1521.0240916198127,-24.876132325709342,SIGNAL_EXIT,19
2023-07-19 00:00:00,2023-07-20 12:00:00,SOLUSDT,25.55277,25.56546972669,513.6104444150171,3.0,6.522712269201165,10.507741838058221,10.504553814403135,19.725626842269186,6.460710145985278,4.165443592091978,-25.11573712133745,0.1491000000000231,STOP_LOSS,10
2023-07-20 16:00:00,2023-07-22 20:00:00,SOLUSDT,25.702845,24.376225732500004,507.68242278781963,3.0,-673.5012838414008,10.447464068967012,9.900305070638717,18.590958445113852,6.467100916755159,5.519062760893003,-705.8352166586548,-15.484113927855025,STOP_LOSS,14
2023-07-23 00:00:00,2023-07-24 04:00:00,SOLUSDT,24.532259999999997,24.327830000000002,445.6609776956469,3.0,-91.10647367031888,8.753459548986237,8.673571602410792,5.4236940985549404,3.3428014721243287,2.6743047976345977,-114.55061109147482,-2.4999327416226027,SIGNAL_EXIT,7
2023-07-24 08:00:00,2023-07-24 08:00:00,SOLUSDT,24.582285,23.7890478225,430.78558664810885,3.0,-341.71514286042753,8.478538082366699,8.198383137612463,15.395060974484974,0.0,0.0,-358.39206408040667,-9.680595325048099,STOP_LOSS,1
2023-08-02 00:00:00,2023-08-02 12:00:00,BNBUSDT,247.9239,243.2727284357143,38.38023689361365,3.0,-178.5130664701249,7.618397128573724,7.469491957694765,14.026336926066705,1.8871562480589832,1.1481671598199,-196.63627896427226,-5.628144238154173,STOP_LOSS,4
2023-08-08 20:00:00,2023-08-09 08:00:00,BNBUSDT,246.5232,244.77755000000002,36.20730667038753,3.0,-63.2052848891614,7.14647005905947,7.090188655100894,4.433584701788461,0.8845445019575675,0.5381668579861997,-78.86465496326552,-2.124323390252905,SIGNAL_EXIT,3
2023-08-09 08:00:00,2023-08-09 16:00:00,BTCUSDT,29832.919004999996,29390.735245063926,0.2912734222417534,3.0,-128.79637701630494,6.957194887147633,6.848592029624871,12.860400656531482,0.8293894906662744,0.52966298586701,-143.96121640961076,-4.446602357569768,STOP_LOSS,3
2023-08-10 16:00:00,2023-08-10 20:00:00,SOLUSDT,24.572279999999996,24.5877,336.0696798074067,3.0,5.182194462632223,6.611687967764566,6.61054437296046,4.133657061631021,0.8267314123262206,0.5029927217742615,-9.369762012193284,0.1882609184008076,SIGNAL_EXIT,1
2023-08-14 16:00:00,2023-08-14 16:00:00,BTCUSDT,29614.8,29403.88363071429,0.27789860046767806,3.0,-58.61336384022304,6.589200538935303,6.537038487431976,12.275360204240572,0.0,0.0,-71.73960286659032,-2.1365976061196865,STOP_LOSS,1
2023-09-18 12:00:00,2023-09-18 16:00:00,BTCUSDT,27210.57849,26913.546809050713,0.2945495937369651,3.0,-87.4905609506203,6.417025492055486,6.341899422901346,11.90892480514758,0.0,0.0,-100.24948586557714,-3.274811092955418,STOP_LOSS,2
2023-09-18 20:00:00,2023-09-21 12:00:00,BTCUSDT,26828.18739,26480.13649813034,0.2875467085645195,3.0,-100.0808883700656,6.1764267259781,6.091420873901265,11.438571996559547,-0.07483292686832865,3.7815660617261164,-116.05546910480275,-3.891998592488486,STOP_LOSS,17
2023-09-27 12:00:00,2023-09-27 12:00:00,BTCUSDT,26780.073344999997,26454.166163696722,0.2750727756290277,3.0,-89.64819295852466,5.897893600126573,5.821456730879652,10.931628813619588,0.0,0.0,-101.36754328953089,-3.650929298490409,STOP_LOSS,1
2023-09-28 16:00:00,2023-09-29 04:00:00,ETHUSDT,1653.3962849999998,1650.784195,4.271577130580883,3.0,-11.15774390701839,5.654611496231698,5.641161611909098,3.527489752319114,0.1308745894766193,0.8602070774083062,-23.44459868204411,-0.4739498976193454,SIGNAL_EXIT,3
2023-09-29 04:00:00,2023-09-29 08:00:00,SOLUSDT,20.210099999999997,20.259865,345.9820698454781,3.0,17.2177977058617,5.598344459394793,5.607640021991966,3.506528277883308,0.0,0.0,6.011813224474939,0.7387148010153975,SIGNAL_EXIT,1
2023-09-29 08:00:00,2023-09-30 16:00:00,ETHUSDT,1687.033095,1682.4783400000001,4.1554331458481455,3.0,-18.9269798982171,5.612772811133533,5.593141008966053,3.497461861533801,0.2028650801557926,1.6889065765135365,-32.024665374986014,-0.809958325091403,SIGNAL_EXIT,8
2023-09-30 16:00:00,2023-10-01 12:00:00,SOLUSDT,21.45072,22.97,322.3367842281156,3.0,489.71982954209096,5.535913614233566,5.923260746975853,21.757732935397485,-5.140137179658996,1.286307380182347,482.1144849803582,21.247958110496967,STOP_LOSS,6
2023-10-01 16:00:00,2023-10-02 16:00:00,SOLUSDT,23.101544999999998,23.113026467864998,361.860753657595,3.0,4.154692614724333,6.692988378186425,6.690957741575656,12.564392353984918,0.7843275385250803,1.5552114161303527,-11.568792459693181,0.14909999999999907,STOP_LOSS,7
2023-10-02 20:00:00,2023-10-05 00:00:00,SOLUSDT,23.841914999999997,23.118435,349.169262287768,3.0,-252.61697787995266,6.665223276283162,6.457797515358173,4.038142518357123,-4.078366677705883,2.9894348521794636,-264.6510668460675,-9.103463375320251,SIGNAL_EXIT,13
2023-10-05 00:00:00,2023-10-05 04:00:00,BTCUSDT,27792.459284999997,27637.904135,0.270992421248766,3.0,-41.88327431496527,6.030060715852599,5.991730047827946,3.7467046322082678,-0.2852740906963605,0.4559074767308321,-54.07569846468028,-1.6683138589690643,SIGNAL_EXIT,1
2023-10-05 04:00:00,2023-10-06 16:00:00,SOLUSDT,23.251619999999996,23.498245000000004,316.94344395711676,3.0,78.1661768659267,5.900279039537368,5.95809175779848,3.7256701837150503,-2.7064002572472,1.781574555461131,67.23263177037691,3.18203634843519,SIGNAL_EXIT,9
2023-10-06 16:00:00,2023-10-07 04:00:00,BTCUSDT,27955.090559999997,27886.459795000002,0.2708267047508736,3.0,-18.58704392948008,6.061637355786271,6.041918410758059,3.778088050748448,-0.07789385193620663,0.9203085649286455,-31.53301440901685,-0.7365109211793707,SIGNAL_EXIT,3
2023-10-07 04:00:00,2023-10-07 12:00:00,SOLUSDT,23.681835,23.46826,315.7044922145849,3.0,-67.42658692472956,5.985958121204631,5.927228085167884,3.7063707385991127,-0.26863775113367194,0.4509995575145458,-79.52213493748296,-2.7055547004697744,SIGNAL_EXIT,2
2023-10-07 12:00:00,2023-10-08 12:00:00,BTCUSDT,27956.09106,27797.724185000003,0.2589090916237696,3.0,-41.00262374954406,5.795104997354673,5.7576668143571545,3.6003419299377386,0.19570683427869132,1.3191305786037497,-54.070232974138314,-1.6994529885466336,SIGNAL_EXIT,6
2023-10-08 12:00:00,2023-10-08 20:00:00,SOLUSDT,23.231609999999996,23.318335,304.585227254276,3.0,26.415153833628555,5.665336438216741,5.681936292133071,3.5529866759202613,-0.16514282069681407,0.43233543854846807,14.80068848542709,1.1199180771372046,SIGNAL_EXIT,2
2023-10-08 20:00:00,2023-10-09 08:00:00,BTCUSDT,27908.937495,27530.98112840036,0.25512872915395896,3.0,-96.42752748621379,5.700858090581765,5.619155382120328,10.551743957410908,0.2843755287879444,0.4334100230088962,-108.46532651071271,-4.062745491482989,STOP_LOSS,4
2023-10-09 12:00:00,2023-10-09 16:00:00,BTCUSDT,27482.644454999998,27429.59834,0.24725553989226223,3.0,-13.11594580351138,5.440541306956055,5.42569611726768,3.3927564515178728,0.0,0.0,-23.982183227735117,-0.5790503357876087,SIGNAL_EXIT,1
2023-10-09 16:00:00,2023-10-09 16:00:00,SOLUSDT,22.221104999999998,21.58439405678571,302.56583099466263,3.0,-192.64697563702592,5.382984067209489,5.2245600994461014,9.810766335965031,0.0,0.0,-203.25451980368152,-8.596029898796026,STOP_LOSS,1
2023-10-09 20:00:00,2023-10-10 16:00:00,BTCUSDT,27630.46833,27278.345414826428,0.22128004774869248,3.0,-77.9177754830167,4.895173219680653,4.828922860718495,9.067832112015001,0.5034992917721762,0.7423618621108662,-88.88773271729889,-3.8232024622389544,STOP_LOSS,6
2023-10-10 20:00:00,2023-10-11 00:00:00,BTCUSDT,27411.008655,27376.42494,0.2133311312030506,3.0,-7.377783042154052,4.681842661159137,4.672194960596486,2.9215826416932646,0.0,0.0,-16.731820663909673,-0.37850174105532924,SIGNAL_EXIT,1
2023-10-11 00:00:00,2023-10-11 04:00:00,SOLUSDT,22.121055,21.96901,262.07909967068144,3.0,-39.847816709428116,4.641686291565754,4.606094689164959,2.880249305380687,-0.5038132084972077,0.350475236794377,-48.94225971845599,-2.061994782798527,SIGNAL_EXIT,1
2023-10-11 12:00:00,2023-10-11 16:00:00,SOLUSDT,22.15107,21.979005,255.10085338692807,3.0,-43.89392833802175,4.5242248682414585,4.485490345676447,2.8048338829886736,0.0,0.0,-52.90364355193966,-2.330338895592853,SIGNAL_EXIT,1
2023-10-16 00:00:00,2023-10-16 08:00:00,SOLUSDT,21.940965,22.808590000000002,250.31592268262983,3.0,217.18035241751767,4.3972561237168035,4.567482600751844,2.856104677808286,-0.5993293861200468,0.3367243167092825,208.4782187624598,11.863083506126607,SIGNAL_EXIT,2
2023-10-16 08:00:00,2023-10-19 16:00:00,BTCUSDT,27862.974524999998,28665.749955000003,0.21954250439399697,3.0,176.24332836816893,4.897603848746708,5.034680428362246,3.1482493924219974,0.25463059149871364,3.783282661387233,162.27313083817404,8.643464422074354,SIGNAL_EXIT,20
2023-10-19 16:00:00,2023-10-22 04:00:00,SOLUSDT,24.782384999999998,28.751308249999997,266.4609215007009,3.0,1057.5629465605566,5.287059362758325,6.128880072516563,11.508913506227447,-3.131109251616153,3.569024069868693,1045.7090923070293,48.045294066733284,STOP_LOSS,16
2023-10-22 08:00:00,2023-10-23 04:00:00,SOLUSDT,28.824405,30.64467,337.8440845243709,3.0,614.9657625167549,7.796761184295196,8.282496385361164,5.179149815758178,0.12697126659862537,1.8024517619251401,596.9570819185749,18.9450398022093,SIGNAL_EXIT,5
2023-10-23 04:00:00,2023-10-23 04:00:00,BNBUSDT,222.31109999999998,218.92864227857143,51.85343092604831,3.0,-175.39203781837415,9.229458180899774,9.081760984100356,17.053882669191534,0.0,0.0,-193.70325698337427,-4.564492355211078,STOP_LOSS,1
2023-10-23 08:00:00,2023-10-23 16:00:00,SOLUSDT,30.11505,28.965510000000002,363.5042407304805,3.0,-417.8626648893159,8.764570364139677,8.423268575936913,5.267176448184139,0.025595315051283103,0.6570666053450498,-435.73316574978884,-11.451483560545292,SIGNAL_EXIT,2
2023-10-23 16:00:00,2023-10-23 20:00:00,BTCUSDT,30898.771665,31338.74279,0.31201222986088206,3.0,137.2763717856509,7.718810766340185,7.822456815155633,4.891481250096699,0.9381861037686657,0.5952064795920381,120.20171162079436,4.271734130114651,SIGNAL_EXIT,1
2023-10-23 20:00:00,2023-10-24 04:00:00,BNBUSDT,222.31109999999998,230.4847,44.98700828664598,3.0,367.7058109317306,8.007294874230091,8.295053687076091,5.18700205544986,1.0374004110900563,0.6311661182386836,349.7348958410957,11.029948572068632,SIGNAL_EXIT,2
2023-10-24 04:00:00,2023-10-24 12:00:00,BTCUSDT,34078.620794999995,34525.62855,0.3242348535216492,3.0,144.9354939654682,8.84665862424872,8.955529692521697,5.600006060856549,1.1200015364061513,0.6814215751197209,125.33188253717191,3.9350866722774547,SIGNAL_EXIT,2
2023-10-24 12:00:00,2023-10-24 12:00:00,ETHUSDT,1846.6128449999999,1787.135971089643,6.187096284809,3.0,-367.98914560282293,9.147455142337932,8.845745861741804,16.610689525052535,0.0,0.0,-385.9823466069027,-9.662589655119122,STOP_LOSS,1
2023-10-24 16:00:00,2023-10-26 08:00:00,BTCUSDT,33685.724445,34630.026325,0.3048220265340126,3.0,287.84401272147767,8.221097510481366,8.444795842650164,5.2806377205165,5.228518335953745,3.1810895648056854,262.76851146758673,8.409810644343995,SIGNAL_EXIT,10
2023-10-26 08:00:00,2023-10-26 12:00:00,ETHUSDT,1850.274675,1779.6929110232145,5.975234828616169,3.0,-421.7426143792542,8.851741938003574,8.507266452949766,15.975087230124812,1.0829037584597654,0.6588508683305287,-440.8433773969978,-11.443992332130698,STOP_LOSS,2
2023-10-26 16:00:00,2023-10-27 00:00:00,BTCUSDT,34061.46222,34134.58417,0.2857878945304193,3.0,20.89736813445878,7.7937178322507785,7.8042007524925445,4.880065503059824,0.9729368797151485,0.5919457782128821,3.7345668917874275,0.6440294564664815,SIGNAL_EXIT,2
2023-10-27 00:00:00,2023-10-28 00:00:00,SOLUSDT,32.79639,31.714135000000002,297.1530802687748,3.0,-321.59540688628283,7.802680792791068,7.539162322647809,4.714333618463523,2.8794133478044275,1.7518675779477846,-341.56853092747394,-9.899763358101303,SIGNAL_EXIT,6
2023-10-28 00:00:00,2023-10-28 04:00:00,BTCUSDT,33908.956005,34042.960005,0.25720822783815006,3.0,34.46693136322367,6.98291631856513,7.004903530600856,4.380254834041821,0.8760512240167391,0.5329994518316155,19.070060838209333,1.1855628935928442,SIGNAL_EXIT,1
2023-10-28 04:00:00,2023-10-28 12:00:00,SOLUSDT,32.35617,32.1839,271.3184810271569,3.0,-46.740034726547634,7.028684464576832,6.985669489223932,4.368227544537649,0.8736455089074454,0.5315357876081499,-62.15956997686399,-1.5972533213912292,SIGNAL_EXIT,2
2023-10-28 12:00:00,2023-10-29 08:00:00,BTCUSDT,34192.937925,34059.5617,0.2512945037990273,3.0,-33.51671227996241,6.8795014966323595,6.847184525611083,4.281631144079007,1.7108868624478948,1.0409228762326532,-49.9952080408864,-1.1702085263268582,SIGNAL_EXIT,5
2023-10-29 08:00:00,2023-11-01 20:00:00,SOLUSDT,32.306145,42.0,261.33206960070464,3.0,2533.3151895591386,6.759512997334233,8.780757538583675,667.7034378298002,2.3030529419796757,6.296455267021068,2509.17541081422,90.0186791088816,STOP_LOSS,22
2023-11-02 00:00:00,2023-11-02 12:00:00,SOLUSDT,41.18057999999999,41.20104674825999,387.66175573843697,3.0,7.934175564727705,12.781533983288359,12.77765609655351,23.994096325525778,-5.066677548048384,2.053377896697137,-14.611714863762916,0.14909999999999074,STOP_LOSS,4
2023-11-02 16:00:00,2023-11-03 00:00:00,SOLUSDT,40.050015,40.069919857455,397.51135845146484,3.0,7.912406926718331,12.746465867615328,12.74259862046261,23.92826481058356,1.6464920467059674,1.0017443435734839,-20.22489395163906,0.14909999999997198,STOP_LOSS,3
2023-11-03 04:00:00,2023-11-05 04:00:00,SOLUSDT,38.959469999999996,42.498740000000005,407.08227618450945,3.0,1440.7740876315524,12.697926122131392,13.84038705133893,8.65456919168188,9.968223696930083,6.064779798877531,1398.2027709622746,27.25347649749863,SIGNAL_EXIT,12
2023-11-05 04:00:00,2023-11-07 12:00:00,BNBUSDT,242.9214,243.04213193580003,82.54094679504823,3.0,9.96532828933291,16.053612772440857,16.04874214485437,30.13659641622438,14.26967888192794,8.681833679779716,-45.08853918966997,0.1491000000000289,STOP_LOSS,15
2023-11-07 16:00:00,2023-11-09 16:00:00,SOLUSDT,41.230605,46.3768,483.03450671421575,3.0,2485.7897632801664,15.945400278385652,17.921275768787073,11.206400555767713,16.531309438749688,7.783802232767642,2427.6079755614765,37.44447844022667,SIGNAL_EXIT,12
2023-11-09 16:00:00,2023-11-09 16:00:00,ETHUSDT,2036.0275049999998,1984.6089765996428,13.355812997843932,3.0,-686.7362499394952,21.771659419733187,21.204853092245806,39.818827789643855,0.0,0.0,-729.7127624514742,-7.5763016374904515,STOP_LOSS,1
2023-11-09 20:00:00,2023-11-10 16:00:00,ETHUSDT,2019.5592749999998,2088.89503,12.381620063378538,3.0,858.4889752175023,20.020348789849653,20.69112369099177,12.938421517627694,17.986290886104136,3.177514112071456,796.6136977384854,10.299636538273969,SIGNAL_EXIT,5
2023-11-10 16:00:00,2023-11-11 00:00:00,SOLUSDT,50.90544,54.581005499999996,538.1221507733378,3.0,1977.9032121682774,21.93222166442202,23.496998456825104,44.12305669158467,3.356989960487431,1.7715591803693242,1927.3454429061733,21.661135823597622,STOP_LOSS,3
2023-11-11 04:00:00,2023-11-11 16:00:00,SOLUSDT,55.84791,60.66137125,593.9480198725188,3.0,2858.945778170601,26.557850727396833,28.823761069351395,54.12574061595528,3.2815628097956666,1.996539849293888,2798.2860637147633,25.856623372298102,STOP_LOSS,4
2023-11-11 20:00:00,2023-11-12 00:00:00,SOLUSDT,60.560265,54.66778299535715,686.2403568265432,3.0,-4043.658953460095,33.27373728031226,30.01219112771994,56.3573944561548,0.0,0.0,-4106.944881868127,-29.189842570749235,STOP_LOSS,2
2023-11-12 04:00:00,2023-11-12 16:00:00,SOLUSDT,57.39868499999999,57.427212146444994,509.55731625597554,3.0,14.536216182955668,23.417069563828758,23.409964881124058,43.959623587487556,5.265475215209107,1.8591924712675247,-39.41548594847378,0.14910000000000284,STOP_LOSS,4
2023-11-12 20:00:00,2023-11-13 12:00:00,SOLUSDT,56.04801,56.075865860970005,519.7288543258355,3.0,14.47749470820151,23.32247239755242,23.31539641540094,43.78204134088586,24.80560347923516,3.605730094077117,-60.57170767806413,0.14910000000003762,STOP_LOSS,5
2023-11-13 16:00:00,2023-11-15 16:00:00,SOLUSDT,55.657815,60.632914,520.1102176506067,3.0,2587.599823723316,23.177100299125065,25.22863847786442,47.374759284921666,28.903295390142684,10.62133969454262,2499.669449861641,26.81617487139946,STOP_LOSS,13
2023-11-15 20:00:00,2023-11-16 16:00:00,SOLUSDT,65.37267,59.485807245000004,557.4379540641751,3.0,-3281.560730003791,29.17630697879301,26.52771734920695,49.814191316736036,16.906559567156798,4.405917688796226,-3358.577231587744,-27.015246990829635,STOP_LOSS,6
2023-11-16 20:00:00,2023-11-16 20:00:00,SOLUSDT,62.37117,56.818314495,422.8481894295883,3.0,-2348.0148964533705,21.11572162298243,19.220417128521348,36.09242074709624,0.0,0.0,-2388.3510352048743,-26.708760658169457,STOP_LOSS,1
2023-11-17 00:00:00,2023-11-20 12:00:00,SOLUSDT,57.838905,57.867650935785,332.202264962916,3.0,9.549464976256852,15.383679138490733,15.379011767160945,28.87896551169337,21.483188272886814,13.070614205117842,-55.76702840739948,0.1491000000000205,STOP_LOSS,22
2023-11-20 16:00:00,2023-11-20 20:00:00,SOLUSDT,59.03950499999999,57.511230000000005,322.61530647353686,3.0,-493.04490750084017,15.24983827031298,14.843202473696056,9.281642367241853,1.8563284734487313,1.1294111938238534,-526.1236879121218,-7.7656901086822465,SIGNAL_EXIT,1
2023-11-20 20:00:00,2023-11-20 20:00:00,BNBUSDT,257.52869999999996,250.5737033785714,67.83686491150515,3.0,-471.8051662678241,13.987141419323883,13.598507573174167,25.535504957137157,0.0,0.0,-499.3908152603222,-8.102005665498911,STOP_LOSS,1
2023-11-21 00:00:00,2023-11-21 04:00:00,BTCUSDT,37467.514395,37446.127570000004,0.42631506206995046,3.0,-9.117525627351666,12.78860346269911,12.77107855942707,7.985917058169461,1.5971834116342005,0.9717444134971179,-37.24613547460916,-0.17124294481766994,SIGNAL_EXIT,1
2023-11-21 04:00:00,2023-11-21 12:00:00,BNBUSDT,262.83135,253.8892297607143,60.34788737801826,3.0,-539.6380651211102,12.699212737560048,12.25734291527311,23.017043531432645,1.5611998464693324,0.9498516063392394,-567.105672226752,-10.206682238575063,STOP_LOSS,3
2023-11-21 16:00:00,2023-11-21 16:00:00,BNBUSDT,264.5322,252.43155527142858,53.533599108711854,3.0,-647.7910638562893,11.33815912421584,10.810855745831438,20.300805732031577,0.0,0.0,-669.9400787263365,-13.723068188188142,STOP_LOSS,1
2023-11-21 20:00:00,2023-11-21 20:00:00,BTCUSDT,36998.479994999994,36181.25230072178,0.3284769635887178,3.0,-268.440471577116,9.730302935272633,9.507766315662721,17.85384260577535,0.0,0.0,-287.6785408280513,-6.626442716473645,STOP_LOSS,1
2023-11-22 00:00:00,2023-11-22 12:00:00,SOLUSDT,51.675824999999996,54.502735,218.4929446635705,3.0,617.6598901988953,9.039874437285311,9.526770449894599,5.957210136252222,2.379388167386283,1.4476466148825204,595.2662105294465,16.41140707477823,SIGNAL_EXIT,3
2023-11-22 12:00:00,2023-11-23 00:00:00,ETHUSDT,2016.137565,2062.18839,6.48525844259661,3.0,298.6515016197878,10.468513342555983,10.69905973317777,6.690257461967093,1.346968722751988,0.8195109728508558,275.3174488484512,6.852333759278942,SIGNAL_EXIT,3
2023-11-23 00:00:00,2023-11-23 16:00:00,BTCUSDT,37427.054175,36932.86433,0.37140151839162316,3.0,-183.5428588067212,11.129275219792264,10.973537512571054,6.8618918913024896,2.7732436243831806,1.6872727199836826,-210.1061878834514,-3.9612242205006574,SIGNAL_EXIT,4
2023-11-23 16:00:00,2023-11-23 20:00:00,SOLUSDT,56.638304999999995,56.31183000000001,234.30521871586913,3.0,-76.49479628026053,10.625020368871981,10.555324515552675,6.600378011225051,1.3203099074639226,0.8032914487574249,-99.79874252090653,-1.7292625547321088,SIGNAL_EXIT,1
2023-11-23 20:00:00,2023-11-24 08:00:00,ETHUSDT,2063.221095,2078.9799900000003,6.287011005061692,3.0,99.07634629261415,10.385503386821805,10.45645606114644,6.5385543153723935,1.2976390714447332,0.7894982562596292,76.14724951694153,2.291401785032698,SIGNAL_EXIT,3
2023-11-24 08:00:00,2023-11-27 12:00:00,BTCUSDT,37541.751495,36822.38922204322,0.3516019418286979,3.0,-252.92917204990954,10.568256785662467,10.35745884259401,19.44940944402842,13.217174075865131,8.041477877170967,-295.11353963120206,-5.748497960085225,STOP_LOSS,20
2023-11-27 16:00:00,2023-11-27 20:00:00,SOLUSDT,53.966969999999996,54.09294,228.19736551623947,3.0,28.746022134081226,9.859984290547581,9.875093120822408,6.1750207108691555,1.2352323395394045,0.7515292962442188,7.024183086927612,0.7002616600487429,SIGNAL_EXIT,1
2023-11-27 20:00:00,2023-12-07 16:00:00,BTCUSDT,36895.4385,43638.160005,0.3343550469014023,3.0,2254.4629650473694,9.876842329956208,11.672511228130137,7.298969002082395,38.23424101934529,23.62163578131764,2171.05773468862,54.82565145553156,SIGNAL_EXIT,59
2023-12-07 16:00:00,2023-12-08 00:00:00,ETHUSDT,2322.550695,2354.56213,8.113553248239393,3.0,259.72648242505335,15.087380893208897,15.28309217443437,9.556710964503608,1.895017723765289,1.152950170364462,226.30804146328038,4.13486367409516,SIGNAL_EXIT,2
2023-12-08 00:00:00,2023-12-09 16:00:00,SOLUSDT,67.77386999999999,73.7801635,288.05378416059517,3.0,1730.1355714541894,15.630520192720764,17.002124233729937,31.92687324811312,37.532679616910784,6.448689355524076,1653.5215580553038,26.586766404220448,STOP_LOSS,11
2023-12-09 20:00:00,2023-12-11 00:00:00,SOLUSDT,74.127045,69.41241282535715,330.23191391394084,3.0,-1556.9220064325514,19.598971932053498,18.337755149361815,34.43494332003011,20.020618118570688,4.377776665766739,-1619.257128298304,-19.080615615971922,STOP_LOSS,8
2023-12-11 04:00:00,2023-12-11 16:00:00,SOLUSDT,70.91543999999999,69.22537000000001,276.74129604706434,3.0,-467.71216221025577,15.71275482413757,15.326014890510057,9.583551082107855,1.9277798682638503,1.1728830288319112,-501.85159482199913,-7.149655984648665,SIGNAL_EXIT,3
2023-12-11 16:00:00,2023-12-13 04:00:00,BNBUSDT,244.42215,244.54362780855,74.1376361950396,3.0,9.006077576052474,14.50831099656477,14.503909209828361,27.23568329336713,9.231618459006333,5.616620858776381,-34.85438194812337,0.14910000000003149,STOP_LOSS,10
2023-12-13 08:00:00,2023-12-15 08:00:00,BNBUSDT,248.02394999999999,248.97545,72.63976297201017,3.0,69.11673446786841,14.424660479889276,14.468414139079659,9.047282478163815,10.943180291733334,6.6579543945445785,22.62252516262156,1.1508969194305754,SIGNAL_EXIT,12
2023-12-15 08:00:00,2023-12-15 20:00:00,SOLUSDT,76.66831499999999,72.23444342035714,235.8759837203828,3.0,-1045.843820538106,14.478954540279567,13.63069632021686,25.595949524692912,9.11709918549641,2.239898002225407,-1085.3104685863243,-17.34955925264376,STOP_LOSS,4
2023-12-16 00:00:00,2023-12-17 00:00:00,SOLUSDT,72.546255,72.582310488735,204.4335377501542,3.0,7.370951117407285,11.874209415672388,11.870606809033776,22.290824002941886,4.569498435791447,2.780134419829004,-23.723497962919332,0.14910000000000814,STOP_LOSS,7
2023-12-17 04:00:00,2023-12-18 00:00:00,SOLUSDT,73.546755,69.2545029032143,200.68559112745578,3.0,-861.3931493115002,11.81727302056138,11.118704682695732,20.87888961447479,2.942452137110757,1.790221088819382,-889.0618002406875,-17.508258916871462,STOP_LOSS,6
2023-12-18 04:00:00,2023-12-19 12:00:00,SOLUSDT,69.97497,74.58269000000001,172.8435517768665,3.0,796.4146903933058,9.68352469998373,10.312909632538389,6.448792916793307,5.034068445501237,3.062784056887207,768.3214035583952,19.75443505013299,SIGNAL_EXIT,8
2023-12-19 12:00:00,2023-12-20 16:00:00,BNBUSDT,252.22605,258.17085000000003,57.08309109858528,3.0,339.34755996287225,11.52749606852388,11.789752119639358,7.372281215381229,4.346877387157269,2.64468926133228,309.03874512621945,7.070800181028142,SIGNAL_EXIT,7
2023-12-20 16:00:00,2023-12-21 12:00:00,SOLUSDT,80.72034000000001,86.96649500000001,189.84331745848291,3.0,1185.7907865598906,12.269189056826805,13.208006334829255,8.259133526030565,6.130019534220185,2.9044338342450446,1151.2791377997694,23.21405608549221,SIGNAL_EXIT,5
2023-12-21 12:00:00,2023-12-21 16:00:00,BNBUSDT,271.83585,271.56415,69.06848922040734,3.0,-18.765908521185352,15.032258987546253,15.005220453539268,9.382954260592676,0.0,0.0,-48.803387962270875,-0.29985007496252963,SIGNAL_EXIT,1
2023-12-21 16:00:00,2023-12-22 04:00:00,SOLUSDT,87.54374999999999,94.3832125,212.7964410901928,3.0,1455.413278969835,14.9151308564368,16.06752937492752,30.171875391074092,8.457873399586118,2.468432243258417,1413.5043130956262,23.437866780895305,STOP_LOSS,4
2023-12-22 08:00:00,2023-12-24 04:00:00,SOLUSDT,93.82688999999999,111.63779175,243.70539158470473,3.0,4340.612785460456,18.307541207866304,21.76538540326838,40.87140473823307,28.343940863809102,8.88734198262719,4263.308576002885,56.94817898152655,STOP_LOSS,12
2023-12-24 08:00:00,2023-12-25 20:00:00,SOLUSDT,114.55725,119.861937,311.1615611936501,3.0,1650.6146885636604,28.539481790273232,29.837141955691944,56.02868419320906,50.57321129403984,10.801132686800525,1530.863720836855,13.891797332774663,STOP_LOSS,10
2023-12-26 00:00:00,2023-12-26 12:00:00,SOLUSDT,120.97045499999999,114.75259500000001,332.5996405124857,3.0,-2068.058000756955,32.21355472028169,30.533337475899895,19.09288236361545,16.571332036955628,4.738602650775498,-2152.1148276408676,-15.419946961429485,SIGNAL_EXIT,3
2023-12-26 12:00:00,2023-12-28 20:00:00,BNBUSDT,290.24505,320.9029225,116.39664634520234,3.0,3568.473543078804,27.04847913394361,29.881619185099503,56.11220427847959,25.617737894115585,15.586120857321824,3470.3395860083233,31.688263934216966,STOP_LOSS,15
2023-12-29 00:00:00,2024-01-01 20:00:00,BNBUSDT,322.7613,311.74405,136.90067669610366,3.0,-1508.2689803301466,35.37729414036359,34.14237712078718,21.34966053075211,51.83196520391181,31.5351526071408,-1661.15576940235,-10.24030762052327,SIGNAL_EXIT,23
2024-01-01 20:00:00,2024-01-02 00:00:00,SOLUSDT,108.87440999999998,109.87503500000001,360.1099638285401,3.0,360.335032555943,31.390520293797948,31.653675903607667,19.793444161834163,0.0,0.0,297.2908363585374,2.7571906015381247,SIGNAL_EXIT,1
2024-01-02 00:00:00,2024-01-03 12:00:00,BTCUSDT,44201.639775,43681.038555,0.9071590796661114,3.0,-472.2681236082585,32.10401830105843,31.700520587530985,19.82273673557487,79.04890707839519,12.40957911382538,-627.5311486890685,-3.5333613593298243,SIGNAL_EXIT,9
2024-01-03 12:00:00,2024-01-03 12:00:00,BNBUSDT,323.26155,313.7045719607143,118.22263268462218,3.0,-1129.8511043134736,30.597943544204668,29.669584305918526,55.714041636048705,0.0,0.0,-1190.1186321635967,-8.869268280702448,STOP_LOSS,1
2024-01-03 16:00:00,2024-01-06 00:00:00,BNBUSDT,317.05844999999994,304.76133553928565,109.28373577470663,3.0,-1343.8746075160236,27.741658827012035,26.644365813937604,50.03323575476401,24.269732040846847,14.76597888255949,-1437.2963430803795,-11.635502344171195,STOP_LOSS,15
2024-01-06 04:00:00,2024-01-06 08:00:00,BTCUSDT,43953.06555,43631.3734,0.6903020751170401,3.0,-222.06475869386392,24.292147603619124,24.09506207858114,15.066947272749813,0.0,0.0,-270.4519683760642,-2.1956977014542,SIGNAL_EXIT,1
2024-01-06 08:00:00,2024-01-06 16:00:00,BNBUSDT,303.85184999999996,306.8465,97.18613046626574,3.0,291.03844560080614,23.643062879516574,23.856979185693607,14.918071026572587,2.983614205314358,1.815264555670763,238.73952477461089,2.9566876094386485,SIGNAL_EXIT,2
2024-01-06 16:00:00,2024-01-10 12:00:00,BTCUSDT,43889.103585,45493.12206,0.6891421484014477,3.0,1105.396737937117,24.216037738975643,25.080982299134156,15.683455664788397,37.44372062166251,22.781182217149595,995.874815060195,10.964123283312244,SIGNAL_EXIT,23
2024-01-10 12:00:00,2024-01-12 16:00:00,ETHUSDT,2403.4111049999997,2577.5818190000005,13.826625587471032,3.0,2408.1932507805095,26.606137295120117,28.51140698590843,53.5391968939154,21.58098436244124,13.13011444973229,2318.3646076873074,21.740439698933756,STOP_LOSS,14
2024-01-12 20:00:00,2024-01-12 20:00:00,ETHUSDT,2585.73222,2454.7652548842857,15.539348939082526,3.0,-2035.1413704257313,32.17021235356966,30.51636308734622,57.30413699426197,0.0,0.0,-2097.827945866647,-15.194956860116882,STOP_LOSS,1
2024-01-16 16:00:00,2024-01-16 20:00:00,ETHUSDT,2560.71972,2572.77297,13.235398592970043,3.0,159.52956809071532,27.135425283489703,27.241340597735487,17.03435505110969,3.406871010222047,2.072778772665326,99.67315242660275,1.4120932375996154,SIGNAL_EXIT,1
2024-01-28 04:00:00,2024-01-28 20:00:00,SOLUSDT,96.698325,94.43276000000002,353.58344025910094,3.0,-801.0662668306032,27.374640849313554,26.71188812316962,16.703281717835672,4.23448416520025,4.149529837498089,-863.5368098057847,-7.028761873589789,SIGNAL_EXIT,4
2024-01-29 04:00:00,2024-01-29 08:00:00,SOLUSDT,97.89892499999999,96.67164000000001,322.80628699159683,3.0,-396.1753139304757,25.302152505779674,24.96497053263067,15.610912038909811,0.0,0.0,-446.442436968886,-3.7608737787467454,SIGNAL_EXIT,1
2024-01-29 12:00:00,2024-01-31 08:00:00,SOLUSDT,97.48871999999999,97.53717189384,310.4372755192691,3.0,15.041273917441572,24.23069065705435,24.223339123662655,45.48699134388093,12.273560565311016,9.72944277059798,-55.415759199184436,0.1491000000000309,STOP_LOSS,12
2024-01-31 12:00:00,2024-02-01 00:00:00,SOLUSDT,99.199575,94.67948528035714,303.40874293952777,3.0,-1371.4347398107209,24.097692834976307,22.981266888859746,43.15460732760395,3.064124894946291,1.8642481678888376,-1423.4420725973919,-13.669684732952298,STOP_LOSS,4
2024-02-01 16:00:00,2024-02-02 08:00:00,BTCUSDT,42537.37806,43065.356550000004,0.6072567133223883,3.0,320.61848254231825,20.68143186074257,20.921381501287833,13.082404640623622,5.237965044311146,3.186837048786156,270.59086708719053,3.7236321142450874,SIGNAL_EXIT,4
2024-02-02 08:00:00,2024-02-02 20:00:00,SOLUSDT,101.26060499999998,99.420265,263.1055935054707,3.0,-484.20374795185364,21.33084994175183,20.926422263436944,13.08555669299414,5.299735969980697,3.224419177111991,-534.985175304135,-5.452288182556238,SIGNAL_EXIT,3
2024-02-02 20:00:00,2024-02-03 00:00:00,BTCUSDT,43083.51099,43178.390005,0.5811634066120561,3.0,55.14021157339557,20.046885521021906,20.074960181863805,12.55312667700155,0.0,0.0,15.018365870509857,0.6606635310340938,SIGNAL_EXIT,1
2024-02-03 00:00:00,2024-02-03 04:00:00,SOLUSDT,100.62028499999998,99.18038500000002,249.28948540833295,3.0,-358.95193003945013,20.082929599111125,19.77970171140028,12.368497818531608,2.473699563706888,1.505026732805164,-402.7932876464736,-4.293070726245606,SIGNAL_EXIT,1
2024-02-03 04:00:00,2024-02-04 20:00:00,BTCUSDT,43195.536974999995,42284.781305073215,0.5527461303249773,3.0,-503.41667222356034,19.11622570875959,18.698199390413734,35.11179154434065,10.610574393738183,7.22298090527684,-559.0646526217486,-6.3253456285580585,STOP_LOSS,11
2024-02-05 04:00:00,2024-02-12 20:00:00,BTCUSDT,42739.669154999996,49507.25399,0.5194311080656696,3.0,3515.2940897724725,17.77447054246739,20.572486237851393,12.864236016665126,48.46767922124863,33.25937587018302,3395.2200779007217,47.50330291834943,SIGNAL_EXIT,46
2024-02-12 20:00:00,2024-02-15 08:00:00,ETHUSDT,2611.555125,2770.93384,12.397910005080579,3.0,1975.9629652953897,25.922998729429114,27.48303070268188,17.185486932642718,24.474424972176614,14.248463784243363,1883.8340471068589,18.308483723850205,SIGNAL_EXIT,15
2024-02-15 08:00:00,2024-02-18 16:00:00,BNBUSDT,345.67275,352.52365000000003,110.00232547305069,3.0,753.6149315833256,30.444200442485577,31.022737027398247,19.398910097167725,39.08712631033911,23.781048785665284,629.2798190174375,5.945710212910932,SIGNAL_EXIT,20
2024-02-18 16:00:00,2024-02-21 12:00:00,ETHUSDT,2808.893745,2897.6604450000004,14.208844891052,3.0,1261.2722717905538,31.954472008127436,32.93792624795338,20.59650215604449,55.87207319786424,22.73103968990966,1117.7767606466991,9.480604258314576,SIGNAL_EXIT,17
2024-02-21 12:00:00,2024-02-25 04:00:00,BNBUSDT,364.3821,379.41020000000003,118.72642249952925,3.0,1784.2325499651818,34.63713623367951,36.03681256466472,22.534274990409592,49.45311676372892,30.087834368380204,1634.0176500347284,12.372808653334003,SIGNAL_EXIT,22
2024-02-25 04:00:00,2024-02-25 08:00:00,ETHUSDT,3026.6925899999997,3028.485,15.911729728591233,3.0,28.520343482831734,38.558778593762845,38.550747845674096,24.106270538813693,0.0,0.0,-48.58918295660521,0.17766026248478106,SIGNAL_EXIT,1
2024-02-25 08:00:00,2024-02-26 00:00:00,BNBUSDT,380.89034999999996,388.30575000000005,126.05796793953712,3.0,934.770255458855,38.442164554666995,39.159227027390344,24.486760272249295,9.743020342046822,5.927763536114883,841.498079998636,5.840578528702624,SIGNAL_EXIT,4
2024-02-26 00:00:00,2024-02-26 08:00:00,ETHUSDT,3114.1562999999996,3051.4558116214284,16.228067349536367,3.0,-1017.5077482562758,40.46175994666371,39.61538434010136,74.39043128461432,30.005967343280673,3.0684363957039547,-1130.6592962820255,-6.040206303572934,STOP_LOSS,3
2024-02-26 12:00:00,2024-02-27 04:00:00,BNBUSDT,389.89484999999996,398.8005,120.92356148548254,3.0,1076.902915343192,37.748177635586856,38.579501425752944,24.124250516353822,9.638817086007814,5.864365099099741,985.0720540967446,6.852347498306302,SIGNAL_EXIT,4
2024-02-27 04:00:00,2024-02-28 20:00:00,BTCUSDT,55695.4338,60708.8,0.8995409935420664,3.0,4509.7284125382175,40.11235056541904,43.68804341499728,82.03813861103384,104.82484104558685,15.908437678760247,4305.194739833454,27.004186113368622,STOP_LOSS,11
2024-02-29 00:00:00,2024-02-29 12:00:00,BTCUSDT,62463.326055,62904.55199,1.0086811187872977,3.0,445.05626975377373,50.44481794101935,50.760507102469546,31.741187532806713,91.3631161281704,7.6403149309638,244.8475136511506,2.119127956514013,SIGNAL_EXIT,3
2024-02-29 12:00:00,2024-03-01 16:00:00,SOLUSDT,129.23458499999998,129.298814588745,493.2080101874731,3.0,31.67854766008487,51.03245197378211,51.01696885033115,95.80051737042884,133.42055569389157,11.987929124337699,-215.7793579822577,0.14910000000001744,STOP_LOSS,8
2024-03-01 20:00:00,2024-03-02 00:00:00,SOLUSDT,130.98546,129.365285,481.67722059964706,3.0,-780.4013908850279,50.514581514624695,49.84984873670497,31.171741331109406,0.0,0.0,-880.7658211363577,-3.710736290882948,SIGNAL_EXIT,1
2024-03-02 00:00:00,2024-03-02 20:00:00,BTCUSDT,62419.093949999995,62083.702620000004,0.9684941715871846,3.0,-324.8245483058656,48.40074354389744,48.10216331041762,30.078891514766823,74.1122728516464,10.974560830884332,-506.41428884271136,-1.6119650676217063,SIGNAL_EXIT,5
2024-03-02 20:00:00,2024-03-03 08:00:00,SOLUSDT,130.695315,126.706615,450.93048066866805,3.0,-1798.6264082431137,47.185349250674925,45.7086998446799,28.582228517182035,44.84630837738501,3.5706807853997806,-1939.9374465012534,-9.155722223095744,SIGNAL_EXIT,3
2024-03-03 08:00:00,2024-03-05 04:00:00,BTCUSDT,61628.809004999996,65154.58131,0.8619239213295717,3.0,3038.947490840808,42.529499379071915,44.9266337722413,84.36398429939959,169.18293169832515,20.38721230267577,2761.921213688494,17.16294227613886,STOP_LOSS,12
2024-03-05 08:00:00,2024-03-05 16:00:00,ETHUSDT,3674.826495,3566.873504364643,16.707858136473313,3.0,-1803.6632529435744,49.15811029192431,47.675853201335904,89.52651452428665,63.41935706541857,3.7931120081127587,-1967.709685510366,-8.812905108491947,STOP_LOSS,3
2024-03-05 20:00:00,2024-03-06 00:00:00,BTCUSDT,61441.685489999996,63692.14799500001,0.9032967236935673,3.0,2032.8354075617276,44.43560704669943,46.02632688711145,28.78084472680391,0.0,0.0,1942.3734736279166,10.988285007413834,SIGNAL_EXIT,1
2024-03-06 00:00:00,2024-03-07 12:00:00,ETHUSDT,3555.4368299999996,3785.6862100000003,17.24753802639622,3.0,3971.2349371041646,49.09730338340643,52.23501349038304,32.66321503900245,102.08049213221155,19.76269577336209,3748.0594323248015,19.427940166778377,SIGNAL_EXIT,9
2024-03-07 12:00:00,2024-03-07 20:00:00,SOLUSDT,140.35013999999998,148.675625,516.9764339402259,3.0,4304.079546122849,58.09264602098595,61.48943554106744,38.45012227430606,40.30418717037126,4.678697668179092,4139.514579722247,17.79581766003229,SIGNAL_EXIT,2
2024-03-07 20:00:00,2024-03-11 00:00:00,BNBUSDT,468.43409999999994,509.85906250000005,181.38372886258034,3.0,7513.814166242578,68.02748101231933,73.98411036050354,138.92859982567356,80.40740700478187,48.92077390206517,7242.474393962909,26.529854999881593,STOP_LOSS,20
2024-03-11 04:00:00,2024-03-14 12:00:00,BNBUSDT,523.36155,600.9222625,203.82919805195866,3.0,15809.13782921353,85.40941955783032,97.98840228555487,184.00426067641857,114.02409168224622,69.37354425872458,15442.342371429175,44.459157823114836,STOP_LOSS,21
2024-03-14 16:00:00,2024-03-15 00:00:00,BNBUSDT,592.99635,602.8984,257.9549275814703,3.0,2554.282590658106,122.47104124926038,124.41649048878747,77.79920615857341,14.940749405518762,9.090120560054002,2283.3641889544856,5.009499636886482,SIGNAL_EXIT,2
2024-03-15 00:00:00,2024-03-15 04:00:00,SOLUSDT,176.738325,176.02,904.2234784851344,3.0,-649.5263301828278,127.95111530275115,127.3291333463627,969.1482162091044,100.34490676193478,9.683560221032982,-1014.8350458149094,-1.2193026045708981,STOP_LOSS,2
2024-03-15 08:00:00,2024-03-15 20:00:00,SOLUSDT,176.15803499999998,176.24558554339498,889.9331414533627,3.0,77.91413011945845,125.51551119279536,125.4774300879367,235.62361684014488,96.65917330768758,19.13034770938031,-288.8683321783415,0.14909999999999454,STOP_LOSS,4
2024-03-16 00:00:00,2024-03-16 16:00:00,SOLUSDT,184.04197499999998,184.133443861575,847.1054593239593,3.0,77.48377199833803,124.82222719556736,124.78435643140956,234.32215153618844,57.12263287301307,19.600225488228865,-248.8456699898808,0.14910000000001541,STOP_LOSS,5
2024-03-16 20:00:00,2024-03-17 04:00:00,SOLUSDT,180.17004,180.25958450988003,861.1699369490174,3.0,77.11303992751441,124.22499758759163,124.18730802146358,233.20100404630193,22.658603902439115,9.771583739660308,-203.72945332364026,0.14910000000004667,STOP_LOSS,3
2024-03-17 08:00:00,2024-03-18 00:00:00,SOLUSDT,181.940925,194.64758999999998,849.4313337014144,3.0,10793.43939784707,123.73604689961489,132.27180958037286,248.38221628762176,67.60038386968102,20.033375143114533,10449.797782354286,20.951852915994554,STOP_LOSS,5
2024-03-18 04:00:00,2024-03-19 00:00:00,SOLUSDT,204.03196499999999,189.13783205250002,910.987826882931,3.0,-13568.37380714846,148.8155615772652,137.8418100822846,258.84165638885224,107.2103956949174,22.526597154462216,-13984.76817165739,-21.89970519692829,STOP_LOSS,6
2024-03-19 04:00:00,2024-03-19 20:00:00,SOLUSDT,184.302105,168.5849191639286,781.0539946825028,3.0,-12275.970782430837,115.25211796528748,105.33913964497059,197.8075982316655,56.98966853412017,17.07448541056324,-12570.626193985778,-25.583841002908926,STOP_LOSS,5
2024-03-20 08:00:00,2024-03-21 04:00:00,SOLUSDT,173.43667499999998,185.617156,612.7203848871774,3.0,7463.22900643096,85.08261509972161,90.9851322127866,170.8534030034754,50.62978819350893,20.312363423367565,7216.219107501574,21.069040328408075,STOP_LOSS,6
2024-03-21 08:00:00,2024-03-22 04:00:00,SOLUSDT,188.65428,178.980465,677.9571852607797,3.0,-6558.432388133503,102.4015409577254,97.07287381445241,60.70089658231287,74.05600310661205,22.525358209501057,-6854.488164221794,-15.383401320129058,SIGNAL_EXIT,5
2024-03-22 04:00:00,2024-03-22 12:00:00,BNBUSDT,575.8878,542.8544379428571,186.4121985830013,3.0,-6157.821647660299,85.95076936359307,80.95575142997396,152.02006402724405,10.539745707882894,6.4125002405554135,-6341.680414402304,-17.208228090858785,STOP_LOSS,3
2024-03-22 16:00:00,2024-03-22 20:00:00,BNBUSDT,554.3770499999999,549.62505,159.35488261087903,3.0,-757.2544021668896,70.73073636902755,70.06834825819881,43.814624973859566,8.764518543598347,5.332431998538807,-912.1504373362532,-2.571535022959529,SIGNAL_EXIT,1
2024-03-22 20:00:00,2024-03-23 04:00:00,SOLUSDT,172.896405,171.804055,495.14290117227284,3.0,-540.8693480955233,68.54157531942055,68.05404658068859,42.55505664124161,12.974940464623149,5.17849659816039,-695.6184070584159,-1.8953835390619873,SIGNAL_EXIT,2
2024-03-23 04:00:00,2024-03-23 08:00:00,BNBUSDT,550.5751499999999,554.5226,151.70180099293978,3.0,598.835274329598,66.87209114248034,67.29766168903005,42.08207959543289,0.0,0.0,464.6655214980875,2.150905285136889,SIGNAL_EXIT,1
2024-03-23 08:00:00,2024-03-23 16:00:00,SOLUSDT,176.06798999999998,175.07242,482.29166019445455,3.0,-480.1551081397866,67.98728839407575,67.54877447684866,42.23910359983161,12.798826266264353,5.159996254936182,-633.6499935319115,-1.6963390108559537,SIGNAL_EXIT,2
2024-03-23 16:00:00,2024-03-24 00:00:00,BNBUSDT,562.4811,551.62405,147.5901927790807,3.0,-1602.3941025121119,66.46652840959916,65.13143990486181,40.72751369738232,8.251767678278403,5.020468585156834,-1747.264307090008,-5.790621231540024,SIGNAL_EXIT,2
2024-03-24 00:00:00,2024-03-24 04:00:00,SOLUSDT,172.736325,171.61415,450.27642273075065,3.0,-505.2889446778795,62.273094072583135,61.81904444158277,38.65623089143204,13.694356355599743,4.703777429941129,-647.7792169775863,-1.9489386497020798,SIGNAL_EXIT,1
2024-03-24 04:00:00,2024-03-24 08:00:00,BNBUSDT,550.8753,552.4236500000001,137.66693027595232,3.0,213.1565914927746,60.71842395183693,60.84037448586969,38.044256181756595,0.0,0.0,91.59779305506797,0.8432126109121397,SIGNAL_EXIT,1
2024-03-24 08:00:00,2024-03-24 20:00:00,SOLUSDT,173.62677,175.99196000000003,438.36491953577325,3.0,1036.8163240368335,60.93825865516909,61.71896110747444,38.59364751591989,31.65741315877341,9.359519428865397,873.1421716865513,4.086679721105289,SIGNAL_EXIT,3
2024-03-24 20:00:00,2024-03-25 00:00:00,BNBUSDT,564.0818999999999,567.5160999999999,139.5705411468686,3.0,479.31315240658074,63.03379986721683,63.36682334924832,39.624076631598356,0.0,0.0,352.9125291901156,1.8264369057046679,SIGNAL_EXIT,1
2024-03-25 00:00:00,2024-03-27 08:00:00,SOLUSDT,183.96193499999998,184.05336408169498,433.71530437345143,3.0,39.654191995930866,63.88078993727309,63.86140865892001,119.92002126737665,148.80521227783913,35.08802661059683,-271.9812454886982,0.1490999999999954,STOP_LOSS,15
2024-03-27 12:00:00,2024-03-27 12:00:00,SOLUSDT,188.63427,180.66358180928572,418.6504162270045,3.0,-3336.9319286581986,63.2280349481002,60.50790697721516,113.62275972185748,0.0,0.0,-3460.667870583514,-12.676415887814452,STOP_LOSS,1
2024-03-27 16:00:00,2024-03-28 04:00:00,SOLUSDT,181.200555,182.06892000000002,378.57564863041404,3.0,328.7418431229538,54.92243205869977,55.14148758755118,34.4806700772493,35.70918239387514,8.403579003897274,174.56516207893043,1.4376859938425872,SIGNAL_EXIT,3
2024-03-28 04:00:00,2024-03-28 16:00:00,BNBUSDT,582.0908999999999,584.9074,118.74673555481422,3.0,334.45018069015003,55.3413884476892,55.56467548148317,34.74529482333782,6.973995779134239,4.243057740746361,212.32706324109705,1.4515774082708388,SIGNAL_EXIT,3
2024-03-28 16:00:00,2024-03-29 00:00:00,BTCUSDT,71326.02519,70745.2097,0.9780142043540572,3.0,-568.0457993288555,55.85097339946782,55.35185598128515,34.61221609635052,20.377833464701258,4.212743413099196,-703.839205587409,-2.442932247182441,SIGNAL_EXIT,2
2024-03-29 00:00:00,2024-03-29 08:00:00,SOLUSDT,189.73481999999998,183.538185,356.53991910007085,3.0,-2209.3477415926627,54.161759306058045,52.35095170533907,32.73571267217189,30.229914894593698,4.085526100132776,-2350.1758935987864,-9.797835210216007,SIGNAL_EXIT,2
2024-03-29 08:00:00,2024-03-30 08:00:00,BNBUSDT,607.1034,598.9004000000001,99.82344047919148,3.0,-818.8516822507938,48.52133716142096,47.827438745891186,29.907102767559902,18.346550125670603,11.16224815616129,-944.7092564399379,-4.053510489316907,SIGNAL_EXIT,6
2024-03-30 08:00:00,2024-03-31 04:00:00,SOLUSDT,195.85787999999997,194.20285,294.9653577763142,3.0,-488.17651608051966,46.254034945965095,45.82649050514391,28.655884507968683,91.21346484079002,10.543289843704287,-682.013796216123,-2.53504735168167,SIGNAL_EXIT,5
2024-03-31 04:00:00,2024-03-31 08:00:00,BNBUSDT,608.9043,606.59655,91.51994014818575,3.0,-211.20514187698075,44.617201835046394,44.412543960076775,27.771725837966784,0.0,0.0,-300.2348876721039,-1.1370013317363936,SIGNAL_EXIT,1
2024-03-31 08:00:00,2024-04-01 12:00:00,SOLUSDT,196.84837499999998,189.9244888660714,278.52351330147917,3.0,-1928.465091721179,43.89663810463335,42.3187487207727,79.46685413264633,122.00918447033372,13.449451184857736,-2150.139114201777,-10.552110680002153,STOP_LOSS,8
2024-04-01 16:00:00,2024-04-02 04:00:00,SOLUSDT,188.17404,180.80742144,257.11115084714027,3.0,-1894.0397758134975,38.73630423054908,37.190083366513846,69.83616055303762,30.45794918001691,5.896134153307726,-2006.3202467438848,-11.74437009483345,STOP_LOSS,4
2024-04-02 08:00:00,2024-04-02 16:00:00,SOLUSDT,183.27159,177.34128500000003,231.17330084993714,3.0,-1370.928181896881,33.92113563836375,32.79725618433556,20.50853938489737,6.576889170648815,2.529843584995251,-1446.7533064752242,-9.70740473196087,SIGNAL_EXIT,2
2024-04-02 20:00:00,2024-04-03 00:00:00,SOLUSDT,185.76283499999997,181.43923500000002,204.72723029246512,3.0,-885.1586528924904,30.44892770282322,29.716441638346968,18.58206705749073,0.0,0.0,-945.3240222336606,-6.9824515759569605,SIGNAL_EXIT,1
2024-04-03 04:00:00,2024-04-04 04:00:00,SOLUSDT,188.564235,181.419245,186.65791745597238,3.0,-1333.6689536437493,28.180150049462434,27.090670766507866,16.94013929871705,12.490569383267477,6.301936971916842,-1407.7322808149038,-11.367463188340048,SIGNAL_EXIT,6
2024-04-04 04:00:00,2024-04-07 04:00:00,BNBUSDT,576.5881499999999,589.705,53.72498398867168,3.0,704.7025562318142,24.801592575506664,25.345513346431712,15.848870276655948,28.25343182980255,17.189706794312908,609.1123116857603,6.824724025285699,SIGNAL_EXIT,18
2024-04-07 04:00:00,2024-04-08 20:00:00,BTCUSDT,69442.74401999998,71730.117,0.47237569101344185,3.0,1080.4993920329825,26.263462123552483,27.10685086748003,16.950256920636104,16.630173262901863,10.11798510177313,1000.3809206772751,9.881693237847438,SIGNAL_EXIT,10
2024-04-08 20:00:00,2024-04-09 08:00:00,ETHUSDT,3704.6514,3609.1192312928574,9.664014822052962,3.0,-923.224294368692,28.66437633317795,27.90286539661646,52.396467319635065,8.86634915699276,2.170954158480063,-990.8288394139593,-7.7361261607887934,STOP_LOSS,4
2024-04-09 12:00:00,2024-04-09 12:00:00,ETHUSDT,3634.666425,3533.8826378625004,9.032932784502217,3.0,-910.3731749806124,26.286387118584443,25.537059468905085,47.953917380264,0.0,0.0,-962.1966215681019,-8.318544979337371,STOP_LOSS,1
2024-04-09 16:00:00,2024-04-10 00:00:00,ETHUSDT,3531.6949649999997,3504.6468000000004,8.479615939396236,3.0,-229.35805106541298,23.977115226821002,23.774447093787213,14.866462664946527,3.0297853370255665,1.8145049643592974,-281.953903687406,-2.297607687078313,SIGNAL_EXIT,2
2024-04-10 00:00:00,2024-04-10 04:00:00,BTCUSDT,69180.57299999999,69115.60491,0.4206705818497061,3.0,-27.330164221961905,23.30042585797123,23.259921385907283,14.544723227805305,3.4700800676899446,1.7698347527940927,-79.13042628632446,-0.2817326621448836,SIGNAL_EXIT,1
2024-04-10 04:00:00,2024-04-10 12:00:00,ETHUSDT,3514.766505,3421.999348797181,8.212503018253894,3.0,-761.8505503104817,23.11051283488406,22.48254398436777,42.21809711636176,5.417368381852788,1.759455540542265,-814.6204310521287,-7.918064207467376,STOP_LOSS,3
2024-04-10 16:00:00,2024-04-11 12:00:00,BNBUSDT,593.3965499999999,592.5036,44.52861130832041,3.0,-39.7618234677615,21.15542380035894,21.106690002544443,13.198280391783884,8.08283352468632,4.9176871395155946,-95.0244579348668,-0.4514434740140946,SIGNAL_EXIT,5
2024-04-11 12:00:00,2024-04-11 16:00:00,BTCUSDT,70018.15158,69965.0,0.373307184233194,3.0,-19.84186666734729,20.927365101315264,20.894749715900335,13.06575144816179,0.0,0.0,-61.66398148456288,-0.22773343254831402,SIGNAL_EXIT,1
2024-04-11 16:00:00,2024-04-12 16:00:00,BNBUSDT,603.00135,603.30104167095,43.04042612946826,3.0,12.898857225139645,20.779371545752312,20.77306713429582,39.00801289614959,7.922451237651223,4.820108746004242,-41.39614143856396,0.14909999999999146,STOP_LOSS,7
2024-04-13 04:00:00,2024-04-13 16:00:00,BNBUSDT,583.4916000000001,558.3635108142859,44.26686860113906,3.0,-1112.341822181714,20.680020806299755,19.773603331909346,37.13120305190433,2.6294519949076602,1.5997882697742245,-1157.024686584605,-12.919512047327263,STOP_LOSS,4
2024-04-22 08:00:00,2024-04-24 16:00:00,BNBUSDT,603.3014999999999,596.7015,37.06446741233427,3.0,-244.6254849214028,17.903161558496702,17.693138641312782,11.063743522581408,15.67975229411389,9.539738257883572,-305.44127567320976,-3.2819411189926977,SIGNAL_EXIT,14
2024-05-06 12:00:00,2024-05-06 16:00:00,SOLUSDT,154.066995,153.75308500000003,139.1956662658629,3.0,-43.69491159751207,17.170102496881,17.121410485605487,10.706234670836816,0.0,0.0,-77.98642457999856,-0.6112470746897435,SIGNAL_EXIT,1
2024-05-15 16:00:00,2024-05-16 04:00:00,BTCUSDT,64757.48256,65942.402305,0.327555752227243,3.0,388.1272784023877,16.982935077889007,17.279850552548606,10.805309249968989,1.0258796701812805,2.6302434447802954,350.20836965698845,5.489341299990149,SIGNAL_EXIT,3
2024-05-16 04:00:00,2024-05-16 16:00:00,SOLUSDT,163.191555,156.8883689175,136.41312824776477,3.0,-859.8373314415973,17.823435165065778,17.12130655178045,32.150675798285164,2.2334921488006527,1.3588818305882744,-898.3744471378325,-11.58733872442111,STOP_LOSS,4
2024-05-16 20:00:00,2024-05-19 12:00:00,SOLUSDT,159.169545,167.00611450000002,122.94125285353294,3.0,963.4376724037872,15.667336491934979,16.425552760664463,30.84417769278273,7.215245057687364,10.206078106688574,913.9234599868118,14.770230385467315,STOP_LOSS,17
2024-05-19 16:00:00,2024-05-20 20:00:00,SOLUSDT,168.36414,187.156375,132.49900033393843,3.0,2489.95235154045,17.860752795903327,19.838426074898965,12.405218906265377,9.089422810473156,5.6945649911563825,2437.469184868018,33.484983797618675,SIGNAL_EXIT,7
2024-05-20 20:00:00,2024-05-23 12:00:00,ETHUSDT,3440.57943,3723.384533,8.607456526775675,3.0,2434.232629622818,23.71067883958657,25.63909640021316,48.1455240364517,28.363765341526197,15.766838923806805,2340.752250117685,24.659082176748363,STOP_LOSS,17
2024-05-23 16:00:00,2024-05-23 20:00:00,ETHUSDT,3814.8664799999997,3648.5415176014285,9.60224348811191,3.0,-1597.0927871021383,29.32848423986902,28.02734722279541,52.63022137480218,3.640536982621821,2.2149437874343727,-1660.304099334859,-13.079747084509066,STOP_LOSS,2
2024-05-24 00:00:00,2024-05-28 16:00:00,ETHUSDT,3785.4918,3787.3731894246002,8.362017650501906,3.0,15.732211575976644,25.34375440146536,25.336065167204968,47.57648691888458,44.66549986769702,27.174994215649566,-106.78810207604026,0.14910000000003618,STOP_LOSS,29
2024-05-28 20:00:00,2024-05-30 04:00:00,ETHUSDT,3842.7204,3721.935538328572,8.154181926076923,3.0,-984.901735984861,25.087462956482856,24.27947159732978,45.59239784175282,20.186535151033244,7.542419217631628,-1061.9976249073386,-9.42963700961133,STOP_LOSS,9
2024-05-30 08:00:00,2024-06-03 04:00:00,ETHUSDT,3722.18016,3797.6102450000003,7.5629861914649625,3.0,570.4766912760316,22.53866865670524,22.9770190748007,14.367820832165867,45.08462719964921,20.89639798141497,458.97997836346144,6.079508386826749,SIGNAL_EXIT,23
2024-06-03 04:00:00,2024-06-07 16:00:00,BNBUSDT,608.40405,684.681435,48.53129352996115,3.0,3701.8401611328545,23.64022060477755,26.58278055720001,49.91758992964244,42.80120370287863,26.04073538847281,3582.775220879526,37.611872406174804,STOP_LOSS,28
2024-06-07 20:00:00,2024-06-10 04:00:00,BNBUSDT,681.6406499999999,659.2538550964285,59.07271307466129,3.0,-1322.4487119999628,32.2388811348884,31.155131060380526,58.503626177476235,28.066036708902324,17.075693487810373,-1430.9844543919446,-9.852755217975071,STOP_LOSS,15
2024-06-10 08:00:00,2024-06-10 12:00:00,BNBUSDT,641.3204999999999,639.6800000000001,56.09807192658011,3.0,-92.02888699554687,28.804518444347732,28.707851719995816,17.951383016502064,3.5908375840203934,2.1847061124163925,-155.3168008563272,-0.7674010108829491,SIGNAL_EXIT,1
2024-06-10 12:00:00,2024-06-10 20:00:00,BTCUSDT,69508.626945,69456.064595,0.5108900499910946,3.0,-26.853581619145768,28.431758122292546,28.387529850499398,17.751081697407866,3.550215828592116,2.159991377955504,-89.38307679848533,-0.22685968192804537,SIGNAL_EXIT,2
2024-06-10 20:00:00,2024-06-10 20:00:00,BNBUSDT,648.82425,632.7665314821429,54.318763800416285,3.0,-872.2354193450503,28.21723873797618,27.49687661150976,51.63409478875969,0.0,0.0,-927.9495346945363,-7.424684813117157,STOP_LOSS,1
2024-06-11 00:00:00,2024-06-11 00:00:00,BTCUSDT,69574.76999999999,68901.83733910715,0.46657300711927496,3.0,-313.972215181547,25.990159854709297,25.718189954680295,48.294047235874366,0.0,0.0,-365.6805649909366,-2.901623652767398,STOP_LOSS,1
2024-06-12 16:00:00,2024-06-12 16:00:00,BTCUSDT,69768.867,68229.74149735714,0.44956363698603674,3.0,-691.9348587460839,25.11252649873105,24.538888590535198,46.07953541036544,0.0,0.0,-741.5862738353502,-6.618104473344201,STOP_LOSS,1
2024-07-15 04:00:00,2024-07-23 04:00:00,SOLUSDT,151.4757,175.64763274999999,192.3910342217678,3.0,4650.463140911519,23.332719441526205,27.034423778702198,50.76569312475455,54.00690453198402,46.710067440706155,4499.3790257186,47.87289198861599,STOP_LOSS,49
2024-07-23 08:00:00,2024-07-25 00:00:00,SOLUSDT,176.14803,168.84652259785716,242.01181897952705,3.0,-1767.0510876850713,34.131229103250845,32.69028324982019,61.38636063436242,17.711382311677674,12.916278818284638,-1864.5002611681045,-12.43529218375507,STOP_LOSS,11
2024-07-25 04:00:00,2024-07-27 20:00:00,SOLUSDT,170.615265,178.64512975,217.1017884424515,3.0,1743.297998175999,29.6564284764474,31.02734173220704,58.26366123974864,19.689803309973115,18.7993076523367,1644.1251170050348,14.119249089464535,STOP_LOSS,17
2024-07-28 00:00:00,2024-07-29 16:00:00,SOLUSDT,184.01196,184.10341394412,228.0792434242703,3.0,20.85874638305944,33.60232875725948,33.59213389136011,63.07987085257771,20.912761450588782,13.008478573619161,-80.25695628976808,0.14910000000003107,STOP_LOSS,11
2024-07-29 20:00:00,2024-07-30 00:00:00,SOLUSDT,186.943425,179.64819075535712,223.21582246416466,3.0,-1628.4117119866974,33.40971206216404,32.08025492292495,60.24083923934229,0.0,0.0,-1693.9016789717864,-11.70712622491463,STOP_LOSS,2
2024-07-30 04:00:00,2024-07-30 20:00:00,SOLUSDT,182.67129,175.46056092214286,200.6395788454609,3.0,-1446.7576453499748,29.34434803263175,28.163466437925663,52.885828313578564,6.397550794580241,4.3822406211716185,-1515.0452512362842,-11.84213853943409,STOP_LOSS,5
2024-07-31 00:00:00,2024-07-31 20:00:00,SOLUSDT,179.24957999999998,172.29753116571428,179.13342417678845,3.0,-1245.344312729849,25.708239429664673,24.69139738793706,46.36591898085326,6.377509403562649,5.876786066445074,-1307.9982450174584,-11.635255437059946,STOP_LOSS,6
2024-08-01 00:00:00,2024-08-01 04:00:00,SOLUSDT,171.78584999999998,168.545685,164.092301597523,3.0,-531.6861324057365,22.569043641622773,22.125639500784885,13.835442409195759,2.570749450319229,1.6834280261844599,-580.634993024648,-5.658495737570919,SIGNAL_EXIT,1
2024-08-01 12:00:00,2024-08-01 12:00:00,SOLUSDT,169.774845,162.8971851695329,155.78411544593757,3.0,-1071.4301530273756,21.17551965836362,20.301435120215025,38.12237441201999,0.0,0.0,-1112.9071078059542,-12.15314288250496,STOP_LOSS,1
2024-08-02 00:00:00,2024-08-02 00:00:00,BTCUSDT,65386.697009999996,64078.08045194415,0.3534690504920649,3.0,-462.55545223419347,18.504542599629332,18.119694603762277,34.025465580423855,0.0,0.0,-499.17968943758507,-6.0040495294740595,STOP_LOSS,1
2024-08-21 20:00:00,2024-08-22 04:00:00,BNBUSDT,572.0858999999999,569.715,37.78424301294427,3.0,-89.5826617593855,17.30651134497913,17.22100000649564,10.768509258687915,2.1537018517378237,1.3103365133396143,-127.57421147593772,-1.2432923097737032,SIGNAL_EXIT,2
2024-08-22 08:00:00,2024-08-22 16:00:00,BNBUSDT,576.8883,579.5101,36.80680681781665,3.0,96.50008611495197,17.000333237436873,17.063933039738888,10.670293296484632,2.146941041683245,1.3062231601997076,58.98265563589326,1.3634181868483073,SIGNAL_EXIT,2
2024-08-23 08:00:00,2024-08-23 12:00:00,BNBUSDT,579.98985,577.711,36.914822944044296,3.0,-84.1233442660366,17.14189161096302,17.060879422261422,10.668383830828331,2.1336767661657605,1.2981530252738673,-121.75794509070066,-1.1787361451239364,SIGNAL_EXIT,1
2024-08-23 16:00:00,2024-08-23 20:00:00,BNBUSDT,581.1904499999999,587.2062500000001,36.21057607861403,3.0,217.83558357373087,16.849672542745335,17.010461271570122,10.636856723090402,2.1270092388577884,1.2940964264097883,180.55434409414784,3.1052471698391435,SIGNAL_EXIT,1
2024-08-23 20:00:00,2024-08-26 08:00:00,BTCUSDT,63660.65441999999,63595.196495000004,0.33908653475864703,3.0,-22.1959009607373,17.283002968571292,17.251419845427847,10.787531168976301,0.8884892146501868,9.24706314986706,-66.86587613925369,-0.30846961406395745,SIGNAL_EXIT,15
2024-08-26 08:00:00,2024-08-26 16:00:00,SOLUSDT,159.19956,157.551185,134.33475291910676,3.0,-221.4340483430309,17.12252486583708,16.931679607269984,10.587593551318276,0.22578748841478324,1.3107982461429062,-257.0248385506957,-3.1062428815757794,SIGNAL_EXIT,2
2024-08-26 16:00:00,2024-08-27 00:00:00,BTCUSDT,63564.30627,62802.583000000006,0.3243262942857088,3.0,-247.04688543029079,16.50566525331541,16.294823212768524,10.189359187572169,0.7784044765019905,1.2499078083916166,-281.8756861812683,-3.5950519152892895,SIGNAL_EXIT,2
2024-08-27 00:00:00,2024-08-27 12:00:00,SOLUSDT,157.19856,154.18287,125.76848887479616,3.0,-379.2787742148313,15.829163606480364,15.513077256223315,9.70052354691084,1.2635622263089652,2.3934368018950485,-414.27801410573903,-5.7551863070501,SIGNAL_EXIT,3
2024-08-27 12:00:00,2024-08-27 12:00:00,BTCUSDT,62448.198495,61421.97248636465,0.29670648659134885,3.0,-304.4879134708576,14.834896372626588,14.579438124751801,27.37751275303727,0.0,0.0,-333.902247968236,-4.929970920061922,STOP_LOSS,1
2024-08-27 16:00:00,2024-08-27 20:00:00,SOLUSDT,153.826875,150.72618874242096,113.94550003632996,3.0,-353.30924607562054,14.033530977502824,13.739656755860326,25.80055725311796,1.0434864767658012,1.0744101358661748,-383.20033042161566,-6.047095978994001,STOP_LOSS,2
2024-09-13 16:00:00,2024-09-16 04:00:00,BNBUSDT,553.97685,544.9274,29.566576438039224,3.0,-267.56125514721344,13.113850184490946,12.889310100225583,8.059848737009826,13.07640976125161,7.955835279489912,-314.59666047267154,-4.900628970326096,SIGNAL_EXIT,15
2024-09-16 08:00:00,2024-09-16 12:00:00,BNBUSDT,550.7752499999999,547.1263,28.026248330868743,3.0,-102.26637884692069,12.358818199356536,12.267118041719515,7.6707841681577245,1.5344370961150637,0.933568846978516,-129.3603210310903,-1.9875348429327027,SIGNAL_EXIT,1
2024-09-17 12:00:00,2024-09-17 16:00:00,BNBUSDT,543.2715,549.8249500000001,27.699581945074463,3.0,181.52782529795132,12.04835342888192,12.183937006377178,7.618770013991754,0.0,0.0,157.29553486269225,3.618881167151293,SIGNAL_EXIT,1
2024-09-17 16:00:00,2024-09-17 16:00:00,BTCUSDT,61166.05774499999,59728.71936016821,0.25373390243131366,3.0,-364.7014774976895,12.425862712552382,12.124160840384189,22.766952003725102,0.0,0.0,-389.2515010506261,-7.049686236886556,STOP_LOSS,1
2024-09-17 20:00:00,2024-09-19 16:00:00,BTCUSDT,59997.96399,63122.452985,0.23922615492120416,3.0,747.4594883674691,11.491659110030879,12.08043337343683,7.554047882338063,1.6397137318208745,4.441792888469806,717.8058892637108,15.622975117226176,SIGNAL_EXIT,11
2024-09-19 16:00:00,2024-09-22 12:00:00,SOLUSDT,143.03148,144.78757000000002,115.39261959734645,3.0,202.63982534870746,13.214393244263784,13.36593358994734,8.357887437435469,13.60012643089505,9.25647317122296,153.20289891237834,3.6832940552667752,SIGNAL_EXIT,17
2024-09-22 12:00:00,2024-09-22 20:00:00,ETHUSDT,2581.880295,2523.6102643789286,6.570412348208889,3.0,-382.8581287231972,13.582080201653492,13.264928034513611,24.909103720291977,1.6940954086251354,1.0307067662180456,-412.4299391342074,-6.770650529451211,STOP_LOSS,3
2024-09-23 00:00:00,2024-09-24 04:00:00,ETHUSDT,2582.2804949999995,2626.076305,6.090631214064339,3.0,266.74412743123435,12.592248347731392,12.795569850998195,8.001231772759187,3.1850509368868845,3.936497840900606,234.23476045471728,5.088038664056967,SIGNAL_EXIT,7
2024-09-24 04:00:00,2024-09-24 08:00:00,BNBUSDT,606.8032499999999,601.8989,27.076091474881796,3.0,-132.79062922483405,13.154411772822712,13.037655740024585,8.152611143087436,0.0,0.0,-158.98269673768132,-2.424682135436771,SIGNAL_EXIT,1
2024-09-24 08:00:00,2024-09-24 12:00:00,ETHUSDT,2648.3235,2635.5415700000003,6.0239218405586366,3.0,-76.99734729148953,12.772853300652276,12.701037140178562,7.942119272246564,0.761010982605823,0.9664113350233198,-104.19866004994951,-1.4479269620950364,SIGNAL_EXIT,1
2024-09-24 12:00:00,2024-09-25 00:00:00,BNBUSDT,604.1018999999999,605.4970999999999,25.891240979624406,3.0,36.123459414773144,12.522776516532396,12.54165706285099,7.842456892728812,1.5778122252983113,0.9599587651065852,8.521254844984863,0.6928632404566409,SIGNAL_EXIT,3
2024-09-25 00:00:00,2024-09-25 20:00:00,SOLUSDT,152.81637,147.1995247307143,102.51840939993723,3.0,-575.8300428527325,12.543227528160356,12.072528911855644,22.669996704784936,3.995339423942897,2.825325965830987,-607.2664646825225,-11.026656246223565,STOP_LOSS,6
2024-09-26 00:00:00,2024-10-01 12:00:00,SOLUSDT,148.043985,148.117562860545,93.52726642787923,3.0,6.881536166386963,11.085788012922302,11.082424611445074,20.810762289893145,22.42717632571186,15.09142712670903,-52.8052799104013,0.14910000000003046,STOP_LOSS,34
2024-10-01 16:00:00,2024-10-01 16:00:00,SOLUSDT,149.67479999999998,144.39762081500965,91.45066585076802,3.0,-482.6015502811791,10.959055341137335,10.564206856639482,19.83764432268302,0.0,0.0,-504.1248124789559,-10.577289934558786,STOP_LOSS,1
2024-10-02 04:00:00,2024-10-02 08:00:00,SOLUSDT,147.2736,147.676125,82.68077634547953,3.0,33.28107949846626,9.74915579118784,9.767981330153663,6.10804235252121,0.0,0.0,13.76394237712476,0.8199534743498337,SIGNAL_EXIT,1
2024-10-02 16:00:00,2024-10-02 16:00:00,SOLUSDT,147.53373,144.46638610758615,82.81465110970407,3.0,-254.02101428373425,9.78218925289294,9.571146690063637,17.97285933286774,0.0,0.0,-273.3743502266908,-6.237239224712569,STOP_LOSS,1
2024-10-04 20:00:00,2024-10-06 16:00:00,BTCUSDT,62399.183999999994,62688.64999500001,0.18267045646981145,3.0,52.87688543914057,9.126090812348883,9.161091448050316,5.728546428244655,0.17004525545896934,3.443868653146537,30.97578927013587,1.3916816364137705,SIGNAL_EXIT,11
2024-10-06 16:00:00,2024-10-07 08:00:00,SOLUSDT,146.062995,147.94599000000002,78.67386568747212,3.0,148.14249572018332,9.200432706597208,9.311586357008075,5.822652799528791,0.8698965867413702,1.413772178535357,127.34680789130131,3.8674990883214924,SIGNAL_EXIT,4
2024-10-07 08:00:00,2024-10-07 08:00:00,BTCUSDT,63563.765999999996,62769.523128857145,0.18678999041489897,3.0,-148.356618287875,9.506065045536333,9.379774898869604,17.61349818265362,0.0,0.0,-167.24245823228094,-3.7485642581790284,STOP_LOSS,1
2024-10-07 12:00:00,2024-10-07 16:00:00,SOLUSDT,147.51371999999998,148.62565,77.08943445448868,3.0,85.71805485298187,9.104683145778859,9.165973843144622,5.731599451689789,0.0,0.0,67.44739786405837,2.26134219922058,SIGNAL_EXIT,1
2024-10-07 16:00:00,2024-10-07 16:00:00,BTCUSDT,63683.41579499999,62702.85949809321,0.18174165792507327,3.0,-178.20792708870917,9.266556900652601,9.11657731346111,17.119261354771254,0.0,0.0,-196.59106130282288,-4.619207142075615,STOP_LOSS,1
2024-10-07 20:00:00,2024-10-07 20:00:00,BTCUSDT,63413.680994999995,62335.06507565035,0.1732217406590837,3.0,-186.83972705234288,8.794738353525824,8.638230781201129,16.221014236106246,0.0,0.0,-204.2726961870698,-5.102759699920377,STOP_LOSS,1
2024-10-08 04:00:00,2024-10-08 08:00:00,BNBUSDT,570.0849,563.21825,18.19430819771475,3.0,-124.93394638583683,8.304483882676857,8.197893138462044,5.1262463347059155,0.0,0.0,-141.43632340697573,-3.6134880962466838,SIGNAL_EXIT,1
2024-10-08 08:00:00,2024-10-08 12:00:00,BTCUSDT,62351.14999499999,62592.70799,0.15955328566059188,3.0,38.54137177983644,7.965036706500117,7.989497774558785,4.995934076136383,0.7088230135352606,0.6079164381620967,21.270097847080184,1.162246382076582,SIGNAL_EXIT,1
2024-10-08 12:00:00,2024-10-09 20:00:00,BNBUSDT,577.2885,571.61405,17.34330424341564,3.0,-98.41371276404952,8.016084941333109,7.930941103168801,4.959317848403958,4.018617026241838,2.444971952995262,-120.82432778778853,-2.948846200816392,SIGNAL_EXIT,8
2024-10-11 16:00:00,2024-10-11 20:00:00,BNBUSDT,572.1859499999999,574.01285,16.86498434075212,3.0,30.81063989212044,7.726106554642414,7.744574181312395,4.842780253446919,0.9683874008459868,0.5891778239233322,13.782393931396314,0.9578529497272819,SIGNAL_EXIT,1
2024-10-11 20:00:00,2024-10-12 00:00:00,BTCUSDT,63117.543,62508.720005,0.15354243416599928,3.0,-93.48016462853323,7.759184300077765,7.678192820934876,4.801271148657875,0.0,0.0,-108.91754174954588,-2.893758055506034,SIGNAL_EXIT,1
2024-10-12 00:00:00,2024-10-12 12:00:00,BNBUSDT,573.98685,576.1118,16.315234343171262,3.0,34.66905721752198,7.497782199878856,7.519519219892971,4.702050537701317,1.8811465197676465,1.1445107733014808,16.62609850468103,1.1106264890911766,SIGNAL_EXIT,3
2024-10-12 12:00:00,2024-10-13 12:00:00,BTCUSDT,62968.378455,62530.05933,0.14951263779572144,3.0,-65.53424857506282,7.537684836290092,7.47922728956101,4.676855483717505,0.07793805918716629,1.712634575339778,-82.34173333544086,-2.088282098513514,SIGNAL_EXIT,6
2024-10-13 12:00:00,2024-10-13 20:00:00,SOLUSDT,146.54323499999998,145.94699000000003,62.55997269802324,3.0,-37.30107092132996,7.340064676285031,7.304351767806938,4.567503606681567,0.4927760339382005,0.5558222108505488,-52.994085610210675,-1.2206192936848028,SIGNAL_EXIT,2
2024-10-13 20:00:00,2024-10-14 00:00:00,BTCUSDT,62765.677155,62838.58499,0.14353204040812576,3.0,10.464610319289745,7.212878870820524,7.2154802559793,4.511931125548944,0.0,0.0,-3.963748807510079,0.3484762929584557,SIGNAL_EXIT,1
2024-10-14 00:00:00,2024-10-14 04:00:00,SOLUSDT,147.81387,152.433745,60.86711603065018,3.0,281.19846767209873,7.2033658736824995,7.422561955121233,4.64142193291743,0.15140318345176004,0.564778697442206,265.85635796240103,9.376403581071207,SIGNAL_EXIT,1
2024-10-14 04:00:00,2024-10-20 00:00:00,BTCUSDT,64332.149999999994,68343.80100500002,0.15224013179813725,3.0,610.734277729333,7.841421132792262,8.323735418069495,5.20493710484426,17.03016906007461,10.570780039788037,566.9681720786086,18.707524954474653,SIGNAL_EXIT,35
2024-10-20 00:00:00,2024-10-20 08:00:00,SOLUSDT,159.86989499999999,158.70061,71.89270242205622,3.0,-84.06305855157211,9.202144745780922,9.12753258314304,5.707561645286282,1.1433096466179602,0.6956024924286014,-104.23164801954265,-2.194193597237254,SIGNAL_EXIT,2
2024-10-20 08:00:00,2024-10-20 12:00:00,BTCUSDT,68412.19900499999,68385.799995,0.16343626081307244,3.0,-4.314555483565882,8.95198879053402,8.941375555114742,5.591155299596647,1.1182310599193024,0.6803443972434724,-24.006495286377422,-0.11576448521146493,SIGNAL_EXIT,1
2024-10-20 12:00:00,2024-10-20 16:00:00,SOLUSDT,159.26959499999998,159.93999000000002,69.75011224902372,3.0,46.76012650118717,8.894373201846715,8.924665804486187,5.5807064810434985,0.0,0.0,28.941087494854266,1.2627551416829592,SIGNAL_EXIT,1
2024-10-20 16:00:00,2024-10-20 20:00:00,ETHUSDT,2707.93329,2698.520065,4.134454114628918,3.0,-38.918546833176904,8.963831811834366,8.925525908918356,5.581244315230481,1.116244728592203,0.6791358908462715,-58.6032851733681,-1.0428497298764459,SIGNAL_EXIT,1
2024-10-20 20:00:00,2024-10-25 16:00:00,SOLUSDT,160.46018999999998,170.07949750000003,68.67844744135871,3.0,660.639104561021,8.823183927418281,9.344636663925161,17.547515017384196,16.381251962160324,9.96653857306887,616.1234934344483,17.984474840769007,STOP_LOSS,30
2024-10-25 20:00:00,2024-10-25 20:00:00,SOLUSDT,168.03397499999997,161.10944778749996,76.5740887178592,3.0,-530.239361099206,10.301880311660955,9.869447318532261,18.533013242111572,0.0,0.0,-550.4106887293992,-12.362727024400888,STOP_LOSS,1
2024-10-26 00:00:00,2024-10-29 12:00:00,SOLUSDT,164.99245499999998,180.699605,67.98575988659171,3.0,1067.8625284026798,8.980894658710397,9.827999965705573,6.145572764948518,8.851047301968492,7.945476989346962,1032.2571094869481,28.55976050541223,SIGNAL_EXIT,21
2024-10-29 12:00:00,2024-10-31 16:00:00,BTCUSDT,71487.74601,70260.32362991358,0.20019418905899508,3.0,-245.72282801426397,11.458311721479072,11.25256680969048,21.130258155402373,8.671529413661917,5.275856362407433,-282.3810923215029,-5.1509067578437735,STOP_LOSS,14
2024-10-31 20:00:00,2024-11-03 00:00:00,BTCUSDT,70127.116035,68634.26854451893,0.19200797835553582,3.0,-286.6386286404056,10.78059709990747,10.542661719315218,19.797186503470463,8.013606391042995,4.875568570107532,-320.8510624207788,-6.386320619841265,STOP_LOSS,14
2024-11-03 04:00:00,2024-11-04 20:00:00,BTCUSDT,68414.08995,66859.63876025357,0.18275742090861363,3.0,-284.0874903663827,10.0105545500976,9.775276114164416,18.356176979527383,6.263726048338378,3.810921620405127,-313.9479686993882,-6.816364249889838,STOP_LOSS,11
2024-11-05 00:00:00,2024-11-07 04:00:00,BTCUSDT,67883.93500499999,75010.485995,0.17032147887783775,3.0,1213.8047039151193,9.257079425219068,10.220717524810988,6.39114402501926,8.610451119195844,5.238695638722849,1180.4777602071706,31.494422013728713,SIGNAL_EXIT,13
2024-11-07 04:00:00,2024-11-07 12:00:00,ETHUSDT,2853.856215,2790.8838600000004,5.291329064416664,3.0,-333.207452266261,12.090226049716279,11.813987907063497,7.3874361599937926,2.1992397448304173,0.8989199069124262,-360.20982587478363,-6.61971209365915,SIGNAL_EXIT,2
2024-11-07 12:00:00,2024-11-07 20:00:00,BTCUSDT,74783.362995,76492.1348,0.18748725385605913,3.0,320.37293318611074,11.2257224676168,11.473040236191595,7.174237266251818,1.434847265763321,0.8729772702187669,295.3663459463203,6.854887517351599,SIGNAL_EXIT,2
2024-11-07 20:00:00,2024-11-08 20:00:00,SOLUSDT,197.088495,199.44023,75.63261123213746,3.0,177.86785897601226,11.934601697887967,12.067348303710464,7.545865622628702,4.543704752381891,2.7644412517343615,146.55776297029757,3.5797142801258177,SIGNAL_EXIT,6
2024-11-08 20:00:00,2024-11-09 04:00:00,ETHUSDT,2951.43498,2964.0172500000003,5.199382393625296,3.0,65.4200331098415,12.286340329016678,12.328847283241336,7.709384244146186,1.5418768488295815,0.9380952764952962,38.3248733722586,1.2789307660777607,SIGNAL_EXIT,2
2024-11-09 04:00:00,2024-11-09 08:00:00,BNBUSDT,635.7176999999999,628.635525,24.319791176747973,3.0,-172.23701707718246,12.3783200251101,12.230627755428264,7.647966330308203,0.0,0.0,-196.84596485772082,-3.342132050122197,SIGNAL_EXIT,1
2024-11-09 08:00:00,2024-11-11 04:00:00,ETHUSDT,3031.8851849999996,3193.48246,4.904689768819531,3.0,792.5845013616188,11.90588970945157,12.530432598773304,7.835438093278745,14.449870968434038,5.620836394490836,748.0774716904689,15.989781783243934,SIGNAL_EXIT,11
2024-11-11 04:00:00,2024-11-11 12:00:00,BTCUSDT,81653.036115,82092.923005,0.20958061194616923,3.0,92.19176359329909,13.701275641508692,13.764068031870123,8.60684594289049,1.7213693981586666,1.0473005692652926,61.957749952496314,1.6161807726799267,SIGNAL_EXIT,2
2024-11-11 12:00:00,2024-11-11 16:00:00,SOLUSDT,217.72880999999998,218.8905,79.45029336035944,3.0,92.29661129379765,13.849974241394683,13.912731551036606,8.699807122959124,0.0,0.0,64.53390550136636,1.6006471536771198,SIGNAL_EXIT,1
2024-11-11 16:00:00,2024-11-13 20:00:00,BTCUSDT,84101.559765,88469.454463,0.20798739894372814,3.0,908.4670570971217,14.00485561459796,14.720425375783977,27.642260971049673,26.436005213889235,7.782431968639071,845.5233389242114,15.580786052737736,STOP_LOSS,14
2024-11-14 00:00:00,2024-11-17 08:00:00,BTCUSDT,90420.397605,90505.5246,0.22148327096368187,3.0,18.854205299908706,16.034111628016067,16.036367702953584,10.027743686188778,24.55888441596694,12.168189370418165,-49.94334781744605,0.282437361219781,SIGNAL_EXIT,20
2024-11-17 08:00:00,2024-11-20 16:00:00,SOLUSDT,237.33861,238.25081500000002,83.74910110063631,3.0,76.39634876950834,15.914247593254196,15.962633274195202,9.981636614678287,45.561091009287516,12.202184796455931,-13.243807903684512,1.1530424822156353,SIGNAL_EXIT,20
2024-11-20 16:00:00,2024-11-21 16:00:00,BTCUSDT,94787.34998999999,96623.664,0.20928104443784135,3.0,384.3057139286441,15.882462454285356,16.17720105546484,10.115808563946597,6.0225457021925815,3.6641847758415578,342.5593199408598,5.811895817934818,SIGNAL_EXIT,6
2024-11-21 16:00:00,2024-11-23 12:00:00,SOLUSDT,248.99443499999998,256.001935,83.79324390465648,3.0,587.181156661882,16.70460482214342,17.160986063615212,10.730981780649188,29.878323677362786,7.866585444190747,515.5706566545698,8.442959779402326,SIGNAL_EXIT,11
2024-11-23 12:00:00,2024-11-23 20:00:00,BNBUSDT,663.35151,653.17325,33.782279357809664,3.0,-343.8448226964167,17.941974398114386,17.652544960438764,11.038359780162526,2.2076719560328617,1.3431725339008969,-382.9901865449036,-4.603107031443967,SIGNAL_EXIT,2
2024-11-23 20:00:00,2024-11-24 08:00:00,SOLUSDT,254.50718999999998,256.501685,83.53977991764347,3.0,166.61967334684275,17.02279795040662,17.14247545072377,10.719406860131286,5.524857306080638,1.3142219723662678,125.61532066726546,2.351008236741794,SIGNAL_EXIT,3
2024-11-24 08:00:00,2024-11-24 08:00:00,BNBUSDT,673.146405,647.8624371782142,32.14459583319035,3.0,-812.7429266906922,17.32427472000806,16.6602209588795,31.284841560238853,0.0,0.0,-846.7274223695797,-11.268262431759874,STOP_LOSS,1
2024-11-24 12:00:00,2024-11-25 00:00:00,SOLUSDT,248.51419499999997,252.61363000000003,76.85624961582181,3.0,315.0671996438408,15.292128906321066,15.531948962911086,9.712324263949874,4.822847653107229,1.1623652919310052,278.25790882957045,4.948733411385282,SIGNAL_EXIT,3
2024-11-25 00:00:00,2024-11-25 16:00:00,BNBUSDT,659.9798249999999,648.305685,30.203915568938086,3.0,-352.6047388999584,15.959947887512035,15.665096138082058,9.795582877738825,3.995192727965717,2.4307203455567516,-390.655695999075,-5.306589485519434,SIGNAL_EXIT,4
2024-11-25 16:00:00,2024-11-25 20:00:00,ETHUSDT,3520.1692049999997,3390.3874126210712,5.330125998069944,3.0,-691.7533056350422,15.022374217114255,14.456953673232531,27.147509401413075,5.8708570467322225,1.12334361288702,-728.2268341850082,-11.060416544288968,STOP_LOSS,2
2024-11-26 00:00:00,2024-11-26 08:00:00,ETHUSDT,3416.1972449999994,3281.289702168214,4.853353436570295,3.0,-654.7539866219008,13.274629815070233,12.740206921920656,23.92377363905894,4.080663305211426,1.0141836639609827,-685.8636703280641,-11.847168048850671,STOP_LOSS,3
2024-11-26 12:00:00,2024-12-02 08:00:00,ETHUSDT,3324.68151,3566.6420000000003,4.36855911074842,3.0,1057.0187030306536,11.628557006282877,12.464869123102373,23.40673971538881,42.0526159231824,16.22905656099013,974.643604417096,21.833112970872246,STOP_LOSS,36
2024-12-02 12:00:00,2024-12-03 20:00:00,ETHUSDT,3590.7844949999994,3575.5513300000002,4.858453464344702,3.0,-74.00962326718053,13.967701656883898,13.897319796944648,8.690169958069006,18.23626581783136,4.269281829935236,-124.38019236877568,-1.2726883237808337,SIGNAL_EXIT,8
2024-12-03 20:00:00,2024-12-04 12:00:00,BNBUSDT,690.3449999999999,753.0357495000001,24.730848061191647,3.0,1550.39540072673,13.669189195198838,14.898570164424063,27.976784234646207,3.797199142163427,2.310258813393217,1515.7201834115506,27.243225995697873,STOP_LOSS,5
2024-12-04 16:00:00,2024-12-05 00:00:00,BNBUSDT,756.367995,714.8134497932143,28.5791311497756,3.0,-1187.5927973340056,17.30691763538656,16.342997863411046,30.689154725982792,2.1131409572144078,1.2856588073401216,-1224.6415125973576,-16.481876076784147,STOP_LOSS,3
2024-12-05 04:00:00,2024-12-05 08:00:00,BTCUSDT,103015.48199999999,102184.98195000002,0.1742005607315993,3.0,-144.67357439761662,14.3677780051529,14.240544923230686,8.904792973504195,0.0,0.0,-173.2818973260002,-2.4185686477688084,SIGNAL_EXIT,1
2024-12-05 08:00:00,2024-12-06 12:00:00,BNBUSDT,729.9648,718.0408,23.872281119598576,3.0,-284.65308007009287,13.951901451570498,13.713017466353167,8.5749233781595,6.926017176666896,4.213867017517314,-323.45788318220076,-4.90051027118019,SIGNAL_EXIT,7
2024-12-06 12:00:00,2024-12-07 12:00:00,ETHUSDT,3868.943505,3996.290855,4.253442197105584,3.0,541.6645921795738,13.175602531933212,13.598393723651325,8.50324770113167,13.878762071262774,3.119071903801184,497.89276194892534,9.874583319871972,SIGNAL_EXIT,6
2024-12-07 12:00:00,2024-12-08 12:00:00,BNBUSDT,746.4230249999999,737.920855,24.04643252477733,3.0,-204.44685721918555,14.370545160610634,14.195491238706799,8.876620334359004,5.416795576261441,3.295639562711348,-241.7253287574758,-3.4171654873588517,SIGNAL_EXIT,6
2024-12-08 12:00:00,2024-12-09 04:00:00,ETHUSDT,3973.835925,3875.6801000410715,4.33440519065197,3.0,-425.44711719470547,13.790404371592695,13.439014354339653,25.23600592327158,6.664852880609155,2.0884152462174512,-461.42980404746436,-7.4101568467949575,STOP_LOSS,5
2024-12-09 08:00:00,2024-12-09 08:00:00,ETHUSDT,3920.39922,3846.70050117,4.040668358133843,3.0,-297.7920812113837,12.68297284187878,12.434592798636173,23.349886326932772,0.0,0.0,-322.90964685189863,-5.639633723067619,STOP_LOSS,1
2024-12-09 12:00:00,2024-12-09 20:00:00,ETHUSDT,3852.80544,3793.872115,3.8603244710180187,3.0,-227.50175665595785,11.907989689434224,11.716461892357911,7.326451908677493,1.4652942420600776,0.891501554223182,-253.48300403403323,-4.588863303722908,SIGNAL_EXIT,2
2024-12-09 20:00:00,2024-12-09 20:00:00,BNBUSDT,717.69867,695.1026639592858,19.664573809522214,3.0,-444.3408285880342,11.299630479752544,10.935118112498314,20.53414768245776,0.0,0.0,-466.575577180285,-9.445192105782027,STOP_LOSS,1
2024-12-10 00:00:00,2024-12-10 12:00:00,ETHUSDT,3713.8559999999998,3593.6367327857147,3.4235661046242245,3.0,-411.57860835758873,10.17984909451986,9.842442328558171,18.482302820275542,2.9758523421957506,1.5481444555954427,-436.12489657845794,-9.711141240878893,STOP_LOSS,4
2024-12-10 16:00:00,2024-12-11 16:00:00,ETHUSDT,3569.54388,3785.44633,3.195731419071873,3.0,689.9662429195943,9.133149342731562,9.677815817593052,6.051660716353608,3.51878471249443,2.1408683321891733,665.4956247145861,18.14538136452325,SIGNAL_EXIT,6
2024-12-11 16:00:00,2024-12-12 20:00:00,BTCUSDT,100411.82082,99431.58933500001,0.1334722655586654,3.0,-130.83371707488254,10.730338842046569,10.617087597313027,6.638999247943313,5.365429179852177,3.2643876674132946,-160.81096036150763,-2.9286337315518733,SIGNAL_EXIT,7
2024-12-12 20:00:00,2024-12-13 00:00:00,ETHUSDT,3873.065565,3879.6592,3.335896607507214,3.0,21.995684627641417,10.344392537178953,10.353713570851323,6.474308135849513,0.0,0.0,1.2975785196111413,0.5107299287354183,SIGNAL_EXIT,1
2024-12-13 00:00:00,2024-12-13 04:00:00,BTCUSDT,100054.29214499998,99679.225455,0.12917022971465547,3.0,-48.44745050561261,10.347506725626019,10.300470759841028,6.441014732265412,1.2882029464533549,0.7837572113184911,-71.1673881488515,-1.124589506234554,SIGNAL_EXIT,1
2024-12-13 04:00:00,2024-12-13 08:00:00,ETHUSDT,3934.796415,3883.69718,3.230333465064901,3.0,-165.06756885971464,10.176704994068775,10.036509574985748,6.275956462596603,0.0,0.0,-185.28078342876918,-3.8959501034311854,SIGNAL_EXIT,1
2024-12-13 08:00:00,2024-12-13 16:00:00,BTCUSDT,100180.07500499999,99823.22342000001,0.12133457536919542,3.0,-43.29843553579718,9.73203111383973,9.68960674052002,6.059033729689146,1.2176333535817754,0.7408218745649252,-64.67852861830363,-1.0686304187200049,SIGNAL_EXIT,2
2024-12-13 16:00:00,2024-12-13 20:00:00,ETHUSDT,3888.1431,3916.031005,3.0763853582959935,3.0,85.79394261554977,9.5768026451558,9.637776357132115,6.0266235349749335,1.2053216306096537,0.7333312833582195,64.64071069929398,2.1517653246867416,SIGNAL_EXIT,1
2024-12-13 20:00:00,2024-12-18 20:00:00,BTCUSDT,101513.07117,101563.52316637148,0.11974018082691998,3.0,6.04113116860069,9.731940350834105,9.728987703488318,18.269255827782114,17.580726788380247,11.367188433024404,-42.36771210712639,0.14909999999998436,STOP_LOSS,31
2024-12-19 00:00:00,2024-12-19 16:00:00,BTCUSDT,100254.11200499999,97582.06116663535,0.11997704437080435,3.0,-320.58476199551905,9.630257841777,9.366085825907163,17.587792612493995,2.4432502043589928,1.4865009989255409,-343.5108568664877,-7.995834140642652,STOP_LOSS,5
2024-12-19 20:00:00,2024-12-19 20:00:00,BTCUSDT,97248.31985999999,95623.50089804457,0.11309690404595223,3.0,-183.76199423231557,8.805831785297428,8.65177752448334,16.246452537211216,0.0,0.0,-201.21960354209637,-5.012381594750005,STOP_LOSS,1
2024-12-20 00:00:00,2024-12-20 08:00:00,BTCUSDT,97510.59092999999,95635.49679830232,0.1066069635832808,3.0,-199.8980918131168,8.322904736796398,8.156327939556467,15.316089020198826,1.0352177937857339,0.6298381892376508,-218.04238047249305,-5.7688937595827205,STOP_LOSS,3
2024-12-20 16:00:00,2024-12-20 20:00:00,BTCUSDT,97040.12581499999,95631.45701066974,0.10038841247100415,3.0,-141.41402496414202,7.799603023662415,7.680232121272171,14.422068329880155,0.9749321065534039,0.5931596967394654,-158.4619519123695,-4.354906156085728,STOP_LOSS,2
2024-12-21 00:00:00,2024-12-22 08:00:00,BTCUSDT,97854.34272,96162.144875,0.09469890013995116,3.0,-160.2492747406958,7.41929433907273,7.285159483808914,4.5555024285950445,2.06503150740583,2.2470938601170443,-179.2658539311003,-5.187908266397691,SIGNAL_EXIT,8
2024-12-22 12:00:00,2024-12-22 12:00:00,BTCUSDT,97149.84064499999,95755.266737466,0.08985430390623339,3.0,-125.30846770726303,6.98905628963809,6.883218270440569,12.925422390661158,0.0,0.0,-139.1807422673417,-4.306462774231333,STOP_LOSS,1
2024-12-24 16:00:00,2024-12-24 20:00:00,BTCUSDT,98349.139995,97532.30945000002,0.08451647989153716,3.0,-69.03564233128498,6.6550225081964705,6.594469976324885,4.123605537971245,0.8247210230779278,0.5017695782662881,-83.61162541715055,-2.491624873511401,SIGNAL_EXIT,1
2024-12-24 20:00:00,2024-12-26 12:00:00,BNBUSDT,692.836245,695.95185,11.635489572845515,3.0,36.2515894906062,6.454354607195309,6.478192395102037,4.05089569478522,4.090049117198791,2.4884320433181477,16.740561327791912,1.3490655356808334,SIGNAL_EXIT,10
2024-12-27 04:00:00,2024-12-27 08:00:00,BNBUSDT,689.4945749999999,691.8938800000001,11.764661688633486,3.0,28.22701161284842,6.494531954382008,6.511917938108781,4.071984703668976,0.0,0.0,15.22056172035763,1.0439407735732253,SIGNAL_EXIT,1
2024-12-27 12:00:00,2024-12-27 12:00:00,BNBUSDT,706.3830149999999,686.8914870846428,11.547978070843156,3.0,-225.08773693377097,6.531061302510866,6.34576626392184,11.916186023888793,0.0,0.0,-237.96456450020366,-8.278027996761969,STOP_LOSS,1
2025-01-02 08:00:00,2025-01-02 16:00:00,BNBUSDT,707.303475,704.197725,10.52444000545913,3.0,-32.6862795469553,5.959946347710378,5.929029366994646,3.7074971029227286,0.7506662078293779,0.4567137928842515,-45.78263526237395,-1.3172917042433832,SIGNAL_EXIT,2
2025-01-02 16:00:00,2025-01-06 20:00:00,SOLUSDT,206.87338499999998,219.89000000000001,35.319840494840705,3.0,459.744765582752,5.850068023080682,6.213183781128419,3.8851824544319555,2.6391788450075753,5.999511000230938,439.0428239333044,18.87620536590538,SIGNAL_EXIT,25
2025-01-06 20:00:00,2025-01-07 00:00:00,BNBUSDT,732.6661499999999,729.05529,11.769084363799589,3.0,-42.49651596586808,6.903770800520611,6.864250571107501,4.292302758320706,0.0,0.0,-56.26453733749619,-1.4785151463595891,SIGNAL_EXIT,1
2025-01-07 00:00:00,2025-01-07 08:00:00,BTCUSDT,102286.7178,100608.34393240715,0.08265150485381362,3.0,-138.72012586386413,6.76873591091062,6.6523448214908,12.491884366845524,0.8406325867792064,0.511450353200521,-153.49328953624527,-4.922556624237034,STOP_LOSS,3
2025-01-07 12:00:00,2025-01-07 12:00:00,BTCUSDT,100881.27543,99056.29919828357,0.07924205591116322,3.0,-144.61486859021713,6.400352016023633,6.279539839538639,11.79182493653977,0.0,0.0,-157.29476044577942,-5.4271009875844145,STOP_LOSS,1
2025-01-14 12:00:00,2025-01-16 12:00:00,BTCUSDT,96596.31401999999,99109.12065,0.07787598285110268,3.0,195.68728602601763,6.022844590953762,6.174576144101814,3.861040610368816,2.849955817102704,2.791186759379189,177.84872271448015,7.804045078199579,SIGNAL_EXIT,12
2025-01-16 12:00:00,2025-01-16 16:00:00,SOLUSDT,212.876385,208.965465,37.84192514031172,3.0,-147.9967418697481,6.449681525468517,6.326124386752344,3.955805644542429,0.0,0.0,-160.77254778196897,-5.5115366601138085,SIGNAL_EXIT,1
2025-01-16 16:00:00,2025-01-18 08:00:00,BTCUSDT,99345.81808499999,102770.339125,0.07623592600142358,3.0,261.07153259575864,6.0638274107917916,6.267833574939766,3.919355662168544,2.7245947068974243,2.379907291098378,243.63536961203127,10.341213468301191,SIGNAL_EXIT,10
2025-01-18 08:00:00,2025-01-18 16:00:00,SOLUSDT,233.00644499999999,246.6295,35.63867866413727,3.0,485.5076795688693,6.648552297860666,7.031639599677474,13.204130445062598,0.85158622667956,0.5181146713389976,470.45778677331265,17.539928992092932,STOP_LOSS,3
2025-01-18 20:00:00,2025-01-19 12:00:00,SOLUSDT,255.47767499999998,280.61694225,38.02401161533843,3.0,955.8957899150987,7.777650986116617,8.536145497259804,16.02931678253505,1.9788807770913848,1.2535055413281602,936.3496071133027,29.520310042746452,STOP_LOSS,5
2025-01-19 16:00:00,2025-01-19 20:00:00,SOLUSDT,270.71529,246.01785170785712,46.25186728072319,3.0,-1142.3026380620424,10.024890043188543,9.103028020704357,17.09381826621903,0.706384649416218,0.7583772595424685,-1162.895318034894,-27.36909129751356,STOP_LOSS,2
2025-01-20 00:00:00,2025-01-20 12:00:00,SOLUSDT,252.5262,260.46970000000005,35.7792286843943,3.0,284.21230305448813,7.233941279904797,7.455523969324463,4.662033497575754,-12.778865308466985,1.0927344871848659,281.208968626541,9.43684259296666,SIGNAL_EXIT,3
2025-01-20 12:00:00,2025-01-20 12:00:00,BTCUSDT,108293.309595,104395.20832614323,0.09121657376525587,3.0,-355.5714419351112,7.908842804608494,7.618058576816718,14.30531780824254,0.0,0.0,-371.0983433165364,-10.798731565509613,STOP_LOSS,1
2025-01-20 16:00:00,2025-01-21 12:00:00,SOLUSDT,254.19703499999997,239.32028,34.484038214805935,3.0,-513.0105879323044,7.018206780648808,6.602183744878446,4.128429055076599,-0.7297657827594649,1.5180634688998391,-527.419276143972,-17.557350737784937,SIGNAL_EXIT,5
2025-01-21 12:00:00,2025-01-22 04:00:00,BTCUSDT,103810.12912499999,105547.209995,0.06921047403967567,3.0,120.2241904579526,5.752400517903276,5.843977949855315,3.6543133753470607,1.4716316529196192,0.8953573065143321,106.26082303076005,5.0199750775042835,SIGNAL_EXIT,4
2025-01-22 04:00:00,2025-01-23 00:00:00,SOLUSDT,254.237055,254.36341081633503,29.512911443920704,3.0,3.7291280179202073,6.0074264931771,6.005603854396894,11.277423362036446,0.5173234666439652,0.9391879735792972,-9.74041376987705,0.1491000000000417,STOP_LOSS,6
2025-01-23 04:00:00,2025-01-23 16:00:00,SOLUSDT,248.96442,249.27530000000002,30.020666509943933,3.0,9.332824804612144,5.984049500129395,5.986728520372982,3.7435771137897094,0.5923976291146579,0.44601089391212767,-3.6763617389170187,0.3746077451549412,SIGNAL_EXIT,3
2025-01-23 16:00:00,2025-01-23 20:00:00,BTCUSDT,105316.15176,103718.164975,0.07086337127775279,3.0,-113.23873084239655,5.975226231955995,5.879855066296513,3.6767477903301984,0.6335771181738685,0.4473949271900377,-126.17478418601297,-4.551970685298764,SIGNAL_EXIT,1
2025-01-23 20:00:00,2025-01-25 04:00:00,SOLUSDT,246.96341999999999,247.08616081974,28.68779526391821,3.0,3.521163507227087,5.6724067499095625,5.670685755315417,10.64850855404701,1.8382892920396448,1.8044795579041348,-11.464697847941672,0.1491000000000202,STOP_LOSS,9
2025-01-25 08:00:00,2025-01-26 20:00:00,SOLUSDT,247.393635,247.516589636595,28.498992920202067,3.0,3.5040833178272472,5.644891475074503,5.643178828548705,10.596855586908552,1.4707913790332743,2.2172558939318634,-11.472034258761099,0.1491000000000138,STOP_LOSS,10
2025-01-27 00:00:00,2025-01-27 04:00:00,SOLUSDT,240.610245,230.6872657039286,29.159526779393758,3.0,-289.3493805151635,5.617358592853477,5.381385201567064,10.105255135641169,-0.2511735736246457,0.41833243072970105,-300.5152831666891,-12.372265315724261,STOP_LOSS,2
2025-01-27 16:00:00,2025-01-27 20:00:00,SOLUSDT,233.78683499999997,226.42673,26.15740218927865,3.0,-192.5212266403201,4.896121913253423,4.738188034410564,2.962848945979592,-1.1078195740015562,0.3605102330481279,-201.40822724703065,-9.44463575119614,SIGNAL_EXIT,1
2025-01-28 00:00:00,2025-01-28 20:00:00,SOLUSDT,235.01745,232.0839,23.451513781882262,3.0,-68.79618825484063,4.412742167860549,4.354175023522388,2.722720750076267,0.40952837021847766,1.0089447982710413,-78.98157861471309,-3.744679384445704,SIGNAL_EXIT,5
2025-01-28 20:00:00,2025-01-31 16:00:00,BTCUSDT,102475.45212,105411.26800000001,0.05147339854061395,3.0,151.11642083310375,4.223186379185238,4.340700966748374,2.7142952518430916,3.6588199538249513,2.610448764425535,136.28326476891962,8.594690199255133,SIGNAL_EXIT,17
2025-01-31 16:00:00,2025-01-31 16:00:00,ETHUSDT,3429.363825,3319.4168626553574,1.657241048804052,3.0,-182.20861918885504,4.550266214630645,4.400859106307856,8.264006834578828,0.0,0.0,-191.15974450979354,-9.618136303573088,STOP_LOSS,1
2025-02-01 08:00:00,2025-02-01 12:00:00,SOLUSDT,230.78533499999998,224.90413649069873,22.14292364777475,3.0,-130.2269295488641,4.09148282780714,3.984028097905803,7.481274595466266,0.15319750676220395,0.3073098981394113,-138.76294787947865,-7.645024554053112,STOP_LOSS,2
2025-02-01 16:00:00,2025-02-01 20:00:00,BTCUSDT,102124.926945,100213.14355422536,0.045966311847603476,3.0,-87.87763152541584,3.758451752896392,3.685142886273742,6.920022946182403,0.27890711184877964,0.2843335030205251,-95.88446677945527,-5.616013978068963,STOP_LOSS,2
2025-02-03 20:00:00,2025-02-04 04:00:00,BTCUSDT,101930.929995,99837.71690868336,0.043234011128571746,3.0,-90.49799786828557,3.528329032625699,3.4531079711049695,6.484303901673803,0.11363833987964551,0.26469696978719814,-97.85777018168308,-6.1606808250037055,STOP_LOSS,3
2025-03-24 20:00:00,2025-03-25 04:00:00,BNBUSDT,636.568125,639.7699550000001,6.462064857320472,3.0,20.690433122114964,3.2934703841896598,3.30738795438,2.0681515472607197,0.4136303094522261,0.2516573485145493,13.424287125578527,1.5089492581803805,SIGNAL_EXIT,2
2025-03-25 16:00:00,2025-03-25 16:00:00,SOLUSDT,145.35263999999998,143.58621474818565,28.577294178767715,3.0,-50.479654065901826,3.325688673291048,3.2826443990996936,6.164204555144289,0.0,0.0,-57.08798713829257,-3.645806333784497,STOP_LOSS,1
2025-03-27 04:00:00,2025-03-27 12:00:00,BTCUSDT,87714.005085,86900.038245,0.0454050433432534,3.0,-36.95819965017072,3.188677504159146,3.1565600024356826,1.9738369199819017,0.12379906586031099,0.24018095940467069,-43.667417182030526,-2.783934581066771,SIGNAL_EXIT,2
2025-04-02 16:00:00,2025-04-02 20:00:00,BTCUSDT,86801.048835,85625.03437571911,0.0443745876881249,3.0,-52.18515674586216,3.083875702922273,3.0396604769632454,5.707925282229268,0.02826559824713329,0.23461267366886043,-58.57157119766367,-4.064516990513664,STOP_LOSS,2
2025-04-12 16:00:00,2025-04-13 04:00:00,SOLUSDT,130.535235,131.74409500000002,28.162408495513127,3.0,34.04440913388644,2.9433039320478804,2.9681848162093516,1.8560435318964141,0.08945758924822655,0.4498103568783698,27.593652439502613,2.7782383813841887,SIGNAL_EXIT,3
2025-04-13 04:00:00,2025-04-13 12:00:00,BTCUSDT,85475.026155,84486.39567000001,0.04397660360891943,3.0,-43.476610954538195,3.0095286979026867,2.972339786180734,1.8586416872061606,0.3133298156292822,0.22616371583622322,-49.99797297008712,-3.469892421701782,SIGNAL_EXIT,2
2025-04-13 12:00:00,2025-04-13 12:00:00,SOLUSDT,129.88491,127.3460456950001,27.786348852267153,3.0,-70.54576926729575,2.889533562774478,2.8307853205104214,5.315696019986665,0.0,0.0,-76.26608815058064,-5.864109167877678,STOP_LOSS,1
2025-04-14 04:00:00,2025-04-15 04:00:00,SOLUSDT,131.80587,130.47473,25.646901720425213,3.0,-34.13961675612694,2.706494951213084,2.677018061847212,1.6739732752921066,-0.6511025052893642,0.6165398924800006,-39.48856715637787,-3.0297740153758057,SIGNAL_EXIT,6
2025-04-15 04:00:00,2025-04-15 20:00:00,BTCUSDT,85422.65998499999,83956.51074499999,0.03818707197516431,3.0,-55.987946554212414,2.611722390037777,2.564842654882377,1.6038285735883733,0.4278084981904287,0.39401077589816236,-61.986330873221156,-5.149040922832833,SIGNAL_EXIT,4
2025-04-16 16:00:00,2025-04-16 16:00:00,BTCUSDT,84889.00329,83509.27083403259,0.03623827492970458,3.0,-49.99912406878322,2.4629551959420466,2.4209855325302665,4.546167124180392,0.0,0.0,-54.88306479725553,-4.8760112705785605,STOP_LOSS,1
2025-04-16 20:00:00,2025-04-17 00:00:00,SOLUSDT,132.516225,131.26433500000002,21.97250611912136,3.0,-27.507160685466282,2.331235840428633,2.307365123207917,1.4428246143120083,0.0,0.0,-32.14576164910283,-2.834120878405587,SIGNAL_EXIT,1
2025-04-17 08:00:00,2025-04-20 12:00:00,SOLUSDT,134.317125,136.31181,20.960495019350752,3.0,41.80958500767374,2.2540860124707867,2.285730411666949,1.4292961553692574,-1.0024726465176144,1.7377460274130956,36.53449520264053,4.455169063512946,SIGNAL_EXIT,19
2025-04-20 16:00:00,2025-04-21 04:00:00,SOLUSDT,136.00797,139.320305,21.505131150736588,3.0,71.23219859017486,2.341768800957124,2.396881144788498,1.498800115550497,-0.9887945863541862,0.36188937409580846,67.12045385668762,7.306193159121463,SIGNAL_EXIT,3
2025-04-21 04:00:00,2025-04-21 12:00:00,BTCUSDT,87249.16278,86928.43404000001,0.035829220651190465,3.0,-11.491460794637987,2.5028578902131744,2.4916624352652934,1.5580680560685158,0.16303624138704367,0.18958923794282057,-16.83860659944632,-1.1028028113302821,SIGNAL_EXIT,2
2025-04-21 12:00:00,2025-04-21 16:00:00,SOLUSDT,139.04949,138.25084,22.118701030358004,3.0,-17.665100577894993,2.4624452343745036,2.446343197724688,1.529729363259169,0.0,0.0,-22.573889009994183,-1.723091541004532,SIGNAL_EXIT,1
2025-04-21 16:00:00,2025-04-21 16:00:00,BTCUSDT,88088.832405,86751.81598192822,0.034146514670645854,3.0,-45.65445090531492,2.4082679007505177,2.369817725705665,4.450083360739079,0.0,0.0,-50.4325365317711,-4.553414047735368,STOP_LOSS,1
2025-04-21 20:00:00,2025-04-26 16:00:00,BTCUSDT,87458.797545,94326.05338000001,0.0326639528180099,3.0,224.31172058364376,2.287229813074267,2.464849405690723,1.5413015293211378,-0.3310282312656549,2.582097866120748,217.30857173002366,23.555969305889292,SIGNAL_EXIT,29
2025-04-26 16:00:00,2025-04-28 04:00:00,ETHUSDT,1801.1000999999999,1783.3378850000001,1.9477841410078642,3.0,-34.5969606861715,2.8087703852263237,2.7788458003692056,1.7376474489549893,-0.5867476738562161,1.0690382668719052,-40.66686746478272,-2.9585609928065204,SIGNAL_EXIT,9
2025-04-28 04:00:00,2025-04-28 08:00:00,BTCUSDT,93896.85496499999,94645.14375500001,0.03606352108915115,3.0,26.98592855894114,2.7111699033108443,2.7305897102353485,1.7074723050493779,0.0,0.0,21.544168945394947,2.390779085025622,SIGNAL_EXIT,1
2025-04-28 08:00:00,2025-04-28 12:00:00,ETHUSDT,1805.7024,1815.2919000000002,1.9110746101162412,3.0,18.326249973710212,2.7628759087797925,2.7753266080317367,1.735446853446323,0.004581579693098915,0.21117309038820395,12.57229278681738,1.5932027337395585,SIGNAL_EXIT,1
2025-04-28 12:00:00,2025-04-28 12:00:00,BTCUSDT,95367.649995,94069.71665947179,0.03657968624692569,3.0,-47.477994183047805,2.793049411468154,2.7528325765925414,5.169315053691525,0.0,0.0,-53.0238761711085,-4.082935887367245,STOP_LOSS,1
2025-04-28 16:00:00,2025-04-29 04:00:00,BTCUSDT,93880.41674999999,94611.420625,0.03546612231792431,3.0,25.925872845626984,2.665792108657494,2.6844001732470693,1.67858940298095,-0.01768112821535716,0.4087862858009944,20.184575406136783,2.335962814097785,SIGNAL_EXIT,3
2025-04-29 04:00:00,2025-04-30 00:00:00,ETHUSDT,1802.9710349999998,1796.911095,1.88027403720917,3.0,-11.394347849045092,2.7142350896322225,2.7029482232812803,1.6901877334175341,0.3975223060243912,0.41771512510130393,-17.62676859308429,-1.0083256828360314,SIGNAL_EXIT,5
2025-04-30 00:00:00,2025-04-30 12:00:00,BTCUSDT,94303.94841,95129.07167,0.03538814314440873,3.0,29.19958003666145,2.67193084500882,2.693152964362142,1.6840626340433136,0.14287681810575173,0.40953143286494254,23.282087976319797,2.6248845586379863,SIGNAL_EXIT,3
2025-04-30 12:00:00,2025-04-30 12:00:00,ETHUSDT,1816.597845,1762.9858221610716,1.8755015160407351,3.0,-100.54943011242072,2.727807856151988,2.6451860657771293,4.967174635284746,0.0,0.0,-105.92242403434983,-8.853696978638945,STOP_LOSS,1
2025-04-30 16:00:00,2025-05-01 00:00:00,BTCUSDT,94051.632315,94124.914,0.03284917951982986,3.0,2.407243226080919,2.4735940384695487,2.4735409578196377,1.5467364668705672,0.09089787042931237,0.18817043295416022,-2.8189600735917395,0.23374932426873432,SIGNAL_EXIT,2
2025-05-01 00:00:00,2025-05-01 08:00:00,ETHUSDT,1794.5168099999999,1809.6847050000001,1.7169350669564738,3.0,26.04229081741423,2.466828534292928,2.4856889041194257,1.5543327314400113,0.16855813774167028,0.1888631185158801,20.732352122744327,2.5357068123536175,SIGNAL_EXIT,2
2025-05-01 08:00:00,2025-05-01 12:00:00,BTCUSDT,95073.35291999999,96131.919995,0.033060958107787385,3.0,34.997241720858476,2.5165861793875144,2.5425707038206906,1.5899016407079858,0.1829976788455237,0.1934628203767022,29.561624338428043,3.3402642564549634,SIGNAL_EXIT,1
2025-05-01 12:00:00,2025-05-02 00:00:00,ETHUSDT,1846.5027899999998,1837.18095,1.750243801782654,3.0,-16.31549268120933,2.5875340777997415,2.5724116563925348,1.608561566028296,0.14514229272604998,0.19623601994378947,-21.816816728071448,-1.5145127400538354,SIGNAL_EXIT,3
2025-05-02 00:00:00,2025-05-03 20:00:00,BTCUSDT,96538.14494999999,96306.16283,0.03279980131157275,3.0,-7.608967443836969,2.53517371765237,2.5270584047231783,1.580201603753712,-1.120459037658549,1.156615195455024,-12.707355724008991,-0.720902976083091,SIGNAL_EXIT,11
2025-05-03 20:00:00,2025-05-05 00:00:00,ETHUSDT,1839.129105,1799.179139199643,1.700990101958894,3.0,-67.95449640000349,2.5046760639147476,2.4483087259436127,4.597475073754738,0.37601172537505684,0.5679426006929315,-73.85143551592984,-6.516665799874384,STOP_LOSS,8
2025-05-05 04:00:00,2025-05-06 08:00:00,ETHUSDT,1795.39725,1771.5547320661021,1.6191198581411264,3.0,-38.60389425485995,2.327432618676516,2.294687557177687,4.3090026737187515,0.15206255200718088,0.5346501483289869,-43.912727131050325,-3.983940256213134,STOP_LOSS,8
2025-05-06 12:00:00,2025-05-08 04:00:00,BTCUSDT,93859.436265,99103.213605,0.029569009364632706,3.0,155.0533012725088,2.222042073561995,2.3443070809211526,1.4659248880196238,0.10939012849629895,0.8704530418771577,149.5071089476522,16.760522592086126,SIGNAL_EXIT,10
2025-05-08 04:00:00,2025-05-08 08:00:00,BNBUSDT,611.3054999999999,612.43363,5.273129490345521,3.0,5.948775571943785,2.58085913503636,2.583553468185886,1.615528681957238,0.0,0.0,0.7843629687215392,0.5536331670498903,SIGNAL_EXIT,1
2025-05-08 08:00:00,2025-05-09 12:00:00,ETHUSDT,1929.3642,2351.29,1.6719726975837186,3.0,705.4484180061685,2.5827416061612913,3.1450341472812973,24.981780060946974,1.2179874909231476,0.8780683337580114,697.6245864280446,65.60593380969752,STOP_LOSS,8
2025-05-09 16:00:00,2025-05-10 00:00:00,ETHUSDT,2302.43064,2343.86748,2.3093176550031314,3.0,95.6908261795396,4.257040613588598,4.330187642041359,2.707721136844449,0.5384335764875651,0.327589064712185,86.23757528270988,5.399099449093482,SIGNAL_EXIT,2
2025-05-10 00:00:00,2025-05-10 08:00:00,BNBUSDT,666.6231449999999,650.1632208182142,8.36387023741819,3.0,-137.66866997419746,4.464010794267102,4.35030464965233,8.169074830343261,0.5534540213504365,0.3367276728879376,-147.37316711235525,-7.407449458622853,STOP_LOSS,3
2025-05-10 12:00:00,2025-05-12 12:00:00,ETHUSDT,2385.95238,2529.31471,2.1516706365713856,3.0,308.4685158514569,4.110315193197448,4.353801753724056,2.7224873397470266,2.6914520043965044,1.980196772398025,295.3327501277409,18.02579940845256,SIGNAL_EXIT,12
2025-05-12 12:00:00,2025-05-12 16:00:00,BNBUSDT,678.429045,663.3581550000001,8.87207464427843,3.0,-133.710061035708,4.819113793504027,4.708290453640657,2.9441536103299564,0.0,0.0,-143.23746528285267,-6.6643181528290185,SIGNAL_EXIT,1
2025-05-12 16:00:00,2025-05-14 08:00:00,ETHUSDT,2488.1534549999997,2597.6726375,2.2465272352563357,3.0,246.03782626925945,4.475343876825179,4.668593862739127,8.766763638092959,2.206611307546115,1.7408148021396375,232.9464624200094,13.204874757212293,STOP_LOSS,11
2025-05-14 12:00:00,2025-05-15 12:00:00,ETHUSDT,2626.242465,2493.445249873929,2.3942895226564196,3.0,-317.9549808143025,5.034415386633202,4.776023869672453,8.968497501887978,1.5699918579238061,1.1267294512112866,-330.46214137974323,-15.16964448970682,STOP_LOSS,7
2025-05-15 16:00:00,2025-05-17 12:00:00,ETHUSDT,2565.051885,2443.2329586010715,2.065218069811073,3.0,-251.5826480440521,4.241306247321821,4.036647083888722,7.580083407402243,1.789825512931431,1.9229016293461973,-263.5733285175403,-14.247539448769675,STOP_LOSS,12
2025-05-17 16:00:00,2025-05-18 20:00:00,ETHUSDT,2475.71724,2406.9959,1.8206053666051034,3.0,-125.11444040429406,3.6087302588797234,3.5057517223491845,2.19219092192907,0.3866136363635111,1.0918747344711324,-133.7074107563576,-8.327446150514351,SIGNAL_EXIT,7
2025-05-18 20:00:00,2025-05-19 04:00:00,BTCUSDT,103935.92198999999,102510.55302237213,0.03950994690028936,3.0,-56.31625222429698,3.2878324730644652,3.240149205306576,6.084406369504105,0.2451984227597293,0.24905089770219796,-63.33848322312995,-4.114176139501601,STOP_LOSS,3
2025-05-19 08:00:00,2025-05-19 16:00:00,ETHUSDT,2404.9418699999997,2465.396685,1.6285796219880622,3.0,98.45547976005906,3.1358201133289536,3.2120758410463375,2.0085516764921216,-0.19390815998440053,0.23954500099024403,92.06194696467793,7.5413234416348525,SIGNAL_EXIT,2
2025-05-19 16:00:00,2025-05-20 08:00:00,BTCUSDT,104838.81321,104969.18915,0.03999095454630034,3.0,5.213858290471686,3.35676878604418,3.3582544576477225,2.0999590155372543,0.6092223110375765,0.5140633465650382,-2.6244506108228314,0.3730753983418141,SIGNAL_EXIT,4
2025-05-20 08:00:00,2025-05-20 12:00:00,ETHUSDT,2533.56615,2512.9429,1.6517181367528844,3.0,-34.063796063789084,3.350470104578206,3.3205386916435122,2.076374869711736,0.33275983662005326,0.252657980952109,-41.32022267758297,-2.442002550436676,SIGNAL_EXIT,1
2025-05-20 12:00:00,2025-05-27 08:00:00,BTCUSDT,105256.351875,109485.23000000001,0.038580813307518565,3.0,163.15355744087483,3.2513015701520067,3.379223374848585,2.1130711448523876,6.192352194869054,5.114508985177221,145.21617131582798,12.053081974631237,SIGNAL_EXIT,41
2025-05-27 08:00:00,2025-05-29 04:00:00,BNBUSDT,681.350505,685.95685,6.598917331478581,3.0,30.396889855269922,3.5998203813099945,3.621258036889163,2.264418482296368,2.7141940886931235,1.6513463160350588,18.810271032342584,2.028182983441114,SIGNAL_EXIT,11
2025-05-29 04:00:00,2025-05-29 12:00:00,ETHUSDT,2763.88125,2672.2892943750003,1.6471624186830502,3.0,-150.866827159185,3.6449650317876157,3.521355598034838,6.612460436970372,0.4473413111531988,0.2721675024127759,-158.7526566025734,-9.94166688149134,STOP_LOSS,3
2025-05-29 16:00:00,2025-05-29 20:00:00,BNBUSDT,681.5305950000001,674.54256,5.9816600915339055,3.0,-41.800050077742625,3.263958655941439,3.2279074489544923,2.0184513812872913,0.4036842945973487,0.24560608082582627,-48.94120655806172,-3.076032852200897,SIGNAL_EXIT,1
2025-05-29 20:00:00,2025-05-30 00:00:00,ETHUSDT,2651.4450599999996,2558.5250784814284,1.482202388343062,3.0,-137.72621853161934,3.1464997602020914,3.033801585568635,5.696923357977774,0.0,0.0,-143.90651987739005,-10.513510114205932,STOP_LOSS,2
2025-05-30 04:00:00,2025-05-30 16:00:00,ETHUSDT,2632.505595,2536.0247717860716,1.3290015501402752,3.0,-128.22316361012082,2.8011241124963555,2.696304682318262,5.063166028389258,0.2605506619380937,0.2120127902976535,-134.19315585717118,-10.99494224025706,STOP_LOSS,4
2025-05-30 20:00:00,2025-05-30 20:00:00,BNBUSDT,666.663165,654.5391670382144,4.6445443142347465,3.0,-56.31044579920532,2.4790605384391444,2.4320289333690286,4.566904606977434,0.0,0.0,-61.22153527101349,-5.455827739538756,STOP_LOSS,1
2025-05-31 00:00:00,2025-05-31 12:00:00,ETHUSDT,2532.6156749999996,2518.3501950000004,1.1501267117373035,3.0,-16.407109603753252,2.3321288537887117,2.317137463022678,1.448935382079854,0.33138390656118955,0.3522254963835287,-21.739985323509362,-1.689811858247989,SIGNAL_EXIT,3
2025-05-31 12:00:00,2025-05-31 16:00:00,BNBUSDT,654.397035,656.021825,4.351580166276807,3.0,7.070403938365221,2.2799528890122893,2.2837852498517717,1.4280798210678365,0.0,0.0,2.50666579950116,0.7448643162022008,SIGNAL_EXIT,1
2025-05-31 16:00:00,2025-05-31 20:00:00,ETHUSDT,2537.558145,2536.121305,1.125166390926949,3.0,-1.6166840771393056,2.2859688869310917,2.2828467645598356,1.4274929743367868,0.07819837331725893,0.17370125182678775,-6.43739935377428,-0.1698688169369826,SIGNAL_EXIT,1
2025-05-31 20:00:00,2025-06-01 12:00:00,BNBUSDT,658.8592649999999,650.17475,4.3042248050865,3.0,-37.38010488314544,2.2705191284820336,2.2387986292727313,1.3999491178543098,0.5621661933427378,0.3420282566538825,-42.79361709089683,-3.954341448017698,SIGNAL_EXIT,4
2025-06-01 12:00:00,2025-06-02 00:00:00,BTCUSDT,104134.71133499999,105590.10853499999,0.026000938689617847,3.0,37.84169336624166,2.1678144474638814,2.196353550598903,1.3734076729608182,0.11252868954168965,0.1662951778461441,33.19870150079104,4.192830175477262,SIGNAL_EXIT,3
2025-06-02 00:00:00,2025-06-02 08:00:00,BNBUSDT,661.100385,649.6908133510714,4.24612772310087,3.0,-48.4464984872214,2.2474913310657794,2.2069361392111495,4.1442215934110544,0.27883471532058796,0.16964618773782822,-53.34940686055674,-5.177536683295953,STOP_LOSS,3
2025-06-02 16:00:00,2025-06-02 20:00:00,ETHUSDT,2545.662195,2531.183775,1.0398852195296686,3.0,-15.055894960142655,2.119452754600443,2.1057124764286486,1.3167286620987981,0.22616042194868993,0.1602218830539639,-19.667442496174402,-1.7062460245240725,SIGNAL_EXIT,1
2025-06-02 20:00:00,2025-06-03 00:00:00,BNBUSDT,661.43055,665.597035,3.9130961895688388,3.0,16.30385657739559,2.072250892609625,2.0836361771574534,1.302924072759572,0.0,0.0,12.147969507628511,1.8897607617307515,SIGNAL_EXIT,1
2025-06-03 00:00:00,2025-06-05 16:00:00,ETHUSDT,2608.7237099999998,2539.312947113571,1.0061073574807538,3.0,-69.83467922838778,2.101406019427933,2.04385715122968,3.8379891422688623,1.3621385751152197,1.2817542989346487,-76.62383527309525,-7.9821518799047375,STOP_LOSS,17
2025-06-06 12:00:00,2025-06-10 00:00:00,BTCUSDT,103979.953995,110207.88849000001,0.023032982970602422,3.0,143.4479091653626,1.9175088147725048,2.030733135052977,1.2698431309734124,-0.13642746898568126,1.4845911363315354,138.15150354819127,17.96865911856285,SIGNAL_EXIT,21
2025-06-10 00:00:00,2025-06-12 20:00:00,ETHUSDT,2681.470065,2682.802755622305,1.047593815553901,3.0,1.3961184539735112,2.249072423288164,2.2483900601127127,4.222064459400292,2.4849603391463466,1.5808470321874735,-7.167151400761186,0.1491000000000121,STOP_LOSS,18
2025-06-13 00:00:00,2025-06-13 00:00:00,ETHUSDT,2643.9813299999996,2541.0643646121425,1.054321818394987,3.0,-108.50760209141941,2.2318712599263373,2.143279681245261,4.024686431982682,0.0,0.0,-112.88275303259101,-11.677499105622328,STOP_LOSS,1
2025-06-13 08:00:00,2025-06-13 20:00:00,ETHUSDT,2527.72323,2526.45614,0.9689470089482464,3.0,-1.227743065568505,1.9609526526481191,1.9584016960735455,1.2246133667293524,-0.0600206616521077,0.2990697056832019,-5.386146458321264,-0.15038315725732523,SIGNAL_EXIT,3
2025-06-13 20:00:00,2025-06-14 00:00:00,BTCUSDT,105162.56500499998,106013.556705,0.023136411235484367,3.0,19.688893929184246,1.9480259011481478,1.9622185955705769,1.2270001222927822,0.0,0.0,15.77864943246552,2.427646282570854,SIGNAL_EXIT,1
2025-06-14 00:00:00,2025-06-15 00:00:00,ETHUSDT,2580.479595,2529.5046150000003,0.9612098599341163,3.0,-48.997653385943906,1.985894659786065,1.945107821349481,1.21630053861244,0.1704879373370006,0.44415103323631777,-53.543294837652766,-5.9262216332308775,SIGNAL_EXIT,6
2025-06-15 00:00:00,2025-06-17 16:00:00,BTCUSDT,105467.337315,104189.49919,0.021996203834544936,3.0,-28.107587865052594,1.8573907521756985,1.8334187692819157,1.1464599607814356,0.46173932487226876,1.1381055140166538,-33.39824222539913,-3.6347882411693027,SIGNAL_EXIT,16
2025-06-20 08:00:00,2025-06-20 12:00:00,BTCUSDT,105864.64587,104264.66356958785,0.020967967732102254,3.0,-33.54837724697654,1.7772349708347415,1.7489744810604924,3.2842535322868076,0.07921927353429999,0.1351974757063528,-37.28900344811243,-4.5340414278915,STOP_LOSS,2
2025-06-24 00:00:00,2025-06-30 16:00:00,BTCUSDT,105386.60697,107526.67976500001,0.02000243695516835,3.0,42.80667116145871,1.6877413625592717,1.720636506398391,1.0759357843910522,0.9002727814757769,2.6068135543179154,35.89120695670735,6.092062900201031,SIGNAL_EXIT,40
2025-06-30 16:00:00,2025-07-01 00:00:00,SOLUSDT,157.908915,153.22908323464287,14.030724255245218,3.0,-65.66142906066341,1.7738802592553686,1.7199320117994337,3.229717097770424,0.018439515956697818,0.1346795872385756,-69.30836043491348,-8.890881997429599,STOP_LOSS,3
2025-07-01 04:00:00,2025-07-01 04:00:00,SOLUSDT,154.006965,149.38647723107144,13.037187652975685,3.0,-60.23816609180072,1.6075401942115763,1.5580636291827663,2.9257579416298802,0.0,0.0,-63.40376991519506,-9.000543129192701,STOP_LOSS,1
2025-07-01 08:00:00,2025-07-01 12:00:00,BTCUSDT,107232.579495,106552.487105,0.016951551202377145,3.0,-11.528620971432135,1.4553711464151082,1.4449839527208304,0.9035667538274449,0.019029117620604077,0.1099480524554188,-14.557953240644098,-1.9026653836068066,SIGNAL_EXIT,1
2025-07-01 12:00:00,2025-07-01 12:00:00,BNBUSDT,652.60614,645.8769406114286,2.7185150927913666,3.0,-18.293430100233714,1.4204320586375625,1.4046609689104654,2.6376958604977645,0.0,0.0,-21.118523127781742,-3.093381586283286,STOP_LOSS,1
2025-07-01 16:00:00,2025-07-02 08:00:00,BTCUSDT,106008.16759499999,107026.46,0.01613851833423418,3.0,16.433730647704152,1.3697476031308864,1.381798789566545,0.8640562716147946,0.03787014554926106,0.20776036028624711,13.436553749171212,2.881737590891186,SIGNAL_EXIT,4
2025-07-02 08:00:00,2025-07-02 20:00:00,BNBUSDT,657.658665,663.5180750000001,2.6626155223378563,3.0,15.601356017741725,1.4019953321288972,1.4133548206773874,0.8837886572518747,0.3517208600387415,0.21399094077952174,12.220294064117176,2.6728500566475586,SIGNAL_EXIT,3
2025-07-02 20:00:00,2025-07-04 12:00:00,BTCUSDT,109730.97807,108114.78904843071,0.01629187814379235,3.0,-26.330754596741755,1.4313240378827787,1.4091143749750792,2.6460585408895967,0.4060477891801951,0.5413570982832739,-30.118597897063083,-4.418594593784478,STOP_LOSS,11
2025-07-04 16:00:00,2025-07-06 12:00:00,BTCUSDT,107627.076645,108021.962,0.01577149790900887,3.0,6.227933550680817,1.3590394029298278,1.3629345182480286,0.8522602040070287,0.28716836547548896,0.6217963751152765,2.5969948889121954,1.1007044899189433,SIGNAL_EXIT,11
2025-07-06 12:00:00,2025-07-07 04:00:00,BNBUSDT,656.78823,660.50958,2.5963086551328094,3.0,9.661773213778556,1.3652721906632173,1.3719093914817095,0.8578723058289925,0.3437278991616878,0.2091279331731312,6.3717357992988095,1.6997944679977122,SIGNAL_EXIT,4
2025-07-07 04:00:00,2025-07-07 08:00:00,BTCUSDT,109444.15473,109006.53946500001,0.01575529442960445,3.0,-6.894757346964151,1.3805643565815342,1.3739440992186978,0.8591446343288197,0.0,0.0,-9.649265802764383,-1.199557708896161,SIGNAL_EXIT,1
2025-07-07 08:00:00,2025-07-07 16:00:00,BNBUSDT,663.1213949999999,657.6377421932142,2.5566966395345614,3.0,-14.020036703483262,1.3574061186549,1.3451041643971897,2.5258590968900996,0.16933257513301353,0.10302384980333928,-16.994903411471704,-2.4808366227358865,STOP_LOSS,3
2025-07-07 20:00:00,2025-07-08 12:00:00,BNBUSDT,661.77072,660.779445,2.4849336334096837,3.0,-2.463252587458118,1.3166183504673679,1.3135944537170274,0.8214072371917478,0.3282249439025515,0.19969576022666452,-5.621386095771729,-0.4493739160898385,SIGNAL_EXIT,4
2025-07-08 12:00:00,2025-07-11 08:00:00,ETHUSDT,2576.4475799999996,2967.3255950000002,0.631724730364224,3.0,246.92730863117856,1.3031270238375159,1.4996263691233889,0.9377353483761145,0.6810848718051971,0.8430518104132753,242.60041855599923,45.513599970079824,SIGNAL_EXIT,17
2025-07-11 08:00:00,2025-07-11 16:00:00,BTCUSDT,117585.64344,116844.12871,0.020026464103486477,3.0,-14.849918122551374,1.8853680283719136,1.8719797994511753,1.170572660987423,0.23595562512192148,0.14355806532628881,-18.98677964082267,-1.8918501654796798,SIGNAL_EXIT,2
2025-07-11 16:00:00,2025-07-12 00:00:00,ETHUSDT,2952.565545,2956.730895,0.7782756595112914,3.0,3.2417905183455265,1.8397997572339395,1.840921349842829,1.1511514193613634,0.23407418735461602,0.1424133773546983,-0.8154181534405563,0.42322684490991214,SIGNAL_EXIT,2
2025-07-12 00:00:00,2025-07-15 04:00:00,BTCUSDT,117586.42383,117089.88577000001,0.01952151893527347,3.0,-9.693177140373793,1.8378427536656823,1.8286179377504506,1.1434579400640312,2.2717058999193953,1.4100833678741231,-17.041427099583444,-1.2668249713534765,SIGNAL_EXIT,19
2025-07-15 04:00:00,2025-07-18 08:00:00,ETHUSDT,2953.265895,3602.29795,0.7599661856572268,3.0,493.24241520762155,1.7969433286266825,2.190099706129878,1.3694970648634393,2.237710554107291,1.3614483559858792,485.65621326277176,65.93026954655569,SIGNAL_EXIT,19
2025-07-18 08:00:00,2025-07-18 12:00:00,BNBUSDT,740.65014,736.581525,4.995861179923912,3.0,-20.32623573455567,2.9625182404573343,2.9438872372773237,1.8408499482724108,0.3681699896544927,0.22399877688310454,-26.824809978827926,-1.6479906423834239,SIGNAL_EXIT,1
2025-07-18 12:00:00,2025-07-18 16:00:00,ETHUSDT,3612.0351149999997,3561.89816,1.0021428686854492,3.0,-50.24439191085276,2.8981386965081475,2.8556246720222584,1.7856582491381274,0.0,0.0,-55.99815527938317,-4.164158437313489,SIGNAL_EXIT,1
2025-07-18 16:00:00,2025-07-18 20:00:00,BNBUSDT,738.1789049999999,731.4740800000001,4.67625820555411,3.0,-31.353492923053405,2.7637431238376284,2.7364493350001156,1.7111364025761733,0.3422319567734776,0.20821778494089438,-37.40413512360552,-2.7248780564922006,SIGNAL_EXIT,1
2025-07-18 20:00:00,2025-07-21 04:00:00,ETHUSDT,3553.365795,3755.50131,0.9398955015906764,3.0,189.98626126021463,2.673973199540975,2.823823029989514,1.7657722798833935,2.410395850067347,1.4665120389792965,180.61155714163752,17.065694329958504,SIGNAL_EXIT,14
2025-07-21 04:00:00,2025-07-21 08:00:00,BNBUSDT,763.5816,760.0198,5.082880113814226,3.0,-18.104202389383246,3.107440936680904,3.0904716220200523,1.9325110192718904,0.0,0.0,-24.302114948084203,-1.3993789268887364,SIGNAL_EXIT,1
2025-07-21 08:00:00,2025-07-23 04:00:00,SOLUSDT,190.15502999999998,201.29930000000002,20.027583336323378,3.0,223.19279614748922,3.049115860805502,3.225230805034849,2.0167776419675465,2.3759523215213876,1.4455562074812607,213.0969409526462,17.581869908989578,SIGNAL_EXIT,11
2025-07-23 04:00:00,2025-07-23 16:00:00,BNBUSDT,797.488545,772.3807334325,5.5764125117881465,3.0,-140.01151456862613,3.5605485190918533,3.445690868621679,6.4703759425795315,0.4508306459280245,0.27429045307051453,-147.7428750553382,-9.445080455983224,STOP_LOSS,4
2025-07-23 20:00:00,2025-07-24 04:00:00,BNBUSDT,771.20541,743.2249692064287,5.192197832325687,3.0,-145.27998403589837,3.2059656189590418,3.0871768592351554,5.797152339574845,0.40470066784279335,0.24622445377917304,-152.22405163571455,-10.884431215376722,STOP_LOSS,3
2025-07-24 08:00:00,2025-07-24 12:00:00,ETHUSDT,3593.69595,3653.29244,0.9872688981650285,3.0,58.83776101680349,2.840627895033327,2.885425601530743,1.8042931475302042,0.36085862950609593,0.21955046285259466,52.53129842788073,4.9750861644263775,SIGNAL_EXIT,1
2025-07-24 12:00:00,2025-07-25 00:00:00,BNBUSDT,770.5851,770.35463,4.808569567545546,3.0,-1.1082310282320702,2.9667030112602415,2.9634430640286475,1.8530784542448646,0.37456352646396035,0.22788867683562872,-7.640829306820549,-0.0897253268976918,SIGNAL_EXIT,3
2025-07-25 00:00:00,2025-07-25 00:00:00,ETHUSDT,3708.8034749999997,3569.081453180357,0.99290996030301,3.0,-138.73138713839762,2.948365020923872,2.8350212191964146,5.323650261385136,0.0,0.0,-144.5147733785179,-11.301921719077546,STOP_LOSS,1
2025-07-25 04:00:00,2025-07-25 20:00:00,ETHUSDT,3597.808005,3639.3294250000004,0.9031361378758371,3.0,37.49949489792098,2.601529564815429,2.6294479370819133,1.644227074213063,0.664934884647223,0.4045538882939982,31.19902862308242,3.4622264397346982,SIGNAL_EXIT,4
2025-07-25 20:00:00,2025-07-29 00:00:00,BNBUSDT,774.70716,816.8179325,4.314962875333464,3.0,181.7064199891131,2.6764072335108264,2.8196312437153086,5.29475070802814,3.1479466459965257,1.9152462672425434,171.14718859864792,16.307105965046176,STOP_LOSS,20
2025-07-29 04:00:00,2025-07-29 12:00:00,BNBUSDT,829.49454,803.6807792614286,4.648449460798536,3.0,-119.99396218639478,3.087160486147582,2.9886955880095476,5.612222561359652,0.384101378945783,0.23369161393005275,-126.68761125342775,-9.335960453183247,STOP_LOSS,3
2025-07-29 16:00:00,2025-07-30 04:00:00,BNBUSDT,805.6826399999999,804.2076950000001,4.31448375715909,3.0,-6.36362624520224,2.783110219139355,2.775792829967882,1.7357383879236967,0.6938595923100821,0.4221520068811815,-13.038540893500741,-0.549203219768948,SIGNAL_EXIT,3
2025-07-30 04:00:00,2025-07-30 16:00:00,ETHUSDT,3819.3687299999997,3698.167431190714,0.8998922535354936,3.0,-109.06810991691677,2.751817720994953,2.6623617788846237,4.999427476623461,0.17190487783719643,0.2057620849884871,-114.85995637962203,-9.519999825412429,STOP_LOSS,4
2025-07-30 20:00:00,2025-07-31 16:00:00,ETHUSDT,3762.550335,3786.495805,0.8219733566113586,3.0,19.68253835153668,2.4761538256838604,2.489918933304543,1.5569778222263326,0.326788139514206,0.385163874895348,14.004513578138727,1.9092478134249424,SIGNAL_EXIT,5
2025-07-31 16:00:00,2025-08-01 00:00:00,BNBUSDT,800.1898949999999,782.7384350000001,3.917440194843963,3.0,-68.36505086271073,2.509764658271393,2.4530648058546074,1.5339324698936865,0.31189875343308665,0.18976272168717717,-73.82954180195699,-6.542744456926605,SIGNAL_EXIT,2
2025-08-01 00:00:00,2025-08-01 08:00:00,ETHUSDT,3700.2391949999997,3585.654775850357,0.7873503495698805,3.0,-90.2180824727328,2.3325737579466956,2.258533232962152,4.241111479022342,-0.03442198411816311,0.1774807086865566,-94.95224818821004,-9.290028004498446,STOP_LOSS,3
2025-08-01 12:00:00,2025-08-01 16:00:00,ETHUSDT,3644.5413599999997,3526.08428796,0.721285754459498,3.0,-85.44139857743431,2.1046883622949917,2.0346514927432082,3.8207026027976227,0.0,0.0,-89.58073843247251,-9.750780167302016,STOP_LOSS,2
2025-08-04 16:00:00,2025-08-04 20:00:00,ETHUSDT,3650.7144449999996,3667.895135,0.6465114099005532,3.0,11.10751211496472,1.889694590057058,1.8970688440769843,1.186261158127055,0.026406173379910993,0.14434693535656593,7.149995572094201,1.4118351565566445,SIGNAL_EXIT,1
2025-08-05 00:00:00,2025-08-05 04:00:00,ETHUSDT,3722.8504949999997,3650.11403,0.6397413414551247,3.0,-46.532523691803405,1.9068545794300842,1.8681030768130973,1.168148497256731,0.0034343565819350335,0.14214294589785556,-50.45305865052637,-5.861352619264892,SIGNAL_EXIT,1
2025-08-05 12:00:00,2025-08-05 12:00:00,ETHUSDT,3675.6369,3575.596162864286,0.6068127352561286,3.0,-60.70599333836206,1.785767238668821,1.7357738302071961,3.259465129332415,0.0,0.0,-64.22753440723808,-8.16517571164721,STOP_LOSS,1
2025-08-06 16:00:00,2025-08-07 04:00:00,ETHUSDT,3666.5323499999995,3654.9516100000005,0.5558098577688046,3.0,-6.436689452256934,1.6316211560914498,1.6251665076047712,1.0162371858457224,0.2548295143071962,0.24822470784162243,-10.196531338101973,-0.9475498013810489,SIGNAL_EXIT,3
2025-08-07 08:00:00,2025-08-14 04:00:00,ETHUSDT,3704.261205,4771.702955000001,0.5418974501338187,3.0,578.4439624913816,1.6071494808800053,2.0686189312884067,1.2935335988544043,4.191574030503,2.950223080772682,567.6263969679375,86.44976886828375,SIGNAL_EXIT,41
2025-08-14 04:00:00,2025-08-14 08:00:00,SOLUSDT,208.04396999999997,205.567165,17.82722464472398,3.0,-44.1545591361753,2.9694528336030555,2.9317536240272326,1.8332626463401709,0.0,0.0,-50.05576559380559,-3.5715598966891258,SIGNAL_EXIT,1
2025-08-14 08:00:00,2025-08-14 12:00:00,ETHUSDT,4750.744185,4599.153662293928,0.7491035693866193,3.0,-113.55700164430127,2.849318996177922,2.7561939396655393,5.175627077489268,0.35343979879728654,0.21503676252021386,-119.73099114146223,-9.572638525856842,STOP_LOSS,2
2025-08-14 16:00:00,2025-08-15 12:00:00,ETHUSDT,4621.179435,4445.265091918929,0.6924409346551543,3.0,-121.81029214230422,2.561964617438413,2.462466812030619,4.624061364604073,0.9484603925161799,0.5816419593327385,-128.36482592362216,-11.420093867080336,STOP_LOSS,6
2025-08-15 16:00:00,2025-08-17 04:00:00,ETHUSDT,4433.085435,4450.55361,0.6350221411854943,3.0,11.092677891102905,2.2538890352217202,2.260960066306425,1.4138069449138522,0.9971898496184854,0.8528724534836122,4.727766486472663,1.1821230555643447,SIGNAL_EXIT,9
2025-08-17 04:00:00,2025-08-18 04:00:00,BNBUSDT,844.98228,835.2821500000001,3.3483298109065416,3.0,-32.47923444866831,2.265235674789254,2.237440098690488,1.399099611487065,0.8532816723518013,0.5191461996208389,-38.354338094120685,-3.443905356216405,SIGNAL_EXIT,6
2025-08-22 16:00:00,2025-08-23 04:00:00,BNBUSDT,876.65811,882.328615,3.0961994909746995,3.0,17.557014694569638,2.1731852633633646,2.1854923269083297,1.3666160123237698,0.5503123051268611,0.3348162172800129,12.31320858189107,1.9404959363234713,SIGNAL_EXIT,3
2025-09-09 08:00:00,2025-09-09 12:00:00,SOLUSDT,219.33961499999998,217.13138,12.54319001146199,3.0,-27.698311194960436,2.202736963959903,2.1788161254327663,1.3624412990450256,0.27250080299901175,0.16579256399666087,-32.51815765134878,-3.0202957181263956,SIGNAL_EXIT,1
2025-09-10 16:00:00,2025-09-12 20:00:00,SOLUSDT,223.27157999999997,240.8795,11.885713527042876,3.0,209.28269292708922,2.124693385596666,2.29041978522986,1.43222848000858,0.5732706211449744,1.1659985305735312,203.1283106045442,23.65897173298998,SIGNAL_EXIT,13
2025-09-12 20:00:00,2025-09-14 04:00:00,BNBUSDT,924.652095,930.584475,3.5285049156552404,3.0,20.932431991534717,2.6122013310475714,2.626857515575961,1.6426072508602536,1.3161640900836455,0.8007690866734477,13.57643996815409,1.9247390555038866,SIGNAL_EXIT,8
2025-09-14 04:00:00,2025-09-14 08:00:00,SOLUSDT,247.01344499999996,246.2768,13.373102824127473,3.0,-9.851229329878755,2.6447847869711416,2.6347879756776615,1.6475662679324659,0.0,0.0,-15.13080209252756,-0.8946618270110195,SIGNAL_EXIT,1
2025-09-14 08:00:00,2025-09-14 12:00:00,BNBUSDT,937.9487399999999,931.184175,3.4735161609944645,3.0,-23.49682584959734,2.6084708619490753,2.587586624579838,1.61805066569523,0.32360665962288826,0.19688594394882544,-29.21337593969797,-2.16362516783165,SIGNAL_EXIT,1
2025-09-14 12:00:00,2025-09-14 20:00:00,SOLUSDT,246.22304999999997,239.68833453214285,12.87617097935208,3.0,-84.14211366554508,2.5383587596938,2.4690143817536088,4.636356500538611,0.18151675103290138,0.18998252181627032,-89.52098607984168,-7.961946049962171,STOP_LOSS,3
2025-09-15 00:00:00,2025-09-15 04:00:00,BNBUSDT,926.973255,931.843845,3.1306857747310324,3.0,15.248286827547197,2.323508393102179,2.333848215849735,1.4593848273196126,0.29187696546394887,0.177581239920267,10.121472013211067,1.5762881961464983,SIGNAL_EXIT,1
2025-09-15 04:00:00,2025-09-15 08:00:00,SOLUSDT,242.771325,235.7047367625,12.078865193372502,3.0,-85.3563666978341,2.347799925933886,2.2776365926348716,4.27698408732112,0.0,0.0,-89.98180321640287,-8.732400629481244,STOP_LOSS,2
2025-09-15 12:00:00,2025-09-15 16:00:00,SOLUSDT,236.57823,232.88350000000003,11.254935224470714,3.0,-41.58394682190828,2.1318435982145187,2.096870965878421,1.3111999536505412,0.0,0.0,-45.81266138600122,-4.685211314667412,SIGNAL_EXIT,1
2025-09-15 16:00:00,2025-09-22 00:00:00,BNBUSDT,916.9682549999999,1027.75255525,2.754015318010389,3.0,305.10165988356215,2.021893210888116,2.2643570242262547,4.2520474916618225,5.1485517705762005,3.1324370039249825,292.53442087394666,36.24475535960621,STOP_LOSS,39
2025-09-22 04:00:00,2025-09-22 04:00:00,BNBUSDT,1030.45497,999.4217995092858,3.3016928439007858,3.0,-102.46199693274396,2.7239758209855878,2.639827042782604,4.957111372275542,0.0,0.0,-107.82579979651214,-9.034796685210074,STOP_LOSS,1
2025-09-29 16:00:00,2025-09-30 12:00:00,BNBUSDT,1011.575535,1013.8528200000001,3.043793643092579,3.0,6.931585606510449,2.4651939014739592,2.4687670148379883,1.5437512599035375,0.9307281763912059,0.5662655267419305,0.5006309870653647,0.6753677568922583,SIGNAL_EXIT,5
2025-09-30 20:00:00,2025-10-01 16:00:00,BNBUSDT,1007.7936449999999,1018.8103400000001,3.056705000742292,3.0,33.67478669815338,2.4663954158429156,2.491362128868764,1.5578802706781327,0.6199700783655538,0.37719679267810713,27.719862282398044,3.279449633759177,SIGNAL_EXIT,5
2025-10-01 16:00:00,2025-10-02 12:00:00,BTCUSDT,117482.44186499999,118706.33714,0.026928457421755498,3.0,32.9576118015257,2.532923085320671,2.557262836293635,1.5990888170920108,0.8140723437684764,0.5815174678491036,26.471836068293815,3.1253060174040432,SIGNAL_EXIT,5
2025-10-02 12:00:00,2025-10-02 16:00:00,BNBUSDT,1048.333905,1055.15216,3.0934541884952536,3.0,21.091959487979125,2.596455491884576,2.6112518950814514,1.6328488588552394,0.0,0.0,15.884252101013097,1.9511688883133478,SIGNAL_EXIT,1
2025-10-02 16:00:00,2025-10-03 00:00:00,BTCUSDT,119970.73538999999,120469.08532500001,0.027428251837957097,3.0,13.668867520610103,2.634577696927007,2.6434051287859535,1.652954682832597,0.3162868629807465,0.20164780159311183,7.872950030323284,1.2461787452914774,SIGNAL_EXIT,2
2025-10-03 00:00:00,2025-10-07 16:00:00,BNBUSDT,1090.76511,1280.56676425,3.038406223382712,3.0,576.6945274815337,2.653472776999783,3.11270562076341,5.845090674943438,5.013759184578068,3.0504276733306366,562.8641622258617,52.20234471471129,STOP_LOSS,29
2025-10-07 20:00:00,2025-10-09 12:00:00,BNBUSDT,1297.62849,1243.8545481578572,3.854284296086142,3.0,-207.2600595808209,4.004346766341852,3.8353352412641226,7.202056662363904,2.4919528230758305,1.5161322218120499,-219.10782663331474,-12.432050218505044,STOP_LOSS,11
2025-10-09 16:00:00,2025-10-10 20:00:00,BNBUSDT,1240.269825,1234.96221,3.502972822905652,3.0,-18.592431099446973,3.4784879824218966,3.460831247156402,2.16410158026293,1.7540681024233074,1.0671948299784362,-28.353013261427016,-1.2838210427316095,SIGNAL_EXIT,7
2025-10-26 16:00:00,2025-10-27 00:00:00,BTCUSDT,113751.81748499999,114502.13029500001,0.03744679066823874,3.0,28.09680673176865,3.4104407505944714,3.4301898433794107,2.144941122673227,0.2936568617674665,0.25878352972087054,20.70373574630643,1.9788153541343418,SIGNAL_EXIT,2
2025-10-27 00:00:00,2025-10-28 00:00:00,ETHUSDT,4160.539229999999,4081.302365440714,1.0387360332053939,3.0,-82.30618637594533,3.460129716385607,3.391516663511742,6.368646714155478,1.210110079024739,0.793839853103897,-91.16178268797131,-5.7134563703622785,STOP_LOSS,7
2025-10-28 16:00:00,2025-10-28 20:00:00,BTCUSDT,114698.70069,112783.12400360785,0.03529626256989608,3.0,-67.61269769566863,3.241341437934476,3.1846582066275935,5.980204444092874,0.3132416455158075,0.2441452118706432,-74.59608419761715,-5.010283485868175,STOP_LOSS,2
2026-01-02 20:00:00,2026-01-03 04:00:00,ETHUSDT,3125.191815,3123.99722,1.2238692728015426,3.0,-1.46202811394228,3.0623108358601945,3.0586913647003526,1.912638422148486,0.38252768442975893,0.23273416042574122,-8.198292159358326,-0.11467408121314969,SIGNAL_EXIT,2
2026-01-03 04:00:00,2026-01-03 04:00:00,SOLUSDT,132.89641500000002,129.74601076609875,28.595587273084007,3.0,-90.08765921601713,3.042634934677735,2.968130699357179,5.573605469498485,0.0,0.0,-96.09842485005204,-7.1117138123732,STOP_LOSS,1
2026-01-03 12:00:00,2026-01-03 16:00:00,ETHUSDT,3100.04925,3099.7693400000003,1.1329453540397703,3.0,-0.3171227340489834,2.8119987150376096,2.8094954178783405,1.756813042695174,0.0,0.0,-5.938616866964933,-0.027087634172238896,SIGNAL_EXIT,1
2026-01-03 16:00:00,2026-01-04 08:00:00,SOLUSDT,131.54574,133.7331,26.564028581705195,3.0,58.105093558479005,2.797746034556894,2.8419919125760313,1.7771335121161826,0.5825890087780847,0.4305518116459815,51.45221479092201,4.988439762473522,SIGNAL_EXIT,4
2026-01-04 08:00:00,2026-01-04 12:00:00,BTCUSDT,91577.76599999999,91254.359995,0.03984174451491673,3.0,-12.885059425799188,2.9212313500551064,2.908586317434423,1.818775836314217,0.21145085556993762,0.22131272487409825,-19.147640673732752,-1.059447131523112,SIGNAL_EXIT,1
2026-01-04 12:00:00,2026-01-04 20:00:00,SOLUSDT,134.45719499999998,133.48322500000003,26.70902801843551,3.0,-26.01379201911434,2.8752770124381484,2.852165757212906,1.7834953459304568,0.1604909276185797,0.2170359894831392,-32.11876170586711,-2.1731153918537833,SIGNAL_EXIT,2
2026-01-04 20:00:00,2026-01-05 00:00:00,BNBUSDT,892.9662599999999,894.982285,3.913856485961452,3.0,7.890432522110933,2.7981919843440672,2.8022657767742807,1.752292256611851,0.0,0.0,2.2899747609925853,0.6773016261555483,SIGNAL_EXIT,1
2026-01-05 00:00:00,2026-01-06 12:00:00,BTCUSDT,91575.50487,93793.07000500002,0.0382395513053456,3.0,84.79869575277858,2.8036879237704495,2.8692839300336557,1.7941995560486492,1.1585806363864386,1.0886453195406491,76.87849794304739,7.264710595310567,SIGNAL_EXIT,9
2026-01-06 12:00:00,2026-01-06 20:00:00,SOLUSDT,139.56975,137.46123500000002,26.741161334912267,3.0,-56.38413979208208,2.988196318833764,2.9406984499450317,1.8388559591948372,0.36777119183904844,0.22375614379134437,-62.904561896491266,-4.532174772828602,SIGNAL_EXIT,2
2026-01-06 20:00:00,2026-01-07 08:00:00,ETHUSDT,3225.1817849999998,3253.682345,1.0987580619374135,3.0,31.315220069731417,2.8372253702821846,2.8600077660417433,1.7883990533024958,0.15255187147785754,0.21838654191065482,25.24704852001898,2.65106544994335,SIGNAL_EXIT,3
2026-01-07 08:00:00,2026-01-07 12:00:00,BNBUSDT,919.2694049999999,899.3323085710714,3.9372299572246257,3.0,-78.49693332005339,2.89781828673023,2.832702485444803,5.3192961043655425,0.35846116422555885,0.21809181791805238,-84.80400707437202,-6.5063939865142695,STOP_LOSS,2
2026-01-07 16:00:00,2026-01-07 20:00:00,BNBUSDT,899.88972,896.6714400000001,3.7395321601406004,3.0,-12.034861560337053,2.6942886697517374,2.6825053495676667,1.6774045457524038,0.3354809091505335,0.20411037137457358,-17.951246860181563,-1.0728914649674859,SIGNAL_EXIT,1
2026-01-07 20:00:00,2026-01-08 12:00:00,SOLUSDT,135.82788,134.73260000000002,24.37905893055122,3.0,-26.70189566545351,2.6512056772873014,2.6277231962131085,1.6431485719189605,0.106204803116041,0.4027615582631,-32.48979090033306,-2.4191204338902454,SIGNAL_EXIT,4
2026-01-08 16:00:00,2026-01-09 20:00:00,SOLUSDT,136.478205,135.73210000000003,23.54928754909255,3.0,-17.57024118681503,2.5732301791265018,2.5571154020337485,1.5989966245829206,0.6232144944181643,0.7915024972694621,-24.115303759662904,-1.640053076606565,SIGNAL_EXIT,7
2026-01-10 00:00:00,2026-01-10 04:00:00,SOLUSDT,136.02798,136.081925,23.095810576464004,3.0,1.245903501547323,2.5153534501033104,2.5143378901444655,1.5722473049926307,-0.3058021008210971,0.19131460095737007,-3.6693003388367256,0.11897184682151157,SIGNAL_EXIT,1
2026-01-10 04:00:00,2026-01-11 16:00:00,BNBUSDT,907.7636549999999,908.18568,3.4487802493957935,3.0,1.4554714847519141,2.5065471292901016,2.5057062687744707,1.5668498429052857,1.2552353034713402,0.7636993252544466,-5.575716542038445,0.13947187607996592,SIGNAL_EXIT,9
2026-01-11 16:00:00,2026-01-13 20:00:00,SOLUSDT,138.50922,144.16788000000003,22.48199503669808,3.0,127.21796603436255,2.4931654095892095,2.5929452500890284,1.6214014820463052,1.0159716097463225,1.3511561041722246,119.76472766076577,12.256209370033329,SIGNAL_EXIT,13
2026-01-13 20:00:00,2026-01-14 00:00:00,BNBUSDT,941.97075,943.258135,3.686919518692945,3.0,4.746484884572833,2.7806007559750463,2.7821734632779243,1.739728278687972,0.0,0.0,-0.8162893346801372,0.41000795406866475,SIGNAL_EXIT,1
2026-01-14 00:00:00,2026-01-14 04:00:00,BTCUSDT,95461.696995,95673.129505,0.03635514080045079,3.0,7.686658670842673,2.7786416615718137,2.7825680751792308,1.7399750345043006,0.0044891355890210195,0.21172408968034329,1.9092357088222647,0.664452392914426,SIGNAL_EXIT,1
2026-01-14 04:00:00,2026-01-14 12:00:00,ETHUSDT,3353.61597,3284.57689,1.0365666764951509,3.0,-71.56360970388286,2.783223827272988,2.723746360448063,1.7031930718159254,0.34063861436318943,0.20724837743596589,-77.61846688340306,-6.175937908597211,SIGNAL_EXIT,2
2026-01-14 12:00:00,2026-01-17 04:00:00,BTCUSDT,94840.39649999999,95325.25353,0.034200378358121626,3.0,16.5822938755956,2.5969395067528214,2.608127790247895,1.6308953165632352,0.8274381633011921,1.5949427832193952,8.954845632074296,1.5337041426224336,SIGNAL_EXIT,16
2026-01-17 04:00:00,2026-01-19 00:00:00,BNBUSDT,938.1188249999999,932.0437450000001,3.486147385648059,3.0,-21.178624259602266,2.618431136269799,2.5993934919531014,1.6254336492951016,1.6532426469906505,1.005851484974158,-29.055543019789976,-1.942743234046021,SIGNAL_EXIT,11
2026-01-19 00:00:00,2026-01-19 00:00:00,ETHUSDT,3285.6820199999997,3240.079956077143,0.9688471294750721,3.0,-44.18142872979857,2.548697833022303,2.5113137317720464,4.7157869274636,0.0,0.0,-49.24144029459292,-4.16370759360854,STOP_LOSS,1
2026-01-19 04:00:00,2026-01-20 08:00:00,BNBUSDT,925.632585,917.3111150000001,3.279613856741857,3.0,-27.29120832046121,2.43051837631528,2.4067409949578584,1.5049656046506448,0.9125263187275677,0.5551913111126733,-33.59618532157459,-2.6970107151099905,SIGNAL_EXIT,7
2026-03-04 16:00:00,2026-03-05 16:00:00,BTCUSDT,73433.568435,70704.11445440685,0.039968226921939215,3.0,-109.09143606933696,2.349887531543501,2.2607344726627967,4.245245003748199,0.38583234024888313,0.5326051933116017,-114.62049560710373,-11.150706844686956,STOP_LOSS,7
2026-03-10 16:00:00,2026-03-10 16:00:00,BTCUSDT,71381.843085,70099.82911060477,0.03630367355715607,3.0,-46.541816822156726,2.0747983420864524,2.0359050499550575,3.823056553495693,0.0,0.0,-50.65252021419823,-5.387983494074127,STOP_LOSS,1
2026-03-13 04:00:00,2026-03-14 04:00:00,BNBUSDT,661.900785,651.2085020644042,3.6857293267478117,3.0,-39.40886078561067,1.9532322935723767,1.92014261910903,3.605675924716177,0.730061893583553,0.44417789555619624,-44.456475487431824,-4.846171742610554,STOP_LOSS,7
2026-03-15 08:00:00,2026-03-16 00:00:00,BNBUSDT,660.35001,673.433115,3.4925787367683587,3.0,45.69377433390796,1.8465367524025407,1.8816145424677448,1.1765973877359932,0.46176431252435507,0.2809426192254042,41.222916107287915,5.943713849568979,SIGNAL_EXIT,4
2026-03-16 00:00:00,2026-03-18 12:00:00,ETHUSDT,2179.379145,2180.462296435065,1.1149479073655997,3.0,1.2076574258860433,1.9454717510600317,1.9448814995998924,3.6521310082618816,0.8945129685703768,1.2490754029194382,-4.826284196263696,0.149100000000034,STOP_LOSS,16
2026-03-18 16:00:00,2026-03-18 20:00:00,ETHUSDT,2188.7638349999997,2184.757075,1.1035575921635512,3.0,-4.421690417976964,1.9338886689889991,1.9288042057194263,1.2061056814152642,0.03138286983042739,0.14676166174344502,-8.462527824259261,-0.5491812231080324,SIGNAL_EXIT,1
2026-03-19 00:00:00,2026-03-19 08:00:00,ETHUSDT,2204.4916949999997,2165.59666,1.0841772185316676,3.0,-42.169110860991374,1.9135786022107772,1.8783124506402158,1.1745325479237498,-0.009114354791384607,0.1459283242093192,-46.0978158832603,-5.293061673339562,SIGNAL_EXIT,2
2026-03-24 00:00:00,2026-03-24 04:00:00,SOLUSDT,91.48571999999999,90.29483,24.61451755825499,3.0,-29.31318281494984,1.8029438440909522,1.7780509427637197,1.111837758106349,0.22239216613883384,0.13530590380338203,-33.251875671746724,-3.9051668391525434,SIGNAL_EXIT,1
2026-03-24 08:00:00,2026-03-24 12:00:00,SOLUSDT,91.75585499999998,89.07282434497628,23.455735209006246,3.0,-62.932456601882485,1.72313934247876,1.6714148657232712,3.1386107894152873,0.059366855179199284,0.13096252613159953,-66.51734019139532,-8.772292476672034,STOP_LOSS,2
2026-03-25 08:00:00,2026-03-26 04:00:00,SOLUSDT,91.86590999999999,89.13495240359649,21.257163400419643,3.0,-58.05241186636646,1.5634977260194112,1.5158049983455026,2.846403977864497,0.44873753535885724,0.356707779296965,-61.937159905387205,-8.918294924864401,STOP_LOSS,6
2026-04-06 04:00:00,2026-04-06 20:00:00,ETHUSDT,2130.414675,2091.4559924517857,0.8294844426312712,3.0,-32.315621079154134,1.414848542246482,1.3878641665493614,2.606154544096148,0.15233895643596257,0.21679413971961742,-35.48746688410556,-5.486070341899178,STOP_LOSS,5
2026-04-08 00:00:00,2026-04-09 00:00:00,ETHUSDT,2241.130005,2165.6174132067863,0.7410407226840291,3.0,-55.95790559418715,1.3296786217246293,1.2838485543518998,2.410832287841365,0.35834022460627013,0.3017566966241127,-59.23152969149407,-10.108194298154563,STOP_LOSS,7
2026-04-09 04:00:00,2026-04-09 08:00:00,ETHUSDT,2183.581245,2180.04943,0.6792585201613779,3.0,-2.3990154303836375,1.1875229504650433,1.1846537197603644,0.7407789643322874,0.0,0.0,-4.771192100609045,-0.4852324604024282,SIGNAL_EXIT,1
2026-04-09 08:00:00,2026-04-11 16:00:00,BTCUSDT,71017.50100499998,72821.75091,0.020683831716165776,3.0,37.31880140892848,1.1760720894235817,1.2049862728791856,0.7534931671328617,-0.14554930067528818,0.6370822020376595,34.44621014526334,7.62171244890604,SIGNAL_EXIT,14
2026-04-11 16:00:00,2026-04-12 08:00:00,ETHUSDT,2250.66477,2197.343089630714,0.6985358371346856,3.0,-37.24710463418718,1.2587429937722132,1.227938315669846,2.305843106540779,0.004381501842983887,0.19250965551107285,-39.9306771009833,-7.107457460573189,STOP_LOSS,5
2026-04-12 12:00:00,2026-04-13 16:00:00,ETHUSDT,2205.7223099999997,2208.17536,0.6585025662380807,3.0,1.6153397201106732,1.1629093687298535,1.1632713130109582,0.7274082747692451,-0.17262738208860406,0.2636197761499077,-0.8018333556914422,0.33363900644417893,SIGNAL_EXIT,7
2026-04-13 16:00:00,2026-04-14 00:00:00,BTCUSDT,71902.52329499999,74380.791,0.020167167429260474,3.0,49.97963974126422,1.1609849686761942,1.2000398924942646,0.7504001328754046,-0.07998361793843783,0.08996660353338069,47.608631894498814,10.340114330197677,SIGNAL_EXIT,2
2026-04-14 00:00:00,2026-04-14 20:00:00,ETHUSDT,2370.64473,2312.1633400000005,0.671877080815697,3.0,-39.29230559524393,1.2752456852229912,1.2427916441986178,0.7771333442960469,0.3628681599031262,0.28832514764446854,-42.46153623221314,-7.400694325041206,SIGNAL_EXIT,5
2026-04-14 20:00:00,2026-04-15 00:00:00,BTCUSDT,74260.41165,74094.48422500001,0.019734595153349573,3.0,-3.274510557212521,1.1733379982656797,1.1697797194212973,0.7314780636700566,0.0,0.0,-5.617628274899499,-0.6703198432915789,SIGNAL_EXIT,1
2026-04-15 00:00:00,2026-04-16 16:00:00,ETHUSDT,2323.60122,2337.8404950000004,0.6234545518602349,3.0,8.877540813939872,1.159855690405921,1.166029838504748,0.7291332156732071,-0.016981590867750224,0.44512142029115653,6.123515455605796,1.8384318544987288,SIGNAL_EXIT,10
2026-04-16 16:00:00,2026-04-17 20:00:00,SOLUSDT,86.66331,89.19538,16.927758785658188,3.0,42.8622701884016,1.1745521274993747,1.2079023019480966,0.7553165970159799,0.41580494368435916,0.3658836770061862,39.69812713826359,8.76519717513676,SIGNAL_EXIT,7
2026-04-17 20:00:00,2026-04-18 16:00:00,BNBUSDT,641.6806799999999,633.053315,2.471657262856002,3.0,-21.323889361559523,1.2698276326312072,1.2517526590358548,0.7827367802875697,0.31478285402555184,0.19151744103767698,-24.351769948289814,-4.033485159627967,SIGNAL_EXIT,5
2026-04-18 16:00:00,2026-04-19 16:00:00,BTCUSDT,76205.413665,74552.51404164535,0.01985446669459247,3.0,-32.81744052139933,1.211383384755312,1.184160325630388,2.2236360646539475,-0.2636558094139926,0.2739306138338567,-35.223259036204894,-6.507016538040794,STOP_LOSS,7
2026-04-19 20:00:00,2026-04-21 04:00:00,BTCUSDT,75002.94273,75672.454845,0.0187650318113386,3.0,12.56341613605168,1.1268475630684203,1.135996817926807,0.7103531877981059,-0.31321956923226707,0.34459953144985145,10.269191792838868,2.677943387142105,SIGNAL_EXIT,8
2026-04-21 04:00:00,2026-04-22 00:00:00,BNBUSDT,630.184935,631.4141350000001,2.2822118646658396,3.0,2.80529482404749,1.1514936233712336,1.1528166643317748,0.720870850632486,0.28772757862588105,0.17505670613788488,0.03820025158071588,0.5851615605505257,SIGNAL_EXIT,5
2026-04-22 00:00:00,2026-04-22 04:00:00,BTCUSDT,76374.30807,77482.70926500001,0.018832642560198704,3.0,20.87412351873235,1.1515853039750275,1.1673633345468335,0.729967067625375,-0.06193041400616147,0.08882405193262408,18.528281242284027,4.35382482542737,SIGNAL_EXIT,1
2026-04-22 04:00:00,2026-04-22 20:00:00,BNBUSDT,639.889785,643.77795,2.3345745713329054,3.0,9.077211138146774,1.1960531789565092,1.2023581053238614,0.7518497406977392,0.30042939786111755,0.18278463631370756,6.195585819691578,1.822891265563837,SIGNAL_EXIT,4
2026-04-22 20:00:00,2026-04-23 08:00:00,BTCUSDT,78886.04331,77181.78528360643,0.019172495477131665,3.0,-32.674879302896,1.210922584923769,1.1838139434135133,2.2229856223338116,-0.11730972046851294,0.09068940011943101,-35.042995510884204,-6.481215009211369,STOP_LOSS,4
2026-04-23 12:00:00,2026-04-28 08:00:00,BTCUSDT,77743.462305,76089.1713758282,0.018103096819960456,3.0,-29.947788859179354,1.1268193956976469,1.1019597090937454,2.0692783721089714,-0.8104766177706507,1.1987682758076372,-32.56485962200773,-6.383652901957523,STOP_LOSS,30
2026-04-28 12:00:00,2026-04-29 16:00:00,BTCUSDT,76267.104495,74888.77187004323,0.01717360336013934,3.0,-23.67093779934737,1.0486637326048283,1.0288880513792664,1.9320631911227475,0.044702408347228634,0.24127498762291866,-26.034466979301612,-5.421731822979349,STOP_LOSS,8
2026-04-29 20:00:00,2026-05-06 20:00:00,BTCUSDT,75601.65193499999,81424.12757000001,0.016292502244068537,3.0,94.86269734927228,0.9861810118545042,1.0612822249244385,0.6636332071811871,-0.6548508565846358,1.64572992501118,91.82435504406679,23.10455718615519,SIGNAL_EXIT,42
2026-05-06 20:00:00,2026-05-07 00:00:00,BNBUSDT,650.76522,647.4161300000001,2.3157242030948892,3.0,-7.755568771342907,1.2065594639602646,1.199389761372022,0.7499935976562089,0.0,0.0,-10.161517996675194,-1.543916252930634,SIGNAL_EXIT,1
2026-05-07 00:00:00,2026-05-07 08:00:00,BTCUSDT,81487.733505,81477.81071500001,0.018119691647196675,3.0,-0.17979789507956673,1.1821718207682441,1.181082244995566,0.7385456759600786,-0.0857730453650521,0.08911422274112982,-2.5463931382194542,-0.036531105627229735,SIGNAL_EXIT,2
2026-05-07 08:00:00,2026-05-07 12:00:00,SOLUSDT,90.215085,87.98826147964286,16.28219422581501,3.0,-36.257573065068144,1.1760604772365175,1.146113570402674,2.1521912313520337,0.12005516998189054,0.08873046691345353,-38.78853274960268,-7.405048236746029,STOP_LOSS,2
2026-05-07 16:00:00,2026-05-12 00:00:00,SOLUSDT,88.36415999999998,97.32131500000001,15.307416833908698,3.0,137.11090523092992,1.0829679986374712,1.1917903484233052,0.7452415885587206,0.961768604571148,1.1271958471315764,132.74718243216643,30.409913928905212,SIGNAL_EXIT,26
2026-05-12 00:00:00,2026-05-12 00:00:00,BNBUSDT,670.9353,658.7364252642858,2.6091189185557293,3.0,-31.828314858043402,1.4015612364746708,1.3749773355990564,2.581955437404188,0.0,0.0,-34.60485343011713,-5.4545683029559715,STOP_LOSS,1
2026-05-12 04:00:00,2026-05-12 12:00:00,SOLUSDT,96.18807,94.922515,17.120818368792975,3.0,-21.667337290717654,1.3185095882423896,1.3001209107392215,0.8129820602420431,0.05754892928155899,0.09893590865726408,-24.442452627638087,-3.947126707085376,SIGNAL_EXIT,2
2026-05-12 12:00:00,2026-05-12 12:00:00,BNBUSDT,663.7316999999999,650.3176153071429,2.37076182999567,3.0,-31.801599974154673,1.2598477019360583,1.2333985437951858,2.3160964142371934,0.0,0.0,-34.29484621988591,-6.063030299527828,STOP_LOSS,1
2026-05-12 16:00:00,2026-05-12 20:00:00,SOLUSDT,93.896925,94.87254,15.663426131254102,3.0,15.281473485043545,1.177540071008332,1.1888232177395601,0.7433862041893345,0.12035422645825088,0.09045691130146107,12.704299058535941,3.1170829076671196,SIGNAL_EXIT,1
2026-05-12 20:00:00,2026-05-17 20:00:00,BNBUSDT,663.401535,647.7541584117857,2.2743841790285786,3.0,-35.58814575553662,1.2080303887488182,1.1785934478333897,2.2131824884201348,2.2812209778707384,1.3879205888634807,-41.64391115885305,-7.075975451977615,STOP_LOSS,31
2026-05-21 04:00:00,2026-05-21 12:00:00,BNBUSDT,655.137405,647.45611,2.112531137582499,3.0,-16.226974864456714,1.1080850019675712,1.0942169540744315,0.6842277101516078,0.13684342949918152,0.08325708692626452,-18.64937733692416,-3.5174125037174355,SIGNAL_EXIT,2
2026-05-22 04:00:00,2026-05-22 08:00:00,BNBUSDT,659.94981,659.160255,2.012417874553721,3.0,-1.5889145949431631,1.0633264963589528,1.0612047034859111,0.663584732044722,0.0,0.0,-3.7134457947880275,-0.35891593028867624,SIGNAL_EXIT,1
2026-05-25 16:00:00,2026-05-25 20:00:00,BNBUSDT,668.11389,662.038815,1.9711659771627792,3.0,-11.97498114871211,1.0544142264514615,1.0439907101513308,0.6528206041466648,0.130564120829331,0.07943668466306547,-14.283386890807298,-2.7278620116698833,SIGNAL_EXIT,1
2026-07-07 00:00:00,2026-07-07 04:00:00,SOLUSDT,81.98097,81.009475,15.541990882688895,3.0,-15.098966432577917,1.0201340979135243,1.0072388174891311,0.6298391805210042,0.08585967708861829,0.07664025316248749,-17.288839278231677,-3.5550750375361666,SIGNAL_EXIT,1
2026-07-10 12:00:00,2026-07-13 00:00:00,ETHUSDT,1802.12061,1805.8966,0.6782689554133474,3.0,2.5611367929513085,0.9786408836457683,0.9799068803732126,0.6127481743203635,0.2600940109928119,0.5220536439276509,-0.17955862598813516,0.6285911129999383,SIGNAL_EXIT,15
2026-07-14 16:00:00,2026-07-17 00:00:00,ETHUSDT,1876.15761,1863.7776450000001,0.6512161943240485,3.0,-8.062033693164826,0.9782099429433966,0.9709777480345102,0.6071646748589435,0.4676074551222324,0.5246236093580915,-11.003452448623056,-1.979572227943023,SIGNAL_EXIT,14
2026-07-17 20:00:00,2026-07-19 00:00:00,ETHUSDT,1844.6818799999999,1861.678695,0.6444473069125122,3.0,10.953551652840318,0.9518016570667013,0.9598030570633203,0.600176999164053,0.12438468003787459,0.21760822693407775,8.699954031738345,2.764186364751444,SIGNAL_EXIT,7
2026-07-19 00:00:00,2026-07-19 04:00:00,BTCUSDT,64866.62710499999,64673.82691,0.018728879642767864,3.0,-3.610931647256966,0.9726815467428731,0.9690146561876732,0.6059371286815781,0.04030693779990246,0.07373179754282595,-5.666666585530241,-0.8916766769200227,SIGNAL_EXIT,1
2026-07-19 04:00:00,2026-07-20 16:00:00,ETHUSDT,1868.01354,1901.38883,0.6412656153044067,3.0,21.402425877813126,0.9590815469376005,0.9754362224023009,0.6099526153089772,0.17197474404353383,0.29288491431080427,19.003048450118886,5.3600184289885044,SIGNAL_EXIT,9
2026-07-20 16:00:00,2026-07-20 20:00:00,BTCUSDT,65631.549375,65109.429000000004,0.019119713036016363,3.0,-9.982791740257225,1.0046888632178856,0.9958988787351056,0.6227481732960177,0.06573729717313516,0.07577740339750114,-12.124894182780853,-2.3865978175378033,SIGNAL_EXIT,1
2026-07-20 20:00:00,2026-07-21 08:00:00,ETHUSDT,1899.40923,1933.102965,0.6415209466771071,3.0,21.615236774287617,0.9755891171792115,0.9921008353048981,0.6203732086698297,0.030604609984090477,0.07520270645738025,19.541739505362035,5.32171811126769,SIGNAL_EXIT,3
2026-07-21 08:00:00,2026-07-22 16:00:00,BTCUSDT,66219.95343,66014.35631,0.019285563633748216,3.0,-3.9650563406751993,1.0224892919920803,1.0184992554859467,0.6368804749162095,0.34810448711194475,0.31095528286687624,-6.665104658132047,-0.9314282599911121,SIGNAL_EXIT,8
2026-07-22 16:00:00,2026-07-22 20:00:00,ETHUSDT,1944.0115199999998,1924.1774300000002,0.6466575918104084,3.0,-12.825864875150648,1.0064930408125632,0.9954271544797927,0.6224531981488893,0.017789619995726976,0.07574111672199994,-14.92131580716073,-3.060798219961105,SIGNAL_EXIT,1
2026-07-22 20:00:00,2026-07-23 04:00:00,BTCUSDT,65956.151595,65629.698735,0.01838163146867493,3.0,-6.000736164415021,0.9706818828753775,0.9651047484375451,0.603492213880419,-0.004139956587219585,0.07343429479113617,-8.00581713393186,-1.4848631345468883,SIGNAL_EXIT,2
2026-07-23 04:00:00,2026-07-23 12:00:00,ETHUSDT,1921.5202799999997,1883.44087458,0.6184600009897748,3.0,-23.550589113743133,0.951467921753941,0.9318662761255433,1.7498740788535692,-0.03946375034114925,0.07247265649441606,-25.466932217775884,-5.945199613506005,STOP_LOSS,3
2026-07-23 16:00:00,2026-07-24 00:00:00,ETHUSDT,1896.1776149999998,1877.4408100000003,0.5864660301111442,3.0,-10.988499645316372,0.890347284431279,0.8808442068874809,0.5508030308199834,-0.035772162904971504,0.06692554623943829,-12.7908445199696,-2.964406633394343,SIGNAL_EXIT,2
2026-07-24 00:00:00,2026-07-24 12:00:00,BTCUSDT,65131.52949,64228.77231397929,0.016485132947575837,3.0,-14.882072066079589,0.8596492575833518,0.8470558805244213,1.5906156995325078,0.13723124550559376,0.13092836857822393,-16.85693681827118,-4.158157422785468,STOP_LOSS,4
2026-07-25 20:00:00,2026-07-28 00:00:00,ETHUSDT,1875.707385,1891.5837350000002,0.5454857069377891,3.0,8.660322003341893,0.819192609219501,0.825465512734799,0.5161740324753845,0.1761782200149185,0.3829858093842204,6.456499851988454,2.5392580090524457,SIGNAL_EXIT,13
2026-07-29 08:00:00,2026-07-29 16:00:00,ETHUSDT,1925.672355,1891.163945,0.5413826345715376,3.0,-18.682253920674746,0.8346882088642732,0.8190746551606419,0.5121777483495151,0.059486293514035636,0.0630854668607184,-20.458588545074413,-5.376056302163602,SIGNAL_EXIT,2
2026-07-30 12:00:00,2026-07-31 08:00:00,BNBUSDT,589.2945,589.475115,1.6650399890865466,3.0,0.3007311976288481,0.7855875963560944,0.7851997112371126,0.490995317181823,0.19715405502775982,0.11995075216534173,-1.5871609171574605,0.09194808368311033,SIGNAL_EXIT,5
2026-08-04 16:00:00,2026-08-05 12:00:00,BNBUSDT,593.5766399999999,596.32169,1.6450129073197535,3.0,4.515642681238263,0.7817784101549163,0.784765501571783,0.49072380038258023,0.2943273543905576,0.1790720841983771,2.4756993309226285,1.3873777108210186,SIGNAL_EXIT,5
2026-08-05 16:00:00,2026-08-05 20:00:00,BNBUSDT,600.17994,591.1062343757143,1.6392790312149785,3.0,-14.874335365308978,0.7877200885491306,0.775190444186044,1.4556655812206105,0.09831248133905592,0.059814423204232046,-16.595372802587445,-4.535492617906744,STOP_LOSS,2
2026-08-06 00:00:00,2026-08-07 04:00:00,BNBUSDT,594.15693,585.3479462121428,1.572170673974682,3.0,-13.84922597878748,0.7478911938229207,0.7362135000848323,1.3824740236946353,0.3729424664269042,0.22690240561375258,-15.93317554473589,-4.447806636467501,STOP_LOSS,8
2026-08-07 08:00:00,2026-08-10 20:00:00,BNBUSDT,585.75273,600.37966,1.5131893863677384,3.0,22.133315231143715,0.7096515725155546,0.7267905034424571,0.454471300301695,0.9984795297841386,0.6074862147899542,19.09090741061161,7.491350488456059,SIGNAL_EXIT,21
2026-08-11 12:00:00,2026-08-11 16:00:00,BNBUSDT,608.74422,608.1857550000001,1.5500462872994123,3.0,-0.8656465998365974,0.7554697503010223,0.7541728572209121,0.4715938326792911,0.0,0.0,-2.3752892073585317,-0.2752215043618594,SIGNAL_EXIT,1
2026-08-17 16:00:00,2026-08-18 00:00:00,SOLUSDT,76.148055,75.98199,12.297905063996692,3.0,-2.0422516044526504,0.7497690562033617,0.7475354396748368,0.46744337148251275,0.04424715652050943,0.05672243868897037,-3.6405256955403282,-0.6542452069196116,SIGNAL_EXIT,2
2026-08-18 00:00:00,2026-08-18 00:00:00,ETHUSDT,1914.5467949999997,1893.2879539146427,0.48342966272237153,3.0,-10.27715437576266,0.7410317945340651,0.7322172455978277,1.3749697901811968,0.0,0.0,-11.750403415894553,-3.3311551027443644,STOP_LOSS,1
2026-08-18 08:00:00,2026-08-19 16:00:00,SOLUSDT,76.13804999999999,81.789085,11.693571113176153,3.0,66.08077963554749,0.712830826335918,0.7651251853832872,0.47844246209558194,0.16454673023482658,0.21915507769124842,64.2191218159022,22.26627159482023,SIGNAL_EXIT,8
2026-08-19 16:00:00,2026-08-20 20:00:00,ETHUSDT,2086.872915,2322.6181100000003,0.5188763215362878,3.0,122.3225996014551,0.8669567186940834,0.9641212330002922,0.6028772092297235,0.3853431515040361,0.283287135533446,119.82289136272324,33.889729456764805,SIGNAL_EXIT,7
2026-08-20 20:00:00,2026-08-22 00:00:00,BTCUSDT,72727.10538,78298.860985,0.019827683684965732,3.0,110.47500770587513,1.1545316579646192,1.2419880388029476,0.7766308396715237,0.3164399773682623,0.2753613097956139,107.48668672194368,22.983544756336126,SIGNAL_EXIT,7
2026-08-22 00:00:00,2026-08-22 04:00:00,ETHUSDT,2517.568155,2513.80247,0.7007604260530964,3.0,-2.6388430249816484,1.4124997060972841,1.409258631912421,0.8812272585744526,0.17624545171491007,0.10722972193469317,-5.744076536640956,-0.44872886470076706,SIGNAL_EXIT,1
2026-08-22 04:00:00,2026-08-22 04:00:00,BNBUSDT,718.469055,694.6672744532143,2.4315503596592247,3.0,-57.87522804906676,1.3987139224093463,1.3512947688321653,2.537483917436441,0.0,0.0,-60.62523674030828,-9.93854100513169,STOP_LOSS,1
2026-08-22 08:00:00,2026-08-23 04:00:00,BNBUSDT,706.423035,688.9753400000001,2.2157593989506936,3.0,-38.65989418627492,1.253213354232606,1.2212828682002002,0.7636836344422934,0.46133883293672606,0.2806837526423156,-41.87641299428677,-7.409594875399252,SIGNAL_EXIT,5
2026-08-23 04:00:00,2026-08-24 00:00:00,SOLUSDT,93.75685499999999,95.39228,15.356047766799037,3.0,25.1136644190175,1.152709963046318,1.1718787266110948,0.7327905994316225,0.29130422613617774,0.17723277884929817,22.320538724374615,5.232977364695132,SIGNAL_EXIT,5
2026-08-24 00:00:00,2026-08-24 12:00:00,BNBUSDT,702.721185,703.398125,2.1440121955694793,3.0,1.4513676156689292,1.2062792559848168,1.2064753266725643,0.7544242913159033,0.3000759468919043,0.1825695927549802,-1.4440325066353363,0.28899370665766627,SIGNAL_EXIT,3
2026-08-24 12:00:00,2026-08-25 20:00:00,SOLUSDT,95.88792,95.93557629624,15.667397508290366,3.0,0.746650136965028,1.202813577968892,1.2024486472160887,2.2579781808013477,0.6183765122547125,0.3762272490712373,-2.6532158495459024,0.14910000000002088,STOP_LOSS,9
2026-08-26 00:00:00,2026-08-28 08:00:00,SOLUSDT,96.64829999999999,104.912395,15.461843395616345,3.0,127.77814269649625,1.1964458599299816,1.297711217399235,2.4368638283659525,0.8664902032656545,0.6699403083198501,123.74755510758152,25.65206527171201,STOP_LOSS,15
2026-08-28 12:00:00,2026-08-30 20:00:00,SOLUSDT,105.89292,101.5671261557143,17.615026106023272,3.0,-76.19897149636735,1.4934399921881776,1.4312860629973334,2.6876929074810314,0.03062146287747207,0.7846476667891933,-79.93896668121953,-12.255192823898986,STOP_LOSS,15
2026-08-31 00:00:00,2026-09-01 16:00:00,SOLUSDT,101.80087499999999,99.02069225892856,15.969229181177566,3.0,-44.39737535772408,1.3015864721532504,1.2650273026893486,2.3754894266825417,-0.3535164251954787,0.5002695934527843,-47.110742300823986,-8.193002489629176,STOP_LOSS,11
2026-09-01 20:00:00,2026-09-03 12:00:00,SOLUSDT,100.140045,100.7496,14.8238633465609,3.0,9.035960022212933,1.1885206906312724,1.1947986420965377,0.7471227126666135,0.011211704399564038,0.4501926916461686,6.191236293439391,1.8261076275729662,SIGNAL_EXIT,10
2026-09-03 12:00:00,2026-09-04 08:00:00,BNBUSDT,711.7857149999999,714.152745,2.1116203385897867,3.0,4.998268690052423,1.203379657735527,1.2064155689613805,0.7543869240629136,0.30579007609220277,0.18604613345027166,2.096637253813041,0.9976443542422513,SIGNAL_EXIT,5
2026-09-04 08:00:00,2026-09-04 12:00:00,SOLUSDT,103.66180499999999,104.03795500000001,14.559905380228555,3.0,5.4767084087733195,1.2084115871446783,1.211826224601981,0.757770275513887,-0.061834054481942013,0.09220719756805781,3.0260974539405443,1.088588029120342,SIGNAL_EXIT,1
2026-09-04 12:00:00,2026-09-04 12:00:00,BNBUSDT,724.7621999999999,709.1490213428572,2.095000404369372,3.0,-32.70961560020526,1.2156742210341356,1.1885339891771443,2.2318490032118126,0.0,0.0,-35.11382381041654,-6.462745431733081,STOP_LOSS,1
2026-09-04 16:00:00,2026-09-09 20:00:00,BNBUSDT,716.9983199999999,717.35466816504,1.9708831449110384,3.0,0.7023205921975441,1.1314010438891362,1.131057779527783,2.1239192154375814,2.355487194458414,1.4331049932061224,-5.348730418883911,0.14910000000004905,STOP_LOSS,32
2026-09-10 00:00:00,2026-09-10 12:00:00,BNBUSDT,723.00132,705.7913996271429,1.9323430135838262,3.0,-33.25546939682423,1.1185640908838146,1.0910648640936482,2.048819849950414,0.27827864972922045,0.16930787115626764,-35.91268487268719,-7.1410327602958015,STOP_LOSS,4
2026-09-10 16:00:00,2026-09-11 08:00:00,BNBUSDT,708.303975,713.4930750000001,1.820453831759898,3.0,9.446516978385382,1.0323736471893652,1.039104961854322,0.6497654839007794,0.25968409819288596,0.15799473614290724,6.957359535005902,2.19782756407659,SIGNAL_EXIT,4
2026-09-11 08:00:00,2026-09-11 12:00:00,ETHUSDT,2468.763765,2457.040865,0.5307474473085724,3.0,-6.221899250053774,1.049071310073379,1.0432545336252774,0.6523602636476444,0.07971842421773942,0.07938066939205987,-8.47332418736223,-1.424546993867622,SIGNAL_EXIT,1
2026-09-11 12:00:00,2026-09-11 16:00:00,BNBUSDT,713.67666,728.2157100000001,1.8003817438805043,3.0,26.175840193366007,1.0287353320237098,1.0488530159127838,0.6558610654781978,0.0,0.0,24.098251845429512,6.111612225065658,SIGNAL_EXIT,1
2026-09-11 16:00:00,2026-09-13 08:00:00,ETHUSDT,2560.7097149999995,2484.6546341774997,0.5299809429705208,3.0,-40.30774345200762,1.0865711364527408,1.0534556847819727,1.9781967040222532,0.2725277540360138,0.4072304401035452,-43.12752846738189,-8.91023457797517,STOP_LOSS,11
2026-09-13 12:00:00,2026-09-15 04:00:00,ETHUSDT,2481.370065,2482.603305922305,0.49482674406957067,3.0,0.6102405902375168,0.9830650681310241,0.9827668085487092,1.845455949953746,0.36107644240334225,0.37817693695562415,-2.094844665801183,0.14909999999999493,STOP_LOSS,11
2026-09-15 08:00:00,2026-09-16 08:00:00,BNBUSDT,715.7877149999999,703.4809084275,1.7066076130203542,3.0,-21.002889788597276,0.9780374409331013,0.960452699149477,1.8035541421182912,0.3675623212618718,0.22362906457487064,-23.532571314516595,-5.158012486635053,STOP_LOSS,7
2026-09-16 12:00:00,2026-09-18 08:00:00,BNBUSDT,715.23744,753.32315,1.6092942896739975,3.0,61.29111562117996,0.9215592697782613,0.9698549148593828,0.6064625530636304,0.588256606764564,0.3579019586368934,58.453542871140854,15.974713236488316,SIGNAL_EXIT,11
2026-09-18 08:00:00,2026-09-19 08:00:00,SOLUSDT,105.81287999999999,111.56419000000001,12.533898217906748,3.0,72.08633415962949,1.0618477726689994,1.118667361778568,0.6995168595412994,-0.05845759993238835,0.2540447396646713,69.71023188544963,16.30607729418201,SIGNAL_EXIT,6
2026-09-19 08:00:00,2026-09-20 00:00:00,ETHUSDT,2627.5531199999996,2562.6373179985712,0.5842741094282441,3.0,-37.92862240220477,1.2291523291940785,1.1978261094089595,2.24929790199469,0.1789491602764996,0.18742415000464527,-40.72197415108896,-7.411740014766479,STOP_LOSS,5
2026-09-20 04:00:00,2026-09-20 08:00:00,ETHUSDT,2587.87329,2574.2322400000003,0.5460634703054182,3.0,-7.448879101609574,1.1314195912314653,1.1245553522771923,0.7031986945203456,0.0,0.0,-9.704854045118232,-1.5813428794266498,SIGNAL_EXIT,1
2026-09-20 08:00:00,2026-09-20 12:00:00,SOLUSDT,108.49422,108.37578500000001,12.756917363546679,3.0,-1.5108655079515356,1.1081279415231813,1.1060327467636015,0.6916162748646735,-0.01936525569621113,0.08415742944585086,-3.789818369987958,-0.32748749196037624,SIGNAL_EXIT,1
2026-09-20 12:00:00,2026-09-21 12:00:00,ETHUSDT,2579.1889499999997,2722.867885,0.5322182538881371,3.0,76.46855190620735,1.0990323774352102,1.159327993058228,0.7249424668947885,0.24799408129597805,0.259739022084618,73.70245843233333,16.71210653255944,SIGNAL_EXIT,6
