bar_time,target_pos,curr_pos,asset_units,entry_price,stop_price,cash,equity,bars_held
2026-01-01 00:00:00,USDT_CASH,USDT_CASH,0.0,0.0,0.0,143418.07108442462,143418.07108442462,0
2026-01-01 04:00:00,USDT_CASH,USDT_CASH,0.0,0.0,0.0,143418.07108442462,143418.07108442462,0
2026-01-01 08:00:00,USDT_CASH,USDT_CASH,0.0,0.0,0.0,143418.07108442462,143418.07108442462,0
2026-01-01 12:00:00,USDT_CASH,USDT_CASH,0.0,0.0,0.0,143418.07108442462,143418.07108442462,0
2026-01-01 16:00:00,USDT_CASH,USDT_CASH,0.0,0.0,0.0,143418.07108442462,143418.07108442462,0
2026-01-01 20:00:00,USDT_CASH,USDT_CASH,0.0,0.0,0.0,143418.07108442462,143418.07108442462,0
2026-01-02 00:00:00,USDT_CASH,USDT_CASH,0.0,0.0,0.0,143418.07108442462,143418.07108442462,0
2026-01-02 04:00:00,USDT_CASH,USDT_CASH,0.0,0.0,0.0,143418.07108442462,143418.07108442462,0
2026-01-02 08:00:00,USDT_CASH,USDT_CASH,0.0,0.0,0.0,143418.07108442462,143418.07108442462,0
2026-01-02 12:00:00,USDT_CASH,USDT_CASH,0.0,0.0,0.0,143418.07108442462,143418.07108442462,0
2026-01-02 16:00:00,USDT_CASH,USDT_CASH,0.0,0.0,0.0,143418.07108442462,143418.07108442462,0
2026-01-02 20:00:00,ETHUSDT,ETHUSDT,45.85425315007651,3125.191815,3070.055029285714,143303.3366275571,143315.17550790662,1
2026-01-03 00:00:00,ETHUSDT,ETHUSDT,45.85425315007651,3125.191815,3070.055029285714,143303.3366275571,143320.21947575314,2
2026-01-03 04:00:00,SOLUSDT,USDT_CASH,0.0,0.0,0.0,139517.3720171257,139517.3720171257,0
2026-01-03 08:00:00,USDT_CASH,USDT_CASH,0.0,0.0,0.0,139517.3720171257,139517.3720171257,0
2026-01-03 12:00:00,ETHUSDT,ETHUSDT,44.968884968363646,3100.04925,3045.70425,139405.758119512,139462.45264123587,1
2026-01-03 16:00:00,SOLUSDT,SOLUSDT,1057.9607596349654,131.54574,129.94594120317333,139170.23101714364,139418.06890469574,1
2026-01-03 20:00:00,SOLUSDT,SOLUSDT,1057.9607596349654,131.54574,129.94594120317333,139170.23101714364,141100.22651251534,2
2026-01-04 00:00:00,SOLUSDT,SOLUSDT,1057.9607596349654,131.54574,129.94594120317333,139170.23101714364,142422.67746205904,3
2026-01-04 04:00:00,SOLUSDT,SOLUSDT,1057.9607596349654,131.54574,129.94594120317333,139170.23101714364,141555.14963915836,4
2026-01-04 08:00:00,BTCUSDT,BTCUSDT,1.5424932687158366,91577.76599999999,90289.95492857142,141258.087619034,140829.63543375587,1
2026-01-04 12:00:00,SOLUSDT,SOLUSDT,1045.195917864545,134.45719499999998,131.41112357142856,140534.1113415171,141007.38127910576,1
2026-01-04 16:00:00,SOLUSDT,SOLUSDT,1045.195917864545,134.45719499999998,131.41112357142856,140534.1113415171,139596.36678998865,2
2026-01-04 20:00:00,BNBUSDT,BNBUSDT,155.9890800003073,892.9662599999999,880.6641171428571,139292.9853687152,139677.30190467514,1
2026-01-05 00:00:00,BTCUSDT,BTCUSDT,1.5220683834521278,91575.50487,90523.40379857144,139384.18066129336,141367.00217331108,1
2026-01-05 04:00:00,BTCUSDT,BTCUSDT,1.5220683834521278,91575.50487,90523.40379857144,139384.18066129336,140822.72574007243,2
2026-01-05 08:00:00,BTCUSDT,BTCUSDT,1.5220683834521278,91575.50487,90523.40379857144,139384.18066129336,141756.71256221016,3
2026-01-05 12:00:00,BTCUSDT,BTCUSDT,1.5220683834521278,91575.50487,90523.40379857144,139384.18066129336,143010.0902139315,4
2026-01-05 16:00:00,BTCUSDT,BTCUSDT,1.5220683834521278,91575.50487,90523.40379857144,139384.18066129336,143536.22359203937,5
2026-01-05 20:00:00,BTCUSDT,BTCUSDT,1.5220683834521278,91575.50487,90523.40379857144,139384.18066129336,142860.89707098552,6
2026-01-06 00:00:00,BTCUSDT,BTCUSDT,1.5220683834521278,91575.50487,90523.40379857144,139384.18066129336,142723.1955443346,7
2026-01-06 04:00:00,BTCUSDT,BTCUSDT,1.5220683834521278,91575.50487,90523.40379857144,139384.18066129336,141940.60886429885,8
2026-01-06 08:00:00,BTCUSDT,BTCUSDT,1.5220683834521278,91575.50487,90523.40379857144,139384.18066129336,142830.89710314767,9
2026-01-06 12:00:00,SOLUSDT,SOLUSDT,1021.2180122216648,139.56975,136.09510714285713,142531.1426612747,144604.47053058774,1
2026-01-06 16:00:00,SOLUSDT,SOLUSDT,1021.2180122216648,139.56975,136.09510714285713,142531.1426612747,140448.11322084555,2
2026-01-06 20:00:00,ETHUSDT,ETHUSDT,43.45596116016185,3225.1817849999998,3148.587499285714,140153.37438342144,143267.35099126797,1
2026-01-07 00:00:00,ETHUSDT,ETHUSDT,43.45596116016185,3225.1817849999998,3148.587499285714,140153.37438342144,141963.2375968515,2
2026-01-07 04:00:00,ETHUSDT,ETHUSDT,43.45596116016185,3225.1817849999998,3148.587499285714,140153.37438342144,141462.62492428644,3
2026-01-07 08:00:00,BNBUSDT,BNBUSDT,153.56298850483043,919.2694049999999,900.6833335714285,141165.7570728573,139809.8872543378,1
2026-01-07 12:00:00,BNBUSDT,USDT_CASH,0.0,0.0,0.0,137993.67363755155,137993.67363755155,0
2026-01-07 16:00:00,BNBUSDT,BNBUSDT,153.22241785209138,899.88972,880.6950771428571,137883.27869864152,137458.89550346823,1
2026-01-07 20:00:00,SOLUSDT,SOLUSDT,1009.8841984409506,135.82788,131.292670431342,137170.42971973363,137738.10582536124,1
2026-01-08 00:00:00,SOLUSDT,SOLUSDT,1009.8841984409506,135.82788,131.292670431342,137170.42971973363,138101.6641368,2
2026-01-08 04:00:00,SOLUSDT,SOLUSDT,1009.8841984409506,135.82788,131.292670431342,137170.42971973363,137243.2625681252,3
2026-01-08 08:00:00,SOLUSDT,SOLUSDT,1009.8841984409506,135.82788,131.292670431342,137170.42971973363,136122.29110785574,4
2026-01-08 12:00:00,USDT_CASH,USDT_CASH,0.0,0.0,0.0,135955.47229586134,135955.47229586134,0
2026-01-08 16:00:00,SOLUSDT,SOLUSDT,995.3729089419417,136.478205,131.5914192857143,135846.70791802465,136893.63616678523,1
2026-01-08 20:00:00,SOLUSDT,SOLUSDT,995.3729089419417,136.478205,131.5914192857143,135846.70791802465,137729.74941029647,2
2026-01-09 00:00:00,SOLUSDT,SOLUSDT,995.3729089419417,136.478205,131.5914192857143,135846.70791802465,140158.4593081148,3
2026-01-09 04:00:00,SOLUSDT,SOLUSDT,995.3729089419417,136.478205,131.5914192857143,135846.70791802465,138894.33571375854,4
2026-01-09 08:00:00,SOLUSDT,SOLUSDT,995.3729089419417,136.478205,131.5914192857143,135846.70791802465,137640.16584849168,5
2026-01-09 12:00:00,SOLUSDT,SOLUSDT,995.3729089419417,136.478205,131.5914192857143,135846.70791802465,138177.66721932034,6
2026-01-09 16:00:00,SOLUSDT,SOLUSDT,995.3729089419417,136.478205,131.5914192857143,135846.70791802465,135181.5947634051,7
2026-01-09 20:00:00,USDT_CASH,USDT_CASH,0.0,0.0,0.0,134995.9719696275,134995.9719696275,0
2026-01-10 00:00:00,SOLUSDT,SOLUSDT,991.6193359046558,136.02798,131.94791026863606,134887.97519205182,135008.9725834189,1
2026-01-10 04:00:00,BNBUSDT,BNBUSDT,148.41489562689242,907.7636549999999,892.4882978571427,134725.64811071137,134370.3940537196,1
2026-01-10 08:00:00,BNBUSDT,BNBUSDT,148.41489562689242,907.7636549999999,892.4882978571427,134725.64811071137,133643.16106514784,2
2026-01-10 12:00:00,BNBUSDT,BNBUSDT,148.41489562689242,907.7636549999999,892.4882978571427,134725.64811071137,134876.48884780728,3
2026-01-10 16:00:00,BNBUSDT,BNBUSDT,148.41489562689242,907.7636549999999,892.4882978571427,134725.64811071137,135640.8255602858,4
2026-01-10 20:00:00,BNBUSDT,BNBUSDT,148.41489562689242,907.7636549999999,892.4882978571427,134725.64811071137,134750.33618652442,5
2026-01-11 00:00:00,BNBUSDT,BNBUSDT,148.41489562689242,907.7636549999999,892.4882978571427,134725.64811071137,135532.48268647818,6
2026-01-11 04:00:00,BNBUSDT,BNBUSDT,148.41489562689242,907.7636549999999,892.4882978571427,134725.64811071137,135584.42789994756,7
2026-01-11 08:00:00,BNBUSDT,BNBUSDT,148.41489562689242,907.7636549999999,892.4882978571427,134725.64811071137,135361.80555650723,8
2026-01-11 12:00:00,BNBUSDT,BNBUSDT,148.41489562689242,907.7636549999999,892.4882978571427,134725.64811071137,134855.71076241953,9
2026-01-11 16:00:00,SOLUSDT,SOLUSDT,971.5794220694345,138.50922,135.91314857142856,134572.70791888816,135467.31881914128,1
2026-01-11 20:00:00,SOLUSDT,SOLUSDT,971.5794220694345,138.50922,135.91314857142856,134572.70791888816,135729.64526309998,2
2026-01-12 00:00:00,SOLUSDT,SOLUSDT,971.5794220694345,138.50922,135.91314857142856,134572.70791888816,138488.93082177718,3
2026-01-12 04:00:00,SOLUSDT,SOLUSDT,971.5794220694345,138.50922,135.91314857142856,134572.70791888816,137391.04607483873,4
2026-01-12 08:00:00,SOLUSDT,SOLUSDT,971.5794220694345,138.50922,135.91314857142856,134572.70791888816,136050.2664723829,5
2026-01-12 12:00:00,SOLUSDT,SOLUSDT,971.5794220694345,138.50922,135.91314857142856,134572.70791888816,138527.79399866,6
2026-01-12 16:00:00,SOLUSDT,SOLUSDT,971.5794220694345,138.50922,135.91314857142856,134572.70791888816,136982.9827175696,7
2026-01-12 20:00:00,SOLUSDT,SOLUSDT,971.5794220694345,138.50922,135.91314857142856,134572.70791888816,135263.28714050667,8
2026-01-13 00:00:00,SOLUSDT,SOLUSDT,971.5794220694345,138.50922,135.91314857142856,134572.70791888816,134796.92901791335,9
2026-01-13 04:00:00,SOLUSDT,SOLUSDT,971.5794220694345,138.50922,135.91314857142856,134572.70791888816,135991.97170705875,10
2026-01-13 08:00:00,SOLUSDT,SOLUSDT,971.5794220694345,138.50922,135.91314857142856,134572.70791888816,137808.8252263286,11
2026-01-13 12:00:00,SOLUSDT,SOLUSDT,971.5794220694345,138.50922,135.91314857142856,134572.70791888816,139431.36286118455,12
2026-01-13 16:00:00,SOLUSDT,SOLUSDT,971.5794220694345,138.50922,135.91314857142856,134572.70791888816,140140.61583929523,13
2026-01-13 20:00:00,BNBUSDT,BNBUSDT,148.46163992212558,941.97075,927.0253928571428,139846.52230367457,140107.70344370758,1
2026-01-14 00:00:00,BTCUSDT,BTCUSDT,1.4646050026122763,95461.696995,93660.99949500001,139813.6789767343,140193.44080899967,1
2026-01-14 04:00:00,ETHUSDT,ETHUSDT,41.715938160025416,3353.61597,3270.5952557142855,139899.23641699363,139155.19219544958,1
2026-01-14 08:00:00,ETHUSDT,ETHUSDT,41.715938160025416,3353.61597,3270.5952557142855,139899.23641699363,137087.7503002387,2
2026-01-14 12:00:00,BTCUSDT,BTCUSDT,1.4424239926822802,94840.39649999999,93126.79757142856,136800.06338710053,139575.53740958398,1
2026-01-14 16:00:00,BTCUSDT,BTCUSDT,1.4424239926822802,94840.39649999999,93126.79757142856,136800.06338710053,140300.86031430427,2
2026-01-14 20:00:00,BTCUSDT,BTCUSDT,1.4424239926822802,94840.39649999999,93126.79757142856,136800.06338710053,139845.57360525403,3
2026-01-15 00:00:00,BTCUSDT,BTCUSDT,1.4424239926822802,94840.39649999999,93126.79757142856,136800.06338710053,138451.21118000793,4
2026-01-15 04:00:00,BTCUSDT,BTCUSDT,1.4424239926822802,94840.39649999999,93126.79757142856,136800.06338710053,139382.12277640522,5
2026-01-15 08:00:00,BTCUSDT,BTCUSDT,1.4424239926822802,94840.39649999999,93126.79757142856,136800.06338710053,139310.8670311667,6
2026-01-15 12:00:00,BTCUSDT,BTCUSDT,1.4424239926822802,94840.39649999999,93126.79757142856,136800.06338710053,139535.82747706544,7
2026-01-15 16:00:00,BTCUSDT,BTCUSDT,1.4424239926822802,94840.39649999999,93126.79757142856,136800.06338710053,137774.5845092806,8
2026-01-15 20:00:00,BTCUSDT,BTCUSDT,1.4424239926822802,94840.39649999999,93126.79757142856,136800.06338710053,137902.65733559086,9
2026-01-16 00:00:00,BTCUSDT,BTCUSDT,1.4424239926822802,94840.39649999999,93126.79757142856,136800.06338710053,137541.8926707811,10
2026-01-16 04:00:00,BTCUSDT,BTCUSDT,1.4424239926822802,94840.39649999999,93126.79757142856,136800.06338710053,137972.41295987697,11
2026-01-16 08:00:00,BTCUSDT,BTCUSDT,1.4424239926822802,94840.39649999999,93126.79757142856,136800.06338710053,137649.20901583665,12
2026-01-16 12:00:00,BTCUSDT,BTCUSDT,1.4424239926822802,94840.39649999999,93126.79757142856,136800.06338710053,136433.0869233663,13
2026-01-16 16:00:00,BTCUSDT,BTCUSDT,1.4424239926822802,94840.39649999999,93126.79757142856,136800.06338710053,137033.2939709613,14
2026-01-16 20:00:00,BTCUSDT,BTCUSDT,1.4424239926822802,94840.39649999999,93126.79757142856,136800.06338710053,137824.968379345,15
2026-01-17 00:00:00,BTCUSDT,BTCUSDT,1.4424239926822802,94840.39649999999,93126.79757142856,136800.06338710053,137568.23133288746,16
2026-01-17 04:00:00,BNBUSDT,BNBUSDT,146.33489708230718,938.1188249999999,923.319182142857,137279.52170734992,136954.83017933127,1
2026-01-17 08:00:00,BNBUSDT,BNBUSDT,146.33489708230718,938.1188249999999,923.319182142857,137279.52170734992,137983.5645058199,2
2026-01-17 12:00:00,BNBUSDT,BNBUSDT,146.33489708230718,938.1188249999999,923.319182142857,137279.52170734992,139803.9706255238,3
2026-01-17 16:00:00,BNBUSDT,BNBUSDT,146.33489708230718,938.1188249999999,923.319182142857,137279.52170734992,139383.9894708976,4
2026-01-17 20:00:00,BNBUSDT,BNBUSDT,146.33489708230718,938.1188249999999,923.319182142857,137279.52170734992,138596.70772459477,5
2026-01-18 00:00:00,BNBUSDT,BNBUSDT,146.33489708230718,938.1188249999999,923.319182142857,137279.52170734992,139076.68618702472,6
2026-01-18 04:00:00,BNBUSDT,BNBUSDT,146.33489708230718,938.1188249999999,923.319182142857,137279.52170734992,138248.43066953888,7
2026-01-18 08:00:00,BNBUSDT,BNBUSDT,146.33489708230718,938.1188249999999,923.319182142857,137279.52170734992,138548.4172085576,8
2026-01-18 12:00:00,BNBUSDT,BNBUSDT,146.33489708230718,938.1188249999999,923.319182142857,137279.52170734992,139037.1757648125,9
2026-01-18 16:00:00,BNBUSDT,BNBUSDT,146.33489708230718,938.1188249999999,923.319182142857,137279.52170734992,138974.25175906712,10
2026-01-18 20:00:00,BNBUSDT,BNBUSDT,146.33489708230718,938.1188249999999,923.319182142857,137279.52170734992,136458.75487822227,11
2026-01-19 00:00:00,ETHUSDT,USDT_CASH,0.0,0.0,0.0,134175.02197241734,134175.02197241734,0
2026-01-19 04:00:00,BNBUSDT,BNBUSDT,144.838982688622,925.632585,910.362585,134067.6819548394,134307.74025733228,1
2026-01-19 08:00:00,BNBUSDT,BNBUSDT,144.838982688622,925.632585,910.362585,134067.6819548394,134443.8889010596,2
2026-01-19 12:00:00,BNBUSDT,BNBUSDT,144.838982688622,925.632585,910.362585,134067.6819548394,134006.47517333995,3
2026-01-19 16:00:00,BNBUSDT,BNBUSDT,144.838982688622,925.632585,910.362585,134067.6819548394,134202.00779996958,4
2026-01-19 20:00:00,BNBUSDT,BNBUSDT,144.838982688622,925.632585,910.362585,134067.6819548394,133773.28441121127,5
2026-01-20 00:00:00,BNBUSDT,BNBUSDT,144.838982688622,925.632585,910.362585,134067.6819548394,134356.9855114464,6
2026-01-20 04:00:00,BNBUSDT,BNBUSDT,144.838982688622,925.632585,910.362585,134067.6819548394,132928.8731421366,7
2026-01-20 08:00:00,USDT_CASH,USDT_CASH,0.0,0.0,0.0,132756.1187786011,132756.1187786011,0
2026-01-20 12:00:00,USDT_CASH,USDT_CASH,0.0,0.0,0.0,132756.1187786011,132756.1187786011,0
2026-01-20 16:00:00,USDT_CASH,USDT_CASH,0.0,0.0,0.0,132756.1187786011,132756.1187786011,0
2026-01-20 20:00:00,USDT_CASH,USDT_CASH,0.0,0.0,0.0,132756.1187786011,132756.1187786011,0
2026-01-21 00:00:00,USDT_CASH,USDT_CASH,0.0,0.0,0.0,132756.1187786011,132756.1187786011,0
2026-01-21 04:00:00,USDT_CASH,USDT_CASH,0.0,0.0,0.0,132756.1187786011,132756.1187786011,0
2026-01-21 08:00:00,USDT_CASH,USDT_CASH,0.0,0.0,0.0,132756.1187786011,132756.1187786011,0
2026-01-21 12:00:00,USDT_CASH,USDT_CASH,0.0,0.0,0.0,132756.1187786011,132756.1187786011,0
2026-01-21 16:00:00,USDT_CASH,USDT_CASH,0.0,0.0,0.0,132756.1187786011,132756.1187786011,0
2026-01-21 20:00:00,USDT_CASH,USDT_CASH,0.0,0.0,0.0,132756.1187786011,132756.1187786011,0
2026-01-22 00:00:00,USDT_CASH,USDT_CASH,0.0,0.0,0.0,132756.1187786011,132756.1187786011,0
2026-01-22 04:00:00,USDT_CASH,USDT_CASH,0.0,0.0,0.0,132756.1187786011,132756.1187786011,0
2026-01-22 08:00:00,USDT_CASH,USDT_CASH,0.0,0.0,0.0,132756.1187786011,132756.1187786011,0
2026-01-22 12:00:00,USDT_CASH,USDT_CASH,0.0,0.0,0.0,132756.1187786011,132756.1187786011,0
2026-01-22 16:00:00,USDT_CASH,USDT_CASH,0.0,0.0,0.0,132756.1187786011,132756.1187786011,0
2026-01-22 20:00:00,USDT_CASH,USDT_CASH,0.0,0.0,0.0,132756.1187786011,132756.1187786011,0
2026-01-23 00:00:00,USDT_CASH,USDT_CASH,0.0,0.0,0.0,132756.1187786011,132756.1187786011,0
2026-01-23 04:00:00,USDT_CASH,USDT_CASH,0.0,0.0,0.0,132756.1187786011,132756.1187786011,0
2026-01-23 08:00:00,USDT_CASH,USDT_CASH,0.0,0.0,0.0,132756.1187786011,132756.1187786011,0
2026-01-23 12:00:00,USDT_CASH,USDT_CASH,0.0,0.0,0.0,132756.1187786011,132756.1187786011,0
2026-01-23 16:00:00,USDT_CASH,USDT_CASH,0.0,0.0,0.0,132756.1187786011,132756.1187786011,0
2026-01-23 20:00:00,USDT_CASH,USDT_CASH,0.0,0.0,0.0,132756.1187786011,132756.1187786011,0
2026-01-24 00:00:00,USDT_CASH,USDT_CASH,0.0,0.0,0.0,132756.1187786011,132756.1187786011,0
2026-01-24 04:00:00,USDT_CASH,USDT_CASH,0.0,0.0,0.0,132756.1187786011,132756.1187786011,0
2026-01-24 08:00:00,USDT_CASH,USDT_CASH,0.0,0.0,0.0,132756.1187786011,132756.1187786011,0
2026-01-24 12:00:00,USDT_CASH,USDT_CASH,0.0,0.0,0.0,132756.1187786011,132756.1187786011,0
2026-01-24 16:00:00,USDT_CASH,USDT_CASH,0.0,0.0,0.0,132756.1187786011,132756.1187786011,0
2026-01-24 20:00:00,USDT_CASH,USDT_CASH,0.0,0.0,0.0,132756.1187786011,132756.1187786011,0
2026-01-25 00:00:00,USDT_CASH,USDT_CASH,0.0,0.0,0.0,132756.1187786011,132756.1187786011,0
2026-01-25 04:00:00,USDT_CASH,USDT_CASH,0.0,0.0,0.0,132756.1187786011,132756.1187786011,0
2026-01-25 08:00:00,USDT_CASH,USDT_CASH,0.0,0.0,0.0,132756.1187786011,132756.1187786011,0
2026-01-25 12:00:00,USDT_CASH,USDT_CASH,0.0,0.0,0.0,132756.1187786011,132756.1187786011,0
2026-01-25 16:00:00,USDT_CASH,USDT_CASH,0.0,0.0,0.0,132756.1187786011,132756.1187786011,0
2026-01-25 20:00:00,USDT_CASH,USDT_CASH,0.0,0.0,0.0,132756.1187786011,132756.1187786011,0
2026-01-26 00:00:00,USDT_CASH,USDT_CASH,0.0,0.0,0.0,132756.1187786011,132756.1187786011,0
2026-01-26 04:00:00,USDT_CASH,USDT_CASH,0.0,0.0,0.0,132756.1187786011,132756.1187786011,0
2026-01-26 08:00:00,USDT_CASH,USDT_CASH,0.0,0.0,0.0,132756.1187786011,132756.1187786011,0
2026-01-26 12:00:00,USDT_CASH,USDT_CASH,0.0,0.0,0.0,132756.1187786011,132756.1187786011,0
2026-01-26 16:00:00,USDT_CASH,USDT_CASH,0.0,0.0,0.0,132756.1187786011,132756.1187786011,0
2026-01-26 20:00:00,USDT_CASH,USDT_CASH,0.0,0.0,0.0,132756.1187786011,132756.1187786011,0
2026-01-27 00:00:00,USDT_CASH,USDT_CASH,0.0,0.0,0.0,132756.1187786011,132756.1187786011,0
2026-01-27 04:00:00,USDT_CASH,USDT_CASH,0.0,0.0,0.0,132756.1187786011,132756.1187786011,0
2026-01-27 08:00:00,USDT_CASH,USDT_CASH,0.0,0.0,0.0,132756.1187786011,132756.1187786011,0
2026-01-27 12:00:00,USDT_CASH,USDT_CASH,0.0,0.0,0.0,132756.1187786011,132756.1187786011,0
2026-01-27 16:00:00,USDT_CASH,USDT_CASH,0.0,0.0,0.0,132756.1187786011,132756.1187786011,0
2026-01-27 20:00:00,USDT_CASH,USDT_CASH,0.0,0.0,0.0,132756.1187786011,132756.1187786011,0
2026-01-28 00:00:00,USDT_CASH,USDT_CASH,0.0,0.0,0.0,132756.1187786011,132756.1187786011,0
2026-01-28 04:00:00,USDT_CASH,USDT_CASH,0.0,0.0,0.0,132756.1187786011,132756.1187786011,0
2026-01-28 08:00:00,USDT_CASH,USDT_CASH,0.0,0.0,0.0,132756.1187786011,132756.1187786011,0
2026-01-28 12:00:00,USDT_CASH,USDT_CASH,0.0,0.0,0.0,132756.1187786011,132756.1187786011,0
2026-01-28 16:00:00,USDT_CASH,USDT_CASH,0.0,0.0,0.0,132756.1187786011,132756.1187786011,0
2026-01-28 20:00:00,USDT_CASH,USDT_CASH,0.0,0.0,0.0,132756.1187786011,132756.1187786011,0
2026-01-29 00:00:00,USDT_CASH,USDT_CASH,0.0,0.0,0.0,132756.1187786011,132756.1187786011,0
2026-01-29 04:00:00,USDT_CASH,USDT_CASH,0.0,0.0,0.0,132756.1187786011,132756.1187786011,0
2026-01-29 08:00:00,USDT_CASH,USDT_CASH,0.0,0.0,0.0,132756.1187786011,132756.1187786011,0
2026-01-29 12:00:00,USDT_CASH,USDT_CASH,0.0,0.0,0.0,132756.1187786011,132756.1187786011,0
2026-01-29 16:00:00,USDT_CASH,USDT_CASH,0.0,0.0,0.0,132756.1187786011,132756.1187786011,0
2026-01-29 20:00:00,USDT_CASH,USDT_CASH,0.0,0.0,0.0,132756.1187786011,132756.1187786011,0
2026-01-30 00:00:00,USDT_CASH,USDT_CASH,0.0,0.0,0.0,132756.1187786011,132756.1187786011,0
2026-01-30 04:00:00,USDT_CASH,USDT_CASH,0.0,0.0,0.0,132756.1187786011,132756.1187786011,0
2026-01-30 08:00:00,USDT_CASH,USDT_CASH,0.0,0.0,0.0,132756.1187786011,132756.1187786011,0
2026-01-30 12:00:00,USDT_CASH,USDT_CASH,0.0,0.0,0.0,132756.1187786011,132756.1187786011,0
2026-01-30 16:00:00,USDT_CASH,USDT_CASH,0.0,0.0,0.0,132756.1187786011,132756.1187786011,0
2026-01-30 20:00:00,USDT_CASH,USDT_CASH,0.0,0.0,0.0,132756.1187786011,132756.1187786011,0
2026-01-31 00:00:00,USDT_CASH,USDT_CASH,0.0,0.0,0.0,132756.1187786011,132756.1187786011,0
2026-01-31 04:00:00,USDT_CASH,USDT_CASH,0.0,0.0,0.0,132756.1187786011,132756.1187786011,0
2026-01-31 08:00:00,USDT_CASH,USDT_CASH,0.0,0.0,0.0,132756.1187786011,132756.1187786011,0
2026-01-31 12:00:00,USDT_CASH,USDT_CASH,0.0,0.0,0.0,132756.1187786011,132756.1187786011,0
2026-01-31 16:00:00,USDT_CASH,USDT_CASH,0.0,0.0,0.0,132756.1187786011,132756.1187786011,0
2026-01-31 20:00:00,USDT_CASH,USDT_CASH,0.0,0.0,0.0,132756.1187786011,132756.1187786011,0
2026-02-01 00:00:00,USDT_CASH,USDT_CASH,0.0,0.0,0.0,132756.1187786011,132756.1187786011,0
2026-02-01 04:00:00,USDT_CASH,USDT_CASH,0.0,0.0,0.0,132756.1187786011,132756.1187786011,0
2026-02-01 08:00:00,USDT_CASH,USDT_CASH,0.0,0.0,0.0,132756.1187786011,132756.1187786011,0
2026-02-01 12:00:00,USDT_CASH,USDT_CASH,0.0,0.0,0.0,132756.1187786011,132756.1187786011,0
2026-02-01 16:00:00,USDT_CASH,USDT_CASH,0.0,0.0,0.0,132756.1187786011,132756.1187786011,0
2026-02-01 20:00:00,USDT_CASH,USDT_CASH,0.0,0.0,0.0,132756.1187786011,132756.1187786011,0
2026-02-02 00:00:00,USDT_CASH,USDT_CASH,0.0,0.0,0.0,132756.1187786011,132756.1187786011,0
2026-02-02 04:00:00,USDT_CASH,USDT_CASH,0.0,0.0,0.0,132756.1187786011,132756.1187786011,0
2026-02-02 08:00:00,USDT_CASH,USDT_CASH,0.0,0.0,0.0,132756.1187786011,132756.1187786011,0
2026-02-02 12:00:00,USDT_CASH,USDT_CASH,0.0,0.0,0.0,132756.1187786011,132756.1187786011,0
2026-02-02 16:00:00,USDT_CASH,USDT_CASH,0.0,0.0,0.0,132756.1187786011,132756.1187786011,0
2026-02-02 20:00:00,USDT_CASH,USDT_CASH,0.0,0.0,0.0,132756.1187786011,132756.1187786011,0
2026-02-03 00:00:00,USDT_CASH,USDT_CASH,0.0,0.0,0.0,132756.1187786011,132756.1187786011,0
2026-02-03 04:00:00,USDT_CASH,USDT_CASH,0.0,0.0,0.0,132756.1187786011,132756.1187786011,0
2026-02-03 08:00:00,USDT_CASH,USDT_CASH,0.0,0.0,0.0,132756.1187786011,132756.1187786011,0
2026-02-03 12:00:00,USDT_CASH,USDT_CASH,0.0,0.0,0.0,132756.1187786011,132756.1187786011,0
2026-02-03 16:00:00,USDT_CASH,USDT_CASH,0.0,0.0,0.0,132756.1187786011,132756.1187786011,0
2026-02-03 20:00:00,USDT_CASH,USDT_CASH,0.0,0.0,0.0,132756.1187786011,132756.1187786011,0
2026-02-04 00:00:00,USDT_CASH,USDT_CASH,0.0,0.0,0.0,132756.1187786011,132756.1187786011,0
2026-02-04 04:00:00,USDT_CASH,USDT_CASH,0.0,0.0,0.0,132756.1187786011,132756.1187786011,0
2026-02-04 08:00:00,USDT_CASH,USDT_CASH,0.0,0.0,0.0,132756.1187786011,132756.1187786011,0
2026-02-04 12:00:00,USDT_CASH,USDT_CASH,0.0,0.0,0.0,132756.1187786011,132756.1187786011,0
2026-02-04 16:00:00,USDT_CASH,USDT_CASH,0.0,0.0,0.0,132756.1187786011,132756.1187786011,0
2026-02-04 20:00:00,USDT_CASH,USDT_CASH,0.0,0.0,0.0,132756.1187786011,132756.1187786011,0
2026-02-05 00:00:00,USDT_CASH,USDT_CASH,0.0,0.0,0.0,132756.1187786011,132756.1187786011,0
2026-02-05 04:00:00,USDT_CASH,USDT_CASH,0.0,0.0,0.0,132756.1187786011,132756.1187786011,0
2026-02-05 08:00:00,USDT_CASH,USDT_CASH,0.0,0.0,0.0,132756.1187786011,132756.1187786011,0
2026-02-05 12:00:00,USDT_CASH,USDT_CASH,0.0,0.0,0.0,132756.1187786011,132756.1187786011,0
2026-02-05 16:00:00,USDT_CASH,USDT_CASH,0.0,0.0,0.0,132756.1187786011,132756.1187786011,0
2026-02-05 20:00:00,USDT_CASH,USDT_CASH,0.0,0.0,0.0,132756.1187786011,132756.1187786011,0
2026-02-06 00:00:00,USDT_CASH,USDT_CASH,0.0,0.0,0.0,132756.1187786011,132756.1187786011,0
2026-02-06 04:00:00,USDT_CASH,USDT_CASH,0.0,0.0,0.0,132756.1187786011,132756.1187786011,0
2026-02-06 08:00:00,USDT_CASH,USDT_CASH,0.0,0.0,0.0,132756.1187786011,132756.1187786011,0
2026-02-06 12:00:00,USDT_CASH,USDT_CASH,0.0,0.0,0.0,132756.1187786011,132756.1187786011,0
2026-02-06 16:00:00,USDT_CASH,USDT_CASH,0.0,0.0,0.0,132756.1187786011,132756.1187786011,0
2026-02-06 20:00:00,USDT_CASH,USDT_CASH,0.0,0.0,0.0,132756.1187786011,132756.1187786011,0
2026-02-07 00:00:00,USDT_CASH,USDT_CASH,0.0,0.0,0.0,132756.1187786011,132756.1187786011,0
2026-02-07 04:00:00,USDT_CASH,USDT_CASH,0.0,0.0,0.0,132756.1187786011,132756.1187786011,0
2026-02-07 08:00:00,USDT_CASH,USDT_CASH,0.0,0.0,0.0,132756.1187786011,132756.1187786011,0
2026-02-07 12:00:00,USDT_CASH,USDT_CASH,0.0,0.0,0.0,132756.1187786011,132756.1187786011,0
2026-02-07 16:00:00,USDT_CASH,USDT_CASH,0.0,0.0,0.0,132756.1187786011,132756.1187786011,0
2026-02-07 20:00:00,USDT_CASH,USDT_CASH,0.0,0.0,0.0,132756.1187786011,132756.1187786011,0
2026-02-08 00:00:00,USDT_CASH,USDT_CASH,0.0,0.0,0.0,132756.1187786011,132756.1187786011,0
2026-02-08 04:00:00,USDT_CASH,USDT_CASH,0.0,0.0,0.0,132756.1187786011,132756.1187786011,0
2026-02-08 08:00:00,USDT_CASH,USDT_CASH,0.0,0.0,0.0,132756.1187786011,132756.1187786011,0
2026-02-08 12:00:00,USDT_CASH,USDT_CASH,0.0,0.0,0.0,132756.1187786011,132756.1187786011,0
2026-02-08 16:00:00,USDT_CASH,USDT_CASH,0.0,0.0,0.0,132756.1187786011,132756.1187786011,0
2026-02-08 20:00:00,USDT_CASH,USDT_CASH,0.0,0.0,0.0,132756.1187786011,132756.1187786011,0
2026-02-09 00:00:00,USDT_CASH,USDT_CASH,0.0,0.0,0.0,132756.1187786011,132756.1187786011,0
2026-02-09 04:00:00,USDT_CASH,USDT_CASH,0.0,0.0,0.0,132756.1187786011,132756.1187786011,0
2026-02-09 08:00:00,USDT_CASH,USDT_CASH,0.0,0.0,0.0,132756.1187786011,132756.1187786011,0
2026-02-09 12:00:00,USDT_CASH,USDT_CASH,0.0,0.0,0.0,132756.1187786011,132756.1187786011,0
2026-02-09 16:00:00,USDT_CASH,USDT_CASH,0.0,0.0,0.0,132756.1187786011,132756.1187786011,0
2026-02-09 20:00:00,USDT_CASH,USDT_CASH,0.0,0.0,0.0,132756.1187786011,132756.1187786011,0
2026-02-10 00:00:00,USDT_CASH,USDT_CASH,0.0,0.0,0.0,132756.1187786011,132756.1187786011,0
2026-02-10 04:00:00,USDT_CASH,USDT_CASH,0.0,0.0,0.0,132756.1187786011,132756.1187786011,0
2026-02-10 08:00:00,USDT_CASH,USDT_CASH,0.0,0.0,0.0,132756.1187786011,132756.1187786011,0
2026-02-10 12:00:00,USDT_CASH,USDT_CASH,0.0,0.0,0.0,132756.1187786011,132756.1187786011,0
2026-02-10 16:00:00,USDT_CASH,USDT_CASH,0.0,0.0,0.0,132756.1187786011,132756.1187786011,0
2026-02-10 20:00:00,USDT_CASH,USDT_CASH,0.0,0.0,0.0,132756.1187786011,132756.1187786011,0
2026-02-11 00:00:00,USDT_CASH,USDT_CASH,0.0,0.0,0.0,132756.1187786011,132756.1187786011,0
2026-02-11 04:00:00,USDT_CASH,USDT_CASH,0.0,0.0,0.0,132756.1187786011,132756.1187786011,0
2026-02-11 08:00:00,USDT_CASH,USDT_CASH,0.0,0.0,0.0,132756.1187786011,132756.1187786011,0
2026-02-11 12:00:00,USDT_CASH,USDT_CASH,0.0,0.0,0.0,132756.1187786011,132756.1187786011,0
2026-02-11 16:00:00,USDT_CASH,USDT_CASH,0.0,0.0,0.0,132756.1187786011,132756.1187786011,0
2026-02-11 20:00:00,USDT_CASH,USDT_CASH,0.0,0.0,0.0,132756.1187786011,132756.1187786011,0
2026-02-12 00:00:00,USDT_CASH,USDT_CASH,0.0,0.0,0.0,132756.1187786011,132756.1187786011,0
2026-02-12 04:00:00,USDT_CASH,USDT_CASH,0.0,0.0,0.0,132756.1187786011,132756.1187786011,0
2026-02-12 08:00:00,USDT_CASH,USDT_CASH,0.0,0.0,0.0,132756.1187786011,132756.1187786011,0
2026-02-12 12:00:00,USDT_CASH,USDT_CASH,0.0,0.0,0.0,132756.1187786011,132756.1187786011,0
2026-02-12 16:00:00,USDT_CASH,USDT_CASH,0.0,0.0,0.0,132756.1187786011,132756.1187786011,0
2026-02-12 20:00:00,USDT_CASH,USDT_CASH,0.0,0.0,0.0,132756.1187786011,132756.1187786011,0
2026-02-13 00:00:00,USDT_CASH,USDT_CASH,0.0,0.0,0.0,132756.1187786011,132756.1187786011,0
2026-02-13 04:00:00,USDT_CASH,USDT_CASH,0.0,0.0,0.0,132756.1187786011,132756.1187786011,0
2026-02-13 08:00:00,USDT_CASH,USDT_CASH,0.0,0.0,0.0,132756.1187786011,132756.1187786011,0
2026-02-13 12:00:00,USDT_CASH,USDT_CASH,0.0,0.0,0.0,132756.1187786011,132756.1187786011,0
2026-02-13 16:00:00,USDT_CASH,USDT_CASH,0.0,0.0,0.0,132756.1187786011,132756.1187786011,0
2026-02-13 20:00:00,USDT_CASH,USDT_CASH,0.0,0.0,0.0,132756.1187786011,132756.1187786011,0
2026-02-14 00:00:00,USDT_CASH,USDT_CASH,0.0,0.0,0.0,132756.1187786011,132756.1187786011,0
2026-02-14 04:00:00,USDT_CASH,USDT_CASH,0.0,0.0,0.0,132756.1187786011,132756.1187786011,0
2026-02-14 08:00:00,USDT_CASH,USDT_CASH,0.0,0.0,0.0,132756.1187786011,132756.1187786011,0
2026-02-14 12:00:00,USDT_CASH,USDT_CASH,0.0,0.0,0.0,132756.1187786011,132756.1187786011,0
2026-02-14 16:00:00,USDT_CASH,USDT_CASH,0.0,0.0,0.0,132756.1187786011,132756.1187786011,0
2026-02-14 20:00:00,USDT_CASH,USDT_CASH,0.0,0.0,0.0,132756.1187786011,132756.1187786011,0
2026-02-15 00:00:00,USDT_CASH,USDT_CASH,0.0,0.0,0.0,132756.1187786011,132756.1187786011,0
2026-02-15 04:00:00,USDT_CASH,USDT_CASH,0.0,0.0,0.0,132756.1187786011,132756.1187786011,0
2026-02-15 08:00:00,USDT_CASH,USDT_CASH,0.0,0.0,0.0,132756.1187786011,132756.1187786011,0
2026-02-15 12:00:00,USDT_CASH,USDT_CASH,0.0,0.0,0.0,132756.1187786011,132756.1187786011,0
2026-02-15 16:00:00,USDT_CASH,USDT_CASH,0.0,0.0,0.0,132756.1187786011,132756.1187786011,0
2026-02-15 20:00:00,USDT_CASH,USDT_CASH,0.0,0.0,0.0,132756.1187786011,132756.1187786011,0
2026-02-16 00:00:00,USDT_CASH,USDT_CASH,0.0,0.0,0.0,132756.1187786011,132756.1187786011,0
2026-02-16 04:00:00,USDT_CASH,USDT_CASH,0.0,0.0,0.0,132756.1187786011,132756.1187786011,0
2026-02-16 08:00:00,USDT_CASH,USDT_CASH,0.0,0.0,0.0,132756.1187786011,132756.1187786011,0
2026-02-16 12:00:00,USDT_CASH,USDT_CASH,0.0,0.0,0.0,132756.1187786011,132756.1187786011,0
2026-02-16 16:00:00,USDT_CASH,USDT_CASH,0.0,0.0,0.0,132756.1187786011,132756.1187786011,0
2026-02-16 20:00:00,USDT_CASH,USDT_CASH,0.0,0.0,0.0,132756.1187786011,132756.1187786011,0
2026-02-17 00:00:00,USDT_CASH,USDT_CASH,0.0,0.0,0.0,132756.1187786011,132756.1187786011,0
2026-02-17 04:00:00,USDT_CASH,USDT_CASH,0.0,0.0,0.0,132756.1187786011,132756.1187786011,0
2026-02-17 08:00:00,USDT_CASH,USDT_CASH,0.0,0.0,0.0,132756.1187786011,132756.1187786011,0
2026-02-17 12:00:00,USDT_CASH,USDT_CASH,0.0,0.0,0.0,132756.1187786011,132756.1187786011,0
2026-02-17 16:00:00,USDT_CASH,USDT_CASH,0.0,0.0,0.0,132756.1187786011,132756.1187786011,0
2026-02-17 20:00:00,USDT_CASH,USDT_CASH,0.0,0.0,0.0,132756.1187786011,132756.1187786011,0
2026-02-18 00:00:00,USDT_CASH,USDT_CASH,0.0,0.0,0.0,132756.1187786011,132756.1187786011,0
2026-02-18 04:00:00,USDT_CASH,USDT_CASH,0.0,0.0,0.0,132756.1187786011,132756.1187786011,0
2026-02-18 08:00:00,USDT_CASH,USDT_CASH,0.0,0.0,0.0,132756.1187786011,132756.1187786011,0
2026-02-18 12:00:00,USDT_CASH,USDT_CASH,0.0,0.0,0.0,132756.1187786011,132756.1187786011,0
2026-02-18 16:00:00,USDT_CASH,USDT_CASH,0.0,0.0,0.0,132756.1187786011,132756.1187786011,0
2026-02-18 20:00:00,USDT_CASH,USDT_CASH,0.0,0.0,0.0,132756.1187786011,132756.1187786011,0
2026-02-19 00:00:00,USDT_CASH,USDT_CASH,0.0,0.0,0.0,132756.1187786011,132756.1187786011,0
2026-02-19 04:00:00,USDT_CASH,USDT_CASH,0.0,0.0,0.0,132756.1187786011,132756.1187786011,0
2026-02-19 08:00:00,USDT_CASH,USDT_CASH,0.0,0.0,0.0,132756.1187786011,132756.1187786011,0
2026-02-19 12:00:00,USDT_CASH,USDT_CASH,0.0,0.0,0.0,132756.1187786011,132756.1187786011,0
2026-02-19 16:00:00,USDT_CASH,USDT_CASH,0.0,0.0,0.0,132756.1187786011,132756.1187786011,0
2026-02-19 20:00:00,USDT_CASH,USDT_CASH,0.0,0.0,0.0,132756.1187786011,132756.1187786011,0
2026-02-20 00:00:00,USDT_CASH,USDT_CASH,0.0,0.0,0.0,132756.1187786011,132756.1187786011,0
2026-02-20 04:00:00,USDT_CASH,USDT_CASH,0.0,0.0,0.0,132756.1187786011,132756.1187786011,0
2026-02-20 08:00:00,USDT_CASH,USDT_CASH,0.0,0.0,0.0,132756.1187786011,132756.1187786011,0
2026-02-20 12:00:00,USDT_CASH,USDT_CASH,0.0,0.0,0.0,132756.1187786011,132756.1187786011,0
2026-02-20 16:00:00,USDT_CASH,USDT_CASH,0.0,0.0,0.0,132756.1187786011,132756.1187786011,0
2026-02-20 20:00:00,USDT_CASH,USDT_CASH,0.0,0.0,0.0,132756.1187786011,132756.1187786011,0
2026-02-21 00:00:00,USDT_CASH,USDT_CASH,0.0,0.0,0.0,132756.1187786011,132756.1187786011,0
2026-02-21 04:00:00,USDT_CASH,USDT_CASH,0.0,0.0,0.0,132756.1187786011,132756.1187786011,0
2026-02-21 08:00:00,USDT_CASH,USDT_CASH,0.0,0.0,0.0,132756.1187786011,132756.1187786011,0
2026-02-21 12:00:00,USDT_CASH,USDT_CASH,0.0,0.0,0.0,132756.1187786011,132756.1187786011,0
2026-02-21 16:00:00,USDT_CASH,USDT_CASH,0.0,0.0,0.0,132756.1187786011,132756.1187786011,0
2026-02-21 20:00:00,USDT_CASH,USDT_CASH,0.0,0.0,0.0,132756.1187786011,132756.1187786011,0
2026-02-22 00:00:00,USDT_CASH,USDT_CASH,0.0,0.0,0.0,132756.1187786011,132756.1187786011,0
2026-02-22 04:00:00,USDT_CASH,USDT_CASH,0.0,0.0,0.0,132756.1187786011,132756.1187786011,0
2026-02-22 08:00:00,USDT_CASH,USDT_CASH,0.0,0.0,0.0,132756.1187786011,132756.1187786011,0
2026-02-22 12:00:00,USDT_CASH,USDT_CASH,0.0,0.0,0.0,132756.1187786011,132756.1187786011,0
2026-02-22 16:00:00,USDT_CASH,USDT_CASH,0.0,0.0,0.0,132756.1187786011,132756.1187786011,0
2026-02-22 20:00:00,USDT_CASH,USDT_CASH,0.0,0.0,0.0,132756.1187786011,132756.1187786011,0
2026-02-23 00:00:00,USDT_CASH,USDT_CASH,0.0,0.0,0.0,132756.1187786011,132756.1187786011,0
2026-02-23 04:00:00,USDT_CASH,USDT_CASH,0.0,0.0,0.0,132756.1187786011,132756.1187786011,0
2026-02-23 08:00:00,USDT_CASH,USDT_CASH,0.0,0.0,0.0,132756.1187786011,132756.1187786011,0
2026-02-23 12:00:00,USDT_CASH,USDT_CASH,0.0,0.0,0.0,132756.1187786011,132756.1187786011,0
2026-02-23 16:00:00,USDT_CASH,USDT_CASH,0.0,0.0,0.0,132756.1187786011,132756.1187786011,0
2026-02-23 20:00:00,USDT_CASH,USDT_CASH,0.0,0.0,0.0,132756.1187786011,132756.1187786011,0
2026-02-24 00:00:00,USDT_CASH,USDT_CASH,0.0,0.0,0.0,132756.1187786011,132756.1187786011,0
2026-02-24 04:00:00,USDT_CASH,USDT_CASH,0.0,0.0,0.0,132756.1187786011,132756.1187786011,0
2026-02-24 08:00:00,USDT_CASH,USDT_CASH,0.0,0.0,0.0,132756.1187786011,132756.1187786011,0
2026-02-24 12:00:00,USDT_CASH,USDT_CASH,0.0,0.0,0.0,132756.1187786011,132756.1187786011,0
2026-02-24 16:00:00,USDT_CASH,USDT_CASH,0.0,0.0,0.0,132756.1187786011,132756.1187786011,0
2026-02-24 20:00:00,USDT_CASH,USDT_CASH,0.0,0.0,0.0,132756.1187786011,132756.1187786011,0
2026-02-25 00:00:00,USDT_CASH,USDT_CASH,0.0,0.0,0.0,132756.1187786011,132756.1187786011,0
2026-02-25 04:00:00,USDT_CASH,USDT_CASH,0.0,0.0,0.0,132756.1187786011,132756.1187786011,0
2026-02-25 08:00:00,USDT_CASH,USDT_CASH,0.0,0.0,0.0,132756.1187786011,132756.1187786011,0
2026-02-25 12:00:00,USDT_CASH,USDT_CASH,0.0,0.0,0.0,132756.1187786011,132756.1187786011,0
2026-02-25 16:00:00,USDT_CASH,USDT_CASH,0.0,0.0,0.0,132756.1187786011,132756.1187786011,0
2026-02-25 20:00:00,USDT_CASH,USDT_CASH,0.0,0.0,0.0,132756.1187786011,132756.1187786011,0
2026-02-26 00:00:00,USDT_CASH,USDT_CASH,0.0,0.0,0.0,132756.1187786011,132756.1187786011,0
2026-02-26 04:00:00,USDT_CASH,USDT_CASH,0.0,0.0,0.0,132756.1187786011,132756.1187786011,0
2026-02-26 08:00:00,USDT_CASH,USDT_CASH,0.0,0.0,0.0,132756.1187786011,132756.1187786011,0
2026-02-26 12:00:00,USDT_CASH,USDT_CASH,0.0,0.0,0.0,132756.1187786011,132756.1187786011,0
2026-02-26 16:00:00,USDT_CASH,USDT_CASH,0.0,0.0,0.0,132756.1187786011,132756.1187786011,0
2026-02-26 20:00:00,USDT_CASH,USDT_CASH,0.0,0.0,0.0,132756.1187786011,132756.1187786011,0
2026-02-27 00:00:00,USDT_CASH,USDT_CASH,0.0,0.0,0.0,132756.1187786011,132756.1187786011,0
2026-02-27 04:00:00,USDT_CASH,USDT_CASH,0.0,0.0,0.0,132756.1187786011,132756.1187786011,0
2026-02-27 08:00:00,USDT_CASH,USDT_CASH,0.0,0.0,0.0,132756.1187786011,132756.1187786011,0
2026-02-27 12:00:00,USDT_CASH,USDT_CASH,0.0,0.0,0.0,132756.1187786011,132756.1187786011,0
2026-02-27 16:00:00,USDT_CASH,USDT_CASH,0.0,0.0,0.0,132756.1187786011,132756.1187786011,0
2026-02-27 20:00:00,USDT_CASH,USDT_CASH,0.0,0.0,0.0,132756.1187786011,132756.1187786011,0
2026-02-28 00:00:00,USDT_CASH,USDT_CASH,0.0,0.0,0.0,132756.1187786011,132756.1187786011,0
2026-02-28 04:00:00,USDT_CASH,USDT_CASH,0.0,0.0,0.0,132756.1187786011,132756.1187786011,0
2026-02-28 08:00:00,USDT_CASH,USDT_CASH,0.0,0.0,0.0,132756.1187786011,132756.1187786011,0
2026-02-28 12:00:00,USDT_CASH,USDT_CASH,0.0,0.0,0.0,132756.1187786011,132756.1187786011,0
2026-02-28 16:00:00,USDT_CASH,USDT_CASH,0.0,0.0,0.0,132756.1187786011,132756.1187786011,0
2026-02-28 20:00:00,USDT_CASH,USDT_CASH,0.0,0.0,0.0,132756.1187786011,132756.1187786011,0
2026-03-01 00:00:00,USDT_CASH,USDT_CASH,0.0,0.0,0.0,132756.1187786011,132756.1187786011,0
2026-03-01 04:00:00,USDT_CASH,USDT_CASH,0.0,0.0,0.0,132756.1187786011,132756.1187786011,0
2026-03-01 08:00:00,USDT_CASH,USDT_CASH,0.0,0.0,0.0,132756.1187786011,132756.1187786011,0
2026-03-01 12:00:00,USDT_CASH,USDT_CASH,0.0,0.0,0.0,132756.1187786011,132756.1187786011,0
2026-03-01 16:00:00,USDT_CASH,USDT_CASH,0.0,0.0,0.0,132756.1187786011,132756.1187786011,0
2026-03-01 20:00:00,USDT_CASH,USDT_CASH,0.0,0.0,0.0,132756.1187786011,132756.1187786011,0
2026-03-02 00:00:00,USDT_CASH,USDT_CASH,0.0,0.0,0.0,132756.1187786011,132756.1187786011,0
2026-03-02 04:00:00,USDT_CASH,USDT_CASH,0.0,0.0,0.0,132756.1187786011,132756.1187786011,0
2026-03-02 08:00:00,USDT_CASH,USDT_CASH,0.0,0.0,0.0,132756.1187786011,132756.1187786011,0
2026-03-02 12:00:00,USDT_CASH,USDT_CASH,0.0,0.0,0.0,132756.1187786011,132756.1187786011,0
2026-03-02 16:00:00,USDT_CASH,USDT_CASH,0.0,0.0,0.0,132756.1187786011,132756.1187786011,0
2026-03-02 20:00:00,USDT_CASH,USDT_CASH,0.0,0.0,0.0,132756.1187786011,132756.1187786011,0
2026-03-03 00:00:00,USDT_CASH,USDT_CASH,0.0,0.0,0.0,132756.1187786011,132756.1187786011,0
2026-03-03 04:00:00,USDT_CASH,USDT_CASH,0.0,0.0,0.0,132756.1187786011,132756.1187786011,0
2026-03-03 08:00:00,USDT_CASH,USDT_CASH,0.0,0.0,0.0,132756.1187786011,132756.1187786011,0
2026-03-03 12:00:00,USDT_CASH,USDT_CASH,0.0,0.0,0.0,132756.1187786011,132756.1187786011,0
2026-03-03 16:00:00,USDT_CASH,USDT_CASH,0.0,0.0,0.0,132756.1187786011,132756.1187786011,0
2026-03-03 20:00:00,USDT_CASH,USDT_CASH,0.0,0.0,0.0,132756.1187786011,132756.1187786011,0
2026-03-04 00:00:00,USDT_CASH,USDT_CASH,0.0,0.0,0.0,132756.1187786011,132756.1187786011,0
2026-03-04 04:00:00,USDT_CASH,USDT_CASH,0.0,0.0,0.0,132756.1187786011,132756.1187786011,0
2026-03-04 08:00:00,USDT_CASH,USDT_CASH,0.0,0.0,0.0,132756.1187786011,132756.1187786011,0
2026-03-04 12:00:00,USDT_CASH,USDT_CASH,0.0,0.0,0.0,132756.1187786011,132756.1187786011,0
2026-03-04 16:00:00,BTCUSDT,BTCUSDT,1.8063934071376881,73433.568435,70810.32994933084,132649.91388357824,132970.60573215308,1
2026-03-04 20:00:00,BTCUSDT,BTCUSDT,1.8063934071376881,73433.568435,70810.32994933084,132649.91388357824,131264.77424599076,2
2026-03-05 00:00:00,BTCUSDT,BTCUSDT,1.8063934071376881,73433.568435,70810.32994933084,132649.91388357824,130959.71052739334,3
2026-03-05 04:00:00,BTCUSDT,BTCUSDT,1.8063934071376881,73433.568435,70810.32994933084,132649.91388357824,130160.5801480097,4
2026-03-05 08:00:00,BTCUSDT,BTCUSDT,1.8063934071376881,73433.568435,70810.32994933084,132649.91388357824,131714.60233223616,5
2026-03-05 12:00:00,BTCUSDT,BTCUSDT,1.8063934071376881,73433.568435,70810.32994933084,132649.91388357824,129433.09133115315,6
2026-03-05 16:00:00,BTCUSDT,USDT_CASH,0.0,0.0,0.0,127617.2706509827,127617.2706509827,0
2026-03-05 20:00:00,USDT_CASH,USDT_CASH,0.0,0.0,0.0,127617.2706509827,127617.2706509827,0
2026-03-06 00:00:00,USDT_CASH,USDT_CASH,0.0,0.0,0.0,127617.2706509827,127617.2706509827,0
2026-03-06 04:00:00,USDT_CASH,USDT_CASH,0.0,0.0,0.0,127617.2706509827,127617.2706509827,0
2026-03-06 08:00:00,USDT_CASH,USDT_CASH,0.0,0.0,0.0,127617.2706509827,127617.2706509827,0
2026-03-06 12:00:00,USDT_CASH,USDT_CASH,0.0,0.0,0.0,127617.2706509827,127617.2706509827,0
2026-03-06 16:00:00,USDT_CASH,USDT_CASH,0.0,0.0,0.0,127617.2706509827,127617.2706509827,0
2026-03-06 20:00:00,USDT_CASH,USDT_CASH,0.0,0.0,0.0,127617.2706509827,127617.2706509827,0
2026-03-07 00:00:00,USDT_CASH,USDT_CASH,0.0,0.0,0.0,127617.2706509827,127617.2706509827,0
2026-03-07 04:00:00,USDT_CASH,USDT_CASH,0.0,0.0,0.0,127617.2706509827,127617.2706509827,0
2026-03-07 08:00:00,USDT_CASH,USDT_CASH,0.0,0.0,0.0,127617.2706509827,127617.2706509827,0
2026-03-07 12:00:00,USDT_CASH,USDT_CASH,0.0,0.0,0.0,127617.2706509827,127617.2706509827,0
2026-03-07 16:00:00,USDT_CASH,USDT_CASH,0.0,0.0,0.0,127617.2706509827,127617.2706509827,0
2026-03-07 20:00:00,USDT_CASH,USDT_CASH,0.0,0.0,0.0,127617.2706509827,127617.2706509827,0
2026-03-08 00:00:00,USDT_CASH,USDT_CASH,0.0,0.0,0.0,127617.2706509827,127617.2706509827,0
2026-03-08 04:00:00,USDT_CASH,USDT_CASH,0.0,0.0,0.0,127617.2706509827,127617.2706509827,0
2026-03-08 08:00:00,USDT_CASH,USDT_CASH,0.0,0.0,0.0,127617.2706509827,127617.2706509827,0
2026-03-08 12:00:00,USDT_CASH,USDT_CASH,0.0,0.0,0.0,127617.2706509827,127617.2706509827,0
2026-03-08 16:00:00,USDT_CASH,USDT_CASH,0.0,0.0,0.0,127617.2706509827,127617.2706509827,0
2026-03-08 20:00:00,USDT_CASH,USDT_CASH,0.0,0.0,0.0,127617.2706509827,127617.2706509827,0
2026-03-09 00:00:00,USDT_CASH,USDT_CASH,0.0,0.0,0.0,127617.2706509827,127617.2706509827,0
2026-03-09 04:00:00,USDT_CASH,USDT_CASH,0.0,0.0,0.0,127617.2706509827,127617.2706509827,0
2026-03-09 08:00:00,USDT_CASH,USDT_CASH,0.0,0.0,0.0,127617.2706509827,127617.2706509827,0
2026-03-09 12:00:00,USDT_CASH,USDT_CASH,0.0,0.0,0.0,127617.2706509827,127617.2706509827,0
2026-03-09 16:00:00,USDT_CASH,USDT_CASH,0.0,0.0,0.0,127617.2706509827,127617.2706509827,0
2026-03-09 20:00:00,USDT_CASH,USDT_CASH,0.0,0.0,0.0,127617.2706509827,127617.2706509827,0
2026-03-10 00:00:00,USDT_CASH,USDT_CASH,0.0,0.0,0.0,127617.2706509827,127617.2706509827,0
2026-03-10 04:00:00,USDT_CASH,USDT_CASH,0.0,0.0,0.0,127617.2706509827,127617.2706509827,0
2026-03-10 08:00:00,USDT_CASH,USDT_CASH,0.0,0.0,0.0,127617.2706509827,127617.2706509827,0
2026-03-10 12:00:00,USDT_CASH,USDT_CASH,0.0,0.0,0.0,127617.2706509827,127617.2706509827,0
2026-03-10 16:00:00,BTCUSDT,USDT_CASH,0.0,0.0,0.0,125124.831265349,125124.831265349,0
2026-03-10 20:00:00,USDT_CASH,USDT_CASH,0.0,0.0,0.0,125124.831265349,125124.831265349,0
2026-03-11 00:00:00,USDT_CASH,USDT_CASH,0.0,0.0,0.0,125124.831265349,125124.831265349,0
2026-03-11 04:00:00,USDT_CASH,USDT_CASH,0.0,0.0,0.0,125124.831265349,125124.831265349,0
2026-03-11 08:00:00,USDT_CASH,USDT_CASH,0.0,0.0,0.0,125124.831265349,125124.831265349,0
2026-03-11 12:00:00,USDT_CASH,USDT_CASH,0.0,0.0,0.0,125124.831265349,125124.831265349,0
2026-03-11 16:00:00,USDT_CASH,USDT_CASH,0.0,0.0,0.0,125124.831265349,125124.831265349,0
2026-03-11 20:00:00,USDT_CASH,USDT_CASH,0.0,0.0,0.0,125124.831265349,125124.831265349,0
2026-03-12 00:00:00,USDT_CASH,USDT_CASH,0.0,0.0,0.0,125124.831265349,125124.831265349,0
2026-03-12 04:00:00,USDT_CASH,USDT_CASH,0.0,0.0,0.0,125124.831265349,125124.831265349,0
2026-03-12 08:00:00,USDT_CASH,USDT_CASH,0.0,0.0,0.0,125124.831265349,125124.831265349,0
2026-03-12 12:00:00,USDT_CASH,USDT_CASH,0.0,0.0,0.0,125124.831265349,125124.831265349,0
2026-03-12 16:00:00,USDT_CASH,USDT_CASH,0.0,0.0,0.0,125124.831265349,125124.831265349,0
2026-03-12 20:00:00,USDT_CASH,USDT_CASH,0.0,0.0,0.0,125124.831265349,125124.831265349,0
2026-03-13 00:00:00,USDT_CASH,USDT_CASH,0.0,0.0,0.0,125124.831265349,125124.831265349,0
2026-03-13 04:00:00,BNBUSDT,BNBUSDT,188.88741973668564,661.900785,652.1867822377608,125024.73140033672,124909.36179767284,1
2026-03-13 08:00:00,BNBUSDT,BNBUSDT,188.88741973668564,661.900785,652.1867822377608,125024.73140033672,125919.9094932641,2
2026-03-13 12:00:00,BNBUSDT,BNBUSDT,188.88741973668564,661.900785,652.1867822377608,125024.73140033672,125083.1382238306,3
2026-03-13 16:00:00,BNBUSDT,BNBUSDT,188.88741973668564,661.900785,652.1867822377608,125024.73140033672,124146.25662193663,4
2026-03-13 20:00:00,BNBUSDT,BNBUSDT,188.88741973668564,661.900785,652.1867822377608,125024.73140033672,123859.14774393688,5
2026-03-14 00:00:00,BNBUSDT,BNBUSDT,188.88741973668564,661.900785,652.1867822377608,125024.73140033672,124078.25715083143,6
2026-03-14 04:00:00,BNBUSDT,USDT_CASH,0.0,0.0,0.0,122906.689590605,122906.689590605,0
2026-03-14 08:00:00,USDT_CASH,USDT_CASH,0.0,0.0,0.0,122906.689590605,122906.689590605,0
2026-03-14 12:00:00,USDT_CASH,USDT_CASH,0.0,0.0,0.0,122906.689590605,122906.689590605,0
2026-03-14 16:00:00,USDT_CASH,USDT_CASH,0.0,0.0,0.0,122906.689590605,122906.689590605,0
2026-03-14 20:00:00,USDT_CASH,USDT_CASH,0.0,0.0,0.0,122906.689590605,122906.689590605,0
2026-03-15 00:00:00,USDT_CASH,USDT_CASH,0.0,0.0,0.0,122906.689590605,122906.689590605,0
2026-03-15 04:00:00,USDT_CASH,USDT_CASH,0.0,0.0,0.0,122906.689590605,122906.689590605,0
2026-03-15 08:00:00,BNBUSDT,BNBUSDT,185.9746534098372,660.35001,652.4442089592116,122808.36423893253,123048.26968208468,1
2026-03-15 12:00:00,BNBUSDT,BNBUSDT,185.9746534098372,660.35001,652.4442089592116,122808.36423893253,122685.6191079355,2
2026-03-15 16:00:00,BNBUSDT,BNBUSDT,185.9746534098372,660.35001,652.4442089592116,122808.36423893253,122834.39883066337,3
2026-03-15 20:00:00,BNBUSDT,BNBUSDT,185.9746534098372,660.35001,652.4442089592116,122808.36423893253,125304.14222794601,4
2026-03-16 00:00:00,ETHUSDT,ETHUSDT,57.374681323352206,2179.379145,2132.957359285714,125041.1839271348,128270.85379417884,1
2026-03-16 04:00:00,ETHUSDT,ETHUSDT,57.374681323352206,2179.379145,2183.73790329,125041.1839271348,129032.78956215295,2
2026-03-16 08:00:00,ETHUSDT,ETHUSDT,57.374681323352206,2179.379145,2183.73790329,125041.1839271348,130237.08412313012,3
2026-03-16 12:00:00,ETHUSDT,ETHUSDT,57.374681323352206,2179.379145,2183.73790329,125041.1839271348,130463.14036754413,4
2026-03-16 16:00:00,ETHUSDT,ETHUSDT,57.374681323352206,2179.379145,2183.73790329,125041.1839271348,133735.79219022812,5
2026-03-16 20:00:00,ETHUSDT,ETHUSDT,57.374681323352206,2179.379145,2183.73790329,125041.1839271348,135000.90391340802,6
2026-03-17 00:00:00,ETHUSDT,ETHUSDT,57.374681323352206,2179.379145,2183.73790329,125041.1839271348,133109.26067017711,7
2026-03-17 04:00:00,ETHUSDT,ETHUSDT,57.374681323352206,2179.379145,2183.73790329,125041.1839271348,133551.04571636693,8
2026-03-17 08:00:00,ETHUSDT,ETHUSDT,57.374681323352206,2179.379145,2183.73790329,125041.1839271348,133500.5559968024,9
2026-03-17 12:00:00,ETHUSDT,ETHUSDT,57.374681323352206,2179.379145,2183.73790329,125041.1839271348,132878.61445125725,10
2026-03-17 16:00:00,ETHUSDT,ETHUSDT,57.374681323352206,2179.379145,2183.73790329,125041.1839271348,133121.88310006825,11
2026-03-17 20:00:00,ETHUSDT,ETHUSDT,57.374681323352206,2179.379145,2183.73790329,125041.1839271348,132959.51275192318,12
2026-03-18 00:00:00,ETHUSDT,ETHUSDT,57.374681323352206,2179.379145,2183.73790329,125041.1839271348,134291.75285225143,13
2026-03-18 04:00:00,ETHUSDT,ETHUSDT,57.374681323352206,2179.379145,2183.73790329,125041.1839271348,132979.59389038634,14
2026-03-18 08:00:00,ETHUSDT,ETHUSDT,57.374681323352206,2179.379145,2183.73790329,125041.1839271348,130202.65931433611,15
2026-03-18 12:00:00,ETHUSDT,USDT_CASH,0.0,0.0,0.0,125003.24673203017,125003.24673203017,0
2026-03-18 16:00:00,ETHUSDT,ETHUSDT,57.06565602800384,2188.7638349999997,2119.4420644866536,124903.24413464454,124736.9642288122,1
2026-03-18 20:00:00,USDT_CASH,USDT_CASH,0.0,0.0,0.0,124574.85607010043,124574.85607010043,0
2026-03-19 00:00:00,ETHUSDT,ETHUSDT,56.46435251607712,2204.4916949999997,2124.379909285714,124475.19618524435,124915.52242779225,1
2026-03-19 04:00:00,ETHUSDT,ETHUSDT,56.46435251607712,2204.4916949999997,2124.379909285714,124475.19618524435,122340.18330953397,2
2026-03-19 08:00:00,USDT_CASH,USDT_CASH,0.0,0.0,0.0,122181.1900073049,122181.1900073049,0
2026-03-19 12:00:00,USDT_CASH,USDT_CASH,0.0,0.0,0.0,122181.1900073049,122181.1900073049,0
2026-03-19 16:00:00,USDT_CASH,USDT_CASH,0.0,0.0,0.0,122181.1900073049,122181.1900073049,0
2026-03-19 20:00:00,USDT_CASH,USDT_CASH,0.0,0.0,0.0,122181.1900073049,122181.1900073049,0
2026-03-20 00:00:00,USDT_CASH,USDT_CASH,0.0,0.0,0.0,122181.1900073049,122181.1900073049,0
2026-03-20 04:00:00,USDT_CASH,USDT_CASH,0.0,0.0,0.0,122181.1900073049,122181.1900073049,0
2026-03-20 08:00:00,USDT_CASH,USDT_CASH,0.0,0.0,0.0,122181.1900073049,122181.1900073049,0
2026-03-20 12:00:00,USDT_CASH,USDT_CASH,0.0,0.0,0.0,122181.1900073049,122181.1900073049,0
2026-03-20 16:00:00,USDT_CASH,USDT_CASH,0.0,0.0,0.0,122181.1900073049,122181.1900073049,0
2026-03-20 20:00:00,USDT_CASH,USDT_CASH,0.0,0.0,0.0,122181.1900073049,122181.1900073049,0
2026-03-21 00:00:00,USDT_CASH,USDT_CASH,0.0,0.0,0.0,122181.1900073049,122181.1900073049,0
2026-03-21 04:00:00,USDT_CASH,USDT_CASH,0.0,0.0,0.0,122181.1900073049,122181.1900073049,0
2026-03-21 08:00:00,USDT_CASH,USDT_CASH,0.0,0.0,0.0,122181.1900073049,122181.1900073049,0
2026-03-21 12:00:00,USDT_CASH,USDT_CASH,0.0,0.0,0.0,122181.1900073049,122181.1900073049,0
2026-03-21 16:00:00,USDT_CASH,USDT_CASH,0.0,0.0,0.0,122181.1900073049,122181.1900073049,0
2026-03-21 20:00:00,USDT_CASH,USDT_CASH,0.0,0.0,0.0,122181.1900073049,122181.1900073049,0
2026-03-22 00:00:00,USDT_CASH,USDT_CASH,0.0,0.0,0.0,122181.1900073049,122181.1900073049,0
2026-03-22 04:00:00,USDT_CASH,USDT_CASH,0.0,0.0,0.0,122181.1900073049,122181.1900073049,0
2026-03-22 08:00:00,USDT_CASH,USDT_CASH,0.0,0.0,0.0,122181.1900073049,122181.1900073049,0
2026-03-22 12:00:00,USDT_CASH,USDT_CASH,0.0,0.0,0.0,122181.1900073049,122181.1900073049,0
2026-03-22 16:00:00,USDT_CASH,USDT_CASH,0.0,0.0,0.0,122181.1900073049,122181.1900073049,0
2026-03-22 20:00:00,USDT_CASH,USDT_CASH,0.0,0.0,0.0,122181.1900073049,122181.1900073049,0
2026-03-23 00:00:00,USDT_CASH,USDT_CASH,0.0,0.0,0.0,122181.1900073049,122181.1900073049,0
2026-03-23 04:00:00,USDT_CASH,USDT_CASH,0.0,0.0,0.0,122181.1900073049,122181.1900073049,0
2026-03-23 08:00:00,USDT_CASH,USDT_CASH,0.0,0.0,0.0,122181.1900073049,122181.1900073049,0
2026-03-23 12:00:00,USDT_CASH,USDT_CASH,0.0,0.0,0.0,122181.1900073049,122181.1900073049,0
2026-03-23 16:00:00,USDT_CASH,USDT_CASH,0.0,0.0,0.0,122181.1900073049,122181.1900073049,0
2026-03-23 20:00:00,USDT_CASH,USDT_CASH,0.0,0.0,0.0,122181.1900073049,122181.1900073049,0
2026-03-24 00:00:00,SOLUSDT,SOLUSDT,1334.4535634118536,91.48571999999999,89.17882492638319,122083.44505529906,120567.87945426095,1
2026-03-24 04:00:00,USDT_CASH,USDT_CASH,0.0,0.0,0.0,120397.8622450466,120397.8622450466,0
2026-03-24 08:00:00,SOLUSDT,SOLUSDT,1311.1048221963665,91.75585499999998,89.20663429642092,120301.54395525057,120320.08953296056,1
2026-03-24 12:00:00,SOLUSDT,USDT_CASH,0.0,0.0,0.0,116690.38247772804,116690.38247772804,0
2026-03-24 16:00:00,USDT_CASH,USDT_CASH,0.0,0.0,0.0,116690.38247772804,116690.38247772804,0
2026-03-24 20:00:00,USDT_CASH,USDT_CASH,0.0,0.0,0.0,116690.38247772804,116690.38247772804,0
2026-03-25 00:00:00,USDT_CASH,USDT_CASH,0.0,0.0,0.0,116690.38247772804,116690.38247772804,0
2026-03-25 04:00:00,USDT_CASH,USDT_CASH,0.0,0.0,0.0,116690.38247772804,116690.38247772804,0
2026-03-25 08:00:00,SOLUSDT,SOLUSDT,1269.2088955712284,91.86590999999999,89.26885568712717,116597.03017174585,118023.73519916853,1
2026-03-25 12:00:00,SOLUSDT,SOLUSDT,1269.2088955712284,91.86590999999999,89.26885568712717,116597.03017174585,116475.30034657163,2
2026-03-25 16:00:00,SOLUSDT,SOLUSDT,1269.2088955712284,91.86590999999999,89.26885568712717,116597.03017174585,116449.9161686602,3
2026-03-25 20:00:00,SOLUSDT,SOLUSDT,1269.2088955712284,91.86590999999999,89.26885568712717,116597.03017174585,116386.45572388165,4
2026-03-26 00:00:00,SOLUSDT,SOLUSDT,1269.2088955712284,91.86590999999999,89.26885568712717,116597.03017174585,115586.85411967177,5
2026-03-26 04:00:00,SOLUSDT,USDT_CASH,0.0,0.0,0.0,113040.36979736514,113040.36979736514,0
2026-03-26 08:00:00,USDT_CASH,USDT_CASH,0.0,0.0,0.0,113040.36979736514,113040.36979736514,0
2026-03-26 12:00:00,USDT_CASH,USDT_CASH,0.0,0.0,0.0,113040.36979736514,113040.36979736514,0
2026-03-26 16:00:00,USDT_CASH,USDT_CASH,0.0,0.0,0.0,113040.36979736514,113040.36979736514,0
2026-03-26 20:00:00,USDT_CASH,USDT_CASH,0.0,0.0,0.0,113040.36979736514,113040.36979736514,0
2026-03-27 00:00:00,USDT_CASH,USDT_CASH,0.0,0.0,0.0,113040.36979736514,113040.36979736514,0
2026-03-27 04:00:00,USDT_CASH,USDT_CASH,0.0,0.0,0.0,113040.36979736514,113040.36979736514,0
2026-03-27 08:00:00,USDT_CASH,USDT_CASH,0.0,0.0,0.0,113040.36979736514,113040.36979736514,0
2026-03-27 12:00:00,USDT_CASH,USDT_CASH,0.0,0.0,0.0,113040.36979736514,113040.36979736514,0
2026-03-27 16:00:00,USDT_CASH,USDT_CASH,0.0,0.0,0.0,113040.36979736514,113040.36979736514,0
2026-03-27 20:00:00,USDT_CASH,USDT_CASH,0.0,0.0,0.0,113040.36979736514,113040.36979736514,0
2026-03-28 00:00:00,USDT_CASH,USDT_CASH,0.0,0.0,0.0,113040.36979736514,113040.36979736514,0
2026-03-28 04:00:00,USDT_CASH,USDT_CASH,0.0,0.0,0.0,113040.36979736514,113040.36979736514,0
2026-03-28 08:00:00,USDT_CASH,USDT_CASH,0.0,0.0,0.0,113040.36979736514,113040.36979736514,0
2026-03-28 12:00:00,USDT_CASH,USDT_CASH,0.0,0.0,0.0,113040.36979736514,113040.36979736514,0
2026-03-28 16:00:00,USDT_CASH,USDT_CASH,0.0,0.0,0.0,113040.36979736514,113040.36979736514,0
2026-03-28 20:00:00,USDT_CASH,USDT_CASH,0.0,0.0,0.0,113040.36979736514,113040.36979736514,0
2026-03-29 00:00:00,USDT_CASH,USDT_CASH,0.0,0.0,0.0,113040.36979736514,113040.36979736514,0
2026-03-29 04:00:00,USDT_CASH,USDT_CASH,0.0,0.0,0.0,113040.36979736514,113040.36979736514,0
2026-03-29 08:00:00,USDT_CASH,USDT_CASH,0.0,0.0,0.0,113040.36979736514,113040.36979736514,0
2026-03-29 12:00:00,USDT_CASH,USDT_CASH,0.0,0.0,0.0,113040.36979736514,113040.36979736514,0
2026-03-29 16:00:00,USDT_CASH,USDT_CASH,0.0,0.0,0.0,113040.36979736514,113040.36979736514,0
2026-03-29 20:00:00,USDT_CASH,USDT_CASH,0.0,0.0,0.0,113040.36979736514,113040.36979736514,0
2026-03-30 00:00:00,USDT_CASH,USDT_CASH,0.0,0.0,0.0,113040.36979736514,113040.36979736514,0
2026-03-30 04:00:00,USDT_CASH,USDT_CASH,0.0,0.0,0.0,113040.36979736514,113040.36979736514,0
2026-03-30 08:00:00,USDT_CASH,USDT_CASH,0.0,0.0,0.0,113040.36979736514,113040.36979736514,0
2026-03-30 12:00:00,USDT_CASH,USDT_CASH,0.0,0.0,0.0,113040.36979736514,113040.36979736514,0
2026-03-30 16:00:00,USDT_CASH,USDT_CASH,0.0,0.0,0.0,113040.36979736514,113040.36979736514,0
2026-03-30 20:00:00,USDT_CASH,USDT_CASH,0.0,0.0,0.0,113040.36979736514,113040.36979736514,0
2026-03-31 00:00:00,USDT_CASH,USDT_CASH,0.0,0.0,0.0,113040.36979736514,113040.36979736514,0
2026-03-31 04:00:00,USDT_CASH,USDT_CASH,0.0,0.0,0.0,113040.36979736514,113040.36979736514,0
2026-03-31 08:00:00,USDT_CASH,USDT_CASH,0.0,0.0,0.0,113040.36979736514,113040.36979736514,0
2026-03-31 12:00:00,USDT_CASH,USDT_CASH,0.0,0.0,0.0,113040.36979736514,113040.36979736514,0
2026-03-31 16:00:00,USDT_CASH,USDT_CASH,0.0,0.0,0.0,113040.36979736514,113040.36979736514,0
2026-03-31 20:00:00,USDT_CASH,USDT_CASH,0.0,0.0,0.0,113040.36979736514,113040.36979736514,0
2026-04-01 00:00:00,USDT_CASH,USDT_CASH,0.0,0.0,0.0,113040.36979736514,113040.36979736514,0
2026-04-01 04:00:00,USDT_CASH,USDT_CASH,0.0,0.0,0.0,113040.36979736514,113040.36979736514,0
2026-04-01 08:00:00,USDT_CASH,USDT_CASH,0.0,0.0,0.0,113040.36979736514,113040.36979736514,0
2026-04-01 12:00:00,USDT_CASH,USDT_CASH,0.0,0.0,0.0,113040.36979736514,113040.36979736514,0
2026-04-01 16:00:00,USDT_CASH,USDT_CASH,0.0,0.0,0.0,113040.36979736514,113040.36979736514,0
2026-04-01 20:00:00,USDT_CASH,USDT_CASH,0.0,0.0,0.0,113040.36979736514,113040.36979736514,0
2026-04-02 00:00:00,USDT_CASH,USDT_CASH,0.0,0.0,0.0,113040.36979736514,113040.36979736514,0
2026-04-02 04:00:00,USDT_CASH,USDT_CASH,0.0,0.0,0.0,113040.36979736514,113040.36979736514,0
2026-04-02 08:00:00,USDT_CASH,USDT_CASH,0.0,0.0,0.0,113040.36979736514,113040.36979736514,0
2026-04-02 12:00:00,USDT_CASH,USDT_CASH,0.0,0.0,0.0,113040.36979736514,113040.36979736514,0
2026-04-02 16:00:00,USDT_CASH,USDT_CASH,0.0,0.0,0.0,113040.36979736514,113040.36979736514,0
2026-04-02 20:00:00,USDT_CASH,USDT_CASH,0.0,0.0,0.0,113040.36979736514,113040.36979736514,0
2026-04-03 00:00:00,USDT_CASH,USDT_CASH,0.0,0.0,0.0,113040.36979736514,113040.36979736514,0
2026-04-03 04:00:00,USDT_CASH,USDT_CASH,0.0,0.0,0.0,113040.36979736514,113040.36979736514,0
2026-04-03 08:00:00,USDT_CASH,USDT_CASH,0.0,0.0,0.0,113040.36979736514,113040.36979736514,0
2026-04-03 12:00:00,USDT_CASH,USDT_CASH,0.0,0.0,0.0,113040.36979736514,113040.36979736514,0
2026-04-03 16:00:00,USDT_CASH,USDT_CASH,0.0,0.0,0.0,113040.36979736514,113040.36979736514,0
2026-04-03 20:00:00,USDT_CASH,USDT_CASH,0.0,0.0,0.0,113040.36979736514,113040.36979736514,0
2026-04-04 00:00:00,USDT_CASH,USDT_CASH,0.0,0.0,0.0,113040.36979736514,113040.36979736514,0
2026-04-04 04:00:00,USDT_CASH,USDT_CASH,0.0,0.0,0.0,113040.36979736514,113040.36979736514,0
2026-04-04 08:00:00,USDT_CASH,USDT_CASH,0.0,0.0,0.0,113040.36979736514,113040.36979736514,0
2026-04-04 12:00:00,USDT_CASH,USDT_CASH,0.0,0.0,0.0,113040.36979736514,113040.36979736514,0
2026-04-04 16:00:00,USDT_CASH,USDT_CASH,0.0,0.0,0.0,113040.36979736514,113040.36979736514,0
2026-04-04 20:00:00,USDT_CASH,USDT_CASH,0.0,0.0,0.0,113040.36979736514,113040.36979736514,0
2026-04-05 00:00:00,USDT_CASH,USDT_CASH,0.0,0.0,0.0,113040.36979736514,113040.36979736514,0
2026-04-05 04:00:00,USDT_CASH,USDT_CASH,0.0,0.0,0.0,113040.36979736514,113040.36979736514,0
2026-04-05 08:00:00,USDT_CASH,USDT_CASH,0.0,0.0,0.0,113040.36979736514,113040.36979736514,0
2026-04-05 12:00:00,USDT_CASH,USDT_CASH,0.0,0.0,0.0,113040.36979736514,113040.36979736514,0
2026-04-05 16:00:00,USDT_CASH,USDT_CASH,0.0,0.0,0.0,113040.36979736514,113040.36979736514,0
2026-04-05 20:00:00,USDT_CASH,USDT_CASH,0.0,0.0,0.0,113040.36979736514,113040.36979736514,0
2026-04-06 00:00:00,USDT_CASH,USDT_CASH,0.0,0.0,0.0,113040.36979736514,113040.36979736514,0
2026-04-06 04:00:00,ETHUSDT,ETHUSDT,53.01781799898992,2130.414675,2094.5978892857142,112949.93750152725,113187.73964604357,1
2026-04-06 08:00:00,ETHUSDT,ETHUSDT,53.01781799898992,2130.414675,2094.5978892857142,112949.93750152725,114069.42595936678,2
2026-04-06 12:00:00,ETHUSDT,ETHUSDT,53.01781799898992,2130.414675,2094.5978892857142,112949.93750152725,114765.01973151353,3
2026-04-06 16:00:00,ETHUSDT,ETHUSDT,53.01781799898992,2130.414675,2094.5978892857142,112949.93750152725,113683.45624433413,4
2026-04-06 20:00:00,ETHUSDT,USDT_CASH,0.0,0.0,0.0,110795.72561417705,110795.72561417705,0
2026-04-07 00:00:00,USDT_CASH,USDT_CASH,0.0,0.0,0.0,110795.72561417705,110795.72561417705,0
2026-04-07 04:00:00,USDT_CASH,USDT_CASH,0.0,0.0,0.0,110795.72561417705,110795.72561417705,0
2026-04-07 08:00:00,USDT_CASH,USDT_CASH,0.0,0.0,0.0,110795.72561417705,110795.72561417705,0
2026-04-07 12:00:00,USDT_CASH,USDT_CASH,0.0,0.0,0.0,110795.72561417705,110795.72561417705,0
2026-04-07 16:00:00,USDT_CASH,USDT_CASH,0.0,0.0,0.0,110795.72561417705,110795.72561417705,0
2026-04-07 20:00:00,USDT_CASH,USDT_CASH,0.0,0.0,0.0,110795.72561417705,110795.72561417705,0
2026-04-08 00:00:00,ETHUSDT,ETHUSDT,49.39788802376314,2241.130005,2168.8707192857146,110707.08903368571,110388.472408943,1
2026-04-08 04:00:00,ETHUSDT,ETHUSDT,49.39788802376314,2241.130005,2168.8707192857146,110707.08903368571,111330.98411243642,2
2026-04-08 08:00:00,ETHUSDT,ETHUSDT,49.39788802376314,2241.130005,2168.8707192857146,110707.08903368571,111008.41590364123,3
2026-04-08 12:00:00,ETHUSDT,ETHUSDT,49.39788802376314,2241.130005,2168.8707192857146,110707.08903368571,109438.55102224603,4
2026-04-08 16:00:00,ETHUSDT,ETHUSDT,49.39788802376314,2241.130005,2168.8707192857146,110707.08903368571,109220.70633606124,5
2026-04-08 20:00:00,ETHUSDT,ETHUSDT,49.39788802376314,2241.130005,2168.8707192857146,110707.08903368571,108181.37477204126,6
2026-04-09 00:00:00,ETHUSDT,USDT_CASH,0.0,0.0,0.0,106891.34493871649,106891.34493871649,0
2026-04-09 04:00:00,ETHUSDT,ETHUSDT,48.913147659301096,2183.581245,2110.8237449999997,106805.83186276551,106686.42288560799,1
2026-04-09 08:00:00,BTCUSDT,BTCUSDT,1.4991028054389302,71017.50100499998,69366.87957642856,106462.53499185752,106661.4194544568,1
2026-04-09 12:00:00,BTCUSDT,BTCUSDT,1.4991028054389302,71017.50100499998,69366.87957642856,106462.53499185752,108148.25959894726,2
2026-04-09 16:00:00,BTCUSDT,BTCUSDT,1.4991028054389302,71017.50100499998,69366.87957642856,106462.53499185752,108079.79557382286,3
2026-04-09 20:00:00,BTCUSDT,BTCUSDT,1.4991028054389302,71017.50100499998,69366.87957642856,106462.53499185752,107617.54722376577,4
2026-04-10 00:00:00,BTCUSDT,BTCUSDT,1.4991028054389302,71017.50100499998,69366.87957642856,106462.53499185752,107738.52482016468,5
2026-04-10 04:00:00,BTCUSDT,BTCUSDT,1.4991028054389302,71017.50100499998,69366.87957642856,106462.53499185752,107158.6418729648,6
2026-04-10 08:00:00,BTCUSDT,BTCUSDT,1.4991028054389302,71017.50100499998,69366.87957642856,106462.53499185752,108126.67251854892,7
2026-04-10 12:00:00,BTCUSDT,BTCUSDT,1.4991028054389302,71017.50100499998,69366.87957642856,106462.53499185752,108625.75382453566,8
2026-04-10 16:00:00,BTCUSDT,BTCUSDT,1.4991028054389302,71017.50100499998,69366.87957642856,106462.53499185752,109788.4579604341,9
2026-04-10 20:00:00,BTCUSDT,BTCUSDT,1.4991028054389302,71017.50100499998,69366.87957642856,106462.53499185752,109378.58826239903,10
2026-04-11 00:00:00,BTCUSDT,BTCUSDT,1.4991028054389302,71017.50100499998,69366.87957642856,106462.53499185752,109234.56945588053,11
2026-04-11 04:00:00,BTCUSDT,BTCUSDT,1.4991028054389302,71017.50100499998,69366.87957642856,106462.53499185752,109052.80324072106,12
2026-04-11 08:00:00,BTCUSDT,BTCUSDT,1.4991028054389302,71017.50100499998,69366.87957642856,106462.53499185752,109295.16319127637,13
2026-04-11 12:00:00,BTCUSDT,BTCUSDT,1.4991028054389302,71017.50100499998,69366.87957642856,106462.53499185752,109221.8870461465,14
2026-04-11 16:00:00,ETHUSDT,ETHUSDT,48.42688913084307,2250.66477,2200.6440557142855,108992.69328748442,112154.73815146733,1
2026-04-11 20:00:00,ETHUSDT,ETHUSDT,48.42688913084307,2250.66477,2200.6440557142855,108992.69328748442,110654.9573950851,2
2026-04-12 00:00:00,ETHUSDT,ETHUSDT,48.42688913084307,2250.66477,2200.6440557142855,108992.69328748442,107203.08873783863,3
2026-04-12 04:00:00,ETHUSDT,ETHUSDT,48.42688913084307,2250.66477,2200.6440557142855,108992.69328748442,107411.80862999255,4
2026-04-12 08:00:00,ETHUSDT,USDT_CASH,0.0,0.0,0.0,106325.36179182358,106325.36179182358,0
2026-04-12 12:00:00,ETHUSDT,ETHUSDT,48.16576457550096,2205.7223099999997,2152.8344528571424,106240.30150239012,105312.99927139557,1
2026-04-12 16:00:00,ETHUSDT,ETHUSDT,48.16576457550096,2205.7223099999997,2152.8344528571424,106240.30150239012,105881.35529338648,2
2026-04-12 20:00:00,ETHUSDT,ETHUSDT,48.16576457550096,2205.7223099999997,2152.8344528571424,106240.30150239012,105562.49793189668,3
2026-04-13 00:00:00,ETHUSDT,ETHUSDT,48.16576457550096,2205.7223099999997,2152.8344528571424,106240.30150239012,105693.02715389628,4
2026-04-13 04:00:00,ETHUSDT,ETHUSDT,48.16576457550096,2205.7223099999997,2152.8344528571424,106240.30150239012,105317.33419020737,5
2026-04-13 08:00:00,ETHUSDT,ETHUSDT,48.16576457550096,2205.7223099999997,2152.8344528571424,106240.30150239012,105354.4218289305,6
2026-04-13 12:00:00,ETHUSDT,ETHUSDT,48.16576457550096,2205.7223099999997,2152.8344528571424,106240.30150239012,106411.66036136277,7
2026-04-13 16:00:00,BTCUSDT,BTCUSDT,1.4768375879894509,71902.52329499999,70758.9340092857,106188.3490733431,108285.89663338468,1
2026-04-13 20:00:00,BTCUSDT,BTCUSDT,1.4768375879894509,71902.52329499999,70758.9340092857,106188.3490733431,109903.28485462308,2
2026-04-14 00:00:00,ETHUSDT,ETHUSDT,46.26279911599114,2370.64473,2299.007944285714,109672.66091937305,109434.65130887704,1
2026-04-14 04:00:00,ETHUSDT,ETHUSDT,46.26279911599114,2370.64473,2299.007944285714,109672.66091937305,110008.77264590649,2
2026-04-14 08:00:00,ETHUSDT,ETHUSDT,46.26279911599114,2370.64473,2299.007944285714,109672.66091937305,109852.40438489446,3
2026-04-14 12:00:00,ETHUSDT,ETHUSDT,46.26279911599114,2370.64473,2299.007944285714,109672.66091937305,109394.40267364614,4
2026-04-14 16:00:00,ETHUSDT,ETHUSDT,46.26279911599114,2370.64473,2299.007944285714,109672.66091937305,107020.65845100464,5
2026-04-14 20:00:00,BTCUSDT,BTCUSDT,1.438129236976282,74260.41165,72668.81950714285,106796.06914375909,106610.7494373691,1
2026-04-15 00:00:00,ETHUSDT,ETHUSDT,45.78540389512895,2323.60122,2253.4408628571427,106387.02034891438,106625.50644501524,1
2026-04-15 04:00:00,ETHUSDT,ETHUSDT,45.78540389512895,2323.60122,2253.4408628571427,106387.02034891438,106067.38237153362,2
2026-04-15 08:00:00,ETHUSDT,ETHUSDT,45.78540389512895,2323.60122,2253.4408628571427,106387.02034891438,107020.17662659124,3
2026-04-15 12:00:00,ETHUSDT,ETHUSDT,45.78540389512895,2323.60122,2253.4408628571427,106387.02034891438,106773.39329959652,4
2026-04-15 16:00:00,ETHUSDT,ETHUSDT,45.78540389512895,2323.60122,2253.4408628571427,106387.02034891438,108742.62352112602,5
2026-04-15 20:00:00,ETHUSDT,ETHUSDT,45.78540389512895,2323.60122,2253.4408628571427,106387.02034891438,108051.26392230955,6
2026-04-16 00:00:00,ETHUSDT,ETHUSDT,45.78540389512895,2323.60122,2253.4408628571427,106387.02034891438,107955.57242816874,7
2026-04-16 04:00:00,ETHUSDT,ETHUSDT,45.78540389512895,2323.60122,2253.4408628571427,106387.02034891438,107207.43892852233,8
2026-04-16 08:00:00,ETHUSDT,ETHUSDT,45.78540389512895,2323.60122,2253.4408628571427,106387.02034891438,106939.59431573583,9
2026-04-16 12:00:00,ETHUSDT,ETHUSDT,45.78540389512895,2323.60122,2253.4408628571427,106387.02034891438,107092.51756474558,10
2026-04-16 16:00:00,SOLUSDT,SOLUSDT,1233.1375002502825,86.66331,84.47866714285713,106867.77745681531,111105.68877255045,1
2026-04-16 20:00:00,SOLUSDT,SOLUSDT,1233.1375002502825,86.66331,84.47866714285713,106867.77745681531,109810.89439728766,2
2026-04-17 00:00:00,SOLUSDT,SOLUSDT,1233.1375002502825,86.66331,84.47866714285713,106867.77745681531,108170.82152195479,3
2026-04-17 04:00:00,SOLUSDT,SOLUSDT,1233.1375002502825,86.66331,84.47866714285713,106867.77745681531,108664.07652205491,4
2026-04-17 08:00:00,SOLUSDT,SOLUSDT,1233.1375002502825,86.66331,84.47866714285713,106867.77745681531,108775.05889707741,5
2026-04-17 12:00:00,SOLUSDT,SOLUSDT,1233.1375002502825,86.66331,84.47866714285713,106867.77745681531,110920.71814751292,6
2026-04-17 16:00:00,SOLUSDT,SOLUSDT,1233.1375002502825,86.66331,84.47866714285713,106867.77745681531,110032.85914733273,7
2026-04-17 20:00:00,BNBUSDT,BNBUSDT,171.13535980559396,641.6806799999999,630.3696085714286,109814.25405209819,110060.57259817359,1
2026-04-18 00:00:00,BNBUSDT,BNBUSDT,171.13535980559396,641.6806799999999,630.3696085714286,109814.25405209819,109560.85734754126,2
2026-04-18 04:00:00,BNBUSDT,BNBUSDT,171.13535980559396,641.6806799999999,630.3696085714286,109814.25405209819,110099.93373092887,3
2026-04-18 08:00:00,BNBUSDT,BNBUSDT,171.13535980559396,641.6806799999999,630.3696085714286,109814.25405209819,108392.00284006905,4
2026-04-18 12:00:00,BNBUSDT,BNBUSDT,171.13535980559396,641.6806799999999,630.3696085714286,109814.25405209819,108392.00284006905,5
2026-04-18 16:00:00,BTCUSDT,BTCUSDT,1.4193812549774518,76205.413665,74664.51080785714,108164.53568390355,107375.97903185598,1
2026-04-18 20:00:00,BTCUSDT,BTCUSDT,1.4193812549774518,76205.413665,74664.51080785714,108164.53568390355,107435.46530025208,2
2026-04-19 00:00:00,BTCUSDT,BTCUSDT,1.4193812549774518,76205.413665,74664.51080785714,108164.53568390355,107185.66839318861,3
2026-04-19 04:00:00,BTCUSDT,BTCUSDT,1.4193812549774518,76205.413665,74664.51080785714,108164.53568390355,106811.76078918988,4
2026-04-19 08:00:00,BTCUSDT,BTCUSDT,1.4193812549774518,76205.413665,74664.51080785714,108164.53568390355,107311.05653325332,5
2026-04-19 12:00:00,BTCUSDT,BTCUSDT,1.4193812549774518,76205.413665,74664.51080785714,108164.53568390355,107655.28487521045,6
2026-04-19 16:00:00,BTCUSDT,USDT_CASH,0.0,0.0,0.0,105733.78618940095,105733.78618940095,0
2026-04-19 20:00:00,BTCUSDT,BTCUSDT,1.4086007203846873,75002.94273,73660.97630142857,105649.19916044944,103957.25455967941,1
2026-04-20 00:00:00,BTCUSDT,BTCUSDT,1.4086007203846873,75002.94273,73660.97630142857,105649.19916044944,105129.50616519076,2
2026-04-20 04:00:00,BTCUSDT,BTCUSDT,1.4086007203846873,75002.94273,73660.97630142857,105649.19916044944,105415.6915735513,3
2026-04-20 08:00:00,BTCUSDT,BTCUSDT,1.4086007203846873,75002.94273,73660.97630142857,105649.19916044944,105916.5054736769,4
2026-04-20 12:00:00,BTCUSDT,BTCUSDT,1.4086007203846873,75002.94273,73660.97630142857,105649.19916044944,106654.69676720169,5
2026-04-20 16:00:00,BTCUSDT,BTCUSDT,1.4086007203846873,75002.94273,73660.97630142857,105649.19916044944,107471.95281916168,6
2026-04-20 20:00:00,BTCUSDT,BTCUSDT,1.4086007203846873,75002.94273,73660.97630142857,105649.19916044944,106829.64497667346,7
2026-04-21 00:00:00,BTCUSDT,BTCUSDT,1.4086007203846873,75002.94273,73660.97630142857,105649.19916044944,106645.5831205408,8
2026-04-21 04:00:00,BNBUSDT,BNBUSDT,168.87391157319183,630.184935,620.4220778571429,106421.79498794764,106876.92115644165,1
2026-04-21 08:00:00,BNBUSDT,BNBUSDT,168.87391157319183,630.184935,620.4220778571429,106421.79498794764,107089.70228502386,2
2026-04-21 12:00:00,BNBUSDT,BNBUSDT,168.87391157319183,630.184935,620.4220778571429,106421.79498794764,106696.22607105832,3
2026-04-21 16:00:00,BNBUSDT,BNBUSDT,168.87391157319183,630.184935,620.4220778571429,106421.79498794764,105816.392991762,4
2026-04-21 20:00:00,BNBUSDT,BNBUSDT,168.87391157319183,630.184935,620.4220778571429,106421.79498794764,106681.02741901674,5
2026-04-22 00:00:00,BTCUSDT,BTCUSDT,1.3939090085843997,76374.30807,74736.64878428572,106458.83604317321,108057.88933079537,1
2026-04-22 04:00:00,BNBUSDT,BNBUSDT,168.51512862038385,639.889785,629.2504992857142,107831.10942214476,108185.02742300023,1
2026-04-22 08:00:00,BNBUSDT,BNBUSDT,168.51512862038385,639.889785,629.2504992857142,107831.10942214476,108316.46922332412,2
2026-04-22 12:00:00,BNBUSDT,BNBUSDT,168.51512862038385,639.889785,629.2504992857142,107831.10942214476,109383.16998749116,3
2026-04-22 16:00:00,BNBUSDT,BNBUSDT,168.51512862038385,639.889785,629.2504992857142,107831.10942214476,108540.59434438923,4
2026-04-22 20:00:00,BTCUSDT,BTCUSDT,1.3730288757714713,78886.04331,77297.73188142857,108312.81535998888,107340.9672467035,1
2026-04-23 00:00:00,BTCUSDT,BTCUSDT,1.3730288757714713,78886.04331,77297.73188142857,108312.81535998888,106748.13456901166,2
2026-04-23 04:00:00,BTCUSDT,BTCUSDT,1.3730288757714713,78886.04331,77297.73188142857,108312.81535998888,107163.00897411475,3
2026-04-23 08:00:00,BTCUSDT,USDT_CASH,0.0,0.0,0.0,105888.04162208282,105888.04162208282,0
2026-04-23 12:00:00,BTCUSDT,BTCUSDT,1.3609289842752543,77743.462305,76203.47659071427,105803.33118878516,106665.20437758537,1
2026-04-23 16:00:00,BTCUSDT,BTCUSDT,1.3609289842752543,77743.462305,76203.47659071427,105803.33118878516,105781.2810022986,2
2026-04-23 20:00:00,BTCUSDT,BTCUSDT,1.3609289842752543,77743.462305,76203.47659071427,105803.33118878516,106502.87276834103,3
2026-04-24 00:00:00,BTCUSDT,BTCUSDT,1.3609289842752543,77743.462305,76203.47659071427,105803.33118878516,105795.69324024208,4
2026-04-24 04:00:00,BTCUSDT,BTCUSDT,1.3609289842752543,77743.462305,76203.47659071427,105803.33118878516,105668.78661245841,5
2026-04-24 08:00:00,BTCUSDT,BTCUSDT,1.3609289842752543,77743.462305,76203.47659071427,105803.33118878516,106479.4375712318,6
2026-04-24 12:00:00,BTCUSDT,BTCUSDT,1.3609289842752543,77743.462305,76203.47659071427,105803.33118878516,106205.01985084254,7
2026-04-24 16:00:00,BTCUSDT,BTCUSDT,1.3609289842752543,77743.462305,76203.47659071427,105803.33118878516,105647.35198095608,8
2026-04-24 20:00:00,BTCUSDT,BTCUSDT,1.3609289842752543,77743.462305,76203.47659071427,105803.33118878516,105386.43467609082,9
2026-04-25 00:00:00,BTCUSDT,BTCUSDT,1.3609289842752543,77743.462305,76203.47659071427,105803.33118878516,105715.69783454639,10
2026-04-25 04:00:00,BTCUSDT,BTCUSDT,1.3609289842752543,77743.462305,76203.47659071427,105803.33118878516,105473.6157868235,11
2026-04-25 08:00:00,BTCUSDT,BTCUSDT,1.3609289842752543,77743.462305,76203.47659071427,105803.33118878516,105720.09363516558,12
2026-04-25 12:00:00,BTCUSDT,BTCUSDT,1.3609289842752543,77743.462305,76203.47659071427,105803.33118878516,105240.99219554132,13
2026-04-25 16:00:00,BTCUSDT,BTCUSDT,1.3609289842752543,77743.462305,76203.47659071427,105803.33118878516,105240.65196329525,14
2026-04-25 20:00:00,BTCUSDT,BTCUSDT,1.3609289842752543,77743.462305,76203.47659071427,105803.33118878516,105642.1124043666,15
2026-04-26 00:00:00,BTCUSDT,BTCUSDT,1.3609289842752543,77743.462305,76203.47659071427,105803.33118878516,105336.18917799139,16
2026-04-26 04:00:00,BTCUSDT,BTCUSDT,1.3609289842752543,77743.462305,76203.47659071427,105803.33118878516,106291.99682222758,17
2026-04-26 08:00:00,BTCUSDT,BTCUSDT,1.3609289842752543,77743.462305,76203.47659071427,105803.33118878516,106290.51340963472,18
2026-04-26 12:00:00,BTCUSDT,BTCUSDT,1.3609289842752543,77743.462305,76203.47659071427,105803.33118878516,106219.14629369932,19
2026-04-26 16:00:00,BTCUSDT,BTCUSDT,1.3609289842752543,77743.462305,76203.47659071427,105803.33118878516,106453.44382763216,20
2026-04-26 20:00:00,BTCUSDT,BTCUSDT,1.3609289842752543,77743.462305,76203.47659071427,105803.33118878516,107047.33962708003,21
2026-04-27 00:00:00,BTCUSDT,BTCUSDT,1.3609289842752543,77743.462305,76203.47659071427,105803.33118878516,107656.9541562963,22
2026-04-27 04:00:00,BTCUSDT,BTCUSDT,1.3609289842752543,77743.462305,76203.47659071427,105803.33118878516,105617.07131105596,23
2026-04-27 08:00:00,BTCUSDT,BTCUSDT,1.3609289842752543,77743.462305,76203.47659071427,105803.33118878516,105940.5096934588,24
2026-04-27 12:00:00,BTCUSDT,BTCUSDT,1.3609289842752543,77743.462305,76203.47659071427,105803.33118878516,104509.94197305819,25
2026-04-27 16:00:00,BTCUSDT,BTCUSDT,1.3609289842752543,77743.462305,76203.47659071427,105803.33118878516,104625.5937181419,26
2026-04-27 20:00:00,BTCUSDT,BTCUSDT,1.3609289842752543,77743.462305,76203.47659071427,105803.33118878516,105296.87193963568,27
2026-04-28 00:00:00,BTCUSDT,BTCUSDT,1.3609289842752543,77743.462305,76203.47659071427,105803.33118878516,104540.00489432082,28
2026-04-28 04:00:00,BTCUSDT,BTCUSDT,1.3609289842752543,77743.462305,76203.47659071427,105803.33118878516,104627.24044221287,29
2026-04-28 08:00:00,BTCUSDT,USDT_CASH,0.0,0.0,0.0,103469.11714787973,103469.11714787973,0
2026-04-28 12:00:00,BTCUSDT,BTCUSDT,1.3555823646214251,76267.104495,75001.2737807143,103386.34185416142,103114.24326859188,1
2026-04-28 16:00:00,BTCUSDT,BTCUSDT,1.3555823646214251,76267.104495,75001.2737807143,103386.34185416142,103472.91680644706,2
2026-04-28 20:00:00,BTCUSDT,BTCUSDT,1.3555823646214251,76267.104495,75001.2737807143,103386.34185416142,103488.91267834959,3
2026-04-29 00:00:00,BTCUSDT,BTCUSDT,1.3555823646214251,76267.104495,75001.2737807143,103386.34185416142,104372.7659359064,4
2026-04-29 04:00:00,BTCUSDT,BTCUSDT,1.3555823646214251,76267.104495,75001.2737807143,103386.34185416142,104452.55551388802,5
2026-04-29 08:00:00,BTCUSDT,BTCUSDT,1.3555823646214251,76267.104495,75001.2737807143,103386.34185416142,105179.6763384473,6
2026-04-29 12:00:00,BTCUSDT,BTCUSDT,1.3555823646214251,76267.104495,75001.2737807143,103386.34185416142,102921.57434710822,7
2026-04-29 16:00:00,BTCUSDT,USDT_CASH,0.0,0.0,0.0,101436.68413642352,101436.68413642352,0
2026-04-29 20:00:00,BTCUSDT,BTCUSDT,1.3406523825201173,75601.65193499999,74256.74872071427,101355.53478911438,101594.6375473745,1
2026-04-30 00:00:00,BTCUSDT,BTCUSDT,1.3406523825201173,75601.65193499999,74256.74872071427,101355.53478911438,101793.18816522573,2
2026-04-30 04:00:00,BTCUSDT,BTCUSDT,1.3406523825201173,75601.65193499999,74256.74872071427,101355.53478911438,102106.32434221095,3
2026-04-30 08:00:00,BTCUSDT,BTCUSDT,1.3406523825201173,75601.65193499999,74256.74872071427,101355.53478911438,101969.25604262209,4
2026-04-30 12:00:00,BTCUSDT,BTCUSDT,1.3406523825201173,75601.65193499999,74256.74872071427,101355.53478911438,102524.51403989046,5
2026-04-30 16:00:00,BTCUSDT,BTCUSDT,1.3406523825201173,75601.65193499999,74256.74872071427,101355.53478911438,102443.00237503323,6
2026-04-30 20:00:00,BTCUSDT,BTCUSDT,1.3406523825201173,75601.65193499999,74256.74872071427,101355.53478911438,102354.21096773892,7
2026-05-01 00:00:00,BTCUSDT,BTCUSDT,1.3406523825201173,75601.65193499999,74256.74872071427,101355.53478911438,103405.96616834978,8
2026-05-01 04:00:00,BTCUSDT,BTCUSDT,1.3406523825201173,75601.65193499999,74256.74872071427,101355.53478911438,103405.24221606321,9
2026-05-01 08:00:00,BTCUSDT,BTCUSDT,1.3406523825201173,75601.65193499999,74256.74872071427,101355.53478911438,103852.26934649072,10
2026-05-01 12:00:00,BTCUSDT,BTCUSDT,1.3406523825201173,75601.65193499999,74256.74872071427,101355.53478911438,105168.66932741104,11
2026-05-01 16:00:00,BTCUSDT,BTCUSDT,1.3406523825201173,75601.65193499999,74256.74872071427,101355.53478911438,105053.5206942764,12
2026-05-01 20:00:00,BTCUSDT,BTCUSDT,1.3406523825201173,75601.65193499999,74256.74872071427,101355.53478911438,104880.75082174104,13
2026-05-02 00:00:00,BTCUSDT,BTCUSDT,1.3406523825201173,75601.65193499999,74256.74872071427,101355.53478911438,105107.14678957721,14
2026-05-02 04:00:00,BTCUSDT,BTCUSDT,1.3406523825201173,75601.65193499999,74256.74872071427,101355.53478911438,104865.82936072358,15
2026-05-02 08:00:00,BTCUSDT,BTCUSDT,1.3406523825201173,75601.65193499999,74256.74872071427,101355.53478911438,104762.70637946014,16
2026-05-02 12:00:00,BTCUSDT,BTCUSDT,1.3406523825201173,75601.65193499999,74256.74872071427,101355.53478911438,105224.68178395274,17
2026-05-02 16:00:00,BTCUSDT,BTCUSDT,1.3406523825201173,75601.65193499999,74256.74872071427,101355.53478911438,105222.44289447393,18
2026-05-02 20:00:00,BTCUSDT,BTCUSDT,1.3406523825201173,75601.65193499999,74256.74872071427,101355.53478911438,105491.7129255031,19
2026-05-03 00:00:00,BTCUSDT,BTCUSDT,1.3406523825201173,75601.65193499999,74256.74872071427,101355.53478911438,104843.14552241135,20
2026-05-03 04:00:00,BTCUSDT,BTCUSDT,1.3406523825201173,75601.65193499999,74256.74872071427,101355.53478911438,105057.87781451958,21
2026-05-03 08:00:00,BTCUSDT,BTCUSDT,1.3406523825201173,75601.65193499999,74256.74872071427,101355.53478911438,105450.36720602617,22
2026-05-03 12:00:00,BTCUSDT,BTCUSDT,1.3406523825201173,75601.65193499999,74256.74872071427,101355.53478911438,105466.9242629503,23
2026-05-03 16:00:00,BTCUSDT,BTCUSDT,1.3406523825201173,75601.65193499999,74256.74872071427,101355.53478911438,105590.21065604687,24
2026-05-03 20:00:00,BTCUSDT,BTCUSDT,1.3406523825201173,75601.65193499999,75752.85523886999,101355.53478911438,105333.14056169863,25
2026-05-04 00:00:00,BTCUSDT,BTCUSDT,1.3406523825201173,75601.65193499999,75752.85523886999,101355.53478911438,107676.25235672432,26
2026-05-04 04:00:00,BTCUSDT,BTCUSDT,1.3406523825201173,75601.65193499999,75752.85523886999,101355.53478911438,106845.63776661016,27
2026-05-04 08:00:00,BTCUSDT,BTCUSDT,1.3406523825201173,75601.65193499999,75752.85523886999,101355.53478911438,105634.92141300389,28
2026-05-04 12:00:00,BTCUSDT,BTCUSDT,1.3406523825201173,75601.65193499999,75752.85523886999,101355.53478911438,107290.8684228451,29
2026-05-04 16:00:00,BTCUSDT,BTCUSDT,1.3406523825201173,75601.65193499999,75752.85523886999,101355.53478911438,107323.66078012153,30
2026-05-04 20:00:00,BTCUSDT,BTCUSDT,1.3406523825201173,75601.65193499999,75752.85523886999,101355.53478911438,107065.85332696291,31
2026-05-05 00:00:00,BTCUSDT,BTCUSDT,1.3406523825201173,75601.65193499999,75752.85523886999,101355.53478911438,108449.50043139046,32
2026-05-05 04:00:00,BTCUSDT,BTCUSDT,1.3406523825201173,75601.65193499999,75752.85523886999,101355.53478911438,108399.23937356977,33
2026-05-05 08:00:00,BTCUSDT,BTCUSDT,1.3406523825201173,75601.65193499999,75752.85523886999,101355.53478911438,108611.67915010393,34
2026-05-05 12:00:00,BTCUSDT,BTCUSDT,1.3406523825201173,75601.65193499999,75752.85523886999,101355.53478911438,109296.94020890525,35
2026-05-05 16:00:00,BTCUSDT,BTCUSDT,1.3406523825201173,75601.65193499999,75752.85523886999,101355.53478911438,109405.7475562706,36
2026-05-05 20:00:00,BTCUSDT,BTCUSDT,1.3406523825201173,75601.65193499999,75752.85523886999,101355.53478911438,108466.17814702902,37
2026-05-06 00:00:00,BTCUSDT,BTCUSDT,1.3406523825201173,75601.65193499999,75752.85523886999,101355.53478911438,109372.68706851764,38
2026-05-06 04:00:00,BTCUSDT,BTCUSDT,1.3406523825201173,75601.65193499999,75752.85523886999,101355.53478911438,109075.23652440791,39
2026-05-06 08:00:00,BTCUSDT,BTCUSDT,1.3406523825201173,75601.65193499999,75752.85523886999,101355.53478911438,110634.50909094556,40
2026-05-06 12:00:00,BTCUSDT,BTCUSDT,1.3406523825201173,75601.65193499999,75752.85523886999,101355.53478911438,109536.9974245193,41
2026-05-06 16:00:00,BTCUSDT,BTCUSDT,1.3406523825201173,75601.65193499999,75752.85523886999,101355.53478911438,109216.07205719163,42
2026-05-06 20:00:00,BNBUSDT,BNBUSDT,167.4749338381617,650.76522,640.1923628571429,108986.86216367673,108480.21364433086,1
2026-05-07 00:00:00,BTCUSDT,BTCUSDT,1.328452230983078,81487.733505,80136.17886214286,108252.56137247176,107385.31653081632,1
2026-05-07 04:00:00,BTCUSDT,BTCUSDT,1.328452230983078,81487.733505,80136.17886214286,108252.56137247176,108293.53946757253,2
2026-05-07 08:00:00,SOLUSDT,SOLUSDT,1197.873567220932,90.215085,88.12044214285714,108066.2656860896,107293.53541597887,1
2026-05-07 12:00:00,SOLUSDT,USDT_CASH,0.0,0.0,0.0,105314.49360206617,105314.49360206617,0
2026-05-07 16:00:00,SOLUSDT,SOLUSDT,1190.8701673527428,88.36415999999998,86.02201714285712,105230.24200718451,105332.46630235009,1
2026-05-07 20:00:00,SOLUSDT,SOLUSDT,1190.8701673527428,88.36415999999998,86.02201714285712,105230.24200718451,105296.7401973295,2
2026-05-08 00:00:00,SOLUSDT,SOLUSDT,1190.8701673527428,88.36415999999998,86.02201714285712,105230.24200718451,105058.56616385895,3
2026-05-08 04:00:00,SOLUSDT,SOLUSDT,1190.8701673527428,88.36415999999998,86.02201714285712,105230.24200718451,105058.56616385895,4
2026-05-08 08:00:00,SOLUSDT,SOLUSDT,1190.8701673527428,88.36415999999998,86.02201714285712,105230.24200718451,105558.73163414712,5
2026-05-08 12:00:00,SOLUSDT,SOLUSDT,1190.8701673527428,88.36415999999998,86.02201714285712,105230.24200718451,106690.05829313223,6
2026-05-08 16:00:00,SOLUSDT,SOLUSDT,1190.8701673527428,88.36415999999998,88.54088831999998,105230.24200718451,110274.57749686396,7
2026-05-08 20:00:00,SOLUSDT,SOLUSDT,1190.8701673527428,88.36415999999998,88.54088831999998,105230.24200718451,109571.96409812586,8
2026-05-09 00:00:00,SOLUSDT,SOLUSDT,1190.8701673527428,88.36415999999998,88.54088831999998,105230.24200718451,111513.08247091083,9
2026-05-09 04:00:00,SOLUSDT,SOLUSDT,1190.8701673527428,88.36415999999998,88.54088831999998,105230.24200718451,111655.98689099315,10
2026-05-09 08:00:00,SOLUSDT,SOLUSDT,1190.8701673527428,88.36415999999998,88.54088831999998,105230.24200718451,111489.26506756377,11
2026-05-09 12:00:00,SOLUSDT,SOLUSDT,1190.8701673527428,88.36415999999998,88.54088831999998,105230.24200718451,110762.83426547861,12
2026-05-09 16:00:00,SOLUSDT,SOLUSDT,1190.8701673527428,88.36415999999998,88.54088831999998,105230.24200718451,111358.26934915497,13
2026-05-09 20:00:00,SOLUSDT,SOLUSDT,1190.8701673527428,88.36415999999998,88.54088831999998,105230.24200718451,110905.73868556092,14
2026-05-10 00:00:00,SOLUSDT,SOLUSDT,1190.8701673527428,88.36415999999998,88.54088831999998,105230.24200718451,111251.09103409323,15
2026-05-10 04:00:00,SOLUSDT,SOLUSDT,1190.8701673527428,88.36415999999998,88.54088831999998,105230.24200718451,111298.72584078733,16
2026-05-10 08:00:00,SOLUSDT,SOLUSDT,1190.8701673527428,88.36415999999998,88.54088831999998,105230.24200718451,111405.90415584907,17
2026-05-10 12:00:00,SOLUSDT,SOLUSDT,1190.8701673527428,88.36415999999998,88.54088831999998,105230.24200718451,112572.95691985477,18
2026-05-10 16:00:00,SOLUSDT,SOLUSDT,1190.8701673527428,88.36415999999998,88.54088831999998,105230.24200718451,114883.24504451909,19
2026-05-10 20:00:00,SOLUSDT,SOLUSDT,1190.8701673527428,88.36415999999998,88.54088831999998,105230.24200718451,114883.24504451909,20
2026-05-11 00:00:00,SOLUSDT,SOLUSDT,1190.8701673527428,88.36415999999998,88.54088831999998,105230.24200718451,112846.85705834591,21
2026-05-11 04:00:00,SOLUSDT,SOLUSDT,1190.8701673527428,88.36415999999998,88.54088831999998,105230.24200718451,113525.65305373695,22
2026-05-11 08:00:00,SOLUSDT,SOLUSDT,1190.8701673527428,88.36415999999998,88.54088831999998,105230.24200718451,113430.38344034874,23
2026-05-11 12:00:00,SOLUSDT,SOLUSDT,1190.8701673527428,88.36415999999998,88.54088831999998,105230.24200718451,115276.23219974549,24
2026-05-11 16:00:00,SOLUSDT,SOLUSDT,1190.8701673527428,88.36415999999998,93.4705,105230.24200718451,116931.5417323658,25
2026-05-11 20:00:00,SOLUSDT,SOLUSDT,1190.8701673527428,88.36415999999998,93.48949999999999,105230.24200718451,115955.02819513656,26
2026-05-12 00:00:00,BNBUSDT,USDT_CASH,0.0,0.0,0.0,113516.94559446664,113516.94559446664,0
2026-05-12 04:00:00,SOLUSDT,SOLUSDT,1179.2120586055116,96.18807,93.5898557142857,113426.13203799106,113263.3182290594,1
2026-05-12 08:00:00,SOLUSDT,SOLUSDT,1179.2120586055116,96.18807,93.5898557142857,113426.13203799106,112001.56132635151,2
2026-05-12 12:00:00,BNBUSDT,USDT_CASH,0.0,0.0,0.0,109408.58015483257,109408.58015483257,0
2026-05-12 16:00:00,SOLUSDT,SOLUSDT,1164.2665964908724,93.896925,90.98478214285714,109321.0532907087,110512.18533891361,1
2026-05-12 20:00:00,BNBUSDT,BNBUSDT,166.23456991531512,663.401535,648.7272492857143,110280.26885188487,110537.6772651888,1
2026-05-13 00:00:00,BNBUSDT,BNBUSDT,166.23456991531512,663.401535,648.7272492857143,110280.26885188487,113252.2877919059,2
2026-05-13 04:00:00,BNBUSDT,BNBUSDT,166.23456991531512,663.401535,648.7272492857143,110280.26885188487,112876.59766389728,3
2026-05-13 08:00:00,BNBUSDT,BNBUSDT,166.23456991531512,663.401535,648.7272492857143,110280.26885188487,112776.85692194809,4
2026-05-13 12:00:00,BNBUSDT,BNBUSDT,166.23456991531512,663.401535,648.7272492857143,110280.26885188487,110411.33899205316,5
2026-05-13 16:00:00,BNBUSDT,BNBUSDT,166.23456991531512,663.401535,648.7272492857143,110280.26885188487,111596.59147554936,6
2026-05-13 20:00:00,BNBUSDT,BNBUSDT,166.23456991531512,663.401535,648.7272492857143,110280.26885188487,111656.43592071885,7
2026-05-14 00:00:00,BNBUSDT,BNBUSDT,166.23456991531512,663.401535,648.7272492857143,110280.26885188487,110698.92479800664,8
2026-05-14 04:00:00,BNBUSDT,BNBUSDT,166.23456991531512,663.401535,648.7272492857143,110280.26885188487,111267.44702711704,9
2026-05-14 08:00:00,BNBUSDT,BNBUSDT,166.23456991531512,663.401535,648.7272492857143,110280.26885188487,111518.46122768916,10
2026-05-14 12:00:00,BNBUSDT,BNBUSDT,166.23456991531512,663.401535,648.7272492857143,110280.26885188487,113036.18285101598,11
2026-05-14 16:00:00,BNBUSDT,BNBUSDT,166.23456991531512,663.401535,648.7272492857143,110280.26885188487,113072.75445639736,12
2026-05-14 20:00:00,BNBUSDT,BNBUSDT,166.23456991531512,663.401535,648.7272492857143,110280.26885188487,112751.92173646079,13
2026-05-15 00:00:00,BNBUSDT,BNBUSDT,166.23456991531512,663.401535,648.7272492857143,110280.26885188487,113363.66495374916,14
2026-05-15 04:00:00,BNBUSDT,BNBUSDT,166.23456991531512,663.401535,648.7272492857143,110280.26885188487,113754.31619305014,15
2026-05-15 08:00:00,BNBUSDT,BNBUSDT,166.23456991531512,663.401535,648.7272492857143,110280.26885188487,114115.04520976638,16
2026-05-15 12:00:00,BNBUSDT,BNBUSDT,166.23456991531512,663.401535,648.7272492857143,110280.26885188487,111664.74764921464,17
2026-05-15 16:00:00,BNBUSDT,BNBUSDT,166.23456991531512,663.401535,648.7272492857143,110280.26885188487,112048.74950571901,18
2026-05-15 20:00:00,BNBUSDT,BNBUSDT,166.23456991531512,663.401535,648.7272492857143,110280.26885188487,111772.80011965959,19
2026-05-16 00:00:00,BNBUSDT,BNBUSDT,166.23456991531512,663.401535,648.7272492857143,110280.26885188487,110594.19701896,20
2026-05-16 04:00:00,BNBUSDT,BNBUSDT,166.23456991531512,663.401535,648.7272492857143,110280.26885188487,109827.85565165039,21
2026-05-16 08:00:00,BNBUSDT,BNBUSDT,166.23456991531512,663.401535,648.7272492857143,110280.26885188487,108763.95440419238,22
2026-05-16 12:00:00,BNBUSDT,BNBUSDT,166.23456991531512,663.401535,648.7272492857143,110280.26885188487,108916.89020851448,23
2026-05-16 16:00:00,BNBUSDT,BNBUSDT,166.23456991531512,663.401535,648.7272492857143,110280.26885188487,109076.47539563317,24
2026-05-16 20:00:00,BNBUSDT,BNBUSDT,166.23456991531512,663.401535,648.7272492857143,110280.26885188487,109083.1247784298,25
2026-05-17 00:00:00,BNBUSDT,BNBUSDT,166.23456991531512,663.401535,648.7272492857143,110280.26885188487,108512.94020362025,26
2026-05-17 04:00:00,BNBUSDT,BNBUSDT,166.23456991531512,663.401535,648.7272492857143,110280.26885188487,108935.17601120516,27
2026-05-17 08:00:00,BNBUSDT,BNBUSDT,166.23456991531512,663.401535,648.7272492857143,110280.26885188487,108895.27971442549,28
2026-05-17 12:00:00,BNBUSDT,BNBUSDT,166.23456991531512,663.401535,648.7272492857143,110280.26885188487,108451.43341275159,29
2026-05-17 16:00:00,BNBUSDT,BNBUSDT,166.23456991531512,663.401535,648.7272492857143,110280.26885188487,109056.52724724333,30
2026-05-17 20:00:00,BNBUSDT,USDT_CASH,0.0,0.0,0.0,107592.99062729256,107592.99062729256,0
2026-05-18 00:00:00,USDT_CASH,USDT_CASH,0.0,0.0,0.0,107592.99062729256,107592.99062729256,0
2026-05-18 04:00:00,USDT_CASH,USDT_CASH,0.0,0.0,0.0,107592.99062729256,107592.99062729256,0
2026-05-18 08:00:00,USDT_CASH,USDT_CASH,0.0,0.0,0.0,107592.99062729256,107592.99062729256,0
2026-05-18 12:00:00,USDT_CASH,USDT_CASH,0.0,0.0,0.0,107592.99062729256,107592.99062729256,0
2026-05-18 16:00:00,USDT_CASH,USDT_CASH,0.0,0.0,0.0,107592.99062729256,107592.99062729256,0
2026-05-18 20:00:00,USDT_CASH,USDT_CASH,0.0,0.0,0.0,107592.99062729256,107592.99062729256,0
2026-05-19 00:00:00,USDT_CASH,USDT_CASH,0.0,0.0,0.0,107592.99062729256,107592.99062729256,0
2026-05-19 04:00:00,USDT_CASH,USDT_CASH,0.0,0.0,0.0,107592.99062729256,107592.99062729256,0
2026-05-19 08:00:00,USDT_CASH,USDT_CASH,0.0,0.0,0.0,107592.99062729256,107592.99062729256,0
2026-05-19 12:00:00,USDT_CASH,USDT_CASH,0.0,0.0,0.0,107592.99062729256,107592.99062729256,0
2026-05-19 16:00:00,USDT_CASH,USDT_CASH,0.0,0.0,0.0,107592.99062729256,107592.99062729256,0
2026-05-19 20:00:00,USDT_CASH,USDT_CASH,0.0,0.0,0.0,107592.99062729256,107592.99062729256,0
2026-05-20 00:00:00,USDT_CASH,USDT_CASH,0.0,0.0,0.0,107592.99062729256,107592.99062729256,0
2026-05-20 04:00:00,USDT_CASH,USDT_CASH,0.0,0.0,0.0,107592.99062729256,107592.99062729256,0
2026-05-20 08:00:00,USDT_CASH,USDT_CASH,0.0,0.0,0.0,107592.99062729256,107592.99062729256,0
2026-05-20 12:00:00,USDT_CASH,USDT_CASH,0.0,0.0,0.0,107592.99062729256,107592.99062729256,0
2026-05-20 16:00:00,USDT_CASH,USDT_CASH,0.0,0.0,0.0,107592.99062729256,107592.99062729256,0
2026-05-20 20:00:00,USDT_CASH,USDT_CASH,0.0,0.0,0.0,107592.99062729256,107592.99062729256,0
2026-05-21 00:00:00,USDT_CASH,USDT_CASH,0.0,0.0,0.0,107592.99062729256,107592.99062729256,0
2026-05-21 04:00:00,BNBUSDT,BNBUSDT,164.09827223159505,655.137405,647.0084764285714,107506.91623479073,107144.68488817534,1
2026-05-21 08:00:00,BNBUSDT,BNBUSDT,164.09827223159505,655.137405,647.0084764285714,107506.91623479073,106297.93780346031,2
2026-05-21 12:00:00,USDT_CASH,USDT_CASH,0.0,0.0,0.0,106161.43185359212,106161.43185359212,0
2026-05-21 16:00:00,USDT_CASH,USDT_CASH,0.0,0.0,0.0,106161.43185359212,106161.43185359212,0
2026-05-21 20:00:00,USDT_CASH,USDT_CASH,0.0,0.0,0.0,106161.43185359212,106161.43185359212,0
2026-05-22 00:00:00,USDT_CASH,USDT_CASH,0.0,0.0,0.0,106161.43185359212,106161.43185359212,0
2026-05-22 04:00:00,BNBUSDT,BNBUSDT,160.7341969052302,659.94981,651.3462385714286,106076.50270810924,106002.59551703026,1
2026-05-22 08:00:00,USDT_CASH,USDT_CASH,0.0,0.0,0.0,105864.83454389632,105864.83454389632,0
2026-05-22 12:00:00,USDT_CASH,USDT_CASH,0.0,0.0,0.0,105864.83454389632,105864.83454389632,0
2026-05-22 16:00:00,USDT_CASH,USDT_CASH,0.0,0.0,0.0,105864.83454389632,105864.83454389632,0
2026-05-22 20:00:00,USDT_CASH,USDT_CASH,0.0,0.0,0.0,105864.83454389632,105864.83454389632,0
2026-05-23 00:00:00,USDT_CASH,USDT_CASH,0.0,0.0,0.0,105864.83454389632,105864.83454389632,0
2026-05-23 04:00:00,USDT_CASH,USDT_CASH,0.0,0.0,0.0,105864.83454389632,105864.83454389632,0
2026-05-23 08:00:00,USDT_CASH,USDT_CASH,0.0,0.0,0.0,105864.83454389632,105864.83454389632,0
2026-05-23 12:00:00,USDT_CASH,USDT_CASH,0.0,0.0,0.0,105864.83454389632,105864.83454389632,0
2026-05-23 16:00:00,USDT_CASH,USDT_CASH,0.0,0.0,0.0,105864.83454389632,105864.83454389632,0
2026-05-23 20:00:00,USDT_CASH,USDT_CASH,0.0,0.0,0.0,105864.83454389632,105864.83454389632,0
2026-05-24 00:00:00,USDT_CASH,USDT_CASH,0.0,0.0,0.0,105864.83454389632,105864.83454389632,0
2026-05-24 04:00:00,USDT_CASH,USDT_CASH,0.0,0.0,0.0,105864.83454389632,105864.83454389632,0
2026-05-24 08:00:00,USDT_CASH,USDT_CASH,0.0,0.0,0.0,105864.83454389632,105864.83454389632,0
2026-05-24 12:00:00,USDT_CASH,USDT_CASH,0.0,0.0,0.0,105864.83454389632,105864.83454389632,0
2026-05-24 16:00:00,USDT_CASH,USDT_CASH,0.0,0.0,0.0,105864.83454389632,105864.83454389632,0
2026-05-24 20:00:00,USDT_CASH,USDT_CASH,0.0,0.0,0.0,105864.83454389632,105864.83454389632,0
2026-05-25 00:00:00,USDT_CASH,USDT_CASH,0.0,0.0,0.0,105864.83454389632,105864.83454389632,0
2026-05-25 04:00:00,USDT_CASH,USDT_CASH,0.0,0.0,0.0,105864.83454389632,105864.83454389632,0
2026-05-25 08:00:00,USDT_CASH,USDT_CASH,0.0,0.0,0.0,105864.83454389632,105864.83454389632,0
2026-05-25 12:00:00,USDT_CASH,USDT_CASH,0.0,0.0,0.0,105864.83454389632,105864.83454389632,0
2026-05-25 16:00:00,BNBUSDT,BNBUSDT,158.32651327794008,668.11389,658.3328185714286,105780.1426762612,104870.73259990917,1
2026-05-25 20:00:00,USDT_CASH,USDT_CASH,0.0,0.0,0.0,104734.44259582233,104734.44259582233,0
2026-05-26 00:00:00,USDT_CASH,USDT_CASH,0.0,0.0,0.0,104734.44259582233,104734.44259582233,0
2026-05-26 04:00:00,USDT_CASH,USDT_CASH,0.0,0.0,0.0,104734.44259582233,104734.44259582233,0
2026-05-26 08:00:00,USDT_CASH,USDT_CASH,0.0,0.0,0.0,104734.44259582233,104734.44259582233,0
2026-05-26 12:00:00,USDT_CASH,USDT_CASH,0.0,0.0,0.0,104734.44259582233,104734.44259582233,0
2026-05-26 16:00:00,USDT_CASH,USDT_CASH,0.0,0.0,0.0,104734.44259582233,104734.44259582233,0
2026-05-26 20:00:00,USDT_CASH,USDT_CASH,0.0,0.0,0.0,104734.44259582233,104734.44259582233,0
2026-05-27 00:00:00,USDT_CASH,USDT_CASH,0.0,0.0,0.0,104734.44259582233,104734.44259582233,0
2026-05-27 04:00:00,USDT_CASH,USDT_CASH,0.0,0.0,0.0,104734.44259582233,104734.44259582233,0
2026-05-27 08:00:00,USDT_CASH,USDT_CASH,0.0,0.0,0.0,104734.44259582233,104734.44259582233,0
2026-05-27 12:00:00,USDT_CASH,USDT_CASH,0.0,0.0,0.0,104734.44259582233,104734.44259582233,0
2026-05-27 16:00:00,USDT_CASH,USDT_CASH,0.0,0.0,0.0,104734.44259582233,104734.44259582233,0
2026-05-27 20:00:00,USDT_CASH,USDT_CASH,0.0,0.0,0.0,104734.44259582233,104734.44259582233,0
2026-05-28 00:00:00,USDT_CASH,USDT_CASH,0.0,0.0,0.0,104734.44259582233,104734.44259582233,0
2026-05-28 04:00:00,USDT_CASH,USDT_CASH,0.0,0.0,0.0,104734.44259582233,104734.44259582233,0
2026-05-28 08:00:00,USDT_CASH,USDT_CASH,0.0,0.0,0.0,104734.44259582233,104734.44259582233,0
2026-05-28 12:00:00,USDT_CASH,USDT_CASH,0.0,0.0,0.0,104734.44259582233,104734.44259582233,0
2026-05-28 16:00:00,USDT_CASH,USDT_CASH,0.0,0.0,0.0,104734.44259582233,104734.44259582233,0
2026-05-28 20:00:00,USDT_CASH,USDT_CASH,0.0,0.0,0.0,104734.44259582233,104734.44259582233,0
2026-05-29 00:00:00,USDT_CASH,USDT_CASH,0.0,0.0,0.0,104734.44259582233,104734.44259582233,0
2026-05-29 04:00:00,USDT_CASH,USDT_CASH,0.0,0.0,0.0,104734.44259582233,104734.44259582233,0
2026-05-29 08:00:00,USDT_CASH,USDT_CASH,0.0,0.0,0.0,104734.44259582233,104734.44259582233,0
2026-05-29 12:00:00,USDT_CASH,USDT_CASH,0.0,0.0,0.0,104734.44259582233,104734.44259582233,0
2026-05-29 16:00:00,USDT_CASH,USDT_CASH,0.0,0.0,0.0,104734.44259582233,104734.44259582233,0
2026-05-29 20:00:00,USDT_CASH,USDT_CASH,0.0,0.0,0.0,104734.44259582233,104734.44259582233,0
2026-05-30 00:00:00,USDT_CASH,USDT_CASH,0.0,0.0,0.0,104734.44259582233,104734.44259582233,0
2026-05-30 04:00:00,USDT_CASH,USDT_CASH,0.0,0.0,0.0,104734.44259582233,104734.44259582233,0
2026-05-30 08:00:00,USDT_CASH,USDT_CASH,0.0,0.0,0.0,104734.44259582233,104734.44259582233,0
2026-05-30 12:00:00,USDT_CASH,USDT_CASH,0.0,0.0,0.0,104734.44259582233,104734.44259582233,0
2026-05-30 16:00:00,USDT_CASH,USDT_CASH,0.0,0.0,0.0,104734.44259582233,104734.44259582233,0
2026-05-30 20:00:00,USDT_CASH,USDT_CASH,0.0,0.0,0.0,104734.44259582233,104734.44259582233,0
2026-05-31 00:00:00,USDT_CASH,USDT_CASH,0.0,0.0,0.0,104734.44259582233,104734.44259582233,0
2026-05-31 04:00:00,USDT_CASH,USDT_CASH,0.0,0.0,0.0,104734.44259582233,104734.44259582233,0
2026-05-31 08:00:00,USDT_CASH,USDT_CASH,0.0,0.0,0.0,104734.44259582233,104734.44259582233,0
2026-05-31 12:00:00,USDT_CASH,USDT_CASH,0.0,0.0,0.0,104734.44259582233,104734.44259582233,0
2026-05-31 16:00:00,USDT_CASH,USDT_CASH,0.0,0.0,0.0,104734.44259582233,104734.44259582233,0
2026-05-31 20:00:00,USDT_CASH,USDT_CASH,0.0,0.0,0.0,104734.44259582233,104734.44259582233,0
2026-06-01 00:00:00,USDT_CASH,USDT_CASH,0.0,0.0,0.0,104734.44259582233,104734.44259582233,0
2026-06-01 04:00:00,USDT_CASH,USDT_CASH,0.0,0.0,0.0,104734.44259582233,104734.44259582233,0
2026-06-01 08:00:00,USDT_CASH,USDT_CASH,0.0,0.0,0.0,104734.44259582233,104734.44259582233,0
2026-06-01 12:00:00,USDT_CASH,USDT_CASH,0.0,0.0,0.0,104734.44259582233,104734.44259582233,0
2026-06-01 16:00:00,USDT_CASH,USDT_CASH,0.0,0.0,0.0,104734.44259582233,104734.44259582233,0
2026-06-01 20:00:00,USDT_CASH,USDT_CASH,0.0,0.0,0.0,104734.44259582233,104734.44259582233,0
2026-06-02 00:00:00,USDT_CASH,USDT_CASH,0.0,0.0,0.0,104734.44259582233,104734.44259582233,0
2026-06-02 04:00:00,USDT_CASH,USDT_CASH,0.0,0.0,0.0,104734.44259582233,104734.44259582233,0
2026-06-02 08:00:00,USDT_CASH,USDT_CASH,0.0,0.0,0.0,104734.44259582233,104734.44259582233,0
2026-06-02 12:00:00,USDT_CASH,USDT_CASH,0.0,0.0,0.0,104734.44259582233,104734.44259582233,0
2026-06-02 16:00:00,USDT_CASH,USDT_CASH,0.0,0.0,0.0,104734.44259582233,104734.44259582233,0
2026-06-02 20:00:00,USDT_CASH,USDT_CASH,0.0,0.0,0.0,104734.44259582233,104734.44259582233,0
2026-06-03 00:00:00,USDT_CASH,USDT_CASH,0.0,0.0,0.0,104734.44259582233,104734.44259582233,0
2026-06-03 04:00:00,USDT_CASH,USDT_CASH,0.0,0.0,0.0,104734.44259582233,104734.44259582233,0
2026-06-03 08:00:00,USDT_CASH,USDT_CASH,0.0,0.0,0.0,104734.44259582233,104734.44259582233,0
2026-06-03 12:00:00,USDT_CASH,USDT_CASH,0.0,0.0,0.0,104734.44259582233,104734.44259582233,0
2026-06-03 16:00:00,USDT_CASH,USDT_CASH,0.0,0.0,0.0,104734.44259582233,104734.44259582233,0
2026-06-03 20:00:00,USDT_CASH,USDT_CASH,0.0,0.0,0.0,104734.44259582233,104734.44259582233,0
2026-06-04 00:00:00,USDT_CASH,USDT_CASH,0.0,0.0,0.0,104734.44259582233,104734.44259582233,0
2026-06-04 04:00:00,USDT_CASH,USDT_CASH,0.0,0.0,0.0,104734.44259582233,104734.44259582233,0
2026-06-04 08:00:00,USDT_CASH,USDT_CASH,0.0,0.0,0.0,104734.44259582233,104734.44259582233,0
2026-06-04 12:00:00,USDT_CASH,USDT_CASH,0.0,0.0,0.0,104734.44259582233,104734.44259582233,0
2026-06-04 16:00:00,USDT_CASH,USDT_CASH,0.0,0.0,0.0,104734.44259582233,104734.44259582233,0
2026-06-04 20:00:00,USDT_CASH,USDT_CASH,0.0,0.0,0.0,104734.44259582233,104734.44259582233,0
2026-06-05 00:00:00,USDT_CASH,USDT_CASH,0.0,0.0,0.0,104734.44259582233,104734.44259582233,0
2026-06-05 04:00:00,USDT_CASH,USDT_CASH,0.0,0.0,0.0,104734.44259582233,104734.44259582233,0
2026-06-05 08:00:00,USDT_CASH,USDT_CASH,0.0,0.0,0.0,104734.44259582233,104734.44259582233,0
2026-06-05 12:00:00,USDT_CASH,USDT_CASH,0.0,0.0,0.0,104734.44259582233,104734.44259582233,0
2026-06-05 16:00:00,USDT_CASH,USDT_CASH,0.0,0.0,0.0,104734.44259582233,104734.44259582233,0
2026-06-05 20:00:00,USDT_CASH,USDT_CASH,0.0,0.0,0.0,104734.44259582233,104734.44259582233,0
2026-06-06 00:00:00,USDT_CASH,USDT_CASH,0.0,0.0,0.0,104734.44259582233,104734.44259582233,0
2026-06-06 04:00:00,USDT_CASH,USDT_CASH,0.0,0.0,0.0,104734.44259582233,104734.44259582233,0
2026-06-06 08:00:00,USDT_CASH,USDT_CASH,0.0,0.0,0.0,104734.44259582233,104734.44259582233,0
2026-06-06 12:00:00,USDT_CASH,USDT_CASH,0.0,0.0,0.0,104734.44259582233,104734.44259582233,0
2026-06-06 16:00:00,USDT_CASH,USDT_CASH,0.0,0.0,0.0,104734.44259582233,104734.44259582233,0
2026-06-06 20:00:00,USDT_CASH,USDT_CASH,0.0,0.0,0.0,104734.44259582233,104734.44259582233,0
2026-06-07 00:00:00,USDT_CASH,USDT_CASH,0.0,0.0,0.0,104734.44259582233,104734.44259582233,0
2026-06-07 04:00:00,USDT_CASH,USDT_CASH,0.0,0.0,0.0,104734.44259582233,104734.44259582233,0
2026-06-07 08:00:00,USDT_CASH,USDT_CASH,0.0,0.0,0.0,104734.44259582233,104734.44259582233,0
2026-06-07 12:00:00,USDT_CASH,USDT_CASH,0.0,0.0,0.0,104734.44259582233,104734.44259582233,0
2026-06-07 16:00:00,USDT_CASH,USDT_CASH,0.0,0.0,0.0,104734.44259582233,104734.44259582233,0
2026-06-07 20:00:00,USDT_CASH,USDT_CASH,0.0,0.0,0.0,104734.44259582233,104734.44259582233,0
2026-06-08 00:00:00,USDT_CASH,USDT_CASH,0.0,0.0,0.0,104734.44259582233,104734.44259582233,0
2026-06-08 04:00:00,USDT_CASH,USDT_CASH,0.0,0.0,0.0,104734.44259582233,104734.44259582233,0
2026-06-08 08:00:00,USDT_CASH,USDT_CASH,0.0,0.0,0.0,104734.44259582233,104734.44259582233,0
2026-06-08 12:00:00,USDT_CASH,USDT_CASH,0.0,0.0,0.0,104734.44259582233,104734.44259582233,0
2026-06-08 16:00:00,USDT_CASH,USDT_CASH,0.0,0.0,0.0,104734.44259582233,104734.44259582233,0
2026-06-08 20:00:00,USDT_CASH,USDT_CASH,0.0,0.0,0.0,104734.44259582233,104734.44259582233,0
2026-06-09 00:00:00,USDT_CASH,USDT_CASH,0.0,0.0,0.0,104734.44259582233,104734.44259582233,0
2026-06-09 04:00:00,USDT_CASH,USDT_CASH,0.0,0.0,0.0,104734.44259582233,104734.44259582233,0
2026-06-09 08:00:00,USDT_CASH,USDT_CASH,0.0,0.0,0.0,104734.44259582233,104734.44259582233,0
2026-06-09 12:00:00,USDT_CASH,USDT_CASH,0.0,0.0,0.0,104734.44259582233,104734.44259582233,0
2026-06-09 16:00:00,USDT_CASH,USDT_CASH,0.0,0.0,0.0,104734.44259582233,104734.44259582233,0
2026-06-09 20:00:00,USDT_CASH,USDT_CASH,0.0,0.0,0.0,104734.44259582233,104734.44259582233,0
2026-06-10 00:00:00,USDT_CASH,USDT_CASH,0.0,0.0,0.0,104734.44259582233,104734.44259582233,0
2026-06-10 04:00:00,USDT_CASH,USDT_CASH,0.0,0.0,0.0,104734.44259582233,104734.44259582233,0
2026-06-10 08:00:00,USDT_CASH,USDT_CASH,0.0,0.0,0.0,104734.44259582233,104734.44259582233,0
2026-06-10 12:00:00,USDT_CASH,USDT_CASH,0.0,0.0,0.0,104734.44259582233,104734.44259582233,0
2026-06-10 16:00:00,USDT_CASH,USDT_CASH,0.0,0.0,0.0,104734.44259582233,104734.44259582233,0
2026-06-10 20:00:00,USDT_CASH,USDT_CASH,0.0,0.0,0.0,104734.44259582233,104734.44259582233,0
2026-06-11 00:00:00,USDT_CASH,USDT_CASH,0.0,0.0,0.0,104734.44259582233,104734.44259582233,0
2026-06-11 04:00:00,USDT_CASH,USDT_CASH,0.0,0.0,0.0,104734.44259582233,104734.44259582233,0
2026-06-11 08:00:00,USDT_CASH,USDT_CASH,0.0,0.0,0.0,104734.44259582233,104734.44259582233,0
2026-06-11 12:00:00,USDT_CASH,USDT_CASH,0.0,0.0,0.0,104734.44259582233,104734.44259582233,0
2026-06-11 16:00:00,USDT_CASH,USDT_CASH,0.0,0.0,0.0,104734.44259582233,104734.44259582233,0
2026-06-11 20:00:00,USDT_CASH,USDT_CASH,0.0,0.0,0.0,104734.44259582233,104734.44259582233,0
2026-06-12 00:00:00,USDT_CASH,USDT_CASH,0.0,0.0,0.0,104734.44259582233,104734.44259582233,0
2026-06-12 04:00:00,USDT_CASH,USDT_CASH,0.0,0.0,0.0,104734.44259582233,104734.44259582233,0
2026-06-12 08:00:00,USDT_CASH,USDT_CASH,0.0,0.0,0.0,104734.44259582233,104734.44259582233,0
2026-06-12 12:00:00,USDT_CASH,USDT_CASH,0.0,0.0,0.0,104734.44259582233,104734.44259582233,0
2026-06-12 16:00:00,USDT_CASH,USDT_CASH,0.0,0.0,0.0,104734.44259582233,104734.44259582233,0
2026-06-12 20:00:00,USDT_CASH,USDT_CASH,0.0,0.0,0.0,104734.44259582233,104734.44259582233,0
2026-06-13 00:00:00,USDT_CASH,USDT_CASH,0.0,0.0,0.0,104734.44259582233,104734.44259582233,0
2026-06-13 04:00:00,USDT_CASH,USDT_CASH,0.0,0.0,0.0,104734.44259582233,104734.44259582233,0
2026-06-13 08:00:00,USDT_CASH,USDT_CASH,0.0,0.0,0.0,104734.44259582233,104734.44259582233,0
2026-06-13 12:00:00,USDT_CASH,USDT_CASH,0.0,0.0,0.0,104734.44259582233,104734.44259582233,0
2026-06-13 16:00:00,USDT_CASH,USDT_CASH,0.0,0.0,0.0,104734.44259582233,104734.44259582233,0
2026-06-13 20:00:00,USDT_CASH,USDT_CASH,0.0,0.0,0.0,104734.44259582233,104734.44259582233,0
2026-06-14 00:00:00,USDT_CASH,USDT_CASH,0.0,0.0,0.0,104734.44259582233,104734.44259582233,0
2026-06-14 04:00:00,USDT_CASH,USDT_CASH,0.0,0.0,0.0,104734.44259582233,104734.44259582233,0
2026-06-14 08:00:00,USDT_CASH,USDT_CASH,0.0,0.0,0.0,104734.44259582233,104734.44259582233,0
2026-06-14 12:00:00,USDT_CASH,USDT_CASH,0.0,0.0,0.0,104734.44259582233,104734.44259582233,0
2026-06-14 16:00:00,USDT_CASH,USDT_CASH,0.0,0.0,0.0,104734.44259582233,104734.44259582233,0
2026-06-14 20:00:00,USDT_CASH,USDT_CASH,0.0,0.0,0.0,104734.44259582233,104734.44259582233,0
2026-06-15 00:00:00,USDT_CASH,USDT_CASH,0.0,0.0,0.0,104734.44259582233,104734.44259582233,0
2026-06-15 04:00:00,USDT_CASH,USDT_CASH,0.0,0.0,0.0,104734.44259582233,104734.44259582233,0
2026-06-15 08:00:00,USDT_CASH,USDT_CASH,0.0,0.0,0.0,104734.44259582233,104734.44259582233,0
2026-06-15 12:00:00,USDT_CASH,USDT_CASH,0.0,0.0,0.0,104734.44259582233,104734.44259582233,0
2026-06-15 16:00:00,USDT_CASH,USDT_CASH,0.0,0.0,0.0,104734.44259582233,104734.44259582233,0
2026-06-15 20:00:00,USDT_CASH,USDT_CASH,0.0,0.0,0.0,104734.44259582233,104734.44259582233,0
2026-06-16 00:00:00,USDT_CASH,USDT_CASH,0.0,0.0,0.0,104734.44259582233,104734.44259582233,0
2026-06-16 04:00:00,USDT_CASH,USDT_CASH,0.0,0.0,0.0,104734.44259582233,104734.44259582233,0
2026-06-16 08:00:00,USDT_CASH,USDT_CASH,0.0,0.0,0.0,104734.44259582233,104734.44259582233,0
2026-06-16 12:00:00,USDT_CASH,USDT_CASH,0.0,0.0,0.0,104734.44259582233,104734.44259582233,0
2026-06-16 16:00:00,USDT_CASH,USDT_CASH,0.0,0.0,0.0,104734.44259582233,104734.44259582233,0
2026-06-16 20:00:00,USDT_CASH,USDT_CASH,0.0,0.0,0.0,104734.44259582233,104734.44259582233,0
2026-06-17 00:00:00,USDT_CASH,USDT_CASH,0.0,0.0,0.0,104734.44259582233,104734.44259582233,0
2026-06-17 04:00:00,USDT_CASH,USDT_CASH,0.0,0.0,0.0,104734.44259582233,104734.44259582233,0
2026-06-17 08:00:00,USDT_CASH,USDT_CASH,0.0,0.0,0.0,104734.44259582233,104734.44259582233,0
2026-06-17 12:00:00,USDT_CASH,USDT_CASH,0.0,0.0,0.0,104734.44259582233,104734.44259582233,0
2026-06-17 16:00:00,USDT_CASH,USDT_CASH,0.0,0.0,0.0,104734.44259582233,104734.44259582233,0
2026-06-17 20:00:00,USDT_CASH,USDT_CASH,0.0,0.0,0.0,104734.44259582233,104734.44259582233,0
2026-06-18 00:00:00,USDT_CASH,USDT_CASH,0.0,0.0,0.0,104734.44259582233,104734.44259582233,0
2026-06-18 04:00:00,USDT_CASH,USDT_CASH,0.0,0.0,0.0,104734.44259582233,104734.44259582233,0
2026-06-18 08:00:00,USDT_CASH,USDT_CASH,0.0,0.0,0.0,104734.44259582233,104734.44259582233,0
2026-06-18 12:00:00,USDT_CASH,USDT_CASH,0.0,0.0,0.0,104734.44259582233,104734.44259582233,0
2026-06-18 16:00:00,USDT_CASH,USDT_CASH,0.0,0.0,0.0,104734.44259582233,104734.44259582233,0
2026-06-18 20:00:00,USDT_CASH,USDT_CASH,0.0,0.0,0.0,104734.44259582233,104734.44259582233,0
2026-06-19 00:00:00,USDT_CASH,USDT_CASH,0.0,0.0,0.0,104734.44259582233,104734.44259582233,0
2026-06-19 04:00:00,USDT_CASH,USDT_CASH,0.0,0.0,0.0,104734.44259582233,104734.44259582233,0
2026-06-19 08:00:00,USDT_CASH,USDT_CASH,0.0,0.0,0.0,104734.44259582233,104734.44259582233,0
2026-06-19 12:00:00,USDT_CASH,USDT_CASH,0.0,0.0,0.0,104734.44259582233,104734.44259582233,0
2026-06-19 16:00:00,USDT_CASH,USDT_CASH,0.0,0.0,0.0,104734.44259582233,104734.44259582233,0
2026-06-19 20:00:00,USDT_CASH,USDT_CASH,0.0,0.0,0.0,104734.44259582233,104734.44259582233,0
2026-06-20 00:00:00,USDT_CASH,USDT_CASH,0.0,0.0,0.0,104734.44259582233,104734.44259582233,0
2026-06-20 04:00:00,USDT_CASH,USDT_CASH,0.0,0.0,0.0,104734.44259582233,104734.44259582233,0
2026-06-20 08:00:00,USDT_CASH,USDT_CASH,0.0,0.0,0.0,104734.44259582233,104734.44259582233,0
2026-06-20 12:00:00,USDT_CASH,USDT_CASH,0.0,0.0,0.0,104734.44259582233,104734.44259582233,0
2026-06-20 16:00:00,USDT_CASH,USDT_CASH,0.0,0.0,0.0,104734.44259582233,104734.44259582233,0
2026-06-20 20:00:00,USDT_CASH,USDT_CASH,0.0,0.0,0.0,104734.44259582233,104734.44259582233,0
2026-06-21 00:00:00,USDT_CASH,USDT_CASH,0.0,0.0,0.0,104734.44259582233,104734.44259582233,0
2026-06-21 04:00:00,USDT_CASH,USDT_CASH,0.0,0.0,0.0,104734.44259582233,104734.44259582233,0
2026-06-21 08:00:00,USDT_CASH,USDT_CASH,0.0,0.0,0.0,104734.44259582233,104734.44259582233,0
2026-06-21 12:00:00,USDT_CASH,USDT_CASH,0.0,0.0,0.0,104734.44259582233,104734.44259582233,0
2026-06-21 16:00:00,USDT_CASH,USDT_CASH,0.0,0.0,0.0,104734.44259582233,104734.44259582233,0
2026-06-21 20:00:00,USDT_CASH,USDT_CASH,0.0,0.0,0.0,104734.44259582233,104734.44259582233,0
2026-06-22 00:00:00,USDT_CASH,USDT_CASH,0.0,0.0,0.0,104734.44259582233,104734.44259582233,0
2026-06-22 04:00:00,USDT_CASH,USDT_CASH,0.0,0.0,0.0,104734.44259582233,104734.44259582233,0
2026-06-22 08:00:00,USDT_CASH,USDT_CASH,0.0,0.0,0.0,104734.44259582233,104734.44259582233,0
2026-06-22 12:00:00,USDT_CASH,USDT_CASH,0.0,0.0,0.0,104734.44259582233,104734.44259582233,0
2026-06-22 16:00:00,USDT_CASH,USDT_CASH,0.0,0.0,0.0,104734.44259582233,104734.44259582233,0
2026-06-22 20:00:00,USDT_CASH,USDT_CASH,0.0,0.0,0.0,104734.44259582233,104734.44259582233,0
2026-06-23 00:00:00,USDT_CASH,USDT_CASH,0.0,0.0,0.0,104734.44259582233,104734.44259582233,0
2026-06-23 04:00:00,USDT_CASH,USDT_CASH,0.0,0.0,0.0,104734.44259582233,104734.44259582233,0
2026-06-23 08:00:00,USDT_CASH,USDT_CASH,0.0,0.0,0.0,104734.44259582233,104734.44259582233,0
2026-06-23 12:00:00,USDT_CASH,USDT_CASH,0.0,0.0,0.0,104734.44259582233,104734.44259582233,0
2026-06-23 16:00:00,USDT_CASH,USDT_CASH,0.0,0.0,0.0,104734.44259582233,104734.44259582233,0
2026-06-23 20:00:00,USDT_CASH,USDT_CASH,0.0,0.0,0.0,104734.44259582233,104734.44259582233,0
2026-06-24 00:00:00,USDT_CASH,USDT_CASH,0.0,0.0,0.0,104734.44259582233,104734.44259582233,0
2026-06-24 04:00:00,USDT_CASH,USDT_CASH,0.0,0.0,0.0,104734.44259582233,104734.44259582233,0
2026-06-24 08:00:00,USDT_CASH,USDT_CASH,0.0,0.0,0.0,104734.44259582233,104734.44259582233,0
2026-06-24 12:00:00,USDT_CASH,USDT_CASH,0.0,0.0,0.0,104734.44259582233,104734.44259582233,0
2026-06-24 16:00:00,USDT_CASH,USDT_CASH,0.0,0.0,0.0,104734.44259582233,104734.44259582233,0
2026-06-24 20:00:00,USDT_CASH,USDT_CASH,0.0,0.0,0.0,104734.44259582233,104734.44259582233,0
2026-06-25 00:00:00,USDT_CASH,USDT_CASH,0.0,0.0,0.0,104734.44259582233,104734.44259582233,0
2026-06-25 04:00:00,USDT_CASH,USDT_CASH,0.0,0.0,0.0,104734.44259582233,104734.44259582233,0
2026-06-25 08:00:00,USDT_CASH,USDT_CASH,0.0,0.0,0.0,104734.44259582233,104734.44259582233,0
2026-06-25 12:00:00,USDT_CASH,USDT_CASH,0.0,0.0,0.0,104734.44259582233,104734.44259582233,0
2026-06-25 16:00:00,USDT_CASH,USDT_CASH,0.0,0.0,0.0,104734.44259582233,104734.44259582233,0
2026-06-25 20:00:00,USDT_CASH,USDT_CASH,0.0,0.0,0.0,104734.44259582233,104734.44259582233,0
2026-06-26 00:00:00,USDT_CASH,USDT_CASH,0.0,0.0,0.0,104734.44259582233,104734.44259582233,0
2026-06-26 04:00:00,USDT_CASH,USDT_CASH,0.0,0.0,0.0,104734.44259582233,104734.44259582233,0
2026-06-26 08:00:00,USDT_CASH,USDT_CASH,0.0,0.0,0.0,104734.44259582233,104734.44259582233,0
2026-06-26 12:00:00,USDT_CASH,USDT_CASH,0.0,0.0,0.0,104734.44259582233,104734.44259582233,0
2026-06-26 16:00:00,USDT_CASH,USDT_CASH,0.0,0.0,0.0,104734.44259582233,104734.44259582233,0
2026-06-26 20:00:00,USDT_CASH,USDT_CASH,0.0,0.0,0.0,104734.44259582233,104734.44259582233,0
2026-06-27 00:00:00,USDT_CASH,USDT_CASH,0.0,0.0,0.0,104734.44259582233,104734.44259582233,0
2026-06-27 04:00:00,USDT_CASH,USDT_CASH,0.0,0.0,0.0,104734.44259582233,104734.44259582233,0
2026-06-27 08:00:00,USDT_CASH,USDT_CASH,0.0,0.0,0.0,104734.44259582233,104734.44259582233,0
2026-06-27 12:00:00,USDT_CASH,USDT_CASH,0.0,0.0,0.0,104734.44259582233,104734.44259582233,0
2026-06-27 16:00:00,USDT_CASH,USDT_CASH,0.0,0.0,0.0,104734.44259582233,104734.44259582233,0
2026-06-27 20:00:00,USDT_CASH,USDT_CASH,0.0,0.0,0.0,104734.44259582233,104734.44259582233,0
2026-06-28 00:00:00,USDT_CASH,USDT_CASH,0.0,0.0,0.0,104734.44259582233,104734.44259582233,0
2026-06-28 04:00:00,USDT_CASH,USDT_CASH,0.0,0.0,0.0,104734.44259582233,104734.44259582233,0
2026-06-28 08:00:00,USDT_CASH,USDT_CASH,0.0,0.0,0.0,104734.44259582233,104734.44259582233,0
2026-06-28 12:00:00,USDT_CASH,USDT_CASH,0.0,0.0,0.0,104734.44259582233,104734.44259582233,0
2026-06-28 16:00:00,USDT_CASH,USDT_CASH,0.0,0.0,0.0,104734.44259582233,104734.44259582233,0
2026-06-28 20:00:00,USDT_CASH,USDT_CASH,0.0,0.0,0.0,104734.44259582233,104734.44259582233,0
2026-06-29 00:00:00,USDT_CASH,USDT_CASH,0.0,0.0,0.0,104734.44259582233,104734.44259582233,0
2026-06-29 04:00:00,USDT_CASH,USDT_CASH,0.0,0.0,0.0,104734.44259582233,104734.44259582233,0
2026-06-29 08:00:00,USDT_CASH,USDT_CASH,0.0,0.0,0.0,104734.44259582233,104734.44259582233,0
2026-06-29 12:00:00,USDT_CASH,USDT_CASH,0.0,0.0,0.0,104734.44259582233,104734.44259582233,0
2026-06-29 16:00:00,USDT_CASH,USDT_CASH,0.0,0.0,0.0,104734.44259582233,104734.44259582233,0
2026-06-29 20:00:00,USDT_CASH,USDT_CASH,0.0,0.0,0.0,104734.44259582233,104734.44259582233,0
2026-06-30 00:00:00,USDT_CASH,USDT_CASH,0.0,0.0,0.0,104734.44259582233,104734.44259582233,0
2026-06-30 04:00:00,USDT_CASH,USDT_CASH,0.0,0.0,0.0,104734.44259582233,104734.44259582233,0
2026-06-30 08:00:00,USDT_CASH,USDT_CASH,0.0,0.0,0.0,104734.44259582233,104734.44259582233,0
2026-06-30 12:00:00,USDT_CASH,USDT_CASH,0.0,0.0,0.0,104734.44259582233,104734.44259582233,0
2026-06-30 16:00:00,USDT_CASH,USDT_CASH,0.0,0.0,0.0,104734.44259582233,104734.44259582233,0
2026-06-30 20:00:00,USDT_CASH,USDT_CASH,0.0,0.0,0.0,104734.44259582233,104734.44259582233,0
2026-07-01 00:00:00,USDT_CASH,USDT_CASH,0.0,0.0,0.0,104734.44259582233,104734.44259582233,0
2026-07-01 04:00:00,USDT_CASH,USDT_CASH,0.0,0.0,0.0,104734.44259582233,104734.44259582233,0
2026-07-01 08:00:00,USDT_CASH,USDT_CASH,0.0,0.0,0.0,104734.44259582233,104734.44259582233,0
2026-07-01 12:00:00,USDT_CASH,USDT_CASH,0.0,0.0,0.0,104734.44259582233,104734.44259582233,0
2026-07-01 16:00:00,USDT_CASH,USDT_CASH,0.0,0.0,0.0,104734.44259582233,104734.44259582233,0
2026-07-01 20:00:00,USDT_CASH,USDT_CASH,0.0,0.0,0.0,104734.44259582233,104734.44259582233,0
2026-07-02 00:00:00,USDT_CASH,USDT_CASH,0.0,0.0,0.0,104734.44259582233,104734.44259582233,0
2026-07-02 04:00:00,USDT_CASH,USDT_CASH,0.0,0.0,0.0,104734.44259582233,104734.44259582233,0
2026-07-02 08:00:00,USDT_CASH,USDT_CASH,0.0,0.0,0.0,104734.44259582233,104734.44259582233,0
2026-07-02 12:00:00,USDT_CASH,USDT_CASH,0.0,0.0,0.0,104734.44259582233,104734.44259582233,0
2026-07-02 16:00:00,USDT_CASH,USDT_CASH,0.0,0.0,0.0,104734.44259582233,104734.44259582233,0
2026-07-02 20:00:00,USDT_CASH,USDT_CASH,0.0,0.0,0.0,104734.44259582233,104734.44259582233,0
2026-07-03 00:00:00,USDT_CASH,USDT_CASH,0.0,0.0,0.0,104734.44259582233,104734.44259582233,0
2026-07-03 04:00:00,USDT_CASH,USDT_CASH,0.0,0.0,0.0,104734.44259582233,104734.44259582233,0
2026-07-03 08:00:00,USDT_CASH,USDT_CASH,0.0,0.0,0.0,104734.44259582233,104734.44259582233,0
2026-07-03 12:00:00,USDT_CASH,USDT_CASH,0.0,0.0,0.0,104734.44259582233,104734.44259582233,0
2026-07-03 16:00:00,USDT_CASH,USDT_CASH,0.0,0.0,0.0,104734.44259582233,104734.44259582233,0
2026-07-03 20:00:00,USDT_CASH,USDT_CASH,0.0,0.0,0.0,104734.44259582233,104734.44259582233,0
2026-07-04 00:00:00,USDT_CASH,USDT_CASH,0.0,0.0,0.0,104734.44259582233,104734.44259582233,0
2026-07-04 04:00:00,USDT_CASH,USDT_CASH,0.0,0.0,0.0,104734.44259582233,104734.44259582233,0
2026-07-04 08:00:00,USDT_CASH,USDT_CASH,0.0,0.0,0.0,104734.44259582233,104734.44259582233,0
2026-07-04 12:00:00,USDT_CASH,USDT_CASH,0.0,0.0,0.0,104734.44259582233,104734.44259582233,0
2026-07-04 16:00:00,USDT_CASH,USDT_CASH,0.0,0.0,0.0,104734.44259582233,104734.44259582233,0
2026-07-04 20:00:00,USDT_CASH,USDT_CASH,0.0,0.0,0.0,104734.44259582233,104734.44259582233,0
2026-07-05 00:00:00,USDT_CASH,USDT_CASH,0.0,0.0,0.0,104734.44259582233,104734.44259582233,0
2026-07-05 04:00:00,USDT_CASH,USDT_CASH,0.0,0.0,0.0,104734.44259582233,104734.44259582233,0
2026-07-05 08:00:00,USDT_CASH,USDT_CASH,0.0,0.0,0.0,104734.44259582233,104734.44259582233,0
2026-07-05 12:00:00,USDT_CASH,USDT_CASH,0.0,0.0,0.0,104734.44259582233,104734.44259582233,0
2026-07-05 16:00:00,USDT_CASH,USDT_CASH,0.0,0.0,0.0,104734.44259582233,104734.44259582233,0
2026-07-05 20:00:00,USDT_CASH,USDT_CASH,0.0,0.0,0.0,104734.44259582233,104734.44259582233,0
2026-07-06 00:00:00,USDT_CASH,USDT_CASH,0.0,0.0,0.0,104734.44259582233,104734.44259582233,0
2026-07-06 04:00:00,USDT_CASH,USDT_CASH,0.0,0.0,0.0,104734.44259582233,104734.44259582233,0
2026-07-06 08:00:00,USDT_CASH,USDT_CASH,0.0,0.0,0.0,104734.44259582233,104734.44259582233,0
2026-07-06 12:00:00,USDT_CASH,USDT_CASH,0.0,0.0,0.0,104734.44259582233,104734.44259582233,0
2026-07-06 16:00:00,USDT_CASH,USDT_CASH,0.0,0.0,0.0,104734.44259582233,104734.44259582233,0
2026-07-06 20:00:00,USDT_CASH,USDT_CASH,0.0,0.0,0.0,104734.44259582233,104734.44259582233,0
2026-07-07 00:00:00,SOLUSDT,SOLUSDT,1276.5237474226724,81.98097,80.00739857142857,104650.65504174567,103462.24972860758,1
2026-07-07 04:00:00,USDT_CASH,USDT_CASH,0.0,0.0,0.0,103327.7901888603,103327.7901888603,0
2026-07-07 08:00:00,USDT_CASH,USDT_CASH,0.0,0.0,0.0,103327.7901888603,103327.7901888603,0
2026-07-07 12:00:00,USDT_CASH,USDT_CASH,0.0,0.0,0.0,103327.7901888603,103327.7901888603,0
2026-07-07 16:00:00,USDT_CASH,USDT_CASH,0.0,0.0,0.0,103327.7901888603,103327.7901888603,0
2026-07-07 20:00:00,USDT_CASH,USDT_CASH,0.0,0.0,0.0,103327.7901888603,103327.7901888603,0
2026-07-08 00:00:00,USDT_CASH,USDT_CASH,0.0,0.0,0.0,103327.7901888603,103327.7901888603,0
2026-07-08 04:00:00,USDT_CASH,USDT_CASH,0.0,0.0,0.0,103327.7901888603,103327.7901888603,0
2026-07-08 08:00:00,USDT_CASH,USDT_CASH,0.0,0.0,0.0,103327.7901888603,103327.7901888603,0
2026-07-08 12:00:00,USDT_CASH,USDT_CASH,0.0,0.0,0.0,103327.7901888603,103327.7901888603,0
2026-07-08 16:00:00,USDT_CASH,USDT_CASH,0.0,0.0,0.0,103327.7901888603,103327.7901888603,0
2026-07-08 20:00:00,USDT_CASH,USDT_CASH,0.0,0.0,0.0,103327.7901888603,103327.7901888603,0
2026-07-09 00:00:00,USDT_CASH,USDT_CASH,0.0,0.0,0.0,103327.7901888603,103327.7901888603,0
2026-07-09 04:00:00,USDT_CASH,USDT_CASH,0.0,0.0,0.0,103327.7901888603,103327.7901888603,0
2026-07-09 08:00:00,USDT_CASH,USDT_CASH,0.0,0.0,0.0,103327.7901888603,103327.7901888603,0
2026-07-09 12:00:00,USDT_CASH,USDT_CASH,0.0,0.0,0.0,103327.7901888603,103327.7901888603,0
2026-07-09 16:00:00,USDT_CASH,USDT_CASH,0.0,0.0,0.0,103327.7901888603,103327.7901888603,0
2026-07-09 20:00:00,USDT_CASH,USDT_CASH,0.0,0.0,0.0,103327.7901888603,103327.7901888603,0
2026-07-10 00:00:00,USDT_CASH,USDT_CASH,0.0,0.0,0.0,103327.7901888603,103327.7901888603,0
2026-07-10 04:00:00,USDT_CASH,USDT_CASH,0.0,0.0,0.0,103327.7901888603,103327.7901888603,0
2026-07-10 08:00:00,USDT_CASH,USDT_CASH,0.0,0.0,0.0,103327.7901888603,103327.7901888603,0
2026-07-10 12:00:00,ETHUSDT,ETHUSDT,57.290909045598895,1802.12061,1764.88311,103245.1279567092,102614.32010066263,1
2026-07-10 16:00:00,ETHUSDT,ETHUSDT,57.290909045598895,1802.12061,1764.88311,103245.1279567092,102704.26682786424,2
2026-07-10 20:00:00,ETHUSDT,ETHUSDT,57.290909045598895,1802.12061,1764.88311,103245.1279567092,102943.16991858438,3
2026-07-11 00:00:00,ETHUSDT,ETHUSDT,57.290909045598895,1802.12061,1764.88311,103245.1279567092,102923.11810041842,4
2026-07-11 04:00:00,ETHUSDT,ETHUSDT,57.290909045598895,1802.12061,1764.88311,103245.1279567092,103123.63628207802,5
2026-07-11 08:00:00,ETHUSDT,ETHUSDT,57.290909045598895,1802.12061,1764.88311,103245.1279567092,103151.13591841991,6
2026-07-11 12:00:00,ETHUSDT,ETHUSDT,57.290909045598895,1802.12061,1764.88311,103245.1279567092,103973.26046322424,7
2026-07-11 16:00:00,ETHUSDT,ETHUSDT,57.290909045598895,1802.12061,1764.88311,103245.1279567092,104520.38864460972,8
2026-07-11 20:00:00,ETHUSDT,ETHUSDT,57.290909045598895,1802.12061,1764.88311,103245.1279567092,102422.39555535988,9
2026-07-12 00:00:00,ETHUSDT,ETHUSDT,57.290909045598895,1802.12061,1764.88311,103245.1279567092,103784.20046337377,10
2026-07-12 04:00:00,ETHUSDT,ETHUSDT,57.290909045598895,1802.12061,1764.88311,103245.1279567092,103053.74137304239,11
2026-07-12 08:00:00,ETHUSDT,ETHUSDT,57.290909045598895,1802.12061,1764.88311,103245.1279567092,103339.62300917992,12
2026-07-12 12:00:00,ETHUSDT,ETHUSDT,57.290909045598895,1802.12061,1764.88311,103245.1279567092,104322.73500840241,13
2026-07-12 16:00:00,ETHUSDT,ETHUSDT,57.290909045598895,1802.12061,1764.88311,103245.1279567092,104349.66173565383,14
2026-07-12 20:00:00,ETHUSDT,ETHUSDT,57.290909045598895,1802.12061,1764.88311,103245.1279567092,103513.21446358808,15
2026-07-13 00:00:00,USDT_CASH,USDT_CASH,0.0,0.0,0.0,103378.68869007121,103378.68869007121,0
2026-07-13 04:00:00,USDT_CASH,USDT_CASH,0.0,0.0,0.0,103378.68869007121,103378.68869007121,0
2026-07-13 08:00:00,USDT_CASH,USDT_CASH,0.0,0.0,0.0,103378.68869007121,103378.68869007121,0
2026-07-13 12:00:00,USDT_CASH,USDT_CASH,0.0,0.0,0.0,103378.68869007121,103378.68869007121,0
2026-07-13 16:00:00,USDT_CASH,USDT_CASH,0.0,0.0,0.0,103378.68869007121,103378.68869007121,0
2026-07-13 20:00:00,USDT_CASH,USDT_CASH,0.0,0.0,0.0,103378.68869007121,103378.68869007121,0
2026-07-14 00:00:00,USDT_CASH,USDT_CASH,0.0,0.0,0.0,103378.68869007121,103378.68869007121,0
2026-07-14 04:00:00,USDT_CASH,USDT_CASH,0.0,0.0,0.0,103378.68869007121,103378.68869007121,0
2026-07-14 08:00:00,USDT_CASH,USDT_CASH,0.0,0.0,0.0,103378.68869007121,103378.68869007121,0
2026-07-14 12:00:00,USDT_CASH,USDT_CASH,0.0,0.0,0.0,103378.68869007121,103378.68869007121,0
2026-07-14 16:00:00,ETHUSDT,ETHUSDT,55.05720051905403,1876.15761,1831.9536814285714,103295.98573911916,103328.05050212945,1
2026-07-14 20:00:00,ETHUSDT,ETHUSDT,55.05720051905403,1876.15761,1831.9536814285714,103295.98573911916,104161.06594598273,2
2026-07-15 00:00:00,ETHUSDT,ETHUSDT,55.05720051905403,1876.15761,1831.9536814285714,103295.98573911916,103291.71274978688,3
2026-07-15 04:00:00,ETHUSDT,ETHUSDT,55.05720051905403,1876.15761,1831.9536814285714,103295.98573911916,102959.1672586518,4
2026-07-15 08:00:00,ETHUSDT,ETHUSDT,55.05720051905403,1876.15761,1831.9536814285714,103295.98573911916,103761.9012422196,5
2026-07-15 12:00:00,ETHUSDT,ETHUSDT,55.05720051905403,1876.15761,1831.9536814285714,103295.98573911916,106367.75854278643,6
2026-07-15 16:00:00,ETHUSDT,ETHUSDT,55.05720051905403,1876.15761,1831.9536814285714,103295.98573911916,105938.31237873781,7
2026-07-15 20:00:00,ETHUSDT,ETHUSDT,55.05720051905403,1876.15761,1831.9536814285714,103295.98573911916,105592.00258747295,8
2026-07-16 00:00:00,ETHUSDT,ETHUSDT,55.05720051905403,1876.15761,1831.9536814285714,103295.98573911916,105638.25063590896,9
2026-07-16 04:00:00,ETHUSDT,ETHUSDT,55.05720051905403,1876.15761,1831.9536814285714,103295.98573911916,105193.9390277202,10
2026-07-16 08:00:00,ETHUSDT,ETHUSDT,55.05720051905403,1876.15761,1831.9536814285714,103295.98573911916,103797.1378505518,11
2026-07-16 12:00:00,ETHUSDT,ETHUSDT,55.05720051905403,1876.15761,1831.9536814285714,103295.98573911916,103611.0445127974,12
2026-07-16 16:00:00,ETHUSDT,ETHUSDT,55.05720051905403,1876.15761,1831.9536814285714,103295.98573911916,103264.73472153254,13
2026-07-16 20:00:00,ETHUSDT,ETHUSDT,55.05720051905403,1876.15761,1831.9536814285714,103295.98573911916,102665.71237988524,14
2026-07-17 00:00:00,USDT_CASH,USDT_CASH,0.0,0.0,0.0,102532.28802007635,102532.28802007635,0
2026-07-17 04:00:00,USDT_CASH,USDT_CASH,0.0,0.0,0.0,102532.28802007635,102532.28802007635,0
2026-07-17 08:00:00,USDT_CASH,USDT_CASH,0.0,0.0,0.0,102532.28802007635,102532.28802007635,0
2026-07-17 12:00:00,USDT_CASH,USDT_CASH,0.0,0.0,0.0,102532.28802007635,102532.28802007635,0
2026-07-17 16:00:00,USDT_CASH,USDT_CASH,0.0,0.0,0.0,102532.28802007635,102532.28802007635,0
2026-07-17 20:00:00,ETHUSDT,ETHUSDT,55.53817343815416,1844.6818799999999,1799.6808085714285,102450.26218966028,102297.4278009393,1
2026-07-18 00:00:00,ETHUSDT,ETHUSDT,55.53817343815416,1844.6818799999999,1799.6808085714285,102450.26218966028,102521.24663989506,2
2026-07-18 04:00:00,ETHUSDT,ETHUSDT,55.53817343815416,1844.6818799999999,1799.6808085714285,102450.26218966028,102423.49945464391,3
2026-07-18 08:00:00,ETHUSDT,ETHUSDT,55.53817343815416,1844.6818799999999,1799.6808085714285,102450.26218966028,102499.03137051979,4
2026-07-18 12:00:00,ETHUSDT,ETHUSDT,55.53817343815416,1844.6818799999999,1799.6808085714285,102450.26218966028,102420.722545972,5
2026-07-18 16:00:00,ETHUSDT,ETHUSDT,55.53817343815416,1844.6818799999999,1799.6808085714285,102450.26218966028,103214.9184261376,6
2026-07-18 20:00:00,ETHUSDT,ETHUSDT,55.53817343815416,1844.6818799999999,1799.6808085714285,102450.26218966028,103445.95722764032,7
2026-07-19 00:00:00,BTCUSDT,BTCUSDT,1.591401838721178,64866.62710499999,64055.14424785713,103228.86964653799,102973.53382862352,1
2026-07-19 04:00:00,ETHUSDT,ETHUSDT,55.00893620745415,1868.01354,1838.4228257142856,102757.43765652059,102880.46294199112,1
2026-07-19 08:00:00,ETHUSDT,ETHUSDT,55.00893620745415,1868.01354,1838.4228257142856,102757.43765652059,102944.27330799177,2
2026-07-19 12:00:00,ETHUSDT,ETHUSDT,55.00893620745415,1868.01354,1838.4228257142856,102757.43765652059,102916.76883988804,3
2026-07-19 16:00:00,ETHUSDT,ETHUSDT,55.00893620745415,1868.01354,1838.4228257142856,102757.43765652059,102446.99252467637,4
2026-07-19 20:00:00,ETHUSDT,ETHUSDT,55.00893620745415,1868.01354,1838.4228257142856,102757.43765652059,102989.38063568188,5
2026-07-20 00:00:00,ETHUSDT,ETHUSDT,55.00893620745415,1868.01354,1838.4228257142856,102757.43765652059,103413.49953384136,6
2026-07-20 04:00:00,ETHUSDT,ETHUSDT,55.00893620745415,1868.01354,1838.4228257142856,102757.43765652059,102533.90664388415,7
2026-07-20 08:00:00,ETHUSDT,ETHUSDT,55.00893620745415,1868.01354,1838.4228257142856,102757.43765652059,104142.9180279522,8
2026-07-20 12:00:00,ETHUSDT,ETHUSDT,55.00893620745415,1868.01354,1838.4228257142856,102757.43765652059,104645.69970488832,9
2026-07-20 16:00:00,BTCUSDT,BTCUSDT,1.5910959803061788,65631.549375,64662.98223214286,104426.09439182901,103647.1743491051,1
2026-07-20 20:00:00,ETHUSDT,ETHUSDT,54.45359687008363,1899.40923,1863.2624442857143,103429.66450173596,103721.57771022919,1
2026-07-21 00:00:00,ETHUSDT,ETHUSDT,54.45359687008363,1899.40923,1863.2624442857143,103429.66450173596,104918.46776943363,2
2026-07-21 04:00:00,ETHUSDT,ETHUSDT,54.45359687008363,1899.40923,1863.2624442857143,103429.66450173596,105317.61263449134,3
2026-07-21 08:00:00,BTCUSDT,BTCUSDT,1.5870753214812758,66219.95343,65145.31593,105096.05387839235,105295.44857811491,1
2026-07-21 12:00:00,BTCUSDT,BTCUSDT,1.5870753214812758,66219.95343,65145.31593,105096.05387839235,105820.69115575914,2
2026-07-21 16:00:00,BTCUSDT,BTCUSDT,1.5870753214812758,66219.95343,65145.31593,105096.05387839235,105452.83883774621,3
2026-07-21 20:00:00,BTCUSDT,BTCUSDT,1.5870753214812758,66219.95343,65145.31593,105096.05387839235,105629.63902855924,4
2026-07-22 00:00:00,BTCUSDT,BTCUSDT,1.5870753214812758,66219.95343,65145.31593,105096.05387839235,105080.25703527527,5
2026-07-22 04:00:00,BTCUSDT,BTCUSDT,1.5870753214812758,66219.95343,65145.31593,105096.05387839235,104498.56218844595,6
2026-07-22 08:00:00,BTCUSDT,BTCUSDT,1.5870753214812758,66219.95343,65145.31593,105096.05387839235,104768.17454405919,7
2026-07-22 12:00:00,BTCUSDT,BTCUSDT,1.5870753214812758,66219.95343,65145.31593,105096.05387839235,104822.1827172492,8
2026-07-22 16:00:00,ETHUSDT,ETHUSDT,53.80739266735185,1944.0115199999998,1903.8950914285713,104602.19120649551,103586.22584569907,1
2026-07-22 20:00:00,BTCUSDT,BTCUSDT,1.5672439696288016,65956.151595,64987.47945214286,103369.38084718683,103617.53575758373,1
2026-07-23 00:00:00,BTCUSDT,BTCUSDT,1.5672439696288016,65956.151595,64987.47945214286,103369.38084718683,102909.20417307028,2
2026-07-23 04:00:00,ETHUSDT,ETHUSDT,53.4437466361947,1921.5202799999997,1886.2702799999997,102693.2430006299,102379.5132436264,1
2026-07-23 08:00:00,ETHUSDT,ETHUSDT,53.4437466361947,1921.5202799999997,1886.2702799999997,102693.2430006299,102934.79377117645,2
2026-07-23 12:00:00,ETHUSDT,USDT_CASH,0.0,0.0,0.0,100577.61039578223,100577.61039578223,0
2026-07-23 16:00:00,ETHUSDT,ETHUSDT,52.99986009352063,1896.1776149999998,1858.9058292857142,100497.14830746561,99409.18758441198,1
2026-07-23 20:00:00,ETHUSDT,ETHUSDT,52.99986009352063,1896.1776149999998,1858.9058292857142,100497.14830746561,99553.87720246728,2
2026-07-24 00:00:00,BTCUSDT,BTCUSDT,1.5252974736501623,65131.52949,64325.26020428571,99344.95738606805,99840.93914347659,1
2026-07-24 04:00:00,BTCUSDT,BTCUSDT,1.5252974736501623,65131.52949,64325.26020428571,99344.95738606805,99906.90825921195,2
2026-07-24 08:00:00,BTCUSDT,BTCUSDT,1.5252974736501623,65131.52949,64325.26020428571,99344.95738606805,99271.5913554872,3
2026-07-24 12:00:00,BTCUSDT,USDT_CASH,0.0,0.0,0.0,97889.60975884717,97889.60975884717,0
2026-07-24 16:00:00,USDT_CASH,USDT_CASH,0.0,0.0,0.0,97889.60975884717,97889.60975884717,0
2026-07-24 20:00:00,USDT_CASH,USDT_CASH,0.0,0.0,0.0,97889.60975884717,97889.60975884717,0
2026-07-25 00:00:00,USDT_CASH,USDT_CASH,0.0,0.0,0.0,97889.60975884717,97889.60975884717,0
2026-07-25 04:00:00,USDT_CASH,USDT_CASH,0.0,0.0,0.0,97889.60975884717,97889.60975884717,0
2026-07-25 08:00:00,USDT_CASH,USDT_CASH,0.0,0.0,0.0,97889.60975884717,97889.60975884717,0
2026-07-25 12:00:00,USDT_CASH,USDT_CASH,0.0,0.0,0.0,97889.60975884717,97889.60975884717,0
2026-07-25 16:00:00,USDT_CASH,USDT_CASH,0.0,0.0,0.0,97889.60975884717,97889.60975884717,0
2026-07-25 20:00:00,ETHUSDT,ETHUSDT,52.14635227927095,1875.707385,1846.037385,97811.2980710401,97768.67442488232,1
2026-07-26 00:00:00,ETHUSDT,ETHUSDT,52.14635227927095,1875.707385,1846.037385,97811.2980710401,98150.38572356658,2
2026-07-26 04:00:00,ETHUSDT,ETHUSDT,52.14635227927095,1875.707385,1846.037385,97811.2980710401,98116.49059458505,3
2026-07-26 08:00:00,ETHUSDT,ETHUSDT,52.14635227927095,1875.707385,1846.037385,97811.2980710401,98341.2413729087,4
2026-07-26 12:00:00,ETHUSDT,ETHUSDT,52.14635227927095,1875.707385,1846.037385,97811.2980710401,99840.97046446055,5
2026-07-26 16:00:00,ETHUSDT,ETHUSDT,52.14635227927095,1875.707385,1846.037385,97811.2980710401,99818.54753298046,6
2026-07-26 20:00:00,ETHUSDT,ETHUSDT,52.14635227927095,1875.707385,1846.037385,97811.2980710401,101931.51772733651,7
2026-07-27 00:00:00,ETHUSDT,ETHUSDT,52.14635227927095,1875.707385,1846.037385,97811.2980710401,101666.61425775783,8
2026-07-27 04:00:00,ETHUSDT,ETHUSDT,52.14635227927095,1875.707385,1879.45879977,97811.2980710401,102434.20856330868,9
2026-07-27 08:00:00,ETHUSDT,ETHUSDT,52.14635227927095,1875.707385,1879.45879977,97811.2980710401,102189.6421711189,10
2026-07-27 12:00:00,ETHUSDT,ETHUSDT,52.14635227927095,1875.707385,1879.45879977,97811.2980710401,100525.13060636458,11
2026-07-27 16:00:00,ETHUSDT,ETHUSDT,52.14635227927095,1875.707385,1879.45879977,97811.2980710401,101597.25960922638,12
2026-07-27 20:00:00,ETHUSDT,ETHUSDT,52.14635227927095,1875.707385,1879.45879977,97811.2980710401,98688.53607908865,13
2026-07-28 00:00:00,USDT_CASH,USDT_CASH,0.0,0.0,0.0,98560.28045760028,98560.28045760028,0
2026-07-28 04:00:00,USDT_CASH,USDT_CASH,0.0,0.0,0.0,98560.28045760028,98560.28045760028,0
2026-07-28 08:00:00,USDT_CASH,USDT_CASH,0.0,0.0,0.0,98560.28045760028,98560.28045760028,0
2026-07-28 12:00:00,USDT_CASH,USDT_CASH,0.0,0.0,0.0,98560.28045760028,98560.28045760028,0
2026-07-28 16:00:00,USDT_CASH,USDT_CASH,0.0,0.0,0.0,98560.28045760028,98560.28045760028,0
2026-07-28 20:00:00,USDT_CASH,USDT_CASH,0.0,0.0,0.0,98560.28045760028,98560.28045760028,0
2026-07-29 00:00:00,USDT_CASH,USDT_CASH,0.0,0.0,0.0,98560.28045760028,98560.28045760028,0
2026-07-29 04:00:00,USDT_CASH,USDT_CASH,0.0,0.0,0.0,98560.28045760028,98560.28045760028,0
2026-07-29 08:00:00,ETHUSDT,ETHUSDT,51.141323173450346,1925.672355,1873.224855,98481.4322332342,97948.93062118252,1
2026-07-29 12:00:00,ETHUSDT,ETHUSDT,51.141323173450346,1925.672355,1873.224855,98481.4322332342,96765.00898971713,2
2026-07-29 16:00:00,USDT_CASH,USDT_CASH,0.0,0.0,0.0,96639.2531840341,96639.2531840341,0
2026-07-29 20:00:00,USDT_CASH,USDT_CASH,0.0,0.0,0.0,96639.2531840341,96639.2531840341,0
2026-07-30 00:00:00,USDT_CASH,USDT_CASH,0.0,0.0,0.0,96639.2531840341,96639.2531840341,0
2026-07-30 04:00:00,USDT_CASH,USDT_CASH,0.0,0.0,0.0,96639.2531840341,96639.2531840341,0
2026-07-30 08:00:00,USDT_CASH,USDT_CASH,0.0,0.0,0.0,96639.2531840341,96639.2531840341,0
2026-07-30 12:00:00,BNBUSDT,BNBUSDT,163.86024607643014,589.2945,579.8380714285714,96561.94178148686,96839.76682870946,1
2026-07-30 16:00:00,BNBUSDT,BNBUSDT,163.86024607643014,589.2945,579.8380714285714,96561.94178148686,97434.5795219669,2
2026-07-30 20:00:00,BNBUSDT,BNBUSDT,163.86024607643014,589.2945,579.8380714285714,96561.94178148686,97003.6270747859,3
2026-07-31 00:00:00,BNBUSDT,BNBUSDT,163.86024607643014,589.2945,579.8380714285714,96561.94178148686,96589.06065221253,4
2026-07-31 04:00:00,BNBUSDT,BNBUSDT,163.86024607643014,589.2945,579.8380714285714,96561.94178148686,96638.21872603544,5
2026-07-31 08:00:00,USDT_CASH,USDT_CASH,0.0,0.0,0.0,96514.26416991209,96514.26416991209,0
2026-07-31 12:00:00,USDT_CASH,USDT_CASH,0.0,0.0,0.0,96514.26416991209,96514.26416991209,0
2026-07-31 16:00:00,USDT_CASH,USDT_CASH,0.0,0.0,0.0,96514.26416991209,96514.26416991209,0
2026-07-31 20:00:00,USDT_CASH,USDT_CASH,0.0,0.0,0.0,96514.26416991209,96514.26416991209,0
2026-08-01 00:00:00,USDT_CASH,USDT_CASH,0.0,0.0,0.0,96514.26416991209,96514.26416991209,0
2026-08-01 04:00:00,USDT_CASH,USDT_CASH,0.0,0.0,0.0,96514.26416991209,96514.26416991209,0
2026-08-01 08:00:00,USDT_CASH,USDT_CASH,0.0,0.0,0.0,96514.26416991209,96514.26416991209,0
2026-08-01 12:00:00,USDT_CASH,USDT_CASH,0.0,0.0,0.0,96514.26416991209,96514.26416991209,0
2026-08-01 16:00:00,USDT_CASH,USDT_CASH,0.0,0.0,0.0,96514.26416991209,96514.26416991209,0
2026-08-01 20:00:00,USDT_CASH,USDT_CASH,0.0,0.0,0.0,96514.26416991209,96514.26416991209,0
2026-08-02 00:00:00,USDT_CASH,USDT_CASH,0.0,0.0,0.0,96514.26416991209,96514.26416991209,0
2026-08-02 04:00:00,USDT_CASH,USDT_CASH,0.0,0.0,0.0,96514.26416991209,96514.26416991209,0
2026-08-02 08:00:00,USDT_CASH,USDT_CASH,0.0,0.0,0.0,96514.26416991209,96514.26416991209,0
2026-08-02 12:00:00,USDT_CASH,USDT_CASH,0.0,0.0,0.0,96514.26416991209,96514.26416991209,0
2026-08-02 16:00:00,USDT_CASH,USDT_CASH,0.0,0.0,0.0,96514.26416991209,96514.26416991209,0
2026-08-02 20:00:00,USDT_CASH,USDT_CASH,0.0,0.0,0.0,96514.26416991209,96514.26416991209,0
2026-08-03 00:00:00,USDT_CASH,USDT_CASH,0.0,0.0,0.0,96514.26416991209,96514.26416991209,0
2026-08-03 04:00:00,USDT_CASH,USDT_CASH,0.0,0.0,0.0,96514.26416991209,96514.26416991209,0
2026-08-03 08:00:00,USDT_CASH,USDT_CASH,0.0,0.0,0.0,96514.26416991209,96514.26416991209,0
2026-08-03 12:00:00,USDT_CASH,USDT_CASH,0.0,0.0,0.0,96514.26416991209,96514.26416991209,0
2026-08-03 16:00:00,USDT_CASH,USDT_CASH,0.0,0.0,0.0,96514.26416991209,96514.26416991209,0
2026-08-03 20:00:00,USDT_CASH,USDT_CASH,0.0,0.0,0.0,96514.26416991209,96514.26416991209,0
2026-08-04 00:00:00,USDT_CASH,USDT_CASH,0.0,0.0,0.0,96514.26416991209,96514.26416991209,0
2026-08-04 04:00:00,USDT_CASH,USDT_CASH,0.0,0.0,0.0,96514.26416991209,96514.26416991209,0
2026-08-04 08:00:00,USDT_CASH,USDT_CASH,0.0,0.0,0.0,96514.26416991209,96514.26416991209,0
2026-08-04 12:00:00,USDT_CASH,USDT_CASH,0.0,0.0,0.0,96514.26416991209,96514.26416991209,0
2026-08-04 16:00:00,BNBUSDT,BNBUSDT,162.4677358572874,593.5766399999999,586.3755685714284,96437.05275857616,96470.09219734011,1
2026-08-04 20:00:00,BNBUSDT,BNBUSDT,162.4677358572874,593.5766399999999,586.3755685714284,96437.05275857616,96372.61155582573,2
2026-08-05 00:00:00,BNBUSDT,BNBUSDT,162.4677358572874,593.5766399999999,586.3755685714284,96437.05275857616,97287.30490870227,3
2026-08-05 04:00:00,BNBUSDT,BNBUSDT,162.4677358572874,593.5766399999999,586.3755685714284,96437.05275857616,97498.51296531675,4
2026-08-05 08:00:00,BNBUSDT,BNBUSDT,162.4677358572874,593.5766399999999,586.3755685714284,96437.05275857616,96931.50056717481,5
2026-08-05 12:00:00,USDT_CASH,USDT_CASH,0.0,0.0,0.0,96805.5283890377,96805.5283890377,0
2026-08-05 16:00:00,BNBUSDT,BNBUSDT,161.16513985176925,600.17994,591.9942257142857,96728.08396632648,96655.56932330158,1
2026-08-05 20:00:00,BNBUSDT,USDT_CASH,0.0,0.0,0.0,95189.50635527035,95189.50635527035,0
2026-08-06 00:00:00,BNBUSDT,BNBUSDT,160.08120068579547,594.15693,586.2272871428571,95113.35475018613,95171.47543171913,1
2026-08-06 04:00:00,BNBUSDT,BNBUSDT,160.08120068579547,594.15693,586.2272871428571,95113.35475018613,95304.34282828834,2
2026-08-06 08:00:00,BNBUSDT,BNBUSDT,160.08120068579547,594.15693,586.2272871428571,95113.35475018613,95104.2413274311,3
2026-08-06 12:00:00,BNBUSDT,BNBUSDT,160.08120068579547,594.15693,586.2272871428571,95113.35475018613,94848.11140633382,4
2026-08-06 16:00:00,BNBUSDT,BNBUSDT,160.08120068579547,594.15693,586.2272871428571,95113.35475018613,94543.9571250308,5
2026-08-06 20:00:00,BNBUSDT,BNBUSDT,160.08120068579547,594.15693,586.2272871428571,95113.35475018613,94830.50247425838,6
2026-08-07 00:00:00,BNBUSDT,BNBUSDT,160.08120068579547,594.15693,586.2272871428571,95113.35475018613,94916.9463226287,7
2026-08-07 04:00:00,BNBUSDT,USDT_CASH,0.0,0.0,0.0,93628.23948696537,93628.23948696537,0
2026-08-07 08:00:00,BNBUSDT,BNBUSDT,159.7147262043077,585.75273,577.9781807212395,93553.33689537579,94463.2748135378,1
2026-08-07 12:00:00,BNBUSDT,BNBUSDT,159.7147262043077,585.75273,577.9781807212395,93553.33689537579,94600.62947807349,2
2026-08-07 16:00:00,BNBUSDT,BNBUSDT,159.7147262043077,585.75273,577.9781807212395,93553.33689537579,94771.52423511211,3
2026-08-07 20:00:00,BNBUSDT,BNBUSDT,159.7147262043077,585.75273,577.9781807212395,93553.33689537579,94642.15530688663,4
2026-08-08 00:00:00,BNBUSDT,BNBUSDT,159.7147262043077,585.75273,577.9781807212395,93553.33689537579,94779.50997142232,5
2026-08-08 04:00:00,BNBUSDT,BNBUSDT,159.7147262043077,585.75273,577.9781807212395,93553.33689537579,94953.59902298501,6
2026-08-08 08:00:00,BNBUSDT,BNBUSDT,159.7147262043077,585.75273,577.9781807212395,93553.33689537579,95271.4313281316,7
2026-08-08 12:00:00,BNBUSDT,BNBUSDT,159.7147262043077,585.75273,577.9781807212395,93553.33689537579,96649.76941527477,8
2026-08-08 16:00:00,BNBUSDT,BNBUSDT,159.7147262043077,585.75273,577.9781807212395,93553.33689537579,96354.29717179679,9
2026-08-08 20:00:00,BNBUSDT,BNBUSDT,159.7147262043077,585.75273,577.9781807212395,93553.33689537579,95934.24744187947,10
2026-08-09 00:00:00,BNBUSDT,BNBUSDT,159.7147262043077,585.75273,577.9781807212395,93553.33689537579,95899.11020211453,11
2026-08-09 04:00:00,BNBUSDT,BNBUSDT,159.7147262043077,585.75273,577.9781807212395,93553.33689537579,96330.33996286616,12
2026-08-09 08:00:00,BNBUSDT,BNBUSDT,159.7147262043077,585.75273,577.9781807212395,93553.33689537579,96454.9174493055,13
2026-08-09 12:00:00,BNBUSDT,BNBUSDT,159.7147262043077,585.75273,577.9781807212395,93553.33689537579,97191.20233710737,14
2026-08-09 16:00:00,BNBUSDT,BNBUSDT,159.7147262043077,585.75273,577.9781807212395,93553.33689537579,97047.4590835235,15
2026-08-09 20:00:00,BNBUSDT,BNBUSDT,159.7147262043077,585.75273,577.9781807212395,93553.33689537579,96184.99956202024,16
2026-08-10 00:00:00,BNBUSDT,BNBUSDT,159.7147262043077,585.75273,577.9781807212395,93553.33689537579,96242.4968634538,17
2026-08-10 04:00:00,BNBUSDT,BNBUSDT,159.7147262043077,585.75273,577.9781807212395,93553.33689537579,96474.08321645003,18
2026-08-10 08:00:00,BNBUSDT,BNBUSDT,159.7147262043077,585.75273,577.9781807212395,93553.33689537579,96656.15800432293,19
2026-08-10 12:00:00,BNBUSDT,BNBUSDT,159.7147262043077,585.75273,577.9781807212395,93553.33689537579,96006.11906867141,20
2026-08-10 16:00:00,BNBUSDT,BNBUSDT,159.7147262043077,585.75273,577.9781807212395,93553.33689537579,95939.0388836656,21
2026-08-10 20:00:00,USDT_CASH,USDT_CASH,0.0,0.0,0.0,95812.76143712291,95812.76143712291,0
2026-08-11 00:00:00,USDT_CASH,USDT_CASH,0.0,0.0,0.0,95812.76143712291,95812.76143712291,0
2026-08-11 04:00:00,USDT_CASH,USDT_CASH,0.0,0.0,0.0,95812.76143712291,95812.76143712291,0
2026-08-11 08:00:00,USDT_CASH,USDT_CASH,0.0,0.0,0.0,95812.76143712291,95812.76143712291,0
2026-08-11 12:00:00,BNBUSDT,BNBUSDT,157.2682057301065,608.74422,601.6706485714286,95736.11122797322,95696.1305047125,1
2026-08-11 16:00:00,USDT_CASH,USDT_CASH,0.0,0.0,0.0,95571.7638135086,95571.7638135086,0
2026-08-11 20:00:00,USDT_CASH,USDT_CASH,0.0,0.0,0.0,95571.7638135086,95571.7638135086,0
2026-08-12 00:00:00,USDT_CASH,USDT_CASH,0.0,0.0,0.0,95571.7638135086,95571.7638135086,0
2026-08-12 04:00:00,USDT_CASH,USDT_CASH,0.0,0.0,0.0,95571.7638135086,95571.7638135086,0
2026-08-12 08:00:00,USDT_CASH,USDT_CASH,0.0,0.0,0.0,95571.7638135086,95571.7638135086,0
2026-08-12 12:00:00,USDT_CASH,USDT_CASH,0.0,0.0,0.0,95571.7638135086,95571.7638135086,0
2026-08-12 16:00:00,USDT_CASH,USDT_CASH,0.0,0.0,0.0,95571.7638135086,95571.7638135086,0
2026-08-12 20:00:00,USDT_CASH,USDT_CASH,0.0,0.0,0.0,95571.7638135086,95571.7638135086,0
2026-08-13 00:00:00,USDT_CASH,USDT_CASH,0.0,0.0,0.0,95571.7638135086,95571.7638135086,0
2026-08-13 04:00:00,USDT_CASH,USDT_CASH,0.0,0.0,0.0,95571.7638135086,95571.7638135086,0
2026-08-13 08:00:00,USDT_CASH,USDT_CASH,0.0,0.0,0.0,95571.7638135086,95571.7638135086,0
2026-08-13 12:00:00,USDT_CASH,USDT_CASH,0.0,0.0,0.0,95571.7638135086,95571.7638135086,0
2026-08-13 16:00:00,USDT_CASH,USDT_CASH,0.0,0.0,0.0,95571.7638135086,95571.7638135086,0
2026-08-13 20:00:00,USDT_CASH,USDT_CASH,0.0,0.0,0.0,95571.7638135086,95571.7638135086,0
2026-08-14 00:00:00,USDT_CASH,USDT_CASH,0.0,0.0,0.0,95571.7638135086,95571.7638135086,0
2026-08-14 04:00:00,USDT_CASH,USDT_CASH,0.0,0.0,0.0,95571.7638135086,95571.7638135086,0
2026-08-14 08:00:00,USDT_CASH,USDT_CASH,0.0,0.0,0.0,95571.7638135086,95571.7638135086,0
2026-08-14 12:00:00,USDT_CASH,USDT_CASH,0.0,0.0,0.0,95571.7638135086,95571.7638135086,0
2026-08-14 16:00:00,USDT_CASH,USDT_CASH,0.0,0.0,0.0,95571.7638135086,95571.7638135086,0
2026-08-14 20:00:00,USDT_CASH,USDT_CASH,0.0,0.0,0.0,95571.7638135086,95571.7638135086,0
2026-08-15 00:00:00,USDT_CASH,USDT_CASH,0.0,0.0,0.0,95571.7638135086,95571.7638135086,0
2026-08-15 04:00:00,USDT_CASH,USDT_CASH,0.0,0.0,0.0,95571.7638135086,95571.7638135086,0
2026-08-15 08:00:00,USDT_CASH,USDT_CASH,0.0,0.0,0.0,95571.7638135086,95571.7638135086,0
2026-08-15 12:00:00,USDT_CASH,USDT_CASH,0.0,0.0,0.0,95571.7638135086,95571.7638135086,0
2026-08-15 16:00:00,USDT_CASH,USDT_CASH,0.0,0.0,0.0,95571.7638135086,95571.7638135086,0
2026-08-15 20:00:00,USDT_CASH,USDT_CASH,0.0,0.0,0.0,95571.7638135086,95571.7638135086,0
2026-08-16 00:00:00,USDT_CASH,USDT_CASH,0.0,0.0,0.0,95571.7638135086,95571.7638135086,0
2026-08-16 04:00:00,USDT_CASH,USDT_CASH,0.0,0.0,0.0,95571.7638135086,95571.7638135086,0
2026-08-16 08:00:00,USDT_CASH,USDT_CASH,0.0,0.0,0.0,95571.7638135086,95571.7638135086,0
2026-08-16 12:00:00,USDT_CASH,USDT_CASH,0.0,0.0,0.0,95571.7638135086,95571.7638135086,0
2026-08-16 16:00:00,USDT_CASH,USDT_CASH,0.0,0.0,0.0,95571.7638135086,95571.7638135086,0
2026-08-16 20:00:00,USDT_CASH,USDT_CASH,0.0,0.0,0.0,95571.7638135086,95571.7638135086,0
2026-08-17 00:00:00,USDT_CASH,USDT_CASH,0.0,0.0,0.0,95571.7638135086,95571.7638135086,0
2026-08-17 04:00:00,USDT_CASH,USDT_CASH,0.0,0.0,0.0,95571.7638135086,95571.7638135086,0
2026-08-17 08:00:00,USDT_CASH,USDT_CASH,0.0,0.0,0.0,95571.7638135086,95571.7638135086,0
2026-08-17 12:00:00,USDT_CASH,USDT_CASH,0.0,0.0,0.0,95571.7638135086,95571.7638135086,0
2026-08-17 16:00:00,SOLUSDT,SOLUSDT,1254.0741375791908,76.148055,75.255555,95495.30640245779,95071.36036987846,1
2026-08-17 20:00:00,SOLUSDT,SOLUSDT,1254.0741375791908,76.148055,75.255555,95495.30640245779,95334.71593877008,2
2026-08-18 00:00:00,ETHUSDT,USDT_CASH,0.0,0.0,0.0,94003.0267361197,94003.0267361197,0
2026-08-18 04:00:00,USDT_CASH,USDT_CASH,0.0,0.0,0.0,94003.0267361197,94003.0267361197,0
2026-08-18 08:00:00,SOLUSDT,SOLUSDT,1233.6515620603734,76.13804999999999,75.10519285714285,93927.82431473081,94139.9507008271,1
2026-08-18 12:00:00,SOLUSDT,SOLUSDT,1233.6515620603734,76.13804999999999,75.10519285714285,93927.82431473081,95225.56407544023,2
2026-08-18 16:00:00,SOLUSDT,SOLUSDT,1233.6515620603734,76.13804999999999,75.10519285714285,93927.82431473081,95213.22755981963,3
2026-08-18 20:00:00,SOLUSDT,SOLUSDT,1233.6515620603734,76.13804999999999,75.10519285714285,93927.82431473081,95052.85285675178,4
2026-08-19 00:00:00,SOLUSDT,SOLUSDT,1233.6515620603734,76.13804999999999,75.10519285714285,93927.82431473081,94991.17027864876,5
2026-08-19 04:00:00,SOLUSDT,SOLUSDT,1233.6515620603734,76.13804999999999,75.10519285714285,93927.82431473081,94941.82421616634,6
2026-08-19 08:00:00,SOLUSDT,SOLUSDT,1233.6515620603734,76.13804999999999,75.10519285714285,93927.82431473081,95669.67863778197,7
2026-08-19 12:00:00,SOLUSDT,SOLUSDT,1233.6515620603734,76.13804999999999,76.29032609999999,93927.82431473081,100949.70732340036,8
2026-08-19 16:00:00,ETHUSDT,ETHUSDT,48.27215761401353,2086.872915,2043.6343435714284,100737.85827329586,101469.04074780873,1
2026-08-19 20:00:00,ETHUSDT,ETHUSDT,48.27215761401353,2086.872915,2216.9675,100737.85827329586,108747.5166728497,2
2026-08-20 00:00:00,ETHUSDT,ETHUSDT,48.27215761401353,2086.872915,2216.9675,100737.85827329586,108670.7639422434,3
2026-08-20 04:00:00,ETHUSDT,ETHUSDT,48.27215761401353,2086.872915,2216.9675,100737.85827329586,108699.72723681181,4
2026-08-20 08:00:00,ETHUSDT,ETHUSDT,48.27215761401353,2086.872915,2216.9675,100737.85827329586,110860.87173319119,5
2026-08-20 12:00:00,ETHUSDT,ETHUSDT,48.27215761401353,2086.872915,2220.9955,100737.85827329586,112300.83019481722,6
2026-08-20 16:00:00,ETHUSDT,ETHUSDT,48.27215761401353,2086.872915,2242.0,100737.85827329586,112173.39169871622,7
2026-08-20 20:00:00,BTCUSDT,BTCUSDT,1.5391575148442036,72727.10538,70871.86680857142,111938.4707784933,112397.20839512518,1
2026-08-21 00:00:00,BTCUSDT,BTCUSDT,1.5391575148442036,72727.10538,70871.86680857142,111938.4707784933,114683.81158232804,2
2026-08-21 04:00:00,BTCUSDT,BTCUSDT,1.5391575148442036,72727.10538,72872.55959075999,111938.4707784933,117451.03209511613,3
2026-08-21 08:00:00,BTCUSDT,BTCUSDT,1.5391575148442036,72727.10538,72872.55959075999,111938.4707784933,118087.73538428175,4
2026-08-21 12:00:00,BTCUSDT,BTCUSDT,1.5391575148442036,72727.10538,72872.55959075999,111938.4707784933,118856.79082814879,5
2026-08-21 16:00:00,BTCUSDT,BTCUSDT,1.5391575148442036,72727.10538,72872.55959075999,111938.4707784933,118559.67186148326,6
2026-08-21 20:00:00,BTCUSDT,BTCUSDT,1.5391575148442036,72727.10538,72872.55959075999,111938.4707784933,120574.56757259066,7
2026-08-22 00:00:00,ETHUSDT,ETHUSDT,47.792761570533,2517.568155,2407.979226428571,120321.53456948168,120201.66291558473,1
2026-08-22 04:00:00,BNBUSDT,USDT_CASH,0.0,0.0,0.0,115882.89142306313,115882.89142306313,0
2026-08-22 08:00:00,BNBUSDT,BNBUSDT,163.91054562642438,706.423035,681.2487492857143,115790.18510992469,113781.783457495,1
2026-08-22 12:00:00,BNBUSDT,BNBUSDT,163.91054562642438,706.423035,681.2487492857143,115790.18510992469,112844.21513651186,2
2026-08-22 16:00:00,BNBUSDT,BNBUSDT,163.91054562642438,706.423035,681.2487492857143,115790.18510992469,114507.90717462006,3
2026-08-22 20:00:00,BNBUSDT,BNBUSDT,163.91054562642438,706.423035,681.2487492857143,115790.18510992469,113963.72416314033,4
2026-08-23 00:00:00,BNBUSDT,BNBUSDT,163.91054562642438,706.423035,681.2487492857143,115790.18510992469,112985.17820575058,5
2026-08-23 04:00:00,SOLUSDT,SOLUSDT,1202.575616041243,93.75685499999999,88.38792642857142,112749.70765971448,111226.21872765456,1
2026-08-23 08:00:00,SOLUSDT,SOLUSDT,1202.575616041243,93.75685499999999,88.38792642857142,112749.70765971448,113799.73054598282,2
2026-08-23 12:00:00,SOLUSDT,SOLUSDT,1202.575616041243,93.75685499999999,88.38792642857142,112749.70765971448,114677.61074569293,3
2026-08-23 16:00:00,SOLUSDT,SOLUSDT,1202.575616041243,93.75685499999999,88.38792642857142,112749.70765971448,114328.86381704097,4
2026-08-23 20:00:00,SOLUSDT,SOLUSDT,1202.575616041243,93.75685499999999,88.38792642857142,112749.70765971448,114761.79103881582,5
2026-08-24 00:00:00,BNBUSDT,BNBUSDT,162.9849212775268,702.721185,677.8147564285714,114532.95701727534,113413.05747096703,1
2026-08-24 04:00:00,BNBUSDT,BNBUSDT,162.9849212775268,702.721185,677.8147564285714,114532.95701727534,113888.9734410974,2
2026-08-24 08:00:00,BNBUSDT,BNBUSDT,162.9849212775268,702.721185,677.8147564285714,114532.95701727534,114700.63834905949,3
2026-08-24 12:00:00,SOLUSDT,SOLUSDT,1193.6845865541925,95.88792,91.06756285714286,114459.93214074148,115130.87837315188,1
2026-08-24 16:00:00,SOLUSDT,SOLUSDT,1193.6845865541925,95.88792,91.06756285714286,114459.93214074148,115238.30998594176,2
2026-08-24 20:00:00,SOLUSDT,SOLUSDT,1193.6845865541925,95.88792,91.06756285714286,114459.93214074148,118138.96353126844,3
2026-08-25 00:00:00,SOLUSDT,SOLUSDT,1193.6845865541925,95.88792,96.07969584,114459.93214074148,121290.29083977151,4
2026-08-25 04:00:00,SOLUSDT,SOLUSDT,1193.6845865541925,95.88792,96.07969584,114459.93214074148,119643.00611032672,5
2026-08-25 08:00:00,SOLUSDT,SOLUSDT,1193.6845865541925,95.88792,96.07969584,114459.93214074148,117697.30023424338,6
2026-08-25 12:00:00,SOLUSDT,SOLUSDT,1193.6845865541925,95.88792,96.07969584,114459.93214074148,117434.68962520146,7
2026-08-25 16:00:00,SOLUSDT,SOLUSDT,1193.6845865541925,95.88792,96.07969584,114459.93214074148,116909.46840711762,8
2026-08-25 20:00:00,SOLUSDT,USDT_CASH,0.0,0.0,0.0,114425.20527203384,114425.20527203384,0
2026-08-26 00:00:00,SOLUSDT,SOLUSDT,1182.986820335342,96.64829999999999,92.78258571428572,114333.66510781621,114820.70078174828,1
2026-08-26 04:00:00,SOLUSDT,SOLUSDT,1182.986820335342,96.64829999999999,92.78258571428572,114333.66510781621,114690.5722315114,2
2026-08-26 08:00:00,SOLUSDT,SOLUSDT,1182.986820335342,96.64829999999999,92.78258571428572,114333.66510781621,114785.21117713822,3
2026-08-26 12:00:00,SOLUSDT,SOLUSDT,1182.986820335342,96.64829999999999,92.78258571428572,114333.66510781621,113495.75554297269,4
2026-08-26 16:00:00,SOLUSDT,SOLUSDT,1182.986820335342,96.64829999999999,92.78258571428572,114333.66510781621,114513.12420846109,5
2026-08-26 20:00:00,SOLUSDT,SOLUSDT,1182.986820335342,96.64829999999999,96.84159659999999,114333.66510781621,120747.46475162833,6
2026-08-27 00:00:00,SOLUSDT,SOLUSDT,1182.986820335342,96.64829999999999,96.84159659999999,114333.66510781621,119576.30779949635,7
2026-08-27 04:00:00,SOLUSDT,SOLUSDT,1182.986820335342,96.64829999999999,96.84159659999999,114333.66510781621,120428.0583101378,8
2026-08-27 08:00:00,SOLUSDT,SOLUSDT,1182.986820335342,96.64829999999999,96.84159659999999,114333.66510781621,122971.47997385879,9
2026-08-27 12:00:00,SOLUSDT,SOLUSDT,1182.986820335342,96.64829999999999,102.6,114333.66510781621,126816.18713994866,10
2026-08-27 16:00:00,SOLUSDT,SOLUSDT,1182.986820335342,96.64829999999999,104.42399999999999,114333.66510781621,129406.92827648304,11
2026-08-27 20:00:00,SOLUSDT,SOLUSDT,1182.986820335342,96.64829999999999,105.07,114333.66510781621,129111.18157139921,12
2026-08-28 00:00:00,SOLUSDT,SOLUSDT,1182.986820335342,96.64829999999999,105.07,114333.66510781621,126402.14175283127,13
2026-08-28 04:00:00,SOLUSDT,SOLUSDT,1182.986820335342,96.64829999999999,105.07,114333.66510781621,125810.6483426636,14
2026-08-28 08:00:00,SOLUSDT,USDT_CASH,0.0,0.0,0.0,124010.69259035557,124010.69259035557,0
2026-08-28 12:00:00,SOLUSDT,SOLUSDT,1170.1583452064904,105.89292,101.71970571428572,123911.48403628328,123147.46424953104,1
2026-08-28 16:00:00,SOLUSDT,SOLUSDT,1170.1583452064904,105.89292,101.71970571428572,123911.48403628328,121006.07447780317,2
2026-08-28 20:00:00,SOLUSDT,SOLUSDT,1170.1583452064904,105.89292,101.71970571428572,123911.48403628328,121871.99165325599,3
2026-08-29 00:00:00,SOLUSDT,SOLUSDT,1170.1583452064904,105.89292,101.71970571428572,123911.48403628328,121544.34731659817,4
2026-08-29 04:00:00,SOLUSDT,SOLUSDT,1170.1583452064904,105.89292,101.71970571428572,123911.48403628328,121392.22673172131,5
2026-08-29 08:00:00,SOLUSDT,SOLUSDT,1170.1583452064904,105.89292,101.71970571428572,123911.48403628328,121111.38872887175,6
2026-08-29 12:00:00,SOLUSDT,SOLUSDT,1170.1583452064904,105.89292,101.71970571428572,123911.48403628328,122901.7309970377,7
2026-08-29 16:00:00,SOLUSDT,SOLUSDT,1170.1583452064904,105.89292,101.71970571428572,123911.48403628328,123276.18166750376,8
2026-08-29 20:00:00,SOLUSDT,SOLUSDT,1170.1583452064904,105.89292,101.71970571428572,123911.48403628328,123580.42283725746,9
2026-08-30 00:00:00,SOLUSDT,SOLUSDT,1170.1583452064904,105.89292,101.71970571428572,123911.48403628328,122948.53733084594,10
2026-08-30 04:00:00,SOLUSDT,SOLUSDT,1170.1583452064904,105.89292,101.71970571428572,123911.48403628328,122691.10249490051,11
2026-08-30 08:00:00,SOLUSDT,SOLUSDT,1170.1583452064904,105.89292,101.71970571428572,123911.48403628328,123007.04524810628,12
2026-08-30 12:00:00,SOLUSDT,SOLUSDT,1170.1583452064904,105.89292,101.71970571428572,123911.48403628328,124376.13051199788,13
2026-08-30 16:00:00,SOLUSDT,SOLUSDT,1170.1583452064904,105.89292,101.71970571428572,123911.48403628328,123826.1560897508,14
2026-08-30 20:00:00,SOLUSDT,USDT_CASH,0.0,0.0,0.0,118754.5405735337,118754.5405735337,0
2026-08-31 00:00:00,SOLUSDT,SOLUSDT,1165.6042930974304,101.80087499999999,99.16944642857142,118659.53694107487,118821.70163835205,1
2026-08-31 04:00:00,SOLUSDT,SOLUSDT,1165.6042930974304,101.80087499999999,99.16944642857142,118659.53694107487,120033.93010317339,2
2026-08-31 08:00:00,SOLUSDT,SOLUSDT,1165.6042930974304,101.80087499999999,99.16944642857142,118659.53694107487,120523.48390627431,3
2026-08-31 12:00:00,SOLUSDT,SOLUSDT,1165.6042930974304,101.80087499999999,99.16944642857142,118659.53694107487,119917.36967386364,4
2026-08-31 16:00:00,SOLUSDT,SOLUSDT,1165.6042930974304,101.80087499999999,99.16944642857142,118659.53694107487,120768.26080782477,5
2026-08-31 20:00:00,SOLUSDT,SOLUSDT,1165.6042930974304,101.80087499999999,99.16944642857142,118659.53694107487,120127.17844662118,6
2026-09-01 00:00:00,SOLUSDT,SOLUSDT,1165.6042930974304,101.80087499999999,99.16944642857142,118659.53694107487,120826.54102247964,7
2026-09-01 04:00:00,SOLUSDT,SOLUSDT,1165.6042930974304,101.80087499999999,99.16944642857142,118659.53694107487,120232.08283299995,8
2026-09-01 08:00:00,SOLUSDT,SOLUSDT,1165.6042930974304,101.80087499999999,99.16944642857142,118659.53694107487,119229.66314093617,9
2026-09-01 12:00:00,SOLUSDT,SOLUSDT,1165.6042930974304,101.80087499999999,99.16944642857142,118659.53694107487,118949.91811059277,10
2026-09-01 16:00:00,SOLUSDT,USDT_CASH,0.0,0.0,0.0,115326.60884728465,115326.60884728465,0
2026-09-01 20:00:00,SOLUSDT,SOLUSDT,1150.7319330664054,100.140045,96.81968785714285,115234.34756020682,115073.19330664053,1
2026-09-02 00:00:00,SOLUSDT,SOLUSDT,1150.7319330664054,100.140045,96.81968785714285,115234.34756020682,115406.9055672298,2
2026-09-02 04:00:00,SOLUSDT,SOLUSDT,1150.7319330664054,100.140045,96.81968785714285,115234.34756020682,114900.58351668056,3
2026-09-02 08:00:00,SOLUSDT,SOLUSDT,1150.7319330664054,100.140045,96.81968785714285,115234.34756020682,112909.8172724757,4
2026-09-02 12:00:00,SOLUSDT,SOLUSDT,1150.7319330664054,100.140045,96.81968785714285,115234.34756020682,114302.20291148605,5
2026-09-02 16:00:00,SOLUSDT,SOLUSDT,1150.7319330664054,100.140045,96.81968785714285,115234.34756020682,114417.27610479269,6
2026-09-02 20:00:00,SOLUSDT,SOLUSDT,1150.7319330664054,100.140045,96.81968785714285,115234.34756020682,115568.0080378591,7
2026-09-03 00:00:00,SOLUSDT,SOLUSDT,1150.7319330664054,100.140045,96.81968785714285,115234.34756020682,115660.0665925044,8
2026-09-03 04:00:00,SOLUSDT,SOLUSDT,1150.7319330664054,100.140045,96.81968785714285,115234.34756020682,115544.99339919776,9
2026-09-03 08:00:00,SOLUSDT,SOLUSDT,1150.7319330664054,100.140045,96.81968785714285,115234.34756020682,116005.28617242433,10
2026-09-03 12:00:00,BNBUSDT,BNBUSDT,162.61967116244492,711.7857149999999,700.3257149999998,115750.3589114257,118315.5679509484,1
2026-09-03 16:00:00,BNBUSDT,BNBUSDT,162.61967116244492,711.7857149999999,700.3257149999998,115750.3589114257,117832.58752759596,2
2026-09-03 20:00:00,BNBUSDT,BNBUSDT,162.61967116244492,711.7857149999999,700.3257149999998,115750.3589114257,117935.0379204283,3
2026-09-04 00:00:00,BNBUSDT,BNBUSDT,162.61967116244492,711.7857149999999,700.3257149999998,115750.3589114257,117661.83687287538,4
2026-09-04 04:00:00,BNBUSDT,BNBUSDT,162.61967116244492,711.7857149999999,700.3257149999998,115750.3589114257,116191.75504556688,5
2026-09-04 08:00:00,SOLUSDT,SOLUSDT,1118.536788192689,103.66180499999999,100.77966214285713,115949.54242295682,116428.494282977,1
2026-09-04 12:00:00,BNBUSDT,USDT_CASH,0.0,0.0,0.0,113590.3215094601,113590.3215094601,0
2026-09-04 16:00:00,BNBUSDT,BNBUSDT,158.29806860949486,716.9983199999999,700.8733199999999,113499.44925225254,113990.43920569726,1
2026-09-04 20:00:00,BNBUSDT,BNBUSDT,158.29806860949486,716.9983199999999,700.8733199999999,113499.44925225254,114191.47775283131,2
2026-09-05 00:00:00,BNBUSDT,BNBUSDT,158.29806860949486,716.9983199999999,700.8733199999999,113499.44925225254,114530.23561965562,3
2026-09-05 04:00:00,BNBUSDT,BNBUSDT,158.29806860949486,716.9983199999999,700.8733199999999,113499.44925225254,116863.54915095959,4
2026-09-05 08:00:00,BNBUSDT,BNBUSDT,158.29806860949486,716.9983199999999,718.43231664,113499.44925225254,118383.21060961073,5
2026-09-05 12:00:00,BNBUSDT,BNBUSDT,158.29806860949486,716.9983199999999,718.43231664,113499.44925225254,121887.92984862495,6
2026-09-05 16:00:00,BNBUSDT,BNBUSDT,158.29806860949486,716.9983199999999,718.43231664,113499.44925225254,122430.89222395551,7
2026-09-05 20:00:00,BNBUSDT,BNBUSDT,158.29806860949486,716.9983199999999,718.43231664,113499.44925225254,121340.2185312361,8
2026-09-06 00:00:00,BNBUSDT,BNBUSDT,158.29806860949486,716.9983199999999,718.43231664,113499.44925225254,121077.44373734434,9
2026-09-06 04:00:00,BNBUSDT,BNBUSDT,158.29806860949486,716.9983199999999,718.43231664,113499.44925225254,119771.48467131601,10
2026-09-06 08:00:00,BNBUSDT,BNBUSDT,158.29806860949486,716.9983199999999,718.43231664,113499.44925225254,120027.92754246338,11
2026-09-06 12:00:00,BNBUSDT,BNBUSDT,158.29806860949486,716.9983199999999,718.43231664,113499.44925225254,118085.61024062488,12
2026-09-06 16:00:00,BNBUSDT,BNBUSDT,158.29806860949486,716.9983199999999,718.43231664,113499.44925225254,118593.74704086136,13
2026-09-06 20:00:00,BNBUSDT,BNBUSDT,158.29806860949486,716.9983199999999,718.43231664,113499.44925225254,119198.44566294963,14
2026-09-07 00:00:00,BNBUSDT,BNBUSDT,158.29806860949486,716.9983199999999,718.43231664,113499.44925225254,118139.4315839521,15
2026-09-07 04:00:00,BNBUSDT,BNBUSDT,158.29806860949486,716.9983199999999,718.43231664,113499.44925225254,117753.18429654495,16
2026-09-07 08:00:00,BNBUSDT,BNBUSDT,158.29806860949486,716.9983199999999,718.43231664,113499.44925225254,117924.1462106432,17
2026-09-07 12:00:00,BNBUSDT,BNBUSDT,158.29806860949486,716.9983199999999,718.43231664,113499.44925225254,116285.76120053494,18
2026-09-07 16:00:00,BNBUSDT,BNBUSDT,158.29806860949486,716.9983199999999,718.43231664,113499.44925225254,117441.33710138424,19
2026-09-07 20:00:00,BNBUSDT,BNBUSDT,158.29806860949486,716.9983199999999,718.43231664,113499.44925225254,117137.404809654,20
2026-09-08 00:00:00,BNBUSDT,BNBUSDT,158.29806860949486,716.9983199999999,718.43231664,113499.44925225254,117601.21815067982,21
2026-09-08 04:00:00,BNBUSDT,BNBUSDT,158.29806860949486,716.9983199999999,718.43231664,113499.44925225254,119461.22045684139,22
2026-09-08 08:00:00,BNBUSDT,BNBUSDT,158.29806860949486,716.9983199999999,718.43231664,113499.44925225254,119084.47105355079,23
2026-09-08 12:00:00,BNBUSDT,BNBUSDT,158.29806860949486,716.9983199999999,718.43231664,113499.44925225254,119728.74419279145,24
2026-09-08 16:00:00,BNBUSDT,BNBUSDT,158.29806860949486,716.9983199999999,718.43231664,113499.44925225254,118546.25762027851,25
2026-09-08 20:00:00,BNBUSDT,BNBUSDT,158.29806860949486,716.9983199999999,718.43231664,113499.44925225254,119043.31355571232,26
2026-09-09 00:00:00,BNBUSDT,BNBUSDT,158.29806860949486,716.9983199999999,718.43231664,113499.44925225254,118652.31732624686,27
2026-09-09 04:00:00,BNBUSDT,BNBUSDT,158.29806860949486,716.9983199999999,718.43231664,113499.44925225254,119431.14382380559,28
2026-09-09 08:00:00,BNBUSDT,BNBUSDT,158.29806860949486,716.9983199999999,718.43231664,113499.44925225254,118761.54299358743,29
2026-09-09 12:00:00,BNBUSDT,BNBUSDT,158.29806860949486,716.9983199999999,718.43231664,113499.44925225254,116999.68548996375,30
2026-09-09 16:00:00,BNBUSDT,BNBUSDT,158.29806860949486,716.9983199999999,718.43231664,113499.44925225254,116703.66810166399,31
2026-09-09 20:00:00,BNBUSDT,USDT_CASH,0.0,0.0,0.0,113465.01379174809,113465.01379174809,0
2026-09-10 00:00:00,BNBUSDT,BNBUSDT,156.8105598765915,723.00132,706.8516771428572,113374.24178071468,113475.96165469543,1
2026-09-10 04:00:00,BNBUSDT,BNBUSDT,156.8105598765915,723.00132,706.8516771428572,113374.24178071468,112760.90550165818,2
2026-09-10 08:00:00,BNBUSDT,BNBUSDT,156.8105598765915,723.00132,706.8516771428572,113374.24178071468,112348.49372918275,3
2026-09-10 12:00:00,BNBUSDT,USDT_CASH,0.0,0.0,0.0,110587.00409599012,110587.00409599012,0
2026-09-10 16:00:00,BNBUSDT,BNBUSDT,156.0043969719545,708.303975,692.1993321428572,110498.53449271333,111446.42110882484,1
2026-09-10 20:00:00,BNBUSDT,BNBUSDT,156.0043969719545,708.303975,692.1993321428572,110498.53449271333,110563.43622196358,2
2026-09-11 00:00:00,BNBUSDT,BNBUSDT,156.0043969719545,708.303975,692.1993321428572,110498.53449271333,111090.73108372878,3
2026-09-11 04:00:00,BNBUSDT,BNBUSDT,156.0043969719545,708.303975,692.1993321428572,110498.53449271333,111363.7387784297,4
2026-09-11 08:00:00,ETHUSDT,ETHUSDT,45.014446837987535,2468.763765,2420.145550714286,111130.03525514246,110657.66422841961,1
2026-09-11 12:00:00,BNBUSDT,BNBUSDT,154.72755189327052,713.67666,699.2080885714286,110425.44244516597,112731.39975839904,1
2026-09-11 16:00:00,ETHUSDT,ETHUSDT,43.93111232291631,2560.7097149999995,2488.3872149999997,112494.826116048,111562.62043292275,1
2026-09-11 20:00:00,ETHUSDT,ETHUSDT,43.93111232291631,2560.7097149999995,2488.3872149999997,112494.826116048,110549.56898275629,2
2026-09-12 00:00:00,ETHUSDT,ETHUSDT,43.93111232291631,2560.7097149999995,2488.3872149999997,112494.826116048,110411.62529006234,3
2026-09-12 04:00:00,ETHUSDT,ETHUSDT,43.93111232291631,2560.7097149999995,2488.3872149999997,112494.826116048,110890.47441438213,4
2026-09-12 08:00:00,ETHUSDT,ETHUSDT,43.93111232291631,2560.7097149999995,2488.3872149999997,112494.826116048,111416.76914001067,5
2026-09-12 12:00:00,ETHUSDT,ETHUSDT,43.93111232291631,2560.7097149999995,2488.3872149999997,112494.826116048,111368.88422757869,6
2026-09-12 16:00:00,ETHUSDT,ETHUSDT,43.93111232291631,2560.7097149999995,2488.3872149999997,112494.826116048,110690.14854218964,7
2026-09-12 20:00:00,ETHUSDT,ETHUSDT,43.93111232291631,2560.7097149999995,2488.3872149999997,112494.826116048,110966.914549824,8
2026-09-13 00:00:00,ETHUSDT,ETHUSDT,43.93111232291631,2560.7097149999995,2488.3872149999997,112494.826116048,110742.42656585391,9
2026-09-13 04:00:00,ETHUSDT,ETHUSDT,43.93111232291631,2560.7097149999995,2488.3872149999997,112494.826116048,110615.90496236391,10
2026-09-13 08:00:00,ETHUSDT,USDT_CASH,0.0,0.0,0.0,109066.31890425213,109066.31890425213,0
2026-09-13 12:00:00,ETHUSDT,ETHUSDT,43.91890890693433,2481.370065,2422.703993571429,108979.06584912872,109338.31966925837,1
2026-09-13 16:00:00,ETHUSDT,ETHUSDT,43.91890890693433,2481.370065,2422.703993571429,108979.06584912872,110020.81951367212,2
2026-09-13 20:00:00,ETHUSDT,ETHUSDT,43.91890890693433,2481.370065,2422.703993571429,108979.06584912872,108720.3806209378,3
2026-09-14 00:00:00,ETHUSDT,ETHUSDT,43.91890890693433,2481.370065,2422.703993571429,108979.06584912872,110323.4207960409,4
2026-09-14 04:00:00,ETHUSDT,ETHUSDT,43.91890890693433,2481.370065,2422.703993571429,108979.06584912872,110762.17069602116,5
2026-09-14 08:00:00,ETHUSDT,ETHUSDT,43.91890890693433,2481.370065,2422.703993571429,108979.06584912872,110166.19110215407,6
2026-09-14 12:00:00,ETHUSDT,ETHUSDT,43.91890890693433,2481.370065,2422.703993571429,108979.06584912872,110117.00192417832,7
2026-09-14 16:00:00,ETHUSDT,ETHUSDT,43.91890890693433,2481.370065,2422.703993571429,108979.06584912872,111487.27188207465,8
2026-09-14 20:00:00,ETHUSDT,ETHUSDT,43.91890890693433,2481.370065,2486.33280513,108979.06584912872,110409.06266840942,9
2026-09-15 00:00:00,ETHUSDT,ETHUSDT,43.91890890693433,2481.370065,2486.33280513,108979.06584912872,109693.62364231545,10
2026-09-15 04:00:00,ETHUSDT,USDT_CASH,0.0,0.0,0.0,108946.00186209985,108946.00186209985,0
2026-09-15 08:00:00,BNBUSDT,BNBUSDT,152.08258367581814,715.7877149999999,704.5377149999999,108858.84506061017,109389.96078634248,1
2026-09-15 12:00:00,BNBUSDT,BNBUSDT,152.08258367581814,715.7877149999999,704.5377149999999,108858.84506061017,109358.02344377057,2
2026-09-15 16:00:00,BNBUSDT,BNBUSDT,152.08258367581814,715.7877149999999,704.5377149999999,108858.84506061017,109490.33529156852,3
2026-09-15 20:00:00,BNBUSDT,BNBUSDT,152.08258367581814,715.7877149999999,704.5377149999999,108858.84506061017,108364.92417236746,4
2026-09-16 00:00:00,BNBUSDT,BNBUSDT,152.08258367581814,715.7877149999999,704.5377149999999,108858.84506061017,108669.0893397191,5
2026-09-16 04:00:00,BNBUSDT,BNBUSDT,152.08258367581814,715.7877149999999,704.5377149999999,108858.84506061017,107980.15523566765,6
2026-09-16 08:00:00,BNBUSDT,USDT_CASH,0.0,0.0,0.0,106901.60436496964,106901.60436496964,0
2026-09-16 12:00:00,BNBUSDT,BNBUSDT,149.34352860705621,715.23744,701.09994,106816.08308147766,106337.07267408224,1
2026-09-16 16:00:00,BNBUSDT,BNBUSDT,149.34352860705621,715.23744,701.09994,106816.08308147766,107461.62944449336,2
2026-09-16 20:00:00,BNBUSDT,BNBUSDT,149.34352860705621,715.23744,701.09994,106816.08308147766,108511.51445060098,3
2026-09-17 00:00:00,BNBUSDT,BNBUSDT,149.34352860705621,715.23744,701.09994,106816.08308147766,108423.40176872282,4
2026-09-17 04:00:00,BNBUSDT,BNBUSDT,149.34352860705621,715.23744,701.09994,106816.08308147766,108245.6829696804,5
2026-09-17 08:00:00,BNBUSDT,BNBUSDT,149.34352860705621,715.23744,701.09994,106816.08308147766,108257.63045196899,6
2026-09-17 12:00:00,BNBUSDT,BNBUSDT,149.34352860705621,715.23744,701.09994,106816.08308147766,108763.9050139469,7
2026-09-17 16:00:00,BNBUSDT,BNBUSDT,149.34352860705621,715.23744,701.09994,106816.08308147766,109482.24738654685,8
2026-09-17 20:00:00,BNBUSDT,BNBUSDT,149.34352860705621,715.23744,701.09994,106816.08308147766,110348.43985246777,9
2026-09-18 00:00:00,BNBUSDT,BNBUSDT,149.34352860705621,715.23744,716.66791488,106816.08308147766,112280.94511264308,10
2026-09-18 04:00:00,BNBUSDT,BNBUSDT,149.34352860705621,715.23744,716.66791488,106816.08308147766,112558.72407585221,11
2026-09-18 08:00:00,SOLUSDT,SOLUSDT,1061.534315151982,105.81287999999999,103.14287999999999,112324.00310505884,112214.79245471601,1
2026-09-18 12:00:00,SOLUSDT,SOLUSDT,1061.534315151982,105.81287999999999,106.02450576,112324.00310505884,117978.92378599128,2
2026-09-18 16:00:00,SOLUSDT,SOLUSDT,1061.534315151982,105.81287999999999,106.02450576,112324.00310505884,121216.60344720482,3
2026-09-18 20:00:00,SOLUSDT,SOLUSDT,1061.534315151982,105.81287999999999,106.02450576,112324.00310505884,119666.76334708293,4
2026-09-19 00:00:00,SOLUSDT,SOLUSDT,1061.534315151982,105.81287999999999,106.02450576,112324.00310505884,120208.14584781043,5
2026-09-19 04:00:00,SOLUSDT,SOLUSDT,1061.534315151982,105.81287999999999,106.02450576,112324.00310505884,118477.8449141127,6
2026-09-19 08:00:00,ETHUSDT,ETHUSDT,44.99996752727513,2627.5531199999996,2566.487048571428,118239.80507619045,118731.96432104016,1
2026-09-19 12:00:00,ETHUSDT,ETHUSDT,44.99996752727513,2627.5531199999996,2566.487048571428,118239.80507619045,118799.46427233107,2
2026-09-19 16:00:00,ETHUSDT,ETHUSDT,44.99996752727513,2627.5531199999996,2566.487048571428,118239.80507619045,118527.66446846633,3
2026-09-19 20:00:00,ETHUSDT,ETHUSDT,44.99996752727513,2627.5531199999996,2566.487048571428,118239.80507619045,118421.46454510198,4
2026-09-20 00:00:00,ETHUSDT,USDT_CASH,0.0,0.0,0.0,115226.34121724385,115226.34121724385,0
2026-09-20 04:00:00,ETHUSDT,ETHUSDT,44.48987536954333,2587.87329,2523.8297185714287,115134.16014427006,114584.56381176623,1
2026-09-20 08:00:00,SOLUSDT,SOLUSDT,1053.9188280524656,108.49422,104.96279142857142,114344.10119286638,114276.41852572886,1
2026-09-20 12:00:00,ETHUSDT,ETHUSDT,44.21413272893367,2579.1889499999997,2518.4732357142857,114036.60256829906,115473.16616550148,1
2026-09-20 16:00:00,ETHUSDT,ETHUSDT,44.21413272893367,2579.1889499999997,2518.4732357142857,114036.60256829906,116379.55588644462,2
2026-09-20 20:00:00,ETHUSDT,ETHUSDT,44.21413272893367,2579.1889499999997,2518.4732357142857,114036.60256829906,116889.34483680924,3
2026-09-21 00:00:00,ETHUSDT,ETHUSDT,44.21413272893367,2579.1889499999997,2518.4732357142857,114036.60256829906,117830.22158128093,4
2026-09-21 04:00:00,ETHUSDT,ETHUSDT,44.21413272893367,2579.1889499999997,2518.4732357142857,114036.60256829906,117645.406506474,5
2026-09-21 08:00:00,ETHUSDT,ETHUSDT,44.21413272893367,2579.1889499999997,2584.3473278999995,114036.60256829906,120449.46680414297,6
2026-09-21 12:00:00,BTCUSDT,BTCUSDT,1.4158723583473096,84892.32495,83555.84637857143,120196.69633254265,121591.57845397109,1
2026-09-21 16:00:00,BTCUSDT,BTCUSDT,1.4158723583473096,84892.32495,83555.84637857143,120196.69633254265,122408.25363026581,2
2026-09-21 20:00:00,BTCUSDT,BTCUSDT,1.4158723583473096,84892.32495,83555.84637857143,120196.69633254265,122584.38815164422,3
2026-09-22 00:00:00,BTCUSDT,BTCUSDT,1.4158723583473096,84892.32495,83555.84637857143,120196.69633254265,121278.81225001217,4
2026-09-22 04:00:00,BTCUSDT,BTCUSDT,1.4158723583473096,84892.32495,83555.84637857143,120196.69633254265,120808.88421427668,5
2026-09-22 08:00:00,BTCUSDT,BTCUSDT,1.4158723583473096,84892.32495,83555.84637857143,120196.69633254265,121694.3707871871,6
2026-09-22 12:00:00,BTCUSDT,BTCUSDT,1.4158723583473096,84892.32495,83555.84637857143,120196.69633254265,122285.21432232542,7
2026-09-22 16:00:00,BTCUSDT,BTCUSDT,1.4158723583473096,84892.32495,83555.84637857143,120196.69633254265,121971.88176942318,8
2026-09-22 20:00:00,BTCUSDT,BTCUSDT,1.4158723583473096,84892.32495,83555.84637857143,120196.69633254265,121974.99668861154,9
