event_idx,timestamp,symbol,close,U,L,atr14,ma_order_type,ma_cross_count_12,congestion_ratio,congestion_ratio_delta_3,price_location,dist_to_u,dist_to_l,dist_to_ma200,ma20_slope_3,ma20_slope_6,ma20_slope_12,ma50_slope_3,ma50_slope_6,ma50_slope_12,ma100_slope_3,ma100_slope_6,ma100_slope_12,ma200_slope_12,atr_ratio,vol_ratio_20,taker_buy_ratio,candle_body_ratio,upper_shadow_ratio,lower_shadow_ratio,long_net_r,long_exit_reason,long_bars_held,short_net_r,short_exit_reason,short_bars_held,action_label
446,2024-01-02 13:10:00+00:00,BNBUSDT,318.7,319.0199065155214,318.4850301960251,1.0934051282239239,0,0,0.4892,-0.1313,0,-0.2926,0.1966,1.4057,-0.0441,-0.0749,-0.0253,-0.0147,-0.0236,0.0003,0.0022,-0.0016,0.0112,0.0183,0.003431,1.1129,0.6114,0.1,0.6,0.3,-1.391,SL,2,-0.62,TIME_12B,12,0
462,2024-01-02 14:30:00+00:00,ETHUSDT,2382.39,2396.1249333213477,2393.9457710309794,5.96940158599441,2,0,0.3651,-0.3048,-1,-2.3009,-1.9358,0.2586,-0.1022,-0.028,0.0013,-0.0476,-0.0179,-0.009,-0.0153,-0.0,0.005,0.0258,0.002506,2.886,0.3791,0.6752,0.0142,0.3106,-1.12,SL,1,0.746,TIME_12B,12,2
466,2024-01-02 14:50:00+00:00,BTCUSDT,45179.67,45509.913339187246,45428.276643235964,168.18855225236717,2,1,0.4854,-0.6196,-1,-1.9635,-1.4781,0.7981,-0.1432,-0.0954,-0.0115,-0.0537,-0.0307,0.0035,-0.0158,-0.0035,0.014,0.0311,0.003723,2.5429,0.4525,0.0938,0.7059,0.2003,-1.12,SL,1,-0.669,TIME_12B,12,0
586,2024-01-03 00:50:00+00:00,BTCUSDT,45048.18,45049.876535517076,45001.63317173705,103.59592789394094,4,1,0.4657,-0.4038,0,-0.0164,0.4493,0.1383,0.1311,0.0713,0.0436,0.051,0.0232,0.0089,0.0153,0.0005,-0.0074,-0.002,0.0023,1.2202,0.3065,0.8239,0.1571,0.019,0.385,TIME_12B,12,-1.12,SL,1,1
617,2024-01-03 03:25:00+00:00,BNBUSDT,311.7,312.7093195256782,312.5066748475808,0.45361494762175336,0,0,0.4467,-0.5695,-1,-2.2251,-1.7783,-2.8181,-0.2125,-0.1789,-0.1198,-0.0745,-0.054,-0.0179,-0.0277,-0.0164,0.0029,-0.0093,0.001455,1.6988,0.3347,0.5,0.0,0.5,-1.12,SL,1,-1.727,SL,7,0
630,2024-01-03 04:30:00+00:00,SOLUSDT,107.51,107.97039528110645,107.7312070350613,0.47922885831202844,4,3,0.4991,-0.0275,-1,-0.9607,-0.4616,-2.5034,0.017,0.0008,0.0135,0.0098,0.0019,0.0065,-0.0054,-0.0099,-0.0084,-0.0204,0.004458,1.1203,0.3786,0.629,0.1613,0.2097,-1.12,SL,1,-1.812,SL,6,0
630,2024-01-03 04:30:00+00:00,ETHUSDT,2365.32,2368.4750583345317,2367.1077176922377,3.09074125502518,0,0,0.4424,-0.1382,-1,-1.0208,-0.5784,-0.8944,0.0078,0.0041,-0.0136,0.0159,0.0138,0.0092,0.0114,0.01,0.0076,0.0002,0.001307,2.6177,0.2948,0.8728,0.1257,0.0015,-1.12,SL,1,-1.341,SL,3,0
670,2024-01-03 07:50:00+00:00,BTCUSDT,44961.99,45233.83209379452,45205.09245568087,79.58109090167315,0,0,0.3611,-1.4578,-1,-3.4159,-3.0548,-2.3718,-0.2657,-0.1125,-0.0149,-0.0946,-0.0287,0.0105,-0.0382,-0.0045,0.0148,0.0146,0.00177,1.9055,0.3698,0.9335,0.0,0.0665,-1.12,SL,1,-0.94,TIME_12B,12,0
671,2024-01-03 07:55:00+00:00,ETHUSDT,2361.64,2372.9277281271325,2371.219892042557,4.285869603788726,2,1,0.3985,-1.0215,-1,-2.6337,-2.2352,-2.0078,-0.2872,-0.175,-0.0777,-0.1076,-0.0549,-0.0104,-0.0439,-0.0163,0.0065,0.0059,0.001815,2.2707,0.6227,0.2563,0.2689,0.4748,-1.12,SL,1,-1.215,TIME_12B,12,0
672,2024-01-03 08:00:00+00:00,SOLUSDT,107.75,108.66036533193142,108.38490323302621,0.5578640253932826,0,0,0.4938,-0.5265,-1,-1.6319,-1.1381,-1.6992,-0.1989,-0.152,-0.0278,-0.0638,-0.037,0.0185,-0.0251,-0.0108,0.0168,0.0025,0.005177,1.3238,0.3138,0.0685,0.2329,0.6986,-1.12,SL,1,-1.072,TIME_12B,12,0
690,2024-01-03 09:30:00+00:00,ETHUSDT,2376.0,2372.1571891940844,2370.9754520193455,3.130694544571801,0,2,0.3775,0.1929,1,1.2275,1.6049,1.8388,0.1524,0.1437,0.0661,0.0598,0.0505,0.0117,0.0346,0.0293,0.0096,0.0066,0.001318,0.6462,0.6252,0.428,0.208,0.364,-0.791,TIME_12B,12,-1.02,SL,1,0
704,2024-01-03 10:40:00+00:00,BTCUSDT,45070.27,45268.86623195486,45226.13697723446,86.8267012727225,0,0,0.4921,-0.5669,-1,-2.2873,-1.7952,-1.227,-0.1472,-0.0837,0.0055,-0.0431,-0.0142,0.0224,-0.0144,0.0004,0.0182,0.0149,0.001926,1.5186,0.4841,0.6775,0.1195,0.203,-1.12,SL,1,1.51,TP,8,2
704,2024-01-03 10:40:00+00:00,ETHUSDT,2362.9,2373.5946138591557,2372.086326774839,4.531521736981826,0,0,0.3328,-0.5114,-1,-2.36,-2.0272,-1.7778,-0.1464,-0.0868,-0.0065,-0.0479,-0.0207,0.0118,-0.0175,-0.0035,0.0124,0.0088,0.001918,1.1879,0.4111,0.9803,0.0025,0.0172,-1.12,SL,1,1.521,TP,8,2
706,2024-01-03 10:50:00+00:00,SOLUSDT,106.85,108.466599987492,108.30627290858882,0.7010442418124065,3,2,0.2287,-0.2329,-1,-2.306,-2.0773,-2.541,-0.2151,-0.1313,-0.0463,-0.0877,-0.0489,-0.0118,-0.0412,-0.0209,-0.002,-0.0037,0.006561,1.1089,0.4824,0.3026,0.6053,0.0921,-1.12,SL,1,1.431,TIME_12B,12,2
721,2024-01-03 12:05:00+00:00,BNBUSDT,297.3,323.8412232422547,321.39226574503004,5.770330618733014,2,1,0.4244,-1.9639,-1,-4.5996,-4.1752,-3.6745,-0.2507,-0.1429,-0.0812,-0.0912,-0.0436,-0.0136,-0.0349,-0.0103,0.0053,0.0082,0.019409,3.3475,0.4007,0.904,0.0505,0.0455,-1.12,SL,1,-0.615,TIME_12B,12,0
771,2024-01-03 16:15:00+00:00,BNBUSDT,321.0,315.99312872634493,314.9811886312887,2.4189957646939266,4,1,0.4183,-0.3147,1,2.0698,2.4881,2.0128,0.1844,0.1658,0.1339,0.0756,0.0625,0.0394,0.0278,0.0201,0.0067,0.0023,0.007536,1.5501,0.5637,0.4688,0.2812,0.25,-0.849,TIME_12B,12,-1.02,SL,1,0
791,2024-01-03 17:55:00+00:00,BNBUSDT,318.0,317.46096110300783,316.62788010134733,1.846499165877418,1,0,0.4512,-0.0734,1,0.2919,0.7431,0.8196,-0.0173,-0.0006,-0.0026,0.0121,0.0206,0.0232,0.0053,0.0093,0.0098,0.0057,0.005807,0.5073,0.5944,0.7692,0.0769,0.1538,-1.852,SL,5,-1.02,SL,1,0
826,2024-01-03 20:50:00+00:00,BNBUSDT,316.7,315.9119507838308,315.4523371101761,1.0190578242991966,5,0,0.451,-0.2195,1,0.7733,1.2243,0.5946,0.0933,0.0935,0.0183,0.0292,0.0249,-0.0091,0.0066,0.0038,-0.0135,-0.0086,0.003218,0.5086,0.5527,0.6667,0.1667,0.1667,0.471,TIME_12B,12,-1.02,SL,1,1
849,2024-01-03 22:45:00+00:00,BNBUSDT,316.1,316.7162007966936,316.3589891095688,0.8615370789537462,0,0,0.4146,-0.3957,-1,-0.7152,-0.3006,-0.2446,-0.1354,-0.1223,-0.0077,-0.0373,-0.0254,0.0257,-0.0157,-0.0091,0.016,0.0086,0.002726,0.4768,0.5468,0.5,0.1429,0.3571,-1.12,SL,1,-0.493,TIME_12B,12,0
869,2024-01-04 00:25:00+00:00,SOLUSDT,99.67,99.16536237340522,98.8944012456959,0.5620015846478824,4,1,0.4821,-0.1092,1,0.8979,1.3801,-1.8852,0.1132,0.1226,0.043,0.0494,0.0475,0.0115,0.014,0.0118,-0.0073,-0.0334,0.005639,0.688,0.6123,0.6863,0.1176,0.1961,-1.541,SL,11,-1.02,SL,1,0
886,2024-01-04 01:50:00+00:00,SOLUSDT,98.55,99.17773901731312,99.00643725521486,0.6248927866415451,5,2,0.2741,0.0506,-1,-1.0046,-0.7304,-3.1139,-0.0525,-0.0859,-0.0447,-0.0202,-0.0303,-0.006,-0.0149,-0.0196,-0.007,-0.0254,0.006341,0.7798,0.5043,0.7042,0.1268,0.169,-1.12,SL,1,-1.566,SL,4,0
897,2024-01-04 02:45:00+00:00,BTCUSDT,43066.92,42854.63817497087,42814.6401168889,81.17711609764525,1,2,0.4927,-0.0946,1,2.615,3.1078,-0.9282,0.1822,0.1505,0.0881,0.0857,0.0689,0.0362,0.0335,0.0239,0.0055,-0.0367,0.001885,1.8829,0.6731,0.6796,0.3204,0.0,-0.423,TIME_12B,12,-1.02,SL,1,0
907,2024-01-04 03:35:00+00:00,BNBUSDT,316.5,315.05555223397755,314.6912466601386,0.7926621458143561,4,1,0.4596,-0.1072,1,1.8223,2.2819,1.2556,0.1729,0.1708,0.1608,0.076,0.0691,0.0517,0.0273,0.0225,0.0112,-0.001,0.002504,1.1066,0.5294,0.7143,0.1429,0.1429,0.671,TIME_12B,12,-1.02,SL,1,1
955,2024-01-04 07:35:00+00:00,SOLUSDT,99.66,100.48318085020041,100.23211356969752,0.528843813453706,2,1,0.4747,-0.218,-1,-1.5566,-1.0818,-1.6515,-0.1149,-0.1176,-0.0674,-0.0448,-0.0413,-0.0142,-0.0119,-0.0091,0.0057,-0.0031,0.005306,1.1742,0.4068,0.7231,0.1538,0.1231,-1.12,SL,1,1.736,TP,12,2
957,2024-01-04 07:45:00+00:00,BTCUSDT,42877.03,43080.74040173828,43031.699565014314,120.20299948752165,2,1,0.408,-0.4756,-1,-1.6947,-1.2867,-2.097,-0.1133,-0.0781,-0.0504,-0.0406,-0.0239,-0.0074,-0.0111,-0.0022,0.0069,-0.0051,0.002803,1.0096,0.3194,0.7003,0.119,0.1807,-1.12,SL,1,-0.271,TIME_12B,12,0
960,2024-01-04 08:00:00+00:00,ETHUSDT,2224.47,2231.729557400153,2229.3052404404684,4.906073443653151,2,1,0.4941,-0.199,-1,-1.4797,-0.9856,-2.5782,-0.1811,-0.1702,-0.1307,-0.0753,-0.064,-0.0372,-0.0264,-0.0193,-0.0039,-0.0185,0.002206,0.4948,0.5343,0.547,0.453,0.0,-1.12,SL,1,0.124,TIME_12B,12,0
983,2024-01-04 09:55:00+00:00,BTCUSDT,43007.74,42977.359641348376,42942.69383223576,76.12084697776474,5,0,0.4554,-0.2017,1,0.3991,0.8545,-0.8849,0.0895,0.068,0.0499,0.0179,0.0058,-0.0089,0.0061,-0.0001,-0.0074,-0.0173,0.00177,1.0191,0.2608,0.3511,0.5215,0.1274,-1.492,SL,3,-1.02,SL,1,0
994,2024-01-04 10:50:00+00:00,BNBUSDT,318.7,320.3638160497249,319.4932479071818,1.867918170523363,2,1,0.4661,-0.1198,-1,-0.8907,-0.4247,0.2115,-0.0742,-0.0973,-0.0511,-0.0274,-0.0329,-0.0071,-0.0036,-0.0056,0.0086,0.0111,0.005861,0.7746,0.504,0.8333,0.0,0.1667,-1.12,SL,1,0.051,TIME_12B,12,0
1001,2024-01-04 11:25:00+00:00,BTCUSDT,43109.53,43015.3922213816,42984.88997264295,88.92451965463697,0,3,0.343,0.2092,1,1.0586,1.4016,0.5286,0.0985,0.0976,0.0952,0.0478,0.0449,0.0357,0.0241,0.022,0.0161,-0.0019,0.002063,0.5864,0.5254,0.0911,0.268,0.6408,-0.434,TIME_12B,12,-1.02,SL,1,0
1002,2024-01-04 11:30:00+00:00,ETHUSDT,2228.79,2223.959130515208,2221.689710872947,4.814979968189695,5,0,0.4713,-0.2606,1,1.0033,1.4746,-0.4871,0.1029,0.0567,0.053,0.0297,0.0087,0.0016,0.0079,-0.0029,-0.0069,-0.0192,0.00216,1.2404,0.5811,0.7101,0.2101,0.0799,-0.27,TIME_12B,12,-1.02,SL,1,0
1015,2024-01-04 12:35:00+00:00,SOLUSDT,99.34,98.99073831597131,98.69136840637725,0.6088384668475944,4,1,0.4917,-0.2076,1,0.5737,1.0654,-0.407,0.0614,0.1131,0.0707,0.025,0.0415,0.0168,0.0019,0.0091,-0.0047,-0.0128,0.006129,0.9093,0.6221,0.6909,0.1091,0.2,-1.617,SL,11,-1.02,SL,1,0
1035,2024-01-04 14:15:00+00:00,BNBUSDT,319.8,318.5581348492522,318.1493955906832,0.8598975614993226,5,0,0.4753,-0.3819,1,1.4442,1.9195,1.9346,0.1309,0.0927,0.0514,0.0359,0.017,-0.0054,0.0124,0.0027,-0.0085,0.001,0.002689,1.0495,0.5946,0.8,0.1,0.1,-1.782,SL,3,-1.02,SL,1,0
1058,2024-01-04 16:10:00+00:00,BNBUSDT,318.2,319.4221795612759,319.02867633408977,0.9599817299726365,0,0,0.4099,-0.3343,-1,-1.2731,-0.8632,-0.3022,-0.1219,-0.0907,-0.0192,-0.0347,-0.0182,0.016,-0.0128,-0.0042,0.0129,0.0124,0.003017,0.7726,0.5192,0.3333,0.0,0.6667,-1.12,SL,1,-1.911,SL,12,0
1103,2024-01-04 19:55:00+00:00,BNBUSDT,318.2,319.16506735998564,319.08297143956474,0.7921279053823954,2,1,0.1036,-0.2871,-1,-1.2183,-1.1147,-0.6427,-0.1508,-0.1434,-0.0158,-0.0571,-0.0483,0.0063,-0.0256,-0.0203,0.0071,0.0088,0.002489,0.3917,0.6386,0.3333,0.1667,0.5,-1.12,SL,1,-1.665,SL,6,0
1173,2024-01-05 01:45:00+00:00,BTCUSDT,43173.06,44116.124662773924,43989.64920905262,286.11565615852027,3,1,0.442,-0.1648,-1,-3.2961,-2.8541,-2.4549,-0.1354,-0.1025,-0.059,-0.0657,-0.0504,-0.0302,-0.0288,-0.0204,-0.0092,0.0035,0.006627,7.347,0.3363,0.5101,0.0,0.4899,-1.12,SL,1,-0.519,TIME_12B,12,0
1188,2024-01-05 03:00:00+00:00,BNBUSDT,322.9,322.88788049166027,322.1277718175212,1.5540413043202763,2,1,0.4891,-0.0389,1,0.0078,0.4969,1.2663,-0.0658,-0.0586,-0.0655,-0.0291,-0.0236,-0.021,-0.0042,-0.0007,0.002,0.0092,0.004813,0.5468,0.6016,0.7619,0.1905,0.0476,-1.789,SL,10,-1.206,SL,3,0
1201,2024-01-05 04:05:00+00:00,BNBUSDT,321.8,322.6966038450072,322.19994661624224,1.1141790104033484,2,0,0.4458,-0.0954,-1,-0.8047,-0.359,0.6122,-0.0522,-0.0504,-0.0201,-0.0289,-0.0261,-0.0132,-0.0049,-0.0027,0.0048,0.0127,0.003462,0.7621,0.4227,0.6429,0.2857,0.0714,-1.12,SL,1,-1.655,SL,2,0
1259,2024-01-05 08:55:00+00:00,ETHUSDT,2252.24,2253.9682593224534,2252.5956388829677,2.879235209002688,1,0,0.4767,-0.0992,-1,-0.6002,-0.1235,-0.6352,-0.0906,-0.0817,-0.0306,-0.0128,-0.0045,0.0215,-0.0103,-0.0063,0.0056,-0.0005,0.001278,1.4709,0.735,0.878,0.0,0.122,0.376,TIME_12B,12,-1.225,SL,1,1
1263,2024-01-05 09:15:00+00:00,SOLUSDT,102.13,101.87604243672268,101.61811362918169,0.5495599630511377,4,1,0.4693,-0.1682,1,0.4621,0.9314,0.0445,0.0971,0.0685,0.0542,0.0473,0.0326,0.0254,0.0133,0.005,0.0002,-0.0044,0.005381,1.1405,0.5094,0.1053,0.5439,0.3509,-1.762,SL,11,-1.02,SL,1,0
1272,2024-01-05 10:00:00+00:00,BNBUSDT,318.8,320.2114566880581,319.6583712528291,1.1268501676503437,5,2,0.4908,-0.0571,-1,-1.2526,-0.7617,-1.41,-0.0037,0.0162,0.0325,-0.0012,0.0059,0.0082,-0.0101,-0.007,-0.0071,-0.005,0.003535,1.1502,0.4167,0.7647,0.1176,0.1176,-1.12,SL,1,-0.439,TIME_12B,12,0
1282,2024-01-05 10:50:00+00:00,ETHUSDT,2249.52,2257.248543255371,2255.384679133368,4.2938735562738435,0,0,0.4341,-0.3232,-1,-1.7999,-1.3658,-1.3116,-0.1188,-0.1071,-0.0366,-0.0329,-0.0236,0.0107,-0.0113,-0.0061,0.0111,0.0061,0.001909,1.6967,0.3337,0.658,0.0,0.342,-1.12,SL,1,0.024,TIME_12B,12,0
1284,2024-01-05 11:00:00+00:00,BTCUSDT,43753.99,43917.11188936589,43853.01124066693,136.78132582162598,0,0,0.4686,-0.9136,-1,-1.1926,-0.7239,-0.3922,-0.1508,-0.1035,-0.0589,-0.0474,-0.0238,0.001,-0.0166,-0.0043,0.0085,0.0078,0.003126,1.496,0.5575,0.8371,0.011,0.1519,-1.12,SL,1,-0.836,TIME_12B,12,0
1404,2024-01-05 21:00:00+00:00,BTCUSDT,43789.93,43748.39683735639,43661.278124929784,184.1668672192735,1,1,0.473,-0.4256,1,0.2255,0.6986,0.4884,0.1221,0.0958,0.0693,0.066,0.0521,0.0375,0.0321,0.0242,0.0155,0.005,0.004206,1.4573,0.4737,0.6564,0.0637,0.2798,-1.874,SL,1,-1.02,SL,1,0
1405,2024-01-05 21:05:00+00:00,ETHUSDT,2236.84,2238.948021409315,2235.4168875091245,7.1486299199011905,1,1,0.494,-0.1144,0,-0.2949,0.1991,-0.5234,0.0413,0.0792,0.0594,0.0374,0.0494,0.0381,0.0164,0.0213,0.0141,-0.0002,0.003196,1.3301,0.501,0.5639,0.1965,0.2396,0.389,TIME_12B,12,-1.337,SL,2,1
1405,2024-01-05 21:05:00+00:00,SOLUSDT,98.57,98.64385082553706,98.31311628411288,0.6689160599853445,4,1,0.4944,-0.2912,0,-0.1104,0.384,-1.4475,0.0729,0.103,0.074,0.0455,0.0535,0.0365,0.0121,0.0148,0.0042,-0.0124,0.006786,1.1777,0.5123,0.5143,0.2143,0.2714,1.379,TP,12,-1.422,SL,1,1
1424,2024-01-05 22:40:00+00:00,SOLUSDT,98.33,98.91072039745833,98.67909088432724,0.4895155598488058,1,0,0.4732,-0.3141,-1,-1.1863,-0.7131,-2.2809,-0.106,-0.0391,0.0322,-0.0178,0.0125,0.0396,-0.0118,0.0031,0.0146,-0.0079,0.004978,0.3365,0.4372,0.1667,0.5,0.3333,-1.12,SL,1,-1.623,SL,3,0
1443,2024-01-06 00:15:00+00:00,BNBUSDT,309.9,316.2194236251331,315.6018181955931,1.5864816399603499,0,0,0.3893,-1.4452,-1,-3.9833,-3.594,-4.0155,-0.1342,-0.0559,0.0002,-0.0357,-0.0031,0.0206,-0.0132,0.003,0.0142,0.0025,0.005119,13.2643,0.2974,0.9221,0.039,0.039,-1.12,SL,1,0.065,TIME_12B,12,0
1452,2024-01-06 01:00:00+00:00,SOLUSDT,98.84,99.21999909836816,99.04395392284127,0.39573486024131876,0,0,0.4449,-0.1619,-1,-0.9602,-0.5154,-1.5313,-0.08,-0.1041,-0.0819,-0.0215,-0.0265,-0.0066,-0.0048,-0.0067,0.0043,-0.0085,0.004004,0.7848,0.47,0.6562,0.0,0.3438,-1.12,SL,1,1.496,TP,5,2
1480,2024-01-06 03:20:00+00:00,SOLUSDT,99.27,98.8295733550139,98.70420787432195,0.37340061301841815,5,0,0.3357,-0.2259,1,1.1795,1.5152,0.1302,0.065,0.0248,0.0389,0.0152,-0.0018,-0.0001,0.0036,-0.0048,-0.0042,-0.0132,0.003761,2.0863,0.7543,0.6812,0.3188,0.0,-1.732,SL,2,-1.02,SL,1,0
1594,2024-01-06 12:50:00+00:00,BNBUSDT,304.7,305.9124399219179,305.57133952433145,0.7496381052162153,4,2,0.455,-0.3043,-1,-1.6174,-1.1623,-4.2702,-0.0989,-0.0451,0.0112,-0.0181,0.0058,0.031,-0.018,-0.0065,0.0045,-0.0258,0.00246,2.0633,0.4654,0.6,0.1,0.3,-1.12,SL,1,-1.211,TIME_12B,12,0
1608,2024-01-06 14:00:00+00:00,ETHUSDT,2240.13,2236.8588714006282,2235.674571491759,2.634928071288838,4,1,0.4495,-0.1981,1,1.2414,1.6909,0.2345,0.1158,0.0982,0.0356,0.0465,0.0354,0.0068,0.0132,0.0067,-0.0085,-0.015,0.001176,0.8596,0.5309,0.7452,0.1119,0.1429,-0.7,TIME_12B,12,-1.02,SL,1,0
1608,2024-01-06 14:00:00+00:00,BTCUSDT,43789.95,43692.78958039806,43675.07415210725,51.17162377917478,4,1,0.3462,-0.2618,1,1.8987,2.2449,1.2296,0.1365,0.1115,0.0574,0.0568,0.0424,0.0153,0.0202,0.0121,-0.0026,-0.0087,0.001169,2.2323,0.5846,0.6709,0.3239,0.0052,-0.578,TIME_12B,12,-1.02,SL,1,0
1609,2024-01-06 14:05:00+00:00,BNBUSDT,305.9,305.7123430664969,305.39231131389744,0.6926815856846196,4,2,0.462,-0.1747,1,0.2709,0.7329,-2.3303,0.0486,0.0411,-0.0116,0.0176,0.0133,-0.0068,-0.0012,-0.0038,-0.0141,-0.0344,0.002264,1.0737,0.4594,0.4,0.4,0.2,0.129,TIME_12B,12,-1.02,SL,1,0
1635,2024-01-06 16:15:00+00:00,SOLUSDT,95.31,95.38440711062805,95.14293761721875,0.5435612720600833,1,0,0.4442,-0.0733,0,-0.1369,0.3073,-1.0725,0.0276,0.0072,-0.0113,0.0291,0.0219,0.0192,0.0133,0.0093,0.0075,-0.0107,0.005703,1.2216,0.4103,0.6125,0.225,0.1625,-0.196,TIME_12B,12,-1.405,SL,1,0
1639,2024-01-06 16:35:00+00:00,BNBUSDT,306.3,306.45774355264945,306.1478145201773,0.6355928374411595,0,0,0.4876,-0.2092,0,-0.2482,0.2394,-1.5767,-0.0699,-0.0654,-0.0262,-0.0128,-0.0072,0.0123,-0.0026,0.0005,0.01,-0.0145,0.002075,1.1175,0.5269,0.5,0.375,0.125,-0.068,TIME_12B,12,-1.141,SL,1,0
1672,2024-01-06 19:20:00+00:00,BNBUSDT,305.2,306.7498253140077,306.5418288824391,0.6237664278335792,2,1,0.3335,-0.6058,-1,-2.4846,-2.1512,-3.2226,-0.1958,-0.1597,-0.0632,-0.0705,-0.0505,-0.0055,-0.027,-0.0161,0.007,-0.0077,0.002044,0.8882,0.4322,0.3333,0.3333,0.3333,-1.12,SL,1,-1.065,TIME_12B,12,0
1674,2024-01-06 19:30:00+00:00,SOLUSDT,95.06,95.8063682221316,95.5802438250605,0.45598655609622835,0,0,0.4959,-0.3249,-1,-1.6368,-1.1409,-1.8507,-0.1785,-0.1639,-0.0657,-0.0608,-0.0472,0.0008,-0.0213,-0.0134,0.0113,-0.0018,0.004797,0.9639,0.5126,0.5417,0.0417,0.4167,-1.12,SL,1,-0.084,TIME_12B,12,0
1681,2024-01-06 20:05:00+00:00,ETHUSDT,2243.01,2244.872871880126,2243.4421689053515,2.9621694891245,2,1,0.483,-0.0769,-1,-0.6289,-0.1459,0.1569,0.0083,-0.0161,-0.0817,0.0017,-0.0079,-0.0282,0.0109,0.0064,-0.0021,0.0021,0.001321,1.0014,0.2381,0.9977,0.0,0.0023,-1.133,SL,1,-0.181,TIME_12B,12,0
1683,2024-01-06 20:15:00+00:00,BTCUSDT,43829.22,43897.40770556831,43856.50996606001,82.32225078153992,0,0,0.4968,-0.7957,-1,-0.8283,-0.3315,0.142,-0.1094,-0.0581,-0.0646,-0.0393,-0.0167,-0.0143,-0.0089,0.0029,0.0051,0.0075,0.001878,0.9576,0.6305,0.6983,0.0001,0.3016,-1.12,SL,1,-0.741,TIME_12B,12,0
1689,2024-01-06 20:45:00+00:00,BNBUSDT,306.4,306.4885655741901,306.42930406520384,0.638597720958417,3,0,0.0928,-0.1799,-1,-0.1387,-0.0459,-1.0075,0.075,0.0684,0.0285,0.0245,0.0178,-0.0022,0.0138,0.0101,0.0002,-0.0102,0.002084,0.9508,0.4576,0.5,0.2,0.3,-1.249,SL,3,-1.096,SL,1,0
1696,2024-01-06 21:20:00+00:00,BTCUSDT,43863.77,43873.970842409944,43853.00717765952,55.756004358322,2,0,0.376,-0.0103,0,-0.183,0.193,0.7765,-0.0049,-0.0612,-0.0597,-0.0171,-0.0379,-0.0325,-0.0006,-0.0101,-0.0055,0.0037,0.001271,0.8438,0.59,0.15,0.8032,0.0468,-1.219,SL,3,-1.118,SL,2,0
1720,2024-01-06 23:20:00+00:00,BNBUSDT,306.2,306.5600752079936,306.4272839710713,0.8800631619991601,3,2,0.1509,0.0559,-1,-0.4091,-0.2583,-0.8436,-0.0696,-0.0671,-0.0438,-0.0328,-0.0279,-0.0154,-0.0154,-0.0122,-0.0054,-0.0074,0.002874,2.8043,0.2017,0.4,0.0,0.6,-1.12,SL,1,-1.371,SL,2,0
1732,2024-01-07 00:20:00+00:00,ETHUSDT,2246.49,2240.5257432492735,2239.551641764101,2.3582011458982457,5,0,0.4131,-0.5918,1,2.5292,2.9422,2.2789,0.2141,0.1479,0.1139,0.0745,0.0428,0.0185,0.028,0.0113,-0.0019,-0.0039,0.00105,1.2156,0.6791,0.9926,0.0037,0.0037,-0.467,TIME_12B,12,-1.02,SL,1,0
1751,2024-01-07 01:55:00+00:00,SOLUSDT,94.16,94.80340289624203,94.58353981619327,0.4537292358852455,1,0,0.4846,-0.3066,-1,-1.418,-0.9335,-2.0012,-0.1102,-0.047,0.0208,-0.0187,0.0097,0.038,-0.012,0.0019,0.0144,-0.0027,0.004819,0.9203,0.4403,0.7143,0.0286,0.2571,-1.12,SL,1,-1.556,SL,5,0
1752,2024-01-07 02:00:00+00:00,BNBUSDT,307.3,307.1888007256014,306.8915672689583,0.6667197689430144,0,0,0.4458,-0.464,1,0.1668,0.6126,0.3913,-0.0982,-0.0598,-0.0215,-0.0303,-0.0113,0.008,-0.0088,0.0011,0.011,0.003,0.00217,0.7747,0.748,0.9286,0.0714,0.0,-1.472,SL,7,-1.035,SL,1,0
1761,2024-01-07 02:45:00+00:00,ETHUSDT,2236.21,2244.3537443253717,2243.117691092706,4.011880893904312,0,0,0.3081,-0.8049,-1,-2.0299,-1.7218,-1.5685,-0.1792,-0.0804,-0.0584,-0.061,-0.0174,-0.0049,-0.0251,-0.0028,0.0035,0.0034,0.001794,2.1737,0.4601,0.764,0.1348,0.1011,-1.12,SL,1,-1.822,SL,5,0
1765,2024-01-07 03:05:00+00:00,BNBUSDT,306.3,306.90501084251935,306.71704752527324,0.7070526001419376,3,2,0.2658,0.109,-1,-0.8557,-0.5898,-0.9862,-0.0639,-0.0981,-0.0602,-0.0344,-0.0454,-0.0236,-0.0149,-0.0196,-0.0074,-0.0056,0.002308,3.0628,0.2462,0.2,0.2,0.6,-1.12,SL,1,-1.509,SL,11,0
1779,2024-01-07 04:15:00+00:00,BTCUSDT,43931.09,43970.91030745588,43949.23452596634,45.06432746984356,2,1,0.481,-0.1139,-1,-0.8836,-0.4026,0.6343,-0.1027,-0.0645,-0.0698,-0.0505,-0.0331,-0.0311,-0.0146,-0.005,-0.0024,0.01,0.001026,1.0124,0.6468,0.5931,0.1785,0.2285,-1.12,SL,1,-1.243,SL,1,0
1782,2024-01-07 04:30:00+00:00,BNBUSDT,307.7,306.86063461043784,306.7948031525139,0.5307390994172232,0,3,0.124,-0.063,1,1.5815,1.7055,1.4262,0.1296,0.1322,0.0682,0.0497,0.0459,0.0119,0.0249,0.0224,0.0047,-0.0011,0.001725,0.4504,0.5577,0.75,0.0,0.25,-0.395,TIME_12B,12,-1.02,SL,1,0
1788,2024-01-07 05:00:00+00:00,SOLUSDT,94.54,94.1030755415296,93.87341147318705,0.4593923371909279,4,1,0.4999,-0.1069,1,0.9511,1.451,-0.148,0.1199,0.1417,0.1343,0.0476,0.0514,0.0351,0.0127,0.0135,0.0032,-0.0104,0.004859,0.5955,0.5855,0.5143,0.4857,0.0,-1.612,SL,7,-1.02,SL,1,0
1799,2024-01-07 05:55:00+00:00,BTCUSDT,43885.47,43978.82309559141,43961.98375147646,42.58483335280784,2,1,0.3954,-0.2784,-1,-2.1922,-1.7967,-0.7688,-0.0904,-0.0871,-0.0136,-0.036,-0.0323,-0.0,-0.009,-0.0066,0.0104,0.0161,0.00097,2.3415,0.3137,0.6807,0.0,0.3193,-1.12,SL,1,-1.485,SL,3,0
1800,2024-01-07 06:00:00+00:00,ETHUSDT,2242.6,2245.2612488547315,2244.2100505660064,2.4192400308998683,0,0,0.4345,-0.3155,-1,-1.1,-0.6655,-0.298,-0.067,-0.0733,-0.0303,-0.0186,-0.019,0.004,-0.002,-0.0019,0.0102,0.009,0.001079,1.4424,0.3041,0.1393,0.2893,0.5714,-1.12,SL,1,-1.302,SL,2,0
1833,2024-01-07 08:45:00+00:00,ETHUSDT,2242.22,2247.662113000214,2246.019157825932,3.4270867777337717,0,0,0.4794,-0.6045,-1,-1.588,-1.1086,-0.7014,-0.0739,-0.0067,-0.0057,-0.0185,0.008,0.0091,-0.0018,0.0113,0.0118,0.01,0.001528,2.0855,0.4056,0.3412,0.1903,0.4686,-1.12,SL,1,-0.073,TIME_12B,12,0
1835,2024-01-07 08:55:00+00:00,SOLUSDT,93.96,94.68969532210491,94.45212514044952,0.49787883407081934,0,0,0.4772,-0.513,-1,-1.4656,-0.9884,-1.3406,-0.1511,-0.0741,0.0003,-0.045,-0.0096,0.0212,-0.0168,0.0014,0.0161,0.0041,0.005299,0.681,0.3543,0.3929,0.0357,0.5714,-1.12,SL,1,0.524,TIME_12B,12,2
1838,2024-01-07 09:10:00+00:00,BNBUSDT,306.5,308.27793819360824,307.85565602261124,0.8553193982015087,0,0,0.4937,-0.5226,-1,-2.0787,-1.585,-1.2223,-0.1377,-0.1313,-0.0354,-0.0464,-0.0385,0.0049,-0.0135,-0.0087,0.0134,0.0106,0.002791,1.2032,0.2732,0.8824,0.0,0.1176,-1.12,SL,1,-0.724,TIME_12B,12,0
1842,2024-01-07 09:30:00+00:00,BTCUSDT,43925.81,44029.109202305954,44006.627476038535,47.74595210762105,0,0,0.4709,-0.4801,-1,-2.1635,-1.6927,-0.718,-0.1711,-0.1352,-0.0832,-0.0612,-0.0413,-0.0115,-0.0198,-0.0089,0.0072,0.0141,0.001087,1.1311,0.5352,0.574,0.2799,0.1461,-1.12,SL,1,-0.674,TIME_12B,12,0
1863,2024-01-07 11:15:00+00:00,BTCUSDT,44020.28,43990.65303749581,43974.98196975381,34.62379375419205,3,2,0.4526,-0.1527,1,0.8557,1.3083,1.7459,0.0729,0.042,-0.0071,0.0064,-0.0088,-0.0303,0.003,-0.0044,-0.014,0.0027,0.000787,0.9625,0.4751,0.9387,0.012,0.0493,-1.357,SL,1,-1.02,SL,1,0
1866,2024-01-07 11:30:00+00:00,SOLUSDT,94.9,94.15145807783125,94.0151603667348,0.4157795798201022,5,0,0.3278,-0.4974,1,1.8003,2.1281,1.1985,0.1261,0.0709,0.0535,0.04,0.0149,0.0033,0.0144,0.0016,-0.0045,-0.0087,0.004381,3.0036,0.5179,0.7368,0.2237,0.0395,-1.475,SL,7,-1.02,SL,1,0
1888,2024-01-07 13:20:00+00:00,ETHUSDT,2250.02,2240.9178773970407,2239.776038553789,3.113004186726857,4,1,0.3668,-0.6327,1,2.9239,3.2907,2.613,0.2151,0.1302,0.0814,0.084,0.0454,0.0204,0.0328,0.0126,-0.0008,-0.004,0.001384,3.5599,0.7259,0.6654,0.1004,0.2342,-0.961,TIME_12B,12,-1.02,SL,1,0
1891,2024-01-07 13:35:00+00:00,BNBUSDT,308.0,306.95682874207563,306.71396210938616,0.6064779665763217,4,1,0.4005,-0.6946,1,1.72,2.1205,1.4728,0.1777,0.1417,0.083,0.0647,0.0444,0.0129,0.0231,0.0119,-0.0048,-0.0052,0.001969,1.3918,0.6519,0.8,0.0,0.2,-1.967,SL,8,-1.02,SL,1,0
1914,2024-01-07 15:30:00+00:00,ETHUSDT,2235.08,2244.593202848945,2243.4862738673305,3.7914385108013513,0,0,0.292,-1.0137,-1,-2.5091,-2.2172,-2.1361,-0.2457,-0.1403,-0.0578,-0.0841,-0.0357,0.0024,-0.0365,-0.0116,0.0073,0.0047,0.001696,1.1187,0.5896,0.3133,0.5614,0.1253,-1.12,SL,1,-0.265,TIME_12B,12,0
1917,2024-01-07 15:45:00+00:00,SOLUSDT,93.58,95.16256829731115,94.90221090081143,0.5531003314576534,2,1,0.4707,-0.7723,-1,-2.8613,-2.3905,-2.1391,-0.2262,-0.1843,-0.0961,-0.0835,-0.0596,-0.0146,-0.0306,-0.0174,0.0063,0.0061,0.00591,2.4512,0.3452,0.6422,0.0,0.3578,-1.12,SL,1,0.006,TIME_12B,12,0
1950,2024-01-07 18:30:00+00:00,SOLUSDT,94.97,94.58390696366644,94.41891363358451,0.3300496661857137,5,0,0.4999,-0.2648,1,1.1698,1.6697,1.0834,0.1291,0.0955,0.0536,0.0338,0.0154,-0.008,0.012,0.0024,-0.0093,-0.0055,0.003475,0.7097,0.5404,0.9655,0.0345,0.0,-1.75,SL,6,-1.02,SL,1,0
1951,2024-01-07 18:35:00+00:00,BTCUSDT,44151.72,44106.13835377536,44079.90869016984,53.461297538256915,5,0,0.4906,-0.2218,1,0.8526,1.3432,1.574,0.1293,0.1327,0.0792,0.0302,0.0254,-0.0071,0.0123,0.0095,-0.0069,0.0041,0.001211,0.5795,0.5869,0.081,0.565,0.354,-1.493,SL,5,-1.02,SL,1,0
1953,2024-01-07 18:45:00+00:00,ETHUSDT,2243.62,2239.118724416329,2238.0116242009112,2.3912540192146845,4,1,0.463,-0.1106,1,1.8824,2.3454,1.2969,0.1799,0.152,0.1346,0.0775,0.0608,0.0438,0.0279,0.0183,0.0077,-0.0028,0.001066,1.4353,0.5793,0.45,0.55,0.0,-0.317,TIME_12B,12,-1.02,SL,1,0
1964,2024-01-07 19:40:00+00:00,BNBUSDT,306.5,305.778065559813,305.499603727316,0.5720630773430363,4,1,0.4868,-0.0991,1,1.262,1.7488,0.4255,0.1165,0.1115,0.1016,0.0601,0.055,0.0444,0.019,0.0153,0.0078,-0.0054,0.001866,0.713,0.5835,0.0,0.5,0.5,-0.915,TIME_12B,12,-1.02,SL,1,0
1972,2024-01-07 20:20:00+00:00,SOLUSDT,94.77,94.65970206114882,94.58668491656546,0.3378328126553255,1,2,0.2161,0.0694,1,0.3265,0.5426,0.4656,0.0541,0.0725,0.0605,0.0294,0.0339,0.0231,0.0137,0.0153,0.0088,0.0035,0.003565,0.782,0.5228,0.25,0.1429,0.6071,-1.648,SL,3,-1.02,SL,1,0
1987,2024-01-07 21:35:00+00:00,ETHUSDT,2236.6,2242.3662728998233,2241.4884898154655,2.5655228354936046,0,0,0.3421,-0.3599,-1,-2.2476,-1.9055,-1.9292,-0.0851,-0.0661,-0.0865,-0.0247,-0.0152,-0.0156,-0.0064,-0.0014,-0.0008,-0.0006,0.001147,1.0355,0.3085,0.9455,0.0,0.0545,-1.12,SL,1,1.481,TP,11,2
1987,2024-01-07 21:35:00+00:00,BNBUSDT,305.0,306.10800809122605,305.9488475826204,0.4657861367821896,1,2,0.3417,-0.3961,-1,-2.3788,-2.0371,-2.7142,-0.1048,-0.0484,-0.0282,-0.0213,0.0038,0.0149,-0.0105,0.0018,0.0065,-0.0037,0.001527,0.9846,0.3355,1.0,0.0,0.0,-1.12,SL,1,1.481,TP,11,2
1995,2024-01-07 22:15:00+00:00,BTCUSDT,43956.86,44158.982242283484,44141.04484376472,72.6582188412653,0,0,0.2469,-0.5725,-1,-2.7818,-2.5349,-2.0003,-0.1045,-0.0403,-0.0132,-0.0332,-0.0065,0.0057,-0.0118,0.0017,0.0077,0.0095,0.001653,3.6786,0.3847,0.9906,0.0094,0.0,-1.12,SL,1,-0.384,TIME_12B,12,0
2093,2024-01-08 06:25:00+00:00,BTCUSDT,44146.8,43699.66846263345,43631.03534309994,152.33278837468418,4,1,0.4505,-1.06,1,2.9352,3.3858,2.1702,0.2207,0.1312,0.0769,0.0923,0.0528,0.0265,0.035,0.0143,-0.0001,-0.0086,0.003451,2.7235,0.5423,0.6228,0.3756,0.0016,-0.644,TIME_12B,12,-1.02,SL,1,0
2135,2024-01-08 09:55:00+00:00,SOLUSDT,89.27,90.03477456177609,89.79785124553443,0.5355999147206454,0,1,0.4424,-0.6046,-1,-1.4279,-0.9855,-2.4333,-0.123,-0.0634,-0.0196,-0.0276,-0.0002,0.0205,-0.0118,0.0019,0.0114,-0.0098,0.006,2.7516,0.408,0.1333,0.1222,0.7444,-1.12,SL,1,-1.454,SL,4,0
2136,2024-01-08 10:00:00+00:00,BTCUSDT,43718.18,43836.943231138284,43813.55767554894,64.99370631107195,0,0,0.3598,-0.8759,-1,-1.8273,-1.4675,-1.9833,-0.2197,-0.1424,-0.1125,-0.0801,-0.0431,-0.0212,-0.0315,-0.0121,0.0,-0.0052,0.001487,1.4818,0.5915,0.0427,0.6151,0.3422,-1.12,SL,1,-1.624,SL,3,0
2136,2024-01-08 10:00:00+00:00,BNBUSDT,297.0,298.52397350724414,298.15238548426777,0.9388549625591011,0,1,0.3958,-0.6402,-1,-1.6232,-1.2274,-2.8186,-0.1614,-0.0887,-0.036,-0.0423,-0.0081,0.0179,-0.0202,-0.0029,0.0093,-0.0123,0.003161,1.4698,0.4752,0.5455,0.1818,0.2727,-1.12,SL,1,-1.736,SL,3,0
2161,2024-01-08 12:05:00+00:00,BNBUSDT,300.9,298.9611428330125,298.3998129985022,1.152942140745909,0,0,0.4869,0.2564,1,1.6817,2.1685,1.2582,0.1314,0.0515,0.023,0.0603,0.0271,0.0169,0.0324,0.0155,0.0104,-0.005,0.003832,3.1198,0.5402,0.2143,0.2857,0.5,-0.099,TIME_12B,12,-1.02,SL,1,0
2364,2024-01-09 05:00:00+00:00,ETHUSDT,2316.63,2312.8505588406097,2311.2104708220813,3.65501270466814,5,1,0.4487,-0.3543,1,1.034,1.4828,4.4223,0.1375,0.1068,0.004,0.0341,0.0161,-0.0292,0.0147,0.0053,-0.0165,0.0279,0.001578,1.6772,0.6961,0.3695,0.615,0.0155,-1.651,SL,2,-1.02,SL,1,0
2412,2024-01-09 09:00:00+00:00,BTCUSDT,46656.05,46759.47344689959,46717.88787818643,86.12089526520667,2,1,0.4829,-0.3877,-1,-1.2009,-0.718,2.9556,-0.1805,-0.1412,-0.075,-0.0796,-0.0581,-0.0271,-0.0288,-0.0166,0.0002,0.0394,0.001846,1.2818,0.5859,0.7291,0.0782,0.1927,-1.12,SL,1,-0.246,TIME_12B,12,0
2451,2024-01-09 12:15:00+00:00,BTCUSDT,46698.0,46640.99248274786,46603.9351257612,87.05210886265743,5,0,0.4257,-0.3063,1,0.6549,1.0806,2.766,0.1228,0.1099,0.0484,0.0373,0.0268,-0.0034,0.0127,0.0067,-0.0085,0.0182,0.001864,1.2417,0.4725,0.3261,0.5484,0.1255,-1.596,SL,8,-1.02,SL,1,0
2459,2024-01-09 12:55:00+00:00,ETHUSDT,2264.2,2300.181168357214,2294.0728151045278,13.44833405897619,5,0,0.4542,-0.478,-1,-2.6755,-2.2213,-2.6308,-0.0829,-0.0486,-0.0159,-0.0366,-0.0221,-0.0091,-0.0226,-0.0153,-0.009,-0.0036,0.00594,10.4282,0.3771,0.4579,0.0001,0.542,-1.12,SL,1,-0.454,TIME_12B,12,0
2459,2024-01-09 12:55:00+00:00,BNBUSDT,298.5,303.8970625349999,303.5704313443365,1.545457280742769,2,1,0.2113,-0.6202,-1,-3.4922,-3.2809,-2.9481,-0.1548,-0.086,-0.0422,-0.0622,-0.0327,-0.0131,-0.0254,-0.0102,0.0002,0.0039,0.005177,5.9835,0.522,0.7931,0.0172,0.1897,-1.12,SL,1,-1.062,TIME_12B,12,0
2459,2024-01-09 12:55:00+00:00,SOLUSDT,98.47,101.20927998343147,100.92273333894136,1.2610990460142566,2,1,0.2272,-0.852,-1,-2.1721,-1.9449,-0.9803,-0.0888,-0.0356,-0.0113,-0.0319,-0.0098,0.0002,-0.0105,0.0008,0.0059,0.0132,0.012807,6.6109,0.4369,0.5233,0.0,0.4767,-1.12,SL,1,-1.151,SL,5,0
2504,2024-01-09 16:40:00+00:00,SOLUSDT,100.77,100.52409214095671,100.21146542546093,0.638845909948611,5,0,0.4894,-0.0681,1,0.3849,0.8743,1.3468,0.013,0.0164,0.0047,-0.0082,-0.0074,-0.0156,-0.0086,-0.0081,-0.0122,0.0044,0.00634,1.038,0.5029,0.8529,0.0,0.1471,-1.696,SL,5,-1.02,SL,1,0
2517,2024-01-09 17:45:00+00:00,BTCUSDT,46818.75,46787.85775842881,46731.69869412535,112.78519100706825,0,0,0.4979,-0.1671,1,0.2739,0.7718,1.9285,-0.0522,-0.0503,-0.021,-0.0123,-0.008,0.0077,0.0004,0.0031,0.0112,0.0177,0.002409,0.8563,0.6037,0.7275,0.1525,0.1201,-1.587,SL,3,-1.02,SL,1,0
2530,2024-01-09 18:50:00+00:00,BTCUSDT,46650.34,46707.07469179046,46661.047824272086,104.79168879871824,3,2,0.4392,0.0303,-1,-0.5414,-0.1022,0.4447,-0.032,-0.0769,-0.1002,-0.0306,-0.0467,-0.0485,-0.0147,-0.022,-0.021,0.0006,0.002246,0.6895,0.3823,0.2381,0.2539,0.508,-1.164,SL,1,-1.354,SL,5,0
2557,2024-01-09 21:05:00+00:00,BTCUSDT,46719.99,46735.48692717027,46725.48338475171,91.05675418537388,2,1,0.1099,-0.0965,-1,-0.1702,-0.0603,0.8887,-0.0497,-0.0498,-0.0386,-0.0197,-0.0169,-0.0079,-0.0074,-0.0055,-0.0004,0.01,0.001949,0.979,0.4745,0.0723,0.8557,0.072,1.379,TP,1,-1.165,SL,1,1
2559,2024-01-09 21:15:00+00:00,SOLUSDT,99.75,99.74432376413823,98.92903555726204,2.4240184146081907,5,0,0.3363,-1.8932,1,0.0023,0.3387,0.0117,0.0989,0.0232,-0.0127,0.029,-0.0029,-0.0164,0.0102,-0.0058,-0.0121,-0.0057,0.024301,4.646,0.4786,0.6029,0.0156,0.3815,-1.377,SL,1,-1.852,SL,1,0
2559,2024-01-09 21:15:00+00:00,ETHUSDT,2277.39,2270.1521099987854,2265.718932735385,16.495962500840843,5,1,0.2687,-1.1388,1,0.4388,0.7075,-0.0319,0.093,0.0186,-0.0166,0.0316,0.0008,-0.0111,0.0103,-0.0052,-0.0109,-0.0103,0.007243,6.3662,0.4757,0.3847,0.0786,0.5367,1.561,TP,1,-1.02,SL,1,1
2572,2024-01-09 22:20:00+00:00,BNBUSDT,299.9,300.0864715649997,299.14407671902063,1.8955889369393577,5,0,0.4972,-0.0587,0,-0.0984,0.3988,-0.562,0.05,0.0262,0.016,0.0132,0.0019,-0.0046,-0.0016,-0.0076,-0.0112,-0.0103,0.006321,0.241,0.4713,0.8,0.1,0.1,-1.875,SL,6,-1.398,SL,1,0
2593,2024-01-10 00:05:00+00:00,SOLUSDT,99.8,99.17526551405888,98.81916609950635,0.7437314695024699,4,1,0.4788,-0.2399,1,0.84,1.3188,0.5551,0.1054,0.0678,0.0214,0.0389,0.0209,-0.0006,0.0089,-0.0008,-0.0122,-0.009,0.007452,1.0103,0.5158,0.5393,0.1461,0.3146,-1.427,SL,7,-1.02,SL,1,0
2618,2024-01-10 02:10:00+00:00,SOLUSDT,99.61,99.02394827708515,98.79734780349376,0.5767247601392771,4,1,0.3929,-0.3369,1,1.0162,1.4091,0.6123,0.1547,0.0937,0.0079,0.0585,0.0297,-0.0062,0.0203,0.005,-0.0132,-0.0109,0.00579,1.2817,0.5773,0.0189,0.717,0.2642,-1.518,SL,6,-1.02,SL,1,0
2651,2024-01-10 04:55:00+00:00,BNBUSDT,301.0,301.5982438530083,301.3100308679136,0.6855608940844693,0,0,0.4204,-0.0851,-1,-0.8726,-0.4522,-0.4473,0.0121,-0.0096,-0.0226,0.0082,-0.001,-0.0033,0.0115,0.0071,0.0066,0.0031,0.002278,2.2542,0.3355,1.0,0.0,0.0,-1.12,SL,1,-1.443,SL,10,0
2651,2024-01-10 04:55:00+00:00,SOLUSDT,98.82,99.40725040149813,99.2321333946834,0.4303587671736856,0,0,0.4069,-0.2279,-1,-1.3646,-0.9577,-1.1415,-0.1076,-0.0806,-0.0021,-0.026,-0.0108,0.023,-0.0101,-0.0022,0.014,0.0049,0.004355,1.1567,0.4282,0.5349,0.0698,0.3953,-1.12,SL,1,-1.63,SL,3,0
2714,2024-01-10 10:10:00+00:00,BNBUSDT,300.9,300.4390276876073,300.13670991721176,0.6614305534160978,5,0,0.4571,-0.2076,1,0.6969,1.154,0.1991,0.1065,0.114,0.1303,0.0378,0.036,0.029,0.0092,0.0074,0.002,-0.0045,0.002198,0.4029,0.553,0.5,0.3333,0.1667,-1.714,SL,5,-1.02,SL,1,0
2746,2024-01-10 12:50:00+00:00,ETHUSDT,2356.61,2393.2677146915253,2386.3021418217086,15.117319237287173,2,1,0.4608,-0.258,-1,-2.4249,-1.9641,-0.669,-0.1794,-0.1646,-0.0981,-0.08,-0.0685,-0.0336,-0.0291,-0.0221,-0.0027,0.0129,0.006415,1.7795,0.3945,0.6389,0.0489,0.3122,-1.12,SL,1,-0.727,TIME_12B,12,0
2767,2024-01-10 14:35:00+00:00,ETHUSDT,2389.59,2386.2860608203937,2383.2471600823296,8.026071256061933,3,0,0.3786,-0.212,1,0.4117,0.7903,2.533,0.1076,0.0658,0.0146,0.0234,0.0022,-0.0215,0.0165,0.006,-0.0046,0.0175,0.003359,0.4974,0.6226,0.117,0.0877,0.7953,-1.784,SL,3,-1.02,SL,1,0
2834,2024-01-10 20:10:00+00:00,SOLUSDT,94.53,96.37514489874654,95.91929347398874,1.0339309129297867,0,0,0.4409,-0.5323,-1,-1.7846,-1.3437,-1.8818,-0.0947,-0.0626,-0.0495,-0.0206,-0.005,0.0072,-0.0067,0.0012,0.0074,-0.0021,0.010938,4.4572,0.4583,0.4747,0.0101,0.5152,-1.12,SL,1,-1.209,SL,9,0
2834,2024-01-10 20:10:00+00:00,BNBUSDT,293.6,296.64212142674955,296.09646469435137,1.741473231565187,1,2,0.3133,-0.6113,-1,-1.7469,-1.4335,-2.0612,-0.0668,-0.0112,0.0225,-0.0092,0.0137,0.0269,-0.0047,0.0064,0.0119,-0.0006,0.005931,6.4927,0.4195,0.4462,0.0,0.5538,-1.12,SL,1,-1.383,SL,11,0
2840,2024-01-10 20:40:00+00:00,BTCUSDT,45479.73,46001.40294842464,45812.23118475569,472.9785642452002,0,0,0.4,-0.28,-1,-1.103,-0.703,-0.6511,-0.0678,-0.083,-0.047,-0.0208,-0.0237,-0.0028,-0.0033,-0.0042,0.0071,0.0041,0.0104,2.7459,0.4922,0.3211,0.2963,0.3826,-1.12,SL,1,-1.333,SL,3,0
2969,2024-01-11 07:25:00+00:00,SOLUSDT,100.16,99.78505136476146,99.54527159589375,0.48785701696327416,3,0,0.4915,-0.4368,1,0.7686,1.2601,2.0515,0.1215,0.0955,0.0021,0.023,0.0071,-0.0354,0.0129,0.0048,-0.0152,0.0052,0.004871,2.9467,0.6103,0.1442,0.8173,0.0385,-1.669,SL,2,-1.02,SL,1,0
2989,2024-01-11 09:05:00+00:00,BTCUSDT,46298.0,46209.35912066266,46173.73221378759,73.1523939368916,4,1,0.487,-0.1186,1,1.2117,1.6988,1.7871,0.1431,0.1349,0.1688,0.064,0.0554,0.0562,0.021,0.0154,0.0132,0.0122,0.00158,1.143,0.6103,0.2837,0.7162,0.0001,-1.094,TIME_12B,12,-1.02,SL,1,0
3068,2024-01-11 15:40:00+00:00,BNBUSDT,308.2,313.3742233651402,312.3810080492263,2.075779290911814,2,1,0.4785,-0.2772,-1,-2.4927,-2.0142,-0.6525,-0.1537,-0.1307,-0.063,-0.07,-0.0572,-0.0253,-0.0239,-0.0164,0.0012,0.0154,0.006735,2.2768,0.3969,0.383,0.1702,0.4468,-1.12,SL,1,0.168,TIME_12B,12,0
3070,2024-01-11 15:50:00+00:00,SOLUSDT,100.75,104.0486705266314,103.32937072721177,1.5220203355514765,2,1,0.4726,-0.3367,-1,-2.1673,-1.6947,-0.7901,-0.201,-0.1599,-0.1208,-0.0879,-0.0655,-0.0407,-0.0328,-0.0202,-0.0058,0.0072,0.015107,1.7103,0.4883,0.0936,0.4147,0.4916,-1.12,SL,1,0.295,TIME_12B,12,0
3073,2024-01-11 16:05:00+00:00,ETHUSDT,2593.08,2637.607623047527,2628.97977092512,20.694971673612432,2,1,0.4169,-0.1541,-1,-2.1516,-1.7347,-0.2625,-0.1292,-0.145,-0.0893,-0.0572,-0.0586,-0.0274,-0.019,-0.0186,-0.0012,0.0155,0.007981,0.8888,0.391,0.8765,0.0359,0.0877,-1.12,SL,1,-0.58,TIME_12B,12,0
3075,2024-01-11 16:15:00+00:00,BTCUSDT,46278.63,47260.548130521434,47056.9728717194,449.8726750983322,2,1,0.4525,-0.3693,-1,-2.1827,-1.7301,-1.047,-0.2335,-0.1992,-0.1469,-0.0982,-0.0772,-0.0428,-0.0383,-0.0263,-0.0068,0.0045,0.009721,1.239,0.4526,0.3526,0.0924,0.5549,-1.12,SL,1,0.092,TIME_12B,12,0
3121,2024-01-11 20:05:00+00:00,ETHUSDT,2628.01,2613.348356245025,2610.50539096658,7.018241196813151,4,1,0.4051,-0.3605,1,2.0891,2.4942,3.9854,0.2055,0.1674,0.0859,0.079,0.0569,0.0164,0.0298,0.0176,-0.0037,0.018,0.002671,0.9893,0.569,0.9062,0.061,0.0328,-1.662,SL,6,-1.02,SL,1,0
3123,2024-01-11 20:15:00+00:00,BTCUSDT,46844.51,46681.832822711505,46617.3189972477,132.26546881115337,4,1,0.4878,-0.3883,1,1.2299,1.7177,1.67,0.2303,0.1823,0.1303,0.0926,0.0653,0.0324,0.0349,0.0198,0.0014,0.0049,0.002823,1.4177,0.4185,0.77,0.0001,0.2299,-1.861,SL,3,-1.02,SL,1,0
3137,2024-01-11 21:25:00+00:00,ETHUSDT,2612.71,2612.2796486467037,2609.000059393903,8.60486864815612,5,2,0.3811,-0.1052,1,0.05,0.4311,1.3071,0.0589,0.016,-0.0736,0.0177,-0.0015,-0.0307,0.0027,-0.0072,-0.0208,0.0034,0.003293,0.3306,0.4612,0.2553,0.7207,0.0239,-1.535,SL,2,-1.119,SL,1,0
3163,2024-01-11 23:35:00+00:00,ETHUSDT,2618.84,2612.7525841258766,2610.8343499207904,5.234472697829907,1,2,0.3665,0.0809,1,1.1629,1.5294,2.9209,0.0727,0.1174,0.0968,0.0413,0.0559,0.0382,0.0165,0.0229,0.012,0.0219,0.001999,1.0768,0.6492,0.6732,0.1895,0.1373,-1.81,SL,8,-1.02,SL,1,0
3169,2024-01-12 00:05:00+00:00,BNBUSDT,309.3,308.4307522957065,308.03116093766283,0.8091627256214038,4,1,0.4938,-0.1533,1,1.0743,1.5681,1.1086,0.0727,0.0897,0.0956,0.0342,0.0385,0.0335,0.0062,0.0076,0.0032,0.0018,0.002616,2.8615,0.5482,0.6923,0.2308,0.0769,-1.935,SL,2,-1.02,SL,1,0
3178,2024-01-12 00:50:00+00:00,ETHUSDT,2605.45,2611.559524700977,2610.061137546718,7.8743744114490415,5,4,0.1903,0.1148,-1,-0.7759,-0.5856,0.1019,-0.0463,-0.0814,-0.05,-0.0203,-0.0316,-0.0124,-0.0119,-0.0171,-0.0069,0.0063,0.003022,0.5337,0.4106,0.4212,0.5054,0.0734,-1.12,SL,1,0.008,TIME_12B,12,0
3240,2024-01-12 06:00:00+00:00,ETHUSDT,2607.9,2601.9830825589816,2599.502706958072,5.635873412914787,4,1,0.4401,-0.296,1,1.0499,1.49,1.1313,0.1625,0.0967,0.0529,0.0614,0.0302,0.009,0.0207,0.0041,-0.0071,-0.0027,0.002161,2.3327,0.5302,0.1627,0.8354,0.0018,-0.501,TIME_12B,12,-1.02,SL,1,0
3253,2024-01-12 07:05:00+00:00,SOLUSDT,98.95,99.28967343735411,99.11418086136347,0.3716138912925585,1,1,0.4722,-0.237,-1,-0.914,-0.4418,-2.2081,-0.0985,-0.0391,0.0597,-0.0155,0.0115,0.0509,-0.0171,-0.004,0.0135,-0.0071,0.003756,0.486,0.476,0.0769,0.8718,0.0513,-1.12,SL,1,0.472,TIME_12B,12,2
3261,2024-01-12 07:45:00+00:00,ETHUSDT,2595.73,2608.3630341774146,2605.478731729595,7.189078757873064,0,0,0.4012,-0.3709,-1,-1.7573,-1.356,-1.0947,-0.1542,-0.0669,-0.0232,-0.0435,-0.0048,0.0167,-0.0185,0.001,0.0113,0.0084,0.00277,1.3703,0.3701,0.7154,0.191,0.0936,-1.12,SL,1,-0.775,TIME_12B,12,0
3284,2024-01-12 09:40:00+00:00,ETHUSDT,2606.56,2601.9395906216755,2598.3385038749116,8.162138607952059,5,0,0.4412,-0.2745,1,0.5661,1.0073,0.5611,0.082,0.0018,0.0102,0.0192,-0.0133,-0.0105,0.0049,-0.0112,-0.0094,-0.0045,0.003131,1.3942,0.5243,0.2222,0.4057,0.3721,0.18,TIME_12B,12,-1.02,SL,1,0
3297,2024-01-12 10:45:00+00:00,BNBUSDT,309.6,309.4058418327383,309.06259405918996,0.7004989866911837,5,0,0.49,-0.1072,1,0.2772,0.7672,0.4013,0.0429,0.0496,0.0686,0.0091,0.0096,0.0113,-0.003,-0.0031,-0.003,-0.0001,0.002263,0.6301,0.6094,0.5714,0.4286,0.0,-0.01,TIME_12B,12,-1.02,SL,1,0
3306,2024-01-12 11:30:00+00:00,BTCUSDT,46154.0,46024.18830347794,45978.762227202584,98.84823260301414,1,2,0.4596,-0.2841,1,1.3132,1.7728,0.1117,0.1711,0.1145,0.107,0.0817,0.0556,0.045,0.0305,0.0163,0.0088,-0.0091,0.002142,3.1024,0.541,0.5033,0.3351,0.1616,-1.963,SL,5,-1.02,SL,1,0
3317,2024-01-12 12:25:00+00:00,SOLUSDT,98.81,98.64980244999725,98.46803559663311,0.42078317341267946,4,1,0.432,-0.2949,1,0.3807,0.8127,-0.7477,0.0884,0.0308,0.0182,0.0319,0.0076,0.0025,0.0065,-0.0061,-0.009,-0.0163,0.004259,1.757,0.5574,0.5,0.48,0.02,-1.981,SL,2,-1.02,SL,1,0
3319,2024-01-12 12:35:00+00:00,BTCUSDT,45903.39,46019.01814576964,45989.601002393196,102.13774693153401,4,1,0.288,-0.0106,-1,-1.1321,-0.8441,-2.1859,-0.0497,-0.018,-0.0226,-0.0105,0.0029,0.0043,-0.0109,-0.0045,-0.0043,-0.0131,0.002225,0.703,0.4761,0.5714,0.2781,0.1505,-1.12,SL,1,0.259,TIME_12B,12,0
3343,2024-01-12 14:35:00+00:00,SOLUSDT,98.13,98.42641380129086,98.2057246728946,0.4719219916243552,5,0,0.4676,-0.3186,-1,-0.6281,-0.1605,-1.6047,0.0575,0.0424,0.0174,0.0187,0.0101,-0.0021,0.0013,-0.0035,-0.01,-0.0152,0.004809,2.0584,0.4856,0.4359,0.4487,0.1154,-1.12,SL,1,-1.859,SL,3,0
3347,2024-01-12 14:55:00+00:00,BNBUSDT,310.1,310.82822731435624,310.39294697164826,0.9259743106127257,0,0,0.4701,-0.3358,-1,-0.7864,-0.3164,0.1532,-0.1275,-0.1263,-0.0564,-0.0427,-0.036,-0.0018,-0.0131,-0.0088,0.0088,0.0094,0.002986,0.9437,0.4479,0.3636,0.3636,0.2727,-1.12,SL,1,1.481,TP,5,2
3370,2024-01-12 16:50:00+00:00,ETHUSDT,2616.12,2662.2318671173693,2651.4399278867945,23.466224284295727,2,1,0.4599,-0.2865,-1,-1.965,-1.5051,-0.8176,-0.0843,-0.0479,-0.0354,-0.0325,-0.0164,-0.01,-0.006,0.0025,0.0065,0.0104,0.00897,1.9532,0.472,0.8566,0.0189,0.1245,-1.12,SL,1,0.381,TIME_12B,12,2
3567,2024-01-13 09:15:00+00:00,ETHUSDT,2540.46,2551.3617877549127,2549.291188295759,5.8396090169665955,0,0,0.3546,-0.3879,-1,-1.8669,-1.5123,-3.1724,-0.1244,-0.0656,-0.0173,-0.0355,-0.009,0.0134,-0.0137,-0.0002,0.0107,-0.0123,0.002299,2.4898,0.3993,0.5796,0.1194,0.3011,-1.12,SL,1,-0.011,TIME_12B,12,0
3569,2024-01-13 09:25:00+00:00,BTCUSDT,43003.99,43087.57504929452,43046.27166420197,88.19381885960684,0,0,0.4683,-0.5564,-1,-0.9477,-0.4794,-4.1481,-0.1558,-0.1048,-0.0524,-0.0425,-0.0161,0.0118,-0.0181,-0.0045,0.0092,-0.0344,0.002051,1.1964,0.6054,0.7522,0.0275,0.2203,-1.12,SL,1,0.252,TIME_12B,12,0
3576,2024-01-13 10:00:00+00:00,SOLUSDT,92.23,92.6139896897902,92.47238199234721,0.3164966045095483,0,0,0.4474,-0.257,-1,-1.2133,-0.7658,-2.8658,-0.0779,-0.0678,-0.0626,-0.021,-0.0138,-0.0056,-0.0042,-0.0001,0.0045,-0.0201,0.003432,1.7576,0.3793,0.6875,0.1042,0.2083,-1.12,SL,1,0.327,TIME_12B,12,2
3590,2024-01-13 11:10:00+00:00,BNBUSDT,298.4,298.77732142742485,298.4785108220727,0.6176418641642476,0,0,0.4838,-0.1545,-1,-0.6109,-0.1271,-1.3953,-0.0166,-0.0214,-0.021,-0.0053,-0.0066,-0.0045,0.0073,0.007,0.0089,-0.0093,0.00207,0.7724,0.4114,0.625,0.125,0.25,-1.15,SL,1,-1.357,SL,3,0
3601,2024-01-13 12:05:00+00:00,SOLUSDT,92.54,92.30361222441697,92.18014134569846,0.2563282256026156,5,0,0.4817,-0.2253,1,0.9222,1.4039,-1.3756,0.1047,0.0734,0.035,0.0255,0.0097,-0.0115,0.0079,-0.0002,-0.0108,-0.0297,0.00277,0.8466,0.5569,0.7857,0.1429,0.0714,-2.007,SL,1,-1.02,SL,1,0
3605,2024-01-13 12:25:00+00:00,ETHUSDT,2547.05,2543.9841509116245,2541.355683445066,6.048378359256818,5,0,0.4346,-0.1468,1,0.5069,0.9415,-0.938,0.0411,0.0478,0.056,0.0095,0.0109,0.0081,-0.0023,-0.0018,-0.004,-0.0173,0.002375,0.9293,0.625,0.7,0.26,0.04,-1.662,SL,7,-1.02,SL,1,0
3626,2024-01-13 14:10:00+00:00,BNBUSDT,298.1,299.110962143423,298.8647814445771,0.5603357543784037,2,1,0.4393,-0.4416,-1,-1.8042,-1.3649,-2.0584,-0.1333,-0.0959,-0.0383,-0.0475,-0.0295,-0.0025,-0.0137,-0.0041,0.01,-0.0024,0.00188,0.9794,0.5285,0.0,0.5,0.5,-1.12,SL,1,-1.775,SL,4,0
3637,2024-01-13 15:05:00+00:00,BTCUSDT,43052.99,42825.85982411959,42784.07966861159,86.96096479876157,4,1,0.4804,-0.1739,1,2.6119,3.0923,-0.1045,0.1901,0.1743,0.1108,0.0872,0.076,0.0411,0.0321,0.0251,0.0054,-0.0268,0.00202,1.2993,0.5923,0.9834,0.0001,0.0165,-0.665,TIME_12B,12,-1.02,SL,1,0
3639,2024-01-13 15:15:00+00:00,SOLUSDT,92.52,92.18586362675956,92.05228234235659,0.4132466706145143,5,0,0.3232,-0.346,1,0.8086,1.1318,-0.29,0.1004,0.0448,-0.0024,0.0311,0.0061,-0.0144,0.011,-0.0017,-0.0119,-0.0175,0.004467,0.7478,0.6284,0.6,0.1455,0.2545,-0.813,TIME_12B,12,-1.02,SL,1,0
3641,2024-01-13 15:25:00+00:00,ETHUSDT,2556.65,2546.4636318133175,2544.353332168728,4.8015539733153,1,2,0.4395,0.2889,1,2.1215,2.561,1.3227,0.2283,0.1856,0.0919,0.1014,0.0778,0.0341,0.0489,0.0359,0.0129,-0.0074,0.001878,0.4334,0.5259,0.257,0.0782,0.6648,-0.101,TIME_12B,12,-1.02,SL,1,0
3665,2024-01-13 17:25:00+00:00,SOLUSDT,92.56,92.33556465834549,92.29918850695131,0.37086433134909796,0,2,0.0981,0.0589,1,0.6052,0.7033,-0.1172,0.0241,-0.0526,-0.0358,0.0099,-0.0189,-0.0055,0.0057,-0.0084,-0.0009,-0.009,0.004007,0.8276,0.2862,0.3793,0.0345,0.5862,-0.245,TIME_12B,12,-1.02,SL,1,0
3668,2024-01-13 17:40:00+00:00,BTCUSDT,42874.22,42939.122508535904,42900.86982579915,84.10728574773077,0,0,0.4548,-0.0831,-1,-0.7717,-0.3169,-2.0203,-0.049,-0.0328,-0.0706,-0.0076,0.0004,-0.0086,0.0011,0.0052,0.0011,-0.0176,0.001962,0.8447,0.4177,0.7258,0.0002,0.274,-1.12,SL,1,-0.372,TIME_12B,12,0
3715,2024-01-13 21:35:00+00:00,BTCUSDT,42877.87,42879.10326953728,42876.524070565094,55.14430184195584,4,3,0.0468,-0.0138,0,-0.0224,0.0244,-1.7862,0.0214,0.0611,0.0521,0.0097,0.0238,0.0154,0.0037,0.0104,0.0056,-0.0161,0.001286,0.5023,0.428,0.9112,0.0,0.0888,-1.177,SL,2,-1.078,SL,1,0
3740,2024-01-13 23:40:00+00:00,BTCUSDT,42812.14,42900.82598275402,42895.06009883379,54.66093814839648,2,1,0.1055,-0.3304,-1,-1.6225,-1.517,-2.7837,-0.169,-0.1267,-0.0447,-0.0642,-0.0416,-0.0046,-0.0289,-0.0168,0.0018,-0.0122,0.001277,1.1275,0.334,0.5882,0.2101,0.2018,-1.12,SL,1,-0.354,TIME_12B,12,0
3760,2024-01-14 01:20:00+00:00,BNBUSDT,302.0,301.8526681705066,301.52239525382043,0.6697184985847313,3,1,0.4932,-0.1594,1,0.22,0.7131,1.2048,0.0218,0.004,-0.074,-0.0136,-0.0227,-0.0507,-0.003,-0.0071,-0.0191,-0.0006,0.002218,1.2397,0.583,0.8889,0.1111,0.0,-0.654,TIME_12B,12,-1.02,SL,1,0
3770,2024-01-14 02:10:00+00:00,ETHUSDT,2564.78,2570.1903383521235,2568.1739507718567,4.062648297018103,2,0,0.4963,-0.0647,-1,-1.3317,-0.8354,0.1671,-0.0916,-0.0649,-0.0263,-0.0472,-0.0352,-0.0193,-0.0125,-0.0057,0.0035,0.0125,0.001584,1.0322,0.596,0.437,0.4852,0.0778,-1.12,SL,1,-0.493,TIME_12B,12,0
3795,2024-01-14 04:15:00+00:00,BNBUSDT,301.7,302.23869945017645,302.0481675629528,0.5188431911661512,0,0,0.3672,-0.2288,-1,-1.0383,-0.671,0.3098,-0.0351,-0.0528,-0.0438,-0.0105,-0.0153,-0.0068,0.0019,-0.0,0.005,0.0129,0.00172,1.5335,0.4225,0.6667,0.1111,0.2222,-1.12,SL,1,-1.514,SL,12,0
3879,2024-01-14 11:15:00+00:00,BTCUSDT,42847.99,42909.291992022976,42881.738094513836,55.951663324958986,2,1,0.4925,-0.236,-1,-1.0956,-0.6032,-0.594,-0.1776,-0.1643,-0.0809,-0.0712,-0.0585,-0.0164,-0.0245,-0.0167,0.0057,0.0032,0.001306,0.5332,0.6306,0.9984,0.0002,0.0014,-1.12,SL,1,-1.359,SL,2,0
3888,2024-01-14 12:00:00+00:00,BNBUSDT,303.6,304.1480222022043,303.83313894750853,0.6362185179584332,2,1,0.4949,-0.1242,-1,-0.8614,-0.3664,0.8096,-0.0998,-0.1124,-0.0753,-0.0455,-0.0464,-0.0264,-0.0119,-0.0112,0.0002,0.0128,0.002096,1.3537,0.5105,0.375,0.125,0.5,-1.12,SL,1,-1.466,SL,2,0
3893,2024-01-14 12:25:00+00:00,SOLUSDT,97.11,97.19219889462529,97.03984735625735,0.3093608981342132,3,1,0.4925,-0.0878,0,-0.2657,0.2268,2.3723,0.0012,-0.0038,-0.0519,-0.0207,-0.0243,-0.0422,-0.0013,-0.0025,-0.0094,0.019,0.003186,1.3888,0.5066,0.3243,0.1622,0.5135,-1.391,SL,1,0.926,TIME_12B,12,2
3910,2024-01-14 13:50:00+00:00,SOLUSDT,97.85,96.99645902362433,96.87485399140171,0.41456965879456387,3,2,0.2933,-0.4262,1,2.0589,2.3522,3.4026,0.0975,0.0384,-0.0202,0.0207,-0.005,-0.028,0.0104,-0.0022,-0.0125,0.0077,0.004237,2.5335,0.5657,0.87,0.13,0.0,0.153,TIME_12B,12,-1.02,SL,1,0
3912,2024-01-14 14:00:00+00:00,BTCUSDT,42942.94,42853.98164377875,42836.72135656665,53.19974176747011,5,0,0.3244,-0.6223,1,1.6722,1.9966,1.4613,0.1793,0.0893,0.032,0.056,0.0155,-0.0116,0.0247,0.0041,-0.0091,-0.0068,0.001239,1.3124,0.7108,0.657,0.0205,0.3225,-1.663,SL,4,-1.02,SL,1,0
3969,2024-01-14 18:45:00+00:00,BTCUSDT,42890.6,42927.74084356901,42898.45115431633,59.38291930369823,0,0,0.4932,-0.3053,-1,-0.6254,-0.1322,0.0576,-0.0521,-0.0774,-0.021,-0.0105,-0.0172,0.009,0.0015,-0.0014,0.0118,0.0077,0.001385,1.3178,0.4074,0.3586,0.1333,0.5081,-1.139,SL,1,-0.095,TIME_12B,12,0
3977,2024-01-14 19:25:00+00:00,BNBUSDT,304.4,305.4161292908202,305.0768534623784,0.7110778057458695,2,1,0.4771,-0.3236,-1,-1.429,-0.9519,0.0809,-0.1088,-0.0559,-0.0385,-0.0391,-0.015,-0.0063,-0.0091,0.0036,0.0085,0.0151,0.002336,1.7917,0.1246,1.0,0.0,0.0,-1.12,SL,1,-0.357,TIME_12B,12,0
4011,2024-01-14 22:15:00+00:00,BNBUSDT,304.9,304.58906167653976,304.2819284958015,0.7128447169397963,5,0,0.4309,-0.2555,1,0.4362,0.867,0.8884,0.1214,0.1394,0.0062,0.0347,0.0352,-0.0242,0.0128,0.0123,-0.0173,-0.0038,0.002338,0.9167,0.5316,0.1429,0.1429,0.7143,-1.618,SL,2,-1.02,SL,1,0
4054,2024-01-15 01:50:00+00:00,BNBUSDT,304.6,303.59906839650574,303.261470883179,0.7398998375740227,4,1,0.4563,-0.0654,1,1.3528,1.8091,1.1316,0.1508,0.1493,0.1283,0.0675,0.0614,0.0439,0.0233,0.0189,0.0082,0.0013,0.002429,0.7947,0.5181,0.2222,0.3333,0.4444,0.461,TIME_12B,12,-1.02,SL,1,1
4123,2024-01-15 07:35:00+00:00,ETHUSDT,2505.34,2511.1478815112964,2509.992799202614,2.72102252434931,0,0,0.4245,-0.491,-1,-2.1344,-1.7099,-3.6426,-0.1694,-0.1412,-0.1062,-0.0521,-0.0348,-0.0098,-0.0203,-0.011,0.0021,-0.0193,0.001086,1.3895,0.4761,0.4661,0.0028,0.5311,-1.12,SL,1,-1.528,SL,2,0
4167,2024-01-15 11:15:00+00:00,BTCUSDT,42603.99,42647.55356412987,42617.64504770805,61.48069869804131,2,1,0.4865,-0.0936,-1,-0.7086,-0.2221,-0.0831,-0.0797,-0.1022,-0.0695,-0.0372,-0.042,-0.0237,-0.0081,-0.0094,0.0012,0.0022,0.001443,0.6835,0.4702,0.2218,0.3479,0.4303,-1.12,SL,1,-1.283,SL,6,0
4181,2024-01-15 12:25:00+00:00,BNBUSDT,317.8,314.4153249912849,313.61655341154346,1.7225944864144425,2,0,0.4637,-0.8252,1,1.9649,2.4286,3.7836,0.1597,0.0508,0.0092,0.0539,0.0087,-0.0074,0.0353,0.013,0.0063,0.0171,0.00542,11.0381,0.5667,0.275,0.425,0.3,-0.052,TIME_12B,12,-1.02,SL,1,0
4201,2024-01-15 14:05:00+00:00,SOLUSDT,94.91,95.41069607839788,95.22279414153306,0.39543554709793655,5,0,0.4752,-0.1723,-1,-1.2662,-0.791,-2.2152,0.011,0.051,0.0194,0.0017,0.0147,-0.0021,-0.007,-0.0012,-0.0103,-0.0151,0.004166,1.65,0.4237,0.6047,0.0116,0.3837,-1.12,SL,1,1.614,TP,8,2
4205,2024-01-15 14:25:00+00:00,BTCUSDT,42440.67,42675.06324180398,42649.47469976572,113.33608678111645,0,0,0.2258,-0.4548,-1,-2.0681,-1.8423,-1.6711,-0.1287,-0.0903,0.0042,-0.0446,-0.0255,0.0115,-0.0171,-0.007,0.011,0.0073,0.00267,3.0181,0.4411,0.5655,0.0034,0.431,-1.12,SL,1,-0.428,TIME_12B,12,0
4225,2024-01-15 16:05:00+00:00,BNBUSDT,316.1,315.7647658908746,315.2196199309947,1.1968880786460727,2,1,0.4555,-0.1163,1,0.2801,0.7356,2.4694,-0.0177,-0.0582,-0.0829,-0.0228,-0.0372,-0.0421,-0.0019,-0.0081,-0.0085,0.0144,0.003786,1.5481,0.5962,0.6316,0.2632,0.1053,0.418,TIME_12B,12,-1.023,SL,1,1
4237,2024-01-15 17:05:00+00:00,ETHUSDT,2532.68,2524.5719716066096,2522.698432092837,4.442762993064186,5,0,0.4217,-0.37,1,1.825,2.2467,2.1381,0.1466,0.1346,0.0755,0.0373,0.0271,-0.0062,0.0161,0.0106,-0.006,0.0002,0.001754,1.4523,0.6138,0.9231,0.0769,0.0,-0.463,TIME_12B,12,-1.02,SL,1,0
4241,2024-01-15 17:25:00+00:00,BTCUSDT,42692.0,42538.05951519815,42507.47065525713,65.91027083946621,4,1,0.4641,-0.2357,1,2.3356,2.7997,1.8989,0.2435,0.2678,0.1944,0.1011,0.1005,0.0529,0.0394,0.0371,0.0106,-0.0002,0.001544,0.7576,0.5527,0.6658,0.0371,0.2972,1.395,TP,12,-1.02,SL,1,1
4286,2024-01-15 21:10:00+00:00,ETHUSDT,2526.34,2533.5091939663976,2531.6331359258356,3.8070049699610387,2,1,0.4928,-0.0827,-1,-1.8832,-1.3904,-0.4958,-0.1404,-0.1642,-0.1349,-0.0652,-0.0699,-0.0456,-0.0214,-0.0224,-0.0077,0.0062,0.001507,0.5049,0.4288,0.8889,0.1111,0.0,-1.12,SL,1,0.54,TIME_12B,12,2
4287,2024-01-15 21:15:00+00:00,SOLUSDT,94.74,95.44537256615467,95.30761440352346,0.30971761739164516,2,1,0.4448,-0.4393,-1,-2.2775,-1.8327,-2.1924,-0.2391,-0.2273,-0.1488,-0.0903,-0.0764,-0.0291,-0.0345,-0.0261,-0.0005,-0.0035,0.003269,0.7729,0.4995,0.12,0.84,0.04,-1.12,SL,1,1.003,TIME_12B,12,2
4312,2024-01-15 23:20:00+00:00,BNBUSDT,317.2,316.4817337748977,316.1917599362864,0.6706648827046133,5,1,0.4324,-0.2972,1,1.071,1.5033,2.7953,0.1587,0.1354,0.0429,0.041,0.0248,-0.0211,0.019,0.0104,-0.0121,0.0122,0.002114,0.5521,0.511,0.5,0.0,0.5,-0.531,TIME_12B,12,-1.02,SL,1,0
4330,2024-01-16 00:50:00+00:00,BNBUSDT,315.8,316.7197273023637,316.65190308841954,0.7801424263938669,2,1,0.0869,-0.1961,-1,-1.1789,-1.092,0.2378,-0.1195,-0.0935,-0.0346,-0.0466,-0.0318,-0.0053,-0.0208,-0.0127,0.0008,0.0147,0.00247,0.7575,0.4595,0.3333,0.3333,0.3333,-1.12,SL,1,-1.703,SL,5,0
4331,2024-01-16 00:55:00+00:00,SOLUSDT,94.89,94.86939021593686,94.73728882087866,0.2780683509612136,5,0,0.4751,-0.1729,1,0.0741,0.5492,-0.7782,0.0657,0.087,0.0989,0.0229,0.0276,0.0219,0.002,0.0036,-0.0009,-0.0096,0.00293,0.7557,0.3558,0.25,0.2857,0.4643,1.379,TP,3,-1.094,SL,1,1
4355,2024-01-16 02:55:00+00:00,BTCUSDT,42710.0,42672.87954145399,42649.33998560648,59.26774613947155,5,0,0.3972,-0.1555,1,0.6263,1.0235,0.6497,0.0329,0.0438,0.0484,0.0094,0.0129,0.0089,-0.0029,-0.0015,-0.0044,-0.0019,0.001388,1.9093,0.5331,0.7418,0.1985,0.0597,0.284,TIME_12B,12,-1.02,SL,1,0
4361,2024-01-16 03:25:00+00:00,ETHUSDT,2521.6,2520.161922749738,2518.302600438436,4.018568521941113,4,1,0.4627,-0.2884,1,0.3579,0.8205,-0.1336,0.1219,0.0797,0.065,0.058,0.0385,0.0303,0.0186,0.0079,0.0025,-0.0041,0.001594,0.8834,0.4111,0.9982,0.0018,0.0,0.183,TIME_12B,12,-1.02,SL,1,0
4397,2024-01-16 06:25:00+00:00,BTCUSDT,42702.2,42778.43820441543,42753.068886094836,51.31875841566868,0,0,0.4943,-0.6111,-1,-1.4856,-0.9912,-0.3723,-0.221,-0.2065,-0.0865,-0.0807,-0.0662,-0.0063,-0.0292,-0.0205,0.0107,0.0122,0.001202,0.6889,0.4146,0.7943,0.1267,0.079,-1.12,SL,1,-0.34,TIME_12B,12,0
4405,2024-01-16 07:05:00+00:00,BNBUSDT,316.1,315.9016688940732,315.71219298345613,0.3797545658838389,4,1,0.4989,-0.1502,1,0.5223,1.0212,1.1242,0.0989,0.084,0.0603,0.04,0.0311,0.0163,0.009,0.0038,-0.0048,0.004,0.001201,0.826,0.433,0.3333,0.0,0.6667,-1.413,SL,1,-1.02,SL,1,0
4418,2024-01-16 08:10:00+00:00,ETHUSDT,2525.0,2529.1924464199974,2527.470098885353,4.029184779717241,2,1,0.4275,-0.2477,-1,-1.0405,-0.6131,-0.2578,-0.0824,-0.0412,-0.0602,-0.0303,-0.0117,-0.0169,-0.0058,0.004,0.0021,0.0047,0.001596,0.9397,0.3385,0.6186,0.0391,0.3423,-1.12,SL,1,-1.417,SL,2,0
4420,2024-01-16 08:20:00+00:00,BTCUSDT,42823.7,42756.14317370059,42747.68919490556,52.4620193752002,2,1,0.1611,0.0039,1,1.2877,1.4489,1.8903,0.0591,0.0657,0.0464,0.019,0.0197,0.0061,0.0124,0.0126,0.0056,0.0071,0.001225,1.9067,0.6898,0.6422,0.3577,0.0001,0.784,TIME_12B,12,-1.02,SL,1,1
4424,2024-01-16 08:40:00+00:00,BNBUSDT,317.2,316.41296374146896,316.0952003313744,0.7331974943519599,0,1,0.4334,0.1394,1,1.0734,1.5068,1.8845,0.0611,0.029,0.0183,0.037,0.0244,0.022,0.019,0.0125,0.0109,0.0091,0.002311,0.8285,0.5533,0.7143,0.1429,0.1429,0.288,TIME_12B,12,-1.02,SL,1,0
4458,2024-01-16 11:30:00+00:00,ETHUSDT,2528.01,2534.79865590646,2532.569939452586,4.796482854463656,2,1,0.4647,-0.5473,-1,-1.4153,-0.9507,-0.3383,-0.1329,-0.0666,-0.0623,-0.0511,-0.0225,-0.017,-0.0151,-0.0002,0.0036,0.0083,0.001897,3.2377,0.3992,0.3069,0.1311,0.562,-1.12,SL,1,-1.635,SL,11,0
4485,2024-01-16 13:45:00+00:00,SOLUSDT,96.26,96.87016744845711,96.7264592217913,0.31988816237074236,2,1,0.4492,-0.1204,-1,-1.9074,-1.4582,-0.2661,-0.1344,-0.1364,-0.0645,-0.0662,-0.0625,-0.0291,-0.0228,-0.0196,-0.0013,0.0124,0.003323,0.7382,0.305,0.6098,0.2683,0.122,-1.12,SL,1,1.655,TP,10,2
4486,2024-01-16 13:50:00+00:00,BNBUSDT,316.1,317.5690042455644,317.2969336777819,0.5901504195862608,2,1,0.461,-0.2318,-1,-2.4892,-2.0282,-1.0936,-0.1375,-0.113,-0.0434,-0.0564,-0.0428,-0.0099,-0.0176,-0.0099,0.0077,0.0139,0.001867,1.1151,0.3367,0.8333,0.0833,0.0833,-1.12,SL,1,-0.389,TIME_12B,12,0
4487,2024-01-16 13:55:00+00:00,ETHUSDT,2525.81,2536.8363133505986,2534.6356461399496,4.556874059179782,0,0,0.4829,-0.7896,-1,-2.4197,-1.9368,-1.2538,-0.214,-0.1257,-0.0173,-0.0739,-0.0334,0.0135,-0.0267,-0.0058,0.0178,0.0161,0.001804,1.5671,0.4406,0.0689,0.62,0.3111,-1.12,SL,1,-1.881,SL,11,0
4490,2024-01-16 14:10:00+00:00,BTCUSDT,42848.13,42943.70757516932,42903.82034760152,89.47385354652953,2,1,0.4458,-0.2459,-1,-1.0682,-0.6224,0.0912,-0.1033,-0.1342,-0.084,-0.0384,-0.0449,-0.0154,-0.0094,-0.0116,0.0045,0.01,0.002088,0.973,0.5184,0.5959,0.1421,0.262,-1.12,SL,1,1.481,TP,5,2
4505,2024-01-16 15:25:00+00:00,SOLUSDT,96.89,96.47603976372523,96.17523485819973,0.6431279883989189,5,1,0.4677,-0.313,1,0.6437,1.1114,0.957,0.1163,0.0654,-0.0219,0.0281,0.0042,-0.0324,0.0107,-0.0014,-0.0188,-0.0058,0.006638,1.0624,0.5082,0.1064,0.6596,0.234,-0.133,TIME_12B,12,-1.02,SL,1,0
4507,2024-01-16 15:35:00+00:00,BNBUSDT,318.3,316.8711512648164,316.36995809529867,1.270366160293461,5,1,0.3945,-0.4344,1,1.1248,1.5193,1.3281,0.1052,0.0483,-0.0255,0.0248,-0.0006,-0.0306,0.0094,-0.0034,-0.0175,-0.0064,0.003991,1.1421,0.5152,0.2222,0.6667,0.1111,-0.873,TIME_12B,12,-1.02,SL,1,0
4508,2024-01-16 15:40:00+00:00,BTCUSDT,43118.0,42872.78512619413,42864.431085636694,218.7305875169955,0,3,0.0382,-0.3625,1,1.1211,1.1593,1.3284,0.1728,0.1425,0.0381,0.0643,0.0463,-0.0009,0.0315,0.0217,-0.002,0.0004,0.005073,0.4354,0.4686,0.9015,0.0,0.0985,-0.073,TIME_12B,12,-1.02,SL,1,0
4529,2024-01-16 17:25:00+00:00,SOLUSDT,96.77,96.82655104965066,96.68269066905928,0.3913389301553516,0,0,0.3676,-0.0962,0,-0.1445,0.2231,0.8514,-0.0457,-0.0641,-0.0175,-0.0096,-0.0134,0.0089,-0.0009,-0.0024,0.0088,0.0109,0.004044,0.5791,0.4471,0.0909,0.3182,0.5909,-1.441,SL,1,-1.32,SL,4,0
4545,2024-01-16 18:45:00+00:00,BTCUSDT,43023.87,43036.25918552437,42986.04625136802,100.82555889226077,0,0,0.498,-0.4157,0,-0.1229,0.3751,1.0986,-0.1205,-0.1123,-0.065,-0.0437,-0.0349,-0.0097,-0.0118,-0.0064,0.0071,0.0112,0.002343,1.4111,0.4897,0.8836,0.034,0.0824,-1.389,SL,3,-1.172,SL,4,0
4549,2024-01-16 19:05:00+00:00,SOLUSDT,96.93,96.72895875227557,96.69455826770307,0.34675948301750814,2,3,0.0992,-0.0281,1,0.5798,0.679,1.2718,0.0094,-0.0334,-0.0398,-0.001,-0.0174,-0.0149,0.0014,-0.0064,-0.0042,0.0044,0.003577,1.4579,0.65,0.6271,0.2881,0.0847,-1.747,SL,6,-1.02,SL,1,0
4579,2024-01-16 21:35:00+00:00,BNBUSDT,316.9,316.2447818277881,316.0301696521431,0.45125667632938715,4,1,0.4756,-0.1855,1,1.452,1.9276,1.191,0.2019,0.186,0.1181,0.0885,0.0753,0.0369,0.033,0.0249,0.0035,-0.0016,0.001424,1.2602,0.3847,0.8,0.2,0.0,-1.725,SL,12,-1.02,SL,1,0
4594,2024-01-16 22:50:00+00:00,BNBUSDT,315.9,316.4071741949974,316.2792003772705,0.38619271890059564,1,0,0.3314,-0.3369,-1,-1.3133,-0.9819,-1.2964,-0.1825,-0.1127,0.0081,-0.0526,-0.018,0.0332,-0.0289,-0.0112,0.0131,0.005,0.001223,0.5502,0.4411,0.25,0.5,0.25,-1.12,SL,1,-0.176,TIME_12B,12,0
4724,2024-01-17 09:40:00+00:00,SOLUSDT,99.43,98.44988866735831,98.29899964009178,0.3968404267302875,5,0,0.3802,-0.6326,1,2.4698,2.85,3.1385,0.1904,0.1813,0.1225,0.0644,0.0538,0.0158,0.0247,0.0184,-0.0019,0.0057,0.003991,1.5748,0.5864,0.9176,0.0471,0.0353,1.752,TP,11,-1.02,SL,1,1
4752,2024-01-17 12:00:00+00:00,BNBUSDT,314.8,311.20321237753444,310.48303788318714,1.5450978923829366,4,1,0.4661,-0.2616,1,2.3279,2.794,1.4053,0.2222,0.229,0.086,0.0944,0.0888,0.0238,0.0361,0.0316,-0.0024,-0.0115,0.004908,1.4122,0.6525,0.8182,0.0909,0.0909,-0.509,TIME_12B,12,-1.02,SL,1,0
4784,2024-01-17 14:40:00+00:00,ETHUSDT,2562.43,2551.202859294411,2547.576230164626,8.675413085191217,4,1,0.418,-0.3774,1,1.2941,1.7122,0.7318,0.0506,0.0521,0.0165,0.0194,0.0185,0.0024,0.0006,-0.0003,-0.0091,-0.0104,0.003386,4.4313,0.5841,0.8003,0.1437,0.056,-1.73,SL,4,-1.02,SL,1,0
4788,2024-01-17 15:00:00+00:00,BTCUSDT,42691.66,42718.63392045017,42640.808827647656,172.58921425130114,5,0,0.4509,-0.2475,0,-0.1563,0.2946,-0.6491,0.0391,0.053,-0.0015,0.0094,0.0112,-0.0122,-0.0019,-0.0017,-0.0134,-0.0117,0.004043,2.2252,0.4661,0.4947,0.0915,0.4138,-1.519,SL,4,-1.309,SL,2,0
4796,2024-01-17 15:40:00+00:00,BNBUSDT,312.0,312.5640142826964,312.15194225182125,0.8637801586346607,0,0,0.4771,-0.152,-1,-0.653,-0.1759,-0.8272,-0.0595,-0.0238,-0.0088,-0.0111,0.0048,0.0134,-0.0005,0.0075,0.0117,-0.0013,0.002769,1.1892,0.4204,0.2857,0.1429,0.5714,-1.133,SL,1,-0.363,TIME_12B,12,0
4799,2024-01-17 15:55:00+00:00,SOLUSDT,99.38,100.82050220194257,100.47796145352048,0.7186402967026712,2,1,0.4767,-0.1067,-1,-2.0045,-1.5278,-0.4707,-0.1433,-0.1484,-0.0779,-0.0658,-0.063,-0.0276,-0.0219,-0.0192,0.0002,0.0117,0.007231,0.6049,0.5222,0.3333,0.5185,0.1481,-1.12,SL,1,0.214,TIME_12B,12,0
4838,2024-01-17 19:10:00+00:00,SOLUSDT,100.0,99.76181231377055,99.56081995880815,0.46750502241243935,5,0,0.4299,-0.2811,1,0.5095,0.9394,1.0228,0.1239,0.1552,0.1138,0.0435,0.0491,0.0202,0.0132,0.0149,-0.001,0.0047,0.004675,0.7571,0.5046,0.0,0.3778,0.6222,1.457,TP,4,-1.02,SL,1,1
4877,2024-01-17 22:25:00+00:00,BTCUSDT,42566.03,42666.411417741154,42627.57814469498,79.7079382905062,0,0,0.4872,-0.7051,-1,-1.2594,-0.7722,-1.3844,-0.1444,-0.0737,-0.0324,-0.0397,-0.0077,0.0136,-0.015,0.0012,0.0116,-0.0008,0.001873,1.1258,0.5414,0.4707,0.1173,0.412,-1.12,SL,1,-1.568,SL,5,0
4911,2024-01-18 01:15:00+00:00,BTCUSDT,42614.45,42674.019287097144,42654.97186582747,47.765362051626454,0,0,0.3988,-0.4575,-1,-1.2471,-0.8484,-1.3364,-0.1308,-0.0732,-0.0618,-0.0455,-0.0194,-0.0103,-0.0145,-0.0009,0.0043,-0.0031,0.001121,0.8561,0.4783,0.2318,0.2015,0.5667,-1.12,SL,1,-0.88,TIME_12B,12,0
4914,2024-01-18 01:30:00+00:00,SOLUSDT,100.02,101.0948693823291,100.8760048562775,0.5006898151494583,2,1,0.4371,-0.1929,-1,-2.1468,-1.7097,-0.7671,-0.1585,-0.1373,-0.111,-0.0666,-0.0528,-0.0337,-0.0231,-0.0151,-0.0039,0.0084,0.005006,1.1096,0.418,0.4787,0.1489,0.3723,-1.12,SL,1,-0.769,TIME_12B,12,0
4930,2024-01-18 02:50:00+00:00,SOLUSDT,100.96,100.78758944932011,100.63295712112723,0.3780698403338013,3,0,0.409,-0.2266,1,0.456,0.865,1.4751,0.0791,0.0727,0.0054,0.011,0.0044,-0.027,0.0074,0.0041,-0.0107,0.0044,0.003745,1.4136,0.5128,0.0962,0.6346,0.2692,-1.936,SL,4,-1.02,SL,1,0
4931,2024-01-18 02:55:00+00:00,BTCUSDT,42653.82,42654.46362053754,42648.541375842644,34.37716310813929,0,2,0.1723,0.0127,0,-0.0187,0.1536,-0.4745,0.0425,0.0825,0.0838,0.0164,0.0287,0.0187,0.0116,0.0173,0.0114,-0.0015,0.000806,0.7534,0.3599,0.243,0.0723,0.6847,-1.177,SL,2,-1.056,SL,1,0
4945,2024-01-18 04:05:00+00:00,BNBUSDT,309.4,308.9442655446562,308.67556654029534,0.5630387134599381,4,0,0.4772,-0.0946,1,0.8094,1.2866,-0.7331,0.1112,0.1324,0.0606,0.0595,0.0636,0.031,0.0191,0.0197,0.0017,-0.0159,0.00182,3.2127,0.5415,0.0,0.8333,0.1667,-1.043,TIME_12B,12,-1.02,SL,1,0
4945,2024-01-18 04:05:00+00:00,ETHUSDT,2535.13,2529.821608813936,2528.3872918379357,3.3708702078773927,4,0,0.4255,-0.2709,1,1.5748,2.0003,-0.069,0.098,0.0729,0.053,0.0492,0.0377,0.0272,0.0149,0.0084,0.0017,-0.0168,0.00133,6.6553,0.7726,0.3872,0.6117,0.0011,-1.702,SL,1,-1.02,SL,1,0
4953,2024-01-18 04:45:00+00:00,BTCUSDT,42661.46,42640.447780849165,42636.114109530165,31.374101827453423,5,0,0.1381,-0.2825,1,0.6697,0.8079,0.0074,0.1175,0.0803,0.037,0.0397,0.0207,-0.0015,0.0181,0.0082,-0.003,-0.0087,0.000735,0.9626,0.5196,0.2256,0.4781,0.2963,-0.403,TIME_12B,12,-1.02,SL,1,0
4964,2024-01-18 05:40:00+00:00,ETHUSDT,2529.75,2529.8966129992955,2529.1910681825807,2.989060727265258,4,1,0.236,-0.0256,0,-0.049,0.187,-1.5755,-0.0452,-0.0332,-0.044,-0.0131,-0.0063,-0.0055,-0.0113,-0.008,-0.0075,-0.0197,0.001182,0.4196,0.5473,0.5185,0.4786,0.0028,-1.211,SL,2,-1.079,SL,2,0
4968,2024-01-18 06:00:00+00:00,SOLUSDT,100.78,100.48485932495075,100.33025066072416,0.33051790931088765,5,0,0.4678,-0.3004,1,0.893,1.3607,1.2881,0.09,0.0283,0.051,0.025,-0.0011,0.0034,0.0053,-0.0079,-0.006,0.0013,0.00328,1.2222,0.4495,0.2333,0.3667,0.4,0.277,TIME_12B,12,-1.02,SL,1,0
4988,2024-01-18 07:40:00+00:00,SOLUSDT,100.72,100.80062800363636,100.64010166467982,0.515770014875266,0,1,0.3112,-0.0103,0,-0.1563,0.1549,0.4945,-0.0202,-0.0602,0.0117,0.0019,-0.011,0.0201,0.0027,-0.0035,0.0118,0.0093,0.005121,0.3067,0.4178,0.4231,0.5,0.0769,-1.483,SL,7,-1.386,SL,1,0
5022,2024-01-18 10:30:00+00:00,BTCUSDT,42660.83,42774.65368240988,42752.74551106649,46.27088703131591,3,2,0.4735,-0.1405,-1,-2.4599,-1.9865,-1.4377,-0.16,-0.121,-0.0974,-0.0772,-0.0588,-0.0422,-0.028,-0.0177,-0.0073,0.003,0.001085,0.8591,0.3785,0.5946,0.343,0.0623,-1.12,SL,1,0.459,TIME_12B,12,2
5024,2024-01-18 10:40:00+00:00,ETHUSDT,2525.59,2537.3342923159544,2535.3316368012647,4.250477059350832,0,0,0.4712,-0.8631,-1,-2.7631,-2.2919,-2.3929,-0.2232,-0.1266,-0.0767,-0.0787,-0.0347,-0.0077,-0.0287,-0.0059,0.0084,0.0032,0.001683,0.9562,0.4135,0.6145,0.2189,0.1667,-1.12,SL,1,-0.054,TIME_12B,12,0
5055,2024-01-18 13:15:00+00:00,BNBUSDT,311.6,311.49340278971187,311.1768131366452,0.6462399319449643,0,2,0.4899,-0.0382,1,0.1649,0.6548,1.1761,0.0247,0.0329,-0.0236,0.0092,0.011,-0.0114,0.0145,0.0156,0.0052,0.0078,0.002074,1.9111,0.5473,0.125,0.375,0.5,0.948,TIME_12B,12,-1.099,SL,1,1
5077,2024-01-18 15:05:00+00:00,BTCUSDT,42668.0,42595.15003665354,42558.59811758416,81.12348054123387,4,1,0.4506,-0.2617,1,0.898,1.3486,0.4063,0.1667,0.1324,0.0973,0.0723,0.0528,0.032,0.0259,0.0148,0.0029,-0.0041,0.001901,1.0635,0.474,0.1905,0.6127,0.1968,-1.279,TIME_12B,12,-1.02,SL,1,0
5078,2024-01-18 15:10:00+00:00,ETHUSDT,2530.81,2524.69828452982,2522.371794461921,4.8840913230642595,4,1,0.4763,-0.1385,1,1.2514,1.7277,0.4414,0.1248,0.15,0.1494,0.061,0.0655,0.0547,0.0197,0.0205,0.0127,-0.0028,0.00193,0.4991,0.5421,0.5951,0.0469,0.358,-1.863,SL,12,-1.02,SL,1,0
5092,2024-01-18 16:20:00+00:00,ETHUSDT,2515.41,2524.775835519703,2523.3525371889623,4.795758215686982,4,1,0.2968,-0.1615,-1,-1.9529,-1.6562,-2.6673,-0.1575,-0.1084,-0.0278,-0.0536,-0.0291,0.0062,-0.032,-0.0195,-0.0026,-0.0085,0.001907,1.0052,0.4181,0.4243,0.352,0.2237,-1.12,SL,1,1.481,TP,3,2
5092,2024-01-18 16:20:00+00:00,BTCUSDT,42525.75,42605.10234514326,42589.07158444138,66.77194012730922,4,1,0.2401,-0.2494,-1,-1.1884,-0.9483,-1.6415,-0.1528,-0.1237,-0.0337,-0.0499,-0.032,0.0098,-0.0293,-0.0198,0.0005,-0.0042,0.00157,0.6445,0.5149,0.0839,0.3915,0.5245,-1.12,SL,1,1.481,TP,4,2
5102,2024-01-18 17:10:00+00:00,BNBUSDT,310.7,313.23676493428843,312.71928530210306,1.0499486860317444,2,1,0.4929,-0.1889,-1,-2.4161,-1.9232,-1.177,-0.2282,-0.2313,-0.1423,-0.0974,-0.0906,-0.0411,-0.0371,-0.0319,-0.0048,0.0062,0.003379,1.0367,0.4179,0.25,0.25,0.5,-1.12,SL,1,-0.254,TIME_12B,12,0
5159,2024-01-18 21:55:00+00:00,BNBUSDT,312.0,311.40556092608256,311.045988481997,0.7216666411606476,4,1,0.4983,-0.3356,1,0.8237,1.322,0.7699,0.1741,0.1642,0.1092,0.0639,0.0526,0.0191,0.0207,0.0139,-0.0044,-0.003,0.002313,0.2328,0.4806,0.5,0.1667,0.3333,-1.822,SL,6,-1.02,SL,1,0
5191,2024-01-19 00:35:00+00:00,BNBUSDT,311.3,312.31338242604755,311.9195991713556,0.8323242044475327,0,0,0.4731,-0.3299,-1,-1.2175,-0.7444,-0.5164,-0.1253,-0.133,-0.0221,-0.0337,-0.0312,0.0216,-0.0121,-0.0103,0.0163,0.0106,0.002674,0.8053,0.3481,0.0,0.1111,0.8889,-1.12,SL,1,-0.363,TIME_12B,12,0
5237,2024-01-19 04:25:00+00:00,BNBUSDT,311.7,310.88399756470073,310.5461304507504,0.7947848845272975,4,1,0.4251,-0.4522,1,1.0267,1.4518,0.6812,0.1476,0.1175,0.0832,0.0532,0.0367,0.0135,0.0169,0.0079,-0.005,-0.0064,0.00255,2.0553,0.3613,0.0769,0.0769,0.8462,-0.399,TIME_12B,12,-1.02,SL,1,0
5283,2024-01-19 08:15:00+00:00,ETHUSDT,2463.4,2466.7431690730527,2465.6986587577485,2.640648861321973,1,2,0.3956,-0.4054,-1,-1.266,-0.8705,-3.8627,-0.1385,-0.0948,-0.0404,-0.0332,-0.0103,0.0176,-0.0167,-0.0051,0.0082,-0.0273,0.001072,0.6804,0.4433,0.2162,0.0,0.7838,-1.12,SL,1,-1.336,SL,6,0
5284,2024-01-19 08:20:00+00:00,BTCUSDT,41259.99,41311.00276207294,41282.1737198129,64.14960895703693,1,2,0.4494,-0.4465,-1,-0.7952,-0.3458,-3.1531,-0.1491,-0.1386,-0.0676,-0.0362,-0.0244,0.0155,-0.0185,-0.0121,0.0076,-0.0255,0.001555,0.3555,0.6662,0.4141,0.0002,0.5857,-1.12,SL,1,-1.33,SL,6,0
5333,2024-01-19 12:25:00+00:00,SOLUSDT,94.19,94.58165404233871,94.46001834902982,0.25571387503955206,2,1,0.4757,-0.3453,-1,-1.5316,-1.0559,-2.1977,-0.1284,-0.117,-0.0787,-0.0472,-0.038,-0.0156,-0.013,-0.0075,0.0049,-0.0096,0.002715,2.4984,0.346,0.4167,0.0556,0.5278,-1.12,SL,1,-1.885,SL,11,0
5337,2024-01-19 12:45:00+00:00,BTCUSDT,41274.99,41375.25638283133,41349.26066091788,52.0245277077251,0,0,0.4997,-0.6118,-1,-1.9273,-1.4276,-2.9497,-0.154,-0.1423,-0.0822,-0.0541,-0.044,-0.0101,-0.0162,-0.0102,0.0081,-0.012,0.00126,1.7864,0.3053,0.5662,0.2013,0.2326,-1.12,SL,1,-1.557,SL,7,0
5363,2024-01-19 14:55:00+00:00,ETHUSDT,2474.62,2483.937495928643,2480.8036744059277,6.401576644616326,2,1,0.4895,-0.2076,-1,-1.4555,-0.966,-0.7523,-0.1151,-0.118,-0.0772,-0.0494,-0.0461,-0.0209,-0.0138,-0.0111,0.0033,0.0041,0.002587,0.9353,0.3671,0.7278,0.0014,0.2709,-1.12,SL,1,0.322,TIME_12B,12,2
5367,2024-01-19 15:15:00+00:00,BNBUSDT,313.1,313.92915021851434,313.48901061800177,0.9309146887354243,2,1,0.4728,-0.1925,-1,-0.8907,-0.4179,0.3095,-0.1327,-0.0953,-0.1079,-0.0572,-0.0378,-0.0353,-0.0181,-0.0074,-0.0044,0.0058,0.002973,1.2686,0.7209,0.4545,0.4545,0.0909,-1.12,SL,1,1.481,TP,11,2
5407,2024-01-19 18:35:00+00:00,ETHUSDT,2489.27,2467.024052031065,2462.952591119543,9.338201025785937,4,1,0.436,-0.55,1,2.3823,2.8183,1.9128,0.2626,0.2002,0.1888,0.1056,0.0731,0.054,0.0422,0.0245,0.0127,0.0007,0.003751,0.9487,0.596,0.54,0.349,0.111,-0.073,TIME_12B,12,-1.02,SL,1,0
5478,2024-01-20 00:30:00+00:00,SOLUSDT,92.85,93.2067820089027,93.02581296061751,0.4049057290507901,0,0,0.4469,-0.2627,-1,-0.8811,-0.4342,-0.9322,-0.0519,-0.0679,-0.0286,-0.0153,-0.0188,0.0004,0.0002,-0.001,0.0091,-0.0009,0.004361,1.0716,0.3145,0.7966,0.1017,0.1017,-1.12,SL,1,-1.865,SL,11,0
5511,2024-01-20 03:15:00+00:00,ETHUSDT,2483.25,2485.202732185336,2484.1317475358874,2.1519444801900676,2,0,0.4977,-0.0551,-1,-0.9074,-0.4097,0.7326,-0.0365,-0.0071,-0.0305,-0.0248,-0.0134,-0.0233,-0.0017,0.0046,0.0008,0.0125,0.000867,0.8388,0.4275,0.3197,0.0,0.6803,-1.12,SL,1,-0.24,TIME_12B,12,0
5531,2024-01-20 04:55:00+00:00,SOLUSDT,93.06,93.33155431685465,93.20847487469321,0.2641179183061034,0,0,0.466,-0.0958,-1,-1.0282,-0.5622,-0.7253,-0.0072,-0.021,-0.0215,0.0019,-0.0034,-0.0004,0.0091,0.0066,0.0088,0.0024,0.002838,1.8144,0.3076,0.9038,0.0,0.0962,-1.12,SL,1,0.348,TIME_12B,12,2
5533,2024-01-20 05:05:00+00:00,BNBUSDT,313.4,313.94607540339086,313.7603851050917,0.44328296752662505,2,0,0.4189,-0.0928,-1,-1.2319,-0.813,0.1871,-0.031,-0.0061,-0.0181,-0.024,-0.0144,-0.0207,-0.0029,0.0024,0.0004,0.0108,0.001414,1.3208,0.222,0.75,0.125,0.125,-1.12,SL,1,-0.492,TIME_12B,12,0
5556,2024-01-20 07:00:00+00:00,ETHUSDT,2483.28,2481.855884993743,2480.884916929938,1.9978301530915914,5,0,0.486,-0.2035,1,0.7128,1.1988,1.0613,0.1107,0.0909,0.0611,0.0334,0.0205,0.0009,0.0093,0.0022,-0.0082,-0.0004,0.000805,0.7722,0.7236,0.5827,0.0,0.4173,-1.344,SL,10,-1.02,SL,1,0
5561,2024-01-20 07:25:00+00:00,BNBUSDT,313.6,313.59794692029595,313.4342901261204,0.3343438318536852,5,1,0.4895,-0.0557,1,0.0061,0.4956,0.8004,0.0358,0.0431,-0.0031,-0.0044,-0.0045,-0.0257,-0.0039,-0.004,-0.0139,0.0018,0.001066,0.6931,0.9199,0.5,0.0,0.5,-1.268,SL,5,-1.062,SL,2,0
5575,2024-01-20 08:35:00+00:00,BTCUSDT,41540.06,41640.54318121374,41617.995277090704,46.43474234628386,2,1,0.4856,-0.6292,-1,-2.164,-1.6784,-0.4348,-0.1952,-0.1366,-0.075,-0.0737,-0.0449,-0.013,-0.0256,-0.0102,0.0069,0.0168,0.001118,1.7315,0.4293,0.2445,0.4842,0.2713,-1.12,SL,1,-0.453,TIME_12B,12,0
5582,2024-01-20 09:10:00+00:00,BNBUSDT,314.0,313.46691797073896,313.2858631680891,0.41515617369224794,5,0,0.4361,-0.409,1,1.2841,1.7202,1.6619,0.1118,0.0784,-0.0085,0.0309,0.0139,-0.0234,0.0101,0.0012,-0.017,-0.0044,0.001322,2.9805,0.6473,0.7143,0.2857,0.0,-0.147,TIME_12B,12,-1.02,SL,1,0
5617,2024-01-20 12:05:00+00:00,BTCUSDT,41608.9,41580.16726324422,41565.6677864268,31.88290758485353,5,0,0.4548,-0.2406,1,0.9012,1.356,1.6348,0.1138,0.1077,0.0506,0.0343,0.0266,-0.0032,0.0102,0.0057,-0.0096,0.003,0.000766,1.0746,0.5057,0.7249,0.0714,0.2038,-1.358,SL,5,-1.02,SL,1,0
5644,2024-01-20 14:20:00+00:00,BNBUSDT,313.5,314.47393142878707,314.29777090627,0.3575301655188956,2,1,0.4927,-0.2432,-1,-2.7241,-2.2313,-1.2068,-0.2765,-0.2553,-0.157,-0.1199,-0.1019,-0.0497,-0.048,-0.037,-0.0085,0.0074,0.00114,0.9259,0.6642,0.3333,0.0,0.6667,-1.12,SL,1,-0.876,TIME_12B,12,0
5645,2024-01-20 14:25:00+00:00,BTCUSDT,41559.99,41599.886360685094,41593.1183098338,37.99683506568274,0,0,0.1781,-0.5203,-1,-1.05,-0.8719,-0.2634,-0.143,-0.0877,-0.0338,-0.048,-0.0219,0.0038,-0.0214,-0.008,0.0048,0.009,0.000914,0.7167,0.5791,0.9997,0.0003,0.0,-1.12,SL,1,-1.249,SL,12,0
5657,2024-01-20 15:25:00+00:00,BNBUSDT,314.2,314.2799598906118,314.0908498482928,0.5047677401686727,3,0,0.3746,-0.0236,0,-0.1584,0.2162,0.5185,-0.0187,-0.0212,-0.0204,-0.0232,-0.0246,-0.0244,-0.0092,-0.0095,-0.0084,0.0022,0.001607,0.9474,0.7245,0.75,0.0,0.25,-1.253,SL,5,-1.136,SL,1,0
5665,2024-01-20 16:05:00+00:00,BTCUSDT,41631.89,41586.205837630696,41584.167397152945,44.6645524563598,5,0,0.0456,-0.0536,1,1.0228,1.0685,1.3824,0.0167,0.0178,0.0376,0.0046,0.0052,0.0082,0.0012,0.0016,0.0024,0.0049,0.001073,1.4231,0.6358,0.7238,0.147,0.1292,-1.391,SL,7,-1.02,SL,1,0
5683,2024-01-20 17:35:00+00:00,BNBUSDT,314.3,314.57184433393456,314.37190817078414,0.4091768213270648,0,0,0.4886,-0.051,-1,-0.6644,-0.1757,0.5257,-0.0062,0.0341,0.0054,0.0081,0.0229,0.0104,0.0096,0.0168,0.0103,0.0122,0.001302,0.5195,0.4545,0.8,0.0,0.2,-1.126,SL,1,-1.246,SL,3,0
5688,2024-01-20 18:00:00+00:00,SOLUSDT,92.16,91.59947181532408,91.4032974650315,0.4081186903730007,4,1,0.4807,-0.507,1,1.3734,1.8541,0.41,0.1422,0.0708,0.0587,0.0534,0.0223,0.0133,0.0157,-0.0004,-0.0058,-0.0132,0.004428,1.0875,0.4828,0.2424,0.0606,0.697,-0.159,TIME_12B,12,-1.02,SL,1,0
5700,2024-01-20 19:00:00+00:00,BNBUSDT,314.5,314.62069578202943,314.4564828807513,0.3878313951597713,0,0,0.4234,-0.0812,0,-0.3112,0.1122,0.8352,-0.0554,-0.0515,0.0036,-0.0148,-0.0104,0.0128,-0.0012,0.0014,0.013,0.0139,0.001233,0.5072,0.6918,0.3333,0.3333,0.3333,-1.197,SL,1,-1.147,SL,2,0
5769,2024-01-21 00:45:00+00:00,SOLUSDT,92.27,92.5959784628003,92.43818948016249,0.34392497702806785,2,1,0.4588,-0.0797,-1,-0.9478,-0.489,-0.2145,-0.1445,-0.1143,-0.0719,-0.0637,-0.0466,-0.0237,-0.0215,-0.0118,0.0011,0.0037,0.003727,0.4228,0.5918,0.725,0.275,0.0,-1.12,SL,1,-0.381,TIME_12B,12,0
5771,2024-01-21 00:55:00+00:00,ETHUSDT,2465.78,2468.7666325226587,2467.8889922244593,1.9172629849021479,0,0,0.4578,-0.2017,-1,-1.5578,-1.1,-1.7097,-0.0773,-0.12,-0.1059,-0.0249,-0.038,-0.0208,-0.0034,-0.0092,0.0009,-0.0059,0.000778,0.8503,0.4661,0.8878,0.0032,0.109,-1.12,SL,1,-1.295,SL,6,0
5789,2024-01-21 02:25:00+00:00,BTCUSDT,41711.26,41689.88994388493,41678.1046773944,28.038076943459387,3,0,0.4203,-0.1288,1,0.7622,1.1825,2.0346,0.0108,0.0155,0.0062,-0.0154,-0.0145,-0.021,-0.0035,-0.0025,-0.0048,0.0091,0.000672,3.3058,0.5351,0.8603,0.1397,0.0,-1.305,SL,1,-1.02,SL,1,0
5794,2024-01-21 02:50:00+00:00,SOLUSDT,92.78,92.43089993932041,92.39147329344084,0.24210378137551655,2,1,0.1629,-0.172,1,1.4419,1.6048,1.8307,0.1017,0.0704,0.0346,0.0297,0.0143,-0.0045,0.0176,0.0098,0.0008,0.0026,0.002609,0.6958,0.7018,0.9355,0.0,0.0645,-0.313,TIME_12B,12,-1.02,SL,1,0
5812,2024-01-21 04:20:00+00:00,BTCUSDT,41662.87,41688.365105698045,41682.123756147,15.275987849305356,3,2,0.4086,0.1661,-1,-1.669,-1.2604,0.0918,-0.1139,-0.1174,-0.0826,-0.0585,-0.0559,-0.036,-0.025,-0.0227,-0.0111,0.012,0.000367,0.7632,0.4244,0.2915,0.2331,0.4753,-1.12,SL,1,-0.588,TIME_12B,12,0
5821,2024-01-21 05:05:00+00:00,SOLUSDT,92.47,92.62365378542601,92.54348802586777,0.16159045538770528,2,1,0.4961,-0.2098,-1,-0.9509,-0.4548,0.1861,-0.1215,-0.1166,-0.0933,-0.0455,-0.0382,-0.0204,-0.0119,-0.0072,0.003,0.0084,0.001747,0.7105,0.4761,0.0,0.3333,0.6667,-1.12,SL,1,-0.079,TIME_12B,12,0
5854,2024-01-21 07:50:00+00:00,ETHUSDT,2474.76,2472.2630201494126,2471.7345248266315,1.2171404650879425,3,1,0.4342,-0.3725,1,2.0515,2.4857,2.9183,0.2214,0.1324,-0.0568,0.061,0.0179,-0.0558,0.0367,0.015,-0.0192,-0.0042,0.000492,1.1362,0.7241,0.9688,0.0156,0.0156,-0.68,TIME_12B,12,-1.02,SL,1,0
5858,2024-01-21 08:10:00+00:00,SOLUSDT,92.41,92.36422039373316,92.28801108227489,0.17829793041749142,5,0,0.4274,-0.4007,1,0.2568,0.6842,0.2571,0.0953,0.1108,0.0969,0.0297,0.0314,0.0141,0.008,0.0082,-0.0017,-0.001,0.001929,1.2468,0.3111,0.2963,0.6667,0.037,-0.136,TIME_12B,12,-1.02,SL,1,0
5868,2024-01-21 09:00:00+00:00,BNBUSDT,318.2,317.80424830292793,317.632136988655,0.388500733813011,2,0,0.443,-0.1839,1,1.0187,1.4617,3.2536,0.0108,-0.0104,-0.017,-0.0069,-0.015,-0.0168,0.0056,0.0021,0.0025,0.0202,0.001221,3.1427,0.7679,1.0,0.0,0.0,-0.155,TIME_12B,12,-1.02,SL,1,0
5920,2024-01-21 13:20:00+00:00,ETHUSDT,2474.47,2474.957622162246,2474.1766341781763,1.6782230852252205,3,1,0.4654,-0.1441,0,-0.2906,0.1748,0.6206,0.0211,-0.0214,-0.0606,-0.0121,-0.0305,-0.0437,-0.0015,-0.0102,-0.0149,0.0003,0.000678,1.1441,0.3996,0.0517,0.944,0.0043,-0.526,TIME_12B,12,-1.086,SL,1,0
5945,2024-01-21 15:25:00+00:00,ETHUSDT,2472.43,2477.011329387532,2475.9239265676456,2.3721149918590205,0,0,0.4584,-0.7371,-1,-1.9313,-1.4729,-0.8514,-0.1763,-0.0704,-0.0132,-0.0592,-0.0133,0.0104,-0.0214,0.002,0.0137,0.0133,0.000959,1.6198,0.3275,0.5257,0.0027,0.4715,-1.12,SL,1,-0.211,TIME_12B,12,0
5947,2024-01-21 15:35:00+00:00,SOLUSDT,92.48,93.21601949179244,93.08591128795196,0.29277715797321974,2,1,0.4444,-0.5549,-1,-2.5139,-2.0695,-1.3154,-0.1448,-0.1053,-0.0344,-0.0547,-0.035,-0.0041,-0.0171,-0.0064,0.0096,0.0128,0.003166,5.6894,0.3294,0.6386,0.0,0.3614,-1.12,SL,1,-0.068,TIME_12B,12,0
5947,2024-01-21 15:35:00+00:00,BNBUSDT,318.0,318.92863677399055,318.7132416923228,0.43547349958499043,2,1,0.4946,-0.4763,-1,-2.1325,-1.6379,-0.1378,-0.1266,-0.0902,-0.0423,-0.0493,-0.0312,-0.0097,-0.0135,-0.0036,0.0079,0.0199,0.001369,1.9236,0.4698,0.5833,0.0,0.4167,-1.12,SL,1,-1.66,SL,12,0
5947,2024-01-21 15:35:00+00:00,BTCUSDT,41661.63,41779.25533297373,41755.76177584135,47.92886250605966,2,1,0.4902,-0.5857,-1,-2.4542,-1.964,-1.2571,-0.1757,-0.1204,-0.057,-0.0628,-0.0357,-0.0057,-0.0201,-0.0057,0.0099,0.0125,0.00115,2.5181,0.382,0.6521,0.0,0.3479,-1.12,SL,1,-0.42,TIME_12B,12,0
5971,2024-01-21 17:35:00+00:00,ETHUSDT,2474.17,2474.0061203374494,2473.0363140545574,1.9860618837330755,5,0,0.4883,-0.3911,1,0.0825,0.5708,0.2572,0.1517,0.1402,0.1023,0.048,0.0366,0.0093,0.0174,0.0108,-0.0039,-0.0003,0.000803,0.6023,0.2763,1.0,0.0,0.0,-1.243,SL,6,-1.039,SL,1,0
6001,2024-01-21 20:05:00+00:00,BTCUSDT,41737.13,41700.51425495656,41690.9497300995,21.74976260530247,4,1,0.4398,-0.3511,1,1.6835,2.1233,1.7325,0.1864,0.1293,0.0639,0.0745,0.0466,0.0147,0.027,0.012,-0.0051,-0.0023,0.000521,1.454,0.4085,0.2696,0.0159,0.7146,-1.361,SL,8,-1.02,SL,1,0
6018,2024-01-21 21:30:00+00:00,BTCUSDT,41690.87,41699.24928339743,41692.12802614789,25.134479737793114,5,2,0.2833,-0.1166,-1,-0.3334,-0.0501,-0.3259,0.0631,0.0184,-0.0681,0.0227,0.003,-0.024,0.0058,-0.0044,-0.017,-0.008,0.000603,1.0134,0.3428,0.8358,0.0,0.1642,-1.138,SL,1,-1.085,SL,3,0
6038,2024-01-21 23:10:00+00:00,BTCUSDT,41584.09,41697.98948201032,41679.80817136733,37.684757091367345,5,3,0.4825,0.2803,-1,-3.0224,-2.54,-3.0435,-0.1425,-0.1496,-0.0913,-0.0636,-0.0617,-0.0316,-0.0339,-0.0322,-0.0162,-0.0075,0.000906,3.097,0.3723,0.8352,0.0,0.1648,-1.12,SL,1,-0.857,TIME_12B,12,0
6040,2024-01-21 23:20:00+00:00,BNBUSDT,318.3,320.1887578927819,319.88558862795173,0.6237925131505119,2,1,0.486,-0.7449,-1,-3.0279,-2.5419,-1.4801,-0.244,-0.157,-0.0926,-0.0957,-0.0557,-0.0219,-0.0361,-0.015,0.0032,0.0132,0.00196,1.9686,0.4933,0.4286,0.4286,0.1429,-1.12,SL,1,-1.104,TIME_12B,12,0
6056,2024-01-22 00:40:00+00:00,BNBUSDT,319.7,319.68389731041566,319.3793128174305,0.7440442843903332,3,0,0.4094,-0.1805,1,0.0216,0.431,0.6698,0.0243,0.0224,-0.026,-0.0086,-0.0112,-0.0318,-0.0037,-0.0048,-0.0141,-0.0001,0.002327,0.7776,0.5338,0.625,0.125,0.25,-1.475,SL,3,-1.041,SL,1,0
6144,2024-01-22 08:00:00+00:00,BNBUSDT,317.2,317.7930721063313,317.5785094478399,0.5249136906990913,1,1,0.4088,-0.2539,-1,-1.1298,-0.7211,-1.7385,-0.0541,-0.0502,0.0316,-0.0015,0.0028,0.0369,-0.0083,-0.0065,0.009,-0.0024,0.001655,1.9245,0.3665,0.7,0.0,0.3,-1.12,SL,1,0.326,TIME_12B,12,2
6217,2024-01-22 14:05:00+00:00,SOLUSDT,88.23,88.73323773780757,88.52842375116556,0.44465825197643855,4,2,0.4606,-0.0791,-1,-1.1317,-0.6711,-2.7866,-0.0648,-0.035,0.0598,-0.008,0.0058,0.043,-0.0133,-0.0068,0.01,-0.0126,0.00504,1.2748,0.4263,0.3286,0.2,0.4714,-1.12,SL,1,1.641,TP,8,2
6219,2024-01-22 14:15:00+00:00,BTCUSDT,40621.96,40941.889586190344,40887.32199209039,118.95385771269,4,0,0.4587,-0.1526,-1,-2.6895,-2.2308,-4.0176,-0.131,-0.0654,-0.0113,-0.0428,-0.0142,0.0096,-0.0299,-0.0158,-0.0048,-0.0161,0.002928,2.9979,0.4248,0.5837,0.1331,0.2832,-1.12,SL,1,0.105,TIME_12B,12,0
6410,2024-01-23 06:10:00+00:00,SOLUSDT,85.13,85.32576231257138,85.22154306935074,0.2223754727530544,0,0,0.4687,-0.2967,-1,-0.8803,-0.4117,-3.0253,-0.1096,-0.0662,-0.0606,-0.026,-0.0048,0.0035,-0.0097,0.0011,0.005,-0.0253,0.002612,0.8066,0.4233,0.1429,0.381,0.4762,-1.12,SL,1,-1.586,SL,4,0
6417,2024-01-23 06:45:00+00:00,BTCUSDT,39981.48,40059.79168960071,40041.05814190632,45.45868978184137,1,2,0.4121,-0.3193,-1,-1.7227,-1.3106,-4.7292,-0.0901,-0.0082,-0.0398,-0.0138,0.02,0.0121,-0.007,0.0095,0.0049,-0.0337,0.001137,1.7058,0.1965,1.0,0.0,0.0,-1.12,SL,1,0.687,TIME_12B,12,2
6425,2024-01-23 07:25:00+00:00,ETHUSDT,2333.38,2343.2410350148675,2341.9493737274947,3.487173234174259,0,0,0.3704,-0.9095,-1,-2.8278,-2.4574,-4.9795,-0.2522,-0.1504,-0.0853,-0.0873,-0.04,-0.0058,-0.036,-0.0116,0.0059,-0.0236,0.001494,3.898,0.5369,0.3738,0.4678,0.1584,-1.12,SL,1,1.484,TP,10,2
6429,2024-01-23 07:45:00+00:00,BNBUSDT,307.8,309.8865149108699,309.6180310976985,0.6489054472891188,2,1,0.4137,-0.2924,-1,-3.2154,-2.8017,-3.486,-0.2113,-0.1799,-0.1573,-0.0922,-0.0744,-0.0536,-0.0359,-0.0257,-0.0129,-0.0131,0.002108,2.5085,0.3308,0.5556,0.1111,0.3333,-1.12,SL,1,1.075,TIME_12B,12,2
6566,2024-01-23 19:10:00+00:00,SOLUSDT,81.54,82.17545686369867,81.96566433355895,0.4838957518556343,0,0,0.4335,-0.4131,-1,-1.3132,-0.8797,-2.0078,-0.1688,-0.1657,-0.112,-0.0589,-0.0503,-0.0161,-0.0208,-0.0154,0.003,-0.0102,0.005934,1.0232,0.5798,0.4259,0.2778,0.2963,-1.12,SL,1,0.01,TIME_12B,12,0
6567,2024-01-23 19:15:00+00:00,BTCUSDT,39188.26,39269.02453625031,39216.17217401404,116.43597479410082,0,0,0.4539,-0.4365,-1,-0.6936,-0.2397,-1.7212,-0.1409,-0.1568,-0.089,-0.0395,-0.0375,0.0021,-0.0163,-0.0144,0.0058,-0.0126,0.002971,0.6453,0.5677,0.3516,0.5888,0.0595,-1.12,SL,1,-1.552,SL,11,0
6595,2024-01-23 21:35:00+00:00,BTCUSDT,39199.99,39215.80301957386,39197.82650057309,91.67869481267944,3,2,0.1961,0.0754,0,-0.1725,0.0236,-1.5903,-0.0497,-0.0683,-0.0584,-0.0271,-0.0318,-0.0223,-0.0129,-0.0146,-0.0088,-0.0193,0.002339,0.5333,0.5865,0.8573,0.0001,0.1426,-1.224,SL,2,-1.195,SL,4,0
6607,2024-01-23 22:35:00+00:00,SOLUSDT,82.6,81.6066853661923,81.48423338285409,0.4108672640332933,5,0,0.298,-0.6957,1,2.4176,2.7156,1.1934,0.2325,0.1452,0.0702,0.0814,0.0403,0.0031,0.034,0.0127,-0.0062,-0.0164,0.004974,2.0191,0.5571,0.5833,0.1042,0.3125,0.647,TIME_12B,12,-1.02,SL,1,1
6664,2024-01-24 03:20:00+00:00,ETHUSDT,2214.59,2226.239200403648,2223.9443040283945,5.697674012658308,2,1,0.4028,-0.1808,-1,-2.0446,-1.6418,-3.2091,-0.1025,-0.1158,-0.0839,-0.0501,-0.0516,-0.0318,-0.0159,-0.0155,-0.0038,-0.0182,0.002573,1.596,0.2742,0.8813,0.0527,0.0659,-1.12,SL,1,-0.799,TIME_12B,12,0
6674,2024-01-24 04:10:00+00:00,BNBUSDT,296.0,298.29121502265644,297.91396042717747,0.7891598805236577,2,1,0.478,-0.7883,-1,-2.9034,-2.4253,-3.1906,-0.1868,-0.1113,-0.0622,-0.0676,-0.0335,-0.0096,-0.0225,-0.0048,0.0079,-0.0041,0.002666,4.6891,0.2904,0.8182,0.0,0.1818,-1.12,SL,1,0.841,TIME_12B,12,2
6690,2024-01-24 05:30:00+00:00,ETHUSDT,2228.0,2221.6943843409667,2220.6541190987596,3.4075311240778285,5,0,0.3053,-0.5289,1,1.8505,2.1558,-0.4415,0.2041,0.1438,0.0477,0.0631,0.0318,-0.0127,0.0292,0.0129,-0.0088,-0.0289,0.001529,4.417,0.5584,0.2294,0.5413,0.2294,-0.615,TIME_12B,12,-1.02,SL,1,0
6754,2024-01-24 10:50:00+00:00,BNBUSDT,296.1,294.6822809621,294.2077496223077,0.9600727583300837,1,2,0.4943,-0.3012,1,1.4767,1.9709,0.2054,0.212,0.1717,0.125,0.0984,0.0766,0.0482,0.038,0.0256,0.009,-0.0099,0.003242,1.4068,0.4333,0.5385,0.3077,0.1538,-1.675,SL,5,-1.02,SL,1,0
6784,2024-01-24 13:20:00+00:00,BNBUSDT,294.8,295.4189321787393,295.08424203097934,0.8021102003932369,0,0,0.4173,-0.2952,-1,-0.7716,-0.3544,-1.2777,-0.1133,-0.1249,-0.0396,-0.0283,-0.0268,0.0156,-0.0116,-0.0102,0.0108,-0.0043,0.002721,0.9023,0.5093,0.3333,0.4444,0.2222,-1.12,SL,1,-0.62,TIME_12B,12,0
6799,2024-01-24 14:35:00+00:00,BTCUSDT,40137.59,40046.382299219316,40001.16224142389,130.45824281121773,3,1,0.3466,-0.4402,1,0.6991,1.0458,1.9108,0.0463,-0.028,-0.0638,0.0011,-0.0285,-0.0383,0.0061,-0.008,-0.0109,0.0046,0.00325,2.5006,0.5613,0.3961,0.0191,0.5848,-1.928,SL,2,-1.02,SL,1,0
6800,2024-01-24 14:40:00+00:00,ETHUSDT,2239.63,2235.1344385185866,2231.6220946520616,7.485779243913926,3,3,0.4692,-0.6952,1,0.6005,1.0697,0.6779,0.0932,0.0064,-0.0636,0.0131,-0.0236,-0.048,0.0062,-0.0118,-0.0221,-0.0098,0.003342,1.6548,0.5226,0.1713,0.6031,0.2256,-1.967,SL,1,-1.02,SL,1,0
6801,2024-01-24 14:45:00+00:00,SOLUSDT,86.29,86.53189888150035,86.25741617096706,0.5517293846310256,2,2,0.4975,-0.0756,0,-0.4384,0.0591,1.5582,0.0537,0.0409,-0.0414,0.0061,-0.0026,-0.0346,0.0134,0.0092,-0.0049,0.0134,0.006394,0.6768,0.4887,0.6042,0.0417,0.3542,-1.45,SL,1,-1.838,SL,5,0
6816,2024-01-24 16:00:00+00:00,ETHUSDT,2234.01,2234.3789732824516,2232.8385512584423,5.799778518781386,5,0,0.2656,-0.0283,0,-0.0636,0.202,-0.0361,0.0276,0.0572,0.0298,0.002,0.0106,-0.0044,-0.0006,0.0034,-0.0041,-0.0017,0.002596,0.6358,0.3631,0.3713,0.0,0.6287,-1.328,SL,1,-1.157,SL,6,0
6842,2024-01-24 18:10:00+00:00,BTCUSDT,39886.45,40069.335827943716,40034.01462159447,86.63212339335644,0,0,0.4077,-0.3725,-1,-2.1111,-1.7033,-0.6614,-0.1018,-0.0408,0.0103,-0.029,-0.0036,0.0156,-0.0081,0.0047,0.0138,0.0177,0.002172,1.6886,0.3434,0.8749,0.0778,0.0473,-1.12,SL,1,-0.244,TIME_12B,12,0
6845,2024-01-24 18:25:00+00:00,SOLUSDT,86.01,86.83448679992065,86.6316671298752,0.4611127016336315,2,1,0.4398,-0.5481,-1,-1.788,-1.3482,0.1327,-0.2041,-0.1563,-0.0685,-0.079,-0.0533,-0.0118,-0.0292,-0.0151,0.0066,0.0192,0.005361,1.456,0.596,0.5357,0.4643,0.0,-1.12,SL,1,-0.413,TIME_12B,12,0
6865,2024-01-24 20:05:00+00:00,SOLUSDT,87.08,86.51638910313507,86.38135066815603,0.3607629136998693,3,2,0.3743,-0.3971,1,1.5623,1.9366,2.9939,0.1248,0.0402,-0.0121,0.0279,-0.0085,-0.0305,0.014,-0.0039,-0.0137,0.0081,0.004143,1.1605,0.6184,0.8824,0.0588,0.0588,-1.551,SL,8,-1.02,SL,1,0
6903,2024-01-24 23:15:00+00:00,BTCUSDT,40068.01,39870.91719115382,39838.653805561604,69.8384468517356,1,2,0.462,-0.3241,1,2.8221,3.2841,2.7592,0.2519,0.1775,0.1257,0.1104,0.0744,0.0466,0.0442,0.0247,0.009,0.003,0.001743,2.2519,0.4792,0.5741,0.2558,0.1702,-0.567,TIME_12B,12,-1.02,SL,1,0
6922,2024-01-25 00:50:00+00:00,BNBUSDT,292.7,293.10580666764815,292.8820997262456,0.5969933666939008,1,0,0.3747,-0.4606,-1,-0.6798,-0.305,-1.4833,-0.0871,-0.0134,0.0084,-0.0155,0.0157,0.0244,-0.0094,0.0058,0.0089,-0.0072,0.00204,3.6088,0.4522,0.2308,0.0769,0.6923,-1.12,SL,1,0.543,TIME_12B,12,2
6933,2024-01-25 01:45:00+00:00,ETHUSDT,2216.81,2228.0236644070187,2226.0748685160765,4.607873624170672,0,0,0.4229,-0.5936,-1,-2.4336,-2.0107,-2.3066,-0.1753,-0.129,-0.0777,-0.0539,-0.0295,0.0003,-0.0215,-0.0086,0.0066,0.0003,0.002079,1.474,0.3251,0.993,0.0,0.007,-1.12,SL,1,-0.059,TIME_12B,12,0
6969,2024-01-25 04:45:00+00:00,BTCUSDT,39912.25,40000.31797187636,39984.63355668167,34.17725963830483,2,1,0.4589,-0.213,-1,-2.5768,-2.1179,-1.1723,-0.1195,-0.0917,-0.0811,-0.0541,-0.0406,-0.0307,-0.0165,-0.0089,-0.0022,0.0092,0.000856,0.9164,0.486,0.9958,0.0,0.0042,-1.12,SL,1,-0.438,TIME_12B,12,0
6994,2024-01-25 06:50:00+00:00,BTCUSDT,40017.83,39954.966774796885,39937.94061927863,49.07417075737581,5,0,0.3469,-0.3989,1,1.281,1.6279,1.5418,0.1335,0.1009,0.0718,0.0407,0.0227,0.0031,0.0161,0.0066,-0.0036,0.0008,0.001226,1.7634,0.5811,0.5564,0.2064,0.2372,-0.318,TIME_12B,12,-1.02,SL,1,0
6995,2024-01-25 06:55:00+00:00,SOLUSDT,88.46,87.71230518875385,87.57530519742507,0.3799658847405466,5,0,0.3606,-0.5516,1,1.9678,2.3284,2.9644,0.1736,0.0966,0.0417,0.049,0.0134,-0.0132,0.0221,0.004,-0.0087,0.0062,0.004295,1.4247,0.6228,0.525,0.475,0.0,-0.584,TIME_12B,12,-1.02,SL,1,0
6998,2024-01-25 07:10:00+00:00,ETHUSDT,2219.63,2217.4997666504746,2215.634372798409,3.772657857925431,4,1,0.4945,-0.0882,1,0.5647,1.0591,-0.3875,0.1353,0.1708,0.1206,0.0615,0.069,0.0375,0.0197,0.0219,0.004,-0.0086,0.0017,0.7634,0.529,0.7793,0.1899,0.0307,0.034,TIME_12B,12,-1.02,SL,1,0
7018,2024-01-25 08:50:00+00:00,SOLUSDT,87.75,87.94893904113776,87.84236362557282,0.21574890666497354,0,0,0.494,-0.2274,-1,-0.9221,-0.4281,1.2249,-0.0847,-0.0888,-0.008,-0.0213,-0.0189,0.0172,-0.0044,-0.0028,0.0152,0.025,0.002459,0.6638,0.7079,0.1667,0.0,0.8333,-1.12,SL,1,-1.573,SL,6,0
7032,2024-01-25 10:00:00+00:00,BNBUSDT,291.5,291.1875107411847,290.849524055699,0.8867648704062732,0,0,0.3811,-0.7025,1,0.3524,0.7335,0.007,-0.0938,-0.0691,-0.0238,-0.0223,-0.0077,0.0158,-0.0095,-0.0018,0.0096,-0.003,0.003042,7.4415,0.5865,0.6786,0.1786,0.1429,1.379,TP,4,-1.02,SL,1,1
7045,2024-01-25 11:05:00+00:00,SOLUSDT,87.87,87.70045751609267,87.56710437924288,0.3035202779901368,5,0,0.4394,-0.4849,1,0.5586,0.9979,1.2525,0.1453,0.1015,0.0037,0.0432,0.0203,-0.0229,0.0169,0.0049,-0.0163,-0.0007,0.003454,0.888,0.3988,0.2647,0.0882,0.6471,1.379,TP,3,-1.02,SL,1,1
7062,2024-01-25 12:30:00+00:00,ETHUSDT,2207.47,2227.1423545164653,2225.0077725518313,5.333792388439997,2,1,0.4002,-0.9085,-1,-3.6882,-3.288,-3.1358,-0.2887,-0.1966,-0.1007,-0.1068,-0.0619,-0.0147,-0.0433,-0.0195,0.0049,0.0045,0.002416,1.3536,0.4553,0.8495,0.0981,0.0524,-1.12,SL,1,-0.449,TIME_12B,12,0
7062,2024-01-25 12:30:00+00:00,BTCUSDT,39829.65,40105.76312559056,40064.04367828795,85.35936069166067,0,0,0.4888,-0.7698,-1,-3.2347,-2.746,-2.2159,-0.2132,-0.1239,-0.0307,-0.0713,-0.0302,0.0103,-0.0262,-0.0049,0.0153,0.0133,0.002143,4.0525,0.4489,0.8462,0.0,0.1538,-1.12,SL,1,-0.811,TIME_12B,12,0
7064,2024-01-25 12:40:00+00:00,SOLUSDT,87.3,88.09768399068004,87.92772605742331,0.4435663894963516,0,0,0.3832,-0.6445,-1,-1.7983,-1.4152,-0.8006,-0.2318,-0.161,-0.0217,-0.0781,-0.0419,0.0183,-0.0334,-0.0143,0.0154,0.0143,0.005081,0.389,0.4621,0.0833,0.25,0.6667,-1.12,SL,1,0.247,TIME_12B,12,0
7087,2024-01-25 14:35:00+00:00,SOLUSDT,88.24,87.65585613103184,87.42990621760849,0.47842949249087924,5,0,0.4723,-0.4776,1,1.221,1.6932,1.4298,0.1424,0.0835,0.0125,0.0401,0.0125,-0.0193,0.0145,0.0004,-0.0151,-0.0052,0.005422,1.7368,0.4469,0.1364,0.4091,0.4545,-1.472,SL,8,-1.02,SL,1,0
7089,2024-01-25 14:45:00+00:00,BTCUSDT,39963.83,40004.65617797108,39961.64976644783,87.61933669836563,5,0,0.4908,-0.1448,0,-0.4659,0.0249,-0.3549,0.0236,0.0648,0.0397,-0.0027,0.01,-0.0073,-0.0055,0.0005,-0.0085,-0.0029,0.002192,1.3237,0.5048,0.2325,0.1247,0.6428,-1.218,SL,4,-1.313,SL,1,0
7100,2024-01-25 15:40:00+00:00,BNBUSDT,292.4,293.5329308359928,293.0716444349361,0.9837179837827398,2,1,0.4689,-0.1815,-1,-1.1517,-0.6828,-0.2873,-0.0509,-0.031,-0.0222,-0.0192,-0.0102,-0.0053,0.0005,0.0054,0.0086,0.0083,0.003364,0.769,0.3775,0.9286,0.0714,0.0,-1.12,SL,1,0.267,TIME_12B,12,0
7135,2024-01-25 18:35:00+00:00,BTCUSDT,39896.42,39887.739673533644,39840.536805803706,102.09150869547187,5,0,0.4624,-0.3329,1,0.085,0.5474,-0.2993,0.0597,0.0925,0.0884,0.022,0.0316,0.0203,0.0013,0.0053,-0.0019,-0.0051,0.002559,0.8001,0.5941,0.6951,0.0914,0.2135,-1.502,SL,2,-1.079,SL,1,0
7138,2024-01-25 18:50:00+00:00,ETHUSDT,2212.48,2206.5181751289783,2203.064544536135,7.11424165276584,1,2,0.4855,-0.1099,1,0.838,1.3235,0.0749,0.051,0.117,0.1604,0.0389,0.0626,0.0669,0.0093,0.02,0.0189,0.0005,0.003216,1.0775,0.4983,0.7603,0.2255,0.0142,-0.178,TIME_12B,12,-1.02,SL,1,0
7147,2024-01-25 19:35:00+00:00,SOLUSDT,88.15,87.01208058468815,86.83769117511093,0.4657601045690278,4,1,0.3744,-0.2326,1,2.4431,2.8176,2.0701,0.1578,0.1026,0.0452,0.0668,0.0417,0.0165,0.0244,0.011,-0.0025,-0.0054,0.005284,1.5773,0.6583,0.8953,0.0465,0.0581,-0.798,TIME_12B,12,-1.02,SL,1,0
7152,2024-01-25 20:00:00+00:00,BTCUSDT,39953.5,39892.87924214376,39864.734973932274,66.78167860139214,1,2,0.4214,0.0152,1,0.9077,1.3292,0.5041,0.1214,0.1169,0.0765,0.062,0.0571,0.0347,0.0233,0.0198,0.0068,-0.0024,0.001671,0.85,0.4629,0.5587,0.1053,0.336,-1.63,SL,7,-1.02,SL,1,0
7152,2024-01-25 20:00:00+00:00,BNBUSDT,291.9,292.0450343668693,291.72860427792466,0.6411417949537376,5,0,0.4935,-0.0337,0,-0.2262,0.2673,-0.4498,0.0136,0.0555,0.0458,0.0008,0.0159,0.0046,-0.0079,-0.0007,-0.0075,-0.006,0.002196,0.3565,0.6028,0.1667,0.0,0.8333,-1.256,SL,1,-1.277,SL,6,0
7162,2024-01-25 20:50:00+00:00,SOLUSDT,86.77,87.25323081789529,87.10007197152264,0.3471673290149728,1,0,0.4412,-0.3605,-1,-1.3919,-0.9508,-1.3075,-0.1305,-0.0614,0.0204,-0.0282,0.0035,0.0378,-0.015,0.0008,0.0165,0.005,0.004001,1.2943,0.4602,0.1707,0.2927,0.5366,-1.12,SL,1,-1.682,SL,2,0
7166,2024-01-25 21:10:00+00:00,BNBUSDT,292.0,291.9302426689985,291.6325900760941,0.6260552614432989,5,0,0.4754,-0.2518,1,0.1114,0.5869,-0.1725,0.0797,-0.0033,-0.0085,0.0248,-0.0095,-0.0095,0.0044,-0.0129,-0.0127,-0.009,0.002144,1.0494,0.5735,0.0,0.4,0.6,-1.388,SL,1,-1.127,SL,4,0
7166,2024-01-25 21:10:00+00:00,BTCUSDT,39854.01,39879.32770191811,39856.73645791961,80.28497898969484,5,2,0.2814,-0.0148,-1,-0.3153,-0.034,-0.72,0.0019,-0.0702,-0.0495,-0.001,-0.0281,-0.0124,-0.0055,-0.0189,-0.0104,-0.0091,0.002014,0.7633,0.56,0.3171,0.0002,0.6827,-1.187,SL,1,-1.228,SL,3,0
7193,2024-01-25 23:25:00+00:00,BNBUSDT,291.5,291.85593400212696,291.74262919814606,0.5134327010674063,4,1,0.2207,-0.0273,-1,-0.6932,-0.4726,-1.0175,-0.009,0.0244,0.0356,0.0015,0.0133,0.014,-0.0037,0.0017,0.001,-0.003,0.001761,0.8918,0.2979,0.6667,0.1667,0.1667,-1.12,SL,1,-1.267,SL,2,0
7212,2024-01-26 01:00:00+00:00,BTCUSDT,39876.48,39919.97740415666,39906.628261259415,36.27661849557036,0,0,0.368,-0.2487,-1,-1.199,-0.8311,-1.0993,-0.0868,-0.0473,-0.0362,-0.0245,-0.0066,0.0018,-0.0072,0.0019,0.0063,0.0002,0.00091,1.7769,0.4567,0.333,0.0697,0.5973,-1.12,SL,1,-1.275,SL,6,0
7213,2024-01-26 01:05:00+00:00,ETHUSDT,2211.88,2216.6983418776454,2215.3234187145476,2.8511817863008586,2,1,0.4822,-0.1174,-1,-1.6899,-1.2077,-1.1535,-0.0803,-0.0517,-0.0905,-0.039,-0.0264,-0.037,-0.0088,-0.0018,-0.0054,-0.002,0.001289,1.9134,0.5089,0.7798,0.2202,0.0,-1.12,SL,1,-1.508,SL,4,0
7226,2024-01-26 02:10:00+00:00,SOLUSDT,87.37,86.91022017202064,86.71479703411781,0.4270619571050225,5,0,0.4576,-0.3248,1,1.0766,1.5342,0.7496,0.0806,0.0273,-0.0148,0.0193,-0.0032,-0.02,0.004,-0.0072,-0.0152,-0.0108,0.004888,2.7117,0.6236,0.7432,0.1892,0.0676,0.644,TIME_12B,12,-1.02,SL,1,1
7281,2024-01-26 06:45:00+00:00,ETHUSDT,2214.23,2222.524935654287,2221.3982829280926,2.963800754469145,2,0,0.3801,-0.4214,-1,-2.7987,-2.4186,-1.7429,-0.147,-0.0682,-0.0472,-0.0658,-0.0327,-0.0232,-0.0239,-0.0066,-0.0009,0.007,0.001339,4.7828,0.4071,0.9985,0.0,0.0015,-1.12,SL,1,0.321,TIME_12B,12,2
7287,2024-01-26 07:15:00+00:00,SOLUSDT,87.15,87.62747127384816,87.51269505778743,0.25845062571045563,2,1,0.4441,-0.1352,-1,-1.8474,-1.4033,-0.9256,-0.1313,-0.1399,-0.0978,-0.0601,-0.0589,-0.0327,-0.0199,-0.0181,-0.003,0.004,0.002966,3.0191,0.3458,0.5116,0.1628,0.3256,-1.12,SL,1,-1.701,SL,11,0
7299,2024-01-26 08:15:00+00:00,BTCUSDT,40153.63,40046.27753352501,40023.792549529055,46.98784978792996,3,1,0.4785,-0.6225,1,2.2847,2.7632,3.1923,0.1775,0.0608,-0.059,0.042,-0.0083,-0.0546,0.0247,-0.0001,-0.0209,-0.0031,0.00117,1.1408,0.7164,0.9414,0.0,0.0586,-0.551,TIME_12B,12,-1.02,SL,1,0
7302,2024-01-26 08:30:00+00:00,SOLUSDT,87.66,87.49486321856453,87.44082141105085,0.2760833844245412,3,0,0.1957,-0.2036,1,0.5981,0.7939,1.0284,0.1019,0.1171,0.012,0.0286,0.029,-0.0178,0.0165,0.0162,-0.0066,-0.0003,0.003149,0.8172,0.4593,0.4783,0.3043,0.2174,-0.355,TIME_12B,12,-1.02,SL,1,0
7318,2024-01-26 09:50:00+00:00,ETHUSDT,2217.08,2215.723363986093,2213.874656509884,3.9266948355316362,5,0,0.4708,-0.7861,1,0.3455,0.8163,0.1377,0.1891,0.1295,0.0964,0.0696,0.0395,0.0168,0.0243,0.0082,-0.0044,-0.0046,0.001771,3.4372,0.6409,0.7603,0.1143,0.1253,-1.479,SL,1,-1.02,SL,1,0
7492,2024-01-27 00:20:00+00:00,SOLUSDT,92.25,92.3015585331247,92.17223115939831,0.26635815025838777,2,0,0.4855,-0.0734,0,-0.1936,0.292,3.2996,0.0205,0.0152,-0.0012,-0.0041,-0.0078,-0.0168,0.008,0.0066,0.0032,0.0334,0.002887,0.6472,0.5381,0.0303,0.6364,0.3333,0.428,TIME_12B,12,-1.248,SL,1,1
7550,2024-01-27 05:10:00+00:00,SOLUSDT,92.22,92.72276897913088,92.61640656923578,0.2127643437543488,2,1,0.4999,-0.4324,-1,-2.363,-1.8631,0.9502,-0.1708,-0.1139,-0.0893,-0.0813,-0.0551,-0.0411,-0.0291,-0.0148,-0.0059,0.0273,0.002307,0.757,0.5026,0.6774,0.0323,0.2903,-1.12,SL,1,0.373,TIME_12B,12,2
7557,2024-01-27 05:45:00+00:00,BTCUSDT,41780.78,41830.420307290966,41816.48345837572,29.17503155455054,2,2,0.4777,-0.1658,-1,-1.7015,-1.2238,5.2687,-0.1068,-0.1016,-0.0457,-0.0535,-0.049,-0.0232,-0.0159,-0.0127,0.0018,0.0701,0.000698,0.9581,0.6146,0.1353,0.8647,0.0,-1.12,SL,1,-0.385,TIME_12B,12,0
7607,2024-01-27 09:55:00+00:00,BNBUSDT,304.0,303.7885773648584,303.61096964504526,0.4129269473714657,5,0,0.4301,-0.4162,1,0.512,0.9421,2.328,0.1466,0.1318,0.0815,0.0413,0.0287,-0.002,0.0172,0.0103,-0.0053,0.0165,0.001358,2.7408,0.2459,0.4,0.2,0.4,-0.654,TIME_12B,12,-1.02,SL,1,0
7612,2024-01-27 10:20:00+00:00,ETHUSDT,2268.8,2264.6528872207923,2263.426647402906,2.513534706729152,1,2,0.4879,-0.1487,1,1.6499,2.1378,2.6129,0.2273,0.2177,0.2079,0.1036,0.0918,0.0707,0.0413,0.0336,0.0198,0.0186,0.001108,0.4312,0.5424,0.7235,0.0034,0.273,-1.638,SL,7,-1.02,SL,1,0
7617,2024-01-27 10:45:00+00:00,BTCUSDT,41743.99,41715.97293167817,41688.85262228568,54.467183549061886,4,1,0.4979,-0.0941,1,0.5144,1.0123,1.7572,0.0968,0.0835,0.1288,0.0431,0.0353,0.0425,0.0106,0.0058,0.0072,0.0165,0.001305,1.0549,0.4969,0.6021,0.1507,0.2472,-0.624,TIME_12B,12,-1.02,SL,1,0
7625,2024-01-27 11:25:00+00:00,ETHUSDT,2264.84,2264.777291860287,2264.026814460807,1.9037402722910253,1,0,0.3942,0.0126,1,0.0329,0.4272,1.195,0.0177,-0.0099,-0.0038,0.0232,0.0133,0.0203,0.0049,-0.0005,0.0022,0.0125,0.000841,0.8794,0.3164,0.3059,0.0046,0.6895,-0.589,TIME_12B,12,-1.048,SL,1,0
7636,2024-01-27 12:20:00+00:00,SOLUSDT,91.85,91.90978690281275,91.8223992097173,0.18490052855023575,1,0,0.4726,-0.2543,0,-0.3233,0.1493,0.2351,-0.0593,-0.0149,0.0067,-0.0014,0.0184,0.0289,-0.0053,0.0042,0.008,0.0072,0.002013,1.152,0.7009,0.6842,0.2105,0.1053,0.433,TIME_12B,12,-1.209,SL,1,1
7641,2024-01-27 12:45:00+00:00,ETHUSDT,2264.13,2266.048803689538,2265.1905134298154,1.8339899397087627,0,1,0.468,-0.1605,-1,-1.0462,-0.5783,0.5159,-0.0884,-0.0531,0.018,-0.0133,0.0041,0.0338,-0.0056,0.003,0.0167,0.0197,0.00081,0.5823,0.4914,0.303,0.2652,0.4318,-1.12,SL,1,-1.223,SL,7,0
7641,2024-01-27 12:45:00+00:00,BNBUSDT,303.5,303.94298439151237,303.8996740380336,0.3464939741797728,0,0,0.125,-0.3626,-1,-1.2785,-1.1535,0.5181,-0.1402,-0.0761,-0.0301,-0.0496,-0.0202,0.0004,-0.0219,-0.0067,0.0034,0.0196,0.001142,0.5071,0.4677,0.5,0.0,0.5,-1.12,SL,1,-0.554,TIME_12B,12,0
7667,2024-01-27 14:55:00+00:00,BNBUSDT,303.7,303.72412428976173,303.57470525975106,0.3190226605200585,5,0,0.4684,-0.3243,0,-0.0756,0.3927,1.0908,0.0922,0.0815,0.0158,0.0249,0.0159,-0.0142,0.007,0.0019,-0.013,0.006,0.00105,0.7833,0.1952,0.3333,0.3333,0.3333,-1.244,SL,11,-1.078,SL,1,0
7692,2024-01-27 17:00:00+00:00,ETHUSDT,2264.45,2269.009786388248,2267.8393133199415,2.4910573075057503,0,0,0.4699,-0.6901,-1,-1.8305,-1.3606,-0.4576,-0.1976,-0.1488,-0.0464,-0.0697,-0.0433,0.0027,-0.0249,-0.0106,0.0127,0.016,0.0011,1.2524,0.3164,0.1034,0.1341,0.7626,-1.12,SL,1,-0.707,TIME_12B,12,0
7703,2024-01-27 17:55:00+00:00,BNBUSDT,303.9,303.6630361799178,303.58550561621007,0.28131611879029167,5,0,0.2756,-0.259,1,0.8423,1.1179,1.6633,0.1056,0.084,0.03,0.0355,0.0229,-0.0034,0.0126,0.0057,-0.0078,0.0048,0.000926,0.5991,0.6057,0.0,0.0,1.0,-0.062,TIME_12B,12,-1.02,SL,1,0
7714,2024-01-27 18:50:00+00:00,ETHUSDT,2267.61,2267.999718177476,2267.6064699358626,2.1569478117369365,2,3,0.1823,-0.0221,0,-0.1807,0.0016,0.7987,0.0015,0.0537,0.0364,0.0,0.0185,0.0058,0.0039,0.013,0.0062,0.0113,0.000951,0.6041,0.4772,0.6066,0.3224,0.071,-1.158,SL,1,-1.093,SL,2,0
7717,2024-01-27 19:05:00+00:00,BTCUSDT,41843.19,41802.492825963716,41788.744490963894,28.486074429041373,0,2,0.4826,-0.0929,1,1.4287,1.9113,3.5735,0.0394,0.0128,-0.013,0.0131,0.0026,-0.007,0.016,0.0111,0.0072,0.0209,0.000681,2.5611,0.6597,0.6949,0.305,0.0001,-0.156,TIME_12B,12,-1.02,SL,1,0
7753,2024-01-27 22:05:00+00:00,ETHUSDT,2265.68,2270.7601026508946,2269.762918276684,2.6969863957962397,0,0,0.3697,-0.2729,-1,-1.8836,-1.5139,-0.7709,-0.0512,-0.0329,-0.0243,-0.0151,-0.0071,-0.0022,0.0,0.0042,0.007,0.0113,0.00119,1.5501,0.2272,0.9131,0.0869,0.0,-1.12,SL,1,-1.517,SL,4,0
7790,2024-01-28 01:10:00+00:00,ETHUSDT,2274.3,2268.264207677635,2267.6273004428826,2.2499788863573795,5,0,0.2831,-0.6177,1,2.6826,2.9657,3.029,0.2137,0.1208,0.0271,0.0719,0.0297,-0.0109,0.0306,0.0089,-0.0111,-0.002,0.000989,1.1853,0.6155,0.9963,0.0,0.0037,-0.101,TIME_12B,12,-1.02,SL,1,0
7790,2024-01-28 01:10:00+00:00,BNBUSDT,304.9,305.3568433084333,305.1631240107628,0.4286976223289796,2,1,0.4519,-0.1447,-1,-1.0657,-0.6138,0.6244,-0.0545,-0.1053,-0.1147,-0.0387,-0.0561,-0.0513,-0.0094,-0.017,-0.012,0.0076,0.001406,3.5437,0.3435,0.1667,0.5,0.3333,-1.12,SL,1,-1.377,SL,1,0
7809,2024-01-28 02:45:00+00:00,BNBUSDT,304.9,305.28334737056304,305.11317750123317,0.4261580842289192,3,4,0.3993,0.1145,-1,-0.8995,-0.5002,0.3638,-0.0502,-0.0881,-0.0789,-0.035,-0.0485,-0.038,-0.0127,-0.0186,-0.0114,0.006,0.001398,0.1651,0.6412,0.0,1.0,0.0,-1.12,SL,1,-1.328,SL,5,0
7923,2024-01-28 12:15:00+00:00,BNBUSDT,305.2,307.20296082060383,306.974649646675,0.5824171491577331,2,1,0.392,-0.335,-1,-3.439,-3.047,-1.9671,-0.2167,-0.1544,-0.1205,-0.0917,-0.0618,-0.0395,-0.036,-0.0199,-0.007,0.0085,0.001908,1.9031,0.3759,0.8182,0.0909,0.0909,-1.12,SL,1,-1.619,SL,4,0
7937,2024-01-28 13:25:00+00:00,BNBUSDT,307.0,307.13801439419535,306.9891861261134,0.6090360067137609,2,1,0.2444,-0.029,0,-0.2266,0.0178,0.9288,-0.0063,0.0006,0.0401,-0.0073,-0.0045,0.0064,0.0015,0.0032,0.0086,0.0137,0.001984,1.032,0.3874,0.1667,0.5,0.3333,-1.271,SL,1,-1.124,SL,2,0
7947,2024-01-28 14:15:00+00:00,BTCUSDT,42479.0,42424.95752007725,42401.18576416417,55.823400660020916,3,0,0.4258,-0.2195,1,0.9681,1.3939,2.8424,0.0612,0.0436,0.0076,0.0025,-0.0067,-0.0259,0.0035,-0.0008,-0.0096,0.0139,0.001314,1.9911,0.8329,0.6631,0.3368,0.0001,-1.538,SL,7,-1.02,SL,1,0
7960,2024-01-28 15:20:00+00:00,BNBUSDT,306.6,307.0667765544031,306.93940597625726,0.4941938506011482,3,2,0.2577,0.0935,-1,-0.9445,-0.6868,0.0732,-0.0645,-0.0774,-0.0556,-0.0344,-0.0377,-0.0234,-0.0144,-0.0154,-0.007,0.0065,0.001612,0.4816,0.5378,0.6667,0.0,0.3333,-1.12,SL,1,-0.033,TIME_12B,12,0
7967,2024-01-28 15:55:00+00:00,SOLUSDT,97.07,97.49169311292655,97.23675391483873,0.535309638286969,2,0,0.4762,-0.1882,-1,-0.7878,-0.3115,1.2978,-0.0531,-0.0446,-0.0282,-0.0297,-0.0244,-0.0172,-0.0046,-0.0011,0.0036,0.0189,0.005515,1.1644,0.4383,0.4,0.4545,0.1455,-1.12,SL,1,-1.775,SL,3,0
7981,2024-01-28 17:05:00+00:00,SOLUSDT,96.77,97.4782592479941,97.29441584030961,0.41864845532295436,2,2,0.4391,-0.0957,-1,-1.6918,-1.2526,0.5985,-0.09,-0.0323,0.0063,-0.039,-0.0149,-0.0015,-0.0096,0.0029,0.0101,0.0246,0.004326,1.2669,0.2681,0.6111,0.2778,0.1111,-1.12,SL,1,0.542,TIME_12B,12,2
8070,2024-01-29 00:30:00+00:00,SOLUSDT,96.27,95.72653083941435,95.50106480686865,0.45929121845820364,4,1,0.4909,-0.1602,1,1.1833,1.6742,0.8814,0.0682,0.0098,0.0587,0.0297,0.007,0.0252,0.004,-0.0076,0.0004,-0.0029,0.004771,1.4759,0.7696,0.6892,0.2297,0.0811,-1.539,SL,3,-1.02,SL,1,0
8074,2024-01-29 00:50:00+00:00,BNBUSDT,305.3,305.0132310215752,304.8059524542442,0.43711725956681796,4,1,0.4742,-0.0626,1,0.656,1.1302,-0.2062,0.1215,0.1405,0.1002,0.0639,0.0666,0.0435,0.0213,0.0212,0.0075,-0.0058,0.001432,0.5636,0.3265,0.25,0.5,0.25,0.262,TIME_12B,12,-1.02,SL,1,0
8145,2024-01-29 06:45:00+00:00,ETHUSDT,2268.33,2267.5154817337134,2266.5589707871873,1.9878750999514048,2,1,0.4812,-0.0488,1,0.4097,0.8909,0.4564,-0.0039,0.0339,-0.0188,-0.004,0.0101,-0.0127,0.0079,0.0152,0.0045,-0.0027,0.000876,0.6448,0.5995,0.9249,0.0,0.0751,-1.311,SL,10,-1.02,SL,1,0
8156,2024-01-29 07:40:00+00:00,BTCUSDT,42103.79,42196.09546579216,42176.34743100232,42.40043703298977,2,0,0.4658,-0.3458,-1,-2.177,-1.7112,-1.4269,-0.1289,-0.0434,-0.028,-0.0606,-0.0259,-0.0218,-0.0195,-0.0016,0.0014,0.0038,0.001007,1.6702,0.4699,0.2362,0.1168,0.647,-1.12,SL,1,-0.434,TIME_12B,12,0
8158,2024-01-29 07:50:00+00:00,BNBUSDT,306.0,306.3316928224779,306.17544676581105,0.31631563345667174,2,3,0.494,-0.1975,-1,-1.0486,-0.5547,-0.0275,-0.0731,-0.0311,-0.0081,-0.0272,-0.0089,-0.001,-0.0029,0.0068,0.011,0.0108,0.001034,1.2468,0.6016,0.6667,0.0,0.3333,-1.12,SL,1,-1.279,SL,3,0
8162,2024-01-29 08:10:00+00:00,SOLUSDT,96.47,97.03600336585033,96.86596575422077,0.3683037084206552,2,1,0.4617,-0.2449,-1,-1.5368,-1.0751,-0.3153,-0.1037,-0.1148,-0.0388,-0.041,-0.0417,-0.0062,-0.0102,-0.0097,0.0091,0.0127,0.003818,1.4222,0.3805,0.439,0.3659,0.1951,-1.12,SL,1,-1.637,SL,8,0
8179,2024-01-29 09:35:00+00:00,ETHUSDT,2272.35,2264.622666821762,2263.001716736547,4.022398123101356,5,0,0.403,-0.423,1,1.9211,2.3241,1.5603,0.1413,0.082,0.0431,0.0412,0.0134,-0.0054,0.0155,0.0012,-0.0079,-0.0077,0.00177,2.2698,0.7425,0.9306,0.0694,0.0,-0.673,TIME_12B,12,-1.02,SL,1,0
8179,2024-01-29 09:35:00+00:00,BTCUSDT,42274.59,42143.3239887595,42124.68804615565,72.20061949940259,5,0,0.2581,-0.4376,1,1.8181,2.0762,1.759,0.1523,0.1034,0.0585,0.0481,0.0237,0.0007,0.0208,0.0081,-0.0033,-0.0024,0.001708,2.2515,0.6116,0.563,0.4185,0.0185,-0.545,TIME_12B,12,-1.02,SL,1,0
8211,2024-01-29 12:15:00+00:00,ETHUSDT,2264.88,2268.9757396748964,2267.7278780047777,2.7866275989530545,0,0,0.4478,-0.2297,-1,-1.4698,-1.022,-0.9543,-0.1041,-0.1455,-0.1118,-0.0338,-0.0458,-0.019,-0.0084,-0.0137,0.0013,0.0016,0.00123,0.9663,0.4497,0.6417,0.0,0.3583,-1.12,SL,1,0.64,TIME_12B,12,2
8217,2024-01-29 12:45:00+00:00,BTCUSDT,42086.14,42232.34535743349,42209.261981253134,70.96294628196335,2,1,0.3253,-1.0517,-1,-2.0603,-1.735,-1.4136,-0.2184,-0.1331,-0.0539,-0.0794,-0.0398,-0.0044,-0.0316,-0.011,0.007,0.007,0.001686,3.8757,0.3631,0.4034,0.0909,0.5057,-1.12,SL,1,-0.096,TIME_12B,12,0
8218,2024-01-29 12:50:00+00:00,SOLUSDT,97.01,97.3031600729281,97.15429126147316,0.3227377046694142,0,0,0.4613,-0.4003,-1,-0.9084,-0.4471,0.4061,-0.1304,-0.0987,-0.0303,-0.0467,-0.0295,0.0023,-0.0138,-0.0044,0.0121,0.0151,0.003327,1.006,0.4381,0.1852,0.2963,0.5185,-1.12,SL,1,1.481,TP,8,2
8252,2024-01-29 15:40:00+00:00,SOLUSDT,97.84,96.82853911309233,96.67331464071914,0.494177899230582,5,0,0.3141,-0.4745,1,2.0468,2.3609,2.1757,0.1552,0.1266,0.0337,0.0503,0.0341,-0.0089,0.0196,0.0109,-0.0108,-0.0041,0.005051,3.5883,0.5584,0.8269,0.1346,0.0385,1.768,TP,7,-1.02,SL,1,1
8254,2024-01-29 15:50:00+00:00,BNBUSDT,308.0,306.95650026428933,306.68326337050183,0.556933236967309,5,0,0.4906,-0.7049,1,1.8737,2.3643,2.2119,0.1719,0.1063,0.0672,0.05,0.0194,-0.0042,0.0192,0.0035,-0.0085,-0.0007,0.001808,1.8284,0.6046,0.625,0.25,0.125,0.626,TIME_12B,12,-1.02,SL,1,1
8254,2024-01-29 15:50:00+00:00,BTCUSDT,42492.0,42120.6897362232,42087.40869148171,115.10127809360301,5,0,0.2891,-1.0494,1,3.2259,3.5151,3.0556,0.2361,0.1212,0.0689,0.0823,0.0323,0.0049,0.0339,0.0084,-0.0057,-0.0049,0.002709,4.1136,0.5439,0.8556,0.1443,0.0001,1.236,TIME_12B,12,-1.02,SL,1,1
8256,2024-01-29 16:00:00+00:00,ETHUSDT,2274.49,2258.4059246875568,2255.279402200408,6.553014481709364,4,1,0.4771,-1.1329,1,2.4545,2.9316,1.9264,0.3172,0.2125,0.1201,0.1202,0.0691,0.0219,0.0484,0.0213,-0.0035,-0.0078,0.002881,2.9988,0.5356,0.1179,0.6205,0.2616,1.156,TIME_12B,12,-1.02,SL,1,1
8441,2024-01-30 07:25:00+00:00,BNBUSDT,311.4,311.05187310428505,310.86938346479866,0.37877261520569044,3,1,0.4818,-0.317,1,0.9191,1.4009,2.9754,0.0855,-0.0295,-0.0891,0.0097,-0.0366,-0.0544,0.01,-0.0124,-0.0188,0.01,0.001216,0.8942,0.7927,1.0,0.0,0.0,-1.508,SL,7,-1.02,SL,1,0
8443,2024-01-30 07:35:00+00:00,ETHUSDT,2312.65,2309.028788221492,2308.0165760418286,2.3435398253555286,3,0,0.4319,-0.4686,1,1.5452,1.9771,4.5339,0.2102,0.1394,0.0222,0.0575,0.0218,-0.0312,0.0316,0.0134,-0.0117,0.0238,0.001013,0.8958,0.3177,0.2335,0.3612,0.4053,-1.559,SL,5,-1.02,SL,1,0
8476,2024-01-30 10:20:00+00:00,BTCUSDT,43333.04,43380.83250624962,43362.14875933473,38.39069963995953,2,1,0.4867,-0.0559,-1,-1.2449,-0.7582,3.1186,-0.0702,-0.1194,-0.0775,-0.0438,-0.0599,-0.0366,-0.0112,-0.018,-0.0042,0.0394,0.000886,1.101,0.4534,0.8499,0.0,0.1501,-1.12,SL,1,-1.277,SL,1,0
8505,2024-01-30 12:45:00+00:00,ETHUSDT,2300.81,2313.2605765186167,2310.8291988252363,7.309101758606686,0,0,0.3327,-0.2956,-1,-1.7034,-1.3708,-0.7535,-0.1051,-0.0563,0.0092,-0.0305,-0.0077,0.0167,-0.0107,0.001,0.0125,0.0126,0.003177,2.0837,0.2942,0.6437,0.1572,0.1991,-1.12,SL,1,-0.638,TIME_12B,12,0
8505,2024-01-30 12:45:00+00:00,BTCUSDT,43262.88,43482.059436479416,43418.66225075855,139.7629678793603,0,0,0.4536,-0.252,-1,-1.5682,-1.1146,-0.142,-0.103,-0.0527,0.02,-0.0287,-0.0052,0.022,-0.008,0.0041,0.017,0.0186,0.003231,1.8482,0.4527,0.642,0.318,0.04,-1.12,SL,1,-0.433,TIME_12B,12,0
8529,2024-01-30 14:45:00+00:00,BTCUSDT,43402.54,43377.124271622284,43345.65439276144,101.35014033883841,5,0,0.3105,-0.1993,1,0.2508,0.5613,1.1295,0.0784,0.079,0.0117,0.0189,0.0147,-0.016,0.0076,0.0051,-0.0099,0.0044,0.002335,0.7135,0.4677,0.2248,0.7085,0.0667,-0.174,TIME_12B,12,-1.02,SL,1,0
8530,2024-01-30 14:50:00+00:00,ETHUSDT,2309.35,2309.1675489835084,2308.301467627265,4.55485473957597,5,0,0.1901,-0.0479,1,0.0401,0.2302,0.659,0.0198,0.0712,0.03,0.0018,0.0198,-0.0031,-0.0006,0.0082,-0.0037,0.0046,0.001972,1.0808,0.6183,0.1579,0.7263,0.1158,-1.288,SL,2,-1.084,SL,1,0
8553,2024-01-30 16:45:00+00:00,BTCUSDT,43372.01,43387.29328895164,43374.54494474499,73.72181411188411,5,3,0.1729,0.0459,-1,-0.2073,-0.0344,0.7932,-0.0124,-0.0429,-0.0835,-0.0114,-0.0225,-0.031,-0.0059,-0.0111,-0.014,0.004,0.0017,0.5309,0.5587,0.0971,0.4954,0.4074,-1.176,SL,9,-1.159,SL,1,0
8558,2024-01-30 17:10:00+00:00,SOLUSDT,104.93,104.66967338572866,104.38810605961915,0.5643973974022652,2,1,0.4989,-0.0613,1,0.4612,0.9601,2.5399,0.0744,0.0387,-0.0564,0.0221,0.006,-0.0293,0.021,0.0131,-0.0029,0.0151,0.005379,1.1215,0.5885,0.5,0.125,0.375,-1.756,SL,2,-1.02,SL,1,0
8572,2024-01-30 18:20:00+00:00,SOLUSDT,104.07,104.69171229568637,104.47017382006385,0.44777822211680895,2,2,0.4948,-0.1923,-1,-1.3884,-0.8937,0.9222,-0.054,0.0055,0.011,-0.0191,0.0039,0.0037,0.0011,0.0128,0.013,0.0254,0.004303,1.0194,0.4708,0.9483,0.0345,0.0172,-1.12,SL,1,-1.628,SL,2,0
8577,2024-01-30 18:45:00+00:00,BNBUSDT,309.9,310.1015178696292,309.9231812712272,0.37227305943755695,1,0,0.479,-0.2001,-1,-0.5413,-0.0623,-0.3527,-0.0632,-0.0251,0.0207,-0.0026,0.0146,0.0355,-0.0027,0.0056,0.0149,0.0049,0.001201,1.1427,0.6773,0.25,0.25,0.5,-1.153,SL,1,-0.362,TIME_12B,12,0
8601,2024-01-30 20:45:00+00:00,BNBUSDT,310.3,310.05624252895365,309.91442589965885,0.40288473012052983,1,2,0.352,0.1934,1,0.605,0.957,0.7689,0.1256,0.1264,0.0804,0.0614,0.0569,0.0315,0.0298,0.0265,0.0125,0.0036,0.001298,0.4115,0.294,0.5,0.25,0.25,-1.42,SL,3,-1.02,SL,1,0
8610,2024-01-30 21:30:00+00:00,SOLUSDT,104.44,104.94748777647334,104.77732087626892,0.35393526195506575,2,1,0.4808,-0.1888,-1,-1.4338,-0.9531,0.9604,-0.1222,-0.1205,-0.0537,-0.0486,-0.0439,-0.0105,-0.0135,-0.0103,0.0077,0.0243,0.003389,1.1139,0.4304,0.1081,0.6216,0.2703,-1.12,SL,1,-0.119,TIME_12B,12,0
8628,2024-01-30 23:00:00+00:00,BTCUSDT,43285.0,43496.13301695885,43473.053514246494,49.43205751344104,2,1,0.4669,-0.484,-1,-4.2712,-3.8043,-2.48,-0.3321,-0.2459,-0.1609,-0.137,-0.0935,-0.0477,-0.0565,-0.0329,-0.0081,0.0108,0.001142,1.8379,0.3151,0.6157,0.3843,0.0,-1.12,SL,1,1.537,TP,8,2
8817,2024-01-31 14:45:00+00:00,BTCUSDT,42873.84,42762.50281850248,42711.81206041003,103.54202114772501,4,1,0.4896,-0.1399,1,1.0753,1.5649,-0.0924,0.1572,0.1186,0.0779,0.0714,0.051,0.0307,0.0246,0.0131,0.0015,-0.0119,0.002415,0.8783,0.5164,0.2802,0.274,0.4458,-1.97,SL,7,-1.02,SL,1,0
8820,2024-01-31 15:00:00+00:00,SOLUSDT,99.4,99.82746910668736,99.5194507499242,0.6174788293340318,4,1,0.4988,-0.0684,-1,-0.6923,-0.1934,-1.9174,0.0294,0.0705,0.0086,0.0153,0.029,0.0006,-0.0027,0.0033,-0.012,-0.0189,0.006212,0.9216,0.46,0.4135,0.2692,0.3173,-1.12,SL,1,1.578,TP,3,2
8828,2024-01-31 15:40:00+00:00,ETHUSDT,2324.52,2313.6460545668974,2309.125775415482,9.0425999841136,4,1,0.4999,-0.4721,1,1.2025,1.7024,0.2807,0.217,0.0943,0.0448,0.091,0.0371,0.0162,0.034,0.0058,-0.0054,-0.0126,0.00389,1.2121,0.4285,0.5842,0.3572,0.0586,-0.152,TIME_12B,12,-1.02,SL,1,0
8872,2024-01-31 19:20:00+00:00,BNBUSDT,304.3,304.6271960176102,304.35123016505577,0.6119178997880675,0,0,0.451,-0.3743,-1,-0.5347,-0.0837,-1.1935,-0.0419,-0.0315,-0.0414,-0.0007,0.0047,0.0071,0.0026,0.0051,0.0064,-0.0087,0.002011,0.835,0.3456,0.5,0.5,0.0,-1.232,SL,1,-1.25,SL,3,0
8876,2024-01-31 19:40:00+00:00,ETHUSDT,2326.77,2330.4702409879833,2326.556767727403,8.020563684515496,0,0,0.4879,-0.2446,0,-0.4613,0.0266,-0.0133,-0.0844,-0.1474,-0.0869,-0.0299,-0.0488,-0.0144,-0.0053,-0.0136,0.0049,0.0022,0.003447,0.7439,0.5424,0.0748,0.4471,0.4781,-1.277,SL,1,-1.476,SL,1,0
8877,2024-01-31 19:45:00+00:00,SOLUSDT,100.95,101.09746281031845,100.79452205249899,0.6331878008661399,0,0,0.4784,-0.1099,0,-0.2329,0.2455,0.1403,-0.0155,-0.0992,-0.0853,-0.0044,-0.0342,-0.018,0.0072,-0.0068,0.0029,0.0004,0.006272,1.2149,0.4484,0.1667,0.5,0.3333,-1.678,SL,1,-1.564,SL,3,0
8884,2024-01-31 20:20:00+00:00,BTCUSDT,42978.69,43285.6650103048,43197.98809280692,178.78651209017224,2,1,0.4904,-0.1581,-1,-1.717,-1.2266,-0.7583,-0.1817,-0.1654,-0.1155,-0.0839,-0.0705,-0.0433,-0.0306,-0.0223,-0.0068,0.0021,0.00416,1.547,0.5115,0.283,0.4535,0.2635,-1.12,SL,1,1.147,TIME_12B,12,2
9042,2024-02-01 09:30:00+00:00,ETHUSDT,2267.7,2272.235725253631,2270.7938023390107,2.9709742235866603,4,0,0.4853,-0.0945,-1,-1.5267,-1.0413,-4.7266,-0.0261,-0.0119,-0.0089,0.0031,0.0086,0.0123,-0.0083,-0.0061,-0.0054,-0.0365,0.00131,0.8011,0.3707,0.8046,0.1936,0.0018,-1.12,SL,1,-1.474,SL,8,0
9055,2024-02-01 10:35:00+00:00,ETHUSDT,2268.85,2271.8033141026217,2270.6765515144066,3.2056852765703248,4,2,0.3515,-0.0867,-1,-0.9213,-0.5698,-3.5854,0.0253,0.0831,-0.0031,0.0165,0.0356,-0.0003,0.001,0.0096,-0.0091,-0.0328,0.001413,1.8061,0.3986,0.7807,0.2193,0.0,-1.12,SL,1,-1.338,SL,12,0
9067,2024-02-01 11:35:00+00:00,BTCUSDT,42267.0,42230.180574072205,42208.93490604929,46.69989361813992,4,0,0.4549,-0.1381,1,0.7884,1.2434,-2.1307,0.0539,0.0504,0.0383,0.0351,0.0332,0.0267,0.0075,0.0059,0.0011,-0.0306,0.001105,0.5424,0.5984,0.4692,0.5306,0.0002,-1.438,SL,2,-1.02,SL,1,0
9075,2024-02-01 12:15:00+00:00,ETHUSDT,2270.84,2270.71432543149,2268.917427136961,3.7253453003918153,5,0,0.4823,-0.2927,1,0.0337,0.5161,-1.9744,0.0137,-0.0252,-0.0136,-0.0029,-0.0175,-0.0116,-0.0084,-0.0156,-0.0125,-0.0272,0.001641,1.2914,0.495,0.352,0.3547,0.2933,-1.355,SL,9,-1.074,SL,2,0
9078,2024-02-01 12:30:00+00:00,SOLUSDT,95.12,95.7283905913555,95.57040483755551,0.40074940863391395,0,0,0.3942,-0.2921,-1,-1.5181,-1.1239,-2.6907,-0.0759,-0.0635,-0.0652,-0.0197,-0.0121,-0.005,-0.0048,-0.0007,0.0034,-0.0149,0.004213,1.84,0.2663,1.0,0.0,0.0,-1.12,SL,1,-1.604,SL,12,0
9080,2024-02-01 12:40:00+00:00,BNBUSDT,299.1,299.4092813450813,299.18826792703254,0.47341485971238073,0,0,0.4668,-0.3079,-1,-0.6533,-0.1864,-1.6317,-0.0903,-0.0695,-0.0791,-0.0228,-0.0109,-0.0065,-0.0067,-0.0003,0.0023,-0.0142,0.001583,0.6089,0.5368,0.3333,0.6667,0.0,-1.191,SL,1,-1.224,SL,4,0
9094,2024-02-01 13:50:00+00:00,BTCUSDT,42226.69,42194.79392525865,42162.56141922497,71.70536187861637,5,0,0.4495,-0.1449,1,0.4448,0.8943,-1.2162,0.0696,0.0808,-0.0031,0.0212,0.0222,-0.0129,0.0027,0.0026,-0.015,-0.025,0.001698,0.9454,0.45,0.348,0.0001,0.6519,0.904,TIME_12B,12,-1.02,SL,1,1
9126,2024-02-01 16:30:00+00:00,SOLUSDT,95.4,96.1318656703694,95.92655015077338,0.4112601038514224,0,0,0.4992,-0.4474,-1,-1.7796,-1.2803,-1.8599,-0.171,-0.1472,-0.1136,-0.0597,-0.044,-0.0186,-0.0195,-0.0106,0.0035,-0.0042,0.004311,1.2895,0.4849,0.1837,0.3469,0.4694,-1.12,SL,1,-1.505,SL,3,0
9126,2024-02-01 16:30:00+00:00,BNBUSDT,299.1,300.0637083093263,299.75791339963536,0.7175371476158914,0,0,0.4262,-0.261,-1,-1.3431,-0.9169,-1.1956,-0.0842,-0.1024,-0.0844,-0.0278,-0.0313,-0.014,-0.0056,-0.0067,0.0032,-0.0012,0.002399,0.6111,0.3232,0.7273,0.1818,0.0909,-1.12,SL,1,-1.762,SL,6,0
9160,2024-02-01 19:20:00+00:00,BNBUSDT,299.7,300.23431281696463,300.0461879776361,0.40066111751175204,2,1,0.4695,-0.0804,-1,-1.3336,-0.864,-0.9304,-0.1004,-0.0762,-0.0935,-0.043,-0.0311,-0.0307,-0.0111,-0.0044,-0.0025,-0.0018,0.001337,1.341,0.5885,0.25,0.5,0.25,-1.12,SL,1,-1.431,SL,4,0
9202,2024-02-01 22:50:00+00:00,BNBUSDT,299.6,300.4381267670522,300.3152113359844,0.2734491867182012,2,1,0.4495,-0.3589,-1,-3.065,-2.6155,-2.3048,-0.2977,-0.2374,-0.1144,-0.1251,-0.0918,-0.0314,-0.0514,-0.0329,-0.0007,0.0036,0.000913,0.3175,0.359,0.5,0.0,0.5,-1.12,SL,1,-1.021,TIME_12B,12,0
9218,2024-02-02 00:10:00+00:00,BNBUSDT,300.6,300.1695342718129,299.98253867618587,0.38980798250211113,5,1,0.4797,-0.298,1,1.1043,1.584,1.1233,0.0532,0.064,-0.0185,0.0003,0.0016,-0.0352,-0.0016,-0.0009,-0.0185,-0.0088,0.001297,0.6693,0.8826,0.7143,0.1429,0.1429,0.077,TIME_12B,12,-1.02,SL,1,0
9287,2024-02-02 05:55:00+00:00,ETHUSDT,2305.17,2301.8441638112404,2300.8135176562296,2.0794403545342823,3,0,0.4956,-0.746,1,1.5994,2.095,3.3838,0.1762,0.064,-0.0093,0.0421,-0.0071,-0.0385,0.0224,-0.0021,-0.0161,0.0099,0.000902,1.7068,0.5982,0.3618,0.5176,0.1206,-0.262,TIME_12B,12,-1.02,SL,1,0
9287,2024-02-02 05:55:00+00:00,BTCUSDT,43103.97,43042.474928193915,43024.45004426674,37.34763360469967,3,0,0.4826,-0.798,1,1.6466,2.1292,5.0375,0.2007,0.0899,0.0042,0.0521,0.002,-0.0358,0.034,0.009,-0.0079,0.0274,0.000866,2.5851,0.6887,0.4376,0.5233,0.0391,-0.437,TIME_12B,12,-1.02,SL,1,0
9321,2024-02-02 08:45:00+00:00,BTCUSDT,42964.07,43089.27102398874,43070.60610749832,40.418561249923904,2,1,0.4618,-0.1377,-1,-3.0976,-2.6358,-0.2674,-0.2221,-0.1926,-0.1745,-0.097,-0.079,-0.0573,-0.0373,-0.0269,-0.0133,0.0193,0.000941,0.7064,0.3509,0.8696,0.0,0.1304,-1.12,SL,1,-0.795,TIME_12B,12,0
9344,2024-02-02 10:40:00+00:00,BTCUSDT,43076.21,43049.177437022016,43029.14752425479,43.108682422819875,5,1,0.4646,-0.5888,1,0.6271,1.0917,2.1775,0.1696,0.0881,-0.0004,0.0472,0.0091,-0.0283,0.0209,0.0015,-0.0161,0.0086,0.001001,0.4518,0.574,0.6076,0.3924,0.0,-0.276,TIME_12B,12,-1.02,SL,1,0
9378,2024-02-02 13:30:00+00:00,BTCUSDT,42851.09,43091.244846043715,43080.26706447872,74.95897393041213,2,1,0.1465,-0.5948,-1,-3.2038,-3.0574,-2.2577,-0.1452,-0.1133,-0.058,-0.0539,-0.0373,-0.0102,-0.0227,-0.0139,0.0002,0.0089,0.001749,5.4699,0.4335,0.8297,0.0,0.1703,-1.12,SL,1,-0.182,TIME_12B,12,0
9379,2024-02-02 13:35:00+00:00,ETHUSDT,2301.35,2312.9682244658497,2311.098681854424,4.183823986343013,2,1,0.4469,-1.3392,-1,-2.7769,-2.3301,-1.3076,-0.217,-0.1366,-0.083,-0.0802,-0.0436,-0.0159,-0.0292,-0.0101,0.0046,0.0134,0.001818,2.3866,0.3766,0.2212,0.3978,0.381,-1.12,SL,1,0.082,TIME_12B,12,0
9403,2024-02-02 15:35:00+00:00,SOLUSDT,100.86,100.40426582111482,100.16759749869567,0.5631648475789358,5,1,0.4202,-0.2597,1,0.8092,1.2295,1.8575,0.0994,0.1385,0.0513,0.0188,0.0284,-0.0171,0.0087,0.0131,-0.0095,0.0063,0.005584,0.6017,0.6236,0.8519,0.0185,0.1296,-1.266,TIME_12B,12,-1.02,SL,1,0
9404,2024-02-02 15:40:00+00:00,BTCUSDT,43208.61,42995.660974167695,42960.58615049828,107.16933940233776,5,0,0.3273,-0.4428,1,1.987,2.3143,2.0956,0.1766,0.1453,0.1048,0.062,0.0441,0.0169,0.0234,0.0136,-0.0011,0.0003,0.00248,1.7112,0.5938,0.8678,0.0202,0.1121,-0.788,TIME_12B,12,-1.02,SL,1,0
9405,2024-02-02 15:45:00+00:00,ETHUSDT,2311.97,2305.9424211537084,2303.1952494388256,6.396442369638133,5,0,0.4295,-0.5114,1,0.9423,1.3718,1.125,0.1611,0.1161,0.0826,0.0514,0.0283,0.0048,0.0192,0.0071,-0.0054,-0.0009,0.002767,0.9313,0.4865,0.6835,0.0566,0.2599,-1.989,SL,12,-1.02,SL,1,0
9406,2024-02-02 15:50:00+00:00,BNBUSDT,302.3,302.1282611891055,301.8679467912518,0.5264771994028471,5,0,0.4944,-0.2546,1,0.3262,0.8206,0.6365,0.1032,0.0913,0.109,0.0323,0.0236,0.0203,0.008,0.003,0.0002,0.0033,0.001742,1.4674,0.3,0.25,0.5,0.25,-0.984,TIME_12B,12,-1.02,SL,1,0
9422,2024-02-02 17:10:00+00:00,SOLUSDT,100.31,100.53198872895298,100.4478177844862,0.3850387903089368,3,2,0.2186,0.0799,-1,-0.5765,-0.3579,0.8722,-0.0948,-0.0975,-0.0837,-0.0444,-0.0415,-0.0274,-0.02,-0.0177,-0.0093,0.0104,0.003838,0.6394,0.7474,0.8571,0.0,0.1429,-1.12,SL,1,1.481,TP,6,2
9433,2024-02-02 18:05:00+00:00,BTCUSDT,42850.03,43093.98364223834,43073.12148966504,88.4202447749166,2,1,0.2359,-0.7076,-1,-2.759,-2.5231,-2.0737,-0.2488,-0.2215,-0.0887,-0.09,-0.0704,-0.0074,-0.0386,-0.0276,0.0045,0.0075,0.002063,1.8961,0.4135,0.4975,0.0,0.5025,-1.12,SL,1,-1.038,TIME_12B,12,0
9458,2024-02-02 20:10:00+00:00,BTCUSDT,43023.5,43034.98676668205,43008.77111349428,52.95234542111536,5,0,0.4951,-0.1538,0,-0.2169,0.2782,0.0671,0.0278,0.0661,0.0499,-0.0015,0.01,-0.004,-0.0049,0.0004,-0.0069,-0.0004,0.001231,0.8762,0.5951,0.7082,0.218,0.0738,-1.237,SL,6,-1.123,SL,2,0
9472,2024-02-02 21:20:00+00:00,BTCUSDT,43044.96,43030.64164504573,43014.26802379023,36.026658951981716,5,0,0.4545,-0.0541,1,0.3974,0.8519,0.7032,0.0662,0.0068,0.0042,0.0157,-0.0096,-0.008,0.0019,-0.0109,-0.0095,-0.0011,0.000837,0.565,0.4765,0.2936,0.5068,0.1996,-1.295,SL,7,-1.02,SL,1,0
9485,2024-02-02 22:25:00+00:00,ETHUSDT,2307.92,2301.333103269616,2300.205324047147,2.539140623199167,4,1,0.4442,-0.5378,1,2.5941,3.0383,2.1704,0.2478,0.1353,0.0503,0.1022,0.0515,0.0165,0.0403,0.0137,-0.0045,-0.007,0.0011,0.6408,0.7375,0.996,0.0,0.004,-0.851,TIME_12B,12,-1.02,SL,1,0
9505,2024-02-03 00:05:00+00:00,BNBUSDT,301.3,301.1436287753047,301.01439214153925,0.28191822826821594,4,0,0.4584,-0.2345,1,0.5547,1.0131,-0.2594,0.0391,0.032,0.0316,0.0328,0.0299,0.0297,0.0065,0.0043,0.0026,-0.0074,0.000936,1.5679,0.4425,0.75,0.0,0.25,-0.256,TIME_12B,12,-1.02,SL,1,0
9527,2024-02-03 01:55:00+00:00,SOLUSDT,100.06,100.24384270954162,100.08945098948834,0.3123646424803923,0,0,0.4943,-0.4769,-1,-0.5886,-0.0943,0.3976,-0.1323,-0.0941,-0.0575,-0.0422,-0.022,-0.0018,-0.0137,-0.0029,0.0075,0.0089,0.003122,0.6755,0.6377,0.8,0.0667,0.1333,-1.206,SL,1,0.44,TIME_12B,12,2
9575,2024-02-03 05:55:00+00:00,SOLUSDT,100.07,99.80401301053519,99.7251891769576,0.2097213751211988,5,0,0.3759,-0.3352,1,1.2683,1.6441,1.2154,0.1453,0.0863,0.0595,0.0517,0.0246,0.009,0.0174,0.0033,-0.0051,-0.0032,0.002096,1.2406,0.3366,0.4706,0.1176,0.4118,-1.871,SL,3,-1.02,SL,1,0
9690,2024-02-03 15:30:00+00:00,BTCUSDT,43066.0,43063.29725493488,43037.81514745012,51.2980387226264,5,1,0.4967,-0.2276,1,0.0527,0.5494,-0.2449,0.065,-0.0319,-0.035,0.0154,-0.0233,-0.0198,0.0008,-0.0185,-0.016,-0.0107,0.001191,0.8366,0.4029,0.9422,0.0,0.0578,-0.382,TIME_12B,12,-1.055,SL,1,0
9719,2024-02-03 17:55:00+00:00,ETHUSDT,2309.0,2307.7353488596978,2306.6284224087594,2.4751322185509066,4,0,0.4472,-0.3106,1,0.5109,0.9582,-0.1124,0.1292,0.0731,0.041,0.0613,0.0359,0.0219,0.0206,0.0069,-0.0012,-0.0074,0.001072,0.6539,0.3234,0.5121,0.1662,0.3217,-1.367,SL,4,-1.02,SL,1,0
9732,2024-02-03 19:00:00+00:00,BTCUSDT,43053.53,43125.01459091146,43105.62882236048,46.8484562279226,0,0,0.4138,-0.3306,-1,-1.5259,-1.1121,-0.9683,-0.1452,-0.1667,-0.0615,-0.0478,-0.0497,0.0022,-0.0168,-0.0168,0.0099,0.0067,0.001088,0.9017,0.426,0.286,0.314,0.4,-1.12,SL,1,-0.601,TIME_12B,12,0
9769,2024-02-03 22:05:00+00:00,SOLUSDT,98.34,98.07068447123446,97.96468962473557,0.24302281707948503,4,2,0.4362,-0.2354,1,1.1082,1.5443,-0.2887,0.0328,-0.0174,-0.0128,0.0113,-0.0073,-0.0016,-0.0038,-0.0131,-0.0103,-0.0196,0.002471,2.3791,0.7114,0.9107,0.0536,0.0357,-1.98,SL,9,-1.02,SL,1,0
9808,2024-02-04 01:20:00+00:00,SOLUSDT,97.9,97.94752548844025,97.78797880705837,0.34617337706168516,5,0,0.4609,-0.342,0,-0.1373,0.3236,-0.9617,0.0909,0.0536,-0.0085,0.0264,0.0088,-0.018,0.0068,-0.0023,-0.0157,-0.0164,0.003536,0.8807,0.4587,0.6327,0.2041,0.1633,-0.046,TIME_12B,12,-1.239,SL,2,0
9843,2024-02-04 04:15:00+00:00,SOLUSDT,97.72,98.16455595880196,98.098628417548,0.20804667087508286,0,0,0.3169,-0.5764,-1,-2.1368,-1.8199,-2.4945,-0.1925,-0.1123,-0.0358,-0.0636,-0.0263,0.0086,-0.0268,-0.0076,0.0097,-0.0022,0.002129,1.4357,0.5601,0.3333,0.5238,0.1429,-1.12,SL,1,-1.841,SL,12,0
9844,2024-02-04 04:20:00+00:00,BNBUSDT,299.6,300.2973548058632,300.1681798348673,0.3064156568344682,0,1,0.4216,-0.593,-1,-2.2758,-1.8543,-2.8364,-0.206,-0.1474,-0.0406,-0.057,-0.0261,0.0242,-0.0271,-0.0112,0.0132,-0.0038,0.001023,0.8387,0.0573,0.5,0.25,0.25,-1.12,SL,1,-0.954,TIME_12B,12,0
9844,2024-02-04 04:20:00+00:00,ETHUSDT,2297.8,2302.199410985993,2301.877753429572,1.0566956307739723,0,0,0.3044,-0.9941,-1,-4.1634,-3.859,-5.356,-0.3412,-0.2599,-0.1219,-0.1123,-0.0683,0.0009,-0.0526,-0.0295,0.0052,-0.0127,0.00046,3.5596,0.1786,1.0,0.0,0.0,-1.12,SL,1,-1.421,SL,12,0
9860,2024-02-04 05:40:00+00:00,ETHUSDT,2301.79,2301.2395177197773,2300.605352117889,2.0018961790602465,5,0,0.3168,-0.1456,1,0.275,0.5918,-0.5386,0.0566,0.0612,0.0034,0.014,0.0127,-0.0139,0.0032,0.0022,-0.0111,-0.0141,0.00087,0.7922,0.4261,0.1032,0.1161,0.7806,-1.257,SL,2,-1.02,SL,1,0
9901,2024-02-04 09:05:00+00:00,BNBUSDT,299.7,299.6993729616296,299.5465926143642,0.3151229314582567,4,1,0.4848,-0.2137,1,0.002,0.4868,-1.0918,0.0956,0.1006,0.1127,0.0383,0.0364,0.0317,0.0087,0.0068,0.0027,-0.0104,0.001051,0.997,0.1806,0.5,0.25,0.25,-0.453,TIME_12B,12,-1.062,SL,1,0
9912,2024-02-04 10:00:00+00:00,ETHUSDT,2302.2,2296.9612682162306,2295.6202660563076,2.702699774239377,1,2,0.4962,-0.1854,1,1.9383,2.4345,1.0182,0.2696,0.2716,0.1767,0.1199,0.1104,0.0533,0.0486,0.0417,0.0099,-0.0062,0.001174,0.8694,0.5359,0.3563,0.4042,0.2395,-0.83,TIME_12B,12,-1.02,SL,1,0
9920,2024-02-04 10:40:00+00:00,BNBUSDT,299.8,299.99247041468806,299.84043060231636,0.3451247914100751,0,1,0.4405,-0.4097,-1,-0.5577,-0.1171,-0.7625,-0.0458,-0.0421,0.0048,0.0009,0.0051,0.0274,0.0014,0.0035,0.0139,-0.0001,0.001151,1.6392,0.5933,0.0,1.0,0.0,-1.139,SL,1,-1.195,SL,11,0
9956,2024-02-04 13:40:00+00:00,BNBUSDT,300.0,300.06205975094485,299.9466899167369,0.23536221628034643,0,0,0.4902,-0.1446,0,-0.2637,0.2265,-0.2398,-0.0308,-0.0287,-0.0097,-0.0017,0.0011,0.0111,0.0047,0.0062,0.0112,0.0004,0.000785,4.3612,0.4749,0.0,0.0,1.0,1.379,TP,6,-1.16,SL,5,1
9970,2024-02-04 14:50:00+00:00,BTCUSDT,42899.73,42981.87206294673,42966.990984902,33.43234633475981,2,1,0.4451,-0.5431,-1,-2.457,-2.0119,-2.2005,-0.2034,-0.115,-0.0804,-0.0782,-0.0382,-0.0192,-0.0285,-0.0076,0.0028,-0.0004,0.000779,0.8194,0.3954,0.4216,0.2666,0.3118,-1.12,SL,1,-0.851,TIME_12B,12,0
9975,2024-02-04 15:15:00+00:00,ETHUSDT,2302.21,2303.1894040142265,2302.080110906948,2.402154576380534,2,1,0.4618,-0.152,0,-0.4077,0.0541,0.2213,-0.0297,-0.1195,-0.0794,-0.0185,-0.05,-0.0236,0.0005,-0.0141,0.0012,0.0026,0.001043,1.8078,0.4981,0.1508,0.8459,0.0033,-1.172,SL,1,-0.381,TIME_12B,12,0
9975,2024-02-04 15:15:00+00:00,SOLUSDT,97.5,97.70283092691454,97.61551731092514,0.19806708490621167,0,0,0.4408,-0.2255,-1,-1.0241,-0.5832,-0.9466,-0.0876,-0.1359,-0.0589,-0.0308,-0.0444,-0.004,-0.0062,-0.012,0.0095,0.001,0.002031,0.5939,0.5099,0.6667,0.3333,0.0,-1.12,SL,1,-1.539,SL,8,0
10017,2024-02-04 18:45:00+00:00,ETHUSDT,2295.42,2302.443308881718,2301.7029150682283,2.1616694702403363,3,2,0.3425,0.059,-1,-3.249,-2.9065,-2.9969,-0.211,-0.2062,-0.0713,-0.0898,-0.0811,-0.0196,-0.0412,-0.0356,-0.0037,0.0004,0.000942,1.2843,0.2647,0.9192,0.0354,0.0455,-1.12,SL,1,1.481,TP,4,2
10048,2024-02-04 21:20:00+00:00,ETHUSDT,2305.97,2295.626071001897,2293.1420284569485,5.3350582075479585,4,1,0.4656,-0.3226,1,1.9389,2.4045,1.4925,0.2408,0.2851,0.1696,0.0955,0.1024,0.0359,0.0366,0.0382,0.0023,-0.0044,0.002314,0.8904,0.5191,0.0106,0.8128,0.1766,-1.447,TIME_12B,12,-1.02,SL,1,0
10063,2024-02-04 22:35:00+00:00,ETHUSDT,2282.02,2296.2704093590887,2295.1061848135705,5.341413197003995,4,1,0.218,-0.4267,-1,-2.6679,-2.4499,-3.0038,-0.1999,-0.1237,-0.0332,-0.07,-0.0341,0.0066,-0.0383,-0.0199,-0.0001,-0.0031,0.002341,2.3069,0.3236,0.5216,0.0,0.4784,-1.12,SL,1,-0.791,TIME_12B,12,0
10084,2024-02-05 00:20:00+00:00,BNBUSDT,306.2,305.541391738113,305.1802279195824,0.7702388887002678,2,0,0.4689,-0.1946,1,0.8551,1.324,2.8037,0.0467,0.0152,-0.0389,0.0055,-0.0088,-0.0288,0.0122,0.0055,-0.0028,0.0142,0.002515,1.3685,0.6669,0.8125,0.0625,0.125,-1.885,SL,3,-1.02,SL,1,0
10156,2024-02-05 06:20:00+00:00,BNBUSDT,304.7,303.9761625913612,303.6192287662929,0.7309496173109095,5,0,0.4883,-0.5224,1,0.9903,1.4786,1.1708,0.1731,0.1662,0.0498,0.061,0.0514,-0.0038,0.0204,0.0145,-0.014,-0.0052,0.002399,1.1758,0.5447,0.2,0.2,0.6,-0.523,TIME_12B,12,-1.02,SL,1,0
10197,2024-02-05 09:45:00+00:00,BNBUSDT,303.6,304.63592237229375,304.51688486814936,0.4911510566392825,0,0,0.2424,-0.5645,-1,-2.1092,-1.8668,-1.2723,-0.186,-0.135,-0.0509,-0.0669,-0.0408,-0.0012,-0.0274,-0.0135,0.0067,0.0099,0.001618,3.3404,0.3799,0.4,0.0,0.6,-1.12,SL,1,-1.148,TIME_12B,12,0
10215,2024-02-05 11:15:00+00:00,BNBUSDT,304.6,304.3422243780699,304.164393862902,0.3785674222512053,5,1,0.4697,-0.2092,1,0.6809,1.1507,1.1225,0.0768,0.0583,-0.0045,0.0124,0.0018,-0.0273,0.0033,-0.0021,-0.0161,-0.0032,0.001243,0.7369,0.7553,0.5,0.5,0.0,-1.455,SL,9,-1.02,SL,1,0
10265,2024-02-05 15:25:00+00:00,SOLUSDT,96.68,97.654812072989,97.46966750934335,0.392410870932151,2,1,0.4718,-0.2819,-1,-2.4842,-2.0123,-1.2355,-0.2519,-0.2091,-0.1236,-0.1104,-0.0855,-0.0413,-0.0439,-0.0297,-0.0055,0.0061,0.004059,0.9848,0.5092,0.0769,0.8077,0.1154,-1.12,SL,1,0.636,TIME_12B,12,2
10388,2024-02-06 01:40:00+00:00,SOLUSDT,96.06,95.73510881208644,95.58822952161036,0.2963138652738302,4,0,0.4957,-0.0764,1,1.0964,1.5921,-0.0151,0.0922,0.0837,0.0401,0.0492,0.0434,0.0255,0.0135,0.0096,-0.0007,-0.0123,0.003085,0.544,0.5661,0.5,0.1111,0.3889,0.346,TIME_12B,12,-1.02,SL,1,1
10420,2024-02-06 04:20:00+00:00,SOLUSDT,95.82,96.03751356210968,95.92895242545153,0.22991867915342232,0,0,0.4722,-0.2193,-1,-0.946,-0.4739,-1.1674,-0.1206,-0.1062,-0.1026,-0.0328,-0.0216,-0.009,-0.0116,-0.0054,0.0015,-0.0065,0.002399,0.4461,0.3789,0.3571,0.0714,0.5714,-1.12,SL,1,0.55,TIME_12B,12,2
10433,2024-02-06 05:25:00+00:00,BNBUSDT,301.4,302.0190359225693,301.8745168476157,0.2950698719088023,2,1,0.4898,-0.3382,-1,-2.0979,-1.6082,-2.1375,-0.2273,-0.2295,-0.1381,-0.0892,-0.0807,-0.0312,-0.0331,-0.0273,-0.0007,-0.0055,0.000979,0.8682,0.3108,0.0,0.5,0.5,-1.12,SL,1,-0.687,TIME_12B,12,0
10453,2024-02-06 07:05:00+00:00,BTCUSDT,42789.87,42769.54293834599,42754.381066961505,31.482989768613727,2,3,0.4816,-0.1703,1,0.6457,1.1272,0.9399,0.0727,0.0242,-0.097,0.0094,-0.0126,-0.056,0.0144,0.0039,-0.0152,-0.0095,0.000736,1.9265,0.579,0.6742,0.0002,0.3256,-0.066,TIME_12B,12,-1.02,SL,1,0
10465,2024-02-06 08:05:00+00:00,SOLUSDT,95.71,95.66999783401887,95.5805434263775,0.18147214405180961,5,0,0.4929,-0.3262,1,0.2204,0.7134,-0.8822,0.1098,0.1095,0.0664,0.0387,0.0331,0.0083,0.0094,0.0057,-0.0078,-0.0156,0.001896,0.8893,0.5127,0.3158,0.6842,0.0,-0.01,TIME_12B,12,-1.02,SL,1,0
10466,2024-02-06 08:10:00+00:00,BNBUSDT,301.8,301.6860306361239,301.5605141698698,0.3211822833532346,5,0,0.3908,-0.241,1,0.3548,0.7456,-0.2325,0.029,0.0449,0.0064,-0.0005,0.0037,-0.0152,-0.0033,-0.0013,-0.0106,-0.0114,0.001064,2.1683,0.5952,0.375,0.5,0.125,0.207,TIME_12B,12,-1.02,SL,1,0
10490,2024-02-06 10:10:00+00:00,SOLUSDT,95.36,95.87807986937064,95.78535749805991,0.2240305998650761,0,0,0.4139,-0.6373,-1,-2.3125,-1.8987,-2.3748,-0.1458,-0.0373,-0.0202,-0.0397,0.0057,0.0146,-0.0161,0.0065,0.0104,-0.0,0.002349,2.076,0.3009,0.7949,0.1538,0.0513,-1.12,SL,1,1.602,TP,6,2
10500,2024-02-06 11:00:00+00:00,BTCUSDT,42792.0,42908.87053255087,42865.61222784621,97.02266474618968,2,1,0.4459,-0.3366,-1,-1.2046,-0.7587,-0.355,-0.1364,-0.0994,-0.0587,-0.0499,-0.0299,-0.0092,-0.015,-0.0041,0.007,0.0078,0.002267,0.7797,0.4052,0.0687,0.0964,0.8349,-1.12,SL,1,-1.045,TIME_12B,12,0
10501,2024-02-06 11:05:00+00:00,BNBUSDT,301.6,302.5553993840926,302.24333847710375,0.6414002144522225,0,0,0.4865,-0.4056,-1,-1.4896,-1.003,-0.8576,-0.1399,-0.1216,-0.05,-0.0454,-0.0328,0.001,-0.0143,-0.0073,0.01,0.0065,0.002127,1.206,0.4817,0.2857,0.4286,0.2857,-1.12,SL,1,-1.74,SL,11,0
10522,2024-02-06 12:50:00+00:00,ETHUSDT,2318.43,2326.1169445076825,2323.356468676694,5.555938999607785,2,2,0.4969,-0.3927,-1,-1.3836,-0.8867,0.0546,-0.0687,-0.0145,-0.0045,-0.0258,-0.0044,-0.0005,-0.002,0.0089,0.0115,0.0155,0.002396,1.3853,0.3913,0.5272,0.1891,0.2837,-1.12,SL,1,-1.781,SL,2,0
10523,2024-02-06 12:55:00+00:00,BTCUSDT,42789.36,42844.29064246842,42808.56198680399,81.4922326005649,3,0,0.4384,0.0056,-1,-0.6741,-0.2356,-0.3943,-0.1045,-0.0417,-0.0301,-0.0573,-0.0312,-0.0263,-0.0273,-0.0137,-0.0104,-0.002,0.001904,1.3152,0.7253,0.9946,0.0054,0.0,-1.12,SL,1,-1.354,SL,4,0
10537,2024-02-06 14:05:00+00:00,BTCUSDT,42896.22,42866.04647204894,42851.19513976366,57.533886487947974,0,3,0.2581,0.1442,1,0.5244,0.7826,1.1705,0.0554,0.0488,0.0928,0.0245,0.0206,0.0306,0.015,0.0128,0.017,0.0121,0.001341,0.4168,0.5898,0.2374,0.2446,0.518,-1.383,SL,3,-1.02,SL,1,0
10549,2024-02-06 15:05:00+00:00,BNBUSDT,302.4,302.7184820774705,302.52003814610737,0.41497599988020645,0,0,0.4782,-0.3137,-1,-0.7675,-0.2893,0.1316,-0.1252,-0.0796,-0.0596,-0.0435,-0.021,-0.0082,-0.0125,-0.0006,0.0065,0.0077,0.001372,0.5107,0.4775,0.25,0.5,0.25,-1.12,SL,1,-1.286,SL,2,0
10556,2024-02-06 15:40:00+00:00,SOLUSDT,95.35,94.76897970943334,94.58730249002105,0.36647387347896365,4,1,0.4957,-0.1142,1,1.5854,2.0812,0.5453,0.1624,0.1592,0.0966,0.0775,0.0708,0.0388,0.0273,0.0225,0.0044,-0.0093,0.003843,1.0035,0.6249,0.5333,0.2333,0.2333,-0.015,TIME_12B,12,-1.02,SL,1,0
10575,2024-02-06 17:15:00+00:00,BNBUSDT,302.7,302.8902572800961,302.6823105048308,0.47191508033670937,0,0,0.4406,-0.2256,0,-0.4032,0.0375,0.4744,-0.0717,-0.0768,0.0143,-0.0218,-0.0203,0.018,-0.0036,-0.0023,0.017,0.013,0.001559,1.1917,0.4753,0.8,0.2,0.0,-1.194,SL,1,-1.209,SL,2,0
10647,2024-02-06 23:15:00+00:00,BNBUSDT,303.0,303.1976246905481,303.0541105797103,0.31274532360540247,0,0,0.4589,-0.2184,-1,-0.6319,-0.173,0.5715,-0.0377,0.0079,0.0128,-0.0101,0.0077,0.009,0.003,0.0119,0.0128,0.014,0.001032,2.133,0.5839,0.5,0.25,0.25,-1.125,SL,1,-1.192,SL,1,0
10661,2024-02-07 00:25:00+00:00,BTCUSDT,43175.25,43143.59034029974,43126.7154656205,39.19348369923812,3,1,0.4306,-0.1088,1,0.8078,1.2383,2.924,0.004,-0.0329,-0.0706,-0.0187,-0.0324,-0.0438,-0.0014,-0.0073,-0.0109,0.0132,0.000908,1.5526,0.6587,0.7948,0.2052,0.0,-1.38,SL,1,-1.02,SL,1,0
10678,2024-02-07 01:50:00+00:00,BTCUSDT,43089.94,43130.92626551676,43121.34588421254,31.461167169008753,3,2,0.3045,0.0687,-1,-1.3028,-0.9982,0.6549,-0.0624,0.0042,0.0304,-0.0348,-0.0091,-0.0052,-0.0129,0.0002,0.0022,0.0199,0.00073,1.1758,0.3978,0.4213,0.345,0.2337,-1.12,SL,1,-0.486,TIME_12B,12,0
10727,2024-02-07 05:55:00+00:00,BNBUSDT,302.6,302.2968877355958,302.11600983672906,0.3678573338194227,4,1,0.4917,-0.094,1,0.824,1.3157,0.3988,0.1135,0.108,0.1278,0.0522,0.0461,0.0442,0.0152,0.011,0.0078,-0.0009,0.001216,0.9201,0.5478,0.2,0.0,0.8,-1.488,SL,3,-1.02,SL,1,0
10757,2024-02-07 08:25:00+00:00,BNBUSDT,303.0,302.5493974039167,302.3861721432665,0.4106521224050444,0,1,0.3975,0.1659,1,1.0973,1.4948,1.3118,0.1007,0.0358,0.0172,0.0524,0.0262,0.0198,0.0258,0.0123,0.0086,0.002,0.001355,1.2771,0.8251,1.0,0.0,0.0,-0.456,TIME_12B,12,-1.02,SL,1,0
10771,2024-02-07 09:35:00+00:00,BTCUSDT,43135.99,42984.31732109333,42965.32239876407,40.88037306668892,4,1,0.4646,-0.7675,1,3.7102,4.1748,3.267,0.2355,0.1311,0.0742,0.0952,0.0497,0.024,0.036,0.0124,-0.0015,-0.0058,0.000948,2.8758,0.4699,0.8018,0.1981,0.0001,-1.058,TIME_12B,12,-1.02,SL,1,0
10772,2024-02-07 09:40:00+00:00,ETHUSDT,2373.46,2366.476696444567,2365.223715922752,2.994183501396835,4,1,0.4185,-1.1682,1,2.3323,2.7508,3.3639,0.2791,0.1729,0.1004,0.1123,0.0631,0.0273,0.0458,0.0199,0.0007,0.0109,0.001262,0.8807,0.4614,0.1507,0.5,0.3493,-1.188,TIME_12B,12,-1.02,SL,1,0
10787,2024-02-07 10:55:00+00:00,ETHUSDT,2355.73,2366.788254278092,2366.177723152189,3.191184960375925,4,1,0.1913,-0.5774,-1,-3.4653,-3.2739,-2.5942,-0.2572,-0.1241,-0.0352,-0.0908,-0.0326,0.0049,-0.0476,-0.0181,-0.0003,0.0096,0.001355,2.4223,0.3514,0.5337,0.0,0.4663,-1.12,SL,1,-1.028,TIME_12B,12,0
10787,2024-02-07 10:55:00+00:00,BTCUSDT,42897.94,43035.569282793746,43009.878683883944,55.016061921584,0,1,0.467,-1.0811,-1,-2.5016,-2.0347,-2.1105,-0.222,-0.1034,-0.005,-0.0632,-0.0104,0.0312,-0.0284,-0.0017,0.0178,0.008,0.001282,2.0184,0.4887,0.2288,0.0,0.7712,-1.12,SL,1,-0.762,TIME_12B,12,0
10801,2024-02-07 12:05:00+00:00,BNBUSDT,302.7,303.07732410752794,302.92209035358843,0.3186986364163258,2,1,0.4871,-0.1187,-1,-1.184,-0.6969,-0.2308,-0.1325,-0.1508,-0.164,-0.0635,-0.0655,-0.058,-0.0208,-0.0204,-0.014,-0.0015,0.001053,0.7796,0.4408,0.25,0.5,0.25,-1.12,SL,1,-1.246,SL,7,0
10807,2024-02-07 12:35:00+00:00,ETHUSDT,2369.22,2365.4282725886715,2364.3017125270358,2.3652393997442993,5,0,0.4763,-0.3967,1,1.6031,2.0794,2.3192,0.1947,0.1321,0.0583,0.0679,0.0373,0.0006,0.0241,0.0079,-0.0111,0.002,0.000998,0.5297,0.8057,0.9394,0.0076,0.053,-0.879,TIME_12B,12,-1.02,SL,1,0
10809,2024-02-07 12:45:00+00:00,BTCUSDT,43065.21,42990.32810039083,42976.21690968269,37.60841240245111,5,0,0.3752,-0.5022,1,1.9911,2.3663,1.6779,0.1816,0.1044,0.0096,0.0586,0.0229,-0.0176,0.0235,0.0051,-0.0147,-0.0107,0.000873,1.8388,0.6731,0.912,0.0877,0.0002,-0.447,TIME_12B,12,-1.02,SL,1,0
10830,2024-02-07 14:30:00+00:00,SOLUSDT,95.59,95.53470222186482,95.43063254645841,0.21031981370694053,4,1,0.4948,-0.0713,1,0.2629,0.7577,-0.6135,0.049,0.0455,0.021,0.0226,0.0203,0.0083,0.0006,-0.0011,-0.0081,-0.0133,0.0022,1.006,0.6401,0.1,0.45,0.45,-1.54,SL,5,-1.02,SL,1,0
10836,2024-02-07 15:00:00+00:00,ETHUSDT,2364.68,2370.999289238158,2368.213271760129,6.404297511781676,0,0,0.435,-0.3609,-1,-0.9867,-0.5517,-0.1685,-0.0793,-0.0112,0.0065,-0.0177,0.0101,0.0179,-0.0046,0.0092,0.0126,0.0101,0.002708,1.0512,0.5273,0.2895,0.622,0.0885,-1.12,SL,1,-1.664,SL,4,0
10837,2024-02-07 15:05:00+00:00,BTCUSDT,42970.0,43086.26792587833,43036.7814845823,105.26912291131009,0,0,0.4701,-0.2695,-1,-1.1045,-0.6344,-0.5285,-0.0947,-0.0267,0.0046,-0.0236,0.0056,0.0185,-0.0067,0.0079,0.0138,0.0078,0.00245,1.2035,0.3431,0.3911,0.1307,0.4782,-1.12,SL,1,-1.661,SL,3,0
11052,2024-02-08 09:00:00+00:00,ETHUSDT,2425.77,2424.9921010481103,2423.8193119234543,2.6747617075334746,5,0,0.4385,-0.1368,1,0.2908,0.7293,2.77,0.0675,0.0704,0.0506,0.0137,0.0112,-0.003,0.0029,0.0014,-0.0059,0.0235,0.001103,0.6661,0.7416,0.4774,0.3972,0.1254,-1.325,SL,2,-1.02,SL,1,0
11068,2024-02-08 10:20:00+00:00,ETHUSDT,2422.99,2424.7850491128465,2424.4206073854525,3.02089914542335,4,1,0.1206,-0.3533,-1,-0.5942,-0.4736,1.247,0.0702,0.0366,0.0278,0.0273,0.0116,0.005,0.011,0.0028,-0.0009,0.019,0.001247,0.9985,0.4649,0.7436,0.0015,0.2549,-1.12,SL,1,-1.218,SL,2,0
11097,2024-02-08 12:45:00+00:00,SOLUSDT,101.23,101.52343026162966,101.41121660322895,0.23857546443629962,2,1,0.4703,-0.0974,-1,-1.2299,-0.7596,2.0748,-0.0909,-0.0753,-0.0733,-0.044,-0.0349,-0.0314,-0.0116,-0.0062,-0.0031,0.0286,0.002357,0.8022,0.3683,0.5652,0.0,0.4348,-1.12,SL,1,-1.696,SL,5,0
11112,2024-02-08 14:00:00+00:00,ETHUSDT,2433.63,2423.58411243012,2422.9783865222466,4.419213376159635,4,1,0.1371,-0.6215,1,2.2732,2.4103,2.9726,0.1341,0.0722,0.015,0.0475,0.0199,-0.0034,0.0199,0.0058,-0.0057,0.0045,0.001816,3.4781,0.614,0.6051,0.2511,0.1439,-1.972,SL,6,-1.02,SL,1,0
11149,2024-02-08 17:05:00+00:00,ETHUSDT,2422.06,2434.7270906836366,2431.5365586656235,7.423414020699188,0,0,0.4298,-0.4327,-1,-1.7064,-1.2766,-0.5585,-0.1594,-0.1808,-0.1309,-0.0577,-0.0586,-0.0247,-0.0191,-0.0183,0.0004,0.0082,0.003065,1.0114,0.4011,0.5446,0.0503,0.4051,-1.12,SL,1,-1.726,SL,6,0
11190,2024-02-08 20:30:00+00:00,SOLUSDT,102.92,102.76174682698964,102.61267278384031,0.3252437446208127,3,0,0.4583,-0.2087,1,0.4866,0.9449,2.386,0.0322,0.0418,0.0001,-0.0087,-0.0079,-0.0277,-0.0021,-0.0015,-0.0102,0.014,0.00316,1.0166,0.6387,0.7209,0.093,0.186,-0.332,TIME_12B,12,-1.02,SL,1,0
11194,2024-02-08 20:50:00+00:00,ETHUSDT,2427.71,2429.4299927389807,2427.5651706316726,4.774575816386603,5,0,0.3906,-0.0431,0,-0.3602,0.0303,0.1724,-0.0013,0.0118,-0.0083,-0.0133,-0.0092,-0.0193,-0.0087,-0.0064,-0.0111,0.0003,0.001967,1.2189,0.5115,0.5051,0.1643,0.3306,-1.21,SL,2,-1.241,SL,1,0
11211,2024-02-08 22:15:00+00:00,ETHUSDT,2430.43,2428.6228607660223,2427.110086784617,3.443046483506616,5,0,0.4394,-0.1443,1,0.5249,0.9642,1.0427,0.0516,0.0302,0.0091,0.0089,-0.002,-0.0114,-0.0005,-0.0061,-0.0105,0.0005,0.001417,1.532,0.6058,0.6324,0.0026,0.365,-1.449,SL,3,-1.02,SL,1,0
11215,2024-02-08 22:35:00+00:00,SOLUSDT,102.48,102.80521015408857,102.75516034534053,0.2336947591065108,3,2,0.2142,0.0118,-1,-1.3916,-1.1774,0.7598,-0.1042,-0.0687,-0.0679,-0.0467,-0.0302,-0.0257,-0.0199,-0.011,-0.0079,0.0179,0.00228,0.4537,0.2562,0.5714,0.0,0.4286,-1.12,SL,1,-1.748,SL,5,0
11258,2024-02-09 02:10:00+00:00,ETHUSDT,2431.81,2425.810676117415,2424.790162025219,2.777570492763671,4,1,0.3674,-0.2563,1,2.1599,2.5273,2.1816,0.1195,0.0654,0.0806,0.0479,0.0245,0.026,0.0153,0.0031,0.0028,0.0014,0.001142,2.6759,0.7683,0.7889,0.2095,0.0016,1.379,TP,9,-1.02,SL,1,1
11405,2024-02-09 14:25:00+00:00,SOLUSDT,105.07,105.60577852808225,105.34213512435774,0.5356960459477146,0,0,0.4922,-0.733,-1,-1.0002,-0.508,0.6319,-0.1189,-0.0188,-0.0051,-0.0405,0.0007,0.0051,-0.0107,0.0102,0.0124,0.018,0.005098,1.3277,0.4896,0.2472,0.3034,0.4494,-1.12,SL,1,-1.706,SL,1,0
11422,2024-02-09 15:50:00+00:00,BNBUSDT,322.7,323.6174187345387,323.2491212011887,0.7620755939383862,2,0,0.4833,-0.0694,-1,-1.2038,-0.7206,0.8976,-0.0757,-0.0387,-0.0586,-0.0422,-0.0264,-0.0323,-0.0104,-0.0017,-0.0031,0.0158,0.002362,1.0121,0.3672,0.1429,0.0,0.8571,-1.12,SL,1,-0.744,TIME_12B,12,0
11427,2024-02-09 16:15:00+00:00,SOLUSDT,105.47,105.35175294025532,105.27528398530617,0.39439755136091015,2,1,0.1939,0.0434,1,0.2998,0.4937,1.6702,0.0847,0.1175,0.0679,0.0313,0.0392,0.0105,0.0193,0.0227,0.0078,0.0159,0.003739,0.4381,0.3736,0.5294,0.0882,0.3824,-1.619,SL,1,-1.02,SL,1,0
11439,2024-02-09 17:15:00+00:00,BNBUSDT,323.7,323.2177755499487,322.9687450398533,0.5060334748717135,3,0,0.4921,-0.2025,1,0.9529,1.4451,3.0948,0.0826,0.0359,-0.0225,0.0078,-0.0132,-0.0384,0.0078,-0.0023,-0.0134,0.0141,0.001563,0.922,0.6843,0.6667,0.0,0.3333,-0.288,TIME_12B,12,-1.02,SL,1,0
11461,2024-02-09 19:05:00+00:00,BNBUSDT,322.3,323.725687706166,323.40132214630137,0.6935776865973952,0,0,0.4677,-0.5164,-1,-2.0556,-1.5879,-0.2704,-0.1401,-0.0732,0.0234,-0.0431,-0.0129,0.0246,-0.0141,0.0013,0.0194,0.0235,0.002152,1.0695,0.2967,0.6667,0.2222,0.1111,-1.12,SL,1,-1.391,TIME_12B,12,0
11465,2024-02-09 19:25:00+00:00,SOLUSDT,105.14,105.55865796810066,105.36936446950197,0.43436563459785915,0,0,0.4358,-0.2534,-1,-0.9638,-0.528,0.3109,-0.1008,-0.0652,0.015,-0.0276,-0.0099,0.0241,-0.0087,0.0005,0.0172,0.0173,0.004131,0.7545,0.5694,0.1786,0.5,0.3214,-1.12,SL,1,-1.868,SL,2,0
11478,2024-02-09 20:30:00+00:00,ETHUSDT,2494.4,2494.747315588548,2492.4054710072846,5.21974499977294,3,1,0.4487,-0.074,0,-0.0665,0.3821,2.5047,-0.003,-0.021,-0.0844,-0.0209,-0.0285,-0.0494,-0.0012,-0.0043,-0.0124,0.0167,0.002093,0.6793,0.43,0.4334,0.0887,0.4778,-1.363,SL,1,-0.084,TIME_12B,12,0
11497,2024-02-09 22:05:00+00:00,BNBUSDT,323.8,323.37209622419965,323.2680856173699,0.4175886288673694,0,3,0.2491,0.1541,1,1.0247,1.2738,2.6887,0.1466,0.1373,0.0799,0.0612,0.0519,0.0217,0.0312,0.0256,0.0098,0.0193,0.00129,0.5677,0.3222,1.0,0.0,0.0,-1.561,SL,6,-1.02,SL,1,0
11509,2024-02-09 23:05:00+00:00,ETHUSDT,2494.76,2495.1715104588075,2493.6216228902204,3.8191855803433468,0,0,0.4058,0.0171,0,-0.1077,0.2981,2.5728,-0.01,-0.0564,-0.0135,-0.002,-0.0185,0.0029,0.0067,-0.0011,0.0104,0.0292,0.001531,0.437,0.6152,0.0571,0.0857,0.8571,-1.273,SL,4,-1.114,SL,2,0
11513,2024-02-09 23:25:00+00:00,BNBUSDT,323.4,323.6405242327192,323.3777137336908,0.5467657798688079,0,0,0.4807,0.1053,0,-0.4399,0.0408,1.0548,0.0702,0.074,0.0061,0.0398,0.0379,0.0102,0.0232,0.0216,0.0075,0.0141,0.001691,3.7074,0.2406,0.6667,0.0833,0.25,-1.201,SL,1,-1.237,SL,6,0
11534,2024-02-10 01:10:00+00:00,BNBUSDT,322.7,323.49842487143553,323.4310273612055,0.3974045246087857,3,2,0.1696,-0.2693,-1,-2.0091,-1.8395,-0.6595,-0.2059,-0.1925,-0.0525,-0.082,-0.0693,-0.006,-0.0364,-0.0289,0.0035,0.0149,0.001231,0.8315,0.1931,0.3333,0.0,0.6667,-1.12,SL,1,-1.565,SL,1,0
11537,2024-02-10 01:25:00+00:00,ETHUSDT,2495.52,2492.2882376161087,2490.412711136756,3.899122468256944,5,1,0.481,-0.2663,1,0.8288,1.3099,2.3605,0.0768,-0.0149,-0.0484,0.0107,-0.0262,-0.035,0.0029,-0.0151,-0.018,0.0078,0.001562,1.2114,0.7036,0.5965,0.2798,0.1236,0.104,TIME_12B,12,-1.02,SL,1,0
11550,2024-02-10 02:30:00+00:00,BTCUSDT,47307.48,47283.351244708865,47262.80244059544,42.41690577430882,5,0,0.4844,-0.2705,1,0.5688,1.0533,4.6006,0.143,0.1606,0.1945,0.0509,0.0516,0.0477,0.0153,0.0146,0.0104,0.0476,0.000897,0.5303,0.4506,0.4442,0.0002,0.5556,-0.184,TIME_12B,12,-1.02,SL,1,0
11596,2024-02-10 06:20:00+00:00,BTCUSDT,47294.8,47345.89201559391,47332.48925907146,36.642758188474005,0,0,0.3658,-0.2511,-1,-1.3943,-1.0286,2.4193,-0.0917,-0.0945,-0.0745,-0.0322,-0.0298,-0.0141,-0.0083,-0.0064,0.0025,0.038,0.000775,0.9857,0.2954,0.9998,0.0,0.0002,-1.12,SL,1,-0.58,TIME_12B,12,0
11640,2024-02-10 10:00:00+00:00,SOLUSDT,108.83,109.00916385943856,108.81800251455135,0.4135189768436058,3,0,0.4623,-0.2358,0,-0.4333,0.029,1.6064,0.0354,0.0086,-0.0183,-0.0064,-0.019,-0.0323,0.0017,-0.0042,-0.0096,0.0146,0.0038,2.386,0.4622,0.2105,0.1053,0.6842,-1.293,SL,1,1.481,TP,9,2
11682,2024-02-10 13:30:00+00:00,BTCUSDT,47201.24,47189.605166684865,47165.54710332821,50.99215034341496,4,0,0.4718,-0.1103,1,0.2282,0.7,0.3958,-0.0342,-0.0022,0.0459,0.0,0.0145,0.031,-0.0098,-0.003,0.0033,0.0034,0.00108,1.7278,0.6052,0.6284,0.0772,0.2944,-0.348,TIME_12B,12,-1.02,SL,1,0
11704,2024-02-10 15:20:00+00:00,SOLUSDT,108.78,108.33308860568935,108.2210450759638,0.2425212381114441,1,2,0.462,-0.079,1,1.8428,2.3048,2.7007,0.1515,0.1255,0.1191,0.074,0.0595,0.0502,0.0268,0.0183,0.0116,0.0141,0.002229,1.6281,0.6334,0.6786,0.1071,0.2143,-1.825,SL,11,-1.02,SL,1,0
11713,2024-02-10 16:05:00+00:00,ETHUSDT,2490.26,2491.683312289247,2490.608258174999,2.3445733875808896,1,0,0.4585,-0.2142,-1,-0.6071,-0.1485,-0.6798,-0.0852,-0.0686,0.0173,-0.0115,-0.0004,0.0358,-0.011,-0.0055,0.0109,0.0025,0.000941,1.1867,0.4604,0.3611,0.0,0.6389,-1.129,SL,1,-1.172,SL,5,0
11717,2024-02-10 16:25:00+00:00,SOLUSDT,108.32,108.4026614620329,108.3166229793963,0.24715689915583847,1,0,0.3481,-0.1744,0,-0.3344,0.0137,0.6181,-0.0523,-0.0346,0.0123,-0.0048,0.0055,0.0262,-0.0059,-0.0008,0.0085,0.0124,0.002282,0.5432,0.3174,0.4,0.5333,0.0667,-1.217,SL,1,-1.265,SL,2,0
11725,2024-02-10 17:05:00+00:00,BTCUSDT,47200.01,47269.450359654766,47246.189329905166,53.26930886494431,0,0,0.4367,-0.3561,-1,-1.3036,-0.8669,-0.3549,-0.0699,-0.0793,-0.054,-0.0192,-0.0196,-0.003,-0.0028,-0.0025,0.0064,0.0086,0.001129,3.6097,0.4656,0.4839,0.5161,0.0001,-1.12,SL,1,-0.807,TIME_12B,12,0
11747,2024-02-10 18:55:00+00:00,ETHUSDT,2490.81,2490.020960261727,2489.2353357473407,1.74794280619106,5,0,0.4495,-0.2976,1,0.4514,0.9009,-0.0965,0.1116,0.1511,0.0921,0.0403,0.0502,0.0141,0.0104,0.0143,-0.0054,-0.0088,0.000702,0.7134,0.5045,0.155,0.84,0.005,-0.182,TIME_12B,12,-1.02,SL,1,0
11809,2024-02-11 00:05:00+00:00,SOLUSDT,108.74,109.15977378298409,109.01352806217969,0.29340284632852087,2,1,0.4984,-0.094,-1,-1.4307,-0.9323,0.0808,-0.0878,-0.0648,-0.0784,-0.0401,-0.0289,-0.0284,-0.009,-0.0027,-0.0008,0.0105,0.002698,0.8393,0.4996,0.6538,0.0769,0.2692,-1.12,SL,1,-0.51,TIME_12B,12,0
11815,2024-02-11 00:35:00+00:00,ETHUSDT,2502.11,2499.5509294097155,2497.864470587344,3.377733486434659,2,1,0.4993,-0.074,1,0.7576,1.2569,1.8907,0.0847,-0.0114,-0.0185,0.0272,-0.0111,-0.0105,0.0234,0.0047,0.0065,0.0098,0.00135,1.1363,0.5177,0.358,0.0025,0.6395,-0.273,TIME_12B,12,-1.02,SL,1,0
11830,2024-02-11 01:50:00+00:00,BNBUSDT,322.2,322.7574558945234,322.57859842569377,0.3828782704135833,2,1,0.4671,-0.1028,-1,-1.456,-0.9888,-0.6486,-0.1288,-0.1092,-0.0748,-0.0583,-0.047,-0.0258,-0.0186,-0.012,0.0005,0.0041,0.001188,0.8614,0.4623,0.0,0.25,0.75,-1.12,SL,1,-1.415,SL,9,0
11851,2024-02-11 03:35:00+00:00,SOLUSDT,109.37,108.69793558148717,108.54687807989419,0.31312434519142684,5,0,0.4824,-0.8994,1,2.1463,2.6287,2.3657,0.2413,0.1746,0.0601,0.0808,0.0464,-0.007,0.0319,0.0138,-0.0131,-0.0044,0.002863,3.3918,0.6172,0.2586,0.6552,0.0862,-0.153,TIME_12B,12,-1.02,SL,1,0
11912,2024-02-11 08:40:00+00:00,SOLUSDT,109.21,109.20118790008857,109.09200435051552,0.23930846248138515,0,0,0.4562,-0.0898,1,0.0368,0.4931,1.2017,-0.0236,-0.0441,-0.0266,-0.005,-0.0109,-0.0017,0.005,0.0026,0.0076,0.0111,0.002191,1.0921,0.5743,0.25,0.6389,0.1111,-1.423,SL,1,-1.092,SL,5,0
11932,2024-02-11 10:20:00+00:00,BNBUSDT,322.9,323.7462413275,323.5864379835624,0.3204823893915431,3,2,0.4986,-0.1577,-1,-2.6405,-2.1419,-1.0924,-0.1941,-0.1772,-0.1456,-0.0908,-0.0786,-0.0543,-0.0341,-0.0265,-0.0117,0.0063,0.000993,1.2381,0.4493,0.0,0.3333,0.6667,-1.12,SL,1,-0.62,TIME_12B,12,0
11968,2024-02-11 13:20:00+00:00,ETHUSDT,2513.35,2524.4650916276914,2522.9935484092625,3.0365760130605484,2,1,0.4846,-0.4802,-1,-3.6604,-3.1758,-1.3038,-0.2179,-0.1509,-0.0921,-0.09,-0.059,-0.0283,-0.0332,-0.0167,0.0003,0.0204,0.001208,2.4801,0.3014,0.7591,0.2394,0.0016,-1.12,SL,1,-0.473,TIME_12B,12,0
11972,2024-02-11 13:40:00+00:00,SOLUSDT,109.26,109.61700473717937,109.48458485031021,0.2903767247364647,2,1,0.456,-0.2224,-1,-1.2295,-0.7734,0.0407,-0.0997,-0.1219,-0.0766,-0.0364,-0.0406,-0.0144,-0.0082,-0.0094,0.005,0.0112,0.002658,0.9514,0.3433,0.5405,0.2432,0.2162,-1.12,SL,1,-0.748,TIME_12B,12,0
11975,2024-02-11 13:55:00+00:00,BTCUSDT,48058.12,48223.797919560835,48186.66877756494,77.55782986921766,2,1,0.4787,-0.1579,-1,-2.1362,-1.6575,0.2044,-0.1895,-0.1707,-0.1267,-0.0838,-0.0704,-0.0407,-0.0307,-0.0226,-0.0053,0.0177,0.001614,1.1278,0.5265,0.0507,0.6257,0.3236,-1.12,SL,1,-1.776,SL,12,0
11989,2024-02-11 15:05:00+00:00,BTCUSDT,48166.35,48183.9380919497,48156.367837984246,67.09804254752687,3,0,0.4109,-0.1213,0,-0.2621,0.1488,1.6896,0.0675,0.0603,-0.022,0.008,0.0005,-0.0354,0.0077,0.0039,-0.0129,0.0125,0.001393,0.8034,0.5251,0.3648,0.0607,0.5745,-1.217,SL,1,-1.149,SL,11,0
12004,2024-02-11 16:20:00+00:00,BTCUSDT,48112.0,48156.135152683906,48122.08224063939,79.08224396920184,5,3,0.4306,0.0315,-1,-0.5581,-0.1275,0.6449,-0.0755,-0.0103,-0.0187,-0.0441,-0.018,-0.0237,-0.0228,-0.0095,-0.0119,0.0072,0.001644,1.1233,0.664,0.638,0.0747,0.2874,-1.144,SL,1,-1.27,SL,8,0
12029,2024-02-11 18:25:00+00:00,BTCUSDT,48105.99,48212.472876642394,48179.91751529764,68.93569737352436,0,0,0.4723,-0.309,-1,-1.5447,-1.0724,0.1594,-0.0939,-0.0408,0.0191,-0.0216,0.0016,0.0256,-0.006,0.0056,0.017,0.0213,0.001433,0.6156,0.4189,0.7341,0.1907,0.0751,-1.12,SL,1,-1.521,SL,4,0
12054,2024-02-11 20:30:00+00:00,BNBUSDT,321.5,321.8421412024925,321.71247948939924,0.26051308806086515,4,0,0.4977,-0.0251,-1,-1.3133,-0.8156,-2.5363,-0.059,0.0136,0.0529,-0.0079,0.0216,0.0342,-0.014,0.0001,0.0044,-0.0108,0.00081,0.4948,0.267,1.0,0.0,0.0,-1.12,SL,1,-0.06,TIME_12B,12,0
12056,2024-02-11 20:40:00+00:00,BTCUSDT,48144.34,48248.98048065072,48212.32404031517,78.56870380643863,0,0,0.4666,-0.4928,-1,-1.3318,-0.8653,0.139,-0.0897,-0.0303,-0.0183,-0.0241,0.0004,0.0077,-0.0053,0.007,0.0107,0.0158,0.001632,1.3485,0.4839,0.0882,0.4251,0.4867,-1.12,SL,1,-0.298,TIME_12B,12,0
12094,2024-02-11 23:50:00+00:00,BTCUSDT,48253.21,48165.56847122953,48148.442410412914,55.34357974946997,5,0,0.3094,-0.2904,1,1.5836,1.893,2.2351,0.0909,0.0804,0.0047,0.0273,0.0203,-0.0122,0.0086,0.0048,-0.0113,0.0013,0.001147,1.5307,0.7833,0.7577,0.2422,0.0001,1.379,TP,8,-1.02,SL,1,1
12101,2024-02-12 00:25:00+00:00,ETHUSDT,2521.79,2508.0527134239105,2506.1619935176664,3.971900842992151,1,2,0.476,-0.337,1,3.4586,3.9346,3.0395,0.2604,0.1871,0.1089,0.113,0.0776,0.0388,0.0474,0.0284,0.0073,-0.003,0.001575,3.8682,0.7086,0.6449,0.3551,0.0,-0.982,TIME_12B,12,-1.02,SL,1,0
12103,2024-02-12 00:35:00+00:00,BNBUSDT,321.6,321.1987879215088,320.96603704340254,0.49693862753160734,4,1,0.4684,-0.5969,1,0.8074,1.2757,-0.0676,0.1762,0.1237,0.0495,0.0655,0.0387,0.0038,0.0221,0.0077,-0.0105,-0.0146,0.001545,2.2589,0.2919,0.5714,0.1429,0.2857,-1.513,SL,5,-1.02,SL,1,0
12115,2024-02-12 01:35:00+00:00,SOLUSDT,107.83,108.25951870389765,108.09555381362084,0.3294864852036619,1,1,0.4976,-0.2623,-1,-1.3036,-0.806,-1.8676,-0.0713,-0.0098,0.0509,-0.0036,0.0223,0.047,-0.0072,0.0052,0.0157,-0.0007,0.003056,1.1883,0.2851,0.6279,0.1628,0.2093,-1.12,SL,1,1.5,TP,12,2
12127,2024-02-12 02:35:00+00:00,ETHUSDT,2504.99,2511.047439510026,2509.450491285128,3.2076696122385435,0,0,0.4979,-0.3775,-1,-1.8884,-1.3906,-1.6679,-0.1004,-0.0587,-0.0101,-0.0205,-0.0007,0.0203,-0.0066,0.0034,0.0131,0.0034,0.001281,2.8642,0.311,0.6309,0.0,0.3691,-1.12,SL,1,-0.34,TIME_12B,12,0
12130,2024-02-12 02:50:00+00:00,BTCUSDT,48095.94,48325.32790331885,48284.7340850754,86.28308141304092,2,1,0.4705,-0.5931,-1,-2.6586,-2.1881,-1.3591,-0.2881,-0.2201,-0.118,-0.1112,-0.0746,-0.0222,-0.0442,-0.0243,0.0034,0.011,0.001794,1.4123,0.5156,0.271,0.729,0.0,-1.12,SL,1,-0.75,TIME_12B,12,0
12184,2024-02-12 07:20:00+00:00,BTCUSDT,48280.68,48179.40734384111,48140.6120055675,88.35275427620972,5,0,0.4391,-0.2768,1,1.1462,1.5853,1.1805,0.1165,0.1027,0.017,0.0371,0.0271,-0.0089,0.011,0.0054,-0.0126,-0.0058,0.00183,1.6702,0.6076,0.672,0.328,0.0,-1.136,TIME_12B,12,-1.02,SL,1,0
12462,2024-02-13 06:30:00+00:00,BNBUSDT,327.2,327.04326826786,326.88587266930136,0.33915478511083264,3,0,0.4641,-0.2846,1,0.4621,0.9262,4.3726,0.1092,0.0423,-0.0108,0.0198,-0.0103,-0.0336,0.0158,0.0011,-0.009,0.0339,0.001037,1.0545,0.5952,0.3333,0.0,0.6667,-1.414,SL,4,-1.02,SL,1,0
12491,2024-02-13 08:55:00+00:00,BNBUSDT,326.9,326.8155059109151,326.66369055628985,0.36822285564661267,5,0,0.4123,-0.1711,1,0.2295,0.6418,2.5669,0.0443,0.0616,-0.0065,0.0035,0.0074,-0.0242,-0.0008,0.001,-0.0146,0.0177,0.001126,2.0257,0.6809,0.5,0.3333,0.1667,-1.309,SL,2,-1.02,SL,1,0
12514,2024-02-13 10:50:00+00:00,BTCUSDT,49899.74,50044.20914221719,50003.55002834861,82.4010650480296,2,1,0.4934,-0.621,-1,-1.7532,-1.2598,1.027,-0.1777,-0.1049,-0.0304,-0.0645,-0.0308,0.0033,-0.021,-0.0033,0.0143,0.0314,0.001651,0.7242,0.5582,0.2743,0.5046,0.2211,-1.12,SL,1,-1.05,TIME_12B,12,0
12522,2024-02-13 11:30:00+00:00,SOLUSDT,113.63,113.95898905093847,113.7438715749677,0.4378121723333884,2,1,0.4913,-0.0697,-1,-0.7514,-0.2601,2.1619,-0.0611,-0.1019,-0.1,-0.0403,-0.0537,-0.0454,-0.0094,-0.0149,-0.0084,0.0219,0.003853,0.9933,0.5265,0.5417,0.2917,0.1667,-1.12,SL,1,-1.773,SL,4,0
12532,2024-02-13 12:20:00+00:00,BTCUSDT,49873.5,49971.42337812069,49933.31327815763,78.27920975042976,5,1,0.4868,0.0522,-1,-1.251,-0.7641,0.5775,-0.0376,-0.0084,-0.0101,-0.0332,-0.0225,-0.0277,-0.0161,-0.0104,-0.0125,0.0135,0.00157,0.5226,0.5349,0.3512,0.4117,0.2371,-1.12,SL,1,-0.606,TIME_12B,12,0
12542,2024-02-13 13:10:00+00:00,SOLUSDT,113.53,113.83318992385234,113.71349350523816,0.3218937298499147,3,1,0.3719,-0.0799,-1,-0.9419,-0.57,2.0325,0.0031,-0.0329,-0.0377,-0.014,-0.0286,-0.0288,-0.0009,-0.0076,-0.0062,0.0257,0.002835,1.238,0.4487,0.9231,0.0513,0.0256,-1.12,SL,1,1.481,TP,4,2
12547,2024-02-13 13:35:00+00:00,ETHUSDT,2639.65,2669.807669110233,2664.3020466871963,11.989081780511086,2,1,0.4592,-1.8024,-1,-2.5154,-2.0562,-0.6045,-0.1635,-0.0925,-0.0508,-0.059,-0.0272,-0.0072,-0.0188,-0.0023,0.0083,0.0196,0.004542,6.4089,0.4651,0.3069,0.055,0.6381,-1.12,SL,1,-0.142,TIME_12B,12,0
12651,2024-02-13 22:15:00+00:00,ETHUSDT,2622.49,2632.2020944224546,2629.5236175886257,5.6958135581140885,4,2,0.4703,-0.1287,-1,-1.7051,-1.2349,-2.0548,-0.111,-0.0598,0.0302,-0.0267,-0.0029,0.0334,-0.0224,-0.0108,0.0056,-0.0008,0.002172,2.364,0.326,0.2583,0.0876,0.6541,-1.12,SL,1,-1.85,SL,6,0
12664,2024-02-13 23:20:00+00:00,ETHUSDT,2635.8,2632.021614421523,2630.3470225259057,4.347385808470133,4,0,0.3852,-0.055,1,0.8691,1.2543,0.4495,0.0591,0.0222,0.022,0.0344,0.0205,0.0194,0.0086,0.0013,-0.0006,-0.0049,0.001649,0.6401,0.5541,0.6401,0.0,0.3599,-1.598,SL,12,-1.02,SL,1,0
12675,2024-02-14 00:15:00+00:00,SOLUSDT,111.62,112.14107800738668,111.98796620316122,0.3287463402075226,0,0,0.4657,-0.3971,-1,-1.585,-1.1193,-1.023,-0.1328,-0.0399,-0.0219,-0.0455,-0.0059,0.0014,-0.0134,0.0069,0.0106,0.0061,0.002945,2.1348,0.2311,0.5,0.1389,0.3611,-1.12,SL,1,-0.554,TIME_12B,12,0
12679,2024-02-14 00:35:00+00:00,ETHUSDT,2626.32,2633.227262437515,2632.1450551440366,4.381466692437229,1,0,0.247,-0.2524,-1,-1.5765,-1.3295,-1.7432,-0.067,-0.0606,0.0115,-0.0125,-0.007,0.0238,-0.0084,-0.0056,0.0089,0.0014,0.001668,1.9333,0.3282,0.8741,0.0012,0.1247,-1.12,SL,1,-1.615,SL,6,0
12708,2024-02-14 03:00:00+00:00,ETHUSDT,2638.59,2630.5767598043817,2629.331733334561,3.45211389907511,5,0,0.3607,-0.5598,1,2.3213,2.6819,1.7885,0.1964,0.1576,0.0515,0.0695,0.0474,-0.0012,0.0263,0.0143,-0.0105,-0.0111,0.001308,1.8592,0.7276,0.9093,0.0019,0.0889,-0.731,TIME_12B,12,-1.02,SL,1,0
12714,2024-02-14 03:30:00+00:00,SOLUSDT,111.89,111.6526103015402,111.52957167709498,0.26568985496364383,5,0,0.4631,-0.2405,1,0.8935,1.3566,0.4849,0.1382,0.1327,0.0784,0.046,0.0374,0.0076,0.0148,0.0096,-0.0061,-0.0075,0.002375,0.7547,0.8495,0.65,0.35,0.0,-1.858,SL,11,-1.02,SL,1,0
12727,2024-02-14 04:35:00+00:00,ETHUSDT,2623.11,2633.071629390982,2632.182339199956,3.7945076320262925,0,0,0.2344,-0.9807,-1,-2.6253,-2.3909,-2.6104,-0.2611,-0.1204,-0.027,-0.0876,-0.0249,0.0148,-0.0408,-0.0089,0.0102,0.0029,0.001447,2.732,0.4006,0.1895,0.4234,0.3871,-1.12,SL,1,-1.839,SL,9,0
12728,2024-02-14 04:40:00+00:00,BTCUSDT,49359.19,49477.71385615467,49447.59846641636,64.11432459076651,2,1,0.4697,-0.5071,-1,-1.8486,-1.3789,-1.2471,-0.2341,-0.1556,-0.0747,-0.0948,-0.0559,-0.0192,-0.0364,-0.0155,0.0038,0.0036,0.001299,1.2336,0.5092,0.6664,0.0231,0.3105,-1.12,SL,1,-1.553,SL,8,0
12909,2024-02-14 19:45:00+00:00,SOLUSDT,116.35,116.03915515912871,115.85173208821588,0.3904599116906906,3,0,0.48,-0.3421,1,0.7961,1.2761,3.1291,0.1069,0.0512,0.0013,0.0177,-0.0081,-0.0305,0.0146,0.002,-0.0076,0.0179,0.003356,0.8388,0.6169,0.2581,0.6774,0.0645,-0.402,TIME_12B,12,-1.02,SL,1,0
12991,2024-02-15 02:35:00+00:00,SOLUSDT,116.96,116.90565602900512,116.71708093513853,0.4127781024878835,2,1,0.4568,-0.0725,1,0.1317,0.5885,2.0813,-0.0492,-0.0201,-0.0628,-0.0247,-0.012,-0.0268,-0.0027,0.0043,-0.002,0.0148,0.003529,0.543,0.4154,0.7391,0.2174,0.0435,-1.675,SL,2,-1.069,SL,7,0
13012,2024-02-15 04:20:00+00:00,SOLUSDT,116.77,116.93536207389205,116.80069484084079,0.2731856067778451,2,2,0.493,-0.3018,-1,-0.6053,-0.1124,1.8527,-0.1302,-0.0845,0.0147,-0.0498,-0.027,0.0121,-0.0141,-0.0017,0.018,0.0297,0.00234,1.1382,0.5957,0.9167,0.0833,0.0,-1.178,SL,1,1.481,TP,12,2
13067,2024-02-15 08:55:00+00:00,ETHUSDT,2781.13,2779.86165444524,2777.6988497604284,4.664224399488867,5,1,0.4637,-0.1655,1,0.2719,0.7356,2.6449,0.046,0.0469,0.0045,-0.0013,-0.0037,-0.0265,-0.002,-0.0032,-0.0142,0.0183,0.001677,0.5458,0.5664,0.1255,0.7176,0.1569,-0.093,TIME_12B,12,-1.02,SL,1,0
13071,2024-02-15 09:15:00+00:00,BTCUSDT,52173.19,51965.10990402534,51932.27764934957,108.54800828568023,5,1,0.3025,-0.5134,1,1.9169,2.2194,3.5332,0.1125,0.0729,0.0407,0.0277,0.0087,-0.0087,0.0124,0.0029,-0.0054,0.0144,0.002081,2.9263,0.6258,0.6841,0.3159,0.0,-0.263,TIME_12B,12,-1.02,SL,1,0
13103,2024-02-15 11:55:00+00:00,SOLUSDT,116.07,116.3177286612792,116.14594643823902,0.3570447870285562,0,0,0.4811,-0.3536,-1,-0.6938,-0.2127,-0.0099,-0.1168,-0.0826,-0.0281,-0.0268,-0.0075,0.0193,-0.0109,-0.0009,0.0119,0.008,0.003076,0.956,0.6713,0.6765,0.1765,0.1471,-1.12,SL,1,-1.589,SL,1,0
13134,2024-02-15 14:30:00+00:00,SOLUSDT,116.91,116.04957667400683,116.01109256052067,0.4404752433913875,5,0,0.0874,-0.3874,1,1.9534,2.0408,1.9827,0.1204,0.0532,0.0233,0.042,0.0135,-0.0003,0.0185,0.004,-0.0028,-0.0012,0.003768,2.3141,0.6013,0.8701,0.0519,0.0779,-1.569,SL,7,-1.02,SL,1,0
13146,2024-02-15 15:30:00+00:00,BTCUSDT,51900.06,52340.81571223311,52233.691998706425,221.02205722867598,0,0,0.4847,-0.4365,-1,-1.9942,-1.5095,-0.7204,-0.1135,-0.0671,0.0173,-0.0337,-0.0121,0.0219,-0.0091,0.0021,0.0188,0.0175,0.004259,2.7515,0.4235,0.5988,0.0682,0.3331,-1.12,SL,1,-0.906,TIME_12B,12,0
13166,2024-02-15 17:10:00+00:00,BTCUSDT,52241.1,52212.54309689221,52195.19659050646,121.61946417067098,2,1,0.1426,-0.039,1,0.2348,0.3774,1.4219,0.0546,0.0722,0.0758,0.0161,0.0201,0.0118,0.0108,0.0126,0.0078,0.0146,0.002328,0.3553,0.5577,0.1338,0.3328,0.5334,-1.388,SL,2,-1.02,SL,1,0
13222,2024-02-15 21:50:00+00:00,ETHUSDT,2808.92,2825.2811960775703,2821.250038896158,8.066468976533713,2,1,0.4997,-0.4831,-1,-2.0283,-1.5286,-0.028,-0.1768,-0.1232,-0.0342,-0.0667,-0.0402,-0.0016,-0.0219,-0.0077,0.0122,0.022,0.002872,1.2381,0.3857,0.6847,0.301,0.0144,-1.12,SL,1,-0.367,TIME_12B,12,0
13239,2024-02-15 23:15:00+00:00,ETHUSDT,2822.51,2818.8787690494814,2815.89472849167,6.576126843636421,3,0,0.4538,-0.1229,1,0.5522,1.006,1.9778,0.0994,0.0369,-0.0059,0.0165,-0.0119,-0.03,0.0091,-0.0049,-0.0126,0.0084,0.00233,0.4326,0.5772,0.1128,0.0199,0.8673,0.13,TIME_12B,12,-1.02,SL,1,0
13242,2024-02-15 23:30:00+00:00,BNBUSDT,354.1,353.01430865751325,352.71789270607445,0.6430087571334888,3,2,0.461,-0.3922,1,1.6885,2.1494,5.5185,0.2449,0.2054,0.0493,0.0696,0.0428,-0.0278,0.0342,0.02,-0.0142,0.0332,0.001816,0.2769,0.3322,0.0,0.0,1.0,-1.002,TIME_12B,12,-1.02,SL,1,0
13303,2024-02-16 04:35:00+00:00,SOLUSDT,113.28,113.63781888971168,113.52593372351106,0.22476424810396098,1,0,0.4978,-0.2688,-1,-1.592,-1.0942,-3.0384,-0.1319,-0.0776,-0.0139,-0.0258,0.0003,0.0295,-0.0137,-0.0007,0.0126,-0.0138,0.001984,0.9427,0.4264,0.5455,0.1818,0.2727,-1.12,SL,1,-0.638,TIME_12B,12,0
13336,2024-02-16 07:20:00+00:00,ETHUSDT,2825.9,2839.402985077554,2836.874130140786,5.4978631317608055,3,2,0.46,-0.1157,-1,-2.456,-1.9961,-0.4789,-0.1696,-0.186,-0.086,-0.0803,-0.0807,-0.0317,-0.0305,-0.0292,-0.0026,0.0161,0.001946,1.6464,0.3832,0.3736,0.0779,0.5485,-1.12,SL,1,0.074,TIME_12B,12,0
13376,2024-02-16 10:40:00+00:00,BTCUSDT,52066.94,51944.21587197462,51912.81727806591,74.07201510278409,4,1,0.4239,-0.3805,1,1.6568,2.0807,1.4167,0.187,0.1466,0.0857,0.0685,0.0468,0.0149,0.0244,0.0126,-0.0043,-0.0049,0.001423,0.669,0.6277,0.6176,0.3824,0.0,0.3,TIME_12B,12,-1.02,SL,1,1
13392,2024-02-16 12:00:00+00:00,ETHUSDT,2819.6,2825.258277379099,2822.5240625674232,5.5060253456429,4,1,0.4966,-0.0115,-1,-1.0277,-0.5311,-0.8802,-0.0332,0.0252,0.0539,-0.008,0.015,0.0212,-0.0141,-0.0031,-0.0016,0.0009,0.001953,0.9861,0.578,0.6211,0.2562,0.1227,-1.12,SL,1,-1.5,SL,2,0
13412,2024-02-16 13:40:00+00:00,SOLUSDT,112.19,112.44802511370479,112.28826953872222,0.37460916238831093,1,0,0.4265,-0.6157,-1,-0.6888,-0.2623,-1.5953,-0.1218,-0.0419,0.0325,-0.0267,0.0087,0.0393,-0.0162,0.0013,0.0151,-0.0051,0.003339,0.734,0.5607,0.4889,0.3778,0.1333,-1.12,SL,1,1.481,TP,7,2
13418,2024-02-16 14:10:00+00:00,ETHUSDT,2819.33,2833.1259322563487,2829.295804919199,9.341974184141165,0,0,0.41,-0.4784,-1,-1.4768,-1.0668,-0.8129,-0.121,-0.0531,-0.0075,-0.0321,-0.0023,0.0187,-0.0126,0.0024,0.0124,0.0088,0.003314,1.3889,0.4734,0.6938,0.133,0.1732,-1.12,SL,1,1.572,TP,8,2
13425,2024-02-16 14:45:00+00:00,BTCUSDT,52001.03,52216.76871080677,52135.70711368002,176.81524185205296,0,0,0.4585,-0.1641,-1,-1.2201,-0.7617,-0.417,-0.0251,-0.0374,-0.0252,-0.003,-0.0071,0.0023,0.006,0.0041,0.0095,0.0082,0.0034,2.466,0.3841,0.767,0.0078,0.2252,-1.12,SL,1,0.31,TIME_12B,12,2
13431,2024-02-16 15:15:00+00:00,BNBUSDT,358.5,359.80446995157183,358.7838279537221,2.0597249178675368,0,0,0.4955,-0.2786,-1,-0.6333,-0.1378,0.5273,-0.0856,-0.1057,-0.0752,-0.0263,-0.0301,-0.0084,-0.0049,-0.0061,0.0058,0.01,0.005745,1.0473,0.5165,0.6923,0.2308,0.0769,-1.135,SL,1,-1.827,SL,10,0
13445,2024-02-16 16:25:00+00:00,BTCUSDT,52117.27,52060.03030593166,52004.717107529475,126.55013342618271,5,1,0.4371,-0.3962,1,0.4523,0.8894,0.5883,0.1689,0.1441,0.0147,0.0484,0.0306,-0.0272,0.0213,0.0116,-0.0167,-0.0069,0.002428,0.5175,0.4743,0.8875,0.0626,0.05,-1.648,SL,4,-1.02,SL,1,0
13456,2024-02-16 17:20:00+00:00,BNBUSDT,357.3,359.2555489062347,358.91216073046445,1.240822660305436,3,2,0.2767,-0.0786,-1,-1.576,-1.2993,-0.3995,-0.1386,-0.1272,-0.0669,-0.0623,-0.0529,-0.0221,-0.0246,-0.0188,-0.002,0.009,0.003473,0.546,0.4739,0.6667,0.1111,0.2222,-1.12,SL,1,1.611,TP,11,2
13554,2024-02-17 01:30:00+00:00,BTCUSDT,51949.52,52010.157448177335,51991.810279997066,44.604808501234615,0,0,0.4113,-0.5179,-1,-1.3594,-0.9481,-1.001,-0.1987,-0.1851,-0.1192,-0.0685,-0.0545,-0.0139,-0.027,-0.0188,0.0027,0.0012,0.000859,0.9167,0.3831,0.3961,0.6037,0.0002,-1.12,SL,1,-0.514,TIME_12B,12,0
13555,2024-02-17 01:35:00+00:00,ETHUSDT,2786.05,2794.1781323476907,2792.2280285155557,4.218545110460308,0,0,0.4623,-0.5326,-1,-1.9268,-1.4645,-2.7788,-0.1399,-0.1218,-0.0667,-0.0362,-0.023,0.0085,-0.0145,-0.0075,0.0083,-0.0097,0.001514,1.8634,0.3536,0.6407,0.0039,0.3554,-1.12,SL,1,-0.724,TIME_12B,12,0
13559,2024-02-17 01:55:00+00:00,SOLUSDT,109.8,110.0911784022293,109.95145467633029,0.2969159150411441,0,0,0.4706,-0.5114,-1,-0.9807,-0.5101,-2.0927,-0.1707,-0.1522,-0.0912,-0.0513,-0.0359,0.0009,-0.021,-0.0125,0.0064,-0.0134,0.002704,0.5219,0.4262,0.8333,0.0,0.1667,-1.12,SL,1,-0.529,TIME_12B,12,0
13567,2024-02-17 02:35:00+00:00,BNBUSDT,358.7,359.54833370511716,359.15268939774313,0.7922583065830742,2,1,0.4994,-0.0656,-1,-1.0708,-0.5714,0.2947,-0.1466,-0.1367,-0.1615,-0.0701,-0.0608,-0.0597,-0.0238,-0.0177,-0.0147,0.0024,0.002209,0.8223,0.661,0.8,0.1,0.1,-1.12,SL,1,-1.583,SL,2,0
13586,2024-02-17 04:10:00+00:00,ETHUSDT,2789.7,2790.9233943792356,2790.426081206207,2.721475655440768,5,0,0.1827,-0.0575,-1,-0.4495,-0.2668,-2.1339,0.0162,0.0668,0.0346,0.0047,0.0216,0.0046,-0.0002,0.0077,-0.0012,-0.0185,0.000976,1.3197,0.4453,0.0919,0.7743,0.1339,-1.12,SL,1,-1.148,SL,2,0
13590,2024-02-17 04:30:00+00:00,BTCUSDT,51999.85,51968.542092944816,51958.45474484491,25.77986948268974,5,0,0.3913,-0.3734,1,1.2144,1.6057,0.7931,0.1578,0.0833,0.0631,0.051,0.0165,0.0025,0.0198,0.002,-0.0052,-0.0071,0.000496,1.3605,0.3309,0.992,0.0075,0.0005,-1.299,SL,8,-1.02,SL,1,0
13597,2024-02-17 05:05:00+00:00,BNBUSDT,359.0,360.00982785202024,359.6848158216681,0.670599228396969,2,1,0.4847,-0.1144,-1,-1.5059,-1.0212,0.0503,-0.1015,-0.0866,-0.0822,-0.0457,-0.0375,-0.0289,-0.012,-0.0071,-0.0011,0.0111,0.001868,0.971,0.5045,0.0,0.8,0.2,-1.12,SL,1,0.049,TIME_12B,12,0
13621,2024-02-17 07:05:00+00:00,SOLUSDT,109.8,109.64562415891467,109.55345943155004,0.18932351458439436,5,0,0.4868,-0.1697,1,0.8154,1.3022,-1.1056,0.09,0.0564,0.0789,0.0313,0.0149,0.0182,0.0053,-0.0035,-0.0029,-0.0218,0.001724,0.5567,0.8776,1.0,0.0,0.0,-1.637,SL,3,-1.02,SL,1,0
13622,2024-02-17 07:10:00+00:00,ETHUSDT,2792.01,2789.3324156867748,2788.229090230736,2.395684886990123,5,0,0.4605,-0.3438,1,1.1177,1.5782,-0.4954,0.1337,0.1003,0.0583,0.0438,0.0266,0.0038,0.0136,0.0045,-0.0075,-0.0209,0.000858,0.8575,0.6656,0.5397,0.2646,0.1958,-0.668,TIME_12B,12,-1.02,SL,1,0
13629,2024-02-17 07:45:00+00:00,BNBUSDT,360.0,358.967555851705,358.77458897236534,0.5510507479321579,5,0,0.3502,-0.4784,1,1.8736,2.2238,2.3095,0.2009,0.174,0.1364,0.0711,0.0535,0.0254,0.0276,0.0178,0.0024,0.0054,0.001531,1.1497,0.7134,0.5,0.0,0.5,-1.805,SL,6,-1.02,SL,1,0
13642,2024-02-17 08:50:00+00:00,SOLUSDT,109.45,109.87899518162489,109.76442496990336,0.3819394128663418,0,1,0.3,-0.4769,-1,-1.1232,-0.8232,-1.4577,-0.1554,-0.1058,0.0198,-0.0474,-0.0219,0.0287,-0.0211,-0.0079,0.0164,0.0014,0.00349,0.9153,0.6867,0.6939,0.3061,0.0,-1.12,SL,1,0.792,TIME_12B,12,2
13678,2024-02-17 11:50:00+00:00,SOLUSDT,109.44,109.44888501814677,109.32718058417265,0.2571859240923693,5,0,0.4732,-0.1886,0,-0.0345,0.4387,-1.172,0.0817,0.0752,0.0905,0.0286,0.0221,0.0199,0.0049,0.0009,-0.0015,-0.0129,0.00235,0.3777,0.3584,0.5714,0.0476,0.381,-1.401,SL,2,-1.149,SL,7,0
13689,2024-02-17 12:45:00+00:00,BNBUSDT,358.4,357.5473452226141,357.1695606640715,0.8070845612698914,4,1,0.4681,-0.1014,1,1.0565,1.5245,0.5989,0.0658,0.1221,0.0991,0.0355,0.0548,0.0369,0.0074,0.016,0.005,-0.0027,0.002252,0.7037,0.641,0.9091,0.0909,0.0,-1.895,SL,7,-1.02,SL,1,0
13795,2024-02-17 21:35:00+00:00,BNBUSDT,354.4,353.5270409318676,353.1283419345741,0.8059367754585843,4,1,0.4947,-0.4576,1,1.0832,1.5779,-0.3441,0.1612,0.0891,0.0117,0.0623,0.029,-0.0018,0.0199,0.0023,-0.0134,-0.0218,0.002274,0.9508,0.3576,0.7143,0.0,0.2857,-1.927,SL,3,-1.02,SL,1,0
13850,2024-02-18 02:10:00+00:00,SOLUSDT,108.1,108.74405584680235,108.59474081638614,0.29938175929433897,3,2,0.4987,-0.2769,-1,-2.1513,-1.6525,-1.6955,-0.2118,-0.2024,-0.1384,-0.0982,-0.0876,-0.0503,-0.0379,-0.031,-0.0097,-0.0043,0.002769,0.9773,0.4911,0.7407,0.2593,0.0,-1.12,SL,1,0.046,TIME_12B,12,0
13872,2024-02-18 04:00:00+00:00,ETHUSDT,2785.57,2779.5970871446198,2778.4656083086375,3.0452330885164605,3,0,0.3716,-0.3534,1,1.9614,2.333,2.5964,0.1658,0.1605,0.0377,0.0432,0.0342,-0.0241,0.0259,0.0212,-0.0071,0.0002,0.001093,0.8996,0.4172,0.7638,0.2343,0.002,0.026,TIME_12B,12,-1.02,SL,1,0
13877,2024-02-18 04:25:00+00:00,BTCUSDT,51616.94,51505.263243660454,51488.79721596105,51.265426785555796,5,0,0.3212,-0.569,1,2.1784,2.4996,1.911,0.2261,0.2179,0.1484,0.071,0.0583,0.0141,0.0328,0.0255,0.0027,-0.002,0.000993,1.3654,0.524,0.6506,0.3493,0.0002,-0.693,TIME_12B,12,-1.02,SL,1,0
13877,2024-02-18 04:25:00+00:00,SOLUSDT,109.13,108.43420700676238,108.37801721795172,0.24572383201186948,5,0,0.2287,-0.7824,1,2.8316,3.0603,2.5374,0.2437,0.1844,0.1107,0.0822,0.0509,0.0092,0.0374,0.0209,-0.0005,-0.0038,0.002252,1.641,0.7262,0.75,0.0227,0.2273,-0.284,TIME_12B,12,-1.02,SL,1,0
13882,2024-02-18 04:50:00+00:00,BNBUSDT,352.8,352.2608425221128,351.97875006746045,0.5932662624799558,4,1,0.4755,-0.1122,1,0.9088,1.3843,-0.5935,0.1,0.1041,0.0163,0.0403,0.0388,0.0021,0.0096,0.008,-0.011,-0.0214,0.001682,0.5408,0.4903,0.4,0.2,0.4,1.379,TP,9,-1.02,SL,1,1
13905,2024-02-18 06:45:00+00:00,BTCUSDT,51407.44,51563.64332155467,51538.98064827287,52.35771606700026,0,0,0.471,-0.6861,-1,-2.9834,-2.5123,-2.4364,-0.2021,-0.1421,-0.0294,-0.0652,-0.0351,0.0152,-0.0249,-0.0091,0.016,0.0088,0.001018,1.5103,0.2717,0.93,0.0532,0.0168,-1.12,SL,1,-1.67,SL,5,0
13908,2024-02-18 07:00:00+00:00,SOLUSDT,108.36,108.7866330425789,108.68538197202483,0.28916787160918134,0,0,0.3501,-0.3883,-1,-1.4754,-1.1252,-0.956,-0.1248,-0.1664,-0.1153,-0.0448,-0.0545,-0.0208,-0.0145,-0.0182,0.0002,0.0023,0.002669,0.9335,0.548,0.4651,0.5116,0.0233,-1.12,SL,1,-1.916,SL,3,0
13999,2024-02-18 14:35:00+00:00,BTCUSDT,51862.62,51710.1559389522,51694.66577453954,69.15544832376906,3,0,0.224,-0.4134,1,2.2047,2.4286,2.9419,0.1167,0.0888,0.0402,0.0308,0.0159,-0.009,0.0169,0.0094,-0.0025,0.0051,0.001333,3.178,0.6395,0.6805,0.3195,0.0,-1.002,TIME_12B,12,-1.02,SL,1,0
13999,2024-02-18 14:35:00+00:00,ETHUSDT,2808.96,2798.9203901682577,2796.716892890893,5.803245076461955,3,2,0.3797,-0.4378,1,1.73,2.1097,2.5058,0.1008,0.0691,-0.0036,0.0187,0.0021,-0.0291,0.0089,0.0006,-0.0138,0.0014,0.002066,5.525,0.4903,0.7099,0.2562,0.0338,-1.033,TIME_12B,12,-1.02,SL,1,0
14022,2024-02-18 16:30:00+00:00,ETHUSDT,2797.74,2802.0940930684374,2800.8221380333803,4.262934447707133,0,0,0.2984,-0.3661,-1,-1.0214,-0.723,0.3009,-0.1401,-0.0732,-0.0153,-0.049,-0.018,0.0065,-0.0188,-0.0027,0.0094,0.0156,0.001524,0.7334,0.5022,0.1584,0.0,0.8416,-1.12,SL,1,-1.393,SL,5,0
14047,2024-02-18 18:35:00+00:00,BTCUSDT,51674.01,51792.21382779345,51768.09212880538,54.68697391262934,2,1,0.4411,-0.4922,-1,-2.1615,-1.7204,-0.7803,-0.1947,-0.144,-0.0903,-0.0712,-0.0449,-0.0145,-0.0253,-0.0112,0.0052,0.0128,0.001058,0.9044,0.4847,0.7801,0.003,0.2169,-1.12,SL,1,-1.521,SL,4,0
14083,2024-02-18 21:35:00+00:00,BTCUSDT,51859.91,51775.62500628314,51763.24263432332,41.18277429086068,0,3,0.3007,0.1424,1,2.0466,2.3473,3.1794,0.1718,0.129,0.101,0.0684,0.0469,0.0266,0.0359,0.0246,0.0137,0.015,0.000794,1.0293,0.5317,0.6118,0.3882,0.0,1.08,TIME_12B,12,-1.02,SL,1,1
14095,2024-02-18 22:35:00+00:00,BNBUSDT,353.0,351.73312912463496,351.3561446839433,0.7913355973066125,4,1,0.4764,-0.1166,1,1.6009,2.0773,0.6815,0.1584,0.2222,0.1462,0.0776,0.0959,0.052,0.0278,0.0352,0.0104,-0.0053,0.002242,1.6744,0.7345,0.625,0.25,0.125,-1.865,SL,11,-1.02,SL,1,0
14110,2024-02-18 23:50:00+00:00,BNBUSDT,349.6,351.72616340957916,351.38712351178947,0.7700662617317524,5,2,0.4403,0.1049,-1,-2.761,-2.3207,-3.5876,-0.2345,-0.2133,-0.0628,-0.0889,-0.0718,-0.0034,-0.0499,-0.0403,-0.0063,-0.0111,0.002203,2.2715,0.4239,0.125,0.625,0.25,-1.12,SL,1,-1.684,SL,6,0
14112,2024-02-19 00:00:00+00:00,SOLUSDT,112.15,112.69837200916325,112.54163203702976,0.3151397069171231,2,1,0.4974,-0.0423,-1,-1.7401,-1.2427,0.8847,-0.129,-0.1559,-0.1047,-0.0673,-0.0731,-0.0432,-0.0224,-0.0237,-0.0063,0.02,0.00281,0.5301,0.6398,0.3704,0.2222,0.4074,-1.12,SL,1,-1.763,SL,2,0
14123,2024-02-19 00:55:00+00:00,BNBUSDT,352.0,352.30194476635853,351.8824239567221,1.1453944486582106,1,2,0.3663,0.0009,0,-0.2636,0.1027,-0.3196,-0.0019,0.1003,0.0776,0.0152,0.0542,0.0349,0.0074,0.0261,0.0144,0.0021,0.003254,0.604,0.4389,0.4,0.6,0.0,-1.373,SL,1,0.176,TIME_12B,12,0
14147,2024-02-19 02:55:00+00:00,BNBUSDT,352.7,351.6200611795043,351.49954241740437,0.7698428468590245,4,1,0.1565,-0.4602,1,1.4028,1.5594,0.7699,0.1783,0.1253,0.0362,0.0686,0.0425,0.0033,0.0299,0.0161,-0.0038,-0.0089,0.002183,0.9393,0.3193,0.8889,0.0,0.1111,-1.003,TIME_12B,12,-1.02,SL,1,0
14173,2024-02-19 05:05:00+00:00,BNBUSDT,350.8,352.0429442025531,351.85813813823296,0.6302018999243104,0,0,0.2932,-0.3918,-1,-1.9723,-1.679,-2.1158,-0.0963,-0.0579,-0.0104,-0.0262,-0.0084,0.0117,-0.0098,-0.0008,0.0088,-0.0003,0.001796,1.7895,0.2905,0.8182,0.0909,0.0909,-1.12,SL,1,-1.86,SL,2,0
14183,2024-02-19 05:55:00+00:00,BTCUSDT,52130.42,52076.5639335648,52051.1065396668,52.594644548024476,2,1,0.484,-0.1152,1,1.024,1.508,3.1212,0.0117,-0.0323,-0.0528,-0.0071,-0.0231,-0.0276,0.0062,-0.0009,-0.0015,0.0164,0.001009,1.5284,0.6594,0.7335,0.2664,0.0001,0.265,TIME_12B,12,-1.02,SL,1,0
14188,2024-02-19 06:20:00+00:00,SOLUSDT,112.64,112.02105232628209,111.88623585390779,0.28767010296631973,4,1,0.4686,-0.6333,1,2.1516,2.6202,2.6094,0.267,0.1915,0.0585,0.0999,0.0614,0.0021,0.0387,0.0181,-0.0122,-0.0014,0.002554,1.52,0.5584,0.32,0.36,0.32,-0.075,TIME_12B,12,-1.02,SL,1,0
14218,2024-02-19 08:50:00+00:00,BNBUSDT,350.7,352.44462346794836,352.1906973071327,0.7560182199454174,0,0,0.3359,-0.4921,-1,-2.3076,-1.9718,-2.0105,-0.2261,-0.1577,-0.0126,-0.0787,-0.0438,0.0177,-0.0326,-0.0141,0.0164,0.0079,0.002156,1.6032,0.4417,0.4286,0.1429,0.4286,-1.12,SL,1,-1.78,SL,6,0
14219,2024-02-19 08:55:00+00:00,SOLUSDT,111.69,112.47331140946656,112.32688194057248,0.34859616891450174,0,0,0.4201,-0.7844,-1,-2.247,-1.827,-1.1906,-0.238,-0.176,-0.0872,-0.0808,-0.0478,-0.0024,-0.0333,-0.0158,0.0074,0.0107,0.003121,0.8744,0.4028,0.5937,0.1563,0.25,-1.12,SL,1,-0.557,TIME_12B,12,0
14249,2024-02-19 11:25:00+00:00,SOLUSDT,112.65,112.18400559989666,112.08537695925357,0.34975303948854036,5,0,0.282,-0.3548,1,1.3324,1.6143,1.6293,0.1211,0.0874,0.0259,0.0359,0.0191,-0.0102,0.0146,0.0059,-0.0087,-0.0012,0.003105,1.0306,0.5288,0.08,0.88,0.04,-1.83,SL,8,-1.02,SL,1,0
14275,2024-02-19 13:35:00+00:00,BTCUSDT,52168.4,52309.38454584762,52275.6284637618,71.84127962054164,2,1,0.4699,-0.2328,-1,-1.9624,-1.4926,-0.1461,-0.1323,-0.0847,-0.0365,-0.0515,-0.029,-0.0063,-0.0151,-0.003,0.0091,0.0189,0.001377,1.1847,0.4342,0.7611,0.0,0.2389,-1.12,SL,1,-0.673,TIME_12B,12,0
14280,2024-02-19 14:00:00+00:00,BNBUSDT,351.8,352.9658256643255,352.66169852614365,0.7871324646478695,0,0,0.3864,-0.3005,-1,-1.4811,-1.0947,-0.8587,-0.126,-0.1125,-0.0433,-0.0426,-0.0325,0.0009,-0.0139,-0.0082,0.0091,0.0071,0.002237,1.0265,0.384,0.6,0.0,0.4,-1.12,SL,1,-0.734,TIME_12B,12,0
14293,2024-02-19 15:05:00+00:00,ETHUSDT,2904.53,2904.5637578106894,2901.7548837170366,5.668269438755568,3,0,0.4955,-0.0316,0,-0.006,0.4896,2.3158,0.0036,0.0208,-0.0042,-0.0203,-0.0154,-0.0295,-0.0081,-0.0053,-0.0114,0.0182,0.001952,0.7997,0.5512,0.7334,0.202,0.0646,-1.388,SL,8,-1.101,SL,1,0
14317,2024-02-19 17:05:00+00:00,BNBUSDT,352.0,353.45627479710436,353.00800103885285,1.1692937413980675,0,0,0.3834,-0.4611,-1,-1.2454,-0.8621,-0.614,-0.1249,-0.0971,-0.0082,-0.0402,-0.0239,0.0154,-0.0142,-0.0054,0.0143,0.0097,0.003322,0.9307,0.3514,0.6923,0.0769,0.2308,-1.12,SL,1,-1.013,TIME_12B,12,0
14318,2024-02-19 17:10:00+00:00,SOLUSDT,112.52,113.25592740356181,112.999868426271,0.5874618655453256,0,0,0.4359,-0.2648,-1,-1.2527,-0.8169,-0.2247,-0.092,-0.1027,-0.0669,-0.0323,-0.0326,-0.011,-0.0067,-0.0061,0.0058,0.0093,0.005221,1.4881,0.5856,0.4737,0.4211,0.1053,-1.12,SL,1,-1.564,SL,4,0
14320,2024-02-19 17:20:00+00:00,ETHUSDT,2918.92,2909.4070712306293,2906.62756146394,10.719003894100679,0,0,0.2593,-0.0002,1,0.8875,1.1468,2.1515,0.0016,-0.0388,0.0075,0.0035,-0.0106,0.0105,0.0047,-0.0021,0.0087,0.0149,0.003672,0.9911,0.6481,0.9829,0.0171,0.0,1.429,TP,12,-1.02,SL,1,1
14355,2024-02-19 20:15:00+00:00,BNBUSDT,352.7,352.7662966386374,352.545996998624,0.44106764878411536,5,0,0.4995,-0.1486,0,-0.1503,0.3492,0.0724,0.0345,0.0357,-0.0046,-0.0037,-0.0056,-0.0244,-0.0046,-0.0055,-0.0143,-0.0045,0.001251,0.4575,0.2456,0.6667,0.0,0.3333,-1.257,SL,4,-1.108,SL,10,0
14369,2024-02-19 21:25:00+00:00,BNBUSDT,352.8,352.74535941103574,352.7014124342248,0.49621667443137024,5,0,0.0886,-0.2611,1,0.1101,0.1987,0.2648,0.0976,0.0727,0.0216,0.0362,0.0221,-0.0007,0.016,0.0083,-0.0031,-0.0,0.001407,0.9277,0.5668,0.8571,0.0,0.1429,-1.288,SL,3,-1.02,SL,1,0
14374,2024-02-19 21:50:00+00:00,SOLUSDT,112.75,112.51037964751443,112.3858296532953,0.2714212012825711,4,1,0.4589,-0.259,1,0.8828,1.3417,0.9495,0.0805,0.0957,0.0888,0.0289,0.0319,0.0197,0.0044,0.0052,-0.0025,-0.0006,0.002407,1.0658,0.6053,0.7273,0.1212,0.1515,-1.843,SL,7,-1.02,SL,1,0
14393,2024-02-19 23:25:00+00:00,BNBUSDT,352.2,353.25247328348735,353.02355313778725,0.6273654094616178,0,0,0.3649,-0.4595,-1,-1.6776,-1.3127,-1.0265,-0.1337,-0.0735,-0.0354,-0.041,-0.0138,0.0052,-0.0152,-0.0014,0.0081,0.0071,0.001781,1.7744,0.3754,0.0,0.7143,0.2857,-1.12,SL,1,-0.506,TIME_12B,12,0
14413,2024-02-20 01:05:00+00:00,BNBUSDT,353.6,352.71546800429815,352.35048660563007,0.9091228968719604,5,0,0.4015,-0.2304,1,0.973,1.3744,0.9846,0.0684,0.0136,-0.0146,0.0126,-0.0108,-0.0212,0.0029,-0.0087,-0.0132,-0.0062,0.002571,0.9277,0.6219,0.7,0.2,0.1,-1.928,SL,3,-1.02,SL,1,0
14416,2024-02-20 01:20:00+00:00,ETHUSDT,2906.15,2944.888476133262,2940.0434911917378,11.16245286251922,3,2,0.434,-0.2954,-1,-3.4704,-3.0364,-1.8091,-0.1482,-0.1051,-0.0815,-0.0697,-0.0506,-0.0363,-0.0247,-0.0143,-0.0054,0.0109,0.003841,4.7326,0.3399,0.9889,0.0111,0.0,-1.12,SL,1,-0.495,TIME_12B,12,0
14487,2024-02-20 07:15:00+00:00,SOLUSDT,110.53,110.76051379166631,110.57018313399904,0.5623762952485583,4,0,0.3384,-0.5256,-1,-0.4099,-0.0715,-1.2459,-0.005,0.0091,0.0174,0.0076,0.0134,0.0162,-0.0032,-0.0008,-0.0004,-0.0091,0.005088,8.4891,0.3007,0.0813,0.0247,0.894,-1.268,SL,1,1.481,TP,6,2
14491,2024-02-20 07:35:00+00:00,ETHUSDT,2923.91,2929.2947003957415,2928.1211509098885,3.328962203226671,1,0,0.3525,-0.298,-1,-1.6175,-1.265,-0.4606,-0.0794,-0.0452,0.0069,-0.0126,0.0037,0.0272,-0.0104,-0.0026,0.0081,0.0149,0.001139,2.0666,0.2776,0.6776,0.1134,0.209,-1.12,SL,1,-0.21,TIME_12B,12,0
14500,2024-02-20 08:20:00+00:00,BTCUSDT,51604.37,51846.55245373709,51831.556313508154,66.98303823705858,2,1,0.2239,-0.6933,-1,-3.6156,-3.3917,-3.9759,-0.2519,-0.1787,-0.1216,-0.0934,-0.0575,-0.0238,-0.0403,-0.0214,-0.0035,-0.0074,0.001298,1.9523,0.3634,0.8107,0.159,0.0303,-1.12,SL,1,-0.912,TIME_12B,12,0
14516,2024-02-20 09:40:00+00:00,BNBUSDT,353.3,356.0988592592045,355.5689011638187,1.1010638373073909,3,2,0.4813,-0.1142,-1,-2.542,-2.0606,-1.2571,-0.1862,-0.1918,-0.1056,-0.0878,-0.0836,-0.0418,-0.0331,-0.0294,-0.0064,0.0061,0.003117,0.6422,0.2829,0.9167,0.0,0.0833,-1.12,SL,1,-1.526,SL,10,0
14523,2024-02-20 10:15:00+00:00,BTCUSDT,51900.49,51802.54293149758,51780.18536200377,87.1455907375262,5,0,0.2566,-0.456,1,1.1239,1.3805,0.6234,0.1803,0.1231,0.0036,0.0596,0.0306,-0.0192,0.0265,0.0114,-0.0129,-0.0118,0.001679,0.8332,0.3469,0.8996,0.1002,0.0002,0.687,TIME_12B,12,-1.02,SL,1,1
14529,2024-02-20 10:45:00+00:00,BNBUSDT,357.1,355.9974008227566,355.63446139351186,0.8044757976986173,2,1,0.4512,0.1098,1,1.3706,1.8217,2.845,0.1499,0.1261,0.0664,0.0513,0.0356,0.0033,0.0342,0.0259,0.01,0.0152,0.002253,0.4105,0.5968,0.5714,0.1429,0.2857,-0.413,TIME_12B,12,-1.02,SL,1,0
14533,2024-02-20 11:05:00+00:00,ETHUSDT,2931.01,2919.319550713447,2915.256169122942,8.23055259171686,5,0,0.4937,-0.584,1,1.4204,1.9141,1.2354,0.159,0.1136,0.0997,0.0562,0.0334,0.0187,0.0172,0.005,-0.0036,-0.0039,0.002808,2.5954,0.6242,0.1909,0.5692,0.2399,-0.273,TIME_12B,12,-1.02,SL,1,0
14548,2024-02-20 12:20:00+00:00,SOLUSDT,109.87,110.0349784361998,109.84096591872938,0.4832644839206042,1,1,0.4015,-0.2563,0,-0.3414,0.0601,-1.2742,0.032,0.0607,0.0555,0.0296,0.0396,0.0339,0.0085,0.0127,0.0081,-0.0073,0.004399,5.8941,0.5809,0.2626,0.2067,0.5307,-1.33,SL,1,0.71,TIME_12B,12,2
14568,2024-02-20 14:00:00+00:00,SOLUSDT,110.47,109.89854524756632,109.78799956306385,0.6204577960779339,1,2,0.1782,-0.0832,1,0.921,1.0992,0.2089,0.1038,0.1011,0.0342,0.0451,0.0409,0.0105,0.0185,0.0157,-0.0002,-0.0081,0.005617,1.853,0.3278,0.1605,0.1111,0.7284,-1.645,SL,1,-1.02,SL,1,0
14572,2024-02-20 14:20:00+00:00,BNBUSDT,355.0,357.44278659513236,356.70333431840146,1.7221641203667482,0,0,0.4294,-0.4344,-1,-1.4184,-0.9891,-0.4338,-0.1039,-0.0174,0.0256,-0.0315,0.0047,0.0193,-0.009,0.0093,0.0161,0.0136,0.004851,0.9902,0.4458,0.6,0.4,0.0,-1.12,SL,1,0.384,TIME_12B,12,2
14580,2024-02-20 15:00:00+00:00,BTCUSDT,51983.56,52228.576269417084,52129.01585700166,200.269297652214,2,1,0.4971,-0.1231,-1,-1.2234,-0.7263,-0.2551,-0.1122,-0.1436,-0.1254,-0.043,-0.0502,-0.0311,-0.0106,-0.0131,-0.0016,0.0044,0.003853,0.5979,0.4481,0.5895,0.3421,0.0684,-1.12,SL,1,0.596,TIME_12B,12,2
14584,2024-02-20 15:20:00+00:00,ETHUSDT,2933.46,2946.1322577531155,2939.368396557274,14.340979525333273,2,1,0.4716,-0.3064,-1,-0.8836,-0.412,0.0618,-0.1415,-0.1525,-0.1358,-0.0531,-0.0508,-0.0301,-0.0161,-0.0138,-0.0015,0.0046,0.004889,0.4718,0.5541,0.455,0.045,0.5,-1.12,SL,1,0.084,TIME_12B,12,0
14631,2024-02-20 19:15:00+00:00,ETHUSDT,2937.82,2926.696839158713,2923.7461023583774,6.327090240378472,4,1,0.4664,-0.4333,1,1.758,2.2244,1.6839,0.2112,0.1908,0.1578,0.08,0.0646,0.0362,0.029,0.0201,0.0038,0.0006,0.002154,0.9633,0.5827,0.0394,0.3548,0.6057,1.457,TP,6,-1.02,SL,1,1
14700,2024-02-21 01:00:00+00:00,SOLUSDT,107.69,107.94390501205024,107.78177540843757,0.34004538001731105,0,0,0.4768,-0.5651,-1,-0.7467,-0.2699,-1.4574,-0.1606,-0.1607,-0.1356,-0.0562,-0.049,-0.0251,-0.0191,-0.0144,-0.0009,-0.0128,0.003158,1.8886,0.566,0.5172,0.0862,0.3966,-1.12,SL,1,-1.619,SL,2,0
14710,2024-02-21 01:50:00+00:00,BNBUSDT,353.7,354.1661717606934,353.8852870893333,0.6015336864894031,2,1,0.4669,-0.1564,-1,-0.775,-0.308,-0.2808,-0.1129,-0.1159,-0.1067,-0.0492,-0.0464,-0.0335,-0.0143,-0.0119,-0.0035,-0.0012,0.001701,2.0266,0.5439,0.5556,0.4444,0.0,-1.12,SL,1,-1.352,SL,2,0
14766,2024-02-21 06:30:00+00:00,BNBUSDT,353.5,354.04316497202996,353.97423356432506,0.6276540296574246,2,1,0.1098,-0.0873,-1,-0.8654,-0.7556,-0.6826,-0.0746,-0.0734,-0.0427,-0.0302,-0.0273,-0.0104,-0.0123,-0.0105,-0.0013,0.0003,0.001776,0.7445,0.2245,0.5,0.25,0.25,-1.12,SL,1,0.003,TIME_12B,12,0
14783,2024-02-21 07:55:00+00:00,BNBUSDT,360.4,353.95206853511877,353.7526022127627,1.6471934101279038,1,2,0.1211,-0.9943,1,3.9145,4.0356,3.994,0.238,0.1114,0.0265,0.0875,0.034,-0.0012,0.0414,0.0144,-0.003,-0.0021,0.00457,4.1194,0.6567,0.8095,0.0476,0.1429,0.307,TIME_12B,12,-1.02,SL,1,1
14944,2024-02-21 21:20:00+00:00,ETHUSDT,2912.03,2911.5857695831514,2908.4557139993613,8.382148004716075,4,2,0.3734,-0.1931,1,0.053,0.4264,-1.243,0.0617,0.0416,0.0075,0.0264,0.0163,0.0025,0.0051,-0.0005,-0.0079,-0.0176,0.002878,3.959,0.4992,0.0988,0.3224,0.5788,-0.203,TIME_12B,12,-1.105,SL,1,0
14946,2024-02-21 21:30:00+00:00,BTCUSDT,51293.93,51108.47047965375,51054.81792994011,118.29479580939169,4,1,0.4535,-0.5414,1,1.5678,2.0213,0.1834,0.164,0.1146,0.0391,0.0673,0.0438,0.0113,0.0231,0.0104,-0.0067,-0.0182,0.002306,1.1232,0.5581,0.1857,0.4007,0.4136,-0.325,TIME_12B,12,-1.02,SL,1,0
15020,2024-02-22 03:40:00+00:00,ETHUSDT,2932.0,2929.5019113552694,2927.2990201220687,4.742265730840364,3,0,0.4645,-0.1452,1,0.5268,0.9913,0.7327,0.0951,0.1082,0.0206,0.0146,0.0142,-0.0279,0.0128,0.0125,-0.0074,-0.0046,0.001617,0.598,0.7514,0.4786,0.4316,0.0897,-1.504,SL,9,-1.02,SL,1,0
15023,2024-02-22 03:55:00+00:00,SOLUSDT,103.58,103.32071265348762,103.1696747064528,0.3224563880655072,5,0,0.4684,-0.3856,1,0.8041,1.2725,-0.0829,0.175,0.1164,0.0601,0.0505,0.0207,-0.0103,0.0213,0.0058,-0.0096,-0.0143,0.003113,0.6968,0.2374,1.0,0.0,0.0,-1.105,TIME_12B,12,-1.02,SL,1,0
15038,2024-02-22 05:10:00+00:00,ETHUSDT,2929.36,2930.2324987535467,2929.088740456935,6.2575381249467465,2,1,0.1828,-0.0111,0,-0.1394,0.0433,0.0599,0.0331,-0.0016,-0.0205,0.0095,-0.0044,-0.0096,0.0084,0.0017,-0.0002,0.0001,0.002136,2.0243,0.439,0.755,0.0027,0.2423,-0.356,TIME_12B,12,-1.165,SL,1,0
15140,2024-02-22 13:40:00+00:00,BNBUSDT,378.1,381.17430814836234,380.48592781029254,1.3770174916015638,2,1,0.4999,-0.1697,-1,-2.2326,-1.7327,0.0518,-0.1584,-0.1124,-0.0485,-0.0669,-0.0447,-0.0169,-0.0219,-0.0098,0.0051,0.0216,0.003642,1.0836,0.4334,0.7273,0.1818,0.0909,-1.12,SL,1,-1.493,SL,12,0
15156,2024-02-22 15:00:00+00:00,BNBUSDT,380.9,380.3715599187403,380.00634379366386,1.2526600158058363,3,0,0.2916,-0.0997,1,0.4219,0.7134,2.1423,0.0566,0.0694,0.0242,0.0079,0.0095,-0.0142,0.007,0.0078,-0.0036,0.0147,0.003289,0.9018,0.4945,0.4545,0.5455,0.0,-1.719,SL,3,-1.02,SL,1,0
15163,2024-02-22 15:35:00+00:00,ETHUSDT,2990.22,2971.670109182796,2967.6520418993236,11.600362390902093,5,0,0.3464,-0.6325,1,1.5991,1.9455,2.2764,0.1569,0.1031,0.0841,0.0469,0.0208,0.0047,0.0196,0.0062,-0.0021,0.006,0.003879,2.0274,0.6637,0.189,0.5844,0.2266,-1.577,SL,9,-1.02,SL,1,0
15163,2024-02-22 15:35:00+00:00,SOLUSDT,105.67,104.90295988255687,104.77069400253396,0.4254952921254726,5,0,0.3109,-0.5697,1,1.8027,2.1136,2.3141,0.1794,0.1329,0.0918,0.0566,0.0324,0.0063,0.0244,0.0119,-0.0016,0.0044,0.004027,2.1851,0.6718,0.32,0.66,0.02,-1.509,SL,8,-1.02,SL,1,0
15171,2024-02-22 16:15:00+00:00,BTCUSDT,51629.35,51506.950393988,51462.04867945423,94.17240676091536,1,2,0.4768,-0.1422,1,1.2997,1.7765,1.1791,0.2125,0.2081,0.1938,0.0984,0.0888,0.0672,0.0384,0.0318,0.0179,0.0066,0.001824,0.9337,0.3497,0.5754,0.1474,0.2773,-1.839,SL,2,-1.02,SL,1,0
15189,2024-02-22 17:45:00+00:00,BNBUSDT,380.4,379.89207099327103,379.54566675753756,0.7971413627858979,5,0,0.4346,-0.2094,1,0.6372,1.0717,2.2453,0.1216,0.0908,0.0042,0.0324,0.0151,-0.0236,0.0123,0.0033,-0.0156,0.0094,0.002096,0.4818,0.4086,0.5,0.25,0.25,0.173,TIME_12B,12,-1.02,SL,1,0
15212,2024-02-22 19:40:00+00:00,BTCUSDT,51487.4,51585.74495575129,51552.47125229117,69.3380934511063,0,0,0.4799,-0.2687,-1,-1.4183,-0.9385,-0.7831,-0.1031,-0.0759,-0.0178,-0.0247,-0.0108,0.0172,-0.0075,-0.0004,0.0135,0.0083,0.001347,0.5045,0.5784,0.6071,0.3337,0.0592,-1.12,SL,1,-1.457,SL,6,0
15224,2024-02-22 20:40:00+00:00,SOLUSDT,104.95,104.4611565863863,104.29177851826361,0.43741742911001547,5,0,0.3872,-0.5513,1,1.1176,1.5048,1.0052,0.1651,0.1283,0.0241,0.0589,0.0381,-0.0078,0.0209,0.0095,-0.0138,-0.0081,0.004168,1.7026,0.68,0.225,0.45,0.325,-1.669,SL,5,-1.02,SL,1,0
15238,2024-02-22 21:50:00+00:00,ETHUSDT,2980.15,2989.476489887305,2984.8695244384426,9.60430036606868,0,0,0.4797,-0.2188,-1,-0.9711,-0.4914,0.3926,-0.1301,-0.135,-0.0654,-0.0454,-0.0411,-0.004,-0.0131,-0.0099,0.0098,0.0144,0.003223,0.2888,0.659,0.6786,0.3214,0.0,-1.12,SL,1,-1.777,SL,2,0
15241,2024-02-22 22:05:00+00:00,BTCUSDT,51558.0,51667.32602062568,51615.377088446825,105.2882843695114,0,0,0.4934,-0.17,-1,-1.0383,-0.545,-0.2144,-0.0429,-0.0771,-0.0816,-0.0089,-0.0194,-0.0119,0.0031,-0.0016,0.0032,0.0051,0.002042,0.4217,0.4115,0.7648,0.1718,0.0634,-1.12,SL,1,0.261,TIME_12B,12,0
15272,2024-02-23 00:40:00+00:00,ETHUSDT,2990.71,2982.406955085478,2980.672624546134,5.249273384471923,5,1,0.3304,-0.3877,1,1.5818,1.9121,2.5342,0.1642,0.1228,0.0087,0.0468,0.0243,-0.0254,0.0217,0.0101,-0.014,0.0031,0.001755,0.599,0.7692,0.9974,0.0,0.0026,-1.859,SL,8,-1.02,SL,1,0
15299,2024-02-23 02:55:00+00:00,BNBUSDT,380.2,383.5598247280779,383.1256710159464,0.9990213152278316,2,1,0.4346,-0.4531,-1,-3.3631,-2.9285,-1.6062,-0.267,-0.2094,-0.1098,-0.1113,-0.0811,-0.0319,-0.0448,-0.0282,-0.0018,0.0138,0.002628,3.0635,0.4282,0.3077,0.0,0.6923,-1.12,SL,1,0.033,TIME_12B,12,0
15343,2024-02-23 06:35:00+00:00,BNBUSDT,383.0,381.3620891874946,380.9504151148169,0.851732082993844,4,1,0.4833,-0.228,1,1.923,2.4064,2.1723,0.1889,0.1667,0.1376,0.0797,0.0647,0.042,0.0285,0.0197,0.0063,0.0053,0.002224,2.1979,0.6139,0.2857,0.2857,0.4286,-1.777,SL,11,-1.02,SL,1,0
15355,2024-02-23 07:35:00+00:00,SOLUSDT,102.46,102.58730443351484,102.46280937406927,0.25953235330210495,1,1,0.4797,-0.3689,-1,-0.4905,-0.0108,-2.0862,-0.108,-0.055,0.0333,-0.0193,0.0063,0.042,-0.0171,-0.0045,0.0113,-0.0125,0.002533,0.938,0.6793,0.75,0.1563,0.0938,-1.196,SL,1,-1.39,SL,7,0
15357,2024-02-23 07:45:00+00:00,BNBUSDT,376.7,381.32418761994893,380.770974729559,1.281813333678337,5,2,0.4316,0.0948,-1,-3.6075,-3.1759,-3.4843,-0.2463,-0.1543,-0.0491,-0.0953,-0.0525,-0.0072,-0.0511,-0.029,-0.0068,-0.0014,0.003403,3.0802,0.3971,0.6087,0.3043,0.087,-1.12,SL,1,-0.546,TIME_12B,12,0
15389,2024-02-23 10:25:00+00:00,SOLUSDT,102.53,102.3259838935063,102.18151773517064,0.31240387187977603,5,0,0.4624,-0.262,1,0.6531,1.1155,-0.6594,0.0931,0.0772,0.0535,0.0313,0.0219,0.0069,0.0063,0.0011,-0.0072,-0.0175,0.003047,1.1985,0.6234,0.0,0.35,0.65,-0.7,TIME_12B,12,-1.02,SL,1,0
15410,2024-02-23 12:10:00+00:00,BTCUSDT,51089.07,51150.4896843911,51122.18824806567,64.57024531989124,1,1,0.4383,-0.4683,-1,-0.9512,-0.5129,-2.3256,-0.0757,0.0073,0.0524,-0.0085,0.0258,0.0409,-0.0129,0.0036,0.0089,-0.0104,0.001264,2.5055,0.4144,0.2363,0.0003,0.7633,-1.12,SL,1,-0.106,TIME_12B,12,0
15413,2024-02-23 12:25:00+00:00,SOLUSDT,101.32,102.38031523269147,102.33819400972209,0.3467127856927117,5,4,0.1215,-0.2783,-1,-3.0582,-2.9367,-3.9264,-0.1715,-0.1087,-0.0354,-0.0611,-0.0325,-0.0002,-0.0311,-0.0165,-0.0007,-0.0092,0.003422,2.9266,0.3813,0.9219,0.0,0.0781,-1.12,SL,1,-0.622,TIME_12B,12,0
15435,2024-02-23 14:15:00+00:00,SOLUSDT,102.58,102.17058894072993,101.9826426121947,0.4198949976690102,5,0,0.4476,-0.3385,1,0.975,1.4226,0.186,0.0665,0.0745,0.0419,0.0165,0.0167,-0.0016,0.0015,0.0013,-0.0083,-0.0125,0.004093,1.9932,0.724,0.6364,0.0909,0.2727,-1.713,SL,4,-1.02,SL,1,0
15436,2024-02-23 14:20:00+00:00,ETHUSDT,2956.01,2942.601071858959,2939.0674846123366,8.153590475641058,4,1,0.4334,-0.2851,1,1.6445,2.0779,0.6399,0.1187,0.0788,0.058,0.0487,0.0309,0.0183,0.0144,0.0049,-0.0025,-0.012,0.002758,4.2193,0.6381,0.5049,0.4427,0.0524,-1.751,SL,3,-1.02,SL,1,0
15436,2024-02-23 14:20:00+00:00,BTCUSDT,51220.41,51100.35906949119,51054.38228649909,101.28623168061647,5,0,0.4539,-0.5031,1,1.1853,1.6392,0.2966,0.0837,0.0338,0.0139,0.0246,0.0041,-0.0054,0.0042,-0.0061,-0.0111,-0.0148,0.001977,3.0285,0.6268,0.4262,0.5738,0.0001,-1.846,SL,3,-1.02,SL,1,0
15471,2024-02-23 17:15:00+00:00,BTCUSDT,51049.18,51031.49445644243,50982.78663967764,98.14870540497421,5,0,0.4963,-0.219,1,0.1802,0.6765,-0.7574,0.1026,0.1141,0.0605,0.0348,0.0344,0.0047,0.008,0.007,-0.0089,-0.0144,0.001923,0.3382,0.5122,0.455,0.3355,0.2095,-0.595,TIME_12B,12,-1.028,SL,1,0
15478,2024-02-23 17:50:00+00:00,ETHUSDT,2942.37,2936.4455913009906,2933.582749379573,5.82328822842782,4,1,0.4916,-0.0823,1,1.0174,1.509,-0.3188,0.1865,0.1549,0.136,0.0816,0.0621,0.0446,0.0295,0.0183,0.0075,-0.0109,0.001979,0.5877,0.4445,0.673,0.0027,0.3243,-0.509,TIME_12B,12,-1.02,SL,1,0
15507,2024-02-23 20:15:00+00:00,SOLUSDT,101.31,101.32932725926854,101.20222059421786,0.26187713489210473,1,1,0.4854,-0.1186,0,-0.0738,0.4116,-1.6704,0.0466,0.0418,0.0544,0.0382,0.0358,0.0394,0.0087,0.0067,0.0065,-0.014,0.002585,0.6481,0.4593,0.7333,0.0333,0.2333,-1.435,SL,1,-1.162,SL,6,0
15509,2024-02-23 20:25:00+00:00,BTCUSDT,51001.95,51094.55666710336,51072.004113304,54.57833212807681,0,0,0.4132,-0.5174,-1,-1.6968,-1.2836,-2.1381,-0.1522,-0.0632,-0.0172,-0.0433,-0.005,0.0171,-0.0176,0.0016,0.0122,-0.0031,0.00107,1.0522,0.3566,0.0459,0.5524,0.4016,-1.12,SL,1,-1.427,SL,6,0
15532,2024-02-23 22:20:00+00:00,BNBUSDT,375.3,375.8681467947705,375.51228658043755,0.7695126171212322,0,0,0.4624,-0.0441,-1,-0.7383,-0.2759,-1.2595,0.0002,-0.0068,-0.0042,0.0136,0.0112,0.0143,0.0102,0.0089,0.0101,-0.0057,0.00205,1.2773,0.4362,0.75,0.0833,0.1667,-1.12,SL,1,-0.353,TIME_12B,12,0
15533,2024-02-23 22:25:00+00:00,ETHUSDT,2940.35,2943.8212311464126,2942.0712835786817,4.025000449174758,0,0,0.4348,-0.4324,-1,-0.8624,-0.4276,-1.0327,-0.1372,-0.0923,-0.0503,-0.0468,-0.0242,-0.0016,-0.0153,-0.0033,0.0086,-0.0021,0.001369,3.4932,0.6094,0.5829,0.3514,0.0657,-1.12,SL,1,1.481,TP,10,2
15552,2024-02-24 00:00:00+00:00,BNBUSDT,375.9,375.2805357246654,375.18958245201827,0.6943960683026763,5,0,0.131,-0.1993,1,0.8921,1.0231,-0.1421,0.087,0.0935,0.0369,0.0295,0.0283,-0.0012,0.0125,0.0114,-0.0039,-0.0132,0.001847,1.0885,0.6035,0.4444,0.5556,0.0,-0.029,TIME_12B,12,-1.02,SL,1,0
15572,2024-02-24 01:40:00+00:00,BNBUSDT,373.2,375.5433658555262,375.4771420535289,0.9344138732147163,2,1,0.0709,-0.4151,-1,-2.5078,-2.437,-2.9778,-0.156,-0.1102,-0.022,-0.0563,-0.0337,0.005,-0.0255,-0.0137,0.0056,-0.0027,0.002504,1.1297,0.3081,0.8333,0.1111,0.0556,-1.12,SL,1,-0.941,TIME_12B,12,0
15589,2024-02-24 03:05:00+00:00,BNBUSDT,375.3,375.12874878853216,374.7948545576202,0.7567993228830849,5,0,0.4412,-0.1677,1,0.2263,0.6675,-0.5371,0.0769,0.0693,0.0483,0.0188,0.0118,-0.0041,0.0046,0.0008,-0.0076,-0.0119,0.002017,0.5092,0.6232,0.2857,0.2857,0.4286,1.379,TP,12,-1.02,SL,1,1
15739,2024-02-24 15:35:00+00:00,BNBUSDT,379.3,380.25857822842994,379.9700563409188,0.5981337902034414,2,1,0.4824,-0.0612,-1,-1.6026,-1.1202,0.3303,-0.0966,-0.0858,-0.0666,-0.045,-0.0382,-0.0263,-0.0117,-0.0075,-0.0001,0.0155,0.001577,0.792,0.404,0.5714,0.1429,0.2857,-1.12,SL,1,-1.148,TIME_12B,12,0
15843,2024-02-25 00:15:00+00:00,BNBUSDT,381.3,381.9889378733964,381.7238768633847,0.5520128713565804,2,1,0.4802,-0.1571,-1,-1.248,-0.7679,0.7046,-0.0725,-0.0611,-0.0254,-0.0305,-0.0243,-0.0077,-0.0048,-0.0011,0.0082,0.0197,0.001448,2.0678,0.5274,0.5,0.0,0.5,-1.12,SL,1,-0.358,TIME_12B,12,0
15865,2024-02-25 02:05:00+00:00,SOLUSDT,104.34,103.78786305402859,103.6562235328965,0.2714377576245701,2,2,0.485,-0.3774,1,2.0341,2.5191,4.3278,0.1463,0.05,-0.028,0.038,-0.0031,-0.0333,0.0282,0.008,-0.0051,0.0165,0.002601,3.2318,0.5239,0.7959,0.1837,0.0204,-1.672,SL,5,-1.02,SL,1,0
15869,2024-02-25 02:25:00+00:00,BNBUSDT,382.0,381.3290982291027,380.90069024147385,0.874561646655706,5,0,0.4899,-0.1835,1,0.7671,1.257,1.2879,0.064,0.0387,-0.0158,0.0077,-0.0049,-0.0271,0.0003,-0.006,-0.0162,-0.0022,0.002289,1.12,0.519,0.8571,0.0,0.1429,-1.786,SL,3,-1.02,SL,1,0
15918,2024-02-25 06:30:00+00:00,SOLUSDT,103.45,103.32923722201075,103.19813987963501,0.2840161315730964,5,0,0.4616,-0.3281,1,0.4252,0.8868,1.0075,0.0805,0.0392,0.0387,0.0234,0.0055,0.0009,0.0041,-0.0051,-0.0079,0.0023,0.002745,1.0016,0.4165,0.3636,0.0606,0.5758,-1.696,SL,5,-1.02,SL,1,0
15924,2024-02-25 07:00:00+00:00,BNBUSDT,380.8,380.1510259936098,379.83698206893666,0.6628994276119471,4,1,0.4737,-0.1391,1,0.979,1.4527,0.7469,0.1343,0.1478,0.1123,0.0637,0.0644,0.04,0.0212,0.0202,0.0057,-0.0001,0.001741,0.7855,0.756,0.1667,0.1667,0.6667,-0.825,TIME_12B,12,-1.02,SL,1,0
15946,2024-02-25 08:50:00+00:00,BNBUSDT,379.8,380.4936409821042,380.2994043682378,0.4644917310017565,1,0,0.4182,-0.313,-1,-1.4933,-1.0752,-1.2414,-0.0888,-0.0286,-0.0171,-0.0131,0.0126,0.0203,-0.0075,0.005,0.0079,0.0027,0.001223,0.5886,0.2946,0.6,0.4,0.0,-1.12,SL,1,-0.357,TIME_12B,12,0
15973,2024-02-25 11:05:00+00:00,BNBUSDT,381.7,380.0369109113476,379.89845283133013,0.5325030342354273,4,1,0.26,-0.8537,1,3.1232,3.3832,2.832,0.1802,0.0999,0.0573,0.0658,0.0306,0.0093,0.0261,0.008,-0.0031,-0.0049,0.001395,2.7032,0.691,0.9286,0.0714,0.0,1.46,TP,8,-1.02,SL,1,1
15978,2024-02-25 11:30:00+00:00,BTCUSDT,51657.65,51634.49074009358,51622.78382496054,29.184143015950422,3,0,0.4011,-0.4626,1,0.7936,1.1947,3.2793,0.1725,0.089,-0.0149,0.0458,0.007,-0.0357,0.026,0.0065,-0.0131,0.0179,0.000565,0.8625,0.461,0.6981,0.1753,0.1266,-1.277,SL,8,-1.02,SL,1,0
16001,2024-02-25 13:25:00+00:00,SOLUSDT,102.95,102.78325308962206,102.66725495835904,0.23296940997948848,4,1,0.4979,-0.0822,1,0.7157,1.2137,0.2659,0.0455,0.0525,0.0407,0.0208,0.0233,0.0129,-0.0004,0.0004,-0.0064,-0.008,0.002263,0.4517,0.5519,0.6,0.08,0.32,-1.778,SL,6,-1.02,SL,1,0
16004,2024-02-25 13:40:00+00:00,BTCUSDT,51677.02,51628.75038156257,51625.7064815163,32.39140717725178,3,2,0.094,-0.2908,1,1.4902,1.5842,3.0966,0.1186,0.0059,0.0188,0.0382,-0.0078,-0.0016,0.0189,-0.0039,-0.0002,0.0167,0.000627,2.1506,0.689,0.6972,0.114,0.1888,-1.343,SL,3,-1.02,SL,1,0
16029,2024-02-25 15:45:00+00:00,BTCUSDT,51499.01,51656.20254445372,51644.36937676801,67.99688157544347,0,0,0.174,-0.7293,-1,-2.3118,-2.1377,-1.4467,-0.1857,-0.0859,-0.0101,-0.0649,-0.0213,0.0104,-0.0284,-0.0062,0.0093,0.0121,0.00132,2.4848,0.4515,0.4737,0.0,0.5263,-1.12,SL,1,-0.072,TIME_12B,12,0
16032,2024-02-25 16:00:00+00:00,SOLUSDT,102.58,103.06554701699135,102.92940196719465,0.3342823233046416,0,0,0.4073,-0.3662,-1,-1.4525,-1.0452,-1.0855,-0.1411,-0.1141,-0.0055,-0.0402,-0.0234,0.0235,-0.0164,-0.0075,0.0154,0.0072,0.003259,0.8929,0.4268,0.625,0.3437,0.0313,-1.12,SL,1,-0.875,TIME_12B,12,0
16073,2024-02-25 19:25:00+00:00,SOLUSDT,103.45,103.0793523899776,102.9608976508954,0.24015302661371607,0,0,0.4932,-0.0656,1,1.5434,2.0366,2.0786,0.0361,0.017,0.0222,0.0234,0.0164,0.0188,0.0154,0.0119,0.0128,0.0064,0.002321,4.2098,0.6048,0.6825,0.3175,0.0,0.755,TIME_12B,12,-1.02,SL,1,1
16073,2024-02-25 19:25:00+00:00,BTCUSDT,51659.58,51566.741354567275,51544.43629104272,51.23831427586963,4,1,0.4353,-0.4776,1,1.8119,2.2472,1.8432,0.0674,0.054,0.0547,0.0246,0.018,0.0139,0.0026,-0.0011,-0.0042,-0.0017,0.000992,5.5732,0.5743,0.7934,0.2066,0.0,0.218,TIME_12B,12,-1.02,SL,1,0
16130,2024-02-26 00:10:00+00:00,SOLUSDT,103.19,103.43006369106097,103.34007789898624,0.19172781761209914,2,1,0.4693,-0.1411,-1,-1.2521,-0.7828,-0.0883,-0.0876,-0.0396,-0.07,-0.0394,-0.0189,-0.0282,-0.0094,0.0015,-0.0019,0.0064,0.001858,0.6117,0.4234,0.619,0.0476,0.3333,-1.12,SL,1,-1.561,SL,1,0
16142,2024-02-26 01:10:00+00:00,BTCUSDT,51546.6,51714.9836052267,51694.598976440684,53.6487752686741,2,1,0.38,-0.1804,-1,-3.1386,-2.7587,-1.996,-0.1517,-0.106,-0.0558,-0.066,-0.0448,-0.0222,-0.0238,-0.0124,-0.0,0.0084,0.001041,1.3424,0.2698,0.9999,0.0001,0.0,-1.12,SL,1,-0.581,TIME_12B,12,0
16149,2024-02-26 01:45:00+00:00,BNBUSDT,385.2,388.10957795753416,387.57564456573425,1.072227307311224,3,2,0.498,-0.2333,-1,-2.7136,-2.2156,-0.871,-0.2089,-0.1575,-0.0911,-0.0962,-0.0705,-0.0368,-0.0374,-0.0232,-0.0043,0.0133,0.002784,2.3861,0.4042,0.0833,0.25,0.6667,-1.12,SL,1,-0.153,TIME_12B,12,0
16155,2024-02-26 02:15:00+00:00,SOLUSDT,103.24,103.60202571687279,103.48236095679775,0.26094305709842813,0,0,0.4586,-0.3006,-1,-1.3874,-0.9288,-0.2987,-0.1242,-0.1139,-0.0294,-0.0432,-0.0345,0.0064,-0.0123,-0.0072,0.0141,0.0138,0.002528,0.4139,0.2363,0.7692,0.1154,0.1154,-1.12,SL,1,0.214,TIME_12B,12,0
16183,2024-02-26 04:35:00+00:00,SOLUSDT,103.31,103.30313968512631,103.20294189166651,0.20104063989198148,5,0,0.4984,-0.098,1,0.0341,0.5325,0.2853,0.0476,0.0789,0.0931,0.006,0.0156,0.0081,-0.002,0.0026,-0.0024,0.0014,0.001946,0.3401,0.5876,0.0455,0.2727,0.6818,-1.404,SL,4,-1.085,SL,1,0
16209,2024-02-26 06:45:00+00:00,BNBUSDT,387.6,385.9666763512655,385.70103163626476,0.6854686625012196,4,1,0.3875,-0.3129,1,2.3828,2.7703,2.8035,0.1485,0.0995,0.0546,0.0613,0.0388,0.0176,0.0214,0.0094,-0.0022,0.0032,0.001768,2.2411,0.7408,0.9231,0.0769,0.0,-1.119,TIME_12B,12,-1.02,SL,1,0
16220,2024-02-26 07:40:00+00:00,ETHUSDT,3089.99,3103.6395827595525,3101.27172240563,4.8029656484422585,2,1,0.493,-0.5803,-1,-2.8419,-2.3489,0.2996,-0.2343,-0.1385,-0.026,-0.0926,-0.0491,-0.0022,-0.0345,-0.0117,0.0124,0.0345,0.001554,1.3698,0.4032,0.2717,0.3449,0.3834,-1.12,SL,1,-0.841,TIME_12B,12,0
16224,2024-02-26 08:00:00+00:00,SOLUSDT,103.52,103.65864098498504,103.5319859682861,0.2603674202767603,0,0,0.4864,-0.3211,-1,-0.5325,-0.046,0.4439,-0.1232,-0.1478,-0.0831,-0.0405,-0.0442,-0.0073,-0.0122,-0.0131,0.0065,0.0086,0.002515,1.1543,0.592,0.6875,0.0313,0.2813,-1.216,SL,1,-1.37,SL,5,0
16243,2024-02-26 09:35:00+00:00,BNBUSDT,384.3,387.3419967383991,386.80359993796617,1.3256938704164094,0,0,0.4061,-0.4656,-1,-2.2946,-1.8885,-1.4752,-0.1453,-0.1079,-0.0203,-0.0445,-0.0244,0.0133,-0.0164,-0.0057,0.0128,0.0107,0.00345,1.6549,0.4552,0.8462,0.1538,0.0,-1.12,SL,1,-1.506,SL,8,0
16463,2024-02-27 03:55:00+00:00,BNBUSDT,399.0,400.9558215240752,400.2853469423102,1.7589648642352402,2,2,0.3812,-0.1996,-1,-1.1119,-0.7307,0.6257,-0.0234,0.0328,0.0149,-0.0072,0.0132,0.0023,0.0046,0.0147,0.0093,0.0187,0.004408,1.7964,0.3598,0.7241,0.0345,0.2414,-1.12,SL,1,-0.174,TIME_12B,12,0
16539,2024-02-27 10:15:00+00:00,BNBUSDT,398.6,398.5678532163841,398.2433731607368,0.672175990004591,4,1,0.4827,-0.0226,1,0.0478,0.5306,0.876,0.0121,0.0361,0.0734,0.0101,0.019,0.0275,-0.0051,-0.0012,0.0013,0.0094,0.001686,0.6718,0.5679,0.4444,0.3333,0.2222,-1.416,SL,1,-1.021,SL,1,0
16555,2024-02-27 11:35:00+00:00,BNBUSDT,399.6,398.8720441817687,398.5537320986221,0.8554640467022783,1,1,0.3721,0.0971,1,0.8509,1.223,1.7141,0.073,0.0488,0.0626,0.0422,0.032,0.0335,0.0182,0.0126,0.0119,0.0119,0.002141,0.8092,0.6372,0.5,0.375,0.125,-1.728,SL,4,-1.02,SL,1,0
16571,2024-02-27 12:55:00+00:00,SOLUSDT,110.01,111.14715059436091,110.94116106651258,0.4991760672391558,2,1,0.4127,-0.3981,-1,-2.2781,-1.8654,-0.123,-0.105,-0.0231,-0.0121,-0.0374,-0.0046,-0.0006,-0.0093,0.0073,0.0095,0.0231,0.004538,3.1133,0.385,0.934,0.0283,0.0377,-1.12,SL,1,-0.481,TIME_12B,12,0
16607,2024-02-27 15:55:00+00:00,ETHUSDT,3229.78,3253.7367874244114,3248.3260603928356,11.253008672520073,2,1,0.4808,-0.2792,-1,-2.1289,-1.6481,0.1404,-0.1902,-0.1211,-0.0709,-0.0848,-0.0529,-0.0295,-0.0311,-0.014,-0.0009,0.0189,0.003484,1.2859,0.4459,0.2835,0.0936,0.6229,-1.12,SL,1,-0.633,TIME_12B,12,0
16649,2024-02-27 19:25:00+00:00,ETHUSDT,3244.01,3241.212737168528,3238.6840586802978,5.605841789811902,5,0,0.4511,-0.2649,1,0.499,0.9501,2.3714,0.1431,0.1142,0.0821,0.0452,0.0276,0.0069,0.0162,0.0067,-0.0041,0.0178,0.001728,0.9842,0.3794,0.5341,0.0,0.4659,-1.516,SL,1,-1.02,SL,1,0
16671,2024-02-27 21:15:00+00:00,BNBUSDT,395.8,395.3366586237501,394.96497216274304,0.7732642320763258,4,0,0.4807,-0.0409,1,0.5992,1.0799,-0.3741,0.0438,0.0738,0.0333,0.0298,0.0405,0.0215,0.0045,0.0089,-0.0022,-0.0116,0.001954,0.5638,0.5042,0.5714,0.0,0.4286,-0.669,TIME_12B,12,-1.02,SL,1,0
16675,2024-02-27 21:35:00+00:00,BTCUSDT,56812.73,56951.88941706856,56887.03141728601,131.3913508972758,2,1,0.4936,-0.0125,-1,-1.0591,-0.5655,2.4348,-0.071,-0.0986,-0.1283,-0.045,-0.0533,-0.0556,-0.0117,-0.0146,-0.013,0.0258,0.002313,0.4833,0.4443,0.2193,0.0001,0.7806,-1.12,SL,1,-1.604,SL,12,0
16688,2024-02-27 22:40:00+00:00,BTCUSDT,56930.0,56893.1056655983,56843.11347997571,100.13219935452453,3,0,0.4993,-0.1417,1,0.3685,0.8677,3.994,0.0881,0.0687,-0.0348,0.0105,-0.0016,-0.0442,0.0104,0.0044,-0.015,0.0284,0.001759,0.3338,0.58,0.0277,0.0002,0.972,-0.496,TIME_12B,12,-1.02,SL,1,0
16696,2024-02-27 23:20:00+00:00,SOLUSDT,108.16,108.54137682517232,108.42253427878785,0.261097507830016,1,0,0.4552,-0.241,-1,-1.4607,-1.0055,-2.2886,-0.1119,-0.1074,-0.0638,-0.0208,-0.0135,0.0134,-0.0149,-0.0112,0.0016,-0.0101,0.002414,0.8372,0.2683,0.7273,0.0909,0.1818,-1.12,SL,1,-1.842,SL,8,0
16699,2024-02-27 23:35:00+00:00,ETHUSDT,3243.12,3248.0108366996465,3245.977562998373,4.512778555630577,0,0,0.4506,-0.137,-1,-1.0838,-0.6332,1.1808,-0.076,-0.0831,-0.0881,-0.0226,-0.0224,-0.0135,-0.0038,-0.0032,0.0025,0.0206,0.001391,0.6299,0.2945,0.7415,0.1791,0.0794,-1.12,SL,1,-1.378,SL,12,0
16701,2024-02-27 23:45:00+00:00,BNBUSDT,394.8,395.67708021516756,395.4979892949338,0.5255410727212688,1,2,0.3408,-0.3895,-1,-1.6689,-1.3281,-2.2741,-0.1179,-0.0404,0.0067,-0.0274,0.0061,0.0257,-0.0137,0.0029,0.0115,-0.0041,0.001331,1.0618,0.4741,0.5,0.125,0.375,-1.12,SL,1,-1.519,SL,12,0
16723,2024-02-28 01:35:00+00:00,BTCUSDT,56795.92,56950.05720541692,56920.43261935043,85.32056600437932,2,1,0.3472,-0.2346,-1,-1.8066,-1.4594,1.5784,-0.0957,-0.0958,-0.0351,-0.0342,-0.0312,-0.0032,-0.0092,-0.0071,0.0075,0.036,0.001502,1.3575,0.372,0.9198,0.0,0.0802,-1.12,SL,1,-1.624,SL,12,0
16740,2024-02-28 03:00:00+00:00,BTCUSDT,56920.0,56907.4729173154,56891.53994286276,59.25169654096991,3,0,0.2689,-0.061,1,0.2114,0.4803,3.8542,0.0434,0.0613,0.0116,0.004,0.0086,-0.0179,0.0036,0.0059,-0.0072,0.0342,0.001041,0.6354,0.47,0.1103,0.2358,0.6538,-1.261,SL,2,-1.02,SL,1,0
16740,2024-02-28 03:00:00+00:00,ETHUSDT,3242.95,3244.2352638565785,3242.5005975173967,3.800522322594685,5,0,0.4564,-0.0199,0,-0.3382,0.1182,0.8997,0.0235,0.0596,0.0133,-0.0039,0.0079,-0.0171,-0.0053,0.0005,-0.0122,0.0072,0.001172,0.4056,0.5088,0.3057,0.1911,0.5032,-1.195,SL,1,-1.146,SL,4,0
16753,2024-02-28 04:05:00+00:00,ETHUSDT,3253.11,3245.2970628127805,3244.320603796333,4.508511089992596,1,2,0.2166,0.0579,1,1.7329,1.9495,2.8682,0.1422,0.1217,0.0596,0.0601,0.0476,0.0171,0.0286,0.0216,0.0056,0.0123,0.001386,1.5144,0.6791,0.5325,0.4418,0.0257,-0.267,TIME_12B,12,-1.02,SL,1,0
16758,2024-02-28 04:30:00+00:00,SOLUSDT,108.54,108.17580945385023,108.05478813500646,0.28334359144836135,4,1,0.4271,-0.5982,1,1.2853,1.7125,0.3481,0.2176,0.1593,0.0673,0.0793,0.0493,0.0056,0.0297,0.0136,-0.009,-0.0146,0.00261,1.0986,0.5785,0.7368,0.1579,0.1053,-0.167,TIME_12B,12,-1.02,SL,1,0
16918,2024-02-28 17:50:00+00:00,SOLUSDT,112.12,113.45763659990725,112.50230999948052,2.0690548391759602,0,0,0.4617,-0.3366,-1,-0.6465,-0.1848,0.3595,-0.099,-0.1291,-0.0399,-0.0329,-0.0389,0.0033,-0.0082,-0.0103,0.0115,0.0115,0.018454,1.0547,0.517,0.2464,0.2536,0.5,-1.158,SL,1,-1.285,SL,1,0
16920,2024-02-28 18:00:00+00:00,ETHUSDT,3315.9,3373.614226189087,3349.8541330371727,48.80481059720148,0,0,0.4868,-0.1653,-1,-1.1826,-0.6957,-0.1091,-0.0988,-0.1035,-0.0185,-0.0309,-0.0288,0.0112,-0.0071,-0.0055,0.0151,0.0137,0.014718,0.7055,0.4278,0.533,0.3669,0.1002,-1.12,SL,1,-0.294,TIME_12B,12,0
16923,2024-02-28 18:15:00+00:00,BNBUSDT,405.9,413.544594633796,411.54894187901834,4.261146773614472,2,1,0.4683,-0.1082,-1,-1.794,-1.3257,-0.3986,-0.1323,-0.1063,-0.1209,-0.0548,-0.0404,-0.0364,-0.0168,-0.0087,-0.0048,0.0078,0.010498,0.5402,0.4337,0.7143,0.0714,0.2143,-1.12,SL,1,-0.586,TIME_12B,12,0
16958,2024-02-28 21:10:00+00:00,SOLUSDT,112.29,112.13564875226706,111.80150481372895,0.7210568162896616,5,1,0.4634,-0.0549,1,0.2141,0.6775,1.0479,0.0186,0.0476,-0.0055,-0.0115,-0.0027,-0.0289,-0.0066,-0.0022,-0.0147,0.0017,0.006421,0.7767,0.4651,0.9302,0.0581,0.0116,1.493,TP,2,-1.02,SL,1,1
16969,2024-02-28 22:05:00+00:00,BTCUSDT,60968.05,60625.72293029737,60516.312443242525,228.82482741420142,2,1,0.4781,-0.3125,1,1.496,1.9742,4.8909,0.1283,0.0784,0.0335,0.0248,0.0008,-0.0239,0.0217,0.01,-0.001,0.0303,0.003753,1.4144,0.7221,0.8091,0.1909,0.0,1.336,TIME_12B,12,-1.02,SL,1,1
16970,2024-02-28 22:10:00+00:00,BNBUSDT,411.9,409.6824298838417,409.28102172069,1.017923305532984,5,0,0.3943,-0.6124,1,2.1785,2.5729,3.9252,0.2113,0.1716,0.1344,0.0705,0.048,0.019,0.0283,0.0162,0.0005,0.0184,0.002471,0.9461,0.7061,0.6364,0.0909,0.2727,0.17,TIME_12B,12,-1.02,SL,1,0
16972,2024-02-28 22:20:00+00:00,ETHUSDT,3342.85,3320.922685169288,3316.026632180274,9.959280268474194,4,1,0.4916,-0.1808,1,2.2017,2.6933,2.8909,0.2376,0.2167,0.214,0.1,0.0831,0.0653,0.0383,0.0282,0.0164,0.0148,0.002979,0.782,0.4761,0.6608,0.0028,0.3364,0.31,TIME_12B,12,-1.02,SL,1,1
17039,2024-02-29 03:55:00+00:00,BNBUSDT,414.0,412.44536270097274,411.94460806886116,1.1717529656704964,3,0,0.4274,-0.4528,1,1.3268,1.7541,2.9352,0.0716,-0.0045,-0.0292,0.0058,-0.0249,-0.0345,0.0068,-0.0079,-0.0111,0.0095,0.00283,1.4286,0.5831,0.8235,0.1176,0.0588,0.003,TIME_12B,12,-1.02,SL,1,0
17095,2024-02-29 08:35:00+00:00,BNBUSDT,413.0,414.314957790933,413.7716863818498,1.1145729997658442,2,1,0.4874,-0.4709,-1,-1.1798,-0.6924,0.6724,-0.1363,-0.0682,-0.0334,-0.05,-0.0196,-0.0044,-0.0142,0.0016,0.0097,0.0192,0.002699,0.8863,0.4568,0.4286,0.4286,0.1429,-1.12,SL,1,-1.766,SL,3,0
17111,2024-02-29 09:55:00+00:00,BNBUSDT,410.5,414.0518869874977,413.45397874365847,1.5656568675268407,3,2,0.3819,0.0712,-1,-2.2686,-1.8867,-1.2837,-0.2292,-0.1696,-0.0591,-0.0999,-0.0692,-0.0194,-0.0453,-0.0287,-0.0027,0.0081,0.003814,0.9919,0.5242,0.0,0.5,0.5,-1.12,SL,1,-0.761,TIME_12B,12,0
17154,2024-02-29 13:30:00+00:00,BTCUSDT,62572.02,62655.137303560376,62528.414589831526,254.88090310508466,2,3,0.4972,-0.4345,0,-0.3261,0.1711,2.1066,-0.0936,-0.0346,-0.0454,-0.041,-0.0158,-0.018,-0.0097,0.0035,0.0035,0.0222,0.004073,1.9654,0.557,0.7573,0.2024,0.0402,1.379,TP,8,-1.45,SL,1,1
17184,2024-02-29 16:00:00+00:00,ETHUSDT,3458.19,3472.808844003245,3467.642027640676,10.570145621092625,2,0,0.4888,-0.058,-1,-1.383,-0.8942,1.3169,-0.0748,-0.0467,-0.0165,-0.0339,-0.0212,-0.0101,-0.0062,0.0007,0.007,0.0269,0.003057,1.5128,0.3213,0.7833,0.1669,0.0498,-1.12,SL,1,1.514,TP,8,2
17188,2024-02-29 16:20:00+00:00,BTCUSDT,62314.67,62804.42164868456,62701.44510911997,220.69379813993402,2,1,0.4666,-0.3148,-1,-2.2191,-1.7525,0.1509,-0.1762,-0.1336,-0.0452,-0.069,-0.0473,-0.0068,-0.0237,-0.0118,0.0094,0.0251,0.003542,1.2041,0.3895,0.4161,0.567,0.0169,-1.12,SL,1,0.394,TIME_12B,12,2
17231,2024-02-29 19:55:00+00:00,SOLUSDT,130.19,129.18198776561545,128.93481389574296,0.6766451037605841,5,1,0.3653,-0.3961,1,1.4897,1.855,4.3033,0.1866,0.1946,0.0895,0.052,0.0464,-0.0096,0.0251,0.0216,-0.0065,0.0263,0.005197,0.8214,0.5449,0.3137,0.4118,0.2745,-0.089,TIME_12B,12,-1.02,SL,1,0
17249,2024-02-29 21:25:00+00:00,SOLUSDT,126.51,129.4022994812262,129.13618447048196,1.1092364688507972,3,2,0.2399,-0.1486,-1,-2.6075,-2.3676,-1.07,-0.2213,-0.1718,-0.0562,-0.0895,-0.0633,-0.0123,-0.0423,-0.0282,-0.0023,0.0153,0.008768,1.5102,0.4424,0.0,0.932,0.068,-1.12,SL,1,0.725,TIME_12B,12,2
17290,2024-03-01 00:50:00+00:00,SOLUSDT,131.0,127.79200013607688,127.34007225116345,0.9998138593404573,1,2,0.452,-0.2542,1,3.2086,3.6606,3.7403,0.2269,0.2168,0.1839,0.1001,0.089,0.0596,0.0392,0.0321,0.0144,0.0118,0.007632,2.3315,0.6279,0.8717,0.1106,0.0177,1.155,TIME_12B,12,-1.02,SL,1,1
17351,2024-03-01 05:55:00+00:00,ETHUSDT,3368.9,3374.1907096183786,3371.6913097146407,5.581368389084288,1,1,0.4478,-0.1714,-1,-0.9479,-0.5001,-2.8508,-0.071,-0.0498,0.0259,-0.0063,0.0051,0.0374,-0.0091,-0.0038,0.0108,-0.0165,0.001657,1.0446,0.2881,0.5734,0.4266,0.0,-1.12,SL,1,-1.401,SL,2,0
17371,2024-03-01 07:35:00+00:00,BNBUSDT,403.4,405.2659578325333,404.91348785234567,0.7569916369252498,2,1,0.4656,-0.2152,-1,-2.465,-1.9993,-2.5798,-0.1834,-0.1092,-0.1036,-0.0774,-0.0438,-0.035,-0.0278,-0.01,-0.004,-0.0078,0.001877,1.5712,0.3522,0.6667,0.0,0.3333,-1.12,SL,1,-1.801,SL,12,0
17373,2024-03-01 07:45:00+00:00,ETHUSDT,3375.18,3380.5044684421555,3377.024357217003,7.56215011213403,0,0,0.4602,-0.5311,-1,-0.7041,-0.2439,-1.2499,-0.1267,-0.1106,-0.0237,-0.0346,-0.0223,0.0174,-0.0132,-0.0064,0.0131,-0.0042,0.002241,1.3601,0.5152,0.4563,0.104,0.4398,-1.12,SL,1,-1.427,SL,7,0
17385,2024-03-01 08:45:00+00:00,BNBUSDT,406.7,404.85088804355416,404.6974630752298,1.0955780901577943,3,0,0.14,-0.4548,1,1.6878,1.8278,1.3713,0.1894,0.0879,0.0002,0.0621,0.0169,-0.0186,0.032,0.0092,-0.0075,-0.0083,0.002694,1.0435,0.3599,0.625,0.25,0.125,-0.192,TIME_12B,12,-1.02,SL,1,0
17393,2024-03-01 09:25:00+00:00,SOLUSDT,133.68,133.12052038449878,132.84814845858475,0.6683029897187354,3,0,0.4076,-0.1524,1,0.8372,1.2447,3.3157,0.0753,0.0775,0.0285,0.0094,0.006,-0.0194,0.0128,0.0113,-0.0002,0.0217,0.004999,0.8624,0.5558,0.9211,0.0526,0.0263,0.174,TIME_12B,12,-1.02,SL,1,0
17453,2024-03-01 14:25:00+00:00,SOLUSDT,133.16,134.10517841504742,133.8027066711813,0.6759927259646007,2,1,0.4474,-0.2867,-1,-1.3982,-0.9508,0.678,-0.1264,-0.0699,-0.0376,-0.0477,-0.0219,-0.0075,-0.0138,-0.0002,0.0075,0.021,0.005077,0.818,0.486,0.2241,0.6724,0.1034,-1.12,SL,1,-0.22,TIME_12B,12,0
17455,2024-03-01 14:35:00+00:00,BNBUSDT,405.7,407.0250828912745,406.5465012802672,1.0089406597268875,0,0,0.4743,-0.5312,-1,-1.3133,-0.839,-0.486,-0.1004,-0.0509,-0.0051,-0.0327,-0.0107,0.0085,-0.0073,0.0042,0.0139,0.0105,0.002487,2.3926,0.4569,0.1111,0.2778,0.6111,-1.12,SL,1,0.762,TIME_12B,12,2
17466,2024-03-01 15:30:00+00:00,BTCUSDT,61727.44,62084.37792055349,61994.93289828006,198.95511835900282,2,1,0.4496,-0.0771,-1,-1.7941,-1.3445,-0.6468,-0.1138,-0.112,-0.1371,-0.0587,-0.0546,-0.0563,-0.0191,-0.0159,-0.0144,0.0007,0.003223,0.9498,0.502,0.6771,0.1591,0.1638,-1.12,SL,1,0.612,TIME_12B,12,2
17468,2024-03-01 15:40:00+00:00,ETHUSDT,3402.97,3419.9606684410746,3414.0881508337943,11.867591332274717,2,1,0.4948,-0.1046,-1,-1.4317,-0.9368,-0.2586,-0.1269,-0.1185,-0.1209,-0.0608,-0.0537,-0.0467,-0.0193,-0.0146,-0.0089,0.0031,0.003487,0.4987,0.5293,0.2866,0.1589,0.5544,-1.12,SL,1,0.001,TIME_12B,12,0
17490,2024-03-01 17:30:00+00:00,ETHUSDT,3420.11,3408.0189706552615,3402.72909900483,10.586080575104706,5,1,0.4997,-0.4111,1,1.1422,1.6419,1.5058,0.1512,0.1068,0.0202,0.0372,0.0134,-0.0262,0.0162,0.004,-0.0149,-0.0035,0.003095,1.0559,0.6684,0.6716,0.2608,0.0676,-0.461,TIME_12B,12,-1.02,SL,1,0
17494,2024-03-01 17:50:00+00:00,BTCUSDT,61909.75,61824.528696608824,61743.38454085093,175.57233408837482,5,0,0.4622,-0.2783,1,0.4854,0.9476,0.6878,0.1442,0.148,0.0996,0.0445,0.0389,0.0065,0.0163,0.0126,-0.0045,-0.0003,0.002836,0.6225,0.3962,0.4636,0.3048,0.2316,0.727,TIME_12B,12,-1.02,SL,1,1
17496,2024-03-01 18:00:00+00:00,BNBUSDT,405.7,405.3615037573706,405.05988459548547,0.6732366652175805,4,1,0.448,-0.1571,1,0.5028,0.9508,0.1908,0.1217,0.1644,0.1778,0.0508,0.0615,0.05,0.0154,0.0195,0.0111,0.0017,0.001659,1.5466,0.4368,0.2727,0.0909,0.6364,-0.277,TIME_12B,12,-1.02,SL,1,0
17506,2024-03-01 18:50:00+00:00,SOLUSDT,132.95,132.34714110603556,131.9305080130516,0.849181108913967,4,1,0.4906,-0.2772,1,0.7099,1.2006,0.843,0.1116,0.0991,0.0507,0.0406,0.0314,0.0081,0.0095,0.0041,-0.0084,-0.0027,0.006387,0.6692,0.6808,0.4333,0.2167,0.35,-1.543,SL,7,-1.02,SL,1,0
17611,2024-03-02 03:35:00+00:00,BTCUSDT,62296.77,62203.4348372122,62145.233777560905,120.22201791290695,5,0,0.4841,-0.4019,1,0.7764,1.2605,1.4364,0.1121,0.0574,0.0289,0.026,0.001,-0.0147,0.0091,-0.0035,-0.011,0.0017,0.00193,1.8325,0.4978,0.2528,0.5763,0.1708,-1.682,SL,9,-1.02,SL,1,0
17626,2024-03-02 04:50:00+00:00,ETHUSDT,3430.82,3436.04232542914,3433.7752943934556,4.679582946913896,2,1,0.4845,-0.1007,-1,-1.116,-0.6315,0.8558,-0.075,-0.0693,-0.023,-0.0316,-0.0273,-0.0049,-0.0053,-0.0025,0.0099,0.0207,0.001364,1.035,0.4636,0.8516,0.0023,0.1461,-1.12,SL,1,1.481,TP,5,2
17645,2024-03-02 06:25:00+00:00,ETHUSDT,3448.4,3430.266741599452,3427.0049333940137,9.766808282866442,5,1,0.334,-0.9853,1,1.8566,2.1906,2.2882,0.1868,0.0834,-0.0041,0.0575,0.0117,-0.0249,0.0256,0.0024,-0.015,-0.0029,0.002832,0.4652,0.5607,0.7545,0.0,0.2455,-1.279,TIME_12B,12,-1.02,SL,1,0
17663,2024-03-02 07:55:00+00:00,BNBUSDT,409.3,409.3981778740299,409.0197471563457,0.7768513898998475,3,1,0.4871,-0.2381,0,-0.1264,0.3608,1.3126,0.0495,-0.0267,-0.0804,-0.0032,-0.0344,-0.0505,0.0057,-0.0091,-0.0147,0.0045,0.001898,1.314,0.2914,0.875,0.0,0.125,-1.381,SL,5,-1.095,SL,1,0
17673,2024-03-02 08:45:00+00:00,SOLUSDT,129.81,129.36520897687436,129.06414041207765,0.698910978507916,4,1,0.4308,-0.1249,1,0.6364,1.0672,-0.2866,0.0593,0.0042,0.0491,0.0211,-0.0011,0.0134,0.0012,-0.0102,-0.0038,-0.0116,0.005384,1.4945,0.6116,0.5303,0.4697,0.0,-1.695,SL,6,-1.02,SL,1,0
17710,2024-03-02 11:50:00+00:00,SOLUSDT,128.98,129.08884492739443,128.80451083389073,0.6059316423349032,5,0,0.4693,-0.1554,0,-0.1796,0.2896,-1.1092,0.0413,0.0188,0.0024,0.0105,0.0006,-0.0067,-0.0023,-0.0075,-0.0113,-0.0153,0.004698,0.9999,0.5524,0.0147,0.1765,0.8088,-1.579,SL,1,-1.378,SL,3,0
17713,2024-03-02 12:05:00+00:00,BNBUSDT,409.5,408.6749380766951,408.3546192498123,0.7886011580228833,5,0,0.4062,-0.1911,1,1.0462,1.4524,1.4619,0.0349,0.0259,0.0087,0.0027,-0.0015,-0.0105,-0.0034,-0.0054,-0.0099,-0.0003,0.001926,0.855,0.6326,0.8571,0.0714,0.0714,-0.33,TIME_12B,12,-1.02,SL,1,0
17720,2024-03-02 12:40:00+00:00,BTCUSDT,62073.77,61982.46978446458,61948.739825149205,69.74925175081654,4,1,0.4836,-0.3381,1,1.309,1.7926,0.7772,0.1617,0.1237,0.0454,0.0667,0.0467,0.0118,0.0223,0.0112,-0.0073,-0.0094,0.001124,1.213,0.4532,0.1973,0.3261,0.4766,-1.567,SL,6,-1.02,SL,1,0
17727,2024-03-02 13:15:00+00:00,SOLUSDT,129.46,129.42509002142694,129.2104966228736,0.4615021962327299,1,1,0.465,-0.1223,1,0.0756,0.5406,-0.3809,-0.0185,0.0186,0.083,0.0126,0.0286,0.0509,0.0055,0.0131,0.0226,0.0013,0.003565,0.612,0.5805,0.1695,0.4746,0.3559,-1.647,SL,1,-1.109,SL,1,0
17735,2024-03-02 13:55:00+00:00,ETHUSDT,3410.15,3418.530113473212,3416.17670104089,5.126803081128833,4,0,0.459,-0.1065,-1,-1.6346,-1.1755,-2.0465,-0.0109,0.0065,-0.0009,0.0024,0.0081,0.0057,-0.008,-0.0059,-0.0079,-0.0081,0.001503,1.5383,0.2471,0.8943,0.0077,0.098,-1.12,SL,1,-0.8,TIME_12B,12,0
17740,2024-03-02 14:20:00+00:00,BNBUSDT,409.0,409.732947456532,409.2537669858761,1.0636705045978305,0,0,0.4505,-0.2361,-1,-0.6891,-0.2386,0.227,-0.0856,-0.0751,-0.0135,-0.0223,-0.0136,0.0131,-0.0061,-0.0013,0.0118,0.0106,0.002601,1.1648,0.5663,0.5556,0.0,0.4444,-1.149,SL,1,-0.424,TIME_12B,12,0
17744,2024-03-02 14:40:00+00:00,SOLUSDT,128.0,129.1312442158828,128.7950017174303,0.7178939640984325,5,3,0.4684,0.2969,-1,-1.5758,-1.1074,-2.1267,-0.1292,-0.1135,-0.0866,-0.0608,-0.0499,-0.0312,-0.0324,-0.0262,-0.0156,-0.0129,0.005609,1.5559,0.3799,0.1525,0.0339,0.8136,-1.12,SL,1,-0.461,TIME_12B,12,0
17753,2024-03-02 15:25:00+00:00,ETHUSDT,3421.99,3416.093697035046,3413.133389384802,7.428590813459926,5,0,0.3985,-0.1878,1,0.7937,1.1922,0.4124,0.0626,0.0692,0.0099,0.02,0.0198,-0.0072,0.0024,0.0018,-0.0122,-0.0101,0.002171,0.8163,0.7388,0.9979,0.0011,0.0011,-1.723,SL,2,-1.02,SL,1,0
17786,2024-03-02 18:10:00+00:00,ETHUSDT,3420.19,3420.0466323340634,3418.09969112867,4.465187223618634,0,1,0.436,-0.033,1,0.0321,0.4681,0.2036,-0.029,-0.0479,-0.0025,0.0036,-0.0001,0.0207,0.0035,0.0019,0.0117,0.0028,0.001306,0.732,0.7168,0.6233,0.3767,0.0,-0.408,TIME_12B,12,-1.065,SL,1,0
17791,2024-03-02 18:35:00+00:00,BTCUSDT,61941.83,61878.9924831149,61851.28841917687,60.141399580694916,4,1,0.4606,-0.0649,1,1.0448,1.5055,0.1491,0.0775,0.0902,0.0433,0.0337,0.0357,0.0144,0.0068,0.0069,-0.0047,-0.0119,0.000971,0.9294,0.6802,1.0,0.0,0.0,-0.451,TIME_12B,12,-1.02,SL,1,0
17792,2024-03-02 18:40:00+00:00,BNBUSDT,409.1,408.6425288404449,408.41806442814107,0.5455528797123149,5,0,0.4114,-0.2081,1,0.8385,1.25,0.9548,0.0867,0.099,0.0501,0.0273,0.0286,0.0033,0.0061,0.0062,-0.0071,-0.0023,0.001334,0.4854,0.6092,0.5,0.25,0.25,-1.554,SL,5,-1.02,SL,1,0
17794,2024-03-02 18:50:00+00:00,SOLUSDT,129.65,128.63088895076598,128.47280438372363,0.39660220106643473,4,1,0.3986,-0.3841,1,2.5696,2.9682,1.5083,0.1626,0.1056,0.0574,0.0642,0.038,0.0139,0.0226,0.0087,-0.0043,-0.0136,0.003059,2.1906,0.6526,0.9889,0.0111,0.0,0.13,TIME_12B,12,-1.02,SL,1,0
17811,2024-03-02 20:15:00+00:00,ETHUSDT,3410.54,3422.870425633312,3420.6823017906395,6.400848383409777,0,0,0.3418,-1.1398,-1,-1.9264,-1.5845,-1.5564,-0.174,-0.0756,-0.0236,-0.0578,-0.0152,0.0076,-0.023,-0.0014,0.0099,0.0052,0.001877,2.0913,0.4049,0.065,0.321,0.614,-1.12,SL,1,-0.692,TIME_12B,12,0
17813,2024-03-02 20:25:00+00:00,BTCUSDT,61851.1,61952.655575813005,61916.86560833474,85.7121757087663,0,0,0.4176,-0.334,-1,-1.1848,-0.7673,-1.0794,-0.1422,-0.0908,-0.0029,-0.0391,-0.0124,0.0241,-0.0164,-0.0026,0.0147,0.0039,0.001386,0.6859,0.6426,0.2728,0.2756,0.4516,-1.12,SL,1,-1.405,SL,10,0
17817,2024-03-02 20:45:00+00:00,SOLUSDT,128.94,129.29256339221413,129.0028086168834,0.5993224002383941,0,0,0.4835,-0.1989,-1,-0.5883,-0.1048,-0.3987,-0.0969,-0.1126,-0.0407,-0.0244,-0.0255,0.0125,-0.0073,-0.0073,0.0121,0.0029,0.004648,0.3894,0.5648,0.5686,0.2745,0.1569,-1.208,SL,1,-1.754,SL,3,0
17818,2024-03-02 20:50:00+00:00,BNBUSDT,408.3,408.65385322861147,408.46159691928966,0.5652684866779358,5,4,0.3401,0.0555,-1,-0.626,-0.2859,-0.5415,-0.0196,-0.0743,-0.0741,-0.0146,-0.0343,-0.0253,-0.0105,-0.0199,-0.0142,-0.0056,0.001384,0.5388,0.195,0.75,0.0,0.25,-1.12,SL,1,-1.299,SL,2,0
17835,2024-03-02 22:15:00+00:00,SOLUSDT,128.91,129.07329483397652,129.0109870342971,0.502465955172599,2,1,0.124,-0.0304,-1,-0.325,-0.201,-0.489,-0.0088,-0.056,-0.0404,-0.0075,-0.0246,-0.0132,-0.0011,-0.0092,-0.0025,-0.0041,0.003898,1.4588,0.436,0.587,0.413,0.0,-1.12,SL,1,-1.43,SL,3,0
17852,2024-03-02 23:40:00+00:00,BTCUSDT,62037.62,61928.25489524739,61905.18497718413,70.65744400953216,0,3,0.3265,0.2591,1,1.5478,1.8743,1.5657,0.1434,0.176,0.0623,0.064,0.0711,0.0179,0.0316,0.0341,0.0065,-0.0007,0.001139,0.8875,0.4746,0.3426,0.4907,0.1667,-1.591,SL,4,-1.02,SL,1,0
17853,2024-03-02 23:45:00+00:00,ETHUSDT,3419.6,3414.4713328735966,3412.7063228798447,3.7503255370503754,4,1,0.4706,-0.3662,1,1.3675,1.8382,0.7753,0.1855,0.1912,0.1178,0.071,0.0663,0.0238,0.0246,0.021,-0.0021,-0.0077,0.001097,0.9844,0.3959,0.3521,0.0,0.6479,-1.566,SL,5,-1.02,SL,1,0
17866,2024-03-03 00:50:00+00:00,BTCUSDT,61743.23,61895.32105763911,61864.13856293423,67.15303227600853,5,3,0.4643,0.3393,-1,-2.2648,-1.8005,-2.6211,-0.1449,-0.1183,-0.099,-0.066,-0.0524,-0.0361,-0.0344,-0.027,-0.0176,-0.0118,0.001088,0.8951,0.4154,0.7362,0.0,0.2638,-1.12,SL,1,-0.74,TIME_12B,12,0
17867,2024-03-03 00:55:00+00:00,SOLUSDT,128.8,129.47028609143632,129.17879949196464,0.6899282689636358,0,0,0.4225,-0.1608,-1,-0.9715,-0.549,-0.5888,-0.0471,0.0036,0.0144,-0.0069,0.0134,0.0169,0.0009,0.0109,0.0122,0.0053,0.005357,0.9968,0.3431,0.7531,0.1358,0.1111,-1.12,SL,1,-1.68,SL,3,0
17886,2024-03-03 02:30:00+00:00,SOLUSDT,128.81,129.55289687024964,129.33925826497574,0.6064204665685476,0,0,0.3523,-0.4736,-1,-1.2251,-0.8728,-0.7931,-0.1494,-0.0858,-0.0104,-0.0507,-0.0209,0.0116,-0.019,-0.0036,0.0126,0.0071,0.004708,1.7296,0.4008,0.2941,0.1471,0.5588,-1.12,SL,1,-1.639,SL,7,0
17887,2024-03-03 02:35:00+00:00,BNBUSDT,409.3,409.9669048048093,409.60823095133185,0.7758189072455399,0,0,0.4623,-0.3954,-1,-0.8596,-0.3973,0.0927,-0.1234,-0.0824,-0.0225,-0.0431,-0.0219,0.0044,-0.0125,-0.0012,0.0123,0.0112,0.001895,0.7535,0.4191,0.125,0.25,0.625,-1.12,SL,1,-1.423,SL,6,0
17890,2024-03-03 02:50:00+00:00,ETHUSDT,3415.07,3421.045795982588,3418.9599234842226,4.6281847435734225,0,0,0.4507,-0.2064,-1,-1.2912,-0.8405,-0.781,-0.114,-0.1505,-0.0854,-0.0358,-0.0447,-0.0066,-0.0105,-0.0141,0.0061,0.0039,0.001355,0.7015,0.3227,0.6654,0.311,0.0236,-1.12,SL,1,-1.425,SL,3,0
17897,2024-03-03 03:25:00+00:00,BTCUSDT,61964.02,61854.72517289249,61834.58515180947,55.76120557466511,4,1,0.3612,-0.9161,1,1.9601,2.3212,1.3493,0.2585,0.1737,0.0874,0.0963,0.0543,0.0111,0.0393,0.0171,-0.0054,-0.0095,0.0009,1.1473,0.6955,0.6374,0.2359,0.1267,-0.311,TIME_12B,12,-1.02,SL,1,0
17925,2024-03-03 05:45:00+00:00,SOLUSDT,129.9,129.82821391504143,129.62694525337972,0.4046816736423514,0,0,0.4974,-0.1593,1,0.1774,0.6747,1.0483,-0.0415,-0.0599,-0.0413,-0.0124,-0.0168,-0.0043,0.0025,0.0009,0.008,0.0078,0.003115,0.9975,0.4696,0.614,0.0175,0.3684,-1.679,SL,2,-1.02,SL,1,0
17929,2024-03-03 06:05:00+00:00,BTCUSDT,61811.1,61923.8757863699,61903.463316111214,49.357673661093756,0,0,0.4136,-0.6558,-1,-2.2849,-1.8713,-1.9749,-0.1817,-0.1143,-0.1012,-0.0599,-0.0281,-0.0141,-0.0226,-0.0061,0.0016,-0.0001,0.000799,1.9586,0.4293,0.2964,0.352,0.3516,-1.12,SL,1,-1.418,SL,3,0
17930,2024-03-03 06:10:00+00:00,ETHUSDT,3414.54,3427.457763109456,3424.898614756007,5.614094671707829,2,1,0.4558,-0.5373,-1,-2.301,-1.8451,-1.3957,-0.2296,-0.1857,-0.1359,-0.0917,-0.0665,-0.0341,-0.035,-0.021,-0.0029,0.0039,0.001644,1.8446,0.3311,0.1178,0.1,0.7822,-1.12,SL,1,-0.393,TIME_12B,12,0
17935,2024-03-03 06:35:00+00:00,BNBUSDT,410.4,411.0204467963766,410.5380501987349,1.0438203136249447,0,0,0.4621,-0.0696,-1,-0.5944,-0.1323,0.4486,-0.0246,-0.0705,-0.0771,-0.0063,-0.0229,-0.0155,0.0057,-0.0022,0.0031,0.0078,0.002543,0.7728,0.5512,0.375,0.0,0.625,-1.154,SL,1,-1.425,SL,2,0
17970,2024-03-03 09:30:00+00:00,SOLUSDT,130.91,128.6991217278,128.33121412680535,0.9515346476774468,4,1,0.3866,-0.6567,1,2.3235,2.7101,2.0309,0.2745,0.221,0.1048,0.0995,0.0683,0.0116,0.0402,0.0232,-0.006,-0.0065,0.007269,1.6564,0.5629,0.4017,0.2222,0.3761,-0.429,TIME_12B,12,-1.02,SL,1,0
17971,2024-03-03 09:35:00+00:00,BNBUSDT,411.3,409.4269481946305,408.86766130893545,1.3007182979533771,5,0,0.43,-0.4392,1,1.44,1.87,1.4163,0.1527,0.1187,0.0829,0.0488,0.0307,0.0082,0.0172,0.0076,-0.0042,-0.0025,0.003162,0.8096,0.5454,0.2222,0.3333,0.4444,-0.201,TIME_12B,12,-1.02,SL,1,0
17994,2024-03-03 11:30:00+00:00,SOLUSDT,129.01,129.26514690203607,129.0201925395105,0.508504159998527,0,1,0.4817,-0.1084,-1,-0.5018,-0.02,-0.184,-0.0512,-0.0252,-0.0225,0.0,0.0123,0.0191,0.0011,0.0071,0.0101,0.0031,0.003942,0.3896,0.518,0.3243,0.3784,0.2973,-1.261,SL,5,-1.575,SL,1,0
18001,2024-03-03 12:05:00+00:00,BTCUSDT,62150.09,61800.63633628545,61763.91330787251,76.99394333726356,1,2,0.477,-0.1767,1,4.5387,5.0157,4.2583,0.2585,0.1657,0.0994,0.1108,0.0691,0.0372,0.0486,0.0267,0.0094,-0.0017,0.001239,5.2199,0.7455,0.9999,0.0,0.0,0.003,TIME_12B,12,-1.02,SL,1,0
18027,2024-03-03 14:15:00+00:00,SOLUSDT,128.92,128.79202439020273,128.57965717631612,0.4806426127772747,5,0,0.4418,-0.1166,1,0.2663,0.7081,-0.0607,0.0163,0.0224,0.0109,-0.0029,-0.0019,-0.0091,-0.0065,-0.006,-0.0097,-0.0081,0.003728,1.6365,0.5069,0.8667,0.0,0.1333,-1.796,SL,8,-1.02,SL,1,0
18123,2024-03-03 22:15:00+00:00,SOLUSDT,130.08,130.04126899927715,129.86729312889526,0.3541810120195942,2,0,0.4912,-0.0959,1,0.1094,0.6006,1.3385,0.0146,0.0197,0.0111,0.0053,0.0062,0.0015,0.0127,0.0134,0.0116,0.0132,0.002723,1.5291,0.4866,0.2273,0.4545,0.3182,1.379,TP,4,-1.085,SL,1,1
18145,2024-03-04 00:05:00+00:00,BNBUSDT,414.1,414.70667075851395,414.36213602754844,0.7470465198164359,2,1,0.4612,-0.0968,-1,-0.8121,-0.3509,0.9129,-0.0282,-0.0758,-0.0861,-0.0178,-0.0348,-0.0307,0.001,-0.0068,-0.0028,0.0122,0.001804,1.7604,0.4719,0.4545,0.0,0.5455,-1.12,SL,1,-1.338,SL,2,0
18157,2024-03-04 01:05:00+00:00,SOLUSDT,129.93,130.8988756898242,130.38514100347984,1.0879743939428625,0,0,0.4722,-0.142,-1,-0.8905,-0.4183,-0.0484,-0.0409,-0.0468,0.0294,-0.0064,-0.0059,0.0232,0.003,0.0035,0.0176,0.0124,0.008374,1.4009,0.3653,0.5904,0.1446,0.2651,-1.12,SL,1,-1.475,SL,8,0
18162,2024-03-04 01:30:00+00:00,BNBUSDT,415.0,414.90096243281573,414.5647948592479,1.3807924833714242,0,2,0.2435,0.0188,1,0.0717,0.3152,0.9579,0.0044,-0.0178,-0.0033,0.0021,-0.006,0.0016,0.0056,0.0017,0.006,0.0097,0.003327,0.8032,0.5266,0.3846,0.0,0.6154,-1.51,SL,7,-1.057,SL,1,0
18208,2024-03-04 05:20:00+00:00,ETHUSDT,3467.85,3479.183177597882,3476.528185852932,5.331679441900907,2,0,0.498,-0.1293,-1,-2.1256,-1.6277,0.4535,-0.1284,-0.0363,0.0313,-0.0556,-0.0178,0.0041,-0.0164,0.0031,0.0142,0.0291,0.001537,3.9332,0.3841,0.6341,0.2797,0.0862,-1.12,SL,1,-0.547,TIME_12B,12,0
18222,2024-03-04 06:30:00+00:00,BNBUSDT,414.6,414.76696926023544,414.69509586339734,0.40745946389451027,3,2,0.1764,-0.0142,-1,-0.4098,-0.2334,1.0392,-0.0445,-0.0627,-0.046,-0.0241,-0.0292,-0.017,-0.0089,-0.0109,-0.0037,0.0124,0.000983,1.1539,0.3933,0.2,0.2,0.6,-1.12,SL,1,-1.14,SL,3,0
18236,2024-03-04 07:40:00+00:00,ETHUSDT,3483.48,3473.19426205837,3471.152003479341,5.230500080512384,5,0,0.3905,-0.4943,1,1.9665,2.3569,3.3073,0.1292,0.0669,0.0356,0.0341,0.0065,-0.0089,0.0135,-0.0004,-0.0076,0.0105,0.001502,2.3489,0.5397,0.9943,0.0,0.0057,1.379,TP,11,-1.02,SL,1,1
18242,2024-03-04 08:10:00+00:00,SOLUSDT,131.03,129.56052038302062,129.3997620715198,0.4821050475076667,4,1,0.3335,-0.6595,1,3.048,3.3815,2.848,0.2198,0.1456,0.0652,0.0862,0.0518,0.0146,0.0346,0.0164,-0.003,-0.004,0.003679,3.7588,0.6024,0.5763,0.2119,0.2119,0.099,TIME_12B,12,-1.02,SL,1,0
18309,2024-03-04 13:45:00+00:00,BNBUSDT,417.5,418.51225507445247,418.06680083593,0.8971749419920698,2,2,0.4965,-0.1006,-1,-1.1283,-0.6318,0.7011,-0.0461,-0.063,0.003,-0.0246,-0.0298,-0.0041,-0.0016,-0.0035,0.0102,0.0191,0.002149,0.8042,0.3386,0.8333,0.0833,0.0833,-1.12,SL,1,-0.476,TIME_12B,12,0
18312,2024-03-04 14:00:00+00:00,ETHUSDT,3473.1,3503.003361096678,3498.7190880280236,12.900868204153092,2,1,0.3321,-0.6504,-1,-2.3179,-1.9858,-1.132,-0.123,-0.0549,-0.0111,-0.0458,-0.0169,0.0011,-0.015,-0.0002,0.0091,0.0136,0.003715,5.3501,0.4226,0.4771,0.1282,0.3947,-1.12,SL,1,-1.468,SL,7,0
18313,2024-03-04 14:05:00+00:00,SOLUSDT,130.96,132.10923607648238,131.66670898988556,0.9529781285378115,2,1,0.4644,-0.6629,-1,-1.2059,-0.7416,-0.0732,-0.1746,-0.1076,-0.0552,-0.0681,-0.0363,-0.0107,-0.0235,-0.0066,0.0071,0.0107,0.007277,1.419,0.5352,0.8824,0.0588,0.0588,-1.12,SL,1,-1.43,SL,8,0
18328,2024-03-04 15:20:00+00:00,BNBUSDT,419.2,417.95983028081974,417.8456495524064,1.1349447327595308,3,0,0.1006,-0.2179,1,1.0927,1.1933,1.9814,0.1061,0.0904,0.0322,0.0341,0.0234,-0.0047,0.0185,0.0128,-0.0011,0.0076,0.002707,0.9771,0.4286,0.4615,0.3077,0.2308,-1.92,SL,11,-1.02,SL,1,0
18350,2024-03-04 17:10:00+00:00,BNBUSDT,416.9,417.85626892164714,417.4641536219341,0.948328488379194,5,3,0.4135,0.1868,-1,-1.0084,-0.5949,-0.2572,-0.1251,-0.1225,-0.09,-0.0627,-0.0572,-0.0376,-0.0309,-0.0272,-0.016,0.0007,0.002275,0.6697,0.5291,0.75,0.1667,0.0833,-1.12,SL,1,-1.523,SL,1,0
18410,2024-03-04 22:10:00+00:00,BNBUSDT,416.8,416.17159610315144,415.83495176742497,0.6810343259444762,4,1,0.4943,-0.0305,1,0.9227,1.417,0.6805,0.1285,0.1273,0.1072,0.0622,0.0571,0.0407,0.02,0.0162,0.0058,-0.0001,0.001634,1.3715,0.6162,0.1429,0.1429,0.7143,1.379,TP,12,-1.02,SL,1,1
18461,2024-03-05 02:25:00+00:00,SOLUSDT,130.07,131.37247333951942,131.0749406904676,0.6951197907274349,2,1,0.428,-0.3674,-1,-1.8737,-1.4457,-1.1297,-0.1829,-0.1311,-0.0747,-0.0684,-0.0419,-0.0133,-0.0243,-0.01,0.0051,0.006,0.005344,1.0998,0.3711,0.7347,0.1224,0.1429,-1.12,SL,1,-0.115,TIME_12B,12,0
18463,2024-03-05 02:35:00+00:00,BNBUSDT,416.0,418.9055362709233,418.2525446219546,1.3723522952821767,2,1,0.4758,-0.6489,-1,-2.1172,-1.6414,-1.1448,-0.2296,-0.1503,-0.0871,-0.0842,-0.0462,-0.0134,-0.0309,-0.0109,0.0065,0.0087,0.003299,1.297,0.5489,0.3636,0.4545,0.1818,-1.12,SL,1,-1.566,SL,3,0
18482,2024-03-05 04:10:00+00:00,SOLUSDT,131.79,130.72499285227477,130.40408957879472,0.653807343127871,5,1,0.4908,-0.7558,1,1.6289,2.1198,1.6685,0.1594,0.0881,0.0009,0.0409,0.008,-0.0299,0.0174,0.0008,-0.0172,-0.008,0.004961,1.8005,0.5324,0.5588,0.0074,0.4338,-1.426,SL,1,-1.02,SL,1,0
18492,2024-03-05 05:00:00+00:00,BTCUSDT,66310.0,67866.50612848163,67668.61717138004,540.47308707708,3,2,0.3661,-0.6561,-1,-2.8799,-2.5138,-1.3515,-0.1437,-0.1075,-0.0692,-0.066,-0.0486,-0.0296,-0.0257,-0.0162,-0.0054,0.0109,0.008151,5.4923,0.4329,0.4542,0.0,0.5458,-1.12,SL,1,-0.369,TIME_12B,12,0
18506,2024-03-05 06:10:00+00:00,SOLUSDT,131.66,131.06548014237228,130.74646129700585,0.9475570733126188,0,3,0.3367,0.126,1,0.6274,0.9641,1.0049,0.0617,0.1086,0.0954,0.035,0.05,0.0356,0.0178,0.0245,0.0158,0.0077,0.007197,0.6403,0.4607,0.3494,0.6506,0.0,-1.064,TIME_12B,12,-1.02,SL,1,0
18522,2024-03-05 07:30:00+00:00,SOLUSDT,130.24,131.15147485095162,130.90918640874855,0.62004657904307,0,0,0.3908,-0.2997,-1,-1.47,-1.0793,-0.9102,-0.1074,-0.0866,-0.0196,-0.0296,-0.0175,0.0129,-0.0102,-0.0038,0.0112,0.0073,0.004761,1.1839,0.5179,0.5079,0.1429,0.3492,-1.12,SL,1,0.345,TIME_12B,12,2
18555,2024-03-05 10:15:00+00:00,SOLUSDT,131.2,130.53423491546573,130.31502396876965,0.4958632978976934,5,0,0.4421,-0.3341,1,1.3426,1.7847,1.1892,0.1122,0.0636,0.0162,0.0326,0.0096,-0.0101,0.0101,-0.0018,-0.0112,-0.0071,0.003779,1.8921,0.6588,0.8391,0.1149,0.046,0.19,TIME_12B,12,-1.02,SL,1,0
18562,2024-03-05 10:50:00+00:00,BNBUSDT,420.2,419.6889629556979,419.3383454452965,0.7675044334582176,5,0,0.4568,-0.3391,1,0.6658,1.1227,1.2734,0.1402,0.1721,0.0767,0.0434,0.0483,-0.0009,0.0155,0.0169,-0.0084,0.0021,0.001827,1.9192,0.4552,0.0,0.7143,0.2857,-1.555,SL,8,-1.02,SL,1,0
18585,2024-03-05 12:45:00+00:00,BNBUSDT,419.5,419.6250074598724,419.50933019918165,0.6447982428691602,4,1,0.1794,-0.0207,-1,-0.1939,-0.0145,0.3382,0.0331,0.0684,0.0441,0.0164,0.0277,0.0119,0.0044,0.0094,0.0005,0.0057,0.001537,1.0911,0.383,0.2857,0.4286,0.2857,-0.387,TIME_12B,12,-1.094,SL,1,0
18604,2024-03-05 14:20:00+00:00,BNBUSDT,417.6,419.72434355523836,419.5554352863031,1.1917981045361015,5,3,0.1417,-0.0412,-1,-1.7825,-1.6407,-1.5131,-0.1254,-0.1077,-0.0442,-0.0499,-0.0384,-0.0083,-0.0247,-0.0183,-0.003,0.0018,0.002854,1.1368,0.4555,0.875,0.0625,0.0625,-1.12,SL,1,-1.748,SL,5,0
18621,2024-03-05 15:45:00+00:00,BTCUSDT,67236.47,67587.39203862255,67329.44047031685,557.0731517565408,0,0,0.463,-0.2466,-1,-0.6299,-0.1669,0.1854,-0.1147,-0.1173,-0.0163,-0.0348,-0.0301,0.0157,-0.011,-0.0078,0.0152,0.0113,0.008285,0.63,0.5624,0.7162,0.227,0.0567,-1.175,SL,1,1.649,TP,4,2
18628,2024-03-05 16:20:00+00:00,ETHUSDT,3719.99,3761.7380889638994,3743.2598966542855,38.20088131889309,2,1,0.4837,-0.5992,-1,-1.0929,-0.6091,0.4112,-0.178,-0.1238,-0.0521,-0.0666,-0.039,-0.006,-0.0224,-0.0075,0.0096,0.0157,0.010269,1.2322,0.5091,0.6713,0.0564,0.2723,-1.12,SL,1,1.812,TP,9,2
18636,2024-03-05 17:00:00+00:00,SOLUSDT,131.21,134.5928609777653,133.56735920731475,2.25281413837995,2,1,0.4552,-0.1955,-1,-1.5016,-1.0464,-0.5619,-0.1102,-0.1385,-0.1237,-0.0401,-0.0461,-0.0287,-0.0099,-0.012,-0.0016,0.0046,0.01717,0.5399,0.4763,0.8482,0.0223,0.1295,-1.12,SL,1,-1.156,SL,9,0
18654,2024-03-05 18:30:00+00:00,SOLUSDT,133.67,133.73576187355326,133.3341814377305,1.2766023349475046,2,1,0.3146,-0.0151,0,-0.0515,0.2631,0.9029,-0.0126,0.0134,0.0462,-0.0144,-0.0048,0.0018,-0.0005,0.0046,0.008,0.0106,0.00955,0.4195,0.5237,0.8532,0.0183,0.1284,-2.003,SL,2,1.481,TP,3,2
18899,2024-03-06 14:55:00+00:00,BTCUSDT,65896.75,66501.04468580452,66268.72259809086,474.03011277146527,2,2,0.4901,-0.2573,-1,-1.2748,-0.7847,0.1302,-0.0697,-0.0152,0.0336,-0.0258,-0.0028,0.0135,-0.0024,0.0096,0.0178,0.0183,0.007194,1.4107,0.3982,0.926,0.0383,0.0357,-1.12,SL,1,-1.415,SL,7,0
18923,2024-03-06 16:55:00+00:00,SOLUSDT,129.28,128.81824382503748,128.50886675143204,0.7640084304854657,5,0,0.4049,-0.1516,1,0.6044,1.0093,0.7697,0.0561,0.0318,0.0808,0.0171,0.0059,0.0186,0.0011,-0.0048,0.0005,0.002,0.00591,0.7928,0.497,0.75,0.2375,0.0125,-1.659,SL,2,-1.02,SL,1,0
18924,2024-03-06 17:00:00+00:00,ETHUSDT,3801.4,3803.1054094366473,3794.3033518492125,19.39771771855462,3,0,0.4538,-0.2234,0,-0.0879,0.3658,2.3127,0.0647,0.0017,-0.002,0.0041,-0.0229,-0.0258,0.0092,-0.0037,-0.0037,0.02,0.005103,0.9435,0.4659,0.6659,0.0629,0.2712,-1.697,SL,5,-1.314,SL,1,0
18947,2024-03-06 18:55:00+00:00,SOLUSDT,130.19,129.31486196449217,129.02798422202508,0.6609918453006268,0,1,0.434,0.0422,1,1.324,1.758,2.0504,0.0467,-0.0133,0.0165,0.0315,0.0093,0.0246,0.0161,0.005,0.0123,0.009,0.005077,1.0208,0.4959,0.9067,0.0133,0.08,0.111,TIME_12B,12,-1.02,SL,1,0
18980,2024-03-06 21:40:00+00:00,BTCUSDT,66410.72,66799.93188293334,66707.52461715974,195.9055278962533,2,1,0.4717,-0.0966,-1,-1.9867,-1.515,0.1979,-0.1804,-0.1681,-0.1016,-0.0844,-0.0736,-0.0378,-0.0312,-0.0243,-0.0042,0.0167,0.00295,0.4591,0.4097,0.0712,0.8229,0.1059,-1.12,SL,1,0.207,TIME_12B,12,0
18996,2024-03-06 23:00:00+00:00,ETHUSDT,3805.28,3840.104557910333,3832.8638384114693,14.988149675873847,3,2,0.4831,-0.1468,-1,-2.3235,-1.8404,0.2254,-0.1501,-0.1276,-0.0995,-0.0741,-0.0617,-0.0445,-0.0262,-0.0188,-0.0081,0.0186,0.003939,2.4627,0.4746,0.3528,0.1026,0.5446,-1.12,SL,1,-0.712,TIME_12B,12,0
19016,2024-03-07 00:40:00+00:00,ETHUSDT,3845.75,3830.458358175228,3824.713511850307,14.846702498834498,3,0,0.3869,-0.2362,1,1.03,1.4169,2.7051,0.0544,-0.012,-0.0031,0.0016,-0.0243,-0.0226,0.0017,-0.0106,-0.0089,0.0129,0.003861,1.0487,0.5274,0.7909,0.1813,0.0277,-1.756,SL,4,-1.02,SL,1,0
19076,2024-03-07 05:40:00+00:00,BNBUSDT,424.7,428.0398933971118,427.416106205881,1.5892619789220237,2,1,0.3925,-0.3437,-1,-2.1015,-1.709,0.106,-0.1215,-0.0381,-0.0175,-0.0465,-0.0121,-0.004,-0.0143,0.0033,0.0078,0.0231,0.003742,3.3445,0.4042,0.8276,0.069,0.1034,-1.12,SL,1,-0.909,TIME_12B,12,0
19094,2024-03-07 07:10:00+00:00,BNBUSDT,427.4,427.2285849339699,426.92084669383195,1.337920990336821,3,0,0.23,-0.1383,1,0.1281,0.3581,1.9249,0.0625,0.0337,0.0302,0.0135,-0.0009,-0.0059,0.0087,0.0014,-0.0007,0.0177,0.00313,0.8173,0.3895,0.1111,0.0,0.8889,1.379,TP,5,-1.112,SL,1,1
19100,2024-03-07 07:40:00+00:00,BTCUSDT,66300.0,66088.2243798626,66020.28527120741,141.89754435156672,4,1,0.4788,-0.2918,1,1.4925,1.9712,1.1154,0.1787,0.1338,0.0478,0.072,0.049,0.0104,0.0249,0.0123,-0.008,-0.0082,0.00214,1.588,0.5484,0.5437,0.4507,0.0055,0.807,TIME_12B,12,-1.02,SL,1,1
19110,2024-03-07 08:30:00+00:00,ETHUSDT,3795.81,3792.6512574710873,3786.827791586698,12.281108235135616,4,1,0.4742,-0.0339,1,0.2572,0.7314,0.1123,0.0844,0.1211,0.1232,0.0486,0.0597,0.0511,0.0139,0.0182,0.0114,0.0037,0.003235,0.9181,0.3628,0.4847,0.1383,0.3769,-1.722,SL,5,-1.02,SL,1,0
19131,2024-03-07 10:15:00+00:00,ETHUSDT,3790.83,3792.039157823926,3788.9719495822974,8.982245924181475,4,1,0.3415,-0.0628,0,-0.1346,0.2069,-0.3287,0.0284,-0.0157,-0.0356,0.0163,-0.0006,-0.0041,0.0008,-0.0078,-0.0098,-0.0067,0.002369,0.7456,0.424,0.5054,0.4935,0.0011,-1.312,SL,3,-1.179,SL,1,0
19177,2024-03-07 14:05:00+00:00,ETHUSDT,3813.45,3794.0736283650367,3789.927267738449,11.705884516288883,1,2,0.3542,0.1719,1,1.6553,2.0095,1.8375,0.1829,0.1595,0.0678,0.0811,0.066,0.023,0.0386,0.03,0.0074,0.0015,0.00307,1.0548,0.4943,0.3543,0.4202,0.2255,-1.699,SL,8,-1.02,SL,1,0
19308,2024-03-08 01:00:00+00:00,SOLUSDT,145.98,145.46193547813778,145.16941236078029,0.6661205936606367,5,0,0.4391,-0.4694,1,0.7777,1.2169,2.9884,0.1202,0.0755,0.0591,0.0293,0.0074,-0.0074,0.0122,0.0011,-0.0063,0.0203,0.004563,0.9211,0.6515,0.6269,0.3582,0.0149,-1.724,SL,4,-1.02,SL,1,0
19327,2024-03-08 02:35:00+00:00,SOLUSDT,145.59,145.2899129543158,145.03580681532162,0.5190267302796512,5,0,0.4896,-0.2027,1,0.5782,1.0678,2.777,0.0888,0.0814,0.0237,0.0225,0.0154,-0.0124,0.0054,0.0014,-0.0125,0.0172,0.003565,0.6249,0.573,0.4909,0.0727,0.4364,-2.015,SL,3,-1.02,SL,1,0
19342,2024-03-08 03:50:00+00:00,BTCUSDT,67091.99,67107.76365869133,67065.06207400792,86.1919493722485,4,1,0.4954,-0.0416,0,-0.183,0.3124,0.4338,0.0515,0.0791,0.1124,0.0276,0.0366,0.0397,0.0032,0.0069,0.0061,0.0094,0.001285,0.9244,0.3392,0.7917,0.0001,0.2082,-1.251,SL,9,-1.119,SL,1,0
19369,2024-03-08 06:05:00+00:00,BNBUSDT,469.2,468.1996474885047,467.40731595605644,1.6625632158797705,2,2,0.4766,-0.0564,1,0.6017,1.0783,4.4024,-0.0173,-0.0483,0.004,-0.012,-0.0224,-0.0,0.0038,-0.0007,0.0115,0.0409,0.003543,1.1416,0.6993,0.913,0.0435,0.0435,0.512,TIME_12B,12,-1.02,SL,1,1
19377,2024-03-08 06:45:00+00:00,BTCUSDT,67300.0,67057.52466970646,67016.09234202807,89.38356013569548,5,0,0.4635,-0.9439,1,2.7128,3.1763,2.8886,0.2512,0.1383,0.0436,0.0883,0.0372,-0.0043,0.0337,0.0073,-0.0136,-0.005,0.001328,2.3473,0.5544,0.9999,0.0,0.0001,-0.582,TIME_12B,12,-1.02,SL,1,0
19384,2024-03-08 07:20:00+00:00,SOLUSDT,144.96,144.4812738498365,144.21105265321017,0.5439449343033002,4,1,0.4968,-0.2474,1,0.8801,1.3769,1.5143,0.1834,0.1851,0.1383,0.0765,0.07,0.0376,0.027,0.0222,0.0038,0.0082,0.003752,0.6637,0.5814,0.3725,0.2549,0.3725,-0.437,TIME_12B,12,-1.02,SL,1,0
19408,2024-03-08 09:20:00+00:00,BTCUSDT,67163.99,67215.64398930693,67154.903048588,132.03608538966546,0,0,0.46,-0.0756,0,-0.3912,0.0688,0.4528,0.0249,-0.0242,-0.0136,0.0198,0.0013,0.0074,0.0147,0.0055,0.0086,0.0081,0.001966,1.0011,0.3496,0.4749,0.1678,0.3573,-1.225,SL,2,-1.253,SL,2,0
19483,2024-03-08 15:35:00+00:00,ETHUSDT,3924.55,3961.4741178834847,3945.3637816992323,32.70639036846302,0,0,0.4926,-1.0344,-1,-1.129,-0.6364,0.0504,-0.0482,-0.0335,-0.0068,-0.0104,-0.0033,0.009,0.0027,0.0065,0.0128,0.0134,0.008334,3.1022,0.4454,0.213,0.2391,0.5479,-1.12,SL,1,1.777,TP,5,2
19485,2024-03-08 15:45:00+00:00,SOLUSDT,147.69,148.9035442881675,147.7999389255308,2.493810936356932,0,0,0.4425,-0.4134,-1,-0.4866,-0.0441,0.4604,-0.1088,-0.0876,-0.0093,-0.0372,-0.024,0.0099,-0.0106,-0.0032,0.014,0.0122,0.016885,1.5824,0.5228,0.3994,0.1541,0.4465,-1.645,SL,1,1.786,TP,2,2
19488,2024-03-08 16:00:00+00:00,BNBUSDT,466.7,479.68042490996675,477.2678909247566,5.474952692433033,2,1,0.4406,-0.351,-1,-2.3709,-1.9302,-1.0315,-0.1643,-0.1248,-0.0886,-0.0646,-0.0448,-0.0223,-0.022,-0.0113,0.0014,0.0105,0.011731,1.9911,0.4939,0.6421,0.2842,0.0737,-1.12,SL,1,-0.94,TIME_12B,12,0
19489,2024-03-08 16:05:00+00:00,BTCUSDT,66916.01,67982.71908454238,67685.94955105787,717.3628223805812,0,0,0.4137,-0.4457,-1,-1.487,-1.0733,-0.7568,-0.152,-0.0908,-0.0169,-0.0497,-0.0211,0.0117,-0.0178,-0.003,0.0134,0.01,0.01072,1.079,0.4908,0.421,0.5263,0.0526,-1.12,SL,1,-1.249,SL,11,0
19506,2024-03-08 17:30:00+00:00,BNBUSDT,482.7,478.2572119408086,476.973995174508,2.7084475943257487,0,2,0.4738,0.1437,1,1.6403,2.1141,3.5973,0.1787,0.1487,0.1078,0.0657,0.0473,0.0199,0.0411,0.0314,0.0175,0.0236,0.005611,0.7944,0.4855,0.0455,0.8182,0.1364,0.009,TIME_12B,12,-1.02,SL,1,0
19509,2024-03-08 17:45:00+00:00,ETHUSDT,3972.14,3928.5357138557765,3920.5135921106803,19.58495677663821,5,0,0.4096,-0.5918,1,2.2264,2.636,2.7537,0.2006,0.1564,0.0929,0.0627,0.0378,0.0026,0.0263,0.0131,-0.0048,0.003,0.004931,1.5974,0.622,0.8364,0.1636,0.0,-1.077,TIME_12B,12,-1.02,SL,1,0
19527,2024-03-08 19:15:00+00:00,SOLUSDT,147.18,148.05570163852087,147.74139781296347,0.6487530094335061,0,0,0.4845,-0.2527,-1,-1.3498,-0.8653,0.4346,-0.116,-0.0955,-0.0631,-0.0401,-0.0283,-0.0083,-0.0101,-0.0035,0.0075,0.0176,0.004408,0.6037,0.522,0.4655,0.3966,0.1379,-1.12,SL,1,-1.629,SL,9,0
19542,2024-03-08 20:30:00+00:00,ETHUSDT,3935.3,3927.4601988839386,3925.767492907522,13.799123355093068,4,1,0.1227,-0.0341,1,0.5681,0.6908,1.0692,0.0399,0.0782,0.0493,0.0179,0.0306,0.0118,0.0061,0.0119,0.0015,0.0058,0.003506,0.9555,0.6219,0.5077,0.2623,0.23,-1.743,SL,2,-1.02,SL,1,0
19619,2024-03-09 02:55:00+00:00,SOLUSDT,146.39,145.92190834179428,145.64746019411982,0.5836983408317197,4,1,0.4702,-0.0628,1,0.8019,1.2721,0.4464,0.1388,0.1113,0.0463,0.0597,0.044,0.0143,0.0192,0.0103,-0.0056,-0.0067,0.003987,0.8622,0.3912,0.3729,0.0169,0.6102,-1.808,SL,8,-1.02,SL,1,0
19630,2024-03-09 03:50:00+00:00,BTCUSDT,68249.26,68181.19087187253,68154.51196406344,62.71837853763032,4,1,0.4254,-0.1794,1,1.0853,1.5107,3.0466,0.0941,0.1036,0.12,0.0348,0.0353,0.0304,0.0079,0.0075,0.0032,0.0222,0.000919,0.8819,0.701,0.8291,0.1708,0.0002,-1.434,SL,4,-1.02,SL,1,0
19656,2024-03-09 06:00:00+00:00,BTCUSDT,68240.03,68221.19611045424,68198.80878846468,51.902157822277715,0,3,0.4313,0.061,1,0.3629,0.7942,2.7716,0.0132,0.0078,-0.0003,0.0211,0.0203,0.0194,0.0107,0.0101,0.0091,0.0252,0.000761,0.6547,0.5738,0.3223,0.0,0.6777,-1.271,SL,1,-1.02,SL,1,0
19701,2024-03-09 09:45:00+00:00,BTCUSDT,68209.96,68323.34098104476,68291.98471914697,65.16189302155459,2,1,0.4812,-0.443,-1,-1.74,-1.2588,0.2843,-0.1187,-0.0635,-0.0831,-0.0446,-0.0203,-0.0217,-0.0116,0.0011,0.0017,0.0173,0.000955,1.217,0.3047,0.5695,0.0097,0.4207,-1.12,SL,1,-0.407,TIME_12B,12,0
19702,2024-03-09 09:50:00+00:00,ETHUSDT,3915.0,3926.128092226912,3923.45050697202,5.7616496222638585,2,1,0.4647,-0.3751,-1,-1.9314,-1.4667,-0.8847,-0.1568,-0.1149,-0.0854,-0.065,-0.0438,-0.0269,-0.0218,-0.0102,-0.0005,0.0062,0.001472,1.92,0.4257,0.0418,0.0,0.9582,-1.12,SL,1,-0.33,TIME_12B,12,0
19724,2024-03-09 11:40:00+00:00,BTCUSDT,68262.01,68259.46224215542,68234.08961345092,76.27780952915695,5,0,0.3326,-0.0938,1,0.0334,0.366,0.8978,0.0697,0.0803,0.0338,0.0144,0.0141,-0.0101,0.0056,0.0051,-0.0069,0.0058,0.001117,0.4694,0.5499,0.7652,0.0212,0.2135,-1.246,SL,5,-1.058,SL,1,0
19729,2024-03-09 12:05:00+00:00,BNBUSDT,486.6,488.01690337971144,487.3685013242033,1.3268887596949364,0,0,0.4887,-0.342,-1,-1.0678,-0.5792,1.0185,-0.0977,-0.0761,-0.0321,-0.0347,-0.023,-0.002,-0.0068,-0.0003,0.0109,0.0223,0.002727,2.0272,0.472,0.1304,0.7391,0.1304,-1.12,SL,1,-0.702,TIME_12B,12,0
19747,2024-03-09 13:35:00+00:00,ETHUSDT,3924.88,3916.415905874691,3914.5479842678487,4.750942822010588,5,0,0.3932,-0.4993,1,1.7816,2.1747,1.6815,0.1697,0.085,0.098,0.06,0.0228,0.0211,0.021,0.0019,0.0001,-0.0011,0.00121,3.3132,0.4636,0.7153,0.2089,0.0758,-0.863,TIME_12B,12,-1.02,SL,1,0
19748,2024-03-09 13:40:00+00:00,BNBUSDT,486.6,487.11813814573355,486.7135110866408,0.9353077764705999,3,0,0.4326,-0.0347,-1,-0.554,-0.1214,1.26,0.007,-0.0071,0.0013,-0.0159,-0.0219,-0.0219,-0.0057,-0.0081,-0.0074,0.0147,0.001922,0.5145,0.32,0.75,0.125,0.125,-1.191,SL,1,-1.269,SL,11,0
19761,2024-03-09 14:45:00+00:00,BTCUSDT,68158.54,68311.19037525971,68295.95826695279,66.96521339541304,0,0,0.2275,-0.6318,-1,-2.2795,-2.0521,-1.1485,-0.1461,-0.1094,-0.0668,-0.0512,-0.0327,-0.0096,-0.0199,-0.01,0.002,0.0108,0.000982,2.7151,0.362,0.518,0.2468,0.2352,-1.12,SL,1,-1.508,SL,9,0
19763,2024-03-09 14:55:00+00:00,BNBUSDT,483.3,486.77209024686306,486.11781617754247,1.3310893000888107,5,1,0.4915,0.2442,-1,-2.6085,-2.1169,-1.6606,-0.1275,-0.0352,-0.0251,-0.0608,-0.024,-0.0223,-0.0314,-0.0128,-0.0118,0.0046,0.002754,2.1852,0.3049,0.7059,0.1176,0.1765,-1.12,SL,1,-0.577,TIME_12B,12,0
19772,2024-03-09 15:40:00+00:00,SOLUSDT,147.15,146.54911057394216,146.35203411791142,0.4373959680660633,4,1,0.4506,-0.3858,1,1.3738,1.8244,1.1742,0.1274,0.0749,0.0424,0.0457,0.0221,0.0058,0.0127,0.0003,-0.0085,-0.0063,0.002972,1.2901,0.6031,0.8824,0.0,0.1176,-1.79,SL,5,-1.02,SL,1,0
19808,2024-03-09 18:40:00+00:00,BTCUSDT,68289.7,68229.52525181006,68205.96862428256,60.97548938082209,5,0,0.3863,-0.1766,1,0.9869,1.3732,1.19,0.0828,0.0813,0.0818,0.0277,0.0248,0.0167,0.0059,0.0041,-0.0012,0.0015,0.000893,0.931,0.7036,0.879,0.121,0.0,-1.4,SL,10,-1.02,SL,1,0
19833,2024-03-09 20:45:00+00:00,BNBUSDT,486.5,484.6535527599813,484.2132429098946,0.9339403873439924,4,1,0.4715,-0.0853,1,1.9771,2.4485,1.9026,0.1781,0.1957,0.1252,0.0803,0.0808,0.0413,0.0291,0.0278,0.0058,0.0015,0.00192,0.5953,0.8006,1.0,0.0,0.0,-0.829,TIME_12B,12,-1.02,SL,1,0
19841,2024-03-09 21:25:00+00:00,SOLUSDT,145.49,145.7890939131938,145.62889854996754,0.32343105819156753,4,1,0.4953,-0.103,-1,-0.9248,-0.4295,-1.8251,-0.0356,0.0157,0.0482,-0.0024,0.0177,0.028,-0.0113,-0.0019,0.0016,-0.0087,0.002223,1.1391,0.4185,0.2593,0.2778,0.463,-1.12,SL,1,-1.535,SL,2,0
19879,2024-03-10 00:35:00+00:00,BTCUSDT,68420.0,68341.240298508,68307.98783630945,75.29107367722906,0,0,0.4417,-0.3318,1,1.0461,1.4877,1.9499,0.0066,-0.0136,-0.0184,0.006,-0.0011,0.0005,0.0093,0.006,0.0075,0.0084,0.0011,3.419,0.629,0.4253,0.1171,0.4576,-1.49,SL,1,-1.02,SL,1,0
19881,2024-03-10 00:45:00+00:00,SOLUSDT,145.61,145.48459527455776,145.18690428074152,0.6472772078884206,5,0,0.4599,-0.3167,1,0.1937,0.6537,-0.3143,0.0966,0.0945,0.0281,0.0301,0.0244,-0.0081,0.008,0.0045,-0.0122,-0.0115,0.004445,0.8099,0.4832,0.3125,0.5625,0.125,1.379,TP,8,-1.026,SL,1,1
19899,2024-03-10 02:15:00+00:00,BNBUSDT,486.7,487.5679411924637,486.9629653220407,1.280257885339572,2,1,0.4725,-0.3191,-1,-0.6779,-0.2054,0.3993,-0.1079,-0.1056,-0.0561,-0.0399,-0.0347,-0.0073,-0.0096,-0.0061,0.0087,0.0108,0.00263,0.7042,0.6832,0.7143,0.2143,0.0714,-1.12,SL,1,-1.524,SL,3,0
19986,2024-03-10 09:30:00+00:00,SOLUSDT,145.92,147.46678222970914,147.19329689101406,0.6080431535824892,2,1,0.4498,-0.5868,-1,-2.5439,-2.0941,-1.477,-0.19,-0.1212,-0.0698,-0.0745,-0.0422,-0.0164,-0.0267,-0.0096,0.0043,0.0089,0.004167,2.9237,0.4012,0.6417,0.0083,0.35,-1.12,SL,1,-1.387,SL,8,0
20010,2024-03-10 11:30:00+00:00,ETHUSDT,3928.0,3940.8430629576396,3937.703883290538,6.62096298691432,2,1,0.4741,-0.1572,-1,-1.9398,-1.4656,-0.3028,-0.1092,-0.071,-0.0843,-0.0499,-0.0329,-0.0333,-0.0142,-0.005,-0.0036,0.0107,0.001686,0.9633,0.3378,0.7843,0.1125,0.1032,-1.12,SL,1,-1.746,SL,9,0
20068,2024-03-10 16:20:00+00:00,BTCUSDT,69494.0,69400.74820679725,69329.60012425981,152.46521644244962,5,0,0.4667,-0.5093,1,0.6116,1.0783,1.6685,0.1429,0.0655,0.0234,0.0359,0.0008,-0.0199,0.0154,-0.0023,-0.0119,0.0054,0.002194,1.2424,0.4308,0.8051,0.1181,0.0769,-0.956,TIME_12B,12,-1.02,SL,1,0
20111,2024-03-10 19:55:00+00:00,SOLUSDT,145.11,144.71823640078458,144.5292668633175,0.38221456643032525,4,0,0.4944,-0.1102,1,1.025,1.5194,-0.2948,0.1177,0.0889,0.0522,0.0627,0.0483,0.0318,0.0201,0.0117,0.0018,-0.0134,0.002634,0.768,0.4762,0.7037,0.0741,0.2222,-2.01,SL,5,-1.02,SL,1,0
20114,2024-03-10 20:10:00+00:00,BTCUSDT,69401.42,69389.89263061888,69356.48732621866,68.68740412385706,5,0,0.4863,-0.1905,1,0.1678,0.6542,1.5438,0.073,0.0866,0.037,0.0164,0.0176,-0.0076,0.0026,0.0028,-0.0099,0.0098,0.00099,0.5556,0.5112,0.6634,0.1615,0.175,-1.289,SL,1,-0.397,TIME_12B,12,0
20126,2024-03-10 21:10:00+00:00,SOLUSDT,144.91,144.73246696158103,144.61760670933862,0.2809071147639083,1,2,0.4089,0.0027,1,0.632,1.0409,-0.8649,0.0869,0.0437,-0.0158,0.0492,0.0302,0.0107,0.0164,0.006,-0.0044,-0.0186,0.001938,0.6085,0.3175,0.3125,0.0,0.6875,-1.586,SL,1,-1.02,SL,1,0
20139,2024-03-10 22:15:00+00:00,BNBUSDT,522.5,528.4472319477517,527.0586877683263,2.7797183292118124,2,3,0.4995,-0.3428,-1,-2.1395,-1.64,0.6043,-0.09,-0.0327,-0.0338,-0.0362,-0.0129,-0.0135,-0.0069,0.0051,0.0056,0.0265,0.00532,3.3563,0.4738,0.8269,0.0385,0.1346,-1.12,SL,1,-0.506,TIME_12B,12,0
20157,2024-03-10 23:45:00+00:00,BNBUSDT,528.1,526.2599277068084,525.2913360670477,1.981062888175966,3,0,0.4889,-0.2256,1,0.9288,1.4178,3.4174,0.1199,0.066,-0.0056,0.0221,-0.0033,-0.0364,0.0119,-0.0006,-0.0161,0.0178,0.003751,0.6273,0.5315,0.6667,0.1667,0.1667,-1.798,SL,9,-1.02,SL,1,0
20220,2024-03-11 05:00:00+00:00,BNBUSDT,523.7,521.2101535542753,520.2643902005989,1.9517152261768436,4,0,0.4846,-0.1259,1,1.2757,1.7603,1.7425,0.0373,0.0299,0.0811,0.0328,0.0305,0.048,0.0057,0.0039,0.0105,0.01,0.003727,1.0549,0.5705,0.7895,0.0789,0.1316,-1.652,SL,11,-1.02,SL,1,0
20233,2024-03-11 06:05:00+00:00,BNBUSDT,516.7,521.2452164716537,520.647624195539,2.032065129376302,4,1,0.2941,-0.2084,-1,-2.2367,-1.9427,-1.8396,-0.1701,-0.0901,-0.0271,-0.0561,-0.0201,0.0087,-0.0331,-0.015,-0.0013,0.0039,0.003933,1.4422,0.449,0.5455,0.3636,0.0909,-1.12,SL,1,-1.466,SL,10,0
20242,2024-03-11 06:50:00+00:00,BTCUSDT,69007.98,68657.88048691416,68599.67841105374,127.84132678728042,1,1,0.4553,-0.2181,1,2.7385,3.1938,1.6616,0.1757,0.0888,0.0402,0.0814,0.0451,0.0242,0.0317,0.0128,0.0011,-0.0122,0.001853,3.3828,0.6581,0.7833,0.2133,0.0034,1.542,TP,4,-1.02,SL,1,1
20243,2024-03-11 06:55:00+00:00,ETHUSDT,3884.91,3856.8283324560102,3853.3659519296316,9.58094538062815,4,2,0.3614,-0.5523,1,2.931,3.2924,1.5223,0.1748,0.0493,-0.0231,0.0658,0.0142,-0.0113,0.024,-0.0022,-0.0147,-0.0222,0.002466,2.5978,0.6302,0.9995,0.0,0.0005,1.659,TP,5,-1.02,SL,1,1
20244,2024-03-11 07:00:00+00:00,SOLUSDT,144.11,141.28733853329703,140.9591952930124,0.7766648178599415,1,3,0.4225,-0.5962,1,3.6343,4.0568,2.3174,0.2929,0.1455,0.0458,0.1222,0.0584,0.0178,0.0503,0.0172,-0.0039,-0.0164,0.005389,3.8304,0.5625,0.63,0.12,0.25,0.988,TIME_12B,12,-1.02,SL,1,1
20248,2024-03-11 07:20:00+00:00,BNBUSDT,529.8,522.0859602379014,520.9676253707303,3.373568234526463,1,2,0.3315,0.1131,1,2.2866,2.6181,2.7592,0.1852,0.1602,0.0533,0.0805,0.0652,0.0176,0.0376,0.0289,0.0043,0.0037,0.006368,2.8235,0.6142,0.7727,0.2273,0.0,-0.103,TIME_12B,12,-1.02,SL,1,0
20355,2024-03-11 16:15:00+00:00,SOLUSDT,146.43,147.8222250423647,147.38569615453625,0.9091342177290619,2,0,0.4802,-0.0885,-1,-1.5314,-1.0512,0.1719,-0.0575,-0.0679,-0.0239,-0.0351,-0.0374,-0.0193,-0.007,-0.0072,0.0031,0.0146,0.006209,1.2613,0.4505,0.8968,0.0317,0.0714,-1.12,SL,1,-0.406,TIME_12B,12,0
20378,2024-03-11 18:10:00+00:00,SOLUSDT,147.63,147.2321004419115,146.98778509428737,0.50999848027299,3,0,0.4791,-0.1974,1,0.7802,1.2592,2.4479,0.0872,0.0552,0.0079,0.0106,-0.0056,-0.0289,0.0074,-0.0006,-0.0111,0.0111,0.003455,0.9464,0.5016,0.74,0.08,0.18,-1.931,SL,5,-1.02,SL,1,0
20412,2024-03-11 21:00:00+00:00,BNBUSDT,520.0,519.4977337879886,519.0171240553676,1.0816649067525081,4,0,0.4443,-0.1685,1,0.4643,0.9087,-0.3452,0.0672,0.0833,0.067,0.0426,0.0471,0.0358,0.0115,0.0128,0.0051,-0.0064,0.00208,1.4394,0.5464,0.2941,0.0,0.7059,-0.182,TIME_12B,12,-1.02,SL,1,0
20461,2024-03-12 01:05:00+00:00,BTCUSDT,72199.53,72254.10109615487,72192.29570077761,124.56820732657573,3,1,0.4962,-0.1268,0,-0.4381,0.0581,3.274,-0.0947,-0.0795,-0.0563,-0.057,-0.0477,-0.0367,-0.019,-0.0131,-0.0059,0.0322,0.001725,0.9982,0.6119,0.7778,0.0,0.2222,-0.468,TIME_12B,12,-1.241,SL,2,0
20482,2024-03-12 02:50:00+00:00,BTCUSDT,72187.89,72263.57416029926,72226.61634101815,78.1227012247808,2,1,0.4731,-0.0599,-1,-0.9688,-0.4957,3.8898,-0.1016,-0.0807,-0.0336,-0.047,-0.0353,-0.0129,-0.013,-0.0062,0.0063,0.0499,0.001082,0.6992,0.6103,0.4207,0.5792,0.0001,-1.12,SL,1,1.481,TP,8,2
20533,2024-03-12 07:05:00+00:00,BTCUSDT,72229.4,71992.45242294933,71911.14461909214,174.01232650313733,5,0,0.4673,-0.5599,1,1.3617,1.8289,2.0478,0.1835,0.1299,0.0098,0.0644,0.036,-0.0134,0.0229,0.0076,-0.017,-0.0011,0.002409,1.3267,0.7327,0.8344,0.1006,0.0649,-1.946,SL,12,-1.02,SL,1,0
20561,2024-03-12 09:25:00+00:00,SOLUSDT,152.76,151.47430913116844,151.14480923838772,0.7883208839249743,3,1,0.418,-0.4149,1,1.6309,2.0489,3.4371,0.1905,0.1051,-0.0243,0.0506,0.0105,-0.0431,0.0322,0.0122,-0.0126,0.0087,0.005161,0.753,0.5,0.2182,0.0909,0.6909,-1.418,SL,10,-1.02,SL,1,0
20565,2024-03-12 09:45:00+00:00,BTCUSDT,72014.87,71951.25643936287,71893.43053980908,120.75856129966817,5,0,0.4789,-0.1664,1,0.5268,1.0056,1.0855,0.0932,0.102,0.0374,0.0302,0.0298,-0.0031,0.0062,0.0054,-0.0119,0.0,0.001677,1.358,0.6708,0.085,0.7564,0.1585,-1.523,SL,1,-1.02,SL,1,0
20581,2024-03-12 11:05:00+00:00,BTCUSDT,72149.26,71928.93785367839,71889.52956538968,106.79744657562824,4,1,0.369,-0.342,1,2.063,2.432,2.5086,0.121,0.0928,0.0022,0.0433,0.0291,-0.0081,0.013,0.0054,-0.0134,-0.0019,0.00148,1.6434,0.658,0.9999,0.0001,0.0001,-1.241,TIME_12B,12,-1.02,SL,1,0
20585,2024-03-12 11:25:00+00:00,ETHUSDT,4035.19,4019.59035215474,4012.6867220400873,14.746416804958795,4,1,0.4682,-0.9958,1,1.0579,1.526,0.8134,0.1897,0.1322,0.0774,0.0777,0.0496,0.022,0.0279,0.0128,-0.0023,-0.004,0.003654,3.0173,0.4734,0.7932,0.1747,0.0321,-1.748,SL,8,-1.02,SL,1,0
20588,2024-03-12 11:40:00+00:00,BNBUSDT,531.8,531.1015225598641,530.2667028142592,1.861241678460997,5,1,0.4485,-0.1606,1,0.3753,0.8238,1.3788,0.0742,0.0905,0.013,0.0111,0.013,-0.0238,0.0037,0.0044,-0.0136,0.004,0.0035,1.0443,0.4107,0.5,0.4167,0.0833,-1.835,SL,5,-1.02,SL,1,0
20600,2024-03-12 12:40:00+00:00,BTCUSDT,72069.99,71966.43872262788,71953.22641270107,250.45537889087973,1,4,0.0528,-0.0067,1,0.4135,0.4662,0.6526,0.025,-0.0401,-0.0225,0.0111,-0.0129,-0.002,0.0049,-0.0068,-0.0011,0.0018,0.003475,1.3158,0.5394,0.2904,0.5669,0.1427,-1.582,SL,11,-1.02,SL,1,0
20607,2024-03-12 13:15:00+00:00,SOLUSDT,150.68,151.0348466395138,150.80618186164062,0.9267522003977863,5,0,0.2467,-0.0428,-1,-0.3829,-0.1362,0.3073,0.0116,0.0377,0.004,-0.0031,0.0053,-0.0133,-0.0029,0.0011,-0.0084,0.0032,0.00615,0.4472,0.4339,0.5806,0.3011,0.1183,-1.185,SL,1,-1.752,SL,2,0
20609,2024-03-12 13:25:00+00:00,ETHUSDT,4030.74,4019.1959291770686,4015.9771480920344,12.695136202286026,1,2,0.2535,-0.0042,1,0.9093,1.1629,0.6875,0.0655,0.0708,0.0539,0.0341,0.034,0.023,0.0117,0.011,0.0043,-0.0008,0.00315,0.6746,0.5742,0.5514,0.4486,0.0,-1.977,SL,2,-1.02,SL,1,0
20622,2024-03-12 14:30:00+00:00,BTCUSDT,71852.12,72043.02784418887,72001.4899122174,373.38882565177767,0,0,0.1112,-0.0434,-1,-0.5113,-0.4,-0.2392,-0.0192,-0.0369,-0.0119,-0.0044,-0.0099,0.0005,-0.0008,-0.0034,0.0017,0.0025,0.005197,1.3019,0.5788,0.4699,0.3604,0.1696,-1.12,SL,1,1.481,TP,6,2
20622,2024-03-12 14:30:00+00:00,BNBUSDT,538.5,529.2760796580606,527.0797664910497,4.417586228237038,5,0,0.4972,-0.4428,1,2.088,2.5852,2.2118,0.0466,-0.0286,-0.0296,0.0032,-0.0253,-0.0234,-0.0039,-0.0177,-0.0161,-0.0063,0.008204,8.2771,0.5389,0.9935,0.0,0.0065,0.203,TIME_12B,12,-1.02,SL,1,0
20638,2024-03-12 15:50:00+00:00,SOLUSDT,150.69,150.53106918838478,150.12517275282102,0.8706438393012792,5,0,0.4662,-0.1153,1,0.1825,0.6487,0.4772,0.0835,0.0892,0.032,0.0242,0.0224,-0.007,0.0052,0.0037,-0.0115,-0.0026,0.005778,1.0231,0.6139,0.1395,0.5116,0.3488,-1.943,SL,2,-1.04,SL,1,0
20655,2024-03-12 17:15:00+00:00,BNBUSDT,527.3,536.2484508994045,534.103039972523,4.310783621538096,0,0,0.4977,-0.7083,-1,-2.0758,-1.5781,-1.038,-0.2008,-0.1333,-0.0865,-0.0685,-0.0357,-0.0088,-0.0248,-0.0076,0.0066,0.0091,0.008175,1.3833,0.4546,0.4286,0.4048,0.1667,-1.12,SL,1,-1.242,SL,8,0
20694,2024-03-12 20:30:00+00:00,SOLUSDT,147.87,149.07362124577153,148.796862241558,0.696266697410415,4,2,0.3975,-0.4918,-1,-1.7287,-1.3312,-2.1974,-0.0874,-0.0059,0.0493,-0.0136,0.02,0.0385,-0.0145,0.0016,0.0087,-0.0008,0.004709,1.3793,0.3526,0.6098,0.122,0.2683,-1.12,SL,1,0.279,TIME_12B,12,0
20712,2024-03-12 22:00:00+00:00,BNBUSDT,539.2,537.511215030986,536.7591658673904,1.8592061652524248,2,3,0.4045,-0.2232,1,0.9083,1.3128,2.5157,0.0779,0.0215,-0.0876,0.0109,-0.0137,-0.0521,0.0135,0.0017,-0.015,0.0054,0.003448,1.0887,0.6543,0.7407,0.0,0.2593,-1.891,SL,5,-1.02,SL,1,0
20729,2024-03-12 23:25:00+00:00,SOLUSDT,149.98,148.6101234528281,148.36759963052234,0.4939418563547503,4,1,0.491,-0.4535,1,2.7734,3.2644,1.9394,0.2663,0.1557,0.0965,0.1072,0.0569,0.026,0.0416,0.0153,-0.0016,-0.0101,0.003293,1.8376,0.7011,0.9767,0.0233,0.0,-0.128,TIME_12B,12,-1.02,SL,1,0
20774,2024-03-13 03:10:00+00:00,BNBUSDT,537.5,535.8513864053069,535.3488764795745,1.2534484904818362,5,0,0.4009,-0.6133,1,1.3153,1.7162,1.9668,0.158,0.1229,0.0471,0.0524,0.0333,-0.0033,0.019,0.0089,-0.0099,0.0019,0.002332,1.8828,0.5657,0.125,0.0,0.875,-0.162,TIME_12B,12,-1.02,SL,1,0
20778,2024-03-13 03:30:00+00:00,SOLUSDT,149.0,149.62928863618492,149.4373658899725,0.4356309686149143,2,1,0.4406,-0.2458,-1,-1.4445,-1.004,-0.9084,-0.1016,-0.0997,-0.0878,-0.0385,-0.0339,-0.0219,-0.0095,-0.0064,0.0009,0.0016,0.002924,1.6197,0.3237,0.3875,0.25,0.3625,-1.12,SL,1,-1.868,SL,3,0
20903,2024-03-13 13:55:00+00:00,SOLUSDT,151.38,152.62990385910706,152.20485113056182,0.9204153443154568,2,1,0.4618,-0.4212,-1,-1.358,-0.8962,-0.033,-0.1749,-0.1415,-0.0885,-0.0743,-0.0556,-0.0275,-0.0266,-0.016,-0.0005,0.0092,0.00608,2.3285,0.4374,0.4365,0.0221,0.5414,-1.12,SL,1,-1.463,SL,4,0
20923,2024-03-13 15:35:00+00:00,BTCUSDT,72764.42,72733.40616318582,72622.63293667344,230.056164518832,5,1,0.4815,-0.085,1,0.1348,0.6163,1.1118,0.0587,0.0791,0.015,0.0033,0.0073,-0.0234,0.0002,0.002,-0.0127,0.0042,0.003162,0.4985,0.6136,0.1151,0.718,0.1669,-1.635,SL,2,-1.061,SL,1,0
20938,2024-03-13 16:50:00+00:00,BTCUSDT,72810.01,72706.44754469453,72651.49534580972,173.83583777627294,5,0,0.3161,-0.3092,1,0.5957,0.9119,1.6396,0.1131,0.0721,0.0179,0.0336,0.0139,-0.011,0.0133,0.0032,-0.0091,0.0066,0.002388,1.3045,0.4754,0.6664,0.305,0.0286,-0.71,TIME_12B,12,-1.02,SL,1,0
20978,2024-03-13 20:10:00+00:00,ETHUSDT,4018.55,3995.4794693129793,3990.9173593818923,11.418942861830446,4,0,0.3995,-0.2474,1,2.0204,2.4199,1.3989,0.0714,0.043,0.0118,0.0398,0.0281,0.0186,0.0107,0.0042,-0.0013,-0.0073,0.002842,1.9107,0.6647,0.981,0.0093,0.0097,-1.641,SL,4,-1.02,SL,1,0
21024,2024-03-14 00:00:00+00:00,BTCUSDT,72940.31,73024.80212905737,72977.71266267062,95.66403079422712,2,2,0.4922,-0.0462,-1,-0.8832,-0.391,1.2783,0.0101,0.0171,0.0064,0.003,0.0042,0.0,0.0118,0.0125,0.0113,0.0231,0.001312,1.7896,0.3335,0.935,0.0001,0.0649,-1.12,SL,1,-1.305,SL,3,0
21024,2024-03-14 00:00:00+00:00,ETHUSDT,3999.62,3998.3920893301615,3994.7361376465046,7.768100282233722,1,2,0.4706,0.059,1,0.1581,0.6287,0.0297,0.0883,0.0972,0.1016,0.0532,0.0535,0.0503,0.0257,0.0248,0.0218,0.004,0.001942,1.0441,0.3892,0.4298,0.4331,0.1372,-1.441,SL,7,-1.037,SL,1,0
21037,2024-03-14 01:05:00+00:00,ETHUSDT,3974.19,3993.623973105802,3989.010038593276,10.482525922931845,5,3,0.4402,0.3392,-1,-1.8539,-1.4138,-2.2951,-0.2212,-0.1727,-0.0766,-0.0935,-0.0674,-0.022,-0.0481,-0.034,-0.0106,-0.0092,0.002638,1.2476,0.6455,0.9988,0.0006,0.0006,-1.12,SL,1,-1.133,TIME_12B,12,0
21053,2024-03-14 02:25:00+00:00,BTCUSDT,73113.71,72930.59670040636,72890.29024926218,101.37270808200628,5,0,0.3976,-0.4107,1,1.8063,2.2039,2.7824,0.1506,0.1008,0.0251,0.0411,0.0171,-0.0198,0.0171,0.0049,-0.0132,0.0037,0.001387,0.969,0.6416,0.9148,0.0852,0.0,-0.365,TIME_12B,12,-1.02,SL,1,0
21056,2024-03-14 02:40:00+00:00,ETHUSDT,3997.22,3990.133840860109,3987.3879269157364,6.095364988477055,5,0,0.4505,-0.3264,1,1.1625,1.613,0.2929,0.1869,0.1687,0.118,0.0658,0.0508,0.0169,0.0237,0.015,-0.0033,-0.0112,0.001525,0.9463,0.5949,0.0461,0.9518,0.0021,-1.672,SL,2,-1.02,SL,1,0
21084,2024-03-14 05:00:00+00:00,BTCUSDT,73018.91,73110.74643324556,73035.46590777505,157.89372602589594,0,0,0.4768,-0.3441,-1,-0.5816,-0.1049,0.6336,-0.1188,-0.1429,-0.0236,-0.0372,-0.0398,0.0152,-0.0117,-0.0121,0.0158,0.0157,0.002162,1.0464,0.6201,0.6598,0.2481,0.0921,-1.161,SL,1,-1.359,SL,9,0
21109,2024-03-14 07:05:00+00:00,ETHUSDT,3986.81,3981.4168869532355,3977.249912108381,9.241925946657505,5,0,0.4509,-0.2374,1,0.5835,1.0344,-0.1321,0.0698,0.0431,0.0791,0.0237,0.0114,0.0201,0.0027,-0.0039,-0.0006,-0.0079,0.002318,2.1407,0.5243,0.3847,0.1805,0.4348,-1.691,SL,2,-1.02,SL,1,0
21134,2024-03-14 09:10:00+00:00,ETHUSDT,3988.05,3978.587231918485,3975.8180523248325,6.571120272837548,4,3,0.4214,-0.1608,1,1.4401,1.8615,0.4777,0.077,0.0831,0.0749,0.0321,0.0325,0.0235,0.0066,0.0062,0.0004,-0.0102,0.001648,2.3363,0.6176,0.7982,0.2009,0.0009,-1.381,TIME_12B,12,-1.02,SL,1,0
21151,2024-03-14 10:35:00+00:00,BTCUSDT,73120.01,73284.07219348768,73233.39985065731,113.95212268772389,2,1,0.4447,-0.0599,-1,-1.4397,-0.9951,0.1276,-0.0561,-0.0965,-0.0858,-0.0295,-0.0431,-0.0319,-0.005,-0.0109,-0.0035,0.0104,0.001558,0.7042,0.2626,0.9999,0.0001,0.0001,-1.12,SL,1,0.525,TIME_12B,12,2
21153,2024-03-14 10:45:00+00:00,BNBUSDT,611.0,611.8600990648205,610.956503979504,2.023630016539041,5,0,0.4465,-0.2426,0,-0.425,0.0215,2.0634,0.0613,0.0467,0.0095,0.0094,0.0,-0.018,0.002,-0.0029,-0.0115,0.0209,0.003312,1.5778,0.4449,0.439,0.0244,0.5366,-1.266,SL,1,1.481,TP,6,2
21156,2024-03-14 11:00:00+00:00,ETHUSDT,3965.8,3979.16083638745,3977.196477394903,7.450483175259709,5,2,0.2637,0.0943,-1,-1.7933,-1.5296,-2.4502,-0.1465,-0.0851,-0.0615,-0.0571,-0.0286,-0.0154,-0.031,-0.0163,-0.0097,-0.0113,0.001879,1.1528,0.611,0.3562,0.2118,0.432,-1.12,SL,1,-0.477,TIME_12B,12,0
21206,2024-03-14 15:10:00+00:00,SOLUSDT,169.95,169.4925317325765,168.734428239911,1.6297637475537563,3,0,0.4652,-0.1734,1,0.2807,0.7459,1.4858,0.0609,0.0128,-0.0142,0.0024,-0.0192,-0.0303,0.0018,-0.0088,-0.013,0.0063,0.00959,0.6972,0.4808,0.7551,0.2449,0.0,-1.532,SL,2,-1.02,SL,1,0
21228,2024-03-14 17:00:00+00:00,SOLUSDT,169.86,168.77264905579833,168.04924436505516,1.6042212314268633,5,0,0.4509,-0.2015,1,0.6778,1.1287,1.4546,0.1269,0.0901,0.0141,0.0365,0.0169,-0.0156,0.0132,0.0029,-0.0129,0.0019,0.009444,0.5998,0.5968,0.4706,0.4,0.1294,-1.388,SL,4,-1.02,SL,1,0
21278,2024-03-14 21:10:00+00:00,SOLUSDT,169.79,167.01270268371536,166.42760792359198,1.3009379154180956,1,2,0.4497,-0.14,1,2.1348,2.5846,2.2385,0.1602,0.1736,0.1977,0.0764,0.0766,0.0703,0.0282,0.0269,0.0206,0.0103,0.007662,0.68,0.609,0.905,0.0615,0.0335,0.248,TIME_12B,12,-1.02,SL,1,0
21340,2024-03-15 02:20:00+00:00,ETHUSDT,3846.92,3882.5648792675984,3877.7045679788166,11.0081162810828,0,0,0.4415,-0.9025,-1,-3.2381,-2.7965,-3.9705,-0.2417,-0.1899,-0.111,-0.0839,-0.0558,-0.0128,-0.0325,-0.0174,0.0051,-0.0096,0.002862,2.1811,0.4036,0.8182,0.0269,0.1549,-1.12,SL,1,1.75,TP,4,2
21341,2024-03-15 02:25:00+00:00,BNBUSDT,593.1,602.2670520153359,600.8739113321242,3.1691881873564913,2,1,0.4396,-0.5816,-1,-2.8926,-2.453,-2.3061,-0.1602,-0.1061,-0.0756,-0.0625,-0.0377,-0.0199,-0.0208,-0.0077,0.0023,0.0029,0.005343,3.0973,0.4262,0.7077,0.2154,0.0769,-1.12,SL,1,1.847,TP,5,2
21342,2024-03-15 02:30:00+00:00,BTCUSDT,70410.01,71486.75838022378,71395.44508121413,244.44091405166404,2,1,0.3736,-1.5762,-1,-4.4049,-4.0314,-4.8003,-0.3605,-0.2266,-0.1283,-0.1345,-0.0721,-0.0219,-0.0571,-0.0246,0.0015,-0.0068,0.003472,2.7215,0.445,0.707,0.0758,0.2172,-1.12,SL,1,1.843,TP,4,2
21373,2024-03-15 05:05:00+00:00,SOLUSDT,177.69,176.85631928281893,175.74918675286648,2.4780397674066506,2,2,0.4468,-0.0843,1,0.3364,0.7832,1.8305,0.0084,-0.0537,-0.0533,-0.0168,-0.0405,-0.0358,0.0008,-0.0101,-0.0054,0.0086,0.013946,1.3282,0.4711,0.4646,0.3898,0.1457,-1.359,SL,6,-1.02,SL,1,0
21389,2024-03-15 06:25:00+00:00,SOLUSDT,178.8,176.3611564377565,175.7693336775738,1.9634668721221171,2,2,0.3014,-0.2318,1,1.2421,1.5435,2.6738,0.0876,0.0133,-0.0224,0.0187,-0.0122,-0.025,0.015,0.0,-0.0048,0.0096,0.010981,1.1346,0.5654,0.5155,0.314,0.1705,-1.259,SL,10,-1.02,SL,1,0
21404,2024-03-15 07:40:00+00:00,SOLUSDT,177.83,177.15286227670515,176.3561227368406,1.6796907299742698,0,0,0.4743,-0.018,1,0.4031,0.8775,2.1704,-0.0045,-0.0653,0.0003,-0.0,-0.0214,0.0087,0.0084,-0.0016,0.0142,0.0206,0.009445,0.4103,0.5382,0.5339,0.1441,0.322,-1.474,SL,2,-1.02,SL,1,0
21470,2024-03-15 13:10:00+00:00,SOLUSDT,175.49,172.56140458797427,171.64136760897165,1.87323941503059,4,1,0.4911,-0.5727,1,1.5634,2.0545,1.4579,0.221,0.142,0.1058,0.0883,0.0511,0.0276,0.0327,0.0129,-0.0005,-0.0017,0.010674,1.3605,0.4515,0.4056,0.0333,0.5611,1.873,TP,8,-1.02,SL,1,1
21471,2024-03-15 13:15:00+00:00,BNBUSDT,577.4,579.7443380037531,577.8430989462813,3.9891713373803626,1,0,0.4766,-0.1054,-1,-0.5877,-0.1111,-1.4837,-0.0116,0.0039,0.032,0.0168,0.0235,0.0363,0.0039,0.0066,0.0117,-0.0067,0.006909,0.9526,0.4248,0.6429,0.0,0.3571,-1.208,SL,1,1.576,TP,3,2
21485,2024-03-15 14:25:00+00:00,BTCUSDT,68072.77,68043.52270292697,67885.7106571954,317.07922675300574,1,1,0.4977,-0.0385,1,0.0922,0.5899,-2.1222,0.0267,0.0207,0.0692,0.0307,0.0292,0.0448,0.0051,0.0037,0.0091,-0.0195,0.004658,0.8481,0.4982,0.5962,0.2929,0.111,0.319,TIME_12B,12,-1.121,SL,1,1
21485,2024-03-15 14:25:00+00:00,ETHUSDT,3699.4,3704.331478350164,3695.163492434944,18.444622242589332,4,0,0.4971,-0.0447,0,-0.2674,0.2297,-2.3322,-0.0007,-0.0003,0.0556,0.0164,0.0181,0.0376,-0.0023,-0.002,0.0056,-0.0192,0.004986,0.831,0.5488,0.548,0.4061,0.0459,-1.547,SL,1,-1.487,SL,1,0
21505,2024-03-15 16:05:00+00:00,BTCUSDT,67579.99,68170.05457162202,68078.10296111516,255.6226306615568,1,0,0.3597,-0.3686,-1,-2.3083,-1.9486,-4.2104,-0.1282,-0.0643,-0.0136,-0.0294,-0.0006,0.0235,-0.0162,-0.0018,0.0092,-0.0183,0.003783,2.0938,0.3852,0.8722,0.0,0.1278,-1.12,SL,1,-1.462,SL,6,0
21530,2024-03-15 18:10:00+00:00,ETHUSDT,3710.37,3696.515455142582,3691.450434093315,11.670734515567203,4,1,0.434,-0.2705,1,1.1871,1.6211,-1.1671,0.1286,0.0809,0.0367,0.0474,0.0249,0.0039,0.0139,0.002,-0.0092,-0.0296,0.003145,0.9076,0.7368,0.7269,0.1375,0.1356,1.501,TP,8,-1.02,SL,1,1
21553,2024-03-15 20:05:00+00:00,ETHUSDT,3638.0,3719.6824742750678,3710.451933645068,26.658340726043264,0,0,0.3463,-0.7765,-1,-3.064,-2.7178,-3.3122,-0.2409,-0.1766,-0.0421,-0.08,-0.0463,0.0143,-0.0343,-0.0165,0.0136,0.0007,0.007328,1.6384,0.4208,0.6426,0.1091,0.2483,-1.12,SL,1,-0.238,TIME_12B,12,0
21559,2024-03-15 20:35:00+00:00,BTCUSDT,68110.0,68720.90643749831,68518.32112656198,431.48270443636096,0,0,0.4695,-0.2807,-1,-1.4158,-0.9463,-1.2926,-0.1278,-0.1524,-0.1433,-0.0445,-0.049,-0.0292,-0.0125,-0.0139,-0.0018,-0.0043,0.006335,0.5054,0.4032,0.4256,0.2925,0.2819,-1.12,SL,1,-0.38,TIME_12B,12,0
21583,2024-03-15 22:35:00+00:00,BNBUSDT,595.0,592.682347994196,591.7551890438193,2.3148492609910543,3,0,0.4005,-0.2485,1,1.0012,1.4017,2.1804,0.0626,0.0904,0.0661,0.0047,0.0117,-0.008,0.0101,0.0137,0.0044,0.0103,0.003891,0.6899,0.4841,0.8537,0.0488,0.0976,1.538,TP,4,-1.02,SL,1,1
21583,2024-03-15 22:35:00+00:00,BTCUSDT,68721.65,68416.83061685521,68344.94839585277,187.73092729363393,3,0,0.3829,-0.2933,1,1.6237,2.0066,0.8213,0.093,0.0804,0.0288,0.016,0.0072,-0.0198,0.0092,0.0049,-0.008,-0.0134,0.002732,2.0053,0.6607,0.908,0.0587,0.0333,1.524,TP,12,-1.02,SL,1,1
21583,2024-03-15 22:35:00+00:00,SOLUSDT,181.15,180.36613637929293,179.81723424965722,1.342742530322744,3,0,0.4088,-0.2008,1,0.5838,0.9926,2.0047,0.056,0.0918,0.0326,0.0025,0.0121,-0.0197,0.0053,0.0101,-0.0052,0.0102,0.007412,0.7079,0.5179,0.7733,0.064,0.1628,1.667,TP,12,-1.02,SL,1,1
21587,2024-03-15 22:55:00+00:00,ETHUSDT,3729.8,3689.453936286882,3683.490683615465,13.002264187787857,4,1,0.4586,-0.6349,1,3.103,3.5616,1.6113,0.3096,0.2374,0.1743,0.1203,0.0814,0.0418,0.0487,0.0275,0.0059,-0.0136,0.003486,1.9915,0.5591,0.7424,0.2571,0.0006,-0.02,TIME_12B,12,-1.02,SL,1,0
21662,2024-03-16 05:10:00+00:00,ETHUSDT,3703.98,3730.748445800071,3725.7245921460253,10.402601661054584,3,2,0.4829,-0.1396,-1,-2.5732,-2.0903,-1.9862,-0.1438,-0.1041,-0.0795,-0.0716,-0.0535,-0.0381,-0.0258,-0.0158,-0.006,-0.0008,0.002808,1.5681,0.3109,0.8662,0.0412,0.0927,-1.12,SL,1,-0.895,TIME_12B,12,0
21675,2024-03-16 06:15:00+00:00,BTCUSDT,69081.92,69064.29437420421,69001.53758147368,127.44733253419686,3,0,0.4924,-0.13,1,0.1383,0.6307,1.0367,0.0479,0.0336,0.0059,-0.004,-0.0124,-0.0281,0.0024,-0.0014,-0.0082,0.0032,0.001845,0.8085,0.5302,0.1984,0.5378,0.2637,-1.426,SL,3,-1.043,SL,1,0
21681,2024-03-16 06:45:00+00:00,ETHUSDT,3725.12,3722.684950583144,3718.4217099332654,8.993411505555597,5,1,0.474,-0.0969,1,0.2708,0.7448,0.2501,0.03,0.0205,0.0228,-0.0096,-0.0144,-0.0188,-0.005,-0.007,-0.0087,-0.0043,0.002414,0.7273,0.5906,0.6887,0.235,0.0763,-0.043,TIME_12B,12,-1.02,SL,1,0
21703,2024-03-16 08:35:00+00:00,BNBUSDT,615.8,613.2694527150081,612.100612330553,2.412158070214816,2,0,0.4846,-0.1444,1,1.0491,1.5336,3.5488,0.027,0.0188,0.0197,0.0074,0.0042,0.0027,0.0133,0.0121,0.012,0.027,0.003917,1.836,0.6584,0.4902,0.4902,0.0196,-0.596,TIME_12B,12,-1.02,SL,1,0
21707,2024-03-16 08:55:00+00:00,ETHUSDT,3718.24,3728.929409614282,3725.6431121879295,7.355942236355988,0,0,0.4468,-0.3376,-1,-1.4532,-1.0064,-0.8492,-0.0924,-0.0074,0.0054,-0.0237,0.011,0.0162,-0.0064,0.0109,0.0131,0.0079,0.001978,1.7473,0.3445,0.5488,0.0,0.4512,-1.12,SL,1,-1.675,SL,8,0
21709,2024-03-16 09:05:00+00:00,BTCUSDT,69018.49,69180.22809427993,69125.25681136538,114.58910664376047,0,0,0.4797,-0.4751,-1,-1.4115,-0.9317,-0.0711,-0.1499,-0.1119,-0.0675,-0.0524,-0.0316,-0.0075,-0.0166,-0.0052,0.0075,0.013,0.00166,0.7856,0.5015,0.2799,0.2806,0.4395,-1.12,SL,1,0.041,TIME_12B,12,0
21734,2024-03-16 11:10:00+00:00,BNBUSDT,608.5,614.8737860095894,613.6977118858455,3.2496216560179647,0,0,0.3619,-0.3916,-1,-1.9614,-1.5995,-0.2952,-0.1365,-0.1239,-0.025,-0.0478,-0.0381,0.0066,-0.0157,-0.01,0.0129,0.0204,0.00534,1.1253,0.4016,0.7647,0.0294,0.2059,-1.12,SL,1,0.18,TIME_12B,12,0
21760,2024-03-16 13:20:00+00:00,SOLUSDT,191.72,192.22643246112932,191.38744439260455,1.7257837674449903,2,0,0.4861,-0.1391,0,-0.2935,0.1927,1.8034,-0.0079,0.0105,-0.0573,-0.0166,-0.0109,-0.0368,0.0019,0.0052,-0.006,0.0141,0.009002,1.593,0.608,0.1502,0.7764,0.0735,-1.815,SL,4,-1.921,SL,1,0
21774,2024-03-16 14:30:00+00:00,SOLUSDT,189.83,191.4429544716285,190.57205793734124,1.8466319762644532,3,1,0.4716,0.0067,-1,-0.8735,-0.4018,0.5275,-0.0409,-0.0544,-0.0551,-0.0348,-0.0396,-0.0358,-0.0138,-0.0155,-0.0118,0.0079,0.009728,1.2319,0.5695,0.0217,0.2101,0.7681,-1.12,SL,1,-1.42,SL,8,0
21788,2024-03-16 15:40:00+00:00,SOLUSDT,193.93,191.5129616699087,191.21341518720465,1.3824930820116241,0,2,0.2167,-0.0236,1,1.7483,1.965,3.4382,0.1506,0.1421,0.0602,0.056,0.0469,0.0065,0.0307,0.0256,0.0052,0.0177,0.007129,1.268,0.701,0.7453,0.1988,0.0559,-0.756,TIME_12B,12,-1.02,SL,1,0
21806,2024-03-16 17:10:00+00:00,SOLUSDT,190.03,192.24998622276013,191.7334554564336,1.3305128471845928,0,0,0.3882,-0.4519,-1,-1.6685,-1.2803,0.1672,-0.1033,-0.0731,-0.0476,-0.0326,-0.0182,-0.0028,-0.0092,-0.0017,0.0065,0.0186,0.007002,1.2218,0.3536,0.386,0.3674,0.2465,-1.12,SL,1,1.81,TP,7,2
21906,2024-03-17 01:30:00+00:00,SOLUSDT,185.43,184.04454918300527,183.27185389568757,1.5990834102714502,4,0,0.4832,-0.027,1,0.8664,1.3496,0.0165,0.0715,0.0495,0.0111,0.0439,0.0342,0.0208,0.0113,0.0056,-0.0023,-0.0102,0.008624,0.7928,0.5777,0.6159,0.3775,0.0066,-0.323,TIME_12B,12,-1.02,SL,1,0
21941,2024-03-17 04:25:00+00:00,BNBUSDT,582.9,585.3331422076669,584.6234255968972,1.5666895252034985,1,0,0.453,-0.3588,-1,-1.553,-1.1,-4.0302,-0.1813,-0.1425,-0.0202,-0.0468,-0.0237,0.0311,-0.0313,-0.0196,0.0062,-0.0233,0.002688,0.5539,0.6348,0.0,0.1111,0.8889,-1.12,SL,1,0.781,TIME_12B,12,2
21946,2024-03-17 04:50:00+00:00,SOLUSDT,183.01,185.30698292736318,184.91262847126563,1.2320522586827858,0,0,0.3201,-0.4461,-1,-1.8644,-1.5443,-2.0094,-0.1314,-0.062,-0.0098,-0.0395,-0.0083,0.0138,-0.016,-0.0001,0.0104,0.0002,0.006732,1.7361,0.5017,0.6709,0.1392,0.1899,-1.12,SL,1,-1.321,SL,7,0
21971,2024-03-17 06:55:00+00:00,SOLUSDT,182.91,186.1572757794104,185.452077662871,1.4513100077081786,0,0,0.4859,-0.4429,-1,-2.2375,-1.7516,-1.893,-0.1385,-0.0823,0.0077,-0.0399,-0.0142,0.023,-0.0132,-0.0001,0.018,0.0073,0.007935,1.5342,0.4636,0.9318,0.0284,0.0398,-1.12,SL,1,0.133,TIME_12B,12,0
21993,2024-03-17 08:45:00+00:00,SOLUSDT,186.59,184.43132197490894,183.77502315412562,1.7150848816233502,5,0,0.3827,-0.4014,1,1.2586,1.6413,0.9094,0.1896,0.1515,0.0469,0.0617,0.0391,-0.0082,0.0256,0.0134,-0.0101,-0.0088,0.009192,0.6767,0.4507,0.0076,0.1212,0.8712,-0.462,TIME_12B,12,-1.02,SL,1,0
21998,2024-03-17 09:10:00+00:00,BTCUSDT,66666.0,66057.34966447286,65933.22286831193,264.429818480948,4,1,0.4694,-0.1478,1,2.3017,2.7712,0.7072,0.2147,0.2178,0.1721,0.0964,0.0899,0.0556,0.0369,0.0319,0.0118,-0.0119,0.003966,1.1709,0.5532,0.4858,0.408,0.1062,-0.316,TIME_12B,12,-1.02,SL,1,0
22037,2024-03-17 12:25:00+00:00,BNBUSDT,569.5,573.3750278929745,572.5924783066582,2.065398813090689,4,1,0.3789,-0.3395,-1,-1.8762,-1.4973,-4.0741,-0.1365,-0.069,-0.0534,-0.0324,-0.0022,0.0114,-0.0233,-0.0085,-0.0026,-0.0244,0.003627,1.4506,0.3218,0.6667,0.2778,0.0556,-1.12,SL,1,0.03,TIME_12B,12,0
22059,2024-03-17 14:15:00+00:00,BNBUSDT,573.9,571.9394159509167,570.8321988698787,2.4891178224460093,5,0,0.4448,-0.2321,1,0.7877,1.2325,-0.9207,0.1044,0.0962,0.048,0.0365,0.0298,0.0047,0.0087,0.0047,-0.0088,-0.0225,0.004337,1.1014,0.4903,0.0,0.4,0.6,0.168,TIME_12B,12,-1.02,SL,1,0
22144,2024-03-17 21:20:00+00:00,BNBUSDT,578.8,579.9129159782163,579.1065503009855,1.700694570508909,2,1,0.4741,-0.1265,-1,-0.6544,-0.1803,-0.0685,-0.1129,-0.1137,-0.0539,-0.053,-0.0494,-0.0186,-0.0161,-0.0132,0.004,0.0034,0.002938,0.7515,0.4,0.6087,0.087,0.3043,-1.131,SL,1,1.481,TP,6,2
22159,2024-03-17 22:35:00+00:00,BNBUSDT,581.5,578.6266012598749,577.8523170377546,2.093884227617167,3,5,0.3698,-0.302,1,1.3723,1.7421,1.3656,0.1058,0.0662,-0.0552,0.0214,0.0019,-0.0453,0.0109,0.0011,-0.0209,-0.0106,0.003601,1.5874,0.5796,0.7241,0.1379,0.1379,-1.679,SL,4,-1.02,SL,1,0
22183,2024-03-18 00:35:00+00:00,BTCUSDT,67389.86,68217.03084338273,68103.6826432451,254.1199611713422,2,1,0.446,-0.2821,-1,-3.255,-2.809,-1.4852,-0.1801,-0.1463,-0.0738,-0.0825,-0.0652,-0.031,-0.0305,-0.0207,-0.0019,0.0135,0.003771,2.6848,0.3814,0.8718,0.0,0.1282,-1.12,SL,1,-0.198,TIME_12B,12,0
22183,2024-03-18 00:35:00+00:00,ETHUSDT,3587.4,3634.6933249474314,3627.631637913017,14.209672902995996,3,2,0.497,-0.1663,-1,-3.3282,-2.8313,-1.8585,-0.1691,-0.1545,-0.0977,-0.0807,-0.0712,-0.041,-0.0301,-0.0242,-0.007,0.0082,0.003961,3.4427,0.354,0.9134,0.0,0.0866,-1.12,SL,1,-0.264,TIME_12B,12,0
22215,2024-03-18 03:15:00+00:00,BTCUSDT,68097.04,67878.15289041381,67786.40307689963,196.87671214520657,5,0,0.466,-0.2872,1,1.1118,1.5778,1.8985,0.1478,0.1308,0.0703,0.0463,0.0335,-0.0007,0.0162,0.0091,-0.0087,0.0039,0.002891,1.2052,0.6668,0.7687,0.0,0.2313,-1.903,SL,10,-1.02,SL,1,0
22236,2024-03-18 05:00:00+00:00,ETHUSDT,3608.13,3610.8484347756353,3606.403265728298,9.168698365452265,5,0,0.4848,-0.1871,0,-0.2965,0.1883,-0.0226,0.0928,0.1596,0.0312,0.0332,0.0529,-0.0073,0.007,0.0157,-0.0156,-0.0049,0.002541,0.9108,0.4397,0.8816,0.0694,0.049,-1.316,SL,1,-1.274,SL,1,0
22274,2024-03-18 08:10:00+00:00,ETHUSDT,3605.35,3622.7479055101066,3619.1323816002086,8.042377573959108,0,0,0.4496,-0.5199,-1,-2.1633,-1.7137,-1.095,-0.1754,-0.0791,-0.0536,-0.0561,-0.0139,-0.0,-0.0209,0.0006,0.0075,0.0103,0.002231,1.2106,0.4425,0.5804,0.2869,0.1327,-1.12,SL,1,0.96,TIME_12B,12,2
22276,2024-03-18 08:20:00+00:00,BTCUSDT,67603.99,68234.85570411786,68160.73815554811,162.5738503068954,3,2,0.4559,-0.2953,-1,-3.8805,-3.4246,-2.3299,-0.2479,-0.1831,-0.1434,-0.1078,-0.0757,-0.0506,-0.0438,-0.0262,-0.0117,0.0071,0.002405,2.0592,0.3709,0.832,0.0564,0.1116,-1.12,SL,1,-1.07,TIME_12B,12,0
22277,2024-03-18 08:25:00+00:00,SOLUSDT,200.75,201.99450595527713,201.38612180819965,1.4043873670998286,2,0,0.4332,-0.253,-1,-0.8862,-0.453,1.1647,-0.1351,-0.0826,-0.0251,-0.0625,-0.0377,-0.0152,-0.0215,-0.008,0.004,0.0193,0.006996,2.5708,0.5645,0.5616,0.024,0.4144,-1.12,SL,1,-1.566,SL,5,0
22281,2024-03-18 08:45:00+00:00,BNBUSDT,570.6,573.5133725430205,572.0828652430747,3.085326302766742,0,0,0.4636,-0.2597,-1,-0.9443,-0.4806,-0.6318,-0.1116,-0.1472,-0.1274,-0.0401,-0.0489,-0.0269,-0.0101,-0.0136,-0.0006,-0.0017,0.005407,1.3107,0.4237,0.1579,0.5263,0.3158,-1.12,SL,1,-1.708,SL,1,0
22291,2024-03-18 09:35:00+00:00,BTCUSDT,68120.03,68104.78628430753,68008.0068281877,213.7658315673826,5,1,0.4527,-0.1397,1,0.0713,0.524,0.6876,0.0511,0.033,-0.0136,0.0009,-0.0096,-0.0299,-0.0002,-0.0055,-0.0146,-0.0005,0.003138,0.5343,0.5911,0.3954,0.3905,0.2141,-1.573,SL,1,-1.101,SL,2,0
22307,2024-03-18 10:55:00+00:00,BTCUSDT,68130.0,68065.45007992742,67992.34669561023,163.07240188931235,5,0,0.4483,-0.207,1,0.3958,0.8441,0.9759,0.0885,0.0714,0.0047,0.0204,0.01,-0.0195,0.0061,0.0007,-0.0137,-0.0005,0.002394,0.6979,0.4995,0.318,0.2086,0.4734,-0.358,TIME_12B,12,-1.02,SL,1,0
22314,2024-03-18 11:30:00+00:00,BNBUSDT,571.6,570.3502747578918,569.452854853448,1.9496435134370778,5,0,0.4603,-0.1783,1,0.641,1.1013,0.1079,0.0918,0.0573,0.0869,0.0218,0.0047,0.009,0.0063,-0.0025,-0.0007,-0.006,0.003411,0.767,0.5734,0.2143,0.0714,0.7143,-1.997,SL,3,-1.02,SL,1,0
22323,2024-03-18 12:15:00+00:00,ETHUSDT,3584.39,3599.4723874291353,3594.0704680547306,11.217090970537072,4,1,0.4816,-0.1595,-1,-1.3446,-0.863,-1.7078,-0.0026,0.0097,0.0785,0.002,0.0062,0.0278,-0.0087,-0.0071,0.0021,-0.0027,0.003129,1.9788,0.3888,0.7257,0.0792,0.1951,-1.12,SL,1,-1.863,SL,4,0
22337,2024-03-18 13:25:00+00:00,BTCUSDT,67972.21,68246.34989878048,68160.80582833233,195.63478436953133,0,0,0.4373,-0.4891,-1,-1.4013,-0.964,-0.398,-0.1318,-0.067,0.0119,-0.0378,-0.0087,0.0225,-0.0137,0.0011,0.016,0.0138,0.002878,1.7724,0.3756,0.1899,0.164,0.6461,-1.12,SL,1,-1.901,SL,1,0
22349,2024-03-18 14:25:00+00:00,SOLUSDT,204.2,205.81199977737032,205.04025939374588,1.602970866439746,2,1,0.4814,-0.0554,-1,-1.0056,-0.5242,0.9152,-0.0523,-0.0948,-0.0838,-0.032,-0.0465,-0.0345,-0.0056,-0.0118,-0.0037,0.0137,0.00785,0.6696,0.5676,0.604,0.2752,0.1208,-1.12,SL,1,1.739,TP,5,2
22373,2024-03-18 16:25:00+00:00,SOLUSDT,204.8,204.12431238294346,203.4737156872077,1.4643982909322535,5,0,0.4443,-0.3938,1,0.4614,0.9057,1.4362,0.149,0.0975,0.06,0.0411,0.0147,-0.0085,0.0176,0.0039,-0.0076,0.0065,0.00715,0.5558,0.4313,0.4878,0.3496,0.1626,-1.609,SL,2,-1.02,SL,1,0
22434,2024-03-18 21:30:00+00:00,BTCUSDT,67681.09,67404.58499937969,67320.01762654097,177.04893692772944,4,1,0.4776,-0.3235,1,1.5617,2.0394,0.6367,0.1582,0.1523,0.1136,0.0774,0.0703,0.0459,0.0276,0.0227,0.0081,-0.0063,0.002616,2.6179,0.5575,0.0659,0.5688,0.3654,-1.014,TIME_12B,12,-1.02,SL,1,0
22443,2024-03-18 22:15:00+00:00,SOLUSDT,200.76,201.7387556727244,201.20637109860485,1.1789584513287685,1,1,0.4516,-0.0929,-1,-0.8302,-0.3786,-0.6243,-0.0392,-0.0331,0.0488,0.0056,0.0102,0.0436,-0.0013,0.0006,0.0158,0.0072,0.005872,0.9455,0.4965,0.6169,0.2273,0.1558,-1.12,SL,1,1.601,TP,4,2
22448,2024-03-18 22:40:00+00:00,BTCUSDT,67414.19,67467.68385021116,67398.80975582504,148.25528765786217,1,0,0.4646,-0.084,0,-0.3608,0.1037,-0.9902,-0.0063,-0.0381,0.0163,0.0179,0.0077,0.0324,0.0044,-0.001,0.0102,-0.0044,0.002199,0.791,0.492,0.4563,0.1045,0.4392,0.533,TIME_12B,12,-1.267,SL,1,1
22455,2024-03-18 23:15:00+00:00,BNBUSDT,556.9,553.5048161871551,552.6564412929503,1.7804487125276278,4,0,0.4765,-0.1684,1,1.9069,2.3834,-0.2856,0.1713,0.1206,0.0257,0.0817,0.0575,0.0189,0.0297,0.0164,-0.0042,-0.0257,0.003197,0.9617,0.7801,0.7895,0.0,0.2105,0.245,TIME_12B,12,-1.02,SL,1,0
22469,2024-03-19 00:25:00+00:00,ETHUSDT,3523.79,3528.033888699795,3522.2224061200977,12.361959095369205,1,0,0.4701,-0.1921,0,-0.3433,0.1268,-1.1756,0.0231,0.0194,0.0213,0.0299,0.0282,0.031,0.0136,0.0122,0.0126,-0.0073,0.003508,1.8009,0.4221,0.0371,0.1824,0.7805,-1.349,SL,2,-1.402,SL,1,0
22471,2024-03-19 00:35:00+00:00,BNBUSDT,551.5,555.5101703586602,554.2152619970753,2.977438661486553,0,1,0.4349,-0.2489,-1,-1.3469,-0.9119,-1.9197,-0.0262,0.034,0.0285,0.0094,0.033,0.0291,0.0052,0.0164,0.0132,-0.0045,0.005399,3.0806,0.4823,0.8939,0.0152,0.0909,-1.12,SL,1,1.713,TP,6,2
22474,2024-03-19 00:50:00+00:00,BTCUSDT,66987.99,67625.65697415028,67544.73853451373,233.0589463719407,0,0,0.3472,-0.5779,-1,-2.7361,-2.3889,-2.6144,-0.1944,-0.1026,-0.0317,-0.063,-0.0214,0.0093,-0.0261,-0.0049,0.01,0.0026,0.003479,2.2728,0.3559,0.8703,0.021,0.1088,-1.12,SL,1,1.157,TIME_12B,12,2
22652,2024-03-19 15:40:00+00:00,SOLUSDT,183.13,180.41121152715763,179.4828523256402,2.111338281709377,5,2,0.4397,-0.4998,1,1.2877,1.7274,-0.3941,0.1477,0.0438,-0.0066,0.0527,0.0093,-0.0079,0.0164,-0.0057,-0.0141,-0.0247,0.011529,1.6143,0.5595,0.5687,0.3562,0.075,-0.007,TIME_12B,12,-1.02,SL,1,0
22652,2024-03-19 15:40:00+00:00,BNBUSDT,526.4,517.5864975261119,515.8714190081815,3.6539710648964365,4,3,0.4694,-0.2708,1,2.412,2.8814,0.3948,0.2057,0.0997,0.0527,0.0878,0.0425,0.0233,0.0327,0.0091,-0.0014,-0.0223,0.006941,1.3501,0.6176,0.7179,0.1282,0.1538,0.456,TIME_12B,12,-1.02,SL,1,1
22690,2024-03-19 18:50:00+00:00,SOLUSDT,180.99,182.2082487722459,181.70147384482993,1.2034305950557131,0,0,0.4211,-0.2042,-1,-1.0123,-0.5912,-2.1903,-0.0595,-0.0608,-0.0797,-0.0131,-0.0113,-0.01,-0.0012,-0.0,0.0014,-0.0162,0.006649,0.8053,0.6501,0.5052,0.0515,0.4433,-1.12,SL,1,-1.539,SL,5,0
22708,2024-03-19 20:20:00+00:00,ETHUSDT,3272.84,3314.225296145955,3307.994237711922,15.8720526793489,0,0,0.3926,-0.5569,-1,-2.6074,-2.2149,-3.5733,-0.2147,-0.1484,-0.0413,-0.0724,-0.0389,0.0093,-0.029,-0.0113,0.0128,-0.0079,0.00485,1.9496,0.4579,0.6948,0.1724,0.1328,-1.12,SL,1,0.0,TIME_12B,12,0
22708,2024-03-19 20:20:00+00:00,BTCUSDT,63618.2,64404.799494005085,64277.30311886535,262.4349922622455,2,1,0.4858,-0.3483,-1,-2.9973,-2.5115,-3.483,-0.2768,-0.255,-0.1442,-0.1124,-0.0933,-0.036,-0.0444,-0.0329,-0.0023,-0.0108,0.004125,1.4936,0.476,0.4426,0.2771,0.2803,-1.12,SL,1,-0.311,TIME_12B,12,0
22714,2024-03-19 20:50:00+00:00,BNBUSDT,521.3,527.8000076349874,526.2553873656082,3.1902147540161536,2,1,0.4842,-0.2422,-1,-2.0375,-1.5533,-1.9052,-0.1621,-0.1572,-0.154,-0.0773,-0.0704,-0.0556,-0.0275,-0.0227,-0.0124,-0.0093,0.00612,0.8076,0.5516,0.6667,0.2727,0.0606,-1.12,SL,1,-0.331,TIME_12B,12,0
22799,2024-03-20 03:55:00+00:00,BNBUSDT,512.3,516.0393747708509,514.7670417985248,2.956419545858851,1,2,0.4304,-0.247,-1,-1.2648,-0.8345,-2.3981,-0.054,0.0427,0.0946,-0.0003,0.0382,0.05,-0.0081,0.0102,0.0132,-0.0061,0.005771,2.0842,0.4341,0.6852,0.037,0.2778,-1.12,SL,1,-1.515,SL,3,0
22799,2024-03-20 03:55:00+00:00,SOLUSDT,169.84,174.25701750479905,173.49473454310936,1.5649707685902825,4,2,0.4871,-0.0957,-1,-2.8224,-2.3353,-4.5044,-0.1659,-0.0636,0.005,-0.0532,-0.0091,0.0166,-0.0356,-0.0137,-0.0026,-0.0188,0.009214,2.5158,0.417,0.761,0.0368,0.2022,-1.12,SL,1,0.407,TIME_12B,12,2
22837,2024-03-20 07:05:00+00:00,BNBUSDT,518.8,513.3729221895038,512.2780857790029,2.3743188626374403,1,2,0.4611,-0.179,1,2.2857,2.7469,0.8819,0.2017,0.1926,0.1861,0.0919,0.082,0.0652,0.0349,0.0284,0.0172,-0.0072,0.004577,1.2228,0.6387,0.4762,0.4762,0.0476,1.777,TP,9,-1.02,SL,1,1
22872,2024-03-20 10:00:00+00:00,SOLUSDT,170.92,171.69359432175088,171.2577803233113,0.9758002975607158,1,0,0.4466,-0.1183,-1,-0.7928,-0.3462,-2.5218,-0.0762,-0.0578,-0.0336,-0.0088,0.0029,0.0178,-0.0068,-0.001,0.0055,-0.0191,0.005709,0.6312,0.4039,0.494,0.0,0.506,-1.12,SL,1,-1.747,SL,5,0
22920,2024-03-20 14:00:00+00:00,SOLUSDT,171.92,172.92498743068938,172.35969027760146,1.1454874699643498,0,0,0.4935,-0.139,-1,-0.8773,-0.3838,-1.1131,-0.0907,-0.0863,-0.0858,-0.0278,-0.0222,-0.0132,-0.0057,-0.0023,0.0032,-0.0061,0.006663,0.4663,0.4372,0.1571,0.3286,0.5143,-1.12,SL,1,-1.605,SL,4,0
22939,2024-03-20 15:35:00+00:00,SOLUSDT,172.4,173.38598935340713,172.7721300292218,1.2575856604002966,0,0,0.4881,-0.3933,-1,-0.784,-0.2959,-0.6988,-0.1245,-0.0754,0.0018,-0.0403,-0.0166,0.0151,-0.012,0.0005,0.0162,0.0036,0.007295,1.2834,0.5963,0.7328,0.084,0.1832,-1.12,SL,1,1.66,TP,10,2
22950,2024-03-20 16:30:00+00:00,ETHUSDT,3186.7,3309.2478056997375,3290.205119371487,40.40105966516957,2,1,0.4713,-0.6939,-1,-3.0333,-2.5619,-2.0543,-0.2404,-0.1566,-0.1264,-0.1039,-0.0651,-0.045,-0.0405,-0.0198,-0.0078,0.0021,0.012678,2.1882,0.5239,0.1577,0.0992,0.7431,-1.12,SL,1,-1.112,SL,9,0
22950,2024-03-20 16:30:00+00:00,BTCUSDT,62602.11,63605.38718242015,63429.44157663023,426.9706515677571,2,1,0.4121,-0.7158,-1,-2.3498,-1.9377,-1.6408,-0.1986,-0.1129,-0.0832,-0.081,-0.0427,-0.0257,-0.0306,-0.0106,-0.0009,0.003,0.00682,2.3031,0.4611,0.0451,0.1048,0.8502,-1.12,SL,1,-1.258,SL,9,0
22964,2024-03-20 17:40:00+00:00,ETHUSDT,3301.6,3295.1237817691276,3285.906550889886,28.6598950371109,3,0,0.3216,-0.1493,1,0.226,0.5476,1.1012,0.0977,0.1114,0.0191,0.0224,0.0225,-0.0211,0.0174,0.0173,-0.0037,0.0039,0.008681,0.3156,0.4861,0.6581,0.2048,0.1371,-1.729,SL,1,-1.02,SL,1,0
22964,2024-03-20 17:40:00+00:00,SOLUSDT,172.31,171.7867361768396,170.93959225819214,1.7074161176319578,5,0,0.4962,-0.2504,1,0.3065,0.8026,-0.1728,0.121,0.1238,0.0179,0.0325,0.0279,-0.0209,0.0113,0.0084,-0.0159,-0.013,0.009909,0.4337,0.3829,0.4963,0.2,0.3037,-1.485,SL,2,-1.02,SL,1,0
22967,2024-03-20 17:55:00+00:00,BNBUSDT,524.4,523.8065100676549,522.3673158828458,3.1064526258915124,5,0,0.4633,-0.1214,1,0.1911,0.6543,0.3302,0.0563,0.1175,0.1337,0.0144,0.0343,0.0255,0.0002,0.0095,0.0033,0.0029,0.005924,0.3134,0.4151,0.2963,0.4815,0.2222,1.46,TP,2,-1.02,SL,1,1
23117,2024-03-21 06:25:00+00:00,BTCUSDT,67091.04,66982.51071294906,66882.80035227929,229.7181956458548,3,0,0.4341,-0.2139,1,0.4724,0.9065,3.5854,0.0798,0.1322,0.0716,0.0105,0.0253,-0.0114,0.0104,0.0176,-0.0005,0.0298,0.003424,0.7737,0.534,0.4795,0.4113,0.1092,-0.145,TIME_12B,12,-1.02,SL,1,0
23127,2024-03-21 07:15:00+00:00,BNBUSDT,553.6,550.3983345448117,549.7033976012434,2.1815520014847545,3,0,0.3186,-0.3254,1,1.4676,1.7862,3.765,0.1041,0.0528,0.0211,0.0234,0.0002,-0.0155,0.0149,0.0034,-0.0034,0.0208,0.003941,0.937,0.7204,0.9737,0.0,0.0263,-0.331,TIME_12B,12,-1.02,SL,1,0
23142,2024-03-21 08:30:00+00:00,SOLUSDT,189.28,189.96994829198897,189.44561498121152,1.0505742358440653,2,3,0.4991,-0.0156,-1,-0.6567,-0.1576,2.4476,-0.0397,0.012,-0.0427,-0.0161,0.0042,-0.0151,0.0026,0.013,0.0044,0.0297,0.00555,0.6756,0.4943,0.3837,0.0349,0.5814,-1.156,SL,1,0.083,TIME_12B,12,0
23156,2024-03-21 09:40:00+00:00,BTCUSDT,66750.0,67139.30412807234,67060.40354714564,169.04107133770086,0,0,0.4668,-0.4385,-1,-2.303,-1.8363,1.1211,-0.1472,-0.1016,-0.0482,-0.0506,-0.0289,-0.0015,-0.0153,-0.0038,0.0107,0.0368,0.002532,1.707,0.3486,0.8129,0.0125,0.1747,-1.12,SL,1,-0.44,TIME_12B,12,0
23170,2024-03-21 10:50:00+00:00,SOLUSDT,189.25,189.04829336455464,188.6300580568673,1.0312737644584196,5,1,0.4056,-0.0117,1,0.1956,0.6011,2.0347,0.0154,0.0009,0.0064,-0.0102,-0.0164,-0.0181,-0.0063,-0.009,-0.0095,0.015,0.005449,1.1743,0.5004,0.4062,0.1354,0.4583,-1.991,SL,7,-1.025,SL,1,0
23179,2024-03-21 11:35:00+00:00,BTCUSDT,67077.55,67004.11286946769,66955.90494853449,166.82558566638096,5,1,0.289,-0.1451,1,0.4402,0.7292,2.6761,0.0314,0.0216,0.005,-0.0014,-0.0059,-0.0154,-0.0011,-0.003,-0.0074,0.0202,0.002487,1.5968,0.5552,0.2428,0.7572,0.0,-0.358,TIME_12B,12,-1.02,SL,1,0
23205,2024-03-21 13:45:00+00:00,BTCUSDT,66818.68,67221.7291785149,67102.50398516131,268.2566019155958,0,0,0.4444,-0.37,-1,-1.5025,-1.058,0.1753,-0.0858,-0.0249,0.0253,-0.0203,0.0055,0.0237,-0.0051,0.0078,0.0161,0.0208,0.004015,2.0013,0.4344,0.5869,0.2012,0.2119,-1.12,SL,1,-1.628,SL,7,0
23207,2024-03-21 13:55:00+00:00,ETHUSDT,3519.85,3539.4049822834086,3532.4210273048197,17.07858642587403,2,1,0.4089,-0.3173,-1,-1.145,-0.7361,1.0603,-0.0958,-0.0448,-0.0032,-0.0351,-0.0124,0.0044,-0.0085,0.0033,0.012,0.0249,0.004852,1.6828,0.4414,0.6362,0.1154,0.2483,-1.12,SL,1,-1.656,SL,3,0
23211,2024-03-21 14:15:00+00:00,SOLUSDT,189.44,189.25027309435194,189.0607635772575,1.1613926068320575,3,2,0.1632,-0.0466,1,0.1634,0.3265,1.3146,0.0076,-0.0683,-0.063,-0.0049,-0.0327,-0.0232,-0.0022,-0.0156,-0.0096,0.0077,0.006131,0.9177,0.5748,0.0088,0.1754,0.8158,-1.764,SL,3,-1.065,SL,1,0
23230,2024-03-21 15:50:00+00:00,BNBUSDT,557.6,559.819637274173,558.63510785741,2.5387098796007446,2,1,0.4666,-0.099,-1,-0.8743,-0.4077,1.2235,-0.0892,-0.1235,-0.1105,-0.0489,-0.0589,-0.0441,-0.0141,-0.0179,-0.0081,0.0137,0.004553,0.8052,0.5977,0.7241,0.1379,0.1379,-1.12,SL,1,-1.884,SL,6,0
23246,2024-03-21 17:10:00+00:00,ETHUSDT,3527.15,3522.934421530064,3516.187982856832,15.047193368973147,5,0,0.4484,-0.4389,1,0.2802,0.7285,1.3942,0.1139,0.0866,0.0598,0.0319,0.0161,-0.0011,0.0109,0.0025,-0.0063,0.0087,0.004266,0.9944,0.4414,0.4578,0.0807,0.4615,-1.91,SL,1,-1.02,SL,1,0
23252,2024-03-21 17:40:00+00:00,BNBUSDT,553.9,560.1299990027171,559.2709790832121,2.790835405600779,2,2,0.3078,-0.3928,-1,-2.2323,-1.9245,-0.6338,-0.1761,-0.0925,-0.0012,-0.0673,-0.0301,0.0051,-0.0261,-0.0068,0.0107,0.0191,0.005039,1.3409,0.484,0.6,0.3,0.1,-1.12,SL,1,1.132,TIME_12B,12,2
23307,2024-03-21 22:15:00+00:00,BNBUSDT,555.7,554.9882099505118,554.1928971136691,1.8534235074856866,4,1,0.4291,-0.1733,1,0.384,0.8131,0.731,0.1451,0.1345,0.0726,0.0668,0.0569,0.0262,0.0237,0.0174,0.0005,0.0036,0.003335,1.056,0.3469,0.697,0.0909,0.2121,-1.83,SL,8,-1.02,SL,1,0
23333,2024-03-22 00:25:00+00:00,BNBUSDT,557.3,555.2110886467437,554.602176831497,1.8368422391844033,1,2,0.3315,0.041,1,1.1372,1.4687,1.5645,0.1821,0.1329,0.0555,0.0812,0.0551,0.0206,0.0363,0.022,0.004,0.0041,0.003296,0.8579,0.4121,0.381,0.1429,0.4762,-1.875,SL,2,-1.02,SL,1,0
23336,2024-03-22 00:40:00+00:00,ETHUSDT,3491.61,3495.244127064355,3489.3153145119804,12.848013883454602,0,1,0.4615,-0.5207,0,-0.2829,0.1786,0.1474,-0.1018,0.0046,0.0376,-0.02,0.0245,0.0343,-0.0087,0.0133,0.0166,0.0075,0.00368,1.5513,0.5538,0.933,0.067,0.0,-1.398,SL,2,-1.376,SL,1,0
23351,2024-03-22 01:55:00+00:00,BTCUSDT,65243.99,65718.02610638671,65620.1250057621,203.9787932193503,4,0,0.48,-0.1518,-1,-2.3239,-1.844,-3.4919,-0.086,-0.059,0.0012,-0.0246,-0.0119,0.0129,-0.0215,-0.0154,-0.0042,-0.0142,0.003126,2.0584,0.3001,0.8146,0.0994,0.086,-1.12,SL,1,-1.1,TIME_12B,12,0
23367,2024-03-22 03:15:00+00:00,BTCUSDT,65877.99,65659.95733551301,65573.6836089386,190.46745784161354,4,1,0.453,-0.3289,1,1.1447,1.5977,-0.0552,0.0998,0.0756,0.0305,0.0376,0.0245,0.0039,0.0088,0.0015,-0.0095,-0.0174,0.002891,1.8162,0.7282,0.6607,0.3193,0.02,-0.398,TIME_12B,12,-1.02,SL,1,0
23368,2024-03-22 03:20:00+00:00,ETHUSDT,3495.8,3484.939380689602,3479.5862186104687,11.431548786785594,5,0,0.4683,-0.305,1,0.9501,1.4183,0.7518,0.0914,0.0833,0.0043,0.022,0.015,-0.0192,0.0056,0.0018,-0.0149,-0.0094,0.00327,1.4713,0.5983,0.6919,0.1673,0.1408,-0.048,TIME_12B,12,-1.02,SL,1,0
23416,2024-03-22 07:20:00+00:00,SOLUSDT,178.51,179.3279278481778,178.9709753175333,0.7505324987646141,1,0,0.4756,-0.1657,-1,-1.0898,-0.6142,-2.351,-0.0823,-0.0264,-0.0071,-0.0088,0.0164,0.026,-0.0053,0.0071,0.0106,-0.0128,0.004204,0.7598,0.5265,0.2308,0.3269,0.4423,-1.12,SL,1,-1.778,SL,1,0
23431,2024-03-22 08:35:00+00:00,SOLUSDT,177.42,179.16771767018062,179.08360756592205,0.8513064354774404,0,0,0.0988,-0.4001,-1,-2.053,-1.9542,-3.1946,-0.1144,-0.049,-0.0307,-0.0363,-0.0082,0.0019,-0.0171,-0.003,0.0019,-0.0121,0.004798,3.3871,0.2725,0.7321,0.0179,0.25,-1.12,SL,1,0.134,TIME_12B,12,0
23434,2024-03-22 08:50:00+00:00,ETHUSDT,3481.26,3512.9583228166925,3508.060028059685,10.178468200812622,2,1,0.4812,-0.4738,-1,-3.1143,-2.633,-1.9871,-0.241,-0.1627,-0.105,-0.1005,-0.063,-0.0333,-0.0387,-0.0186,-0.0023,0.0062,0.002924,1.7064,0.4368,0.8618,0.0577,0.0805,-1.12,SL,1,0.27,TIME_12B,12,0
