trade_id,symbol,direction,market_type,pullback_mode,formation_time,U,L,frozen_atr,breakout_time,breakout_price,confirm_time,confirm_price,low_distance_to_u,high_distance_to_l,entry_time,entry_price,units,nominal_size_usdt,initial_sl,final_sl,sl_updates,exit_time,exit_price,exit_reason,bars_held,gross_pnl_usdt,entry_fee_usdt,exit_fee_usdt,slippage_cost_usdt,net_pnl_usdt,net_r_multiple
2,BNBUSDT,LONG,spot,BREAKOUT_ONLY,2024-01-03 05:15:00+00:00,313.4546,313.0753,0.9959,2024-01-03 05:30:00+00:00,316.3,2024-01-03 05:30:00+00:00,316.3,0.0,0.0,2024-01-03 05:45:00+00:00,316.4581,13.959058,4417.46,312.8761,318.6715,1,2024-01-03 06:45:00+00:00,318.1935,TRAILING_STOP,4,24.22,3.534,3.5533,8.8713,17.14,0.343
1,ETHUSDT,LONG,spot,BREAKOUT_ONLY,2024-01-03 04:45:00+00:00,2368.0212,2366.0207,5.549,2024-01-03 05:00:00+00:00,2373.73,2024-01-03 05:00:00+00:00,2373.73,0.0,0.0,2024-01-03 05:15:00+00:00,2374.9269,4.168549,9900.0,2364.9109,2364.9109,0,2024-01-03 07:45:00+00:00,2361.3635,STOP_LOSS,10,-56.54,7.92,7.8748,19.7152,-72.33,-1.732
3,BNBUSDT,LONG,spot,BREAKOUT_ONLY,2024-01-03 15:45:00+00:00,316.0381,314.7506,4.7681,2024-01-03 16:00:00+00:00,319.6,2024-01-03 16:00:00+00:00,319.6,0.0,0.0,2024-01-03 16:15:00+00:00,319.6597,8.481249,2711.11,313.7969,313.7969,0,2024-01-03 18:30:00+00:00,313.3262,STOP_LOSS,9,-53.72,2.1689,2.1259,5.3417,-58.01,-1.167
4,BNBUSDT,LONG,spot,BREAKOUT_ONLY,2024-01-03 20:45:00+00:00,316.0413,315.5493,2.4008,2024-01-03 21:15:00+00:00,317.5,2024-01-03 21:15:00+00:00,317.5,0.0,0.0,2024-01-03 21:30:00+00:00,317.7588,18.379411,5840.22,315.0692,315.0692,0,2024-01-03 22:45:00+00:00,314.5966,STOP_LOSS,5,-58.12,4.6722,4.6257,11.5933,-67.42,-1.364
5,BNBUSDT,LONG,spot,BREAKOUT_ONLY,2024-01-04 04:00:00+00:00,315.6755,315.5292,1.8361,2024-01-04 04:15:00+00:00,319.2,2024-01-04 04:15:00+00:00,319.2,0.0,0.0,2024-01-04 04:30:00+00:00,319.3596,11.69624,3735.31,315.1619,320.3845,1,2024-01-04 10:15:00+00:00,319.9039,TRAILING_STOP,23,6.37,2.9882,2.9933,7.4802,0.38,0.008
6,BNBUSDT,LONG,spot,BREAKOUT_ONLY,2024-01-04 13:30:00+00:00,318.386,317.6247,1.8524,2024-01-04 14:30:00+00:00,320.1,2024-01-04 14:30:00+00:00,320.1,0.0,0.0,2024-01-04 14:45:00+00:00,320.16,16.896851,5409.7,317.2542,317.2542,0,2024-01-04 22:45:00+00:00,321.5392,TIME_EXIT_8H,32,23.3,4.3278,4.3464,5.4213,14.63,0.298
7,BTCUSDT,LONG,spot,BREAKOUT_ONLY,2024-01-05 07:15:00+00:00,43762.0353,43708.0519,168.7146,2024-01-05 08:00:00+00:00,43872.13,2024-01-05 08:00:00+00:00,43872.13,0.0,0.0,2024-01-05 08:15:00+00:00,43894.0761,0.221808,9736.04,43674.309,43976.2742,1,2024-01-05 09:15:00+00:00,43910.3098,TRAILING_STOP,4,3.6,7.7888,7.7917,19.4775,-11.98,-0.246
8,BTCUSDT,LONG,spot,BREAKOUT_ONLY,2024-01-05 08:45:00+00:00,43780.1613,43723.6075,137.4787,2024-01-05 09:00:00+00:00,44049.71,2024-01-05 09:00:00+00:00,44049.71,0.0,0.0,2024-01-05 09:15:00+00:00,44071.7349,0.130748,5762.3,43696.1118,43696.1118,0,2024-01-05 10:45:00+00:00,43630.5676,STOP_LOSS,6,-57.68,4.6098,4.5637,11.4381,-66.86,-1.361
9,BTCUSDT,LONG,spot,BREAKOUT_ONLY,2024-01-05 11:30:00+00:00,43850.9245,43761.5785,203.8633,2024-01-05 13:00:00+00:00,44001.07,2024-01-05 13:00:00+00:00,44001.07,0.0,0.0,2024-01-05 13:15:00+00:00,44023.0805,0.161369,7103.96,43720.8058,43720.8058,0,2024-01-05 14:15:00+00:00,43655.2246,STOP_LOSS,4,-59.36,5.6832,5.6357,14.1189,-70.68,-1.449
11,ETHUSDT,LONG,spot,BREAKOUT_ONLY,2024-01-05 23:30:00+00:00,2246.868,2242.8084,10.4362,2024-01-05 23:45:00+00:00,2268.78,2024-01-05 23:45:00+00:00,2268.78,0.0,0.0,2024-01-06 00:00:00+00:00,2269.9144,1.661504,3771.47,2240.7212,2240.7212,0,2024-01-06 05:15:00+00:00,2237.3601,STOP_LOSS,21,-54.09,3.0172,2.9739,7.4618,-60.08,-1.239
10,BTCUSDT,LONG,spot,BREAKOUT_ONLY,2024-01-05 21:00:00+00:00,43703.0805,43662.9625,239.3107,2024-01-05 21:45:00+00:00,43946.26,2024-01-05 21:45:00+00:00,43946.26,0.0,0.0,2024-01-05 22:00:00+00:00,43968.2331,0.137128,6029.27,43615.1004,43615.1004,0,2024-01-06 05:45:00+00:00,43549.6777,STOP_LOSS,31,-57.4,4.8234,4.7775,11.9725,-67.0,-1.384
12,BTCUSDT,LONG,spot,BREAKOUT_ONLY,2024-01-06 14:45:00+00:00,43745.9432,43729.8468,82.4709,2024-01-06 15:00:00+00:00,43884.0,2024-01-06 15:00:00+00:00,43884.0,0.0,0.0,2024-01-06 15:15:00+00:00,43905.952,0.215511,9462.22,43713.3526,43939.3568,1,2024-01-06 19:00:00+00:00,43873.4478,TRAILING_STOP,15,-7.01,7.5698,7.5642,18.9139,-22.14,-0.533
13,ETHUSDT,LONG,spot,BREAKOUT_ONLY,2024-01-06 18:15:00+00:00,2244.6861,2242.2672,5.0445,2024-01-06 18:30:00+00:00,2249.77,2024-01-06 18:30:00+00:00,2249.77,0.0,0.0,2024-01-06 18:45:00+00:00,2250.8949,4.200429,9454.72,2241.2583,2241.2583,0,2024-01-06 19:15:00+00:00,2237.8964,STOP_LOSS,2,-54.6,7.5638,7.5201,18.8275,-69.68,-1.722
14,BTCUSDT,LONG,spot,BREAKOUT_ONLY,2024-01-06 23:00:00+00:00,43860.1864,43811.7732,114.7789,2024-01-06 23:45:00+00:00,43968.32,2024-01-06 23:45:00+00:00,43968.32,0.0,0.0,2024-01-07 00:00:00+00:00,43990.3042,0.213031,9371.31,43788.8174,44024.9522,3,2024-01-07 01:45:00+00:00,43958.9147,TRAILING_STOP,7,-6.69,7.4971,7.4917,18.7326,-21.68,-0.505
15,ETHUSDT,LONG,spot,BREAKOUT_ONLY,2024-01-07 01:00:00+00:00,2242.7314,2242.033,5.4205,2024-01-07 01:15:00+00:00,2250.48,2024-01-07 01:15:00+00:00,2250.48,0.0,0.0,2024-01-07 01:30:00+00:00,2251.6052,4.158762,9363.89,2240.9489,2240.9489,0,2024-01-07 02:00:00+00:00,2237.5875,STOP_LOSS,2,-58.3,7.4911,7.4445,18.6403,-73.23,-1.652
16,ETHUSDT,LONG,spot,BREAKOUT_ONLY,2024-01-07 04:45:00+00:00,2244.4405,2243.0103,4.3851,2024-01-07 05:00:00+00:00,2248.49,2024-01-07 05:00:00+00:00,2248.49,0.0,0.0,2024-01-07 05:15:00+00:00,2249.6042,4.123994,9277.35,2242.1332,2242.1332,0,2024-01-07 05:30:00+00:00,2238.77,STOP_LOSS,1,-44.68,7.4219,7.3861,18.4877,-59.49,-1.931
17,ETHUSDT,LONG,spot,BREAKOUT_ONLY,2024-01-07 06:45:00+00:00,2245.7876,2243.5601,4.4797,2024-01-07 07:00:00+00:00,2249.58,2024-01-07 07:00:00+00:00,2249.58,0.0,0.0,2024-01-07 07:15:00+00:00,2250.7148,4.095793,9218.46,2242.6641,2242.6641,0,2024-01-07 08:30:00+00:00,2239.3001,STOP_LOSS,5,-46.75,7.3748,7.3374,18.3668,-61.46,-1.864
18,ETHUSDT,LONG,spot,BREAKOUT_ONLY,2024-01-07 13:45:00+00:00,2242.933,2242.6763,6.02,2024-01-07 14:00:00+00:00,2249.85,2024-01-07 14:00:00+00:00,2249.85,0.0,0.0,2024-01-07 14:15:00+00:00,2250.9749,4.068287,9157.61,2241.4723,2241.4723,0,2024-01-07 15:15:00+00:00,2238.1101,STOP_LOSS,4,-52.34,7.3261,7.2842,18.2367,-66.95,-1.732
19,ETHUSDT,LONG,spot,BREAKOUT_ONLY,2024-01-07 19:15:00+00:00,2241.5568,2240.11,5.6277,2024-01-07 19:30:00+00:00,2248.57,2024-01-07 19:30:00+00:00,2248.57,0.0,0.0,2024-01-07 19:45:00+00:00,2249.6943,4.041142,9091.33,2238.9845,2238.9845,0,2024-01-07 21:00:00+00:00,2235.626,STOP_LOSS,5,-56.85,7.2731,7.2276,18.0974,-71.35,-1.649
20,BTCUSDT,LONG,spot,BREAKOUT_ONLY,2024-01-08 10:45:00+00:00,43885.6067,43850.862,145.0177,2024-01-08 11:00:00+00:00,44182.25,2024-01-08 11:00:00+00:00,44182.25,0.0,0.0,2024-01-08 11:15:00+00:00,44204.3311,0.119117,5265.5,43821.8585,44675.2235,2,2024-01-08 12:15:00+00:00,44608.2107,TRAILING_STOP,4,48.11,4.2124,4.2509,10.6032,39.65,0.87
21,BNBUSDT,LONG,spot,BREAKOUT_ONLY,2024-01-09 07:15:00+00:00,302.0093,301.8609,1.3614,2024-01-09 07:30:00+00:00,303.8,2024-01-09 07:30:00+00:00,303.8,0.0,0.0,2024-01-09 07:45:00+00:00,303.9519,19.361978,5885.11,301.5886,304.059,1,2024-01-09 08:45:00+00:00,303.6029,TRAILING_STOP,4,-6.76,4.7081,4.7027,11.7601,-16.17,-0.353
23,BNBUSDT,LONG,spot,BREAKOUT_ONLY,2024-01-10 01:00:00+00:00,301.3503,300.906,1.794,2024-01-10 01:15:00+00:00,302.3,2024-01-10 01:15:00+00:00,302.3,0.0,0.0,2024-01-10 01:30:00+00:00,302.4511,24.008223,7261.31,300.5472,300.5472,0,2024-01-10 02:45:00+00:00,300.0964,STOP_LOSS,5,-56.53,5.8091,5.7638,14.4378,-68.11,-1.49
22,ETHUSDT,LONG,spot,BREAKOUT_ONLY,2024-01-09 21:45:00+00:00,2281.756,2279.482,35.3155,2024-01-09 22:00:00+00:00,2351.96,2024-01-09 22:00:00+00:00,2351.96,0.0,0.0,2024-01-09 22:15:00+00:00,2353.136,0.565883,1331.6,2272.4189,2272.4189,0,2024-01-10 06:15:00+00:00,2375.6716,TIME_EXIT_8H,32,12.75,1.0653,1.0755,1.338,10.61,0.232
24,BTCUSDT,LONG,spot,BREAKOUT_ONLY,2024-01-10 18:30:00+00:00,45798.8277,45657.0444,409.915,2024-01-10 18:45:00+00:00,46527.33,2024-01-10 18:45:00+00:00,46527.33,0.0,0.0,2024-01-10 19:00:00+00:00,46550.5837,0.046528,2165.9,45575.0614,45575.0614,0,2024-01-10 20:00:00+00:00,45506.6988,STOP_LOSS,4,-48.57,1.7327,1.6939,4.2589,-52.0,-1.146
25,BTCUSDT,LONG,spot,BREAKOUT_ONLY,2024-01-10 19:30:00+00:00,45930.5023,45757.2842,394.7995,2024-01-10 19:45:00+00:00,46489.18,2024-01-10 19:45:00+00:00,46489.18,0.0,0.0,2024-01-10 20:00:00+00:00,46512.4346,0.054104,2516.52,45678.3243,45678.3243,0,2024-01-10 20:15:00+00:00,45480.2372,STOP_LOSS,1,-55.85,2.0132,1.9685,4.9493,-59.83,-1.326
27,BTCUSDT,LONG,spot,BREAKOUT_ONLY,2024-01-10 21:00:00+00:00,45915.6728,45787.6333,703.063,2024-01-10 22:15:00+00:00,46404.54,2024-01-10 22:15:00+00:00,46404.54,0.0,0.0,2024-01-10 22:30:00+00:00,46427.7323,0.057477,2668.52,45647.0207,46382.4938,2,2024-01-10 23:30:00+00:00,46312.9201,TRAILING_STOP,4,-6.6,2.1348,2.1295,5.3271,-10.86,-0.242
26,SOLUSDT,LONG,spot,BREAKOUT_ONLY,2024-01-10 21:30:00+00:00,96.8949,96.2472,1.9268,2024-01-10 21:45:00+00:00,101.68,2024-01-10 21:45:00+00:00,101.68,0.0,0.0,2024-01-10 22:00:00+00:00,101.7408,7.625356,775.81,95.8618,95.8618,0,2024-01-11 06:00:00+00:00,98.1809,TIME_EXIT_8H,32,-27.15,0.6206,0.5989,0.7622,-28.37,-0.633
28,BTCUSDT,LONG,spot,BREAKOUT_ONLY,2024-01-10 23:00:00+00:00,46202.239,45918.413,604.5316,2024-01-10 23:15:00+00:00,46820.01,2024-01-10 23:15:00+00:00,46820.01,0.0,0.0,2024-01-10 23:30:00+00:00,46845.2609,0.042747,2002.5,45797.5067,45797.5067,0,2024-01-11 06:00:00+00:00,45728.8104,STOP_LOSS,26,-47.72,1.602,1.5638,3.9334,-50.89,-1.136
29,BNBUSDT,LONG,spot,BREAKOUT_ONLY,2024-01-12 01:45:00+00:00,308.3928,307.6526,1.6966,2024-01-12 02:00:00+00:00,309.5,2024-01-12 02:00:00+00:00,309.5,0.0,0.0,2024-01-12 02:15:00+00:00,309.7548,18.177141,5630.46,307.3133,309.6173,1,2024-01-12 04:45:00+00:00,309.1529,TRAILING_STOP,10,-10.94,4.5044,4.4956,11.2445,-19.94,-0.449
30,BNBUSDT,LONG,spot,BREAKOUT_ONLY,2024-01-12 09:45:00+00:00,309.4059,308.7638,1.4228,2024-01-12 11:15:00+00:00,311.1,2024-01-12 11:15:00+00:00,311.1,0.0,0.0,2024-01-12 11:30:00+00:00,311.3556,15.394237,4793.08,308.4792,308.4792,0,2024-01-12 15:15:00+00:00,308.0165,STOP_LOSS,15,-51.4,3.8345,3.7933,9.5091,-59.03,-1.333
31,BNBUSDT,LONG,spot,BREAKOUT_ONLY,2024-01-15 01:15:00+00:00,303.7188,303.1651,1.6989,2024-01-15 01:45:00+00:00,304.8,2024-01-15 01:45:00+00:00,304.8,0.0,0.0,2024-01-15 02:00:00+00:00,304.9524,20.678291,6305.89,302.8253,316.0414,15,2024-01-15 07:45:00+00:00,315.5673,TRAILING_STOP,23,219.5,5.0447,5.2203,12.941,209.23,4.757
32,ETHUSDT,LONG,spot,BREAKOUT_ONLY,2024-01-15 17:45:00+00:00,2527.2263,2524.9478,8.4147,2024-01-15 18:00:00+00:00,2535.35,2024-01-15 18:00:00+00:00,2535.35,0.0,0.0,2024-01-15 18:15:00+00:00,2536.6177,3.372364,8554.4,2523.2649,2536.6013,1,2024-01-15 19:30:00+00:00,2532.7964,TRAILING_STOP,5,-12.89,6.8435,6.8332,17.0895,-26.56,-0.59
34,SOLUSDT,LONG,spot,BREAKOUT_ONLY,2024-01-15 19:45:00+00:00,95.6211,95.3215,0.6511,2024-01-15 20:00:00+00:00,96.26,2024-01-15 20:00:00+00:00,96.26,0.0,0.0,2024-01-15 20:15:00+00:00,96.2981,40.545328,3904.44,95.1913,95.1913,0,2024-01-15 20:45:00+00:00,95.0485,STOP_LOSS,2,-50.67,3.1236,3.083,7.7329,-56.87,-1.267
33,BTCUSDT,LONG,spot,BREAKOUT_ONLY,2024-01-15 18:30:00+00:00,42694.3865,42627.1747,194.3631,2024-01-15 18:45:00+00:00,43015.82,2024-01-15 18:45:00+00:00,43015.82,0.0,0.0,2024-01-15 19:00:00+00:00,43037.3279,0.100333,4318.07,42588.3021,42588.3021,0,2024-01-15 22:00:00+00:00,42524.4197,STOP_LOSS,12,-51.46,3.4545,3.4133,8.559,-58.33,-1.295
36,BTCUSDT,LONG,spot,BREAKOUT_ONLY,2024-01-16 03:45:00+00:00,42714.9444,42686.0834,117.4359,2024-01-16 04:00:00+00:00,42940.11,2024-01-16 04:00:00+00:00,42940.11,0.0,0.0,2024-01-16 04:15:00+00:00,42961.57,0.148102,6362.71,42662.5962,42662.5962,0,2024-01-16 06:15:00+00:00,42598.6023,STOP_LOSS,8,-53.76,5.0902,5.0472,12.6448,-63.89,-1.443
37,ETHUSDT,LONG,spot,BREAKOUT_ONLY,2024-01-16 06:15:00+00:00,2528.6289,2525.4437,6.9392,2024-01-16 06:45:00+00:00,2534.89,2024-01-16 06:45:00+00:00,2534.89,0.0,0.0,2024-01-16 07:00:00+00:00,2536.1474,3.434107,8709.4,2524.0559,2524.0559,0,2024-01-16 07:15:00+00:00,2520.2698,STOP_LOSS,1,-54.53,6.9675,6.9239,17.337,-68.42,-1.648
35,SOLUSDT,LONG,spot,BREAKOUT_ONLY,2024-01-16 03:30:00+00:00,95.4017,95.2355,0.5312,2024-01-16 03:45:00+00:00,96.19,2024-01-16 03:45:00+00:00,96.19,0.0,0.0,2024-01-16 04:00:00+00:00,96.2381,39.971405,3846.77,95.1293,97.0286,2,2024-01-16 08:00:00+00:00,96.8831,TRAILING_STOP,16,25.78,3.0774,3.098,7.7322,19.61,0.442
38,ETHUSDT,LONG,spot,BREAKOUT_ONLY,2024-01-16 08:45:00+00:00,2530.4663,2526.4373,8.7213,2024-01-16 09:00:00+00:00,2539.14,2024-01-16 09:00:00+00:00,2539.14,0.0,0.0,2024-01-16 09:15:00+00:00,2540.4096,2.784209,7073.03,2524.693,2524.693,0,2024-01-16 11:30:00+00:00,2520.906,STOP_LOSS,9,-54.3,5.6584,5.615,14.0646,-65.58,-1.499
39,ETHUSDT,LONG,spot,BREAKOUT_ONLY,2024-01-16 15:15:00+00:00,2534.6655,2530.0797,18.0975,2024-01-16 15:30:00+00:00,2561.58,2024-01-16 15:30:00+00:00,2561.58,0.0,0.0,2024-01-16 15:45:00+00:00,2562.8708,1.192793,3056.97,2526.4602,2594.86,4,2024-01-16 22:30:00+00:00,2590.9677,TRAILING_STOP,27,33.51,2.4456,2.4724,6.1642,28.6,0.658
40,BTCUSDT,LONG,spot,BREAKOUT_ONLY,2024-01-16 15:30:00+00:00,42851.9094,42793.6141,331.1478,2024-01-16 15:45:00+00:00,43252.67,2024-01-16 15:45:00+00:00,43252.67,0.0,0.0,2024-01-16 16:00:00+00:00,43274.0762,0.079341,3433.39,42727.3846,42727.3846,0,2024-01-17 00:00:00+00:00,43068.9048,TIME_EXIT_8H,32,-16.28,2.7467,2.7337,3.4252,-21.76,-0.502
41,BTCUSDT,LONG,spot,BREAKOUT_ONLY,2024-01-18 06:30:00+00:00,42708.6551,42676.8329,71.2974,2024-01-18 06:45:00+00:00,42807.05,2024-01-18 06:45:00+00:00,42807.05,0.0,0.0,2024-01-18 07:00:00+00:00,42828.4435,0.200941,8605.97,42662.5734,42662.5734,0,2024-01-18 10:30:00+00:00,42598.5796,STOP_LOSS,14,-46.19,6.8848,6.8478,17.1427,-59.92,-1.798
42,BNBUSDT,LONG,spot,BREAKOUT_ONLY,2024-01-18 22:00:00+00:00,311.4687,311.1564,1.5447,2024-01-18 22:45:00+00:00,312.6,2024-01-18 22:45:00+00:00,312.6,0.0,0.0,2024-01-18 23:00:00+00:00,312.6562,23.864357,7461.34,310.8475,312.4417,2,2024-01-19 00:00:00+00:00,311.9731,TRAILING_STOP,4,-16.3,5.9691,5.956,14.8982,-28.23,-0.654
43,BNBUSDT,LONG,spot,BREAKOUT_ONLY,2024-01-18 23:30:00+00:00,311.9814,311.6019,1.2221,2024-01-18 23:45:00+00:00,313.0,2024-01-18 23:45:00+00:00,313.0,0.0,0.0,2024-01-19 00:00:00+00:00,313.1565,23.914848,7489.09,311.3575,311.3575,0,2024-01-19 00:15:00+00:00,310.6334,STOP_LOSS,1,-60.34,5.9913,5.943,14.8877,-72.28,-1.68
44,BNBUSDT,LONG,spot,BREAKOUT_ONLY,2024-01-19 05:00:00+00:00,311.2576,310.9112,1.1513,2024-01-19 05:15:00+00:00,312.2,2024-01-19 05:15:00+00:00,312.2,0.0,0.0,2024-01-19 05:30:00+00:00,312.3561,25.467156,7954.82,310.6809,313.6452,9,2024-01-19 13:30:00+00:00,314.7425,TIME_EXIT_8H,32,60.78,6.3639,6.4125,7.9852,48.0,1.125
45,BNBUSDT,LONG,spot,BREAKOUT_ONLY,2024-01-19 19:30:00+00:00,311.9715,311.6366,1.5947,2024-01-19 19:45:00+00:00,313.7,2024-01-19 19:45:00+00:00,313.7,0.0,0.0,2024-01-19 20:00:00+00:00,313.8568,16.895749,5302.85,311.3176,311.3176,0,2024-01-20 04:00:00+00:00,313.743,TIME_EXIT_8H,32,-1.92,4.2423,4.2407,5.3019,-10.41,-0.243
46,ETHUSDT,LONG,spot,BREAKOUT_ONLY,2024-01-19 20:00:00+00:00,2478.7671,2474.8505,13.621,2024-01-19 20:15:00+00:00,2491.8,2024-01-19 20:15:00+00:00,2491.8,0.0,0.0,2024-01-19 20:30:00+00:00,2493.0459,2.051197,5113.73,2472.1263,2472.1263,0,2024-01-20 04:30:00+00:00,2480.719,TIME_EXIT_8H,32,-25.28,4.091,4.0708,5.1011,-33.45,-0.779
47,SOLUSDT,LONG,spot,BREAKOUT_ONLY,2024-01-21 10:00:00+00:00,92.6341,92.4952,0.3489,2024-01-21 10:15:00+00:00,93.82,2024-01-21 10:15:00+00:00,93.82,0.0,0.0,2024-01-21 10:30:00+00:00,93.8669,29.611015,2779.49,92.4254,92.4254,0,2024-01-21 15:30:00+00:00,92.2868,STOP_LOSS,20,-46.79,2.2236,2.1862,5.4888,-51.2,-1.199
48,BTCUSDT,LONG,spot,BREAKOUT_ONLY,2024-01-21 21:15:00+00:00,41699.9262,41687.6024,53.2492,2024-01-21 21:45:00+00:00,41785.91,2024-01-21 21:45:00+00:00,41785.91,0.0,0.0,2024-01-21 22:00:00+00:00,41806.793,0.200938,8400.57,41676.9526,41676.9526,0,2024-01-21 22:15:00+00:00,41614.4371,STOP_LOSS,1,-38.65,6.7205,6.6895,16.7432,-52.06,-1.995
49,BTCUSDT,LONG,spot,BREAKOUT_ONLY,2024-01-24 23:30:00+00:00,39907.7623,39873.7078,129.34,2024-01-24 23:45:00+00:00,40084.88,2024-01-24 23:45:00+00:00,40084.88,0.0,0.0,2024-01-25 00:00:00+00:00,40104.9324,0.164014,6577.77,39847.8398,39847.8398,0,2024-01-25 05:00:00+00:00,39788.068,STOP_LOSS,20,-51.97,5.2622,5.2206,13.0776,-62.45,-1.481
50,BTCUSDT,LONG,spot,BREAKOUT_ONLY,2024-01-25 06:45:00+00:00,39959.9313,39925.4103,79.4865,2024-01-25 07:15:00+00:00,40092.17,2024-01-25 07:15:00+00:00,40092.17,0.0,0.0,2024-01-25 07:30:00+00:00,40112.2261,0.206472,8282.05,39909.513,39909.513,0,2024-01-25 12:30:00+00:00,39849.6487,STOP_LOSS,20,-54.21,6.6256,6.5823,16.4828,-67.42,-1.611
51,SOLUSDT,LONG,spot,BREAKOUT_ONLY,2024-01-25 19:00:00+00:00,87.1268,86.7719,0.7596,2024-01-25 19:30:00+00:00,87.94,2024-01-25 19:30:00+00:00,87.94,0.0,0.0,2024-01-25 19:45:00+00:00,87.974,30.664085,2697.64,86.62,86.62,0,2024-01-25 20:45:00+00:00,86.4901,STOP_LOSS,4,-45.5,2.1581,2.1217,5.327,-49.78,-1.199
52,SOLUSDT,LONG,spot,BREAKOUT_ONLY,2024-01-25 22:45:00+00:00,87.1527,87.0492,0.5972,2024-01-25 23:00:00+00:00,87.5,2024-01-25 23:00:00+00:00,87.5,0.0,0.0,2024-01-25 23:15:00+00:00,87.5437,67.208585,5883.69,86.9297,86.9297,0,2024-01-25 23:30:00+00:00,86.56,STOP_LOSS,1,-66.12,4.707,4.6541,11.6682,-75.48,-1.829
53,BTCUSDT,LONG,spot,BREAKOUT_ONLY,2024-01-26 02:15:00+00:00,39945.7706,39926.752,87.9151,2024-01-26 02:30:00+00:00,40148.0,2024-01-26 02:30:00+00:00,40148.0,0.0,0.0,2024-01-26 02:45:00+00:00,40168.074,0.157939,6344.1,39909.169,39909.169,0,2024-01-26 07:30:00+00:00,39849.3053,STOP_LOSS,19,-50.35,5.0753,5.035,12.6127,-60.46,-1.478
54,SOLUSDT,LONG,spot,BREAKOUT_ONLY,2024-01-26 02:15:00+00:00,87.0621,86.9482,0.7408,2024-01-26 02:30:00+00:00,87.72,2024-01-26 02:30:00+00:00,87.72,0.0,0.0,2024-01-26 02:45:00+00:00,87.7639,42.427358,3723.59,86.8001,86.8001,0,2024-01-26 07:45:00+00:00,86.6699,STOP_LOSS,20,-46.42,2.9789,2.9417,7.3776,-52.34,-1.28
55,SOLUSDT,LONG,spot,BREAKOUT_ONLY,2024-01-26 08:15:00+00:00,87.5076,87.2948,0.4746,2024-01-26 08:30:00+00:00,87.78,2024-01-26 08:30:00+00:00,87.78,0.0,0.0,2024-01-26 08:45:00+00:00,87.8139,65.682879,5767.87,87.1999,87.561,1,2024-01-26 10:00:00+00:00,87.3388,TRAILING_STOP,5,-31.21,4.6143,4.5893,11.4889,-40.41,-1.002
56,ETHUSDT,LONG,spot,BREAKOUT_ONLY,2024-01-26 11:00:00+00:00,2220.2261,2218.4253,9.3409,2024-01-26 11:15:00+00:00,2250.49,2024-01-26 11:15:00+00:00,2250.49,0.0,0.0,2024-01-26 11:30:00+00:00,2251.6152,1.144532,2577.05,2216.5571,2216.5571,0,2024-01-26 19:30:00+00:00,2254.0424,TIME_EXIT_8H,32,2.78,2.0616,2.0639,2.5784,-1.35,-0.034
57,SOLUSDT,LONG,spot,BREAKOUT_ONLY,2024-01-29 00:15:00+00:00,95.8869,95.5583,0.7703,2024-01-29 01:15:00+00:00,96.81,2024-01-29 01:15:00+00:00,96.81,0.0,0.0,2024-01-29 01:30:00+00:00,96.8584,27.587638,2672.09,95.4042,97.5531,2,2024-01-29 04:15:00+00:00,97.4068,TRAILING_STOP,11,15.13,2.1377,2.1498,5.3669,10.84,0.27
58,BNBUSDT,LONG,spot,BREAKOUT_ONLY,2024-01-29 01:30:00+00:00,305.4577,305.3659,0.9269,2024-01-29 01:45:00+00:00,306.7,2024-01-29 01:45:00+00:00,306.7,0.0,0.0,2024-01-29 02:00:00+00:00,306.8533,24.008855,7367.2,305.1806,307.8998,2,2024-01-29 10:00:00+00:00,308.4457,TIME_EXIT_8H,32,38.23,5.8938,5.9243,7.3863,26.41,0.658
60,ETHUSDT,LONG,spot,BREAKOUT_ONLY,2024-01-29 10:00:00+00:00,2267.6534,2266.0984,5.8226,2024-01-29 10:30:00+00:00,2274.53,2024-01-29 10:30:00+00:00,2274.53,0.0,0.0,2024-01-29 10:45:00+00:00,2275.6673,3.50404,7974.03,2264.9339,2264.9339,0,2024-01-29 11:45:00+00:00,2261.5365,STOP_LOSS,4,-49.51,6.3792,6.3396,15.8738,-62.23,-1.655
59,BTCUSDT,LONG,spot,BREAKOUT_ONLY,2024-01-29 08:00:00+00:00,42158.2401,42146.1702,94.4323,2024-01-29 09:30:00+00:00,42242.27,2024-01-29 09:30:00+00:00,42242.27,0.0,0.0,2024-01-29 09:45:00+00:00,42263.3911,0.188067,7948.34,42127.2838,42127.2838,0,2024-01-29 12:30:00+00:00,42064.0928,STOP_LOSS,11,-37.48,6.3587,6.3287,15.8405,-50.17,-1.96
61,SOLUSDT,LONG,spot,BREAKOUT_ONLY,2024-01-29 14:45:00+00:00,96.8182,96.5468,0.6759,2024-01-29 15:30:00+00:00,97.84,2024-01-29 15:30:00+00:00,97.84,0.0,0.0,2024-01-29 15:45:00+00:00,97.8889,26.90256,2633.46,96.4116,99.8498,10,2024-01-29 18:30:00+00:00,99.7,TRAILING_STOP,11,48.72,2.1068,2.1457,5.34,44.47,1.119
62,BTCUSDT,LONG,spot,BREAKOUT_ONLY,2024-01-29 15:30:00+00:00,42138.6099,42084.5687,137.9062,2024-01-29 15:45:00+00:00,42641.75,2024-01-29 15:45:00+00:00,42641.75,0.0,0.0,2024-01-29 16:00:00+00:00,42663.0709,0.065864,2809.97,42056.9875,42925.9272,6,2024-01-29 18:45:00+00:00,42861.5383,TRAILING_STOP,11,13.07,2.248,2.2584,5.6396,8.57,0.215
63,BNBUSDT,LONG,spot,BREAKOUT_ONLY,2024-01-30 17:00:00+00:00,309.9973,309.7077,0.8617,2024-01-30 17:45:00+00:00,310.6,2024-01-30 17:45:00+00:00,310.6,0.0,0.0,2024-01-30 18:00:00+00:00,310.6552,25.499496,7921.55,309.5354,309.5354,0,2024-01-30 19:00:00+00:00,309.0711,STOP_LOSS,4,-40.4,6.3372,6.3049,15.7825,-53.04,-1.857
65,ETHUSDT,LONG,spot,BREAKOUT_ONLY,2024-01-31 17:15:00+00:00,2325.4301,2322.6274,10.5962,2024-01-31 17:30:00+00:00,2340.89,2024-01-31 17:30:00+00:00,2340.89,0.0,0.0,2024-01-31 17:45:00+00:00,2342.0504,1.850647,4334.31,2320.5081,2320.5081,0,2024-01-31 19:15:00+00:00,2317.0274,STOP_LOSS,6,-46.31,3.4674,3.4304,8.5992,-53.21,-1.335
64,BTCUSDT,LONG,spot,BREAKOUT_ONLY,2024-01-31 16:15:00+00:00,42984.8094,42919.9348,218.9852,2024-01-31 16:30:00+00:00,43348.81,2024-01-31 16:30:00+00:00,43348.81,0.0,0.0,2024-01-31 16:45:00+00:00,43370.4844,0.080394,3486.74,42876.1377,42876.1377,0,2024-01-31 20:00:00+00:00,42811.8235,STOP_LOSS,13,-44.91,2.7894,2.7535,6.9061,-50.46,-1.27
67,ETHUSDT,LONG,spot,BREAKOUT_ONLY,2024-02-02 15:30:00+00:00,2306.403,2303.3062,9.8628,2024-02-02 15:45:00+00:00,2313.99,2024-02-02 15:45:00+00:00,2313.99,0.0,0.0,2024-02-02 16:00:00+00:00,2315.157,2.843117,6582.26,2301.3337,2301.3337,0,2024-02-02 16:45:00+00:00,2297.8817,STOP_LOSS,3,-49.12,5.2658,5.2265,13.0909,-59.61,-1.517
66,BTCUSDT,LONG,spot,BREAKOUT_ONLY,2024-02-02 15:15:00+00:00,43003.7668,42943.4312,160.5172,2024-02-02 15:30:00+00:00,43208.61,2024-02-02 15:30:00+00:00,43208.61,0.0,0.0,2024-02-02 15:45:00+00:00,43230.2243,0.123,5317.33,42911.3277,42911.3277,0,2024-02-02 17:45:00+00:00,42846.9607,STOP_LOSS,8,-47.14,4.2539,4.2161,10.5639,-55.61,-1.418
68,BTCUSDT,LONG,spot,BREAKOUT_ONLY,2024-02-02 21:00:00+00:00,43031.5453,42986.5222,105.769,2024-02-02 22:15:00+00:00,43144.0,2024-02-02 22:15:00+00:00,43144.0,0.0,0.0,2024-02-02 22:30:00+00:00,43165.572,0.177279,7652.35,42965.3684,43229.8641,5,2024-02-03 01:30:00+00:00,43165.0193,TRAILING_STOP,12,-0.1,6.1219,6.1218,15.3046,-12.34,-0.348
69,ETHUSDT,LONG,spot,BREAKOUT_ONLY,2024-02-02 22:30:00+00:00,2302.5583,2301.2142,4.8204,2024-02-02 22:45:00+00:00,2308.89,2024-02-02 22:45:00+00:00,2308.89,0.0,0.0,2024-02-02 23:00:00+00:00,2310.0444,3.310019,7646.29,2300.2501,2321.1844,8,2024-02-03 04:00:00+00:00,2317.7026,TRAILING_STOP,20,25.35,6.117,6.1373,15.3306,13.09,0.404
70,BNBUSDT,LONG,spot,BREAKOUT_ONLY,2024-02-03 01:00:00+00:00,301.4751,301.3378,0.518,2024-02-03 01:15:00+00:00,302.4,2024-02-03 01:15:00+00:00,302.4,0.0,0.0,2024-02-03 01:30:00+00:00,302.5512,25.23235,7634.08,301.2342,301.2342,0,2024-02-03 09:30:00+00:00,301.949,TIME_EXIT_8H,32,-15.2,6.1073,6.0951,7.6265,-27.4,-0.824
71,BTCUSDT,LONG,spot,BREAKOUT_ONLY,2024-02-03 17:45:00+00:00,43113.9066,43084.2077,70.3142,2024-02-03 18:00:00+00:00,43224.01,2024-02-03 18:00:00+00:00,43224.01,0.0,0.0,2024-02-03 18:15:00+00:00,43245.622,0.176341,7625.97,43070.1448,43070.1448,0,2024-02-03 18:30:00+00:00,43005.5396,STOP_LOSS,1,-42.34,6.1008,6.0669,15.1884,-54.5,-1.761
72,ETHUSDT,LONG,spot,BREAKOUT_ONLY,2024-02-04 12:15:00+00:00,2301.7989,2300.3097,3.6435,2024-02-04 12:30:00+00:00,2306.07,2024-02-04 12:30:00+00:00,2306.07,0.0,0.0,2024-02-04 12:45:00+00:00,2307.223,3.281873,7572.01,2299.581,2299.581,0,2024-02-04 14:45:00+00:00,2296.1316,STOP_LOSS,8,-36.4,6.0576,6.0285,15.0894,-48.49,-1.933
73,ETHUSDT,LONG,spot,BREAKOUT_ONLY,2024-02-04 17:30:00+00:00,2303.0381,2301.9804,4.2509,2024-02-04 17:45:00+00:00,2306.49,2024-02-04 17:45:00+00:00,2306.49,0.0,0.0,2024-02-04 18:00:00+00:00,2307.6532,3.26046,7524.01,2301.1302,2301.1302,0,2024-02-04 18:15:00+00:00,2297.6785,STOP_LOSS,1,-32.52,6.0192,5.9932,14.9992,-44.53,-2.094
75,BTCUSDT,LONG,spot,BREAKOUT_ONLY,2024-02-06 03:30:00+00:00,42772.1342,42729.8582,97.364,2024-02-06 03:45:00+00:00,42851.11,2024-02-06 03:45:00+00:00,42851.11,0.0,0.0,2024-02-06 04:00:00+00:00,42872.5255,0.174383,7476.22,42710.3854,42710.3854,0,2024-02-06 06:15:00+00:00,42646.3199,STOP_LOSS,9,-39.45,5.981,5.9494,14.8933,-51.38,-1.817
74,ETHUSDT,LONG,spot,BREAKOUT_ONLY,2024-02-06 02:00:00+00:00,2303.008,2302.5781,6.0192,2024-02-06 02:15:00+00:00,2318.96,2024-02-06 02:15:00+00:00,2318.96,0.0,0.0,2024-02-06 02:30:00+00:00,2320.1195,2.015303,4675.74,2301.3742,2327.5883,5,2024-02-06 10:30:00+00:00,2324.0969,TRAILING_STOP,32,8.02,3.7406,3.747,9.3635,0.53,0.014
76,BTCUSDT,LONG,spot,BREAKOUT_ONLY,2024-02-06 07:45:00+00:00,42791.4988,42766.2567,69.7935,2024-02-06 08:00:00+00:00,42963.58,2024-02-06 08:00:00+00:00,42963.58,0.0,0.0,2024-02-06 08:15:00+00:00,42985.0718,0.161453,6940.05,42752.298,42752.298,0,2024-02-06 10:45:00+00:00,42688.1696,STOP_LOSS,10,-47.94,5.552,5.5137,13.8082,-59.0,-1.57
77,BNBUSDT,LONG,spot,BREAKOUT_ONLY,2024-02-06 12:30:00+00:00,302.3239,302.1457,0.8351,2024-02-06 13:00:00+00:00,302.8,2024-02-06 13:00:00+00:00,302.8,0.0,0.0,2024-02-06 13:15:00+00:00,302.8513,24.339237,7371.17,301.9787,302.4405,2,2024-02-06 14:15:00+00:00,301.9868,TRAILING_STOP,4,-21.04,5.8969,5.8801,14.7108,-32.82,-1.545
78,BTCUSDT,LONG,spot,BREAKOUT_ONLY,2024-02-06 13:15:00+00:00,42855.8819,42819.92,119.4556,2024-02-06 14:30:00+00:00,43023.36,2024-02-06 14:30:00+00:00,43023.36,0.0,0.0,2024-02-06 14:45:00+00:00,43044.8817,0.14894,6411.09,42796.0288,43112.5288,3,2024-02-06 17:00:00+00:00,43047.86,TRAILING_STOP,9,0.44,5.1289,5.1292,12.8228,-9.81,-0.265
79,BNBUSDT,LONG,spot,BREAKOUT_ONLY,2024-02-06 16:00:00+00:00,302.6729,302.3701,0.7735,2024-02-06 16:15:00+00:00,303.7,2024-02-06 16:15:00+00:00,303.7,0.0,0.0,2024-02-06 16:30:00+00:00,303.8518,22.735193,6908.13,302.2154,302.2154,0,2024-02-07 00:30:00+00:00,302.5487,TIME_EXIT_8H,32,-29.63,5.5265,5.5028,6.8933,-40.66,-1.093
80,SOLUSDT,LONG,spot,BREAKOUT_ONLY,2024-02-06 19:15:00+00:00,95.6402,95.3705,0.5847,2024-02-06 19:30:00+00:00,97.2,2024-02-06 19:30:00+00:00,97.2,0.0,0.0,2024-02-06 19:45:00+00:00,97.2586,18.433117,1792.78,95.2536,95.2536,0,2024-02-07 03:45:00+00:00,95.4523,TIME_EXIT_8H,32,-33.3,1.4342,1.4076,1.7761,-36.14,-0.978
81,BNBUSDT,LONG,spot,BREAKOUT_ONLY,2024-02-07 07:00:00+00:00,302.4849,302.3065,0.5738,2024-02-07 08:15:00+00:00,303.0,2024-02-07 08:15:00+00:00,303.0,0.0,0.0,2024-02-07 08:30:00+00:00,303.1515,23.925116,7252.93,302.1917,303.2553,5,2024-02-07 10:45:00+00:00,302.8005,TRAILING_STOP,9,-8.4,5.8023,5.7956,14.4933,-20.0,-0.871
82,BTCUSDT,LONG,spot,BREAKOUT_ONLY,2024-02-07 10:00:00+00:00,43012.9326,43000.3137,71.5487,2024-02-07 10:15:00+00:00,43104.41,2024-02-07 10:15:00+00:00,43104.41,0.0,0.0,2024-02-07 10:30:00+00:00,43125.9722,0.168047,7247.19,42986.0039,42986.0039,0,2024-02-07 10:45:00+00:00,42921.5249,STOP_LOSS,1,-34.36,5.7978,5.7703,14.4428,-45.92,-1.952
83,BTCUSDT,LONG,spot,BREAKOUT_ONLY,2024-02-07 14:15:00+00:00,43052.1657,43011.3777,88.6625,2024-02-07 14:30:00+00:00,43105.43,2024-02-07 14:30:00+00:00,43105.43,0.0,0.0,2024-02-07 14:45:00+00:00,43126.9927,0.166663,7187.67,42993.6452,42993.6452,0,2024-02-07 15:00:00+00:00,42929.1548,STOP_LOSS,1,-32.97,5.7501,5.7238,14.3259,-44.45,-2.0
84,BNBUSDT,LONG,spot,BREAKOUT_ONLY,2024-02-07 14:15:00+00:00,303.0717,302.7625,0.6403,2024-02-07 14:30:00+00:00,303.8,2024-02-07 14:30:00+00:00,303.8,0.0,0.0,2024-02-07 14:45:00+00:00,304.0519,23.620897,7181.98,302.6344,305.7085,2,2024-02-07 17:45:00+00:00,305.2499,TRAILING_STOP,12,28.3,5.7456,5.7682,14.4064,16.78,0.501
85,BTCUSDT,LONG,spot,BREAKOUT_ONLY,2024-02-07 15:15:00+00:00,43061.8569,43016.6129,142.9777,2024-02-07 16:00:00+00:00,43170.76,2024-02-07 16:00:00+00:00,43170.76,0.0,0.0,2024-02-07 16:15:00+00:00,43192.3454,0.16526,7137.98,42988.0174,43378.2074,2,2024-02-07 17:45:00+00:00,43313.1401,TRAILING_STOP,6,19.96,5.7104,5.7264,14.3059,8.53,0.252
86,BNBUSDT,LONG,spot,BREAKOUT_ONLY,2024-02-10 21:15:00+00:00,322.1328,322.017,0.5698,2024-02-10 21:30:00+00:00,323.6,2024-02-10 21:30:00+00:00,323.6,0.0,0.0,2024-02-10 21:45:00+00:00,323.7618,19.478465,6306.38,321.903,321.903,0,2024-02-11 01:15:00+00:00,321.4202,STOP_LOSS,14,-45.61,5.0451,5.0086,12.5443,-55.66,-1.537
87,ETHUSDT,LONG,spot,BREAKOUT_ONLY,2024-02-12 00:45:00+00:00,2509.7056,2508.5247,6.5686,2024-02-12 01:15:00+00:00,2513.51,2024-02-12 01:15:00+00:00,2513.51,0.0,0.0,2024-02-12 01:30:00+00:00,2514.7668,2.828739,7113.62,2507.211,2507.211,0,2024-02-12 02:30:00+00:00,2503.4501,STOP_LOSS,4,-32.01,5.6909,5.6653,14.1792,-43.37,-2.029
88,BTCUSDT,LONG,spot,BREAKOUT_ONLY,2024-02-12 15:00:00+00:00,48216.2141,48117.4942,220.8661,2024-02-12 15:15:00+00:00,49028.3,2024-02-12 15:15:00+00:00,49028.3,0.0,0.0,2024-02-12 15:30:00+00:00,49052.8242,0.036458,1788.36,48073.321,49758.7423,5,2024-02-12 18:30:00+00:00,49684.1042,TRAILING_STOP,12,23.02,1.4307,1.4491,3.6112,20.14,0.564
89,ETHUSDT,LONG,spot,BREAKOUT_ONLY,2024-02-12 15:30:00+00:00,2505.2763,2499.4686,11.9167,2024-02-12 15:45:00+00:00,2557.87,2024-02-12 15:45:00+00:00,2557.87,0.0,0.0,2024-02-12 16:00:00+00:00,2559.1489,0.576988,1476.6,2497.0852,2643.0475,20,2024-02-13 00:00:00+00:00,2676.9409,TIME_EXIT_8H,32,67.96,1.1813,1.2357,1.5106,65.55,1.83
90,SOLUSDT,LONG,spot,BREAKOUT_ONLY,2024-02-13 20:45:00+00:00,111.6953,111.4604,0.8165,2024-02-13 21:00:00+00:00,113.07,2024-02-13 21:00:00+00:00,113.07,0.0,0.0,2024-02-13 21:15:00+00:00,113.1165,19.862774,2246.81,111.2971,111.2971,0,2024-02-14 00:15:00+00:00,111.1302,STOP_LOSS,12,-39.45,1.7974,1.7659,4.4344,-43.02,-1.19
92,BNBUSDT,LONG,spot,BREAKOUT_ONLY,2024-02-13 23:45:00+00:00,324.1811,323.9866,0.6391,2024-02-14 01:00:00+00:00,324.6,2024-02-14 01:00:00+00:00,324.6,0.0,0.0,2024-02-14 01:15:00+00:00,324.7623,21.886996,7108.07,323.8588,325.3408,6,2024-02-14 04:15:00+00:00,324.8528,TRAILING_STOP,12,1.98,5.6865,5.688,14.2191,-9.39,-0.475
91,BTCUSDT,LONG,spot,BREAKOUT_ONLY,2024-02-13 22:00:00+00:00,49370.9079,49304.5786,216.7389,2024-02-13 22:30:00+00:00,49527.85,2024-02-13 22:30:00+00:00,49527.85,0.0,0.0,2024-02-13 22:45:00+00:00,49552.6139,0.123628,6126.08,49261.2308,49261.2308,0,2024-02-14 04:30:00+00:00,49187.339,STOP_LOSS,23,-45.16,4.9009,4.8647,12.1844,-54.92,-1.525
93,SOLUSDT,LONG,spot,BREAKOUT_ONLY,2024-02-14 03:00:00+00:00,111.7117,111.5257,0.6396,2024-02-14 04:00:00+00:00,112.08,2024-02-14 04:00:00+00:00,112.08,0.0,0.0,2024-02-14 04:15:00+00:00,112.126,49.09278,5504.58,111.3978,111.3978,0,2024-02-14 04:30:00+00:00,111.2307,STOP_LOSS,1,-43.96,4.4037,4.3685,10.9432,-52.73,-1.475
94,SOLUSDT,LONG,spot,BREAKOUT_ONLY,2024-02-14 04:45:00+00:00,111.7156,111.6224,0.5239,2024-02-14 05:15:00+00:00,112.27,2024-02-14 05:15:00+00:00,112.27,0.0,0.0,2024-02-14 05:30:00+00:00,112.3261,43.710454,4909.83,111.5177,114.9606,14,2024-02-14 11:00:00+00:00,114.7882,TRAILING_STOP,22,107.62,3.9279,4.014,9.9811,99.67,2.821
95,BTCUSDT,LONG,spot,BREAKOUT_ONLY,2024-02-14 04:45:00+00:00,49458.9028,49418.8852,121.41,2024-02-14 05:30:00+00:00,49524.64,2024-02-14 05:30:00+00:00,49524.64,0.0,0.0,2024-02-14 05:45:00+00:00,49549.4123,0.141135,6993.16,49394.6032,51117.3129,14,2024-02-14 11:00:00+00:00,51040.6369,TRAILING_STOP,21,210.46,5.5945,5.7629,14.302,199.11,9.113
96,SOLUSDT,LONG,spot,BREAKOUT_ONLY,2024-02-15 13:30:00+00:00,116.0856,115.7959,0.6368,2024-02-15 14:30:00+00:00,116.71,2024-02-15 14:30:00+00:00,116.71,0.0,0.0,2024-02-15 14:45:00+00:00,116.7684,33.490024,3910.57,115.6685,115.6685,0,2024-02-15 15:15:00+00:00,115.495,STOP_LOSS,2,-42.64,3.1285,3.0943,7.7572,-48.87,-1.327
97,BTCUSDT,LONG,spot,BREAKOUT_ONLY,2024-02-16 01:30:00+00:00,51923.5885,51860.8551,160.6666,2024-02-16 02:00:00+00:00,52144.01,2024-02-16 02:00:00+00:00,52144.01,0.0,0.0,2024-02-16 02:15:00+00:00,52170.072,0.107187,5591.94,51828.7218,51828.7218,0,2024-02-16 07:00:00+00:00,51750.9787,STOP_LOSS,19,-44.92,4.4736,4.4376,11.1165,-53.83,-1.471
98,BTCUSDT,LONG,spot,BREAKOUT_ONLY,2024-02-16 10:45:00+00:00,51974.8462,51937.9056,172.7163,2024-02-16 11:00:00+00:00,52244.61,2024-02-16 11:00:00+00:00,52244.61,0.0,0.0,2024-02-16 11:15:00+00:00,52270.7323,0.098862,5167.6,51903.3623,51903.3623,0,2024-02-16 14:45:00+00:00,51825.5072,STOP_LOSS,14,-44.02,4.1341,4.0989,10.2692,-52.25,-1.439
99,BTCUSDT,LONG,spot,BREAKOUT_ONLY,2024-02-16 22:15:00+00:00,51975.8815,51920.6109,112.248,2024-02-16 23:15:00+00:00,52100.11,2024-02-16 23:15:00+00:00,52100.11,0.0,0.0,2024-02-16 23:30:00+00:00,52126.15,0.136965,7139.44,51898.1614,51898.1614,0,2024-02-17 01:30:00+00:00,51820.3141,STOP_LOSS,8,-41.89,5.7116,5.678,14.2161,-53.28,-1.706
100,ETHUSDT,LONG,spot,BREAKOUT_ONLY,2024-02-18 04:00:00+00:00,2780.7374,2778.3493,7.0437,2024-02-18 04:15:00+00:00,2795.6,2024-02-18 04:15:00+00:00,2795.6,0.0,0.0,2024-02-18 04:30:00+00:00,2797.0078,1.783576,4988.68,2776.9406,2806.1638,4,2024-02-18 10:30:00+00:00,2801.9546,TRAILING_STOP,24,8.82,3.9909,3.998,9.9906,0.83,0.023
101,BTCUSDT,LONG,spot,BREAKOUT_ONLY,2024-02-18 05:45:00+00:00,51569.6253,51528.6015,91.5958,2024-02-18 07:15:00+00:00,51669.16,2024-02-18 07:15:00+00:00,51669.16,0.0,0.0,2024-02-18 07:30:00+00:00,51694.9846,0.13701,7082.75,51510.2823,51851.8682,5,2024-02-18 10:30:00+00:00,51774.0904,TRAILING_STOP,12,10.84,5.6662,5.6749,14.1818,-0.5,-0.02
102,BNBUSDT,LONG,spot,BREAKOUT_ONLY,2024-02-19 07:45:00+00:00,352.4523,352.0946,1.196,2024-02-19 08:00:00+00:00,354.1,2024-02-19 08:00:00+00:00,354.1,0.0,0.0,2024-02-19 08:15:00+00:00,354.177,15.417706,5460.6,351.8554,351.8554,0,2024-02-19 08:30:00+00:00,351.3277,STOP_LOSS,1,-43.93,4.3685,4.3333,10.8553,-52.63,-1.47
103,BNBUSDT,LONG,spot,BREAKOUT_ONLY,2024-02-19 11:15:00+00:00,352.4065,352.1758,1.4751,2024-02-19 11:45:00+00:00,353.2,2024-02-19 11:45:00+00:00,353.2,0.0,0.0,2024-02-19 12:00:00+00:00,353.3766,19.907714,7034.92,351.8807,351.8807,0,2024-02-19 14:00:00+00:00,351.3529,STOP_LOSS,8,-40.29,5.6279,5.5957,14.0094,-51.51,-1.73
104,BNBUSDT,LONG,spot,BREAKOUT_ONLY,2024-02-19 15:45:00+00:00,352.9288,352.5915,1.2293,2024-02-19 16:00:00+00:00,355.6,2024-02-19 16:00:00+00:00,355.6,0.0,0.0,2024-02-19 16:15:00+00:00,355.8778,9.985844,3553.74,352.3456,352.3456,0,2024-02-19 16:45:00+00:00,351.8171,STOP_LOSS,2,-40.55,2.843,2.8106,7.0467,-46.2,-1.31
105,SOLUSDT,LONG,spot,BREAKOUT_ONLY,2024-02-19 21:45:00+00:00,112.5492,112.3356,0.5319,2024-02-19 22:00:00+00:00,112.97,2024-02-19 22:00:00+00:00,112.97,0.0,0.0,2024-02-19 22:15:00+00:00,113.0265,43.950308,4967.55,112.2292,112.2292,0,2024-02-19 22:30:00+00:00,112.0608,STOP_LOSS,1,-42.44,3.974,3.9401,9.8714,-50.35,-1.437
106,BNBUSDT,LONG,spot,BREAKOUT_ONLY,2024-02-19 21:45:00+00:00,352.8161,352.7013,0.8968,2024-02-19 22:00:00+00:00,354.6,2024-02-19 22:00:00+00:00,354.6,0.0,0.0,2024-02-19 22:15:00+00:00,354.7773,15.537039,5512.19,352.522,352.522,0,2024-02-19 23:15:00+00:00,351.9932,STOP_LOSS,4,-43.26,4.4098,4.3751,10.9595,-52.04,-1.485
107,BNBUSDT,LONG,spot,BREAKOUT_ONLY,2024-02-20 01:45:00+00:00,352.7261,352.6826,1.5191,2024-02-20 02:15:00+00:00,354.1,2024-02-20 02:15:00+00:00,354.1,0.0,0.0,2024-02-20 02:30:00+00:00,354.3771,17.279547,6123.48,352.3788,352.3788,0,2024-02-20 04:00:00+00:00,351.8503,STOP_LOSS,6,-43.66,4.8988,4.8639,12.1815,-53.43,-1.547
108,BNBUSDT,LONG,spot,BREAKOUT_ONLY,2024-02-20 04:00:00+00:00,353.4952,352.9315,1.4275,2024-02-20 04:30:00+00:00,354.6,2024-02-20 04:30:00+00:00,354.6,0.0,0.0,2024-02-20 04:45:00+00:00,354.7773,16.075457,5703.21,352.646,358.1658,8,2024-02-20 07:45:00+00:00,357.6286,TRAILING_STOP,12,45.84,4.5626,4.5992,11.4752,36.67,1.07
110,ETHUSDT,LONG,spot,BREAKOUT_ONLY,2024-02-20 10:30:00+00:00,2921.2733,2915.1874,13.1361,2024-02-20 11:00:00+00:00,2930.99,2024-02-20 11:00:00+00:00,2930.99,0.0,0.0,2024-02-20 11:15:00+00:00,2932.4555,1.731341,5077.08,2912.5602,2930.2846,2,2024-02-20 13:00:00+00:00,2925.8892,TRAILING_STOP,7,-11.37,4.0617,4.0526,10.1371,-19.48,-0.566
109,BTCUSDT,LONG,spot,BREAKOUT_ONLY,2024-02-20 10:45:00+00:00,51891.7565,51852.1728,129.9219,2024-02-20 11:00:00+00:00,52297.87,2024-02-20 11:00:00+00:00,52297.87,0.0,0.0,2024-02-20 11:15:00+00:00,52324.0289,0.06919,3620.3,51826.1884,52560.8576,1,2024-02-20 14:00:00+00:00,52482.0163,TRAILING_STOP,11,10.93,2.8962,2.905,7.257,5.13,0.149
111,ETHUSDT,LONG,spot,BREAKOUT_ONLY,2024-02-20 19:15:00+00:00,2928.9559,2924.4563,16.3606,2024-02-20 19:30:00+00:00,2958.79,2024-02-20 19:30:00+00:00,2958.79,0.0,0.0,2024-02-20 19:45:00+00:00,2960.2694,0.879459,2603.44,2921.1842,3007.1315,6,2024-02-21 00:15:00+00:00,3002.6208,TRAILING_STOP,18,37.25,2.0827,2.1125,5.2627,33.05,0.962
112,BTCUSDT,LONG,spot,BREAKOUT_ONLY,2024-02-20 21:00:00+00:00,51872.3067,51810.3648,193.3078,2024-02-20 21:15:00+00:00,52141.11,2024-02-20 21:15:00+00:00,52141.11,0.0,0.0,2024-02-20 21:30:00+00:00,52167.1705,0.087251,4551.61,51771.7032,51771.7032,0,2024-02-21 05:30:00+00:00,51830.062,TIME_EXIT_8H,32,-29.41,3.6413,3.6178,4.5369,-36.67,-1.063
113,BNBUSDT,LONG,spot,BREAKOUT_ONLY,2024-02-21 05:00:00+00:00,354.001,353.8966,1.1792,2024-02-21 05:15:00+00:00,354.9,2024-02-21 05:15:00+00:00,354.9,0.0,0.0,2024-02-21 05:30:00+00:00,355.1775,19.152207,6802.43,353.6607,353.6607,0,2024-02-21 06:00:00+00:00,353.1303,STOP_LOSS,2,-39.21,5.4419,5.4106,13.5461,-50.06,-1.723
114,BNBUSDT,LONG,spot,BREAKOUT_ONLY,2024-02-21 08:15:00+00:00,355.3642,354.1988,2.6555,2024-02-21 08:30:00+00:00,364.0,2024-02-21 08:30:00+00:00,364.0,0.0,0.0,2024-02-21 08:45:00+00:00,364.2821,3.213133,1170.49,353.6677,353.6677,0,2024-02-21 16:45:00+00:00,370.9145,TIME_EXIT_8H,32,21.31,0.9364,0.9534,1.1811,19.42,0.569
115,ETHUSDT,LONG,spot,BREAKOUT_ONLY,2024-02-22 03:45:00+00:00,2931.3739,2928.5406,10.4806,2024-02-22 04:00:00+00:00,2937.82,2024-02-22 04:00:00+00:00,2937.82,0.0,0.0,2024-02-22 04:15:00+00:00,2939.2889,2.303992,6772.1,2926.4445,2926.4445,0,2024-02-22 04:30:00+00:00,2922.0548,STOP_LOSS,1,-39.71,5.4177,5.3859,13.4846,-50.51,-1.707
116,ETHUSDT,LONG,spot,BREAKOUT_ONLY,2024-02-22 05:15:00+00:00,2931.4183,2929.2391,10.5068,2024-02-22 05:30:00+00:00,2938.8,2024-02-22 05:30:00+00:00,2938.8,0.0,0.0,2024-02-22 05:45:00+00:00,2940.2694,2.286217,6722.09,2927.1377,3005.1407,13,2024-02-22 10:30:00+00:00,3000.633,TRAILING_STOP,19,138.0,5.3777,5.4881,13.6512,127.14,4.235
117,BTCUSDT,LONG,spot,BREAKOUT_ONLY,2024-02-22 17:45:00+00:00,51531.7425,51524.2895,160.3813,2024-02-22 18:00:00+00:00,51612.67,2024-02-22 18:00:00+00:00,51612.67,0.0,0.0,2024-02-22 18:15:00+00:00,51638.4663,0.132614,6847.96,51492.2133,51492.2133,0,2024-02-22 19:30:00+00:00,51414.9749,STOP_LOSS,5,-29.64,5.4784,5.4547,13.6515,-40.57,-2.092
118,BTCUSDT,LONG,spot,BREAKOUT_ONLY,2024-02-22 18:45:00+00:00,51565.3149,51538.5129,143.5172,2024-02-22 20:15:00+00:00,51915.19,2024-02-22 20:15:00+00:00,51915.19,0.0,0.0,2024-02-22 20:30:00+00:00,51941.1576,0.07971,4140.23,51509.8094,51509.8094,0,2024-02-22 22:15:00+00:00,51432.5447,STOP_LOSS,7,-40.54,3.3122,3.2798,8.2197,-47.13,-1.371
119,BNBUSDT,LONG,spot,BREAKOUT_ONLY,2024-02-24 04:30:00+00:00,376.3743,375.8906,1.4911,2024-02-24 04:45:00+00:00,379.1,2024-02-24 04:45:00+00:00,379.1,0.0,0.0,2024-02-24 05:00:00+00:00,379.3896,8.99264,3411.71,375.5924,375.5924,0,2024-02-24 13:00:00+00:00,380.3098,TIME_EXIT_8H,32,8.27,2.7294,2.736,3.4159,2.81,0.082
120,BNBUSDT,LONG,spot,BREAKOUT_ONLY,2024-02-25 07:00:00+00:00,380.3793,380.0099,1.1418,2024-02-25 07:30:00+00:00,381.0,2024-02-25 07:30:00+00:00,381.0,0.0,0.0,2024-02-25 07:45:00+00:00,381.1905,17.744182,6763.91,379.7815,379.7815,0,2024-02-25 08:45:00+00:00,379.2119,STOP_LOSS,4,-35.11,5.4111,5.383,13.4752,-45.9,-1.836
121,BNBUSDT,LONG,spot,BREAKOUT_ONLY,2024-02-25 10:30:00+00:00,380.1567,379.8163,0.7522,2024-02-25 11:00:00+00:00,382.2,2024-02-25 11:00:00+00:00,382.2,0.0,0.0,2024-02-25 11:15:00+00:00,382.3911,12.450979,4761.14,379.6659,384.6375,1,2024-02-25 12:00:00+00:00,383.424,TRAILING_STOP,3,12.86,3.8089,3.8192,9.5416,5.23,0.154
123,SOLUSDT,LONG,spot,BREAKOUT_ONLY,2024-02-25 14:30:00+00:00,102.8867,102.7836,0.4657,2024-02-25 14:45:00+00:00,103.48,2024-02-25 14:45:00+00:00,103.48,0.0,0.0,2024-02-25 15:00:00+00:00,103.5417,39.895788,4130.88,102.6905,102.6905,0,2024-02-25 15:45:00+00:00,102.5365,STOP_LOSS,3,-40.11,3.3047,3.2726,8.2016,-46.68,-1.375
122,BNBUSDT,LONG,spot,BREAKOUT_ONLY,2024-02-25 11:45:00+00:00,381.0143,380.3196,1.8312,2024-02-25 12:00:00+00:00,384.5,2024-02-25 12:00:00+00:00,384.5,0.0,0.0,2024-02-25 12:15:00+00:00,384.6923,7.165701,2756.59,379.9533,387.957,3,2024-02-25 20:15:00+00:00,389.0054,TIME_EXIT_8H,32,30.91,2.2053,2.23,2.772,26.47,0.78
124,SOLUSDT,LONG,spot,BREAKOUT_ONLY,2024-02-25 17:45:00+00:00,102.9412,102.8844,0.4634,2024-02-25 19:15:00+00:00,103.45,2024-02-25 19:15:00+00:00,103.45,0.0,0.0,2024-02-25 19:30:00+00:00,103.4917,48.323539,5001.09,102.7918,103.4332,3,2024-02-25 21:15:00+00:00,103.2781,TRAILING_STOP,7,-10.32,4.0009,3.9926,9.9867,-18.32,-0.542
125,SOLUSDT,LONG,spot,BREAKOUT_ONLY,2024-02-26 04:00:00+00:00,103.2836,103.1676,0.5058,2024-02-26 05:30:00+00:00,103.77,2024-02-26 05:30:00+00:00,103.77,0.0,0.0,2024-02-26 05:45:00+00:00,103.8119,45.293689,4702.02,103.0664,103.0664,0,2024-02-26 09:15:00+00:00,102.9118,STOP_LOSS,14,-40.77,3.7616,3.729,9.3429,-48.26,-1.429
126,SOLUSDT,LONG,spot,BREAKOUT_ONLY,2024-02-26 16:00:00+00:00,103.0221,102.8185,0.8566,2024-02-26 16:15:00+00:00,105.26,2024-02-26 16:15:00+00:00,105.26,0.0,0.0,2024-02-26 16:30:00+00:00,105.3126,12.577314,1324.55,102.6472,108.8244,14,2024-02-26 21:00:00+00:00,108.6612,TRAILING_STOP,18,42.12,1.0596,1.0933,2.7123,39.96,1.192
127,BNBUSDT,LONG,spot,BREAKOUT_ONLY,2024-02-28 04:00:00+00:00,395.9155,395.8253,1.0584,2024-02-28 04:15:00+00:00,397.2,2024-02-28 04:15:00+00:00,397.2,0.0,0.0,2024-02-28 04:30:00+00:00,397.4986,16.798276,6677.29,395.6136,399.4096,2,2024-02-28 08:00:00+00:00,398.8105,TRAILING_STOP,14,22.04,5.3418,5.3595,13.3876,11.34,0.358
128,SOLUSDT,LONG,spot,BREAKOUT_ONLY,2024-02-28 05:30:00+00:00,108.4768,108.3387,0.4873,2024-02-28 06:15:00+00:00,108.81,2024-02-28 06:15:00+00:00,108.81,0.0,0.0,2024-02-28 06:30:00+00:00,108.8644,54.117344,5891.45,108.2413,109.5338,3,2024-02-28 08:15:00+00:00,109.3695,TRAILING_STOP,7,27.33,4.7132,4.735,11.8239,17.88,0.53
129,SOLUSDT,LONG,spot,BREAKOUT_ONLY,2024-02-28 08:00:00+00:00,108.8956,108.5914,0.6531,2024-02-28 08:15:00+00:00,109.65,2024-02-28 08:15:00+00:00,109.65,0.0,0.0,2024-02-28 08:30:00+00:00,109.7148,27.008373,2963.22,108.4608,112.8638,8,2024-02-28 11:30:00+00:00,112.6945,TRAILING_STOP,12,80.48,2.3706,2.435,6.0472,75.67,2.234
130,BTCUSDT,LONG,spot,BREAKOUT_ONLY,2024-03-01 06:45:00+00:00,61455.4933,61381.651,206.1689,2024-03-01 07:00:00+00:00,61712.32,2024-03-01 07:00:00+00:00,61712.32,0.0,0.0,2024-03-01 07:15:00+00:00,61743.1762,0.085034,5250.26,61340.4172,61340.4172,0,2024-03-01 08:00:00+00:00,61248.4066,STOP_LOSS,3,-42.07,4.2002,4.1666,10.4374,-50.44,-1.473
131,BTCUSDT,LONG,spot,BREAKOUT_ONLY,2024-03-01 07:45:00+00:00,61459.7968,61421.6135,203.808,2024-03-01 08:15:00+00:00,61846.0,2024-03-01 08:15:00+00:00,61846.0,0.0,0.0,2024-03-01 08:30:00+00:00,61876.913,0.068532,4240.53,61380.8519,62219.5834,6,2024-03-01 14:30:00+00:00,62126.254,TRAILING_STOP,24,17.09,3.3924,3.4061,8.5067,10.29,0.303
132,ETHUSDT,LONG,spot,BREAKOUT_ONLY,2024-03-01 09:00:00+00:00,3389.3348,3384.9088,19.2885,2024-03-01 09:15:00+00:00,3423.58,2024-03-01 09:15:00+00:00,3423.58,0.0,0.0,2024-03-01 09:30:00+00:00,3425.2918,0.769451,2635.59,3381.0511,3381.0511,0,2024-03-01 15:45:00+00:00,3375.9795,STOP_LOSS,25,-37.94,2.1085,2.0781,5.2143,-42.13,-1.238
133,BTCUSDT,LONG,spot,BREAKOUT_ONLY,2024-03-01 16:45:00+00:00,61820.2716,61719.6872,319.7008,2024-03-01 17:30:00+00:00,62036.61,2024-03-01 17:30:00+00:00,62036.61,0.0,0.0,2024-03-01 17:45:00+00:00,62067.6383,0.08215,5098.84,61655.747,62498.2545,8,2024-03-01 21:00:00+00:00,62404.5071,TRAILING_STOP,13,27.67,4.0791,4.1012,10.2392,19.49,0.576
135,BNBUSDT,LONG,spot,BREAKOUT_ONLY,2024-03-01 21:15:00+00:00,406.4385,406.0442,1.091,2024-03-01 21:45:00+00:00,407.1,2024-03-01 21:45:00+00:00,407.1,0.0,0.0,2024-03-01 22:00:00+00:00,407.3035,16.488057,6715.64,405.826,405.826,0,2024-03-01 22:45:00+00:00,405.2173,STOP_LOSS,3,-34.4,5.3725,5.345,13.3797,-45.12,-1.852
134,ETHUSDT,LONG,spot,BREAKOUT_ONLY,2024-03-01 17:15:00+00:00,3408.3593,3401.2283,17.721,2024-03-01 17:30:00+00:00,3423.54,2024-03-01 17:30:00+00:00,3423.54,0.0,0.0,2024-03-01 17:45:00+00:00,3425.2518,1.227408,4204.18,3397.6841,3434.3728,1,2024-03-02 01:15:00+00:00,3429.2213,TRAILING_STOP,30,4.87,3.3633,3.3672,8.4157,-1.86,-0.055
136,ETHUSDT,LONG,spot,BREAKOUT_ONLY,2024-03-02 17:30:00+00:00,3419.3642,3418.9609,9.6293,2024-03-02 18:30:00+00:00,3426.45,2024-03-02 18:30:00+00:00,3426.45,0.0,0.0,2024-03-02 18:45:00+00:00,3428.1532,1.946374,6672.47,3417.035,3417.035,0,2024-03-02 20:00:00+00:00,3411.9095,STOP_LOSS,5,-31.62,5.338,5.3127,13.2975,-42.27,-1.953
137,BNBUSDT,LONG,spot,BREAKOUT_ONLY,2024-03-02 19:30:00+00:00,408.7254,408.3936,0.9523,2024-03-02 19:45:00+00:00,409.6,2024-03-02 19:45:00+00:00,409.6,0.0,0.0,2024-03-02 20:00:00+00:00,409.9048,16.176009,6630.62,408.2031,408.2031,0,2024-03-02 20:15:00+00:00,407.0885,STOP_LOSS,1,-45.56,5.3045,5.2681,13.1929,-56.13,-2.039
139,BTCUSDT,LONG,spot,BREAKOUT_ONLY,2024-03-02 22:00:00+00:00,61942.1787,61903.3681,108.8264,2024-03-02 23:15:00+00:00,62013.13,2024-03-02 23:15:00+00:00,62013.13,0.0,0.0,2024-03-02 23:30:00+00:00,62044.1366,0.10589,6569.85,61881.6029,61881.6029,0,2024-03-03 00:00:00+00:00,61788.7804,STOP_LOSS,2,-27.04,5.2559,5.2342,13.0991,-37.53,-2.181
140,SOLUSDT,LONG,spot,BREAKOUT_ONLY,2024-03-03 00:15:00+00:00,129.3435,129.1137,0.9441,2024-03-03 00:30:00+00:00,130.15,2024-03-03 00:30:00+00:00,130.15,0.0,0.0,2024-03-03 00:45:00+00:00,130.2051,25.82848,3363.0,128.9249,128.9249,0,2024-03-03 01:00:00+00:00,128.6068,STOP_LOSS,1,-41.28,2.6904,2.6574,6.6641,-46.63,-1.41
138,BNBUSDT,LONG,spot,BREAKOUT_ONLY,2024-03-02 22:45:00+00:00,408.7637,408.4721,0.8588,2024-03-02 23:00:00+00:00,409.7,2024-03-02 23:00:00+00:00,409.7,0.0,0.0,2024-03-02 23:15:00+00:00,409.8048,16.044359,6575.06,408.3004,409.5702,1,2024-03-03 01:15:00+00:00,408.9558,TRAILING_STOP,8,-13.62,5.26,5.2491,13.1297,-24.13,-1.0
141,ETHUSDT,LONG,spot,BREAKOUT_ONLY,2024-03-03 00:30:00+00:00,3417.4271,3415.3328,8.8768,2024-03-03 00:45:00+00:00,3427.86,2024-03-03 00:45:00+00:00,3427.86,0.0,0.0,2024-03-03 01:00:00+00:00,3429.5739,1.891352,6486.53,3413.5574,3413.5574,0,2024-03-03 02:15:00+00:00,3408.4371,STOP_LOSS,5,-39.98,5.1892,5.1572,12.9131,-50.32,-1.661
142,SOLUSDT,LONG,spot,BREAKOUT_ONLY,2024-03-03 01:15:00+00:00,129.3814,129.2078,1.1152,2024-03-03 01:30:00+00:00,130.29,2024-03-03 01:30:00+00:00,130.29,0.0,0.0,2024-03-03 01:45:00+00:00,130.3551,23.825294,3105.75,128.9847,128.9847,0,2024-03-03 02:15:00+00:00,128.7912,STOP_LOSS,2,-37.26,2.4846,2.4548,6.1556,-42.2,-1.292
143,ETHUSDT,LONG,spot,BREAKOUT_ONLY,2024-03-03 02:30:00+00:00,3420.0768,3418.5098,8.7093,2024-03-03 03:15:00+00:00,3424.94,2024-03-03 03:15:00+00:00,3424.94,0.0,0.0,2024-03-03 03:30:00+00:00,3426.6525,1.860781,6376.25,3416.768,3431.3819,3,2024-03-03 05:30:00+00:00,3426.2348,TRAILING_STOP,8,-0.78,5.101,5.1004,12.7513,-10.98,-0.597
144,SOLUSDT,LONG,spot,BREAKOUT_ONLY,2024-03-03 02:30:00+00:00,129.4498,129.2782,1.0814,2024-03-03 03:30:00+00:00,130.24,2024-03-03 03:30:00+00:00,130.24,0.0,0.0,2024-03-03 03:45:00+00:00,130.3051,25.919281,3377.41,129.0619,129.0619,0,2024-03-03 06:00:00+00:00,128.8683,STOP_LOSS,9,-37.24,2.7019,2.6721,6.699,-42.62,-1.322
145,BNBUSDT,LONG,spot,BREAKOUT_ONLY,2024-03-03 09:15:00+00:00,409.4148,408.9296,2.4437,2024-03-03 09:30:00+00:00,411.2,2024-03-03 09:30:00+00:00,411.2,0.0,0.0,2024-03-03 09:45:00+00:00,411.3055,11.148052,4585.26,408.4409,412.1928,3,2024-03-03 13:15:00+00:00,411.5745,TRAILING_STOP,14,3.0,3.6682,3.6706,9.175,-4.34,-0.136
146,BTCUSDT,LONG,spot,BREAKOUT_ONLY,2024-03-03 12:30:00+00:00,61911.4228,61859.7385,216.7688,2024-03-03 12:45:00+00:00,62184.02,2024-03-03 12:45:00+00:00,62184.02,0.0,0.0,2024-03-03 13:00:00+00:00,62215.122,0.080422,5003.45,61816.3847,62539.7223,4,2024-03-03 17:30:00+00:00,62445.9127,TRAILING_STOP,18,18.56,4.0028,4.0176,10.0347,10.54,0.329
147,ETHUSDT,LONG,spot,BREAKOUT_ONLY,2024-03-03 12:30:00+00:00,3415.7659,3414.0684,12.737,2024-03-03 13:00:00+00:00,3423.99,2024-03-03 13:00:00+00:00,3423.99,0.0,0.0,2024-03-03 13:15:00+00:00,3425.702,1.843398,6314.93,3411.521,3457.1869,8,2024-03-03 18:30:00+00:00,3452.0011,TRAILING_STOP,21,48.48,5.0519,5.0907,12.7026,38.34,1.467
148,SOLUSDT,LONG,spot,BREAKOUT_ONLY,2024-03-03 17:45:00+00:00,129.67,129.2415,0.8889,2024-03-03 18:00:00+00:00,130.97,2024-03-03 18:00:00+00:00,130.97,0.0,0.0,2024-03-03 18:15:00+00:00,131.0355,16.384674,2146.97,129.0637,129.0637,0,2024-03-04 00:45:00+00:00,128.8702,STOP_LOSS,26,-35.48,1.7176,1.6892,4.2407,-38.89,-1.204
149,SOLUSDT,LONG,spot,BREAKOUT_ONLY,2024-03-04 08:30:00+00:00,129.9789,129.7758,0.8723,2024-03-04 08:45:00+00:00,132.0,2024-03-04 08:45:00+00:00,132.0,0.0,0.0,2024-03-04 09:00:00+00:00,132.066,12.968988,1712.76,129.6014,132.685,1,2024-03-04 10:30:00+00:00,132.486,TRAILING_STOP,6,5.45,1.3702,1.3746,3.4337,2.7,0.085
150,BNBUSDT,LONG,spot,BREAKOUT_ONLY,2024-03-04 21:30:00+00:00,416.3544,415.7267,1.6184,2024-03-04 22:15:00+00:00,417.4,2024-03-04 22:15:00+00:00,417.4,0.0,0.0,2024-03-04 22:30:00+00:00,417.7087,13.868336,5792.93,415.403,418.1409,1,2024-03-04 23:15:00+00:00,417.5137,TRAILING_STOP,3,-2.7,4.6343,4.6322,11.5818,-11.97,-0.374
151,SOLUSDT,LONG,spot,BREAKOUT_ONLY,2024-03-04 23:00:00+00:00,130.3783,130.1545,0.9748,2024-03-04 23:15:00+00:00,132.26,2024-03-04 23:15:00+00:00,132.26,0.0,0.0,2024-03-04 23:30:00+00:00,132.3261,13.486819,1784.66,129.9596,129.9596,0,2024-03-05 02:15:00+00:00,129.7646,STOP_LOSS,11,-34.55,1.4277,1.4001,3.5175,-37.37,-1.171
152,BNBUSDT,LONG,spot,BREAKOUT_ONLY,2024-03-04 23:00:00+00:00,416.9084,416.2202,1.5795,2024-03-04 23:15:00+00:00,419.1,2024-03-04 23:15:00+00:00,419.1,0.0,0.0,2024-03-04 23:30:00+00:00,419.3096,9.372985,3930.18,415.9043,415.9043,0,2024-03-05 02:30:00+00:00,415.2805,STOP_LOSS,12,-37.76,3.1441,3.1139,7.8037,-44.02,-1.379
153,SOLUSDT,LONG,spot,BREAKOUT_ONLY,2024-03-05 04:00:00+00:00,130.7746,130.6604,1.072,2024-03-05 05:30:00+00:00,131.86,2024-03-05 05:30:00+00:00,131.86,0.0,0.0,2024-03-05 05:45:00+00:00,131.9259,21.291778,2808.94,130.446,130.446,0,2024-03-05 07:15:00+00:00,130.2503,STOP_LOSS,6,-35.68,2.2472,2.2186,5.5644,-40.14,-1.274
154,SOLUSDT,LONG,spot,BREAKOUT_ONLY,2024-03-05 10:15:00+00:00,130.6329,130.4938,0.9108,2024-03-05 10:30:00+00:00,131.57,2024-03-05 10:30:00+00:00,131.57,0.0,0.0,2024-03-05 10:45:00+00:00,131.6258,23.82518,3136.01,130.3116,131.4136,1,2024-03-05 13:30:00+00:00,131.2165,TRAILING_STOP,11,-9.75,2.5088,2.501,6.2574,-14.76,-0.471
155,SOLUSDT,LONG,spot,BREAKOUT_ONLY,2024-03-06 16:45:00+00:00,128.7674,128.6992,1.5275,2024-03-06 17:30:00+00:00,129.67,2024-03-06 17:30:00+00:00,129.67,0.0,0.0,2024-03-06 17:45:00+00:00,129.7448,23.117177,2999.33,128.3936,130.3726,11,2024-03-06 22:45:00+00:00,130.1771,TRAILING_STOP,20,9.99,2.3995,2.4075,6.0137,5.19,0.166
156,BTCUSDT,LONG,spot,BREAKOUT_ONLY,2024-03-07 07:45:00+00:00,66153.8753,66077.0605,270.2936,2024-03-07 08:00:00+00:00,66766.06,2024-03-07 08:00:00+00:00,66766.06,0.0,0.0,2024-03-07 08:15:00+00:00,66799.433,0.040263,2689.56,66023.0018,67191.0912,1,2024-03-07 14:45:00+00:00,67090.3046,TRAILING_STOP,26,11.71,2.1517,2.161,5.3967,7.4,0.237
157,ETHUSDT,LONG,spot,BREAKOUT_ONLY,2024-03-07 14:00:00+00:00,3793.0845,3785.7572,17.7605,2024-03-07 14:15:00+00:00,3824.52,2024-03-07 14:15:00+00:00,3824.52,0.0,0.0,2024-03-07 14:30:00+00:00,3826.4423,0.708244,2710.06,3782.2051,3782.2051,0,2024-03-07 14:45:00+00:00,3776.5318,STOP_LOSS,1,-35.35,2.168,2.1398,5.3671,-39.66,-1.266
158,ETHUSDT,LONG,spot,BREAKOUT_ONLY,2024-03-07 15:00:00+00:00,3798.2469,3787.8345,25.6616,2024-03-07 15:15:00+00:00,3814.05,2024-03-07 15:15:00+00:00,3814.05,0.0,0.0,2024-03-07 15:30:00+00:00,3815.957,0.935214,3568.74,3782.7022,3892.0223,19,2024-03-07 21:00:00+00:00,3886.1843,TRAILING_STOP,22,65.68,2.855,2.9075,7.236,59.91,1.927
159,BTCUSDT,LONG,spot,BREAKOUT_ONLY,2024-03-08 16:45:00+00:00,67676.6551,67304.9596,843.5326,2024-03-08 17:15:00+00:00,68253.62,2024-03-08 17:15:00+00:00,68253.62,0.0,0.0,2024-03-08 17:30:00+00:00,68287.7368,0.027269,1862.15,67136.253,67136.253,0,2024-03-09 01:30:00+00:00,67953.996,TIME_EXIT_8H,32,-9.1,1.4897,1.4824,1.8576,-12.07,-0.384
161,SOLUSDT,LONG,spot,BREAKOUT_ONLY,2024-03-09 03:30:00+00:00,146.0857,145.7705,0.9476,2024-03-09 04:15:00+00:00,146.57,2024-03-09 04:15:00+00:00,146.57,0.0,0.0,2024-03-09 04:30:00+00:00,146.6433,29.478712,4322.86,145.5809,147.7334,9,2024-03-09 08:30:00+00:00,147.5118,TRAILING_STOP,16,25.6,3.4583,3.4788,8.6841,18.66,0.596
160,ETHUSDT,LONG,spot,BREAKOUT_ONLY,2024-03-09 03:00:00+00:00,3912.0049,3906.4657,12.609,2024-03-09 03:15:00+00:00,3921.96,2024-03-09 03:15:00+00:00,3921.96,0.0,0.0,2024-03-09 03:30:00+00:00,3923.921,1.568776,6155.75,3903.9439,3903.9439,0,2024-03-09 10:15:00+00:00,3898.088,STOP_LOSS,27,-40.53,4.9246,4.8922,12.2507,-50.34,-1.606
162,ETHUSDT,LONG,spot,BREAKOUT_ONLY,2024-03-09 13:30:00+00:00,3917.1617,3913.9381,9.7079,2024-03-09 14:00:00+00:00,3924.49,2024-03-09 14:00:00+00:00,3924.49,0.0,0.0,2024-03-09 14:15:00+00:00,3926.4522,1.57238,6173.87,3911.9965,3911.9965,0,2024-03-09 14:45:00+00:00,3906.1285,STOP_LOSS,2,-31.96,4.9391,4.9135,12.2998,-41.81,-1.839
163,SOLUSDT,LONG,spot,BREAKOUT_ONLY,2024-03-09 14:45:00+00:00,146.6522,146.4101,0.8289,2024-03-09 15:30:00+00:00,147.15,2024-03-09 15:30:00+00:00,147.15,0.0,0.0,2024-03-09 15:45:00+00:00,147.2136,31.95513,4704.23,146.2443,146.2443,0,2024-03-09 16:00:00+00:00,146.025,STOP_LOSS,1,-37.98,3.7634,3.733,9.3515,-45.48,-1.468
165,SOLUSDT,LONG,spot,BREAKOUT_ONLY,2024-03-10 01:45:00+00:00,145.9638,145.785,0.8212,2024-03-10 02:00:00+00:00,146.76,2024-03-10 02:00:00+00:00,146.76,0.0,0.0,2024-03-10 02:15:00+00:00,146.8334,25.3271,3718.86,145.6208,146.6552,2,2024-03-10 03:15:00+00:00,146.4353,TRAILING_STOP,4,-10.08,2.9751,2.967,7.4226,-16.03,-0.522
164,ETHUSDT,LONG,spot,BREAKOUT_ONLY,2024-03-10 00:30:00+00:00,3905.7063,3902.5296,10.3918,2024-03-10 01:00:00+00:00,3931.69,2024-03-10 01:00:00+00:00,3931.69,0.0,0.0,2024-03-10 01:15:00+00:00,3933.6458,0.926197,3643.33,3900.4513,3900.4513,0,2024-03-10 09:15:00+00:00,3932.053,TIME_EXIT_8H,32,-1.48,2.9147,2.9135,3.6426,-7.3,-0.238
166,SOLUSDT,LONG,spot,BREAKOUT_ONLY,2024-03-10 02:45:00+00:00,146.3334,146.055,0.8347,2024-03-10 03:00:00+00:00,147.13,2024-03-10 03:00:00+00:00,147.13,0.0,0.0,2024-03-10 03:15:00+00:00,147.2136,23.126579,3404.55,145.8881,145.8881,0,2024-03-10 09:30:00+00:00,145.6693,STOP_LOSS,25,-35.71,2.7236,2.6951,6.7555,-41.13,-1.342
167,BTCUSDT,LONG,spot,BREAKOUT_ONLY,2024-03-11 07:30:00+00:00,69161.8816,68952.0493,488.7061,2024-03-11 07:45:00+00:00,71019.99,2024-03-11 07:45:00+00:00,71019.99,0.0,0.0,2024-03-11 08:00:00+00:00,71055.5,0.013821,982.05,68854.3081,68854.3081,0,2024-03-11 16:00:00+00:00,72280.7715,TIME_EXIT_8H,32,16.93,0.7856,0.7992,0.9905,15.35,0.505
168,ETHUSDT,LONG,spot,BREAKOUT_ONLY,2024-03-11 07:45:00+00:00,3894.8331,3880.5772,31.1996,2024-03-11 08:00:00+00:00,4000.14,2024-03-11 08:00:00+00:00,4000.14,0.0,0.0,2024-03-11 08:15:00+00:00,4002.1301,0.238268,953.58,3874.3373,3874.3373,0,2024-03-11 16:15:00+00:00,4021.4183,TIME_EXIT_8H,32,4.6,0.7629,0.7665,0.9559,3.07,0.101
169,BNBUSDT,LONG,spot,BREAKOUT_ONLY,2024-03-11 21:30:00+00:00,520.2257,519.6004,1.9263,2024-03-11 21:45:00+00:00,521.9,2024-03-11 21:45:00+00:00,521.9,0.0,0.0,2024-03-11 22:00:00+00:00,522.1609,10.358641,5408.88,519.2151,527.6397,5,2024-03-12 03:15:00+00:00,526.8482,TRAILING_STOP,21,48.55,4.3271,4.3659,10.8906,39.86,1.306
170,BNBUSDT,LONG,spot,BREAKOUT_ONLY,2024-03-12 14:30:00+00:00,529.379,527.5023,6.8824,2024-03-12 14:45:00+00:00,543.8,2024-03-12 14:45:00+00:00,543.8,0.0,0.0,2024-03-12 15:00:00+00:00,544.0719,1.711451,931.15,526.1258,526.1258,0,2024-03-12 17:15:00+00:00,525.3366,STOP_LOSS,9,-32.06,0.7449,0.7193,1.8142,-33.53,-1.092
171,SOLUSDT,LONG,spot,BREAKOUT_ONLY,2024-03-12 23:45:00+00:00,149.0762,148.9532,1.1604,2024-03-13 00:00:00+00:00,150.69,2024-03-13 00:00:00+00:00,150.69,0.0,0.0,2024-03-13 00:15:00+00:00,150.7553,15.016293,2263.79,148.7211,148.7211,0,2024-03-13 03:30:00+00:00,148.4981,STOP_LOSS,13,-33.9,1.811,1.7839,4.4767,-37.49,-1.227
172,BTCUSDT,LONG,spot,BREAKOUT_ONLY,2024-03-13 01:45:00+00:00,71440.4521,71387.2177,283.0447,2024-03-13 02:00:00+00:00,71968.02,2024-03-13 02:00:00+00:00,71968.02,0.0,0.0,2024-03-13 02:15:00+00:00,72004.004,0.045279,3260.3,71330.6087,73093.9205,11,2024-03-13 10:15:00+00:00,73219.0522,TIME_EXIT_8H,32,55.02,2.6082,2.6522,3.2878,49.76,1.632
173,SOLUSDT,LONG,spot,BREAKOUT_ONLY,2024-03-13 05:15:00+00:00,149.816,149.357,1.0061,2024-03-13 05:30:00+00:00,152.38,2024-03-13 05:30:00+00:00,152.38,0.0,0.0,2024-03-13 05:45:00+00:00,152.4662,9.176831,1399.16,149.1558,149.1558,0,2024-03-13 13:45:00+00:00,151.3043,TIME_EXIT_8H,32,-10.66,1.1193,1.1108,1.3938,-12.89,-0.424
174,SOLUSDT,LONG,spot,BREAKOUT_ONLY,2024-03-14 20:30:00+00:00,166.974,165.5575,2.8593,2024-03-14 21:00:00+00:00,169.79,2024-03-14 21:00:00+00:00,169.79,0.0,0.0,2024-03-14 21:15:00+00:00,169.8749,6.24695,1061.2,164.9856,181.8526,12,2024-03-15 02:15:00+00:00,181.5798,TRAILING_STOP,20,73.12,0.849,0.9075,2.2321,71.36,2.336
175,BNBUSDT,LONG,spot,BREAKOUT_ONLY,2024-03-14 22:00:00+00:00,597.144,595.1673,6.7863,2024-03-14 22:15:00+00:00,606.8,2024-03-14 22:15:00+00:00,606.8,0.0,0.0,2024-03-14 22:30:00+00:00,607.2034,2.286447,1388.34,593.8101,593.8101,0,2024-03-15 02:15:00+00:00,592.9193,STOP_LOSS,15,-32.66,1.1107,1.0845,2.7277,-34.86,-1.138
176,SOLUSDT,LONG,spot,BREAKOUT_ONLY,2024-03-15 11:30:00+00:00,173.1183,171.6348,3.281,2024-03-15 13:00:00+00:00,175.49,2024-03-15 13:00:00+00:00,175.49,0.0,0.0,2024-03-15 13:15:00+00:00,175.5777,6.680762,1172.99,170.9786,179.0064,10,2024-03-15 16:00:00+00:00,178.7379,TRAILING_STOP,11,21.11,0.9384,0.9553,2.3777,19.22,0.625
177,BNBUSDT,LONG,spot,BREAKOUT_ONLY,2024-03-15 16:00:00+00:00,586.0678,582.9715,9.7091,2024-03-15 16:15:00+00:00,594.7,2024-03-15 16:15:00+00:00,594.7,0.0,0.0,2024-03-15 16:30:00+00:00,594.9973,2.206637,1312.94,581.0296,599.9481,2,2024-03-15 19:45:00+00:00,599.0482,TRAILING_STOP,13,8.94,1.0504,1.0575,2.6393,6.83,0.222
178,SOLUSDT,LONG,spot,BREAKOUT_ONLY,2024-03-17 02:15:00+00:00,185.3244,184.1292,2.9205,2024-03-17 02:45:00+00:00,187.5,2024-03-17 02:45:00+00:00,187.5,0.0,0.0,2024-03-17 03:00:00+00:00,187.5938,7.621206,1429.69,183.5451,183.5451,0,2024-03-17 04:45:00+00:00,183.2698,STOP_LOSS,7,-32.95,1.1438,1.1174,2.81,-35.22,-1.141
179,SOLUSDT,LONG,spot,BREAKOUT_ONLY,2024-03-17 05:00:00+00:00,185.3478,184.9069,2.3987,2024-03-17 05:30:00+00:00,186.87,2024-03-17 05:30:00+00:00,186.87,0.0,0.0,2024-03-17 05:45:00+00:00,186.9634,12.096361,2261.58,184.4272,184.4272,0,2024-03-17 06:45:00+00:00,184.1505,STOP_LOSS,4,-34.03,1.8093,1.782,4.4721,-37.62,-1.226
180,SOLUSDT,LONG,spot,BREAKOUT_ONLY,2024-03-17 06:15:00+00:00,185.8864,185.5368,2.051,2024-03-17 06:30:00+00:00,186.94,2024-03-17 06:30:00+00:00,186.94,0.0,0.0,2024-03-17 06:45:00+00:00,187.0335,15.99054,2990.77,185.1266,185.1266,0,2024-03-17 07:00:00+00:00,182.6356,STOP_LOSS,1,-70.32,2.3926,2.3364,5.876,-75.05,-2.461
181,SOLUSDT,LONG,spot,BREAKOUT_ONLY,2024-03-17 08:30:00+00:00,185.1206,184.2394,3.2248,2024-03-17 09:00:00+00:00,187.02,2024-03-17 09:00:00+00:00,187.02,0.0,0.0,2024-03-17 09:15:00+00:00,187.1235,8.533782,1596.87,183.5944,189.8948,8,2024-03-17 12:30:00+00:00,189.61,TRAILING_STOP,13,21.22,1.2775,1.2945,3.2256,18.65,0.619
182,SOLUSDT,LONG,spot,BREAKOUT_ONLY,2024-03-18 20:30:00+00:00,201.6093,200.4556,2.3776,2024-03-18 21:00:00+00:00,202.81,2024-03-18 21:00:00+00:00,202.81,0.0,0.0,2024-03-18 21:15:00+00:00,202.9114,10.305641,2091.13,199.98,201.1757,1,2024-03-18 21:45:00+00:00,200.8739,TRAILING_STOP,2,-21.0,1.6729,1.6561,4.1508,-24.33,-0.805
183,BTCUSDT,LONG,spot,BREAKOUT_ONLY,2024-03-19 00:00:00+00:00,67630.8559,67565.1576,280.7203,2024-03-19 00:15:00+00:00,67835.59,2024-03-19 00:15:00+00:00,67835.59,0.0,0.0,2024-03-19 00:30:00+00:00,67869.5178,0.083461,5664.45,67509.0135,67509.0135,0,2024-03-19 00:45:00+00:00,67328.855,STOP_LOSS,1,-45.12,4.5316,4.4955,11.2612,-54.15,-1.8
185,BNBUSDT,LONG,spot,BREAKOUT_ONLY,2024-03-20 18:45:00+00:00,526.2807,524.6166,6.0736,2024-03-20 19:00:00+00:00,540.5,2024-03-20 19:00:00+00:00,540.5,0.0,0.0,2024-03-20 19:15:00+00:00,540.7702,1.724215,932.4,523.4019,551.7049,6,2024-03-21 00:00:00+00:00,550.8773,TRAILING_STOP,19,17.43,0.7459,0.7599,1.8909,15.92,0.532
184,BTCUSDT,LONG,spot,BREAKOUT_ONLY,2024-03-20 18:00:00+00:00,63766.6037,63460.0088,656.71,2024-03-20 18:15:00+00:00,64403.89,2024-03-20 18:15:00+00:00,64403.89,0.0,0.0,2024-03-20 18:30:00+00:00,64436.0919,0.026925,1734.93,63328.6668,67567.2575,29,2024-03-21 02:30:00+00:00,67727.6193,TIME_EXIT_8H,32,88.62,1.3879,1.4588,1.7792,85.78,2.877
186,ETHUSDT,LONG,spot,BREAKOUT_ONLY,2024-03-22 02:15:00+00:00,3489.5549,3479.8063,22.8899,2024-03-22 03:15:00+00:00,3501.45,2024-03-22 03:15:00+00:00,3501.45,0.0,0.0,2024-03-22 03:30:00+00:00,3503.2007,1.084132,3797.93,3475.2284,3513.3583,8,2024-03-22 07:45:00+00:00,3508.0883,TRAILING_STOP,17,5.3,3.0383,3.0426,7.6038,-0.78,-0.026
187,BTCUSDT,LONG,spot,BREAKOUT_ONLY,2024-03-22 05:45:00+00:00,65959.4493,65894.395,259.5929,2024-03-22 06:00:00+00:00,66543.01,2024-03-22 06:00:00+00:00,66543.01,0.0,0.0,2024-03-22 06:15:00+00:00,66576.2715,0.041479,2761.52,65842.4765,65842.4765,0,2024-03-22 08:45:00+00:00,65743.7127,STOP_LOSS,10,-34.53,2.2092,2.1816,5.4712,-38.92,-1.279
188,BNBUSDT,LONG,spot,BREAKOUT_ONLY,2024-03-23 08:30:00+00:00,554.1397,552.7392,3.0547,2024-03-23 09:45:00+00:00,555.8,2024-03-23 09:45:00+00:00,555.8,0.0,0.0,2024-03-23 10:00:00+00:00,555.9778,7.826118,4351.15,552.1283,552.1283,0,2024-03-23 11:45:00+00:00,551.3001,STOP_LOSS,7,-36.61,3.4809,3.4516,8.6474,-43.54,-1.445
189,BNBUSDT,LONG,spot,BREAKOUT_ONLY,2024-03-23 12:00:00+00:00,554.5668,553.6103,3.0001,2024-03-23 12:45:00+00:00,558.0,2024-03-23 12:45:00+00:00,558.0,0.0,0.0,2024-03-23 13:00:00+00:00,558.279,5.676787,3169.23,553.0103,561.1171,6,2024-03-23 15:15:00+00:00,560.2754,TRAILING_STOP,9,11.33,2.5354,2.5445,6.3555,6.25,0.209
190,BNBUSDT,LONG,spot,BREAKOUT_ONLY,2024-03-24 00:45:00+00:00,558.3352,557.6383,2.8382,2024-03-24 01:00:00+00:00,559.9,2024-03-24 01:00:00+00:00,559.9,0.0,0.0,2024-03-24 01:15:00+00:00,560.1799,9.629386,5394.19,557.0706,557.0706,0,2024-03-24 01:45:00+00:00,556.235,STOP_LOSS,2,-37.99,4.3154,4.285,10.7314,-46.59,-1.556
191,SOLUSDT,LONG,spot,BREAKOUT_ONLY,2024-03-24 01:00:00+00:00,174.94,174.8682,1.1258,2024-03-24 01:15:00+00:00,175.99,2024-03-24 01:15:00+00:00,175.99,0.0,0.0,2024-03-24 01:30:00+00:00,176.078,20.769808,3657.11,174.643,174.643,0,2024-03-24 02:15:00+00:00,174.381,STOP_LOSS,3,-35.25,2.9257,2.8975,7.2613,-41.07,-1.378
192,BTCUSDT,LONG,spot,BREAKOUT_ONLY,2024-03-24 08:45:00+00:00,64529.7108,64498.5169,284.4537,2024-03-24 09:00:00+00:00,64938.66,2024-03-24 09:00:00+00:00,64938.66,0.0,0.0,2024-03-24 09:15:00+00:00,64971.1193,0.055718,3620.08,64441.6262,65269.339,4,2024-03-24 13:45:00+00:00,65171.435,TRAILING_STOP,18,11.16,2.8961,2.905,7.2569,5.36,0.182
194,BNBUSDT,LONG,spot,BREAKOUT_ONLY,2024-03-24 13:30:00+00:00,557.1763,556.0911,2.5633,2024-03-24 13:45:00+00:00,559.2,2024-03-24 13:45:00+00:00,559.2,0.0,0.0,2024-03-24 14:00:00+00:00,559.4796,7.594076,4248.73,555.5784,560.0005,6,2024-03-24 16:00:00+00:00,559.1605,TRAILING_STOP,8,-2.42,3.399,3.397,8.4938,-9.22,-0.311
193,ETHUSDT,LONG,spot,BREAKOUT_ONLY,2024-03-24 10:30:00+00:00,3357.6379,3352.7196,14.4555,2024-03-24 10:45:00+00:00,3376.11,2024-03-24 10:45:00+00:00,3376.11,0.0,0.0,2024-03-24 11:00:00+00:00,3377.7981,1.055634,3565.72,3349.8285,3387.8086,8,2024-03-24 16:15:00+00:00,3382.7269,TRAILING_STOP,21,5.2,2.8526,2.8567,7.1392,-0.51,-0.017
195,SOLUSDT,LONG,spot,BREAKOUT_ONLY,2024-03-24 18:45:00+00:00,175.2011,174.812,1.1144,2024-03-24 19:00:00+00:00,176.39,2024-03-24 19:00:00+00:00,176.39,0.0,0.0,2024-03-24 19:15:00+00:00,176.4882,15.523414,2739.7,174.5891,184.0305,11,2024-03-24 23:30:00+00:00,183.7544,TRAILING_STOP,17,112.8,2.1918,2.282,5.6486,108.32,3.674
196,ETHUSDT,LONG,spot,BREAKOUT_ONLY,2024-03-24 18:30:00+00:00,3378.5313,3370.0856,19.0179,2024-03-24 20:00:00+00:00,3399.1,2024-03-24 20:00:00+00:00,3399.1,0.0,0.0,2024-03-24 20:15:00+00:00,3400.7995,0.858217,2918.62,3366.282,3440.2807,8,2024-03-25 00:00:00+00:00,3435.1203,TRAILING_STOP,15,29.45,2.3349,2.3585,5.8814,24.76,0.836
198,SOLUSDT,LONG,spot,BREAKOUT_ONLY,2024-03-26 23:15:00+00:00,190.8726,190.6471,1.1646,2024-03-27 00:30:00+00:00,191.84,2024-03-27 00:30:00+00:00,191.84,0.0,0.0,2024-03-27 00:45:00+00:00,191.9259,19.940745,3827.15,190.4141,190.4141,0,2024-03-27 01:45:00+00:00,190.1285,STOP_LOSS,4,-35.84,3.0617,3.033,7.6005,-41.94,-1.391
199,SOLUSDT,LONG,spot,BREAKOUT_ONLY,2024-03-27 01:15:00+00:00,191.0071,190.9113,1.3448,2024-03-27 01:30:00+00:00,191.69,2024-03-27 01:30:00+00:00,191.69,0.0,0.0,2024-03-27 01:45:00+00:00,191.7858,26.126774,5010.75,190.6423,190.6423,0,2024-03-27 02:00:00+00:00,190.2143,STOP_LOSS,1,-41.06,4.0086,3.9757,9.9599,-49.05,-1.642
200,SOLUSDT,LONG,spot,BREAKOUT_ONLY,2024-03-27 02:15:00+00:00,190.9091,190.8584,1.294,2024-03-27 02:45:00+00:00,191.72,2024-03-27 02:45:00+00:00,191.72,0.0,0.0,2024-03-27 03:00:00+00:00,191.8159,24.38814,4678.03,190.5996,190.5996,0,2024-03-27 03:15:00+00:00,189.9546,STOP_LOSS,1,-45.39,3.7424,3.7061,9.288,-52.84,-1.781
197,ETHUSDT,LONG,spot,BREAKOUT_ONLY,2024-03-26 23:30:00+00:00,3592.741,3587.6328,13.1375,2024-03-27 00:30:00+00:00,3613.36,2024-03-27 00:30:00+00:00,3613.36,0.0,0.0,2024-03-27 00:45:00+00:00,3615.1667,0.999492,3613.33,3585.0053,3585.0053,0,2024-03-27 04:45:00+00:00,3579.6278,STOP_LOSS,16,-35.52,2.8907,2.8622,7.1734,-41.27,-1.369
201,BTCUSDT,LONG,spot,BREAKOUT_ONLY,2024-03-27 12:30:00+00:00,70120.779,70090.4756,206.9455,2024-03-27 13:00:00+00:00,71238.79,2024-03-27 13:00:00+00:00,71238.79,0.0,0.0,2024-03-27 13:15:00+00:00,71274.4094,0.023847,1699.7,70049.0865,70049.0865,0,2024-03-27 13:45:00+00:00,69944.0128,STOP_LOSS,2,-31.73,1.3598,1.3344,3.3518,-34.42,-1.178
202,BTCUSDT,LONG,spot,BREAKOUT_ONLY,2024-03-28 05:45:00+00:00,69549.2668,69449.322,214.4982,2024-03-28 06:00:00+00:00,69987.31,2024-03-28 06:00:00+00:00,69987.31,0.0,0.0,2024-03-28 06:15:00+00:00,70022.2936,0.047166,3302.71,69406.4224,70498.5838,7,2024-03-28 10:15:00+00:00,70392.8359,TRAILING_STOP,16,17.48,2.6422,2.6561,6.6316,12.18,0.419
203,SOLUSDT,LONG,spot,BREAKOUT_ONLY,2024-03-28 14:30:00+00:00,185.682,185.5046,1.3855,2024-03-28 14:45:00+00:00,188.94,2024-03-28 14:45:00+00:00,188.94,0.0,0.0,2024-03-28 15:00:00+00:00,189.0345,7.646261,1445.41,185.2275,185.2275,0,2024-03-28 16:45:00+00:00,184.9496,STOP_LOSS,7,-31.23,1.1563,1.1313,2.844,-33.52,-1.152
204,SOLUSDT,LONG,spot,BREAKOUT_ONLY,2024-03-28 19:00:00+00:00,186.0721,185.8494,0.9995,2024-03-28 19:30:00+00:00,186.66,2024-03-28 19:30:00+00:00,186.66,0.0,0.0,2024-03-28 19:45:00+00:00,186.7533,26.220064,4896.68,185.6495,187.0935,5,2024-03-28 21:45:00+00:00,186.8129,TRAILING_STOP,8,1.56,3.9173,3.9186,9.7957,-6.27,-0.217
205,ETHUSDT,LONG,spot,BREAKOUT_ONLY,2024-03-28 22:30:00+00:00,3563.5547,3559.2306,11.5213,2024-03-28 23:00:00+00:00,3577.12,2024-03-28 23:00:00+00:00,3577.12,0.0,0.0,2024-03-28 23:15:00+00:00,3578.8986,1.31577,4709.01,3556.9263,3556.9263,0,2024-03-29 00:00:00+00:00,3551.5909,STOP_LOSS,3,-35.93,3.7672,3.7385,9.3641,-43.44,-1.502
206,BNBUSDT,LONG,spot,BREAKOUT_ONLY,2024-03-28 23:15:00+00:00,583.2635,582.7804,1.61,2024-03-29 00:00:00+00:00,584.1,2024-03-29 00:00:00+00:00,584.1,0.0,0.0,2024-03-29 00:15:00+00:00,584.292,9.723321,5681.26,582.4584,582.4584,0,2024-03-29 00:30:00+00:00,581.5847,STOP_LOSS,1,-26.32,4.545,4.5239,11.323,-35.39,-1.985
207,ETHUSDT,LONG,spot,BREAKOUT_ONLY,2024-03-28 23:45:00+00:00,3564.5098,3560.0234,11.0217,2024-03-29 01:00:00+00:00,3575.25,2024-03-29 01:00:00+00:00,3575.25,0.0,0.0,2024-03-29 01:15:00+00:00,3577.0376,1.483788,5307.57,3557.8191,3557.8191,0,2024-03-29 02:00:00+00:00,3552.4823,STOP_LOSS,3,-36.43,4.2461,4.2169,10.5605,-44.9,-1.574
209,ETHUSDT,LONG,spot,BREAKOUT_ONLY,2024-03-29 04:45:00+00:00,3565.0842,3561.6846,11.9647,2024-03-29 05:00:00+00:00,3574.49,2024-03-29 05:00:00+00:00,3574.49,0.0,0.0,2024-03-29 05:15:00+00:00,3576.2772,1.565235,5597.71,3559.2917,3559.2917,0,2024-03-29 05:30:00+00:00,3553.9527,STOP_LOSS,1,-34.94,4.4782,4.4502,11.143,-43.87,-1.65
208,BNBUSDT,LONG,spot,BREAKOUT_ONLY,2024-03-29 00:45:00+00:00,583.3682,582.8903,1.7933,2024-03-29 01:00:00+00:00,585.4,2024-03-29 01:00:00+00:00,585.4,0.0,0.0,2024-03-29 01:15:00+00:00,585.7927,8.74427,5122.33,582.5316,606.3829,13,2024-03-29 07:30:00+00:00,605.4733,TRAILING_STOP,25,172.09,4.0979,4.2355,10.5028,163.76,5.743
210,ETHUSDT,LONG,spot,BREAKOUT_ONLY,2024-03-29 06:00:00+00:00,3564.5142,3561.8843,11.5595,2024-03-29 06:30:00+00:00,3573.29,2024-03-29 06:30:00+00:00,3573.29,0.0,0.0,2024-03-29 06:45:00+00:00,3575.0766,1.553612,5554.28,3559.5724,3559.5724,0,2024-03-29 07:30:00+00:00,3554.233,STOP_LOSS,3,-32.38,4.4434,4.4175,11.06,-41.24,-1.712
211,SOLUSDT,LONG,spot,BREAKOUT_ONLY,2024-03-29 14:30:00+00:00,186.5474,186.4258,1.2909,2024-03-29 14:45:00+00:00,188.5,2024-03-29 14:45:00+00:00,188.5,0.0,0.0,2024-03-29 15:00:00+00:00,188.5942,11.820824,2229.34,186.1676,186.1676,0,2024-03-29 15:30:00+00:00,185.8883,STOP_LOSS,2,-31.99,1.7835,1.7579,4.4107,-35.53,-1.239
212,SOLUSDT,LONG,spot,BREAKOUT_ONLY,2024-03-29 19:45:00+00:00,186.4242,186.2535,1.0055,2024-03-29 20:00:00+00:00,188.22,2024-03-29 20:00:00+00:00,188.22,0.0,0.0,2024-03-29 20:15:00+00:00,188.3141,12.604382,2373.58,186.0524,190.7305,7,2024-03-30 00:15:00+00:00,190.4444,TRAILING_STOP,16,26.85,1.8989,1.9203,4.7874,23.03,0.808
213,BTCUSDT,LONG,spot,BREAKOUT_ONLY,2024-03-30 05:45:00+00:00,69934.7191,69870.7723,152.1003,2024-03-30 06:15:00+00:00,70078.21,2024-03-30 06:15:00+00:00,70078.21,0.0,0.0,2024-03-30 06:30:00+00:00,70113.2391,0.08083,5667.26,69840.3522,69840.3522,0,2024-03-30 08:00:00+00:00,69735.5917,STOP_LOSS,6,-30.53,4.5338,4.5094,11.2887,-39.57,-1.794
214,BTCUSDT,LONG,spot,BREAKOUT_ONLY,2024-03-30 09:30:00+00:00,69969.5805,69917.7946,127.3017,2024-03-30 10:30:00+00:00,70040.0,2024-03-30 10:30:00+00:00,70040.0,0.0,0.0,2024-03-30 10:45:00+00:00,70075.03,0.080315,5628.09,69892.3343,70092.2204,2,2024-03-30 13:30:00+00:00,69987.082,TRAILING_STOP,11,-7.06,4.5025,4.4968,11.2456,-16.06,-1.095
215,BNBUSDT,LONG,spot,BREAKOUT_ONLY,2024-03-30 15:45:00+00:00,605.4684,604.7827,1.6985,2024-03-30 16:45:00+00:00,607.4,2024-03-30 16:45:00+00:00,607.4,0.0,0.0,2024-03-30 17:00:00+00:00,607.6036,8.967838,5448.89,604.443,604.443,0,2024-03-30 19:00:00+00:00,603.5363,STOP_LOSS,8,-36.48,4.3591,4.3299,10.8431,-45.16,-1.593
217,BNBUSDT,LONG,spot,BREAKOUT_ONLY,2024-03-31 02:45:00+00:00,605.2185,604.9546,1.8512,2024-03-31 03:00:00+00:00,607.4,2024-03-31 03:00:00+00:00,607.4,0.0,0.0,2024-03-31 03:15:00+00:00,607.8037,8.723955,5302.45,604.5843,604.5843,0,2024-03-31 04:45:00+00:00,603.6775,STOP_LOSS,6,-36.0,4.242,4.2132,10.5509,-44.45,-1.583
218,BTCUSDT,LONG,spot,BREAKOUT_ONLY,2024-03-31 04:30:00+00:00,69938.254,69915.5985,102.6046,2024-03-31 04:45:00+00:00,70116.01,2024-03-31 04:45:00+00:00,70116.01,0.0,0.0,2024-03-31 05:00:00+00:00,70151.068,0.078679,5519.42,69895.0776,70212.7516,1,2024-03-31 06:15:00+00:00,70107.4325,TRAILING_STOP,5,-3.43,4.4155,4.4128,11.0337,-12.26,-0.609
216,ETHUSDT,LONG,spot,BREAKOUT_ONLY,2024-03-31 02:15:00+00:00,3519.5451,3518.296,9.9619,2024-03-31 02:30:00+00:00,3533.99,2024-03-31 02:30:00+00:00,3533.99,0.0,0.0,2024-03-31 02:45:00+00:00,3535.767,1.444686,5108.07,3516.3036,3611.9056,16,2024-03-31 09:00:00+00:00,3606.4877,TRAILING_STOP,25,102.17,4.0865,4.1682,10.3694,93.91,3.34
219,BNBUSDT,LONG,spot,BREAKOUT_ONLY,2024-03-31 20:00:00+00:00,604.833,604.562,1.1291,2024-03-31 20:15:00+00:00,605.7,2024-03-31 20:15:00+00:00,605.7,0.0,0.0,2024-03-31 20:30:00+00:00,606.0028,9.247974,5604.3,604.3362,606.3079,1,2024-03-31 21:45:00+00:00,605.3984,TRAILING_STOP,5,-5.59,4.4834,4.479,11.2002,-14.55,-0.944
220,BNBUSDT,LONG,spot,BREAKOUT_ONLY,2024-03-31 22:00:00+00:00,605.8286,605.1167,1.4446,2024-03-31 22:15:00+00:00,607.1,2024-03-31 22:15:00+00:00,607.1,0.0,0.0,2024-03-31 22:30:00+00:00,607.4035,9.202929,5589.89,604.8277,604.8277,0,2024-04-01 00:30:00+00:00,603.9205,STOP_LOSS,8,-32.05,4.4719,4.4463,11.1317,-40.97,-1.728
221,BNBUSDT,LONG,spot,BREAKOUT_ONLY,2024-04-03 23:00:00+00:00,559.2225,558.1056,2.3389,2024-04-03 23:15:00+00:00,564.4,2024-04-03 23:15:00+00:00,564.4,0.0,0.0,2024-04-03 23:30:00+00:00,564.7822,3.922912,2215.59,557.6378,567.9151,1,2024-04-04 02:15:00+00:00,567.0633,TRAILING_STOP,11,8.95,1.7725,1.7796,4.4446,5.4,0.193
222,BNBUSDT,LONG,spot,BREAKOUT_ONLY,2024-04-05 13:30:00+00:00,579.3479,578.0906,3.5171,2024-04-05 13:45:00+00:00,583.7,2024-04-05 13:45:00+00:00,583.7,0.0,0.0,2024-04-05 14:00:00+00:00,583.8918,4.31292,2518.28,577.3872,577.3872,0,2024-04-05 22:00:00+00:00,580.1098,TIME_EXIT_8H,32,-16.31,2.0146,2.0016,2.5101,-20.33,-0.725
223,BTCUSDT,LONG,spot,BREAKOUT_ONLY,2024-04-05 14:30:00+00:00,67238.5838,67193.1609,497.4215,2024-04-05 14:45:00+00:00,68139.39,2024-04-05 14:45:00+00:00,68139.39,0.0,0.0,2024-04-05 15:00:00+00:00,68173.4597,0.025934,1768.01,67093.6766,67093.6766,0,2024-04-05 23:00:00+00:00,67780.073,TIME_EXIT_8H,32,-10.2,1.4144,1.4062,1.7629,-13.02,-0.465
224,BNBUSDT,LONG,spot,BREAKOUT_ONLY,2024-04-06 04:30:00+00:00,579.9771,579.6108,1.5389,2024-04-06 04:45:00+00:00,583.2,2024-04-06 04:45:00+00:00,583.2,0.0,0.0,2024-04-06 05:00:00+00:00,583.3915,6.820908,3979.26,579.3031,579.3031,0,2024-04-06 13:00:00+00:00,581.3092,TIME_EXIT_8H,32,-14.2,3.1834,3.172,3.9722,-20.56,-0.737
226,ETHUSDT,LONG,spot,BREAKOUT_ONLY,2024-04-06 14:30:00+00:00,3329.714,3325.346,10.0735,2024-04-06 14:45:00+00:00,3335.05,2024-04-06 14:45:00+00:00,3335.05,0.0,0.0,2024-04-06 15:00:00+00:00,3336.7175,1.647421,5496.98,3323.3313,3336.7216,1,2024-04-06 15:30:00+00:00,3331.7165,TRAILING_STOP,2,-8.24,4.3976,4.391,10.9816,-17.03,-0.772
225,BNBUSDT,LONG,spot,BREAKOUT_ONLY,2024-04-06 13:00:00+00:00,581.6344,581.0178,1.4839,2024-04-06 14:15:00+00:00,583.4,2024-04-06 14:15:00+00:00,583.4,0.0,0.0,2024-04-06 14:30:00+00:00,583.6917,9.352969,5459.25,580.7211,583.2687,4,2024-04-06 16:00:00+00:00,582.3938,TRAILING_STOP,6,-12.14,4.3674,4.3577,10.9003,-20.86,-0.751
227,BNBUSDT,LONG,spot,BREAKOUT_ONLY,2024-04-08 07:45:00+00:00,583.8754,583.1994,1.887,2024-04-08 08:00:00+00:00,593.3,2024-04-08 08:00:00+00:00,593.3,0.0,0.0,2024-04-08 08:15:00+00:00,593.6967,2.537538,1506.53,582.822,582.822,0,2024-04-08 08:45:00+00:00,581.9478,STOP_LOSS,2,-29.81,1.2052,1.1814,2.9683,-32.2,-1.167
228,SOLUSDT,LONG,spot,BREAKOUT_ONLY,2024-04-08 08:45:00+00:00,179.0864,178.5296,1.5349,2024-04-08 09:00:00+00:00,183.58,2024-04-08 09:00:00+00:00,183.58,0.0,0.0,2024-04-08 09:15:00+00:00,183.6818,5.025239,923.04,178.2226,178.2226,0,2024-04-08 17:15:00+00:00,179.7501,TIME_EXIT_8H,32,-19.76,0.7384,0.7226,0.9132,-21.22,-0.773
229,SOLUSDT,LONG,spot,BREAKOUT_ONLY,2024-04-08 20:30:00+00:00,180.4356,180.1184,0.8166,2024-04-08 21:30:00+00:00,181.0,2024-04-08 21:30:00+00:00,181.0,0.0,0.0,2024-04-08 21:45:00+00:00,181.0905,24.069443,4358.75,179.9551,179.9551,0,2024-04-09 00:15:00+00:00,179.6852,STOP_LOSS,10,-33.82,3.487,3.4599,8.6668,-40.77,-1.492
230,BNBUSDT,LONG,spot,BREAKOUT_ONLY,2024-04-10 07:45:00+00:00,581.4757,580.6154,2.219,2024-04-10 08:00:00+00:00,586.4,2024-04-10 08:00:00+00:00,586.4,0.0,0.0,2024-04-10 08:15:00+00:00,586.7932,4.09627,2403.66,580.1716,580.1716,0,2024-04-10 12:30:00+00:00,579.3014,STOP_LOSS,17,-30.69,1.9229,1.8984,4.7613,-34.51,-1.272
231,BNBUSDT,LONG,spot,BREAKOUT_ONLY,2024-04-10 14:15:00+00:00,583.6385,582.731,3.7358,2024-04-10 14:30:00+00:00,588.5,2024-04-10 14:30:00+00:00,588.5,0.0,0.0,2024-04-10 14:45:00+00:00,588.7942,3.95737,2330.08,581.9838,602.3785,9,2024-04-10 18:15:00+00:00,601.4749,TRAILING_STOP,14,50.18,1.8641,1.9042,4.7354,46.41,1.722
232,BNBUSDT,LONG,spot,BREAKOUT_ONLY,2024-04-11 14:15:00+00:00,602.2303,600.5973,4.0589,2024-04-11 15:00:00+00:00,605.4,2024-04-11 15:00:00+00:00,605.4,0.0,0.0,2024-04-11 15:15:00+00:00,605.8027,4.517594,2736.77,599.7855,599.7855,0,2024-04-11 16:15:00+00:00,598.8858,STOP_LOSS,4,-31.25,2.1894,2.1644,5.4267,-35.6,-1.31
233,SOLUSDT,LONG,spot,BREAKOUT_ONLY,2024-04-11 15:15:00+00:00,172.6732,172.4423,1.6182,2024-04-11 16:00:00+00:00,174.24,2024-04-11 16:00:00+00:00,174.24,0.0,0.0,2024-04-11 16:15:00+00:00,174.3271,12.228427,2131.75,172.1187,172.1187,0,2024-04-11 16:30:00+00:00,171.8605,STOP_LOSS,1,-30.16,1.7054,1.6813,4.2182,-33.55,-1.242
235,BTCUSDT,LONG,spot,BREAKOUT_ONLY,2024-04-11 19:45:00+00:00,70255.2983,70187.231,250.5466,2024-04-11 20:00:00+00:00,70550.4,2024-04-11 20:00:00+00:00,70550.4,0.0,0.0,2024-04-11 20:15:00+00:00,70585.6752,0.05986,4225.26,70137.1217,70137.1217,0,2024-04-11 21:30:00+00:00,70031.916,STOP_LOSS,5,-33.15,3.3802,3.3537,8.4008,-39.88,-1.485
234,SOLUSDT,LONG,spot,BREAKOUT_ONLY,2024-04-11 16:45:00+00:00,173.0118,172.552,1.6199,2024-04-11 17:00:00+00:00,174.39,2024-04-11 17:00:00+00:00,174.39,0.0,0.0,2024-04-11 17:15:00+00:00,174.4772,11.932463,2081.94,172.2281,172.2281,0,2024-04-11 23:15:00+00:00,171.9697,STOP_LOSS,24,-29.92,1.6656,1.6416,4.119,-33.23,-1.238
236,SOLUSDT,LONG,spot,BREAKOUT_ONLY,2024-04-12 02:15:00+00:00,173.2872,173.0886,0.8139,2024-04-12 03:00:00+00:00,173.72,2024-04-12 03:00:00+00:00,173.72,0.0,0.0,2024-04-12 03:15:00+00:00,173.8169,29.709413,5164.0,172.9258,174.3551,5,2024-04-12 06:15:00+00:00,174.0936,TRAILING_STOP,12,8.22,4.1312,4.1378,10.3403,-0.05,-0.002
237,ETHUSDT,LONG,spot,BREAKOUT_ONLY,2024-04-12 04:15:00+00:00,3525.1332,3521.1743,9.1108,2024-04-12 04:30:00+00:00,3542.61,2024-04-12 04:30:00+00:00,3542.61,0.0,0.0,2024-04-12 04:45:00+00:00,3544.3813,1.060526,3758.91,3519.3522,3519.3522,0,2024-04-12 07:30:00+00:00,3514.0731,STOP_LOSS,11,-32.14,3.0071,2.9814,7.4696,-38.13,-1.437
238,ETHUSDT,LONG,spot,BREAKOUT_ONLY,2024-04-12 11:15:00+00:00,3526.4127,3525.2282,11.1051,2024-04-12 11:30:00+00:00,3537.95,2024-04-12 11:30:00+00:00,3537.95,0.0,0.0,2024-04-12 11:45:00+00:00,3539.719,1.470086,5203.69,3523.0071,3523.0071,0,2024-04-12 12:15:00+00:00,3517.7226,STOP_LOSS,2,-32.34,4.163,4.1371,10.3589,-40.64,-1.654
239,ETHUSDT,LONG,spot,BREAKOUT_ONLY,2024-04-18 12:00:00+00:00,3014.7025,3006.242,16.9688,2024-04-18 12:30:00+00:00,3025.2,2024-04-18 12:30:00+00:00,3025.2,0.0,0.0,2024-04-18 12:45:00+00:00,3026.7126,1.092765,3307.49,3002.8483,3056.4869,10,2024-04-18 17:00:00+00:00,3051.9021,TRAILING_STOP,17,27.53,2.646,2.668,6.6563,22.21,0.852
240,SOLUSDT,LONG,spot,BREAKOUT_ONLY,2024-04-18 14:00:00+00:00,133.8061,133.2683,2.1382,2024-04-18 14:15:00+00:00,139.14,2024-04-18 14:15:00+00:00,139.14,0.0,0.0,2024-04-18 14:30:00+00:00,139.2196,4.128852,574.82,132.8407,132.8407,0,2024-04-18 22:30:00+00:00,142.9485,TIME_EXIT_8H,32,15.4,0.4599,0.4722,0.5825,14.46,0.549
241,SOLUSDT,LONG,spot,BREAKOUT_ONLY,2024-04-19 04:00:00+00:00,136.9994,136.0331,2.4042,2024-04-19 04:30:00+00:00,139.32,2024-04-19 04:30:00+00:00,139.32,0.0,0.0,2024-04-19 04:45:00+00:00,139.3997,6.825832,951.52,135.5523,142.7319,7,2024-04-19 08:30:00+00:00,142.5178,TRAILING_STOP,15,21.28,0.7612,0.7782,1.935,19.74,0.752
242,BTCUSDT,LONG,spot,BREAKOUT_ONLY,2024-04-19 07:00:00+00:00,62613.1399,62497.5323,717.2176,2024-04-19 07:15:00+00:00,64439.87,2024-04-19 07:15:00+00:00,64439.87,0.0,0.0,2024-04-19 07:30:00+00:00,64472.0799,0.012459,803.26,62354.0887,62354.0887,0,2024-04-19 15:30:00+00:00,64502.6525,TIME_EXIT_8H,32,0.38,0.6426,0.6429,0.8034,-0.9,-0.034
243,SOLUSDT,LONG,spot,BREAKOUT_ONLY,2024-04-20 05:00:00+00:00,143.0871,142.5054,1.2378,2024-04-20 05:15:00+00:00,144.19,2024-04-20 05:15:00+00:00,144.19,0.0,0.0,2024-04-20 05:30:00+00:00,144.2621,13.149826,1897.02,142.2578,142.2578,0,2024-04-20 08:00:00+00:00,142.0444,STOP_LOSS,10,-29.16,1.5176,1.4943,3.7503,-32.17,-1.221
244,BNBUSDT,LONG,spot,BREAKOUT_ONLY,2024-04-20 13:00:00+00:00,557.3821,556.6133,1.5916,2024-04-20 13:15:00+00:00,558.8,2024-04-20 13:15:00+00:00,558.8,0.0,0.0,2024-04-20 13:30:00+00:00,559.0794,9.276982,5186.57,556.295,564.4931,4,2024-04-20 16:30:00+00:00,563.6463,TRAILING_STOP,12,42.37,4.1493,4.1831,10.4367,34.04,1.318
245,SOLUSDT,LONG,spot,BREAKOUT_ONLY,2024-04-20 13:15:00+00:00,142.4466,142.0793,0.8687,2024-04-20 13:30:00+00:00,142.93,2024-04-20 13:30:00+00:00,142.93,0.0,0.0,2024-04-20 13:45:00+00:00,142.9915,24.091385,3444.86,141.9055,150.333,22,2024-04-20 21:45:00+00:00,150.1075,TRAILING_STOP,32,171.43,2.7559,2.893,7.1469,165.79,6.337
247,ETHUSDT,LONG,spot,BREAKOUT_ONLY,2024-04-21 21:30:00+00:00,3151.8228,3146.4712,12.0315,2024-04-21 22:00:00+00:00,3162.4,2024-04-21 22:00:00+00:00,3162.4,0.0,0.0,2024-04-21 22:15:00+00:00,3163.9712,1.366096,4322.29,3144.0649,3144.0649,0,2024-04-21 23:15:00+00:00,3139.3488,STOP_LOSS,4,-33.64,3.4578,3.4309,8.5941,-40.53,-1.49
248,ETHUSDT,LONG,spot,BREAKOUT_ONLY,2024-04-21 22:45:00+00:00,3152.6614,3147.4136,11.6395,2024-04-22 00:00:00+00:00,3162.23,2024-04-22 00:00:00+00:00,3162.23,0.0,0.0,2024-04-22 00:15:00+00:00,3163.8111,1.439831,4555.35,3145.0857,3145.0857,0,2024-04-22 00:30:00+00:00,3140.3681,STOP_LOSS,1,-33.75,3.6443,3.6173,9.0601,-41.02,-1.521
246,BTCUSDT,LONG,spot,BREAKOUT_ONLY,2024-04-21 21:30:00+00:00,64824.3945,64754.6222,227.2903,2024-04-21 22:00:00+00:00,65020.01,2024-04-21 22:00:00+00:00,65020.01,0.0,0.0,2024-04-21 22:15:00+00:00,65052.52,0.0792,5152.18,64709.1641,65117.1405,1,2024-04-22 01:30:00+00:00,64816.629,TRAILING_STOP,13,-18.68,4.1217,4.1068,10.2763,-26.91,-0.99
249,ETHUSDT,LONG,spot,BREAKOUT_ONLY,2024-04-22 03:00:00+00:00,3151.1709,3148.0847,15.6816,2024-04-22 03:15:00+00:00,3170.2,2024-04-22 03:15:00+00:00,3170.2,0.0,0.0,2024-04-22 03:30:00+00:00,3171.7751,0.993474,3151.08,3144.9484,3206.7802,11,2024-04-22 07:30:00+00:00,3201.9701,TRAILING_STOP,16,30.0,2.5209,2.5449,6.3472,24.93,0.935
250,BTCUSDT,LONG,spot,BREAKOUT_ONLY,2024-04-22 03:15:00+00:00,64906.3049,64839.8345,260.3933,2024-04-22 03:30:00+00:00,65688.81,2024-04-22 03:30:00+00:00,65688.81,0.0,0.0,2024-04-22 03:45:00+00:00,65721.6444,0.028622,1881.11,64787.7559,64787.7559,0,2024-04-22 11:45:00+00:00,65844.5313,TIME_EXIT_8H,32,3.52,1.5049,1.5077,1.8829,0.5,0.019
252,SOLUSDT,LONG,spot,BREAKOUT_ONLY,2024-04-23 14:00:00+00:00,154.9161,154.6153,1.0926,2024-04-23 14:15:00+00:00,156.8,2024-04-23 14:15:00+00:00,156.8,0.0,0.0,2024-04-23 14:30:00+00:00,156.8784,10.791092,1692.89,154.3968,158.0094,12,2024-04-23 19:30:00+00:00,157.7723,TRAILING_STOP,20,9.65,1.3543,1.362,3.4002,6.93,0.259
251,ETHUSDT,LONG,spot,BREAKOUT_ONLY,2024-04-23 14:00:00+00:00,3186.904,3184.7466,16.0528,2024-04-23 14:15:00+00:00,3240.62,2024-04-23 14:15:00+00:00,3240.62,0.0,0.0,2024-04-23 14:30:00+00:00,3242.2403,0.441136,1430.27,3181.5361,3181.5361,0,2024-04-23 22:30:00+00:00,3215.8013,TIME_EXIT_8H,32,-11.66,1.1442,1.1349,1.4244,-13.94,-0.521
254,SOLUSDT,LONG,spot,BREAKOUT_ONLY,2024-04-24 00:45:00+00:00,156.3671,155.9616,0.9045,2024-04-24 01:00:00+00:00,157.11,2024-04-24 01:00:00+00:00,157.11,0.0,0.0,2024-04-24 01:15:00+00:00,157.1785,19.127027,3006.36,155.7807,156.9614,3,2024-04-24 02:15:00+00:00,156.726,TRAILING_STOP,4,-8.66,2.4051,2.3982,5.9997,-13.46,-0.503
255,SOLUSDT,LONG,spot,BREAKOUT_ONLY,2024-04-24 03:15:00+00:00,156.6124,156.16,0.9994,2024-04-24 03:30:00+00:00,157.14,2024-04-24 03:30:00+00:00,157.14,0.0,0.0,2024-04-24 03:45:00+00:00,157.2186,21.14345,3324.14,155.9601,157.5728,4,2024-04-24 06:15:00+00:00,157.3365,TRAILING_STOP,10,2.49,2.6593,2.6613,6.652,-2.83,-0.106
253,BTCUSDT,LONG,spot,BREAKOUT_ONLY,2024-04-24 00:15:00+00:00,66448.6872,66393.2963,161.1721,2024-04-24 00:30:00+00:00,66719.99,2024-04-24 00:30:00+00:00,66719.99,0.0,0.0,2024-04-24 00:45:00+00:00,66753.35,0.068174,4550.83,66361.0619,66361.0619,0,2024-04-24 08:45:00+00:00,66500.723,TIME_EXIT_8H,32,-17.22,3.6407,3.6269,4.5422,-24.49,-0.916
256,BNBUSDT,LONG,spot,BREAKOUT_ONLY,2024-04-24 06:00:00+00:00,606.1648,605.2079,2.2595,2024-04-24 06:30:00+00:00,607.3,2024-04-24 06:30:00+00:00,607.3,0.0,0.0,2024-04-24 06:45:00+00:00,607.6036,8.68253,5275.54,604.7561,612.7009,8,2024-04-24 12:00:00+00:00,611.7818,TRAILING_STOP,21,36.28,4.2204,4.2495,10.6055,27.81,1.125
257,BNBUSDT,LONG,spot,BREAKOUT_ONLY,2024-04-24 21:00:00+00:00,605.2688,604.0633,3.8577,2024-04-24 21:45:00+00:00,609.0,2024-04-24 21:45:00+00:00,609.0,0.0,0.0,2024-04-24 22:00:00+00:00,609.3045,4.437065,2703.52,603.2918,603.2918,0,2024-04-24 22:45:00+00:00,602.3868,STOP_LOSS,3,-30.69,2.1628,2.1383,5.361,-35.0,-1.312
258,BNBUSDT,LONG,spot,BREAKOUT_ONLY,2024-04-24 22:30:00+00:00,605.5275,605.2455,2.9527,2024-04-24 23:15:00+00:00,607.9,2024-04-24 23:15:00+00:00,607.9,0.0,0.0,2024-04-24 23:30:00+00:00,608.2039,7.468115,4542.14,604.655,604.655,0,2024-04-25 01:45:00+00:00,603.748,STOP_LOSS,9,-33.28,3.6337,3.6071,9.0344,-40.52,-1.529
259,BNBUSDT,LONG,spot,BREAKOUT_ONLY,2024-04-25 04:30:00+00:00,605.8041,605.7872,2.9859,2024-04-25 04:45:00+00:00,607.3,2024-04-25 04:45:00+00:00,607.3,0.0,0.0,2024-04-25 05:00:00+00:00,607.7037,8.569417,5207.67,605.19,605.19,0,2024-04-25 05:15:00+00:00,604.2822,STOP_LOSS,1,-29.32,4.1661,4.1427,10.3714,-37.63,-1.747
260,BNBUSDT,LONG,spot,BREAKOUT_ONLY,2024-04-25 05:30:00+00:00,606.0936,605.8574,2.6678,2024-04-25 06:00:00+00:00,607.7,2024-04-25 06:00:00+00:00,607.7,0.0,0.0,2024-04-25 06:15:00+00:00,608.1039,8.502517,5170.41,605.3238,605.3238,0,2024-04-25 07:30:00+00:00,604.4159,STOP_LOSS,5,-31.36,4.1363,4.1112,10.2938,-39.61,-1.676
261,BNBUSDT,LONG,spot,BREAKOUT_ONLY,2024-04-25 07:45:00+00:00,607.0413,606.1577,2.4014,2024-04-25 08:30:00+00:00,609.0,2024-04-25 08:30:00+00:00,609.0,0.0,0.0,2024-04-25 08:45:00+00:00,609.3045,7.144963,4353.46,605.6774,608.432,3,2024-04-25 10:00:00+00:00,607.5194,TRAILING_STOP,5,-12.75,3.4828,3.4726,8.6878,-19.71,-0.761
262,BNBUSDT,LONG,spot,BREAKOUT_ONLY,2024-04-25 11:15:00+00:00,608.1749,606.8104,3.0244,2024-04-25 11:45:00+00:00,611.5,2024-04-25 11:45:00+00:00,611.5,0.0,0.0,2024-04-25 12:00:00+00:00,611.8057,4.609909,2820.37,606.2055,606.2055,0,2024-04-25 12:30:00+00:00,605.2962,STOP_LOSS,2,-30.01,2.2563,2.2323,5.5957,-34.5,-1.336
263,BNBUSDT,LONG,spot,BREAKOUT_ONLY,2024-04-25 14:45:00+00:00,607.6206,606.977,3.1928,2024-04-25 15:15:00+00:00,609.3,2024-04-25 15:15:00+00:00,609.3,0.0,0.0,2024-04-25 15:30:00+00:00,609.7047,7.617901,4644.67,606.3384,614.7093,16,2024-04-25 21:30:00+00:00,613.7872,TRAILING_STOP,24,31.1,3.7157,3.7406,9.336,23.64,0.922
264,ETHUSDT,LONG,spot,BREAKOUT_ONLY,2024-04-27 13:15:00+00:00,3128.6429,3125.7307,8.6347,2024-04-27 13:30:00+00:00,3146.2,2024-04-27 13:30:00+00:00,3146.2,0.0,0.0,2024-04-27 13:45:00+00:00,3147.7631,1.084306,3413.14,3124.0038,3237.279,4,2024-04-27 18:15:00+00:00,3232.423,TRAILING_STOP,18,91.8,2.7305,2.8039,6.964,86.26,3.348
265,BTCUSDT,LONG,spot,BREAKOUT_ONLY,2024-04-28 16:45:00+00:00,63654.4701,63603.8837,142.6042,2024-04-28 17:45:00+00:00,63768.47,2024-04-28 17:45:00+00:00,63768.47,0.0,0.0,2024-04-28 18:00:00+00:00,63800.3542,0.08129,5186.35,63575.3628,63575.3628,0,2024-04-28 22:00:00+00:00,63479.9998,STOP_LOSS,16,-26.04,4.1491,4.1282,10.3336,-34.32,-1.876
266,BNBUSDT,LONG,spot,BREAKOUT_ONLY,2024-04-30 05:00:00+00:00,594.2939,593.4734,2.4981,2024-04-30 05:15:00+00:00,596.5,2024-04-30 05:15:00+00:00,596.5,0.0,0.0,2024-04-30 05:30:00+00:00,596.8983,6.63059,3957.79,592.9738,599.6058,8,2024-04-30 07:45:00+00:00,598.7063,TRAILING_STOP,9,11.99,3.1662,3.1758,7.9336,5.65,0.217
267,ETHUSDT,LONG,spot,BREAKOUT_ONLY,2024-05-03 13:00:00+00:00,2994.1399,2985.6565,17.9219,2024-05-03 13:15:00+00:00,3044.59,2024-05-03 13:15:00+00:00,3044.59,0.0,0.0,2024-05-03 13:30:00+00:00,3046.1123,0.406781,1239.1,2982.0721,3102.2813,3,2024-05-03 21:15:00+00:00,3097.6278,TRAILING_STOP,31,20.96,0.9913,1.008,2.5096,18.96,0.728
268,SOLUSDT,LONG,spot,BREAKOUT_ONLY,2024-05-05 07:45:00+00:00,145.3394,145.1235,0.6639,2024-05-05 08:15:00+00:00,146.2,2024-05-05 08:15:00+00:00,146.2,0.0,0.0,2024-05-05 08:30:00+00:00,146.2831,20.230346,2959.36,144.9907,146.4097,3,2024-05-05 16:30:00+00:00,146.6966,TIME_EXIT_8H,32,8.37,2.3675,2.3742,2.9635,3.62,0.139
269,BNBUSDT,LONG,spot,BREAKOUT_ONLY,2024-05-05 08:30:00+00:00,584.8119,584.6438,1.7834,2024-05-05 08:45:00+00:00,587.5,2024-05-05 08:45:00+00:00,587.5,0.0,0.0,2024-05-05 09:00:00+00:00,587.8938,7.216195,4242.36,584.2871,591.533,8,2024-05-05 17:00:00+00:00,592.6036,TIME_EXIT_8H,32,33.99,3.3939,3.4211,4.2593,27.17,1.044
270,SOLUSDT,LONG,spot,BREAKOUT_ONLY,2024-05-06 00:00:00+00:00,145.9212,145.7037,0.5276,2024-05-06 00:15:00+00:00,146.32,2024-05-06 00:15:00+00:00,146.32,0.0,0.0,2024-05-06 00:30:00+00:00,146.3932,33.080196,4842.71,145.5982,146.7985,3,2024-05-06 01:30:00+00:00,146.5783,TRAILING_STOP,4,6.12,3.8742,3.8791,9.6946,-1.63,-0.062
271,SOLUSDT,LONG,spot,BREAKOUT_ONLY,2024-05-06 01:00:00+00:00,146.1316,145.9186,0.6039,2024-05-06 01:15:00+00:00,147.48,2024-05-06 01:15:00+00:00,147.48,0.0,0.0,2024-05-06 01:30:00+00:00,147.5537,14.973076,2209.33,145.7979,145.7979,0,2024-05-06 03:00:00+00:00,145.5792,STOP_LOSS,6,-29.57,1.7675,1.7438,4.3743,-33.08,-1.258
272,SOLUSDT,LONG,spot,BREAKOUT_ONLY,2024-05-06 03:45:00+00:00,146.3522,146.0468,0.6305,2024-05-06 04:30:00+00:00,147.16,2024-05-06 04:30:00+00:00,147.16,0.0,0.0,2024-05-06 04:45:00+00:00,147.2236,20.05218,2952.15,145.9207,147.8825,7,2024-05-06 07:15:00+00:00,147.6607,TRAILING_STOP,10,8.77,2.3617,2.3687,5.9175,4.03,0.154
273,BNBUSDT,LONG,spot,BREAKOUT_ONLY,2024-05-06 21:30:00+00:00,590.5582,590.0279,1.6791,2024-05-06 21:45:00+00:00,592.9,2024-05-06 21:45:00+00:00,592.9,0.0,0.0,2024-05-06 22:00:00+00:00,593.1964,7.460814,4425.73,589.692,589.692,0,2024-05-06 23:00:00+00:00,588.8075,STOP_LOSS,4,-32.75,3.5406,3.5144,8.8023,-39.8,-1.522
274,BNBUSDT,LONG,spot,BREAKOUT_ONLY,2024-05-07 00:45:00+00:00,590.4077,589.7533,1.7611,2024-05-07 01:45:00+00:00,593.0,2024-05-07 01:45:00+00:00,593.0,0.0,0.0,2024-05-07 02:00:00+00:00,593.2965,6.660898,3951.89,589.4011,589.4011,0,2024-05-07 03:15:00+00:00,588.517,STOP_LOSS,5,-31.84,3.1615,3.136,7.856,-38.13,-1.47
275,BTCUSDT,LONG,spot,BREAKOUT_ONLY,2024-05-07 07:30:00+00:00,63623.7659,63539.1839,199.8621,2024-05-07 08:00:00+00:00,63827.22,2024-05-07 08:00:00+00:00,63827.22,0.0,0.0,2024-05-07 08:15:00+00:00,63859.1336,0.07156,4569.76,63499.2115,64024.9375,6,2024-05-07 10:00:00+00:00,63928.9001,TRAILING_STOP,7,4.99,3.6558,3.6598,9.147,-2.32,-0.09
276,BNBUSDT,LONG,spot,BREAKOUT_ONLY,2024-05-07 08:45:00+00:00,589.849,589.4773,2.1779,2024-05-07 09:00:00+00:00,594.3,2024-05-07 09:00:00+00:00,594.3,0.0,0.0,2024-05-07 09:15:00+00:00,594.5971,4.661151,2771.51,589.0418,595.6733,1,2024-05-07 11:30:00+00:00,594.7798,TRAILING_STOP,9,0.85,2.2172,2.2179,5.5443,-3.58,-0.138
278,BTCUSDT,LONG,spot,BREAKOUT_ONLY,2024-05-07 15:00:00+00:00,63692.8638,63663.0613,352.129,2024-05-07 15:15:00+00:00,63892.77,2024-05-07 15:15:00+00:00,63892.77,0.0,0.0,2024-05-07 15:30:00+00:00,63924.7264,0.077391,4947.21,63592.6355,63592.6355,0,2024-05-07 16:30:00+00:00,63497.2466,STOP_LOSS,4,-33.08,3.9578,3.9313,9.8448,-40.97,-1.594
277,BNBUSDT,LONG,spot,BREAKOUT_ONLY,2024-05-07 14:30:00+00:00,591.7221,590.8929,2.4278,2024-05-07 14:45:00+00:00,594.5,2024-05-07 14:45:00+00:00,594.5,0.0,0.0,2024-05-07 15:00:00+00:00,594.7972,5.860336,3485.71,590.4073,590.4073,0,2024-05-07 18:15:00+00:00,589.5217,STOP_LOSS,13,-30.92,2.7886,2.7638,6.925,-36.47,-1.418
279,BNBUSDT,LONG,spot,BREAKOUT_ONLY,2024-05-08 18:30:00+00:00,584.5484,583.8939,1.9044,2024-05-08 19:00:00+00:00,586.3,2024-05-08 19:00:00+00:00,586.3,0.0,0.0,2024-05-08 19:15:00+00:00,586.4931,8.502894,4986.89,583.513,584.8865,1,2024-05-08 20:15:00+00:00,584.0091,TRAILING_STOP,4,-21.12,3.9895,3.9726,9.9421,-29.08,-1.148
280,BNBUSDT,LONG,spot,BREAKOUT_ONLY,2024-05-08 19:45:00+00:00,585.4367,584.4343,2.5501,2024-05-08 20:00:00+00:00,587.6,2024-05-08 20:00:00+00:00,587.6,0.0,0.0,2024-05-08 20:15:00+00:00,587.7937,6.511005,3827.13,583.9243,583.9243,0,2024-05-08 20:30:00+00:00,583.0484,STOP_LOSS,1,-30.9,3.0617,3.037,7.6079,-37.0,-1.468
281,BNBUSDT,LONG,spot,BREAKOUT_ONLY,2024-05-08 21:45:00+00:00,585.6224,584.7621,3.0735,2024-05-08 22:15:00+00:00,589.7,2024-05-08 22:15:00+00:00,589.7,0.0,0.0,2024-05-08 22:30:00+00:00,589.9949,4.276931,2523.37,584.1475,594.7756,3,2024-05-09 03:15:00+00:00,593.8834,TRAILING_STOP,19,16.63,2.0187,2.032,5.0717,12.58,0.503
283,ETHUSDT,LONG,spot,BREAKOUT_ONLY,2024-05-09 16:00:00+00:00,2993.4287,2988.8168,15.2217,2024-05-09 16:15:00+00:00,3017.82,2024-05-09 16:15:00+00:00,3017.82,0.0,0.0,2024-05-09 16:30:00+00:00,3019.3189,0.746278,2253.25,2985.7725,3038.5282,1,2024-05-09 23:00:00+00:00,3033.9704,TRAILING_STOP,26,10.93,1.8026,1.8113,4.5229,7.32,0.292
282,SOLUSDT,LONG,spot,BREAKOUT_ONLY,2024-05-09 15:45:00+00:00,144.5977,144.0534,1.463,2024-05-09 16:00:00+00:00,148.35,2024-05-09 16:00:00+00:00,148.35,0.0,0.0,2024-05-09 16:15:00+00:00,148.4342,5.364788,796.32,143.7608,151.2215,1,2024-05-09 23:15:00+00:00,150.9946,TRAILING_STOP,28,13.74,0.6371,0.648,1.6132,12.45,0.497
284,BNBUSDT,LONG,spot,BREAKOUT_ONLY,2024-05-10 06:45:00+00:00,594.7081,594.2783,1.2703,2024-05-10 07:15:00+00:00,596.1,2024-05-10 07:15:00+00:00,596.1,0.0,0.0,2024-05-10 07:30:00+00:00,596.3981,8.356489,4983.79,594.0242,594.0242,0,2024-05-10 08:45:00+00:00,593.1332,STOP_LOSS,5,-27.28,3.987,3.9652,9.9267,-35.24,-1.776
285,BNBUSDT,LONG,spot,BREAKOUT_ONLY,2024-05-10 10:15:00+00:00,594.5477,594.1785,1.2578,2024-05-10 11:45:00+00:00,596.1,2024-05-10 11:45:00+00:00,596.1,0.0,0.0,2024-05-10 12:00:00+00:00,596.3981,8.297999,4948.91,593.9269,593.9269,0,2024-05-10 14:00:00+00:00,593.036,STOP_LOSS,8,-27.9,3.9591,3.9368,9.856,-35.79,-1.746
286,BNBUSDT,LONG,spot,BREAKOUT_ONLY,2024-05-11 12:15:00+00:00,587.771,586.9378,1.8828,2024-05-11 12:30:00+00:00,589.3,2024-05-11 12:30:00+00:00,589.3,0.0,0.0,2024-05-11 12:45:00+00:00,589.5946,8.18082,4823.37,586.5613,590.2146,1,2024-05-11 15:30:00+00:00,589.3293,TRAILING_STOP,11,-2.17,3.8587,3.857,9.6435,-9.89,-0.398
287,BNBUSDT,LONG,spot,BREAKOUT_ONLY,2024-05-12 10:00:00+00:00,590.5712,590.1333,1.0922,2024-05-12 10:15:00+00:00,592.3,2024-05-12 10:15:00+00:00,592.3,0.0,0.0,2024-05-12 10:30:00+00:00,592.6962,8.273525,4903.69,589.9149,594.0094,3,2024-05-12 16:45:00+00:00,593.1184,TRAILING_STOP,25,3.49,3.9229,3.9257,9.8126,-4.36,-0.189
288,BTCUSDT,LONG,spot,BREAKOUT_ONLY,2024-05-13 07:00:00+00:00,61223.8396,61198.9085,205.4752,2024-05-13 07:15:00+00:00,61698.75,2024-05-13 07:15:00+00:00,61698.75,0.0,0.0,2024-05-13 07:30:00+00:00,61729.5994,0.043275,2671.38,61157.8134,62733.1169,9,2024-05-13 10:15:00+00:00,62639.0172,TRAILING_STOP,11,39.36,2.1371,2.1686,5.4018,35.05,1.416
289,BNBUSDT,LONG,spot,BREAKOUT_ONLY,2024-05-13 08:00:00+00:00,592.6166,592.5049,2.1787,2024-05-13 08:15:00+00:00,596.5,2024-05-13 08:15:00+00:00,596.5,0.0,0.0,2024-05-13 08:30:00+00:00,596.8983,5.178402,3090.98,592.0692,592.0692,0,2024-05-13 16:30:00+00:00,596.1018,TIME_EXIT_8H,32,-4.12,2.4728,2.4695,3.0889,-9.07,-0.363
290,BNBUSDT,LONG,spot,BREAKOUT_ONLY,2024-05-13 20:00:00+00:00,594.3659,594.009,1.3763,2024-05-13 20:30:00+00:00,595.2,2024-05-13 20:30:00+00:00,595.2,0.0,0.0,2024-05-13 20:45:00+00:00,595.4976,8.270559,4925.1,593.7337,593.7337,0,2024-05-13 21:00:00+00:00,592.8431,STOP_LOSS,1,-21.95,3.9401,3.9225,9.8173,-29.82,-2.044
291,SOLUSDT,LONG,spot,BREAKOUT_ONLY,2024-05-14 11:45:00+00:00,146.5753,146.3721,0.7377,2024-05-14 12:00:00+00:00,148.17,2024-05-14 12:00:00+00:00,148.17,0.0,0.0,2024-05-14 12:15:00+00:00,148.2441,12.242846,1814.93,146.2245,146.2245,0,2024-05-14 12:30:00+00:00,146.0052,STOP_LOSS,1,-27.41,1.4519,1.43,3.5887,-30.29,-1.225
292,SOLUSDT,LONG,spot,BREAKOUT_ONLY,2024-05-15 10:15:00+00:00,144.1407,143.8671,0.8605,2024-05-15 10:30:00+00:00,144.83,2024-05-15 10:30:00+00:00,144.83,0.0,0.0,2024-05-15 10:45:00+00:00,144.8924,20.522444,2973.55,143.695,143.695,0,2024-05-15 11:15:00+00:00,143.4795,STOP_LOSS,2,-29.0,2.3788,2.3556,5.9036,-33.73,-1.373
293,SOLUSDT,LONG,spot,BREAKOUT_ONLY,2024-05-15 12:30:00+00:00,144.5946,144.1462,1.4906,2024-05-15 12:45:00+00:00,148.96,2024-05-15 12:45:00+00:00,148.96,0.0,0.0,2024-05-15 13:00:00+00:00,149.0445,4.696491,699.99,143.848,152.6442,4,2024-05-15 18:45:00+00:00,152.4153,TRAILING_STOP,23,15.83,0.56,0.5727,1.4237,14.7,0.602
294,ETHUSDT,LONG,spot,BREAKOUT_ONLY,2024-05-15 12:45:00+00:00,2911.9371,2905.8525,16.1514,2024-05-15 13:00:00+00:00,2943.31,2024-05-15 13:00:00+00:00,2943.31,0.0,0.0,2024-05-15 13:15:00+00:00,2944.7817,0.580137,1708.38,2902.6223,3003.6031,19,2024-05-15 21:15:00+00:00,3014.1722,TIME_EXIT_8H,32,40.26,1.3667,1.3989,1.7285,37.49,1.533
295,BTCUSDT,LONG,spot,BREAKOUT_ONLY,2024-05-17 03:30:00+00:00,65432.2398,65386.3589,196.2312,2024-05-17 03:45:00+00:00,65584.53,2024-05-17 03:45:00+00:00,65584.53,0.0,0.0,2024-05-17 04:00:00+00:00,65617.3223,0.074429,4883.86,65347.1126,66091.8715,3,2024-05-17 07:45:00+00:00,65992.7337,TRAILING_STOP,15,27.94,3.9071,3.9294,9.8096,20.11,1.0
296,BNBUSDT,LONG,spot,BREAKOUT_ONLY,2024-05-18 23:45:00+00:00,578.2407,578.0913,1.0651,2024-05-19 00:00:00+00:00,580.6,2024-05-19 00:00:00+00:00,580.6,0.0,0.0,2024-05-19 00:15:00+00:00,580.8903,8.222645,4776.45,577.8783,577.8783,0,2024-05-19 06:45:00+00:00,577.0115,STOP_LOSS,26,-31.89,3.8212,3.7956,9.5051,-39.51,-1.595
297,BNBUSDT,LONG,spot,BREAKOUT_ONLY,2024-05-19 11:00:00+00:00,579.4871,579.1549,1.1406,2024-05-19 11:45:00+00:00,580.7,2024-05-19 11:45:00+00:00,580.7,0.0,0.0,2024-05-19 12:00:00+00:00,580.9904,8.373032,4864.65,578.9267,578.9267,0,2024-05-19 12:15:00+00:00,578.0584,STOP_LOSS,1,-24.55,3.8917,3.8721,9.6925,-32.31,-1.87
298,SOLUSDT,LONG,spot,BREAKOUT_ONLY,2024-05-20 02:30:00+00:00,170.6567,170.2582,1.2917,2024-05-20 02:45:00+00:00,172.76,2024-05-20 02:45:00+00:00,172.76,0.0,0.0,2024-05-20 03:00:00+00:00,172.8464,8.5746,1482.09,169.9999,175.9071,5,2024-05-20 06:45:00+00:00,175.6432,TRAILING_STOP,15,23.98,1.1857,1.2049,3.0001,21.59,0.885
299,BNBUSDT,LONG,spot,BREAKOUT_ONLY,2024-05-20 05:00:00+00:00,576.408,575.8179,1.7914,2024-05-20 05:15:00+00:00,579.2,2024-05-20 05:15:00+00:00,579.2,0.0,0.0,2024-05-20 05:30:00+00:00,579.5896,5.952096,3449.77,575.4596,575.4596,0,2024-05-20 06:45:00+00:00,574.5964,STOP_LOSS,5,-29.72,2.7598,2.736,6.855,-35.22,-1.433
300,BTCUSDT,LONG,spot,BREAKOUT_ONLY,2024-05-20 07:45:00+00:00,66804.4193,66708.4726,201.4036,2024-05-20 08:00:00+00:00,66910.0,2024-05-20 08:00:00+00:00,66910.0,0.0,0.0,2024-05-20 08:15:00+00:00,66943.455,0.071989,4819.17,66668.1919,67019.4738,5,2024-05-20 11:45:00+00:00,66918.9446,TRAILING_STOP,14,-1.76,3.8553,3.8539,9.6357,-9.47,-0.478
301,ETHUSDT,LONG,spot,BREAKOUT_ONLY,2024-05-20 15:15:00+00:00,3093.8154,3093.1486,13.496,2024-05-20 15:30:00+00:00,3115.66,2024-05-20 15:30:00+00:00,3115.66,0.0,0.0,2024-05-20 15:45:00+00:00,3117.2178,0.907482,2828.82,3090.4494,3606.5824,28,2024-05-20 23:45:00+00:00,3659.9491,TIME_EXIT_8H,32,492.52,2.2631,2.6571,3.0751,487.6,20.072
302,BNBUSDT,LONG,spot,BREAKOUT_ONLY,2024-05-20 17:00:00+00:00,575.3433,574.8108,1.8418,2024-05-20 17:15:00+00:00,577.5,2024-05-20 17:15:00+00:00,577.5,0.0,0.0,2024-05-20 17:30:00+00:00,577.7887,7.275965,4203.97,574.4424,603.2908,18,2024-05-21 00:45:00+00:00,602.3859,TRAILING_STOP,29,178.97,3.3632,3.5064,8.6764,172.1,7.068
303,SOLUSDT,LONG,spot,BREAKOUT_ONLY,2024-05-22 06:15:00+00:00,178.8012,178.3977,1.5347,2024-05-22 06:30:00+00:00,182.04,2024-05-22 06:30:00+00:00,182.04,0.0,0.0,2024-05-22 06:45:00+00:00,182.131,6.828896,1243.75,178.0908,178.0908,0,2024-05-22 11:45:00+00:00,177.8236,STOP_LOSS,20,-29.41,0.995,0.9715,2.4434,-31.38,-1.137
304,BTCUSDT,LONG,spot,BREAKOUT_ONLY,2024-05-22 09:00:00+00:00,69948.9407,69881.9132,178.1472,2024-05-22 10:15:00+00:00,70108.98,2024-05-22 10:15:00+00:00,70108.98,0.0,0.0,2024-05-22 10:30:00+00:00,70144.0445,0.077867,5461.91,69846.2838,69846.2838,0,2024-05-22 11:45:00+00:00,69741.5144,STOP_LOSS,5,-31.34,4.3695,4.3445,10.8768,-40.06,-1.728
305,SOLUSDT,LONG,spot,BREAKOUT_ONLY,2024-05-22 14:00:00+00:00,179.2519,179.2288,1.3898,2024-05-22 14:15:00+00:00,180.7,2024-05-22 14:15:00+00:00,180.7,0.0,0.0,2024-05-22 14:30:00+00:00,180.7903,14.804665,2676.54,178.9509,181.2989,5,2024-05-22 16:30:00+00:00,181.0269,TRAILING_STOP,8,3.5,2.1412,2.144,5.3583,-0.78,-0.029
306,BTCUSDT,LONG,spot,BREAKOUT_ONLY,2024-05-22 13:15:00+00:00,69950.5324,69904.2463,225.7578,2024-05-22 14:45:00+00:00,70114.63,2024-05-22 14:45:00+00:00,70114.63,0.0,0.0,2024-05-22 15:00:00+00:00,70149.6873,0.076836,5390.05,69859.0947,70114.8753,7,2024-05-22 17:30:00+00:00,70009.703,TRAILING_STOP,10,-10.76,4.312,4.3034,10.764,-19.37,-0.868
307,SOLUSDT,LONG,spot,BREAKOUT_ONLY,2024-05-22 16:00:00+00:00,180.4318,179.5355,1.9968,2024-05-22 16:15:00+00:00,182.17,2024-05-22 16:15:00+00:00,182.17,0.0,0.0,2024-05-22 16:30:00+00:00,182.2611,8.724066,1590.06,179.1361,179.1361,0,2024-05-22 18:00:00+00:00,178.8674,STOP_LOSS,6,-29.61,1.272,1.2484,3.1357,-32.13,-1.178
308,ETHUSDT,LONG,spot,BREAKOUT_ONLY,2024-05-22 18:45:00+00:00,3738.2264,3726.5445,25.369,2024-05-22 20:00:00+00:00,3751.83,2024-05-22 20:00:00+00:00,3751.83,0.0,0.0,2024-05-22 20:15:00+00:00,3753.7059,0.836716,3140.79,3721.4707,3759.2072,1,2024-05-23 04:15:00+00:00,3776.5508,TIME_EXIT_8H,32,19.11,2.5126,2.5279,3.1503,14.07,0.522
309,BNBUSDT,LONG,spot,BREAKOUT_ONLY,2024-05-23 03:45:00+00:00,615.6003,615.0372,1.4927,2024-05-23 05:00:00+00:00,616.8,2024-05-23 05:00:00+00:00,616.8,0.0,0.0,2024-05-23 05:15:00+00:00,617.1084,8.676504,5354.34,614.7386,614.7386,0,2024-05-23 05:30:00+00:00,613.8165,STOP_LOSS,1,-28.56,4.2835,4.2606,10.6658,-37.11,-1.805
310,BTCUSDT,LONG,spot,BREAKOUT_ONLY,2024-05-23 10:00:00+00:00,69644.6434,69583.3262,145.1471,2024-05-23 10:15:00+00:00,69739.22,2024-05-23 10:15:00+00:00,69739.22,0.0,0.0,2024-05-23 10:30:00+00:00,69774.0896,0.076212,5317.61,69554.2968,69554.2968,0,2024-05-23 10:45:00+00:00,69449.9654,STOP_LOSS,1,-24.7,4.2541,4.2343,10.5982,-33.19,-1.981
311,BTCUSDT,LONG,spot,BREAKOUT_ONLY,2024-05-23 11:00:00+00:00,69647.686,69598.1535,163.0493,2024-05-23 11:15:00+00:00,69928.7,2024-05-23 11:15:00+00:00,69928.7,0.0,0.0,2024-05-23 11:30:00+00:00,69963.6643,0.067042,4690.48,69565.5436,69565.5436,0,2024-05-23 12:45:00+00:00,69461.1953,STOP_LOSS,5,-33.69,3.7524,3.7254,9.3304,-41.16,-1.542
312,ETHUSDT,LONG,spot,BREAKOUT_ONLY,2024-05-23 21:00:00+00:00,3790.0096,3774.8163,78.6121,2024-05-23 21:30:00+00:00,3831.98,2024-05-23 21:30:00+00:00,3831.98,0.0,0.0,2024-05-23 21:45:00+00:00,3833.886,0.354113,1357.63,3759.0939,3759.0939,0,2024-05-23 23:30:00+00:00,3753.4552,STOP_LOSS,7,-28.48,1.0861,1.0633,2.6725,-30.63,-1.157
313,SOLUSDT,LONG,spot,BREAKOUT_ONLY,2024-05-23 22:15:00+00:00,175.2322,174.1583,3.1135,2024-05-23 22:30:00+00:00,176.96,2024-05-23 22:30:00+00:00,176.96,0.0,0.0,2024-05-23 22:45:00+00:00,177.0485,7.526296,1332.52,173.5356,173.5356,0,2024-05-24 01:00:00+00:00,173.2753,STOP_LOSS,9,-28.4,1.066,1.0433,2.6224,-30.51,-1.154
314,ETHUSDT,LONG,spot,BREAKOUT_ONLY,2024-05-24 00:30:00+00:00,3790.8478,3785.3562,39.815,2024-05-24 00:45:00+00:00,3813.21,2024-05-24 00:45:00+00:00,3813.21,0.0,0.0,2024-05-24 01:00:00+00:00,3815.1066,0.69416,2648.29,3777.3932,3777.3932,0,2024-05-24 05:15:00+00:00,3771.7271,STOP_LOSS,17,-30.11,2.1186,2.0945,5.2514,-34.33,-1.311
315,ETHUSDT,LONG,spot,BREAKOUT_ONLY,2024-05-25 03:45:00+00:00,3731.114,3726.3371,11.3385,2024-05-25 04:00:00+00:00,3752.36,2024-05-25 04:00:00+00:00,3752.36,0.0,0.0,2024-05-25 04:15:00+00:00,3754.2262,0.862411,3237.69,3724.0694,3724.0694,0,2024-05-25 12:00:00+00:00,3718.4833,STOP_LOSS,31,-30.83,2.5901,2.5655,6.4291,-35.98,-1.383
316,ETHUSDT,LONG,spot,BREAKOUT_ONLY,2024-05-25 15:30:00+00:00,3744.9932,3741.5651,10.8412,2024-05-25 16:15:00+00:00,3752.93,2024-05-25 16:15:00+00:00,3752.93,0.0,0.0,2024-05-25 16:30:00+00:00,3754.8165,1.361949,5113.87,3739.3969,3739.3969,0,2024-05-25 17:15:00+00:00,3733.7878,STOP_LOSS,3,-28.64,4.0911,4.0682,10.1848,-36.8,-1.752
317,ETHUSDT,LONG,spot,BREAKOUT_ONLY,2024-05-25 17:00:00+00:00,3746.1663,3742.2514,9.2021,2024-05-25 18:15:00+00:00,3751.1,2024-05-25 18:15:00+00:00,3751.1,0.0,0.0,2024-05-25 18:30:00+00:00,3752.9655,1.352913,5077.44,3740.4109,3751.4405,4,2024-05-25 20:15:00+00:00,3745.8134,TRAILING_STOP,7,-9.68,4.0619,4.0542,10.1404,-17.79,-1.048
318,ETHUSDT,LONG,spot,BREAKOUT_ONLY,2024-05-26 03:30:00+00:00,3746.6889,3745.1902,9.1348,2024-05-26 03:45:00+00:00,3771.59,2024-05-26 03:45:00+00:00,3771.59,0.0,0.0,2024-05-26 04:00:00+00:00,3773.4758,0.848637,3202.31,3743.3632,3743.3632,0,2024-05-26 05:00:00+00:00,3737.7482,STOP_LOSS,4,-30.32,2.5618,2.5376,6.3591,-35.42,-1.386
319,BNBUSDT,LONG,spot,BREAKOUT_ONLY,2024-05-26 04:15:00+00:00,601.7885,601.6812,1.0469,2024-05-26 04:30:00+00:00,602.7,2024-05-26 04:30:00+00:00,602.7,0.0,0.0,2024-05-26 04:45:00+00:00,602.9013,8.388247,5057.29,601.4718,603.0716,2,2024-05-26 08:30:00+00:00,602.167,TRAILING_STOP,15,-6.16,4.0458,4.0409,10.1053,-14.25,-1.188
320,ETHUSDT,LONG,spot,BREAKOUT_ONLY,2024-05-26 04:30:00+00:00,3750.7522,3746.3383,11.0855,2024-05-26 05:45:00+00:00,3760.53,2024-05-26 05:45:00+00:00,3760.53,0.0,0.0,2024-05-26 06:00:00+00:00,3762.4203,1.334447,5020.75,3744.1212,3789.0051,4,2024-05-26 08:30:00+00:00,3783.3216,TRAILING_STOP,10,27.89,4.0166,4.0389,10.0833,19.84,0.812
321,BNBUSDT,LONG,spot,BREAKOUT_ONLY,2024-05-26 15:15:00+00:00,601.9432,601.9084,1.3349,2024-05-26 15:30:00+00:00,603.2,2024-05-26 15:30:00+00:00,603.2,0.0,0.0,2024-05-26 15:45:00+00:00,603.5016,8.335173,5030.29,601.6414,601.6414,0,2024-05-26 16:15:00+00:00,600.739,STOP_LOSS,2,-23.03,4.0242,4.0058,10.026,-31.06,-2.003
322,BNBUSDT,LONG,spot,BREAKOUT_ONLY,2024-05-26 16:15:00+00:00,602.1337,601.9738,1.5195,2024-05-26 16:30:00+00:00,603.1,2024-05-26 16:30:00+00:00,603.1,0.0,0.0,2024-05-26 16:45:00+00:00,603.4016,8.2856,4999.54,601.6699,601.6699,0,2024-05-26 17:00:00+00:00,600.7674,STOP_LOSS,1,-21.83,3.9996,3.9822,9.9663,-29.81,-2.077
324,BTCUSDT,LONG,spot,BREAKOUT_ONLY,2024-05-27 02:45:00+00:00,68897.8227,68849.6317,157.0526,2024-05-27 03:00:00+00:00,69096.35,2024-05-27 03:00:00+00:00,69096.35,0.0,0.0,2024-05-27 03:15:00+00:00,69130.8982,0.071844,4966.63,68818.2212,68818.2212,0,2024-05-27 04:00:00+00:00,68714.9938,STOP_LOSS,3,-29.88,3.9733,3.9494,9.8884,-37.8,-1.683
323,BNBUSDT,LONG,spot,BREAKOUT_ONLY,2024-05-27 02:00:00+00:00,601.3931,601.1864,1.0532,2024-05-27 02:15:00+00:00,604.2,2024-05-27 02:15:00+00:00,604.2,0.0,0.0,2024-05-27 02:30:00+00:00,604.5021,7.118093,4302.9,600.9757,600.9757,0,2024-05-27 10:30:00+00:00,601.3992,TIME_EXIT_8H,32,-22.09,3.4423,3.4247,4.2919,-28.95,-1.153
325,BNBUSDT,LONG,spot,BREAKOUT_ONLY,2024-05-27 13:15:00+00:00,602.6621,602.4333,1.091,2024-05-27 13:30:00+00:00,604.2,2024-05-27 13:30:00+00:00,604.2,0.0,0.0,2024-05-27 13:45:00+00:00,604.5021,8.112371,4903.95,602.2151,610.5697,8,2024-05-27 17:15:00+00:00,609.6539,TRAILING_STOP,14,41.79,3.9232,3.9566,9.8706,33.91,1.828
326,BTCUSDT,LONG,spot,BREAKOUT_ONLY,2024-05-27 14:30:00+00:00,68765.5577,68716.7719,182.0614,2024-05-27 14:45:00+00:00,69500.0,2024-05-27 14:45:00+00:00,69500.0,0.0,0.0,2024-05-27 15:00:00+00:00,69534.75,0.029179,2028.95,68680.3596,70138.0014,6,2024-05-27 17:15:00+00:00,70032.7944,TRAILING_STOP,9,14.53,1.6232,1.6348,4.0797,11.27,0.452
327,ETHUSDT,LONG,spot,BREAKOUT_ONLY,2024-05-28 10:30:00+00:00,3878.5453,3874.5633,18.601,2024-05-28 10:45:00+00:00,3899.33,2024-05-28 10:45:00+00:00,3899.33,0.0,0.0,2024-05-28 11:00:00+00:00,3901.2797,0.821162,3203.58,3870.8431,3870.8431,0,2024-05-28 13:30:00+00:00,3865.0368,STOP_LOSS,10,-29.76,2.5629,2.5391,6.3625,-34.86,-1.395
328,SOLUSDT,LONG,spot,BREAKOUT_ONLY,2024-05-28 10:30:00+00:00,167.9181,167.7383,0.9553,2024-05-28 10:45:00+00:00,169.56,2024-05-28 10:45:00+00:00,169.56,0.0,0.0,2024-05-28 11:00:00+00:00,169.6348,11.972695,2030.99,167.5472,170.7029,2,2024-05-28 13:30:00+00:00,170.4469,TRAILING_STOP,10,9.72,1.6248,1.6326,4.0766,6.47,0.259
329,SOLUSDT,LONG,spot,BREAKOUT_ONLY,2024-05-28 19:00:00+00:00,168.3479,168.0482,1.2507,2024-05-28 19:15:00+00:00,169.35,2024-05-28 19:15:00+00:00,169.35,0.0,0.0,2024-05-28 19:30:00+00:00,169.4247,15.278112,2588.49,167.7981,167.7981,0,2024-05-29 01:15:00+00:00,167.5464,STOP_LOSS,23,-28.7,2.0708,2.0478,5.1339,-32.82,-1.32
330,BNBUSDT,LONG,spot,BREAKOUT_ONLY,2024-05-28 21:45:00+00:00,601.1786,600.7228,1.137,2024-05-28 22:00:00+00:00,602.7,2024-05-28 22:00:00+00:00,602.7,0.0,0.0,2024-05-28 22:15:00+00:00,603.1014,8.155374,4918.52,600.4953,600.4953,0,2024-05-29 06:15:00+00:00,603.1983,TIME_EXIT_8H,32,0.79,3.9348,3.9354,4.9189,-7.08,-0.333
331,SOLUSDT,LONG,spot,BREAKOUT_ONLY,2024-05-29 00:45:00+00:00,168.8651,168.6029,0.7266,2024-05-29 02:15:00+00:00,169.45,2024-05-29 02:15:00+00:00,169.45,0.0,0.0,2024-05-29 02:30:00+00:00,169.5247,23.053292,3908.1,168.4575,172.2004,14,2024-05-29 07:00:00+00:00,171.9421,TRAILING_STOP,18,55.73,3.1265,3.1711,7.8998,49.43,2.009
332,ETHUSDT,LONG,spot,BREAKOUT_ONLY,2024-05-29 06:00:00+00:00,3861.5627,3856.0346,12.6121,2024-05-29 06:15:00+00:00,3870.99,2024-05-29 06:15:00+00:00,3870.99,0.0,0.0,2024-05-29 06:30:00+00:00,3872.9255,1.259507,4877.98,3853.5122,3853.5122,0,2024-05-29 07:00:00+00:00,3847.7319,STOP_LOSS,2,-31.73,3.9024,3.877,9.7084,-39.51,-1.616
333,SOLUSDT,LONG,spot,BREAKOUT_ONLY,2024-05-29 15:15:00+00:00,169.4112,168.9816,1.1649,2024-05-29 16:30:00+00:00,170.04,2024-05-29 16:30:00+00:00,170.04,0.0,0.0,2024-05-29 16:45:00+00:00,170.125,17.94656,3053.16,168.7486,169.1309,3,2024-05-29 17:45:00+00:00,168.8772,TRAILING_STOP,4,-22.39,2.4425,2.4246,6.0727,-27.26,-1.104
334,SOLUSDT,LONG,spot,BREAKOUT_ONLY,2024-05-29 17:15:00+00:00,169.4754,169.4157,1.3699,2024-05-29 17:45:00+00:00,170.33,2024-05-29 17:45:00+00:00,170.33,0.0,0.0,2024-05-29 18:00:00+00:00,170.4252,19.139774,3261.9,169.1417,169.1417,0,2024-05-29 18:45:00+00:00,168.888,STOP_LOSS,3,-29.42,2.6095,2.586,6.4797,-34.62,-1.409
335,SOLUSDT,LONG,spot,BREAKOUT_ONLY,2024-05-29 18:30:00+00:00,169.6681,169.4764,1.2436,2024-05-29 19:00:00+00:00,170.43,2024-05-29 19:00:00+00:00,170.43,0.0,0.0,2024-05-29 19:15:00+00:00,170.5052,19.093707,3255.58,169.2277,169.2277,0,2024-05-29 20:00:00+00:00,168.9739,STOP_LOSS,3,-29.24,2.6045,2.5811,6.4673,-34.42,-1.411
336,SOLUSDT,LONG,spot,BREAKOUT_ONLY,2024-05-30 02:45:00+00:00,169.3033,169.1845,0.8272,2024-05-30 03:15:00+00:00,169.77,2024-05-30 03:15:00+00:00,169.77,0.0,0.0,2024-05-30 03:30:00+00:00,169.8549,28.233237,4795.55,169.019,169.3911,2,2024-05-30 05:00:00+00:00,169.1371,TRAILING_STOP,6,-20.27,3.8364,3.8202,9.5607,-27.92,-1.183
337,BTCUSDT,LONG,spot,BREAKOUT_ONLY,2024-05-30 12:45:00+00:00,67911.4022,67851.8832,216.1979,2024-05-30 13:00:00+00:00,68199.88,2024-05-30 13:00:00+00:00,68199.88,0.0,0.0,2024-05-30 13:15:00+00:00,68233.9799,0.056615,3863.06,67808.6437,68326.5724,2,2024-05-30 14:45:00+00:00,68224.0826,TRAILING_STOP,6,-0.56,3.0904,3.09,7.7253,-6.74,-0.28
338,SOLUSDT,LONG,spot,BREAKOUT_ONLY,2024-05-30 16:15:00+00:00,168.0394,167.6848,0.8734,2024-05-30 16:30:00+00:00,169.04,2024-05-30 16:30:00+00:00,169.04,0.0,0.0,2024-05-30 16:45:00+00:00,169.1145,14.987744,2534.65,167.5101,170.9602,3,2024-05-30 18:00:00+00:00,170.7037,TRAILING_STOP,5,23.82,2.0277,2.0468,5.105,19.74,0.821
340,SOLUSDT,LONG,spot,BREAKOUT_ONLY,2024-05-31 11:30:00+00:00,167.4025,167.1464,0.6423,2024-05-31 11:45:00+00:00,168.75,2024-05-31 11:45:00+00:00,168.75,0.0,0.0,2024-05-31 12:00:00+00:00,168.8244,13.387221,2260.09,167.0179,169.2176,1,2024-05-31 12:45:00+00:00,168.9638,TRAILING_STOP,3,1.87,1.8081,1.8096,4.523,-1.75,-0.072
339,ETHUSDT,LONG,spot,BREAKOUT_ONLY,2024-05-31 11:00:00+00:00,3759.3902,3755.1612,12.4049,2024-05-31 11:15:00+00:00,3790.31,2024-05-31 11:15:00+00:00,3790.31,0.0,0.0,2024-05-31 11:30:00+00:00,3792.2052,0.61089,2316.62,3752.6802,3816.5437,1,2024-05-31 13:00:00+00:00,3810.8189,TRAILING_STOP,6,11.37,1.8533,1.8624,4.6503,7.66,0.317
341,BNBUSDT,LONG,spot,BREAKOUT_ONLY,2024-05-31 12:30:00+00:00,594.6631,594.2248,1.4733,2024-05-31 12:45:00+00:00,597.4,2024-05-31 12:45:00+00:00,597.4,0.0,0.0,2024-05-31 13:00:00+00:00,597.7987,6.249043,3735.67,593.9302,593.9302,0,2024-05-31 13:45:00+00:00,593.0393,STOP_LOSS,3,-29.74,2.9885,2.9647,7.4267,-35.7,-1.477
342,BTCUSDT,LONG,spot,BREAKOUT_ONLY,2024-05-31 13:00:00+00:00,68418.0457,68347.0145,224.5519,2024-05-31 13:15:00+00:00,68707.72,2024-05-31 13:15:00+00:00,68707.72,0.0,0.0,2024-05-31 13:30:00+00:00,68742.0739,0.054806,3767.5,68302.1042,68302.1042,0,2024-05-31 13:45:00+00:00,68199.651,STOP_LOSS,1,-29.73,3.014,2.9902,7.4904,-35.73,-1.482
343,ETHUSDT,LONG,spot,BREAKOUT_ONLY,2024-05-31 18:30:00+00:00,3770.3101,3768.096,14.5053,2024-05-31 18:45:00+00:00,3785.89,2024-05-31 18:45:00+00:00,3785.89,0.0,0.0,2024-05-31 19:00:00+00:00,3787.7829,1.054441,3993.99,3765.1949,3765.1949,0,2024-05-31 23:00:00+00:00,3759.5471,STOP_LOSS,16,-29.77,3.1952,3.1714,7.9433,-36.14,-1.517
344,BNBUSDT,LONG,spot,BREAKOUT_ONLY,2024-05-31 21:00:00+00:00,594.1929,593.8974,1.0244,2024-05-31 21:15:00+00:00,595.5,2024-05-31 21:15:00+00:00,595.5,0.0,0.0,2024-05-31 21:30:00+00:00,595.7977,7.909984,4712.75,593.6925,593.6925,0,2024-05-31 23:15:00+00:00,592.802,STOP_LOSS,7,-23.7,3.7702,3.7512,9.39,-31.22,-1.875
345,SOLUSDT,LONG,spot,BREAKOUT_ONLY,2024-06-01 03:00:00+00:00,166.8032,166.6106,0.5038,2024-06-01 03:15:00+00:00,167.14,2024-06-01 03:15:00+00:00,167.14,0.0,0.0,2024-06-01 03:30:00+00:00,167.2236,27.802479,4649.23,166.5098,166.5098,0,2024-06-01 07:30:00+00:00,166.26,STOP_LOSS,16,-26.79,3.7194,3.698,9.2583,-34.21,-1.724
346,BNBUSDT,LONG,spot,BREAKOUT_ONLY,2024-06-01 03:30:00+00:00,594.5575,594.2965,0.794,2024-06-01 03:45:00+00:00,595.3,2024-06-01 03:45:00+00:00,595.3,0.0,0.0,2024-06-01 04:00:00+00:00,595.4976,7.801119,4645.55,594.1377,594.1377,0,2024-06-01 12:00:00+00:00,596.0018,TIME_EXIT_8H,32,3.93,3.7164,3.7196,4.6475,-3.5,-0.33
347,SOLUSDT,LONG,spot,BREAKOUT_ONLY,2024-06-01 14:15:00+00:00,167.0544,166.9333,0.3075,2024-06-01 14:30:00+00:00,167.38,2024-06-01 14:30:00+00:00,167.38,0.0,0.0,2024-06-01 14:45:00+00:00,167.4737,27.538048,4611.9,166.8718,166.8718,0,2024-06-01 17:45:00+00:00,166.6215,STOP_LOSS,12,-23.47,3.6895,3.6707,9.1886,-30.83,-1.86
349,BNBUSDT,LONG,spot,BREAKOUT_ONLY,2024-06-02 12:45:00+00:00,600.4851,599.8836,1.5138,2024-06-02 14:15:00+00:00,601.5,2024-06-02 14:15:00+00:00,601.5,0.0,0.0,2024-06-02 14:30:00+00:00,601.9008,7.606151,4578.15,599.5809,599.5809,0,2024-06-02 16:30:00+00:00,598.6815,STOP_LOSS,8,-24.49,3.6625,3.6429,9.1196,-31.79,-1.802
348,BTCUSDT,LONG,spot,BREAKOUT_ONLY,2024-06-02 12:15:00+00:00,67773.9479,67752.0165,184.398,2024-06-02 12:30:00+00:00,68067.44,2024-06-02 12:30:00+00:00,68067.44,0.0,0.0,2024-06-02 12:45:00+00:00,68101.4837,0.05989,4078.59,67715.1369,67715.1369,0,2024-06-02 18:00:00+00:00,67613.5642,STOP_LOSS,21,-29.22,3.2629,3.2395,8.1134,-35.72,-1.544
351,BTCUSDT,LONG,spot,BREAKOUT_ONLY,2024-06-02 21:30:00+00:00,67850.5072,67819.6041,133.0975,2024-06-02 22:15:00+00:00,67947.0,2024-06-02 22:15:00+00:00,67947.0,0.0,0.0,2024-06-02 22:30:00+00:00,67980.9635,0.066362,4511.33,67792.9847,67792.9847,0,2024-06-02 23:45:00+00:00,67691.2952,STOP_LOSS,5,-19.22,3.6091,3.5937,8.9938,-26.43,-2.118
350,BNBUSDT,LONG,spot,BREAKOUT_ONLY,2024-06-02 21:15:00+00:00,599.8316,599.5183,1.0449,2024-06-02 21:30:00+00:00,602.4,2024-06-02 21:30:00+00:00,602.4,0.0,0.0,2024-06-02 21:45:00+00:00,602.7012,6.722171,4051.46,599.3093,606.1795,2,2024-06-03 01:30:00+00:00,605.2702,TRAILING_STOP,15,17.27,3.2412,3.255,8.1288,10.77,0.472
352,BTCUSDT,LONG,spot,BREAKOUT_ONLY,2024-06-03 01:15:00+00:00,67881.7381,67846.5205,172.661,2024-06-03 01:30:00+00:00,68175.44,2024-06-03 01:30:00+00:00,68175.44,0.0,0.0,2024-06-03 01:45:00+00:00,68209.5277,0.057158,3898.7,67811.9883,68402.2784,3,2024-06-03 03:00:00+00:00,68299.675,TRAILING_STOP,5,5.15,3.119,3.1231,7.8051,-1.09,-0.048
353,ETHUSDT,LONG,spot,BREAKOUT_ONLY,2024-06-03 02:15:00+00:00,3790.4787,3787.8792,11.3125,2024-06-03 02:30:00+00:00,3809.36,2024-06-03 02:30:00+00:00,3809.36,0.0,0.0,2024-06-03 02:45:00+00:00,3811.2747,0.887283,3381.68,3785.6167,3819.7094,3,2024-06-03 07:15:00+00:00,3813.9798,TRAILING_STOP,18,2.4,2.7053,2.7073,6.767,-3.01,-0.132
354,SOLUSDT,LONG,spot,BREAKOUT_ONLY,2024-06-03 18:15:00+00:00,164.9461,164.8408,0.7639,2024-06-03 18:30:00+00:00,165.83,2024-06-03 18:30:00+00:00,165.83,0.0,0.0,2024-06-03 18:45:00+00:00,165.9129,18.534057,3075.04,164.688,166.0604,2,2024-06-03 20:30:00+00:00,165.8114,TRAILING_STOP,7,-1.88,2.46,2.4585,6.1473,-6.8,-0.3
355,SOLUSDT,LONG,spot,BREAKOUT_ONLY,2024-06-04 01:15:00+00:00,165.2982,165.1309,0.5636,2024-06-04 01:30:00+00:00,166.32,2024-06-04 01:30:00+00:00,166.32,0.0,0.0,2024-06-04 01:45:00+00:00,166.4032,16.366979,2723.52,165.0182,165.0182,0,2024-06-04 06:00:00+00:00,164.7707,STOP_LOSS,17,-26.72,2.1788,2.1574,5.407,-31.06,-1.37
357,BTCUSDT,LONG,spot,BREAKOUT_ONLY,2024-06-04 12:30:00+00:00,68988.0437,68947.4906,150.05,2024-06-04 13:00:00+00:00,69230.79,2024-06-04 13:00:00+00:00,69230.79,0.0,0.0,2024-06-04 13:15:00+00:00,69265.4054,0.064303,4453.97,68917.4806,69536.971,3,2024-06-04 14:30:00+00:00,69432.6656,TRAILING_STOP,5,10.76,3.5632,3.5718,8.9241,3.62,0.162
356,SOLUSDT,LONG,spot,BREAKOUT_ONLY,2024-06-04 11:00:00+00:00,165.4995,165.3538,0.4332,2024-06-04 12:15:00+00:00,165.88,2024-06-04 12:15:00+00:00,165.88,0.0,0.0,2024-06-04 12:30:00+00:00,165.9729,26.85681,4457.5,165.2672,166.0862,4,2024-06-04 14:45:00+00:00,165.8371,TRAILING_STOP,9,-3.65,3.566,3.5631,8.9095,-10.78,-0.569
358,ETHUSDT,LONG,spot,BREAKOUT_ONLY,2024-06-04 15:00:00+00:00,3775.319,3771.0804,14.715,2024-06-04 15:15:00+00:00,3797.35,2024-06-04 15:15:00+00:00,3797.35,0.0,0.0,2024-06-04 15:30:00+00:00,3799.2487,0.722466,2744.83,3768.1374,3807.0629,7,2024-06-04 19:00:00+00:00,3801.3523,TRAILING_STOP,14,1.52,2.1959,2.1971,5.4919,-2.87,-0.128
359,ETHUSDT,LONG,spot,BREAKOUT_ONLY,2024-06-05 06:30:00+00:00,3803.1717,3798.286,9.9353,2024-06-05 06:45:00+00:00,3814.66,2024-06-05 06:45:00+00:00,3814.66,0.0,0.0,2024-06-05 07:00:00+00:00,3816.5673,1.108251,4229.71,3796.2989,3796.2989,0,2024-06-05 09:30:00+00:00,3790.6045,STOP_LOSS,10,-28.77,3.3838,3.3608,8.4163,-35.52,-1.581
360,ETHUSDT,LONG,spot,BREAKOUT_ONLY,2024-06-05 10:30:00+00:00,3802.8996,3799.6329,7.9097,2024-06-05 12:00:00+00:00,3813.48,2024-06-05 12:00:00+00:00,3813.48,0.0,0.0,2024-06-05 12:15:00+00:00,3815.3967,1.156475,4412.41,3798.051,3798.051,0,2024-06-05 13:30:00+00:00,3792.3539,STOP_LOSS,5,-26.65,3.5299,3.5086,8.7848,-33.69,-1.679
361,ETHUSDT,LONG,spot,BREAKOUT_ONLY,2024-06-05 15:00:00+00:00,3803.5189,3801.0791,10.9861,2024-06-05 15:15:00+00:00,3816.0,2024-06-05 15:15:00+00:00,3816.0,0.0,0.0,2024-06-05 15:30:00+00:00,3817.918,1.146976,4379.06,3798.8819,3798.8819,0,2024-06-05 16:45:00+00:00,3793.1836,STOP_LOSS,5,-28.37,3.5032,3.4806,8.7156,-35.35,-1.619
362,ETHUSDT,LONG,spot,BREAKOUT_ONLY,2024-06-05 17:00:00+00:00,3807.9516,3802.7711,11.9168,2024-06-05 17:15:00+00:00,3818.07,2024-06-05 17:15:00+00:00,3818.07,0.0,0.0,2024-06-05 17:30:00+00:00,3819.979,1.119871,4277.88,3800.3878,3840.505,4,2024-06-05 18:45:00+00:00,3834.7443,TRAILING_STOP,5,16.54,3.4223,3.4355,8.5806,9.68,0.441
364,SOLUSDT,LONG,spot,BREAKOUT_ONLY,2024-06-06 12:00:00+00:00,172.9446,172.792,0.4127,2024-06-06 12:15:00+00:00,173.34,2024-06-06 12:15:00+00:00,173.34,0.0,0.0,2024-06-06 12:30:00+00:00,173.4267,25.08376,4350.19,172.7095,172.7095,0,2024-06-06 12:45:00+00:00,172.4504,STOP_LOSS,1,-24.49,3.4802,3.4606,8.6637,-31.43,-1.747
363,BTCUSDT,LONG,spot,BREAKOUT_ONLY,2024-06-06 11:45:00+00:00,71011.7091,70966.5823,124.4594,2024-06-06 12:00:00+00:00,71173.59,2024-06-06 12:00:00+00:00,71173.59,0.0,0.0,2024-06-06 12:15:00+00:00,71209.1668,0.061139,4353.64,70941.6904,71111.4727,1,2024-06-06 14:00:00+00:00,71004.8055,TRAILING_STOP,7,-12.49,3.4829,3.4729,8.6885,-19.45,-1.189
365,SOLUSDT,LONG,spot,BREAKOUT_ONLY,2024-06-06 15:15:00+00:00,173.05,172.8649,0.4863,2024-06-06 15:30:00+00:00,173.35,2024-06-06 15:30:00+00:00,173.35,0.0,0.0,2024-06-06 15:45:00+00:00,173.4367,24.811767,4303.27,172.7676,172.7676,0,2024-06-06 16:00:00+00:00,172.5085,STOP_LOSS,1,-23.03,3.4426,3.4242,8.572,-29.9,-1.801
366,BTCUSDT,LONG,spot,BREAKOUT_ONLY,2024-06-07 04:30:00+00:00,70935.8075,70910.8441,123.9028,2024-06-07 04:45:00+00:00,71226.52,2024-06-07 04:45:00+00:00,71226.52,0.0,0.0,2024-06-07 05:00:00+00:00,71262.1333,0.057394,4090.03,70886.0636,71664.7784,2,2024-06-07 12:15:00+00:00,71557.2813,TRAILING_STOP,29,16.94,3.272,3.2856,8.2055,10.38,0.481
367,SOLUSDT,LONG,spot,BREAKOUT_ONLY,2024-06-07 11:45:00+00:00,171.6643,171.4904,0.4538,2024-06-07 12:00:00+00:00,172.38,2024-06-07 12:00:00+00:00,172.38,0.0,0.0,2024-06-07 12:15:00+00:00,172.4662,20.286796,3498.79,171.3997,171.3997,0,2024-06-07 12:30:00+00:00,171.1426,STOP_LOSS,1,-26.85,2.799,2.7775,6.9573,-32.43,-1.499
368,BNBUSDT,LONG,spot,BREAKOUT_ONLY,2024-06-07 12:30:00+00:00,704.1312,703.3857,2.9608,2024-06-07 12:45:00+00:00,707.6,2024-06-07 12:45:00+00:00,707.6,0.0,0.0,2024-06-07 13:00:00+00:00,707.9538,4.16143,2946.1,702.7936,702.7936,0,2024-06-07 13:45:00+00:00,701.7394,STOP_LOSS,3,-25.86,2.3569,2.3362,5.8534,-30.55,-1.423
369,BTCUSDT,LONG,spot,BREAKOUT_ONLY,2024-06-10 15:00:00+00:00,69507.4326,69479.834,158.8406,2024-06-10 15:15:00+00:00,69878.08,2024-06-10 15:15:00+00:00,69878.08,0.0,0.0,2024-06-10 15:30:00+00:00,69913.019,0.045857,3205.98,69448.0659,69448.0659,0,2024-06-10 19:45:00+00:00,69343.8938,STOP_LOSS,17,-26.1,2.5648,2.5439,6.3728,-31.21,-1.464
370,SOLUSDT,LONG,spot,BREAKOUT_ONLY,2024-06-10 16:00:00+00:00,160.1352,159.9403,0.9332,2024-06-10 16:15:00+00:00,161.42,2024-06-10 16:15:00+00:00,161.42,0.0,0.0,2024-06-10 16:30:00+00:00,161.4907,12.275032,1982.3,159.7537,159.7537,0,2024-06-10 20:00:00+00:00,159.514,STOP_LOSS,14,-24.26,1.5858,1.5664,3.9282,-27.42,-1.286
371,BNBUSDT,LONG,spot,BREAKOUT_ONLY,2024-06-15 22:45:00+00:00,606.5292,606.0106,1.2388,2024-06-15 23:00:00+00:00,609.2,2024-06-15 23:00:00+00:00,609.2,0.0,0.0,2024-06-15 23:15:00+00:00,609.5046,5.61987,3425.34,605.7629,605.7629,0,2024-06-16 00:45:00+00:00,604.8542,STOP_LOSS,6,-26.13,2.7403,2.7194,6.8115,-31.59,-1.502
372,BNBUSDT,LONG,spot,BREAKOUT_ONLY,2024-06-16 10:45:00+00:00,605.8074,605.6733,1.3325,2024-06-16 11:00:00+00:00,607.6,2024-06-16 11:00:00+00:00,607.6,0.0,0.0,2024-06-16 11:15:00+00:00,607.8037,6.798712,4132.28,605.4068,605.4068,0,2024-06-16 12:00:00+00:00,604.4987,STOP_LOSS,3,-22.47,3.3058,3.2879,8.2309,-29.06,-1.783
373,BNBUSDT,LONG,spot,BREAKOUT_ONLY,2024-06-16 13:00:00+00:00,606.2906,605.9516,1.1744,2024-06-16 13:15:00+00:00,609.1,2024-06-16 13:15:00+00:00,609.1,0.0,0.0,2024-06-16 13:30:00+00:00,609.4045,5.61971,3424.68,605.7167,605.7167,0,2024-06-16 21:30:00+00:00,608.1958,TIME_EXIT_8H,32,-6.79,2.7397,2.7343,3.4213,-12.27,-0.592
375,BNBUSDT,LONG,spot,BREAKOUT_ONLY,2024-06-17 18:30:00+00:00,603.75,602.6574,3.0918,2024-06-17 18:45:00+00:00,609.8,2024-06-17 18:45:00+00:00,609.8,0.0,0.0,2024-06-17 19:00:00+00:00,610.2049,2.530448,1544.09,602.039,602.039,0,2024-06-18 00:15:00+00:00,601.136,STOP_LOSS,21,-22.95,1.2353,1.2169,3.0538,-25.4,-1.229
374,BTCUSDT,LONG,spot,BREAKOUT_ONLY,2024-06-17 18:30:00+00:00,66146.6916,66038.9946,369.265,2024-06-17 18:45:00+00:00,67101.48,2024-06-17 18:45:00+00:00,67101.48,0.0,0.0,2024-06-17 19:00:00+00:00,67135.0307,0.017663,1185.79,65965.1416,65965.1416,0,2024-06-18 00:45:00+00:00,65866.1939,STOP_LOSS,23,-22.41,0.9486,0.9307,2.338,-24.29,-1.176
376,BNBUSDT,LONG,spot,BREAKOUT_ONLY,2024-06-19 17:00:00+00:00,596.1825,595.0751,2.5384,2024-06-19 17:15:00+00:00,599.7,2024-06-19 17:15:00+00:00,599.7,0.0,0.0,2024-06-19 17:30:00+00:00,599.9999,3.757967,2254.78,594.5674,594.5674,0,2024-06-20 01:30:00+00:00,599.8,TIME_EXIT_8H,32,-0.75,1.8038,1.8032,2.2544,-4.36,-0.213
377,BTCUSDT,LONG,spot,BREAKOUT_ONLY,2024-06-20 05:15:00+00:00,65169.5226,65105.4345,133.7432,2024-06-20 05:30:00+00:00,65395.92,2024-06-20 05:30:00+00:00,65395.92,0.0,0.0,2024-06-20 05:45:00+00:00,65428.618,0.058278,3813.02,65078.6859,65660.7436,3,2024-06-20 08:30:00+00:00,65562.2525,TRAILING_STOP,11,7.79,3.0504,3.0567,7.6377,1.68,0.082
378,ETHUSDT,LONG,spot,BREAKOUT_ONLY,2024-06-21 20:15:00+00:00,3508.7158,3502.9348,15.1267,2024-06-21 20:30:00+00:00,3520.7,2024-06-21 20:30:00+00:00,3520.7,0.0,0.0,2024-06-21 20:45:00+00:00,3522.4503,0.905095,3188.15,3499.9095,3499.9095,0,2024-06-22 00:30:00+00:00,3494.6596,STOP_LOSS,15,-25.15,2.5505,2.5304,6.3386,-30.23,-1.482
380,ETHUSDT,LONG,spot,BREAKOUT_ONLY,2024-06-23 01:45:00+00:00,3502.8633,3500.6729,5.3009,2024-06-23 02:00:00+00:00,3507.61,2024-06-23 02:00:00+00:00,3507.61,0.0,0.0,2024-06-23 02:15:00+00:00,3509.3538,1.141638,4006.41,3499.6127,3513.0529,3,2024-06-23 04:45:00+00:00,3507.7833,TRAILING_STOP,10,-1.79,3.2051,3.2037,8.0101,-8.2,-0.738
379,SOLUSDT,LONG,spot,BREAKOUT_ONLY,2024-06-23 00:30:00+00:00,134.2419,134.1373,0.4161,2024-06-23 00:45:00+00:00,134.61,2024-06-23 00:45:00+00:00,134.61,0.0,0.0,2024-06-23 01:00:00+00:00,134.6873,29.769608,4009.59,134.0541,134.0541,0,2024-06-23 09:00:00+00:00,134.7326,TIME_EXIT_8H,32,1.35,3.2077,3.2087,4.0103,-5.07,-0.269
381,SOLUSDT,LONG,spot,BREAKOUT_ONLY,2024-06-24 21:30:00+00:00,128.4369,127.918,1.5228,2024-06-24 21:45:00+00:00,130.97,2024-06-24 21:45:00+00:00,130.97,0.0,0.0,2024-06-24 22:00:00+00:00,131.0655,5.846946,766.33,127.6134,135.0108,9,2024-06-25 06:00:00+00:00,135.4223,TIME_EXIT_8H,32,25.47,0.6131,0.6334,0.7791,24.23,1.2
382,ETHUSDT,LONG,spot,BREAKOUT_ONLY,2024-06-26 20:30:00+00:00,3379.0462,3374.5667,16.6046,2024-06-26 20:45:00+00:00,3391.59,2024-06-26 20:45:00+00:00,3391.59,0.0,0.0,2024-06-26 21:00:00+00:00,3393.2858,0.921289,3126.2,3371.2458,3371.2458,0,2024-06-26 23:15:00+00:00,3366.1889,STOP_LOSS,9,-24.96,2.501,2.481,6.2149,-29.95,-1.475
383,SOLUSDT,LONG,spot,BREAKOUT_ONLY,2024-06-26 20:15:00+00:00,136.7171,136.4547,0.917,2024-06-26 21:30:00+00:00,137.19,2024-06-26 21:30:00+00:00,137.19,0.0,0.0,2024-06-26 21:45:00+00:00,137.2486,20.749605,2847.85,136.2713,137.1547,3,2024-06-26 23:15:00+00:00,136.949,TRAILING_STOP,6,-6.22,2.2783,2.2733,5.6864,-10.77,-0.531
384,SOLUSDT,LONG,spot,BREAKOUT_ONLY,2024-06-27 01:45:00+00:00,136.8255,136.7594,0.6214,2024-06-27 03:00:00+00:00,137.23,2024-06-27 03:00:00+00:00,137.23,0.0,0.0,2024-06-27 03:15:00+00:00,137.2986,28.988846,3980.13,136.6352,136.6352,0,2024-06-27 05:00:00+00:00,136.4302,STOP_LOSS,7,-25.17,3.1841,3.164,7.9225,-31.52,-1.639
385,ETHUSDT,LONG,spot,BREAKOUT_ONLY,2024-06-27 03:00:00+00:00,3379.1457,3377.8163,8.9777,2024-06-27 03:15:00+00:00,3384.61,2024-06-27 03:15:00+00:00,3384.61,0.0,0.0,2024-06-27 03:30:00+00:00,3386.3023,1.17443,3976.98,3376.0207,3376.0207,0,2024-06-27 05:15:00+00:00,3370.9567,STOP_LOSS,7,-18.02,3.1816,3.1672,7.9269,-24.37,-2.018
386,ETHUSDT,LONG,spot,BREAKOUT_ONLY,2024-06-27 09:30:00+00:00,3378.7183,3377.9964,7.9214,2024-06-27 09:45:00+00:00,3398.85,2024-06-27 09:45:00+00:00,3398.85,0.0,0.0,2024-06-27 10:00:00+00:00,3400.5494,0.821228,2792.63,3376.4122,3419.4919,2,2024-06-27 12:30:00+00:00,3414.3627,TRAILING_STOP,10,11.34,2.2341,2.2432,5.6023,6.87,0.346
388,BNBUSDT,LONG,spot,BREAKOUT_ONLY,2024-06-27 12:15:00+00:00,572.7882,572.3356,1.6141,2024-06-27 12:45:00+00:00,574.2,2024-06-27 12:45:00+00:00,574.2,0.0,0.0,2024-06-27 13:00:00+00:00,574.4871,6.842094,3930.69,572.0127,579.0303,4,2024-06-27 14:45:00+00:00,578.1618,TRAILING_STOP,7,25.14,3.1446,3.1647,7.8991,18.83,1.112
387,SOLUSDT,LONG,spot,BREAKOUT_ONLY,2024-06-27 10:00:00+00:00,136.7623,136.6831,0.6238,2024-06-27 10:15:00+00:00,138.92,2024-06-27 10:15:00+00:00,138.92,0.0,0.0,2024-06-27 10:30:00+00:00,138.9895,8.151825,1133.02,136.5584,147.2891,7,2024-06-27 15:15:00+00:00,147.0682,TRAILING_STOP,19,65.86,0.9064,0.9591,2.3648,63.99,3.229
389,BTCUSDT,LONG,spot,BREAKOUT_ONLY,2024-06-28 11:00:00+00:00,61566.523,61521.1984,102.7879,2024-06-28 11:15:00+00:00,61713.19,2024-06-28 11:15:00+00:00,61713.19,0.0,0.0,2024-06-28 11:30:00+00:00,61744.0466,0.065004,4013.59,61500.6409,61500.6409,0,2024-06-28 12:30:00+00:00,61408.3899,STOP_LOSS,4,-21.82,3.2109,3.1934,7.9944,-28.22,-1.784
390,BTCUSDT,LONG,spot,BREAKOUT_ONLY,2024-06-28 12:00:00+00:00,61588.207,61550.9997,110.2024,2024-06-28 12:15:00+00:00,61792.01,2024-06-28 12:15:00+00:00,61792.01,0.0,0.0,2024-06-28 12:30:00+00:00,61822.896,0.064469,3985.65,61528.9593,61528.9593,0,2024-06-28 12:45:00+00:00,61417.745,STOP_LOSS,1,-26.12,3.1885,3.1676,7.9321,-32.48,-1.714
391,BNBUSDT,LONG,spot,BREAKOUT_ONLY,2024-06-30 07:15:00+00:00,571.7787,571.043,1.6193,2024-06-30 07:30:00+00:00,576.4,2024-06-30 07:30:00+00:00,576.4,0.0,0.0,2024-06-30 07:45:00+00:00,576.6882,3.345089,1929.07,570.7191,570.7191,0,2024-06-30 15:45:00+00:00,577.1113,TIME_EXIT_8H,32,1.42,1.5433,1.5444,1.9298,-1.67,-0.084
392,BNBUSDT,LONG,spot,BREAKOUT_ONLY,2024-07-01 18:15:00+00:00,580.4219,579.9747,1.493,2024-07-01 18:30:00+00:00,581.8,2024-07-01 18:30:00+00:00,581.8,0.0,0.0,2024-07-01 18:45:00+00:00,582.1909,6.787876,3951.84,579.6761,579.6761,0,2024-07-01 22:00:00+00:00,578.8066,STOP_LOSS,13,-22.97,3.1615,3.1431,7.8692,-29.28,-1.715
393,BNBUSDT,LONG,spot,BREAKOUT_ONLY,2024-07-02 08:30:00+00:00,579.2204,578.9273,1.3034,2024-07-02 09:00:00+00:00,581.1,2024-07-02 09:00:00+00:00,581.1,0.0,0.0,2024-07-02 09:15:00+00:00,581.4906,6.746207,3922.86,578.6667,578.6667,0,2024-07-02 10:00:00+00:00,577.7987,STOP_LOSS,3,-24.91,3.1383,3.1184,7.8084,-31.16,-1.636
394,BNBUSDT,LONG,spot,BREAKOUT_ONLY,2024-07-02 13:00:00+00:00,579.6926,579.3406,1.0491,2024-07-02 13:15:00+00:00,580.8,2024-07-02 13:15:00+00:00,580.8,0.0,0.0,2024-07-02 13:30:00+00:00,581.1904,6.696607,3892.0,579.1308,579.1308,0,2024-07-02 13:45:00+00:00,578.2621,STOP_LOSS,1,-19.61,3.1136,3.0979,7.7546,-25.82,-1.872
395,BNBUSDT,LONG,spot,BREAKOUT_ONLY,2024-07-02 21:15:00+00:00,578.5079,578.13,1.1205,2024-07-02 21:30:00+00:00,579.4,2024-07-02 21:30:00+00:00,579.4,0.0,0.0,2024-07-02 21:45:00+00:00,579.6897,6.669846,3866.44,577.9059,577.9059,0,2024-07-03 01:00:00+00:00,577.039,STOP_LOSS,13,-17.68,3.0932,3.079,7.7064,-23.85,-2.005
397,SOLUSDT,LONG,spot,BREAKOUT_ONLY,2024-07-08 18:45:00+00:00,137.5919,137.0322,1.3284,2024-07-08 19:45:00+00:00,138.29,2024-07-08 19:45:00+00:00,138.29,0.0,0.0,2024-07-08 20:00:00+00:00,138.3691,12.110369,1675.7,136.7665,139.1716,9,2024-07-08 23:30:00+00:00,138.9628,TRAILING_STOP,14,7.19,1.3406,1.3463,3.3622,4.5,0.232
396,ETHUSDT,LONG,spot,BREAKOUT_ONLY,2024-07-08 19:30:00+00:00,2989.9233,2984.3342,20.0069,2024-07-08 19:45:00+00:00,3004.59,2024-07-08 19:45:00+00:00,3004.59,0.0,0.0,2024-07-08 20:00:00+00:00,3006.1023,0.753146,2264.03,2980.3328,3017.4137,6,2024-07-08 23:45:00+00:00,3012.8875,TRAILING_STOP,15,5.11,1.8112,1.8153,4.5357,1.48,0.076
398,BTCUSDT,LONG,spot,BREAKOUT_ONLY,2024-07-08 23:30:00+00:00,56558.3636,56475.9662,227.7919,2024-07-08 23:45:00+00:00,56714.62,2024-07-08 23:45:00+00:00,56714.62,0.0,0.0,2024-07-09 00:00:00+00:00,56742.9673,0.06219,3528.86,56430.4079,56430.4079,0,2024-07-09 00:15:00+00:00,56345.7622,STOP_LOSS,1,-24.7,2.8231,2.8033,7.0207,-30.33,-1.56
399,BTCUSDT,LONG,spot,BREAKOUT_ONLY,2024-07-09 01:15:00+00:00,56623.9216,56519.2242,346.8836,2024-07-09 02:30:00+00:00,56896.0,2024-07-09 02:30:00+00:00,56896.0,0.0,0.0,2024-07-09 02:45:00+00:00,56924.448,0.040637,2313.26,56449.8474,57308.191,7,2024-07-09 07:15:00+00:00,57222.2287,TRAILING_STOP,18,12.1,1.8506,1.8603,4.6447,8.39,0.435
400,ETHUSDT,LONG,spot,BREAKOUT_ONLY,2024-07-10 01:15:00+00:00,3060.5062,3054.6454,15.4977,2024-07-10 02:45:00+00:00,3071.08,2024-07-10 02:45:00+00:00,3071.08,0.0,0.0,2024-07-10 03:00:00+00:00,3072.6255,0.916922,2817.36,3051.5458,3097.2441,7,2024-07-10 06:00:00+00:00,3092.5982,TRAILING_STOP,12,18.31,2.2539,2.2685,5.6622,13.79,0.714
401,SOLUSDT,LONG,spot,BREAKOUT_ONLY,2024-07-10 04:00:00+00:00,141.1837,140.8891,0.9574,2024-07-10 04:15:00+00:00,145.34,2024-07-10 04:15:00+00:00,145.34,0.0,0.0,2024-07-10 04:30:00+00:00,145.4127,4.135959,601.42,140.6977,140.6977,0,2024-07-10 12:30:00+00:00,141.0794,TIME_EXIT_8H,32,-17.92,0.4811,0.4668,0.5925,-18.87,-0.968
402,SOLUSDT,LONG,spot,BREAKOUT_ONLY,2024-07-11 01:15:00+00:00,141.6249,141.3788,0.6843,2024-07-11 01:30:00+00:00,142.48,2024-07-11 01:30:00+00:00,142.48,0.0,0.0,2024-07-11 01:45:00+00:00,142.5412,14.856197,2117.62,141.2419,141.2419,0,2024-07-11 03:00:00+00:00,141.03,STOP_LOSS,5,-22.45,1.6941,1.6761,4.2016,-25.82,-1.338
404,ETHUSDT,LONG,spot,BREAKOUT_ONLY,2024-07-11 06:45:00+00:00,3096.6673,3094.3135,9.461,2024-07-11 07:00:00+00:00,3104.19,2024-07-11 07:00:00+00:00,3104.19,0.0,0.0,2024-07-11 07:15:00+00:00,3105.7521,1.221458,3793.54,3092.4213,3135.7514,12,2024-07-11 11:15:00+00:00,3131.0477,TRAILING_STOP,16,30.9,3.0348,3.0596,7.6334,24.8,1.523
403,BTCUSDT,LONG,spot,BREAKOUT_ONLY,2024-07-11 05:00:00+00:00,57798.4885,57703.1988,218.8515,2024-07-11 05:30:00+00:00,57934.01,2024-07-11 05:30:00+00:00,57934.01,0.0,0.0,2024-07-11 05:45:00+00:00,57962.967,0.063168,3661.41,57659.4285,58543.881,16,2024-07-11 12:00:00+00:00,58456.0651,TRAILING_STOP,25,31.15,2.9291,2.954,7.3695,25.26,1.318
406,BTCUSDT,LONG,spot,BREAKOUT_ONLY,2024-07-12 14:15:00+00:00,57439.745,57321.8958,275.6575,2024-07-12 14:30:00+00:00,57955.3,2024-07-12 14:30:00+00:00,57955.3,0.0,0.0,2024-07-12 14:45:00+00:00,57984.2776,0.027051,1568.56,57266.7643,57266.7643,0,2024-07-12 20:15:00+00:00,57180.8641,STOP_LOSS,22,-21.73,1.2548,1.2375,3.1045,-24.23,-1.248
405,BNBUSDT,LONG,spot,BREAKOUT_ONLY,2024-07-12 13:30:00+00:00,524.1184,523.4055,2.0573,2024-07-12 13:45:00+00:00,530.7,2024-07-12 13:45:00+00:00,530.7,0.0,0.0,2024-07-12 14:00:00+00:00,530.9654,2.436781,1293.85,522.9941,522.9941,0,2024-07-12 22:00:00+00:00,531.5341,TIME_EXIT_8H,32,1.39,1.0351,1.0362,1.2945,-0.69,-0.035
407,BNBUSDT,LONG,spot,BREAKOUT_ONLY,2024-07-13 23:45:00+00:00,531.7745,531.0947,1.865,2024-07-14 00:00:00+00:00,533.5,2024-07-14 00:00:00+00:00,533.5,0.0,0.0,2024-07-14 00:15:00+00:00,533.7668,6.338033,3383.03,530.7217,533.5697,3,2024-07-14 02:15:00+00:00,532.7693,TRAILING_STOP,8,-6.32,2.7064,2.7014,6.7566,-11.73,-0.608
408,BNBUSDT,LONG,spot,BREAKOUT_ONLY,2024-07-14 01:45:00+00:00,533.2125,532.2053,2.1213,2024-07-14 02:00:00+00:00,535.0,2024-07-14 02:00:00+00:00,535.0,0.0,0.0,2024-07-14 02:15:00+00:00,535.1674,5.681807,3040.72,531.781,535.3085,1,2024-07-14 05:15:00+00:00,534.5055,TRAILING_STOP,12,-3.76,2.4326,2.4296,6.0758,-8.62,-0.448
409,BNBUSDT,LONG,spot,BREAKOUT_ONLY,2024-07-14 15:15:00+00:00,535.4134,534.7613,1.8241,2024-07-14 16:00:00+00:00,536.7,2024-07-14 16:00:00+00:00,536.7,0.0,0.0,2024-07-14 16:15:00+00:00,536.9683,7.079003,3801.2,534.3965,537.8345,1,2024-07-14 20:45:00+00:00,537.0278,TRAILING_STOP,18,0.42,3.041,3.0413,7.603,-5.66,-0.311
410,BNBUSDT,LONG,spot,BREAKOUT_ONLY,2024-07-16 15:30:00+00:00,570.6266,569.7138,3.0945,2024-07-16 15:45:00+00:00,577.0,2024-07-16 15:45:00+00:00,577.0,0.0,0.0,2024-07-16 16:00:00+00:00,577.2885,2.339587,1350.62,569.0949,569.0949,0,2024-07-17 00:00:00+00:00,576.8115,TIME_EXIT_8H,32,-1.12,1.0805,1.0796,1.3501,-3.28,-0.171
411,BTCUSDT,LONG,spot,BREAKOUT_ONLY,2024-07-18 03:30:00+00:00,64628.2475,64568.0975,225.7931,2024-07-18 03:45:00+00:00,64865.08,2024-07-18 03:45:00+00:00,64865.08,0.0,0.0,2024-07-18 04:00:00+00:00,64897.5225,0.051132,3318.35,64522.9389,64522.9389,0,2024-07-18 05:00:00+00:00,64426.1545,STOP_LOSS,4,-24.1,2.6547,2.6354,6.6006,-29.39,-1.535
412,BTCUSDT,LONG,spot,BREAKOUT_ONLY,2024-07-18 04:30:00+00:00,64638.0912,64595.7078,185.311,2024-07-18 05:45:00+00:00,64756.77,2024-07-18 05:45:00+00:00,64756.77,0.0,0.0,2024-07-18 06:00:00+00:00,64789.1384,0.058085,3763.25,64558.6455,64739.3556,2,2024-07-18 07:45:00+00:00,64642.2465,TRAILING_STOP,7,-8.53,3.0106,3.0038,7.5137,-14.55,-1.087
414,ETHUSDT,LONG,spot,BREAKOUT_ONLY,2024-07-18 07:30:00+00:00,3430.2025,3425.2949,11.2583,2024-07-18 08:00:00+00:00,3443.42,2024-07-18 08:00:00+00:00,3443.42,0.0,0.0,2024-07-18 08:15:00+00:00,3445.1417,0.855215,2946.34,3423.0433,3466.6604,4,2024-07-18 13:30:00+00:00,3461.4604,TRAILING_STOP,21,13.96,2.3571,2.3682,5.9136,9.23,0.488
413,SOLUSDT,LONG,spot,BREAKOUT_ONLY,2024-07-18 06:00:00+00:00,158.3813,158.0608,0.8727,2024-07-18 06:15:00+00:00,159.29,2024-07-18 06:15:00+00:00,159.29,0.0,0.0,2024-07-18 06:30:00+00:00,159.3596,12.92396,2059.56,157.8863,160.0814,5,2024-07-18 14:15:00+00:00,159.8413,TRAILING_STOP,31,6.23,1.6476,1.6526,4.1285,2.92,0.154
415,SOLUSDT,LONG,spot,BREAKOUT_ONLY,2024-07-18 23:00:00+00:00,158.314,158.1366,0.823,2024-07-18 23:15:00+00:00,159.36,2024-07-18 23:15:00+00:00,159.36,0.0,0.0,2024-07-18 23:30:00+00:00,159.4397,12.941532,2063.39,157.972,157.972,0,2024-07-19 00:15:00+00:00,157.735,STOP_LOSS,3,-22.06,1.6507,1.6331,4.0937,-25.34,-1.334
416,SOLUSDT,LONG,spot,BREAKOUT_ONLY,2024-07-19 02:15:00+00:00,158.4429,158.2743,1.0151,2024-07-19 03:00:00+00:00,159.47,2024-07-19 03:00:00+00:00,159.47,0.0,0.0,2024-07-19 03:15:00+00:00,159.5497,12.762037,2036.18,158.0713,163.337,13,2024-07-19 07:00:00+00:00,163.092,TRAILING_STOP,15,45.21,1.6289,1.6651,4.1402,41.91,2.221
417,BNBUSDT,LONG,spot,BREAKOUT_ONLY,2024-07-19 04:00:00+00:00,571.2063,570.6096,1.8383,2024-07-19 04:30:00+00:00,572.5,2024-07-19 04:30:00+00:00,572.5,0.0,0.0,2024-07-19 04:45:00+00:00,572.6862,6.520469,3734.18,570.242,570.242,0,2024-07-19 07:00:00+00:00,569.3866,STOP_LOSS,9,-21.51,2.9873,2.9701,7.4361,-27.47,-1.724
418,BNBUSDT,LONG,spot,BREAKOUT_ONLY,2024-07-19 11:15:00+00:00,571.1428,570.8262,1.8933,2024-07-19 11:45:00+00:00,573.4,2024-07-19 11:45:00+00:00,573.4,0.0,0.0,2024-07-19 12:00:00+00:00,573.7867,5.672029,3254.54,570.4476,574.5417,1,2024-07-19 13:15:00+00:00,573.6799,TRAILING_STOP,5,-0.61,2.6036,2.6031,6.5082,-5.81,-0.307
420,ETHUSDT,LONG,spot,BREAKOUT_ONLY,2024-07-19 14:15:00+00:00,3417.6867,3414.43,17.6352,2024-07-19 14:30:00+00:00,3463.42,2024-07-19 14:30:00+00:00,3463.42,0.0,0.0,2024-07-19 14:45:00+00:00,3465.1417,0.353117,1223.6,3410.903,3506.521,2,2024-07-19 20:00:00+00:00,3501.2612,TRAILING_STOP,21,12.75,0.9789,0.9891,2.4663,10.79,0.563
419,BTCUSDT,LONG,spot,BREAKOUT_ONLY,2024-07-19 12:30:00+00:00,64057.5622,63990.5579,169.9497,2024-07-19 12:45:00+00:00,64414.0,2024-07-19 12:45:00+00:00,64414.0,0.0,0.0,2024-07-19 13:00:00+00:00,64446.207,0.038713,2494.93,63956.5679,66894.7037,25,2024-07-19 21:00:00+00:00,66794.3616,TRAILING_STOP,32,90.9,1.9959,2.0687,5.1262,86.84,4.581
421,ETHUSDT,LONG,spot,BREAKOUT_ONLY,2024-07-21 13:15:00+00:00,3500.2674,3497.6737,5.8061,2024-07-21 14:15:00+00:00,3508.33,2024-07-21 14:15:00+00:00,3508.33,0.0,0.0,2024-07-21 14:30:00+00:00,3510.0942,1.094269,3840.99,3496.5125,3496.5125,0,2024-07-21 15:45:00+00:00,3491.2677,STOP_LOSS,5,-20.6,3.0728,3.0563,7.6511,-26.73,-1.799
423,ETHUSDT,LONG,spot,BREAKOUT_ONLY,2024-07-21 15:00:00+00:00,3500.8403,3500.5799,10.2558,2024-07-21 16:00:00+00:00,3506.56,2024-07-21 16:00:00+00:00,3506.56,0.0,0.0,2024-07-21 16:15:00+00:00,3508.3933,1.086738,3812.7,3498.5287,3498.5287,0,2024-07-21 16:30:00+00:00,3487.3611,STOP_LOSS,1,-22.86,3.0502,3.0319,7.5911,-28.94,-2.699
422,BTCUSDT,LONG,spot,BREAKOUT_ONLY,2024-07-21 14:15:00+00:00,66930.063,66872.5799,158.1254,2024-07-21 14:30:00+00:00,67375.93,2024-07-21 14:30:00+00:00,67375.93,0.0,0.0,2024-07-21 14:45:00+00:00,67409.608,0.034093,2298.2,66840.9548,66840.9548,0,2024-07-21 17:45:00+00:00,66740.6934,STOP_LOSS,12,-22.81,1.8386,1.8203,4.5622,-26.46,-1.365
424,ETHUSDT,LONG,spot,BREAKOUT_ONLY,2024-07-21 16:45:00+00:00,3501.9814,3500.9019,13.3587,2024-07-21 17:00:00+00:00,3516.01,2024-07-21 17:00:00+00:00,3516.01,0.0,0.0,2024-07-21 17:15:00+00:00,3517.768,0.9776,3438.97,3498.2302,3498.2302,0,2024-07-21 17:45:00+00:00,3492.9828,STOP_LOSS,2,-24.23,2.7512,2.7318,6.8416,-29.71,-1.556
425,BTCUSDT,LONG,spot,BREAKOUT_ONLY,2024-07-21 18:30:00+00:00,67032.6279,66944.6579,464.3138,2024-07-21 19:15:00+00:00,67317.81,2024-07-21 19:15:00+00:00,67317.81,0.0,0.0,2024-07-21 19:30:00+00:00,67351.4589,0.037705,2539.47,66851.7952,67894.4276,14,2024-07-21 23:45:00+00:00,67792.586,TRAILING_STOP,17,16.63,2.0316,2.0449,5.1039,12.56,0.666
426,BNBUSDT,LONG,spot,BREAKOUT_ONLY,2024-07-21 19:00:00+00:00,595.4644,594.6269,4.1041,2024-07-21 19:45:00+00:00,597.7,2024-07-21 19:45:00+00:00,597.7,0.0,0.0,2024-07-21 20:00:00+00:00,597.8988,4.60532,2753.52,593.8061,601.2765,16,2024-07-22 01:15:00+00:00,600.3746,TRAILING_STOP,21,11.4,2.2028,2.2119,5.5241,6.99,0.371
427,BNBUSDT,LONG,spot,BREAKOUT_ONLY,2024-07-22 12:00:00+00:00,597.3437,596.8099,2.0742,2024-07-22 12:15:00+00:00,599.9,2024-07-22 12:15:00+00:00,599.9,0.0,0.0,2024-07-22 12:30:00+00:00,600.1999,4.977175,2987.3,596.3951,596.3951,0,2024-07-22 13:30:00+00:00,595.5005,STOP_LOSS,4,-23.39,2.3898,2.3711,5.9395,-28.15,-1.487
428,BTCUSDT,LONG,spot,BREAKOUT_ONLY,2024-07-22 12:45:00+00:00,67523.7607,67462.2093,150.35,2024-07-22 13:00:00+00:00,67671.99,2024-07-22 13:00:00+00:00,67671.99,0.0,0.0,2024-07-22 13:15:00+00:00,67705.836,0.055346,3747.24,67432.1393,67432.1393,0,2024-07-22 13:30:00+00:00,67330.9911,STOP_LOSS,1,-20.75,2.9978,2.9812,7.4634,-26.73,-1.764
429,BTCUSDT,LONG,spot,BREAKOUT_ONLY,2024-07-22 19:00:00+00:00,67369.6699,67318.495,221.0491,2024-07-22 19:15:00+00:00,67666.01,2024-07-22 19:15:00+00:00,67666.01,0.0,0.0,2024-07-22 19:30:00+00:00,67699.843,0.043855,2969.01,67274.2852,67786.0722,2,2024-07-22 21:15:00+00:00,67684.3931,TRAILING_STOP,7,-0.68,2.3752,2.3747,5.937,-5.43,-0.291
430,BTCUSDT,LONG,spot,BREAKOUT_ONLY,2024-07-23 01:30:00+00:00,67527.6991,67486.8016,211.2296,2024-07-23 02:30:00+00:00,67651.51,2024-07-23 02:30:00+00:00,67651.51,0.0,0.0,2024-07-23 02:45:00+00:00,67685.3358,0.054516,3689.91,67444.5557,67444.5557,0,2024-07-23 03:45:00+00:00,67343.3888,STOP_LOSS,4,-18.64,2.9519,2.937,7.3519,-24.53,-1.869
431,ETHUSDT,LONG,spot,BREAKOUT_ONLY,2024-07-23 09:00:00+00:00,3473.7848,3468.4951,18.7284,2024-07-23 09:15:00+00:00,3529.86,2024-07-23 09:15:00+00:00,3529.86,0.0,0.0,2024-07-23 09:30:00+00:00,3531.6149,0.276873,977.81,3464.7495,3464.7495,0,2024-07-23 13:30:00+00:00,3459.5523,STOP_LOSS,16,-19.95,0.7822,0.7663,1.9257,-21.5,-1.161
432,ETHUSDT,LONG,spot,BREAKOUT_ONLY,2024-07-23 21:00:00+00:00,3470.9236,3464.8897,18.4684,2024-07-23 21:15:00+00:00,3480.24,2024-07-23 21:15:00+00:00,3480.24,0.0,0.0,2024-07-23 21:30:00+00:00,3481.9801,0.885566,3083.52,3461.196,3461.196,0,2024-07-23 22:15:00+00:00,3456.0042,STOP_LOSS,3,-23.0,2.4668,2.4484,6.1325,-27.92,-1.517
433,ETHUSDT,LONG,spot,BREAKOUT_ONLY,2024-07-23 23:30:00+00:00,3472.4246,3469.6312,17.9914,2024-07-23 23:45:00+00:00,3482.51,2024-07-23 23:45:00+00:00,3482.51,0.0,0.0,2024-07-24 00:00:00+00:00,3484.2513,1.002626,3493.4,3466.033,3466.033,0,2024-07-24 00:45:00+00:00,3460.8339,STOP_LOSS,3,-23.48,2.7947,2.7759,6.9516,-29.05,-1.59
434,BTCUSDT,LONG,spot,BREAKOUT_ONLY,2024-07-24 17:30:00+00:00,66446.025,66334.3916,243.6498,2024-07-24 17:45:00+00:00,66586.01,2024-07-24 17:45:00+00:00,66586.01,0.0,0.0,2024-07-24 18:00:00+00:00,66619.303,0.053857,3587.94,66285.6616,66285.6616,0,2024-07-24 18:15:00+00:00,66186.2331,STOP_LOSS,1,-23.32,2.8703,2.8517,7.1409,-29.05,-1.616
436,ETHUSDT,LONG,spot,BREAKOUT_ONLY,2024-07-27 21:30:00+00:00,3269.1815,3263.7871,26.3239,2024-07-27 21:45:00+00:00,3283.7,2024-07-27 21:45:00+00:00,3283.7,0.0,0.0,2024-07-27 22:00:00+00:00,3285.4419,0.66655,2189.91,3258.5224,3258.5224,0,2024-07-27 23:00:00+00:00,3253.6346,STOP_LOSS,4,-21.2,1.7519,1.735,4.348,-24.69,-1.376
435,BTCUSDT,LONG,spot,BREAKOUT_ONLY,2024-07-27 21:00:00+00:00,68335.2333,68109.5027,770.9096,2024-07-27 21:15:00+00:00,68900.0,2024-07-27 21:15:00+00:00,68900.0,0.0,0.0,2024-07-27 21:30:00+00:00,68934.45,0.018359,1265.56,67955.3208,67955.3208,0,2024-07-27 23:45:00+00:00,67853.3878,STOP_LOSS,9,-19.85,1.0124,0.9966,2.5013,-21.86,-1.216
437,SOLUSDT,LONG,spot,BREAKOUT_ONLY,2024-07-28 10:45:00+00:00,183.7579,183.5919,0.7933,2024-07-28 11:00:00+00:00,184.86,2024-07-28 11:00:00+00:00,184.86,0.0,0.0,2024-07-28 11:15:00+00:00,184.9424,11.756867,2174.34,183.4333,185.0628,5,2024-07-28 14:15:00+00:00,184.7852,TRAILING_STOP,12,-1.85,1.7395,1.738,4.3459,-5.33,-0.3
438,SOLUSDT,LONG,spot,BREAKOUT_ONLY,2024-07-28 17:45:00+00:00,184.4129,184.1263,0.8445,2024-07-28 18:15:00+00:00,185.35,2024-07-28 18:15:00+00:00,185.35,0.0,0.0,2024-07-28 18:30:00+00:00,185.4427,11.928095,2211.98,183.9574,183.9574,0,2024-07-28 21:15:00+00:00,183.6815,STOP_LOSS,11,-21.01,1.7696,1.7528,4.3924,-24.53,-1.385
439,BTCUSDT,LONG,spot,BREAKOUT_ONLY,2024-07-28 18:15:00+00:00,67854.2659,67811.0626,148.8303,2024-07-28 18:30:00+00:00,68181.64,2024-07-28 18:30:00+00:00,68181.64,0.0,0.0,2024-07-28 18:45:00+00:00,68215.7308,0.040721,2777.81,67781.2965,68553.1568,5,2024-07-29 01:15:00+00:00,68450.327,TRAILING_STOP,26,9.55,2.2223,2.2299,5.57,5.1,0.288
440,SOLUSDT,LONG,spot,BREAKOUT_ONLY,2024-07-29 00:00:00+00:00,184.5349,184.312,0.9713,2024-07-29 00:15:00+00:00,187.99,2024-07-29 00:15:00+00:00,187.99,0.0,0.0,2024-07-29 00:30:00+00:00,188.094,4.446444,836.35,184.1177,192.2294,15,2024-07-29 07:15:00+00:00,191.9411,TRAILING_STOP,27,17.11,0.6691,0.6828,1.6984,15.75,0.891
441,ETHUSDT,LONG,spot,BREAKOUT_ONLY,2024-07-29 22:15:00+00:00,3328.1882,3322.5668,12.5505,2024-07-29 22:30:00+00:00,3336.34,2024-07-29 22:30:00+00:00,3336.34,0.0,0.0,2024-07-29 22:45:00+00:00,3338.0082,0.985876,3290.86,3320.0567,3320.0567,0,2024-07-29 23:15:00+00:00,3315.0766,STOP_LOSS,2,-22.61,2.6327,2.6146,6.5478,-27.85,-1.574
442,ETHUSDT,LONG,spot,BREAKOUT_ONLY,2024-07-30 06:00:00+00:00,3319.3883,3314.5258,10.7029,2024-07-30 06:45:00+00:00,3328.12,2024-07-30 06:45:00+00:00,3328.12,0.0,0.0,2024-07-30 07:00:00+00:00,3329.7941,1.008604,3358.44,3312.3852,3335.7567,6,2024-07-30 08:45:00+00:00,3330.7531,TRAILING_STOP,7,0.97,2.6868,2.6875,6.7183,-4.41,-0.251
443,SOLUSDT,LONG,spot,BREAKOUT_ONLY,2024-07-31 06:30:00+00:00,180.8679,180.3365,1.3538,2024-07-31 06:45:00+00:00,183.43,2024-07-31 06:45:00+00:00,183.43,0.0,0.0,2024-07-31 07:00:00+00:00,183.5217,5.074351,931.25,180.0658,180.0658,0,2024-07-31 15:00:00+00:00,179.7957,STOP_LOSS,32,-18.91,0.745,0.7299,1.8341,-20.38,-1.162
444,BTCUSDT,LONG,spot,BREAKOUT_ONLY,2024-08-06 14:30:00+00:00,55409.2029,55135.6269,590.57,2024-08-06 14:45:00+00:00,56132.01,2024-08-06 14:45:00+00:00,56132.01,0.0,0.0,2024-08-06 15:00:00+00:00,56160.076,0.015259,856.96,55017.5129,55017.5129,0,2024-08-06 23:00:00+00:00,56257.867,TIME_EXIT_8H,32,1.49,0.6856,0.6868,0.8577,0.12,0.007
445,SOLUSDT,LONG,spot,BREAKOUT_ONLY,2024-08-08 02:00:00+00:00,147.3143,147.1085,2.3736,2024-08-08 02:15:00+00:00,154.81,2024-08-08 02:15:00+00:00,154.81,0.0,0.0,2024-08-08 02:30:00+00:00,154.8874,2.112454,327.19,146.6338,146.6338,0,2024-08-08 10:30:00+00:00,153.8031,TIME_EXIT_8H,32,-2.29,0.2618,0.2599,0.326,-2.81,-0.161
446,BTCUSDT,LONG,spot,BREAKOUT_ONLY,2024-08-08 02:30:00+00:00,56063.8004,55876.5319,529.641,2024-08-08 02:45:00+00:00,57364.0,2024-08-08 02:45:00+00:00,57364.0,0.0,0.0,2024-08-08 03:00:00+00:00,57392.682,0.01075,616.95,55770.6037,55770.6037,0,2024-08-08 11:00:00+00:00,57455.278,TIME_EXIT_8H,32,0.67,0.4936,0.4941,0.6173,-0.31,-0.018
447,BNBUSDT,LONG,spot,BREAKOUT_ONLY,2024-08-09 21:30:00+00:00,506.3512,505.4793,1.8322,2024-08-09 21:45:00+00:00,508.3,2024-08-09 21:45:00+00:00,508.3,0.0,0.0,2024-08-09 22:00:00+00:00,508.5541,5.061913,2574.26,505.1128,509.0229,1,2024-08-10 00:30:00+00:00,508.2594,TRAILING_STOP,10,-1.49,2.0594,2.0582,5.1463,-5.61,-0.322
448,SOLUSDT,LONG,spot,BREAKOUT_ONLY,2024-08-10 00:15:00+00:00,155.0513,154.5657,1.7313,2024-08-10 01:00:00+00:00,156.37,2024-08-10 01:00:00+00:00,156.37,0.0,0.0,2024-08-10 01:15:00+00:00,156.4482,7.803426,1220.83,154.2195,154.2195,0,2024-08-10 01:30:00+00:00,153.9881,STOP_LOSS,1,-19.2,0.9767,0.9613,2.4129,-21.13,-1.215
449,ETHUSDT,LONG,spot,BREAKOUT_ONLY,2024-08-10 05:00:00+00:00,2600.1916,2599.3851,10.7783,2024-08-10 05:45:00+00:00,2606.08,2024-08-10 05:45:00+00:00,2606.08,0.0,0.0,2024-08-10 06:00:00+00:00,2607.383,1.312665,3422.62,2597.2294,2628.5698,20,2024-08-10 13:00:00+00:00,2624.6269,TRAILING_STOP,28,22.64,2.7381,2.7562,6.8792,17.14,1.286
450,SOLUSDT,LONG,spot,BREAKOUT_ONLY,2024-08-10 19:15:00+00:00,154.4012,154.1171,0.8146,2024-08-10 19:30:00+00:00,155.14,2024-08-10 19:30:00+00:00,155.14,0.0,0.0,2024-08-10 19:45:00+00:00,155.2276,13.642122,2117.63,153.9542,153.9542,0,2024-08-10 20:15:00+00:00,153.7233,STOP_LOSS,2,-20.52,1.6941,1.6777,4.2045,-23.89,-1.375
451,SOLUSDT,LONG,spot,BREAKOUT_ONLY,2024-08-10 21:00:00+00:00,154.4126,154.2539,0.7502,2024-08-10 21:15:00+00:00,154.96,2024-08-10 21:15:00+00:00,154.96,0.0,0.0,2024-08-10 21:30:00+00:00,155.0275,18.679818,2895.89,154.1039,154.1039,0,2024-08-10 23:00:00+00:00,153.8727,STOP_LOSS,6,-21.57,2.3167,2.2995,5.7594,-26.19,-1.518
452,ETHUSDT,LONG,spot,BREAKOUT_ONLY,2024-08-10 23:45:00+00:00,2610.2522,2607.634,6.2196,2024-08-11 00:00:00+00:00,2623.09,2024-08-11 00:00:00+00:00,2623.09,0.0,0.0,2024-08-11 00:15:00+00:00,2624.4115,0.950051,2493.32,2606.3901,2646.257,1,2024-08-11 03:45:00+00:00,2642.2876,TRAILING_STOP,14,16.98,1.9947,2.0082,5.0121,12.98,0.758
453,SOLUSDT,LONG,spot,BREAKOUT_ONLY,2024-08-11 00:30:00+00:00,154.4333,154.3535,0.7089,2024-08-11 01:00:00+00:00,155.2,2024-08-11 01:00:00+00:00,155.2,0.0,0.0,2024-08-11 01:15:00+00:00,155.2676,16.192683,2514.2,154.2117,155.5928,2,2024-08-11 04:00:00+00:00,155.3594,TRAILING_STOP,11,1.49,2.0114,2.0125,5.0306,-2.54,-0.148
454,BTCUSDT,LONG,spot,BREAKOUT_ONLY,2024-08-12 14:45:00+00:00,59363.8424,59110.5474,670.6847,2024-08-12 15:00:00+00:00,60147.99,2024-08-12 15:00:00+00:00,60147.99,0.0,0.0,2024-08-12 15:15:00+00:00,60178.054,0.014292,860.04,58976.4105,58976.4105,0,2024-08-12 18:30:00+00:00,58887.9459,STOP_LOSS,13,-18.44,0.688,0.6733,1.6924,-19.8,-1.153
455,BNBUSDT,LONG,spot,BREAKOUT_ONLY,2024-08-12 14:45:00+00:00,513.9549,511.7759,5.8226,2024-08-12 15:00:00+00:00,520.3,2024-08-12 15:00:00+00:00,520.3,0.0,0.0,2024-08-12 15:15:00+00:00,520.5601,1.726181,898.58,510.6113,510.6113,0,2024-08-12 18:45:00+00:00,509.8454,STOP_LOSS,14,-18.5,0.7189,0.7041,1.7694,-19.92,-1.16
457,BTCUSDT,LONG,spot,BREAKOUT_ONLY,2024-08-13 00:45:00+00:00,59325.5011,59261.6381,325.1366,2024-08-13 01:00:00+00:00,59542.0,2024-08-13 01:00:00+00:00,59542.0,0.0,0.0,2024-08-13 01:15:00+00:00,59571.771,0.045257,2696.05,59196.6107,59196.6107,0,2024-08-13 03:00:00+00:00,59107.8158,STOP_LOSS,7,-21.0,2.1568,2.14,5.3606,-25.29,-1.49
456,BNBUSDT,LONG,spot,BREAKOUT_ONLY,2024-08-12 23:00:00+00:00,514.2923,513.6813,2.2976,2024-08-12 23:15:00+00:00,517.9,2024-08-12 23:15:00+00:00,517.9,0.0,0.0,2024-08-12 23:30:00+00:00,518.259,3.369911,1746.49,513.2218,519.7076,1,2024-08-13 07:30:00+00:00,522.9384,TIME_EXIT_8H,32,15.77,1.3972,1.4098,1.7544,12.96,0.764
459,ETHUSDT,LONG,spot,BREAKOUT_ONLY,2024-08-13 14:15:00+00:00,2654.1678,2650.18,15.6918,2024-08-13 14:45:00+00:00,2662.34,2024-08-13 14:45:00+00:00,2662.34,0.0,0.0,2024-08-13 15:00:00+00:00,2663.6812,1.01645,2707.5,2647.0417,2647.0417,0,2024-08-13 15:15:00+00:00,2643.0711,STOP_LOSS,1,-20.95,2.166,2.1492,5.3836,-25.26,-1.494
458,BTCUSDT,LONG,spot,BREAKOUT_ONLY,2024-08-13 14:30:00+00:00,59178.8503,59119.5839,320.0854,2024-08-13 14:45:00+00:00,59643.63,2024-08-13 14:45:00+00:00,59643.63,0.0,0.0,2024-08-13 15:00:00+00:00,59673.4518,0.027373,1633.43,59055.5669,60857.9538,7,2024-08-13 18:45:00+00:00,60766.6668,TRAILING_STOP,15,29.92,1.3067,1.3307,3.3117,27.29,1.613
460,ETHUSDT,LONG,spot,BREAKOUT_ONLY,2024-08-13 15:30:00+00:00,2653.9088,2651.1039,15.8564,2024-08-13 16:00:00+00:00,2664.0,2024-08-13 16:00:00+00:00,2664.0,0.0,0.0,2024-08-13 16:15:00+00:00,2665.322,0.966733,2576.65,2647.9326,2698.2622,8,2024-08-13 18:45:00+00:00,2694.2148,TRAILING_STOP,10,27.93,2.0613,2.0837,5.1952,23.79,1.415
461,SOLUSDT,LONG,spot,BREAKOUT_ONLY,2024-08-14 10:00:00+00:00,145.8136,145.6886,0.6645,2024-08-14 10:15:00+00:00,147.46,2024-08-14 10:15:00+00:00,147.46,0.0,0.0,2024-08-14 10:30:00+00:00,147.5237,8.659564,1277.49,145.5557,149.0316,1,2024-08-14 12:45:00+00:00,148.8081,TRAILING_STOP,9,11.12,1.022,1.0309,2.5717,9.07,0.532
462,BNBUSDT,LONG,spot,BREAKOUT_ONLY,2024-08-14 20:00:00+00:00,524.5716,523.9789,1.8559,2024-08-14 20:30:00+00:00,525.5,2024-08-14 20:30:00+00:00,525.5,0.0,0.0,2024-08-14 20:45:00+00:00,525.7627,6.435126,3383.35,523.6077,523.6077,0,2024-08-14 21:00:00+00:00,522.8223,STOP_LOSS,1,-18.92,2.7067,2.6915,6.7383,-24.32,-1.754
463,BNBUSDT,LONG,spot,BREAKOUT_ONLY,2024-08-14 23:30:00+00:00,524.2616,523.8633,1.5301,2024-08-15 00:30:00+00:00,526.7,2024-08-15 00:30:00+00:00,526.7,0.0,0.0,2024-08-15 00:45:00+00:00,527.0634,4.838984,2550.45,523.5573,523.5573,0,2024-08-15 01:30:00+00:00,522.772,STOP_LOSS,3,-20.77,2.0404,2.0237,5.0698,-24.83,-1.464
464,BNBUSDT,LONG,spot,BREAKOUT_ONLY,2024-08-15 12:45:00+00:00,522.3428,521.7624,2.2167,2024-08-15 13:00:00+00:00,526.0,2024-08-15 13:00:00+00:00,526.0,0.0,0.0,2024-08-15 13:15:00+00:00,526.3631,3.339031,1757.54,521.3191,529.7236,2,2024-08-15 17:00:00+00:00,528.929,TRAILING_STOP,15,8.57,1.406,1.4129,3.5279,5.75,0.341
465,SOLUSDT,LONG,spot,BREAKOUT_ONLY,2024-08-15 15:15:00+00:00,144.1214,143.7539,1.256,2024-08-15 15:30:00+00:00,145.91,2024-08-15 15:30:00+00:00,145.91,0.0,0.0,2024-08-15 15:45:00+00:00,145.983,6.818872,995.44,143.5027,143.5027,0,2024-08-15 17:45:00+00:00,143.2875,STOP_LOSS,8,-18.38,0.7964,0.7816,1.9633,-19.96,-1.18
466,SOLUSDT,LONG,spot,BREAKOUT_ONLY,2024-08-16 06:45:00+00:00,142.9422,142.6498,0.7299,2024-08-16 07:00:00+00:00,144.03,2024-08-16 07:00:00+00:00,144.03,0.0,0.0,2024-08-16 07:15:00+00:00,144.102,10.493816,1512.18,142.5039,142.5039,0,2024-08-16 11:45:00+00:00,142.2901,STOP_LOSS,18,-19.01,1.2097,1.1945,2.9958,-21.42,-1.277
467,BTCUSDT,LONG,spot,BREAKOUT_ONLY,2024-08-16 17:15:00+00:00,58329.2592,58262.5757,355.257,2024-08-16 17:30:00+00:00,58773.54,2024-08-16 17:30:00+00:00,58773.54,0.0,0.0,2024-08-16 17:45:00+00:00,58802.9268,0.027255,1602.67,58191.5243,59291.9241,10,2024-08-16 20:30:00+00:00,59202.9862,TRAILING_STOP,11,10.9,1.2821,1.2909,3.2217,8.33,0.5
468,BNBUSDT,LONG,spot,BREAKOUT_ONLY,2024-08-16 19:00:00+00:00,519.2459,518.4355,2.7137,2024-08-16 19:15:00+00:00,522.8,2024-08-16 19:15:00+00:00,522.8,0.0,0.0,2024-08-16 19:30:00+00:00,523.1614,3.1849,1666.22,517.8927,517.8927,0,2024-08-17 03:30:00+00:00,520.1398,TIME_EXIT_8H,32,-9.62,1.333,1.3253,1.6614,-12.28,-0.732
469,ETHUSDT,LONG,spot,BREAKOUT_ONLY,2024-08-17 15:00:00+00:00,2605.2284,2602.0131,7.3839,2024-08-17 15:15:00+00:00,2610.33,2024-08-17 15:15:00+00:00,2610.33,0.0,0.0,2024-08-17 15:30:00+00:00,2611.6252,1.261861,3295.51,2600.5364,2614.7946,5,2024-08-17 18:00:00+00:00,2610.8724,TRAILING_STOP,10,-0.95,2.6364,2.6356,6.5896,-6.22,-0.445
470,ETHUSDT,LONG,spot,BREAKOUT_ONLY,2024-08-18 08:30:00+00:00,2609.1328,2608.2463,5.0898,2024-08-18 08:45:00+00:00,2617.48,2024-08-18 08:45:00+00:00,2617.48,0.0,0.0,2024-08-18 09:00:00+00:00,2618.7987,1.256052,3289.35,2607.2283,2646.138,1,2024-08-18 10:00:00+00:00,2641.2522,TRAILING_STOP,4,28.2,2.6315,2.654,6.621,22.92,1.577
472,SOLUSDT,LONG,spot,BREAKOUT_ONLY,2024-08-19 15:00:00+00:00,142.9392,142.759,1.0036,2024-08-19 15:15:00+00:00,144.06,2024-08-19 15:15:00+00:00,144.06,0.0,0.0,2024-08-19 15:30:00+00:00,144.142,10.647284,1534.72,142.5583,144.0557,1,2024-08-19 17:45:00+00:00,143.774,TRAILING_STOP,9,-3.92,1.2278,1.2246,3.0636,-6.37,-0.378
471,BNBUSDT,LONG,spot,BREAKOUT_ONLY,2024-08-19 10:15:00+00:00,535.3732,534.6136,1.9089,2024-08-19 11:45:00+00:00,537.0,2024-08-19 11:45:00+00:00,537.0,0.0,0.0,2024-08-19 12:00:00+00:00,537.2685,5.508545,2959.57,534.2319,550.3094,16,2024-08-19 18:45:00+00:00,549.4839,TRAILING_STOP,27,67.29,2.3677,2.4215,6.0201,62.5,3.736
473,SOLUSDT,LONG,spot,BREAKOUT_ONLY,2024-08-19 18:00:00+00:00,143.4788,143.126,1.0724,2024-08-19 18:30:00+00:00,144.27,2024-08-19 18:30:00+00:00,144.27,0.0,0.0,2024-08-19 18:45:00+00:00,144.3521,11.806148,1704.24,142.9115,142.9115,0,2024-08-19 19:45:00+00:00,142.6972,STOP_LOSS,4,-19.54,1.3634,1.3478,3.3792,-22.25,-1.308
474,SOLUSDT,LONG,spot,BREAKOUT_ONLY,2024-08-19 19:15:00+00:00,143.5287,143.175,0.8987,2024-08-19 20:30:00+00:00,144.01,2024-08-19 20:30:00+00:00,144.01,0.0,0.0,2024-08-19 20:45:00+00:00,144.082,15.548739,2240.29,142.9953,142.9953,0,2024-08-19 22:45:00+00:00,142.7808,STOP_LOSS,8,-20.23,1.7922,1.776,4.4502,-23.8,-1.409
475,SOLUSDT,LONG,spot,BREAKOUT_ONLY,2024-08-19 23:15:00+00:00,143.647,143.2977,0.8473,2024-08-19 23:45:00+00:00,144.29,2024-08-19 23:45:00+00:00,144.29,0.0,0.0,2024-08-20 00:00:00+00:00,144.3521,13.708325,1978.83,143.1282,145.6807,5,2024-08-20 01:30:00+00:00,145.4622,TRAILING_STOP,6,15.22,1.5831,1.5952,3.9805,12.04,0.718
476,BTCUSDT,LONG,spot,BREAKOUT_ONLY,2024-08-21 14:15:00+00:00,59481.4892,59435.3788,412.8973,2024-08-21 14:30:00+00:00,59848.0,2024-08-21 14:30:00+00:00,59848.0,0.0,0.0,2024-08-21 14:45:00+00:00,59877.924,0.032065,1919.98,59352.7994,59352.7994,0,2024-08-21 15:00:00+00:00,59263.7702,STOP_LOSS,1,-19.69,1.536,1.5202,3.8104,-22.75,-1.351
477,BTCUSDT,LONG,spot,BREAKOUT_ONLY,2024-08-21 15:15:00+00:00,59499.1191,59457.0185,397.3284,2024-08-21 15:30:00+00:00,59731.99,2024-08-21 15:30:00+00:00,59731.99,0.0,0.0,2024-08-21 15:45:00+00:00,59761.856,0.043518,2600.75,59377.5528,59377.5528,0,2024-08-21 16:00:00+00:00,59288.4865,STOP_LOSS,1,-20.6,2.0806,2.0641,5.1706,-24.75,-1.48
478,BTCUSDT,LONG,spot,BREAKOUT_ONLY,2024-08-21 16:15:00+00:00,59520.5509,59473.3225,322.3169,2024-08-21 16:30:00+00:00,59746.79,2024-08-21 16:30:00+00:00,59746.79,0.0,0.0,2024-08-21 16:45:00+00:00,59776.6634,0.045134,2697.97,59408.8591,61130.376,9,2024-08-21 20:45:00+00:00,61038.6804,TRAILING_STOP,16,56.96,2.1584,2.2039,5.4814,52.6,3.168
479,ETHUSDT,LONG,spot,BREAKOUT_ONLY,2024-08-21 17:00:00+00:00,2597.2736,2592.7273,13.7806,2024-08-21 17:15:00+00:00,2624.57,2024-08-21 17:15:00+00:00,2624.57,0.0,0.0,2024-08-21 17:30:00+00:00,2625.8723,0.463027,1215.85,2589.9712,2636.2515,3,2024-08-21 20:45:00+00:00,2632.2972,TRAILING_STOP,13,2.97,0.9727,0.9751,2.4362,1.03,0.062
480,SOLUSDT,LONG,spot,BREAKOUT_ONLY,2024-08-21 20:30:00+00:00,142.3457,141.9931,0.862,2024-08-21 20:45:00+00:00,143.07,2024-08-21 20:45:00+00:00,143.07,0.0,0.0,2024-08-21 21:00:00+00:00,143.1515,12.67553,1814.52,141.8207,141.8207,0,2024-08-22 02:30:00+00:00,141.608,STOP_LOSS,22,-19.57,1.4516,1.436,3.5997,-22.45,-1.331
481,SOLUSDT,LONG,spot,BREAKOUT_ONLY,2024-08-22 07:45:00+00:00,142.4879,142.4063,0.4695,2024-08-22 08:00:00+00:00,143.15,2024-08-22 08:00:00+00:00,143.15,0.0,0.0,2024-08-22 08:15:00+00:00,143.2116,18.635596,2668.83,142.3124,143.8056,2,2024-08-22 12:15:00+00:00,143.5899,TRAILING_STOP,16,7.05,2.1351,2.1407,5.3482,2.78,0.166
482,SOLUSDT,LONG,spot,BREAKOUT_ONLY,2024-08-22 21:00:00+00:00,143.0096,142.8907,0.4948,2024-08-22 21:15:00+00:00,143.53,2024-08-22 21:15:00+00:00,143.53,0.0,0.0,2024-08-22 21:30:00+00:00,143.6118,20.45171,2937.11,142.7918,144.4225,2,2024-08-23 00:45:00+00:00,144.2059,TRAILING_STOP,13,12.15,2.3497,2.3594,5.8924,7.44,0.444
483,ETHUSDT,LONG,spot,BREAKOUT_ONLY,2024-08-22 21:45:00+00:00,2617.0483,2615.1004,7.3349,2024-08-22 22:00:00+00:00,2623.21,2024-08-22 22:00:00+00:00,2623.21,0.0,0.0,2024-08-22 22:15:00+00:00,2624.5116,1.264309,3318.19,2613.6334,2637.0044,3,2024-08-23 01:15:00+00:00,2633.0489,TRAILING_STOP,12,10.79,2.6546,2.6632,6.6526,5.48,0.398
484,BTCUSDT,LONG,spot,BREAKOUT_ONLY,2024-08-23 00:45:00+00:00,60546.9554,60525.8215,161.635,2024-08-23 01:00:00+00:00,60790.0,2024-08-23 01:00:00+00:00,60790.0,0.0,0.0,2024-08-23 01:15:00+00:00,60820.395,0.051499,3132.16,60493.4945,61030.4944,2,2024-08-23 07:15:00+00:00,60938.9486,TRAILING_STOP,24,6.11,2.5057,2.5106,6.2735,1.09,0.065
485,BNBUSDT,LONG,spot,BREAKOUT_ONLY,2024-08-23 16:30:00+00:00,580.2805,579.679,2.3614,2024-08-23 16:45:00+00:00,582.3,2024-08-23 16:45:00+00:00,582.3,0.0,0.0,2024-08-23 17:00:00+00:00,582.5911,4.975842,2898.88,579.2067,582.5262,5,2024-08-23 19:00:00+00:00,581.6524,TRAILING_STOP,8,-4.67,2.3191,2.3154,5.7908,-9.31,-0.553
486,BNBUSDT,LONG,spot,BREAKOUT_ONLY,2024-08-24 17:00:00+00:00,581.7713,581.4267,2.1739,2024-08-24 17:15:00+00:00,583.8,2024-08-24 17:15:00+00:00,583.8,0.0,0.0,2024-08-24 17:30:00+00:00,584.1919,5.248084,3065.89,580.992,588.7778,10,2024-08-24 21:00:00+00:00,587.8947,TRAILING_STOP,14,19.43,2.4527,2.4683,6.1609,14.51,0.864
487,BTCUSDT,LONG,spot,BREAKOUT_ONLY,2024-08-25 13:45:00+00:00,63978.0911,63929.3945,114.1321,2024-08-25 14:00:00+00:00,64166.62,2024-08-25 14:00:00+00:00,64166.62,0.0,0.0,2024-08-25 14:15:00+00:00,64198.7133,0.052019,3339.54,63906.5681,64354.3854,1,2024-08-25 21:30:00+00:00,64257.8538,TRAILING_STOP,29,3.08,2.6716,2.6741,6.6837,-2.27,-0.149
488,ETHUSDT,LONG,spot,BREAKOUT_ONLY,2024-08-25 13:45:00+00:00,2757.1308,2755.44,8.2903,2024-08-25 14:00:00+00:00,2768.19,2024-08-25 14:00:00+00:00,2768.19,0.0,0.0,2024-08-25 14:15:00+00:00,2769.5741,1.06802,2957.96,2753.7819,2778.8002,1,2024-08-25 21:30:00+00:00,2774.632,TRAILING_STOP,29,5.4,2.3664,2.3707,5.924,0.66,0.039
489,SOLUSDT,LONG,spot,BREAKOUT_ONLY,2024-08-27 05:00:00+00:00,158.432,158.2476,0.5551,2024-08-27 05:15:00+00:00,158.95,2024-08-27 05:15:00+00:00,158.95,0.0,0.0,2024-08-27 05:30:00+00:00,159.0295,18.88089,3002.62,158.1366,158.1366,0,2024-08-27 06:30:00+00:00,157.8994,STOP_LOSS,4,-21.34,2.4021,2.385,5.9732,-26.12,-1.55
491,BNBUSDT,LONG,spot,BREAKOUT_ONLY,2024-08-31 10:45:00+00:00,536.4719,535.9794,1.2898,2024-08-31 11:30:00+00:00,537.2,2024-08-31 11:30:00+00:00,537.2,0.0,0.0,2024-08-31 11:45:00+00:00,537.5686,6.156362,3309.47,535.7214,535.7214,0,2024-08-31 12:00:00+00:00,534.9178,STOP_LOSS,1,-16.32,2.6476,2.6345,6.5945,-21.6,-1.899
490,ETHUSDT,LONG,spot,BREAKOUT_ONLY,2024-08-31 11:15:00+00:00,2521.3968,2519.0878,4.8787,2024-08-31 11:30:00+00:00,2525.79,2024-08-31 11:30:00+00:00,2525.79,0.0,0.0,2024-08-31 11:45:00+00:00,2527.0629,1.310648,3312.09,2518.1121,2518.1121,0,2024-08-31 13:45:00+00:00,2514.3349,STOP_LOSS,8,-16.68,2.6497,2.6363,6.5992,-21.97,-1.873
492,ETHUSDT,LONG,spot,BREAKOUT_ONLY,2024-09-01 20:15:00+00:00,2486.8203,2481.1513,12.3937,2024-09-01 20:30:00+00:00,2506.2,2024-09-01 20:30:00+00:00,2506.2,0.0,0.0,2024-09-01 20:45:00+00:00,2507.4531,0.573647,1438.39,2478.6725,2478.6725,0,2024-09-01 21:15:00+00:00,2474.9545,STOP_LOSS,2,-18.64,1.1507,1.1358,2.8488,-20.93,-1.268
493,SOLUSDT,LONG,spot,BREAKOUT_ONLY,2024-09-04 15:00:00+00:00,130.0486,129.4698,1.4154,2024-09-04 15:15:00+00:00,132.6,2024-09-04 15:15:00+00:00,132.6,0.0,0.0,2024-09-04 15:30:00+00:00,132.6663,4.714742,625.49,129.1867,129.1867,0,2024-09-04 23:30:00+00:00,133.5332,TIME_EXIT_8H,32,4.09,0.5004,0.5037,0.6275,3.08,0.188
494,SOLUSDT,LONG,spot,BREAKOUT_ONLY,2024-09-05 12:45:00+00:00,132.7176,132.3604,0.9744,2024-09-05 13:00:00+00:00,133.28,2024-09-05 13:00:00+00:00,133.28,0.0,0.0,2024-09-05 13:15:00+00:00,133.3466,13.902153,1853.81,132.1655,133.1927,3,2024-09-05 14:45:00+00:00,132.9929,TRAILING_STOP,6,-4.92,1.483,1.4791,3.7002,-7.88,-0.48
495,SOLUSDT,LONG,spot,BREAKOUT_ONLY,2024-09-06 13:00:00+00:00,130.6719,130.2265,1.2524,2024-09-06 13:15:00+00:00,133.76,2024-09-06 13:15:00+00:00,133.76,0.0,0.0,2024-09-06 13:30:00+00:00,133.8269,4.253951,569.29,129.976,129.976,0,2024-09-06 14:00:00+00:00,129.7811,STOP_LOSS,2,-17.21,0.4554,0.4417,1.1128,-18.11,-1.105
496,SOLUSDT,LONG,spot,BREAKOUT_ONLY,2024-09-08 02:15:00+00:00,127.6468,127.4298,0.4975,2024-09-08 02:30:00+00:00,127.92,2024-09-08 02:30:00+00:00,127.92,0.0,0.0,2024-09-08 02:45:00+00:00,127.994,24.548176,3142.02,127.3303,127.9703,4,2024-09-08 05:45:00+00:00,127.7784,TRAILING_STOP,12,-5.29,2.5136,2.5094,6.2761,-10.32,-0.633
497,BNBUSDT,LONG,spot,BREAKOUT_ONLY,2024-09-08 03:30:00+00:00,494.2718,493.7723,1.1658,2024-09-08 03:45:00+00:00,496.6,2024-09-08 03:45:00+00:00,496.6,0.0,0.0,2024-09-08 04:00:00+00:00,496.7482,5.086057,2526.49,493.5391,502.1442,6,2024-09-08 09:30:00+00:00,501.391,TRAILING_STOP,22,23.61,2.0212,2.0401,5.0884,19.55,1.198
498,SOLUSDT,LONG,spot,BREAKOUT_ONLY,2024-09-08 18:00:00+00:00,128.5479,128.3556,0.6582,2024-09-08 18:30:00+00:00,129.02,2024-09-08 18:30:00+00:00,129.02,0.0,0.0,2024-09-08 18:45:00+00:00,129.0845,18.983216,2450.44,128.2239,130.0008,1,2024-09-08 22:30:00+00:00,129.8058,TRAILING_STOP,15,13.69,1.9604,1.9713,4.9214,9.76,0.597
499,BNBUSDT,LONG,spot,BREAKOUT_ONLY,2024-09-08 21:30:00+00:00,497.0474,496.6346,1.5021,2024-09-08 21:45:00+00:00,499.3,2024-09-08 21:45:00+00:00,499.3,0.0,0.0,2024-09-08 22:00:00+00:00,499.5496,5.076432,2535.93,496.3342,502.8171,1,2024-09-08 22:30:00+00:00,502.0629,TRAILING_STOP,2,12.76,2.0287,2.039,5.091,8.69,0.532
500,BTCUSDT,LONG,spot,BREAKOUT_ONLY,2024-09-08 22:15:00+00:00,54443.2554,54350.4223,250.0423,2024-09-08 22:30:00+00:00,54726.01,2024-09-08 22:30:00+00:00,54726.01,0.0,0.0,2024-09-08 22:45:00+00:00,54753.363,0.036272,1985.99,54300.4138,54911.4069,10,2024-09-09 03:15:00+00:00,54829.0398,TRAILING_STOP,18,2.74,1.5888,1.591,3.9761,-0.43,-0.026
501,ETHUSDT,LONG,spot,BREAKOUT_ONLY,2024-09-08 22:30:00+00:00,2283.2476,2280.107,16.2467,2024-09-08 22:45:00+00:00,2293.46,2024-09-08 22:45:00+00:00,2293.46,0.0,0.0,2024-09-08 23:00:00+00:00,2294.6067,0.925051,2122.63,2276.8577,2299.3844,10,2024-09-09 03:15:00+00:00,2295.9354,TRAILING_STOP,17,1.23,1.6981,1.6991,4.2471,-2.17,-0.132
502,SOLUSDT,LONG,spot,BREAKOUT_ONLY,2024-09-09 08:00:00+00:00,128.8605,128.7267,0.5505,2024-09-09 08:15:00+00:00,129.81,2024-09-09 08:15:00+00:00,129.81,0.0,0.0,2024-09-09 08:30:00+00:00,129.8749,13.045953,1694.34,128.6166,128.6166,0,2024-09-09 12:15:00+00:00,128.4236,STOP_LOSS,15,-18.93,1.3555,1.3403,3.3603,-21.63,-1.318
503,SOLUSDT,LONG,spot,BREAKOUT_ONLY,2024-09-09 13:30:00+00:00,129.2737,129.0457,0.5948,2024-09-09 13:45:00+00:00,129.74,2024-09-09 13:45:00+00:00,129.74,0.0,0.0,2024-09-09 14:00:00+00:00,129.8049,18.570342,2410.52,128.9267,128.9267,0,2024-09-09 14:15:00+00:00,128.7333,STOP_LOSS,1,-19.9,1.9284,1.9125,4.7912,-23.74,-1.456
505,SOLUSDT,LONG,spot,BREAKOUT_ONLY,2024-09-09 16:15:00+00:00,129.0072,128.9172,1.054,2024-09-09 16:30:00+00:00,130.95,2024-09-09 16:30:00+00:00,130.95,0.0,0.0,2024-09-09 16:45:00+00:00,131.0255,7.001122,917.33,128.7064,135.0133,17,2024-09-09 21:30:00+00:00,134.8107,TRAILING_STOP,19,26.5,0.7339,0.7551,1.8744,25.01,1.541
504,ETHUSDT,LONG,spot,BREAKOUT_ONLY,2024-09-09 16:00:00+00:00,2304.1868,2300.0784,18.2246,2024-09-09 16:15:00+00:00,2322.8,2024-09-09 16:15:00+00:00,2322.8,0.0,0.0,2024-09-09 16:30:00+00:00,2323.9614,0.588105,1366.73,2296.4335,2356.0446,16,2024-09-09 22:30:00+00:00,2352.5105,TRAILING_STOP,24,16.79,1.0934,1.1068,2.7587,14.59,0.901
506,ETHUSDT,LONG,spot,BREAKOUT_ONLY,2024-09-10 17:15:00+00:00,2343.6655,2339.4572,12.2794,2024-09-10 17:30:00+00:00,2352.41,2024-09-10 17:30:00+00:00,2352.41,0.0,0.0,2024-09-10 17:45:00+00:00,2353.5762,0.988682,2326.94,2337.0013,2365.4373,1,2024-09-10 18:45:00+00:00,2361.8892,TRAILING_STOP,4,8.22,1.8616,1.8681,4.6662,4.49,0.274
507,BNBUSDT,LONG,spot,BREAKOUT_ONLY,2024-09-11 15:30:00+00:00,514.7017,514.1424,3.2939,2024-09-11 15:45:00+00:00,518.0,2024-09-11 15:45:00+00:00,518.0,0.0,0.0,2024-09-11 16:00:00+00:00,518.159,3.509824,1818.65,513.4836,531.0386,14,2024-09-11 21:00:00+00:00,530.242,TRAILING_STOP,20,42.41,1.4549,1.4888,3.7009,39.47,2.405
508,BTCUSDT,LONG,spot,BREAKOUT_ONLY,2024-09-11 17:00:00+00:00,56746.3405,56674.6503,404.921,2024-09-11 17:15:00+00:00,57702.9,2024-09-11 17:15:00+00:00,57702.9,0.0,0.0,2024-09-11 17:30:00+00:00,57731.7514,0.014621,844.1,56593.6661,56593.6661,0,2024-09-12 01:30:00+00:00,57696.0076,TIME_EXIT_8H,32,-0.52,0.6753,0.6749,0.8438,-1.87,-0.113
509,ETHUSDT,LONG,spot,BREAKOUT_ONLY,2024-09-11 23:15:00+00:00,2340.7744,2338.3387,6.4774,2024-09-12 00:15:00+00:00,2353.2,2024-09-12 00:15:00+00:00,2353.2,0.0,0.0,2024-09-12 00:30:00+00:00,2354.3766,0.95857,2256.84,2337.0433,2368.7259,2,2024-09-12 02:15:00+00:00,2365.1728,TRAILING_STOP,7,10.35,1.8055,1.8137,4.5292,6.73,0.405
511,ETHUSDT,LONG,spot,BREAKOUT_ONLY,2024-09-12 19:00:00+00:00,2347.4239,2345.0803,9.6912,2024-09-12 19:15:00+00:00,2361.01,2024-09-12 19:15:00+00:00,2361.01,0.0,0.0,2024-09-12 19:30:00+00:00,2362.1905,0.873881,2064.27,2343.1421,2343.1421,0,2024-09-12 21:15:00+00:00,2339.6274,STOP_LOSS,7,-19.72,1.6514,1.6356,4.099,-23.0,-1.382
510,SOLUSDT,LONG,spot,BREAKOUT_ONLY,2024-09-12 17:00:00+00:00,134.5457,134.1695,0.7677,2024-09-12 17:30:00+00:00,135.04,2024-09-12 17:30:00+00:00,135.04,0.0,0.0,2024-09-12 17:45:00+00:00,135.1175,15.098374,2040.05,134.016,135.8408,10,2024-09-13 00:15:00+00:00,135.637,TRAILING_STOP,26,7.84,1.632,1.6383,4.0919,4.57,0.275
512,ETHUSDT,LONG,spot,BREAKOUT_ONLY,2024-09-12 21:00:00+00:00,2349.9297,2348.486,6.9474,2024-09-12 22:00:00+00:00,2353.68,2024-09-12 22:00:00+00:00,2353.68,0.0,0.0,2024-09-12 22:15:00+00:00,2354.8568,1.388033,3268.62,2347.0966,2360.3413,6,2024-09-13 00:15:00+00:00,2356.8008,TRAILING_STOP,8,2.7,2.6149,2.6171,6.5413,-2.53,-0.235
513,BTCUSDT,LONG,spot,BREAKOUT_ONLY,2024-09-13 07:45:00+00:00,57978.2111,57930.4552,113.529,2024-09-13 08:00:00+00:00,58093.99,2024-09-13 08:00:00+00:00,58093.99,0.0,0.0,2024-09-13 08:15:00+00:00,58123.037,0.056299,3272.25,57907.7494,57907.7494,0,2024-09-13 08:45:00+00:00,57820.8878,STOP_LOSS,2,-17.01,2.6178,2.6042,6.519,-22.23,-1.834
515,ETHUSDT,LONG,spot,BREAKOUT_ONLY,2024-09-13 09:45:00+00:00,2350.5685,2349.1696,5.0468,2024-09-13 10:00:00+00:00,2355.02,2024-09-13 10:00:00+00:00,2355.02,0.0,0.0,2024-09-13 10:15:00+00:00,2356.2075,1.378346,3247.67,2348.1602,2363.7067,3,2024-09-13 11:30:00+00:00,2360.1611,TRAILING_STOP,5,5.45,2.5981,2.6025,6.5035,0.25,0.022
514,BTCUSDT,LONG,spot,BREAKOUT_ONLY,2024-09-13 08:45:00+00:00,57984.659,57937.5662,109.885,2024-09-13 09:15:00+00:00,58112.01,2024-09-13 09:15:00+00:00,58112.01,0.0,0.0,2024-09-13 09:30:00+00:00,58141.066,0.055903,3250.24,57915.5892,57915.5892,0,2024-09-13 11:45:00+00:00,57828.7158,STOP_LOSS,9,-17.46,2.6002,2.5862,6.4743,-22.65,-1.797
516,BTCUSDT,LONG,spot,BREAKOUT_ONLY,2024-09-13 12:45:00+00:00,58009.441,57967.7012,155.4507,2024-09-13 13:30:00+00:00,58100.0,2024-09-13 13:30:00+00:00,58100.0,0.0,0.0,2024-09-13 13:45:00+00:00,58129.05,0.055533,3228.07,57936.6111,57936.6111,0,2024-09-13 14:00:00+00:00,57849.7062,STOP_LOSS,1,-15.51,2.5825,2.57,6.4329,-20.67,-1.934
517,ETHUSDT,LONG,spot,BREAKOUT_ONLY,2024-09-13 12:45:00+00:00,2354.6666,2352.2433,7.9244,2024-09-13 14:00:00+00:00,2362.8,2024-09-13 14:00:00+00:00,2362.8,0.0,0.0,2024-09-13 14:15:00+00:00,2363.9714,1.21686,2876.62,2350.6584,2350.6584,0,2024-09-13 14:30:00+00:00,2347.1324,STOP_LOSS,1,-20.49,2.3013,2.2849,5.7225,-25.08,-1.548
518,BTCUSDT,LONG,spot,BREAKOUT_ONLY,2024-09-13 14:15:00+00:00,58010.1816,57972.3267,226.5614,2024-09-13 14:30:00+00:00,58305.99,2024-09-13 14:30:00+00:00,58305.99,0.0,0.0,2024-09-13 14:45:00+00:00,58335.153,0.039385,2297.55,57927.0144,60139.6713,27,2024-09-13 22:45:00+00:00,60577.696,TIME_EXIT_8H,32,88.32,1.838,1.9087,2.3417,84.58,5.261
519,ETHUSDT,LONG,spot,BREAKOUT_ONLY,2024-09-13 14:45:00+00:00,2356.9722,2353.0813,11.5321,2024-09-13 15:00:00+00:00,2371.03,2024-09-13 15:00:00+00:00,2371.03,0.0,0.0,2024-09-13 15:15:00+00:00,2372.2155,0.755723,1792.74,2350.7749,2443.0292,26,2024-09-13 23:00:00+00:00,2439.3647,TRAILING_STOP,31,50.75,1.4342,1.4748,3.6616,47.84,2.952
520,BNBUSDT,LONG,spot,BREAKOUT_ONLY,2024-09-14 19:15:00+00:00,551.9834,551.3709,1.3047,2024-09-14 20:30:00+00:00,552.8,2024-09-14 20:30:00+00:00,552.8,0.0,0.0,2024-09-14 20:45:00+00:00,553.1764,5.990626,3313.87,551.1099,551.1099,0,2024-09-14 21:30:00+00:00,550.2833,STOP_LOSS,3,-17.33,2.6511,2.6372,6.6017,-22.62,-1.827
521,ETHUSDT,LONG,spot,BREAKOUT_ONLY,2024-09-14 21:30:00+00:00,2414.5214,2411.8618,5.6183,2024-09-14 22:30:00+00:00,2417.74,2024-09-14 22:30:00+00:00,2417.74,0.0,0.0,2024-09-14 22:45:00+00:00,2418.9489,1.360706,3291.48,2410.7382,2421.9951,2,2024-09-15 02:00:00+00:00,2418.3621,TRAILING_STOP,13,-0.8,2.6332,2.6325,6.5818,-6.06,-0.543
522,BNBUSDT,LONG,spot,BREAKOUT_ONLY,2024-09-14 23:15:00+00:00,552.2418,551.913,1.0741,2024-09-14 23:30:00+00:00,553.6,2024-09-14 23:30:00+00:00,553.6,0.0,0.0,2024-09-14 23:45:00+00:00,553.7767,5.938986,3288.87,551.6982,554.3572,5,2024-09-15 03:15:00+00:00,553.5257,TRAILING_STOP,14,-1.49,2.6311,2.6299,6.5755,-6.75,-0.547
523,SOLUSDT,LONG,spot,BREAKOUT_ONLY,2024-09-17 14:15:00+00:00,132.2931,131.8617,0.9722,2024-09-17 14:30:00+00:00,133.86,2024-09-17 14:30:00+00:00,133.86,0.0,0.0,2024-09-17 14:45:00+00:00,133.9169,7.360876,985.75,131.6673,131.6673,0,2024-09-17 19:45:00+00:00,131.4698,STOP_LOSS,20,-18.01,0.7886,0.7742,1.9445,-19.58,-1.182
524,BTCUSDT,LONG,spot,BREAKOUT_ONLY,2024-09-18 18:00:00+00:00,59876.1068,59794.1599,418.0335,2024-09-18 18:15:00+00:00,60520.01,2024-09-18 18:15:00+00:00,60520.01,0.0,0.0,2024-09-18 18:30:00+00:00,60550.26,0.019604,1187.03,59710.5532,59710.5532,0,2024-09-18 20:00:00+00:00,59620.9874,STOP_LOSS,6,-18.22,0.9496,0.9351,2.3467,-20.1,-1.221
525,BNBUSDT,LONG,spot,BREAKOUT_ONLY,2024-09-18 18:30:00+00:00,542.8567,542.0388,4.1787,2024-09-18 18:45:00+00:00,547.7,2024-09-18 18:45:00+00:00,547.7,0.0,0.0,2024-09-18 19:00:00+00:00,547.9738,2.432631,1333.02,541.203,541.203,0,2024-09-18 20:00:00+00:00,540.3912,STOP_LOSS,4,-18.45,1.0664,1.0517,2.6384,-20.56,-1.248
527,BTCUSDT,LONG,spot,BREAKOUT_ONLY,2024-09-18 20:15:00+00:00,60052.798,59937.7578,485.6642,2024-09-18 21:00:00+00:00,60369.98,2024-09-18 21:00:00+00:00,60369.98,0.0,0.0,2024-09-18 21:15:00+00:00,60400.165,0.029117,1758.7,59840.625,61851.6907,8,2024-09-19 01:00:00+00:00,61758.9132,TRAILING_STOP,15,39.56,1.407,1.4386,3.5767,36.72,2.254
526,BNBUSDT,LONG,spot,BREAKOUT_ONLY,2024-09-18 19:30:00+00:00,543.5608,542.9293,3.9568,2024-09-18 20:30:00+00:00,545.9,2024-09-18 20:30:00+00:00,545.9,0.0,0.0,2024-09-18 20:45:00+00:00,546.1729,4.029271,2200.68,542.1379,557.5377,9,2024-09-19 01:15:00+00:00,556.7014,TRAILING_STOP,18,42.42,1.7605,1.7945,4.465,38.87,2.391
528,BTCUSDT,LONG,spot,BREAKOUT_ONLY,2024-09-20 21:45:00+00:00,63036.4508,62962.2691,185.4011,2024-09-20 22:00:00+00:00,63211.99,2024-09-20 22:00:00+00:00,63211.99,0.0,0.0,2024-09-20 22:15:00+00:00,63243.596,0.052084,3293.98,62925.1889,62925.1889,0,2024-09-21 01:15:00+00:00,62830.8011,STOP_LOSS,12,-21.5,2.6352,2.618,6.5557,-26.75,-1.613
529,SOLUSDT,LONG,spot,BREAKOUT_ONLY,2024-09-21 07:15:00+00:00,146.5202,146.2892,0.567,2024-09-21 07:30:00+00:00,147.35,2024-09-21 07:30:00+00:00,147.35,0.0,0.0,2024-09-21 07:45:00+00:00,147.4237,13.223951,1949.52,146.1758,148.8468,2,2024-09-21 14:45:00+00:00,148.6235,TRAILING_STOP,28,15.87,1.5596,1.5723,3.9228,12.73,0.772
530,BTCUSDT,LONG,spot,BREAKOUT_ONLY,2024-09-21 07:00:00+00:00,63004.2974,62972.0254,84.6863,2024-09-21 07:45:00+00:00,63091.02,2024-09-21 07:45:00+00:00,63091.02,0.0,0.0,2024-09-21 08:00:00+00:00,63122.5655,0.05174,3265.95,62955.0881,63149.0119,1,2024-09-21 15:00:00+00:00,63054.2884,TRAILING_STOP,28,-3.53,2.6128,2.6099,6.5266,-8.76,-1.01
531,BNBUSDT,LONG,spot,BREAKOUT_ONLY,2024-09-22 17:45:00+00:00,581.8906,581.4397,1.5828,2024-09-22 18:00:00+00:00,583.2,2024-09-22 18:00:00+00:00,583.2,0.0,0.0,2024-09-22 18:15:00+00:00,583.4916,5.606651,3271.43,581.1231,584.2434,1,2024-09-22 19:15:00+00:00,583.3671,TRAILING_STOP,4,-0.7,2.6171,2.6166,6.5418,-5.93,-0.447
532,BNBUSDT,LONG,spot,BREAKOUT_ONLY,2024-09-22 18:45:00+00:00,582.605,582.026,1.5783,2024-09-22 19:00:00+00:00,584.5,2024-09-22 19:00:00+00:00,584.5,0.0,0.0,2024-09-22 19:15:00+00:00,584.8923,5.183143,3031.58,581.7103,589.3066,2,2024-09-22 21:00:00+00:00,588.4227,TRAILING_STOP,7,18.3,2.4253,2.4399,6.0906,13.43,0.815
533,BTCUSDT,LONG,spot,BREAKOUT_ONLY,2024-09-22 19:45:00+00:00,62915.5639,62865.4147,143.687,2024-09-22 20:00:00+00:00,63261.99,2024-09-22 20:00:00+00:00,63261.99,0.0,0.0,2024-09-22 20:15:00+00:00,63293.621,0.036533,2312.28,62836.6773,62836.6773,0,2024-09-22 21:45:00+00:00,62742.4222,STOP_LOSS,6,-20.14,1.8498,1.8337,4.5943,-23.82,-1.427
535,ETHUSDT,LONG,spot,BREAKOUT_ONLY,2024-09-22 23:00:00+00:00,2574.4469,2570.4435,17.0234,2024-09-22 23:30:00+00:00,2584.2,2024-09-22 23:30:00+00:00,2584.2,0.0,0.0,2024-09-22 23:45:00+00:00,2585.4921,0.889271,2299.2,2567.0388,2567.0388,0,2024-09-23 00:00:00+00:00,2563.1883,STOP_LOSS,1,-19.83,1.8394,1.8235,4.5687,-23.5,-1.432
534,BTCUSDT,LONG,spot,BREAKOUT_ONLY,2024-09-22 22:30:00+00:00,63023.8918,62949.1213,321.9588,2024-09-22 22:45:00+00:00,63881.51,2024-09-22 22:45:00+00:00,63881.51,0.0,0.0,2024-09-22 23:00:00+00:00,63913.4407,0.015982,1021.46,62884.7295,62884.7295,0,2024-09-23 00:15:00+00:00,62790.4024,STOP_LOSS,5,-17.95,0.8172,0.8028,2.016,-19.57,-1.19
537,SOLUSDT,LONG,spot,BREAKOUT_ONLY,2024-09-23 01:45:00+00:00,145.2763,144.8109,1.1021,2024-09-23 02:00:00+00:00,146.53,2024-09-23 02:00:00+00:00,146.53,0.0,0.0,2024-09-23 02:15:00+00:00,146.6033,8.084102,1185.16,144.5905,147.163,4,2024-09-23 04:15:00+00:00,146.9423,TRAILING_STOP,8,2.74,0.9481,0.9503,2.3744,0.84,0.052
536,ETHUSDT,LONG,spot,BREAKOUT_ONLY,2024-09-23 00:15:00+00:00,2574.3582,2571.374,17.1751,2024-09-23 00:45:00+00:00,2593.97,2024-09-23 00:45:00+00:00,2593.97,0.0,0.0,2024-09-23 01:00:00+00:00,2595.277,0.593513,1540.33,2567.939,2655.9511,12,2024-09-23 05:00:00+00:00,2651.9672,TRAILING_STOP,16,33.65,1.2323,1.2592,3.1311,31.15,1.92
538,BTCUSDT,LONG,spot,BREAKOUT_ONLY,2024-09-23 18:00:00+00:00,63424.6495,63355.8172,201.9722,2024-09-23 18:30:00+00:00,63548.01,2024-09-23 18:30:00+00:00,63548.01,0.0,0.0,2024-09-23 18:45:00+00:00,63579.784,0.051028,3244.32,63315.4228,63315.4228,0,2024-09-23 19:30:00+00:00,63220.4497,STOP_LOSS,3,-18.34,2.5955,2.5808,6.4611,-23.51,-1.743
539,SOLUSDT,LONG,spot,BREAKOUT_ONLY,2024-09-24 02:45:00+00:00,144.6294,144.3128,1.0911,2024-09-24 03:00:00+00:00,146.75,2024-09-24 03:00:00+00:00,146.75,0.0,0.0,2024-09-24 03:15:00+00:00,146.8234,5.961585,875.3,144.0946,144.0946,0,2024-09-24 11:15:00+00:00,146.2468,TIME_EXIT_8H,32,-3.44,0.7002,0.6975,0.8736,-4.83,-0.297
540,BTCUSDT,LONG,spot,BREAKOUT_ONLY,2024-09-24 07:45:00+00:00,63281.0284,63248.142,121.2107,2024-09-24 08:00:00+00:00,63614.66,2024-09-24 08:00:00+00:00,63614.66,0.0,0.0,2024-09-24 08:15:00+00:00,63646.4773,0.038557,2454.05,63223.8999,63223.8999,0,2024-09-24 14:00:00+00:00,63129.0641,STOP_LOSS,23,-19.95,1.9632,1.9473,4.8782,-23.86,-1.464
541,SOLUSDT,LONG,spot,BREAKOUT_ONLY,2024-09-24 16:30:00+00:00,146.1317,145.7826,0.9211,2024-09-24 17:00:00+00:00,146.89,2024-09-24 17:00:00+00:00,146.89,0.0,0.0,2024-09-24 17:15:00+00:00,146.9634,11.811996,1735.93,145.5984,146.6771,2,2024-09-24 18:30:00+00:00,146.4571,TRAILING_STOP,5,-5.98,1.3887,1.384,3.4629,-8.75,-0.543
542,BTCUSDT,LONG,spot,BREAKOUT_ONLY,2024-09-24 17:15:00+00:00,63343.8004,63308.6092,214.0219,2024-09-24 17:30:00+00:00,63818.0,2024-09-24 17:30:00+00:00,63818.0,0.0,0.0,2024-09-24 17:45:00+00:00,63849.899,0.027637,1764.63,63265.8048,64166.2885,5,2024-09-24 21:15:00+00:00,64070.039,TRAILING_STOP,14,6.08,1.4117,1.4166,3.5384,3.26,0.202
543,ETHUSDT,LONG,spot,BREAKOUT_ONLY,2024-09-24 18:30:00+00:00,2635.3374,2631.3951,11.4069,2024-09-24 19:00:00+00:00,2642.52,2024-09-24 19:00:00+00:00,2642.52,0.0,0.0,2024-09-24 19:15:00+00:00,2643.8413,1.09126,2885.12,2629.1137,2640.7587,4,2024-09-24 21:30:00+00:00,2636.7976,TRAILING_STOP,9,-7.69,2.3081,2.3019,5.7587,-12.3,-0.765
544,SOLUSDT,LONG,spot,BREAKOUT_ONLY,2024-09-26 06:15:00+00:00,149.5143,149.4269,0.5658,2024-09-26 06:30:00+00:00,150.93,2024-09-26 06:30:00+00:00,150.93,0.0,0.0,2024-09-26 06:45:00+00:00,151.0055,9.478862,1431.36,149.3138,152.1856,5,2024-09-26 12:45:00+00:00,151.9573,TRAILING_STOP,24,9.02,1.1451,1.1523,2.8763,6.72,0.419
545,BNBUSDT,LONG,spot,BREAKOUT_ONLY,2024-09-26 15:00:00+00:00,594.6198,593.4653,2.7038,2024-09-26 15:15:00+00:00,597.9,2024-09-26 15:15:00+00:00,597.9,0.0,0.0,2024-09-26 15:30:00+00:00,598.1989,3.046623,1822.49,592.9246,603.5021,6,2024-09-26 17:30:00+00:00,602.5968,TRAILING_STOP,8,13.4,1.458,1.4687,3.6651,10.47,0.652
546,BNBUSDT,LONG,spot,BREAKOUT_ONLY,2024-09-26 22:00:00+00:00,596.0085,595.2912,2.197,2024-09-26 22:30:00+00:00,597.5,2024-09-26 22:30:00+00:00,597.5,0.0,0.0,2024-09-26 22:45:00+00:00,597.7987,5.339663,3192.04,594.8518,594.8518,0,2024-09-26 23:00:00+00:00,593.9595,STOP_LOSS,1,-20.5,2.5536,2.5372,6.3533,-25.59,-1.626
547,BNBUSDT,LONG,spot,BREAKOUT_ONLY,2024-09-27 00:00:00+00:00,596.0995,595.4204,1.8984,2024-09-27 00:15:00+00:00,597.8,2024-09-27 00:15:00+00:00,597.8,0.0,0.0,2024-09-27 00:30:00+00:00,598.1989,5.064132,3029.36,595.0408,598.6554,1,2024-09-27 02:15:00+00:00,597.7574,TRAILING_STOP,7,-2.24,2.4235,2.4217,6.0554,-7.08,-0.443
548,ETHUSDT,LONG,spot,BREAKOUT_ONLY,2024-09-27 04:00:00+00:00,2632.3894,2628.3634,8.6804,2024-09-27 04:15:00+00:00,2645.2,2024-09-27 04:15:00+00:00,2645.2,0.0,0.0,2024-09-27 04:30:00+00:00,2646.5226,0.802104,2122.79,2626.6273,2660.7163,10,2024-09-27 09:15:00+00:00,2656.7252,TRAILING_STOP,19,8.18,1.6982,1.7048,4.2579,4.78,0.3
549,SOLUSDT,LONG,spot,BREAKOUT_ONLY,2024-09-28 14:00:00+00:00,157.1463,156.9122,0.5854,2024-09-28 14:15:00+00:00,157.64,2024-09-28 14:15:00+00:00,157.64,0.0,0.0,2024-09-28 14:30:00+00:00,157.7288,17.116139,2699.71,156.7951,156.7951,0,2024-09-28 16:00:00+00:00,156.5599,STOP_LOSS,6,-20.01,2.1598,2.1438,5.3694,-24.31,-1.521
550,ETHUSDT,LONG,spot,BREAKOUT_ONLY,2024-09-28 18:30:00+00:00,2674.5261,2673.1864,5.9542,2024-09-28 19:00:00+00:00,2678.3,2024-09-28 19:00:00+00:00,2678.3,0.0,0.0,2024-09-28 19:15:00+00:00,2679.6391,1.171935,3140.36,2671.9956,2671.9956,0,2024-09-28 21:00:00+00:00,2667.9876,STOP_LOSS,7,-13.65,2.5123,2.5014,6.2602,-18.67,-2.084
551,BTCUSDT,LONG,spot,BREAKOUT_ONLY,2024-09-28 23:00:00+00:00,65690.5613,65680.1508,82.4947,2024-09-28 23:45:00+00:00,65858.0,2024-09-28 23:45:00+00:00,65858.0,0.0,0.0,2024-09-29 00:00:00+00:00,65890.929,0.04738,3121.88,65663.6518,65663.6518,0,2024-09-29 00:45:00+00:00,65565.1563,STOP_LOSS,3,-15.43,2.4975,2.4852,6.2206,-20.42,-1.896
552,ETHUSDT,LONG,spot,BREAKOUT_ONLY,2024-09-28 23:00:00+00:00,2674.4457,2673.5717,5.6923,2024-09-29 00:15:00+00:00,2679.22,2024-09-29 00:15:00+00:00,2679.22,0.0,0.0,2024-09-29 00:30:00+00:00,2680.5596,1.163715,3119.41,2672.4332,2672.4332,0,2024-09-29 00:45:00+00:00,2666.5941,STOP_LOSS,1,-16.25,2.4955,2.4825,6.2144,-21.23,-2.245
553,SOLUSDT,LONG,spot,BREAKOUT_ONLY,2024-09-29 00:45:00+00:00,156.9609,156.7364,0.5395,2024-09-29 01:15:00+00:00,157.28,2024-09-29 01:15:00+00:00,157.28,0.0,0.0,2024-09-29 01:30:00+00:00,157.3486,19.5785,3080.65,156.6285,157.3779,3,2024-09-29 03:00:00+00:00,157.1418,TRAILING_STOP,6,-4.05,2.4645,2.4613,6.1552,-8.98,-0.637
555,SOLUSDT,LONG,spot,BREAKOUT_ONLY,2024-09-29 03:00:00+00:00,157.2931,157.0756,0.5699,2024-09-29 03:30:00+00:00,157.63,2024-09-29 03:30:00+00:00,157.63,0.0,0.0,2024-09-29 03:45:00+00:00,157.7088,19.461986,3069.33,156.9616,156.9616,0,2024-09-29 04:15:00+00:00,156.7262,STOP_LOSS,2,-19.12,2.4555,2.4402,6.11,-24.02,-1.652
554,BTCUSDT,LONG,spot,BREAKOUT_ONLY,2024-09-29 00:30:00+00:00,65733.0534,65697.3966,110.1294,2024-09-29 01:45:00+00:00,65872.9,2024-09-29 01:45:00+00:00,65872.9,0.0,0.0,2024-09-29 02:00:00+00:00,65905.8364,0.046706,3078.21,65675.3708,65675.3708,0,2024-09-29 05:30:00+00:00,65576.8577,STOP_LOSS,14,-15.37,2.4626,2.4503,6.1334,-20.28,-1.884
556,SOLUSDT,LONG,spot,BREAKOUT_ONLY,2024-09-29 04:30:00+00:00,157.3395,157.1145,0.5171,2024-09-29 05:15:00+00:00,158.08,2024-09-29 05:15:00+00:00,158.08,0.0,0.0,2024-09-29 05:30:00+00:00,158.149,13.437975,2125.2,157.011,157.011,0,2024-09-29 05:45:00+00:00,156.7345,STOP_LOSS,1,-19.01,1.7002,1.685,4.2219,-22.39,-1.464
557,BTCUSDT,LONG,spot,BREAKOUT_ONLY,2024-09-29 13:15:00+00:00,65667.1164,65650.1924,82.559,2024-09-29 13:30:00+00:00,65822.0,2024-09-29 13:30:00+00:00,65822.0,0.0,0.0,2024-09-29 13:45:00+00:00,65854.911,0.045642,3005.74,65633.6806,65633.6806,0,2024-09-29 15:00:00+00:00,65535.2301,STOP_LOSS,5,-14.59,2.4046,2.3929,5.9896,-19.39,-1.92
558,SOLUSDT,LONG,spot,BREAKOUT_ONLY,2024-09-29 13:30:00+00:00,156.7278,156.585,0.7078,2024-09-29 13:45:00+00:00,157.34,2024-09-29 13:45:00+00:00,157.34,0.0,0.0,2024-09-29 14:00:00+00:00,157.4287,15.369751,2419.64,156.4434,156.4434,0,2024-09-29 15:00:00+00:00,156.2087,STOP_LOSS,4,-18.75,1.9357,1.9207,4.8112,-22.61,-1.493
559,SOLUSDT,LONG,spot,BREAKOUT_ONLY,2024-09-29 14:30:00+00:00,156.8063,156.6814,0.6187,2024-09-29 15:45:00+00:00,157.28,2024-09-29 15:45:00+00:00,157.28,0.0,0.0,2024-09-29 16:00:00+00:00,157.3486,18.838201,2964.17,156.5576,159.4466,11,2024-09-29 20:15:00+00:00,159.2074,TRAILING_STOP,17,35.02,2.3713,2.3993,5.9809,30.25,2.03
560,BNBUSDT,LONG,spot,BREAKOUT_ONLY,2024-09-29 21:30:00+00:00,598.7061,598.0879,1.3752,2024-09-29 21:45:00+00:00,600.2,2024-09-29 21:45:00+00:00,600.2,0.0,0.0,2024-09-29 22:00:00+00:00,600.6001,4.985193,2994.11,597.8129,597.8129,0,2024-09-29 22:15:00+00:00,596.9162,STOP_LOSS,1,-18.37,2.3953,2.3806,5.9607,-23.14,-1.665
562,BTCUSDT,LONG,spot,BREAKOUT_ONLY,2024-10-06 00:00:00+00:00,61996.2925,61963.3719,89.7839,2024-10-06 01:15:00+00:00,62116.01,2024-10-06 01:15:00+00:00,62116.01,0.0,0.0,2024-10-06 01:30:00+00:00,62147.058,0.047771,2968.84,61945.4151,61945.4151,0,2024-10-06 02:30:00+00:00,61852.497,STOP_LOSS,4,-14.07,2.3751,2.3638,5.9166,-18.81,-1.953
561,ETHUSDT,LONG,spot,BREAKOUT_ONLY,2024-10-05 23:00:00+00:00,2408.3438,2407.1884,6.2239,2024-10-05 23:15:00+00:00,2413.03,2024-10-05 23:15:00+00:00,2413.03,0.0,0.0,2024-10-05 23:30:00+00:00,2414.2465,1.230694,2971.2,2405.9437,2413.4221,5,2024-10-06 03:45:00+00:00,2409.802,TRAILING_STOP,17,-5.47,2.377,2.3726,5.9342,-10.22,-1.0
563,SOLUSDT,LONG,spot,BREAKOUT_ONLY,2024-10-06 02:30:00+00:00,142.782,142.6442,0.4589,2024-10-06 02:45:00+00:00,143.18,2024-10-06 02:45:00+00:00,143.18,0.0,0.0,2024-10-06 03:00:00+00:00,143.2416,20.596131,2950.22,142.5525,142.5525,0,2024-10-06 04:30:00+00:00,142.3386,STOP_LOSS,6,-18.6,2.3602,2.3453,5.8725,-23.3,-1.642
564,SOLUSDT,LONG,spot,BREAKOUT_ONLY,2024-10-06 06:30:00+00:00,142.8231,142.6963,0.4184,2024-10-06 06:45:00+00:00,143.04,2024-10-06 06:45:00+00:00,143.04,0.0,0.0,2024-10-06 07:00:00+00:00,143.1115,20.399398,2919.39,142.6127,143.3987,4,2024-10-06 10:30:00+00:00,143.1836,TRAILING_STOP,14,1.47,2.3355,2.3367,5.841,-3.2,-0.315
565,BNBUSDT,LONG,spot,BREAKOUT_ONLY,2024-10-08 10:15:00+00:00,569.7009,569.0019,2.334,2024-10-08 10:30:00+00:00,573.2,2024-10-08 10:30:00+00:00,573.2,0.0,0.0,2024-10-08 10:45:00+00:00,573.5866,2.915594,1672.35,568.5351,574.1154,2,2024-10-08 14:30:00+00:00,573.2542,TRAILING_STOP,15,-0.97,1.3379,1.3371,3.3432,-3.64,-0.247
566,ETHUSDT,LONG,spot,BREAKOUT_ONLY,2024-10-08 18:00:00+00:00,2438.0831,2433.9279,13.0414,2024-10-08 18:15:00+00:00,2445.94,2024-10-08 18:15:00+00:00,2445.94,0.0,0.0,2024-10-08 18:30:00+00:00,2447.143,0.929646,2274.98,2431.3196,2431.3196,0,2024-10-08 18:45:00+00:00,2427.6726,STOP_LOSS,1,-18.1,1.82,1.8055,4.5228,-21.73,-1.477
567,ETHUSDT,LONG,spot,BREAKOUT_ONLY,2024-10-08 20:30:00+00:00,2438.1954,2435.5244,9.149,2024-10-08 20:45:00+00:00,2443.9,2024-10-08 20:45:00+00:00,2443.9,0.0,0.0,2024-10-08 21:00:00+00:00,2445.1219,1.182396,2891.1,2433.6946,2449.0373,2,2024-10-08 22:15:00+00:00,2445.3637,TRAILING_STOP,5,0.29,2.3129,2.3131,5.7826,-4.34,-0.321
568,ETHUSDT,LONG,spot,BREAKOUT_ONLY,2024-10-09 00:15:00+00:00,2442.2699,2439.5342,7.2264,2024-10-09 01:15:00+00:00,2458.95,2024-10-09 01:15:00+00:00,2458.95,0.0,0.0,2024-10-09 01:30:00+00:00,2460.1895,0.659704,1623.0,2438.0889,2438.0889,0,2024-10-09 07:00:00+00:00,2434.4318,STOP_LOSS,22,-16.99,1.2984,1.2848,3.2205,-19.58,-1.343
569,ETHUSDT,LONG,spot,BREAKOUT_ONLY,2024-10-09 15:00:00+00:00,2439.6482,2437.1741,10.4454,2024-10-09 15:15:00+00:00,2467.21,2024-10-09 15:15:00+00:00,2467.21,0.0,0.0,2024-10-09 15:30:00+00:00,2468.4536,0.434,1071.31,2435.085,2435.085,0,2024-10-09 16:15:00+00:00,2431.4324,STOP_LOSS,3,-16.07,0.857,0.8442,2.1185,-17.77,-1.227
570,BTCUSDT,LONG,spot,BREAKOUT_ONLY,2024-10-13 21:45:00+00:00,62697.8577,62650.7707,144.3871,2024-10-13 22:00:00+00:00,63000.0,2024-10-13 22:00:00+00:00,63000.0,0.0,0.0,2024-10-13 22:15:00+00:00,63031.5,0.035139,2214.85,62621.8933,62621.8933,0,2024-10-14 00:15:00+00:00,62527.9604,STOP_LOSS,8,-17.69,1.7719,1.7577,4.4032,-21.22,-1.475
571,SOLUSDT,LONG,spot,BREAKOUT_ONLY,2024-10-13 21:45:00+00:00,146.2821,146.2406,0.5547,2024-10-13 22:00:00+00:00,148.4,2024-10-13 22:00:00+00:00,148.4,0.0,0.0,2024-10-13 22:15:00+00:00,148.4842,6.113006,907.68,146.1297,151.5275,4,2024-10-14 05:00:00+00:00,151.3002,TRAILING_STOP,27,17.21,0.7261,0.7399,1.8412,15.75,1.094
572,BTCUSDT,LONG,spot,BREAKOUT_ONLY,2024-10-14 03:00:00+00:00,62698.8487,62670.7525,135.5004,2024-10-14 03:15:00+00:00,63330.0,2024-10-14 03:15:00+00:00,63330.0,0.0,0.0,2024-10-14 03:30:00+00:00,63361.665,0.020027,1268.93,62643.6524,63944.8375,6,2024-10-14 05:15:00+00:00,63848.9202,TRAILING_STOP,7,9.76,1.0151,1.023,2.5525,7.72,0.537
573,BNBUSDT,LONG,spot,BREAKOUT_ONLY,2024-10-15 12:15:00+00:00,587.0774,585.5861,2.9901,2024-10-15 12:30:00+00:00,591.4,2024-10-15 12:30:00+00:00,591.4,0.0,0.0,2024-10-15 12:45:00+00:00,591.6957,2.147474,1270.65,584.9881,592.0517,2,2024-10-15 14:30:00+00:00,591.1636,TRAILING_STOP,7,-1.14,1.0165,1.0156,2.5396,-3.17,-0.22
575,SOLUSDT,LONG,spot,BREAKOUT_ONLY,2024-10-15 16:30:00+00:00,154.5693,154.2554,1.8241,2024-10-15 18:00:00+00:00,155.55,2024-10-15 18:00:00+00:00,155.55,0.0,0.0,2024-10-15 18:15:00+00:00,155.6178,8.340348,1297.91,153.8906,153.8906,0,2024-10-15 20:15:00+00:00,153.6598,STOP_LOSS,8,-16.33,1.0383,1.0253,2.5713,-18.39,-1.277
574,BNBUSDT,LONG,spot,BREAKOUT_ONLY,2024-10-15 15:30:00+00:00,589.2919,586.8412,5.4434,2024-10-15 16:15:00+00:00,592.5,2024-10-15 16:15:00+00:00,592.5,0.0,0.0,2024-10-15 16:30:00+00:00,592.7962,2.042722,1210.92,585.7525,585.7525,0,2024-10-16 00:30:00+00:00,593.703,TIME_EXIT_8H,32,1.85,0.9687,0.9702,1.2118,-0.09,-0.006
576,ETHUSDT,LONG,spot,BREAKOUT_ONLY,2024-10-15 23:45:00+00:00,2594.1008,2592.0879,9.1405,2024-10-16 00:00:00+00:00,2601.5,2024-10-16 00:00:00+00:00,2601.5,0.0,0.0,2024-10-16 00:15:00+00:00,2602.7907,1.087196,2829.74,2590.2598,2590.2598,0,2024-10-16 01:00:00+00:00,2586.3744,STOP_LOSS,3,-17.85,2.2638,2.2495,5.6327,-22.36,-1.641
578,SOLUSDT,LONG,spot,BREAKOUT_ONLY,2024-10-16 00:15:00+00:00,154.281,153.9099,0.8324,2024-10-16 01:15:00+00:00,154.98,2024-10-16 01:15:00+00:00,154.98,0.0,0.0,2024-10-16 01:30:00+00:00,155.0475,10.876651,1686.4,153.7434,153.7434,0,2024-10-16 04:15:00+00:00,153.5128,STOP_LOSS,11,-16.69,1.3491,1.3358,3.3478,-19.38,-1.366
579,SOLUSDT,LONG,spot,BREAKOUT_ONLY,2024-10-16 05:15:00+00:00,154.2945,154.2133,0.6899,2024-10-16 06:00:00+00:00,154.88,2024-10-16 06:00:00+00:00,154.88,0.0,0.0,2024-10-16 06:15:00+00:00,154.9674,15.739959,2439.18,154.0753,154.0753,0,2024-10-16 06:30:00+00:00,153.3097,STOP_LOSS,1,-26.09,1.9513,1.9305,4.8392,-29.97,-2.135
577,ETHUSDT,LONG,spot,BREAKOUT_ONLY,2024-10-16 00:45:00+00:00,2594.8853,2594.3276,8.5556,2024-10-16 01:15:00+00:00,2623.41,2024-10-16 01:15:00+00:00,2623.41,0.0,0.0,2024-10-16 01:30:00+00:00,2624.7217,0.441805,1159.62,2592.6165,2592.6165,0,2024-10-16 09:30:00+00:00,2618.4001,TIME_EXIT_8H,32,-2.79,0.9277,0.9255,1.1582,-4.65,-0.328
580,SOLUSDT,LONG,spot,BREAKOUT_ONLY,2024-10-16 09:00:00+00:00,154.2302,154.1261,0.661,2024-10-16 09:15:00+00:00,155.18,2024-10-16 09:15:00+00:00,155.18,0.0,0.0,2024-10-16 09:30:00+00:00,155.2476,11.098382,1723.0,153.9939,156.5679,2,2024-10-16 11:45:00+00:00,156.3331,TRAILING_STOP,9,12.05,1.3784,1.388,3.4641,9.28,0.667
581,ETHUSDT,LONG,spot,BREAKOUT_ONLY,2024-10-16 17:30:00+00:00,2615.6883,2611.022,11.9291,2024-10-16 18:15:00+00:00,2625.47,2024-10-16 18:15:00+00:00,2625.47,0.0,0.0,2024-10-16 18:30:00+00:00,2626.7827,0.76933,2020.86,2608.6362,2608.6362,0,2024-10-17 02:30:00+00:00,2622.8079,TIME_EXIT_8H,32,-3.06,1.6167,1.6142,2.0193,-6.29,-0.45
582,SOLUSDT,LONG,spot,BREAKOUT_ONLY,2024-10-17 00:30:00+00:00,154.7586,154.6978,0.5099,2024-10-17 01:45:00+00:00,155.59,2024-10-17 01:45:00+00:00,155.59,0.0,0.0,2024-10-17 02:00:00+00:00,155.6778,12.926651,2012.39,154.5958,154.5958,0,2024-10-17 02:30:00+00:00,154.3639,STOP_LOSS,2,-16.98,1.6099,1.5963,3.9993,-20.19,-1.444
583,BTCUSDT,LONG,spot,BREAKOUT_ONLY,2024-10-17 16:15:00+00:00,67298.7504,67203.8121,284.6296,2024-10-17 17:00:00+00:00,67512.12,2024-10-17 17:00:00+00:00,67512.12,0.0,0.0,2024-10-17 17:15:00+00:00,67545.8861,0.034657,2340.96,67146.8862,67146.8862,0,2024-10-17 18:00:00+00:00,67046.1659,STOP_LOSS,3,-17.32,1.8728,1.8589,4.6559,-21.05,-1.522
584,BTCUSDT,LONG,spot,BREAKOUT_ONLY,2024-10-17 23:15:00+00:00,67235.5833,67189.3861,148.6368,2024-10-17 23:30:00+00:00,67362.01,2024-10-17 23:30:00+00:00,67362.01,0.0,0.0,2024-10-17 23:45:00+00:00,67395.681,0.040316,2717.16,67159.6587,67801.8796,3,2024-10-18 02:15:00+00:00,67700.1768,TRAILING_STOP,10,12.28,2.1737,2.1835,5.4527,7.92,0.832
585,ETHUSDT,LONG,spot,BREAKOUT_ONLY,2024-10-18 02:00:00+00:00,2613.1285,2609.808,11.0693,2024-10-18 02:15:00+00:00,2631.68,2024-10-18 02:15:00+00:00,2631.68,0.0,0.0,2024-10-18 02:30:00+00:00,2632.9858,0.542012,1427.11,2607.5941,2607.5941,0,2024-10-18 10:30:00+00:00,2626.686,TIME_EXIT_8H,32,-3.41,1.1417,1.139,1.4254,-5.7,-0.414
586,ETHUSDT,LONG,spot,BREAKOUT_ONLY,2024-10-19 14:00:00+00:00,2641.4672,2639.6559,3.7458,2024-10-19 14:15:00+00:00,2644.39,2024-10-19 14:15:00+00:00,2644.39,0.0,0.0,2024-10-19 14:30:00+00:00,2645.7122,1.027836,2719.36,2638.9067,2645.2964,1,2024-10-19 15:15:00+00:00,2641.3284,TRAILING_STOP,3,-4.51,2.1755,2.1719,5.432,-8.85,-1.266
587,ETHUSDT,LONG,spot,BREAKOUT_ONLY,2024-10-19 15:00:00+00:00,2642.6725,2640.4591,4.5568,2024-10-19 15:15:00+00:00,2646.22,2024-10-19 15:15:00+00:00,2646.22,0.0,0.0,2024-10-19 15:30:00+00:00,2647.5231,1.023822,2710.59,2639.5478,2639.5478,0,2024-10-19 16:00:00+00:00,2635.5885,STOP_LOSS,2,-12.22,2.1685,2.1587,5.4029,-16.55,-2.026
588,ETHUSDT,LONG,spot,BREAKOUT_ONLY,2024-10-19 18:45:00+00:00,2642.2506,2640.8515,4.0317,2024-10-19 19:15:00+00:00,2645.5,2024-10-19 19:15:00+00:00,2645.5,0.0,0.0,2024-10-19 19:30:00+00:00,2646.8127,1.017908,2694.21,2640.0451,2646.0008,1,2024-10-20 00:30:00+00:00,2642.0318,TRAILING_STOP,20,-4.87,2.1554,2.1515,5.3811,-9.17,-1.332
589,BTCUSDT,LONG,spot,BREAKOUT_ONLY,2024-10-19 23:00:00+00:00,68261.3645,68242.6565,71.7893,2024-10-19 23:15:00+00:00,68375.99,2024-10-19 23:15:00+00:00,68375.99,0.0,0.0,2024-10-19 23:30:00+00:00,68410.188,0.039352,2692.08,68228.2987,68228.2987,0,2024-10-20 01:00:00+00:00,68125.9562,STOP_LOSS,6,-11.19,2.1537,2.1447,5.3674,-15.48,-2.163
590,BTCUSDT,LONG,spot,BREAKOUT_ONLY,2024-10-20 05:45:00+00:00,68237.4199,68219.9471,52.8118,2024-10-20 06:45:00+00:00,68400.01,2024-10-20 06:45:00+00:00,68400.01,0.0,0.0,2024-10-20 07:00:00+00:00,68434.21,0.039013,2669.8,68209.3847,68209.3847,0,2024-10-20 13:15:00+00:00,68107.0707,STOP_LOSS,25,-12.76,2.1358,2.1256,5.3205,-17.02,-1.941
591,ETHUSDT,LONG,spot,BREAKOUT_ONLY,2024-10-20 06:45:00+00:00,2643.4678,2642.8005,4.2206,2024-10-20 07:00:00+00:00,2650.3,2024-10-20 07:00:00+00:00,2650.3,0.0,0.0,2024-10-20 07:15:00+00:00,2651.6151,1.006061,2667.69,2641.9564,2698.3984,5,2024-10-20 15:00:00+00:00,2694.3508,TRAILING_STOP,31,42.99,2.1341,2.1685,5.3999,38.69,3.982
592,BNBUSDT,LONG,spot,BREAKOUT_ONLY,2024-10-20 14:00:00+00:00,597.0809,596.9131,1.2255,2024-10-20 14:15:00+00:00,600.0,2024-10-20 14:15:00+00:00,600.0,0.0,0.0,2024-10-20 14:30:00+00:00,600.3,3.771553,2264.06,596.668,601.533,1,2024-10-20 22:30:00+00:00,603.8979,TIME_EXIT_8H,32,13.57,1.8113,1.8221,2.2708,9.94,0.725
593,SOLUSDT,LONG,spot,BREAKOUT_ONLY,2024-10-22 01:15:00+00:00,166.2702,165.7387,1.1638,2024-10-22 01:45:00+00:00,167.05,2024-10-22 01:45:00+00:00,167.05,0.0,0.0,2024-10-22 02:00:00+00:00,167.1435,8.33037,1392.37,165.5059,167.6626,9,2024-10-22 07:30:00+00:00,167.4111,TRAILING_STOP,22,2.23,1.1139,1.1157,2.7881,-0.0,-0.0
594,SOLUSDT,LONG,spot,BREAKOUT_ONLY,2024-10-22 09:45:00+00:00,166.6585,166.3113,1.1005,2024-10-22 11:00:00+00:00,167.82,2024-10-22 11:00:00+00:00,167.82,0.0,0.0,2024-10-22 11:15:00+00:00,167.9139,7.484215,1256.7,166.0912,166.0912,0,2024-10-22 12:30:00+00:00,165.842,STOP_LOSS,5,-15.51,1.0054,0.993,2.4901,-17.5,-1.283
595,SOLUSDT,LONG,spot,BREAKOUT_ONLY,2024-10-22 12:45:00+00:00,166.8692,166.4625,1.454,2024-10-22 14:00:00+00:00,168.43,2024-10-22 14:00:00+00:00,168.43,0.0,0.0,2024-10-22 14:15:00+00:00,168.5142,5.786233,975.06,166.1717,167.5015,1,2024-10-22 15:15:00+00:00,167.2502,TRAILING_STOP,4,-7.31,0.78,0.7742,1.9392,-8.87,-0.654
596,SOLUSDT,LONG,spot,BREAKOUT_ONLY,2024-10-22 14:45:00+00:00,167.3516,166.6156,1.7726,2024-10-22 15:00:00+00:00,169.52,2024-10-22 15:00:00+00:00,169.52,0.0,0.0,2024-10-22 15:15:00+00:00,169.6148,4.028351,683.27,166.261,166.261,0,2024-10-22 16:15:00+00:00,166.0116,STOP_LOSS,4,-14.51,0.5466,0.535,1.3448,-15.6,-1.154
597,SOLUSDT,LONG,spot,BREAKOUT_ONLY,2024-10-22 17:00:00+00:00,167.3713,166.769,1.4133,2024-10-22 18:15:00+00:00,168.46,2024-10-22 18:15:00+00:00,168.46,0.0,0.0,2024-10-22 18:30:00+00:00,168.5442,6.527004,1100.09,166.4863,166.4863,0,2024-10-23 00:15:00+00:00,166.2366,STOP_LOSS,23,-15.06,0.8801,0.868,2.1776,-16.81,-1.251
598,SOLUSDT,LONG,spot,BREAKOUT_ONLY,2024-10-23 12:45:00+00:00,166.3853,166.028,1.0626,2024-10-23 13:00:00+00:00,167.11,2024-10-23 13:00:00+00:00,167.11,0.0,0.0,2024-10-23 13:15:00+00:00,167.1936,9.686261,1619.48,165.8155,167.186,2,2024-10-23 15:00:00+00:00,166.9352,TRAILING_STOP,7,-2.5,1.2956,1.2936,3.2352,-5.09,-0.381
599,SOLUSDT,LONG,spot,BREAKOUT_ONLY,2024-10-23 14:45:00+00:00,167.264,166.6601,1.2429,2024-10-23 15:45:00+00:00,168.13,2024-10-23 15:45:00+00:00,168.13,0.0,0.0,2024-10-23 16:00:00+00:00,168.2241,7.350218,1236.48,166.4115,166.4115,0,2024-10-23 16:15:00+00:00,166.1619,STOP_LOSS,1,-15.16,0.9892,0.9771,2.4502,-17.12,-1.285
600,SOLUSDT,LONG,spot,BREAKOUT_ONLY,2024-10-23 18:45:00+00:00,167.3314,166.7896,1.5302,2024-10-23 19:00:00+00:00,169.11,2024-10-23 19:00:00+00:00,169.11,0.0,0.0,2024-10-23 19:15:00+00:00,169.1845,4.900821,829.14,166.4836,171.5914,9,2024-10-23 21:45:00+00:00,171.3341,TRAILING_STOP,10,10.53,0.6633,0.6717,1.6741,9.2,0.695
601,BTCUSDT,LONG,spot,BREAKOUT_ONLY,2024-10-25 10:15:00+00:00,67776.8931,67698.2396,173.7177,2024-10-25 11:00:00+00:00,67940.16,2024-10-25 11:00:00+00:00,67940.16,0.0,0.0,2024-10-25 11:15:00+00:00,67974.1201,0.038691,2630.01,67663.4961,68001.8761,1,2024-10-25 12:15:00+00:00,67899.8733,TRAILING_STOP,4,-2.87,2.104,2.1017,5.2557,-7.08,-0.589
602,BNBUSDT,LONG,spot,BREAKOUT_ONLY,2024-10-25 10:15:00+00:00,591.9155,591.1804,1.721,2024-10-25 11:30:00+00:00,592.8,2024-10-25 11:30:00+00:00,592.8,0.0,0.0,2024-10-25 11:45:00+00:00,592.9964,4.431612,2627.93,590.8362,590.8362,0,2024-10-25 13:00:00+00:00,589.9499,STOP_LOSS,5,-13.5,2.1023,2.0915,5.2356,-17.69,-1.848
603,BNBUSDT,LONG,spot,BREAKOUT_ONLY,2024-10-25 12:15:00+00:00,591.97,591.7141,1.3818,2024-10-25 13:45:00+00:00,593.1,2024-10-25 13:45:00+00:00,593.1,0.0,0.0,2024-10-25 14:00:00+00:00,593.3965,4.390803,2605.49,591.4378,591.9748,3,2024-10-25 15:15:00+00:00,591.0869,TRAILING_STOP,5,-10.14,2.0844,2.0763,5.1958,-14.3,-1.663
604,SOLUSDT,LONG,spot,BREAKOUT_ONLY,2024-10-25 14:15:00+00:00,174.1596,174.084,1.2781,2024-10-25 14:30:00+00:00,175.55,2024-10-25 14:30:00+00:00,175.55,0.0,0.0,2024-10-25 14:45:00+00:00,175.6378,7.260728,1275.26,173.8284,173.8284,0,2024-10-25 15:30:00+00:00,173.5676,STOP_LOSS,3,-15.03,1.0202,1.0082,2.528,-17.06,-1.298
605,BNBUSDT,LONG,spot,BREAKOUT_ONLY,2024-10-25 14:30:00+00:00,592.2041,591.8794,2.0111,2024-10-25 15:00:00+00:00,594.1,2024-10-25 15:00:00+00:00,594.1,0.0,0.0,2024-10-25 15:15:00+00:00,594.3971,4.357892,2590.32,591.4771,591.4771,0,2024-10-25 15:30:00+00:00,590.5899,STOP_LOSS,1,-16.59,2.0723,2.059,5.1558,-20.72,-1.629
606,BNBUSDT,LONG,spot,BREAKOUT_ONLY,2024-10-27 03:45:00+00:00,584.1416,583.7174,0.9795,2024-10-27 04:00:00+00:00,585.9,2024-10-27 04:00:00+00:00,585.9,0.0,0.0,2024-10-27 04:15:00+00:00,586.0929,4.357542,2553.92,583.5215,583.5215,0,2024-10-27 09:00:00+00:00,582.6462,STOP_LOSS,19,-15.02,2.0431,2.0311,5.0853,-19.09,-1.704
607,BTCUSDT,LONG,spot,BREAKOUT_ONLY,2024-10-27 04:00:00+00:00,67121.2546,67097.8602,85.3422,2024-10-27 04:15:00+00:00,67241.47,2024-10-27 04:15:00+00:00,67241.47,0.0,0.0,2024-10-27 04:30:00+00:00,67275.0807,0.037932,2551.9,67080.7917,67080.7917,0,2024-10-27 10:45:00+00:00,66980.1705,STOP_LOSS,25,-11.19,2.0415,2.0326,5.087,-15.26,-2.071
608,BTCUSDT,LONG,spot,BREAKOUT_ONLY,2024-10-27 12:15:00+00:00,67168.0357,67140.6826,78.466,2024-10-27 12:30:00+00:00,67408.0,2024-10-27 12:30:00+00:00,67408.0,0.0,0.0,2024-10-27 12:45:00+00:00,67441.694,0.037364,2519.91,67124.9894,67751.455,15,2024-10-27 17:45:00+00:00,67649.8278,TRAILING_STOP,20,7.78,2.0159,2.0222,5.0515,3.74,0.316
609,BNBUSDT,LONG,spot,BREAKOUT_ONLY,2024-10-27 13:00:00+00:00,583.8996,583.7995,0.9337,2024-10-27 13:15:00+00:00,587.2,2024-10-27 13:15:00+00:00,587.2,0.0,0.0,2024-10-27 13:30:00+00:00,587.4936,3.287878,1931.61,583.6127,583.6127,0,2024-10-27 21:30:00+00:00,589.2052,TIME_EXIT_8H,32,5.63,1.5453,1.5498,1.9344,2.53,0.198
610,ETHUSDT,LONG,spot,BREAKOUT_ONLY,2024-10-28 07:30:00+00:00,2496.3011,2492.1693,10.1075,2024-10-28 07:45:00+00:00,2511.77,2024-10-28 07:45:00+00:00,2511.77,0.0,0.0,2024-10-28 08:00:00+00:00,2513.0259,0.55766,1401.41,2490.1478,2526.5344,6,2024-10-28 11:15:00+00:00,2522.7446,TRAILING_STOP,13,5.42,1.1211,1.1255,2.811,3.17,0.249
611,SOLUSDT,LONG,spot,BREAKOUT_ONLY,2024-10-28 07:45:00+00:00,175.519,175.0713,0.9118,2024-10-28 08:00:00+00:00,177.04,2024-10-28 08:00:00+00:00,177.04,0.0,0.0,2024-10-28 08:15:00+00:00,177.1185,5.722714,1013.6,174.8889,174.8889,0,2024-10-28 14:00:00+00:00,174.6266,STOP_LOSS,23,-14.26,0.8109,0.7995,2.0058,-15.87,-1.244
612,SOLUSDT,LONG,spot,BREAKOUT_ONLY,2024-10-28 18:30:00+00:00,175.4908,174.9977,1.0593,2024-10-28 19:00:00+00:00,176.8,2024-10-28 19:00:00+00:00,176.8,0.0,0.0,2024-10-28 19:15:00+00:00,176.8984,6.009134,1063.01,174.7858,177.8247,1,2024-10-29 00:00:00+00:00,177.5579,TRAILING_STOP,19,3.96,0.8504,0.8536,2.132,2.26,0.178
613,ETHUSDT,LONG,spot,BREAKOUT_ONLY,2024-10-28 21:00:00+00:00,2512.0488,2507.6672,9.5116,2024-10-28 21:15:00+00:00,2519.95,2024-10-28 21:15:00+00:00,2519.95,0.0,0.0,2024-10-28 21:30:00+00:00,2521.22,0.822092,2072.68,2505.7649,2566.6956,8,2024-10-29 00:00:00+00:00,2562.8455,TRAILING_STOP,10,34.22,1.6581,1.6855,4.1967,30.88,2.43
614,SOLUSDT,LONG,spot,BREAKOUT_ONLY,2024-10-30 02:15:00+00:00,179.4084,179.1132,0.9562,2024-10-30 03:00:00+00:00,180.24,2024-10-30 03:00:00+00:00,180.24,0.0,0.0,2024-10-30 03:15:00+00:00,180.3301,9.132856,1646.93,178.922,178.922,0,2024-10-30 06:30:00+00:00,178.6536,STOP_LOSS,13,-15.31,1.3175,1.3053,3.2709,-17.93,-1.395
615,BTCUSDT,LONG,spot,BREAKOUT_ONLY,2024-10-30 20:00:00+00:00,72067.5514,71968.5835,298.3046,2024-10-30 20:15:00+00:00,72303.17,2024-10-30 20:15:00+00:00,72303.17,0.0,0.0,2024-10-30 20:30:00+00:00,72339.3116,0.029672,2146.49,71908.9226,72246.7205,2,2024-10-30 21:15:00+00:00,72138.3504,TRAILING_STOP,3,-5.96,1.7172,1.7124,4.284,-9.39,-0.735
616,BTCUSDT,LONG,spot,BREAKOUT_ONLY,2024-10-30 21:00:00+00:00,72154.0349,72052.57,357.1398,2024-10-30 21:45:00+00:00,72388.1,2024-10-30 21:45:00+00:00,72388.1,0.0,0.0,2024-10-30 22:00:00+00:00,72424.294,0.028712,2079.44,71981.142,71981.142,0,2024-10-31 06:00:00+00:00,72248.4277,TIME_EXIT_8H,32,-5.05,1.6636,1.6595,2.0769,-8.37,-0.658
618,BTCUSDT,LONG,spot,BREAKOUT_ONLY,2024-11-04 13:00:00+00:00,68877.5925,68818.3947,188.6167,2024-11-04 13:15:00+00:00,69087.99,2024-11-04 13:15:00+00:00,69087.99,0.0,0.0,2024-11-04 13:30:00+00:00,69122.544,0.036315,2510.17,68780.6713,68780.6713,0,2024-11-04 13:45:00+00:00,68677.5003,STOP_LOSS,1,-16.16,2.0081,1.9952,4.9961,-20.17,-1.624
617,SOLUSDT,LONG,spot,BREAKOUT_ONLY,2024-11-04 11:00:00+00:00,162.4904,162.3212,0.8713,2024-11-04 11:15:00+00:00,164.03,2024-11-04 11:15:00+00:00,164.03,0.0,0.0,2024-11-04 11:30:00+00:00,164.102,6.486677,1064.48,162.1469,162.1469,0,2024-11-04 14:45:00+00:00,161.9037,STOP_LOSS,13,-14.26,0.8516,0.8402,2.1076,-15.95,-1.258
619,ETHUSDT,LONG,spot,BREAKOUT_ONLY,2024-11-06 00:30:00+00:00,2438.1888,2437.703,14.9236,2024-11-06 00:45:00+00:00,2484.9,2024-11-06 00:45:00+00:00,2484.9,0.0,0.0,2024-11-06 01:00:00+00:00,2486.1525,0.243055,604.27,2434.7183,2576.6427,4,2024-11-06 03:15:00+00:00,2572.7777,TRAILING_STOP,9,21.05,0.4834,0.5003,1.2401,20.07,1.606
620,BNBUSDT,LONG,spot,BREAKOUT_ONLY,2024-11-08 13:15:00+00:00,597.5555,596.9031,1.599,2024-11-08 13:45:00+00:00,599.12,2024-11-08 13:45:00+00:00,599.12,0.0,0.0,2024-11-08 14:00:00+00:00,599.4196,4.162574,2495.13,596.5833,596.5833,0,2024-11-08 14:30:00+00:00,595.6885,STOP_LOSS,2,-15.53,1.9961,1.9837,4.967,-19.51,-1.653
621,BNBUSDT,LONG,spot,BREAKOUT_ONLY,2024-11-08 22:30:00+00:00,596.0925,595.3697,1.8506,2024-11-08 23:45:00+00:00,597.82,2024-11-08 23:45:00+00:00,597.82,0.0,0.0,2024-11-09 00:00:00+00:00,598.1189,4.008568,2397.6,594.9996,628.9267,14,2024-11-09 04:30:00+00:00,627.9833,TRAILING_STOP,18,119.71,1.9181,2.0139,4.9748,115.78,9.259
622,BTCUSDT,LONG,spot,BREAKOUT_ONLY,2024-11-09 21:45:00+00:00,76323.1887,76311.3015,137.6011,2024-11-09 22:15:00+00:00,76462.86,2024-11-09 22:15:00+00:00,76462.86,0.0,0.0,2024-11-09 22:30:00+00:00,76501.0914,0.033861,2590.44,76283.7812,76556.9986,3,2024-11-10 00:00:00+00:00,76442.1631,TRAILING_STOP,6,-2.0,2.0723,2.0708,5.1779,-6.14,-0.834
623,SOLUSDT,LONG,spot,BREAKOUT_ONLY,2024-11-09 23:30:00+00:00,199.4258,199.2145,0.9433,2024-11-10 00:15:00+00:00,200.5,2024-11-10 00:15:00+00:00,200.5,0.0,0.0,2024-11-10 00:30:00+00:00,200.6103,8.238165,1652.66,199.0259,199.0259,0,2024-11-10 01:00:00+00:00,198.7273,STOP_LOSS,2,-15.51,1.3221,1.3097,3.2821,-18.14,-1.39
624,SOLUSDT,LONG,spot,BREAKOUT_ONLY,2024-11-10 01:00:00+00:00,199.7429,199.3617,1.4428,2024-11-10 02:00:00+00:00,200.97,2024-11-10 02:00:00+00:00,200.97,0.0,0.0,2024-11-10 02:15:00+00:00,201.0705,6.489358,1304.82,199.0731,201.689,1,2024-11-10 03:00:00+00:00,201.3865,TRAILING_STOP,3,2.05,1.0439,1.0455,2.6127,-0.04,-0.003
625,BNBUSDT,LONG,spot,BREAKOUT_ONLY,2024-11-11 00:45:00+00:00,630.7925,629.8603,4.3776,2024-11-11 01:00:00+00:00,635.34,2024-11-11 01:00:00+00:00,635.34,0.0,0.0,2024-11-11 01:15:00+00:00,635.6577,1.942403,1234.7,628.9848,628.9848,0,2024-11-11 05:15:00+00:00,628.0413,STOP_LOSS,16,-14.79,0.9878,0.9759,2.4472,-16.76,-1.293
626,ETHUSDT,LONG,spot,BREAKOUT_ONLY,2024-11-11 10:30:00+00:00,3167.2459,3164.187,17.5708,2024-11-11 10:45:00+00:00,3190.99,2024-11-11 10:45:00+00:00,3190.99,0.0,0.0,2024-11-11 11:00:00+00:00,3192.5755,0.403654,1288.7,3160.6728,3160.6728,0,2024-11-11 12:15:00+00:00,3155.9318,STOP_LOSS,5,-14.79,1.031,1.0191,2.5552,-16.84,-1.308
627,ETHUSDT,LONG,spot,BREAKOUT_ONLY,2024-11-11 15:30:00+00:00,3180.7193,3169.6976,28.1274,2024-11-11 15:45:00+00:00,3236.98,2024-11-11 15:45:00+00:00,3236.98,0.0,0.0,2024-11-11 16:00:00+00:00,3238.5885,0.171686,556.02,3164.0721,3309.7286,14,2024-11-11 22:00:00+00:00,3304.764,TRAILING_STOP,24,11.36,0.4448,0.4539,1.1291,10.46,0.818
628,BNBUSDT,LONG,spot,BREAKOUT_ONLY,2024-11-11 17:00:00+00:00,626.088,624.918,5.3072,2024-11-11 17:15:00+00:00,633.2,2024-11-11 17:15:00+00:00,633.2,0.0,0.0,2024-11-11 17:30:00+00:00,633.5266,1.32967,842.38,623.8566,651.7953,4,2024-11-12 00:00:00+00:00,650.8176,TRAILING_STOP,26,22.99,0.6739,0.6923,1.7192,21.63,1.682
629,BTCUSDT,LONG,spot,BREAKOUT_ONLY,2024-11-13 10:00:00+00:00,87440.552,87285.1637,346.6834,2024-11-13 11:00:00+00:00,87857.99,2024-11-13 11:00:00+00:00,87857.99,0.0,0.0,2024-11-13 11:15:00+00:00,87901.929,0.01888,1659.62,87215.827,88676.9279,2,2024-11-13 14:00:00+00:00,88543.9125,TRAILING_STOP,11,12.12,1.3277,1.3374,3.3374,9.46,0.73
630,SOLUSDT,LONG,spot,BREAKOUT_ONLY,2024-11-13 14:30:00+00:00,209.4638,208.4117,2.9637,2024-11-13 14:45:00+00:00,216.71,2024-11-13 14:45:00+00:00,216.71,0.0,0.0,2024-11-13 15:00:00+00:00,216.8284,1.443064,312.9,207.819,207.819,0,2024-11-13 21:00:00+00:00,207.5072,STOP_LOSS,24,-13.45,0.2503,0.2396,0.6056,-13.94,-1.072
631,SOLUSDT,LONG,spot,BREAKOUT_ONLY,2024-11-13 22:15:00+00:00,212.9467,211.8059,2.9209,2024-11-13 23:15:00+00:00,214.6,2024-11-13 23:15:00+00:00,214.6,0.0,0.0,2024-11-13 23:30:00+00:00,214.7073,3.70997,796.56,211.2217,217.2661,11,2024-11-14 06:45:00+00:00,216.9402,TRAILING_STOP,29,8.28,0.6372,0.6439,1.6055,7.0,0.542
632,BNBUSDT,LONG,spot,BREAKOUT_ONLY,2024-11-14 03:45:00+00:00,619.0667,618.4417,4.4458,2024-11-14 04:00:00+00:00,627.36,2024-11-14 04:00:00+00:00,627.36,0.0,0.0,2024-11-14 04:15:00+00:00,627.6637,1.284638,806.32,617.5526,645.1659,5,2024-11-14 09:00:00+00:00,644.1982,TRAILING_STOP,19,21.24,0.6451,0.662,1.6445,19.93,1.535
634,SOLUSDT,LONG,spot,BREAKOUT_ONLY,2024-11-14 17:15:00+00:00,215.4017,214.3798,2.3219,2024-11-14 18:00:00+00:00,216.61,2024-11-14 18:00:00+00:00,216.61,0.0,0.0,2024-11-14 18:15:00+00:00,216.7183,4.659015,1009.69,213.9154,213.9154,0,2024-11-14 20:00:00+00:00,213.5945,STOP_LOSS,7,-14.55,0.8078,0.7961,1.9976,-16.16,-1.237
633,BNBUSDT,LONG,spot,BREAKOUT_ONLY,2024-11-14 15:45:00+00:00,630.7385,627.9993,6.6096,2024-11-14 16:45:00+00:00,634.99,2024-11-14 16:45:00+00:00,634.99,0.0,0.0,2024-11-14 17:00:00+00:00,635.3075,1.51401,961.86,626.6774,626.6774,0,2024-11-14 23:00:00+00:00,625.7373,STOP_LOSS,24,-14.49,0.7695,0.7579,1.902,-16.02,-1.226
635,BTCUSDT,LONG,spot,BREAKOUT_ONLY,2024-11-15 16:15:00+00:00,89140.9053,88911.8067,742.8775,2024-11-15 17:00:00+00:00,89570.38,2024-11-15 17:00:00+00:00,89570.38,0.0,0.0,2024-11-15 17:15:00+00:00,89615.1552,0.015148,1357.52,88763.2312,91056.6493,15,2024-11-15 23:45:00+00:00,90920.0643,TRAILING_STOP,26,19.77,1.086,1.1018,2.7447,17.58,1.362
636,SOLUSDT,LONG,spot,BREAKOUT_ONLY,2024-11-15 20:00:00+00:00,211.7655,211.412,1.6873,2024-11-15 20:15:00+00:00,214.5,2024-11-15 20:15:00+00:00,214.5,0.0,0.0,2024-11-15 20:30:00+00:00,214.6072,3.68378,790.57,211.0745,217.6706,10,2024-11-16 00:00:00+00:00,217.3441,TRAILING_STOP,14,10.08,0.6325,0.6405,1.5963,8.81,0.677
637,SOLUSDT,LONG,spot,BREAKOUT_ONLY,2024-11-17 00:30:00+00:00,216.5141,216.2969,1.1464,2024-11-17 00:45:00+00:00,217.7,2024-11-17 00:45:00+00:00,217.7,0.0,0.0,2024-11-17 01:00:00+00:00,217.8189,7.444712,1621.6,216.0677,216.0677,0,2024-11-17 01:30:00+00:00,215.7436,STOP_LOSS,2,-15.45,1.2973,1.2849,3.22,-18.03,-1.383
638,BNBUSDT,LONG,spot,BREAKOUT_ONLY,2024-11-17 00:30:00+00:00,625.345,624.3921,2.5502,2024-11-17 00:45:00+00:00,627.09,2024-11-17 00:45:00+00:00,627.09,0.0,0.0,2024-11-17 01:00:00+00:00,627.4135,3.691713,2316.23,623.8821,623.8821,0,2024-11-17 01:30:00+00:00,622.9463,STOP_LOSS,2,-16.49,1.853,1.8398,4.6077,-20.18,-1.548
640,BNBUSDT,LONG,spot,BREAKOUT_ONLY,2024-11-17 05:30:00+00:00,622.6284,621.3959,5.3463,2024-11-17 06:00:00+00:00,626.4,2024-11-17 06:00:00+00:00,626.4,0.0,0.0,2024-11-17 06:15:00+00:00,626.7032,2.016521,1263.76,620.3267,637.5094,5,2024-11-17 08:00:00+00:00,636.5531,TRAILING_STOP,7,19.86,1.011,1.0269,2.5573,17.82,1.386
641,ETHUSDT,LONG,spot,BREAKOUT_ONLY,2024-11-17 08:00:00+00:00,3124.4239,3120.7239,16.0419,2024-11-17 08:15:00+00:00,3152.52,2024-11-17 08:15:00+00:00,3152.52,0.0,0.0,2024-11-17 08:30:00+00:00,3154.0863,0.354224,1117.25,3117.5155,3117.5155,0,2024-11-17 11:00:00+00:00,3112.8392,STOP_LOSS,10,-14.61,0.8938,0.8821,2.2126,-16.39,-1.265
639,SOLUSDT,LONG,spot,BREAKOUT_ONLY,2024-11-17 04:00:00+00:00,217.9425,216.7984,3.1802,2024-11-17 04:15:00+00:00,233.85,2024-11-17 04:15:00+00:00,233.85,0.0,0.0,2024-11-17 04:30:00+00:00,233.9769,0.7211,168.72,216.1623,216.1623,0,2024-11-17 12:30:00+00:00,234.0029,TIME_EXIT_8H,32,0.02,0.135,0.135,0.1687,-0.25,-0.02
642,BTCUSDT,LONG,spot,BREAKOUT_ONLY,2024-11-18 02:45:00+00:00,90287.2334,90155.0121,296.556,2024-11-18 03:30:00+00:00,90448.36,2024-11-18 03:30:00+00:00,90448.36,0.0,0.0,2024-11-18 03:45:00+00:00,90493.5742,0.02812,2544.7,90095.7009,91547.1407,4,2024-11-18 07:15:00+00:00,91409.8199,TRAILING_STOP,14,25.77,2.0358,2.0564,5.1281,21.67,1.937
643,ETHUSDT,LONG,spot,BREAKOUT_ONLY,2024-11-18 02:30:00+00:00,3102.3091,3095.2448,16.3687,2024-11-18 03:45:00+00:00,3111.96,2024-11-18 03:45:00+00:00,3111.96,0.0,0.0,2024-11-18 04:00:00+00:00,3113.506,0.596629,1857.61,3091.971,3123.2102,6,2024-11-18 08:00:00+00:00,3118.5254,TRAILING_STOP,16,2.99,1.4861,1.4885,3.7197,0.02,0.002
644,BTCUSDT,LONG,spot,BREAKOUT_ONLY,2024-11-18 15:15:00+00:00,90720.6104,90565.5919,576.6763,2024-11-18 15:30:00+00:00,91887.99,2024-11-18 15:30:00+00:00,91887.99,0.0,0.0,2024-11-18 15:45:00+00:00,91933.924,0.008735,803.08,90450.2566,90450.2566,0,2024-11-18 18:30:00+00:00,90314.5812,STOP_LOSS,11,-14.15,0.6425,0.6312,1.5849,-15.42,-1.19
645,ETHUSDT,LONG,spot,BREAKOUT_ONLY,2024-11-18 16:00:00+00:00,3104.944,3102.3823,24.7887,2024-11-18 16:15:00+00:00,3176.94,2024-11-18 16:15:00+00:00,3176.94,0.0,0.0,2024-11-18 16:30:00+00:00,3178.5385,0.15962,507.36,3097.4246,3097.4246,0,2024-11-18 19:30:00+00:00,3092.7785,STOP_LOSS,12,-13.69,0.4059,0.3949,0.9942,-14.49,-1.119
646,BTCUSDT,LONG,spot,BREAKOUT_ONLY,2024-11-18 20:15:00+00:00,90916.3554,90822.2135,669.5262,2024-11-18 20:30:00+00:00,91392.03,2024-11-18 20:30:00+00:00,91392.03,0.0,0.0,2024-11-18 20:45:00+00:00,91437.716,0.017095,1563.11,90688.3082,90688.3082,0,2024-11-18 23:15:00+00:00,90552.2757,STOP_LOSS,10,-15.14,1.2505,1.2384,3.1035,-17.63,-1.376
647,SOLUSDT,LONG,spot,BREAKOUT_ONLY,2024-11-18 23:45:00+00:00,239.7544,239.0214,1.6271,2024-11-19 00:30:00+00:00,240.62,2024-11-19 00:30:00+00:00,240.62,0.0,0.0,2024-11-19 00:45:00+00:00,240.7403,6.223359,1498.21,238.6959,238.6959,0,2024-11-19 01:45:00+00:00,238.3379,STOP_LOSS,4,-14.95,1.1986,1.1866,2.974,-17.34,-1.363
648,SOLUSDT,LONG,spot,BREAKOUT_ONLY,2024-11-19 01:15:00+00:00,239.7344,239.0926,1.685,2024-11-19 02:45:00+00:00,241.35,2024-11-19 02:45:00+00:00,241.35,0.0,0.0,2024-11-19 03:00:00+00:00,241.4807,4.636959,1119.74,238.7556,238.7556,0,2024-11-19 04:00:00+00:00,238.3975,STOP_LOSS,4,-14.3,0.8958,0.8844,2.218,-16.08,-1.272
649,BTCUSDT,LONG,spot,BREAKOUT_ONLY,2024-11-19 03:00:00+00:00,91020.6836,90919.71,301.6232,2024-11-19 03:15:00+00:00,91349.96,2024-11-19 03:15:00+00:00,91349.96,0.0,0.0,2024-11-19 03:30:00+00:00,91395.635,0.023546,2152.0,90859.3854,91491.975,8,2024-11-19 08:15:00+00:00,91354.737,TRAILING_STOP,19,-0.96,1.7216,1.7208,4.3026,-4.41,-0.349
650,SOLUSDT,LONG,spot,BREAKOUT_ONLY,2024-11-19 18:15:00+00:00,242.2813,241.644,1.6764,2024-11-19 18:45:00+00:00,243.56,2024-11-19 18:45:00+00:00,243.56,0.0,0.0,2024-11-19 19:00:00+00:00,243.6918,5.259599,1281.72,241.3088,241.3088,0,2024-11-19 20:30:00+00:00,240.9468,STOP_LOSS,6,-14.44,1.0254,1.0138,2.5418,-16.48,-1.315
651,BTCUSDT,LONG,spot,BREAKOUT_ONLY,2024-11-20 05:45:00+00:00,92165.8587,92031.3933,272.7805,2024-11-20 06:00:00+00:00,92501.22,2024-11-20 06:00:00+00:00,92501.22,0.0,0.0,2024-11-20 06:15:00+00:00,92547.4806,0.02182,2019.37,91976.8372,93158.8414,4,2024-11-20 09:30:00+00:00,93019.1031,TRAILING_STOP,13,10.29,1.6155,1.6237,4.0542,7.05,0.566
652,ETHUSDT,LONG,spot,BREAKOUT_ONLY,2024-11-20 09:00:00+00:00,3111.2548,3107.6394,9.7536,2024-11-20 09:15:00+00:00,3121.81,2024-11-20 09:15:00+00:00,3121.81,0.0,0.0,2024-11-20 09:30:00+00:00,3123.3809,0.705768,2204.38,3105.6887,3105.6887,0,2024-11-20 11:00:00+00:00,3101.0302,STOP_LOSS,6,-15.77,1.7635,1.7509,4.3851,-19.29,-1.545
654,ETHUSDT,LONG,spot,BREAKOUT_ONLY,2024-11-20 14:00:00+00:00,3109.7631,3107.3384,17.8314,2024-11-20 14:15:00+00:00,3127.16,2024-11-20 14:15:00+00:00,3127.16,0.0,0.0,2024-11-20 14:30:00+00:00,3128.7136,0.49529,1549.62,3103.7721,3103.7721,0,2024-11-20 14:45:00+00:00,3099.1164,STOP_LOSS,1,-14.66,1.2397,1.228,3.0773,-17.13,-1.386
653,SOLUSDT,LONG,spot,BREAKOUT_ONLY,2024-11-20 13:45:00+00:00,237.6121,236.8949,1.5902,2024-11-20 14:00:00+00:00,240.96,2024-11-20 14:00:00+00:00,240.96,0.0,0.0,2024-11-20 14:15:00+00:00,241.1005,2.739007,660.38,236.5769,236.5769,0,2024-11-20 15:00:00+00:00,236.222,STOP_LOSS,3,-13.36,0.5283,0.5176,1.3007,-14.41,-1.163
655,SOLUSDT,LONG,spot,BREAKOUT_ONLY,2024-11-21 00:45:00+00:00,236.5203,236.0209,1.3262,2024-11-21 01:00:00+00:00,237.45,2024-11-21 01:00:00+00:00,237.45,0.0,0.0,2024-11-21 01:15:00+00:00,237.5687,6.746655,1602.79,235.7556,235.7556,0,2024-11-21 02:00:00+00:00,235.402,STOP_LOSS,3,-14.62,1.2822,1.2705,3.1837,-17.17,-1.404
656,SOLUSDT,LONG,spot,BREAKOUT_ONLY,2024-11-21 04:30:00+00:00,236.324,235.933,2.3111,2024-11-21 04:45:00+00:00,240.38,2024-11-21 04:45:00+00:00,240.38,0.0,0.0,2024-11-21 05:00:00+00:00,240.5102,2.410321,579.71,235.4708,242.3643,1,2024-11-21 13:00:00+00:00,244.8575,TIME_EXIT_8H,32,10.48,0.4638,0.4721,0.5849,9.54,0.786
657,ETHUSDT,LONG,spot,BREAKOUT_ONLY,2024-11-21 04:45:00+00:00,3089.5612,3084.4127,20.8953,2024-11-21 05:00:00+00:00,3134.22,2024-11-21 05:00:00+00:00,3134.22,0.0,0.0,2024-11-21 05:15:00+00:00,3135.7871,0.218697,685.79,3080.2336,3289.3107,4,2024-11-21 13:15:00+00:00,3346.7658,TIME_EXIT_8H,32,46.14,0.5486,0.5855,0.7089,45.01,3.704
659,ETHUSDT,LONG,spot,BREAKOUT_ONLY,2024-11-22 23:30:00+00:00,3309.0219,3304.5216,14.4046,2024-11-22 23:45:00+00:00,3327.78,2024-11-22 23:45:00+00:00,3327.78,0.0,0.0,2024-11-23 00:00:00+00:00,3329.4439,0.451204,1502.26,3301.6406,3330.3557,1,2024-11-23 01:15:00+00:00,3325.3602,TRAILING_STOP,5,-1.84,1.2018,1.2003,3.0018,-4.24,-0.338
660,SOLUSDT,LONG,spot,BREAKOUT_ONLY,2024-11-23 00:30:00+00:00,255.7183,255.1102,1.4838,2024-11-23 01:00:00+00:00,256.81,2024-11-23 01:00:00+00:00,256.81,0.0,0.0,2024-11-23 01:15:00+00:00,256.9484,5.910195,1518.62,254.8134,254.8134,0,2024-11-23 01:30:00+00:00,254.4312,STOP_LOSS,1,-14.88,1.2149,1.203,3.0149,-17.29,-1.371
658,BNBUSDT,LONG,spot,BREAKOUT_ONLY,2024-11-22 20:45:00+00:00,623.7687,622.855,2.4811,2024-11-22 21:15:00+00:00,625.1,2024-11-22 21:15:00+00:00,625.1,0.0,0.0,2024-11-22 21:30:00+00:00,625.4126,3.931862,2459.04,622.3588,641.524,17,2024-11-23 02:30:00+00:00,640.5618,TRAILING_STOP,20,59.56,1.9672,2.0149,5.0074,55.58,4.629
661,SOLUSDT,LONG,spot,BREAKOUT_ONLY,2024-11-23 04:00:00+00:00,256.054,255.3289,1.6574,2024-11-23 04:15:00+00:00,260.9,2024-11-23 04:15:00+00:00,260.9,0.0,0.0,2024-11-23 04:30:00+00:00,261.0304,2.086761,544.71,254.9974,254.9974,0,2024-11-23 12:30:00+00:00,257.801,TIME_EXIT_8H,32,-6.74,0.4358,0.4304,0.5413,-7.61,-0.604
662,BTCUSDT,LONG,spot,BREAKOUT_ONLY,2024-11-23 13:00:00+00:00,98559.5188,98514.5244,135.4351,2024-11-23 13:15:00+00:00,98749.9,2024-11-23 13:15:00+00:00,98749.9,0.0,0.0,2024-11-23 13:30:00+00:00,98799.285,0.025154,2485.21,98487.4374,98487.4374,0,2024-11-23 14:00:00+00:00,98339.7062,STOP_LOSS,2,-11.56,1.9882,1.9789,4.9531,-15.53,-1.979
663,SOLUSDT,LONG,spot,BREAKOUT_ONLY,2024-11-24 01:30:00+00:00,256.7328,256.4829,1.2931,2024-11-24 01:45:00+00:00,258.67,2024-11-24 01:45:00+00:00,258.67,0.0,0.0,2024-11-24 02:00:00+00:00,258.8093,4.825362,1248.85,256.2243,256.2243,0,2024-11-24 04:30:00+00:00,255.8399,STOP_LOSS,10,-14.33,0.9991,0.9876,2.4762,-16.32,-1.308
664,BTCUSDT,LONG,spot,BREAKOUT_ONLY,2024-11-24 05:45:00+00:00,98155.7535,98089.3391,207.3091,2024-11-24 06:45:00+00:00,98360.02,2024-11-24 06:45:00+00:00,98360.02,0.0,0.0,2024-11-24 07:00:00+00:00,98409.21,0.024933,2453.69,98047.8773,98047.8773,0,2024-11-24 08:45:00+00:00,97900.8055,STOP_LOSS,7,-12.68,1.9629,1.9528,4.8884,-16.59,-1.842
665,BNBUSDT,LONG,spot,BREAKOUT_ONLY,2024-11-24 22:45:00+00:00,655.7348,655.0613,3.0486,2024-11-24 23:00:00+00:00,661.49,2024-11-24 23:00:00+00:00,661.49,0.0,0.0,2024-11-24 23:15:00+00:00,661.8207,1.670382,1105.49,654.4515,654.4515,0,2024-11-25 01:00:00+00:00,653.4699,STOP_LOSS,7,-13.95,0.8844,0.8732,2.1901,-15.71,-1.276
666,BNBUSDT,LONG,spot,BREAKOUT_ONLY,2024-11-25 03:00:00+00:00,656.0073,655.7408,3.8442,2024-11-25 03:45:00+00:00,658.73,2024-11-25 03:45:00+00:00,658.73,0.0,0.0,2024-11-25 04:00:00+00:00,659.0594,2.992338,1972.13,654.972,658.0009,7,2024-11-25 06:45:00+00:00,657.0139,TRAILING_STOP,11,-6.12,1.5777,1.5728,3.9351,-9.27,-0.758
667,ETHUSDT,LONG,spot,BREAKOUT_ONLY,2024-11-25 04:30:00+00:00,3354.265,3347.8923,14.8348,2024-11-25 04:45:00+00:00,3365.79,2024-11-25 04:45:00+00:00,3365.79,0.0,0.0,2024-11-25 05:00:00+00:00,3367.4729,0.54367,1830.79,3344.9253,3368.7566,7,2024-11-25 07:15:00+00:00,3363.7035,TRAILING_STOP,9,-2.05,1.4646,1.463,3.6585,-4.98,-0.406
669,ETHUSDT,LONG,spot,BREAKOUT_ONLY,2024-11-28 22:45:00+00:00,3577.8524,3572.4779,12.504,2024-11-28 23:00:00+00:00,3585.38,2024-11-28 23:00:00+00:00,3585.38,0.0,0.0,2024-11-28 23:15:00+00:00,3587.1627,0.670744,2406.07,3569.9772,3569.9772,0,2024-11-29 00:00:00+00:00,3564.6222,STOP_LOSS,3,-15.12,1.9249,1.9128,4.7895,-18.96,-1.645
670,SOLUSDT,LONG,spot,BREAKOUT_ONLY,2024-11-28 23:45:00+00:00,236.86,236.5492,0.8243,2024-11-29 00:00:00+00:00,237.41,2024-11-29 00:00:00+00:00,237.41,0.0,0.0,2024-11-29 00:15:00+00:00,237.5187,10.051003,2387.3,236.3843,236.5724,1,2024-11-29 01:00:00+00:00,236.2175,TRAILING_STOP,3,-13.08,1.9098,1.8994,4.755,-16.89,-1.481
668,BTCUSDT,LONG,spot,BREAKOUT_ONLY,2024-11-28 22:30:00+00:00,95206.9456,95148.6004,245.9578,2024-11-28 22:45:00+00:00,95651.79,2024-11-28 22:45:00+00:00,95651.79,0.0,0.0,2024-11-28 23:00:00+00:00,95699.6059,0.020259,1938.81,95099.4088,96316.8237,9,2024-11-29 04:15:00+00:00,96172.3485,TRAILING_STOP,21,9.58,1.5511,1.5587,3.892,6.47,0.532
671,SOLUSDT,LONG,spot,BREAKOUT_ONLY,2024-11-29 01:15:00+00:00,237.0429,236.7378,1.2143,2024-11-29 01:45:00+00:00,238.0,2024-11-29 01:45:00+00:00,238.0,0.0,0.0,2024-11-29 02:00:00+00:00,238.119,7.419158,1766.64,236.495,240.4393,5,2024-11-29 04:15:00+00:00,240.0787,TRAILING_STOP,9,14.54,1.4133,1.4249,3.5551,11.7,0.971
672,ETHUSDT,LONG,spot,BREAKOUT_ONLY,2024-11-29 04:15:00+00:00,3578.0633,3574.2566,13.6216,2024-11-29 05:00:00+00:00,3594.96,2024-11-29 05:00:00+00:00,3594.96,0.0,0.0,2024-11-29 05:15:00+00:00,3596.7575,0.478538,1721.19,3571.5322,3571.5322,0,2024-11-29 06:00:00+00:00,3566.1749,STOP_LOSS,3,-14.63,1.3769,1.3652,3.4204,-17.38,-1.44
673,ETHUSDT,LONG,spot,BREAKOUT_ONLY,2024-11-29 10:15:00+00:00,3571.7999,3567.8979,10.6656,2024-11-29 10:30:00+00:00,3579.99,2024-11-29 10:30:00+00:00,3579.99,0.0,0.0,2024-11-29 10:45:00+00:00,3581.78,0.662492,2372.9,3565.7648,3577.9499,1,2024-11-29 12:45:00+00:00,3572.5829,TRAILING_STOP,8,-6.09,1.8983,1.8934,4.7367,-9.88,-0.932
674,ETHUSDT,LONG,spot,BREAKOUT_ONLY,2024-11-29 12:15:00+00:00,3578.7622,3574.0197,11.7781,2024-11-29 12:45:00+00:00,3586.39,2024-11-29 12:45:00+00:00,3586.39,0.0,0.0,2024-11-29 13:00:00+00:00,3588.1732,0.658585,2363.12,3571.6641,3612.0863,5,2024-11-29 15:30:00+00:00,3606.6682,TRAILING_STOP,10,12.18,1.8905,1.9002,4.7445,8.39,0.772
675,ETHUSDT,LONG,spot,BREAKOUT_ONLY,2024-11-29 19:30:00+00:00,3587.6163,3583.3223,13.9231,2024-11-29 20:30:00+00:00,3598.02,2024-11-29 20:30:00+00:00,3598.02,0.0,0.0,2024-11-29 20:45:00+00:00,3599.809,0.621488,2237.24,3580.5377,3580.5377,0,2024-11-29 21:15:00+00:00,3575.1669,STOP_LOSS,2,-15.31,1.7898,1.7775,4.4515,-18.88,-1.577
676,ETHUSDT,LONG,spot,BREAKOUT_ONLY,2024-11-29 21:15:00+00:00,3588.005,3584.0935,11.5525,2024-11-29 22:15:00+00:00,3594.38,2024-11-29 22:15:00+00:00,3594.38,0.0,0.0,2024-11-29 22:30:00+00:00,3596.1772,0.65423,2352.73,3581.783,3581.783,0,2024-11-30 00:30:00+00:00,3576.4103,STOP_LOSS,8,-12.93,1.8822,1.8718,4.6861,-16.69,-1.772
677,ETHUSDT,LONG,spot,BREAKOUT_ONLY,2024-11-29 23:00:00+00:00,3590.2115,3585.1448,10.1512,2024-11-30 00:15:00+00:00,3605.5,2024-11-30 00:15:00+00:00,3605.5,0.0,0.0,2024-11-30 00:30:00+00:00,3607.2327,0.489218,1764.72,3583.1145,3583.1145,0,2024-11-30 00:45:00+00:00,3575.6784,STOP_LOSS,1,-15.44,1.4118,1.3994,3.5063,-18.25,-1.547
679,BNBUSDT,LONG,spot,BREAKOUT_ONLY,2024-11-30 04:30:00+00:00,653.5368,653.0993,2.1069,2024-11-30 04:45:00+00:00,655.2,2024-11-30 04:45:00+00:00,655.2,0.0,0.0,2024-11-30 05:00:00+00:00,655.5376,3.534797,2317.19,652.6779,669.5952,10,2024-11-30 08:30:00+00:00,668.5908,TRAILING_STOP,14,46.14,1.8538,1.8907,4.7036,42.4,4.194
678,ETHUSDT,LONG,spot,BREAKOUT_ONLY,2024-11-30 01:00:00+00:00,3590.3763,3586.025,15.3075,2024-11-30 01:30:00+00:00,3616.42,2024-11-30 01:30:00+00:00,3616.42,0.0,0.0,2024-11-30 01:45:00+00:00,3618.2282,0.331998,1201.24,3582.9635,3694.7143,17,2024-11-30 09:00:00+00:00,3688.0796,TRAILING_STOP,29,23.19,0.961,0.9795,2.4373,21.25,1.815
680,BTCUSDT,LONG,spot,BREAKOUT_ONLY,2024-11-30 17:15:00+00:00,96689.3699,96654.8925,162.5806,2024-11-30 17:30:00+00:00,96832.0,2024-11-30 17:30:00+00:00,96832.0,0.0,0.0,2024-11-30 17:45:00+00:00,96880.406,0.024578,2381.15,96622.3764,96622.3764,0,2024-11-30 22:30:00+00:00,96477.4428,STOP_LOSS,19,-9.9,1.9049,1.897,4.7475,-13.71,-2.161
682,BNBUSDT,LONG,spot,BREAKOUT_ONLY,2024-12-01 11:15:00+00:00,654.4481,653.6384,2.1327,2024-12-01 11:30:00+00:00,658.3,2024-12-01 11:30:00+00:00,658.3,0.0,0.0,2024-12-01 11:45:00+00:00,658.6191,2.211949,1456.83,653.2118,660.7094,3,2024-12-01 17:00:00+00:00,659.7183,TRAILING_STOP,21,2.43,1.1655,1.1674,2.9173,0.1,0.008
681,BTCUSDT,LONG,spot,BREAKOUT_ONLY,2024-12-01 08:45:00+00:00,96567.3989,96514.5467,208.8925,2024-12-01 09:00:00+00:00,96954.15,2024-12-01 09:00:00+00:00,96954.15,0.0,0.0,2024-12-01 09:15:00+00:00,97002.6271,0.022567,2189.09,96472.7682,96472.7682,0,2024-12-01 17:15:00+00:00,97084.0137,TIME_EXIT_8H,32,1.84,1.7513,1.7527,2.19,-1.67,-0.139
683,BNBUSDT,LONG,spot,BREAKOUT_ONLY,2024-12-01 21:45:00+00:00,656.916,656.4921,2.1023,2024-12-01 23:00:00+00:00,658.01,2024-12-01 23:00:00+00:00,658.01,0.0,0.0,2024-12-01 23:15:00+00:00,658.329,3.593995,2366.03,656.0716,656.0716,0,2024-12-01 23:30:00+00:00,655.0875,STOP_LOSS,1,-11.65,1.8928,1.8835,4.7146,-15.43,-1.901
684,BNBUSDT,LONG,spot,BREAKOUT_ONLY,2024-12-01 23:45:00+00:00,656.8638,656.5251,2.0239,2024-12-02 00:30:00+00:00,659.4,2024-12-02 00:30:00+00:00,659.4,0.0,0.0,2024-12-02 00:45:00+00:00,659.7197,3.298488,2176.08,656.1203,660.4396,4,2024-12-02 02:15:00+00:00,659.4489,TRAILING_STOP,6,-0.89,1.7409,1.7401,4.3508,-4.37,-0.368
685,BNBUSDT,LONG,spot,BREAKOUT_ONLY,2024-12-03 17:30:00+00:00,646.9423,646.4355,5.679,2024-12-03 17:45:00+00:00,659.15,2024-12-03 17:45:00+00:00,659.15,0.0,0.0,2024-12-03 18:00:00+00:00,659.4796,0.835736,551.15,645.2997,701.2701,13,2024-12-03 22:00:00+00:00,700.2182,TRAILING_STOP,16,34.05,0.4409,0.4682,1.1534,33.14,2.796
686,SOLUSDT,LONG,spot,BREAKOUT_ONLY,2024-12-03 20:00:00+00:00,225.5659,224.9703,1.8346,2024-12-03 20:15:00+00:00,229.45,2024-12-03 20:15:00+00:00,229.45,0.0,0.0,2024-12-03 20:30:00+00:00,229.5747,2.4165,554.77,224.6034,234.5946,4,2024-12-03 22:30:00+00:00,234.2427,TRAILING_STOP,8,11.28,0.4438,0.4528,1.1265,10.38,0.864
687,BTCUSDT,LONG,spot,BREAKOUT_ONLY,2024-12-03 21:30:00+00:00,95541.4177,95426.8989,302.7645,2024-12-03 21:45:00+00:00,96000.0,2024-12-03 21:45:00+00:00,96000.0,0.0,0.0,2024-12-03 22:00:00+00:00,96048.01,0.017735,1703.45,95366.346,95366.346,0,2024-12-04 02:00:00+00:00,95223.2965,STOP_LOSS,16,-14.63,1.3628,1.3511,3.385,-17.34,-1.434
688,BTCUSDT,LONG,spot,BREAKOUT_ONLY,2024-12-04 03:30:00+00:00,95789.9624,95645.4408,327.8387,2024-12-04 04:45:00+00:00,96024.8,2024-12-04 04:45:00+00:00,96024.8,0.0,0.0,2024-12-04 05:00:00+00:00,96072.8124,0.024306,2335.18,95579.8731,96608.2077,17,2024-12-04 10:30:00+00:00,96463.2953,TRAILING_STOP,22,9.49,1.8681,1.8757,4.6846,5.75,0.48
689,BTCUSDT,LONG,spot,BREAKOUT_ONLY,2024-12-04 19:30:00+00:00,95910.7503,95883.851,415.5886,2024-12-04 19:45:00+00:00,97209.64,2024-12-04 19:45:00+00:00,97209.64,0.0,0.0,2024-12-04 20:00:00+00:00,97258.2448,0.00824,801.43,95800.7333,97847.9199,2,2024-12-04 21:30:00+00:00,97701.1481,TRAILING_STOP,6,3.65,0.6411,0.6441,1.6083,2.36,0.197
690,SOLUSDT,LONG,spot,BREAKOUT_ONLY,2024-12-05 03:45:00+00:00,231.1911,230.6648,3.0356,2024-12-05 04:00:00+00:00,235.74,2024-12-05 04:00:00+00:00,235.74,0.0,0.0,2024-12-05 04:15:00+00:00,235.8479,2.076282,489.69,230.0577,240.4146,2,2024-12-05 12:15:00+00:00,243.7081,TIME_EXIT_8H,32,16.32,0.3917,0.4048,0.4978,15.52,1.291
691,BNBUSDT,LONG,spot,BREAKOUT_ONLY,2024-12-05 09:45:00+00:00,730.7625,729.3847,4.1262,2024-12-05 10:00:00+00:00,734.19,2024-12-05 10:00:00+00:00,734.19,0.0,0.0,2024-12-05 10:15:00+00:00,734.5571,2.009285,1475.93,728.5595,728.5595,0,2024-12-05 12:45:00+00:00,727.4666,STOP_LOSS,10,-14.25,1.1807,1.1694,2.9305,-16.6,-1.377
692,BNBUSDT,LONG,spot,BREAKOUT_ONLY,2024-12-05 17:15:00+00:00,730.253,728.7193,5.3859,2024-12-05 17:45:00+00:00,733.31,2024-12-05 17:45:00+00:00,733.31,0.0,0.0,2024-12-05 18:00:00+00:00,733.6767,1.991325,1460.99,727.6421,727.6421,0,2024-12-05 18:45:00+00:00,726.5506,STOP_LOSS,3,-14.19,1.1688,1.1574,2.9007,-16.52,-1.374
693,SOLUSDT,LONG,spot,BREAKOUT_ONLY,2024-12-05 23:30:00+00:00,235.9231,235.0729,3.7784,2024-12-06 00:15:00+00:00,238.33,2024-12-06 00:15:00+00:00,238.33,0.0,0.0,2024-12-06 00:30:00+00:00,238.4592,2.881256,687.06,234.3172,241.8697,9,2024-12-06 03:00:00+00:00,241.5069,TRAILING_STOP,10,8.78,0.5496,0.5567,1.3873,7.67,0.643
694,ETHUSDT,LONG,spot,BREAKOUT_ONLY,2024-12-06 02:00:00+00:00,3851.8843,3841.043,29.2135,2024-12-06 02:30:00+00:00,3868.53,2024-12-06 02:30:00+00:00,3868.53,0.0,0.0,2024-12-06 02:45:00+00:00,3870.4643,0.340107,1316.37,3835.2003,3877.3806,6,2024-12-06 05:30:00+00:00,3871.5646,TRAILING_STOP,11,0.37,1.0531,1.0534,2.6333,-1.73,-0.144
695,BNBUSDT,LONG,spot,BREAKOUT_ONLY,2024-12-06 02:45:00+00:00,725.5409,723.6115,4.5127,2024-12-06 03:45:00+00:00,729.35,2024-12-06 03:45:00+00:00,729.35,0.0,0.0,2024-12-06 04:00:00+00:00,729.7247,1.711911,1249.22,722.709,722.709,0,2024-12-06 08:45:00+00:00,721.6249,STOP_LOSS,19,-13.87,0.9994,0.9883,2.4776,-15.85,-1.32
696,ETHUSDT,LONG,spot,BREAKOUT_ONLY,2024-12-06 13:45:00+00:00,3871.5058,3866.3689,22.8204,2024-12-06 14:00:00+00:00,3885.29,2024-12-06 14:00:00+00:00,3885.29,0.0,0.0,2024-12-06 14:15:00+00:00,3887.2326,0.467386,1816.84,3861.8049,4046.7162,21,2024-12-06 20:45:00+00:00,4040.6462,TRAILING_STOP,26,71.7,1.4535,1.5108,3.7412,68.74,5.784
697,BTCUSDT,LONG,spot,BREAKOUT_ONLY,2024-12-06 15:30:00+00:00,98652.1039,98407.9888,571.0955,2024-12-06 15:45:00+00:00,99309.99,2024-12-06 15:45:00+00:00,99309.99,0.0,0.0,2024-12-06 16:00:00+00:00,99359.655,0.011357,1128.39,98293.7697,100982.8554,12,2024-12-06 21:30:00+00:00,100831.3811,TRAILING_STOP,22,16.71,0.9027,0.9161,2.2819,14.9,1.231
699,BTCUSDT,LONG,spot,BREAKOUT_ONLY,2024-12-07 10:15:00+00:00,99624.1192,99527.3066,226.5728,2024-12-07 11:30:00+00:00,99750.0,2024-12-07 11:30:00+00:00,99750.0,0.0,0.0,2024-12-07 11:45:00+00:00,99799.865,0.024401,2435.18,99481.9921,99481.9921,0,2024-12-07 12:45:00+00:00,99332.7691,STOP_LOSS,4,-11.4,1.9481,1.939,4.8533,-15.28,-1.971
698,SOLUSDT,LONG,spot,BREAKOUT_ONLY,2024-12-07 10:00:00+00:00,236.6953,236.4566,1.04,2024-12-07 10:15:00+00:00,239.17,2024-12-07 10:15:00+00:00,239.17,0.0,0.0,2024-12-07 10:30:00+00:00,239.2796,4.059072,971.25,236.2486,240.3556,3,2024-12-07 15:30:00+00:00,239.9951,TRAILING_STOP,20,2.9,0.777,0.7793,1.9469,1.35,0.11
700,BTCUSDT,LONG,spot,BREAKOUT_ONLY,2024-12-07 15:00:00+00:00,99541.2845,99461.336,248.6625,2024-12-07 15:30:00+00:00,99679.95,2024-12-07 15:30:00+00:00,99679.95,0.0,0.0,2024-12-07 15:45:00+00:00,99729.8,0.024287,2422.15,99411.6035,100048.2387,8,2024-12-07 21:15:00+00:00,99898.1664,TRAILING_STOP,22,4.09,1.9377,1.941,4.8504,0.21,0.027
701,BTCUSDT,LONG,spot,BREAKOUT_ONLY,2024-12-08 13:15:00+00:00,99676.5731,99655.177,276.0097,2024-12-08 13:30:00+00:00,100312.85,2024-12-08 13:30:00+00:00,100312.85,0.0,0.0,2024-12-08 13:45:00+00:00,100363.0064,0.016034,1609.18,99599.9751,99599.9751,0,2024-12-08 15:00:00+00:00,99450.5751,STOP_LOSS,5,-14.63,1.2873,1.2756,3.1964,-17.19,-1.405
702,ETHUSDT,LONG,spot,BREAKOUT_ONLY,2024-12-08 14:15:00+00:00,3982.3915,3979.4199,10.5028,2024-12-08 14:30:00+00:00,3989.67,2024-12-08 14:30:00+00:00,3989.67,0.0,0.0,2024-12-08 14:45:00+00:00,3991.6748,0.606534,2421.09,3977.3193,3977.3193,0,2024-12-08 15:00:00+00:00,3971.3533,STOP_LOSS,1,-12.33,1.9369,1.927,4.8237,-16.19,-1.859
703,ETHUSDT,LONG,spot,BREAKOUT_ONLY,2024-12-08 15:15:00+00:00,3982.0973,3979.2775,13.4344,2024-12-08 15:45:00+00:00,3990.79,2024-12-08 15:45:00+00:00,3990.79,0.0,0.0,2024-12-08 16:00:00+00:00,3992.7854,0.598407,2389.31,3976.5906,3976.5906,0,2024-12-08 16:45:00+00:00,3970.6257,STOP_LOSS,3,-13.26,1.9115,1.9008,4.7587,-17.07,-1.762
704,ETHUSDT,LONG,spot,BREAKOUT_ONLY,2024-12-08 19:30:00+00:00,3981.5627,3978.4629,12.1633,2024-12-08 19:45:00+00:00,3989.99,2024-12-08 19:45:00+00:00,3989.99,0.0,0.0,2024-12-08 20:00:00+00:00,3991.985,0.594293,2372.41,3976.0302,3976.0302,0,2024-12-08 20:45:00+00:00,3970.0662,STOP_LOSS,3,-13.03,1.8979,1.8875,4.7253,-16.81,-1.773
706,ETHUSDT,LONG,spot,BREAKOUT_ONLY,2024-12-08 20:30:00+00:00,3981.9692,3980.5717,10.0967,2024-12-08 21:30:00+00:00,3989.99,2024-12-08 21:30:00+00:00,3989.99,0.0,0.0,2024-12-08 21:45:00+00:00,3991.995,0.589652,2353.89,3978.5524,3993.6531,1,2024-12-08 23:15:00+00:00,3987.6626,TRAILING_STOP,6,-2.55,1.8831,1.8811,4.7039,-6.32,-0.797
705,BTCUSDT,LONG,spot,BREAKOUT_ONLY,2024-12-08 19:45:00+00:00,99797.1181,99744.2399,268.5906,2024-12-08 20:00:00+00:00,100040.01,2024-12-08 20:00:00+00:00,100040.01,0.0,0.0,2024-12-08 20:15:00+00:00,100090.03,0.023684,2370.53,99690.5217,100723.9879,3,2024-12-09 00:00:00+00:00,100572.9019,TRAILING_STOP,15,11.44,1.8964,1.9056,4.7582,7.63,0.807
707,BNBUSDT,LONG,spot,BREAKOUT_ONLY,2024-12-13 09:30:00+00:00,708.4475,706.7986,4.8083,2024-12-13 10:30:00+00:00,711.8,2024-12-13 10:30:00+00:00,711.8,0.0,0.0,2024-12-13 10:45:00+00:00,712.1559,1.883908,1341.64,705.8369,714.3425,4,2024-12-13 13:15:00+00:00,713.271,TRAILING_STOP,10,2.1,1.0733,1.075,2.6864,-0.05,-0.004
708,ETHUSDT,LONG,spot,BREAKOUT_ONLY,2024-12-13 10:45:00+00:00,3898.6968,3893.5821,15.1614,2024-12-13 11:00:00+00:00,3908.2,2024-12-13 11:00:00+00:00,3908.2,0.0,0.0,2024-12-13 11:15:00+00:00,3910.1541,0.602536,2356.01,3890.5498,3931.2357,10,2024-12-13 15:30:00+00:00,3925.3389,TRAILING_STOP,17,9.15,1.8848,1.8921,4.7257,5.37,0.455
709,BTCUSDT,LONG,spot,BREAKOUT_ONLY,2024-12-13 14:15:00+00:00,100267.8474,100188.7778,223.9219,2024-12-13 14:30:00+00:00,100884.0,2024-12-13 14:30:00+00:00,100884.0,0.0,0.0,2024-12-13 14:45:00+00:00,100934.442,0.015204,1534.58,100143.9934,100143.9934,0,2024-12-13 15:45:00+00:00,99993.7775,STOP_LOSS,4,-14.3,1.2277,1.2162,3.0477,-16.75,-1.393
710,BTCUSDT,LONG,spot,BREAKOUT_ONLY,2024-12-13 16:15:00+00:00,100434.8286,100269.0197,468.458,2024-12-13 16:30:00+00:00,100897.01,2024-12-13 16:30:00+00:00,100897.01,0.0,0.0,2024-12-13 16:45:00+00:00,100947.4685,0.015343,1548.88,100175.3281,101266.2817,11,2024-12-13 21:15:00+00:00,101114.3823,TRAILING_STOP,18,2.56,1.2391,1.2412,3.1016,0.08,0.007
711,ETHUSDT,LONG,spot,BREAKOUT_ONLY,2024-12-14 00:15:00+00:00,3911.6921,3907.9168,11.2073,2024-12-14 01:00:00+00:00,3921.0,2024-12-14 01:00:00+00:00,3921.0,0.0,0.0,2024-12-14 01:15:00+00:00,3922.9705,0.597976,2345.84,3905.6754,3915.2963,2,2024-12-14 02:00:00+00:00,3909.4234,TRAILING_STOP,3,-8.1,1.8767,1.8702,4.6795,-11.85,-1.146
712,BTCUSDT,LONG,spot,BREAKOUT_ONLY,2024-12-15 00:00:00+00:00,101287.3209,101239.3481,183.4506,2024-12-15 00:15:00+00:00,101530.24,2024-12-15 00:15:00+00:00,101530.24,0.0,0.0,2024-12-15 00:30:00+00:00,101580.9951,0.022978,2334.11,101202.6579,101787.9859,2,2024-12-15 02:30:00+00:00,101635.304,TRAILING_STOP,8,1.25,1.8673,1.8683,4.6701,-2.49,-0.286
713,ETHUSDT,LONG,spot,BREAKOUT_ONLY,2024-12-15 13:15:00+00:00,3876.6041,3872.9974,12.9644,2024-12-15 13:30:00+00:00,3888.93,2024-12-15 13:30:00+00:00,3888.93,0.0,0.0,2024-12-15 13:45:00+00:00,3890.8745,0.575284,2238.36,3870.4045,3896.2872,5,2024-12-15 18:15:00+00:00,3890.4427,TRAILING_STOP,18,-0.25,1.7907,1.7905,4.4763,-3.83,-0.325
714,BNBUSDT,LONG,spot,BREAKOUT_ONLY,2024-12-15 13:45:00+00:00,714.0887,713.2306,2.058,2024-12-15 14:00:00+00:00,717.07,2024-12-15 14:00:00+00:00,717.07,0.0,0.0,2024-12-15 14:15:00+00:00,717.4585,2.538743,1821.44,712.819,712.819,0,2024-12-15 21:15:00+00:00,711.7497,STOP_LOSS,28,-14.49,1.4572,1.4456,3.6211,-17.4,-1.477
715,ETHUSDT,LONG,spot,BREAKOUT_ONLY,2024-12-15 23:00:00+00:00,3887.8068,3885.6966,19.7801,2024-12-15 23:15:00+00:00,3939.21,2024-12-15 23:15:00+00:00,3939.21,0.0,0.0,2024-12-15 23:30:00+00:00,3941.1796,0.196334,773.79,3881.7406,3980.7181,6,2024-12-16 02:15:00+00:00,3974.7471,TRAILING_STOP,11,6.59,0.619,0.6243,1.5575,5.35,0.458
716,BNBUSDT,LONG,spot,BREAKOUT_ONLY,2024-12-15 23:15:00+00:00,715.7359,715.5136,3.6683,2024-12-15 23:30:00+00:00,720.86,2024-12-15 23:30:00+00:00,720.86,0.0,0.0,2024-12-15 23:45:00+00:00,721.2304,1.811402,1306.44,714.78,714.78,0,2024-12-16 02:15:00+00:00,713.7078,STOP_LOSS,10,-13.63,1.0452,1.0342,2.5924,-15.71,-1.344
717,ETHUSDT,LONG,spot,BREAKOUT_ONLY,2024-12-16 15:15:00+00:00,3933.4855,3925.7225,21.7738,2024-12-16 16:00:00+00:00,3962.56,2024-12-16 16:00:00+00:00,3962.56,0.0,0.0,2024-12-16 16:15:00+00:00,3964.5513,0.26904,1066.62,3921.3677,4050.6264,6,2024-12-16 19:15:00+00:00,4044.5504,TRAILING_STOP,12,21.52,0.8533,0.8705,2.1655,19.8,1.704
718,BNBUSDT,LONG,spot,BREAKOUT_ONLY,2024-12-16 15:45:00+00:00,713.46,712.6393,2.7924,2024-12-16 16:00:00+00:00,718.59,2024-12-16 16:00:00+00:00,718.59,0.0,0.0,2024-12-16 16:15:00+00:00,718.9393,1.69399,1217.88,712.0809,723.8489,5,2024-12-16 19:15:00+00:00,722.7631,TRAILING_STOP,12,6.48,0.9743,0.9795,2.4455,4.52,0.389
719,BNBUSDT,LONG,spot,BREAKOUT_ONLY,2024-12-17 09:30:00+00:00,718.909,718.1474,2.1031,2024-12-17 09:45:00+00:00,720.76,2024-12-17 09:45:00+00:00,720.76,0.0,0.0,2024-12-17 10:00:00+00:00,721.1304,3.223359,2324.46,717.7268,717.7268,0,2024-12-17 12:00:00+00:00,716.6502,STOP_LOSS,8,-14.44,1.8596,1.848,4.6273,-18.15,-1.654
720,BNBUSDT,LONG,spot,BREAKOUT_ONLY,2024-12-17 11:30:00+00:00,719.8189,718.9259,2.4561,2024-12-17 12:30:00+00:00,723.08,2024-12-17 12:30:00+00:00,723.08,0.0,0.0,2024-12-17 12:45:00+00:00,723.4315,2.331248,1686.5,718.4347,729.1753,2,2024-12-17 14:30:00+00:00,728.0816,TRAILING_STOP,7,10.84,1.3492,1.3579,3.3893,8.13,0.698
721,SOLUSDT,LONG,spot,BREAKOUT_ONLY,2024-12-23 04:15:00+00:00,182.4396,181.6569,2.1148,2024-12-23 04:30:00+00:00,184.8,2024-12-23 04:30:00+00:00,184.8,0.0,0.0,2024-12-23 04:45:00+00:00,184.8824,3.20398,592.36,181.2339,181.2339,0,2024-12-23 06:45:00+00:00,180.9621,STOP_LOSS,8,-12.56,0.4739,0.4638,1.1659,-13.5,-1.155
722,SOLUSDT,LONG,spot,BREAKOUT_ONLY,2024-12-23 09:30:00+00:00,183.3877,182.6509,1.5279,2024-12-23 09:45:00+00:00,184.87,2024-12-23 09:45:00+00:00,184.87,0.0,0.0,2024-12-23 10:00:00+00:00,184.9524,4.457945,824.51,182.3454,182.3454,0,2024-12-23 13:30:00+00:00,182.0719,STOP_LOSS,14,-12.84,0.6596,0.6493,1.6298,-14.15,-1.218
723,ETHUSDT,LONG,spot,BREAKOUT_ONLY,2024-12-23 17:15:00+00:00,3327.3386,3321.6283,31.0342,2024-12-23 18:00:00+00:00,3344.82,2024-12-23 18:00:00+00:00,3344.82,0.0,0.0,2024-12-23 18:15:00+00:00,3346.5024,0.371654,1243.74,3315.4214,3315.4214,0,2024-12-23 18:30:00+00:00,3310.4483,STOP_LOSS,1,-13.4,0.995,0.9843,2.4674,-15.38,-1.331
724,SOLUSDT,LONG,spot,BREAKOUT_ONLY,2024-12-23 17:15:00+00:00,183.8722,183.2856,1.9292,2024-12-23 18:00:00+00:00,186.02,2024-12-23 18:00:00+00:00,186.02,0.0,0.0,2024-12-23 18:15:00+00:00,186.113,3.594873,669.05,182.8997,190.2514,9,2024-12-23 21:45:00+00:00,189.966,TRAILING_STOP,14,13.85,0.5352,0.5463,1.3589,12.77,1.105
725,ETHUSDT,LONG,spot,BREAKOUT_ONLY,2024-12-23 20:15:00+00:00,3336.0305,3325.1572,23.6438,2024-12-23 20:30:00+00:00,3374.38,2024-12-23 20:30:00+00:00,3374.38,0.0,0.0,2024-12-23 20:45:00+00:00,3376.0572,0.207874,701.8,3320.4285,3417.403,11,2024-12-23 23:45:00+00:00,3412.2769,TRAILING_STOP,12,7.53,0.5614,0.5675,1.4149,6.4,0.553
726,ETHUSDT,LONG,spot,BREAKOUT_ONLY,2024-12-25 20:00:00+00:00,3478.4701,3473.6212,11.1262,2024-12-25 20:15:00+00:00,3485.59,2024-12-25 20:15:00+00:00,3485.59,0.0,0.0,2024-12-25 20:30:00+00:00,3487.3228,0.65693,2290.93,3471.396,3471.396,0,2024-12-25 20:45:00+00:00,3466.1889,STOP_LOSS,1,-13.88,1.8327,1.8216,4.561,-17.54,-1.676
728,SOLUSDT,LONG,spot,BREAKOUT_ONLY,2024-12-25 23:00:00+00:00,197.6626,197.2002,0.9876,2024-12-26 00:00:00+00:00,198.99,2024-12-26 00:00:00+00:00,198.99,0.0,0.0,2024-12-26 00:15:00+00:00,199.0795,5.51808,1098.54,197.0027,197.0027,0,2024-12-26 00:30:00+00:00,196.7072,STOP_LOSS,1,-13.09,0.8788,0.8684,2.1774,-14.84,-1.295
727,ETHUSDT,LONG,spot,BREAKOUT_ONLY,2024-12-25 23:15:00+00:00,3476.7044,3473.6507,12.8311,2024-12-25 23:30:00+00:00,3495.39,2024-12-25 23:30:00+00:00,3495.39,0.0,0.0,2024-12-25 23:45:00+00:00,3497.1477,0.440569,1540.74,3471.0845,3471.0845,0,2024-12-26 01:00:00+00:00,3465.8779,STOP_LOSS,5,-13.78,1.2326,1.2216,3.0608,-16.23,-1.413
729,BNBUSDT,LONG,spot,BREAKOUT_ONLY,2024-12-26 01:30:00+00:00,702.624,701.6518,2.2758,2024-12-26 01:45:00+00:00,705.67,2024-12-26 01:45:00+00:00,705.67,0.0,0.0,2024-12-26 02:00:00+00:00,706.0328,2.342212,1653.68,701.1967,707.2634,1,2024-12-26 02:30:00+00:00,706.2025,TRAILING_STOP,2,0.4,1.3229,1.3233,3.308,-2.25,-0.199
730,SOLUSDT,LONG,spot,BREAKOUT_ONLY,2024-12-26 00:45:00+00:00,197.6346,197.2464,1.1811,2024-12-26 02:15:00+00:00,198.75,2024-12-26 02:15:00+00:00,198.75,0.0,0.0,2024-12-26 02:30:00+00:00,198.8394,6.186285,1230.08,197.0102,197.0102,0,2024-12-26 02:45:00+00:00,196.7146,STOP_LOSS,1,-13.14,0.9841,0.9735,2.4404,-15.1,-1.335
731,BNBUSDT,LONG,spot,BREAKOUT_ONLY,2024-12-27 08:30:00+00:00,694.1559,692.8621,3.4532,2024-12-27 08:45:00+00:00,697.89,2024-12-27 08:45:00+00:00,697.89,0.0,0.0,2024-12-27 09:00:00+00:00,698.2389,1.852596,1293.55,692.1715,707.2558,1,2024-12-27 09:30:00+00:00,704.7014,TRAILING_STOP,2,11.97,1.0348,1.0444,2.6051,9.89,0.88
732,ETHUSDT,LONG,spot,BREAKOUT_ONLY,2024-12-27 09:15:00+00:00,3375.5502,3367.496,26.7602,2024-12-27 09:30:00+00:00,3429.98,2024-12-27 09:30:00+00:00,3429.98,0.0,0.0,2024-12-27 09:45:00+00:00,3431.705,0.162304,556.98,3362.1439,3362.1439,0,2024-12-27 14:30:00+00:00,3357.1007,STOP_LOSS,19,-12.11,0.4456,0.4359,1.0958,-12.99,-1.151
733,BTCUSDT,LONG,spot,BREAKOUT_ONLY,2024-12-27 09:30:00+00:00,96321.246,96135.7999,591.5744,2024-12-27 09:45:00+00:00,96774.13,2024-12-27 09:45:00+00:00,96774.13,0.0,0.0,2024-12-27 10:00:00+00:00,96822.5271,0.014003,1355.79,96017.485,96017.485,0,2024-12-27 14:30:00+00:00,95873.4588,STOP_LOSS,18,-13.29,1.0846,1.074,2.6916,-15.45,-1.37
734,BNBUSDT,LONG,spot,BREAKOUT_ONLY,2024-12-28 02:00:00+00:00,694.8713,694.1995,2.385,2024-12-28 02:15:00+00:00,696.39,2024-12-28 02:15:00+00:00,696.39,0.0,0.0,2024-12-28 02:30:00+00:00,696.7482,3.16796,2207.27,693.7225,693.7225,0,2024-12-28 02:45:00+00:00,692.6819,STOP_LOSS,1,-12.88,1.7658,1.7555,4.3952,-16.4,-1.711
735,BNBUSDT,LONG,spot,BREAKOUT_ONLY,2024-12-28 03:00:00+00:00,694.9238,694.4878,2.332,2024-12-28 03:30:00+00:00,696.98,2024-12-28 03:30:00+00:00,696.98,0.0,0.0,2024-12-28 03:45:00+00:00,697.3285,3.142036,2191.03,694.0214,698.2371,3,2024-12-28 10:15:00+00:00,697.1898,TRAILING_STOP,26,-0.44,1.7528,1.7525,4.3814,-3.94,-0.379
736,ETHUSDT,LONG,spot,BREAKOUT_ONLY,2024-12-30 01:45:00+00:00,3379.3227,3373.261,19.5666,2024-12-30 02:00:00+00:00,3410.73,2024-12-30 02:00:00+00:00,3410.73,0.0,0.0,2024-12-30 02:15:00+00:00,3412.4354,0.256364,874.82,3369.3477,3369.3477,0,2024-12-30 10:15:00+00:00,3422.5779,TIME_EXIT_8H,32,2.6,0.6999,0.7019,0.8761,1.2,0.108
737,SOLUSDT,LONG,spot,BREAKOUT_ONLY,2024-12-30 08:15:00+00:00,192.409,192.0992,1.063,2024-12-30 08:30:00+00:00,193.24,2024-12-30 08:30:00+00:00,193.24,0.0,0.0,2024-12-30 08:45:00+00:00,193.3266,7.677137,1484.19,191.8866,191.8866,0,2024-12-30 11:00:00+00:00,191.5988,STOP_LOSS,9,-13.26,1.1874,1.1767,2.9485,-15.63,-1.414
738,SOLUSDT,LONG,spot,BREAKOUT_ONLY,2024-12-30 10:15:00+00:00,192.7238,192.4016,0.9954,2024-12-30 11:15:00+00:00,193.81,2024-12-30 11:15:00+00:00,193.81,0.0,0.0,2024-12-30 11:30:00+00:00,193.9069,6.438541,1248.48,192.2025,192.2025,0,2024-12-30 13:00:00+00:00,191.9142,STOP_LOSS,6,-12.83,0.9988,0.9885,2.4777,-14.82,-1.35
739,BNBUSDT,LONG,spot,BREAKOUT_ONLY,2024-12-30 18:30:00+00:00,699.6469,698.2991,3.2154,2024-12-30 18:45:00+00:00,707.84,2024-12-30 18:45:00+00:00,707.84,0.0,0.0,2024-12-30 19:00:00+00:00,708.1939,1.034348,732.52,697.656,697.656,0,2024-12-30 21:30:00+00:00,696.6095,STOP_LOSS,10,-11.98,0.586,0.5764,1.4471,-13.14,-1.206
740,BTCUSDT,LONG,spot,BREAKOUT_ONLY,2024-12-30 19:15:00+00:00,93608.3227,93394.2217,499.1959,2024-12-30 19:30:00+00:00,94268.68,2024-12-30 19:30:00+00:00,94268.68,0.0,0.0,2024-12-30 19:45:00+00:00,94315.8043,0.010679,1007.16,93294.3825,93294.3825,0,2024-12-30 21:30:00+00:00,93154.441,STOP_LOSS,7,-12.4,0.8057,0.7958,1.9957,-14.0,-1.284
742,ETHUSDT,LONG,spot,BREAKOUT_ONLY,2024-12-31 09:00:00+00:00,3365.1389,3359.0104,14.8292,2024-12-31 09:15:00+00:00,3387.68,2024-12-31 09:15:00+00:00,3387.68,0.0,0.0,2024-12-31 09:30:00+00:00,3389.3738,0.323414,1096.17,3356.0445,3419.56,5,2024-12-31 15:00:00+00:00,3414.4307,TRAILING_STOP,22,8.1,0.8769,0.8834,2.2045,6.34,0.588
741,BNBUSDT,LONG,spot,BREAKOUT_ONLY,2024-12-31 08:15:00+00:00,702.6152,702.3055,2.5866,2024-12-31 08:45:00+00:00,703.99,2024-12-31 08:45:00+00:00,703.99,0.0,0.0,2024-12-31 09:00:00+00:00,704.352,3.025898,2131.3,701.7882,710.2069,20,2024-12-31 16:00:00+00:00,709.1416,TRAILING_STOP,28,14.49,1.705,1.7166,4.2843,11.07,1.427
743,BNBUSDT,LONG,spot,BREAKOUT_ONLY,2025-01-01 01:15:00+00:00,704.9705,704.6969,2.1478,2025-01-01 01:30:00+00:00,709.99,2025-01-01 01:30:00+00:00,709.99,0.0,0.0,2025-01-01 01:45:00+00:00,710.345,1.785427,1268.27,704.2673,704.2673,0,2025-01-01 07:15:00+00:00,703.2109,STOP_LOSS,22,-12.74,1.0146,1.0044,2.5174,-14.76,-1.36
745,BTCUSDT,LONG,spot,BREAKOUT_ONLY,2025-01-01 14:15:00+00:00,93758.3015,93706.3906,270.0322,2025-01-01 14:30:00+00:00,93976.51,2025-01-01 14:30:00+00:00,93976.51,0.0,0.0,2025-01-01 14:45:00+00:00,94023.5083,0.022678,2132.28,93652.3841,93993.1318,4,2025-01-01 16:45:00+00:00,93852.1421,TRAILING_STOP,8,-3.89,1.7058,1.7027,4.2587,-7.29,-0.867
744,BNBUSDT,LONG,spot,BREAKOUT_ONLY,2025-01-01 10:30:00+00:00,705.02,704.3576,2.2622,2025-01-01 10:45:00+00:00,707.23,2025-01-01 10:45:00+00:00,707.23,0.0,0.0,2025-01-01 11:00:00+00:00,707.5736,2.93789,2078.77,703.9052,703.9052,0,2025-01-01 17:00:00+00:00,702.8493,STOP_LOSS,24,-13.88,1.663,1.6519,4.1367,-17.19,-1.595
746,SOLUSDT,LONG,spot,BREAKOUT_ONLY,2025-01-01 19:00:00+00:00,191.1533,190.7844,0.9733,2025-01-01 19:15:00+00:00,192.37,2025-01-01 19:15:00+00:00,192.37,0.0,0.0,2025-01-01 19:30:00+00:00,192.4562,5.708685,1098.67,190.5897,193.8384,10,2025-01-02 00:00:00+00:00,193.5476,TRAILING_STOP,18,6.23,0.8789,0.8839,2.2067,4.47,0.419
747,BNBUSDT,LONG,spot,BREAKOUT_ONLY,2025-01-01 18:45:00+00:00,706.0554,705.8151,1.439,2025-01-01 19:45:00+00:00,707.85,2025-01-01 19:45:00+00:00,707.85,0.0,0.0,2025-01-01 20:00:00+00:00,708.2039,2.977694,2108.81,705.5273,705.5273,0,2025-01-02 00:00:00+00:00,704.469,STOP_LOSS,16,-11.12,1.6871,1.6782,4.2009,-14.49,-1.818
748,BNBUSDT,LONG,spot,BREAKOUT_ONLY,2025-01-02 05:30:00+00:00,705.3797,704.7408,2.1658,2025-01-02 05:45:00+00:00,706.49,2025-01-02 05:45:00+00:00,706.49,0.0,0.0,2025-01-02 06:00:00+00:00,706.8533,2.970583,2099.77,704.3076,704.3076,0,2025-01-02 06:15:00+00:00,703.2512,STOP_LOSS,1,-10.7,1.6798,1.6713,4.1835,-14.05,-1.858
749,BNBUSDT,LONG,spot,BREAKOUT_ONLY,2025-01-02 07:15:00+00:00,705.4164,705.1973,1.935,2025-01-02 07:30:00+00:00,706.77,2025-01-02 07:30:00+00:00,706.77,0.0,0.0,2025-01-02 07:45:00+00:00,707.1234,2.949775,2085.86,704.8103,711.7772,6,2025-01-02 11:00:00+00:00,710.7095,TRAILING_STOP,13,10.58,1.6687,1.6771,4.1876,7.23,1.06
750,BNBUSDT,LONG,spot,BREAKOUT_ONLY,2025-01-03 14:00:00+00:00,704.6973,703.9479,1.882,2025-01-03 14:15:00+00:00,708.0,2025-01-03 14:15:00+00:00,708.0,0.0,0.0,2025-01-03 14:30:00+00:00,708.354,2.210303,1565.68,703.5715,710.7745,1,2025-01-03 17:00:00+00:00,709.7084,TRAILING_STOP,10,2.99,1.2525,1.2549,3.1358,0.49,0.046
751,BTCUSDT,LONG,spot,BREAKOUT_ONLY,2025-01-03 14:30:00+00:00,96731.1374,96587.5958,309.9545,2025-01-03 14:45:00+00:00,97016.01,2025-01-03 14:45:00+00:00,97016.01,0.0,0.0,2025-01-03 15:00:00+00:00,97064.508,0.019605,1902.92,96525.6049,98391.4081,16,2025-01-03 20:00:00+00:00,98243.8209,TRAILING_STOP,20,23.12,1.5223,1.5408,3.8405,20.06,1.898
752,BNBUSDT,LONG,spot,BREAKOUT_ONLY,2025-01-04 21:30:00+00:00,713.4356,712.7796,1.3636,2025-01-04 22:45:00+00:00,714.65,2025-01-04 22:45:00+00:00,714.65,0.0,0.0,2025-01-04 23:00:00+00:00,715.0073,2.955708,2113.35,712.5069,712.5069,0,2025-01-05 00:00:00+00:00,711.4381,STOP_LOSS,4,-10.55,1.6907,1.6822,4.2109,-13.92,-1.884
753,ETHUSDT,LONG,spot,BREAKOUT_ONLY,2025-01-05 15:30:00+00:00,3623.7052,3619.9481,10.9315,2025-01-05 15:45:00+00:00,3629.6,2025-01-05 15:45:00+00:00,3629.6,0.0,0.0,2025-01-05 16:00:00+00:00,3631.4148,0.578169,2099.57,3617.7618,3627.8947,1,2025-01-05 17:45:00+00:00,3622.4528,TRAILING_STOP,7,-5.18,1.6797,1.6755,4.1914,-8.54,-1.081
754,ETHUSDT,LONG,spot,BREAKOUT_ONLY,2025-01-05 17:45:00+00:00,3627.3196,3623.8076,10.244,2025-01-05 19:00:00+00:00,3636.64,2025-01-05 19:00:00+00:00,3636.64,0.0,0.0,2025-01-05 19:15:00+00:00,3638.4583,0.574726,2091.12,3621.7588,3638.0408,1,2025-01-05 20:30:00+00:00,3632.5837,TRAILING_STOP,5,-3.38,1.6729,1.6702,4.1772,-6.72,-0.7
755,BTCUSDT,LONG,spot,BREAKOUT_ONLY,2025-01-05 19:30:00+00:00,97963.7434,97913.2252,158.713,2025-01-05 19:45:00+00:00,98079.63,2025-01-05 19:45:00+00:00,98079.63,0.0,0.0,2025-01-05 20:00:00+00:00,98128.6798,0.021293,2089.46,97881.4826,98288.1704,2,2025-01-05 20:45:00+00:00,98140.7382,TRAILING_STOP,3,0.26,1.6716,1.6718,4.1793,-3.09,-0.586
756,BTCUSDT,LONG,spot,BREAKOUT_ONLY,2025-01-05 20:30:00+00:00,98031.8387,97979.781,194.9148,2025-01-05 20:45:00+00:00,98275.71,2025-01-05 20:45:00+00:00,98275.71,0.0,0.0,2025-01-05 21:00:00+00:00,98324.8479,0.021169,2081.41,97940.798,98434.1096,2,2025-01-05 23:15:00+00:00,98286.4585,TRAILING_STOP,9,-0.81,1.6651,1.6645,4.1616,-4.14,-0.51
757,ETHUSDT,LONG,spot,BREAKOUT_ONLY,2025-01-06 01:30:00+00:00,3633.256,3629.2465,12.1124,2025-01-06 01:45:00+00:00,3648.84,2025-01-06 01:45:00+00:00,3648.84,0.0,0.0,2025-01-06 02:00:00+00:00,3650.6544,0.440256,1607.22,3626.8241,3670.3019,13,2025-01-06 06:00:00+00:00,3664.7964,TRAILING_STOP,16,6.23,1.2858,1.2908,3.2238,3.65,0.348
758,BNBUSDT,LONG,spot,BREAKOUT_ONLY,2025-01-06 02:15:00+00:00,709.4857,708.5312,2.0341,2025-01-06 02:30:00+00:00,714.42,2025-01-06 02:30:00+00:00,714.42,0.0,0.0,2025-01-06 02:45:00+00:00,714.7772,1.5786,1128.35,708.1243,708.1243,0,2025-01-06 10:45:00+00:00,718.6305,TIME_EXIT_8H,32,6.08,0.9027,0.9075,1.1314,4.27,0.407
759,SOLUSDT,LONG,spot,BREAKOUT_ONLY,2025-01-06 11:15:00+00:00,214.8427,214.5988,0.7111,2025-01-06 11:30:00+00:00,215.85,2025-01-06 11:30:00+00:00,215.85,0.0,0.0,2025-01-06 11:45:00+00:00,215.9579,7.014558,1514.85,214.4566,216.2153,2,2025-01-06 13:15:00+00:00,215.8909,TRAILING_STOP,6,-0.47,1.2119,1.2115,3.029,-2.89,-0.275
760,ETHUSDT,LONG,spot,BREAKOUT_ONLY,2025-01-06 13:30:00+00:00,3649.3334,3644.7495,11.7837,2025-01-06 14:45:00+00:00,3685.47,2025-01-06 14:45:00+00:00,3685.47,0.0,0.0,2025-01-06 15:00:00+00:00,3687.3227,0.234067,863.08,3642.3927,3699.9896,3,2025-01-06 16:45:00+00:00,3694.4396,TRAILING_STOP,7,1.67,0.6905,0.6918,1.7287,0.28,0.027
762,BNBUSDT,LONG,spot,BREAKOUT_ONLY,2025-01-10 17:45:00+00:00,693.9059,692.8179,3.5631,2025-01-10 18:00:00+00:00,698.4,2025-01-10 18:00:00+00:00,698.4,0.0,0.0,2025-01-10 18:15:00+00:00,698.7592,1.580716,1104.54,692.1052,692.1052,0,2025-01-10 19:00:00+00:00,691.0671,STOP_LOSS,3,-12.16,0.8836,0.8739,2.1908,-13.92,-1.323
761,BTCUSDT,LONG,spot,BREAKOUT_ONLY,2025-01-10 17:45:00+00:00,94175.7165,93991.259,824.5574,2025-01-10 18:00:00+00:00,95424.49,2025-01-10 18:00:00+00:00,95424.49,0.0,0.0,2025-01-10 18:15:00+00:00,95471.9721,0.006392,610.21,93826.3475,93826.3475,0,2025-01-11 02:15:00+00:00,94228.3423,TIME_EXIT_8H,32,-7.95,0.4882,0.4818,0.6062,-8.92,-0.848
763,BNBUSDT,LONG,spot,BREAKOUT_ONLY,2025-01-11 05:45:00+00:00,692.7843,692.6737,1.2067,2025-01-11 06:00:00+00:00,694.34,2025-01-11 06:00:00+00:00,694.34,0.0,0.0,2025-01-11 06:15:00+00:00,694.6872,2.965309,2059.96,692.4324,695.7331,6,2025-01-11 13:30:00+00:00,694.6895,TRAILING_STOP,29,0.01,1.648,1.648,4.1199,-3.29,-0.492
764,BTCUSDT,LONG,spot,BREAKOUT_ONLY,2025-01-11 10:45:00+00:00,94346.6664,94310.3089,125.3373,2025-01-11 11:00:00+00:00,94503.15,2025-01-11 11:00:00+00:00,94503.15,0.0,0.0,2025-01-11 11:15:00+00:00,94550.4016,0.02177,2058.33,94285.2414,94285.2414,0,2025-01-11 17:00:00+00:00,94143.8135,STOP_LOSS,23,-8.85,1.6467,1.6396,4.1034,-12.14,-2.103
765,BTCUSDT,LONG,spot,BREAKOUT_ONLY,2025-01-11 20:45:00+00:00,94367.4979,94347.4085,158.4577,2025-01-11 21:00:00+00:00,94661.61,2025-01-11 21:00:00+00:00,94661.61,0.0,0.0,2025-01-11 21:15:00+00:00,94708.9408,0.021589,2044.69,94315.717,94315.717,0,2025-01-12 01:15:00+00:00,94174.2434,STOP_LOSS,16,-11.54,1.6358,1.6265,4.0721,-14.81,-1.744
767,SOLUSDT,LONG,spot,BREAKOUT_ONLY,2025-01-12 13:45:00+00:00,187.1394,186.9729,0.663,2025-01-12 14:00:00+00:00,188.34,2025-01-12 14:00:00+00:00,188.34,0.0,0.0,2025-01-12 14:15:00+00:00,188.4242,6.473178,1219.7,186.8403,189.2232,3,2025-01-12 16:15:00+00:00,188.9394,TRAILING_STOP,8,3.33,0.9758,0.9784,2.4444,1.38,0.135
768,ETHUSDT,LONG,spot,BREAKOUT_ONLY,2025-01-12 15:45:00+00:00,3268.6338,3266.5338,11.2248,2025-01-12 16:00:00+00:00,3274.33,2025-01-12 16:00:00+00:00,3274.33,0.0,0.0,2025-01-12 16:15:00+00:00,3275.9772,0.619672,2030.03,3264.2889,3280.8083,5,2025-01-12 18:45:00+00:00,3275.8871,TRAILING_STOP,10,-0.06,1.624,1.624,4.06,-3.3,-0.456
769,BNBUSDT,LONG,spot,BREAKOUT_ONLY,2025-01-12 18:15:00+00:00,694.7147,694.2211,1.1123,2025-01-12 18:30:00+00:00,695.51,2025-01-12 18:30:00+00:00,695.51,0.0,0.0,2025-01-12 18:45:00+00:00,695.8578,2.912606,2026.76,693.9986,693.9986,0,2025-01-12 21:15:00+00:00,692.9576,STOP_LOSS,10,-8.45,1.6214,1.6147,4.0408,-11.68,-2.158
766,BTCUSDT,LONG,spot,BREAKOUT_ONLY,2025-01-12 13:45:00+00:00,94390.6383,94371.2536,173.7094,2025-01-12 14:00:00+00:00,94852.53,2025-01-12 14:00:00+00:00,94852.53,0.0,0.0,2025-01-12 14:15:00+00:00,94899.7662,0.018203,1727.42,94336.5117,94336.5117,0,2025-01-12 21:45:00+00:00,94195.0069,STOP_LOSS,30,-12.83,1.3819,1.3717,3.4356,-15.58,-1.52
770,SOLUSDT,LONG,spot,BREAKOUT_ONLY,2025-01-13 00:15:00+00:00,188.493,188.1425,1.0785,2025-01-13 00:30:00+00:00,190.97,2025-01-13 00:30:00+00:00,190.97,0.0,0.0,2025-01-13 00:45:00+00:00,191.0755,3.209837,613.32,187.9268,187.9268,0,2025-01-13 01:30:00+00:00,187.6449,STOP_LOSS,3,-11.01,0.4907,0.4818,1.2101,-11.98,-1.186
771,BTCUSDT,LONG,spot,BREAKOUT_ONLY,2025-01-13 00:30:00+00:00,94636.4149,94581.1608,386.124,2025-01-13 00:45:00+00:00,95325.43,2025-01-13 00:45:00+00:00,95325.43,0.0,0.0,2025-01-13 01:00:00+00:00,95373.0927,0.0116,1106.33,94503.936,94503.936,0,2025-01-13 01:45:00+00:00,94362.1801,STOP_LOSS,3,-11.73,0.8851,0.8757,2.1951,-13.49,-1.338
772,BNBUSDT,LONG,spot,BREAKOUT_ONLY,2025-01-13 00:45:00+00:00,694.4852,694.3623,1.8395,2025-01-13 01:15:00+00:00,695.53,2025-01-13 01:15:00+00:00,695.53,0.0,0.0,2025-01-13 01:30:00+00:00,695.8778,2.857391,1988.4,693.9944,693.9944,0,2025-01-13 01:45:00+00:00,692.1602,STOP_LOSS,1,-10.62,1.5907,1.5822,3.9609,-13.8,-2.564
774,BNBUSDT,LONG,spot,BREAKOUT_ONLY,2025-01-15 14:30:00+00:00,696.1166,695.2171,2.9151,2025-01-15 14:45:00+00:00,704.21,2025-01-15 14:45:00+00:00,704.21,0.0,0.0,2025-01-15 15:00:00+00:00,704.5521,1.001632,705.7,694.6341,710.0669,1,2025-01-15 20:30:00+00:00,709.0018,TRAILING_STOP,22,4.46,0.5646,0.5681,1.4181,3.32,0.335
773,ETHUSDT,LONG,spot,BREAKOUT_ONLY,2025-01-15 13:45:00+00:00,3223.6278,3213.9971,21.5475,2025-01-15 14:00:00+00:00,3290.98,2025-01-15 14:00:00+00:00,3290.98,0.0,0.0,2025-01-15 14:15:00+00:00,3292.6155,0.119506,393.49,3209.6876,3433.7605,8,2025-01-15 21:00:00+00:00,3428.6098,TRAILING_STOP,27,16.25,0.3148,0.3278,0.8114,15.61,1.575
775,BNBUSDT,LONG,spot,BREAKOUT_ONLY,2025-01-16 15:15:00+00:00,709.2363,707.6024,3.9027,2025-01-16 16:15:00+00:00,712.65,2025-01-16 16:15:00+00:00,712.65,0.0,0.0,2025-01-16 16:30:00+00:00,713.0063,1.617766,1153.48,706.8218,706.8218,0,2025-01-17 00:30:00+00:00,710.4846,TIME_EXIT_8H,32,-4.08,0.9228,0.9195,1.1514,-5.92,-0.592
776,BTCUSDT,LONG,spot,BREAKOUT_ONLY,2025-01-16 16:15:00+00:00,99130.4749,98963.8935,637.9952,2025-01-16 17:15:00+00:00,99868.92,2025-01-16 17:15:00+00:00,99868.92,0.0,0.0,2025-01-16 17:30:00+00:00,99918.8545,0.009252,924.45,98836.2944,98836.2944,0,2025-01-17 01:30:00+00:00,101584.6723,TIME_EXIT_8H,32,15.41,0.7396,0.7519,0.9322,13.92,1.39
777,ETHUSDT,LONG,spot,BREAKOUT_ONLY,2025-01-17 02:00:00+00:00,3334.2265,3331.5796,17.1899,2025-01-17 02:15:00+00:00,3390.23,2025-01-17 02:15:00+00:00,3390.23,0.0,0.0,2025-01-17 02:30:00+00:00,3391.9251,0.157487,534.18,3328.1417,3328.1417,0,2025-01-17 10:30:00+00:00,3418.0901,TIME_EXIT_8H,32,4.12,0.4273,0.4306,0.5362,3.26,0.325
778,ETHUSDT,LONG,spot,BREAKOUT_ONLY,2025-01-19 15:15:00+00:00,3283.9395,3266.9863,50.0292,2025-01-19 15:30:00+00:00,3382.51,2025-01-19 15:30:00+00:00,3382.51,0.0,0.0,2025-01-19 15:45:00+00:00,3384.2113,0.07908,267.62,3256.9804,3256.9804,0,2025-01-19 21:15:00+00:00,3252.095,STOP_LOSS,22,-10.45,0.2141,0.2057,0.5196,-10.87,-1.08
779,ETHUSDT,LONG,spot,BREAKOUT_ONLY,2025-01-20 07:00:00+00:00,3305.7155,3290.3658,38.7821,2025-01-20 07:15:00+00:00,3397.39,2025-01-20 07:15:00+00:00,3397.39,0.0,0.0,2025-01-20 07:30:00+00:00,3399.0287,0.085957,292.17,3282.6094,3282.6094,0,2025-01-20 12:15:00+00:00,3277.6855,STOP_LOSS,19,-10.43,0.2337,0.2254,0.5687,-10.89,-1.088
780,BTCUSDT,LONG,spot,BREAKOUT_ONLY,2025-01-20 07:15:00+00:00,103958.9388,103389.5416,1400.9905,2025-01-20 07:30:00+00:00,107948.97,2025-01-20 07:30:00+00:00,107948.97,0.0,0.0,2025-01-20 07:45:00+00:00,108002.9445,0.002043,220.68,103109.3435,103109.3435,0,2025-01-20 15:45:00+00:00,104905.511,TIME_EXIT_8H,32,-6.33,0.1765,0.1715,0.2175,-6.68,-0.668
781,ETHUSDT,LONG,spot,BREAKOUT_ONLY,2025-01-20 16:30:00+00:00,3345.97,3325.5471,41.7646,2025-01-20 16:45:00+00:00,3379.97,2025-01-20 16:45:00+00:00,3379.97,0.0,0.0,2025-01-20 17:00:00+00:00,3381.65,0.153892,520.41,3317.1942,3317.1942,0,2025-01-20 17:15:00+00:00,3312.2184,STOP_LOSS,1,-10.68,0.4163,0.4078,1.0248,-11.51,-1.16
782,ETHUSDT,LONG,spot,BREAKOUT_ONLY,2025-01-21 16:00:00+00:00,3300.5729,3289.7495,27.2937,2025-01-21 16:15:00+00:00,3316.51,2025-01-21 16:15:00+00:00,3316.51,0.0,0.0,2025-01-21 16:30:00+00:00,3318.1582,0.291184,966.19,3284.2907,3323.221,6,2025-01-21 19:15:00+00:00,3318.2361,TRAILING_STOP,11,0.02,0.773,0.773,1.9324,-1.52,-0.154
783,BNBUSDT,LONG,spot,BREAKOUT_ONLY,2025-01-22 19:00:00+00:00,695.208,694.407,2.0856,2025-01-22 20:00:00+00:00,697.6,2025-01-22 20:00:00+00:00,697.6,0.0,0.0,2025-01-22 20:15:00+00:00,697.9488,2.489097,1737.26,693.9899,693.9899,0,2025-01-22 23:00:00+00:00,692.9489,STOP_LOSS,11,-12.45,1.3898,1.3799,3.4559,-15.21,-1.544
785,ETHUSDT,LONG,spot,BREAKOUT_ONLY,2025-01-23 16:30:00+00:00,3246.1392,3234.8322,23.7127,2025-01-23 17:45:00+00:00,3265.85,2025-01-23 17:45:00+00:00,3265.85,0.0,0.0,2025-01-23 18:00:00+00:00,3267.4829,0.261404,854.13,3230.0896,3230.0896,0,2025-01-23 19:00:00+00:00,3225.2445,STOP_LOSS,4,-11.04,0.6833,0.6745,1.6917,-12.4,-1.268
784,BTCUSDT,LONG,spot,BREAKOUT_ONLY,2025-01-23 15:30:00+00:00,103136.6123,102770.5203,1138.5991,2025-01-23 15:45:00+00:00,105263.52,2025-01-23 15:45:00+00:00,105263.52,0.0,0.0,2025-01-23 16:00:00+00:00,105316.1518,0.003526,371.31,102542.8005,102542.8005,0,2025-01-23 21:15:00+00:00,102388.9863,STOP_LOSS,21,-10.32,0.297,0.2888,0.7271,-10.91,-1.115
787,SOLUSDT,LONG,spot,BREAKOUT_ONLY,2025-01-23 23:00:00+00:00,250.3731,249.6622,3.4744,2025-01-23 23:15:00+00:00,253.57,2025-01-23 23:15:00+00:00,253.57,0.0,0.0,2025-01-23 23:30:00+00:00,253.6868,2.050219,520.11,248.9673,248.9673,0,2025-01-24 01:45:00+00:00,248.5939,STOP_LOSS,9,-10.44,0.4161,0.4077,1.0246,-11.27,-1.164
786,ETHUSDT,LONG,spot,BREAKOUT_ONLY,2025-01-23 22:15:00+00:00,3250.8213,3243.1328,33.2378,2025-01-23 22:30:00+00:00,3311.03,2025-01-23 22:30:00+00:00,3311.03,0.0,0.0,2025-01-23 22:45:00+00:00,3312.6855,0.12679,420.02,3236.4852,3376.5863,3,2025-01-24 06:45:00+00:00,3384.7068,TIME_EXIT_8H,32,9.13,0.336,0.3433,0.4246,8.45,0.875
788,SOLUSDT,LONG,spot,BREAKOUT_ONLY,2025-01-24 03:45:00+00:00,251.0729,250.6863,2.5674,2025-01-24 04:00:00+00:00,252.86,2025-01-24 04:00:00+00:00,252.86,0.0,0.0,2025-01-24 04:15:00+00:00,252.9864,3.411153,862.98,250.1728,259.596,11,2025-01-24 07:45:00+00:00,259.2066,TRAILING_STOP,14,21.22,0.6904,0.7074,1.7578,19.82,2.065
789,BNBUSDT,LONG,spot,BREAKOUT_ONLY,2025-01-24 09:00:00+00:00,686.9474,686.3673,1.6833,2025-01-24 09:15:00+00:00,689.25,2025-01-24 09:15:00+00:00,689.25,0.0,0.0,2025-01-24 09:30:00+00:00,689.5946,2.734703,1885.84,686.0306,686.0306,0,2025-01-24 13:45:00+00:00,685.0016,STOP_LOSS,17,-12.56,1.5087,1.4986,3.7528,-15.57,-1.597
790,BTCUSDT,LONG,spot,BREAKOUT_ONLY,2025-01-25 15:45:00+00:00,104722.7341,104663.3856,200.9269,2025-01-25 16:00:00+00:00,104915.4,2025-01-25 16:00:00+00:00,104915.4,0.0,0.0,2025-01-25 16:15:00+00:00,104967.8677,0.018238,1914.39,104623.2002,104623.2002,0,2025-01-25 16:30:00+00:00,104466.2654,STOP_LOSS,1,-9.15,1.5315,1.5242,3.8151,-12.2,-1.941
791,BTCUSDT,LONG,spot,BREAKOUT_ONLY,2025-01-25 16:45:00+00:00,104724.5519,104675.3176,195.8861,2025-01-25 17:45:00+00:00,104899.71,2025-01-25 17:45:00+00:00,104899.71,0.0,0.0,2025-01-25 18:00:00+00:00,104952.1699,0.018126,1902.31,104636.1404,104919.7257,9,2025-01-25 21:00:00+00:00,104762.3461,TRAILING_STOP,12,-3.44,1.5218,1.5191,3.7995,-6.48,-1.132
792,BTCUSDT,LONG,spot,BREAKOUT_ONLY,2025-01-26 03:15:00+00:00,104791.5747,104751.8835,129.7706,2025-01-26 03:30:00+00:00,105084.13,2025-01-26 03:30:00+00:00,105084.13,0.0,0.0,2025-01-26 03:45:00+00:00,105136.6721,0.018033,1895.89,104725.9294,104725.9294,0,2025-01-26 09:30:00+00:00,104568.8405,STOP_LOSS,23,-10.24,1.5167,1.5085,3.7764,-13.26,-1.791
793,SOLUSDT,LONG,spot,BREAKOUT_ONLY,2025-01-26 17:00:00+00:00,255.723,255.3475,1.2704,2025-01-26 18:00:00+00:00,256.37,2025-01-26 18:00:00+00:00,256.37,0.0,0.0,2025-01-26 18:15:00+00:00,256.4982,6.769172,1736.28,255.0934,255.0934,0,2025-01-26 20:30:00+00:00,254.7108,STOP_LOSS,9,-12.1,1.389,1.3793,3.4544,-14.87,-1.564
794,ETHUSDT,LONG,spot,BREAKOUT_ONLY,2025-01-26 18:15:00+00:00,3321.7672,3319.7107,8.1632,2025-01-26 18:30:00+00:00,3342.49,2025-01-26 18:30:00+00:00,3342.49,0.0,0.0,2025-01-26 18:45:00+00:00,3344.1612,0.364621,1219.35,3318.0781,3318.0781,0,2025-01-26 21:00:00+00:00,3313.1009,STOP_LOSS,9,-11.33,0.9755,0.9664,2.4217,-13.27,-1.395
795,BTCUSDT,LONG,spot,BREAKOUT_ONLY,2025-01-29 05:30:00+00:00,101980.0976,101928.4953,217.3355,2025-01-29 05:45:00+00:00,102262.0,2025-01-29 05:45:00+00:00,102262.0,0.0,0.0,2025-01-29 06:00:00+00:00,102313.131,0.01813,1854.91,101885.0282,102573.9413,5,2025-01-29 09:00:00+00:00,102420.0803,TRAILING_STOP,12,1.94,1.4839,1.4855,3.7127,-1.03,-0.133
796,BTCUSDT,LONG,spot,BREAKOUT_ONLY,2025-01-29 17:30:00+00:00,102222.8616,102190.7944,322.4317,2025-01-29 17:45:00+00:00,102406.98,2025-01-29 17:45:00+00:00,102406.98,0.0,0.0,2025-01-29 18:00:00+00:00,102458.1735,0.018094,1853.89,102126.308,102341.6316,2,2025-01-29 19:00:00+00:00,102188.1192,TRAILING_STOP,4,-4.89,1.4831,1.4792,3.7004,-7.85,-1.307
797,BTCUSDT,LONG,spot,BREAKOUT_ONLY,2025-01-29 18:30:00+00:00,102305.3064,102215.7786,341.1294,2025-01-29 18:45:00+00:00,102854.15,2025-01-29 18:45:00+00:00,102854.15,0.0,0.0,2025-01-29 19:00:00+00:00,102905.5671,0.0123,1265.77,102147.5528,102147.5528,0,2025-01-29 19:15:00+00:00,101894.938,STOP_LOSS,1,-12.43,1.0126,1.0027,2.5129,-14.45,-1.549
799,SOLUSDT,LONG,spot,BREAKOUT_ONLY,2025-01-29 20:15:00+00:00,230.7992,229.9356,4.3997,2025-01-29 20:30:00+00:00,234.55,2025-01-29 20:30:00+00:00,234.55,0.0,0.0,2025-01-29 20:45:00+00:00,234.6673,1.651164,387.47,229.0556,229.0556,0,2025-01-29 23:45:00+00:00,228.712,STOP_LOSS,12,-9.83,0.31,0.3021,0.7602,-10.45,-1.127
798,BTCUSDT,LONG,spot,BREAKOUT_ONLY,2025-01-29 19:30:00+00:00,102367.5489,102235.9336,750.7336,2025-01-29 19:45:00+00:00,103583.99,2025-01-29 19:45:00+00:00,103583.99,0.0,0.0,2025-01-29 20:00:00+00:00,103635.792,0.005969,618.58,102085.7868,104648.9638,1,2025-01-30 04:00:00+00:00,104919.524,TIME_EXIT_8H,32,7.66,0.4949,0.501,0.6224,6.67,0.721
800,BNBUSDT,LONG,spot,BREAKOUT_ONLY,2025-01-30 01:15:00+00:00,670.0742,669.2056,2.1167,2025-01-30 01:30:00+00:00,673.15,2025-01-30 01:30:00+00:00,673.15,0.0,0.0,2025-01-30 01:45:00+00:00,673.4866,1.958972,1319.34,668.7822,676.8124,5,2025-01-30 07:00:00+00:00,675.7972,TRAILING_STOP,21,4.53,1.0555,1.0591,2.6455,2.41,0.262
801,BNBUSDT,LONG,spot,BREAKOUT_ONLY,2025-01-31 06:15:00+00:00,677.6944,677.1803,1.1671,2025-01-31 06:30:00+00:00,679.72,2025-01-31 06:30:00+00:00,679.72,0.0,0.0,2025-01-31 06:45:00+00:00,680.0699,2.691582,1830.46,676.9469,676.9469,0,2025-01-31 08:45:00+00:00,675.9315,STOP_LOSS,8,-11.14,1.4644,1.4555,3.6442,-14.06,-1.673
802,BNBUSDT,LONG,spot,BREAKOUT_ONLY,2025-01-31 09:00:00+00:00,677.8861,677.4021,1.2095,2025-01-31 09:30:00+00:00,678.6,2025-01-31 09:30:00+00:00,678.6,0.0,0.0,2025-01-31 09:45:00+00:00,678.9493,2.675525,1816.55,677.1602,682.3405,9,2025-01-31 13:30:00+00:00,681.317,TRAILING_STOP,15,6.33,1.4532,1.4583,3.6426,3.42,0.715
803,BTCUSDT,LONG,spot,BREAKOUT_ONLY,2025-01-31 12:30:00+00:00,104568.4913,104492.1744,218.2156,2025-01-31 12:45:00+00:00,104704.68,2025-01-31 12:45:00+00:00,104704.68,0.0,0.0,2025-01-31 13:00:00+00:00,104757.0423,0.017327,1815.11,104448.5313,104448.5313,0,2025-01-31 14:30:00+00:00,104291.8585,STOP_LOSS,6,-8.06,1.4521,1.4456,3.6181,-10.96,-2.05
804,BTCUSDT,LONG,spot,BREAKOUT_ONLY,2025-01-31 15:00:00+00:00,104611.1285,104579.3802,345.8104,2025-01-31 15:15:00+00:00,105166.25,2025-01-31 15:15:00+00:00,105166.25,0.0,0.0,2025-01-31 15:30:00+00:00,105218.8231,0.012894,1356.7,104510.2181,105095.6386,2,2025-01-31 16:15:00+00:00,104937.9951,TRAILING_STOP,3,-3.62,1.0854,1.0825,2.708,-5.79,-0.634
805,SOLUSDT,LONG,spot,BREAKOUT_ONLY,2025-01-31 15:15:00+00:00,238.5834,237.9634,1.7374,2025-01-31 15:30:00+00:00,239.94,2025-01-31 15:30:00+00:00,239.94,0.0,0.0,2025-01-31 15:45:00+00:00,240.06,3.742582,898.44,237.6159,237.6159,0,2025-01-31 16:15:00+00:00,237.2595,STOP_LOSS,2,-10.48,0.7188,0.7104,1.7812,-11.91,-1.302
806,SOLUSDT,LONG,spot,BREAKOUT_ONLY,2025-02-03 16:15:00+00:00,200.6522,198.8139,4.423,2025-02-03 16:30:00+00:00,208.28,2025-02-03 16:30:00+00:00,208.28,0.0,0.0,2025-02-03 16:45:00+00:00,208.3941,0.864639,180.19,197.9293,197.9293,0,2025-02-04 00:45:00+00:00,215.1924,TIME_EXIT_8H,32,5.88,0.1441,0.1489,0.1831,5.58,0.617
807,SOLUSDT,LONG,spot,BREAKOUT_ONLY,2025-02-04 12:00:00+00:00,208.634,207.8264,1.99,2025-02-04 12:15:00+00:00,210.18,2025-02-04 12:15:00+00:00,210.18,0.0,0.0,2025-02-04 12:30:00+00:00,210.2951,3.166141,665.82,207.4284,211.1229,2,2025-02-04 15:15:00+00:00,210.8063,TRAILING_STOP,11,1.62,0.5327,0.534,1.3341,0.55,0.061
808,BTCUSDT,LONG,spot,BREAKOUT_ONLY,2025-02-04 14:30:00+00:00,99300.5932,99094.0403,555.9763,2025-02-04 14:45:00+00:00,99984.72,2025-02-04 14:45:00+00:00,99984.72,0.0,0.0,2025-02-04 15:00:00+00:00,100034.7124,0.008655,865.77,98982.8451,98982.8451,0,2025-02-04 15:15:00+00:00,98834.3708,STOP_LOSS,1,-10.39,0.6926,0.6843,1.716,-11.77,-1.292
809,BTCUSDT,LONG,spot,BREAKOUT_ONLY,2025-02-04 15:30:00+00:00,99299.3629,99109.8559,702.5376,2025-02-04 16:00:00+00:00,99861.99,2025-02-04 16:00:00+00:00,99861.99,0.0,0.0,2025-02-04 16:15:00+00:00,99911.921,0.00957,956.13,98969.3483,98969.3483,0,2025-02-04 17:00:00+00:00,98820.8943,STOP_LOSS,3,-10.44,0.7649,0.7566,1.8966,-11.96,-1.326
810,BTCUSDT,LONG,spot,BREAKOUT_ONLY,2025-02-04 19:00:00+00:00,99329.3514,99168.483,510.4485,2025-02-04 19:15:00+00:00,100418.01,2025-02-04 19:15:00+00:00,100418.01,0.0,0.0,2025-02-04 19:30:00+00:00,100468.219,0.006392,642.18,99066.3933,99066.3933,0,2025-02-04 19:45:00+00:00,98917.7937,STOP_LOSS,1,-9.91,0.5137,0.5058,1.2695,-10.93,-1.22
811,ETHUSDT,LONG,spot,BREAKOUT_ONLY,2025-02-05 21:45:00+00:00,2765.7538,2763.3034,20.7277,2025-02-05 22:00:00+00:00,2799.41,2025-02-05 22:00:00+00:00,2799.41,0.0,0.0,2025-02-05 22:15:00+00:00,2800.8197,0.213762,598.71,2759.1579,2759.1579,0,2025-02-05 22:30:00+00:00,2755.0191,STOP_LOSS,1,-9.79,0.479,0.4711,1.1827,-10.74,-1.206
812,ETHUSDT,LONG,spot,BREAKOUT_ONLY,2025-02-05 23:45:00+00:00,2770.9766,2764.962,24.3315,2025-02-06 00:00:00+00:00,2792.58,2025-02-06 00:00:00+00:00,2792.58,0.0,0.0,2025-02-06 00:15:00+00:00,2793.9663,0.261347,730.2,2760.0957,2760.0957,0,2025-02-06 01:00:00+00:00,2755.9555,STOP_LOSS,3,-9.93,0.5842,0.5762,1.4455,-11.09,-1.253
813,ETHUSDT,LONG,spot,BREAKOUT_ONLY,2025-02-06 01:00:00+00:00,2774.6283,2766.451,22.0676,2025-02-06 01:15:00+00:00,2794.54,2025-02-06 01:15:00+00:00,2794.54,0.0,0.0,2025-02-06 01:30:00+00:00,2795.9273,0.259563,725.72,2762.0375,2828.9317,13,2025-02-06 07:45:00+00:00,2824.6883,TRAILING_STOP,25,7.47,0.5806,0.5865,1.4626,6.3,0.716
814,BNBUSDT,LONG,spot,BREAKOUT_ONLY,2025-02-06 20:45:00+00:00,577.8286,577.1073,2.9727,2025-02-06 21:00:00+00:00,580.51,2025-02-06 21:00:00+00:00,580.51,0.0,0.0,2025-02-06 21:15:00+00:00,580.8003,2.059017,1195.88,576.5128,576.5128,0,2025-02-06 21:30:00+00:00,575.648,STOP_LOSS,1,-10.61,0.9567,0.9482,2.3758,-12.51,-1.417
815,BNBUSDT,LONG,spot,BREAKOUT_ONLY,2025-02-07 01:45:00+00:00,577.0912,576.6604,2.8843,2025-02-07 02:00:00+00:00,580.84,2025-02-07 02:00:00+00:00,580.84,0.0,0.0,2025-02-07 02:15:00+00:00,581.1304,1.736806,1009.31,576.0835,576.0835,0,2025-02-07 06:15:00+00:00,575.2194,STOP_LOSS,16,-10.27,0.8074,0.7992,2.0032,-11.87,-1.355
816,BNBUSDT,LONG,spot,BREAKOUT_ONLY,2025-02-07 07:30:00+00:00,579.1523,577.9737,2.4324,2025-02-07 07:45:00+00:00,581.65,2025-02-07 07:45:00+00:00,581.65,0.0,0.0,2025-02-07 08:00:00+00:00,581.9308,1.959258,1140.15,577.4873,584.3904,4,2025-02-07 10:45:00+00:00,583.5138,TRAILING_STOP,11,3.1,0.9121,0.9146,2.285,1.27,0.146
817,BNBUSDT,LONG,spot,BREAKOUT_ONLY,2025-02-08 10:15:00+00:00,578.9375,578.5254,1.2555,2025-02-08 10:30:00+00:00,581.0,2025-02-08 10:30:00+00:00,581.0,0.0,0.0,2025-02-08 10:45:00+00:00,581.2905,2.888554,1679.09,578.2743,584.0144,3,2025-02-08 12:45:00+00:00,583.1384,TRAILING_STOP,8,5.34,1.3433,1.3475,3.3662,2.65,0.304
818,SOLUSDT,LONG,spot,BREAKOUT_ONLY,2025-02-08 17:00:00+00:00,194.337,193.8066,1.2046,2025-02-08 17:15:00+00:00,195.42,2025-02-08 17:15:00+00:00,195.42,0.0,0.0,2025-02-08 17:30:00+00:00,195.5177,4.46998,873.96,193.5656,197.8392,12,2025-02-08 22:30:00+00:00,197.5425,TRAILING_STOP,20,9.05,0.6992,0.7064,1.7615,7.65,0.876
819,ETHUSDT,LONG,spot,BREAKOUT_ONLY,2025-02-09 16:45:00+00:00,2650.4294,2648.6225,11.4208,2025-02-09 17:00:00+00:00,2656.52,2025-02-09 17:00:00+00:00,2656.52,0.0,0.0,2025-02-09 17:15:00+00:00,2657.8583,0.652878,1735.26,2646.3383,2646.3383,0,2025-02-09 17:30:00+00:00,2642.3688,STOP_LOSS,1,-10.11,1.3882,1.3801,3.4553,-12.88,-1.713
821,BTCUSDT,LONG,spot,BREAKOUT_ONLY,2025-02-10 00:30:00+00:00,96397.039,96261.8549,442.2769,2025-02-10 00:45:00+00:00,96717.98,2025-02-10 00:45:00+00:00,96717.98,0.0,0.0,2025-02-10 01:00:00+00:00,96766.349,0.014644,1417.09,96173.3995,96173.3995,0,2025-02-10 01:15:00+00:00,96029.1394,STOP_LOSS,1,-10.8,1.1337,1.125,2.818,-13.05,-1.503
820,SOLUSDT,LONG,spot,BREAKOUT_ONLY,2025-02-10 00:15:00+00:00,199.8317,199.4902,2.3458,2025-02-10 00:30:00+00:00,204.28,2025-02-10 00:30:00+00:00,204.28,0.0,0.0,2025-02-10 00:45:00+00:00,204.3921,1.6197,331.05,199.0211,199.0211,0,2025-02-10 01:30:00+00:00,198.7225,STOP_LOSS,3,-9.18,0.2648,0.2575,0.6483,-9.71,-1.116
822,SOLUSDT,LONG,spot,BREAKOUT_ONLY,2025-02-10 03:30:00+00:00,199.9854,199.924,2.2945,2025-02-10 03:45:00+00:00,201.97,2025-02-10 03:45:00+00:00,201.97,0.0,0.0,2025-02-10 04:00:00+00:00,202.071,3.294743,665.77,199.4651,203.4511,8,2025-02-10 10:30:00+00:00,203.146,TRAILING_STOP,26,3.54,0.5326,0.5355,1.3369,2.47,0.288
823,BTCUSDT,LONG,spot,BREAKOUT_ONLY,2025-02-10 04:00:00+00:00,96346.6047,96253.181,455.5511,2025-02-10 04:15:00+00:00,97034.77,2025-02-10 04:15:00+00:00,97034.77,0.0,0.0,2025-02-10 04:30:00+00:00,97083.2874,0.009299,902.78,96162.0707,96162.0707,0,2025-02-10 12:30:00+00:00,97282.8143,TIME_EXIT_8H,32,1.86,0.7222,0.7237,0.9037,0.41,0.048
824,BNBUSDT,LONG,spot,BREAKOUT_ONLY,2025-02-10 18:45:00+00:00,609.604,608.1881,2.9052,2025-02-10 19:00:00+00:00,613.23,2025-02-10 19:00:00+00:00,613.23,0.0,0.0,2025-02-10 19:15:00+00:00,613.5366,1.450378,889.86,607.607,621.0512,3,2025-02-11 00:45:00+00:00,620.1196,TRAILING_STOP,22,9.55,0.7119,0.7195,1.794,8.12,0.944
825,SOLUSDT,LONG,spot,BREAKOUT_ONLY,2025-02-11 04:15:00+00:00,201.9835,201.5863,1.0108,2025-02-11 04:30:00+00:00,203.04,2025-02-11 04:30:00+00:00,203.04,0.0,0.0,2025-02-11 04:45:00+00:00,203.1415,4.916959,998.84,201.3842,204.0875,8,2025-02-11 08:00:00+00:00,203.7814,TRAILING_STOP,13,3.15,0.7991,0.8016,2.0024,1.55,0.179
827,ETHUSDT,LONG,spot,BREAKOUT_ONLY,2025-02-12 17:15:00+00:00,2623.1854,2617.569,26.5951,2025-02-12 17:30:00+00:00,2665.0,2025-02-12 17:30:00+00:00,2665.0,0.0,0.0,2025-02-12 17:45:00+00:00,2666.3425,0.159882,426.3,2612.25,2740.1181,2,2025-02-12 22:45:00+00:00,2736.0079,TRAILING_STOP,20,11.14,0.341,0.35,0.8693,10.45,1.208
826,BTCUSDT,LONG,spot,BREAKOUT_ONLY,2025-02-12 17:15:00+00:00,96114.9031,95949.229,674.284,2025-02-12 17:30:00+00:00,97177.39,2025-02-12 17:30:00+00:00,97177.39,0.0,0.0,2025-02-12 17:45:00+00:00,97225.9787,0.006127,595.67,95814.3722,95814.3722,0,2025-02-13 01:45:00+00:00,97937.1969,TIME_EXIT_8H,32,4.36,0.4765,0.48,0.5978,3.4,0.393
828,BTCUSDT,LONG,spot,BREAKOUT_ONLY,2025-02-13 23:15:00+00:00,96282.0324,96177.1765,223.3408,2025-02-13 23:30:00+00:00,96571.12,2025-02-13 23:30:00+00:00,96571.12,0.0,0.0,2025-02-13 23:45:00+00:00,96619.4056,0.017865,1726.1,96132.5083,96792.8672,3,2025-02-14 04:30:00+00:00,96647.6779,TRAILING_STOP,19,0.51,1.3809,1.3813,3.453,-2.26,-0.259
829,ETHUSDT,LONG,spot,BREAKOUT_ONLY,2025-02-13 23:30:00+00:00,2664.2706,2660.3157,9.7626,2025-02-13 23:45:00+00:00,2675.87,2025-02-13 23:45:00+00:00,2675.87,0.0,0.0,2025-02-14 00:00:00+00:00,2677.2079,0.46212,1237.19,2658.3631,2698.5468,9,2025-02-14 04:45:00+00:00,2694.499,TRAILING_STOP,19,7.99,0.9898,0.9961,2.4864,6.0,0.69
830,BTCUSDT,LONG,spot,BREAKOUT_ONLY,2025-02-14 15:30:00+00:00,96784.4936,96667.0852,375.457,2025-02-14 16:45:00+00:00,97658.7,2025-02-14 16:45:00+00:00,97658.7,0.0,0.0,2025-02-14 17:00:00+00:00,97707.5293,0.007832,765.21,96591.9938,98013.7536,7,2025-02-14 19:30:00+00:00,97866.733,TRAILING_STOP,10,1.25,0.6122,0.6132,1.5323,0.02,0.002
831,BTCUSDT,LONG,spot,BREAKOUT_ONLY,2025-02-15 23:30:00+00:00,97560.7873,97503.5798,126.3457,2025-02-16 00:15:00+00:00,97674.97,2025-02-16 00:15:00+00:00,97674.97,0.0,0.0,2025-02-16 00:30:00+00:00,97723.8075,0.017701,1729.83,97478.3107,97478.3107,0,2025-02-16 02:45:00+00:00,97332.0932,STOP_LOSS,9,-6.93,1.3839,1.3783,3.4493,-9.7,-2.231
832,ETHUSDT,LONG,spot,BREAKOUT_ONLY,2025-02-16 06:00:00+00:00,2700.885,2698.869,7.5416,2025-02-16 06:15:00+00:00,2716.92,2025-02-16 06:15:00+00:00,2716.92,0.0,0.0,2025-02-16 06:30:00+00:00,2718.2785,0.415342,1129.02,2697.3607,2697.3607,0,2025-02-16 07:15:00+00:00,2693.3146,STOP_LOSS,3,-10.37,0.9032,0.8949,2.2425,-12.17,-1.4
833,ETHUSDT,LONG,spot,BREAKOUT_ONLY,2025-02-16 09:45:00+00:00,2700.9458,2699.8422,7.4763,2025-02-16 10:00:00+00:00,2707.54,2025-02-16 10:00:00+00:00,2707.54,0.0,0.0,2025-02-16 10:15:00+00:00,2708.8938,0.630585,1708.19,2698.347,2698.347,0,2025-02-16 10:45:00+00:00,2694.2995,STOP_LOSS,2,-9.2,1.3666,1.3592,3.4026,-11.93,-1.794
834,ETHUSDT,LONG,spot,BREAKOUT_ONLY,2025-02-16 11:00:00+00:00,2701.2214,2700.3233,7.3113,2025-02-16 11:15:00+00:00,2709.41,2025-02-16 11:15:00+00:00,2709.41,0.0,0.0,2025-02-16 11:30:00+00:00,2710.7547,0.625796,1696.38,2698.8611,2698.8611,0,2025-02-16 13:30:00+00:00,2694.8128,STOP_LOSS,8,-9.98,1.3571,1.3491,3.3778,-12.68,-1.704
835,BNBUSDT,LONG,spot,BREAKOUT_ONLY,2025-02-16 11:00:00+00:00,661.047,660.298,3.4915,2025-02-16 11:15:00+00:00,667.01,2025-02-16 11:15:00+00:00,667.01,0.0,0.0,2025-02-16 11:30:00+00:00,667.3435,1.106371,738.33,659.5997,675.7009,5,2025-02-16 16:15:00+00:00,674.6873,TRAILING_STOP,19,8.12,0.5907,0.5972,1.4888,6.94,0.81
836,ETHUSDT,LONG,spot,BREAKOUT_ONLY,2025-02-17 08:30:00+00:00,2682.9989,2678.7484,13.829,2025-02-17 08:45:00+00:00,2714.6,2025-02-17 08:45:00+00:00,2714.6,0.0,0.0,2025-02-17 09:00:00+00:00,2715.9473,0.213659,580.29,2675.9826,2811.7893,16,2025-02-17 15:30:00+00:00,2807.5716,TRAILING_STOP,26,19.58,0.4642,0.4799,1.1899,18.63,2.182
837,BNBUSDT,LONG,spot,BREAKOUT_ONLY,2025-02-17 12:15:00+00:00,671.3849,670.7009,2.8981,2025-02-17 12:30:00+00:00,673.25,2025-02-17 12:30:00+00:00,673.25,0.0,0.0,2025-02-17 12:45:00+00:00,673.5866,2.478924,1669.77,670.1213,676.6794,6,2025-02-17 15:30:00+00:00,675.6644,TRAILING_STOP,11,5.15,1.3358,1.3399,3.3473,2.47,0.288
838,SOLUSDT,LONG,spot,BREAKOUT_ONLY,2025-02-20 03:30:00+00:00,169.797,169.5033,1.1981,2025-02-20 03:45:00+00:00,172.44,2025-02-20 03:45:00+00:00,172.44,0.0,0.0,2025-02-20 04:00:00+00:00,172.5162,2.657698,458.5,169.2636,169.2636,0,2025-02-20 12:00:00+00:00,174.6826,TIME_EXIT_8H,32,5.76,0.3668,0.3714,0.4614,5.02,0.581
839,ETHUSDT,LONG,spot,BREAKOUT_ONLY,2025-02-20 17:00:00+00:00,2732.3073,2726.6673,14.4356,2025-02-20 18:00:00+00:00,2748.96,2025-02-20 18:00:00+00:00,2748.96,0.0,0.0,2025-02-20 18:15:00+00:00,2750.3245,0.326604,898.27,2723.7802,2723.7802,0,2025-02-20 21:45:00+00:00,2719.6945,STOP_LOSS,14,-10.0,0.7186,0.7106,1.7815,-11.43,-1.319
840,BNBUSDT,LONG,spot,BREAKOUT_ONLY,2025-02-20 17:45:00+00:00,650.8662,650.3937,2.3738,2025-02-20 18:00:00+00:00,654.79,2025-02-20 18:00:00+00:00,654.79,0.0,0.0,2025-02-20 18:15:00+00:00,655.1174,1.6677,1092.54,649.9189,649.9189,0,2025-02-21 02:15:00+00:00,651.5641,TIME_EXIT_8H,32,-5.93,0.874,0.8693,1.0896,-7.67,-0.885
841,BNBUSDT,LONG,spot,BREAKOUT_ONLY,2025-02-21 07:00:00+00:00,652.9616,652.676,1.1123,2025-02-21 07:15:00+00:00,654.13,2025-02-21 07:15:00+00:00,654.13,0.0,0.0,2025-02-21 07:30:00+00:00,654.4571,2.593974,1697.64,652.4535,657.9813,3,2025-02-21 09:30:00+00:00,656.6735,TRAILING_STOP,8,5.75,1.3581,1.3627,3.4039,3.03,0.583
842,SOLUSDT,LONG,spot,BREAKOUT_ONLY,2025-03-01 23:00:00+00:00,141.5477,141.2999,0.9143,2025-03-01 23:15:00+00:00,142.47,2025-03-01 23:15:00+00:00,142.47,0.0,0.0,2025-03-01 23:30:00+00:00,142.5312,6.073484,865.66,141.117,143.8052,4,2025-03-02 01:30:00+00:00,143.5895,TRAILING_STOP,8,6.43,0.6925,0.6977,1.741,5.04,0.586
843,BTCUSDT,LONG,spot,BREAKOUT_ONLY,2025-03-02 15:45:00+00:00,86093.9748,85701.4269,852.0022,2025-03-02 16:00:00+00:00,88147.51,2025-03-02 16:00:00+00:00,88147.51,0.0,0.0,2025-03-02 16:15:00+00:00,88191.5838,0.003238,285.54,85531.0264,92510.9497,7,2025-03-02 18:30:00+00:00,92372.1833,TRAILING_STOP,9,13.54,0.2284,0.2393,0.5914,13.07,1.517
844,ETHUSDT,LONG,spot,BREAKOUT_ONLY,2025-03-02 15:45:00+00:00,2222.8126,2220.4628,25.473,2025-03-02 16:00:00+00:00,2238.38,2025-03-02 16:00:00+00:00,2238.38,0.0,0.0,2025-03-02 16:15:00+00:00,2239.4992,0.35698,799.46,2215.3682,2507.6771,26,2025-03-03 00:00:00+00:00,2503.9156,TRAILING_STOP,31,94.39,0.6396,0.7151,1.7405,93.04,10.8
846,SOLUSDT,LONG,spot,BREAKOUT_ONLY,2025-03-05 19:30:00+00:00,143.7451,143.5749,1.4705,2025-03-05 19:45:00+00:00,144.77,2025-03-05 19:45:00+00:00,144.77,0.0,0.0,2025-03-05 20:00:00+00:00,144.8524,5.821294,843.23,143.2808,145.2028,7,2025-03-06 00:15:00+00:00,144.985,TRAILING_STOP,17,0.77,0.6746,0.6752,1.6876,-0.58,-0.063
845,ETHUSDT,LONG,spot,BREAKOUT_ONLY,2025-03-05 18:15:00+00:00,2195.8851,2186.6644,19.9916,2025-03-05 19:00:00+00:00,2217.71,2025-03-05 19:00:00+00:00,2217.71,0.0,0.0,2025-03-05 19:15:00+00:00,2218.8088,0.253019,561.4,2182.6661,2263.3556,5,2025-03-06 03:15:00+00:00,2279.6596,TIME_EXIT_8H,32,15.4,0.4491,0.4614,0.5691,14.49,1.584
847,BTCUSDT,LONG,spot,BREAKOUT_ONLY,2025-03-06 23:30:00+00:00,89920.032,89744.2227,547.7297,2025-03-07 00:00:00+00:00,90218.0,2025-03-07 00:00:00+00:00,90218.0,0.0,0.0,2025-03-07 00:15:00+00:00,90263.109,0.014662,1323.48,89634.6767,89634.6767,0,2025-03-07 00:30:00+00:00,86906.9238,STOP_LOSS,1,-49.21,1.0588,1.0194,2.5731,-51.29,-5.566
848,BNBUSDT,LONG,spot,BREAKOUT_ONLY,2025-03-07 05:45:00+00:00,596.4107,595.822,2.3543,2025-03-07 06:00:00+00:00,600.77,2025-03-07 06:00:00+00:00,600.77,0.0,0.0,2025-03-07 06:15:00+00:00,601.0604,1.569021,943.08,595.3511,595.3511,0,2025-03-07 14:15:00+00:00,600.1298,TIME_EXIT_8H,32,-1.46,0.7545,0.7533,0.9423,-2.97,-0.331
849,BTCUSDT,LONG,spot,BREAKOUT_ONLY,2025-03-07 13:30:00+00:00,89055.6996,88794.4457,592.7218,2025-03-07 14:00:00+00:00,89404.17,2025-03-07 14:00:00+00:00,89404.17,0.0,0.0,2025-03-07 14:15:00+00:00,89448.8621,0.01157,1034.91,88675.9014,88675.9014,0,2025-03-07 14:30:00+00:00,88542.8875,STOP_LOSS,1,-10.48,0.8279,0.8195,2.0541,-12.13,-1.356
850,BTCUSDT,LONG,spot,BREAKOUT_ONLY,2025-03-07 14:45:00+00:00,89299.8168,88947.1515,874.8695,2025-03-07 15:00:00+00:00,90022.06,2025-03-07 15:00:00+00:00,90022.06,0.0,0.0,2025-03-07 15:15:00+00:00,90067.061,0.00686,617.83,88772.1776,88772.1776,0,2025-03-07 15:30:00+00:00,88639.0193,STOP_LOSS,1,-9.8,0.4943,0.4864,1.221,-10.78,-1.213
851,SOLUSDT,LONG,spot,BREAKOUT_ONLY,2025-03-07 14:45:00+00:00,144.044,143.6525,1.9799,2025-03-07 15:00:00+00:00,146.86,2025-03-07 15:00:00+00:00,146.86,0.0,0.0,2025-03-07 15:15:00+00:00,146.9234,2.422336,355.9,143.2565,143.2565,0,2025-03-07 15:30:00+00:00,143.0417,STOP_LOSS,1,-9.4,0.2847,0.2772,0.6977,-9.96,-1.122
852,SOLUSDT,LONG,spot,BREAKOUT_ONLY,2025-03-07 18:30:00+00:00,144.1951,143.889,1.8212,2025-03-07 18:45:00+00:00,149.63,2025-03-07 18:45:00+00:00,149.63,0.0,0.0,2025-03-07 19:00:00+00:00,149.7148,1.418197,212.33,143.5248,143.5248,0,2025-03-07 20:45:00+00:00,143.3095,STOP_LOSS,7,-9.08,0.1699,0.1626,0.411,-9.42,-1.073
853,BNBUSDT,LONG,spot,BREAKOUT_ONLY,2025-03-08 13:45:00+00:00,597.0105,596.5188,1.723,2025-03-08 14:00:00+00:00,598.57,2025-03-08 14:00:00+00:00,598.57,0.0,0.0,2025-03-08 14:15:00+00:00,598.8693,2.886881,1728.86,596.1742,596.1742,0,2025-03-08 16:15:00+00:00,595.2799,STOP_LOSS,8,-10.36,1.3831,1.3748,3.4422,-13.12,-1.686
854,BNBUSDT,LONG,spot,BREAKOUT_ONLY,2025-03-08 16:00:00+00:00,597.6672,597.1301,1.3745,2025-03-08 16:45:00+00:00,599.12,2025-03-08 16:45:00+00:00,599.12,0.0,0.0,2025-03-08 17:00:00+00:00,599.4196,2.862562,1715.88,596.8552,599.46,6,2025-03-08 19:00:00+00:00,598.5608,TRAILING_STOP,8,-2.46,1.3727,1.3707,3.4281,-5.2,-0.709
856,SOLUSDT,LONG,spot,BREAKOUT_ONLY,2025-03-12 11:30:00+00:00,124.4241,124.1315,0.9116,2025-03-12 11:45:00+00:00,126.76,2025-03-12 11:45:00+00:00,126.76,0.0,0.0,2025-03-12 12:00:00+00:00,126.8334,3.002463,380.81,123.9492,128.5155,2,2025-03-12 13:00:00+00:00,128.3227,TRAILING_STOP,4,4.47,0.3047,0.3082,0.7683,3.86,0.446
855,BNBUSDT,LONG,spot,BREAKOUT_ONLY,2025-03-12 07:30:00+00:00,551.8626,550.9164,2.4684,2025-03-12 07:45:00+00:00,555.81,2025-03-12 07:45:00+00:00,555.81,0.0,0.0,2025-03-12 08:00:00+00:00,556.0779,1.527796,849.57,550.4227,559.8604,1,2025-03-12 13:15:00+00:00,559.0206,TRAILING_STOP,21,4.5,0.6797,0.6833,1.7059,3.13,0.363
857,BNBUSDT,LONG,spot,BREAKOUT_ONLY,2025-03-12 16:30:00+00:00,556.0468,554.1062,4.7228,2025-03-12 17:00:00+00:00,560.28,2025-03-12 17:00:00+00:00,560.28,0.0,0.0,2025-03-12 17:15:00+00:00,560.5601,1.172531,657.27,553.1616,570.7702,13,2025-03-12 23:15:00+00:00,569.914,TRAILING_STOP,24,10.97,0.5258,0.5346,1.331,9.91,1.142
858,BTCUSDT,LONG,spot,BREAKOUT_ONLY,2025-03-12 17:15:00+00:00,82335.9703,82186.8142,584.787,2025-03-12 18:30:00+00:00,82705.34,2025-03-12 18:30:00+00:00,82705.34,0.0,0.0,2025-03-12 18:45:00+00:00,82746.7027,0.012827,1061.41,82069.8568,83404.9915,9,2025-03-13 01:00:00+00:00,83279.884,TRAILING_STOP,25,6.84,0.8491,0.8546,2.1331,5.14,0.592
859,SOLUSDT,LONG,spot,BREAKOUT_ONLY,2025-03-13 09:30:00+00:00,124.9156,124.8196,0.7438,2025-03-13 09:45:00+00:00,127.66,2025-03-13 09:45:00+00:00,127.66,0.0,0.0,2025-03-13 10:00:00+00:00,127.7238,2.866121,366.07,124.6709,124.6709,0,2025-03-13 13:45:00+00:00,124.4838,STOP_LOSS,15,-9.29,0.2929,0.2854,0.7182,-9.86,-1.127
860,SOLUSDT,LONG,spot,BREAKOUT_ONLY,2025-03-14 02:30:00+00:00,124.0745,123.7668,0.7078,2025-03-14 02:45:00+00:00,125.22,2025-03-14 02:45:00+00:00,125.22,0.0,0.0,2025-03-14 03:00:00+00:00,125.2826,5.249663,657.69,123.6252,123.6252,0,2025-03-14 11:00:00+00:00,125.7271,TIME_EXIT_8H,32,2.33,0.5262,0.528,0.6589,1.28,0.147
861,BNBUSDT,LONG,spot,BREAKOUT_ONLY,2025-03-14 14:15:00+00:00,580.1749,579.0191,2.5276,2025-03-14 14:30:00+00:00,584.31,2025-03-14 14:30:00+00:00,584.31,0.0,0.0,2025-03-14 14:45:00+00:00,584.6122,1.427768,834.69,578.5136,578.5136,0,2025-03-14 22:45:00+00:00,587.696,TIME_EXIT_8H,32,4.4,0.6678,0.6713,0.8369,3.06,0.352
862,BTCUSDT,LONG,spot,BREAKOUT_ONLY,2025-03-16 03:15:00+00:00,84203.2664,84127.5661,154.6685,2025-03-16 03:45:00+00:00,84332.34,2025-03-16 03:45:00+00:00,84332.34,0.0,0.0,2025-03-16 04:00:00+00:00,84374.5162,0.020469,1727.07,84096.6324,84096.6324,0,2025-03-16 07:00:00+00:00,83970.4874,STOP_LOSS,12,-8.27,1.3817,1.375,3.4417,-11.03,-1.939
863,BNBUSDT,LONG,spot,BREAKOUT_ONLY,2025-03-16 17:30:00+00:00,603.6082,602.2862,2.8966,2025-03-16 18:15:00+00:00,605.2,2025-03-16 18:15:00+00:00,605.2,0.0,0.0,2025-03-16 18:30:00+00:00,605.4226,2.332657,1412.24,601.7069,601.7069,0,2025-03-16 18:45:00+00:00,600.8043,STOP_LOSS,1,-10.77,1.1298,1.1212,2.8083,-13.02,-1.503
864,BNBUSDT,LONG,spot,BREAKOUT_ONLY,2025-03-17 00:45:00+00:00,603.2665,602.8027,2.1924,2025-03-17 01:00:00+00:00,611.3,2025-03-17 01:00:00+00:00,611.3,0.0,0.0,2025-03-17 01:15:00+00:00,611.6056,0.930842,569.31,602.3642,626.526,7,2025-03-17 04:30:00+00:00,625.5862,TRAILING_STOP,13,13.01,0.4554,0.4659,1.1581,12.09,1.406
865,BTCUSDT,LONG,spot,BREAKOUT_ONLY,2025-03-17 08:30:00+00:00,83381.5177,83290.1262,231.3396,2025-03-17 08:45:00+00:00,83547.17,2025-03-17 08:45:00+00:00,83547.17,0.0,0.0,2025-03-17 09:00:00+00:00,83588.9336,0.02052,1715.24,83243.8582,83243.8582,0,2025-03-17 11:00:00+00:00,83118.9925,STOP_LOSS,8,-9.64,1.3722,1.3645,3.416,-12.38,-1.748
866,ETHUSDT,LONG,spot,BREAKOUT_ONLY,2025-03-17 09:45:00+00:00,1902.4251,1900.3381,6.0241,2025-03-17 10:00:00+00:00,1908.12,2025-03-17 10:00:00+00:00,1908.12,0.0,0.0,2025-03-17 10:15:00+00:00,1909.0641,0.870417,1661.68,1899.1333,1907.2977,1,2025-03-17 12:15:00+00:00,1904.4368,TRAILING_STOP,8,-4.03,1.3293,1.3261,3.3173,-6.68,-0.773
868,BTCUSDT,LONG,spot,BREAKOUT_ONLY,2025-03-17 16:00:00+00:00,83353.9678,83295.2776,443.7743,2025-03-17 16:15:00+00:00,83620.91,2025-03-17 16:15:00+00:00,83620.91,0.0,0.0,2025-03-17 16:30:00+00:00,83662.7205,0.018744,1568.17,83206.5227,83206.5227,0,2025-03-17 16:45:00+00:00,83081.7129,STOP_LOSS,1,-10.89,1.2545,1.2458,3.12,-13.39,-1.566
867,ETHUSDT,LONG,spot,BREAKOUT_ONLY,2025-03-17 15:15:00+00:00,1905.3326,1904.0122,12.6754,2025-03-17 15:30:00+00:00,1912.07,2025-03-17 15:30:00+00:00,1912.07,0.0,0.0,2025-03-17 15:45:00+00:00,1913.026,0.741843,1419.17,1901.4771,1936.5768,15,2025-03-17 20:15:00+00:00,1933.6719,TRAILING_STOP,18,15.32,1.1353,1.1476,2.8613,13.03,1.521
869,BTCUSDT,LONG,spot,BREAKOUT_ONLY,2025-03-17 17:00:00+00:00,83372.2324,83334.0135,434.3838,2025-03-17 17:15:00+00:00,83925.09,2025-03-17 17:15:00+00:00,83925.09,0.0,0.0,2025-03-17 17:30:00+00:00,83967.0525,0.011899,999.12,83247.1368,84135.218,2,2025-03-17 20:15:00+00:00,84009.0152,TRAILING_STOP,11,0.5,0.7993,0.7997,1.999,-1.1,-0.128
870,BNBUSDT,LONG,spot,BREAKOUT_ONLY,2025-03-18 15:00:00+00:00,631.102,629.6353,3.2845,2025-03-18 16:15:00+00:00,634.17,2025-03-18 16:15:00+00:00,634.17,0.0,0.0,2025-03-18 16:30:00+00:00,634.4971,1.551127,984.19,628.9784,628.9784,0,2025-03-18 21:00:00+00:00,628.0349,STOP_LOSS,18,-10.02,0.7873,0.7793,1.9533,-11.59,-1.354
871,BNBUSDT,LONG,spot,BREAKOUT_ONLY,2025-03-20 18:15:00+00:00,624.4689,623.2957,2.4824,2025-03-20 19:15:00+00:00,625.94,2025-03-20 19:15:00+00:00,625.94,0.0,0.0,2025-03-20 19:30:00+00:00,626.243,2.468885,1546.12,622.7992,629.373,3,2025-03-20 23:00:00+00:00,628.4289,TRAILING_STOP,14,5.4,1.2369,1.2412,3.1003,2.92,0.343
872,ETHUSDT,LONG,spot,BREAKOUT_ONLY,2025-03-22 01:00:00+00:00,1972.6459,1969.9238,6.0222,2025-03-22 01:15:00+00:00,1980.67,2025-03-22 01:15:00+00:00,1980.67,0.0,0.0,2025-03-22 01:30:00+00:00,1981.6703,0.657623,1303.19,1968.7194,1992.0674,2,2025-03-22 09:30:00+00:00,2001.7286,TIME_EXIT_8H,32,13.19,1.0426,1.0531,1.3098,11.1,1.303
874,SOLUSDT,LONG,spot,BREAKOUT_ONLY,2025-03-23 02:45:00+00:00,129.1768,129.1241,0.3829,2025-03-23 03:00:00+00:00,129.76,2025-03-23 03:00:00+00:00,129.76,0.0,0.0,2025-03-23 03:15:00+00:00,129.8149,11.220692,1456.61,129.0475,130.0553,3,2025-03-23 04:30:00+00:00,129.8602,TRAILING_STOP,5,0.51,1.1653,1.1657,2.914,-1.82,-0.212
873,ETHUSDT,LONG,spot,BREAKOUT_ONLY,2025-03-23 00:45:00+00:00,1988.0817,1986.0833,4.4435,2025-03-23 01:15:00+00:00,1991.26,2025-03-23 01:15:00+00:00,1991.26,0.0,0.0,2025-03-23 01:30:00+00:00,1992.2556,0.851959,1697.32,1985.1946,1999.1748,7,2025-03-23 05:00:00+00:00,1996.176,TRAILING_STOP,14,3.34,1.3579,1.3605,3.3996,0.62,0.103
875,ETHUSDT,LONG,spot,BREAKOUT_ONLY,2025-03-24 00:15:00+00:00,1998.6851,1997.0258,7.7305,2025-03-24 00:30:00+00:00,2007.93,2025-03-24 00:30:00+00:00,2007.93,0.0,0.0,2025-03-24 00:45:00+00:00,2008.934,0.636697,1279.08,1995.4797,1995.4797,0,2025-03-24 01:00:00+00:00,1992.4864,STOP_LOSS,1,-10.47,1.0233,1.0149,2.5425,-12.51,-1.46
877,BNBUSDT,LONG,spot,BREAKOUT_ONLY,2025-03-24 05:30:00+00:00,623.6162,623.1531,1.6029,2025-03-24 05:45:00+00:00,625.12,2025-03-24 05:45:00+00:00,625.12,0.0,0.0,2025-03-24 06:00:00+00:00,625.4426,2.691044,1683.09,622.8325,622.8325,0,2025-03-24 07:00:00+00:00,621.8983,STOP_LOSS,4,-9.54,1.3465,1.3388,3.3519,-12.22,-1.74
876,ETHUSDT,LONG,spot,BREAKOUT_ONLY,2025-03-24 03:30:00+00:00,1997.7065,1996.5229,9.2116,2025-03-24 03:45:00+00:00,2014.48,2025-03-24 03:45:00+00:00,2014.48,0.0,0.0,2025-03-24 04:00:00+00:00,2015.4972,0.408507,823.34,1994.6805,2087.7206,26,2025-03-24 12:00:00+00:00,2084.589,TRAILING_STOP,32,28.22,0.6587,0.6813,1.689,26.88,3.161
878,BNBUSDT,LONG,spot,BREAKOUT_ONLY,2025-03-24 08:45:00+00:00,624.0013,623.5302,1.7432,2025-03-24 09:00:00+00:00,627.52,2025-03-24 09:00:00+00:00,627.52,0.0,0.0,2025-03-24 09:15:00+00:00,627.8338,1.846084,1159.03,623.1816,632.8267,4,2025-03-24 17:15:00+00:00,638.4806,TIME_EXIT_8H,32,19.65,0.9272,0.943,1.1689,17.78,2.071
879,ETHUSDT,LONG,spot,BREAKOUT_ONLY,2025-03-25 10:15:00+00:00,2063.3132,2061.2503,6.8369,2025-03-25 10:30:00+00:00,2075.08,2025-03-25 10:30:00+00:00,2075.08,0.0,0.0,2025-03-25 10:45:00+00:00,2076.1175,0.533797,1108.23,2059.8829,2059.8829,0,2025-03-25 12:00:00+00:00,2056.7931,STOP_LOSS,5,-10.32,0.8866,0.8783,2.201,-12.08,-1.394
880,BTCUSDT,LONG,spot,BREAKOUT_ONLY,2025-03-25 11:30:00+00:00,87018.5588,87002.4948,217.9484,2025-03-25 11:45:00+00:00,87370.43,2025-03-25 11:45:00+00:00,87370.43,0.0,0.0,2025-03-25 12:00:00+00:00,87414.1252,0.018904,1652.5,86958.9051,86958.9051,0,2025-03-25 12:30:00+00:00,86828.4668,STOP_LOSS,2,-11.07,1.322,1.3131,3.2884,-13.71,-1.593
881,BTCUSDT,LONG,spot,BREAKOUT_ONLY,2025-03-25 12:30:00+00:00,87087.6497,87036.7504,232.7572,2025-03-25 13:00:00+00:00,87369.01,2025-03-25 13:00:00+00:00,87369.01,0.0,0.0,2025-03-25 13:15:00+00:00,87412.6845,0.019337,1690.34,86990.1989,87329.7948,1,2025-03-25 13:45:00+00:00,87145.7051,TRAILING_STOP,2,-5.16,1.3523,1.3481,3.3729,-7.86,-0.962
882,ETHUSDT,LONG,spot,BREAKOUT_ONLY,2025-03-25 12:15:00+00:00,2065.4799,2063.1724,6.4695,2025-03-25 13:15:00+00:00,2072.28,2025-03-25 13:15:00+00:00,2072.28,0.0,0.0,2025-03-25 13:30:00+00:00,2073.3161,0.744658,1543.91,2061.8785,2061.8785,0,2025-03-25 13:45:00+00:00,2057.9285,STOP_LOSS,1,-11.46,1.2351,1.226,3.0706,-13.92,-1.634
884,ETHUSDT,LONG,spot,BREAKOUT_ONLY,2025-03-25 14:00:00+00:00,2064.6656,2063.2543,9.4299,2025-03-25 14:30:00+00:00,2077.98,2025-03-25 14:30:00+00:00,2077.98,0.0,0.0,2025-03-25 14:45:00+00:00,2079.019,0.478356,994.51,2061.3683,2061.3683,0,2025-03-25 16:30:00+00:00,2058.2763,STOP_LOSS,7,-9.92,0.7956,0.7877,1.9741,-11.51,-1.363
885,ETHUSDT,LONG,spot,BREAKOUT_ONLY,2025-03-25 17:00:00+00:00,2069.4949,2065.1125,8.999,2025-03-25 17:30:00+00:00,2078.4,2025-03-25 17:30:00+00:00,2078.4,0.0,0.0,2025-03-25 17:45:00+00:00,2079.4292,0.520006,1081.32,2063.3127,2063.3127,0,2025-03-25 18:30:00+00:00,2060.2177,STOP_LOSS,3,-9.99,0.8651,0.8571,2.1476,-11.71,-1.398
883,BTCUSDT,LONG,spot,BREAKOUT_ONLY,2025-03-25 13:45:00+00:00,87218.7015,87071.9209,371.0836,2025-03-25 14:00:00+00:00,87655.93,2025-03-25 14:00:00+00:00,87655.93,0.0,0.0,2025-03-25 14:15:00+00:00,87699.768,0.012005,1052.82,86997.7042,87939.5448,2,2025-03-25 20:45:00+00:00,87807.6355,TRAILING_STOP,26,1.29,0.8423,0.8433,2.1076,-0.39,-0.046
886,ETHUSDT,LONG,spot,BREAKOUT_ONLY,2025-03-25 19:00:00+00:00,2068.6689,2065.668,8.4929,2025-03-25 19:30:00+00:00,2074.75,2025-03-25 19:30:00+00:00,2074.75,0.0,0.0,2025-03-25 19:45:00+00:00,2075.7774,0.705697,1464.87,2063.9694,2063.9694,0,2025-03-25 20:45:00+00:00,2060.8734,STOP_LOSS,4,-10.52,1.1719,1.1635,2.914,-12.85,-1.542
887,ETHUSDT,LONG,spot,BREAKOUT_ONLY,2025-03-25 23:30:00+00:00,2067.2759,2066.141,7.2565,2025-03-26 00:30:00+00:00,2075.79,2025-03-26 00:30:00+00:00,2075.79,0.0,0.0,2025-03-26 00:45:00+00:00,2076.8179,0.67989,1412.01,2064.6897,2064.6897,0,2025-03-26 02:00:00+00:00,2061.5927,STOP_LOSS,5,-10.35,1.1296,1.1213,2.8085,-12.6,-1.528
888,BTCUSDT,LONG,spot,BREAKOUT_ONLY,2025-03-26 06:15:00+00:00,87512.2245,87445.5904,168.8541,2025-03-26 06:30:00+00:00,87767.99,2025-03-26 06:30:00+00:00,87767.99,0.0,0.0,2025-03-26 06:45:00+00:00,87811.874,0.018451,1620.2,87411.8195,87935.9995,4,2025-03-26 08:45:00+00:00,87804.0955,TRAILING_STOP,8,-0.14,1.2962,1.296,3.2402,-2.74,-0.371
889,ETHUSDT,LONG,spot,BREAKOUT_ONLY,2025-03-26 07:45:00+00:00,2063.816,2062.3199,5.4734,2025-03-26 08:15:00+00:00,2068.29,2025-03-26 08:15:00+00:00,2068.29,0.0,0.0,2025-03-26 08:30:00+00:00,2069.3241,0.782341,1618.92,2061.2253,2061.2253,0,2025-03-26 09:00:00+00:00,2058.1334,STOP_LOSS,2,-8.75,1.2951,1.2881,3.2247,-11.34,-1.789
890,ETHUSDT,LONG,spot,BREAKOUT_ONLY,2025-03-26 09:00:00+00:00,2063.986,2063.3661,5.5229,2025-03-26 10:15:00+00:00,2068.42,2025-03-26 10:15:00+00:00,2068.42,0.0,0.0,2025-03-26 10:30:00+00:00,2069.4442,0.776183,1606.27,2062.2615,2062.2615,0,2025-03-26 12:15:00+00:00,2059.1681,STOP_LOSS,7,-7.98,1.285,1.2786,3.2006,-10.54,-1.891
891,BTCUSDT,LONG,spot,BREAKOUT_ONLY,2025-03-27 19:00:00+00:00,87144.0872,87065.083,260.8115,2025-03-27 19:15:00+00:00,87364.0,2025-03-27 19:15:00+00:00,87364.0,0.0,0.0,2025-03-27 19:30:00+00:00,87407.692,0.018257,1595.83,87012.9207,87012.9207,0,2025-03-27 20:00:00+00:00,86882.4013,STOP_LOSS,2,-9.59,1.2767,1.269,3.1773,-12.14,-1.684
892,BTCUSDT,LONG,spot,BREAKOUT_ONLY,2025-03-27 20:45:00+00:00,87153.6009,87112.7038,208.856,2025-03-27 21:00:00+00:00,87299.99,2025-03-27 21:00:00+00:00,87299.99,0.0,0.0,2025-03-27 21:15:00+00:00,87343.65,0.018133,1583.82,87070.9326,87337.2936,4,2025-03-27 22:30:00+00:00,87206.2877,TRAILING_STOP,5,-2.49,1.2671,1.2651,3.1639,-5.02,-1.016
894,SOLUSDT,LONG,spot,BREAKOUT_ONLY,2025-03-31 14:30:00+00:00,125.2155,125.0974,1.2397,2025-03-31 14:45:00+00:00,126.72,2025-03-31 14:45:00+00:00,126.72,0.0,0.0,2025-03-31 15:00:00+00:00,126.7834,4.123156,522.75,124.8494,124.8494,0,2025-03-31 17:30:00+00:00,124.6621,STOP_LOSS,10,-8.75,0.4182,0.4112,1.0324,-9.58,-1.201
893,BTCUSDT,LONG,spot,BREAKOUT_ONLY,2025-03-31 14:30:00+00:00,82421.9075,82221.745,595.0726,2025-03-31 14:45:00+00:00,83499.18,2025-03-31 14:45:00+00:00,83499.18,0.0,0.0,2025-03-31 15:00:00+00:00,83540.9296,0.005544,463.19,82102.7305,82102.7305,0,2025-03-31 23:00:00+00:00,82519.3597,TIME_EXIT_8H,32,-5.66,0.3705,0.366,0.4604,-6.4,-0.803
896,SOLUSDT,LONG,spot,BREAKOUT_ONLY,2025-04-01 03:15:00+00:00,125.3729,125.3219,0.6174,2025-04-01 03:30:00+00:00,125.92,2025-04-01 03:30:00+00:00,125.92,0.0,0.0,2025-04-01 03:45:00+00:00,125.993,9.913275,1249.0,125.1984,128.5579,4,2025-04-01 09:15:00+00:00,128.3651,TRAILING_STOP,22,23.52,0.9992,1.018,2.5333,21.5,2.729
895,BTCUSDT,LONG,spot,BREAKOUT_ONLY,2025-04-01 02:30:00+00:00,82693.5575,82614.8248,208.6385,2025-04-01 02:45:00+00:00,83100.0,2025-04-01 02:45:00+00:00,83100.0,0.0,0.0,2025-04-01 03:00:00+00:00,83141.55,0.013887,1154.58,82573.0971,84104.367,8,2025-04-01 11:00:00+00:00,83978.2104,TRAILING_STOP,32,11.62,0.9237,0.933,2.3266,9.76,1.237
897,SOLUSDT,LONG,spot,BREAKOUT_ONLY,2025-04-02 13:30:00+00:00,125.8084,125.6134,0.8359,2025-04-02 14:00:00+00:00,126.6,2025-04-02 14:00:00+00:00,126.6,0.0,0.0,2025-04-02 14:15:00+00:00,126.6533,6.669276,844.69,125.4462,129.4168,7,2025-04-02 17:30:00+00:00,129.2226,TRAILING_STOP,13,17.14,0.6757,0.6895,1.7151,15.77,1.959
898,ETHUSDT,LONG,spot,BREAKOUT_ONLY,2025-04-02 14:15:00+00:00,1874.7318,1869.3059,13.1931,2025-04-02 15:00:00+00:00,1882.01,2025-04-02 15:00:00+00:00,1882.01,0.0,0.0,2025-04-02 15:15:00+00:00,1882.941,0.499186,939.94,1866.6673,1892.5664,6,2025-04-02 17:30:00+00:00,1889.7275,TRAILING_STOP,9,3.39,0.752,0.7547,1.885,1.88,0.232
899,BNBUSDT,LONG,spot,BREAKOUT_ONLY,2025-04-03 05:00:00+00:00,601.6022,600.4604,3.1941,2025-04-03 05:15:00+00:00,608.52,2025-04-03 05:15:00+00:00,608.52,0.0,0.0,2025-04-03 05:30:00+00:00,608.8243,0.904027,550.39,599.8216,599.8216,0,2025-04-03 07:30:00+00:00,598.9219,STOP_LOSS,8,-8.95,0.4403,0.4332,1.0874,-9.83,-1.207
900,SOLUSDT,LONG,spot,BREAKOUT_ONLY,2025-04-04 15:45:00+00:00,117.0556,116.639,1.7841,2025-04-04 16:00:00+00:00,119.89,2025-04-04 16:00:00+00:00,119.89,0.0,0.0,2025-04-04 16:15:00+00:00,119.9599,2.199547,263.86,116.2821,122.6069,21,2025-04-04 23:15:00+00:00,122.423,TRAILING_STOP,28,5.42,0.2111,0.2154,0.5358,4.99,0.617
901,BTCUSDT,LONG,spot,BREAKOUT_ONLY,2025-04-04 17:15:00+00:00,83069.112,83048.7172,655.5819,2025-04-04 17:30:00+00:00,84151.98,2025-04-04 17:30:00+00:00,84151.98,0.0,0.0,2025-04-04 17:45:00+00:00,84194.7563,0.00636,535.5,82917.6008,82917.6008,0,2025-04-05 01:45:00+00:00,83937.8801,TIME_EXIT_8H,32,-1.63,0.4284,0.4271,0.5347,-2.49,-0.306
902,BNBUSDT,LONG,spot,BREAKOUT_ONLY,2025-04-05 08:30:00+00:00,596.0313,595.6366,0.9373,2025-04-05 09:00:00+00:00,597.33,2025-04-05 09:00:00+00:00,597.33,0.0,0.0,2025-04-05 09:15:00+00:00,597.6387,2.684232,1604.2,595.4491,595.4491,0,2025-04-05 12:45:00+00:00,594.5559,STOP_LOSS,14,-8.27,1.2834,1.2767,3.196,-10.83,-1.844
904,BTCUSDT,LONG,spot,BREAKOUT_ONLY,2025-04-06 00:45:00+00:00,83253.2672,83182.0766,164.0039,2025-04-06 01:00:00+00:00,83540.84,2025-04-06 01:00:00+00:00,83540.84,0.0,0.0,2025-04-06 01:15:00+00:00,83582.6204,0.01859,1553.83,83149.2758,83149.2758,0,2025-04-06 06:30:00+00:00,83024.5519,STOP_LOSS,21,-10.37,1.2431,1.2348,3.0921,-12.85,-1.595
903,SOLUSDT,LONG,spot,BREAKOUT_ONLY,2025-04-06 00:15:00+00:00,119.4566,119.2796,0.5029,2025-04-06 00:30:00+00:00,120.45,2025-04-06 00:30:00+00:00,120.45,0.0,0.0,2025-04-06 00:45:00+00:00,120.5202,6.000492,723.18,119.179,119.179,0,2025-04-06 07:00:00+00:00,119.0003,STOP_LOSS,25,-9.12,0.5785,0.5712,1.4327,-10.27,-1.276
905,BNBUSDT,LONG,spot,BREAKOUT_ONLY,2025-04-09 13:45:00+00:00,555.3898,554.1196,3.4787,2025-04-09 14:00:00+00:00,559.53,2025-04-09 14:00:00+00:00,559.53,0.0,0.0,2025-04-09 14:15:00+00:00,559.8098,1.242153,695.37,553.4239,579.4853,15,2025-04-09 20:15:00+00:00,578.6161,TRAILING_STOP,24,23.36,0.5563,0.575,1.4258,22.23,2.802
906,SOLUSDT,LONG,spot,BREAKOUT_ONLY,2025-04-09 16:30:00+00:00,106.1206,105.8294,1.0392,2025-04-09 16:45:00+00:00,108.29,2025-04-09 16:45:00+00:00,108.29,0.0,0.0,2025-04-09 17:00:00+00:00,108.3441,2.929018,317.34,105.6216,118.3203,15,2025-04-09 21:30:00+00:00,118.1428,TRAILING_STOP,18,28.7,0.2539,0.2768,0.6777,28.17,3.533
907,BNBUSDT,LONG,spot,BREAKOUT_ONLY,2025-04-10 19:15:00+00:00,574.7715,573.7564,2.2904,2025-04-10 20:30:00+00:00,576.25,2025-04-10 20:30:00+00:00,576.25,0.0,0.0,2025-04-10 20:45:00+00:00,576.5481,2.518382,1451.97,573.2983,577.9452,10,2025-04-11 04:45:00+00:00,579.5401,TIME_EXIT_8H,32,7.53,1.1616,1.1676,1.4557,5.21,0.636
908,SOLUSDT,LONG,spot,BREAKOUT_ONLY,2025-04-11 00:30:00+00:00,112.6658,112.4707,0.5927,2025-04-11 01:15:00+00:00,113.09,2025-04-11 01:15:00+00:00,113.09,0.0,0.0,2025-04-11 01:30:00+00:00,113.1365,10.454927,1182.83,112.3522,116.3751,20,2025-04-11 07:00:00+00:00,116.2006,TRAILING_STOP,22,32.03,0.9463,0.9719,2.4137,30.12,3.672
909,ETHUSDT,LONG,spot,BREAKOUT_ONLY,2025-04-11 09:30:00+00:00,1551.8751,1546.2794,11.251,2025-04-11 09:45:00+00:00,1564.0,2025-04-11 09:45:00+00:00,1564.0,0.0,0.0,2025-04-11 10:00:00+00:00,1564.772,0.403072,630.72,1544.0292,1544.0292,0,2025-04-11 14:15:00+00:00,1541.7132,STOP_LOSS,17,-9.29,0.5046,0.4971,1.2475,-10.3,-1.231
910,ETHUSDT,LONG,spot,BREAKOUT_ONLY,2025-04-11 14:45:00+00:00,1559.2364,1553.2622,13.5801,2025-04-11 15:30:00+00:00,1567.39,2025-04-11 15:30:00+00:00,1567.39,0.0,0.0,2025-04-11 15:45:00+00:00,1568.1637,0.471654,739.63,1550.5462,1569.8314,3,2025-04-11 18:15:00+00:00,1567.4766,TRAILING_STOP,10,-0.32,0.5917,0.5914,1.4788,-1.51,-0.181
911,ETHUSDT,LONG,spot,BREAKOUT_ONLY,2025-04-12 05:00:00+00:00,1561.273,1559.4997,7.382,2025-04-12 05:15:00+00:00,1568.59,2025-04-12 05:15:00+00:00,1568.59,0.0,0.0,2025-04-12 05:30:00+00:00,1569.3843,0.730731,1146.8,1558.0233,1590.3634,3,2025-04-12 08:30:00+00:00,1587.9778,TRAILING_STOP,12,13.59,0.9174,0.9283,2.314,11.74,1.414
912,BTCUSDT,LONG,spot,BREAKOUT_ONLY,2025-04-13 18:15:00+00:00,84454.0234,84387.8892,284.3755,2025-04-13 18:30:00+00:00,84886.81,2025-04-13 18:30:00+00:00,84886.81,0.0,0.0,2025-04-13 18:45:00+00:00,84929.2434,0.013975,1186.92,84331.0141,84331.0141,0,2025-04-13 19:15:00+00:00,84204.5175,STOP_LOSS,2,-10.13,0.9495,0.9414,2.3587,-12.02,-1.438
913,ETHUSDT,LONG,spot,BREAKOUT_ONLY,2025-04-13 18:15:00+00:00,1610.4687,1608.1127,13.7159,2025-04-13 18:30:00+00:00,1632.38,2025-04-13 18:30:00+00:00,1632.38,0.0,0.0,2025-04-13 18:45:00+00:00,1633.1962,0.300451,490.69,1605.3696,1605.3696,0,2025-04-13 19:30:00+00:00,1602.9615,STOP_LOSS,3,-9.08,0.3926,0.3853,0.9678,-9.86,-1.18
914,ETHUSDT,LONG,spot,BREAKOUT_ONLY,2025-04-14 00:45:00+00:00,1606.4923,1602.2361,14.2685,2025-04-14 01:00:00+00:00,1616.57,2025-04-14 01:00:00+00:00,1616.57,0.0,0.0,2025-04-14 01:15:00+00:00,1617.3683,0.458755,741.98,1599.3824,1633.3442,3,2025-04-14 03:00:00+00:00,1630.8942,TRAILING_STOP,7,6.21,0.5936,0.5985,1.4933,5.01,0.608
915,SOLUSDT,LONG,spot,BREAKOUT_ONLY,2025-04-14 00:45:00+00:00,129.0268,128.847,1.4203,2025-04-14 01:00:00+00:00,131.22,2025-04-14 01:00:00+00:00,131.22,0.0,0.0,2025-04-14 01:15:00+00:00,131.2956,3.019409,396.44,128.5629,132.8802,1,2025-04-14 03:00:00+00:00,132.6809,TRAILING_STOP,7,4.18,0.3171,0.3205,0.7991,3.54,0.43
916,BTCUSDT,LONG,spot,BREAKOUT_ONLY,2025-04-14 03:00:00+00:00,84442.0205,84278.7755,500.4483,2025-04-14 04:15:00+00:00,84814.91,2025-04-14 04:15:00+00:00,84814.91,0.0,0.0,2025-04-14 04:30:00+00:00,84857.3175,0.012222,1037.09,84178.6858,84178.6858,0,2025-04-14 12:30:00+00:00,85104.1267,TIME_EXIT_8H,32,3.02,0.8297,0.8321,1.0386,1.35,0.163
917,BTCUSDT,LONG,spot,BREAKOUT_ONLY,2025-04-14 16:45:00+00:00,84608.1928,84539.1326,513.0399,2025-04-14 18:00:00+00:00,84930.86,2025-04-14 18:00:00+00:00,84930.86,0.0,0.0,2025-04-14 18:15:00+00:00,84973.3254,0.015463,1313.96,84436.5246,84436.5246,0,2025-04-14 22:15:00+00:00,84309.8699,STOP_LOSS,16,-10.26,1.0512,1.043,2.6125,-12.35,-1.488
918,BTCUSDT,LONG,spot,BREAKOUT_ONLY,2025-04-15 00:45:00+00:00,84680.4896,84624.8172,245.0412,2025-04-15 01:15:00+00:00,84923.22,2025-04-15 01:15:00+00:00,84923.22,0.0,0.0,2025-04-15 01:30:00+00:00,84965.6716,0.0192,1631.31,84575.809,85388.2785,9,2025-04-15 06:15:00+00:00,85260.1961,TRAILING_STOP,19,5.65,1.305,1.3096,3.2711,3.04,0.406
920,SOLUSDT,LONG,spot,BREAKOUT_ONLY,2025-04-15 06:30:00+00:00,130.6587,130.4062,0.7209,2025-04-15 06:45:00+00:00,131.06,2025-04-15 06:45:00+00:00,131.06,0.0,0.0,2025-04-15 07:00:00+00:00,131.1355,9.447145,1238.86,130.262,132.0363,6,2025-04-15 09:30:00+00:00,131.8383,TRAILING_STOP,10,6.64,0.9911,0.9964,2.4877,4.65,0.564
919,ETHUSDT,LONG,spot,BREAKOUT_ONLY,2025-04-15 02:45:00+00:00,1632.6183,1628.5562,9.3167,2025-04-15 03:30:00+00:00,1639.44,2025-04-15 03:30:00+00:00,1639.44,0.0,0.0,2025-04-15 03:45:00+00:00,1640.2597,0.609732,1000.12,1626.6928,1626.6928,0,2025-04-15 10:30:00+00:00,1624.2528,STOP_LOSS,27,-9.76,0.8001,0.7923,1.9856,-11.35,-1.372
921,ETHUSDT,LONG,spot,BREAKOUT_ONLY,2025-04-15 11:30:00+00:00,1637.1043,1635.7439,7.2284,2025-04-15 12:45:00+00:00,1641.94,2025-04-15 12:45:00+00:00,1641.94,0.0,0.0,2025-04-15 13:00:00+00:00,1642.761,0.971391,1595.76,1634.2982,1634.2982,0,2025-04-15 13:30:00+00:00,1631.8468,STOP_LOSS,2,-10.6,1.2766,1.2681,3.1756,-13.15,-1.599
922,BTCUSDT,LONG,spot,BREAKOUT_ONLY,2025-04-16 15:00:00+00:00,84105.4724,83953.6665,360.959,2025-04-16 15:15:00+00:00,85105.85,2025-04-16 15:15:00+00:00,85105.85,0.0,0.0,2025-04-16 15:30:00+00:00,85148.4029,0.006437,548.08,83881.4747,83881.4747,0,2025-04-16 17:45:00+00:00,83755.6525,STOP_LOSS,9,-8.96,0.4385,0.4313,1.0827,-9.83,-1.206
923,BNBUSDT,LONG,spot,BREAKOUT_ONLY,2025-04-16 16:00:00+00:00,582.1934,581.4717,1.5485,2025-04-16 16:45:00+00:00,583.85,2025-04-16 16:45:00+00:00,583.85,0.0,0.0,2025-04-16 17:00:00+00:00,584.1519,2.726819,1592.88,581.162,581.162,0,2025-04-16 17:45:00+00:00,580.2903,STOP_LOSS,3,-10.53,1.2743,1.2659,3.17,-13.07,-1.603
924,SOLUSDT,LONG,spot,BREAKOUT_ONLY,2025-04-16 19:00:00+00:00,127.8301,127.1245,1.837,2025-04-16 19:15:00+00:00,129.25,2025-04-16 19:15:00+00:00,129.25,0.0,0.0,2025-04-16 19:30:00+00:00,129.3246,3.131523,404.98,126.7571,131.9589,13,2025-04-16 23:00:00+00:00,131.761,TRAILING_STOP,14,7.63,0.324,0.3301,0.8214,6.98,0.868
925,BNBUSDT,LONG,spot,BREAKOUT_ONLY,2025-04-16 20:15:00+00:00,582.919,582.1875,2.1069,2025-04-16 20:30:00+00:00,584.62,2025-04-16 20:30:00+00:00,584.62,0.0,0.0,2025-04-16 20:45:00+00:00,584.9123,2.56667,1501.28,581.7662,581.7662,0,2025-04-17 03:15:00+00:00,580.8935,STOP_LOSS,26,-10.31,1.201,1.1928,2.9871,-12.71,-1.574
927,BTCUSDT,LONG,spot,BREAKOUT_ONLY,2025-04-17 05:45:00+00:00,84213.7562,84181.2055,158.0215,2025-04-17 06:00:00+00:00,84425.63,2025-04-17 06:00:00+00:00,84425.63,0.0,0.0,2025-04-17 06:15:00+00:00,84467.8428,0.018772,1585.66,84149.6012,84607.547,4,2025-04-17 07:45:00+00:00,84480.6357,TRAILING_STOP,6,0.24,1.2685,1.2687,3.1717,-2.3,-0.385
926,ETHUSDT,LONG,spot,BREAKOUT_ONLY,2025-04-17 05:30:00+00:00,1588.3218,1585.448,6.3376,2025-04-17 05:45:00+00:00,1598.99,2025-04-17 05:45:00+00:00,1598.99,0.0,0.0,2025-04-17 06:00:00+00:00,1599.7795,0.513604,821.65,1584.1805,1584.1805,0,2025-04-17 14:00:00+00:00,1581.8042,STOP_LOSS,32,-9.23,0.6573,0.6499,1.6295,-10.54,-1.316
928,BNBUSDT,LONG,spot,BREAKOUT_ONLY,2025-04-17 09:15:00+00:00,583.3687,582.9607,1.1976,2025-04-17 09:30:00+00:00,586.34,2025-04-17 09:30:00+00:00,586.34,0.0,0.0,2025-04-17 09:45:00+00:00,586.6332,2.041329,1197.51,582.7211,590.0995,7,2025-04-17 17:45:00+00:00,591.764,TIME_EXIT_8H,32,10.47,0.958,0.9664,1.2027,8.55,1.071
929,BTCUSDT,LONG,spot,BREAKOUT_ONLY,2025-04-17 15:30:00+00:00,84444.7081,84371.9832,290.2984,2025-04-17 16:00:00+00:00,84602.0,2025-04-17 16:00:00+00:00,84602.0,0.0,0.0,2025-04-17 16:15:00+00:00,84646.272,0.018579,1572.66,84313.9236,84965.145,8,2025-04-17 18:45:00+00:00,84837.6972,TRAILING_STOP,10,3.56,1.2581,1.261,3.1507,1.04,0.168
930,ETHUSDT,LONG,spot,BREAKOUT_ONLY,2025-04-17 17:45:00+00:00,1597.0072,1592.2547,10.0629,2025-04-17 18:00:00+00:00,1610.71,2025-04-17 18:00:00+00:00,1610.71,0.0,0.0,2025-04-17 18:15:00+00:00,1611.5053,0.378207,609.48,1590.2421,1590.2421,0,2025-04-17 19:15:00+00:00,1587.8567,STOP_LOSS,4,-8.94,0.4876,0.4804,1.2055,-9.91,-1.233
931,ETHUSDT,LONG,spot,BREAKOUT_ONLY,2025-04-18 12:30:00+00:00,1587.962,1586.4769,4.2466,2025-04-18 12:45:00+00:00,1593.24,2025-04-18 12:45:00+00:00,1593.24,0.0,0.0,2025-04-18 13:00:00+00:00,1594.0366,0.944926,1506.25,1585.6276,1585.6276,0,2025-04-18 15:00:00+00:00,1583.2492,STOP_LOSS,8,-10.19,1.205,1.1968,2.9972,-12.6,-1.585
933,SOLUSDT,LONG,spot,BREAKOUT_ONLY,2025-04-18 18:30:00+00:00,133.9621,133.7735,0.4913,2025-04-18 19:15:00+00:00,134.35,2025-04-18 19:15:00+00:00,134.35,0.0,0.0,2025-04-18 19:30:00+00:00,134.4072,10.746386,1444.39,133.6752,133.6752,0,2025-04-18 20:30:00+00:00,133.4747,STOP_LOSS,4,-10.02,1.1555,1.1475,2.8738,-12.32,-1.567
934,SOLUSDT,LONG,spot,BREAKOUT_ONLY,2025-04-18 20:00:00+00:00,133.9959,133.8784,0.4626,2025-04-18 21:30:00+00:00,134.36,2025-04-18 21:30:00+00:00,134.36,0.0,0.0,2025-04-18 21:45:00+00:00,134.4372,11.51005,1547.38,133.7859,133.7859,0,2025-04-18 23:00:00+00:00,133.5852,STOP_LOSS,5,-9.81,1.2379,1.2301,3.08,-12.27,-1.637
932,ETHUSDT,LONG,spot,BREAKOUT_ONLY,2025-04-18 18:00:00+00:00,1587.8953,1587.2349,3.7683,2025-04-18 18:15:00+00:00,1593.63,2025-04-18 18:15:00+00:00,1593.63,0.0,0.0,2025-04-18 18:30:00+00:00,1594.4168,0.978926,1560.82,1586.4812,1586.4812,0,2025-04-19 00:15:00+00:00,1584.1015,STOP_LOSS,23,-10.1,1.2487,1.2406,3.1065,-12.59,-1.62
936,BTCUSDT,LONG,spot,BREAKOUT_ONLY,2025-04-19 02:30:00+00:00,84575.4876,84547.4295,125.7446,2025-04-19 02:45:00+00:00,84785.8,2025-04-19 02:45:00+00:00,84785.8,0.0,0.0,2025-04-19 03:00:00+00:00,84828.1929,0.017957,1523.27,84522.2806,85012.5393,1,2025-04-19 04:45:00+00:00,84885.0205,TRAILING_STOP,7,1.02,1.2186,1.2194,3.0481,-1.42,-0.258
935,SOLUSDT,LONG,spot,BREAKOUT_ONLY,2025-04-19 01:30:00+00:00,134.1395,133.9533,0.4329,2025-04-19 01:45:00+00:00,134.92,2025-04-19 01:45:00+00:00,134.92,0.0,0.0,2025-04-19 02:00:00+00:00,134.9975,6.80702,918.93,133.8667,137.9312,11,2025-04-19 05:15:00+00:00,137.7243,TRAILING_STOP,13,18.56,0.7351,0.75,1.8657,17.08,2.219
937,BNBUSDT,LONG,spot,BREAKOUT_ONLY,2025-04-19 21:45:00+00:00,591.02,590.7731,0.5752,2025-04-19 22:00:00+00:00,592.47,2025-04-19 22:00:00+00:00,592.47,0.0,0.0,2025-04-19 22:15:00+00:00,592.7762,2.59711,1539.51,590.6581,593.5119,1,2025-04-20 06:15:00+00:00,593.743,TIME_EXIT_8H,32,2.51,1.2316,1.2336,1.5408,0.05,0.008
938,BNBUSDT,LONG,spot,BREAKOUT_ONLY,2025-04-20 23:45:00+00:00,591.057,590.7251,0.8769,2025-04-21 00:00:00+00:00,593.12,2025-04-21 00:00:00+00:00,593.12,0.0,0.0,2025-04-21 00:15:00+00:00,593.4166,2.594383,1539.55,590.5497,599.1284,8,2025-04-21 02:30:00+00:00,598.2297,TRAILING_STOP,9,12.49,1.2316,1.2416,3.0978,10.01,1.346
939,SOLUSDT,LONG,spot,BREAKOUT_ONLY,2025-04-21 00:45:00+00:00,138.452,137.9175,1.1954,2025-04-21 01:00:00+00:00,141.14,2025-04-21 01:00:00+00:00,141.14,0.0,0.0,2025-04-21 01:15:00+00:00,141.2006,2.22567,314.27,137.6784,137.6784,0,2025-04-21 09:15:00+00:00,140.1499,TIME_EXIT_8H,32,-2.34,0.2514,0.2495,0.3131,-2.84,-0.362
940,BNBUSDT,LONG,spot,BREAKOUT_ONLY,2025-04-22 01:45:00+00:00,598.7934,598.621,1.4535,2025-04-22 02:00:00+00:00,600.9,2025-04-22 02:00:00+00:00,600.9,0.0,0.0,2025-04-22 02:15:00+00:00,601.1904,2.57265,1546.65,598.3303,598.3303,0,2025-04-22 03:00:00+00:00,597.4328,STOP_LOSS,3,-9.67,1.2373,1.2296,3.0788,-12.13,-1.649
942,BNBUSDT,LONG,spot,BREAKOUT_ONLY,2025-04-22 02:45:00+00:00,598.9529,598.6958,1.474,2025-04-22 03:30:00+00:00,599.71,2025-04-22 03:30:00+00:00,599.71,0.0,0.0,2025-04-22 03:45:00+00:00,599.9999,2.557045,1534.23,598.401,600.487,1,2025-04-22 06:15:00+00:00,599.5863,TRAILING_STOP,10,-1.06,1.2274,1.2265,3.0669,-3.51,-0.859
941,SOLUSDT,LONG,spot,BREAKOUT_ONLY,2025-04-22 02:30:00+00:00,137.7893,137.3999,0.9797,2025-04-22 02:45:00+00:00,139.2,2025-04-22 02:45:00+00:00,139.2,0.0,0.0,2025-04-22 03:00:00+00:00,139.2696,3.752221,522.57,137.204,137.204,0,2025-04-22 11:00:00+00:00,139.89,TIME_EXIT_8H,32,2.33,0.4181,0.4199,0.5237,1.49,0.192
943,BTCUSDT,LONG,spot,BREAKOUT_ONLY,2025-04-24 14:30:00+00:00,92782.4482,92697.1615,306.3592,2025-04-24 14:45:00+00:00,93101.83,2025-04-24 14:45:00+00:00,93101.83,0.0,0.0,2025-04-24 15:00:00+00:00,93148.3909,0.015104,1406.87,92635.8896,93256.6455,4,2025-04-24 21:15:00+00:00,93116.7606,TRAILING_STOP,25,-0.48,1.1255,1.1251,2.813,-2.73,-0.352
944,SOLUSDT,LONG,spot,BREAKOUT_ONLY,2025-04-24 14:45:00+00:00,148.6958,148.4419,1.0883,2025-04-24 15:00:00+00:00,151.05,2025-04-24 15:00:00+00:00,151.05,0.0,0.0,2025-04-24 15:15:00+00:00,151.1355,2.656612,401.51,148.2243,148.2243,0,2025-04-24 23:15:00+00:00,151.984,TIME_EXIT_8H,32,2.25,0.3212,0.323,0.4026,1.61,0.208
945,ETHUSDT,LONG,spot,BREAKOUT_ONLY,2025-04-24 21:45:00+00:00,1764.0386,1761.0322,7.0212,2025-04-24 23:15:00+00:00,1769.54,2025-04-24 23:15:00+00:00,1769.54,0.0,0.0,2025-04-24 23:30:00+00:00,1770.4248,0.716414,1268.36,1759.6279,1774.857,1,2025-04-25 01:15:00+00:00,1772.1947,TRAILING_STOP,7,1.27,1.0147,1.0157,2.5386,-0.76,-0.099
946,ETHUSDT,LONG,spot,BREAKOUT_ONLY,2025-04-25 01:00:00+00:00,1767.7315,1764.7726,7.8215,2025-04-25 01:30:00+00:00,1771.83,2025-04-25 01:30:00+00:00,1771.83,0.0,0.0,2025-04-25 01:45:00+00:00,1772.7259,0.812302,1439.99,1763.2083,1763.2083,0,2025-04-25 02:00:00+00:00,1760.5635,STOP_LOSS,1,-9.88,1.152,1.1441,2.8652,-12.18,-1.575
947,BNBUSDT,LONG,spot,BREAKOUT_ONLY,2025-04-25 04:30:00+00:00,601.2522,600.5207,1.716,2025-04-25 04:45:00+00:00,603.81,2025-04-25 04:45:00+00:00,603.81,0.0,0.0,2025-04-25 05:00:00+00:00,604.1119,1.949529,1177.73,600.1775,606.6862,3,2025-04-25 07:45:00+00:00,605.7762,TRAILING_STOP,11,3.24,0.9422,0.9448,2.3603,1.36,0.177
948,ETHUSDT,LONG,spot,BREAKOUT_ONLY,2025-04-25 04:30:00+00:00,1763.745,1761.8465,9.2329,2025-04-25 05:00:00+00:00,1769.41,2025-04-25 05:00:00+00:00,1769.41,0.0,0.0,2025-04-25 05:15:00+00:00,1770.2947,0.745793,1320.27,1759.9999,1769.4338,7,2025-04-25 09:00:00+00:00,1766.7797,TRAILING_STOP,15,-2.62,1.0562,1.0541,2.6366,-4.73,-0.616
949,BNBUSDT,LONG,spot,BREAKOUT_ONLY,2025-04-26 07:30:00+00:00,602.8954,602.6198,1.004,2025-04-26 08:15:00+00:00,604.13,2025-04-26 08:15:00+00:00,604.13,0.0,0.0,2025-04-26 08:30:00+00:00,604.4221,2.50716,1515.38,602.419,602.419,0,2025-04-26 08:45:00+00:00,601.5153,STOP_LOSS,1,-7.29,1.2123,1.2065,3.0198,-9.71,-1.933
950,BNBUSDT,LONG,spot,BREAKOUT_ONLY,2025-04-26 10:30:00+00:00,603.0423,602.7864,1.4678,2025-04-26 10:45:00+00:00,604.21,2025-04-26 10:45:00+00:00,604.21,0.0,0.0,2025-04-26 11:00:00+00:00,604.5021,2.490931,1505.77,602.4928,602.4928,0,2025-04-26 11:30:00+00:00,601.5891,STOP_LOSS,2,-7.26,1.2046,1.1988,3.0007,-9.66,-1.93
951,BNBUSDT,LONG,spot,BREAKOUT_ONLY,2025-04-26 12:00:00+00:00,603.3495,602.9933,1.8755,2025-04-26 12:15:00+00:00,605.03,2025-04-26 12:15:00+00:00,605.03,0.0,0.0,2025-04-26 12:30:00+00:00,605.3425,2.471676,1496.21,602.6182,602.6182,0,2025-04-26 13:30:00+00:00,601.7142,STOP_LOSS,4,-8.97,1.197,1.1898,2.979,-11.35,-1.686
952,BNBUSDT,LONG,spot,BREAKOUT_ONLY,2025-04-26 13:00:00+00:00,603.724,603.1319,1.6416,2025-04-26 14:30:00+00:00,605.01,2025-04-26 14:30:00+00:00,605.01,0.0,0.0,2025-04-26 14:45:00+00:00,605.3125,2.453227,1484.97,602.8035,607.2611,14,2025-04-26 18:45:00+00:00,606.3502,TRAILING_STOP,16,2.55,1.188,1.19,2.9738,0.17,0.027
953,ETHUSDT,LONG,spot,BREAKOUT_ONLY,2025-04-26 14:45:00+00:00,1796.7886,1794.2718,7.3009,2025-04-26 15:15:00+00:00,1802.41,2025-04-26 15:15:00+00:00,1802.41,0.0,0.0,2025-04-26 15:30:00+00:00,1803.3012,0.717441,1293.76,1792.8116,1807.7988,4,2025-04-26 20:45:00+00:00,1805.0871,TRAILING_STOP,21,1.28,1.035,1.036,2.5894,-0.79,-0.105
954,BTCUSDT,LONG,spot,BREAKOUT_ONLY,2025-04-26 22:30:00+00:00,94366.4066,94342.4913,148.9789,2025-04-26 22:45:00+00:00,94781.86,2025-04-26 22:45:00+00:00,94781.86,0.0,0.0,2025-04-26 23:00:00+00:00,94829.2509,0.014513,1376.25,94312.6955,94821.4548,1,2025-04-27 01:30:00+00:00,94579.228,TRAILING_STOP,10,-3.63,1.101,1.0981,2.7471,-5.83,-0.777
955,ETHUSDT,LONG,spot,BREAKOUT_ONLY,2025-04-27 08:45:00+00:00,1808.4703,1806.409,5.5649,2025-04-27 09:30:00+00:00,1812.55,2025-04-27 09:30:00+00:00,1812.55,0.0,0.0,2025-04-27 09:45:00+00:00,1813.4563,0.81534,1478.58,1805.2961,1805.2961,0,2025-04-27 11:00:00+00:00,1802.5881,STOP_LOSS,5,-8.86,1.1829,1.1758,2.9439,-11.22,-1.686
956,BTCUSDT,LONG,spot,BREAKOUT_ONLY,2025-04-27 19:45:00+00:00,94156.8962,94098.4192,124.4731,2025-04-27 20:00:00+00:00,94310.44,2025-04-27 20:00:00+00:00,94310.44,0.0,0.0,2025-04-27 20:15:00+00:00,94357.5952,0.015552,1467.48,94073.5246,94073.5246,0,2025-04-27 22:00:00+00:00,93932.4143,STOP_LOSS,7,-6.61,1.174,1.1687,2.925,-8.96,-2.027
957,ETHUSDT,LONG,spot,BREAKOUT_ONLY,2025-04-27 20:15:00+00:00,1802.9134,1801.1594,4.9534,2025-04-27 21:30:00+00:00,1806.73,2025-04-27 21:30:00+00:00,1806.73,0.0,0.0,2025-04-27 21:45:00+00:00,1807.6334,0.811179,1466.31,1800.1687,1800.1687,0,2025-04-27 22:00:00+00:00,1797.4685,STOP_LOSS,1,-8.25,1.1731,1.1665,2.9203,-10.59,-1.748
958,BNBUSDT,LONG,spot,BREAKOUT_ONLY,2025-04-28 04:00:00+00:00,602.696,602.5825,1.4364,2025-04-28 04:15:00+00:00,604.6,2025-04-28 04:15:00+00:00,604.6,0.0,0.0,2025-04-28 04:30:00+00:00,604.9023,2.393992,1448.13,602.2952,605.2584,1,2025-04-28 10:00:00+00:00,604.3505,TRAILING_STOP,22,-1.32,1.1585,1.1574,2.8943,-3.64,-0.583
959,SOLUSDT,LONG,spot,BREAKOUT_ONLY,2025-04-28 05:30:00+00:00,148.2972,148.0862,0.8179,2025-04-28 05:45:00+00:00,149.74,2025-04-28 05:45:00+00:00,149.74,0.0,0.0,2025-04-28 06:00:00+00:00,149.8149,3.864688,578.99,147.9226,150.8021,6,2025-04-28 10:00:00+00:00,150.5759,TRAILING_STOP,16,2.94,0.4632,0.4655,1.1624,2.01,0.275
960,BTCUSDT,LONG,spot,BREAKOUT_ONLY,2025-04-28 19:45:00+00:00,94329.7232,94283.5883,287.442,2025-04-28 20:00:00+00:00,94565.22,2025-04-28 20:00:00+00:00,94565.22,0.0,0.0,2025-04-28 20:15:00+00:00,94612.5026,0.015289,1446.52,94226.0999,94924.3929,7,2025-04-29 01:15:00+00:00,94782.0063,TRAILING_STOP,20,2.59,1.1572,1.1593,2.8969,0.28,0.047
961,BNBUSDT,LONG,spot,BREAKOUT_ONLY,2025-04-28 20:15:00+00:00,603.4945,603.1864,1.2056,2025-04-28 21:00:00+00:00,604.43,2025-04-28 21:00:00+00:00,604.43,0.0,0.0,2025-04-28 21:15:00+00:00,604.7322,2.390112,1445.38,602.9453,605.5494,5,2025-04-29 01:15:00+00:00,604.6411,TRAILING_STOP,16,-0.22,1.1563,1.1561,2.8904,-2.53,-0.592
962,ETHUSDT,LONG,spot,BREAKOUT_ONLY,2025-04-29 02:15:00+00:00,1796.5418,1792.4159,8.8596,2025-04-29 03:45:00+00:00,1802.08,2025-04-29 03:45:00+00:00,1802.08,0.0,0.0,2025-04-29 04:00:00+00:00,1802.971,0.59174,1066.89,1790.644,1790.644,0,2025-04-29 04:45:00+00:00,1787.958,STOP_LOSS,3,-8.88,0.8535,0.8464,2.1205,-10.58,-1.451
964,SOLUSDT,LONG,spot,BREAKOUT_ONLY,2025-04-29 08:15:00+00:00,148.0373,147.8246,0.6151,2025-04-29 08:30:00+00:00,148.77,2025-04-29 08:30:00+00:00,148.77,0.0,0.0,2025-04-29 08:45:00+00:00,148.8544,6.290118,936.31,147.7016,147.7016,0,2025-04-29 10:45:00+00:00,147.4801,STOP_LOSS,8,-8.64,0.749,0.7421,1.8597,-10.14,-1.398
963,BTCUSDT,LONG,spot,BREAKOUT_ONLY,2025-04-29 06:15:00+00:00,94593.6187,94513.8825,227.5988,2025-04-29 06:45:00+00:00,94780.0,2025-04-29 06:45:00+00:00,94780.0,0.0,0.0,2025-04-29 07:00:00+00:00,94827.4,0.01512,1433.81,94468.3627,94945.3233,4,2025-04-29 12:15:00+00:00,94802.9054,TRAILING_STOP,21,-0.37,1.1471,1.1468,2.8671,-2.66,-0.491
965,SOLUSDT,LONG,spot,BREAKOUT_ONLY,2025-04-29 16:15:00+00:00,148.1712,148.1379,0.7353,2025-04-29 16:30:00+00:00,149.32,2025-04-29 16:30:00+00:00,149.32,0.0,0.0,2025-04-29 16:45:00+00:00,149.3947,5.112869,763.84,147.9909,147.9909,0,2025-04-29 17:00:00+00:00,147.7689,STOP_LOSS,1,-8.31,0.6111,0.6044,1.5152,-9.53,-1.327
966,SOLUSDT,LONG,spot,BREAKOUT_ONLY,2025-04-29 17:15:00+00:00,148.3689,148.2134,0.8027,2025-04-29 17:30:00+00:00,148.8,2025-04-29 17:30:00+00:00,148.8,0.0,0.0,2025-04-29 17:45:00+00:00,148.8844,8.573938,1276.53,148.0528,149.1382,4,2025-04-29 20:00:00+00:00,148.9145,TRAILING_STOP,9,0.26,1.0212,1.0214,2.5534,-1.78,-0.25
967,BTCUSDT,LONG,spot,BREAKOUT_ONLY,2025-04-30 04:15:00+00:00,94715.5514,94668.829,217.8125,2025-04-30 04:30:00+00:00,94902.34,2025-04-30 04:30:00+00:00,94902.34,0.0,0.0,2025-04-30 04:45:00+00:00,94949.7912,0.014849,1409.94,94625.2665,94625.2665,0,2025-04-30 07:30:00+00:00,94483.3286,STOP_LOSS,11,-6.93,1.128,1.1224,2.8095,-9.18,-1.904
969,ETHUSDT,LONG,spot,BREAKOUT_ONLY,2025-04-30 11:00:00+00:00,1805.8442,1804.28,4.5715,2025-04-30 11:15:00+00:00,1810.31,2025-04-30 11:15:00+00:00,1810.31,0.0,0.0,2025-04-30 11:30:00+00:00,1811.2152,0.772822,1399.75,1803.3657,1803.3657,0,2025-04-30 12:15:00+00:00,1800.6607,STOP_LOSS,3,-8.16,1.1198,1.1133,2.7873,-10.39,-1.713
968,BTCUSDT,LONG,spot,BREAKOUT_ONLY,2025-04-30 09:15:00+00:00,94740.6383,94734.9534,143.3566,2025-04-30 09:30:00+00:00,94995.18,2025-04-30 09:30:00+00:00,94995.18,0.0,0.0,2025-04-30 09:45:00+00:00,95042.6776,0.014739,1400.86,94706.2821,94706.2821,0,2025-04-30 12:30:00+00:00,94564.2227,STOP_LOSS,11,-7.05,1.1207,1.115,2.7911,-9.29,-1.873
970,BTCUSDT,LONG,spot,BREAKOUT_ONLY,2025-05-01 01:45:00+00:00,94442.5198,94370.7736,178.6207,2025-05-01 02:00:00+00:00,94701.0,2025-05-01 02:00:00+00:00,94701.0,0.0,0.0,2025-05-01 02:15:00+00:00,94748.3505,0.014579,1381.38,94335.0495,94874.9675,3,2025-05-01 06:30:00+00:00,94732.655,TRAILING_STOP,17,-0.23,1.1051,1.1049,2.7624,-2.44,-0.405
971,BNBUSDT,LONG,spot,BREAKOUT_ONLY,2025-05-01 08:45:00+00:00,600.3863,600.102,0.8951,2025-05-01 09:00:00+00:00,601.6,2025-05-01 09:00:00+00:00,601.6,0.0,0.0,2025-05-01 09:15:00+00:00,601.9008,2.29101,1378.96,599.923,602.9558,2,2025-05-01 10:45:00+00:00,602.0513,TRAILING_STOP,6,0.34,1.1032,1.1034,2.7584,-1.86,-0.411
972,BNBUSDT,LONG,spot,BREAKOUT_ONLY,2025-05-02 02:00:00+00:00,601.0042,600.7006,1.0484,2025-05-02 02:15:00+00:00,602.61,2025-05-02 02:15:00+00:00,602.61,0.0,0.0,2025-05-02 02:30:00+00:00,602.9113,2.284113,1377.12,600.4909,600.4909,0,2025-05-02 04:15:00+00:00,599.5901,STOP_LOSS,7,-7.59,1.1017,1.0956,2.7429,-9.78,-1.77
973,SOLUSDT,LONG,spot,BREAKOUT_ONLY,2025-05-02 11:30:00+00:00,150.0276,149.9116,0.4513,2025-05-02 11:45:00+00:00,150.73,2025-05-02 11:45:00+00:00,150.73,0.0,0.0,2025-05-02 12:00:00+00:00,150.7954,7.090203,1069.17,149.8213,149.8213,0,2025-05-02 12:30:00+00:00,149.5966,STOP_LOSS,2,-8.5,0.8553,0.8485,2.1256,-10.2,-1.477
974,SOLUSDT,LONG,spot,BREAKOUT_ONLY,2025-05-02 12:30:00+00:00,150.0663,150.0327,0.6287,2025-05-02 12:45:00+00:00,150.94,2025-05-02 12:45:00+00:00,150.94,0.0,0.0,2025-05-02 13:00:00+00:00,151.0155,6.184132,933.9,149.907,149.907,0,2025-05-02 15:15:00+00:00,149.6821,STOP_LOSS,9,-8.25,0.7471,0.7405,1.8554,-9.73,-1.42
975,ETHUSDT,LONG,spot,BREAKOUT_ONLY,2025-05-02 13:00:00+00:00,1833.2731,1831.415,7.544,2025-05-02 14:00:00+00:00,1837.91,2025-05-02 14:00:00+00:00,1837.91,0.0,0.0,2025-05-02 14:15:00+00:00,1838.819,0.737751,1356.59,1829.9062,1837.3272,2,2025-05-02 15:15:00+00:00,1834.5712,TRAILING_STOP,4,-3.13,1.0853,1.0828,2.7085,-5.3,-0.806
976,ETHUSDT,LONG,spot,BREAKOUT_ONLY,2025-05-02 14:45:00+00:00,1836.0896,1833.8758,8.3074,2025-05-02 15:00:00+00:00,1844.55,2025-05-02 15:00:00+00:00,1844.55,0.0,0.0,2025-05-02 15:15:00+00:00,1845.4823,0.511009,943.06,1832.2143,1850.6898,4,2025-05-02 17:00:00+00:00,1847.9138,TRAILING_STOP,7,1.24,0.7544,0.7554,1.888,-0.27,-0.039
977,SOLUSDT,LONG,spot,BREAKOUT_ONLY,2025-05-02 15:30:00+00:00,150.4382,150.1672,0.817,2025-05-02 16:00:00+00:00,151.18,2025-05-02 16:00:00+00:00,151.18,0.0,0.0,2025-05-02 16:15:00+00:00,151.2656,5.395975,816.23,150.0038,150.0038,0,2025-05-02 17:00:00+00:00,149.7788,STOP_LOSS,3,-8.02,0.653,0.6466,1.6204,-9.32,-1.369
978,BNBUSDT,LONG,spot,BREAKOUT_ONLY,2025-05-02 21:15:00+00:00,599.8541,599.6287,0.6833,2025-05-02 22:15:00+00:00,601.0,2025-05-02 22:15:00+00:00,601.0,0.0,0.0,2025-05-02 22:30:00+00:00,601.3105,2.216746,1332.95,599.492,599.492,0,2025-05-03 00:45:00+00:00,598.5928,STOP_LOSS,9,-6.02,1.0664,1.0615,2.6569,-8.15,-2.022
980,ETHUSDT,LONG,spot,BREAKOUT_ONLY,2025-05-03 20:15:00+00:00,1831.9339,1830.6082,4.7102,2025-05-03 20:30:00+00:00,1836.75,2025-05-03 20:30:00+00:00,1836.75,0.0,0.0,2025-05-03 20:45:00+00:00,1837.6684,0.720387,1323.83,1829.6662,1838.5272,2,2025-05-03 21:45:00+00:00,1835.7695,TRAILING_STOP,4,-1.37,1.0591,1.058,2.6456,-3.48,-0.605
981,ETHUSDT,LONG,spot,BREAKOUT_ONLY,2025-05-03 21:15:00+00:00,1834.204,1832.0338,4.7312,2025-05-03 21:30:00+00:00,1842.94,2025-05-03 21:30:00+00:00,1842.94,0.0,0.0,2025-05-03 21:45:00+00:00,1843.8715,0.520768,960.23,1831.0876,1831.0876,0,2025-05-03 23:15:00+00:00,1828.341,STOP_LOSS,6,-8.09,0.7682,0.7617,1.9083,-9.62,-1.445
982,ETHUSDT,LONG,spot,BREAKOUT_ONLY,2025-05-04 00:30:00+00:00,1836.4709,1833.8257,6.0293,2025-05-04 01:15:00+00:00,1839.6,2025-05-04 01:15:00+00:00,1839.6,0.0,0.0,2025-05-04 01:30:00+00:00,1840.5298,0.712219,1310.86,1832.6198,1832.6198,0,2025-05-04 01:45:00+00:00,1829.8709,STOP_LOSS,1,-7.59,1.0487,1.0426,2.6103,-9.68,-1.719
983,ETHUSDT,LONG,spot,BREAKOUT_ONLY,2025-05-04 02:00:00+00:00,1837.5487,1834.3691,7.4683,2025-05-04 02:15:00+00:00,1841.86,2025-05-04 02:15:00+00:00,1841.86,0.0,0.0,2025-05-04 02:30:00+00:00,1842.7809,0.662808,1221.41,1832.8754,1832.8754,0,2025-05-04 02:45:00+00:00,1830.0009,STOP_LOSS,1,-8.47,0.9771,0.9704,2.4301,-10.42,-1.587
979,BNBUSDT,LONG,spot,BREAKOUT_ONLY,2025-05-03 19:45:00+00:00,598.748,598.4132,0.7432,2025-05-03 20:00:00+00:00,599.54,2025-05-03 20:00:00+00:00,599.54,0.0,0.0,2025-05-03 20:15:00+00:00,599.8498,2.208689,1324.88,598.2646,598.2646,0,2025-05-04 03:00:00+00:00,597.3672,STOP_LOSS,27,-5.48,1.0599,1.0555,2.6415,-7.6,-2.17
984,ETHUSDT,LONG,spot,BREAKOUT_ONLY,2025-05-04 05:45:00+00:00,1837.4473,1834.8895,6.1971,2025-05-04 06:00:00+00:00,1843.72,2025-05-04 06:00:00+00:00,1843.72,0.0,0.0,2025-05-04 06:15:00+00:00,1844.6419,0.590198,1088.7,1833.6501,1833.6501,0,2025-05-04 08:15:00+00:00,1830.8996,STOP_LOSS,8,-8.11,0.871,0.8645,2.1652,-9.85,-1.518
985,ETHUSDT,LONG,spot,BREAKOUT_ONLY,2025-05-04 20:45:00+00:00,1831.8758,1830.7924,5.0602,2025-05-04 21:15:00+00:00,1834.96,2025-05-04 21:15:00+00:00,1834.96,0.0,0.0,2025-05-04 21:30:00+00:00,1835.8675,0.694353,1274.74,1829.7804,1829.7804,0,2025-05-04 22:00:00+00:00,1827.0357,STOP_LOSS,2,-6.13,1.0198,1.0149,2.5403,-8.17,-1.932
986,SOLUSDT,LONG,spot,BREAKOUT_ONLY,2025-05-05 06:30:00+00:00,145.9407,145.7171,0.5356,2025-05-05 06:45:00+00:00,146.79,2025-05-05 06:45:00+00:00,146.79,0.0,0.0,2025-05-05 07:00:00+00:00,146.8734,5.063488,743.69,145.61,145.61,0,2025-05-05 10:00:00+00:00,145.3916,STOP_LOSS,12,-7.5,0.595,0.589,1.4761,-8.69,-1.358
987,SOLUSDT,LONG,spot,BREAKOUT_ONLY,2025-05-05 19:00:00+00:00,145.5395,145.3305,0.6237,2025-05-05 19:15:00+00:00,146.83,2025-05-05 19:15:00+00:00,146.83,0.0,0.0,2025-05-05 19:30:00+00:00,146.9034,3.742731,549.82,145.2058,145.2058,0,2025-05-05 20:30:00+00:00,144.988,STOP_LOSS,4,-7.17,0.4399,0.4341,1.0889,-8.04,-1.266
988,ETHUSDT,LONG,spot,BREAKOUT_ONLY,2025-05-05 19:15:00+00:00,1814.6967,1812.2001,6.2774,2025-05-05 19:30:00+00:00,1817.99,2025-05-05 19:30:00+00:00,1817.99,0.0,0.0,2025-05-05 19:45:00+00:00,1818.899,0.691417,1257.62,1810.9446,1810.9446,0,2025-05-05 20:30:00+00:00,1808.2282,STOP_LOSS,3,-7.38,1.0061,1.0002,2.5042,-9.38,-1.706
989,ETHUSDT,LONG,spot,BREAKOUT_ONLY,2025-05-05 22:30:00+00:00,1816.6078,1813.9791,6.7209,2025-05-05 22:45:00+00:00,1826.09,2025-05-05 22:45:00+00:00,1826.09,0.0,0.0,2025-05-05 23:00:00+00:00,1827.003,0.436152,796.85,1812.635,1812.635,0,2025-05-06 00:30:00+00:00,1809.916,STOP_LOSS,6,-7.45,0.6375,0.6315,1.5825,-8.72,-1.392
990,BNBUSDT,LONG,spot,BREAKOUT_ONLY,2025-05-06 14:45:00+00:00,596.9295,596.4141,1.3517,2025-05-06 15:00:00+00:00,598.18,2025-05-06 15:00:00+00:00,598.18,0.0,0.0,2025-05-06 15:15:00+00:00,598.4891,2.058796,1232.17,596.1438,600.6361,3,2025-05-06 19:30:00+00:00,599.7352,TRAILING_STOP,17,2.57,0.9857,0.9878,2.4682,0.59,0.123
991,BTCUSDT,LONG,spot,BREAKOUT_ONLY,2025-05-06 18:15:00+00:00,94451.6808,94336.7489,259.6839,2025-05-06 18:30:00+00:00,94819.99,2025-05-06 18:30:00+00:00,94819.99,0.0,0.0,2025-05-06 18:45:00+00:00,94867.4,0.010725,1017.48,94284.8121,97136.8616,16,2025-05-07 02:00:00+00:00,96991.1563,TRAILING_STOP,29,22.78,0.814,0.8322,2.0691,21.13,3.382
992,SOLUSDT,LONG,spot,BREAKOUT_ONLY,2025-05-06 22:15:00+00:00,144.5014,144.156,0.8168,2025-05-06 22:30:00+00:00,146.44,2025-05-06 22:30:00+00:00,146.44,0.0,0.0,2025-05-06 22:45:00+00:00,146.5132,2.498062,366.0,143.9926,147.9661,6,2025-05-07 02:00:00+00:00,147.7442,TRAILING_STOP,13,3.07,0.2928,0.2953,0.7366,2.49,0.395
993,SOLUSDT,LONG,spot,BREAKOUT_ONLY,2025-05-07 20:45:00+00:00,146.3467,146.1405,0.9137,2025-05-07 21:15:00+00:00,147.39,2025-05-07 21:15:00+00:00,147.39,0.0,0.0,2025-05-07 21:30:00+00:00,147.4737,4.184857,617.16,145.9577,148.4022,1,2025-05-08 01:15:00+00:00,148.1796,TRAILING_STOP,15,2.95,0.4937,0.4961,1.2387,1.96,0.31
995,BNBUSDT,LONG,spot,BREAKOUT_ONLY,2025-05-08 01:30:00+00:00,601.9374,601.8638,1.2872,2025-05-08 02:15:00+00:00,605.32,2025-05-08 02:15:00+00:00,605.32,0.0,0.0,2025-05-08 02:30:00+00:00,605.6327,1.582675,958.52,601.6063,608.8124,4,2025-05-08 04:45:00+00:00,607.8992,TRAILING_STOP,9,3.59,0.7668,0.7697,1.9224,2.05,0.322
994,ETHUSDT,LONG,spot,BREAKOUT_ONLY,2025-05-08 00:00:00+00:00,1813.477,1810.3878,7.5449,2025-05-08 00:45:00+00:00,1827.13,2025-05-08 00:45:00+00:00,1827.13,0.0,0.0,2025-05-08 01:00:00+00:00,1828.0336,0.332589,607.98,1808.8788,1926.6765,26,2025-05-08 09:00:00+00:00,1935.2319,TIME_EXIT_8H,32,35.65,0.4864,0.5149,0.6258,34.65,5.439
996,ETHUSDT,LONG,spot,BREAKOUT_ONLY,2025-05-11 19:00:00+00:00,2496.5986,2488.2163,17.9845,2025-05-11 19:15:00+00:00,2516.03,2025-05-11 19:15:00+00:00,2516.03,0.0,0.0,2025-05-11 19:30:00+00:00,2517.288,0.200114,503.75,2484.6194,2484.6194,0,2025-05-11 22:30:00+00:00,2480.8925,STOP_LOSS,12,-7.28,0.403,0.3972,0.9966,-8.08,-1.236
997,BTCUSDT,LONG,spot,BREAKOUT_ONLY,2025-05-11 22:45:00+00:00,104157.7737,104050.6667,327.0498,2025-05-12 00:00:00+00:00,104328.04,2025-05-12 00:00:00+00:00,104328.04,0.0,0.0,2025-05-12 00:15:00+00:00,104380.204,0.012324,1286.41,103985.2567,104456.8554,1,2025-05-12 01:15:00+00:00,104300.1701,TRAILING_STOP,4,-0.99,1.0291,1.0283,2.5713,-3.04,-0.625
998,SOLUSDT,LONG,spot,BREAKOUT_ONLY,2025-05-12 00:30:00+00:00,172.9851,172.8352,0.9798,2025-05-12 00:45:00+00:00,174.52,2025-05-12 00:45:00+00:00,174.52,0.0,0.0,2025-05-12 01:00:00+00:00,174.5973,3.327082,580.9,172.6392,172.6392,0,2025-05-12 01:30:00+00:00,172.3803,STOP_LOSS,2,-7.38,0.4647,0.4588,1.1507,-8.3,-1.274
999,BTCUSDT,LONG,spot,BREAKOUT_ONLY,2025-05-12 00:45:00+00:00,104193.6343,104075.2225,277.0411,2025-05-12 01:00:00+00:00,104748.0,2025-05-12 01:00:00+00:00,104748.0,0.0,0.0,2025-05-12 01:15:00+00:00,104800.364,0.0083,869.79,104019.8142,104019.8142,0,2025-05-12 01:30:00+00:00,103863.7845,STOP_LOSS,1,-7.77,0.6958,0.6896,1.7279,-9.16,-1.414
1001,BNBUSDT,LONG,spot,BREAKOUT_ONLY,2025-05-12 03:45:00+00:00,654.0478,653.1976,2.4188,2025-05-12 04:00:00+00:00,656.63,2025-05-12 04:00:00+00:00,656.63,0.0,0.0,2025-05-12 04:15:00+00:00,656.9483,1.509011,991.34,652.7138,652.7138,0,2025-05-12 05:15:00+00:00,651.7347,STOP_LOSS,4,-7.87,0.7931,0.7868,1.9709,-9.45,-1.478
1000,SOLUSDT,LONG,spot,BREAKOUT_ONLY,2025-05-12 01:30:00+00:00,173.4362,173.0727,1.3662,2025-05-12 02:00:00+00:00,174.7,2025-05-12 02:00:00+00:00,174.7,0.0,0.0,2025-05-12 02:15:00+00:00,174.7974,3.200595,559.46,172.7994,176.792,2,2025-05-12 07:45:00+00:00,176.5268,TRAILING_STOP,22,5.54,0.4476,0.452,1.1272,4.64,0.725
1002,BNBUSDT,LONG,spot,BREAKOUT_ONLY,2025-05-12 04:45:00+00:00,654.2189,653.6852,2.2786,2025-05-12 06:00:00+00:00,655.59,2025-05-12 06:00:00+00:00,655.59,0.0,0.0,2025-05-12 06:15:00+00:00,655.9278,1.915332,1256.32,653.2294,661.6982,3,2025-05-12 07:45:00+00:00,660.7057,TRAILING_STOP,6,9.15,1.0051,1.0124,2.5264,7.13,1.38
1003,BTCUSDT,LONG,spot,BREAKOUT_ONLY,2025-05-12 08:15:00+00:00,104368.8011,104145.7197,466.6818,2025-05-12 08:45:00+00:00,104614.04,2025-05-12 08:45:00+00:00,104614.04,0.0,0.0,2025-05-12 09:00:00+00:00,104666.357,0.010434,1092.08,104052.3833,104052.3833,0,2025-05-12 11:45:00+00:00,103896.3047,STOP_LOSS,11,-8.03,0.8737,0.8672,2.1721,-9.78,-1.526
1004,BTCUSDT,LONG,spot,BREAKOUT_ONLY,2025-05-14 10:45:00+00:00,103700.9962,103613.2704,238.9953,2025-05-14 11:00:00+00:00,103952.39,2025-05-14 11:00:00+00:00,103952.39,0.0,0.0,2025-05-14 11:15:00+00:00,104004.3662,0.012103,1258.74,103565.4713,103565.4713,0,2025-05-14 13:45:00+00:00,103410.1231,STOP_LOSS,10,-7.19,1.007,1.0012,2.5067,-9.2,-1.732
1006,BTCUSDT,LONG,spot,BREAKOUT_ONLY,2025-05-15 00:30:00+00:00,103577.1418,103546.5694,142.1266,2025-05-15 00:45:00+00:00,103801.85,2025-05-15 00:45:00+00:00,103801.85,0.0,0.0,2025-05-15 01:00:00+00:00,103853.7509,0.012029,1249.25,103518.1441,103518.1441,0,2025-05-15 01:15:00+00:00,103362.8669,STOP_LOSS,1,-5.9,0.9994,0.9947,2.4896,-7.9,-1.957
1005,ETHUSDT,LONG,spot,BREAKOUT_ONLY,2025-05-15 00:00:00+00:00,2604.7741,2601.5987,11.4785,2025-05-15 00:15:00+00:00,2632.7,2025-05-15 00:15:00+00:00,2632.7,0.0,0.0,2025-05-15 00:30:00+00:00,2634.0163,0.181811,478.89,2599.303,2599.303,0,2025-05-15 01:30:00+00:00,2595.404,STOP_LOSS,4,-7.02,0.3831,0.3775,0.9473,-7.78,-1.233
1007,BNBUSDT,LONG,spot,BREAKOUT_ONLY,2025-05-15 13:00:00+00:00,652.0094,651.0206,2.2975,2025-05-15 13:15:00+00:00,653.3,2025-05-15 13:15:00+00:00,653.3,0.0,0.0,2025-05-15 13:30:00+00:00,653.6266,1.888089,1234.11,650.5611,650.5611,0,2025-05-15 13:45:00+00:00,649.5853,STOP_LOSS,1,-7.63,0.9873,0.9812,2.4568,-9.6,-1.658
1008,BNBUSDT,LONG,spot,BREAKOUT_ONLY,2025-05-15 16:15:00+00:00,651.7694,651.0462,2.9935,2025-05-15 16:30:00+00:00,658.51,2025-05-15 16:30:00+00:00,658.51,0.0,0.0,2025-05-15 16:45:00+00:00,658.8293,0.737893,486.15,650.4475,650.4475,0,2025-05-15 18:30:00+00:00,649.4718,STOP_LOSS,7,-6.9,0.3889,0.3834,0.9619,-7.68,-1.241
1010,ETHUSDT,LONG,spot,BREAKOUT_ONLY,2025-05-16 02:30:00+00:00,2558.728,2552.0165,16.4522,2025-05-16 02:45:00+00:00,2573.8,2025-05-16 02:45:00+00:00,2573.8,0.0,0.0,2025-05-16 03:00:00+00:00,2575.0969,0.233302,600.77,2548.7261,2593.4583,2,2025-05-16 08:15:00+00:00,2589.5681,TRAILING_STOP,21,3.38,0.4806,0.4833,1.2066,2.41,0.392
1009,BNBUSDT,LONG,spot,BREAKOUT_ONLY,2025-05-16 02:15:00+00:00,652.3908,652.3182,2.8431,2025-05-16 02:30:00+00:00,656.41,2025-05-16 02:30:00+00:00,656.41,0.0,0.0,2025-05-16 02:45:00+00:00,656.7382,1.232087,809.16,651.7495,651.7495,0,2025-05-16 08:30:00+00:00,650.7719,STOP_LOSS,23,-7.35,0.6473,0.6414,1.6073,-8.64,-1.406
1011,BTCUSDT,LONG,spot,BREAKOUT_ONLY,2025-05-16 14:45:00+00:00,103673.8665,103555.9596,310.0338,2025-05-16 15:00:00+00:00,104099.89,2025-05-16 15:00:00+00:00,104099.89,0.0,0.0,2025-05-16 15:15:00+00:00,104151.9299,0.009294,968.0,103493.9529,103493.9529,0,2025-05-16 22:00:00+00:00,103338.7119,STOP_LOSS,27,-7.56,0.7744,0.7684,1.9247,-9.1,-1.488
1012,BNBUSDT,LONG,spot,BREAKOUT_ONLY,2025-05-18 23:00:00+00:00,645.2909,644.43,2.6816,2025-05-18 23:15:00+00:00,647.8,2025-05-18 23:15:00+00:00,647.8,0.0,0.0,2025-05-18 23:30:00+00:00,648.1239,1.434864,929.97,643.8936,648.0534,3,2025-05-19 00:30:00+00:00,647.0813,TRAILING_STOP,4,-1.5,0.744,0.7428,1.8577,-2.98,-0.491
1013,BNBUSDT,LONG,spot,BREAKOUT_ONLY,2025-05-19 00:00:00+00:00,646.2111,645.4698,2.7642,2025-05-19 00:15:00+00:00,649.01,2025-05-19 00:15:00+00:00,649.01,0.0,0.0,2025-05-19 00:30:00+00:00,649.3345,1.370642,890.01,644.9169,644.9169,0,2025-05-19 01:00:00+00:00,643.9496,STOP_LOSS,2,-7.38,0.712,0.7061,1.7689,-8.8,-1.453
1014,BNBUSDT,LONG,spot,BREAKOUT_ONLY,2025-05-19 15:45:00+00:00,642.0457,641.1667,1.9195,2025-05-19 16:00:00+00:00,644.99,2025-05-19 16:00:00+00:00,644.99,0.0,0.0,2025-05-19 16:15:00+00:00,645.3025,1.329955,858.22,640.7828,649.1366,5,2025-05-19 23:30:00+00:00,648.1629,TRAILING_STOP,29,3.8,0.6866,0.6896,1.7222,2.43,0.404
1015,BTCUSDT,LONG,spot,BREAKOUT_ONLY,2025-05-19 16:00:00+00:00,103759.0115,103578.6179,386.7757,2025-05-19 16:15:00+00:00,105108.01,2025-05-19 16:15:00+00:00,105108.01,0.0,0.0,2025-05-19 16:30:00+00:00,105160.554,0.003621,380.76,103501.2628,103501.2628,0,2025-05-20 00:30:00+00:00,105861.5128,TIME_EXIT_8H,32,2.54,0.3046,0.3066,0.382,1.93,0.321
1017,SOLUSDT,LONG,spot,BREAKOUT_ONLY,2025-05-20 17:45:00+00:00,166.7177,166.5656,0.9034,2025-05-20 18:00:00+00:00,167.61,2025-05-20 18:00:00+00:00,167.61,0.0,0.0,2025-05-20 18:15:00+00:00,167.6838,4.635552,777.31,166.3849,166.3849,0,2025-05-20 18:30:00+00:00,165.741,STOP_LOSS,1,-9.01,0.6218,0.6146,1.5411,-10.24,-1.701
1018,BNBUSDT,LONG,spot,BREAKOUT_ONLY,2025-05-20 19:30:00+00:00,645.8567,645.3502,1.6259,2025-05-20 19:45:00+00:00,648.05,2025-05-20 19:45:00+00:00,648.05,0.0,0.0,2025-05-20 20:00:00+00:00,648.374,1.78885,1159.84,645.025,649.8888,1,2025-05-20 23:45:00+00:00,648.914,TRAILING_STOP,15,0.97,0.9279,0.9286,2.3211,-0.89,-0.149
1016,BTCUSDT,LONG,spot,BREAKOUT_ONLY,2025-05-20 16:30:00+00:00,105109.6899,105003.3233,326.6357,2025-05-20 17:00:00+00:00,106103.86,2025-05-20 17:00:00+00:00,106103.86,0.0,0.0,2025-05-20 17:15:00+00:00,106156.9219,0.004949,525.39,104937.9961,104937.9961,0,2025-05-21 01:15:00+00:00,106733.4666,TIME_EXIT_8H,32,2.85,0.4203,0.4226,0.5268,2.01,0.333
1019,ETHUSDT,LONG,spot,BREAKOUT_ONLY,2025-05-20 23:30:00+00:00,2506.6943,2500.727,16.0101,2025-05-20 23:45:00+00:00,2524.19,2025-05-20 23:45:00+00:00,2524.19,0.0,0.0,2025-05-21 00:00:00+00:00,2525.4521,0.214695,542.2,2497.525,2581.2129,14,2025-05-21 07:00:00+00:00,2577.3411,TRAILING_STOP,28,11.14,0.4338,0.4427,1.1011,10.26,1.712
1020,SOLUSDT,LONG,spot,BREAKOUT_ONLY,2025-05-21 19:30:00+00:00,169.5317,169.0723,1.9454,2025-05-21 19:45:00+00:00,171.14,2025-05-21 19:45:00+00:00,171.14,0.0,0.0,2025-05-21 20:00:00+00:00,171.2256,2.375163,406.69,168.6833,173.3571,7,2025-05-22 01:30:00+00:00,173.0971,TRAILING_STOP,22,4.45,0.3254,0.3289,0.82,3.79,0.628
1021,ETHUSDT,LONG,spot,BREAKOUT_ONLY,2025-05-21 23:45:00+00:00,2527.4893,2526.2277,23.4686,2025-05-22 00:00:00+00:00,2558.11,2025-05-22 00:00:00+00:00,2558.11,0.0,0.0,2025-05-22 00:15:00+00:00,2559.3891,0.160279,410.22,2521.534,2611.6124,14,2025-05-22 05:45:00+00:00,2607.695,TRAILING_STOP,22,7.74,0.3282,0.3344,0.832,7.08,1.167
1022,BTCUSDT,LONG,spot,BREAKOUT_ONLY,2025-05-25 22:30:00+00:00,107745.7791,107589.9977,400.3087,2025-05-25 22:45:00+00:00,109166.0,2025-05-25 22:45:00+00:00,109166.0,0.0,0.0,2025-05-25 23:00:00+00:00,109220.573,0.003562,389.01,107509.936,107509.936,0,2025-05-26 07:00:00+00:00,109781.3419,TIME_EXIT_8H,32,2.0,0.3112,0.3128,0.39,1.37,0.225
1023,ETHUSDT,LONG,spot,BREAKOUT_ONLY,2025-05-26 21:15:00+00:00,2552.3929,2550.0208,9.9509,2025-05-26 21:30:00+00:00,2559.59,2025-05-26 21:30:00+00:00,2559.59,0.0,0.0,2025-05-26 21:45:00+00:00,2560.8798,0.471606,1207.73,2548.0306,2561.1169,1,2025-05-26 22:30:00+00:00,2557.2752,TRAILING_STOP,3,-1.7,0.9662,0.9648,2.4129,-3.63,-0.599
1024,ETHUSDT,LONG,spot,BREAKOUT_ONLY,2025-05-26 22:15:00+00:00,2555.6508,2551.2282,12.3164,2025-05-26 22:30:00+00:00,2561.89,2025-05-26 22:30:00+00:00,2561.89,0.0,0.0,2025-05-26 22:45:00+00:00,2563.1709,0.422148,1082.04,2548.7649,2548.7649,0,2025-05-27 01:00:00+00:00,2544.9418,STOP_LOSS,9,-7.7,0.8656,0.8595,2.1525,-9.42,-1.549
1025,BNBUSDT,LONG,spot,BREAKOUT_ONLY,2025-05-27 03:15:00+00:00,672.6062,672.1521,1.7782,2025-05-27 03:30:00+00:00,673.6,2025-05-27 03:30:00+00:00,673.6,0.0,0.0,2025-05-27 03:45:00+00:00,673.9368,1.772874,1194.81,671.7965,678.0165,3,2025-05-27 06:45:00+00:00,676.9995,TRAILING_STOP,12,5.43,0.9558,0.9602,2.3978,3.51,0.926
1026,ETHUSDT,LONG,spot,BREAKOUT_ONLY,2025-05-27 03:30:00+00:00,2550.51,2547.3461,11.2618,2025-05-27 04:15:00+00:00,2559.29,2025-05-27 04:15:00+00:00,2559.29,0.0,0.0,2025-05-27 04:30:00+00:00,2560.5596,0.3906,1000.15,2545.0938,2582.7748,3,2025-05-27 06:45:00+00:00,2578.9006,TRAILING_STOP,9,7.16,0.8001,0.8059,2.0111,5.56,0.92
1027,BTCUSDT,LONG,spot,BREAKOUT_ONLY,2025-05-27 07:15:00+00:00,109090.0247,108973.5788,289.146,2025-05-27 07:30:00+00:00,109495.23,2025-05-27 07:30:00+00:00,109495.23,0.0,0.0,2025-05-27 07:45:00+00:00,109549.9776,0.009586,1050.15,108915.7496,110069.9803,2,2025-05-27 13:30:00+00:00,109904.8753,TRAILING_STOP,23,3.4,0.8401,0.8428,2.1054,1.72,0.283
1028,SOLUSDT,LONG,spot,BREAKOUT_ONLY,2025-05-27 08:30:00+00:00,174.7077,174.4219,0.8483,2025-05-27 08:45:00+00:00,175.85,2025-05-27 08:45:00+00:00,175.85,0.0,0.0,2025-05-27 09:00:00+00:00,175.9279,3.630587,638.72,174.2523,177.4547,2,2025-05-27 13:45:00+00:00,177.1886,TRAILING_STOP,19,4.58,0.511,0.5146,1.2843,3.55,0.584
1029,BNBUSDT,LONG,spot,BREAKOUT_ONLY,2025-05-28 11:00:00+00:00,684.0388,683.6321,1.4352,2025-05-28 11:15:00+00:00,684.97,2025-05-28 11:15:00+00:00,684.97,0.0,0.0,2025-05-28 11:30:00+00:00,685.3125,1.764164,1209.0,683.345,686.5514,4,2025-05-28 13:15:00+00:00,685.5215,TRAILING_STOP,7,0.37,0.9672,0.9675,2.4186,-1.57,-0.451
1030,ETHUSDT,LONG,spot,BREAKOUT_ONLY,2025-05-28 11:15:00+00:00,2640.5806,2636.5427,9.5879,2025-05-28 11:30:00+00:00,2650.19,2025-05-28 11:30:00+00:00,2650.19,0.0,0.0,2025-05-28 11:45:00+00:00,2651.5051,0.362561,961.33,2634.6252,2662.1457,3,2025-05-28 13:45:00+00:00,2658.1525,TRAILING_STOP,8,2.41,0.7691,0.771,1.9263,0.87,0.142
1031,ETHUSDT,LONG,spot,BREAKOUT_ONLY,2025-05-28 17:30:00+00:00,2643.9617,2640.6499,13.8981,2025-05-28 17:45:00+00:00,2652.8,2025-05-28 17:45:00+00:00,2652.8,0.0,0.0,2025-05-28 18:00:00+00:00,2654.1264,0.375403,996.37,2637.8703,2637.8703,0,2025-05-28 18:45:00+00:00,2633.9135,STOP_LOSS,3,-7.59,0.7971,0.791,1.9814,-9.18,-1.504
1032,BNBUSDT,LONG,spot,BREAKOUT_ONLY,2025-05-28 17:30:00+00:00,684.4893,684.1367,1.9464,2025-05-28 17:45:00+00:00,686.08,2025-05-28 17:45:00+00:00,686.08,0.0,0.0,2025-05-28 18:00:00+00:00,686.433,1.759131,1207.53,683.7474,683.7474,0,2025-05-28 19:30:00+00:00,682.7218,STOP_LOSS,6,-6.53,0.966,0.9608,2.4053,-8.46,-1.79
1033,BNBUSDT,LONG,spot,BREAKOUT_ONLY,2025-05-28 20:15:00+00:00,685.3143,684.4915,2.0168,2025-05-28 20:30:00+00:00,687.24,2025-05-28 20:30:00+00:00,687.24,0.0,0.0,2025-05-28 20:45:00+00:00,687.5936,1.715735,1179.73,684.0882,688.3781,3,2025-05-29 02:15:00+00:00,687.3455,TRAILING_STOP,22,-0.43,0.9438,0.9434,2.3588,-2.31,-0.385
1034,ETHUSDT,LONG,spot,BREAKOUT_ONLY,2025-05-28 20:45:00+00:00,2640.6252,2636.5319,13.7373,2025-05-28 21:45:00+00:00,2652.25,2025-05-28 21:45:00+00:00,2652.25,0.0,0.0,2025-05-28 22:00:00+00:00,2653.5761,0.303084,804.26,2633.7844,2751.1011,15,2025-05-29 03:30:00+00:00,2746.9745,TRAILING_STOP,22,28.31,0.6434,0.6661,1.651,27.0,4.501
1035,BNBUSDT,LONG,spot,BREAKOUT_ONLY,2025-05-29 08:30:00+00:00,685.5715,685.2735,1.3192,2025-05-29 08:45:00+00:00,688.37,2025-05-29 08:45:00+00:00,688.37,0.0,0.0,2025-05-29 09:00:00+00:00,688.7142,1.65687,1141.11,685.0097,685.0097,0,2025-05-29 10:30:00+00:00,683.9822,STOP_LOSS,6,-7.84,0.9129,0.9066,2.2705,-9.66,-1.574
1036,BTCUSDT,LONG,spot,BREAKOUT_ONLY,2025-06-01 15:15:00+00:00,104359.656,104299.688,204.3125,2025-06-01 15:30:00+00:00,104748.22,2025-06-01 15:30:00+00:00,104748.22,0.0,0.0,2025-06-01 15:45:00+00:00,104800.6041,0.01124,1177.95,104258.8255,105446.3022,8,2025-06-01 23:45:00+00:00,105590.1085,TIME_EXIT_8H,32,8.87,0.9424,0.9495,1.1824,6.98,1.147
1037,ETHUSDT,LONG,spot,BREAKOUT_ONLY,2025-06-02 14:45:00+00:00,2507.5055,2502.5644,15.7305,2025-06-02 15:00:00+00:00,2535.53,2025-06-02 15:00:00+00:00,2535.53,0.0,0.0,2025-06-02 15:15:00+00:00,2536.7978,0.163846,415.65,2499.4183,2580.6624,5,2025-06-02 23:15:00+00:00,2605.7065,TIME_EXIT_8H,32,11.29,0.3325,0.3415,0.4213,10.62,1.733
1038,BNBUSDT,LONG,spot,BREAKOUT_ONLY,2025-06-02 16:45:00+00:00,655.8275,655.5682,1.637,2025-06-02 17:00:00+00:00,658.53,2025-06-02 17:00:00+00:00,658.53,0.0,0.0,2025-06-02 17:15:00+00:00,658.8593,1.693805,1115.98,655.2408,668.5641,15,2025-06-03 01:15:00+00:00,672.3736,TIME_EXIT_8H,32,22.89,0.8928,0.9111,1.1274,21.09,3.441
1039,BTCUSDT,LONG,spot,BREAKOUT_ONLY,2025-06-04 01:30:00+00:00,105664.3636,105562.6875,209.7231,2025-06-04 02:00:00+00:00,105772.12,2025-06-04 02:00:00+00:00,105772.12,0.0,0.0,2025-06-04 02:15:00+00:00,105825.0061,0.011756,1244.03,105520.7429,105520.7429,0,2025-06-04 02:30:00+00:00,105362.4617,STOP_LOSS,1,-5.44,0.9952,0.9909,2.4799,-7.42,-2.075
1040,BNBUSDT,LONG,spot,BREAKOUT_ONLY,2025-06-04 02:15:00+00:00,664.0008,663.7862,1.3824,2025-06-04 02:30:00+00:00,667.08,2025-06-04 02:30:00+00:00,667.08,0.0,0.0,2025-06-04 02:45:00+00:00,667.4035,1.604044,1070.54,663.5097,669.8464,3,2025-06-04 09:00:00+00:00,668.8416,TRAILING_STOP,25,2.31,0.8564,0.8583,2.1445,0.59,0.095
1041,BTCUSDT,LONG,spot,BREAKOUT_ONLY,2025-06-04 10:00:00+00:00,105532.3073,105521.0018,167.2534,2025-06-04 10:15:00+00:00,105734.34,2025-06-04 10:15:00+00:00,105734.34,0.0,0.0,2025-06-04 10:30:00+00:00,105787.2072,0.011696,1237.27,105487.5511,105487.5511,0,2025-06-04 11:15:00+00:00,105329.3198,STOP_LOSS,3,-5.36,0.9898,0.9855,2.4665,-7.33,-2.092
1042,ETHUSDT,LONG,spot,BREAKOUT_ONLY,2025-06-04 14:45:00+00:00,2624.615,2618.3901,13.835,2025-06-04 15:00:00+00:00,2645.54,2025-06-04 15:00:00+00:00,2645.54,0.0,0.0,2025-06-04 15:15:00+00:00,2646.8628,0.198856,526.34,2615.6231,2648.6984,3,2025-06-04 16:30:00+00:00,2644.7253,TRAILING_STOP,5,-0.43,0.4211,0.4207,1.052,-1.27,-0.204
1043,ETHUSDT,LONG,spot,BREAKOUT_ONLY,2025-06-05 03:45:00+00:00,2620.5749,2618.1326,8.2153,2025-06-05 04:00:00+00:00,2625.48,2025-06-05 04:00:00+00:00,2625.48,0.0,0.0,2025-06-05 04:15:00+00:00,2626.7927,0.467779,1228.76,2616.4895,2616.4895,0,2025-06-05 05:30:00+00:00,2612.5648,STOP_LOSS,5,-6.66,0.983,0.9777,2.4475,-8.62,-1.788
1044,BNBUSDT,LONG,spot,BREAKOUT_ONLY,2025-06-05 06:45:00+00:00,666.3556,666.2213,1.0591,2025-06-05 07:00:00+00:00,667.43,2025-06-05 07:00:00+00:00,667.43,0.0,0.0,2025-06-05 07:15:00+00:00,667.7737,1.827308,1220.23,666.0095,668.2171,6,2025-06-05 10:00:00+00:00,667.2147,TRAILING_STOP,11,-1.02,0.9762,0.9754,2.4389,-2.97,-0.922
1045,SOLUSDT,LONG,spot,BREAKOUT_ONLY,2025-06-07 05:15:00+00:00,149.0876,148.9495,0.5662,2025-06-07 05:30:00+00:00,151.05,2025-06-07 05:30:00+00:00,151.05,0.0,0.0,2025-06-07 05:45:00+00:00,151.1255,2.685565,405.86,148.8363,148.8363,0,2025-06-07 13:45:00+00:00,151.7541,TIME_EXIT_8H,32,1.69,0.3247,0.326,0.4067,1.04,0.169
1046,ETHUSDT,LONG,spot,BREAKOUT_ONLY,2025-06-08 12:00:00+00:00,2510.7443,2508.4943,6.3605,2025-06-08 13:30:00+00:00,2518.41,2025-06-08 13:30:00+00:00,2518.41,0.0,0.0,2025-06-08 13:45:00+00:00,2519.6692,0.483521,1218.31,2507.2222,2507.2222,0,2025-06-08 14:00:00+00:00,2503.4614,STOP_LOSS,1,-7.84,0.9746,0.9684,2.4249,-9.78,-1.625
1047,BNBUSDT,LONG,spot,BREAKOUT_ONLY,2025-06-08 13:15:00+00:00,649.7438,649.5115,0.6452,2025-06-08 13:30:00+00:00,651.13,2025-06-08 13:30:00+00:00,651.13,0.0,0.0,2025-06-08 13:45:00+00:00,651.4656,1.868629,1217.35,649.3825,652.1164,2,2025-06-08 17:45:00+00:00,651.1383,TRAILING_STOP,16,-0.61,0.9739,0.9734,2.4338,-2.56,-0.657
1048,ETHUSDT,LONG,spot,BREAKOUT_ONLY,2025-06-08 14:45:00+00:00,2510.5319,2509.667,7.6218,2025-06-08 15:00:00+00:00,2518.59,2025-06-08 15:00:00+00:00,2518.59,0.0,0.0,2025-06-08 15:15:00+00:00,2519.8593,0.479259,1207.67,2508.1427,2520.7467,4,2025-06-08 18:00:00+00:00,2516.9656,TRAILING_STOP,11,-1.39,0.9661,0.965,2.4133,-3.32,-0.591
1049,BTCUSDT,LONG,spot,BREAKOUT_ONLY,2025-06-09 09:15:00+00:00,105699.4896,105687.734,162.9413,2025-06-09 09:30:00+00:00,106609.99,2025-06-09 09:30:00+00:00,106609.99,0.0,0.0,2025-06-09 09:45:00+00:00,106663.295,0.006026,642.72,105655.1457,107462.5964,8,2025-06-09 13:30:00+00:00,107301.4025,TRAILING_STOP,15,3.85,0.5142,0.5173,1.2912,2.81,0.463
1050,SOLUSDT,LONG,spot,BREAKOUT_ONLY,2025-06-09 10:00:00+00:00,151.8428,151.5432,0.911,2025-06-09 10:15:00+00:00,154.84,2025-06-09 10:15:00+00:00,154.84,0.0,0.0,2025-06-09 10:30:00+00:00,154.9174,1.712093,265.23,151.361,151.361,0,2025-06-09 18:30:00+00:00,156.1419,TIME_EXIT_8H,32,2.1,0.2122,0.2139,0.2663,1.67,0.274
1051,BTCUSDT,LONG,spot,BREAKOUT_ONLY,2025-06-11 13:00:00+00:00,109497.1197,109413.8049,232.7028,2025-06-11 13:15:00+00:00,109810.21,2025-06-11 13:15:00+00:00,109810.21,0.0,0.0,2025-06-11 13:30:00+00:00,109865.1251,0.010988,1207.25,109367.2644,109367.2644,0,2025-06-11 13:45:00+00:00,109203.2135,STOP_LOSS,1,-7.27,0.9658,0.96,2.4036,-9.2,-1.682
1052,BTCUSDT,LONG,spot,BREAKOUT_ONLY,2025-06-11 14:00:00+00:00,109575.8559,109443.3703,311.8436,2025-06-11 14:15:00+00:00,110240.01,2025-06-11 14:15:00+00:00,110240.01,0.0,0.0,2025-06-11 14:30:00+00:00,110295.13,0.00662,730.12,109381.0016,109381.0016,0,2025-06-11 16:00:00+00:00,109216.9301,STOP_LOSS,6,-7.14,0.5841,0.5784,1.4495,-8.3,-1.372
1053,BNBUSDT,LONG,spot,BREAKOUT_ONLY,2025-06-12 01:15:00+00:00,667.6409,667.0347,1.5393,2025-06-12 01:30:00+00:00,668.45,2025-06-12 01:30:00+00:00,668.45,0.0,0.0,2025-06-12 01:45:00+00:00,668.7842,1.779239,1189.93,666.7268,666.7268,0,2025-06-12 03:15:00+00:00,665.7268,STOP_LOSS,6,-5.44,0.9519,0.9476,2.3717,-7.34,-2.005
1054,BTCUSDT,LONG,spot,BREAKOUT_ONLY,2025-06-15 13:30:00+00:00,105253.1624,105227.1262,190.4672,2025-06-15 13:45:00+00:00,105515.97,2025-06-15 13:45:00+00:00,105515.97,0.0,0.0,2025-06-15 14:00:00+00:00,105568.728,0.011203,1182.66,105189.0327,105189.0327,0,2025-06-15 19:30:00+00:00,105031.2492,STOP_LOSS,22,-6.02,0.9461,0.9413,2.3563,-7.91,-1.859
1055,ETHUSDT,LONG,spot,BREAKOUT_ONLY,2025-06-15 23:30:00+00:00,2534.495,2533.349,10.4289,2025-06-15 23:45:00+00:00,2547.61,2025-06-15 23:45:00+00:00,2547.61,0.0,0.0,2025-06-16 00:00:00+00:00,2548.8938,0.336546,857.82,2531.2633,2531.2633,0,2025-06-16 01:00:00+00:00,2527.4664,STOP_LOSS,4,-7.21,0.6863,0.6805,1.7048,-8.58,-1.446
1056,BTCUSDT,LONG,spot,BREAKOUT_ONLY,2025-06-15 23:45:00+00:00,105280.5418,105243.755,210.3489,2025-06-16 00:00:00+00:00,105509.36,2025-06-16 00:00:00+00:00,105509.36,0.0,0.0,2025-06-16 00:15:00+00:00,105562.1147,0.011123,1174.15,105201.6853,105201.6853,0,2025-06-16 01:00:00+00:00,105043.8827,STOP_LOSS,3,-5.76,0.9393,0.9347,2.3397,-7.64,-1.905
1057,ETHUSDT,LONG,spot,BREAKOUT_ONLY,2025-06-16 00:30:00+00:00,2537.9292,2534.2411,10.0356,2025-06-16 00:45:00+00:00,2544.87,2025-06-16 00:45:00+00:00,2544.87,0.0,0.0,2025-06-16 01:00:00+00:00,2546.1524,0.420479,1070.6,2532.234,2532.234,0,2025-06-16 01:15:00+00:00,2521.6019,STOP_LOSS,1,-10.32,0.8565,0.8482,2.1257,-12.03,-2.055
1059,ETHUSDT,LONG,spot,BREAKOUT_ONLY,2025-06-16 02:00:00+00:00,2541.3472,2535.3129,15.7216,2025-06-16 02:15:00+00:00,2569.67,2025-06-16 02:15:00+00:00,2569.67,0.0,0.0,2025-06-16 02:30:00+00:00,2570.9448,0.149512,384.39,2532.1686,2620.8096,14,2025-06-16 09:30:00+00:00,2616.8784,TRAILING_STOP,28,6.87,0.3075,0.313,0.7791,6.25,1.078
1058,BTCUSDT,LONG,spot,BREAKOUT_ONLY,2025-06-16 00:45:00+00:00,105324.376,105296.632,236.5235,2025-06-16 01:30:00+00:00,105600.0,2025-06-16 01:30:00+00:00,105600.0,0.0,0.0,2025-06-16 01:45:00+00:00,105652.8,0.010855,1146.87,105249.3273,106919.9382,20,2025-06-16 09:45:00+00:00,106759.5583,TRAILING_STOP,32,12.01,0.9175,0.9271,2.3118,10.17,2.322
1060,BNBUSDT,LONG,spot,BREAKOUT_ONLY,2025-06-17 03:15:00+00:00,654.994,654.2927,1.5591,2025-06-17 03:30:00+00:00,655.84,2025-06-17 03:30:00+00:00,655.84,0.0,0.0,2025-06-17 03:45:00+00:00,656.1779,1.772571,1163.12,653.9808,656.6888,1,2025-06-17 07:15:00+00:00,655.7037,TRAILING_STOP,14,-0.84,0.9305,0.9298,2.325,-2.7,-0.694
1061,ETHUSDT,LONG,spot,BREAKOUT_ONLY,2025-06-19 23:00:00+00:00,2515.411,2513.1884,8.6859,2025-06-19 23:15:00+00:00,2522.36,2025-06-19 23:15:00+00:00,2522.36,0.0,0.0,2025-06-19 23:30:00+00:00,2523.6212,0.459835,1160.45,2511.4512,2511.4512,0,2025-06-20 04:15:00+00:00,2507.6841,STOP_LOSS,19,-7.33,0.9284,0.9225,2.3099,-9.18,-1.64
1063,ETHUSDT,LONG,spot,BREAKOUT_ONLY,2025-06-20 06:45:00+00:00,2517.1033,2516.628,5.3864,2025-06-20 07:00:00+00:00,2526.08,2025-06-20 07:00:00+00:00,2526.08,0.0,0.0,2025-06-20 07:15:00+00:00,2527.353,0.455199,1150.45,2515.5507,2550.2142,4,2025-06-20 08:30:00+00:00,2546.3889,TRAILING_STOP,5,8.67,0.9204,0.9273,2.3139,6.82,1.269
1062,BNBUSDT,LONG,spot,BREAKOUT_ONLY,2025-06-20 06:30:00+00:00,643.9773,643.6505,0.6725,2025-06-20 06:45:00+00:00,645.31,2025-06-20 06:45:00+00:00,645.31,0.0,0.0,2025-06-20 07:00:00+00:00,645.6427,1.783279,1151.36,643.516,648.0136,4,2025-06-20 09:45:00+00:00,647.0416,TRAILING_STOP,11,2.49,0.9211,0.9231,2.3065,0.65,0.172
1064,SOLUSDT,LONG,spot,BREAKOUT_ONLY,2025-06-23 17:30:00+00:00,134.2763,133.649,1.5852,2025-06-23 17:45:00+00:00,136.77,2025-06-23 17:45:00+00:00,136.77,0.0,0.0,2025-06-23 18:00:00+00:00,136.8384,1.669025,228.39,133.332,144.2853,14,2025-06-24 00:00:00+00:00,144.0688,TRAILING_STOP,24,12.07,0.1827,0.1924,0.4749,11.69,1.998
1065,BNBUSDT,LONG,spot,BREAKOUT_ONLY,2025-06-23 17:30:00+00:00,622.4049,620.8814,3.6095,2025-06-23 17:45:00+00:00,627.17,2025-06-23 17:45:00+00:00,627.17,0.0,0.0,2025-06-23 18:00:00+00:00,627.4836,0.799054,501.39,620.1596,639.2544,16,2025-06-24 00:45:00+00:00,638.2955,TRAILING_STOP,27,8.64,0.4011,0.408,1.0157,7.83,1.338
1066,ETHUSDT,LONG,spot,BREAKOUT_ONLY,2025-06-25 18:45:00+00:00,2424.3342,2418.6374,11.6774,2025-06-25 19:15:00+00:00,2435.81,2025-06-25 19:15:00+00:00,2435.81,0.0,0.0,2025-06-25 19:30:00+00:00,2437.0279,0.287074,699.61,2416.3019,2416.3019,0,2025-06-25 22:30:00+00:00,2412.6774,STOP_LOSS,12,-6.99,0.5597,0.5541,1.3887,-8.1,-1.362
1067,ETHUSDT,LONG,spot,BREAKOUT_ONLY,2025-06-25 23:45:00+00:00,2424.5842,2422.1043,8.2652,2025-06-26 01:15:00+00:00,2441.48,2025-06-26 01:15:00+00:00,2441.48,0.0,0.0,2025-06-26 01:30:00+00:00,2442.6907,0.265717,649.06,2420.4513,2486.5944,6,2025-06-26 03:30:00+00:00,2482.8645,TRAILING_STOP,8,10.67,0.5193,0.5278,1.3141,9.63,1.629
1068,SOLUSDT,LONG,spot,BREAKOUT_ONLY,2025-06-26 02:15:00+00:00,144.5743,144.4857,0.7228,2025-06-26 02:30:00+00:00,145.27,2025-06-26 02:30:00+00:00,145.27,0.0,0.0,2025-06-26 02:45:00+00:00,145.3526,5.906087,858.47,144.3411,146.1486,1,2025-06-26 03:30:00+00:00,145.9294,TRAILING_STOP,3,3.41,0.6868,0.6895,1.722,2.03,0.34
1069,SOLUSDT,LONG,spot,BREAKOUT_ONLY,2025-06-26 03:15:00+00:00,145.0579,144.6975,0.9263,2025-06-26 03:30:00+00:00,146.03,2025-06-26 03:30:00+00:00,146.03,0.0,0.0,2025-06-26 03:45:00+00:00,146.093,3.775196,551.53,144.5123,144.5123,0,2025-06-26 05:30:00+00:00,144.2955,STOP_LOSS,7,-6.79,0.4412,0.4358,1.0929,-7.66,-1.284
1070,SOLUSDT,LONG,spot,BREAKOUT_ONLY,2025-06-26 06:00:00+00:00,145.0695,144.7954,0.7111,2025-06-26 07:15:00+00:00,145.5,2025-06-26 07:15:00+00:00,145.5,0.0,0.0,2025-06-26 07:30:00+00:00,145.5627,6.518833,948.9,144.6532,144.6532,0,2025-06-26 09:00:00+00:00,144.4362,STOP_LOSS,6,-7.34,0.7591,0.7532,1.8868,-8.86,-1.494
1071,BNBUSDT,LONG,spot,BREAKOUT_ONLY,2025-06-26 17:15:00+00:00,645.4711,645.0879,1.3515,2025-06-26 17:30:00+00:00,646.75,2025-06-26 17:30:00+00:00,646.75,0.0,0.0,2025-06-26 17:45:00+00:00,647.0634,1.800822,1165.25,644.8176,644.8176,0,2025-06-26 18:45:00+00:00,643.8503,STOP_LOSS,4,-5.79,0.9322,0.9276,2.3218,-7.65,-1.891
1072,BTCUSDT,LONG,spot,BREAKOUT_ONLY,2025-06-26 17:15:00+00:00,107340.3928,107240.1821,273.1377,2025-06-26 18:00:00+00:00,107562.11,2025-06-26 18:00:00+00:00,107562.11,0.0,0.0,2025-06-26 18:15:00+00:00,107615.8911,0.010819,1164.32,107185.5546,107185.5546,0,2025-06-26 21:15:00+00:00,107024.7763,STOP_LOSS,12,-6.4,0.9315,0.9263,2.3191,-8.25,-1.773
1074,BNBUSDT,LONG,spot,BREAKOUT_ONLY,2025-06-27 04:15:00+00:00,644.7645,644.4568,0.8969,2025-06-27 04:30:00+00:00,645.78,2025-06-27 04:30:00+00:00,645.78,0.0,0.0,2025-06-27 04:45:00+00:00,646.1129,1.777701,1148.6,644.2774,644.2774,0,2025-06-27 06:00:00+00:00,643.311,STOP_LOSS,5,-4.98,0.9189,0.9149,2.2897,-6.81,-2.089
1073,BTCUSDT,LONG,spot,BREAKOUT_ONLY,2025-06-27 03:45:00+00:00,107244.2065,107207.106,161.6876,2025-06-27 04:00:00+00:00,107427.72,2025-06-27 04:00:00+00:00,107427.72,0.0,0.0,2025-06-27 04:15:00+00:00,107481.4239,0.010695,1149.51,107174.7685,107174.7685,0,2025-06-27 07:30:00+00:00,107014.0063,STOP_LOSS,13,-5.0,0.9196,0.9156,2.2915,-6.83,-2.084
1075,BNBUSDT,LONG,spot,BREAKOUT_ONLY,2025-06-27 05:15:00+00:00,644.9068,644.6359,0.8343,2025-06-27 06:30:00+00:00,646.13,2025-06-27 06:30:00+00:00,646.13,0.0,0.0,2025-06-27 06:45:00+00:00,646.4531,1.766329,1141.85,644.469,644.469,0,2025-06-27 07:30:00+00:00,643.5023,STOP_LOSS,3,-5.21,0.9135,0.9093,2.2759,-7.03,-2.007
1077,BNBUSDT,LONG,spot,BREAKOUT_ONLY,2025-06-27 16:00:00+00:00,645.5422,645.0331,1.1161,2025-06-27 16:15:00+00:00,646.54,2025-06-27 16:15:00+00:00,646.54,0.0,0.0,2025-06-27 16:30:00+00:00,646.8633,1.744872,1128.69,644.8099,644.8099,0,2025-06-27 17:15:00+00:00,643.8426,STOP_LOSS,3,-5.27,0.903,0.8987,2.2495,-7.07,-1.974
1076,SOLUSDT,LONG,spot,BREAKOUT_ONLY,2025-06-27 15:30:00+00:00,142.1673,141.7771,0.8454,2025-06-27 15:45:00+00:00,143.47,2025-06-27 15:45:00+00:00,143.47,0.0,0.0,2025-06-27 16:00:00+00:00,143.5417,2.948814,423.28,141.608,141.608,0,2025-06-27 17:30:00+00:00,141.3956,STOP_LOSS,6,-6.33,0.3386,0.3336,0.8371,-7.0,-1.228
1079,SOLUSDT,LONG,spot,BREAKOUT_ONLY,2025-06-27 20:45:00+00:00,141.9931,141.9197,0.6712,2025-06-27 21:00:00+00:00,142.76,2025-06-27 21:00:00+00:00,142.76,0.0,0.0,2025-06-27 21:15:00+00:00,142.8214,5.439545,776.88,141.7854,141.7854,0,2025-06-28 00:00:00+00:00,141.5728,STOP_LOSS,11,-6.79,0.6215,0.6161,1.5436,-8.03,-1.425
1078,BNBUSDT,LONG,spot,BREAKOUT_ONLY,2025-06-27 19:45:00+00:00,644.8926,644.6298,1.0239,2025-06-27 20:00:00+00:00,645.73,2025-06-27 20:00:00+00:00,645.73,0.0,0.0,2025-06-27 20:15:00+00:00,646.0529,1.726015,1115.1,644.4251,644.4251,0,2025-06-28 01:15:00+00:00,643.4584,STOP_LOSS,20,-4.48,0.8921,0.8885,2.2235,-6.26,-2.228
1080,SOLUSDT,LONG,spot,BREAKOUT_ONLY,2025-06-28 02:15:00+00:00,142.2522,142.0764,0.588,2025-06-28 02:30:00+00:00,143.36,2025-06-28 02:30:00+00:00,143.36,0.0,0.0,2025-06-28 02:45:00+00:00,143.4417,3.749597,537.85,141.9588,146.1764,6,2025-06-28 09:00:00+00:00,145.9571,TRAILING_STOP,25,9.43,0.4303,0.4378,1.0898,8.56,1.54
1081,BNBUSDT,LONG,spot,BREAKOUT_ONLY,2025-06-28 04:45:00+00:00,645.2382,645.0834,0.4843,2025-06-28 06:15:00+00:00,646.48,2025-06-28 06:15:00+00:00,646.48,0.0,0.0,2025-06-28 06:30:00+00:00,646.8032,1.701484,1100.53,644.9866,644.9866,0,2025-06-28 14:30:00+00:00,645.7869,TIME_EXIT_8H,32,-1.73,0.8804,0.879,1.0997,-3.49,-1.129
1082,ETHUSDT,LONG,spot,BREAKOUT_ONLY,2025-06-28 15:45:00+00:00,2426.6914,2425.3621,4.6304,2025-06-28 16:00:00+00:00,2438.74,2025-06-28 16:00:00+00:00,2438.74,0.0,0.0,2025-06-28 16:15:00+00:00,2439.9594,0.359828,877.97,2424.436,2424.436,0,2025-06-29 00:15:00+00:00,2436.4212,TIME_EXIT_8H,32,-1.27,0.7024,0.7014,0.8773,-2.68,-0.479
1083,ETHUSDT,LONG,spot,BREAKOUT_ONLY,2025-06-29 06:30:00+00:00,2432.1015,2431.0513,2.8836,2025-06-29 06:45:00+00:00,2436.82,2025-06-29 06:45:00+00:00,2436.82,0.0,0.0,2025-06-29 07:00:00+00:00,2438.0384,0.452546,1103.33,2430.4745,2446.5344,4,2025-06-29 09:45:00+00:00,2442.8646,TRAILING_STOP,11,2.18,0.8827,0.8844,2.2099,0.42,0.122
1085,BTCUSDT,LONG,spot,BREAKOUT_ONLY,2025-06-29 22:30:00+00:00,107665.5294,107602.1729,200.9228,2025-06-29 22:45:00+00:00,108079.9,2025-06-29 22:45:00+00:00,108079.9,0.0,0.0,2025-06-29 23:00:00+00:00,108133.95,0.009773,1056.75,107561.9883,108443.5996,8,2025-06-30 03:15:00+00:00,108280.9342,TRAILING_STOP,17,1.44,0.8454,0.8465,2.1157,-0.26,-0.046
1084,ETHUSDT,LONG,spot,BREAKOUT_ONLY,2025-06-29 22:00:00+00:00,2438.7028,2436.1873,8.8403,2025-06-29 22:15:00+00:00,2478.91,2025-06-29 22:15:00+00:00,2478.91,0.0,0.0,2025-06-29 22:30:00+00:00,2480.1595,0.121872,302.26,2434.4192,2434.4192,0,2025-06-30 06:30:00+00:00,2482.4182,TIME_EXIT_8H,32,0.28,0.2418,0.242,0.3024,-0.21,-0.037
1086,SOLUSDT,LONG,spot,BREAKOUT_ONLY,2025-06-30 14:15:00+00:00,150.8471,150.6034,0.7135,2025-06-30 14:30:00+00:00,152.15,2025-06-30 14:30:00+00:00,152.15,0.0,0.0,2025-06-30 14:45:00+00:00,152.2161,3.174361,483.19,150.4607,156.4069,5,2025-06-30 16:30:00+00:00,156.1723,TRAILING_STOP,7,12.56,0.3866,0.3966,0.9852,11.78,2.113
1087,ETHUSDT,LONG,spot,BREAKOUT_ONLY,2025-06-30 15:45:00+00:00,2467.5197,2462.049,15.5353,2025-06-30 16:00:00+00:00,2477.39,2025-06-30 16:00:00+00:00,2477.39,0.0,0.0,2025-06-30 16:15:00+00:00,2478.6387,0.28687,711.05,2458.942,2498.4596,11,2025-06-30 21:00:00+00:00,2494.7119,TRAILING_STOP,19,4.61,0.5688,0.5725,1.429,3.47,0.614
1088,SOLUSDT,LONG,spot,BREAKOUT_ONLY,2025-07-02 14:15:00+00:00,148.9231,148.7206,0.8667,2025-07-02 14:45:00+00:00,150.28,2025-07-02 14:45:00+00:00,150.28,0.0,0.0,2025-07-02 15:00:00+00:00,150.3551,3.124234,469.74,148.5472,151.6401,6,2025-07-02 17:30:00+00:00,151.4126,TRAILING_STOP,10,3.3,0.3758,0.3784,0.9444,2.55,0.451
1089,SOLUSDT,LONG,spot,BREAKOUT_ONLY,2025-07-03 22:30:00+00:00,152.6107,152.4347,0.4233,2025-07-03 22:45:00+00:00,152.96,2025-07-03 22:45:00+00:00,152.96,0.0,0.0,2025-07-03 23:00:00+00:00,153.0365,7.324368,1120.9,152.35,152.35,0,2025-07-03 23:15:00+00:00,152.1215,STOP_LOSS,1,-6.7,0.8967,0.8914,2.2317,-8.49,-1.689
1090,SOLUSDT,LONG,spot,BREAKOUT_ONLY,2025-07-03 23:30:00+00:00,152.6058,152.4641,0.4165,2025-07-04 01:00:00+00:00,152.87,2025-07-04 01:00:00+00:00,152.87,0.0,0.0,2025-07-04 01:15:00+00:00,152.9564,7.273252,1112.49,152.3808,152.3808,0,2025-07-04 02:00:00+00:00,152.1523,STOP_LOSS,3,-5.85,0.89,0.8853,2.2162,-7.62,-1.821
1091,ETHUSDT,LONG,spot,BREAKOUT_ONLY,2025-07-06 07:00:00+00:00,2516.1229,2514.3472,4.2535,2025-07-06 07:15:00+00:00,2521.51,2025-07-06 07:15:00+00:00,2521.51,0.0,0.0,2025-07-06 07:30:00+00:00,2522.7708,0.437988,1104.94,2513.4965,2513.4965,0,2025-07-06 08:00:00+00:00,2509.7262,STOP_LOSS,2,-5.71,0.884,0.8794,2.2013,-7.48,-1.841
1092,SOLUSDT,LONG,spot,BREAKOUT_ONLY,2025-07-06 12:30:00+00:00,147.6865,147.5536,0.3337,2025-07-06 12:45:00+00:00,149.01,2025-07-06 12:45:00+00:00,149.01,0.0,0.0,2025-07-06 13:00:00+00:00,149.0945,3.447957,514.07,147.4869,151.9279,11,2025-07-06 18:15:00+00:00,151.7,TRAILING_STOP,21,8.98,0.4113,0.4184,1.0416,8.15,1.471
1093,BTCUSDT,LONG,spot,BREAKOUT_ONLY,2025-07-06 13:15:00+00:00,108110.9946,108082.3123,84.0355,2025-07-06 13:30:00+00:00,108697.84,2025-07-06 13:30:00+00:00,108697.84,0.0,0.0,2025-07-06 13:45:00+00:00,108752.1989,0.008126,883.73,108065.5052,109199.6405,1,2025-07-06 21:45:00+00:00,109035.8411,TRAILING_STOP,32,2.3,0.707,0.7088,1.7709,0.89,0.159
1094,BNBUSDT,LONG,spot,BREAKOUT_ONLY,2025-07-08 11:15:00+00:00,660.3352,660.1649,0.8867,2025-07-08 11:30:00+00:00,661.37,2025-07-08 11:30:00+00:00,661.37,0.0,0.0,2025-07-08 11:45:00+00:00,661.6907,1.672221,1106.49,659.9876,659.9876,0,2025-07-08 14:00:00+00:00,658.9976,STOP_LOSS,9,-4.5,0.8852,0.8816,2.2062,-6.27,-2.202
1095,BNBUSDT,LONG,spot,BREAKOUT_ONLY,2025-07-08 13:30:00+00:00,660.6717,660.3257,0.8237,2025-07-08 13:45:00+00:00,661.61,2025-07-08 13:45:00+00:00,661.61,0.0,0.0,2025-07-08 14:00:00+00:00,661.9408,1.662212,1100.29,660.1609,660.1609,0,2025-07-08 14:15:00+00:00,659.1398,STOP_LOSS,1,-4.66,0.8802,0.8765,2.1936,-6.41,-2.168
1097,BNBUSDT,LONG,spot,BREAKOUT_ONLY,2025-07-08 17:30:00+00:00,660.0554,659.6836,1.2665,2025-07-08 17:45:00+00:00,660.83,2025-07-08 17:45:00+00:00,660.83,0.0,0.0,2025-07-08 18:00:00+00:00,661.1704,1.65328,1093.1,659.4303,659.4303,0,2025-07-08 20:45:00+00:00,658.4412,STOP_LOSS,11,-4.51,0.8745,0.8709,2.1794,-6.26,-2.175
1096,BTCUSDT,LONG,spot,BREAKOUT_ONLY,2025-07-08 17:00:00+00:00,108526.8254,108430.7577,289.4437,2025-07-08 17:15:00+00:00,108887.71,2025-07-08 17:15:00+00:00,108887.71,0.0,0.0,2025-07-08 17:30:00+00:00,108942.1438,0.009705,1057.31,108372.869,108372.869,0,2025-07-09 01:30:00+00:00,108690.4476,TIME_EXIT_8H,32,-2.44,0.8458,0.8439,1.0561,-4.13,-0.748
1098,BNBUSDT,LONG,spot,BREAKOUT_ONLY,2025-07-09 01:15:00+00:00,660.4695,660.2022,0.8256,2025-07-09 02:00:00+00:00,661.72,2025-07-09 02:00:00+00:00,661.72,0.0,0.0,2025-07-09 02:15:00+00:00,662.0509,1.63681,1083.65,660.0371,663.0941,3,2025-07-09 06:30:00+00:00,662.0995,TRAILING_STOP,17,0.08,0.8669,0.867,2.1674,-1.65,-0.502
1099,BTCUSDT,LONG,spot,BREAKOUT_ONLY,2025-07-09 06:00:00+00:00,108678.7995,108632.1412,159.1785,2025-07-09 06:45:00+00:00,108840.01,2025-07-09 06:45:00+00:00,108840.01,0.0,0.0,2025-07-09 07:00:00+00:00,108894.43,0.009936,1082.01,108600.3055,108600.3055,0,2025-07-09 09:00:00+00:00,108437.4051,STOP_LOSS,8,-4.54,0.8656,0.862,2.1572,-6.27,-2.145
1100,BNBUSDT,LONG,spot,BREAKOUT_ONLY,2025-07-09 12:15:00+00:00,661.3039,661.0373,0.8127,2025-07-09 12:30:00+00:00,662.5,2025-07-09 12:30:00+00:00,662.5,0.0,0.0,2025-07-09 12:45:00+00:00,662.8312,1.623049,1075.81,660.8747,660.8747,0,2025-07-09 14:30:00+00:00,659.8834,STOP_LOSS,7,-4.78,0.8606,0.8568,2.1444,-6.5,-2.048
1101,SOLUSDT,LONG,spot,BREAKOUT_ONLY,2025-07-12 01:45:00+00:00,163.2558,162.9314,0.7586,2025-07-12 02:15:00+00:00,163.75,2025-07-12 02:15:00+00:00,163.75,0.0,0.0,2025-07-12 02:30:00+00:00,163.8319,5.132747,840.91,162.7796,162.7796,0,2025-07-12 04:30:00+00:00,162.5355,STOP_LOSS,8,-6.65,0.6727,0.6674,1.6718,-7.99,-1.48
1102,ETHUSDT,LONG,spot,BREAKOUT_ONLY,2025-07-13 02:15:00+00:00,2945.0735,2941.8291,7.017,2025-07-13 02:45:00+00:00,2954.01,2025-07-13 02:45:00+00:00,2954.01,0.0,0.0,2025-07-13 03:00:00+00:00,2955.487,0.355939,1051.97,2940.4257,2940.4257,0,2025-07-13 11:00:00+00:00,2959.2197,TIME_EXIT_8H,32,1.33,0.8416,0.8426,1.0526,-0.36,-0.066
1103,BTCUSDT,LONG,spot,BREAKOUT_ONLY,2025-07-13 03:15:00+00:00,117485.2084,117430.225,142.8606,2025-07-13 03:30:00+00:00,117750.01,2025-07-13 03:30:00+00:00,117750.01,0.0,0.0,2025-07-13 03:45:00+00:00,117808.875,0.009003,1060.62,117401.6528,117401.6528,0,2025-07-13 11:45:00+00:00,118012.974,TIME_EXIT_8H,32,1.84,0.8485,0.85,1.0615,0.14,0.038
1104,SOLUSDT,LONG,spot,BREAKOUT_ONLY,2025-07-13 17:30:00+00:00,162.136,161.8178,0.7399,2025-07-13 17:45:00+00:00,162.67,2025-07-13 17:45:00+00:00,162.67,0.0,0.0,2025-07-13 18:00:00+00:00,162.7613,4.910224,799.19,161.6698,161.6698,0,2025-07-13 21:30:00+00:00,161.4273,STOP_LOSS,14,-6.55,0.6394,0.6341,1.5886,-7.82,-1.46
1105,ETHUSDT,LONG,spot,BREAKOUT_ONLY,2025-07-13 23:30:00+00:00,2975.8349,2969.8641,12.0385,2025-07-14 00:30:00+00:00,2986.1,2025-07-14 00:30:00+00:00,2986.1,0.0,0.0,2025-07-14 00:45:00+00:00,2987.593,0.26423,789.41,2967.4565,2967.4565,0,2025-07-14 01:15:00+00:00,2963.0053,STOP_LOSS,2,-6.5,0.6315,0.6263,1.5691,-7.75,-1.457
1107,ETHUSDT,LONG,spot,BREAKOUT_ONLY,2025-07-14 01:15:00+00:00,2975.6104,2970.5386,11.4836,2025-07-14 02:00:00+00:00,2981.85,2025-07-14 02:00:00+00:00,2981.85,0.0,0.0,2025-07-14 02:15:00+00:00,2983.3509,0.350363,1045.26,2968.2419,3031.501,11,2025-07-14 05:30:00+00:00,3026.9537,TRAILING_STOP,13,15.28,0.8362,0.8484,2.1134,13.59,2.568
1106,SOLUSDT,LONG,spot,BREAKOUT_ONLY,2025-07-14 01:00:00+00:00,161.7889,161.5132,0.744,2025-07-14 01:30:00+00:00,162.48,2025-07-14 01:30:00+00:00,162.48,0.0,0.0,2025-07-14 01:45:00+00:00,162.5712,4.37654,711.5,161.3644,166.5982,10,2025-07-14 05:45:00+00:00,166.3483,TRAILING_STOP,16,16.53,0.5692,0.5824,1.4478,15.38,2.912
1108,ETHUSDT,LONG,spot,BREAKOUT_ONLY,2025-07-15 13:30:00+00:00,2992.1946,2987.0946,18.339,2025-07-15 13:45:00+00:00,3051.71,2025-07-15 13:45:00+00:00,3051.71,0.0,0.0,2025-07-15 14:00:00+00:00,3053.2258,0.077748,237.38,2983.4268,2983.4268,0,2025-07-15 14:45:00+00:00,2978.9517,STOP_LOSS,3,-5.77,0.1899,0.1853,0.4661,-6.15,-1.133
1109,ETHUSDT,LONG,spot,BREAKOUT_ONLY,2025-07-15 15:15:00+00:00,3004.0117,2994.8256,26.4064,2025-07-15 15:30:00+00:00,3025.72,2025-07-15 15:30:00+00:00,3025.72,0.0,0.0,2025-07-15 15:45:00+00:00,3027.2429,0.143136,433.31,2989.5443,3051.5491,6,2025-07-15 18:30:00+00:00,3046.9718,TRAILING_STOP,11,2.82,0.3466,0.3489,0.8709,2.13,0.394
1110,SOLUSDT,LONG,spot,BREAKOUT_ONLY,2025-07-15 19:00:00+00:00,161.4424,160.9033,1.1265,2025-07-15 19:15:00+00:00,162.09,2025-07-15 19:15:00+00:00,162.09,0.0,0.0,2025-07-15 19:30:00+00:00,162.171,3.621346,587.28,160.678,160.678,0,2025-07-15 19:45:00+00:00,160.409,STOP_LOSS,1,-6.38,0.4698,0.4647,1.165,-7.32,-1.353
1111,SOLUSDT,LONG,spot,BREAKOUT_ONLY,2025-07-15 22:15:00+00:00,161.4494,161.0912,0.8317,2025-07-15 22:30:00+00:00,162.16,2025-07-15 22:30:00+00:00,162.16,0.0,0.0,2025-07-15 22:45:00+00:00,162.2511,4.049044,656.96,160.9248,163.9512,11,2025-07-16 01:45:00+00:00,163.7053,TRAILING_STOP,12,5.89,0.5256,0.5303,1.3228,4.83,0.9
1112,BTCUSDT,LONG,spot,BREAKOUT_ONLY,2025-07-17 15:15:00+00:00,118442.109,118312.6713,368.3065,2025-07-17 15:30:00+00:00,119073.45,2025-07-17 15:30:00+00:00,119073.45,0.0,0.0,2025-07-17 15:45:00+00:00,119132.9867,0.006034,718.85,118239.01,120027.0368,3,2025-07-17 22:45:00+00:00,119846.9962,TRAILING_STOP,28,4.31,0.5751,0.5785,1.4442,3.15,0.585
1114,BNBUSDT,LONG,spot,BREAKOUT_ONLY,2025-07-19 04:45:00+00:00,732.4339,732.2056,2.6037,2025-07-19 05:00:00+00:00,735.21,2025-07-19 05:00:00+00:00,735.21,0.0,0.0,2025-07-19 05:15:00+00:00,735.5676,1.390922,1023.12,731.6849,731.6849,0,2025-07-19 07:00:00+00:00,730.5874,STOP_LOSS,7,-6.93,0.8185,0.813,2.0358,-8.56,-1.585
1113,ETHUSDT,LONG,spot,BREAKOUT_ONLY,2025-07-19 03:15:00+00:00,3559.3906,3552.245,17.0291,2025-07-19 03:30:00+00:00,3594.83,2025-07-19 03:30:00+00:00,3594.83,0.0,0.0,2025-07-19 03:45:00+00:00,3596.6374,0.113184,407.08,3548.8392,3548.8392,0,2025-07-19 08:30:00+00:00,3543.5159,STOP_LOSS,19,-6.01,0.3257,0.3209,0.8051,-6.66,-1.231
1115,BNBUSDT,LONG,spot,BREAKOUT_ONLY,2025-07-19 08:00:00+00:00,732.7453,732.6161,2.1158,2025-07-19 09:30:00+00:00,733.81,2025-07-19 09:30:00+00:00,733.81,0.0,0.0,2025-07-19 09:45:00+00:00,734.1669,1.438526,1056.12,732.1929,732.1929,0,2025-07-19 10:00:00+00:00,731.0947,STOP_LOSS,1,-4.42,0.8449,0.8414,2.1056,-6.11,-2.15
1117,ETHUSDT,LONG,spot,BREAKOUT_ONLY,2025-07-19 10:30:00+00:00,3565.8293,3560.3977,11.3594,2025-07-19 11:15:00+00:00,3572.99,2025-07-19 11:15:00+00:00,3572.99,0.0,0.0,2025-07-19 11:30:00+00:00,3574.7765,0.293609,1049.59,3558.1259,3558.1259,0,2025-07-19 11:45:00+00:00,3552.7887,STOP_LOSS,1,-6.46,0.8397,0.8345,2.0895,-8.13,-1.663
1118,SOLUSDT,LONG,spot,BREAKOUT_ONLY,2025-07-19 11:30:00+00:00,177.0983,176.874,0.6822,2025-07-19 13:00:00+00:00,177.74,2025-07-19 13:00:00+00:00,177.74,0.0,0.0,2025-07-19 13:15:00+00:00,177.8389,4.773008,848.83,176.7375,176.7375,0,2025-07-19 14:00:00+00:00,176.4724,STOP_LOSS,3,-6.52,0.6791,0.6738,1.6879,-7.87,-1.498
1116,BNBUSDT,LONG,spot,BREAKOUT_ONLY,2025-07-19 10:15:00+00:00,732.4843,732.279,2.0958,2025-07-19 10:30:00+00:00,737.86,2025-07-19 10:30:00+00:00,737.86,0.0,0.0,2025-07-19 10:45:00+00:00,738.2289,0.832685,614.71,731.8599,731.8599,0,2025-07-19 14:30:00+00:00,730.7621,STOP_LOSS,15,-6.22,0.4918,0.4868,1.2201,-7.2,-1.357
1119,SOLUSDT,LONG,spot,BREAKOUT_ONLY,2025-07-19 16:00:00+00:00,176.9787,176.7432,0.9212,2025-07-19 16:15:00+00:00,177.59,2025-07-19 16:15:00+00:00,177.59,0.0,0.0,2025-07-19 16:30:00+00:00,177.6888,4.591477,815.85,176.559,176.559,0,2025-07-19 17:30:00+00:00,176.2942,STOP_LOSS,4,-6.4,0.6527,0.6476,1.6221,-7.7,-1.485
1120,ETHUSDT,LONG,spot,BREAKOUT_ONLY,2025-07-19 18:45:00+00:00,3556.8766,3552.5964,13.3428,2025-07-19 19:30:00+00:00,3578.48,2025-07-19 19:30:00+00:00,3578.48,0.0,0.0,2025-07-19 19:45:00+00:00,3580.2692,0.169698,607.57,3549.9278,3549.9278,0,2025-07-19 21:00:00+00:00,3544.603,STOP_LOSS,5,-6.05,0.4861,0.4812,1.2061,-7.02,-1.363
1121,SOLUSDT,LONG,spot,BREAKOUT_ONLY,2025-07-19 19:15:00+00:00,176.996,176.9053,0.7283,2025-07-19 19:30:00+00:00,177.69,2025-07-19 19:30:00+00:00,177.69,0.0,0.0,2025-07-19 19:45:00+00:00,177.7688,5.10191,906.96,176.7596,176.7596,0,2025-07-19 21:00:00+00:00,176.4945,STOP_LOSS,5,-6.5,0.7256,0.7204,1.8042,-7.95,-1.544
1123,SOLUSDT,LONG,spot,BREAKOUT_ONLY,2025-07-19 23:15:00+00:00,176.882,176.5364,0.7604,2025-07-20 00:45:00+00:00,177.66,2025-07-20 00:45:00+00:00,177.66,0.0,0.0,2025-07-20 01:00:00+00:00,177.7488,3.749696,666.5,176.3843,177.9727,1,2025-07-20 01:45:00+00:00,177.7057,TRAILING_STOP,3,-0.16,0.5332,0.5331,1.3328,-1.23,-0.24
1122,ETHUSDT,LONG,spot,BREAKOUT_ONLY,2025-07-19 21:15:00+00:00,3562.1747,3558.9643,15.8555,2025-07-19 21:45:00+00:00,3571.44,2025-07-19 21:45:00+00:00,3571.44,0.0,0.0,2025-07-19 22:00:00+00:00,3573.2257,0.281163,1004.66,3555.7932,3650.8436,15,2025-07-20 04:00:00+00:00,3645.3673,TRAILING_STOP,24,20.28,0.8037,0.82,2.0397,18.66,3.807
1124,SOLUSDT,LONG,spot,BREAKOUT_ONLY,2025-07-20 01:30:00+00:00,177.3723,177.0268,0.9582,2025-07-20 01:45:00+00:00,177.87,2025-07-20 01:45:00+00:00,177.87,0.0,0.0,2025-07-20 02:00:00+00:00,177.9689,4.511181,802.85,176.8352,179.8903,4,2025-07-20 09:15:00+00:00,179.6205,TRAILING_STOP,29,7.45,0.6423,0.6482,1.6169,6.16,1.204
1125,BTCUSDT,LONG,spot,BREAKOUT_ONLY,2025-07-20 08:15:00+00:00,117992.2361,117942.3367,143.9702,2025-07-20 08:30:00+00:00,118164.21,2025-07-20 08:30:00+00:00,118164.21,0.0,0.0,2025-07-20 08:45:00+00:00,118223.2921,0.008639,1021.28,117913.5427,117913.5427,0,2025-07-20 09:45:00+00:00,117736.6724,STOP_LOSS,4,-4.2,0.817,0.8137,2.0363,-5.83,-2.18
1126,BTCUSDT,LONG,spot,BREAKOUT_ONLY,2025-07-20 13:45:00+00:00,118031.0238,117983.503,172.3338,2025-07-20 14:00:00+00:00,118555.2,2025-07-20 14:00:00+00:00,118555.2,0.0,0.0,2025-07-20 14:15:00+00:00,118614.4876,0.007758,920.26,117949.0362,117949.0362,0,2025-07-20 20:00:00+00:00,117772.1127,STOP_LOSS,23,-6.54,0.7362,0.731,1.8307,-8.0,-1.55
1128,BTCUSDT,LONG,spot,BREAKOUT_ONLY,2025-07-21 03:45:00+00:00,117937.2924,117861.2361,318.9511,2025-07-21 04:00:00+00:00,118365.74,2025-07-21 04:00:00+00:00,118365.74,0.0,0.0,2025-07-21 04:15:00+00:00,118424.9229,0.008236,975.36,117797.4459,119184.7404,7,2025-07-21 08:30:00+00:00,119005.9633,TRAILING_STOP,17,4.79,0.7803,0.7841,1.9579,3.22,0.623
1127,SOLUSDT,LONG,spot,BREAKOUT_ONLY,2025-07-21 01:15:00+00:00,180.6274,180.0359,1.2277,2025-07-21 02:15:00+00:00,182.01,2025-07-21 02:15:00+00:00,182.01,0.0,0.0,2025-07-21 02:30:00+00:00,182.101,2.217067,403.73,179.7904,189.8189,24,2025-07-21 10:30:00+00:00,190.9845,TIME_EXIT_8H,32,19.7,0.323,0.3387,0.4136,19.03,3.715
1129,BTCUSDT,LONG,spot,BREAKOUT_ONLY,2025-07-21 13:45:00+00:00,118494.5915,118323.421,345.666,2025-07-21 14:15:00+00:00,118920.54,2025-07-21 14:15:00+00:00,118920.54,0.0,0.0,2025-07-21 14:30:00+00:00,118980.0003,0.007212,858.12,118254.2878,118254.2878,0,2025-07-21 16:00:00+00:00,118076.9064,STOP_LOSS,6,-6.51,0.6865,0.6813,1.7065,-7.88,-1.506
1130,BNBUSDT,LONG,spot,BREAKOUT_ONLY,2025-07-22 01:45:00+00:00,764.3906,762.527,4.4032,2025-07-22 02:00:00+00:00,769.6,2025-07-22 02:00:00+00:00,769.6,0.0,0.0,2025-07-22 02:15:00+00:00,769.9748,0.623728,480.25,761.6464,761.6464,0,2025-07-22 03:15:00+00:00,760.5039,STOP_LOSS,4,-5.91,0.3842,0.3795,0.9516,-6.67,-1.284
1131,BTCUSDT,LONG,spot,BREAKOUT_ONLY,2025-07-22 07:45:00+00:00,117675.4558,117528.2315,380.7639,2025-07-22 08:30:00+00:00,118099.99,2025-07-22 08:30:00+00:00,118099.99,0.0,0.0,2025-07-22 08:45:00+00:00,118159.05,0.007301,862.63,117452.0787,118978.2708,10,2025-07-22 13:30:00+00:00,118799.8034,TRAILING_STOP,19,4.68,0.6901,0.6938,1.7323,3.29,0.638
1132,BNBUSDT,LONG,spot,BREAKOUT_ONLY,2025-07-22 11:00:00+00:00,760.5026,759.3505,3.248,2025-07-22 11:15:00+00:00,763.36,2025-07-22 11:15:00+00:00,763.36,0.0,0.0,2025-07-22 11:30:00+00:00,763.7417,1.029737,786.45,758.7009,758.7009,0,2025-07-22 14:00:00+00:00,757.5628,STOP_LOSS,10,-6.36,0.6292,0.6241,1.5634,-7.62,-1.467
1133,BNBUSDT,LONG,spot,BREAKOUT_ONLY,2025-07-22 14:15:00+00:00,762.094,761.1783,3.853,2025-07-22 14:45:00+00:00,764.13,2025-07-22 14:45:00+00:00,764.13,0.0,0.0,2025-07-22 15:00:00+00:00,764.5121,1.252261,957.37,760.4077,765.3995,4,2025-07-22 17:00:00+00:00,764.2514,TRAILING_STOP,8,-0.33,0.7659,0.7656,1.9142,-1.86,-0.361
1134,BTCUSDT,LONG,spot,BREAKOUT_ONLY,2025-07-23 23:15:00+00:00,118368.5536,118254.8806,282.5517,2025-07-23 23:30:00+00:00,118571.69,2025-07-23 23:30:00+00:00,118571.69,0.0,0.0,2025-07-23 23:45:00+00:00,118630.9658,0.008563,1015.82,118198.3703,118839.9464,13,2025-07-24 03:45:00+00:00,118661.6865,TRAILING_STOP,16,0.26,0.8127,0.8129,2.032,-1.36,-0.368
1135,BNBUSDT,LONG,spot,BREAKOUT_ONLY,2025-07-24 02:15:00+00:00,779.4735,778.2031,3.087,2025-07-24 02:30:00+00:00,782.91,2025-07-24 02:30:00+00:00,782.91,0.0,0.0,2025-07-24 02:45:00+00:00,783.2914,0.900934,705.69,777.5857,777.5857,0,2025-07-24 04:00:00+00:00,776.4193,STOP_LOSS,5,-6.19,0.5646,0.5596,1.4021,-7.32,-1.423
1136,BTCUSDT,LONG,spot,BREAKOUT_ONLY,2025-07-24 08:45:00+00:00,118391.9917,118308.3058,325.6608,2025-07-24 09:00:00+00:00,118653.44,2025-07-24 09:00:00+00:00,118653.44,0.0,0.0,2025-07-24 09:15:00+00:00,118712.7667,0.008485,1007.23,118243.1736,118243.1736,0,2025-07-24 10:15:00+00:00,118065.8088,STOP_LOSS,4,-5.49,0.8058,0.8014,2.0062,-7.1,-1.781
1137,BTCUSDT,LONG,spot,BREAKOUT_ONLY,2025-07-24 09:45:00+00:00,118406.7909,118375.6729,287.2827,2025-07-24 11:00:00+00:00,118675.23,2025-07-24 11:00:00+00:00,118675.23,0.0,0.0,2025-07-24 11:15:00+00:00,118733.8172,0.008424,1000.21,118318.2164,118318.2164,0,2025-07-24 12:45:00+00:00,118140.739,STOP_LOSS,6,-5.0,0.8002,0.7962,1.9929,-6.59,-1.883
1139,BTCUSDT,LONG,spot,BREAKOUT_ONLY,2025-07-24 12:45:00+00:00,118460.3403,118412.5762,252.874,2025-07-24 13:00:00+00:00,118629.46,2025-07-24 13:00:00+00:00,118629.46,0.0,0.0,2025-07-24 13:15:00+00:00,118688.7647,0.008368,993.21,118362.0014,118362.0014,0,2025-07-24 13:45:00+00:00,118184.4584,STOP_LOSS,2,-4.22,0.7946,0.7912,1.9801,-5.81,-2.123
1138,ETHUSDT,LONG,spot,BREAKOUT_ONLY,2025-07-24 11:45:00+00:00,3627.5653,3619.0475,20.2379,2025-07-24 12:00:00+00:00,3643.95,2025-07-24 12:00:00+00:00,3643.95,0.0,0.0,2025-07-24 12:15:00+00:00,3645.772,0.16381,597.21,3615.0,3615.0,0,2025-07-24 14:00:00+00:00,3609.5775,STOP_LOSS,7,-5.93,0.4778,0.473,1.1855,-6.88,-1.365
1140,BTCUSDT,LONG,spot,BREAKOUT_ONLY,2025-07-24 14:45:00+00:00,118487.4948,118431.2365,372.3826,2025-07-24 15:00:00+00:00,119265.53,2025-07-24 15:00:00+00:00,119265.53,0.0,0.0,2025-07-24 15:15:00+00:00,119325.1728,0.005117,610.56,118356.76,118356.76,0,2025-07-24 16:30:00+00:00,118179.2248,STOP_LOSS,5,-5.86,0.4884,0.4838,1.2123,-6.84,-1.38
1141,BNBUSDT,LONG,spot,BREAKOUT_ONLY,2025-07-24 15:45:00+00:00,771.6679,769.5857,5.0276,2025-07-24 16:00:00+00:00,775.9,2025-07-24 16:00:00+00:00,775.9,0.0,0.0,2025-07-24 16:15:00+00:00,776.2779,0.641271,497.8,768.5802,779.3162,9,2025-07-24 19:45:00+00:00,778.1472,TRAILING_STOP,14,1.2,0.3982,0.3992,0.9974,0.4,0.081
1142,BTCUSDT,LONG,spot,BREAKOUT_ONLY,2025-07-24 17:00:00+00:00,118670.8518,118497.13,376.1495,2025-07-24 17:15:00+00:00,119005.61,2025-07-24 17:15:00+00:00,119005.61,0.0,0.0,2025-07-24 17:30:00+00:00,119065.1028,0.007681,914.51,118421.9001,118421.9001,0,2025-07-24 22:15:00+00:00,118244.2673,STOP_LOSS,19,-6.3,0.7316,0.7266,1.8196,-7.76,-1.571
1143,ETHUSDT,LONG,spot,BREAKOUT_ONLY,2025-07-25 09:45:00+00:00,3661.6337,3659.8377,30.7762,2025-07-25 10:00:00+00:00,3720.62,2025-07-25 10:00:00+00:00,3720.62,0.0,0.0,2025-07-25 10:15:00+00:00,3722.4803,0.070993,264.27,3653.6825,3653.6825,0,2025-07-25 14:30:00+00:00,3648.202,STOP_LOSS,17,-5.27,0.2114,0.2072,0.5206,-5.69,-1.165
1144,BNBUSDT,LONG,spot,BREAKOUT_ONLY,2025-07-25 12:30:00+00:00,769.3794,767.8142,3.794,2025-07-25 12:45:00+00:00,774.24,2025-07-25 12:45:00+00:00,774.24,0.0,0.0,2025-07-25 13:00:00+00:00,774.6371,0.643308,498.33,767.0554,767.0554,0,2025-07-25 14:30:00+00:00,765.9049,STOP_LOSS,6,-5.62,0.3987,0.3942,0.9882,-6.41,-1.314
1145,BNBUSDT,LONG,spot,BREAKOUT_ONLY,2025-07-25 17:00:00+00:00,768.8761,768.2208,4.1659,2025-07-25 17:15:00+00:00,774.35,2025-07-25 17:15:00+00:00,774.35,0.0,0.0,2025-07-25 17:30:00+00:00,774.7372,0.65632,508.48,767.3876,782.2793,7,2025-07-26 00:45:00+00:00,781.1059,TRAILING_STOP,29,4.18,0.4068,0.4101,1.0232,3.36,0.697
1146,ETHUSDT,LONG,spot,BREAKOUT_ONLY,2025-07-25 21:15:00+00:00,3668.531,3665.918,18.9487,2025-07-25 21:30:00+00:00,3710.0,2025-07-25 21:30:00+00:00,3710.0,0.0,0.0,2025-07-25 21:45:00+00:00,3711.845,0.097257,361.0,3662.1283,3732.0738,2,2025-07-26 03:00:00+00:00,3726.4757,TRAILING_STOP,21,1.42,0.2888,0.2899,0.7241,0.84,0.175
1147,SOLUSDT,LONG,spot,BREAKOUT_ONLY,2025-07-27 02:15:00+00:00,185.9981,185.8148,0.5529,2025-07-27 02:30:00+00:00,186.51,2025-07-27 02:30:00+00:00,186.51,0.0,0.0,2025-07-27 02:45:00+00:00,186.6133,5.140319,959.25,185.7042,187.2015,9,2025-07-27 06:15:00+00:00,186.9207,TRAILING_STOP,14,1.58,0.7674,0.7687,1.9209,0.04,0.009
1148,SOLUSDT,LONG,spot,BREAKOUT_ONLY,2025-07-27 16:00:00+00:00,186.6033,186.4191,0.8506,2025-07-27 16:15:00+00:00,188.47,2025-07-27 16:15:00+00:00,188.47,0.0,0.0,2025-07-27 16:30:00+00:00,188.5642,2.09256,394.58,186.2489,186.2489,0,2025-07-27 17:15:00+00:00,185.9696,STOP_LOSS,3,-5.43,0.3157,0.3113,0.781,-6.06,-1.25
1149,SOLUSDT,LONG,spot,BREAKOUT_ONLY,2025-07-27 17:00:00+00:00,186.8951,186.59,1.1983,2025-07-27 17:45:00+00:00,188.08,2025-07-27 17:45:00+00:00,188.08,0.0,0.0,2025-07-27 18:00:00+00:00,188.164,2.654598,499.5,186.3503,188.5378,3,2025-07-27 23:00:00+00:00,188.255,TRAILING_STOP,20,0.24,0.3996,0.3998,0.9994,-0.56,-0.116
1150,BTCUSDT,LONG,spot,BREAKOUT_ONLY,2025-07-29 05:00:00+00:00,118356.8589,118258.462,228.0955,2025-07-29 05:15:00+00:00,118649.26,2025-07-29 05:15:00+00:00,118649.26,0.0,0.0,2025-07-29 05:30:00+00:00,118708.5946,0.008026,952.75,118212.8429,118836.4629,1,2025-07-29 08:00:00+00:00,118658.2082,TRAILING_STOP,10,-0.4,0.7622,0.7619,1.9049,-1.93,-0.485
1151,BNBUSDT,LONG,spot,BREAKOUT_ONLY,2025-07-29 08:30:00+00:00,830.6435,828.8153,3.8552,2025-07-29 09:45:00+00:00,832.79,2025-07-29 09:45:00+00:00,832.79,0.0,0.0,2025-07-29 10:00:00+00:00,833.2164,0.928481,773.63,828.0443,828.0443,0,2025-07-29 10:15:00+00:00,826.8022,STOP_LOSS,1,-5.96,0.6189,0.6141,1.5383,-7.19,-1.497
1152,ETHUSDT,LONG,spot,BREAKOUT_ONLY,2025-07-30 02:45:00+00:00,3796.0468,3788.5158,18.9557,2025-07-30 03:00:00+00:00,3816.38,2025-07-30 03:00:00+00:00,3816.38,0.0,0.0,2025-07-30 03:15:00+00:00,3818.2882,0.142007,542.22,3784.7246,3784.7246,0,2025-07-30 09:30:00+00:00,3779.0475,STOP_LOSS,25,-5.57,0.4338,0.4293,1.0761,-6.44,-1.35
1153,BTCUSDT,LONG,spot,BREAKOUT_ONLY,2025-07-30 06:45:00+00:00,118046.2798,117965.4226,168.4585,2025-07-30 07:00:00+00:00,118212.32,2025-07-30 07:00:00+00:00,118212.32,0.0,0.0,2025-07-30 07:15:00+00:00,118271.4362,0.007976,943.29,117931.7309,117931.7309,0,2025-07-30 10:45:00+00:00,117754.8333,STOP_LOSS,14,-4.12,0.7546,0.7513,1.8804,-5.63,-2.077
1154,ETHUSDT,LONG,spot,BREAKOUT_ONLY,2025-07-30 17:30:00+00:00,3794.5372,3791.5962,18.662,2025-07-30 17:45:00+00:00,3805.14,2025-07-30 17:45:00+00:00,3805.14,0.0,0.0,2025-07-30 18:00:00+00:00,3807.0526,0.244751,931.78,3787.8638,3787.8638,0,2025-07-30 18:30:00+00:00,3782.182,STOP_LOSS,2,-6.09,0.7454,0.7406,1.8544,-7.57,-1.613
1155,ETHUSDT,LONG,spot,BREAKOUT_ONLY,2025-07-31 00:30:00+00:00,3789.499,3784.067,17.5345,2025-07-31 00:45:00+00:00,3843.92,2025-07-31 00:45:00+00:00,3843.92,0.0,0.0,2025-07-31 01:00:00+00:00,3845.852,0.071496,274.96,3780.5601,3780.5601,0,2025-07-31 09:00:00+00:00,3858.5198,TIME_EXIT_8H,32,0.91,0.22,0.2207,0.2754,0.47,0.1
1156,BTCUSDT,LONG,spot,BREAKOUT_ONLY,2025-07-31 15:45:00+00:00,118300.3566,118199.9871,303.1587,2025-07-31 16:15:00+00:00,118543.11,2025-07-31 16:15:00+00:00,118543.11,0.0,0.0,2025-07-31 16:30:00+00:00,118602.3916,0.007797,924.74,118139.3553,118139.3553,0,2025-07-31 17:15:00+00:00,117962.1463,STOP_LOSS,3,-4.99,0.7398,0.7358,1.842,-6.47,-1.791
1157,BNBUSDT,LONG,spot,BREAKOUT_ONLY,2025-07-31 16:15:00+00:00,798.9488,798.3132,4.0666,2025-07-31 16:30:00+00:00,808.22,2025-07-31 16:30:00+00:00,808.22,0.0,0.0,2025-07-31 16:45:00+00:00,808.6341,0.418909,338.74,797.4999,797.4999,0,2025-07-31 19:00:00+00:00,796.3036,STOP_LOSS,9,-5.17,0.271,0.2669,0.6697,-5.7,-1.223
1158,BTCUSDT,LONG,spot,BREAKOUT_ONLY,2025-08-05 10:45:00+00:00,114595.9417,114561.5621,234.0314,2025-08-05 11:00:00+00:00,114787.15,2025-08-05 11:00:00+00:00,114787.15,0.0,0.0,2025-08-05 11:15:00+00:00,114844.5436,0.007947,912.69,114514.7558,114514.7558,0,2025-08-05 12:15:00+00:00,114342.9837,STOP_LOSS,4,-3.99,0.7302,0.727,1.8194,-5.44,-2.077
1159,BNBUSDT,LONG,spot,BREAKOUT_ONLY,2025-08-05 10:45:00+00:00,762.3447,761.5216,1.9051,2025-08-05 11:00:00+00:00,764.7,2025-08-05 11:00:00+00:00,764.7,0.0,0.0,2025-08-05 11:15:00+00:00,765.0824,1.169426,894.71,761.1406,761.1406,0,2025-08-05 12:15:00+00:00,759.9989,STOP_LOSS,4,-5.94,0.7158,0.711,1.7805,-7.37,-1.599
1160,BTCUSDT,LONG,spot,BREAKOUT_ONLY,2025-08-05 11:45:00+00:00,114662.7374,114616.7741,202.987,2025-08-05 12:00:00+00:00,114893.13,2025-08-05 12:00:00+00:00,114893.13,0.0,0.0,2025-08-05 12:15:00+00:00,114950.5666,0.00783,900.01,114576.1767,114576.1767,0,2025-08-05 12:30:00+00:00,114358.215,STOP_LOSS,1,-4.64,0.72,0.7163,1.7931,-6.07,-2.072
1162,BTCUSDT,LONG,spot,BREAKOUT_ONLY,2025-08-06 07:30:00+00:00,113950.6405,113860.1876,208.6213,2025-08-06 07:45:00+00:00,114227.91,2025-08-06 07:45:00+00:00,114227.91,0.0,0.0,2025-08-06 08:00:00+00:00,114285.0139,0.007819,893.54,113818.4634,113818.4634,0,2025-08-06 08:30:00+00:00,113647.7357,STOP_LOSS,2,-4.98,0.7148,0.7108,1.7796,-6.41,-1.757
1161,ETHUSDT,LONG,spot,BREAKOUT_ONLY,2025-08-06 06:00:00+00:00,3606.2288,3598.8728,21.1815,2025-08-06 06:15:00+00:00,3621.52,2025-08-06 06:15:00+00:00,3621.52,0.0,0.0,2025-08-06 06:30:00+00:00,3623.3208,0.157408,570.34,3594.6365,3594.6365,0,2025-08-06 12:00:00+00:00,3589.2445,STOP_LOSS,22,-5.36,0.4563,0.452,1.1326,-6.27,-1.389
1164,SOLUSDT,LONG,spot,BREAKOUT_ONLY,2025-08-06 14:15:00+00:00,164.1866,163.8637,1.1613,2025-08-06 14:30:00+00:00,166.63,2025-08-06 14:30:00+00:00,166.63,0.0,0.0,2025-08-06 14:45:00+00:00,166.7133,1.444483,240.81,163.6314,168.303,3,2025-08-06 19:15:00+00:00,168.0505,TRAILING_STOP,18,1.93,0.1927,0.1942,0.4845,1.54,0.347
1163,BTCUSDT,LONG,spot,BREAKOUT_ONLY,2025-08-06 14:00:00+00:00,114085.5036,114001.8149,289.0218,2025-08-06 14:30:00+00:00,114300.96,2025-08-06 14:30:00+00:00,114300.96,0.0,0.0,2025-08-06 14:45:00+00:00,114358.1005,0.007708,881.44,113944.0106,115273.9843,17,2025-08-06 19:30:00+00:00,115101.0734,TRAILING_STOP,19,5.73,0.7052,0.7097,1.7715,4.31,1.351
1165,BTCUSDT,LONG,spot,BREAKOUT_ONLY,2025-08-08 20:30:00+00:00,116546.2236,116501.2539,203.1733,2025-08-08 20:45:00+00:00,116888.52,2025-08-08 20:45:00+00:00,116888.52,0.0,0.0,2025-08-08 21:00:00+00:00,116946.9643,0.007587,887.24,116460.6192,116460.6192,0,2025-08-09 02:00:00+00:00,116285.9283,STOP_LOSS,20,-5.02,0.7098,0.7058,1.767,-6.43,-1.743
1166,BTCUSDT,LONG,spot,BREAKOUT_ONLY,2025-08-10 03:00:00+00:00,116837.0691,116756.6367,238.2444,2025-08-10 03:15:00+00:00,118362.97,2025-08-10 03:15:00+00:00,118362.97,0.0,0.0,2025-08-10 03:30:00+00:00,118422.1515,0.002597,307.53,116708.9878,116708.9878,0,2025-08-10 11:30:00+00:00,118328.9559,TIME_EXIT_8H,32,-0.24,0.246,0.2458,0.3074,-0.73,-0.165
1167,SOLUSDT,LONG,spot,BREAKOUT_ONLY,2025-08-10 15:15:00+00:00,180.8328,180.5626,1.0624,2025-08-10 15:30:00+00:00,181.56,2025-08-10 15:30:00+00:00,181.56,0.0,0.0,2025-08-10 15:45:00+00:00,181.6408,3.44406,625.58,180.3501,182.0666,5,2025-08-10 20:00:00+00:00,181.7935,TRAILING_STOP,17,0.53,0.5005,0.5009,1.252,-0.48,-0.107
1168,ETHUSDT,LONG,spot,BREAKOUT_ONLY,2025-08-10 15:30:00+00:00,4214.2304,4206.6136,18.967,2025-08-10 16:15:00+00:00,4228.16,2025-08-10 16:15:00+00:00,4228.16,0.0,0.0,2025-08-10 16:30:00+00:00,4230.2841,0.162021,685.39,4202.8202,4234.2885,1,2025-08-10 20:00:00+00:00,4227.9371,TRAILING_STOP,14,-0.38,0.5483,0.548,1.3702,-1.48,-0.332
1169,ETHUSDT,LONG,spot,BREAKOUT_ONLY,2025-08-10 21:45:00+00:00,4221.2212,4214.2856,19.4355,2025-08-10 22:30:00+00:00,4235.71,2025-08-10 22:30:00+00:00,4235.71,0.0,0.0,2025-08-10 22:45:00+00:00,4237.8279,0.161703,685.27,4210.3985,4296.842,7,2025-08-11 02:30:00+00:00,4290.3967,TRAILING_STOP,15,8.5,0.5482,0.555,1.3833,7.4,1.668
1170,BNBUSDT,LONG,spot,BREAKOUT_ONLY,2025-08-10 23:00:00+00:00,803.0121,802.6056,1.802,2025-08-10 23:45:00+00:00,807.22,2025-08-10 23:45:00+00:00,807.22,0.0,0.0,2025-08-11 00:00:00+00:00,807.6236,0.82599,667.09,802.2452,819.9755,6,2025-08-11 03:15:00+00:00,818.7455,TRAILING_STOP,13,9.19,0.5337,0.541,1.348,8.11,1.826
1171,ETHUSDT,LONG,spot,BREAKOUT_ONLY,2025-08-11 14:45:00+00:00,4252.9709,4245.4932,31.3944,2025-08-11 15:00:00+00:00,4273.14,2025-08-11 15:00:00+00:00,4273.14,0.0,0.0,2025-08-11 15:15:00+00:00,4275.2766,0.125144,535.03,4239.2144,4304.1351,4,2025-08-11 17:00:00+00:00,4297.6788,TRAILING_STOP,7,2.8,0.428,0.4303,1.0743,1.95,0.431
1172,BNBUSDT,LONG,spot,BREAKOUT_ONLY,2025-08-11 18:30:00+00:00,807.1703,805.6851,3.5734,2025-08-11 18:45:00+00:00,810.01,2025-08-11 18:45:00+00:00,810.01,0.0,0.0,2025-08-11 19:00:00+00:00,810.425,0.82916,671.97,804.9705,804.9705,0,2025-08-11 19:45:00+00:00,803.763,STOP_LOSS,3,-5.52,0.5376,0.5332,1.3357,-6.59,-1.458
1173,BNBUSDT,LONG,spot,BREAKOUT_ONLY,2025-08-12 00:15:00+00:00,806.586,805.3062,3.4377,2025-08-12 00:30:00+00:00,808.69,2025-08-12 00:30:00+00:00,808.69,0.0,0.0,2025-08-12 00:45:00+00:00,809.1043,1.000893,809.83,804.6186,809.4168,8,2025-08-12 03:45:00+00:00,808.2027,TRAILING_STOP,12,-0.9,0.6479,0.6471,1.6183,-2.2,-0.489
1174,ETHUSDT,LONG,spot,BREAKOUT_ONLY,2025-08-12 01:30:00+00:00,4256.7534,4250.9698,22.1766,2025-08-12 01:45:00+00:00,4269.99,2025-08-12 01:45:00+00:00,4269.99,0.0,0.0,2025-08-12 02:00:00+00:00,4272.135,0.1759,751.47,4246.5345,4289.5322,9,2025-08-12 05:00:00+00:00,4283.0979,TRAILING_STOP,12,1.93,0.6012,0.6027,1.5058,0.72,0.161
1175,BNBUSDT,LONG,spot,BREAKOUT_ONLY,2025-08-12 06:30:00+00:00,808.8561,807.9863,2.8744,2025-08-12 07:00:00+00:00,810.39,2025-08-12 07:00:00+00:00,810.39,0.0,0.0,2025-08-12 07:15:00+00:00,810.8052,1.094599,887.51,807.4114,807.4114,0,2025-08-12 07:45:00+00:00,806.2003,STOP_LOSS,2,-5.04,0.71,0.706,1.7675,-6.46,-1.738
1176,BNBUSDT,LONG,spot,BREAKOUT_ONLY,2025-08-12 13:15:00+00:00,806.8433,806.1967,4.3254,2025-08-12 13:30:00+00:00,809.43,2025-08-12 13:30:00+00:00,809.43,0.0,0.0,2025-08-12 13:45:00+00:00,809.8247,0.990429,802.07,805.3316,833.573,26,2025-08-12 21:30:00+00:00,832.3227,TRAILING_STOP,31,22.28,0.6417,0.6595,1.6376,20.98,4.715
1177,BTCUSDT,LONG,spot,BREAKOUT_ONLY,2025-08-12 15:15:00+00:00,119109.9195,118960.5339,369.22,2025-08-12 15:30:00+00:00,119675.2,2025-08-12 15:30:00+00:00,119675.2,0.0,0.0,2025-08-12 15:45:00+00:00,119735.0376,0.005305,635.21,118886.6899,118886.6899,0,2025-08-12 23:45:00+00:00,120074.013,TIME_EXIT_8H,32,1.8,0.5082,0.5096,0.6361,0.78,0.173
1178,BTCUSDT,LONG,spot,BREAKOUT_ONLY,2025-08-13 07:15:00+00:00,119482.5204,119393.057,218.2229,2025-08-13 08:00:00+00:00,119786.76,2025-08-13 08:00:00+00:00,119786.76,0.0,0.0,2025-08-13 08:15:00+00:00,119846.6434,0.007532,902.66,119349.4124,120318.4003,9,2025-08-13 12:45:00+00:00,120137.9227,TRAILING_STOP,18,2.19,0.7221,0.7239,1.8086,0.75,0.2
1179,BNBUSDT,LONG,spot,BREAKOUT_ONLY,2025-08-15 04:00:00+00:00,843.4741,842.0771,3.4496,2025-08-15 04:15:00+00:00,849.8,2025-08-15 04:15:00+00:00,849.8,0.0,0.0,2025-08-15 04:30:00+00:00,850.2349,0.515686,438.45,841.3872,841.3872,0,2025-08-15 10:00:00+00:00,840.1251,STOP_LOSS,22,-5.21,0.3508,0.3466,0.8691,-5.91,-1.295
1180,BNBUSDT,LONG,spot,BREAKOUT_ONLY,2025-08-19 09:45:00+00:00,843.2746,842.1984,2.9504,2025-08-19 10:15:00+00:00,845.54,2025-08-19 10:15:00+00:00,845.54,0.0,0.0,2025-08-19 10:30:00+00:00,845.9628,1.041021,880.67,841.6083,841.6083,0,2025-08-19 13:30:00+00:00,840.3459,STOP_LOSS,12,-5.85,0.7045,0.6999,1.7526,-7.25,-1.6
1181,BNBUSDT,LONG,spot,BREAKOUT_ONLY,2025-08-19 13:00:00+00:00,844.3508,843.719,1.9068,2025-08-19 13:15:00+00:00,846.2,2025-08-19 13:15:00+00:00,846.2,0.0,0.0,2025-08-19 13:30:00+00:00,846.6231,1.05167,890.37,843.3376,843.3376,0,2025-08-19 13:45:00+00:00,839.6486,STOP_LOSS,1,-7.33,0.7123,0.7064,1.7697,-8.75,-2.533
1182,SOLUSDT,LONG,spot,BREAKOUT_ONLY,2025-08-20 15:00:00+00:00,180.8466,180.4432,1.8385,2025-08-20 15:15:00+00:00,184.54,2025-08-20 15:15:00+00:00,184.54,0.0,0.0,2025-08-20 15:30:00+00:00,184.6223,0.979391,180.82,180.0755,180.0755,0,2025-08-20 23:30:00+00:00,187.5362,TIME_EXIT_8H,32,2.85,0.1447,0.1469,0.1822,2.56,0.575
1183,ETHUSDT,LONG,spot,BREAKOUT_ONLY,2025-08-20 15:15:00+00:00,4204.5563,4192.5076,43.5248,2025-08-20 15:30:00+00:00,4288.58,2025-08-20 15:30:00+00:00,4288.58,0.0,0.0,2025-08-20 15:45:00+00:00,4290.7143,0.041572,178.37,4183.8027,4183.8027,0,2025-08-20 23:45:00+00:00,4333.9919,TIME_EXIT_8H,32,1.8,0.1427,0.1441,0.1793,1.51,0.34
1184,ETHUSDT,LONG,spot,BREAKOUT_ONLY,2025-08-21 14:00:00+00:00,4288.3445,4280.4818,29.0865,2025-08-21 14:15:00+00:00,4316.12,2025-08-21 14:15:00+00:00,4316.12,0.0,0.0,2025-08-21 14:30:00+00:00,4318.2881,0.102546,442.82,4274.6645,4274.6645,0,2025-08-21 14:45:00+00:00,4268.2525,STOP_LOSS,1,-5.13,0.3543,0.3502,0.8779,-5.84,-1.304
1185,ETHUSDT,LONG,spot,BREAKOUT_ONLY,2025-08-22 02:45:00+00:00,4260.8251,4255.9802,21.2656,2025-08-22 03:00:00+00:00,4297.06,2025-08-22 03:00:00+00:00,4297.06,0.0,0.0,2025-08-22 03:15:00+00:00,4299.2085,0.093599,402.4,4251.7271,4316.5782,5,2025-08-22 09:15:00+00:00,4310.1033,TRAILING_STOP,24,1.02,0.3219,0.3227,0.8063,0.38,0.084
1186,SOLUSDT,LONG,spot,BREAKOUT_ONLY,2025-08-22 07:00:00+00:00,182.8842,182.5327,0.8802,2025-08-22 07:15:00+00:00,183.95,2025-08-22 07:15:00+00:00,183.95,0.0,0.0,2025-08-22 07:30:00+00:00,184.052,2.629363,483.94,182.3566,182.3566,0,2025-08-22 10:00:00+00:00,182.0831,STOP_LOSS,10,-5.18,0.3872,0.383,0.9601,-5.95,-1.334
1187,BNBUSDT,LONG,spot,BREAKOUT_ONLY,2025-08-22 12:15:00+00:00,848.243,847.9787,3.0614,2025-08-22 13:30:00+00:00,851.45,2025-08-22 13:30:00+00:00,851.45,0.0,0.0,2025-08-22 13:45:00+00:00,851.8757,0.979383,834.31,847.3664,894.0473,30,2025-08-22 21:45:00+00:00,896.8713,TIME_EXIT_8H,32,44.07,0.6675,0.7027,0.8563,42.7,9.668
1188,ETHUSDT,LONG,spot,BREAKOUT_ONLY,2025-08-22 13:45:00+00:00,4283.8946,4279.4647,31.2798,2025-08-22 14:00:00+00:00,4595.96,2025-08-22 14:00:00+00:00,4595.96,0.0,0.0,2025-08-22 14:15:00+00:00,4598.258,0.013788,63.4,4273.2088,4273.2088,0,2025-08-22 22:15:00+00:00,4819.509,TIME_EXIT_8H,32,3.05,0.0507,0.0532,0.0649,2.95,0.657
1189,BTCUSDT,LONG,spot,BREAKOUT_ONLY,2025-08-24 00:15:00+00:00,115268.4969,115245.5733,101.0926,2025-08-24 00:30:00+00:00,115481.07,2025-08-24 00:30:00+00:00,115481.07,0.0,0.0,2025-08-24 00:45:00+00:00,115538.8105,0.00796,919.63,115225.3548,115225.3548,0,2025-08-24 01:15:00+00:00,115052.5168,STOP_LOSS,2,-3.87,0.7357,0.7326,1.8335,-5.34,-2.14
1190,BTCUSDT,LONG,spot,BREAKOUT_ONLY,2025-08-24 01:15:00+00:00,115288.6673,115265.1746,133.3291,2025-08-24 01:30:00+00:00,115500.0,2025-08-24 01:30:00+00:00,115500.0,0.0,0.0,2025-08-24 01:45:00+00:00,115557.75,0.007912,914.35,115238.5088,115238.5088,0,2025-08-24 02:30:00+00:00,115065.6511,STOP_LOSS,3,-3.89,0.7315,0.7284,1.8229,-5.35,-2.119
1191,BNBUSDT,LONG,spot,BREAKOUT_ONLY,2025-08-24 22:00:00+00:00,873.2886,871.6598,5.6453,2025-08-24 22:45:00+00:00,877.61,2025-08-24 22:45:00+00:00,877.61,0.0,0.0,2025-08-24 23:00:00+00:00,878.0388,0.611491,536.91,870.5307,870.5307,0,2025-08-25 00:30:00+00:00,869.2249,STOP_LOSS,6,-5.39,0.4295,0.4252,1.0657,-6.24,-1.36
1192,SOLUSDT,LONG,spot,BREAKOUT_ONLY,2025-08-24 23:00:00+00:00,205.9981,205.229,2.1226,2025-08-25 00:00:00+00:00,207.87,2025-08-25 00:00:00+00:00,207.87,0.0,0.0,2025-08-25 00:15:00+00:00,207.9839,1.43865,299.22,204.8045,204.8045,0,2025-08-25 00:30:00+00:00,204.4973,STOP_LOSS,1,-5.02,0.2394,0.2354,0.5909,-5.49,-1.2
1193,SOLUSDT,LONG,spot,BREAKOUT_ONLY,2025-08-25 00:45:00+00:00,205.8818,205.301,2.0179,2025-08-25 01:15:00+00:00,207.73,2025-08-25 01:15:00+00:00,207.73,0.0,0.0,2025-08-25 01:30:00+00:00,207.8339,1.543526,320.8,204.8974,209.1853,6,2025-08-25 03:45:00+00:00,208.8715,TRAILING_STOP,9,1.6,0.2566,0.2579,0.644,1.09,0.24
1194,BNBUSDT,LONG,spot,BREAKOUT_ONLY,2025-08-25 01:30:00+00:00,874.262,873.0991,4.389,2025-08-25 02:00:00+00:00,877.69,2025-08-25 02:00:00+00:00,877.69,0.0,0.0,2025-08-25 02:15:00+00:00,878.1389,0.770811,676.88,872.2213,872.2213,0,2025-08-25 06:00:00+00:00,870.913,STOP_LOSS,15,-5.57,0.5415,0.537,1.3454,-6.65,-1.458
1195,BTCUSDT,LONG,spot,BREAKOUT_ONLY,2025-08-27 12:00:00+00:00,111094.1753,111002.601,196.8633,2025-08-27 12:45:00+00:00,111344.42,2025-08-27 12:45:00+00:00,111344.42,0.0,0.0,2025-08-27 13:00:00+00:00,111400.1022,0.008006,891.92,110963.2284,111763.4499,3,2025-08-27 14:45:00+00:00,111595.8048,TRAILING_STOP,7,1.57,0.7135,0.7148,1.7862,0.14,0.04
1196,BNBUSDT,LONG,spot,BREAKOUT_ONLY,2025-08-27 13:30:00+00:00,858.5224,857.4339,2.7908,2025-08-27 14:15:00+00:00,861.83,2025-08-27 14:15:00+00:00,861.83,0.0,0.0,2025-08-27 14:30:00+00:00,862.2709,0.838218,722.77,856.8757,856.8757,0,2025-08-27 20:00:00+00:00,855.5904,STOP_LOSS,22,-5.6,0.5782,0.5737,1.4371,-6.75,-1.493
1198,BNBUSDT,LONG,spot,BREAKOUT_ONLY,2025-08-28 04:00:00+00:00,859.3422,859.1059,2.6651,2025-08-28 04:15:00+00:00,865.04,2025-08-28 04:15:00+00:00,865.04,0.0,0.0,2025-08-28 04:30:00+00:00,865.4825,0.651627,563.97,858.5729,866.9916,2,2025-08-28 05:45:00+00:00,865.6911,TRAILING_STOP,5,0.14,0.4512,0.4513,1.1281,-0.77,-0.17
1199,ETHUSDT,LONG,spot,BREAKOUT_ONLY,2025-08-28 06:45:00+00:00,4560.4875,4554.5998,16.896,2025-08-28 07:00:00+00:00,4580.08,2025-08-28 07:00:00+00:00,4580.08,0.0,0.0,2025-08-28 07:15:00+00:00,4582.38,0.144853,663.77,4551.2206,4595.3464,2,2025-08-28 08:45:00+00:00,4588.4534,TRAILING_STOP,6,0.88,0.531,0.5317,1.3289,-0.18,-0.041
1197,BTCUSDT,LONG,spot,BREAKOUT_ONLY,2025-08-28 01:30:00+00:00,111588.9607,111467.503,294.6731,2025-08-28 03:00:00+00:00,111855.73,2025-08-28 03:00:00+00:00,111855.73,0.0,0.0,2025-08-28 03:15:00+00:00,111911.6679,0.007911,885.38,111408.5684,112976.1964,14,2025-08-28 09:15:00+00:00,112806.7321,TRAILING_STOP,24,7.08,0.7083,0.714,1.7814,5.66,1.422
1200,BNBUSDT,LONG,spot,BREAKOUT_ONLY,2025-08-30 22:15:00+00:00,859.0566,858.5422,1.2783,2025-08-30 22:30:00+00:00,861.23,2025-08-30 22:30:00+00:00,861.23,0.0,0.0,2025-08-30 22:45:00+00:00,861.6606,1.032933,890.04,858.2866,858.2866,0,2025-08-31 06:45:00+00:00,856.9991,STOP_LOSS,32,-4.82,0.712,0.7082,1.7729,-6.24,-1.789
1201,SOLUSDT,LONG,spot,BREAKOUT_ONLY,2025-08-31 15:30:00+00:00,203.5091,203.4309,0.9225,2025-08-31 15:45:00+00:00,204.58,2025-08-31 15:45:00+00:00,204.58,0.0,0.0,2025-08-31 16:00:00+00:00,204.6823,3.108807,636.32,203.2464,203.2464,0,2025-08-31 23:00:00+00:00,202.9415,STOP_LOSS,28,-5.41,0.5091,0.5047,1.2645,-6.43,-1.439
1202,BNBUSDT,LONG,spot,BREAKOUT_ONLY,2025-08-31 16:00:00+00:00,860.7602,860.1206,1.373,2025-08-31 16:15:00+00:00,864.73,2025-08-31 16:15:00+00:00,864.73,0.0,0.0,2025-08-31 16:30:00+00:00,865.1624,0.840029,726.76,859.846,859.846,0,2025-08-31 23:15:00+00:00,858.5562,STOP_LOSS,27,-5.55,0.5814,0.577,1.4452,-6.71,-1.502
1203,BNBUSDT,LONG,spot,BREAKOUT_ONLY,2025-09-01 01:15:00+00:00,862.5872,861.9811,3.0149,2025-09-01 01:30:00+00:00,864.49,2025-09-01 01:30:00+00:00,864.49,0.0,0.0,2025-09-01 01:45:00+00:00,864.9122,1.00688,870.86,861.3781,861.3781,0,2025-09-01 02:00:00+00:00,860.0861,STOP_LOSS,1,-4.86,0.6967,0.6928,1.7344,-6.25,-1.756
1204,BTCUSDT,LONG,spot,BREAKOUT_ONLY,2025-09-01 08:30:00+00:00,108505.1159,108359.0887,325.5849,2025-09-01 08:45:00+00:00,109590.0,2025-09-01 08:45:00+00:00,109590.0,0.0,0.0,2025-09-01 09:00:00+00:00,109644.795,0.003233,354.47,108293.9717,108293.9717,0,2025-09-01 10:30:00+00:00,108131.5307,STOP_LOSS,6,-4.89,0.2836,0.2797,0.7016,-5.46,-1.249
1205,ETHUSDT,LONG,spot,BREAKOUT_ONLY,2025-09-01 08:30:00+00:00,4426.6725,4421.7126,22.6223,2025-09-01 08:45:00+00:00,4476.25,2025-09-01 08:45:00+00:00,4476.25,0.0,0.0,2025-09-01 09:00:00+00:00,4478.4881,0.071241,319.05,4417.1882,4417.1882,0,2025-09-01 10:30:00+00:00,4410.5624,STOP_LOSS,6,-4.84,0.2552,0.2514,0.6308,-5.35,-1.224
1206,BTCUSDT,LONG,spot,BREAKOUT_ONLY,2025-09-01 23:45:00+00:00,108722.1117,108651.986,353.3151,2025-09-02 00:00:00+00:00,109092.0,2025-09-02 00:00:00+00:00,109092.0,0.0,0.0,2025-09-02 00:15:00+00:00,109146.556,0.007631,832.85,108581.323,110079.9866,9,2025-09-02 05:00:00+00:00,109914.8666,TRAILING_STOP,19,5.86,0.6663,0.671,1.6745,4.53,1.049
1207,SOLUSDT,LONG,spot,BREAKOUT_ONLY,2025-09-02 14:00:00+00:00,201.8482,201.1433,1.8777,2025-09-02 14:15:00+00:00,204.56,2025-09-02 14:15:00+00:00,204.56,0.0,0.0,2025-09-02 14:30:00+00:00,204.6623,1.11328,227.85,200.7678,200.7678,0,2025-09-02 15:45:00+00:00,200.4666,STOP_LOSS,5,-4.67,0.1823,0.1785,0.4487,-5.03,-1.161
1208,SOLUSDT,LONG,spot,BREAKOUT_ONLY,2025-09-02 17:15:00+00:00,202.0899,201.4243,1.7728,2025-09-02 17:30:00+00:00,204.72,2025-09-02 17:30:00+00:00,204.72,0.0,0.0,2025-09-02 17:45:00+00:00,204.8124,1.151754,235.89,201.0698,208.0159,7,2025-09-03 00:45:00+00:00,207.7039,TRAILING_STOP,28,3.33,0.1887,0.1914,0.4768,2.95,0.684
1209,BNBUSDT,LONG,spot,BREAKOUT_ONLY,2025-09-02 21:00:00+00:00,850.3843,849.8791,1.956,2025-09-02 21:15:00+00:00,852.24,2025-09-02 21:15:00+00:00,852.24,0.0,0.0,2025-09-02 21:30:00+00:00,852.6761,1.000726,853.3,849.4879,849.4879,0,2025-09-03 01:00:00+00:00,848.2137,STOP_LOSS,14,-4.47,0.6826,0.6791,1.6999,-5.83,-1.826
1210,BNBUSDT,LONG,spot,BREAKOUT_ONLY,2025-09-03 02:30:00+00:00,851.5076,850.8898,1.6059,2025-09-03 02:45:00+00:00,853.1,2025-09-03 02:45:00+00:00,853.1,0.0,0.0,2025-09-03 03:00:00+00:00,853.5265,0.99661,850.63,850.5686,850.5686,0,2025-09-03 05:15:00+00:00,849.2928,STOP_LOSS,9,-4.22,0.6805,0.6771,1.6949,-5.58,-1.892
1211,ETHUSDT,LONG,spot,BREAKOUT_ONLY,2025-09-03 10:15:00+00:00,4330.3395,4325.0442,17.2829,2025-09-03 10:30:00+00:00,4364.01,2025-09-03 10:30:00+00:00,4364.01,0.0,0.0,2025-09-03 10:45:00+00:00,4366.202,0.09567,417.71,4321.5876,4454.8185,19,2025-09-03 18:45:00+00:00,4466.8555,TIME_EXIT_8H,32,9.63,0.3342,0.3419,0.4225,8.95,2.098
1212,ETHUSDT,LONG,spot,BREAKOUT_ONLY,2025-09-04 11:30:00+00:00,4405.8575,4401.0812,18.4949,2025-09-04 12:00:00+00:00,4417.6,2025-09-04 12:00:00+00:00,4417.6,0.0,0.0,2025-09-04 12:15:00+00:00,4419.8188,0.192231,849.63,4397.3822,4397.3822,0,2025-09-04 12:30:00+00:00,4390.7861,STOP_LOSS,1,-5.58,0.6797,0.6752,1.6909,-6.94,-1.608
1213,SOLUSDT,LONG,spot,BREAKOUT_ONLY,2025-09-07 20:45:00+00:00,203.0559,202.8938,0.7526,2025-09-07 21:00:00+00:00,204.76,2025-09-07 21:00:00+00:00,204.76,0.0,0.0,2025-09-07 21:15:00+00:00,204.8724,2.00941,411.67,202.7432,206.3065,4,2025-09-07 23:45:00+00:00,205.9971,TRAILING_STOP,10,2.26,0.3293,0.3311,0.8267,1.6,0.374
1214,ETHUSDT,LONG,spot,BREAKOUT_ONLY,2025-09-07 22:45:00+00:00,4293.8815,4292.9098,9.2551,2025-09-07 23:00:00+00:00,4315.96,2025-09-07 23:00:00+00:00,4315.96,0.0,0.0,2025-09-07 23:15:00+00:00,4318.118,0.159028,686.7,4291.0587,4291.0587,0,2025-09-08 01:15:00+00:00,4284.6221,STOP_LOSS,8,-5.33,0.5494,0.5451,1.3654,-6.42,-1.492
1215,BTCUSDT,LONG,spot,BREAKOUT_ONLY,2025-09-08 02:30:00+00:00,111080.216,111003.546,254.1299,2025-09-08 02:45:00+00:00,111240.0,2025-09-08 02:45:00+00:00,111240.0,0.0,0.0,2025-09-08 03:00:00+00:00,111295.61,0.007568,842.34,110952.72,110952.72,0,2025-09-08 04:00:00+00:00,110786.2909,STOP_LOSS,4,-3.85,0.6739,0.6708,1.6789,-5.2,-2.004
1216,ETHUSDT,LONG,spot,BREAKOUT_ONLY,2025-09-08 03:15:00+00:00,4301.0032,4296.9074,11.9847,2025-09-08 03:30:00+00:00,4317.79,2025-09-08 03:30:00+00:00,4317.79,0.0,0.0,2025-09-08 03:45:00+00:00,4319.9489,0.166742,720.31,4294.5105,4294.5105,0,2025-09-08 05:15:00+00:00,4288.0687,STOP_LOSS,6,-5.32,0.5763,0.572,1.4327,-6.46,-1.524
1217,BTCUSDT,LONG,spot,BREAKOUT_ONLY,2025-09-08 07:00:00+00:00,111080.5912,111027.1713,141.0193,2025-09-08 07:15:00+00:00,111502.34,2025-09-08 07:15:00+00:00,111502.34,0.0,0.0,2025-09-08 07:30:00+00:00,111558.0912,0.007447,830.79,110998.9674,111776.6673,6,2025-09-08 11:30:00+00:00,111609.0023,TRAILING_STOP,16,0.38,0.6646,0.6649,1.6621,-0.95,-0.228
1218,ETHUSDT,LONG,spot,BREAKOUT_ONLY,2025-09-08 09:00:00+00:00,4300.2588,4298.1093,11.5099,2025-09-08 09:15:00+00:00,4320.0,2025-09-08 09:15:00+00:00,4320.0,0.0,0.0,2025-09-08 09:30:00+00:00,4322.16,0.159549,689.59,4295.8074,4331.8068,1,2025-09-08 13:30:00+00:00,4325.3091,TRAILING_STOP,16,0.5,0.5517,0.5521,1.3799,-0.6,-0.143
1219,BTCUSDT,LONG,spot,BREAKOUT_ONLY,2025-09-09 05:30:00+00:00,111860.0941,111789.7332,180.7911,2025-09-09 05:45:00+00:00,112200.0,2025-09-09 05:45:00+00:00,112200.0,0.0,0.0,2025-09-09 06:00:00+00:00,112256.11,0.007387,829.25,111753.575,112930.5382,13,2025-09-09 09:45:00+00:00,112761.1424,TRAILING_STOP,15,3.73,0.6634,0.6664,1.6641,2.4,0.647
1220,ETHUSDT,LONG,spot,BREAKOUT_ONLY,2025-09-09 06:15:00+00:00,4312.6033,4310.4505,12.4185,2025-09-09 06:30:00+00:00,4360.48,2025-09-09 06:30:00+00:00,4360.48,0.0,0.0,2025-09-09 06:45:00+00:00,4362.6602,0.077032,336.06,4307.9668,4307.9668,0,2025-09-09 14:00:00+00:00,4301.5048,STOP_LOSS,29,-4.71,0.2689,0.2651,0.6651,-5.24,-1.245
1221,BNBUSDT,LONG,spot,BREAKOUT_ONLY,2025-09-09 22:30:00+00:00,877.7028,877.3962,1.6382,2025-09-09 22:45:00+00:00,882.6,2025-09-09 22:45:00+00:00,882.6,0.0,0.0,2025-09-09 23:00:00+00:00,883.0413,0.698828,617.09,877.0685,877.0685,0,2025-09-10 00:45:00+00:00,875.7529,STOP_LOSS,7,-5.09,0.4937,0.4896,1.2265,-6.08,-1.456
1223,ETHUSDT,LONG,spot,BREAKOUT_ONLY,2025-09-10 03:00:00+00:00,4311.8745,4308.2978,10.5729,2025-09-10 03:45:00+00:00,4320.44,2025-09-10 03:45:00+00:00,4320.44,0.0,0.0,2025-09-10 04:00:00+00:00,4322.6102,0.189647,819.77,4306.1832,4306.1832,0,2025-09-10 05:00:00+00:00,4299.724,STOP_LOSS,4,-4.34,0.6558,0.6523,1.633,-5.65,-1.813
1222,BNBUSDT,LONG,spot,BREAKOUT_ONLY,2025-09-10 01:15:00+00:00,878.9237,877.9857,1.9951,2025-09-10 01:30:00+00:00,880.02,2025-09-10 01:30:00+00:00,880.02,0.0,0.0,2025-09-10 01:45:00+00:00,880.47,0.9318,820.42,877.5866,882.514,4,2025-09-10 07:30:00+00:00,881.1902,TRAILING_STOP,23,0.67,0.6563,0.6569,1.6419,-0.64,-0.239
1224,ETHUSDT,LONG,spot,BREAKOUT_ONLY,2025-09-10 07:00:00+00:00,4312.1168,4310.3828,10.0663,2025-09-10 07:15:00+00:00,4331.0,2025-09-10 07:15:00+00:00,4331.0,0.0,0.0,2025-09-10 07:30:00+00:00,4333.1655,0.165837,718.6,4308.3695,4363.4362,1,2025-09-10 12:45:00+00:00,4356.891,TRAILING_STOP,21,3.93,0.5749,0.578,1.4431,2.78,0.676
1226,ETHUSDT,LONG,spot,BREAKOUT_ONLY,2025-09-14 01:00:00+00:00,4666.1344,4662.0088,11.4976,2025-09-14 01:45:00+00:00,4673.13,2025-09-14 01:45:00+00:00,4673.13,0.0,0.0,2025-09-14 02:00:00+00:00,4675.4666,0.17465,816.57,4659.7093,4668.0684,3,2025-09-14 03:15:00+00:00,4661.0663,TRAILING_STOP,5,-2.51,0.6533,0.6512,1.6294,-3.82,-1.388
1225,SOLUSDT,LONG,spot,BREAKOUT_ONLY,2025-09-13 22:30:00+00:00,240.2144,240.0783,0.768,2025-09-13 22:45:00+00:00,241.89,2025-09-13 22:45:00+00:00,241.89,0.0,0.0,2025-09-13 23:00:00+00:00,242.0109,1.977747,478.64,239.9247,246.9577,10,2025-09-14 03:45:00+00:00,246.5872,TRAILING_STOP,19,9.05,0.3829,0.3901,0.9708,8.28,2.006
1227,ETHUSDT,LONG,spot,BREAKOUT_ONLY,2025-09-14 04:15:00+00:00,4668.0968,4664.1294,13.9203,2025-09-14 05:15:00+00:00,4676.27,2025-09-14 05:15:00+00:00,4676.27,0.0,0.0,2025-09-14 05:30:00+00:00,4678.6081,0.175557,821.36,4661.3454,4661.3454,0,2025-09-14 06:45:00+00:00,4654.3533,STOP_LOSS,5,-4.26,0.6571,0.6537,1.6363,-5.57,-1.838
1228,BTCUSDT,LONG,spot,BREAKOUT_ONLY,2025-09-14 21:45:00+00:00,115720.7585,115673.5412,134.695,2025-09-14 22:00:00+00:00,115928.86,2025-09-14 22:00:00+00:00,115928.86,0.0,0.0,2025-09-14 22:15:00+00:00,115986.8344,0.007034,815.85,115646.6022,115646.6022,0,2025-09-14 23:00:00+00:00,115473.1323,STOP_LOSS,3,-3.61,0.6527,0.6498,1.6263,-4.92,-2.054
1229,BNBUSDT,LONG,spot,BREAKOUT_ONLY,2025-09-15 03:45:00+00:00,930.2712,929.4354,2.3447,2025-09-15 04:00:00+00:00,932.22,2025-09-15 04:00:00+00:00,932.22,0.0,0.0,2025-09-15 04:15:00+00:00,932.6961,0.869503,810.98,928.9665,928.9665,0,2025-09-15 06:30:00+00:00,927.573,STOP_LOSS,9,-4.45,0.6488,0.6452,1.6153,-5.75,-1.773
1230,ETHUSDT,LONG,spot,BREAKOUT_ONLY,2025-09-15 04:45:00+00:00,4629.7928,4623.7696,13.2446,2025-09-15 05:00:00+00:00,4649.76,2025-09-15 05:00:00+00:00,4649.76,0.0,0.0,2025-09-15 05:15:00+00:00,4652.0849,0.132427,616.06,4621.1207,4621.1207,0,2025-09-15 06:45:00+00:00,4614.189,STOP_LOSS,6,-5.02,0.4929,0.4888,1.2246,-6.0,-1.463
1231,BTCUSDT,LONG,spot,BREAKOUT_ONLY,2025-09-16 05:00:00+00:00,115309.9863,115242.3323,241.1086,2025-09-16 05:15:00+00:00,115738.2,2025-09-16 05:15:00+00:00,115738.2,0.0,0.0,2025-09-16 05:30:00+00:00,115796.0591,0.006707,776.62,115194.1106,115194.1106,0,2025-09-16 13:30:00+00:00,115021.3195,STOP_LOSS,32,-5.2,0.6213,0.6171,1.5454,-6.43,-1.594
1232,BNBUSDT,LONG,spot,BREAKOUT_ONLY,2025-09-16 05:15:00+00:00,921.813,920.8712,2.2941,2025-09-16 05:30:00+00:00,928.51,2025-09-16 05:30:00+00:00,928.51,0.0,0.0,2025-09-16 05:45:00+00:00,928.9743,0.471711,438.21,920.4124,920.4124,0,2025-09-16 13:45:00+00:00,926.7464,TIME_EXIT_8H,32,-1.05,0.3506,0.3497,0.4377,-1.75,-0.434
1234,SOLUSDT,LONG,spot,BREAKOUT_ONLY,2025-09-16 16:15:00+00:00,235.5105,235.1428,1.542,2025-09-16 16:30:00+00:00,237.45,2025-09-16 16:30:00+00:00,237.45,0.0,0.0,2025-09-16 16:45:00+00:00,237.5587,1.467564,348.63,234.8344,238.0687,1,2025-09-16 17:45:00+00:00,237.7116,TRAILING_STOP,4,0.22,0.2789,0.2791,0.6976,-0.33,-0.083
1233,BTCUSDT,LONG,spot,BREAKOUT_ONLY,2025-09-16 16:00:00+00:00,115391.3957,115367.7694,287.1034,2025-09-16 16:15:00+00:00,115858.01,2025-09-16 16:15:00+00:00,115858.01,0.0,0.0,2025-09-16 16:30:00+00:00,115915.929,0.006599,764.92,115310.3488,116252.0409,6,2025-09-16 18:30:00+00:00,116077.6628,TRAILING_STOP,8,1.07,0.6119,0.6128,1.5314,-0.16,-0.039
1235,ETHUSDT,LONG,spot,BREAKOUT_ONLY,2025-09-17 06:30:00+00:00,4507.1051,4503.3266,16.0571,2025-09-17 06:45:00+00:00,4545.99,2025-09-17 06:45:00+00:00,4545.99,0.0,0.0,2025-09-17 07:00:00+00:00,4548.263,0.082947,377.27,4500.1152,4500.1152,0,2025-09-17 08:30:00+00:00,4493.365,STOP_LOSS,6,-4.55,0.3018,0.2982,0.7477,-5.15,-1.29
1236,BNBUSDT,LONG,spot,BREAKOUT_ONLY,2025-09-17 18:45:00+00:00,951.8537,949.6235,5.7004,2025-09-17 19:15:00+00:00,955.62,2025-09-17 19:15:00+00:00,955.62,0.0,0.0,2025-09-17 19:30:00+00:00,956.0878,0.521802,498.89,948.4834,956.3419,1,2025-09-17 21:00:00+00:00,952.2495,TRAILING_STOP,6,-2.0,0.3991,0.3975,0.9948,-2.8,-0.706
1237,SOLUSDT,LONG,spot,BREAKOUT_ONLY,2025-09-17 19:30:00+00:00,235.3463,235.0195,2.7154,2025-09-17 19:45:00+00:00,238.74,2025-09-17 19:45:00+00:00,238.74,0.0,0.0,2025-09-17 20:00:00+00:00,238.8594,0.906804,216.6,234.4765,245.8673,22,2025-09-18 04:00:00+00:00,246.4467,TIME_EXIT_8H,32,6.88,0.1733,0.1788,0.22,6.53,1.643
1238,ETHUSDT,LONG,spot,BREAKOUT_ONLY,2025-09-17 20:00:00+00:00,4497.3395,4490.7919,36.7425,2025-09-17 21:00:00+00:00,4517.86,2025-09-17 21:00:00+00:00,4517.86,0.0,0.0,2025-09-17 21:15:00+00:00,4520.1189,0.107776,487.16,4483.4434,4612.1091,20,2025-09-18 04:00:00+00:00,4605.191,TRAILING_STOP,27,9.17,0.3897,0.3971,0.9881,8.38,2.121
1239,BNBUSDT,LONG,spot,BREAKOUT_ONLY,2025-09-20 02:00:00+00:00,985.1808,984.2235,2.2785,2025-09-20 02:45:00+00:00,990.61,2025-09-20 02:45:00+00:00,990.61,0.0,0.0,2025-09-20 03:00:00+00:00,991.1053,0.549035,544.15,983.7678,996.2608,5,2025-09-20 06:00:00+00:00,994.7664,TRAILING_STOP,12,2.01,0.4353,0.4369,1.0913,1.14,0.282
1240,ETHUSDT,LONG,spot,BREAKOUT_ONLY,2025-09-21 18:30:00+00:00,4479.7426,4476.5596,9.4645,2025-09-21 18:45:00+00:00,4497.0,2025-09-21 18:45:00+00:00,4497.0,0.0,0.0,2025-09-21 19:00:00+00:00,4499.2485,0.164114,738.39,4474.6667,4474.6667,0,2025-09-21 21:00:00+00:00,4467.9547,STOP_LOSS,8,-5.14,0.5907,0.5866,1.4691,-6.31,-1.565
1241,BNBUSDT,LONG,spot,BREAKOUT_ONLY,2025-09-24 05:45:00+00:00,1013.6499,1011.9971,6.0409,2025-09-24 06:45:00+00:00,1017.84,2025-09-24 06:45:00+00:00,1017.84,0.0,0.0,2025-09-24 07:00:00+00:00,1018.3489,0.529451,539.17,1010.7889,1025.5391,4,2025-09-24 10:00:00+00:00,1024.0008,TRAILING_STOP,12,2.99,0.4313,0.4337,1.0828,2.13,0.531
1242,BNBUSDT,LONG,spot,BREAKOUT_ONLY,2025-09-24 17:00:00+00:00,1016.1205,1015.0747,4.0056,2025-09-24 17:15:00+00:00,1018.6,2025-09-24 17:15:00+00:00,1018.6,0.0,0.0,2025-09-24 17:30:00+00:00,1019.1093,0.779731,794.63,1014.2736,1014.2736,0,2025-09-24 18:15:00+00:00,1012.7521,STOP_LOSS,3,-4.96,0.6357,0.6317,1.5818,-6.22,-1.651
1243,BNBUSDT,LONG,spot,BREAKOUT_ONLY,2025-09-24 20:15:00+00:00,1016.0578,1015.3199,2.7185,2025-09-24 20:30:00+00:00,1017.54,2025-09-24 20:30:00+00:00,1017.54,0.0,0.0,2025-09-24 20:45:00+00:00,1018.0588,0.774482,788.47,1014.7762,1014.7762,0,2025-09-24 21:45:00+00:00,1013.2541,STOP_LOSS,4,-3.72,0.6308,0.6278,1.5714,-4.98,-1.959
1244,BNBUSDT,LONG,spot,BREAKOUT_ONLY,2025-09-24 21:15:00+00:00,1016.3161,1015.4941,2.3289,2025-09-24 22:30:00+00:00,1018.72,2025-09-24 22:30:00+00:00,1018.72,0.0,0.0,2025-09-24 22:45:00+00:00,1019.2194,0.768763,783.54,1015.0283,1015.0283,0,2025-09-25 01:00:00+00:00,1013.5057,STOP_LOSS,9,-4.39,0.6268,0.6233,1.5605,-5.64,-1.751
1245,ETHUSDT,LONG,spot,BREAKOUT_ONLY,2025-09-27 21:00:00+00:00,4005.0156,4002.3572,7.3264,2025-09-27 21:15:00+00:00,4011.17,2025-09-27 21:15:00+00:00,4011.17,0.0,0.0,2025-09-27 21:30:00+00:00,4013.1756,0.19385,777.95,4000.892,4017.9959,1,2025-09-27 22:45:00+00:00,4011.9689,TRAILING_STOP,5,-0.23,0.6224,0.6222,1.5556,-1.48,-0.621
1246,ETHUSDT,LONG,spot,BREAKOUT_ONLY,2025-09-28 07:30:00+00:00,4007.4723,4006.0614,7.6353,2025-09-28 07:45:00+00:00,4014.32,2025-09-28 07:45:00+00:00,4014.32,0.0,0.0,2025-09-28 08:00:00+00:00,4016.3272,0.193333,776.49,4004.5343,4004.5343,0,2025-09-28 08:15:00+00:00,3998.5275,STOP_LOSS,1,-3.44,0.6212,0.6184,1.5478,-4.68,-2.053
1247,BNBUSDT,LONG,spot,BREAKOUT_ONLY,2025-09-28 11:30:00+00:00,969.4041,968.5229,2.4758,2025-09-28 11:45:00+00:00,973.22,2025-09-28 11:45:00+00:00,973.22,0.0,0.0,2025-09-28 12:00:00+00:00,973.7166,0.685246,667.24,968.0278,968.0278,0,2025-09-28 12:30:00+00:00,966.5757,STOP_LOSS,2,-4.89,0.5338,0.5299,1.3271,-5.96,-1.528
1249,BTCUSDT,LONG,spot,BREAKOUT_ONLY,2025-09-28 14:15:00+00:00,109471.2978,109447.7722,126.7082,2025-09-28 14:30:00+00:00,109688.0,2025-09-28 14:30:00+00:00,109688.0,0.0,0.0,2025-09-28 14:45:00+00:00,109742.834,0.006974,765.35,109422.4306,110062.4953,1,2025-09-28 16:15:00+00:00,109897.4016,TRAILING_STOP,6,1.08,0.6123,0.6131,1.5323,-0.15,-0.066
1248,BNBUSDT,LONG,spot,BREAKOUT_ONLY,2025-09-28 13:00:00+00:00,969.6528,969.2478,2.9732,2025-09-28 13:15:00+00:00,972.46,2025-09-28 13:15:00+00:00,972.46,0.0,0.0,2025-09-28 13:30:00+00:00,972.9462,0.787256,765.96,968.6531,977.1693,15,2025-09-28 19:00:00+00:00,975.7035,TRAILING_STOP,22,2.17,0.6128,0.6145,1.5352,0.94,0.279
1250,SOLUSDT,LONG,spot,BREAKOUT_ONLY,2025-09-28 16:00:00+00:00,201.5665,201.3509,0.947,2025-09-28 16:15:00+00:00,203.79,2025-09-28 16:15:00+00:00,203.79,0.0,0.0,2025-09-28 16:30:00+00:00,203.9019,1.416925,288.91,201.1615,209.2631,18,2025-09-29 00:30:00+00:00,209.5152,TIME_EXIT_8H,32,7.95,0.2311,0.2375,0.2929,7.48,1.928
1251,BTCUSDT,LONG,spot,BREAKOUT_ONLY,2025-09-30 18:30:00+00:00,113332.3731,113242.541,248.9144,2025-09-30 18:45:00+00:00,113714.56,2025-09-30 18:45:00+00:00,113714.56,0.0,0.0,2025-09-30 19:00:00+00:00,113771.4073,0.006757,768.74,113192.7581,114178.7847,4,2025-09-30 21:45:00+00:00,114007.5165,TRAILING_STOP,11,1.6,0.615,0.6163,1.5399,0.36,0.093
1253,ETHUSDT,LONG,spot,BREAKOUT_ONLY,2025-09-30 21:30:00+00:00,4151.4552,4147.6605,16.8982,2025-09-30 22:00:00+00:00,4162.27,2025-09-30 22:00:00+00:00,4162.27,0.0,0.0,2025-09-30 22:15:00+00:00,4164.3511,0.18591,774.2,4144.2809,4144.2809,0,2025-09-30 22:30:00+00:00,4138.0645,STOP_LOSS,1,-4.89,0.6194,0.6154,1.5411,-6.12,-1.641
1252,SOLUSDT,LONG,spot,BREAKOUT_ONLY,2025-09-30 21:30:00+00:00,208.3105,207.9151,1.1326,2025-09-30 21:45:00+00:00,209.6,2025-09-30 21:45:00+00:00,209.6,0.0,0.0,2025-09-30 22:00:00+00:00,209.7148,1.930562,404.87,207.6886,207.6886,0,2025-09-30 23:00:00+00:00,207.3771,STOP_LOSS,4,-4.51,0.3239,0.3203,0.803,-5.16,-1.318
1254,ETHUSDT,LONG,spot,BREAKOUT_ONLY,2025-10-01 01:00:00+00:00,4149.5766,4144.5956,15.7494,2025-10-01 01:30:00+00:00,4164.55,2025-10-01 01:30:00+00:00,4164.55,0.0,0.0,2025-10-01 01:45:00+00:00,4166.6423,0.153009,637.54,4141.4458,4141.4458,0,2025-10-01 03:15:00+00:00,4135.2336,STOP_LOSS,6,-4.81,0.51,0.5062,1.2679,-5.82,-1.51
1255,SOLUSDT,LONG,spot,BREAKOUT_ONLY,2025-10-01 01:30:00+00:00,208.4524,208.2124,1.1986,2025-10-01 01:45:00+00:00,210.59,2025-10-01 01:45:00+00:00,210.59,0.0,0.0,2025-10-01 02:00:00+00:00,210.6853,1.419576,299.08,207.9727,207.9727,0,2025-10-01 03:30:00+00:00,207.6607,STOP_LOSS,6,-4.29,0.2393,0.2358,0.5917,-4.77,-1.238
1257,SOLUSDT,LONG,spot,BREAKOUT_ONLY,2025-10-01 04:30:00+00:00,208.7358,208.5048,1.0818,2025-10-01 05:00:00+00:00,209.55,2025-10-01 05:00:00+00:00,209.55,0.0,0.0,2025-10-01 05:15:00+00:00,209.6548,2.777577,582.33,208.2884,208.2884,0,2025-10-01 06:15:00+00:00,207.976,STOP_LOSS,4,-4.66,0.4659,0.4621,1.1577,-5.59,-1.473
1256,BNBUSDT,LONG,spot,BREAKOUT_ONLY,2025-10-01 04:15:00+00:00,1009.302,1008.4048,3.6825,2025-10-01 04:30:00+00:00,1011.77,2025-10-01 04:30:00+00:00,1011.77,0.0,0.0,2025-10-01 04:45:00+00:00,1012.2759,0.743735,752.86,1007.6683,1027.8231,6,2025-10-01 10:00:00+00:00,1026.2814,TRAILING_STOP,21,10.42,0.6023,0.6106,1.5214,9.2,2.686
1258,SOLUSDT,LONG,spot,BREAKOUT_ONLY,2025-10-01 05:45:00+00:00,208.8962,208.5646,1.0321,2025-10-01 07:15:00+00:00,209.45,2025-10-01 07:15:00+00:00,209.45,0.0,0.0,2025-10-01 07:30:00+00:00,209.5547,3.149804,660.06,208.3582,218.4944,24,2025-10-01 15:30:00+00:00,220.0399,TIME_EXIT_8H,32,33.03,0.528,0.5545,0.6766,31.94,8.476
1259,ETHUSDT,LONG,spot,BREAKOUT_ONLY,2025-10-04 13:30:00+00:00,4494.6683,4491.7508,10.9021,2025-10-04 14:00:00+00:00,4507.41,2025-10-04 14:00:00+00:00,4507.41,0.0,0.0,2025-10-04 14:15:00+00:00,4509.6737,0.17475,788.07,4489.5703,4489.5703,0,2025-10-04 14:45:00+00:00,4482.836,STOP_LOSS,2,-4.69,0.6305,0.6267,1.5691,-5.95,-1.693
1260,ETHUSDT,LONG,spot,BREAKOUT_ONLY,2025-10-04 22:45:00+00:00,4482.7632,4480.1062,8.4603,2025-10-04 23:30:00+00:00,4488.15,2025-10-04 23:30:00+00:00,4488.15,0.0,0.0,2025-10-04 23:45:00+00:00,4490.3941,0.174189,782.18,4478.4141,4478.4141,0,2025-10-05 00:45:00+00:00,4471.6965,STOP_LOSS,4,-3.26,0.6257,0.6231,1.5595,-4.51,-2.159
1262,BNBUSDT,LONG,spot,BREAKOUT_ONLY,2025-10-05 02:30:00+00:00,1150.7318,1149.5887,5.0468,2025-10-05 02:45:00+00:00,1162.78,2025-10-05 02:45:00+00:00,1162.78,0.0,0.0,2025-10-05 03:00:00+00:00,1163.3614,0.265718,309.13,1148.5793,1176.4473,5,2025-10-05 06:00:00+00:00,1174.6826,TRAILING_STOP,12,3.01,0.2473,0.2497,0.6228,2.51,0.639
1261,ETHUSDT,LONG,spot,BREAKOUT_ONLY,2025-10-05 02:30:00+00:00,4487.2002,4483.4889,14.5368,2025-10-05 02:45:00+00:00,4548.9,2025-10-05 02:45:00+00:00,4548.9,0.0,0.0,2025-10-05 03:00:00+00:00,4551.1845,0.055633,253.2,4480.5815,4480.5815,0,2025-10-05 11:00:00+00:00,4534.7215,TIME_EXIT_8H,32,-0.92,0.2026,0.2018,0.2527,-1.32,-0.336
1263,BNBUSDT,LONG,spot,BREAKOUT_ONLY,2025-10-05 22:30:00+00:00,1160.3879,1159.0246,3.661,2025-10-05 23:30:00+00:00,1163.44,2025-10-05 23:30:00+00:00,1163.44,0.0,0.0,2025-10-05 23:45:00+00:00,1164.0117,0.669148,778.9,1158.2924,1165.6419,1,2025-10-06 00:30:00+00:00,1163.8935,TRAILING_STOP,3,-0.08,0.6231,0.6231,1.5577,-1.33,-0.346
1264,BTCUSDT,LONG,spot,BREAKOUT_ONLY,2025-10-05 23:30:00+00:00,123099.0845,123055.1444,212.3767,2025-10-05 23:45:00+00:00,123482.31,2025-10-05 23:45:00+00:00,123482.31,0.0,0.0,2025-10-06 00:00:00+00:00,123544.0612,0.0063,778.28,123012.6691,123782.7817,1,2025-10-06 00:30:00+00:00,123475.169,TRAILING_STOP,2,-0.43,0.6226,0.6223,1.5559,-1.68,-0.502
1265,BNBUSDT,LONG,spot,BREAKOUT_ONLY,2025-10-06 00:15:00+00:00,1161.8559,1160.5012,4.354,2025-10-06 00:30:00+00:00,1169.5,2025-10-06 00:30:00+00:00,1169.5,0.0,0.0,2025-10-06 00:45:00+00:00,1170.1048,0.374134,437.78,1159.6304,1171.6448,1,2025-10-06 02:30:00+00:00,1169.8874,TRAILING_STOP,7,-0.08,0.3502,0.3502,0.8754,-0.78,-0.199
1266,BTCUSDT,LONG,spot,BREAKOUT_ONLY,2025-10-06 00:30:00+00:00,123245.0643,123096.4451,306.0713,2025-10-06 01:00:00+00:00,123486.87,2025-10-06 01:00:00+00:00,123486.87,0.0,0.0,2025-10-06 01:15:00+00:00,123548.6234,0.006277,775.58,123035.2308,123498.5029,4,2025-10-06 02:30:00+00:00,123313.2551,TRAILING_STOP,5,-1.48,0.6205,0.6193,1.5489,-2.72,-0.843
1267,SOLUSDT,LONG,spot,BREAKOUT_ONLY,2025-10-06 02:15:00+00:00,229.8964,229.5371,1.2487,2025-10-06 02:30:00+00:00,231.2,2025-10-06 02:30:00+00:00,231.2,0.0,0.0,2025-10-06 02:45:00+00:00,231.3256,1.914033,442.76,229.2873,232.856,6,2025-10-06 07:30:00+00:00,232.5067,TRAILING_STOP,19,2.26,0.3542,0.356,0.8889,1.55,0.397
1268,ETHUSDT,LONG,spot,BREAKOUT_ONLY,2025-10-06 01:15:00+00:00,4519.0816,4512.1338,20.3491,2025-10-06 02:45:00+00:00,4538.32,2025-10-06 02:45:00+00:00,4538.32,0.0,0.0,2025-10-06 03:00:00+00:00,4540.5792,0.120255,546.03,4508.064,4548.1765,3,2025-10-06 07:30:00+00:00,4541.3542,TRAILING_STOP,18,0.09,0.4368,0.4369,1.0922,-0.78,-0.2
1269,SOLUSDT,LONG,spot,BREAKOUT_ONLY,2025-10-07 05:00:00+00:00,233.7087,233.3467,0.8714,2025-10-07 05:15:00+00:00,234.77,2025-10-07 05:15:00+00:00,234.77,0.0,0.0,2025-10-07 05:30:00+00:00,234.8974,2.26391,531.79,233.1724,233.1724,0,2025-10-07 05:45:00+00:00,232.8227,STOP_LOSS,1,-4.7,0.4254,0.4217,1.0565,-5.54,-1.42
1270,BTCUSDT,LONG,spot,BREAKOUT_ONLY,2025-10-07 13:00:00+00:00,124378.3786,124363.2905,239.696,2025-10-07 13:15:00+00:00,124804.14,2025-10-07 13:15:00+00:00,124804.14,0.0,0.0,2025-10-07 13:30:00+00:00,124866.5421,0.006148,767.73,124315.3513,124315.3513,0,2025-10-07 13:45:00+00:00,123606.5117,STOP_LOSS,1,-7.75,0.6142,0.608,1.5238,-8.97,-2.647
1271,BTCUSDT,LONG,spot,BREAKOUT_ONLY,2025-10-08 16:45:00+00:00,122580.8042,122409.3523,413.8746,2025-10-08 17:00:00+00:00,123669.93,2025-10-08 17:00:00+00:00,123669.93,0.0,0.0,2025-10-08 17:15:00+00:00,123731.765,0.002727,337.47,122326.5774,122326.5774,0,2025-10-09 01:15:00+00:00,122464.2173,TIME_EXIT_8H,32,-3.46,0.27,0.2672,0.3357,-3.99,-1.042
1272,BNBUSDT,LONG,spot,BREAKOUT_ONLY,2025-10-09 07:00:00+00:00,1297.7202,1295.8426,10.2381,2025-10-09 07:15:00+00:00,1314.69,2025-10-09 07:15:00+00:00,1314.69,0.0,0.0,2025-10-09 07:30:00+00:00,1315.3473,0.1769,232.69,1293.795,1293.795,0,2025-10-09 08:15:00+00:00,1291.8543,STOP_LOSS,3,-4.16,0.1861,0.1828,0.4591,-4.52,-1.187
1273,BTCUSDT,LONG,spot,BREAKOUT_ONLY,2025-10-09 12:45:00+00:00,122511.5898,122353.2753,353.4385,2025-10-09 13:00:00+00:00,123233.68,2025-10-09 13:00:00+00:00,123233.68,0.0,0.0,2025-10-09 13:15:00+00:00,123295.3068,0.003742,461.42,122282.5876,122282.5876,0,2025-10-09 13:45:00+00:00,122099.1637,STOP_LOSS,2,-4.48,0.3691,0.3656,0.9161,-5.21,-1.375
1274,BNBUSDT,LONG,spot,BREAKOUT_ONLY,2025-10-10 12:00:00+00:00,1263.6048,1261.1986,7.2266,2025-10-10 12:15:00+00:00,1270.94,2025-10-10 12:15:00+00:00,1270.94,0.0,0.0,2025-10-10 12:30:00+00:00,1271.5755,0.318379,404.84,1259.7533,1259.7533,0,2025-10-10 13:30:00+00:00,1257.8636,STOP_LOSS,4,-4.37,0.3239,0.3204,0.8031,-5.01,-1.331
1275,BNBUSDT,LONG,spot,BREAKOUT_ONLY,2025-10-10 13:00:00+00:00,1264.7126,1262.4484,6.2076,2025-10-10 13:15:00+00:00,1268.84,2025-10-10 13:15:00+00:00,1268.84,0.0,0.0,2025-10-10 13:30:00+00:00,1269.4844,0.451689,573.41,1261.2069,1261.2069,0,2025-10-10 13:45:00+00:00,1257.6207,STOP_LOSS,1,-5.36,0.4587,0.4544,1.1388,-6.27,-1.677
1276,SOLUSDT,LONG,spot,BREAKOUT_ONLY,2025-10-10 13:45:00+00:00,221.4108,220.8773,1.1889,2025-10-10 14:00:00+00:00,223.9,2025-10-10 14:00:00+00:00,223.9,0.0,0.0,2025-10-10 14:15:00+00:00,224.0119,1.099373,246.27,220.6395,220.6395,0,2025-10-10 14:45:00+00:00,220.3086,STOP_LOSS,2,-4.07,0.197,0.1938,0.4864,-4.46,-1.204
1278,BNBUSDT,LONG,spot,BREAKOUT_ONLY,2025-10-13 22:45:00+00:00,1286.3422,1283.2292,7.6717,2025-10-13 23:00:00+00:00,1291.25,2025-10-13 23:00:00+00:00,1291.25,0.0,0.0,2025-10-13 23:15:00+00:00,1291.8956,0.36133,466.8,1281.6948,1302.2619,2,2025-10-14 00:45:00+00:00,1300.3085,TRAILING_STOP,6,3.04,0.3734,0.3759,0.9382,2.29,0.621
1277,BTCUSDT,LONG,spot,BREAKOUT_ONLY,2025-10-13 18:15:00+00:00,114656.8835,114402.6898,512.8833,2025-10-13 18:30:00+00:00,115205.07,2025-10-13 18:30:00+00:00,115205.07,0.0,0.0,2025-10-13 18:45:00+00:00,115262.6625,0.003829,441.29,114300.1132,114300.1132,0,2025-10-14 01:45:00+00:00,114128.663,STOP_LOSS,28,-4.34,0.353,0.3496,0.8761,-5.04,-1.369
1279,SOLUSDT,LONG,spot,BREAKOUT_ONLY,2025-10-14 16:45:00+00:00,198.7549,198.279,3.022,2025-10-14 17:00:00+00:00,203.76,2025-10-14 17:00:00+00:00,203.76,0.0,0.0,2025-10-14 17:15:00+00:00,203.8719,0.59243,120.78,197.6746,197.6746,0,2025-10-14 19:30:00+00:00,197.3781,STOP_LOSS,9,-3.85,0.0966,0.0935,0.2358,-4.04,-1.1
1280,ETHUSDT,LONG,spot,BREAKOUT_ONLY,2025-10-14 18:30:00+00:00,4071.9275,4052.9718,41.7094,2025-10-14 18:45:00+00:00,4120.91,2025-10-14 18:45:00+00:00,4120.91,0.0,0.0,2025-10-14 19:00:00+00:00,4122.9604,0.046831,193.08,4044.6299,4044.6299,0,2025-10-15 03:00:00+00:00,4101.2583,TIME_EXIT_8H,32,-1.02,0.1545,0.1537,0.1926,-1.32,-0.361
1281,ETHUSDT,LONG,spot,BREAKOUT_ONLY,2025-10-15 06:45:00+00:00,4106.0058,4095.2663,23.5975,2025-10-15 07:00:00+00:00,4119.12,2025-10-15 07:00:00+00:00,4119.12,0.0,0.0,2025-10-15 07:15:00+00:00,4121.1896,0.11894,490.17,4090.5468,4170.3426,4,2025-10-15 09:15:00+00:00,4164.087,TRAILING_STOP,8,5.1,0.3921,0.3962,0.988,4.31,1.184
1282,ETHUSDT,LONG,spot,BREAKOUT_ONLY,2025-10-16 10:30:00+00:00,4024.236,4014.2248,27.0873,2025-10-16 10:45:00+00:00,4049.09,2025-10-16 10:45:00+00:00,4049.09,0.0,0.0,2025-10-16 11:00:00+00:00,4051.1145,0.086657,351.06,4008.8073,4008.8073,0,2025-10-16 13:45:00+00:00,4002.7941,STOP_LOSS,11,-4.19,0.2808,0.2775,0.6958,-4.75,-1.294
1283,ETHUSDT,LONG,spot,BREAKOUT_ONLY,2025-10-19 03:30:00+00:00,3878.6483,3874.3596,10.885,2025-10-19 03:45:00+00:00,3906.29,2025-10-19 03:45:00+00:00,3906.29,0.0,0.0,2025-10-19 04:00:00+00:00,3908.2532,0.100982,394.66,3872.1826,3872.1826,0,2025-10-19 08:15:00+00:00,3866.3743,STOP_LOSS,17,-4.23,0.3157,0.3123,0.783,-4.86,-1.333
1284,ETHUSDT,LONG,spot,BREAKOUT_ONLY,2025-10-19 10:00:00+00:00,3885.5807,3880.0097,27.597,2025-10-19 10:15:00+00:00,3934.66,2025-10-19 10:15:00+00:00,3934.66,0.0,0.0,2025-10-19 10:30:00+00:00,3936.6373,0.05822,229.19,3874.4903,3969.3283,7,2025-10-19 16:15:00+00:00,3963.3743,TRAILING_STOP,23,1.56,0.1834,0.1846,0.4607,1.19,0.329
1285,BTCUSDT,LONG,spot,BREAKOUT_ONLY,2025-10-19 10:15:00+00:00,106940.0948,106925.232,539.7726,2025-10-19 10:30:00+00:00,107739.21,2025-10-19 10:30:00+00:00,107739.21,0.0,0.0,2025-10-19 10:45:00+00:00,107793.0796,0.003705,399.4,106817.2775,108862.4216,8,2025-10-19 18:45:00+00:00,109328.3185,TIME_EXIT_8H,32,5.69,0.3195,0.3241,0.4022,5.04,1.395
1286,SOLUSDT,LONG,spot,BREAKOUT_ONLY,2025-10-20 04:15:00+00:00,188.1096,187.9064,1.4994,2025-10-20 04:30:00+00:00,191.79,2025-10-20 04:30:00+00:00,191.79,0.0,0.0,2025-10-20 04:45:00+00:00,191.8859,0.852779,163.64,187.6065,187.6065,0,2025-10-20 12:45:00+00:00,192.6636,TIME_EXIT_8H,32,0.66,0.1309,0.1314,0.164,0.4,0.11
1287,SOLUSDT,LONG,spot,BREAKOUT_ONLY,2025-10-20 22:30:00+00:00,189.8543,189.5495,0.8777,2025-10-20 22:45:00+00:00,190.74,2025-10-20 22:45:00+00:00,190.74,0.0,0.0,2025-10-20 23:00:00+00:00,190.8354,2.498483,476.8,189.3739,189.3739,0,2025-10-21 00:00:00+00:00,189.0899,STOP_LOSS,4,-4.36,0.3814,0.378,0.9471,-5.12,-1.402
1288,SOLUSDT,LONG,spot,BREAKOUT_ONLY,2025-10-21 15:00:00+00:00,187.6792,186.774,1.9636,2025-10-21 15:15:00+00:00,194.21,2025-10-21 15:15:00+00:00,194.21,0.0,0.0,2025-10-21 15:30:00+00:00,194.3071,0.457463,88.89,186.3813,186.3813,0,2025-10-21 23:30:00+00:00,186.1017,STOP_LOSS,32,-3.75,0.0711,0.0681,0.1721,-3.89,-1.074
1289,BNBUSDT,LONG,spot,BREAKOUT_ONLY,2025-10-23 01:15:00+00:00,1071.9002,1070.4301,5.0298,2025-10-23 01:30:00+00:00,1083.93,2025-10-23 01:30:00+00:00,1083.93,0.0,0.0,2025-10-23 01:45:00+00:00,1084.472,0.239656,259.9,1069.4241,1111.5197,8,2025-10-23 09:00:00+00:00,1109.8524,TRAILING_STOP,29,6.08,0.2079,0.2128,0.5289,5.66,1.57
1290,ETHUSDT,LONG,spot,BREAKOUT_ONLY,2025-10-23 15:45:00+00:00,3856.9828,3850.8706,24.1847,2025-10-23 16:00:00+00:00,3878.68,2025-10-23 16:00:00+00:00,3878.68,0.0,0.0,2025-10-23 16:15:00+00:00,3880.6293,0.10506,407.7,3846.0337,3884.3047,1,2025-10-23 17:00:00+00:00,3878.4782,TRAILING_STOP,3,-0.23,0.3262,0.326,0.8151,-0.88,-0.242
1291,ETHUSDT,LONG,spot,BREAKOUT_ONLY,2025-10-24 01:30:00+00:00,3858.5977,3856.3478,13.7119,2025-10-24 01:45:00+00:00,3881.72,2025-10-24 01:45:00+00:00,3881.72,0.0,0.0,2025-10-24 02:00:00+00:00,3883.6609,0.120784,469.09,3853.6055,3961.9939,11,2025-10-24 07:30:00+00:00,3956.0509,TRAILING_STOP,22,8.74,0.3753,0.3823,0.9513,7.99,2.2
1292,BNBUSDT,LONG,spot,BREAKOUT_ONLY,2025-10-25 04:45:00+00:00,1113.6997,1112.3547,3.0775,2025-10-25 05:15:00+00:00,1116.24,2025-10-25 05:15:00+00:00,1116.24,0.0,0.0,2025-10-25 05:30:00+00:00,1116.7981,0.65069,726.69,1111.7392,1111.7392,0,2025-10-25 07:30:00+00:00,1110.0716,STOP_LOSS,8,-4.38,0.5814,0.5778,1.4468,-5.54,-1.682
1293,BNBUSDT,LONG,spot,BREAKOUT_ONLY,2025-10-25 07:00:00+00:00,1114.7408,1113.4723,2.6211,2025-10-25 07:15:00+00:00,1116.5,2025-10-25 07:15:00+00:00,1116.5,0.0,0.0,2025-10-25 07:30:00+00:00,1117.0583,0.645632,721.21,1112.948,1112.948,0,2025-10-25 07:45:00+00:00,1110.6815,STOP_LOSS,1,-4.12,0.577,0.5737,1.4362,-5.27,-1.985
1294,BNBUSDT,LONG,spot,BREAKOUT_ONLY,2025-10-25 08:00:00+00:00,1114.4098,1113.5195,2.8543,2025-10-25 08:15:00+00:00,1116.52,2025-10-25 08:15:00+00:00,1116.52,0.0,0.0,2025-10-25 08:30:00+00:00,1117.0783,0.640952,715.99,1112.9486,1112.9486,0,2025-10-25 09:45:00+00:00,1111.2792,STOP_LOSS,5,-3.72,0.5728,0.5698,1.4264,-4.86,-1.836
1295,BNBUSDT,LONG,spot,BREAKOUT_ONLY,2025-10-25 11:15:00+00:00,1114.6853,1114.0774,2.5741,2025-10-25 12:00:00+00:00,1116.16,2025-10-25 12:00:00+00:00,1116.16,0.0,0.0,2025-10-25 12:15:00+00:00,1116.7181,0.636851,711.18,1113.5626,1113.5626,0,2025-10-25 13:15:00+00:00,1111.8922,STOP_LOSS,4,-3.07,0.5689,0.5665,1.4178,-4.21,-2.094
1297,BNBUSDT,LONG,spot,BREAKOUT_ONLY,2025-10-25 18:45:00+00:00,1113.5761,1112.7507,2.2482,2025-10-25 19:00:00+00:00,1115.03,2025-10-25 19:00:00+00:00,1115.03,0.0,0.0,2025-10-25 19:15:00+00:00,1115.5975,0.633428,706.65,1112.3011,1116.9437,1,2025-10-25 23:15:00+00:00,1115.2683,TRAILING_STOP,16,-0.21,0.5653,0.5652,1.413,-1.34,-0.641
1296,SOLUSDT,LONG,spot,BREAKOUT_ONLY,2025-10-25 18:45:00+00:00,192.9172,192.8116,0.5824,2025-10-25 19:00:00+00:00,194.1,2025-10-25 19:00:00+00:00,194.1,0.0,0.0,2025-10-25 19:15:00+00:00,194.197,2.377468,461.7,192.6951,192.6951,0,2025-10-26 01:45:00+00:00,192.4061,STOP_LOSS,26,-4.26,0.3694,0.366,0.917,-4.99,-1.398
1299,ETHUSDT,LONG,spot,BREAKOUT_ONLY,2025-10-26 07:00:00+00:00,3942.5575,3940.381,5.0011,2025-10-26 07:30:00+00:00,3950.46,2025-10-26 07:30:00+00:00,3950.46,0.0,0.0,2025-10-26 07:45:00+00:00,3952.4352,0.177155,700.19,3939.3808,3983.8559,4,2025-10-26 09:45:00+00:00,3977.8801,TRAILING_STOP,8,4.51,0.5602,0.5638,1.4071,3.38,1.463
1298,SOLUSDT,LONG,spot,BREAKOUT_ONLY,2025-10-26 05:30:00+00:00,193.3462,193.2241,0.4514,2025-10-26 05:45:00+00:00,193.64,2025-10-26 05:45:00+00:00,193.64,0.0,0.0,2025-10-26 06:00:00+00:00,193.7368,3.617005,700.75,193.1338,195.0981,4,2025-10-26 10:30:00+00:00,194.8054,TRAILING_STOP,18,3.87,0.5606,0.5637,1.4073,2.74,1.257
1300,SOLUSDT,LONG,spot,BREAKOUT_ONLY,2025-10-27 16:30:00+00:00,200.6993,200.192,1.2014,2025-10-27 16:45:00+00:00,202.47,2025-10-27 16:45:00+00:00,202.47,0.0,0.0,2025-10-27 17:00:00+00:00,202.5612,1.367985,277.1,199.9517,199.9517,0,2025-10-27 19:30:00+00:00,199.6518,STOP_LOSS,10,-3.98,0.2217,0.2185,0.5482,-4.42,-1.238
1301,SOLUSDT,LONG,spot,BREAKOUT_ONLY,2025-10-28 02:00:00+00:00,200.0813,199.9505,0.9989,2025-10-28 02:15:00+00:00,200.8,2025-10-28 02:15:00+00:00,200.8,0.0,0.0,2025-10-28 02:30:00+00:00,200.9004,3.085687,619.92,199.7507,199.7507,0,2025-10-28 02:45:00+00:00,199.4511,STOP_LOSS,1,-4.47,0.4959,0.4924,1.2331,-5.46,-1.539
1302,SOLUSDT,LONG,spot,BREAKOUT_ONLY,2025-10-28 03:00:00+00:00,200.1684,200.1243,1.1772,2025-10-28 03:15:00+00:00,201.57,2025-10-28 03:15:00+00:00,201.57,0.0,0.0,2025-10-28 03:30:00+00:00,201.6608,1.986725,400.64,199.8888,199.8888,0,2025-10-28 05:30:00+00:00,199.589,STOP_LOSS,8,-4.12,0.3205,0.3172,0.7951,-4.75,-1.35
1303,SOLUSDT,LONG,spot,BREAKOUT_ONLY,2025-10-28 07:15:00+00:00,200.6186,200.2927,1.0428,2025-10-28 07:30:00+00:00,202.7,2025-10-28 07:30:00+00:00,202.7,0.0,0.0,2025-10-28 07:45:00+00:00,202.7913,1.291583,261.92,200.0841,200.0841,0,2025-10-28 10:30:00+00:00,199.784,STOP_LOSS,11,-3.88,0.2095,0.2064,0.518,-4.3,-1.23
1304,BTCUSDT,LONG,spot,BREAKOUT_ONLY,2025-10-28 10:45:00+00:00,114374.0897,114302.9039,159.0001,2025-10-28 11:00:00+00:00,114523.12,2025-10-28 11:00:00+00:00,114523.12,0.0,0.0,2025-10-28 11:15:00+00:00,114580.3716,0.006005,688.07,114271.1039,114271.1039,0,2025-10-28 12:00:00+00:00,114099.6972,STOP_LOSS,3,-2.89,0.5505,0.5481,1.3718,-3.99,-2.146
1305,BTCUSDT,LONG,spot,BREAKOUT_ONLY,2025-10-28 11:45:00+00:00,114382.5526,114329.5028,165.8346,2025-10-28 13:00:00+00:00,114759.98,2025-10-28 13:00:00+00:00,114759.98,0.0,0.0,2025-10-28 13:15:00+00:00,114817.35,0.005958,684.12,114296.3358,115470.0059,3,2025-10-28 14:30:00+00:00,115296.8009,TRAILING_STOP,5,2.86,0.5473,0.5496,1.3725,1.76,0.567
1306,SOLUSDT,LONG,spot,BREAKOUT_ONLY,2025-10-28 13:00:00+00:00,200.6868,200.5075,1.0203,2025-10-28 13:15:00+00:00,202.3,2025-10-28 13:15:00+00:00,202.3,0.0,0.0,2025-10-28 13:30:00+00:00,202.3911,1.658262,335.62,200.3034,200.3034,0,2025-10-28 14:30:00+00:00,200.003,STOP_LOSS,4,-3.96,0.2685,0.2653,0.6653,-4.49,-1.298
1307,SOLUSDT,LONG,spot,BREAKOUT_ONLY,2025-10-28 14:00:00+00:00,201.1005,200.6898,1.1069,2025-10-28 14:15:00+00:00,202.44,2025-10-28 14:15:00+00:00,202.44,0.0,0.0,2025-10-28 14:30:00+00:00,202.5312,1.668316,337.89,200.4684,200.4684,0,2025-10-28 14:45:00+00:00,198.6715,STOP_LOSS,1,-6.44,0.2703,0.2652,0.6661,-6.97,-2.027
1308,ETHUSDT,LONG,spot,BREAKOUT_ONLY,2025-10-28 17:00:00+00:00,4125.8528,4122.4781,22.6868,2025-10-28 17:30:00+00:00,4140.8,2025-10-28 17:30:00+00:00,4140.8,0.0,0.0,2025-10-28 17:45:00+00:00,4142.8704,0.136649,566.12,4117.9408,4117.9408,0,2025-10-28 18:30:00+00:00,4111.7639,STOP_LOSS,3,-4.25,0.4529,0.4495,1.1259,-5.15,-1.513
1309,BNBUSDT,LONG,spot,BREAKOUT_ONLY,2025-10-28 17:15:00+00:00,1139.8916,1138.6604,4.4539,2025-10-28 17:30:00+00:00,1148.7,2025-10-28 17:30:00+00:00,1148.7,0.0,0.0,2025-10-28 17:45:00+00:00,1149.2743,0.296105,340.31,1137.7696,1137.7696,0,2025-10-28 19:15:00+00:00,1136.063,STOP_LOSS,6,-3.91,0.2722,0.2691,0.6747,-4.45,-1.307
1310,SOLUSDT,LONG,spot,BREAKOUT_ONLY,2025-10-30 03:15:00+00:00,196.0598,195.7076,1.0848,2025-10-30 03:30:00+00:00,196.95,2025-10-30 03:30:00+00:00,196.95,0.0,0.0,2025-10-30 03:45:00+00:00,197.0485,2.15592,424.82,195.4906,195.4906,0,2025-10-30 04:00:00+00:00,195.1974,STOP_LOSS,1,-3.99,0.3399,0.3367,0.8437,-4.67,-1.39
1311,BNBUSDT,LONG,spot,BREAKOUT_ONLY,2025-10-30 10:45:00+00:00,1114.9499,1113.4197,5.6405,2025-10-30 11:00:00+00:00,1120.68,2025-10-30 11:00:00+00:00,1120.68,0.0,0.0,2025-10-30 11:15:00+00:00,1121.2403,0.372705,417.89,1112.2916,1112.2916,0,2025-10-30 11:45:00+00:00,1110.6232,STOP_LOSS,2,-3.96,0.3343,0.3311,0.8298,-4.62,-1.386
1312,ETHUSDT,LONG,spot,BREAKOUT_ONLY,2025-10-31 19:45:00+00:00,3854.2441,3844.3327,24.3997,2025-10-31 20:00:00+00:00,3888.38,2025-10-31 20:00:00+00:00,3888.38,0.0,0.0,2025-10-31 20:15:00+00:00,3890.3342,0.065095,253.24,3839.4528,3839.4528,0,2025-11-01 00:15:00+00:00,3833.6936,STOP_LOSS,16,-3.69,0.2026,0.1996,0.501,-4.09,-1.235
1313,BNBUSDT,LONG,spot,BREAKOUT_ONLY,2025-11-01 15:45:00+00:00,1088.1597,1087.5049,3.2895,2025-11-01 16:00:00+00:00,1090.52,2025-11-01 16:00:00+00:00,1090.52,0.0,0.0,2025-11-01 16:15:00+00:00,1091.0753,0.597349,651.75,1086.847,1092.6158,9,2025-11-01 19:15:00+00:00,1090.9768,TRAILING_STOP,12,-0.06,0.5214,0.5214,1.3034,-1.1,-0.436
1314,BTCUSDT,LONG,spot,BREAKOUT_ONLY,2025-11-02 04:00:00+00:00,110083.7959,110041.9294,109.4647,2025-11-02 04:30:00+00:00,110435.01,2025-11-02 04:30:00+00:00,110435.01,0.0,0.0,2025-11-02 04:45:00+00:00,110490.2275,0.005889,650.66,110020.0365,110706.8896,6,2025-11-02 09:30:00+00:00,110540.8293,TRAILING_STOP,19,0.3,0.5205,0.5208,1.3018,-0.74,-0.268
1315,SOLUSDT,LONG,spot,BREAKOUT_ONLY,2025-11-02 05:00:00+00:00,186.0157,185.8814,0.6895,2025-11-02 05:15:00+00:00,186.99,2025-11-02 05:15:00+00:00,186.99,0.0,0.0,2025-11-02 05:30:00+00:00,187.0835,2.450306,458.41,185.7435,185.7435,0,2025-11-02 10:00:00+00:00,185.4649,STOP_LOSS,18,-3.97,0.3667,0.3636,0.9109,-4.7,-1.43
1317,ETHUSDT,LONG,spot,BREAKOUT_ONLY,2025-11-03 00:00:00+00:00,3871.9896,3868.0371,14.5437,2025-11-03 00:15:00+00:00,3893.99,2025-11-03 00:15:00+00:00,3893.99,0.0,0.0,2025-11-03 00:30:00+00:00,3895.937,0.105668,411.68,3865.1284,3865.1284,0,2025-11-03 00:45:00+00:00,3859.3307,STOP_LOSS,1,-3.87,0.3293,0.3262,0.8175,-4.52,-1.39
1316,SOLUSDT,LONG,spot,BREAKOUT_ONLY,2025-11-02 23:45:00+00:00,185.4159,185.1234,0.8063,2025-11-03 00:00:00+00:00,188.78,2025-11-03 00:00:00+00:00,188.78,0.0,0.0,2025-11-03 00:15:00+00:00,188.8644,0.835162,157.73,184.9622,184.9622,0,2025-11-03 02:00:00+00:00,184.6847,STOP_LOSS,7,-3.49,0.1262,0.1234,0.3102,-3.74,-1.148
1318,BNBUSDT,LONG,spot,BREAKOUT_ONLY,2025-11-07 03:00:00+00:00,952.9952,949.8661,7.1439,2025-11-07 03:15:00+00:00,967.43,2025-11-07 03:15:00+00:00,967.43,0.0,0.0,2025-11-07 03:30:00+00:00,967.9037,0.165292,159.99,948.4373,948.4373,0,2025-11-07 10:45:00+00:00,947.0146,STOP_LOSS,29,-3.45,0.128,0.1252,0.3148,-3.71,-1.152
1319,SOLUSDT,LONG,spot,BREAKOUT_ONLY,2025-11-07 17:30:00+00:00,156.2841,155.5943,1.8389,2025-11-07 17:45:00+00:00,161.16,2025-11-07 17:45:00+00:00,161.16,0.0,0.0,2025-11-07 18:00:00+00:00,161.2506,0.531059,85.63,155.2265,155.2265,0,2025-11-08 02:00:00+00:00,162.5387,TIME_EXIT_8H,32,0.68,0.0685,0.0691,0.086,0.55,0.171
1320,ETHUSDT,LONG,spot,BREAKOUT_ONLY,2025-11-07 17:45:00+00:00,3315.9669,3304.4149,33.4626,2025-11-07 18:00:00+00:00,3396.68,2025-11-07 18:00:00+00:00,3396.68,0.0,0.0,2025-11-07 18:15:00+00:00,3398.3783,0.031812,108.11,3297.7224,3297.7224,0,2025-11-08 02:15:00+00:00,3450.354,TIME_EXIT_8H,32,1.65,0.0865,0.0878,0.1089,1.48,0.462
1321,BTCUSDT,LONG,spot,BREAKOUT_ONLY,2025-11-08 22:45:00+00:00,102161.4283,102115.0937,165.6632,2025-11-08 23:00:00+00:00,102379.34,2025-11-08 23:00:00+00:00,102379.34,0.0,0.0,2025-11-08 23:15:00+00:00,102430.5197,0.006204,635.43,102081.9611,102081.9611,0,2025-11-09 00:00:00+00:00,101928.8381,STOP_LOSS,3,-3.11,0.5083,0.5059,1.2662,-4.13,-1.908
1322,ETHUSDT,LONG,spot,BREAKOUT_ONLY,2025-11-09 06:30:00+00:00,3397.1349,3394.3029,12.0663,2025-11-09 06:45:00+00:00,3405.3,2025-11-09 06:45:00+00:00,3405.3,0.0,0.0,2025-11-09 07:00:00+00:00,3407.0026,0.185309,631.35,3391.8896,3413.3494,5,2025-11-09 09:45:00+00:00,3408.2293,TRAILING_STOP,11,0.23,0.5051,0.5053,1.263,-0.78,-0.28
1323,BNBUSDT,LONG,spot,BREAKOUT_ONLY,2025-11-09 09:15:00+00:00,989.6704,989.1186,3.3619,2025-11-09 09:30:00+00:00,991.66,2025-11-09 09:30:00+00:00,991.66,0.0,0.0,2025-11-09 09:45:00+00:00,992.1558,0.635557,630.57,988.4462,988.4462,0,2025-11-09 10:00:00+00:00,985.5794,STOP_LOSS,1,-4.18,0.5045,0.5011,1.2549,-5.19,-2.199
1324,BNBUSDT,LONG,spot,BREAKOUT_ONLY,2025-11-09 10:15:00+00:00,989.2722,988.361,3.6405,2025-11-09 11:00:00+00:00,992.0,2025-11-09 11:00:00+00:00,992.0,0.0,0.0,2025-11-09 11:15:00+00:00,992.486,0.630173,625.44,987.6329,987.6329,0,2025-11-09 11:30:00+00:00,986.1515,STOP_LOSS,1,-3.99,0.5004,0.4972,1.2449,-4.99,-1.631
1325,ETHUSDT,LONG,spot,BREAKOUT_ONLY,2025-11-09 11:00:00+00:00,3407.3121,3401.5124,12.8006,2025-11-09 11:15:00+00:00,3420.33,2025-11-09 11:15:00+00:00,3420.33,0.0,0.0,2025-11-09 11:30:00+00:00,3422.0502,0.135676,464.29,3398.9523,3509.481,6,2025-11-09 14:45:00+00:00,3504.2167,TRAILING_STOP,13,11.15,0.3714,0.3804,0.9453,10.4,3.317
1326,SOLUSDT,LONG,spot,BREAKOUT_ONLY,2025-11-09 11:15:00+00:00,158.5385,158.2308,0.7057,2025-11-09 11:30:00+00:00,159.09,2025-11-09 11:30:00+00:00,159.09,0.0,0.0,2025-11-09 11:45:00+00:00,159.1795,2.877605,458.06,158.0897,160.7138,5,2025-11-09 14:45:00+00:00,160.4727,TRAILING_STOP,12,3.72,0.3664,0.3694,0.9217,2.99,0.952
1327,BNBUSDT,LONG,spot,BREAKOUT_ONLY,2025-11-09 15:00:00+00:00,989.2254,989.0193,5.5098,2025-11-09 15:15:00+00:00,994.57,2025-11-09 15:15:00+00:00,994.57,0.0,0.0,2025-11-09 15:30:00+00:00,995.0673,0.447659,445.45,987.9173,994.0352,2,2025-11-09 17:15:00+00:00,992.5442,TRAILING_STOP,7,-1.13,0.3564,0.3555,0.8892,-1.84,-0.575
1328,ETHUSDT,LONG,spot,BREAKOUT_ONLY,2025-11-10 23:30:00+00:00,3563.9286,3559.1211,17.0101,2025-11-11 00:45:00+00:00,3585.85,2025-11-11 00:45:00+00:00,3585.85,0.0,0.0,2025-11-11 01:00:00+00:00,3587.6429,0.099973,358.67,3555.7191,3599.3556,1,2025-11-11 01:30:00+00:00,3593.9565,TRAILING_STOP,2,0.63,0.2869,0.2874,0.7183,0.06,0.018
1329,ETHUSDT,LONG,spot,BREAKOUT_ONLY,2025-11-11 01:30:00+00:00,3573.608,3564.3741,25.1296,2025-11-11 02:00:00+00:00,3588.83,2025-11-11 02:00:00+00:00,3588.83,0.0,0.0,2025-11-11 02:15:00+00:00,3590.6244,0.102053,366.43,3559.3482,3589.8343,6,2025-11-11 04:00:00+00:00,3584.4496,TRAILING_STOP,7,-0.63,0.2931,0.2926,0.7319,-1.22,-0.381
1330,BNBUSDT,LONG,spot,BREAKOUT_ONLY,2025-11-11 01:45:00+00:00,993.8035,992.2224,5.4229,2025-11-11 02:00:00+00:00,1000.49,2025-11-11 02:00:00+00:00,1000.49,0.0,0.0,2025-11-11 02:15:00+00:00,1000.9902,0.323961,324.28,991.1378,991.1378,0,2025-11-11 04:45:00+00:00,989.6511,STOP_LOSS,10,-3.67,0.2594,0.2565,0.6431,-4.19,-1.313
1331,ETHUSDT,LONG,spot,BREAKOUT_ONLY,2025-11-11 08:30:00+00:00,3568.9381,3562.2493,15.9011,2025-11-11 09:15:00+00:00,3578.0,2025-11-11 09:15:00+00:00,3578.0,0.0,0.0,2025-11-11 09:30:00+00:00,3579.789,0.152741,546.78,3559.0691,3559.0691,0,2025-11-11 09:45:00+00:00,3553.7305,STOP_LOSS,1,-3.98,0.4374,0.4342,1.0876,-4.85,-1.533
1332,ETHUSDT,LONG,spot,BREAKOUT_ONLY,2025-11-11 10:00:00+00:00,3568.1953,3563.4683,15.6702,2025-11-11 11:15:00+00:00,3577.29,2025-11-11 11:15:00+00:00,3577.29,0.0,0.0,2025-11-11 11:30:00+00:00,3579.0786,0.167545,599.66,3560.3343,3560.3343,0,2025-11-11 12:30:00+00:00,3554.9938,STOP_LOSS,4,-4.04,0.4797,0.4765,1.1933,-4.99,-1.589
1333,ETHUSDT,LONG,spot,BREAKOUT_ONLY,2025-11-13 04:45:00+00:00,3451.9264,3441.0641,27.9323,2025-11-13 05:00:00+00:00,3466.29,2025-11-13 05:00:00+00:00,3466.29,0.0,0.0,2025-11-13 05:15:00+00:00,3468.0332,0.0957,331.89,3435.4777,3532.3231,13,2025-11-13 08:45:00+00:00,3527.0246,TRAILING_STOP,14,5.65,0.2655,0.27,0.6723,5.11,1.64
1334,BNBUSDT,LONG,spot,BREAKOUT_ONLY,2025-11-16 02:45:00+00:00,933.307,932.2131,4.3391,2025-11-16 03:00:00+00:00,937.18,2025-11-16 03:00:00+00:00,937.18,0.0,0.0,2025-11-16 03:15:00+00:00,937.6586,0.497537,466.52,931.3452,942.3073,7,2025-11-16 07:00:00+00:00,940.8939,TRAILING_STOP,15,1.61,0.3732,0.3745,0.9355,0.86,0.274
1335,BNBUSDT,LONG,spot,BREAKOUT_ONLY,2025-11-17 02:00:00+00:00,929.0294,926.7641,5.5448,2025-11-17 03:00:00+00:00,938.59,2025-11-17 03:00:00+00:00,938.59,0.0,0.0,2025-11-17 03:15:00+00:00,939.0493,0.234837,220.52,925.6552,925.6552,0,2025-11-17 11:15:00+00:00,936.2217,TIME_EXIT_8H,32,-0.66,0.1764,0.1759,0.2202,-1.02,-0.323
1336,BNBUSDT,LONG,spot,BREAKOUT_ONLY,2025-11-18 15:15:00+00:00,917.2227,914.5008,6.1822,2025-11-18 15:30:00+00:00,925.73,2025-11-18 15:30:00+00:00,925.73,0.0,0.0,2025-11-18 15:45:00+00:00,926.1829,0.24309,225.15,913.2644,933.6568,15,2025-11-18 20:45:00+00:00,932.2563,TRAILING_STOP,20,1.48,0.1801,0.1813,0.4525,1.11,0.355
1337,ETHUSDT,LONG,spot,BREAKOUT_ONLY,2025-11-18 15:30:00+00:00,3062.8479,3049.1818,30.5524,2025-11-18 15:45:00+00:00,3106.87,2025-11-18 15:45:00+00:00,3106.87,0.0,0.0,2025-11-18 16:00:00+00:00,3108.4234,0.048103,149.52,3043.0713,3043.0713,0,2025-11-19 00:00:00+00:00,3101.8783,TIME_EXIT_8H,32,-0.31,0.1196,0.1194,0.1494,-0.55,-0.176
1338,ETHUSDT,LONG,spot,BREAKOUT_ONLY,2025-11-19 10:30:00+00:00,3082.8335,3078.2759,17.5566,2025-11-19 10:45:00+00:00,3092.0,2025-11-19 10:45:00+00:00,3092.0,0.0,0.0,2025-11-19 11:00:00+00:00,3093.536,0.167444,517.99,3074.7646,3074.7646,0,2025-11-19 13:30:00+00:00,3070.1524,STOP_LOSS,10,-3.92,0.4144,0.4113,1.0301,-4.74,-1.508
1339,ETHUSDT,LONG,spot,BREAKOUT_ONLY,2025-11-19 13:00:00+00:00,3087.4153,3084.5732,14.7335,2025-11-19 13:15:00+00:00,3095.02,2025-11-19 13:15:00+00:00,3095.02,0.0,0.0,2025-11-19 13:30:00+00:00,3096.5875,0.199462,617.65,3081.6265,3081.6265,0,2025-11-19 13:45:00+00:00,3072.8837,STOP_LOSS,1,-4.73,0.4941,0.4903,1.2282,-5.71,-1.914
1341,BNBUSDT,LONG,spot,BREAKOUT_ONLY,2025-11-24 02:15:00+00:00,846.0816,844.3279,5.211,2025-11-24 03:15:00+00:00,849.48,2025-11-24 03:15:00+00:00,849.48,0.0,0.0,2025-11-24 03:30:00+00:00,849.9147,0.46629,396.31,843.2857,843.2857,0,2025-11-24 04:15:00+00:00,842.0208,STOP_LOSS,3,-3.68,0.317,0.3141,0.7871,-4.31,-1.395
1340,ETHUSDT,LONG,spot,BREAKOUT_ONLY,2025-11-24 02:00:00+00:00,2813.0125,2807.6077,23.8733,2025-11-24 02:15:00+00:00,2853.71,2025-11-24 02:15:00+00:00,2853.71,0.0,0.0,2025-11-24 02:30:00+00:00,2855.1369,0.059095,168.72,2802.833,2802.833,0,2025-11-24 09:15:00+00:00,2798.6287,STOP_LOSS,27,-3.34,0.135,0.1323,0.3324,-3.61,-1.167
1342,BNBUSDT,LONG,spot,BREAKOUT_ONLY,2025-11-24 04:00:00+00:00,846.912,844.8832,4.5101,2025-11-24 05:00:00+00:00,855.78,2025-11-24 05:00:00+00:00,855.78,0.0,0.0,2025-11-24 05:15:00+00:00,856.2179,0.251325,215.19,843.9812,843.9812,0,2025-11-24 09:15:00+00:00,842.7152,STOP_LOSS,16,-3.39,0.1722,0.1694,0.4253,-3.74,-1.215
1343,ETHUSDT,LONG,spot,BREAKOUT_ONLY,2025-11-24 15:00:00+00:00,2817.4588,2814.0764,22.1324,2025-11-24 15:30:00+00:00,2846.7,2025-11-24 15:30:00+00:00,2846.7,0.0,0.0,2025-11-24 15:45:00+00:00,2848.1334,0.078803,224.44,2809.6499,2954.6449,16,2025-11-24 21:45:00+00:00,2950.213,TRAILING_STOP,24,8.04,0.1796,0.186,0.461,7.68,2.532
1344,SOLUSDT,LONG,spot,BREAKOUT_ONLY,2025-11-24 16:00:00+00:00,130.6646,130.5466,1.1392,2025-11-24 16:15:00+00:00,132.96,2025-11-24 16:15:00+00:00,132.96,0.0,0.0,2025-11-24 16:30:00+00:00,133.0365,1.117884,148.72,130.3187,138.5317,24,2025-11-24 23:30:00+00:00,138.3239,TRAILING_STOP,28,5.91,0.119,0.1237,0.3063,5.67,1.866
1345,ETHUSDT,LONG,spot,BREAKOUT_ONLY,2025-11-25 15:15:00+00:00,2906.2223,2900.0824,21.6177,2025-11-25 16:15:00+00:00,2929.87,2025-11-25 16:15:00+00:00,2929.87,0.0,0.0,2025-11-25 16:30:00+00:00,2931.3449,0.087095,255.3,2895.7589,2895.7589,0,2025-11-25 19:00:00+00:00,2891.4152,STOP_LOSS,10,-3.48,0.2042,0.2015,0.5054,-3.88,-1.253
1346,SOLUSDT,LONG,spot,BREAKOUT_ONLY,2025-11-25 17:00:00+00:00,136.1737,135.8197,1.0495,2025-11-25 17:30:00+00:00,137.74,2025-11-25 17:30:00+00:00,137.74,0.0,0.0,2025-11-25 17:45:00+00:00,137.7989,1.416363,195.17,135.6098,135.6098,0,2025-11-25 19:00:00+00:00,135.4064,STOP_LOSS,5,-3.39,0.1561,0.1534,0.3853,-3.7,-1.193
1347,BNBUSDT,LONG,spot,BREAKOUT_ONLY,2025-11-25 20:15:00+00:00,854.5702,853.9745,4.2158,2025-11-25 20:30:00+00:00,858.6,2025-11-25 20:30:00+00:00,858.6,0.0,0.0,2025-11-25 20:45:00+00:00,859.0293,0.519069,445.9,853.1313,853.1313,0,2025-11-25 22:00:00+00:00,851.8516,STOP_LOSS,5,-3.73,0.3567,0.3537,0.8862,-4.44,-1.449
1348,SOLUSDT,LONG,spot,BREAKOUT_ONLY,2025-11-25 20:30:00+00:00,136.4311,136.0466,0.9858,2025-11-25 20:45:00+00:00,137.75,2025-11-25 20:45:00+00:00,137.75,0.0,0.0,2025-11-25 21:00:00+00:00,137.8189,1.551073,213.77,135.8495,138.7912,8,2025-11-26 01:00:00+00:00,138.583,TRAILING_STOP,16,1.19,0.171,0.172,0.4293,0.84,0.276
1350,BTCUSDT,LONG,spot,BREAKOUT_ONLY,2025-11-26 01:00:00+00:00,87394.3201,87340.7963,327.4597,2025-11-26 01:15:00+00:00,87591.6,2025-11-26 01:15:00+00:00,87591.6,0.0,0.0,2025-11-26 01:30:00+00:00,87635.3958,0.006872,602.22,87275.3043,87662.3159,5,2025-11-26 03:15:00+00:00,87530.8224,TRAILING_STOP,7,-0.72,0.4818,0.4812,1.2034,-1.68,-0.68
1349,BNBUSDT,LONG,spot,BREAKOUT_ONLY,2025-11-25 22:15:00+00:00,855.4412,854.7886,3.6892,2025-11-25 22:30:00+00:00,858.9,2025-11-25 22:30:00+00:00,858.9,0.0,0.0,2025-11-25 22:45:00+00:00,859.3294,0.577317,496.11,854.0507,864.9443,18,2025-11-26 03:30:00+00:00,863.6469,TRAILING_STOP,19,2.49,0.3969,0.3989,0.996,1.7,0.557
1351,BTCUSDT,LONG,spot,BREAKOUT_ONLY,2025-11-26 05:00:00+00:00,87442.061,87420.5198,276.2565,2025-11-26 05:30:00+00:00,87635.58,2025-11-26 05:30:00+00:00,87635.58,0.0,0.0,2025-11-26 05:45:00+00:00,87679.4078,0.006873,602.62,87365.2685,87365.2685,0,2025-11-26 09:00:00+00:00,87234.2206,STOP_LOSS,13,-3.06,0.4821,0.4797,1.2007,-4.02,-1.863
1352,BNBUSDT,LONG,spot,BREAKOUT_ONLY,2025-11-26 14:00:00+00:00,858.699,858.3622,3.0389,2025-11-26 14:15:00+00:00,862.56,2025-11-26 14:15:00+00:00,862.56,0.0,0.0,2025-11-26 14:30:00+00:00,862.9913,0.577345,498.24,857.7545,857.7545,0,2025-11-26 14:45:00+00:00,856.4678,STOP_LOSS,1,-3.77,0.3986,0.3956,0.9908,-4.56,-1.508
1353,ETHUSDT,LONG,spot,BREAKOUT_ONLY,2025-11-26 14:45:00+00:00,2924.7703,2919.3884,18.1836,2025-11-26 15:15:00+00:00,2936.29,2025-11-26 15:15:00+00:00,2936.29,0.0,0.0,2025-11-26 15:30:00+00:00,2937.7581,0.136353,400.57,2915.7516,2915.7516,0,2025-11-26 15:45:00+00:00,2911.378,STOP_LOSS,1,-3.6,0.3205,0.3176,0.7957,-4.24,-1.411
1355,ETHUSDT,LONG,spot,BREAKOUT_ONLY,2025-11-26 16:00:00+00:00,2925.6888,2924.3295,19.175,2025-11-26 16:15:00+00:00,2944.3,2025-11-26 16:15:00+00:00,2944.3,0.0,0.0,2025-11-26 16:30:00+00:00,2945.7722,0.11784,347.13,2920.4945,3009.6187,9,2025-11-26 20:00:00+00:00,3005.1043,TRAILING_STOP,14,6.99,0.2777,0.2833,0.7047,6.43,2.159
1354,BNBUSDT,LONG,spot,BREAKOUT_ONLY,2025-11-26 15:00:00+00:00,859.5884,858.6273,3.9643,2025-11-26 15:15:00+00:00,867.26,2025-11-26 15:15:00+00:00,867.26,0.0,0.0,2025-11-26 15:30:00+00:00,867.6936,0.304349,264.08,857.8344,889.5239,16,2025-11-26 21:15:00+00:00,888.1897,TRAILING_STOP,23,6.24,0.2113,0.2163,0.5375,5.81,1.936
1356,ETHUSDT,LONG,spot,BREAKOUT_ONLY,2025-11-28 04:45:00+00:00,3015.4268,3012.0112,8.0935,2025-11-28 05:00:00+00:00,3028.44,2025-11-28 05:00:00+00:00,3028.44,0.0,0.0,2025-11-28 05:15:00+00:00,3029.9542,0.15544,470.98,3010.3925,3010.3925,0,2025-11-28 06:15:00+00:00,3005.8769,STOP_LOSS,4,-3.74,0.3768,0.3738,0.9363,-4.49,-1.478
1357,ETHUSDT,LONG,spot,BREAKOUT_ONLY,2025-11-28 05:45:00+00:00,3016.8618,3014.4447,8.1114,2025-11-28 07:15:00+00:00,3021.6,2025-11-28 07:15:00+00:00,3021.6,0.0,0.0,2025-11-28 07:30:00+00:00,3023.1208,0.197678,597.6,3012.8225,3012.8225,0,2025-11-28 07:45:00+00:00,3006.0042,STOP_LOSS,1,-3.38,0.4781,0.4754,1.1901,-4.34,-2.13
1358,ETHUSDT,LONG,spot,BREAKOUT_ONLY,2025-11-28 08:00:00+00:00,3015.7048,3014.2223,11.0116,2025-11-28 08:30:00+00:00,3023.01,2025-11-28 08:30:00+00:00,3023.01,0.0,0.0,2025-11-28 08:45:00+00:00,3024.5215,0.196167,593.31,3012.0199,3049.8251,4,2025-11-28 10:00:00+00:00,3045.2503,TRAILING_STOP,5,4.07,0.4746,0.4779,1.1927,3.11,1.27
1359,BNBUSDT,LONG,spot,BREAKOUT_ONLY,2025-11-28 09:15:00+00:00,892.5618,891.231,3.7427,2025-11-28 09:45:00+00:00,894.96,2025-11-28 09:45:00+00:00,894.96,0.0,0.0,2025-11-28 10:00:00+00:00,895.4175,0.610349,546.52,890.4825,890.4825,0,2025-11-28 11:15:00+00:00,889.1467,STOP_LOSS,5,-3.83,0.4372,0.4342,1.0873,-4.7,-1.56
1360,SOLUSDT,LONG,spot,BREAKOUT_ONLY,2025-11-28 10:00:00+00:00,140.8804,140.6263,0.6566,2025-11-28 10:15:00+00:00,141.93,2025-11-28 10:15:00+00:00,141.93,0.0,0.0,2025-11-28 10:30:00+00:00,142.011,1.986153,282.06,140.4949,140.4949,0,2025-11-28 11:15:00+00:00,140.2842,STOP_LOSS,3,-3.43,0.2256,0.2229,0.559,-3.88,-1.288
1361,SOLUSDT,LONG,spot,BREAKOUT_ONLY,2025-11-28 13:15:00+00:00,140.9243,140.7991,0.5626,2025-11-28 13:30:00+00:00,142.01,2025-11-28 13:30:00+00:00,142.01,0.0,0.0,2025-11-28 13:45:00+00:00,142.081,2.129338,302.54,140.6866,141.887,1,2025-11-28 14:45:00+00:00,141.6742,TRAILING_STOP,4,-0.87,0.242,0.2413,0.6038,-1.35,-0.455
1362,BNBUSDT,LONG,spot,BREAKOUT_ONLY,2025-11-28 13:45:00+00:00,892.6357,892.1361,3.1655,2025-11-28 14:00:00+00:00,897.43,2025-11-28 14:00:00+00:00,897.43,0.0,0.0,2025-11-28 14:15:00+00:00,897.8887,0.466922,419.24,891.503,897.962,2,2025-11-28 16:00:00+00:00,896.6151,TRAILING_STOP,7,-0.59,0.3354,0.3349,0.8376,-1.27,-0.424
1363,BTCUSDT,LONG,spot,BREAKOUT_ONLY,2025-11-29 21:15:00+00:00,90796.9215,90723.3059,205.0373,2025-11-29 21:30:00+00:00,91029.81,2025-11-29 21:30:00+00:00,91029.81,0.0,0.0,2025-11-29 21:45:00+00:00,91075.3249,0.006427,585.31,90682.2984,90682.2984,0,2025-11-30 03:00:00+00:00,90546.2749,STOP_LOSS,21,-3.4,0.4683,0.4655,1.1655,-4.33,-1.716
1364,BTCUSDT,LONG,spot,BREAKOUT_ONLY,2025-11-30 08:00:00+00:00,90886.9343,90837.4268,104.0849,2025-11-30 08:15:00+00:00,91161.61,2025-11-30 08:15:00+00:00,91161.61,0.0,0.0,2025-11-30 08:30:00+00:00,91207.1908,0.00637,581.02,90816.6098,91238.7229,4,2025-11-30 10:30:00+00:00,91101.8648,TRAILING_STOP,8,-0.67,0.4648,0.4643,1.161,-1.6,-0.643
1365,ETHUSDT,LONG,spot,BREAKOUT_ONLY,2025-11-30 08:45:00+00:00,3001.9475,2999.0347,6.8613,2025-11-30 09:00:00+00:00,3010.1,2025-11-30 09:00:00+00:00,3010.1,0.0,0.0,2025-11-30 09:15:00+00:00,3011.605,0.192775,580.56,2997.6624,3033.0927,7,2025-11-30 14:30:00+00:00,3028.543,TRAILING_STOP,21,3.27,0.4645,0.4671,1.166,2.33,0.868
1366,ETHUSDT,LONG,spot,BREAKOUT_ONLY,2025-12-05 02:00:00+00:00,3152.1017,3149.0524,12.3689,2025-12-05 02:15:00+00:00,3177.73,2025-12-05 02:15:00+00:00,3177.73,0.0,0.0,2025-12-05 02:30:00+00:00,3179.3189,0.089741,285.31,3146.5786,3146.5786,0,2025-12-05 08:30:00+00:00,3141.8588,STOP_LOSS,24,-3.36,0.2283,0.2256,0.5656,-3.82,-1.299
1367,BTCUSDT,LONG,spot,BREAKOUT_ONLY,2025-12-07 17:30:00+00:00,89497.2733,89352.0406,496.1207,2025-12-07 17:45:00+00:00,90945.17,2025-12-07 17:45:00+00:00,90945.17,0.0,0.0,2025-12-07 18:00:00+00:00,90990.6526,0.00168,152.84,89252.8165,89252.8165,0,2025-12-07 22:00:00+00:00,89118.9373,STOP_LOSS,16,-3.14,0.1223,0.1198,0.301,-3.39,-1.16
1368,BNBUSDT,LONG,spot,BREAKOUT_ONLY,2025-12-07 17:30:00+00:00,889.8892,889.363,5.414,2025-12-07 17:45:00+00:00,899.3,2025-12-07 17:45:00+00:00,899.3,0.0,0.0,2025-12-07 18:00:00+00:00,899.7597,0.254286,228.8,888.2802,888.2802,0,2025-12-07 22:00:00+00:00,886.9478,STOP_LOSS,16,-3.26,0.183,0.1804,0.4527,-3.62,-1.241
1369,BNBUSDT,LONG,spot,BREAKOUT_ONLY,2025-12-08 00:00:00+00:00,894.8361,893.0914,4.2069,2025-12-08 00:30:00+00:00,897.79,2025-12-08 00:30:00+00:00,897.79,0.0,0.0,2025-12-08 00:45:00+00:00,898.2389,0.481563,432.56,892.25,901.7181,4,2025-12-08 02:30:00+00:00,900.0479,TRAILING_STOP,7,0.87,0.346,0.3467,0.8664,0.18,0.062
1371,SOLUSDT,LONG,spot,BREAKOUT_ONLY,2025-12-08 02:00:00+00:00,132.9388,132.8815,0.9096,2025-12-08 02:15:00+00:00,133.79,2025-12-08 02:15:00+00:00,133.79,0.0,0.0,2025-12-08 02:30:00+00:00,133.8469,2.512349,336.27,132.6996,134.9298,9,2025-12-08 07:15:00+00:00,134.7274,TRAILING_STOP,19,2.21,0.269,0.2708,0.6759,1.67,0.58
1370,ETHUSDT,LONG,spot,BREAKOUT_ONLY,2025-12-08 00:45:00+00:00,3068.6131,3058.8619,20.2596,2025-12-08 01:15:00+00:00,3104.41,2025-12-08 01:15:00+00:00,3104.41,0.0,0.0,2025-12-08 01:30:00+00:00,3105.9522,0.056773,176.33,3054.81,3152.098,2,2025-12-08 09:30:00+00:00,3157.8003,TIME_EXIT_8H,32,2.94,0.1411,0.1434,0.1778,2.66,0.916
1372,ETHUSDT,LONG,spot,BREAKOUT_ONLY,2025-12-08 19:15:00+00:00,3121.5005,3111.3836,23.6143,2025-12-08 20:45:00+00:00,3135.91,2025-12-08 20:45:00+00:00,3135.91,0.0,0.0,2025-12-08 21:00:00+00:00,3137.4679,0.094347,296.01,3106.6608,3106.6608,0,2025-12-09 01:00:00+00:00,3102.0008,STOP_LOSS,16,-3.35,0.2368,0.2341,0.587,-3.82,-1.313
1373,ETHUSDT,LONG,spot,BREAKOUT_ONLY,2025-12-09 02:15:00+00:00,3122.0884,3116.5866,12.6342,2025-12-09 03:45:00+00:00,3129.26,2025-12-09 03:45:00+00:00,3129.26,0.0,0.0,2025-12-09 04:00:00+00:00,3130.8346,0.172132,538.92,3114.0598,3114.0598,0,2025-12-09 04:30:00+00:00,3109.3887,STOP_LOSS,2,-3.69,0.4311,0.4282,1.0723,-4.55,-1.576
1374,ETHUSDT,LONG,spot,BREAKOUT_ONLY,2025-12-09 06:45:00+00:00,3115.7564,3110.9417,11.7085,2025-12-09 07:15:00+00:00,3121.95,2025-12-09 07:15:00+00:00,3121.95,0.0,0.0,2025-12-09 07:30:00+00:00,3123.521,0.181595,567.22,3108.6,3108.6,0,2025-12-09 09:30:00+00:00,3103.9371,STOP_LOSS,8,-3.56,0.4538,0.4509,1.1291,-4.46,-1.646
1375,ETHUSDT,LONG,spot,BREAKOUT_ONLY,2025-12-09 11:30:00+00:00,3114.2144,3111.1122,8.628,2025-12-09 12:15:00+00:00,3131.38,2025-12-09 12:15:00+00:00,3131.38,0.0,0.0,2025-12-09 12:30:00+00:00,3132.9457,0.120651,377.99,3109.3866,3109.3866,0,2025-12-09 14:15:00+00:00,3104.7226,STOP_LOSS,7,-3.41,0.3024,0.2997,0.7509,-4.01,-1.41
1377,BTCUSDT,LONG,spot,BREAKOUT_ONLY,2025-12-09 15:15:00+00:00,90451.2024,90394.9722,444.8742,2025-12-09 15:30:00+00:00,92050.91,2025-12-09 15:30:00+00:00,92050.91,0.0,0.0,2025-12-09 15:45:00+00:00,92096.9254,0.001592,146.59,90305.9973,93729.678,9,2025-12-09 19:00:00+00:00,93589.0835,TRAILING_STOP,13,2.38,0.1173,0.1192,0.2967,2.14,0.75
1376,ETHUSDT,LONG,spot,BREAKOUT_ONLY,2025-12-09 14:00:00+00:00,3119.5369,3116.1842,12.1629,2025-12-09 15:15:00+00:00,3155.34,2025-12-09 15:15:00+00:00,3155.34,0.0,0.0,2025-12-09 15:30:00+00:00,3156.9077,0.0654,206.46,3113.7516,3353.4574,15,2025-12-09 19:30:00+00:00,3348.4272,TRAILING_STOP,16,12.53,0.1652,0.1752,0.4317,12.18,4.317
1378,BTCUSDT,LONG,spot,BREAKOUT_ONLY,2025-12-10 16:45:00+00:00,92262.7485,92153.7084,312.5494,2025-12-10 17:30:00+00:00,92435.47,2025-12-10 17:30:00+00:00,92435.47,0.0,0.0,2025-12-10 17:45:00+00:00,92481.6877,0.006196,573.01,92091.1985,92091.1985,0,2025-12-10 18:15:00+00:00,91953.0617,STOP_LOSS,2,-3.28,0.4584,0.4558,1.1411,-4.19,-1.732
1379,BNBUSDT,LONG,spot,BREAKOUT_ONLY,2025-12-10 17:45:00+00:00,893.6448,892.4358,2.7434,2025-12-10 18:00:00+00:00,896.68,2025-12-10 18:00:00+00:00,896.68,0.0,0.0,2025-12-10 18:15:00+00:00,897.1183,0.549217,492.71,891.8871,895.9981,1,2025-12-10 18:45:00+00:00,894.6541,TRAILING_STOP,2,-1.35,0.3942,0.3931,0.9834,-2.14,-0.745
1380,BTCUSDT,LONG,spot,BREAKOUT_ONLY,2025-12-10 18:15:00+00:00,92279.4372,92205.0065,290.6694,2025-12-10 18:30:00+00:00,92582.13,2025-12-10 18:30:00+00:00,92582.13,0.0,0.0,2025-12-10 18:45:00+00:00,92628.4111,0.005944,550.6,92146.8726,92146.8726,0,2025-12-10 19:00:00+00:00,92008.6523,STOP_LOSS,1,-3.68,0.4405,0.4375,1.0957,-4.56,-1.594
1381,BNBUSDT,LONG,spot,BREAKOUT_ONLY,2025-12-10 18:45:00+00:00,894.5139,893.1785,3.7635,2025-12-10 19:00:00+00:00,902.33,2025-12-10 19:00:00+00:00,902.33,0.0,0.0,2025-12-10 19:15:00+00:00,902.7812,0.274209,247.55,892.4258,901.4222,2,2025-12-10 20:45:00+00:00,900.07,TRAILING_STOP,6,-0.74,0.198,0.1974,0.494,-1.14,-0.401
1382,BTCUSDT,LONG,spot,BREAKOUT_ONLY,2025-12-10 19:15:00+00:00,92371.0429,92238.3841,610.1222,2025-12-10 19:45:00+00:00,92957.67,2025-12-10 19:45:00+00:00,92957.67,0.0,0.0,2025-12-10 20:00:00+00:00,93004.1488,0.003212,298.76,92116.3597,92892.5005,2,2025-12-10 20:45:00+00:00,92753.1618,TRAILING_STOP,3,-0.81,0.239,0.2384,0.5963,-1.28,-0.45
1383,ETHUSDT,LONG,spot,BREAKOUT_ONLY,2025-12-12 02:00:00+00:00,3229.5831,3221.4958,20.6185,2025-12-12 02:15:00+00:00,3248.85,2025-12-12 02:15:00+00:00,3248.85,0.0,0.0,2025-12-12 02:30:00+00:00,3250.4644,0.085441,277.72,3217.3721,3217.3721,0,2025-12-12 10:30:00+00:00,3243.3475,TIME_EXIT_8H,32,-0.61,0.2222,0.2217,0.2774,-1.05,-0.372
1384,BNBUSDT,LONG,spot,BREAKOUT_ONLY,2025-12-13 02:30:00+00:00,881.9394,881.5245,1.4803,2025-12-13 02:45:00+00:00,883.84,2025-12-13 02:45:00+00:00,883.84,0.0,0.0,2025-12-13 03:00:00+00:00,884.2919,0.631906,558.79,881.2284,885.1998,5,2025-12-13 05:30:00+00:00,883.872,TRAILING_STOP,10,-0.27,0.447,0.4468,1.1172,-1.16,-0.599
1385,ETHUSDT,LONG,spot,BREAKOUT_ONLY,2025-12-15 02:30:00+00:00,3094.5629,3089.2818,23.1029,2025-12-15 02:45:00+00:00,3120.27,2025-12-15 02:45:00+00:00,3120.27,0.0,0.0,2025-12-15 03:00:00+00:00,3121.8201,0.075793,236.61,3084.6612,3154.901,5,2025-12-15 11:00:00+00:00,3155.8313,TIME_EXIT_8H,32,2.58,0.1893,0.1914,0.2379,2.2,0.78
1386,BNBUSDT,LONG,spot,BREAKOUT_ONLY,2025-12-15 04:45:00+00:00,886.9768,885.7369,2.6436,2025-12-15 05:00:00+00:00,889.71,2025-12-15 05:00:00+00:00,889.71,0.0,0.0,2025-12-15 05:15:00+00:00,890.1549,0.569215,506.69,885.2082,885.2082,0,2025-12-15 13:15:00+00:00,886.3066,TIME_EXIT_8H,32,-2.19,0.4054,0.4036,0.5056,-3.0,-1.065
1388,SOLUSDT,LONG,spot,BREAKOUT_ONLY,2025-12-17 14:00:00+00:00,127.9041,127.8122,0.5867,2025-12-17 14:15:00+00:00,129.03,2025-12-17 14:15:00+00:00,129.03,0.0,0.0,2025-12-17 14:30:00+00:00,129.1045,1.995021,257.57,127.6948,127.6948,0,2025-12-17 14:45:00+00:00,127.5033,STOP_LOSS,1,-3.19,0.2061,0.2035,0.5103,-3.6,-1.282
1387,BTCUSDT,LONG,spot,BREAKOUT_ONLY,2025-12-17 14:00:00+00:00,87061.6041,86998.6208,300.9237,2025-12-17 14:15:00+00:00,87722.88,2025-12-17 14:15:00+00:00,87722.88,0.0,0.0,2025-12-17 14:30:00+00:00,87766.7314,0.003395,298.0,86938.436,89026.3781,3,2025-12-17 15:30:00+00:00,88892.8385,TRAILING_STOP,4,3.82,0.2384,0.2415,0.6017,3.34,1.189
1389,SOLUSDT,LONG,spot,BREAKOUT_ONLY,2025-12-18 14:45:00+00:00,124.7164,124.1276,1.2941,2025-12-18 15:00:00+00:00,125.98,2025-12-18 15:00:00+00:00,125.98,0.0,0.0,2025-12-18 15:15:00+00:00,126.043,1.292904,162.96,123.8688,126.3737,3,2025-12-18 16:15:00+00:00,126.1841,TRAILING_STOP,4,0.18,0.1304,0.1305,0.3262,-0.08,-0.028
1391,BTCUSDT,LONG,spot,BREAKOUT_ONLY,2025-12-19 04:30:00+00:00,86371.821,86165.5437,471.378,2025-12-19 04:45:00+00:00,87103.34,2025-12-19 04:45:00+00:00,87103.34,0.0,0.0,2025-12-19 05:00:00+00:00,87146.8917,0.002613,227.7,86071.2681,87743.6164,4,2025-12-19 08:15:00+00:00,87612.001,TRAILING_STOP,13,1.22,0.1822,0.1831,0.4572,0.85,0.302
1390,ETHUSDT,LONG,spot,BREAKOUT_ONLY,2025-12-19 04:00:00+00:00,2858.3059,2850.0537,26.8232,2025-12-19 04:15:00+00:00,2924.08,2025-12-19 04:15:00+00:00,2924.08,0.0,0.0,2025-12-19 04:30:00+00:00,2925.542,0.034763,101.7,2844.6891,2844.6891,0,2025-12-19 12:30:00+00:00,2956.8209,TIME_EXIT_8H,32,1.09,0.0814,0.0822,0.1022,0.92,0.329
1392,ETHUSDT,LONG,spot,BREAKOUT_ONLY,2025-12-21 08:00:00+00:00,2976.2561,2974.8985,3.3288,2025-12-21 08:15:00+00:00,2984.52,2025-12-21 08:15:00+00:00,2984.52,0.0,0.0,2025-12-21 08:30:00+00:00,2986.0023,0.186962,558.27,2974.2328,2997.1537,4,2025-12-21 10:30:00+00:00,2992.658,TRAILING_STOP,8,1.24,0.4466,0.4476,1.1184,0.35,0.159
1394,SOLUSDT,LONG,spot,BREAKOUT_ONLY,2025-12-21 10:00:00+00:00,125.6835,125.6246,0.3882,2025-12-21 10:15:00+00:00,126.3,2025-12-21 10:15:00+00:00,126.3,0.0,0.0,2025-12-21 10:30:00+00:00,126.3631,3.456951,436.83,125.547,125.547,0,2025-12-21 11:15:00+00:00,125.3587,STOP_LOSS,3,-3.47,0.3495,0.3467,0.8685,-4.17,-1.477
1393,BTCUSDT,LONG,spot,BREAKOUT_ONLY,2025-12-21 08:15:00+00:00,88154.5951,88135.4616,74.4367,2025-12-21 08:30:00+00:00,88605.96,2025-12-21 08:30:00+00:00,88605.96,0.0,0.0,2025-12-21 08:45:00+00:00,88650.273,0.005329,472.46,88120.5743,88120.5743,0,2025-12-21 13:30:00+00:00,87988.3934,STOP_LOSS,19,-3.53,0.378,0.3751,0.9396,-4.28,-1.516
1395,ETHUSDT,LONG,spot,BREAKOUT_ONLY,2025-12-21 15:45:00+00:00,2978.8396,2974.6277,11.0964,2025-12-21 16:45:00+00:00,2986.07,2025-12-21 16:45:00+00:00,2986.07,0.0,0.0,2025-12-21 17:00:00+00:00,2987.563,0.183379,547.86,2972.4084,2972.4084,0,2025-12-21 18:00:00+00:00,2967.9498,STOP_LOSS,4,-3.6,0.4383,0.4354,1.0903,-4.47,-1.609
1396,BTCUSDT,LONG,spot,BREAKOUT_ONLY,2025-12-21 16:15:00+00:00,88254.4873,88167.1758,245.4869,2025-12-21 17:00:00+00:00,88412.91,2025-12-21 17:00:00+00:00,88412.91,0.0,0.0,2025-12-21 17:15:00+00:00,88457.1165,0.006216,549.82,88118.0784,88118.0784,0,2025-12-21 18:00:00+00:00,87985.9013,STOP_LOSS,3,-2.93,0.4399,0.4375,1.0952,-3.81,-1.806
1398,ETHUSDT,LONG,spot,BREAKOUT_ONLY,2025-12-21 17:30:00+00:00,2979.2829,2977.8673,9.7215,2025-12-21 18:30:00+00:00,2984.21,2025-12-21 18:30:00+00:00,2984.21,0.0,0.0,2025-12-21 18:45:00+00:00,2985.7121,0.181406,541.63,2975.9231,2981.3492,2,2025-12-21 19:30:00+00:00,2976.8772,TRAILING_STOP,3,-1.6,0.4333,0.432,1.0809,-2.47,-1.39
1399,ETHUSDT,LONG,spot,BREAKOUT_ONLY,2025-12-21 19:15:00+00:00,2981.3414,2979.2208,8.3054,2025-12-21 19:30:00+00:00,2988.43,2025-12-21 19:30:00+00:00,2988.43,0.0,0.0,2025-12-21 19:45:00+00:00,2989.9242,0.180334,539.18,2977.5598,2977.5598,0,2025-12-21 21:45:00+00:00,2973.0934,STOP_LOSS,8,-3.04,0.4313,0.4289,1.0738,-3.9,-1.747
1397,BNBUSDT,LONG,spot,BREAKOUT_ONLY,2025-12-21 17:30:00+00:00,852.0103,851.4631,2.3738,2025-12-21 17:45:00+00:00,853.4,2025-12-21 17:45:00+00:00,853.4,0.0,0.0,2025-12-21 18:00:00+00:00,853.8267,0.634856,542.06,850.9883,856.0035,3,2025-12-21 23:30:00+00:00,854.7195,TRAILING_STOP,22,0.57,0.4336,0.4341,1.085,-0.3,-0.167
1400,ETHUSDT,LONG,spot,BREAKOUT_ONLY,2025-12-21 22:15:00+00:00,2984.378,2980.7659,8.3191,2025-12-21 22:30:00+00:00,2990.15,2025-12-21 22:30:00+00:00,2990.15,0.0,0.0,2025-12-21 22:45:00+00:00,2991.6451,0.178941,535.33,2979.1021,2994.2445,1,2025-12-21 23:30:00+00:00,2989.7532,TRAILING_STOP,3,-0.34,0.4283,0.428,1.0701,-1.19,-0.532
1401,SOLUSDT,LONG,spot,BREAKOUT_ONLY,2025-12-21 23:45:00+00:00,125.5025,125.3653,0.4365,2025-12-22 00:00:00+00:00,127.62,2025-12-22 00:00:00+00:00,127.62,0.0,0.0,2025-12-22 00:15:00+00:00,127.6838,1.121622,143.21,125.278,125.278,0,2025-12-22 02:00:00+00:00,125.0901,STOP_LOSS,7,-2.91,0.1146,0.1122,0.2821,-3.14,-1.162
1402,SOLUSDT,LONG,spot,BREAKOUT_ONLY,2025-12-22 03:30:00+00:00,125.8415,125.5895,0.767,2025-12-22 04:15:00+00:00,126.38,2025-12-22 04:15:00+00:00,126.38,0.0,0.0,2025-12-22 04:30:00+00:00,126.4432,2.663873,336.83,125.4361,126.5418,3,2025-12-22 12:30:00+00:00,126.8665,TIME_EXIT_8H,32,1.13,0.2695,0.2704,0.3374,0.59,0.219
1403,SOLUSDT,LONG,spot,BREAKOUT_ONLY,2025-12-23 01:15:00+00:00,126.1388,125.9993,0.457,2025-12-23 02:15:00+00:00,126.49,2025-12-23 02:15:00+00:00,126.49,0.0,0.0,2025-12-23 02:30:00+00:00,126.5432,4.202148,531.75,125.9079,125.9079,0,2025-12-23 02:45:00+00:00,125.5314,STOP_LOSS,1,-4.25,0.4254,0.422,1.0571,-5.1,-1.91
1404,BTCUSDT,LONG,spot,BREAKOUT_ONLY,2025-12-25 14:45:00+00:00,87596.8809,87577.7323,118.4525,2025-12-25 15:00:00+00:00,87771.99,2025-12-25 15:00:00+00:00,87771.99,0.0,0.0,2025-12-25 15:15:00+00:00,87815.886,0.005998,526.71,87554.0418,88133.0123,3,2025-12-25 16:45:00+00:00,88000.8128,TRAILING_STOP,6,1.11,0.4214,0.4223,1.0551,0.27,0.169
1405,ETHUSDT,LONG,spot,BREAKOUT_ONLY,2025-12-25 16:00:00+00:00,2939.3856,2936.4867,10.4931,2025-12-25 16:15:00+00:00,2964.11,2025-12-25 16:15:00+00:00,2964.11,0.0,0.0,2025-12-25 16:30:00+00:00,2965.6021,0.08565,254.0,2934.3881,2934.3881,0,2025-12-25 22:30:00+00:00,2929.9865,STOP_LOSS,24,-3.05,0.2032,0.2008,0.5034,-3.45,-1.292
1406,BTCUSDT,LONG,spot,BREAKOUT_ONLY,2025-12-26 02:45:00+00:00,87958.1404,87780.418,382.5077,2025-12-26 03:00:00+00:00,89044.05,2025-12-26 03:00:00+00:00,89044.05,0.0,0.0,2025-12-26 03:15:00+00:00,89088.582,0.00191,170.13,87703.9165,87703.9165,0,2025-12-26 11:15:00+00:00,88559.2482,TIME_EXIT_8H,32,-1.01,0.1361,0.1353,0.1696,-1.28,-0.485
1407,ETHUSDT,LONG,spot,BREAKOUT_ONLY,2025-12-26 02:45:00+00:00,2938.7489,2937.4397,16.5403,2025-12-26 03:00:00+00:00,2968.65,2025-12-26 03:00:00+00:00,2968.65,0.0,0.0,2025-12-26 03:15:00+00:00,2970.1343,0.073444,218.14,2934.1317,2934.1317,0,2025-12-26 11:15:00+00:00,2964.0073,TIME_EXIT_8H,32,-0.45,0.1745,0.1742,0.2179,-0.8,-0.302
1408,BNBUSDT,LONG,spot,BREAKOUT_ONLY,2025-12-26 13:15:00+00:00,841.2037,840.6041,1.2457,2025-12-26 13:30:00+00:00,842.51,2025-12-26 13:30:00+00:00,842.51,0.0,0.0,2025-12-26 13:45:00+00:00,842.9212,0.618668,521.49,840.355,840.355,0,2025-12-26 14:30:00+00:00,839.0944,STOP_LOSS,3,-2.37,0.4172,0.4153,1.0394,-3.2,-2.016
1409,SOLUSDT,LONG,spot,BREAKOUT_ONLY,2025-12-27 04:00:00+00:00,122.6044,122.478,0.3542,2025-12-27 04:15:00+00:00,123.15,2025-12-27 04:15:00+00:00,123.15,0.0,0.0,2025-12-27 04:30:00+00:00,123.2016,3.295172,405.97,122.4071,122.4071,0,2025-12-27 12:30:00+00:00,122.9085,TIME_EXIT_8H,32,-0.97,0.3248,0.324,0.4055,-1.61,-0.617
1410,ETHUSDT,LONG,spot,BREAKOUT_ONLY,2025-12-27 23:30:00+00:00,2934.1602,2931.6506,6.1777,2025-12-27 23:45:00+00:00,2949.05,2025-12-27 23:45:00+00:00,2949.05,0.0,0.0,2025-12-28 00:00:00+00:00,2950.5245,0.129775,382.9,2930.415,2930.415,0,2025-12-28 05:30:00+00:00,2926.0194,STOP_LOSS,22,-3.18,0.3063,0.3038,0.761,-3.79,-1.452
1411,BTCUSDT,LONG,spot,BREAKOUT_ONLY,2025-12-27 23:45:00+00:00,87640.4718,87586.3328,125.3266,2025-12-28 00:00:00+00:00,87815.12,2025-12-28 00:00:00+00:00,87815.12,0.0,0.0,2025-12-28 00:15:00+00:00,87859.0276,0.005878,516.42,87561.2675,87561.2675,0,2025-12-28 08:15:00+00:00,87734.5608,TIME_EXIT_8H,32,-0.73,0.4131,0.4125,0.5161,-1.56,-0.89
1413,BTCUSDT,LONG,spot,BREAKOUT_ONLY,2025-12-28 23:30:00+00:00,87725.6966,87677.0064,160.6843,2025-12-28 23:45:00+00:00,87952.71,2025-12-28 23:45:00+00:00,87952.71,0.0,0.0,2025-12-29 00:00:00+00:00,87996.6864,0.005807,511.02,87644.8695,88041.2376,1,2025-12-29 01:00:00+00:00,87909.1757,TRAILING_STOP,4,-0.51,0.4088,0.4084,1.0213,-1.33,-0.649
1412,ETHUSDT,LONG,spot,BREAKOUT_ONLY,2025-12-28 22:30:00+00:00,2939.8668,2938.2942,5.2959,2025-12-28 22:45:00+00:00,2950.2,2025-12-28 22:45:00+00:00,2950.2,0.0,0.0,2025-12-28 23:00:00+00:00,2951.6651,0.173268,511.43,2937.235,2958.1011,2,2025-12-29 01:15:00+00:00,2953.6639,TRAILING_STOP,9,0.35,0.4091,0.4094,1.0234,-0.47,-0.189
1414,BTCUSDT,LONG,spot,BREAKOUT_ONLY,2025-12-29 00:30:00+00:00,87790.0079,87747.642,186.2895,2025-12-29 00:45:00+00:00,88295.69,2025-12-29 00:45:00+00:00,88295.69,0.0,0.0,2025-12-29 01:00:00+00:00,88339.8278,0.004105,362.64,87710.3841,89891.5855,15,2025-12-29 06:00:00+00:00,89756.7481,TRAILING_STOP,20,5.82,0.2901,0.2948,0.734,5.23,2.025
1416,BNBUSDT,LONG,spot,BREAKOUT_ONLY,2025-12-30 08:30:00+00:00,853.8279,853.2819,2.1196,2025-12-30 08:45:00+00:00,856.51,2025-12-30 08:45:00+00:00,856.51,0.0,0.0,2025-12-30 09:00:00+00:00,856.9383,0.600565,514.65,852.8579,859.6491,2,2025-12-30 14:00:00+00:00,858.3597,TRAILING_STOP,20,0.85,0.4117,0.4124,1.0306,0.03,0.012
1415,ETHUSDT,LONG,spot,BREAKOUT_ONLY,2025-12-30 08:30:00+00:00,2955.0857,2948.0615,14.6852,2025-12-30 08:45:00+00:00,2977.6,2025-12-30 08:45:00+00:00,2977.6,0.0,0.0,2025-12-30 09:00:00+00:00,2979.0988,0.076532,228.0,2945.1245,2945.1245,0,2025-12-30 17:00:00+00:00,2978.0702,TIME_EXIT_8H,32,-0.08,0.1824,0.1823,0.228,-0.44,-0.171
1417,SOLUSDT,LONG,spot,BREAKOUT_ONLY,2025-12-30 14:45:00+00:00,124.3994,124.2212,0.6042,2025-12-30 15:45:00+00:00,125.16,2025-12-30 15:45:00+00:00,125.16,0.0,0.0,2025-12-30 16:00:00+00:00,125.2226,2.316976,290.14,124.1004,125.2285,4,2025-12-30 17:30:00+00:00,125.0406,TRAILING_STOP,6,-0.42,0.2321,0.2318,0.5796,-0.89,-0.341
1418,SOLUSDT,LONG,spot,BREAKOUT_ONLY,2025-12-30 22:45:00+00:00,124.4216,124.3554,0.3928,2025-12-30 23:15:00+00:00,124.8,2025-12-30 23:15:00+00:00,124.8,0.0,0.0,2025-12-30 23:30:00+00:00,124.8624,4.112856,513.54,124.2768,125.2405,6,2025-12-31 03:30:00+00:00,125.0526,TRAILING_STOP,16,0.78,0.4108,0.4115,1.0283,-0.04,-0.017
1420,ETHUSDT,LONG,spot,BREAKOUT_ONLY,2025-12-31 21:45:00+00:00,2979.6802,2977.9333,7.5207,2025-12-31 22:15:00+00:00,2983.71,2025-12-31 22:15:00+00:00,2983.71,0.0,0.0,2025-12-31 22:30:00+00:00,2985.2019,0.171879,513.09,2976.4292,2976.4292,0,2025-12-31 22:45:00+00:00,2971.9254,STOP_LOSS,1,-2.28,0.4105,0.4087,1.0228,-3.1,-2.057
1419,BNBUSDT,LONG,spot,BREAKOUT_ONLY,2025-12-31 21:00:00+00:00,864.1839,863.2941,1.9471,2025-12-31 21:45:00+00:00,866.0,2025-12-31 21:45:00+00:00,866.0,0.0,0.0,2025-12-31 22:00:00+00:00,866.433,0.592662,513.5,862.9047,870.5767,9,2026-01-01 03:15:00+00:00,869.2709,TRAILING_STOP,21,1.68,0.4108,0.4121,1.0295,0.86,0.411
1421,ETHUSDT,LONG,spot,BREAKOUT_ONLY,2026-01-01 01:15:00+00:00,2979.2093,2978.1562,5.3875,2026-01-01 01:30:00+00:00,2986.44,2026-01-01 01:30:00+00:00,2986.44,0.0,0.0,2026-01-01 01:45:00+00:00,2987.9432,0.170694,510.02,2977.0787,2977.0787,0,2026-01-01 04:00:00+00:00,2972.6131,STOP_LOSS,9,-2.62,0.408,0.4059,1.0161,-3.43,-1.85
1422,SOLUSDT,LONG,spot,BREAKOUT_ONLY,2026-01-01 02:00:00+00:00,125.1548,125.0212,0.4349,2026-01-01 03:30:00+00:00,125.41,2026-01-01 03:30:00+00:00,125.41,0.0,0.0,2026-01-01 03:45:00+00:00,125.4727,4.071625,510.88,124.9342,124.9342,0,2026-01-01 04:15:00+00:00,124.7468,STOP_LOSS,2,-2.96,0.4087,0.4063,1.0173,-3.77,-1.72
1424,SOLUSDT,LONG,spot,BREAKOUT_ONLY,2026-01-01 18:00:00+00:00,124.9724,124.8848,0.3852,2026-01-01 18:30:00+00:00,125.27,2026-01-01 18:30:00+00:00,125.27,0.0,0.0,2026-01-01 18:45:00+00:00,125.3326,4.019329,503.75,124.8077,125.3636,3,2026-01-01 20:45:00+00:00,125.1755,TRAILING_STOP,8,-0.63,0.403,0.4025,1.0066,-1.44,-0.681
1423,ETHUSDT,LONG,spot,BREAKOUT_ONLY,2026-01-01 17:00:00+00:00,2984.5444,2981.9653,5.3319,2026-01-01 17:15:00+00:00,2991.84,2026-01-01 17:15:00+00:00,2991.84,0.0,0.0,2026-01-01 17:30:00+00:00,2993.3459,0.168424,504.15,2980.8989,2997.2258,2,2026-01-02 00:00:00+00:00,2992.73,TRAILING_STOP,26,-0.1,0.4033,0.4032,1.0081,-0.91,-0.434
1425,BNBUSDT,LONG,spot,BREAKOUT_ONLY,2026-01-02 03:00:00+00:00,862.4757,861.89,1.5421,2026-01-02 03:15:00+00:00,864.05,2026-01-02 03:15:00+00:00,864.05,0.0,0.0,2026-01-02 03:30:00+00:00,864.472,0.580503,501.83,861.5816,865.2245,3,2026-01-02 07:15:00+00:00,863.9267,TRAILING_STOP,15,-0.32,0.4015,0.4012,1.0032,-1.12,-0.667
1426,BNBUSDT,LONG,spot,BREAKOUT_ONLY,2026-01-03 16:45:00+00:00,875.2776,874.7817,1.4575,2026-01-03 17:15:00+00:00,876.54,2026-01-03 17:15:00+00:00,876.54,0.0,0.0,2026-01-03 17:30:00+00:00,876.9783,0.570961,500.72,874.4902,878.1952,3,2026-01-03 22:45:00+00:00,876.8779,TRAILING_STOP,21,-0.06,0.4006,0.4005,1.0014,-0.86,-0.604
1428,SOLUSDT,LONG,spot,BREAKOUT_ONLY,2026-01-05 14:45:00+00:00,135.076,134.7865,0.8795,2026-01-05 15:30:00+00:00,136.07,2026-01-05 15:30:00+00:00,136.07,0.0,0.0,2026-01-05 15:45:00+00:00,136.138,1.652864,225.02,134.6106,134.6106,0,2026-01-05 17:15:00+00:00,134.4087,STOP_LOSS,6,-2.86,0.18,0.1777,0.4457,-3.22,-1.274
1429,SOLUSDT,LONG,spot,BREAKOUT_ONLY,2026-01-05 16:15:00+00:00,135.1732,134.9636,0.9507,2026-01-05 17:45:00+00:00,136.52,2026-01-05 17:45:00+00:00,136.52,0.0,0.0,2026-01-05 18:00:00+00:00,136.5983,1.377037,188.1,134.7735,138.0489,5,2026-01-05 20:45:00+00:00,137.8419,TRAILING_STOP,11,1.71,0.1505,0.1519,0.3788,1.41,0.561
1427,ETHUSDT,LONG,spot,BREAKOUT_ONLY,2026-01-05 15:15:00+00:00,3164.4322,3158.0036,16.401,2026-01-05 15:30:00+00:00,3192.92,2026-01-05 15:30:00+00:00,3192.92,0.0,0.0,2026-01-05 15:45:00+00:00,3194.5065,0.063459,202.72,3154.7234,3234.5131,7,2026-01-05 22:00:00+00:00,3229.6614,TRAILING_STOP,25,2.23,0.1622,0.164,0.4088,1.9,0.754
1430,BNBUSDT,LONG,spot,BREAKOUT_ONLY,2026-01-06 22:00:00+00:00,908.7882,908.177,3.2247,2026-01-06 22:15:00+00:00,914.24,2026-01-06 22:15:00+00:00,914.24,0.0,0.0,2026-01-06 22:30:00+00:00,914.7071,0.351926,321.91,907.5321,907.5321,0,2026-01-07 01:15:00+00:00,906.1708,STOP_LOSS,11,-3.0,0.2575,0.2551,0.6393,-3.52,-1.393
1431,BNBUSDT,LONG,spot,BREAKOUT_ONLY,2026-01-07 02:30:00+00:00,910.7328,909.4994,3.0717,2026-01-07 03:00:00+00:00,912.95,2026-01-07 03:00:00+00:00,912.95,0.0,0.0,2026-01-07 03:15:00+00:00,913.4065,0.543555,496.49,908.8851,915.8943,3,2026-01-07 08:30:00+00:00,914.5204,TRAILING_STOP,21,0.61,0.3972,0.3977,0.9939,-0.19,-0.077
1432,SOLUSDT,LONG,spot,BREAKOUT_ONLY,2026-01-08 04:45:00+00:00,137.223,136.9418,0.6785,2026-01-08 05:00:00+00:00,137.83,2026-01-08 05:00:00+00:00,137.83,0.0,0.0,2026-01-08 05:15:00+00:00,137.9089,2.272801,313.44,136.8061,136.8061,0,2026-01-08 05:30:00+00:00,136.6009,STOP_LOSS,1,-2.97,0.2508,0.2484,0.6224,-3.47,-1.385
1433,SOLUSDT,LONG,spot,BREAKOUT_ONLY,2026-01-08 17:30:00+00:00,136.179,135.7619,0.888,2026-01-08 17:45:00+00:00,138.72,2026-01-08 17:45:00+00:00,138.72,0.0,0.0,2026-01-08 18:00:00+00:00,138.7894,0.77664,107.79,135.5843,135.5843,0,2026-01-09 02:00:00+00:00,139.1504,TIME_EXIT_8H,32,0.28,0.0862,0.0865,0.1079,0.11,0.043
1435,SOLUSDT,LONG,spot,BREAKOUT_ONLY,2026-01-09 15:45:00+00:00,138.5056,138.2764,1.3384,2026-01-09 16:00:00+00:00,140.08,2026-01-09 16:00:00+00:00,140.08,0.0,0.0,2026-01-09 16:15:00+00:00,140.15,1.1627,162.95,138.0087,138.0087,0,2026-01-09 17:15:00+00:00,137.8017,STOP_LOSS,4,-2.73,0.1304,0.1282,0.3218,-2.99,-1.201
1436,ETHUSDT,LONG,spot,BREAKOUT_ONLY,2026-01-09 16:45:00+00:00,3111.1722,3105.5508,21.675,2026-01-09 17:00:00+00:00,3122.91,2026-01-09 17:00:00+00:00,3122.91,0.0,0.0,2026-01-09 17:15:00+00:00,3124.4715,0.106095,331.49,3101.2158,3101.2158,0,2026-01-09 18:15:00+00:00,3096.5639,STOP_LOSS,4,-2.96,0.2652,0.2628,0.6585,-3.49,-1.414
1434,BTCUSDT,LONG,spot,BREAKOUT_ONLY,2026-01-09 15:45:00+00:00,90790.3459,90675.9778,565.1321,2026-01-09 16:00:00+00:00,91763.99,2026-01-09 16:00:00+00:00,91763.99,0.0,0.0,2026-01-09 16:15:00+00:00,91809.882,0.001997,183.32,90562.9514,90562.9514,0,2026-01-09 18:30:00+00:00,90427.107,STOP_LOSS,9,-2.76,0.1467,0.1444,0.3625,-3.05,-1.226
1437,SOLUSDT,LONG,spot,BREAKOUT_ONLY,2026-01-11 09:15:00+00:00,136.3272,136.2295,0.264,2026-01-11 09:45:00+00:00,136.5,2026-01-11 09:45:00+00:00,136.5,0.0,0.0,2026-01-11 10:00:00+00:00,136.5683,3.540604,483.53,136.1767,138.4877,8,2026-01-11 15:00:00+00:00,138.2799,TRAILING_STOP,20,6.06,0.3868,0.3917,0.9762,5.28,3.81
1438,BTCUSDT,LONG,spot,BREAKOUT_ONLY,2026-01-11 23:45:00+00:00,90788.1215,90765.4442,216.4003,2026-01-12 00:00:00+00:00,90917.71,2026-01-12 00:00:00+00:00,90917.71,0.0,0.0,2026-01-12 00:15:00+00:00,90963.1689,0.005373,488.76,90722.1642,90722.1642,0,2026-01-12 00:45:00+00:00,90586.0809,STOP_LOSS,2,-2.03,0.391,0.3894,0.9745,-2.81,-2.167
1439,BTCUSDT,LONG,spot,BREAKOUT_ONLY,2026-01-12 00:45:00+00:00,90858.4137,90791.4842,299.3096,2026-01-12 01:00:00+00:00,91534.92,2026-01-12 01:00:00+00:00,91534.92,0.0,0.0,2026-01-12 01:15:00+00:00,91580.6775,0.002891,264.74,90731.6223,91900.0863,2,2026-01-12 03:45:00+00:00,91762.2362,TRAILING_STOP,10,0.52,0.2118,0.2122,0.5303,0.1,0.041
1440,ETHUSDT,LONG,spot,BREAKOUT_ONLY,2026-01-12 01:00:00+00:00,3117.5365,3110.8182,14.2478,2026-01-12 01:15:00+00:00,3130.91,2026-01-12 01:15:00+00:00,3130.91,0.0,0.0,2026-01-12 01:30:00+00:00,3132.4755,0.099997,313.24,3107.9686,3154.0251,13,2026-01-12 06:30:00+00:00,3149.294,TRAILING_STOP,20,1.68,0.2506,0.2519,0.629,1.18,0.481
1441,BNBUSDT,LONG,spot,BREAKOUT_ONLY,2026-01-12 04:00:00+00:00,906.7976,905.6103,2.803,2026-01-12 04:30:00+00:00,909.08,2026-01-12 04:30:00+00:00,909.08,0.0,0.0,2026-01-12 04:45:00+00:00,909.5445,0.534154,485.84,905.0497,905.0497,0,2026-01-12 07:30:00+00:00,903.6921,STOP_LOSS,11,-3.13,0.3887,0.3862,0.967,-3.9,-1.625
1443,ETHUSDT,LONG,spot,BREAKOUT_ONLY,2026-01-12 16:00:00+00:00,3121.8133,3116.0857,15.9248,2026-01-12 16:15:00+00:00,3143.22,2026-01-12 16:15:00+00:00,3143.22,0.0,0.0,2026-01-12 16:30:00+00:00,3144.7916,0.076554,240.75,3112.9007,3112.9007,0,2026-01-12 17:15:00+00:00,3108.2314,STOP_LOSS,3,-2.8,0.1926,0.1904,0.4773,-3.18,-1.303
1442,BTCUSDT,LONG,spot,BREAKOUT_ONLY,2026-01-12 16:00:00+00:00,91076.3082,91042.7906,328.5696,2026-01-12 16:15:00+00:00,92217.62,2026-01-12 16:15:00+00:00,92217.62,0.0,0.0,2026-01-12 16:30:00+00:00,92263.7288,0.001897,175.07,90977.0767,90977.0767,0,2026-01-12 21:45:00+00:00,90840.6111,STOP_LOSS,21,-2.7,0.1401,0.1379,0.3461,-2.98,-1.22
1444,BNBUSDT,LONG,spot,BREAKOUT_ONLY,2026-01-12 18:15:00+00:00,904.5261,903.647,2.5953,2026-01-12 18:45:00+00:00,907.78,2026-01-12 18:45:00+00:00,907.78,0.0,0.0,2026-01-12 19:00:00+00:00,908.2339,0.473769,430.29,903.1279,903.1279,0,2026-01-12 21:45:00+00:00,901.7732,STOP_LOSS,11,-3.06,0.3442,0.3418,0.856,-3.75,-1.549
1445,BNBUSDT,LONG,spot,BREAKOUT_ONLY,2026-01-12 22:45:00+00:00,905.2473,904.7005,1.838,2026-01-12 23:15:00+00:00,906.48,2026-01-12 23:15:00+00:00,906.48,0.0,0.0,2026-01-12 23:30:00+00:00,906.9232,0.522186,473.58,904.3329,904.3329,0,2026-01-13 00:15:00+00:00,902.9764,STOP_LOSS,3,-2.06,0.3789,0.3772,0.9441,-2.82,-2.083
1446,BTCUSDT,LONG,spot,BREAKOUT_ONLY,2026-01-13 00:00:00+00:00,91374.781,91291.8333,181.8476,2026-01-13 00:45:00+00:00,91482.74,2026-01-13 00:45:00+00:00,91482.74,0.0,0.0,2026-01-13 01:00:00+00:00,91528.4814,0.005144,470.79,91255.4638,91255.4638,0,2026-01-13 01:30:00+00:00,91118.5806,STOP_LOSS,2,-2.11,0.3766,0.3749,0.9384,-2.86,-2.037
1447,BNBUSDT,LONG,spot,BREAKOUT_ONLY,2026-01-13 00:15:00+00:00,905.5676,904.9669,1.9221,2026-01-13 01:00:00+00:00,907.16,2026-01-13 01:00:00+00:00,907.16,0.0,0.0,2026-01-13 01:15:00+00:00,907.6036,0.518311,470.42,904.5825,904.5825,0,2026-01-13 01:30:00+00:00,903.2256,STOP_LOSS,1,-2.27,0.3763,0.3745,0.9374,-3.02,-1.929
1448,BNBUSDT,LONG,spot,BREAKOUT_ONLY,2026-01-13 03:45:00+00:00,904.9489,904.8565,1.9185,2026-01-13 04:00:00+00:00,907.05,2026-01-13 04:00:00+00:00,907.05,0.0,0.0,2026-01-13 04:15:00+00:00,907.5135,0.512358,464.97,904.4728,908.492,3,2026-01-13 06:00:00+00:00,907.1293,TRAILING_STOP,7,-0.2,0.372,0.3718,0.9296,-0.94,-0.604
1449,BTCUSDT,LONG,spot,BREAKOUT_ONLY,2026-01-13 04:00:00+00:00,91343.4373,91296.7736,149.8444,2026-01-13 04:15:00+00:00,91473.1,2026-01-13 04:15:00+00:00,91473.1,0.0,0.0,2026-01-13 04:30:00+00:00,91518.8265,0.005077,464.6,91266.8047,91932.7348,7,2026-01-13 08:15:00+00:00,91794.8357,TRAILING_STOP,15,1.4,0.3717,0.3728,0.9313,0.66,0.513
1450,SOLUSDT,LONG,spot,BREAKOUT_ONLY,2026-01-13 07:30:00+00:00,139.891,139.7574,0.4825,2026-01-13 08:00:00+00:00,140.44,2026-01-13 08:00:00+00:00,140.44,0.0,0.0,2026-01-13 08:15:00+00:00,140.5002,2.796123,392.86,139.6609,141.8308,4,2026-01-13 09:30:00+00:00,141.6181,TRAILING_STOP,5,3.13,0.3143,0.3168,0.7904,2.49,1.063
1451,BNBUSDT,LONG,spot,BREAKOUT_ONLY,2026-01-15 09:15:00+00:00,938.8088,938.4134,1.9293,2026-01-15 09:30:00+00:00,942.53,2026-01-15 09:30:00+00:00,942.53,0.0,0.0,2026-01-15 09:45:00+00:00,943.0013,0.474371,447.33,938.0275,938.0275,0,2026-01-15 11:30:00+00:00,936.6205,STOP_LOSS,7,-3.03,0.3579,0.3554,0.8901,-3.74,-1.585
1452,SOLUSDT,LONG,spot,BREAKOUT_ONLY,2026-01-15 10:15:00+00:00,145.1495,144.9747,0.5331,2026-01-15 10:30:00+00:00,145.42,2026-01-15 10:30:00+00:00,145.42,0.0,0.0,2026-01-15 10:45:00+00:00,145.4927,3.208452,466.81,144.868,144.868,0,2026-01-15 11:45:00+00:00,144.6507,STOP_LOSS,4,-2.7,0.3734,0.3713,0.9296,-3.45,-1.719
1453,BNBUSDT,LONG,spot,BREAKOUT_ONLY,2026-01-15 12:30:00+00:00,939.1151,938.6949,1.6422,2026-01-15 12:45:00+00:00,940.7,2026-01-15 12:45:00+00:00,940.7,0.0,0.0,2026-01-15 13:00:00+00:00,941.1703,0.488802,460.05,938.3665,941.5675,2,2026-01-15 14:30:00+00:00,940.1551,TRAILING_STOP,6,-0.5,0.368,0.3676,0.9193,-1.23,-0.899
1454,SOLUSDT,LONG,spot,BREAKOUT_ONLY,2026-01-15 13:30:00+00:00,145.1165,144.9546,0.4946,2026-01-15 14:00:00+00:00,145.64,2026-01-15 14:00:00+00:00,145.64,0.0,0.0,2026-01-15 14:15:00+00:00,145.7128,2.71711,395.92,144.8557,144.8557,0,2026-01-15 14:30:00+00:00,144.6384,STOP_LOSS,1,-2.92,0.3167,0.3144,0.7875,-3.55,-1.525
1455,BNBUSDT,LONG,spot,BREAKOUT_ONLY,2026-01-15 17:15:00+00:00,939.184,938.9133,3.4877,2026-01-15 17:30:00+00:00,942.05,2026-01-15 17:30:00+00:00,942.05,0.0,0.0,2026-01-15 17:45:00+00:00,942.521,0.483079,455.31,938.2158,938.2158,0,2026-01-15 18:00:00+00:00,936.7228,STOP_LOSS,1,-2.8,0.3642,0.362,0.9064,-3.53,-1.696
1456,BNBUSDT,LONG,spot,BREAKOUT_ONLY,2026-01-16 11:45:00+00:00,934.5527,933.8957,1.7266,2026-01-16 12:00:00+00:00,936.12,2026-01-16 12:00:00+00:00,936.12,0.0,0.0,2026-01-16 12:15:00+00:00,936.5881,0.48241,451.82,933.5504,933.5504,0,2026-01-16 13:00:00+00:00,932.1501,STOP_LOSS,3,-2.14,0.3615,0.3597,0.9004,-2.86,-1.953
1457,SOLUSDT,LONG,spot,BREAKOUT_ONLY,2026-01-16 18:45:00+00:00,142.959,142.7898,0.6645,2026-01-16 19:00:00+00:00,143.41,2026-01-16 19:00:00+00:00,143.41,0.0,0.0,2026-01-16 19:15:00+00:00,143.4817,2.749317,394.48,142.6569,144.7288,15,2026-01-17 00:00:00+00:00,144.5117,TRAILING_STOP,19,2.83,0.3156,0.3178,0.7932,2.2,0.97
1458,BNBUSDT,LONG,spot,BREAKOUT_ONLY,2026-01-16 22:00:00+00:00,933.1146,932.5732,1.509,2026-01-16 22:15:00+00:00,934.84,2026-01-16 22:15:00+00:00,934.84,0.0,0.0,2026-01-16 22:30:00+00:00,935.3074,0.479707,448.67,932.2714,936.4723,6,2026-01-17 00:45:00+00:00,935.0676,TRAILING_STOP,9,-0.12,0.3589,0.3588,0.8972,-0.83,-0.572
1459,BTCUSDT,LONG,spot,BREAKOUT_ONLY,2026-01-17 15:00:00+00:00,95363.7364,95317.4506,95.1819,2026-01-17 15:15:00+00:00,95513.6,2026-01-17 15:15:00+00:00,95513.6,0.0,0.0,2026-01-17 15:30:00+00:00,95561.3668,0.004713,450.34,95298.4142,95298.4142,0,2026-01-17 16:15:00+00:00,95155.4666,STOP_LOSS,3,-1.91,0.3603,0.3587,0.8978,-2.63,-2.124
1460,SOLUSDT,LONG,spot,BREAKOUT_ONLY,2026-01-17 16:00:00+00:00,144.0411,143.9424,0.3126,2026-01-17 17:30:00+00:00,144.2,2026-01-17 17:30:00+00:00,144.2,0.0,0.0,2026-01-17 17:45:00+00:00,144.2721,3.103391,447.73,143.8799,143.8799,0,2026-01-17 22:00:00+00:00,143.6641,STOP_LOSS,17,-1.89,0.3582,0.3567,0.8926,-2.6,-2.138
1461,ETHUSDT,LONG,spot,BREAKOUT_ONLY,2026-01-18 04:00:00+00:00,3309.0243,3306.7885,4.8406,2026-01-18 04:15:00+00:00,3313.03,2026-01-18 04:15:00+00:00,3313.03,0.0,0.0,2026-01-18 04:30:00+00:00,3314.6865,0.134298,445.16,3305.8204,3305.8204,0,2026-01-18 08:00:00+00:00,3300.8617,STOP_LOSS,14,-1.86,0.3561,0.3546,0.8875,-2.57,-2.156
1463,BTCUSDT,LONG,spot,BREAKOUT_ONLY,2026-01-18 18:15:00+00:00,95182.8567,95157.4143,113.2473,2026-01-18 18:30:00+00:00,95340.2,2026-01-18 18:30:00+00:00,95340.2,0.0,0.0,2026-01-18 18:45:00+00:00,95387.8701,0.004636,442.26,95134.7649,95134.7649,0,2026-01-18 23:00:00+00:00,94992.0627,STOP_LOSS,17,-1.84,0.3538,0.3523,0.8818,-2.54,-2.166
1462,BNBUSDT,LONG,spot,BREAKOUT_ONLY,2026-01-18 14:00:00+00:00,946.8769,946.0757,1.6556,2026-01-18 15:30:00+00:00,949.83,2026-01-18 15:30:00+00:00,949.83,0.0,0.0,2026-01-18 15:45:00+00:00,950.3149,0.465756,442.62,945.7446,945.7446,0,2026-01-18 23:15:00+00:00,944.326,STOP_LOSS,30,-2.79,0.3541,0.3519,0.881,-3.5,-1.642
1464,SOLUSDT,LONG,spot,BREAKOUT_ONLY,2026-01-21 19:45:00+00:00,128.3422,128.0236,1.1971,2026-01-21 20:00:00+00:00,130.9,2026-01-21 20:00:00+00:00,130.9,0.0,0.0,2026-01-21 20:15:00+00:00,130.9755,0.691023,90.51,127.7842,127.7842,0,2026-01-22 04:15:00+00:00,130.1849,TIME_EXIT_8H,32,-0.55,0.0724,0.072,0.0902,-0.69,-0.313
1465,BNBUSDT,LONG,spot,BREAKOUT_ONLY,2026-01-23 16:00:00+00:00,889.0692,889.0207,3.1062,2026-01-23 16:15:00+00:00,893.01,2026-01-23 16:15:00+00:00,893.01,0.0,0.0,2026-01-23 16:30:00+00:00,893.4565,0.435391,389.0,888.3995,898.4818,7,2026-01-23 19:00:00+00:00,897.1341,TRAILING_STOP,10,1.6,0.3112,0.3125,0.7804,0.98,0.444
1466,BTCUSDT,LONG,spot,BREAKOUT_ONLY,2026-01-23 16:30:00+00:00,89480.3996,89411.518,448.3914,2026-01-23 16:45:00+00:00,90124.85,2026-01-23 16:45:00+00:00,90124.85,0.0,0.0,2026-01-23 17:00:00+00:00,90169.9224,0.002601,234.57,89321.8397,90404.563,4,2026-01-23 19:00:00+00:00,90268.9562,TRAILING_STOP,8,0.26,0.1877,0.1879,0.4695,-0.12,-0.053
1467,BTCUSDT,LONG,spot,BREAKOUT_ONLY,2026-01-24 03:15:00+00:00,89675.3877,89656.4352,122.5503,2026-01-24 03:30:00+00:00,89834.34,2026-01-24 03:30:00+00:00,89834.34,0.0,0.0,2026-01-24 03:45:00+00:00,89879.2572,0.00486,436.81,89631.9251,89631.9251,0,2026-01-24 06:15:00+00:00,89497.4772,STOP_LOSS,10,-1.86,0.3494,0.348,0.8708,-2.55,-2.124
1468,BNBUSDT,LONG,spot,BREAKOUT_ONLY,2026-01-26 18:45:00+00:00,873.993,872.9902,2.8584,2026-01-26 19:00:00+00:00,876.64,2026-01-26 19:00:00+00:00,876.64,0.0,0.0,2026-01-26 19:15:00+00:00,877.0783,0.470694,412.84,872.4186,872.4186,0,2026-01-26 20:45:00+00:00,871.1099,STOP_LOSS,6,-2.81,0.3303,0.328,0.8215,-3.47,-1.581
1469,BTCUSDT,LONG,spot,BREAKOUT_ONLY,2026-01-26 19:00:00+00:00,87896.1177,87827.9709,384.6268,2026-01-26 19:15:00+00:00,88189.53,2026-01-26 19:15:00+00:00,88189.53,0.0,0.0,2026-01-26 19:30:00+00:00,88233.6148,0.004538,400.37,87751.0455,87751.0455,0,2026-01-26 20:45:00+00:00,87619.4189,STOP_LOSS,5,-2.79,0.3203,0.3181,0.7966,-3.43,-1.564
1470,ETHUSDT,LONG,spot,BREAKOUT_ONLY,2026-01-27 14:45:00+00:00,2920.7005,2918.0238,12.7919,2026-01-27 15:00:00+00:00,2930.94,2026-01-27 15:00:00+00:00,2930.94,0.0,0.0,2026-01-27 15:15:00+00:00,2932.3955,0.127516,373.93,2915.4654,2915.4654,0,2026-01-27 15:30:00+00:00,2911.0922,STOP_LOSS,1,-2.72,0.2991,0.297,0.7438,-3.31,-1.534
1472,SOLUSDT,LONG,spot,BREAKOUT_ONLY,2026-01-27 15:45:00+00:00,124.0177,123.9413,0.6219,2026-01-27 16:00:00+00:00,126.4,2026-01-27 16:00:00+00:00,126.4,0.0,0.0,2026-01-27 16:15:00+00:00,126.4732,0.806493,102.0,123.8169,123.8169,0,2026-01-27 17:30:00+00:00,123.6312,STOP_LOSS,5,-2.29,0.0816,0.0798,0.2006,-2.45,-1.145
1471,ETHUSDT,LONG,spot,BREAKOUT_ONLY,2026-01-27 15:45:00+00:00,2921.4973,2918.7443,15.0816,2026-01-27 16:00:00+00:00,2973.78,2026-01-27 16:00:00+00:00,2973.78,0.0,0.0,2026-01-27 16:15:00+00:00,2975.2669,0.035982,107.05,2915.728,3010.5006,3,2026-01-28 00:15:00+00:00,3023.4075,TIME_EXIT_8H,32,1.73,0.0856,0.087,0.1079,1.56,0.728
1473,SOLUSDT,LONG,spot,BREAKOUT_ONLY,2026-01-27 18:15:00+00:00,124.5509,124.1457,0.8185,2026-01-27 18:45:00+00:00,125.81,2026-01-27 18:45:00+00:00,125.81,0.0,0.0,2026-01-27 19:00:00+00:00,125.8829,1.120171,141.01,123.982,126.9232,12,2026-01-28 00:15:00+00:00,126.7328,TRAILING_STOP,21,0.95,0.1128,0.1136,0.2834,0.73,0.341
1474,BNBUSDT,LONG,spot,BREAKOUT_ONLY,2026-01-29 07:15:00+00:00,900.7785,900.2229,2.1694,2026-01-29 07:30:00+00:00,905.03,2026-01-29 07:30:00+00:00,905.03,0.0,0.0,2026-01-29 07:45:00+00:00,905.4825,0.376123,340.57,899.789,899.789,0,2026-01-29 10:00:00+00:00,898.4393,STOP_LOSS,9,-2.65,0.2725,0.2703,0.6772,-3.19,-1.491
1475,BNBUSDT,LONG,spot,BREAKOUT_ONLY,2026-02-03 13:45:00+00:00,773.3876,772.1302,2.8254,2026-02-03 14:00:00+00:00,775.39,2026-02-03 14:00:00+00:00,775.39,0.0,0.0,2026-02-03 14:15:00+00:00,775.7777,0.504558,391.42,771.5651,771.5651,0,2026-02-03 14:30:00+00:00,770.4078,STOP_LOSS,1,-2.71,0.3131,0.311,0.7788,-3.33,-1.568
1476,ETHUSDT,LONG,spot,BREAKOUT_ONLY,2026-02-07 12:45:00+00:00,2035.6561,2027.3976,18.8577,2026-02-07 13:15:00+00:00,2046.8,2026-02-07 13:15:00+00:00,2046.8,0.0,0.0,2026-02-07 13:30:00+00:00,2047.8234,0.087151,178.47,2023.6261,2023.6261,0,2026-02-07 14:30:00+00:00,2020.5906,STOP_LOSS,4,-2.37,0.1428,0.1409,0.3534,-2.66,-1.26
1477,ETHUSDT,LONG,spot,BREAKOUT_ONLY,2026-02-07 15:15:00+00:00,2036.5017,2029.3736,18.3019,2026-02-07 15:30:00+00:00,2047.41,2026-02-07 15:30:00+00:00,2047.41,0.0,0.0,2026-02-07 15:45:00+00:00,2048.4337,0.092231,188.93,2025.7132,2025.7132,0,2026-02-07 16:00:00+00:00,2022.6746,STOP_LOSS,1,-2.38,0.1511,0.1492,0.3743,-2.68,-1.277
1479,BTCUSDT,LONG,spot,BREAKOUT_ONLY,2026-02-07 16:00:00+00:00,69029.2421,68955.7457,551.6567,2026-02-07 16:15:00+00:00,69305.5,2026-02-07 16:15:00+00:00,69305.5,0.0,0.0,2026-02-07 16:30:00+00:00,69340.1527,0.004206,291.68,68845.4143,68845.4143,0,2026-02-07 16:45:00+00:00,68742.1462,STOP_LOSS,1,-2.52,0.2333,0.2313,0.5796,-2.98,-1.432
1478,SOLUSDT,LONG,spot,BREAKOUT_ONLY,2026-02-07 15:45:00+00:00,86.0537,85.7807,0.6392,2026-02-07 16:00:00+00:00,87.19,2026-02-07 16:00:00+00:00,87.19,0.0,0.0,2026-02-07 16:15:00+00:00,87.2436,1.308898,114.19,85.6528,88.1565,13,2026-02-07 21:45:00+00:00,88.0242,TRAILING_STOP,22,1.02,0.0914,0.0922,0.2299,0.84,0.403
1480,ETHUSDT,LONG,spot,BREAKOUT_ONLY,2026-02-07 16:15:00+00:00,2040.7298,2031.1297,30.9102,2026-02-07 16:30:00+00:00,2056.84,2026-02-07 16:30:00+00:00,2056.84,0.0,0.0,2026-02-07 16:45:00+00:00,2057.8784,0.062724,129.08,2024.9477,2090.5102,17,2026-02-07 22:30:00+00:00,2087.3745,TRAILING_STOP,23,1.85,0.1033,0.1047,0.2609,1.64,0.795
1481,BTCUSDT,LONG,spot,BREAKOUT_ONLY,2026-02-08 01:30:00+00:00,69267.8721,69143.2569,278.1628,2026-02-08 02:00:00+00:00,69410.39,2026-02-08 02:00:00+00:00,69410.39,0.0,0.0,2026-02-08 02:15:00+00:00,69445.1052,0.005818,404.0,69087.6243,69087.6243,0,2026-02-08 03:45:00+00:00,68983.9929,STOP_LOSS,6,-2.68,0.3232,0.3211,0.804,-3.33,-1.6
1482,SOLUSDT,LONG,spot,BREAKOUT_ONLY,2026-02-08 11:15:00+00:00,87.4682,87.2116,0.6309,2026-02-08 11:30:00+00:00,88.02,2026-02-08 11:30:00+00:00,88.02,0.0,0.0,2026-02-08 11:45:00+00:00,88.074,2.086734,183.79,87.0854,87.0854,0,2026-02-08 16:30:00+00:00,86.9547,STOP_LOSS,19,-2.34,0.147,0.1452,0.3641,-2.63,-1.274
1483,SOLUSDT,LONG,spot,BREAKOUT_ONLY,2026-02-08 18:15:00+00:00,87.5489,87.3862,0.5505,2026-02-08 18:30:00+00:00,88.24,2026-02-08 18:30:00+00:00,88.24,0.0,0.0,2026-02-08 18:45:00+00:00,88.2841,2.033669,179.54,87.2761,87.2761,0,2026-02-08 20:15:00+00:00,87.1452,STOP_LOSS,6,-2.32,0.1436,0.1418,0.3556,-2.6,-1.269
1484,SOLUSDT,LONG,spot,BREAKOUT_ONLY,2026-02-09 03:30:00+00:00,87.2578,87.0384,0.738,2026-02-09 03:45:00+00:00,87.67,2026-02-09 03:45:00+00:00,87.67,0.0,0.0,2026-02-09 04:00:00+00:00,87.7138,2.474802,217.07,86.8908,86.8908,0,2026-02-09 05:00:00+00:00,86.7604,STOP_LOSS,4,-2.36,0.1737,0.1718,0.4306,-2.7,-1.328
1486,BTCUSDT,LONG,spot,BREAKOUT_ONLY,2026-02-09 18:00:00+00:00,69971.1506,69791.5615,559.7766,2026-02-09 18:15:00+00:00,70284.03,2026-02-09 18:15:00+00:00,70284.03,0.0,0.0,2026-02-09 18:30:00+00:00,70319.172,0.003164,222.47,69679.6062,70373.9599,4,2026-02-09 21:15:00+00:00,70268.3989,TRAILING_STOP,11,-0.16,0.178,0.1778,0.4447,-0.52,-0.255
1485,ETHUSDT,LONG,spot,BREAKOUT_ONLY,2026-02-09 17:45:00+00:00,2071.4039,2063.6473,23.7043,2026-02-09 18:00:00+00:00,2126.17,2026-02-09 18:00:00+00:00,2126.17,0.0,0.0,2026-02-09 18:15:00+00:00,2127.2331,0.029613,62.99,2058.9065,2058.9065,0,2026-02-10 02:15:00+00:00,2109.005,TIME_EXIT_8H,32,-0.54,0.0504,0.05,0.0627,-0.64,-0.316
1487,BTCUSDT,LONG,spot,BREAKOUT_ONLY,2026-02-10 01:30:00+00:00,70253.0955,70156.9422,306.5792,2026-02-10 01:45:00+00:00,70486.82,2026-02-10 01:45:00+00:00,70486.82,0.0,0.0,2026-02-10 02:00:00+00:00,70522.0634,0.004734,333.86,70095.6263,70095.6263,0,2026-02-10 02:30:00+00:00,69990.4829,STOP_LOSS,2,-2.52,0.2671,0.2651,0.664,-3.05,-1.51
1488,BTCUSDT,LONG,spot,BREAKOUT_ONLY,2026-02-12 11:15:00+00:00,67522.2212,67396.3524,283.9855,2026-02-12 11:30:00+00:00,68084.79,2026-02-12 11:30:00+00:00,68084.79,0.0,0.0,2026-02-12 11:45:00+00:00,68118.8324,0.002569,175.03,67339.5553,67339.5553,0,2026-02-12 15:00:00+00:00,67238.546,STOP_LOSS,13,-2.26,0.14,0.1382,0.3467,-2.54,-1.269
1489,BNBUSDT,LONG,spot,BREAKOUT_ONLY,2026-02-12 23:45:00+00:00,610.47,610.0165,2.2308,2026-02-13 00:00:00+00:00,614.91,2026-02-13 00:00:00+00:00,614.91,0.0,0.0,2026-02-13 00:15:00+00:00,615.2074,0.352951,217.14,609.5703,609.5703,0,2026-02-13 02:30:00+00:00,608.656,STOP_LOSS,9,-2.31,0.1737,0.1719,0.4308,-2.66,-1.336
1490,BNBUSDT,LONG,spot,BREAKOUT_ONLY,2026-02-13 16:15:00+00:00,605.3873,603.9579,4.6082,2026-02-13 16:30:00+00:00,616.8,2026-02-13 16:30:00+00:00,616.8,0.0,0.0,2026-02-13 16:45:00+00:00,617.1184,0.140344,86.61,603.0362,603.0362,0,2026-02-14 00:45:00+00:00,622.8684,TIME_EXIT_8H,32,0.81,0.0693,0.0699,0.087,0.67,0.338
1491,ETHUSDT,LONG,spot,BREAKOUT_ONLY,2026-02-15 04:30:00+00:00,2073.8408,2067.9294,14.5178,2026-02-15 05:00:00+00:00,2083.5,2026-02-15 05:00:00+00:00,2083.5,0.0,0.0,2026-02-15 05:15:00+00:00,2084.5518,0.101387,211.35,2065.0258,2065.0258,0,2026-02-15 08:30:00+00:00,2061.9283,STOP_LOSS,13,-2.29,0.1691,0.1672,0.4193,-2.63,-1.329
1492,BTCUSDT,LONG,spot,BREAKOUT_ONLY,2026-02-16 12:45:00+00:00,68954.2998,68821.2651,312.951,2026-02-16 13:00:00+00:00,69662.0,2026-02-16 13:00:00+00:00,69662.0,0.0,0.0,2026-02-16 13:15:00+00:00,69696.841,0.002096,146.09,68758.6749,68758.6749,0,2026-02-16 13:30:00+00:00,68508.0935,STOP_LOSS,1,-2.49,0.1169,0.1149,0.2885,-2.72,-1.385
1493,BNBUSDT,LONG,spot,BREAKOUT_ONLY,2026-02-16 20:45:00+00:00,617.0923,616.2947,2.2066,2026-02-16 21:00:00+00:00,623.01,2026-02-16 21:00:00+00:00,623.01,0.0,0.0,2026-02-16 21:15:00+00:00,623.3315,0.261151,162.78,615.8534,627.0835,2,2026-02-17 03:15:00+00:00,626.1428,TRAILING_STOP,24,0.73,0.1302,0.1308,0.3267,0.47,0.242
1494,BNBUSDT,LONG,spot,BREAKOUT_ONLY,2026-02-17 13:45:00+00:00,621.4065,620.725,2.2554,2026-02-17 14:00:00+00:00,623.89,2026-02-17 14:00:00+00:00,623.89,0.0,0.0,2026-02-17 14:15:00+00:00,624.2019,0.497782,310.72,620.274,620.274,0,2026-02-17 14:30:00+00:00,619.3435,STOP_LOSS,1,-2.42,0.2486,0.2466,0.6178,-2.91,-1.49
1495,ETHUSDT,LONG,spot,BREAKOUT_ONLY,2026-02-17 18:45:00+00:00,1979.5963,1977.3489,16.1423,2026-02-17 19:00:00+00:00,2012.34,2026-02-17 19:00:00+00:00,2012.34,0.0,0.0,2026-02-17 19:15:00+00:00,2013.3462,0.049476,99.61,1974.1205,1974.1205,0,2026-02-18 01:00:00+00:00,1971.1593,STOP_LOSS,23,-2.09,0.0797,0.078,0.1961,-2.24,-1.157
1496,ETHUSDT,LONG,spot,BREAKOUT_ONLY,2026-02-18 03:15:00+00:00,1988.0841,1985.5675,6.8885,2026-02-18 03:30:00+00:00,1997.78,2026-02-18 03:30:00+00:00,1997.78,0.0,0.0,2026-02-18 03:45:00+00:00,1998.7889,0.132165,264.17,1984.1898,2020.6427,4,2026-02-18 08:45:00+00:00,2017.6117,TRAILING_STOP,20,2.49,0.2113,0.2133,0.5321,2.06,1.069
1497,SOLUSDT,LONG,spot,BREAKOUT_ONLY,2026-02-18 08:15:00+00:00,85.1189,85.0249,0.3693,2026-02-18 08:30:00+00:00,85.56,2026-02-18 08:30:00+00:00,85.56,0.0,0.0,2026-02-18 08:45:00+00:00,85.6028,2.976436,254.79,84.9511,84.9511,0,2026-02-18 10:00:00+00:00,84.8236,STOP_LOSS,5,-2.32,0.2038,0.202,0.5061,-2.72,-1.405
1498,BNBUSDT,LONG,spot,BREAKOUT_ONLY,2026-02-18 08:30:00+00:00,618.8952,618.2718,2.3194,2026-02-18 08:45:00+00:00,623.35,2026-02-18 08:45:00+00:00,623.35,0.0,0.0,2026-02-18 09:00:00+00:00,623.6617,0.331424,206.7,617.8079,617.8079,0,2026-02-18 11:00:00+00:00,616.8812,STOP_LOSS,8,-2.25,0.1654,0.1636,0.41,-2.58,-1.328
1499,ETHUSDT,LONG,spot,BREAKOUT_ONLY,2026-02-20 07:30:00+00:00,1954.4552,1951.0329,6.8662,2026-02-20 07:45:00+00:00,1960.97,2026-02-20 07:45:00+00:00,1960.97,0.0,0.0,2026-02-20 08:00:00+00:00,1961.9105,0.156178,306.41,1949.6597,1949.6597,0,2026-02-20 11:30:00+00:00,1946.7352,STOP_LOSS,14,-2.37,0.2451,0.2432,0.6093,-2.86,-1.494
1500,BNBUSDT,LONG,spot,BREAKOUT_ONLY,2026-02-20 15:15:00+00:00,609.5125,608.8646,4.2495,2026-02-20 15:30:00+00:00,613.32,2026-02-20 15:30:00+00:00,613.32,0.0,0.0,2026-02-20 15:45:00+00:00,613.6167,0.338989,208.01,608.0147,625.8749,23,2026-02-20 22:00:00+00:00,624.9361,TRAILING_STOP,25,3.84,0.1664,0.1695,0.4218,3.5,1.844
1501,SOLUSDT,LONG,spot,BREAKOUT_ONLY,2026-02-20 15:30:00+00:00,83.3009,82.9323,0.853,2026-02-20 15:45:00+00:00,84.38,2026-02-20 15:45:00+00:00,84.38,0.0,0.0,2026-02-20 16:00:00+00:00,84.4222,1.148414,96.95,82.7617,82.7617,0,2026-02-21 00:00:00+00:00,84.6577,TIME_EXIT_8H,32,0.27,0.0776,0.0778,0.0971,0.12,0.06
1502,ETHUSDT,LONG,spot,BREAKOUT_ONLY,2026-02-22 09:00:00+00:00,1975.7787,1974.7516,2.9901,2026-02-22 10:15:00+00:00,1978.12,2026-02-22 10:15:00+00:00,1978.12,0.0,0.0,2026-02-22 10:30:00+00:00,1979.0991,0.191796,379.58,1974.1535,1974.1535,0,2026-02-22 12:00:00+00:00,1971.1923,STOP_LOSS,6,-1.52,0.3037,0.3025,0.7569,-2.12,-2.238
1503,BTCUSDT,LONG,spot,BREAKOUT_ONLY,2026-02-22 10:45:00+00:00,68066.2387,68044.8893,65.6233,2026-02-22 11:00:00+00:00,68207.6,2026-02-22 11:00:00+00:00,68207.6,0.0,0.0,2026-02-22 11:15:00+00:00,68241.7138,0.005558,379.28,68031.7646,68031.7646,0,2026-02-22 12:00:00+00:00,67929.717,STOP_LOSS,3,-1.73,0.3034,0.302,0.756,-2.34,-2.005
1504,BNBUSDT,LONG,spot,BREAKOUT_ONLY,2026-02-26 21:30:00+00:00,623.0165,622.1146,2.0422,2026-02-26 22:15:00+00:00,624.1,2026-02-26 22:15:00+00:00,624.1,0.0,0.0,2026-02-26 22:30:00+00:00,624.4321,0.600811,375.17,621.7062,629.8146,12,2026-02-27 06:15:00+00:00,628.8699,TRAILING_STOP,31,2.67,0.3001,0.3023,0.7543,2.06,1.26
1505,SOLUSDT,LONG,spot,BREAKOUT_ONLY,2026-02-27 04:00:00+00:00,86.5011,86.3667,0.4938,2026-02-27 04:15:00+00:00,87.98,2026-02-27 04:15:00+00:00,87.98,0.0,0.0,2026-02-27 04:30:00+00:00,88.024,1.091074,96.04,86.2679,86.2679,0,2026-02-27 09:45:00+00:00,86.1385,STOP_LOSS,21,-2.06,0.0768,0.0752,0.189,-2.21,-1.153
1506,BTCUSDT,LONG,spot,BREAKOUT_ONLY,2026-02-27 06:30:00+00:00,67619.3981,67544.6873,203.2589,2026-02-27 08:00:00+00:00,67890.94,2026-02-27 08:00:00+00:00,67890.94,0.0,0.0,2026-02-27 08:15:00+00:00,67924.8855,0.004521,307.11,67504.0355,67504.0355,0,2026-02-27 09:45:00+00:00,67402.7795,STOP_LOSS,6,-2.36,0.2457,0.2438,0.6107,-2.85,-1.498
1507,BNBUSDT,LONG,spot,BREAKOUT_ONLY,2026-03-02 01:00:00+00:00,619.7608,618.6089,3.8704,2026-03-02 01:30:00+00:00,621.93,2026-03-02 01:30:00+00:00,621.93,0.0,0.0,2026-03-02 01:45:00+00:00,622.241,0.426627,265.46,617.8348,617.8348,0,2026-03-02 02:00:00+00:00,616.908,STOP_LOSS,1,-2.28,0.2124,0.2106,0.5275,-2.7,-1.435
1508,BTCUSDT,LONG,spot,BREAKOUT_ONLY,2026-03-02 01:30:00+00:00,66247.3487,66131.1353,424.6497,2026-03-02 01:45:00+00:00,66532.02,2026-03-02 01:45:00+00:00,66532.02,0.0,0.0,2026-03-02 02:00:00+00:00,66565.286,0.003595,239.33,66046.2053,66046.2053,0,2026-03-02 02:15:00+00:00,65947.136,STOP_LOSS,1,-2.22,0.1915,0.1897,0.4753,-2.6,-1.395
1509,BNBUSDT,LONG,spot,BREAKOUT_ONLY,2026-03-02 02:15:00+00:00,619.9301,619.4057,3.4484,2026-03-02 02:45:00+00:00,622.19,2026-03-02 02:45:00+00:00,622.19,0.0,0.0,2026-03-02 03:00:00+00:00,622.5111,0.488337,304.0,618.716,618.716,0,2026-03-02 06:15:00+00:00,617.7879,STOP_LOSS,13,-2.31,0.2432,0.2414,0.6045,-2.79,-1.506
1510,BTCUSDT,LONG,spot,BREAKOUT_ONLY,2026-03-02 02:30:00+00:00,66250.1835,66180.117,397.8513,2026-03-02 03:00:00+00:00,66493.01,2026-03-02 03:00:00+00:00,66493.01,0.0,0.0,2026-03-02 03:15:00+00:00,66526.2565,0.004362,290.18,66100.5467,66445.3858,7,2026-03-02 06:15:00+00:00,66345.7178,TRAILING_STOP,12,-0.79,0.2321,0.2315,0.5792,-1.25,-0.674
1511,BNBUSDT,LONG,spot,BREAKOUT_ONLY,2026-03-02 11:30:00+00:00,619.8609,619.4442,2.332,2026-03-02 11:45:00+00:00,622.13,2026-03-02 11:45:00+00:00,622.13,0.0,0.0,2026-03-02 12:00:00+00:00,622.4511,0.52776,328.51,618.9778,618.9778,0,2026-03-02 14:00:00+00:00,618.0493,STOP_LOSS,8,-2.32,0.2628,0.2609,0.6535,-2.85,-1.553
1512,BNBUSDT,LONG,spot,BREAKOUT_ONLY,2026-03-02 13:30:00+00:00,620.652,620.1273,2.472,2026-03-02 14:30:00+00:00,628.05,2026-03-02 14:30:00+00:00,628.05,0.0,0.0,2026-03-02 14:45:00+00:00,628.364,0.208318,130.9,619.6329,643.2032,8,2026-03-02 17:30:00+00:00,642.2384,TRAILING_STOP,11,2.89,0.1047,0.107,0.2661,2.68,1.473
1513,SOLUSDT,LONG,spot,BREAKOUT_ONLY,2026-03-02 15:00:00+00:00,84.2087,83.9753,1.0064,2026-03-02 15:15:00+00:00,87.66,2026-03-02 15:15:00+00:00,87.66,0.0,0.0,2026-03-02 15:30:00+00:00,87.6938,0.469445,41.17,83.774,83.774,0,2026-03-02 23:30:00+00:00,86.4468,TIME_EXIT_8H,32,-0.59,0.0329,0.0325,0.0409,-0.65,-0.354
1514,BTCUSDT,LONG,spot,BREAKOUT_ONLY,2026-03-03 16:45:00+00:00,67628.4123,67507.0857,709.9829,2026-03-03 17:15:00+00:00,68234.65,2026-03-03 17:15:00+00:00,68234.65,0.0,0.0,2026-03-03 17:30:00+00:00,68268.7573,0.002024,138.17,67365.0891,67365.0891,0,2026-03-04 01:30:00+00:00,68677.1243,TIME_EXIT_8H,32,0.83,0.1105,0.1112,0.1386,0.6,0.331
1515,BNBUSDT,LONG,spot,BREAKOUT_ONLY,2026-03-03 16:45:00+00:00,629.9387,629.0733,4.8191,2026-03-03 17:15:00+00:00,633.72,2026-03-03 17:15:00+00:00,633.72,0.0,0.0,2026-03-03 17:30:00+00:00,634.0369,0.308565,195.64,628.1095,628.1095,0,2026-03-04 01:30:00+00:00,634.5226,TIME_EXIT_8H,32,0.15,0.1565,0.1566,0.1957,-0.16,-0.089
1516,BNBUSDT,LONG,spot,BREAKOUT_ONLY,2026-03-04 05:00:00+00:00,631.4654,631.0323,2.5066,2026-03-04 05:30:00+00:00,633.02,2026-03-04 05:30:00+00:00,633.02,0.0,0.0,2026-03-04 05:45:00+00:00,633.3365,0.572486,362.58,630.5309,648.808,14,2026-03-04 11:30:00+00:00,647.8348,TRAILING_STOP,23,8.3,0.2901,0.2967,0.7376,7.71,4.802
1517,BTCUSDT,LONG,spot,BREAKOUT_ONLY,2026-03-04 06:15:00+00:00,68053.3531,67980.396,297.1484,2026-03-04 06:30:00+00:00,68665.31,2026-03-04 06:30:00+00:00,68665.31,0.0,0.0,2026-03-04 06:45:00+00:00,68699.6527,0.002356,161.83,67920.9663,71089.6452,15,2026-03-04 11:30:00+00:00,70983.0108,TRAILING_STOP,19,5.38,0.1295,0.1338,0.3317,5.12,2.789
1518,ETHUSDT,LONG,spot,BREAKOUT_ONLY,2026-03-09 03:15:00+00:00,1957.2016,1952.0196,17.7417,2026-03-09 03:30:00+00:00,1977.17,2026-03-09 03:30:00+00:00,1977.17,0.0,0.0,2026-03-09 03:45:00+00:00,1978.1686,0.063822,126.25,1948.4712,1988.2982,4,2026-03-09 06:30:00+00:00,1985.3157,TRAILING_STOP,11,0.46,0.101,0.1014,0.2532,0.25,0.134
1519,SOLUSDT,LONG,spot,BREAKOUT_ONLY,2026-03-09 03:15:00+00:00,82.5492,82.3407,0.8072,2026-03-09 03:30:00+00:00,83.14,2026-03-09 03:30:00+00:00,83.14,0.0,0.0,2026-03-09 03:45:00+00:00,83.1816,1.890945,157.29,82.1792,83.4409,4,2026-03-09 06:30:00+00:00,83.3158,TRAILING_STOP,11,0.25,0.1258,0.126,0.315,0.0,0.001
1520,BNBUSDT,LONG,spot,BREAKOUT_ONLY,2026-03-11 09:45:00+00:00,641.8939,641.3082,1.7745,2026-03-11 10:30:00+00:00,644.0,2026-03-11 10:30:00+00:00,644.0,0.0,0.0,2026-03-11 10:45:00+00:00,644.322,0.56302,362.77,640.9534,640.9534,0,2026-03-11 11:00:00+00:00,639.9919,STOP_LOSS,1,-2.44,0.2902,0.2883,0.7219,-3.02,-1.59
1521,BNBUSDT,LONG,spot,BREAKOUT_ONLY,2026-03-11 12:45:00+00:00,641.4975,640.4431,2.4335,2026-03-11 13:00:00+00:00,645.28,2026-03-11 13:00:00+00:00,645.28,0.0,0.0,2026-03-11 13:15:00+00:00,645.5926,0.33383,215.52,639.9564,645.7877,1,2026-03-11 13:45:00+00:00,644.819,TRAILING_STOP,2,-0.26,0.1724,0.1722,0.4306,-0.6,-0.32
1522,ETHUSDT,LONG,spot,BREAKOUT_ONLY,2026-03-11 13:45:00+00:00,2031.4921,2029.2002,16.1867,2026-03-11 14:00:00+00:00,2050.28,2026-03-11 14:00:00+00:00,2050.28,0.0,0.0,2026-03-11 14:15:00+00:00,2051.3051,0.074126,152.06,2025.9629,2043.2673,1,2026-03-11 15:00:00+00:00,2040.2024,TRAILING_STOP,3,-0.82,0.1216,0.121,0.3029,-1.07,-0.567
1524,BTCUSDT,LONG,spot,BREAKOUT_ONLY,2026-03-11 15:00:00+00:00,70015.2687,69858.7946,541.4299,2026-03-11 16:00:00+00:00,70455.06,2026-03-11 16:00:00+00:00,70455.06,0.0,0.0,2026-03-11 16:15:00+00:00,70490.2975,0.002532,178.51,69750.5086,70490.9401,3,2026-03-11 18:30:00+00:00,70385.2037,TRAILING_STOP,9,-0.27,0.1428,0.1426,0.3566,-0.55,-0.294
1523,BNBUSDT,LONG,spot,BREAKOUT_ONLY,2026-03-11 13:45:00+00:00,642.5416,641.901,3.461,2026-03-11 14:00:00+00:00,646.46,2026-03-11 14:00:00+00:00,646.46,0.0,0.0,2026-03-11 14:15:00+00:00,646.7932,0.336387,217.57,641.2088,651.8401,11,2026-03-11 20:30:00+00:00,650.8623,TRAILING_STOP,25,1.37,0.1741,0.1752,0.4372,1.02,0.543
1525,BNBUSDT,LONG,spot,BREAKOUT_ONLY,2026-03-12 09:30:00+00:00,646.8479,646.5464,1.698,2026-03-12 09:45:00+00:00,650.1,2026-03-12 09:45:00+00:00,650.1,0.0,0.0,2026-03-12 10:00:00+00:00,650.425,0.444618,289.19,646.2068,653.8293,2,2026-03-12 13:15:00+00:00,652.8485,TRAILING_STOP,13,1.08,0.2314,0.2322,0.58,0.61,0.327
1526,ETHUSDT,LONG,spot,BREAKOUT_ONLY,2026-03-12 10:00:00+00:00,2043.4351,2042.6794,9.4959,2026-03-12 10:15:00+00:00,2062.6,2026-03-12 10:15:00+00:00,2062.6,0.0,0.0,2026-03-12 10:30:00+00:00,2063.6313,0.082193,169.62,2040.7802,2062.0614,1,2026-03-12 14:30:00+00:00,2055.4622,TRAILING_STOP,16,-0.67,0.1357,0.1352,0.3382,-0.94,-0.502
1527,BTCUSDT,LONG,spot,BREAKOUT_ONLY,2026-03-12 16:30:00+00:00,70140.049,70038.4974,452.49,2026-03-12 16:45:00+00:00,70381.16,2026-03-12 16:45:00+00:00,70381.16,0.0,0.0,2026-03-12 17:00:00+00:00,70416.3406,0.004001,281.74,69947.9994,69947.9994,0,2026-03-12 18:15:00+00:00,69843.0774,STOP_LOSS,5,-2.29,0.2254,0.2236,0.56,-2.74,-1.464
1528,BTCUSDT,LONG,spot,BREAKOUT_ONLY,2026-03-12 19:45:00+00:00,70170.7264,70073.436,273.4668,2026-03-12 20:00:00+00:00,70400.0,2026-03-12 20:00:00+00:00,70400.0,0.0,0.0,2026-03-12 20:15:00+00:00,70435.19,0.004467,314.62,70018.7427,70018.7427,0,2026-03-12 22:45:00+00:00,69913.7146,STOP_LOSS,10,-2.33,0.2517,0.2498,0.6257,-2.83,-1.522
1529,SOLUSDT,LONG,spot,BREAKOUT_ONLY,2026-03-12 22:15:00+00:00,86.4432,86.3302,0.3395,2026-03-12 23:00:00+00:00,86.94,2026-03-12 23:00:00+00:00,86.94,0.0,0.0,2026-03-12 23:15:00+00:00,86.9835,2.559854,222.66,86.2623,89.8759,8,2026-03-13 02:30:00+00:00,89.7411,TRAILING_STOP,13,7.06,0.1781,0.1838,0.4559,6.7,3.628
1530,SOLUSDT,LONG,spot,BREAKOUT_ONLY,2026-03-15 17:45:00+00:00,88.0182,87.9511,0.3545,2026-03-15 18:00:00+00:00,88.57,2026-03-15 18:00:00+00:00,88.57,0.0,0.0,2026-03-15 18:15:00+00:00,88.6143,2.560201,226.87,87.8802,87.8802,0,2026-03-15 18:45:00+00:00,87.7483,STOP_LOSS,2,-2.22,0.1815,0.1797,0.4504,-2.58,-1.372
1531,ETHUSDT,LONG,spot,BREAKOUT_ONLY,2026-03-15 18:15:00+00:00,2101.4267,2099.0307,6.6409,2026-03-15 18:30:00+00:00,2109.54,2026-03-15 18:30:00+00:00,2109.54,0.0,0.0,2026-03-15 18:45:00+00:00,2110.6048,0.144673,305.35,2097.7025,2097.7025,0,2026-03-15 19:00:00+00:00,2094.5559,STOP_LOSS,1,-2.32,0.2443,0.2424,0.6072,-2.81,-1.505
1532,ETHUSDT,LONG,spot,BREAKOUT_ONLY,2026-03-15 19:15:00+00:00,2103.0439,2099.725,8.2477,2026-03-15 19:30:00+00:00,2110.43,2026-03-15 19:30:00+00:00,2110.43,0.0,0.0,2026-03-15 19:45:00+00:00,2111.4952,0.138048,291.49,2098.0754,2128.0062,5,2026-03-15 22:15:00+00:00,2124.8142,TRAILING_STOP,10,1.84,0.2332,0.2347,0.5857,1.37,0.74
1533,SOLUSDT,LONG,spot,BREAKOUT_ONLY,2026-03-17 14:30:00+00:00,94.1537,93.9507,0.5354,2026-03-17 14:45:00+00:00,94.5,2026-03-17 14:45:00+00:00,94.5,0.0,0.0,2026-03-17 15:00:00+00:00,94.5472,2.642703,249.86,93.8436,93.8436,0,2026-03-17 15:15:00+00:00,93.7029,STOP_LOSS,1,-2.23,0.1999,0.1981,0.4964,-2.63,-1.414
1534,SOLUSDT,LONG,spot,BREAKOUT_ONLY,2026-03-17 15:30:00+00:00,94.1226,93.9414,0.6415,2026-03-17 16:15:00+00:00,94.53,2026-03-17 16:15:00+00:00,94.53,0.0,0.0,2026-03-17 16:30:00+00:00,94.5673,2.448014,231.5,93.8131,94.6527,3,2026-03-17 19:45:00+00:00,94.5107,TRAILING_STOP,13,-0.14,0.1852,0.1851,0.4628,-0.51,-0.276
1535,BTCUSDT,LONG,spot,BREAKOUT_ONLY,2026-03-17 17:30:00+00:00,74116.8395,74050.0534,320.0682,2026-03-17 17:45:00+00:00,74523.75,2026-03-17 17:45:00+00:00,74523.75,0.0,0.0,2026-03-17 18:00:00+00:00,74561.0219,0.003217,239.87,73986.0398,73986.0398,0,2026-03-17 22:30:00+00:00,73875.0607,STOP_LOSS,18,-2.21,0.1919,0.1901,0.4764,-2.59,-1.4
1536,BTCUSDT,LONG,spot,BREAKOUT_ONLY,2026-03-18 03:00:00+00:00,74231.3735,74183.0981,193.3487,2026-03-18 03:15:00+00:00,74525.84,2026-03-18 03:15:00+00:00,74525.84,0.0,0.0,2026-03-18 03:30:00+00:00,74563.0929,0.004373,326.06,74144.4283,74144.4283,0,2026-03-18 04:45:00+00:00,74033.2117,STOP_LOSS,5,-2.32,0.2608,0.259,0.6486,-2.84,-1.55
1537,BNBUSDT,LONG,spot,BREAKOUT_ONLY,2026-03-18 04:45:00+00:00,672.056,671.4175,1.3971,2026-03-18 05:00:00+00:00,673.47,2026-03-18 05:00:00+00:00,673.47,0.0,0.0,2026-03-18 05:15:00+00:00,673.8067,0.533815,359.69,671.138,671.138,0,2026-03-18 05:45:00+00:00,670.1313,STOP_LOSS,2,-1.96,0.2878,0.2862,0.7164,-2.54,-1.78
1539,ETHUSDT,LONG,spot,BREAKOUT_ONLY,2026-03-18 08:30:00+00:00,2326.1951,2323.3159,5.8992,2026-03-18 09:30:00+00:00,2331.59,2026-03-18 09:30:00+00:00,2331.59,0.0,0.0,2026-03-18 09:45:00+00:00,2332.7558,0.152993,356.89,2322.136,2322.136,0,2026-03-18 10:30:00+00:00,2318.6528,STOP_LOSS,3,-2.16,0.2855,0.2838,0.7106,-2.73,-1.678
1538,BNBUSDT,LONG,spot,BREAKOUT_ONLY,2026-03-18 06:00:00+00:00,672.0773,671.5738,1.6048,2026-03-18 06:15:00+00:00,674.07,2026-03-18 06:15:00+00:00,674.07,0.0,0.0,2026-03-18 06:30:00+00:00,674.407,0.529617,357.18,671.2529,671.2529,0,2026-03-18 11:00:00+00:00,670.246,STOP_LOSS,18,-2.2,0.2857,0.284,0.711,-2.77,-1.66
1540,SOLUSDT,LONG,spot,BREAKOUT_ONLY,2026-03-20 22:00:00+00:00,89.1764,89.0865,0.4533,2026-03-20 22:15:00+00:00,89.92,2026-03-20 22:15:00+00:00,89.92,0.0,0.0,2026-03-20 22:30:00+00:00,89.965,1.833074,164.91,88.9959,88.9959,0,2026-03-21 06:30:00+00:00,90.1749,TIME_EXIT_8H,32,0.38,0.1319,0.1322,0.1651,0.12,0.068
1541,BTCUSDT,LONG,spot,BREAKOUT_ONLY,2026-03-20 22:30:00+00:00,70286.0418,70204.5912,258.9455,2026-03-20 22:45:00+00:00,70767.85,2026-03-20 22:45:00+00:00,70767.85,0.0,0.0,2026-03-20 23:00:00+00:00,70803.2339,0.002729,193.2,70152.8021,70152.8021,0,2026-03-21 07:00:00+00:00,70696.554,TIME_EXIT_8H,32,-0.29,0.1546,0.1543,0.1931,-0.6,-0.338
1542,SOLUSDT,LONG,spot,BREAKOUT_ONLY,2026-03-21 19:15:00+00:00,89.8754,89.7922,0.1801,2026-03-21 20:15:00+00:00,90.02,2026-03-21 20:15:00+00:00,90.02,0.0,0.0,2026-03-21 20:30:00+00:00,90.065,3.900047,351.26,89.7561,89.7561,0,2026-03-21 23:00:00+00:00,89.6215,STOP_LOSS,10,-1.73,0.281,0.2796,0.6999,-2.29,-1.901
1544,SOLUSDT,LONG,spot,BREAKOUT_ONLY,2026-03-23 11:30:00+00:00,87.1495,86.7631,1.2419,2026-03-23 11:45:00+00:00,88.78,2026-03-23 11:45:00+00:00,88.78,0.0,0.0,2026-03-23 12:00:00+00:00,88.8244,0.763121,67.78,86.5147,90.7591,8,2026-03-23 15:30:00+00:00,90.623,TRAILING_STOP,14,1.37,0.0542,0.0553,0.1376,1.26,0.717
1543,ETHUSDT,LONG,spot,BREAKOUT_ONLY,2026-03-23 11:30:00+00:00,2077.8923,2066.0741,29.5922,2026-03-23 11:45:00+00:00,2134.78,2026-03-23 11:45:00+00:00,2134.78,0.0,0.0,2026-03-23 12:00:00+00:00,2135.8474,0.023286,49.74,2060.1557,2060.1557,0,2026-03-23 20:00:00+00:00,2158.6002,TIME_EXIT_8H,32,0.53,0.0398,0.0402,0.05,0.45,0.255
1545,BNBUSDT,LONG,spot,BREAKOUT_ONLY,2026-03-24 09:15:00+00:00,634.3614,633.8694,1.723,2026-03-24 09:30:00+00:00,637.22,2026-03-24 09:30:00+00:00,637.22,0.0,0.0,2026-03-24 09:45:00+00:00,637.5386,0.441258,281.32,633.5248,633.5248,0,2026-03-24 13:30:00+00:00,632.5745,STOP_LOSS,15,-2.19,0.2251,0.2233,0.5594,-2.64,-1.49
1546,ETHUSDT,LONG,spot,BREAKOUT_ONLY,2026-03-24 21:30:00+00:00,2136.4634,2134.0063,9.9717,2026-03-24 21:45:00+00:00,2148.88,2026-03-24 21:45:00+00:00,2148.88,0.0,0.0,2026-03-24 22:00:00+00:00,2149.9644,0.097922,210.53,2132.0119,2154.4018,10,2026-03-25 03:00:00+00:00,2151.1702,TRAILING_STOP,20,0.12,0.1684,0.1685,0.4212,-0.22,-0.125
1547,BNBUSDT,LONG,spot,BREAKOUT_ONLY,2026-03-24 21:30:00+00:00,633.5829,633.0779,1.9367,2026-03-24 21:45:00+00:00,637.62,2026-03-24 21:45:00+00:00,637.62,0.0,0.0,2026-03-24 22:00:00+00:00,637.9488,0.334324,213.28,632.6906,643.0064,4,2026-03-25 06:00:00+00:00,644.0278,TIME_EXIT_8H,32,2.03,0.1706,0.1723,0.2143,1.69,0.961
1548,ETHUSDT,LONG,spot,BREAKOUT_ONLY,2026-03-30 02:00:00+00:00,1999.8412,1997.9072,12.6685,2026-03-30 02:15:00+00:00,2014.42,2026-03-30 02:15:00+00:00,2014.42,0.0,0.0,2026-03-30 02:30:00+00:00,2015.4272,0.088029,177.42,1995.3735,2044.1636,16,2026-03-30 06:45:00+00:00,2041.0973,TRAILING_STOP,17,2.26,0.1419,0.1437,0.3582,1.97,1.118
1549,BNBUSDT,LONG,spot,BREAKOUT_ONLY,2026-03-30 02:15:00+00:00,611.0097,610.1496,2.6382,2026-03-30 02:30:00+00:00,615.62,2026-03-30 02:30:00+00:00,615.62,0.0,0.0,2026-03-30 02:45:00+00:00,615.9278,0.280848,172.98,609.622,609.622,0,2026-03-30 10:45:00+00:00,617.8209,TIME_EXIT_8H,32,0.53,0.1384,0.1388,0.1732,0.25,0.144
1550,BTCUSDT,LONG,spot,BREAKOUT_ONLY,2026-03-31 01:45:00+00:00,67133.7213,67057.6815,318.9896,2026-03-31 02:00:00+00:00,67916.59,2026-03-31 02:00:00+00:00,67916.59,0.0,0.0,2026-03-31 02:15:00+00:00,67950.5583,0.001857,126.18,66993.8836,66993.8836,0,2026-03-31 08:30:00+00:00,66893.3928,STOP_LOSS,25,-1.96,0.1009,0.0994,0.2494,-2.16,-1.218
1551,ETHUSDT,LONG,spot,BREAKOUT_ONLY,2026-03-31 01:45:00+00:00,2042.0272,2038.4964,12.8004,2026-03-31 02:00:00+00:00,2075.6,2026-03-31 02:00:00+00:00,2075.6,0.0,0.0,2026-03-31 02:15:00+00:00,2076.6478,0.043635,90.61,2035.9363,2035.9363,0,2026-03-31 09:00:00+00:00,2032.8824,STOP_LOSS,27,-1.91,0.0725,0.071,0.1784,-2.05,-1.156
1552,ETHUSDT,LONG,spot,BREAKOUT_ONLY,2026-03-31 12:45:00+00:00,2045.2713,2042.1523,10.2969,2026-03-31 13:00:00+00:00,2060.13,2026-03-31 13:00:00+00:00,2060.13,0.0,0.0,2026-03-31 13:15:00+00:00,2061.1601,0.083322,171.74,2040.0929,2067.481,2,2026-03-31 14:30:00+00:00,2064.3798,TRAILING_STOP,5,0.27,0.1374,0.1376,0.3439,-0.01,-0.004
1553,BTCUSDT,LONG,spot,BREAKOUT_ONLY,2026-03-31 15:00:00+00:00,67068.6649,66976.9917,463.1712,2026-03-31 16:30:00+00:00,67776.04,2026-03-31 16:30:00+00:00,67776.04,0.0,0.0,2026-03-31 16:45:00+00:00,67809.928,0.001896,128.6,66884.3575,66884.3575,0,2026-04-01 00:45:00+00:00,68296.5846,TIME_EXIT_8H,32,0.92,0.1029,0.1036,0.1291,0.72,0.408
1554,BNBUSDT,LONG,spot,BREAKOUT_ONLY,2026-03-31 17:00:00+00:00,610.8925,610.0113,3.5269,2026-03-31 17:15:00+00:00,616.83,2026-03-31 17:15:00+00:00,616.83,0.0,0.0,2026-03-31 17:30:00+00:00,617.1384,0.223925,138.19,609.3059,609.3059,0,2026-04-01 01:30:00+00:00,616.0118,TIME_EXIT_8H,32,-0.25,0.1106,0.1104,0.1381,-0.47,-0.27
1555,SOLUSDT,LONG,spot,BREAKOUT_ONLY,2026-04-01 14:45:00+00:00,83.3,83.1489,0.4803,2026-04-01 15:15:00+00:00,83.57,2026-04-01 15:15:00+00:00,83.57,0.0,0.0,2026-04-01 15:30:00+00:00,83.6118,3.142884,262.78,83.0529,85.2372,4,2026-04-01 17:15:00+00:00,85.1094,TRAILING_STOP,7,4.71,0.2102,0.214,0.5326,4.28,2.438
1556,BNBUSDT,LONG,spot,BREAKOUT_ONLY,2026-04-01 16:15:00+00:00,614.8952,614.206,2.4044,2026-04-01 16:30:00+00:00,616.89,2026-04-01 16:30:00+00:00,616.89,0.0,0.0,2026-04-01 16:45:00+00:00,617.1984,0.51287,316.54,613.7251,613.7251,0,2026-04-01 18:00:00+00:00,612.8045,STOP_LOSS,5,-2.25,0.2532,0.2514,0.6297,-2.76,-1.548
1558,ETHUSDT,LONG,spot,BREAKOUT_ONLY,2026-04-04 16:30:00+00:00,2054.277,2053.0531,4.2678,2026-04-04 17:00:00+00:00,2056.42,2026-04-04 17:00:00+00:00,2056.42,0.0,0.0,2026-04-04 17:15:00+00:00,2057.4482,0.16971,349.17,2052.1996,2068.3399,1,2026-04-04 19:15:00+00:00,2065.2374,TRAILING_STOP,8,1.32,0.2793,0.2804,0.7003,0.76,0.856
1557,SOLUSDT,LONG,spot,BREAKOUT_ONLY,2026-04-04 15:00:00+00:00,80.2141,80.1266,0.3813,2026-04-04 15:15:00+00:00,80.85,2026-04-04 15:15:00+00:00,80.85,0.0,0.0,2026-04-04 15:30:00+00:00,80.8904,2.099906,169.86,80.0503,80.0503,0,2026-04-04 23:30:00+00:00,80.7396,TIME_EXIT_8H,32,-0.32,0.1359,0.1356,0.1697,-0.59,-0.333
1559,BNBUSDT,LONG,spot,BREAKOUT_ONLY,2026-04-05 08:30:00+00:00,592.0926,591.6291,1.144,2026-04-05 09:00:00+00:00,593.0,2026-04-05 09:00:00+00:00,593.0,0.0,0.0,2026-04-05 09:15:00+00:00,593.2965,0.589042,349.48,591.4003,591.4003,0,2026-04-05 12:30:00+00:00,590.5132,STOP_LOSS,13,-1.64,0.2796,0.2783,0.6965,-2.2,-1.967
1560,BTCUSDT,LONG,spot,BREAKOUT_ONLY,2026-04-05 15:45:00+00:00,67042.0203,67013.8262,211.3451,2026-04-05 16:00:00+00:00,67295.15,2026-04-05 16:00:00+00:00,67295.15,0.0,0.0,2026-04-05 16:15:00+00:00,67328.7976,0.00491,330.58,66971.5572,67441.1292,2,2026-04-05 21:00:00+00:00,67339.9675,TRAILING_STOP,19,0.05,0.2645,0.2645,0.6613,-0.47,-0.27
1561,BNBUSDT,LONG,spot,BREAKOUT_ONLY,2026-04-05 15:45:00+00:00,591.727,591.3956,1.8499,2026-04-05 16:00:00+00:00,592.92,2026-04-05 16:00:00+00:00,592.92,0.0,0.0,2026-04-05 16:15:00+00:00,593.2165,0.585013,347.04,591.0256,591.0256,0,2026-04-05 21:15:00+00:00,590.1391,STOP_LOSS,20,-1.8,0.2776,0.2762,0.6914,-2.35,-1.837
1562,BNBUSDT,LONG,spot,BREAKOUT_ONLY,2026-04-05 22:30:00+00:00,592.2522,591.9838,1.5826,2026-04-05 22:45:00+00:00,597.1,2026-04-05 22:45:00+00:00,597.1,0.0,0.0,2026-04-05 23:00:00+00:00,597.4086,0.30305,181.04,591.6672,602.4439,6,2026-04-06 01:00:00+00:00,601.5403,TRAILING_STOP,8,1.25,0.1448,0.1458,0.364,0.96,0.553
1563,SOLUSDT,LONG,spot,BREAKOUT_ONLY,2026-04-05 23:00:00+00:00,79.9765,79.8583,0.4556,2026-04-05 23:15:00+00:00,81.62,2026-04-05 23:15:00+00:00,81.62,0.0,0.0,2026-04-05 23:30:00+00:00,81.6508,0.926972,75.69,79.7672,79.7672,0,2026-04-06 07:30:00+00:00,81.5192,TIME_EXIT_8H,32,-0.12,0.0606,0.0605,0.0756,-0.24,-0.139
1564,BNBUSDT,LONG,spot,BREAKOUT_ONLY,2026-04-07 09:45:00+00:00,601.5029,601.1225,1.3689,2026-04-07 10:00:00+00:00,602.73,2026-04-07 10:00:00+00:00,602.73,0.0,0.0,2026-04-07 10:15:00+00:00,603.0314,0.572462,345.21,600.8487,600.8487,0,2026-04-07 10:30:00+00:00,599.9475,STOP_LOSS,1,-1.77,0.2762,0.2748,0.6878,-2.32,-1.854
1565,BNBUSDT,LONG,spot,BREAKOUT_ONLY,2026-04-07 17:45:00+00:00,600.1531,599.6275,2.0752,2026-04-07 18:00:00+00:00,604.44,2026-04-07 18:00:00+00:00,604.44,0.0,0.0,2026-04-07 18:15:00+00:00,604.7322,0.313769,189.75,599.2125,609.4378,1,2026-04-07 21:15:00+00:00,608.5236,TRAILING_STOP,12,1.19,0.1518,0.1527,0.3813,0.89,0.511
1566,BTCUSDT,LONG,spot,BREAKOUT_ONLY,2026-04-07 20:15:00+00:00,68665.4989,68580.7414,296.4667,2026-04-07 20:30:00+00:00,69301.82,2026-04-07 20:30:00+00:00,69301.82,0.0,0.0,2026-04-07 20:45:00+00:00,69336.4809,0.00213,147.69,68521.4481,69515.4822,1,2026-04-07 21:15:00+00:00,69411.2089,TRAILING_STOP,2,0.16,0.1182,0.1183,0.2956,-0.08,-0.045
1567,BTCUSDT,LONG,spot,BREAKOUT_ONLY,2026-04-09 09:00:00+00:00,71080.9898,71054.4465,172.8819,2026-04-09 09:15:00+00:00,71292.44,2026-04-09 09:15:00+00:00,71292.44,0.0,0.0,2026-04-09 09:30:00+00:00,71328.0862,0.004819,343.72,71019.8701,71019.8701,0,2026-04-09 13:30:00+00:00,70913.3403,STOP_LOSS,16,-2.0,0.275,0.2734,0.6844,-2.55,-1.715
1568,BTCUSDT,LONG,spot,BREAKOUT_ONLY,2026-04-09 13:30:00+00:00,71162.9956,71105.8996,197.3122,2026-04-09 15:00:00+00:00,71338.59,2026-04-09 15:00:00+00:00,71338.59,0.0,0.0,2026-04-09 15:15:00+00:00,71373.9191,0.00478,341.2,71066.4372,71863.6731,8,2026-04-09 18:00:00+00:00,71755.8776,TRAILING_STOP,11,1.83,0.273,0.2744,0.6851,1.28,0.87
1569,ETHUSDT,LONG,spot,BREAKOUT_ONLY,2026-04-09 16:00:00+00:00,2190.0891,2186.7405,14.3397,2026-04-09 16:15:00+00:00,2209.71,2026-04-09 16:15:00+00:00,2209.71,0.0,0.0,2026-04-09 16:30:00+00:00,2210.8149,0.06444,142.46,2183.8726,2222.1392,1,2026-04-09 22:30:00+00:00,2218.3475,TRAILING_STOP,24,0.49,0.114,0.1144,0.2857,0.26,0.148
1570,SOLUSDT,LONG,spot,BREAKOUT_ONLY,2026-04-10 09:30:00+00:00,83.2659,83.1888,0.2273,2026-04-10 09:45:00+00:00,83.53,2026-04-10 09:45:00+00:00,83.53,0.0,0.0,2026-04-10 10:00:00+00:00,83.5618,4.101374,342.72,83.1434,83.1434,0,2026-04-10 10:45:00+00:00,83.0186,STOP_LOSS,3,-2.23,0.2742,0.2724,0.6821,-2.77,-1.617
1571,SOLUSDT,LONG,spot,BREAKOUT_ONLY,2026-04-10 10:30:00+00:00,83.2793,83.2292,0.212,2026-04-10 11:00:00+00:00,83.68,2026-04-10 11:00:00+00:00,83.68,0.0,0.0,2026-04-10 11:15:00+00:00,83.7218,3.209202,268.68,83.1868,83.7623,4,2026-04-10 13:30:00+00:00,83.6366,TRAILING_STOP,9,-0.27,0.2149,0.2147,0.537,-0.7,-0.41
1572,ETHUSDT,LONG,spot,BREAKOUT_ONLY,2026-04-10 11:30:00+00:00,2197.5222,2195.2238,6.9102,2026-04-10 11:45:00+00:00,2215.65,2026-04-10 11:45:00+00:00,2215.65,0.0,0.0,2026-04-10 12:00:00+00:00,2216.7678,0.07472,165.64,2193.8417,2232.2247,3,2026-04-10 15:30:00+00:00,2228.8763,TRAILING_STOP,14,0.9,0.1325,0.1332,0.3326,0.64,0.373
1573,BNBUSDT,LONG,spot,BREAKOUT_ONLY,2026-04-10 14:15:00+00:00,602.7436,602.2832,1.6195,2026-04-10 14:30:00+00:00,606.15,2026-04-10 14:30:00+00:00,606.15,0.0,0.0,2026-04-10 14:45:00+00:00,606.4431,0.384176,232.98,601.9593,601.9593,0,2026-04-10 22:45:00+00:00,606.3867,TIME_EXIT_8H,32,-0.02,0.1864,0.1864,0.233,-0.39,-0.229
1574,SOLUSDT,LONG,spot,BREAKOUT_ONLY,2026-04-11 15:15:00+00:00,84.3255,84.296,0.2467,2026-04-11 15:30:00+00:00,84.58,2026-04-11 15:30:00+00:00,84.58,0.0,0.0,2026-04-11 15:45:00+00:00,84.6123,4.012629,339.52,84.2467,84.7872,1,2026-04-11 17:00:00+00:00,84.66,TRAILING_STOP,5,0.19,0.2716,0.2718,0.6793,-0.35,-0.24
1575,BNBUSDT,LONG,spot,BREAKOUT_ONLY,2026-04-11 15:30:00+00:00,605.5162,605.2559,0.9972,2026-04-11 16:00:00+00:00,606.75,2026-04-11 16:00:00+00:00,606.75,0.0,0.0,2026-04-11 16:15:00+00:00,607.0534,0.558845,339.25,605.0565,611.2053,6,2026-04-11 20:00:00+00:00,610.2885,TRAILING_STOP,15,1.81,0.2714,0.2728,0.6812,1.26,1.132
1576,SOLUSDT,LONG,spot,BREAKOUT_ONLY,2026-04-13 13:45:00+00:00,82.3055,82.1374,0.439,2026-04-13 14:00:00+00:00,83.17,2026-04-13 14:00:00+00:00,83.17,0.0,0.0,2026-04-13 14:15:00+00:00,83.2116,1.479599,123.12,82.0496,84.1917,1,2026-04-13 22:15:00+00:00,85.6272,TIME_EXIT_8H,32,3.57,0.0985,0.1014,0.1249,3.37,1.963
1577,BTCUSDT,LONG,spot,BREAKOUT_ONLY,2026-04-13 14:30:00+00:00,71204.2937,71054.9225,300.3314,2026-04-13 14:45:00+00:00,72400.15,2026-04-13 14:45:00+00:00,72400.15,0.0,0.0,2026-04-13 15:00:00+00:00,72436.3501,0.001192,86.37,70994.8562,73983.1933,4,2026-04-13 23:00:00+00:00,74615.9933,TIME_EXIT_8H,32,2.6,0.0691,0.0712,0.0877,2.46,1.43
1579,ETHUSDT,LONG,spot,BREAKOUT_ONLY,2026-04-15 12:00:00+00:00,2326.7041,2324.9185,8.2387,2026-04-15 12:15:00+00:00,2331.79,2026-04-15 12:15:00+00:00,2331.79,0.0,0.0,2026-04-15 12:30:00+00:00,2332.9459,0.148286,345.94,2323.2707,2323.2707,0,2026-04-15 13:30:00+00:00,2319.7858,STOP_LOSS,4,-1.95,0.2768,0.2752,0.689,-2.5,-1.745
1580,ETHUSDT,LONG,spot,BREAKOUT_ONLY,2026-04-15 13:00:00+00:00,2327.6548,2326.967,7.1518,2026-04-15 13:15:00+00:00,2332.39,2026-04-15 13:15:00+00:00,2332.39,0.0,0.0,2026-04-15 13:30:00+00:00,2333.5562,0.147185,343.46,2325.5366,2325.5366,0,2026-04-15 13:45:00+00:00,2315.2819,STOP_LOSS,1,-2.69,0.2748,0.2726,0.6829,-3.24,-2.742
1581,BTCUSDT,LONG,spot,BREAKOUT_ONLY,2026-04-15 13:30:00+00:00,74139.0448,74118.7688,236.6917,2026-04-15 14:15:00+00:00,74429.99,2026-04-15 14:15:00+00:00,74429.99,0.0,0.0,2026-04-15 14:30:00+00:00,74467.205,0.004337,322.98,74071.4305,74071.4305,0,2026-04-15 14:45:00+00:00,73851.8159,STOP_LOSS,1,-2.67,0.2584,0.2563,0.642,-3.18,-1.855
1578,BNBUSDT,LONG,spot,BREAKOUT_ONLY,2026-04-15 10:15:00+00:00,615.0709,614.7405,1.3881,2026-04-15 10:30:00+00:00,617.53,2026-04-15 10:30:00+00:00,617.53,0.0,0.0,2026-04-15 10:45:00+00:00,617.8488,0.516399,319.06,614.4629,619.8877,8,2026-04-15 18:45:00+00:00,622.0688,TIME_EXIT_8H,32,2.18,0.2552,0.257,0.3201,1.67,0.953
1582,ETHUSDT,LONG,spot,BREAKOUT_ONLY,2026-04-15 15:00:00+00:00,2331.4876,2328.1378,11.419,2026-04-15 16:00:00+00:00,2341.63,2026-04-15 16:00:00+00:00,2341.63,0.0,0.0,2026-04-15 16:15:00+00:00,2342.8008,0.100925,236.45,2325.854,2364.1268,5,2026-04-15 20:00:00+00:00,2360.5806,TRAILING_STOP,15,1.79,0.1892,0.1906,0.4756,1.41,0.827
1583,BTCUSDT,LONG,spot,BREAKOUT_ONLY,2026-04-15 18:45:00+00:00,74137.2309,74124.4681,223.1134,2026-04-15 19:00:00+00:00,74644.74,2026-04-15 19:00:00+00:00,74644.74,0.0,0.0,2026-04-15 19:15:00+00:00,74682.0624,0.00286,213.62,74079.8454,74879.6973,1,2026-04-15 23:00:00+00:00,74767.3777,TRAILING_STOP,15,0.24,0.1709,0.1711,0.4276,-0.1,-0.057
1584,BTCUSDT,LONG,spot,BREAKOUT_ONLY,2026-04-16 12:15:00+00:00,74674.4788,74595.4631,178.0049,2026-04-16 13:00:00+00:00,74819.06,2026-04-16 13:00:00+00:00,74819.06,0.0,0.0,2026-04-16 13:15:00+00:00,74856.4595,0.004546,340.31,74559.8621,74559.8621,0,2026-04-16 13:30:00+00:00,74448.0223,STOP_LOSS,1,-1.86,0.2723,0.2708,0.6778,-2.4,-1.78
1585,SOLUSDT,LONG,spot,BREAKOUT_ONLY,2026-04-16 14:45:00+00:00,85.1737,84.9328,0.6154,2026-04-16 15:00:00+00:00,86.13,2026-04-16 15:00:00+00:00,86.13,0.0,0.0,2026-04-16 15:15:00+00:00,86.1731,1.251923,107.88,84.8098,89.3465,11,2026-04-16 21:15:00+00:00,89.2125,TRAILING_STOP,24,3.81,0.0863,0.0893,0.2215,3.63,2.127
1586,BNBUSDT,LONG,spot,BREAKOUT_ONLY,2026-04-16 15:00:00+00:00,621.48,620.5671,2.42,2026-04-16 15:30:00+00:00,625.04,2026-04-16 15:30:00+00:00,625.04,0.0,0.0,2026-04-16 15:45:00+00:00,625.3525,0.324346,202.83,620.0831,633.2124,10,2026-04-16 21:15:00+00:00,632.2626,TRAILING_STOP,22,2.24,0.1623,0.1641,0.409,1.91,1.12
1587,ETHUSDT,LONG,spot,BREAKOUT_ONLY,2026-04-16 23:15:00+00:00,2343.0231,2340.0158,8.2072,2026-04-16 23:30:00+00:00,2352.72,2026-04-16 23:30:00+00:00,2352.72,0.0,0.0,2026-04-16 23:45:00+00:00,2353.8964,0.111743,263.03,2338.3743,2338.3743,0,2026-04-17 01:15:00+00:00,2334.8668,STOP_LOSS,6,-2.13,0.2104,0.2087,0.5229,-2.55,-1.468
1588,BTCUSDT,LONG,spot,BREAKOUT_ONLY,2026-04-17 06:30:00+00:00,74764.0518,74715.5554,127.5409,2026-04-17 06:45:00+00:00,74938.52,2026-04-17 06:45:00+00:00,74938.52,0.0,0.0,2026-04-17 07:00:00+00:00,74975.9993,0.004547,340.91,74690.0472,75795.7014,4,2026-04-17 09:30:00+00:00,75682.0079,TRAILING_STOP,10,3.21,0.2727,0.2753,0.6866,2.66,2.047
1589,ETHUSDT,LONG,spot,BREAKOUT_ONLY,2026-04-17 09:00:00+00:00,2337.9942,2336.1903,8.1784,2026-04-17 09:15:00+00:00,2371.69,2026-04-17 09:15:00+00:00,2371.69,0.0,0.0,2026-04-17 09:30:00+00:00,2372.8658,0.045289,107.46,2334.5546,2391.0837,1,2026-04-17 13:30:00+00:00,2387.497,TRAILING_STOP,16,0.66,0.086,0.0865,0.2159,0.49,0.282
1590,BTCUSDT,LONG,spot,BREAKOUT_ONLY,2026-04-20 15:15:00+00:00,75228.0915,75019.1567,433.8263,2026-04-20 15:30:00+00:00,75580.57,2026-04-20 15:30:00+00:00,75580.57,0.0,0.0,2026-04-20 15:45:00+00:00,75618.3503,0.002533,191.54,74932.3914,76140.5804,10,2026-04-20 21:00:00+00:00,76026.3695,TRAILING_STOP,21,1.03,0.1532,0.1541,0.3846,0.73,0.418
1591,SOLUSDT,LONG,spot,BREAKOUT_ONLY,2026-04-20 15:45:00+00:00,85.258,85.0186,0.5274,2026-04-20 16:00:00+00:00,85.62,2026-04-20 16:00:00+00:00,85.62,0.0,0.0,2026-04-20 16:15:00+00:00,85.6628,2.31237,198.08,84.9132,84.9132,0,2026-04-21 00:15:00+00:00,85.4672,TIME_EXIT_8H,32,-0.45,0.1585,0.1581,0.1979,-0.77,-0.443
1592,SOLUSDT,LONG,spot,BREAKOUT_ONLY,2026-04-21 05:15:00+00:00,85.4378,85.3733,0.2681,2026-04-21 05:30:00+00:00,85.7,2026-04-21 05:30:00+00:00,85.7,0.0,0.0,2026-04-21 05:45:00+00:00,85.7328,4.012295,343.99,85.3197,85.3197,0,2026-04-21 06:15:00+00:00,85.1917,STOP_LOSS,2,-2.17,0.2752,0.2735,0.6847,-2.72,-1.641
1593,SOLUSDT,LONG,spot,BREAKOUT_ONLY,2026-04-21 06:30:00+00:00,85.4758,85.3942,0.302,2026-04-21 06:45:00+00:00,85.67,2026-04-21 06:45:00+00:00,85.67,0.0,0.0,2026-04-21 07:00:00+00:00,85.7228,3.981352,341.29,85.3338,85.7195,1,2026-04-21 09:00:00+00:00,85.5909,TRAILING_STOP,8,-0.53,0.273,0.2726,0.6818,-1.07,-0.691
1594,ETHUSDT,LONG,spot,BREAKOUT_ONLY,2026-04-21 07:15:00+00:00,2314.581,2312.7573,6.8477,2026-04-21 07:30:00+00:00,2321.82,2026-04-21 07:30:00+00:00,2321.82,0.0,0.0,2026-04-21 07:45:00+00:00,2322.9709,0.146804,341.02,2311.3877,2321.0172,1,2026-04-21 09:00:00+00:00,2317.5356,TRAILING_STOP,5,-0.8,0.2728,0.2722,0.6808,-1.34,-0.79
1595,SOLUSDT,LONG,spot,BREAKOUT_ONLY,2026-04-21 14:00:00+00:00,85.7091,85.5622,0.312,2026-04-21 14:15:00+00:00,86.03,2026-04-21 14:15:00+00:00,86.03,0.0,0.0,2026-04-21 14:30:00+00:00,86.073,2.985918,257.01,85.4998,85.4998,0,2026-04-21 15:30:00+00:00,85.3715,STOP_LOSS,4,-2.09,0.2056,0.2039,0.5109,-2.5,-1.463
1596,SOLUSDT,LONG,spot,BREAKOUT_ONLY,2026-04-21 15:15:00+00:00,85.8364,85.6086,0.5331,2026-04-21 16:00:00+00:00,86.12,2026-04-21 16:00:00+00:00,86.12,0.0,0.0,2026-04-21 16:15:00+00:00,86.1631,2.570183,221.45,85.502,85.502,0,2026-04-21 17:00:00+00:00,85.3737,STOP_LOSS,3,-2.03,0.1772,0.1755,0.4399,-2.38,-1.402
1598,SOLUSDT,LONG,spot,BREAKOUT_ONLY,2026-04-21 23:30:00+00:00,85.4905,85.3928,0.366,2026-04-21 23:45:00+00:00,86.03,2026-04-21 23:45:00+00:00,86.03,0.0,0.0,2026-04-22 00:00:00+00:00,86.083,2.210088,190.25,85.3196,87.1545,8,2026-04-22 04:00:00+00:00,87.0238,TRAILING_STOP,16,2.08,0.1522,0.1539,0.3836,1.77,1.051
1597,ETHUSDT,LONG,spot,BREAKOUT_ONLY,2026-04-21 23:30:00+00:00,2313.3617,2312.7061,9.2073,2026-04-21 23:45:00+00:00,2327.14,2026-04-21 23:45:00+00:00,2327.14,0.0,0.0,2026-04-22 00:00:00+00:00,2328.3136,0.096694,225.13,2310.8646,2359.2432,8,2026-04-22 04:15:00+00:00,2355.7043,TRAILING_STOP,17,2.65,0.1801,0.1822,0.4542,2.29,1.355
1599,BTCUSDT,LONG,spot,BREAKOUT_ONLY,2026-04-23 15:30:00+00:00,77911.346,77886.5293,299.946,2026-04-23 15:45:00+00:00,78376.76,2026-04-23 15:45:00+00:00,78376.76,0.0,0.0,2026-04-23 16:00:00+00:00,78415.9584,0.002897,227.17,77826.5401,77826.5401,0,2026-04-23 17:00:00+00:00,77709.8003,STOP_LOSS,4,-2.05,0.1817,0.1801,0.4513,-2.41,-1.41
1601,BTCUSDT,LONG,spot,BREAKOUT_ONLY,2026-04-23 21:00:00+00:00,77899.3544,77848.2273,245.8893,2026-04-23 21:30:00+00:00,78069.99,2026-04-23 21:30:00+00:00,78069.99,0.0,0.0,2026-04-23 21:45:00+00:00,78109.025,0.004294,335.44,77799.0494,78164.7299,3,2026-04-24 01:00:00+00:00,78047.4829,TRAILING_STOP,13,-0.26,0.2683,0.2681,0.6705,-0.8,-0.602
1600,BNBUSDT,LONG,spot,BREAKOUT_ONLY,2026-04-23 20:30:00+00:00,636.7812,636.1166,2.0039,2026-04-23 20:45:00+00:00,637.8,2026-04-23 20:45:00+00:00,637.8,0.0,0.0,2026-04-23 21:00:00+00:00,638.1189,0.52608,335.7,635.7158,635.7158,0,2026-04-24 03:15:00+00:00,634.7622,STOP_LOSS,25,-1.77,0.2686,0.2671,0.6688,-2.3,-1.821
1602,BTCUSDT,LONG,spot,BREAKOUT_ONLY,2026-04-24 11:45:00+00:00,77898.5627,77871.358,196.8051,2026-04-24 12:00:00+00:00,78318.41,2026-04-24 12:00:00+00:00,78318.41,0.0,0.0,2026-04-24 12:15:00+00:00,78357.5692,0.003196,250.46,77831.997,77831.997,0,2026-04-24 14:00:00+00:00,77715.249,STOP_LOSS,7,-2.05,0.2004,0.1987,0.4978,-2.45,-1.46
1603,BNBUSDT,LONG,spot,BREAKOUT_ONLY,2026-04-24 12:00:00+00:00,636.353,636.0457,1.2383,2026-04-24 12:15:00+00:00,638.35,2026-04-24 12:15:00+00:00,638.35,0.0,0.0,2026-04-24 12:30:00+00:00,638.6592,0.520516,332.43,635.798,635.798,0,2026-04-24 18:15:00+00:00,634.8443,STOP_LOSS,23,-1.99,0.2659,0.2644,0.6619,-2.52,-1.689
1605,BNBUSDT,LONG,spot,BREAKOUT_ONLY,2026-04-24 18:45:00+00:00,637.5025,636.9748,1.2142,2026-04-24 19:30:00+00:00,638.57,2026-04-24 19:30:00+00:00,638.57,0.0,0.0,2026-04-24 19:45:00+00:00,638.8893,0.512698,327.56,636.732,636.732,0,2026-04-24 20:15:00+00:00,635.7769,STOP_LOSS,2,-1.6,0.262,0.2608,0.6527,-2.12,-1.915
1604,SOLUSDT,LONG,spot,BREAKOUT_ONLY,2026-04-24 15:30:00+00:00,86.0416,85.8959,0.3629,2026-04-24 15:45:00+00:00,86.52,2026-04-24 15:45:00+00:00,86.52,0.0,0.0,2026-04-24 16:00:00+00:00,86.5633,2.252253,194.96,85.8234,85.8234,0,2026-04-25 00:00:00+00:00,86.0669,TIME_EXIT_8H,32,-1.12,0.156,0.1551,0.1944,-1.43,-0.857
1606,SOLUSDT,LONG,spot,BREAKOUT_ONLY,2026-04-26 03:00:00+00:00,86.1412,86.1025,0.1597,2026-04-26 04:30:00+00:00,86.33,2026-04-26 04:30:00+00:00,86.33,0.0,0.0,2026-04-26 04:45:00+00:00,86.3732,3.753481,324.2,86.0705,86.492,15,2026-04-26 09:30:00+00:00,86.3622,TRAILING_STOP,19,-0.04,0.2594,0.2593,0.6483,-0.56,-0.493
1607,BTCUSDT,LONG,spot,BREAKOUT_ONLY,2026-04-26 05:15:00+00:00,77627.3088,77557.6071,151.4924,2026-04-26 05:30:00+00:00,78044.0,2026-04-26 05:30:00+00:00,78044.0,0.0,0.0,2026-04-26 05:45:00+00:00,78083.012,0.002947,230.09,77527.3086,77527.3086,0,2026-04-26 13:45:00+00:00,77938.8011,TIME_EXIT_8H,32,-0.42,0.1841,0.1837,0.2299,-0.79,-0.484
1608,SOLUSDT,LONG,spot,BREAKOUT_ONLY,2026-04-26 14:30:00+00:00,86.3195,86.282,0.1878,2026-04-26 14:45:00+00:00,86.42,2026-04-26 14:45:00+00:00,86.42,0.0,0.0,2026-04-26 15:00:00+00:00,86.4632,3.734086,322.86,86.2445,86.7595,6,2026-04-26 19:30:00+00:00,86.6293,TRAILING_STOP,18,0.62,0.2583,0.2588,0.6467,0.1,0.126
1609,ETHUSDT,LONG,spot,BREAKOUT_ONLY,2026-04-29 03:30:00+00:00,2292.4015,2289.5371,7.5625,2026-04-29 03:45:00+00:00,2311.52,2026-04-29 03:45:00+00:00,2311.52,0.0,0.0,2026-04-29 04:00:00+00:00,2312.6858,0.066142,152.96,2288.0246,2323.132,2,2026-04-29 05:00:00+00:00,2319.6473,TRAILING_STOP,4,0.46,0.1224,0.1227,0.3066,0.22,0.132
1610,BTCUSDT,LONG,spot,BREAKOUT_ONLY,2026-04-30 13:30:00+00:00,76173.9177,76063.8046,223.8454,2026-04-30 13:45:00+00:00,76420.44,2026-04-30 13:45:00+00:00,76420.44,0.0,0.0,2026-04-30 14:00:00+00:00,76458.6602,0.003713,283.87,76019.0356,76019.0356,0,2026-04-30 22:00:00+00:00,76328.5966,TIME_EXIT_8H,32,-0.48,0.2271,0.2267,0.2836,-0.94,-0.574
1611,SOLUSDT,LONG,spot,BREAKOUT_ONLY,2026-05-01 01:45:00+00:00,83.2278,83.1583,0.1758,2026-05-01 02:00:00+00:00,83.63,2026-05-01 02:00:00+00:00,83.63,0.0,0.0,2026-05-01 02:15:00+00:00,83.6818,2.913009,243.77,83.1231,83.8565,1,2026-05-01 03:30:00+00:00,83.7308,TRAILING_STOP,5,0.14,0.195,0.1951,0.4877,-0.25,-0.152
1612,ETHUSDT,LONG,spot,BREAKOUT_ONLY,2026-05-01 03:15:00+00:00,2265.982,2263.0351,6.81,2026-05-01 03:30:00+00:00,2284.0,2026-05-01 03:30:00+00:00,2284.0,0.0,0.0,2026-05-01 03:45:00+00:00,2285.132,0.069325,158.42,2261.6731,2261.6731,0,2026-05-01 11:45:00+00:00,2285.3068,TIME_EXIT_8H,32,0.01,0.1267,0.1267,0.1584,-0.24,-0.148
1613,BNBUSDT,LONG,spot,BREAKOUT_ONLY,2026-05-01 12:00:00+00:00,617.7912,617.4311,0.8476,2026-05-01 12:15:00+00:00,619.75,2026-05-01 12:15:00+00:00,619.75,0.0,0.0,2026-05-01 12:30:00+00:00,620.0599,0.518926,321.77,617.2616,617.2616,0,2026-05-01 20:30:00+00:00,617.2312,TIME_EXIT_8H,32,-1.47,0.2574,0.2562,0.321,-1.98,-1.365
1614,SOLUSDT,LONG,spot,BREAKOUT_ONLY,2026-05-02 11:00:00+00:00,83.8551,83.8206,0.1089,2026-05-02 12:15:00+00:00,84.06,2026-05-02 12:15:00+00:00,84.06,0.0,0.0,2026-05-02 12:30:00+00:00,84.102,3.802565,319.8,83.7988,83.7988,0,2026-05-02 20:30:00+00:00,84.1179,TIME_EXIT_8H,32,0.06,0.2558,0.2559,0.3198,-0.45,-0.391
1615,ETHUSDT,LONG,spot,BREAKOUT_ONLY,2026-05-03 08:00:00+00:00,2307.0791,2306.0868,3.5946,2026-05-03 08:30:00+00:00,2310.17,2026-05-03 08:30:00+00:00,2310.17,0.0,0.0,2026-05-03 08:45:00+00:00,2311.3351,0.13817,319.36,2305.3679,2314.1329,2,2026-05-03 10:00:00+00:00,2310.6617,TRAILING_STOP,5,-0.09,0.2555,0.2554,0.6386,-0.6,-0.733
1617,BTCUSDT,LONG,spot,BREAKOUT_ONLY,2026-05-03 09:30:00+00:00,78364.2845,78316.5289,98.5837,2026-05-03 09:45:00+00:00,78529.57,2026-05-03 09:45:00+00:00,78529.57,0.0,0.0,2026-05-03 10:00:00+00:00,78568.8348,0.004054,318.51,78296.8122,78652.6563,6,2026-05-03 13:15:00+00:00,78534.6773,TRAILING_STOP,13,-0.14,0.2548,0.2547,0.6368,-0.65,-0.588
1618,SOLUSDT,LONG,spot,BREAKOUT_ONLY,2026-05-03 13:15:00+00:00,84.0232,83.9493,0.1521,2026-05-03 13:45:00+00:00,84.1,2026-05-03 13:45:00+00:00,84.1,0.0,0.0,2026-05-03 14:00:00+00:00,84.142,3.777713,317.86,83.9189,84.148,1,2026-05-03 15:45:00+00:00,84.0218,TRAILING_STOP,7,-0.45,0.2543,0.2539,0.635,-0.96,-1.142
1616,BNBUSDT,LONG,spot,BREAKOUT_ONLY,2026-05-03 09:00:00+00:00,617.1114,617.0434,0.8625,2026-05-03 09:15:00+00:00,619.24,2026-05-03 09:15:00+00:00,619.24,0.0,0.0,2026-05-03 09:30:00+00:00,619.5396,0.515066,319.1,616.8709,616.8709,0,2026-05-03 17:30:00+00:00,619.4301,TIME_EXIT_8H,32,-0.06,0.2553,0.2552,0.3191,-0.57,-0.412
1620,ETHUSDT,LONG,spot,BREAKOUT_ONLY,2026-05-04 01:30:00+00:00,2325.9285,2321.6437,10.4112,2026-05-04 01:45:00+00:00,2351.2,2026-05-04 01:45:00+00:00,2351.2,0.0,0.0,2026-05-04 02:00:00+00:00,2352.3856,0.048714,114.59,2319.5615,2378.436,9,2026-05-04 05:15:00+00:00,2374.8683,TRAILING_STOP,13,1.1,0.0917,0.0926,0.2308,0.91,0.57
1619,BTCUSDT,LONG,spot,BREAKOUT_ONLY,2026-05-04 01:30:00+00:00,78708.4523,78618.9594,248.9334,2026-05-04 01:45:00+00:00,79769.43,2026-05-04 01:45:00+00:00,79769.43,0.0,0.0,2026-05-04 02:00:00+00:00,79809.3147,0.001289,102.9,78569.1727,78569.1727,0,2026-05-04 10:00:00+00:00,78715.4726,TIME_EXIT_8H,32,-1.41,0.0823,0.0812,0.1022,-1.57,-0.984
1621,ETHUSDT,LONG,spot,BREAKOUT_ONLY,2026-05-04 14:45:00+00:00,2349.0416,2343.9855,12.8725,2026-05-04 15:00:00+00:00,2366.51,2026-05-04 15:00:00+00:00,2366.51,0.0,0.0,2026-05-04 15:15:00+00:00,2367.6933,0.060714,143.75,2341.411,2341.411,0,2026-05-04 15:45:00+00:00,2337.8989,STOP_LOSS,2,-1.81,0.115,0.1136,0.2848,-2.04,-1.277
1622,BTCUSDT,LONG,spot,BREAKOUT_ONLY,2026-05-04 15:00:00+00:00,79321.0286,79196.166,405.9156,2026-05-04 15:15:00+00:00,79700.37,2026-05-04 15:15:00+00:00,79700.37,0.0,0.0,2026-05-04 15:30:00+00:00,79740.2202,0.002544,202.89,79114.9829,80124.1792,10,2026-05-04 18:45:00+00:00,80003.9929,TRAILING_STOP,13,0.67,0.1623,0.1629,0.4068,0.35,0.217
1623,ETHUSDT,LONG,spot,BREAKOUT_ONLY,2026-05-04 15:45:00+00:00,2349.8444,2344.7999,15.2409,2026-05-04 16:15:00+00:00,2357.83,2026-05-04 16:15:00+00:00,2357.83,0.0,0.0,2026-05-04 16:30:00+00:00,2359.0289,0.092116,217.3,2341.7518,2357.5215,3,2026-05-04 18:45:00+00:00,2353.9852,TRAILING_STOP,9,-0.46,0.1738,0.1735,0.4339,-0.81,-0.51
1624,BNBUSDT,LONG,spot,BREAKOUT_ONLY,2026-05-05 01:00:00+00:00,624.764,624.3573,1.0837,2026-05-05 02:00:00+00:00,625.46,2026-05-05 02:00:00+00:00,625.46,0.0,0.0,2026-05-05 02:15:00+00:00,625.7727,0.50093,313.47,624.1406,626.0943,4,2026-05-05 04:30:00+00:00,625.1552,TRAILING_STOP,9,-0.31,0.2508,0.2505,0.6265,-0.81,-0.992
1625,SOLUSDT,LONG,spot,BREAKOUT_ONLY,2026-05-05 02:30:00+00:00,84.4225,84.3855,0.1867,2026-05-05 03:00:00+00:00,84.6,2026-05-05 03:00:00+00:00,84.6,0.0,0.0,2026-05-05 03:15:00+00:00,84.6423,3.700514,313.22,84.3482,84.689,5,2026-05-05 06:15:00+00:00,84.562,TRAILING_STOP,12,-0.3,0.2506,0.2503,0.626,-0.8,-0.733
1626,ETHUSDT,LONG,spot,BREAKOUT_ONLY,2026-05-06 03:30:00+00:00,2370.9465,2369.533,7.2425,2026-05-06 03:45:00+00:00,2376.8,2026-05-06 03:45:00+00:00,2376.8,0.0,0.0,2026-05-06 04:00:00+00:00,2377.9984,0.13115,311.88,2368.0845,2368.0845,0,2026-05-06 04:45:00+00:00,2364.5323,STOP_LOSS,3,-1.77,0.2495,0.2481,0.6211,-2.26,-1.741
1627,ETHUSDT,LONG,spot,BREAKOUT_ONLY,2026-05-06 06:45:00+00:00,2369.8339,2368.1732,5.7445,2026-05-06 07:15:00+00:00,2374.0,2026-05-06 07:15:00+00:00,2374.0,0.0,0.0,2026-05-06 07:30:00+00:00,2375.187,0.130362,309.63,2367.0243,2407.2439,10,2026-05-06 12:00:00+00:00,2403.633,TRAILING_STOP,18,3.71,0.2477,0.2507,0.6248,3.21,3.017
1628,BTCUSDT,LONG,spot,BREAKOUT_ONLY,2026-05-07 08:00:00+00:00,81332.7479,81281.2582,166.2291,2026-05-07 08:15:00+00:00,81419.05,2026-05-07 08:15:00+00:00,81419.05,0.0,0.0,2026-05-07 08:30:00+00:00,81459.7495,0.00384,312.81,81248.0123,81248.0123,0,2026-05-07 08:45:00+00:00,81126.1403,STOP_LOSS,1,-1.28,0.2502,0.2492,0.6237,-1.78,-2.19
1629,SOLUSDT,LONG,spot,BREAKOUT_ONLY,2026-05-08 09:45:00+00:00,88.3619,88.2762,0.2326,2026-05-08 10:30:00+00:00,88.67,2026-05-08 10:30:00+00:00,88.67,0.0,0.0,2026-05-08 10:45:00+00:00,88.7043,3.309766,293.59,88.2297,88.2297,0,2026-05-08 13:00:00+00:00,88.0973,STOP_LOSS,9,-2.01,0.2349,0.2333,0.5842,-2.48,-1.577
1630,SOLUSDT,LONG,spot,BREAKOUT_ONLY,2026-05-08 12:30:00+00:00,88.5106,88.3958,0.2579,2026-05-08 14:00:00+00:00,88.82,2026-05-08 14:00:00+00:00,88.82,0.0,0.0,2026-05-08 14:15:00+00:00,88.8744,2.939867,261.28,88.3443,92.0347,19,2026-05-08 20:45:00+00:00,91.8966,TRAILING_STOP,26,8.88,0.209,0.2161,0.5359,8.46,5.428
1631,BNBUSDT,LONG,spot,BREAKOUT_ONLY,2026-05-08 15:30:00+00:00,640.2917,639.5659,1.9143,2026-05-08 15:45:00+00:00,643.92,2026-05-08 15:45:00+00:00,643.92,0.0,0.0,2026-05-08 16:00:00+00:00,644.242,0.309663,199.5,639.183,646.6505,10,2026-05-08 20:45:00+00:00,645.6805,TRAILING_STOP,19,0.45,0.1596,0.16,0.3997,0.13,0.08
1632,BNBUSDT,LONG,spot,BREAKOUT_ONLY,2026-05-10 08:00:00+00:00,648.6874,648.312,1.0276,2026-05-10 08:15:00+00:00,650.15,2026-05-10 08:15:00+00:00,650.15,0.0,0.0,2026-05-10 08:30:00+00:00,650.4651,0.487493,317.1,648.1065,648.1065,0,2026-05-10 11:15:00+00:00,647.1343,STOP_LOSS,11,-1.62,0.2537,0.2524,0.6318,-2.13,-1.852
1633,BNBUSDT,LONG,spot,BREAKOUT_ONLY,2026-05-11 12:00:00+00:00,653.9146,653.6512,1.2565,2026-05-11 12:15:00+00:00,655.95,2026-05-11 12:15:00+00:00,655.95,0.0,0.0,2026-05-11 12:30:00+00:00,656.278,0.479962,314.99,653.3999,653.3999,0,2026-05-11 13:30:00+00:00,652.4198,STOP_LOSS,4,-1.85,0.252,0.2505,0.6272,-2.35,-1.704
1634,BTCUSDT,LONG,spot,BREAKOUT_ONLY,2026-05-11 12:45:00+00:00,81043.1497,81031.6048,167.7027,2026-05-11 13:00:00+00:00,81285.13,2026-05-11 13:00:00+00:00,81285.13,0.0,0.0,2026-05-11 13:15:00+00:00,81325.7626,0.00387,314.74,80998.0643,80998.0643,0,2026-05-11 13:30:00+00:00,80876.5672,STOP_LOSS,1,-1.74,0.2518,0.2504,0.6269,-2.24,-1.767
1635,SOLUSDT,LONG,spot,BREAKOUT_ONLY,2026-05-11 13:30:00+00:00,95.232,95.0344,0.4791,2026-05-11 14:00:00+00:00,95.71,2026-05-11 14:00:00+00:00,95.71,0.0,0.0,2026-05-11 14:15:00+00:00,95.7579,1.913841,183.27,94.9386,94.9386,0,2026-05-11 14:30:00+00:00,94.6179,STOP_LOSS,1,-2.18,0.1466,0.1449,0.3633,-2.47,-1.577
1636,BNBUSDT,LONG,spot,BREAKOUT_ONLY,2026-05-11 13:00:00+00:00,654.2693,653.9777,1.433,2026-05-11 14:00:00+00:00,655.19,2026-05-11 14:00:00+00:00,655.19,0.0,0.0,2026-05-11 14:15:00+00:00,655.5276,0.473351,310.29,653.6911,653.6911,0,2026-05-11 14:30:00+00:00,652.7105,STOP_LOSS,1,-1.33,0.2482,0.2472,0.6186,-1.83,-2.104
1638,BTCUSDT,LONG,spot,BREAKOUT_ONLY,2026-05-11 13:45:00+00:00,81074.5181,81040.3375,218.095,2026-05-11 15:15:00+00:00,81343.39,2026-05-11 15:15:00+00:00,81343.39,0.0,0.0,2026-05-11 15:30:00+00:00,81384.0517,0.00376,306.03,80996.7185,81749.5224,16,2026-05-11 21:00:00+00:00,81626.8981,TRAILING_STOP,22,0.91,0.2448,0.2456,0.6134,0.42,0.29
1637,BNBUSDT,LONG,spot,BREAKOUT_ONLY,2026-05-11 14:45:00+00:00,654.5163,654.0715,1.9395,2026-05-11 15:00:00+00:00,658.68,2026-05-11 15:00:00+00:00,658.68,0.0,0.0,2026-05-11 15:15:00+00:00,659.0093,0.290358,191.35,653.6836,667.3191,5,2026-05-11 23:15:00+00:00,668.4156,TIME_EXIT_8H,32,2.73,0.1531,0.1553,0.1927,2.42,1.567
1639,ETHUSDT,LONG,spot,BREAKOUT_ONLY,2026-05-11 20:15:00+00:00,2336.0214,2334.6341,6.7178,2026-05-11 21:00:00+00:00,2340.49,2026-05-11 21:00:00+00:00,2340.49,0.0,0.0,2026-05-11 21:15:00+00:00,2341.6502,0.130868,306.45,2333.2906,2333.2906,0,2026-05-12 00:30:00+00:00,2329.7906,STOP_LOSS,13,-1.55,0.2452,0.2439,0.6106,-2.04,-1.866
1640,BNBUSDT,LONG,spot,BREAKOUT_ONLY,2026-05-12 20:15:00+00:00,659.845,659.3569,1.6054,2026-05-12 20:30:00+00:00,664.78,2026-05-12 20:30:00+00:00,664.78,0.0,0.0,2026-05-12 20:45:00+00:00,665.1224,0.254722,169.42,659.0358,678.5798,11,2026-05-13 04:00:00+00:00,677.562,TRAILING_STOP,29,3.17,0.1355,0.1381,0.3436,2.9,1.867
1641,SOLUSDT,LONG,spot,BREAKOUT_ONLY,2026-05-13 08:30:00+00:00,95.2698,95.154,0.3185,2026-05-13 08:45:00+00:00,95.57,2026-05-13 08:45:00+00:00,95.57,0.0,0.0,2026-05-13 09:00:00+00:00,95.6178,2.966518,283.65,95.0903,95.0903,0,2026-05-13 10:30:00+00:00,94.9476,STOP_LOSS,6,-1.99,0.2269,0.2253,0.5643,-2.44,-1.559
1642,BNBUSDT,LONG,spot,BREAKOUT_ONLY,2026-05-14 00:00:00+00:00,671.9857,671.5397,1.5681,2026-05-14 00:15:00+00:00,674.34,2026-05-14 00:15:00+00:00,674.34,0.0,0.0,2026-05-14 00:30:00+00:00,674.6872,0.4486,302.66,671.226,671.226,0,2026-05-14 02:45:00+00:00,670.2192,STOP_LOSS,9,-2.0,0.2421,0.2405,0.6023,-2.49,-1.602
1643,BNBUSDT,LONG,spot,BREAKOUT_ONLY,2026-05-14 08:30:00+00:00,671.1264,670.4004,2.0188,2026-05-14 08:45:00+00:00,673.02,2026-05-14 08:45:00+00:00,673.02,0.0,0.0,2026-05-14 09:00:00+00:00,673.3565,0.452903,304.96,669.9966,669.9966,0,2026-05-14 09:30:00+00:00,668.9916,STOP_LOSS,2,-1.98,0.244,0.2424,0.607,-2.46,-1.619
1644,BNBUSDT,LONG,spot,BREAKOUT_ONLY,2026-05-14 09:30:00+00:00,671.156,670.7394,1.8222,2026-05-14 10:15:00+00:00,672.43,2026-05-14 10:15:00+00:00,672.43,0.0,0.0,2026-05-14 10:30:00+00:00,672.7662,0.449675,302.53,670.3749,674.2088,1,2026-05-14 13:30:00+00:00,673.1975,TRAILING_STOP,12,0.19,0.242,0.2422,0.6053,-0.29,-0.27
1646,ETHUSDT,LONG,spot,BREAKOUT_ONLY,2026-05-14 15:15:00+00:00,2266.8264,2263.773,10.3382,2026-05-14 15:30:00+00:00,2288.42,2026-05-14 15:30:00+00:00,2288.42,0.0,0.0,2026-05-14 15:45:00+00:00,2289.5742,0.054815,125.5,2261.7054,2300.2263,7,2026-05-14 19:15:00+00:00,2296.776,TRAILING_STOP,14,0.39,0.1004,0.1007,0.2516,0.19,0.127
1645,BTCUSDT,LONG,spot,BREAKOUT_ONLY,2026-05-14 14:45:00+00:00,79899.1834,79747.0651,314.3571,2026-05-14 15:00:00+00:00,80988.41,2026-05-14 15:00:00+00:00,80988.41,0.0,0.0,2026-05-14 15:15:00+00:00,81028.9042,0.001135,91.98,79684.1937,79684.1937,0,2026-05-14 23:15:00+00:00,81330.2745,TIME_EXIT_8H,32,0.34,0.0736,0.0739,0.0922,0.19,0.128
1647,BTCUSDT,LONG,spot,BREAKOUT_ONLY,2026-05-20 05:30:00+00:00,76868.5657,76829.3385,158.2727,2026-05-20 05:45:00+00:00,77196.99,2026-05-20 05:45:00+00:00,77196.99,0.0,0.0,2026-05-20 06:00:00+00:00,77235.5885,0.00349,269.57,76797.684,77510.5799,1,2026-05-20 13:00:00+00:00,77394.314,TRAILING_STOP,28,0.55,0.2157,0.2161,0.54,0.12,0.08
1648,SOLUSDT,LONG,spot,BREAKOUT_ONLY,2026-05-21 14:30:00+00:00,86.1613,85.9902,0.4249,2026-05-21 15:15:00+00:00,86.81,2026-05-21 15:15:00+00:00,86.81,0.0,0.0,2026-05-21 15:30:00+00:00,86.8634,1.595718,138.61,85.9052,87.0556,4,2026-05-21 18:45:00+00:00,86.925,TRAILING_STOP,13,0.1,0.1109,0.111,0.2774,-0.12,-0.081
1649,BNBUSDT,LONG,spot,BREAKOUT_ONLY,2026-05-21 14:15:00+00:00,650.8117,649.8856,1.9715,2026-05-21 15:15:00+00:00,652.53,2026-05-21 15:15:00+00:00,652.53,0.0,0.0,2026-05-21 15:30:00+00:00,652.8563,0.454392,296.65,649.4913,655.4369,5,2026-05-21 18:45:00+00:00,654.4537,TRAILING_STOP,13,0.73,0.2373,0.2379,0.5944,0.25,0.164
1650,ETHUSDT,LONG,spot,BREAKOUT_ONLY,2026-05-21 18:15:00+00:00,2133.4395,2130.5288,8.6225,2026-05-21 18:30:00+00:00,2139.39,2026-05-21 18:30:00+00:00,2139.39,0.0,0.0,2026-05-21 18:45:00+00:00,2140.4597,0.131239,280.91,2128.8043,2128.8043,0,2026-05-21 19:00:00+00:00,2123.6797,STOP_LOSS,1,-2.2,0.2247,0.223,0.5585,-2.65,-1.732
1652,ETHUSDT,LONG,spot,BREAKOUT_ONLY,2026-05-21 19:15:00+00:00,2133.2956,2130.7271,8.2772,2026-05-21 19:45:00+00:00,2142.83,2026-05-21 19:45:00+00:00,2142.83,0.0,0.0,2026-05-21 20:00:00+00:00,2143.9114,0.102185,219.07,2129.0716,2129.0716,0,2026-05-21 23:00:00+00:00,2125.878,STOP_LOSS,12,-1.84,0.1753,0.1738,0.4354,-2.19,-1.445
1651,BTCUSDT,LONG,spot,BREAKOUT_ONLY,2026-05-21 19:00:00+00:00,77491.6659,77476.3994,275.5418,2026-05-21 19:45:00+00:00,77690.56,2026-05-21 19:45:00+00:00,77690.56,0.0,0.0,2026-05-21 20:00:00+00:00,77729.4053,0.003863,300.25,77421.291,77421.291,0,2026-05-22 00:15:00+00:00,77305.1591,STOP_LOSS,17,-1.64,0.2402,0.2389,0.598,-2.12,-1.779
1654,ETHUSDT,LONG,spot,BREAKOUT_ONLY,2026-05-22 01:45:00+00:00,2133.1755,2132.2268,4.8458,2026-05-22 02:00:00+00:00,2137.99,2026-05-22 02:00:00+00:00,2137.99,0.0,0.0,2026-05-22 02:15:00+00:00,2139.059,0.13826,295.75,2131.2576,2131.2576,0,2026-05-22 05:15:00+00:00,2128.0607,STOP_LOSS,12,-1.52,0.2366,0.2354,0.5892,-1.99,-1.847
1653,BTCUSDT,LONG,spot,BREAKOUT_ONLY,2026-05-22 01:30:00+00:00,77556.1472,77535.4165,142.3099,2026-05-22 02:00:00+00:00,77669.97,2026-05-22 02:00:00+00:00,77669.97,0.0,0.0,2026-05-22 02:15:00+00:00,77708.795,0.003809,295.98,77506.9545,77506.9545,0,2026-05-22 05:45:00+00:00,77390.6941,STOP_LOSS,14,-1.21,0.2368,0.2358,0.5901,-1.68,-2.191
1655,BTCUSDT,LONG,spot,BREAKOUT_ONLY,2026-05-24 22:30:00+00:00,76687.1721,76613.5199,258.6778,2026-05-24 23:00:00+00:00,76959.55,2026-05-24 23:00:00+00:00,76959.55,0.0,0.0,2026-05-24 23:15:00+00:00,76998.0298,0.003384,260.6,76561.7843,77083.3934,4,2026-05-25 03:15:00+00:00,76967.7683,TRAILING_STOP,16,-0.1,0.2085,0.2084,0.521,-0.52,-0.352
1656,BNBUSDT,LONG,spot,BREAKOUT_ONLY,2026-05-25 00:00:00+00:00,655.9627,655.5923,1.7916,2026-05-25 00:15:00+00:00,659.23,2026-05-25 00:15:00+00:00,659.23,0.0,0.0,2026-05-25 00:30:00+00:00,659.5696,0.340793,224.78,655.2339,655.2339,0,2026-05-25 08:30:00+00:00,661.649,TIME_EXIT_8H,32,0.71,0.1798,0.1804,0.2251,0.35,0.236
1657,ETHUSDT,LONG,spot,BREAKOUT_ONLY,2026-05-25 05:00:00+00:00,2101.318,2100.4478,5.9394,2026-05-25 05:15:00+00:00,2109.18,2026-05-25 05:15:00+00:00,2109.18,0.0,0.0,2026-05-25 05:30:00+00:00,2110.2346,0.134405,283.63,2099.2599,2115.427,6,2026-05-25 10:45:00+00:00,2112.2539,TRAILING_STOP,21,0.27,0.2269,0.2271,0.5677,-0.18,-0.124
1659,BTCUSDT,LONG,spot,BREAKOUT_ONLY,2026-05-26 11:30:00+00:00,77038.2158,76976.66,192.6749,2026-05-26 11:45:00+00:00,77183.55,2026-05-26 11:45:00+00:00,77183.55,0.0,0.0,2026-05-26 12:00:00+00:00,77222.1518,0.003779,291.85,76938.125,76938.125,0,2026-05-26 13:15:00+00:00,76822.7178,STOP_LOSS,5,-1.51,0.2335,0.2323,0.5814,-1.98,-1.84
1658,ETHUSDT,LONG,spot,BREAKOUT_ONLY,2026-05-26 11:00:00+00:00,2107.4633,2104.543,7.7819,2026-05-26 11:15:00+00:00,2120.09,2026-05-26 11:15:00+00:00,2120.09,0.0,0.0,2026-05-26 11:30:00+00:00,2121.15,0.081191,172.22,2102.9867,2123.4453,1,2026-05-26 14:30:00+00:00,2120.2601,TRAILING_STOP,12,-0.07,0.1378,0.1377,0.3443,-0.35,-0.236
1660,BTCUSDT,LONG,spot,BREAKOUT_ONLY,2026-05-26 12:30:00+00:00,77041.9965,76992.9309,186.5724,2026-05-26 13:45:00+00:00,77231.56,2026-05-26 13:45:00+00:00,77231.56,0.0,0.0,2026-05-26 14:00:00+00:00,77270.1758,0.003752,289.9,76955.6164,77460.026,1,2026-05-26 14:30:00+00:00,77343.836,TRAILING_STOP,2,0.28,0.2319,0.2321,0.5802,-0.19,-0.159
1661,SOLUSDT,LONG,spot,BREAKOUT_ONLY,2026-05-26 14:00:00+00:00,85.1483,84.9715,0.3587,2026-05-26 14:15:00+00:00,86.02,2026-05-26 14:15:00+00:00,86.02,0.0,0.0,2026-05-26 14:30:00+00:00,86.053,1.267834,109.1,84.8997,84.8997,0,2026-05-26 14:45:00+00:00,84.7724,STOP_LOSS,1,-1.62,0.0873,0.086,0.2158,-1.8,-1.229
1662,SOLUSDT,LONG,spot,BREAKOUT_ONLY,2026-05-27 15:45:00+00:00,84.0667,83.9469,0.433,2026-05-27 16:00:00+00:00,84.48,2026-05-27 16:00:00+00:00,84.48,0.0,0.0,2026-05-27 16:15:00+00:00,84.5222,2.195187,185.54,83.8603,83.8603,0,2026-05-27 17:00:00+00:00,83.7345,STOP_LOSS,3,-1.73,0.1484,0.1471,0.3685,-2.02,-1.393
1663,ETHUSDT,LONG,spot,BREAKOUT_ONLY,2026-05-29 15:45:00+00:00,2009.8302,2008.473,12.7841,2026-05-29 16:00:00+00:00,2036.95,2026-05-29 16:00:00+00:00,2036.95,0.0,0.0,2026-05-29 16:15:00+00:00,2037.9685,0.045021,91.75,2005.9162,2005.9162,0,2026-05-29 19:15:00+00:00,2002.9073,STOP_LOSS,12,-1.58,0.0734,0.0721,0.1811,-1.72,-1.195
1664,SOLUSDT,LONG,spot,BREAKOUT_ONLY,2026-05-29 15:45:00+00:00,81.9735,81.8404,0.6233,2026-05-29 16:00:00+00:00,82.79,2026-05-29 16:00:00+00:00,82.79,0.0,0.0,2026-05-29 16:15:00+00:00,82.8414,1.281998,106.2,81.7158,81.7158,0,2026-05-29 19:15:00+00:00,81.5932,STOP_LOSS,12,-1.6,0.085,0.0837,0.21,-1.77,-1.226
1665,SOLUSDT,LONG,spot,BREAKOUT_ONLY,2026-05-30 01:00:00+00:00,82.1442,82.1191,0.2275,2026-05-30 01:15:00+00:00,82.63,2026-05-30 01:15:00+00:00,82.63,0.0,0.0,2026-05-30 01:30:00+00:00,82.6613,2.425593,200.5,82.0736,82.0736,0,2026-05-30 04:30:00+00:00,81.9505,STOP_LOSS,12,-1.72,0.1604,0.159,0.3984,-2.04,-1.434
1666,SOLUSDT,LONG,spot,BREAKOUT_ONLY,2026-05-31 13:00:00+00:00,82.8421,82.7895,0.1833,2026-05-31 13:15:00+00:00,82.99,2026-05-31 13:15:00+00:00,82.99,0.0,0.0,2026-05-31 13:30:00+00:00,83.0415,3.3747,280.24,82.7528,82.7528,0,2026-05-31 13:45:00+00:00,82.6287,STOP_LOSS,1,-1.39,0.2242,0.2231,0.5584,-1.84,-1.889
1667,BTCUSDT,LONG,spot,BREAKOUT_ONLY,2026-05-31 23:00:00+00:00,73802.1678,73768.987,144.9297,2026-06-01 00:15:00+00:00,73960.0,2026-06-01 00:15:00+00:00,73960.0,0.0,0.0,2026-06-01 00:30:00+00:00,73996.98,0.003763,278.42,73740.001,73740.001,0,2026-06-01 01:00:00+00:00,73629.391,STOP_LOSS,2,-1.38,0.2227,0.2216,0.5548,-1.83,-1.89
1668,SOLUSDT,LONG,spot,BREAKOUT_ONLY,2026-06-01 00:30:00+00:00,82.3878,82.2831,0.3371,2026-06-01 00:45:00+00:00,82.83,2026-06-01 00:45:00+00:00,82.83,0.0,0.0,2026-06-01 01:00:00+00:00,82.8714,2.130352,176.55,82.2156,82.2156,0,2026-06-01 01:30:00+00:00,82.0923,STOP_LOSS,2,-1.66,0.1412,0.1399,0.3506,-1.94,-1.389
1669,SOLUSDT,LONG,spot,BREAKOUT_ONLY,2026-06-01 02:45:00+00:00,82.3836,82.3076,0.4105,2026-06-01 03:00:00+00:00,82.77,2026-06-01 03:00:00+00:00,82.77,0.0,0.0,2026-06-01 03:15:00+00:00,82.8014,2.409241,199.49,82.2256,82.2256,0,2026-06-01 04:15:00+00:00,82.1022,STOP_LOSS,4,-1.68,0.1596,0.1582,0.3965,-2.0,-1.443
1670,ETHUSDT,LONG,spot,BREAKOUT_ONLY,2026-06-02 03:30:00+00:00,1994.9232,1993.4619,9.0914,2026-06-02 03:45:00+00:00,2003.94,2026-06-02 03:45:00+00:00,2003.94,0.0,0.0,2026-06-02 04:00:00+00:00,2004.942,0.10357,207.65,1991.6437,1991.6437,0,2026-06-02 05:00:00+00:00,1988.6562,STOP_LOSS,4,-1.69,0.1661,0.1648,0.4128,-2.02,-1.465
1671,BTCUSDT,LONG,spot,BREAKOUT_ONLY,2026-06-07 22:00:00+00:00,62001.5246,61817.3278,480.2845,2026-06-07 22:15:00+00:00,62995.37,2026-06-07 22:15:00+00:00,62995.37,0.0,0.0,2026-06-07 22:30:00+00:00,63026.8777,0.001047,66.0,61721.2709,61721.2709,0,2026-06-08 06:30:00+00:00,63004.482,TIME_EXIT_8H,32,-0.02,0.0528,0.0528,0.066,-0.13,-0.094
1672,ETHUSDT,LONG,spot,BREAKOUT_ONLY,2026-06-09 05:15:00+00:00,1680.0411,1675.8133,9.0864,2026-06-09 05:30:00+00:00,1690.65,2026-06-09 05:30:00+00:00,1690.65,0.0,0.0,2026-06-09 05:45:00+00:00,1691.4853,0.078137,132.17,1673.9961,1673.9961,0,2026-06-09 08:00:00+00:00,1671.4851,STOP_LOSS,9,-1.56,0.1057,0.1045,0.262,-1.77,-1.297
1673,SOLUSDT,LONG,spot,BREAKOUT_ONLY,2026-06-09 05:15:00+00:00,66.5506,66.4173,0.4347,2026-06-09 05:30:00+00:00,67.19,2026-06-09 05:30:00+00:00,67.19,0.0,0.0,2026-06-09 05:45:00+00:00,67.2136,1.547152,103.99,66.3303,66.3303,0,2026-06-09 09:30:00+00:00,66.2308,STOP_LOSS,15,-1.52,0.0832,0.082,0.2057,-1.69,-1.234
1675,ETHUSDT,LONG,spot,BREAKOUT_ONLY,2026-06-10 15:45:00+00:00,1642.1796,1637.4596,13.292,2026-06-10 16:00:00+00:00,1651.51,2026-06-10 16:00:00+00:00,1651.51,0.0,0.0,2026-06-10 16:15:00+00:00,1652.3458,0.076824,126.94,1634.8012,1634.8012,0,2026-06-10 16:45:00+00:00,1632.349,STOP_LOSS,2,-1.54,0.1016,0.1003,0.2516,-1.74,-1.29
1674,BTCUSDT,LONG,spot,BREAKOUT_ONLY,2026-06-10 15:15:00+00:00,61772.2194,61629.4615,381.6686,2026-06-10 15:30:00+00:00,62387.5,2026-06-10 15:30:00+00:00,62387.5,0.0,0.0,2026-06-10 15:45:00+00:00,62418.7038,0.001559,97.3,61553.1278,61553.1278,0,2026-06-10 21:00:00+00:00,61460.7981,STOP_LOSS,21,-1.49,0.0778,0.0766,0.1924,-1.65,-1.221
1677,BNBUSDT,LONG,spot,BREAKOUT_ONLY,2026-06-11 03:00:00+00:00,589.9518,589.1246,1.9063,2026-06-11 03:15:00+00:00,592.89,2026-06-11 03:15:00+00:00,592.89,0.0,0.0,2026-06-11 03:30:00+00:00,593.1864,0.300094,178.01,588.7433,593.9292,5,2026-06-11 05:00:00+00:00,593.0383,TRAILING_STOP,6,-0.04,0.1424,0.1424,0.356,-0.33,-0.247
1676,BTCUSDT,LONG,spot,BREAKOUT_ONLY,2026-06-11 01:30:00+00:00,61787.9311,61752.7057,225.5147,2026-06-11 01:45:00+00:00,62206.01,2026-06-11 01:45:00+00:00,62206.01,0.0,0.0,2026-06-11 02:00:00+00:00,62237.113,0.002516,156.6,61707.6028,62618.3723,11,2026-06-11 07:00:00+00:00,62524.4448,TRAILING_STOP,20,0.72,0.1253,0.1259,0.3143,0.47,0.354
1678,ETHUSDT,LONG,spot,BREAKOUT_ONLY,2026-06-11 16:00:00+00:00,1649.9841,1646.7551,8.0699,2026-06-11 17:15:00+00:00,1654.23,2026-06-11 17:15:00+00:00,1654.23,0.0,0.0,2026-06-11 17:30:00+00:00,1655.0471,0.134571,222.72,1645.1412,1674.9869,8,2026-06-11 20:15:00+00:00,1672.4744,TRAILING_STOP,11,2.35,0.1782,0.1801,0.449,1.99,1.491
1679,ETHUSDT,LONG,spot,BREAKOUT_ONLY,2026-06-12 14:30:00+00:00,1669.2368,1666.5081,7.5021,2026-06-12 14:45:00+00:00,1685.64,2026-06-12 14:45:00+00:00,1685.64,0.0,0.0,2026-06-12 15:00:00+00:00,1686.4928,0.062508,105.42,1665.0077,1665.0077,0,2026-06-12 15:45:00+00:00,1662.5102,STOP_LOSS,3,-1.5,0.0843,0.0831,0.2086,-1.67,-1.241
1680,ETHUSDT,LONG,spot,BREAKOUT_ONLY,2026-06-13 01:15:00+00:00,1667.4124,1666.3431,3.0548,2026-06-13 01:30:00+00:00,1672.76,2026-06-13 01:30:00+00:00,1672.76,0.0,0.0,2026-06-13 01:45:00+00:00,1673.5864,0.157902,264.26,1665.7321,1665.7321,0,2026-06-13 02:45:00+00:00,1663.2335,STOP_LOSS,4,-1.63,0.2114,0.2101,0.5261,-2.06,-1.658
1682,ETHUSDT,LONG,spot,BREAKOUT_ONLY,2026-06-13 06:45:00+00:00,1667.0581,1666.4548,2.5471,2026-06-13 07:00:00+00:00,1669.87,2026-06-13 07:00:00+00:00,1669.87,0.0,0.0,2026-06-13 07:15:00+00:00,1670.7149,0.156843,262.04,1665.9454,1673.92,6,2026-06-13 09:15:00+00:00,1671.4091,TRAILING_STOP,8,0.11,0.2096,0.2097,0.5242,-0.31,-0.415
1681,SOLUSDT,LONG,spot,BREAKOUT_ONLY,2026-06-13 05:15:00+00:00,66.9411,66.8571,0.2028,2026-06-13 06:45:00+00:00,67.16,2026-06-13 06:45:00+00:00,67.16,0.0,0.0,2026-06-13 07:00:00+00:00,67.1936,3.512464,236.02,66.8165,67.9832,11,2026-06-13 13:45:00+00:00,67.8812,TRAILING_STOP,27,2.42,0.1888,0.1907,0.4757,2.04,1.537
1683,BNBUSDT,LONG,spot,BREAKOUT_ONLY,2026-06-13 10:15:00+00:00,603.4342,603.2761,0.901,2026-06-13 10:30:00+00:00,605.34,2026-06-13 10:30:00+00:00,605.34,0.0,0.0,2026-06-13 10:45:00+00:00,605.6427,0.432157,261.73,603.0959,607.875,5,2026-06-13 14:30:00+00:00,606.9632,TRAILING_STOP,15,0.57,0.2094,0.2098,0.5243,0.15,0.138
1684,ETHUSDT,LONG,spot,BREAKOUT_ONLY,2026-06-14 21:45:00+00:00,1678.4377,1673.1736,11.4505,2026-06-14 22:00:00+00:00,1721.0,2026-06-14 22:00:00+00:00,1721.0,0.0,0.0,2026-06-14 22:15:00+00:00,1721.8505,0.026169,45.06,1670.8835,1670.8835,0,2026-06-15 06:15:00+00:00,1721.6188,TIME_EXIT_8H,32,-0.01,0.036,0.036,0.0451,-0.08,-0.059
1685,SOLUSDT,LONG,spot,BREAKOUT_ONLY,2026-06-14 21:45:00+00:00,68.2487,68.0227,0.4931,2026-06-14 22:00:00+00:00,70.17,2026-06-14 22:00:00+00:00,70.17,0.0,0.0,2026-06-14 22:15:00+00:00,70.1951,0.587294,41.23,67.9241,67.9241,0,2026-06-15 06:15:00+00:00,71.3743,TIME_EXIT_8H,32,0.69,0.033,0.0335,0.0416,0.63,0.469
1687,SOLUSDT,LONG,spot,BREAKOUT_ONLY,2026-06-16 19:15:00+00:00,73.8729,73.7106,0.4284,2026-06-16 20:30:00+00:00,74.19,2026-06-16 20:30:00+00:00,74.19,0.0,0.0,2026-06-16 20:45:00+00:00,74.2271,2.218995,164.71,73.6249,73.6249,0,2026-06-16 22:45:00+00:00,73.5145,STOP_LOSS,8,-1.58,0.1318,0.1305,0.327,-1.84,-1.38
1686,ETHUSDT,LONG,spot,BREAKOUT_ONLY,2026-06-16 18:15:00+00:00,1788.6591,1783.9732,10.1313,2026-06-16 18:30:00+00:00,1796.14,2026-06-16 18:30:00+00:00,1796.14,0.0,0.0,2026-06-16 18:45:00+00:00,1797.0381,0.088562,159.15,1781.9469,1781.9469,0,2026-06-17 01:15:00+00:00,1779.274,STOP_LOSS,26,-1.57,0.1273,0.1261,0.3159,-1.83,-1.367
1688,SOLUSDT,LONG,spot,BREAKOUT_ONLY,2026-06-17 01:45:00+00:00,73.7891,73.6878,0.3404,2026-06-17 02:15:00+00:00,74.39,2026-06-17 02:15:00+00:00,74.39,0.0,0.0,2026-06-17 02:30:00+00:00,74.4372,1.6125,120.03,73.6197,73.6197,0,2026-06-17 03:15:00+00:00,73.5093,STOP_LOSS,3,-1.5,0.096,0.0948,0.2378,-1.69,-1.28
1689,SOLUSDT,LONG,spot,BREAKOUT_ONLY,2026-06-17 16:45:00+00:00,73.2087,73.0344,0.4784,2026-06-17 17:00:00+00:00,73.54,2026-06-17 17:00:00+00:00,73.54,0.0,0.0,2026-06-17 17:15:00+00:00,73.5668,2.085446,153.42,72.9387,73.3393,1,2026-06-17 18:00:00+00:00,73.2293,TRAILING_STOP,3,-0.7,0.1227,0.1222,0.3058,-0.95,-0.724
1690,BTCUSDT,LONG,spot,BREAKOUT_ONLY,2026-06-17 17:00:00+00:00,65547.6401,65415.9321,287.2054,2026-06-17 17:15:00+00:00,65973.99,2026-06-17 17:15:00+00:00,65973.99,0.0,0.0,2026-06-17 17:30:00+00:00,66006.977,0.002019,133.29,65358.491,65358.491,0,2026-06-17 18:00:00+00:00,65260.4533,STOP_LOSS,2,-1.51,0.1066,0.1054,0.2643,-1.72,-1.313
1691,SOLUSDT,LONG,spot,BREAKOUT_ONLY,2026-06-17 17:45:00+00:00,73.3724,73.149,0.5054,2026-06-17 18:30:00+00:00,74.3,2026-06-17 18:30:00+00:00,74.3,0.0,0.0,2026-06-17 18:45:00+00:00,74.3271,1.013399,75.32,73.0479,73.0479,0,2026-06-17 19:00:00+00:00,72.9383,STOP_LOSS,1,-1.41,0.0603,0.0591,0.1485,-1.53,-1.178
1692,ETHUSDT,LONG,spot,BREAKOUT_ONLY,2026-06-21 18:30:00+00:00,1728.8717,1727.7817,4.6694,2026-06-21 18:45:00+00:00,1735.39,2026-06-21 18:45:00+00:00,1735.39,0.0,0.0,2026-06-21 19:00:00+00:00,1736.2677,0.13681,237.54,1726.8478,1726.8478,0,2026-06-21 20:30:00+00:00,1724.2575,STOP_LOSS,6,-1.64,0.19,0.1887,0.4726,-2.02,-1.569
1694,BTCUSDT,LONG,spot,BREAKOUT_ONLY,2026-06-22 01:45:00+00:00,64016.2043,63990.82,313.954,2026-06-22 02:00:00+00:00,64552.0,2026-06-22 02:00:00+00:00,64552.0,0.0,0.0,2026-06-22 02:15:00+00:00,64584.276,0.001946,125.67,63928.0292,63928.0292,0,2026-06-22 03:00:00+00:00,63832.1372,STOP_LOSS,3,-1.46,0.1005,0.0994,0.2491,-1.66,-1.303
1695,BTCUSDT,LONG,spot,BREAKOUT_ONLY,2026-06-22 02:45:00+00:00,64141.9882,64050.222,250.4215,2026-06-22 03:15:00+00:00,64281.99,2026-06-22 03:15:00+00:00,64281.99,0.0,0.0,2026-06-22 03:30:00+00:00,64314.131,0.003909,251.43,64000.1377,64000.1377,0,2026-06-22 03:45:00+00:00,63904.1374,STOP_LOSS,1,-1.6,0.2011,0.1999,0.5005,-2.0,-1.632
1696,BTCUSDT,LONG,spot,BREAKOUT_ONLY,2026-06-22 04:00:00+00:00,64118.0738,64053.9399,266.2453,2026-06-22 05:00:00+00:00,64288.01,2026-06-22 05:00:00+00:00,64288.01,0.0,0.0,2026-06-22 05:15:00+00:00,64320.144,0.003878,249.45,64000.6908,64000.6908,0,2026-06-22 06:45:00+00:00,63904.6898,STOP_LOSS,6,-1.61,0.1996,0.1983,0.4965,-2.01,-1.622
1693,BNBUSDT,LONG,spot,BREAKOUT_ONLY,2026-06-22 01:30:00+00:00,588.7294,588.4666,2.6635,2026-06-22 01:45:00+00:00,594.51,2026-06-22 01:45:00+00:00,594.51,0.0,0.0,2026-06-22 02:00:00+00:00,594.8173,0.185757,110.49,587.9339,587.9339,0,2026-06-22 10:00:00+00:00,592.0538,TIME_EXIT_8H,32,-0.51,0.0884,0.088,0.1102,-0.69,-0.539
1697,BTCUSDT,LONG,spot,BREAKOUT_ONLY,2026-06-22 05:45:00+00:00,64145.9555,64067.3073,180.4321,2026-06-22 07:15:00+00:00,64262.56,2026-06-22 07:15:00+00:00,64262.56,0.0,0.0,2026-06-22 07:30:00+00:00,64294.7013,0.003849,247.46,64031.2209,65092.4505,11,2026-06-22 14:15:00+00:00,64994.8118,TRAILING_STOP,27,2.69,0.198,0.2001,0.499,2.3,2.265
1698,SOLUSDT,LONG,spot,BREAKOUT_ONLY,2026-06-26 04:30:00+00:00,67.4159,67.252,0.5659,2026-06-26 04:45:00+00:00,68.06,2026-06-26 04:45:00+00:00,68.06,0.0,0.0,2026-06-26 05:00:00+00:00,68.104,1.303606,88.78,67.1388,69.9422,7,2026-06-26 08:15:00+00:00,69.8372,TRAILING_STOP,13,2.26,0.071,0.0728,0.181,2.12,1.681
1699,BNBUSDT,LONG,spot,BREAKOUT_ONLY,2026-06-26 07:00:00+00:00,561.2771,560.0406,2.6251,2026-06-26 07:15:00+00:00,568.57,2026-06-26 07:15:00+00:00,568.57,0.0,0.0,2026-06-26 07:30:00+00:00,568.8643,0.136331,77.55,559.5156,559.5156,0,2026-06-26 11:45:00+00:00,558.6763,STOP_LOSS,17,-1.39,0.062,0.0609,0.153,-1.51,-1.186
1700,BNBUSDT,LONG,spot,BREAKOUT_ONLY,2026-06-26 15:45:00+00:00,562.2951,561.9942,3.7591,2026-06-26 16:00:00+00:00,564.53,2026-06-26 16:00:00+00:00,564.53,0.0,0.0,2026-06-26 16:15:00+00:00,564.8123,0.353315,199.56,561.2424,564.8764,10,2026-06-26 19:00:00+00:00,564.029,TRAILING_STOP,11,-0.28,0.1596,0.1594,0.3987,-0.6,-0.472
1701,BNBUSDT,LONG,spot,BREAKOUT_ONLY,2026-06-27 15:15:00+00:00,564.846,564.6478,1.3092,2026-06-27 15:30:00+00:00,565.81,2026-06-27 15:30:00+00:00,565.81,0.0,0.0,2026-06-27 15:45:00+00:00,566.0929,0.440118,249.15,564.386,564.386,0,2026-06-27 17:00:00+00:00,563.5394,STOP_LOSS,5,-1.12,0.1993,0.1984,0.4966,-1.52,-2.025
1702,BTCUSDT,LONG,spot,BREAKOUT_ONLY,2026-06-28 09:15:00+00:00,60229.1145,60199.7027,128.3743,2026-06-28 09:30:00+00:00,60378.88,2026-06-28 09:30:00+00:00,60378.88,0.0,0.0,2026-06-28 09:45:00+00:00,60409.0694,0.004099,247.64,60174.0278,60174.0278,0,2026-06-28 10:00:00+00:00,60083.7668,STOP_LOSS,1,-1.33,0.1981,0.197,0.4933,-1.73,-1.794
1703,SOLUSDT,LONG,spot,BREAKOUT_ONLY,2026-06-28 09:30:00+00:00,71.2242,71.1163,0.3062,2026-06-28 09:45:00+00:00,71.54,2026-06-28 09:45:00+00:00,71.54,0.0,0.0,2026-06-28 10:00:00+00:00,71.5658,2.432309,174.07,71.0551,71.715,3,2026-06-28 13:00:00+00:00,71.6075,TRAILING_STOP,12,0.1,0.1393,0.1393,0.3483,-0.18,-0.143
1704,BTCUSDT,LONG,spot,BREAKOUT_ONLY,2026-06-28 12:00:00+00:00,60233.5956,60217.297,126.8346,2026-06-28 12:15:00+00:00,60338.47,2026-06-28 12:15:00+00:00,60338.47,0.0,0.0,2026-06-28 12:30:00+00:00,60368.6292,0.004072,245.79,60191.9301,60191.9301,0,2026-06-28 13:00:00+00:00,60101.6422,STOP_LOSS,2,-1.09,0.1966,0.1958,0.49,-1.48,-2.056
1705,ETHUSDT,LONG,spot,BREAKOUT_ONLY,2026-06-28 12:15:00+00:00,1579.0344,1577.8257,4.5483,2026-06-28 12:45:00+00:00,1583.56,2026-06-28 12:45:00+00:00,1583.56,0.0,0.0,2026-06-28 13:00:00+00:00,1584.3518,0.154189,244.29,1576.916,1576.916,0,2026-06-28 16:15:00+00:00,1574.5506,STOP_LOSS,13,-1.51,0.1954,0.1942,0.4863,-1.9,-1.658
1706,SOLUSDT,LONG,spot,BREAKOUT_ONLY,2026-06-29 00:30:00+00:00,71.2436,71.0116,0.6433,2026-06-29 00:45:00+00:00,71.66,2026-06-29 00:45:00+00:00,71.66,0.0,0.0,2026-06-29 01:00:00+00:00,71.6958,1.506086,107.98,70.8829,70.8829,0,2026-06-29 02:00:00+00:00,70.7766,STOP_LOSS,4,-1.38,0.0864,0.0853,0.2139,-1.56,-1.271
1707,SOLUSDT,LONG,spot,BREAKOUT_ONLY,2026-06-29 01:30:00+00:00,71.2577,71.1473,0.6398,2026-06-29 02:15:00+00:00,71.78,2026-06-29 02:15:00+00:00,71.78,0.0,0.0,2026-06-29 02:30:00+00:00,71.8259,1.508234,108.33,71.0193,72.229,6,2026-06-29 04:30:00+00:00,72.1206,TRAILING_STOP,8,0.44,0.0867,0.087,0.2173,0.27,0.223
1708,ETHUSDT,LONG,spot,BREAKOUT_ONLY,2026-06-29 03:00:00+00:00,1573.7202,1570.7019,10.9217,2026-06-29 03:15:00+00:00,1587.12,2026-06-29 03:15:00+00:00,1587.12,0.0,0.0,2026-06-29 03:30:00+00:00,1587.9236,0.06302,100.07,1568.5175,1568.5175,0,2026-06-29 05:00:00+00:00,1566.1648,STOP_LOSS,6,-1.37,0.0801,0.079,0.1981,-1.53,-1.251
1709,ETHUSDT,LONG,spot,BREAKOUT_ONLY,2026-06-29 06:00:00+00:00,1576.4189,1574.298,7.6076,2026-06-29 06:15:00+00:00,1583.16,2026-06-29 06:15:00+00:00,1583.16,0.0,0.0,2026-06-29 06:30:00+00:00,1583.9616,0.108198,171.38,1572.7765,1572.7765,0,2026-06-29 08:15:00+00:00,1570.4174,STOP_LOSS,7,-1.47,0.1371,0.1359,0.3406,-1.74,-1.437
1711,ETHUSDT,LONG,spot,BREAKOUT_ONLY,2026-06-29 10:00:00+00:00,1577.5688,1575.8277,6.2311,2026-06-29 10:15:00+00:00,1581.76,2026-06-29 10:15:00+00:00,1581.76,0.0,0.0,2026-06-29 10:30:00+00:00,1582.5409,0.150235,237.75,1574.5815,1574.5815,0,2026-06-29 11:00:00+00:00,1572.2196,STOP_LOSS,2,-1.55,0.1902,0.189,0.4732,-1.93,-1.614
1710,BTCUSDT,LONG,spot,BREAKOUT_ONLY,2026-06-29 06:15:00+00:00,59849.5331,59766.7258,240.2776,2026-06-29 06:30:00+00:00,60080.52,2026-06-29 06:30:00+00:00,60080.52,0.0,0.0,2026-06-29 06:45:00+00:00,60110.5703,0.003085,185.42,59718.6703,59718.6703,0,2026-06-29 12:00:00+00:00,59629.0923,STOP_LOSS,21,-1.49,0.1483,0.1472,0.3686,-1.78,-1.473
1712,BTCUSDT,LONG,spot,BREAKOUT_ONLY,2026-06-29 12:00:00+00:00,60053.3912,59917.1917,322.6052,2026-06-29 12:15:00+00:00,60440.01,2026-06-29 12:15:00+00:00,60440.01,0.0,0.0,2026-06-29 12:30:00+00:00,60470.23,0.001916,115.83,59852.6707,59852.6707,0,2026-06-29 12:45:00+00:00,59762.8916,STOP_LOSS,1,-1.35,0.0927,0.0916,0.2296,-1.54,-1.301
1713,ETHUSDT,LONG,spot,BREAKOUT_ONLY,2026-06-29 12:00:00+00:00,1578.3535,1576.2408,9.1329,2026-06-29 12:15:00+00:00,1590.57,2026-06-29 12:15:00+00:00,1590.57,0.0,0.0,2026-06-29 12:30:00+00:00,1591.3753,0.069746,110.99,1574.4143,1574.4143,0,2026-06-29 12:45:00+00:00,1572.0526,STOP_LOSS,1,-1.35,0.0888,0.0877,0.22,-1.52,-1.288
1714,ETHUSDT,LONG,spot,BREAKOUT_ONLY,2026-06-29 16:00:00+00:00,1575.7531,1575.1359,10.6419,2026-06-29 16:30:00+00:00,1585.49,2026-06-29 16:30:00+00:00,1585.49,0.0,0.0,2026-06-29 16:45:00+00:00,1586.2827,0.087957,139.52,1573.0075,1618.0962,8,2026-06-29 19:00:00+00:00,1615.6691,TRAILING_STOP,9,2.58,0.1116,0.1137,0.2829,2.36,2.021
1715,BTCUSDT,LONG,spot,BREAKOUT_ONLY,2026-06-29 17:00:00+00:00,59860.5923,59811.1842,349.0391,2026-06-29 17:15:00+00:00,60544.01,2026-06-29 17:15:00+00:00,60544.01,0.0,0.0,2026-06-29 17:30:00+00:00,60574.272,0.001425,86.3,59741.3764,59741.3764,0,2026-06-30 00:30:00+00:00,59651.7644,STOP_LOSS,28,-1.31,0.069,0.068,0.1706,-1.45,-1.223
1717,ETHUSDT,LONG,spot,BREAKOUT_ONLY,2026-07-01 02:45:00+00:00,1578.2935,1575.479,7.7643,2026-07-01 03:00:00+00:00,1585.53,2026-07-01 03:00:00+00:00,1585.53,0.0,0.0,2026-07-01 03:15:00+00:00,1586.3228,0.094705,150.23,1573.9261,1592.0013,8,2026-07-01 05:45:00+00:00,1589.6133,TRAILING_STOP,10,0.31,0.1202,0.1204,0.3009,0.07,0.06
1716,SOLUSDT,LONG,spot,BREAKOUT_ONLY,2026-07-01 00:30:00+00:00,73.5729,73.518,0.2801,2026-07-01 01:30:00+00:00,74.21,2026-07-01 01:30:00+00:00,74.21,0.0,0.0,2026-07-01 01:45:00+00:00,74.2371,1.512344,112.27,73.462,75.064,13,2026-07-01 06:00:00+00:00,74.9514,TRAILING_STOP,17,1.08,0.0898,0.0907,0.2262,0.9,0.768
1718,BTCUSDT,LONG,spot,BREAKOUT_ONLY,2026-07-01 14:15:00+00:00,58989.1231,58883.5064,330.6876,2026-07-01 14:30:00+00:00,59603.99,2026-07-01 14:30:00+00:00,59603.99,0.0,0.0,2026-07-01 14:45:00+00:00,59633.782,0.001442,85.98,58817.3689,59945.4184,6,2026-07-01 16:45:00+00:00,59855.5002,TRAILING_STOP,8,0.32,0.0688,0.069,0.1724,0.18,0.154
1719,ETHUSDT,LONG,spot,BREAKOUT_ONLY,2026-07-01 14:15:00+00:00,1583.06,1580.2752,10.0494,2026-07-01 14:30:00+00:00,1598.8,2026-07-01 14:30:00+00:00,1598.8,0.0,0.0,2026-07-01 14:45:00+00:00,1599.6094,0.055146,88.21,1578.2653,1611.5351,6,2026-07-01 17:00:00+00:00,1609.1178,TRAILING_STOP,9,0.52,0.0706,0.071,0.1772,0.38,0.325
1720,BNBUSDT,LONG,spot,BREAKOUT_ONLY,2026-07-02 02:30:00+00:00,550.7945,550.1268,1.5336,2026-07-02 03:15:00+00:00,552.66,2026-07-02 03:15:00+00:00,552.66,0.0,0.0,2026-07-02 03:30:00+00:00,552.9263,0.379832,210.02,549.8201,556.276,1,2026-07-02 04:00:00+00:00,555.4416,TRAILING_STOP,2,0.96,0.168,0.1688,0.4215,0.62,0.524
1721,BNBUSDT,LONG,spot,BREAKOUT_ONLY,2026-07-02 09:15:00+00:00,551.1608,550.7146,1.1548,2026-07-02 09:30:00+00:00,554.89,2026-07-02 09:30:00+00:00,554.89,0.0,0.0,2026-07-02 09:45:00+00:00,555.1774,0.252024,139.92,550.4836,561.6524,7,2026-07-02 14:15:00+00:00,560.8099,TRAILING_STOP,18,1.42,0.1119,0.1131,0.282,1.19,1.01
1722,SOLUSDT,LONG,spot,BREAKOUT_ONLY,2026-07-04 16:00:00+00:00,82.0385,81.9341,0.3082,2026-07-04 16:15:00+00:00,82.24,2026-07-04 16:15:00+00:00,82.24,0.0,0.0,2026-07-04 16:30:00+00:00,82.2811,2.861014,235.41,81.8725,82.2248,2,2026-07-04 18:15:00+00:00,82.1015,TRAILING_STOP,7,-0.51,0.1883,0.1879,0.47,-0.89,-0.761
1723,BNBUSDT,LONG,spot,BREAKOUT_ONLY,2026-07-05 08:15:00+00:00,573.0197,572.6448,1.3665,2026-07-05 08:30:00+00:00,576.81,2026-07-05 08:30:00+00:00,576.81,0.0,0.0,2026-07-05 08:45:00+00:00,577.0984,0.250582,144.61,572.3715,582.2822,4,2026-07-05 13:30:00+00:00,581.4088,TRAILING_STOP,19,1.08,0.1157,0.1166,0.2908,0.85,0.716
1724,ETHUSDT,LONG,spot,BREAKOUT_ONLY,2026-07-05 14:45:00+00:00,1766.3013,1765.4876,4.2837,2026-07-05 15:00:00+00:00,1774.5,2026-07-05 15:00:00+00:00,1774.5,0.0,0.0,2026-07-05 15:15:00+00:00,1775.3872,0.110513,196.2,1764.6309,1777.7243,4,2026-07-05 20:15:00+00:00,1775.0577,TRAILING_STOP,20,-0.04,0.157,0.1569,0.3924,-0.35,-0.295
1725,BTCUSDT,LONG,spot,BREAKOUT_ONLY,2026-07-05 20:45:00+00:00,62758.9384,62742.3713,81.3537,2026-07-05 21:15:00+00:00,62922.01,2026-07-05 21:15:00+00:00,62922.01,0.0,0.0,2026-07-05 21:30:00+00:00,62953.461,0.003733,235.02,62726.1006,63574.9973,7,2026-07-06 00:00:00+00:00,63479.6348,TRAILING_STOP,10,1.96,0.188,0.1896,0.473,1.59,1.869
1726,SOLUSDT,LONG,spot,BREAKOUT_ONLY,2026-07-05 21:15:00+00:00,81.0907,81.0129,0.2499,2026-07-05 21:30:00+00:00,81.65,2026-07-05 21:30:00+00:00,81.65,0.0,0.0,2026-07-05 21:45:00+00:00,81.7008,1.610754,131.6,80.9629,80.9629,0,2026-07-06 02:45:00+00:00,80.8415,STOP_LOSS,20,-1.38,0.1053,0.1042,0.2611,-1.59,-1.341
1727,SOLUSDT,LONG,spot,BREAKOUT_ONLY,2026-07-06 16:15:00+00:00,80.8083,80.6831,0.6216,2026-07-06 16:30:00+00:00,82.06,2026-07-06 16:30:00+00:00,82.06,0.0,0.0,2026-07-06 16:45:00+00:00,82.091,0.774637,63.59,80.5588,82.7139,1,2026-07-06 21:15:00+00:00,82.5898,TRAILING_STOP,18,0.39,0.0509,0.0512,0.1278,0.28,0.24
1728,ETHUSDT,LONG,spot,BREAKOUT_ONLY,2026-07-06 16:30:00+00:00,1769.7189,1767.5523,14.1051,2026-07-06 16:45:00+00:00,1792.51,2026-07-06 16:45:00+00:00,1792.51,0.0,0.0,2026-07-06 17:00:00+00:00,1793.3963,0.041379,74.21,1764.7313,1813.069,2,2026-07-06 21:30:00+00:00,1810.3494,TRAILING_STOP,18,0.7,0.0594,0.0599,0.1495,0.58,0.491
1729,SOLUSDT,LONG,spot,BREAKOUT_ONLY,2026-07-07 12:15:00+00:00,81.3897,81.3421,0.3137,2026-07-07 12:30:00+00:00,81.71,2026-07-07 12:30:00+00:00,81.71,0.0,0.0,2026-07-07 12:45:00+00:00,81.7408,2.581132,210.98,81.2793,81.2793,0,2026-07-07 13:00:00+00:00,81.1574,STOP_LOSS,1,-1.51,0.1688,0.1676,0.4197,-1.84,-1.547
1730,BTCUSDT,LONG,spot,BREAKOUT_ONLY,2026-07-07 12:30:00+00:00,63371.9611,63345.9334,186.2542,2026-07-07 12:45:00+00:00,63481.39,2026-07-07 12:45:00+00:00,63481.39,0.0,0.0,2026-07-07 13:00:00+00:00,63513.1307,0.003685,234.05,63308.6826,63308.6826,0,2026-07-07 13:15:00+00:00,63213.7196,STOP_LOSS,1,-1.1,0.1872,0.1864,0.4664,-1.48,-1.96
1732,ETHUSDT,LONG,spot,BREAKOUT_ONLY,2026-07-07 15:00:00+00:00,1779.297,1777.7501,11.2124,2026-07-07 15:15:00+00:00,1792.73,2026-07-07 15:15:00+00:00,1792.73,0.0,0.0,2026-07-07 15:30:00+00:00,1793.6364,0.064796,116.22,1775.5076,1797.7898,8,2026-07-07 18:45:00+00:00,1795.0931,TRAILING_STOP,13,0.09,0.093,0.0931,0.2326,-0.09,-0.078
1731,BTCUSDT,LONG,spot,BREAKOUT_ONLY,2026-07-07 15:00:00+00:00,63325.9545,63288.4311,332.47,2026-07-07 15:15:00+00:00,63752.01,2026-07-07 15:15:00+00:00,63752.01,0.0,0.0,2026-07-07 15:30:00+00:00,63783.886,0.00209,133.33,63221.9371,63221.9371,0,2026-07-07 22:00:00+00:00,63127.1042,STOP_LOSS,26,-1.37,0.1067,0.1056,0.2646,-1.59,-1.349
1733,BTCUSDT,LONG,spot,BREAKOUT_ONLY,2026-07-08 00:00:00+00:00,63596.4368,63526.6674,175.6576,2026-07-08 00:30:00+00:00,63711.99,2026-07-08 00:30:00+00:00,63711.99,0.0,0.0,2026-07-08 00:45:00+00:00,63743.846,0.003623,230.92,63491.5358,63491.5358,0,2026-07-08 01:00:00+00:00,63396.2985,STOP_LOSS,1,-1.26,0.1847,0.1837,0.46,-1.63,-1.781
1734,BNBUSDT,LONG,spot,BREAKOUT_ONLY,2026-07-09 18:00:00+00:00,570.9756,570.2213,1.5663,2026-07-09 18:15:00+00:00,572.77,2026-07-09 18:15:00+00:00,572.77,0.0,0.0,2026-07-09 18:30:00+00:00,573.0664,0.366697,210.14,569.9081,569.9081,0,2026-07-09 20:00:00+00:00,569.0532,STOP_LOSS,6,-1.47,0.1681,0.1669,0.4181,-1.81,-1.56
1735,ETHUSDT,LONG,spot,BREAKOUT_ONLY,2026-07-09 18:15:00+00:00,1745.3738,1744.767,7.1516,2026-07-09 18:30:00+00:00,1754.34,2026-07-09 18:30:00+00:00,1754.34,0.0,0.0,2026-07-09 18:45:00+00:00,1755.2072,0.097308,170.8,1743.3367,1743.3367,0,2026-07-09 23:15:00+00:00,1740.7217,STOP_LOSS,18,-1.41,0.1366,0.1355,0.3395,-1.68,-1.456
1736,BNBUSDT,LONG,spot,BREAKOUT_ONLY,2026-07-10 01:30:00+00:00,570.4426,570.3139,1.1831,2026-07-10 01:45:00+00:00,574.95,2026-07-10 01:45:00+00:00,574.95,0.0,0.0,2026-07-10 02:00:00+00:00,575.2375,0.221056,127.16,570.0772,570.0772,0,2026-07-10 10:00:00+00:00,575.3522,TIME_EXIT_8H,32,0.03,0.1017,0.1017,0.1272,-0.18,-0.156
1737,ETHUSDT,LONG,spot,BREAKOUT_ONLY,2026-07-10 01:45:00+00:00,1748.3982,1746.5859,8.2864,2026-07-10 02:00:00+00:00,1768.61,2026-07-10 02:00:00+00:00,1768.61,0.0,0.0,2026-07-10 02:15:00+00:00,1769.5043,0.04635,82.02,1744.9286,1785.0598,3,2026-07-10 10:15:00+00:00,1799.4498,TIME_EXIT_8H,32,1.39,0.0656,0.0667,0.0827,1.26,1.102
1738,BNBUSDT,LONG,spot,BREAKOUT_ONLY,2026-07-11 06:00:00+00:00,575.1961,574.819,0.8262,2026-07-11 06:30:00+00:00,575.91,2026-07-11 06:30:00+00:00,575.91,0.0,0.0,2026-07-11 06:45:00+00:00,576.188,0.39384,226.93,574.6538,577.9835,5,2026-07-11 09:30:00+00:00,577.1165,TRAILING_STOP,11,0.37,0.1815,0.1818,0.4544,0.0,0.004
1739,SOLUSDT,LONG,spot,BREAKOUT_ONLY,2026-07-11 14:15:00+00:00,78.1201,78.047,0.168,2026-07-11 14:30:00+00:00,78.58,2026-07-11 14:30:00+00:00,78.58,0.0,0.0,2026-07-11 14:45:00+00:00,78.6193,1.891462,148.71,78.0134,78.0134,0,2026-07-11 15:45:00+00:00,77.8963,STOP_LOSS,4,-1.37,0.119,0.1179,0.2954,-1.6,-1.4
1740,ETHUSDT,LONG,spot,BREAKOUT_ONLY,2026-07-12 12:15:00+00:00,1803.663,1802.7459,3.6304,2026-07-12 12:30:00+00:00,1805.99,2026-07-12 12:30:00+00:00,1805.99,0.0,0.0,2026-07-12 12:45:00+00:00,1806.893,0.124711,225.34,1802.0198,1817.9707,9,2026-07-12 17:45:00+00:00,1815.2438,TRAILING_STOP,20,1.04,0.1803,0.1811,0.4522,0.68,1.119
1741,BTCUSDT,LONG,spot,BREAKOUT_ONLY,2026-07-12 15:15:00+00:00,64052.6739,64024.1218,96.2012,2026-07-12 15:30:00+00:00,64152.9,2026-07-12 15:30:00+00:00,64152.9,0.0,0.0,2026-07-12 15:45:00+00:00,64184.9764,0.003508,225.16,64004.8815,64004.8815,0,2026-07-12 21:45:00+00:00,63908.8742,STOP_LOSS,24,-0.97,0.1801,0.1794,0.4489,-1.33,-2.102
1742,ETHUSDT,LONG,spot,BREAKOUT_ONLY,2026-07-12 23:30:00+00:00,1812.1269,1810.077,5.1371,2026-07-13 00:00:00+00:00,1840.05,2026-07-13 00:00:00+00:00,1840.05,0.0,0.0,2026-07-13 00:15:00+00:00,1840.98,0.035541,65.43,1809.0496,1809.0496,0,2026-07-13 00:30:00+00:00,1806.336,STOP_LOSS,1,-1.23,0.0523,0.0514,0.129,-1.33,-1.176
1743,ETHUSDT,LONG,spot,BREAKOUT_ONLY,2026-07-13 00:45:00+00:00,1816.1655,1811.3999,12.7034,2026-07-13 01:00:00+00:00,1822.52,2026-07-13 01:00:00+00:00,1822.52,0.0,0.0,2026-07-13 01:15:00+00:00,1823.4213,0.077473,141.27,1808.8592,1808.8592,0,2026-07-13 01:45:00+00:00,1806.1459,STOP_LOSS,2,-1.34,0.113,0.1119,0.2805,-1.56,-1.386
1744,BNBUSDT,LONG,spot,BREAKOUT_ONLY,2026-07-16 01:30:00+00:00,580.1646,579.6347,1.4378,2026-07-16 03:00:00+00:00,581.05,2026-07-16 03:00:00+00:00,581.05,0.0,0.0,2026-07-16 03:15:00+00:00,581.3305,0.381588,221.83,579.3471,583.4266,3,2026-07-16 06:00:00+00:00,582.5514,TRAILING_STOP,11,0.47,0.1775,0.1778,0.4444,0.11,0.146
1745,SOLUSDT,LONG,spot,BREAKOUT_ONLY,2026-07-18 18:00:00+00:00,75.072,75.0042,0.1963,2026-07-18 18:15:00+00:00,75.46,2026-07-18 18:15:00+00:00,75.46,0.0,0.0,2026-07-18 18:30:00+00:00,75.4977,2.104039,158.85,74.965,75.9188,1,2026-07-19 02:30:00+00:00,76.2519,TIME_EXIT_8H,32,1.59,0.1271,0.1283,0.1596,1.33,1.188
1746,ETHUSDT,LONG,spot,BREAKOUT_ONLY,2026-07-18 18:15:00+00:00,1847.2963,1845.1538,5.4349,2026-07-18 18:30:00+00:00,1855.13,2026-07-18 18:30:00+00:00,1855.13,0.0,0.0,2026-07-18 18:45:00+00:00,1856.0576,0.093245,173.07,1844.0668,1867.2278,2,2026-07-19 02:45:00+00:00,1870.5043,TIME_EXIT_8H,32,1.35,0.1385,0.1395,0.1737,1.07,0.956
1747,BNBUSDT,LONG,spot,BREAKOUT_ONLY,2026-07-19 16:00:00+00:00,569.1313,568.9518,0.8279,2026-07-19 16:15:00+00:00,569.99,2026-07-19 16:15:00+00:00,569.99,0.0,0.0,2026-07-19 16:30:00+00:00,570.265,0.393352,224.31,568.7862,568.7862,0,2026-07-19 16:45:00+00:00,567.933,STOP_LOSS,1,-0.92,0.1795,0.1787,0.4473,-1.28,-2.193
1748,BNBUSDT,LONG,spot,BREAKOUT_ONLY,2026-07-19 21:15:00+00:00,568.9442,568.7586,0.6542,2026-07-19 22:00:00+00:00,570.49,2026-07-19 22:00:00+00:00,570.49,0.0,0.0,2026-07-19 22:15:00+00:00,570.7853,0.390781,223.05,568.6278,571.1931,2,2026-07-20 00:45:00+00:00,570.3363,TRAILING_STOP,10,-0.18,0.1784,0.1783,0.4458,-0.53,-0.631
1749,BTCUSDT,LONG,spot,BREAKOUT_ONLY,2026-07-19 22:00:00+00:00,64524.5963,64497.8938,118.8105,2026-07-19 22:15:00+00:00,64760.01,2026-07-19 22:15:00+00:00,64760.01,0.0,0.0,2026-07-19 22:30:00+00:00,64792.38,0.00344,222.88,64474.1317,64474.1317,0,2026-07-20 00:45:00+00:00,64377.4205,STOP_LOSS,9,-1.43,0.1783,0.1772,0.4436,-1.78,-1.629
1751,ETHUSDT,LONG,spot,BREAKOUT_ONLY,2026-07-20 10:45:00+00:00,1866.1001,1864.6463,5.0497,2026-07-20 11:00:00+00:00,1874.95,2026-07-20 11:00:00+00:00,1874.95,0.0,0.0,2026-07-20 11:15:00+00:00,1875.8875,0.09078,170.29,1863.6364,1881.2564,2,2026-07-20 12:00:00+00:00,1878.4345,TRAILING_STOP,3,0.23,0.1362,0.1364,0.3409,-0.04,-0.037
1750,SOLUSDT,LONG,spot,BREAKOUT_ONLY,2026-07-20 07:45:00+00:00,76.2449,76.1401,0.2999,2026-07-20 09:15:00+00:00,76.57,2026-07-20 09:15:00+00:00,76.57,0.0,0.0,2026-07-20 09:30:00+00:00,76.6183,2.071678,158.73,76.0801,76.6989,6,2026-07-20 13:15:00+00:00,76.5838,TRAILING_STOP,15,-0.07,0.127,0.1269,0.3173,-0.33,-0.292
1752,ETHUSDT,LONG,spot,BREAKOUT_ONLY,2026-07-20 11:45:00+00:00,1870.8261,1867.3758,7.6218,2026-07-20 12:00:00+00:00,1880.45,2026-07-20 12:00:00+00:00,1880.45,0.0,0.0,2026-07-20 12:15:00+00:00,1881.3802,0.071899,135.27,1865.8514,1865.8514,0,2026-07-20 13:45:00+00:00,1863.0527,STOP_LOSS,6,-1.32,0.1082,0.1072,0.2686,-1.53,-1.373
1753,BTCUSDT,LONG,spot,BREAKOUT_ONLY,2026-07-20 13:15:00+00:00,64508.1086,64464.8726,186.2202,2026-07-20 13:30:00+00:00,64650.66,2026-07-20 13:30:00+00:00,64650.66,0.0,0.0,2026-07-20 13:45:00+00:00,64682.9953,0.003384,218.88,64427.6285,64427.6285,0,2026-07-20 14:00:00+00:00,64247.494,STOP_LOSS,1,-1.47,0.1751,0.1739,0.4355,-1.82,-2.109
1754,BTCUSDT,LONG,spot,BREAKOUT_ONLY,2026-07-20 14:15:00+00:00,64485.3673,64461.6383,259.2816,2026-07-20 15:00:00+00:00,64968.0,2026-07-20 15:00:00+00:00,64968.0,0.0,0.0,2026-07-20 15:15:00+00:00,65000.474,0.001856,120.64,64409.7819,65357.7456,10,2026-07-20 18:30:00+00:00,65259.709,TRAILING_STOP,13,0.48,0.0965,0.0969,0.242,0.29,0.262
1755,ETHUSDT,LONG,spot,BREAKOUT_ONLY,2026-07-20 14:15:00+00:00,1870.3994,1868.0756,9.5845,2026-07-20 15:00:00+00:00,1885.4,2026-07-20 15:00:00+00:00,1885.4,0.0,0.0,2026-07-20 15:15:00+00:00,1886.3427,0.054317,102.46,1866.1587,1900.2564,9,2026-07-20 18:45:00+00:00,1897.406,TRAILING_STOP,14,0.6,0.082,0.0824,0.2058,0.44,0.398
1756,ETHUSDT,LONG,spot,BREAKOUT_ONLY,2026-07-22 10:15:00+00:00,1924.8198,1923.1179,4.6766,2026-07-22 10:30:00+00:00,1930.89,2026-07-22 10:30:00+00:00,1930.89,0.0,0.0,2026-07-22 10:45:00+00:00,1931.8554,0.112737,217.79,1922.1826,1922.1826,0,2026-07-22 12:30:00+00:00,1919.2993,STOP_LOSS,7,-1.42,0.1742,0.1731,0.4335,-1.76,-1.617
1758,SOLUSDT,LONG,spot,BREAKOUT_ONLY,2026-07-22 15:00:00+00:00,77.7464,77.6659,0.3761,2026-07-22 15:15:00+00:00,78.67,2026-07-22 15:15:00+00:00,78.67,0.0,0.0,2026-07-22 15:30:00+00:00,78.7093,0.975898,76.81,77.5907,77.5907,0,2026-07-22 18:30:00+00:00,77.4743,STOP_LOSS,12,-1.21,0.0614,0.0605,0.1518,-1.33,-1.216
1757,ETHUSDT,LONG,spot,BREAKOUT_ONLY,2026-07-22 13:30:00+00:00,1925.1517,1924.1724,6.6934,2026-07-22 13:45:00+00:00,1939.93,2026-07-22 13:45:00+00:00,1939.93,0.0,0.0,2026-07-22 14:00:00+00:00,1940.89,0.06043,117.29,1922.8337,1922.8337,0,2026-07-22 19:00:00+00:00,1919.9494,STOP_LOSS,20,-1.27,0.0938,0.0928,0.2327,-1.45,-1.331
1759,ETHUSDT,LONG,spot,BREAKOUT_ONLY,2026-07-22 20:30:00+00:00,1931.6064,1928.9334,6.0423,2026-07-22 21:30:00+00:00,1935.62,2026-07-22 21:30:00+00:00,1935.62,0.0,0.0,2026-07-22 21:45:00+00:00,1936.5878,0.11014,213.3,1927.7249,1927.7249,0,2026-07-22 23:00:00+00:00,1924.8333,STOP_LOSS,5,-1.29,0.1706,0.1696,0.4246,-1.63,-1.675
1760,ETHUSDT,LONG,spot,BREAKOUT_ONLY,2026-07-22 23:30:00+00:00,1931.9288,1929.6181,5.965,2026-07-23 00:00:00+00:00,1935.13,2026-07-23 00:00:00+00:00,1935.13,0.0,0.0,2026-07-23 00:15:00+00:00,1936.1076,0.109331,211.68,1928.4251,1928.4251,0,2026-07-23 01:15:00+00:00,1925.5324,STOP_LOSS,4,-1.16,0.1693,0.1684,0.4216,-1.49,-1.779
1761,SOLUSDT,LONG,spot,BREAKOUT_ONLY,2026-07-22 22:30:00+00:00,77.8992,77.8624,0.2423,2026-07-23 00:00:00+00:00,78.3,2026-07-23 00:00:00+00:00,78.3,0.0,0.0,2026-07-23 00:15:00+00:00,78.3492,1.997305,156.49,77.8139,77.8139,0,2026-07-23 02:00:00+00:00,77.6972,STOP_LOSS,7,-1.3,0.1252,0.1241,0.311,-1.55,-1.451
1762,BNBUSDT,LONG,spot,BREAKOUT_ONLY,2026-07-24 07:15:00+00:00,568.6284,568.258,1.0463,2026-07-24 07:45:00+00:00,569.5,2026-07-24 07:45:00+00:00,569.5,0.0,0.0,2026-07-24 08:00:00+00:00,569.7948,0.366205,208.66,568.0488,568.0488,0,2026-07-24 09:00:00+00:00,567.1967,STOP_LOSS,4,-0.95,0.1669,0.1662,0.4159,-1.28,-2.009
1763,BNBUSDT,LONG,spot,BREAKOUT_ONLY,2026-07-27 13:00:00+00:00,573.4902,573.0192,1.022,2026-07-27 13:30:00+00:00,576.68,2026-07-27 13:30:00+00:00,576.68,0.0,0.0,2026-07-27 13:45:00+00:00,576.9683,0.252178,145.5,572.8148,572.8148,0,2026-07-27 14:15:00+00:00,571.9556,STOP_LOSS,2,-1.26,0.1164,0.1154,0.2891,-1.5,-1.428
1764,BNBUSDT,LONG,spot,BREAKOUT_ONLY,2026-07-27 18:00:00+00:00,572.5547,572.2347,1.4606,2026-07-27 18:15:00+00:00,575.14,2026-07-27 18:15:00+00:00,575.14,0.0,0.0,2026-07-27 18:30:00+00:00,575.4376,0.297556,171.22,571.9426,571.9426,0,2026-07-27 22:30:00+00:00,571.0847,STOP_LOSS,16,-1.3,0.137,0.1359,0.3405,-1.57,-1.508
1765,BNBUSDT,LONG,spot,BREAKOUT_ONLY,2026-07-28 15:45:00+00:00,568.8239,567.7829,2.283,2026-07-28 16:00:00+00:00,573.62,2026-07-28 16:00:00+00:00,573.62,0.0,0.0,2026-07-28 16:15:00+00:00,573.9168,0.156605,89.88,567.3263,567.3263,0,2026-07-28 17:30:00+00:00,566.4753,STOP_LOSS,5,-1.17,0.0719,0.071,0.178,-1.31,-1.268
1766,ETHUSDT,LONG,spot,BREAKOUT_ONLY,2026-07-29 05:30:00+00:00,1907.9367,1907.0447,7.7075,2026-07-29 05:45:00+00:00,1912.54,2026-07-29 05:45:00+00:00,1912.54,0.0,0.0,2026-07-29 06:00:00+00:00,1913.4863,0.106121,203.06,1905.5032,1913.4229,5,2026-07-29 08:15:00+00:00,1910.5528,TRAILING_STOP,9,-0.31,0.1624,0.1622,0.4057,-0.64,-0.751
1767,BNBUSDT,LONG,spot,BREAKOUT_ONLY,2026-07-29 06:15:00+00:00,569.6973,569.532,1.1507,2026-07-29 06:30:00+00:00,571.85,2026-07-29 06:30:00+00:00,571.85,0.0,0.0,2026-07-29 06:45:00+00:00,572.1459,0.354631,202.9,569.3019,569.3019,0,2026-07-29 12:15:00+00:00,568.4479,STOP_LOSS,22,-1.31,0.1623,0.1613,0.4038,-1.64,-1.621
1768,BTCUSDT,LONG,spot,BREAKOUT_ONLY,2026-07-29 18:30:00+00:00,64165.8773,64115.5207,327.5059,2026-07-29 18:45:00+00:00,64501.52,2026-07-29 18:45:00+00:00,64501.52,0.0,0.0,2026-07-29 19:00:00+00:00,64533.7708,0.002097,135.3,64050.0195,64050.0195,0,2026-07-29 19:15:00+00:00,63953.9445,STOP_LOSS,1,-1.22,0.1082,0.1073,0.2688,-1.43,-1.411
1769,ETHUSDT,LONG,spot,BREAKOUT_ONLY,2026-07-29 18:30:00+00:00,1907.4037,1904.7197,13.4805,2026-07-29 18:45:00+00:00,1920.55,2026-07-29 18:45:00+00:00,1920.55,0.0,0.0,2026-07-29 19:00:00+00:00,1921.5203,0.052019,99.96,1902.0236,1902.0236,0,2026-07-29 19:15:00+00:00,1899.1705,STOP_LOSS,1,-1.16,0.08,0.079,0.1982,-1.32,-1.303
1771,ETHUSDT,LONG,spot,BREAKOUT_ONLY,2026-07-29 23:45:00+00:00,1905.0365,1902.933,7.0783,2026-07-30 00:00:00+00:00,1912.2,2026-07-30 00:00:00+00:00,1912.2,0.0,0.0,2026-07-30 00:15:00+00:00,1913.1461,0.086206,164.92,1901.5173,1901.5173,0,2026-07-30 00:30:00+00:00,1898.6651,STOP_LOSS,1,-1.25,0.1319,0.1309,0.328,-1.51,-1.508
1770,BNBUSDT,LONG,spot,BREAKOUT_ONLY,2026-07-29 22:15:00+00:00,569.6882,569.3486,1.7168,2026-07-29 22:30:00+00:00,570.97,2026-07-29 22:30:00+00:00,570.97,0.0,0.0,2026-07-29 22:45:00+00:00,571.2555,0.346759,198.09,569.0052,574.9045,7,2026-07-30 02:45:00+00:00,574.0421,TRAILING_STOP,16,0.97,0.1585,0.1592,0.3976,0.65,0.831
1772,ETHUSDT,LONG,spot,BREAKOUT_ONLY,2026-07-30 01:45:00+00:00,1905.7096,1904.429,8.7385,2026-07-30 02:00:00+00:00,1916.84,2026-07-30 02:00:00+00:00,1916.84,0.0,0.0,2026-07-30 02:15:00+00:00,1917.7884,0.066205,126.97,1902.6813,1902.6813,0,2026-07-30 04:45:00+00:00,1899.8273,STOP_LOSS,10,-1.19,0.1016,0.1006,0.2521,-1.39,-1.391
1773,BTCUSDT,LONG,spot,BREAKOUT_ONLY,2026-07-30 02:15:00+00:00,64023.4262,63998.8216,185.583,2026-07-30 02:30:00+00:00,64320.0,2026-07-30 02:30:00+00:00,64320.0,0.0,0.0,2026-07-30 02:45:00+00:00,64352.16,0.002544,163.73,63961.705,63961.705,0,2026-07-30 05:00:00+00:00,63865.7624,STOP_LOSS,9,-1.24,0.131,0.13,0.3256,-1.5,-1.508
1774,BTCUSDT,LONG,spot,BREAKOUT_ONLY,2026-07-30 08:15:00+00:00,64069.3333,64049.3799,143.5779,2026-07-30 08:30:00+00:00,64348.0,2026-07-30 08:30:00+00:00,64348.0,0.0,0.0,2026-07-30 08:45:00+00:00,64380.164,0.002731,175.8,64020.6643,64794.413,6,2026-07-30 13:30:00+00:00,64697.2214,TRAILING_STOP,19,0.87,0.1406,0.1413,0.3529,0.58,0.595
1775,ETHUSDT,LONG,spot,BREAKOUT_ONLY,2026-07-30 08:30:00+00:00,1907.1796,1906.3214,5.9901,2026-07-30 08:45:00+00:00,1914.99,2026-07-30 08:45:00+00:00,1914.99,0.0,0.0,2026-07-30 09:00:00+00:00,1915.9475,0.090667,173.71,1905.1234,1918.9565,1,2026-07-30 13:30:00+00:00,1916.078,TRAILING_STOP,18,0.01,0.139,0.139,0.3474,-0.27,-0.271
1776,BNBUSDT,LONG,spot,BREAKOUT_ONLY,2026-08-01 01:30:00+00:00,588.3727,588.105,0.7731,2026-08-01 01:45:00+00:00,589.99,2026-08-01 01:45:00+00:00,589.99,0.0,0.0,2026-08-01 02:00:00+00:00,590.295,0.329814,194.69,587.9504,590.8026,4,2026-08-01 05:30:00+00:00,589.9164,TRAILING_STOP,14,-0.12,0.1557,0.1557,0.3892,-0.44,-0.564
1777,BTCUSDT,LONG,spot,BREAKOUT_ONLY,2026-08-02 17:45:00+00:00,63193.6425,63172.8844,72.9468,2026-08-02 18:00:00+00:00,63312.66,2026-08-02 18:00:00+00:00,63312.66,0.0,0.0,2026-08-02 18:15:00+00:00,63344.3163,0.003067,194.26,63158.295,63413.6299,1,2026-08-02 18:45:00+00:00,63318.5094,TRAILING_STOP,2,-0.08,0.1554,0.1553,0.3884,-0.39,-0.683
1778,ETHUSDT,LONG,spot,BREAKOUT_ONLY,2026-08-02 18:15:00+00:00,1864.3094,1863.7298,3.1695,2026-08-02 18:30:00+00:00,1881.56,2026-08-02 18:30:00+00:00,1881.56,0.0,0.0,2026-08-02 18:45:00+00:00,1882.4107,0.050694,95.43,1863.0959,1863.0959,0,2026-08-03 02:45:00+00:00,1860.3012,STOP_LOSS,32,-1.12,0.0763,0.0754,0.1892,-1.27,-1.3
1779,BNBUSDT,LONG,spot,BREAKOUT_ONLY,2026-08-03 10:15:00+00:00,584.751,584.586,1.4056,2026-08-03 10:30:00+00:00,587.33,2026-08-03 10:30:00+00:00,587.33,0.0,0.0,2026-08-03 10:45:00+00:00,587.6237,0.29311,172.24,584.3049,591.5626,11,2026-08-03 18:30:00+00:00,590.6752,TRAILING_STOP,31,0.89,0.1378,0.1385,0.3458,0.62,0.635
1780,BTCUSDT,LONG,spot,BREAKOUT_ONLY,2026-08-03 14:45:00+00:00,63096.9142,62973.1369,296.0471,2026-08-03 15:00:00+00:00,63821.23,2026-08-03 15:00:00+00:00,63821.23,0.0,0.0,2026-08-03 15:15:00+00:00,63853.1506,0.001041,66.5,62913.9275,62913.9275,0,2026-08-03 23:15:00+00:00,63540.214,TIME_EXIT_8H,32,-0.33,0.0532,0.0529,0.0663,-0.43,-0.442
1781,ETHUSDT,LONG,spot,BREAKOUT_ONLY,2026-08-04 02:30:00+00:00,1861.9053,1861.7584,6.4223,2026-08-04 02:45:00+00:00,1866.17,2026-08-04 02:45:00+00:00,1866.17,0.0,0.0,2026-08-04 03:00:00+00:00,1867.1031,0.103258,192.79,1860.4739,1860.4739,0,2026-08-04 03:15:00+00:00,1857.22,STOP_LOSS,1,-1.02,0.1542,0.1534,0.3841,-1.33,-1.94
1782,ETHUSDT,LONG,spot,BREAKOUT_ONLY,2026-08-04 04:15:00+00:00,1862.9634,1862.0377,4.9624,2026-08-04 04:30:00+00:00,1871.09,2026-08-04 04:30:00+00:00,1871.09,0.0,0.0,2026-08-04 04:45:00+00:00,1872.0155,0.088153,165.02,1861.0452,1861.0452,0,2026-08-04 06:30:00+00:00,1858.2536,STOP_LOSS,7,-1.21,0.132,0.131,0.3282,-1.48,-1.526
1783,ETHUSDT,LONG,spot,BREAKOUT_ONLY,2026-08-04 11:00:00+00:00,1861.6107,1860.8568,5.3404,2026-08-04 11:15:00+00:00,1868.98,2026-08-04 11:15:00+00:00,1868.98,0.0,0.0,2026-08-04 11:30:00+00:00,1869.9145,0.094776,177.22,1859.7887,1871.3444,3,2026-08-04 13:15:00+00:00,1868.5374,TRAILING_STOP,7,-0.13,0.1418,0.1417,0.3543,-0.41,-0.431
1784,SOLUSDT,LONG,spot,BREAKOUT_ONLY,2026-08-04 11:15:00+00:00,73.5067,73.4516,0.1849,2026-08-04 11:30:00+00:00,73.83,2026-08-04 11:30:00+00:00,73.83,0.0,0.0,2026-08-04 11:45:00+00:00,73.8769,2.077466,153.48,73.4146,73.4146,0,2026-08-04 14:15:00+00:00,73.3045,STOP_LOSS,10,-1.19,0.1228,0.1218,0.3052,-1.43,-1.493
1785,ETHUSDT,LONG,spot,BREAKOUT_ONLY,2026-08-05 01:45:00+00:00,1870.93,1868.9443,4.852,2026-08-05 02:00:00+00:00,1876.78,2026-08-05 02:00:00+00:00,1876.78,0.0,0.0,2026-08-05 02:15:00+00:00,1877.7084,0.097637,183.33,1867.9739,1867.9739,0,2026-08-05 03:15:00+00:00,1865.1719,STOP_LOSS,4,-1.22,0.1467,0.1457,0.3648,-1.52,-1.595
1786,SOLUSDT,LONG,spot,BREAKOUT_ONLY,2026-08-05 02:00:00+00:00,73.913,73.8034,0.235,2026-08-05 02:15:00+00:00,74.21,2026-08-05 02:15:00+00:00,74.21,0.0,0.0,2026-08-05 02:30:00+00:00,74.2471,1.933414,143.55,73.7564,73.7564,0,2026-08-05 03:15:00+00:00,73.6457,STOP_LOSS,3,-1.16,0.1148,0.1139,0.2854,-1.39,-1.467
1787,ETHUSDT,LONG,spot,BREAKOUT_ONLY,2026-08-05 03:45:00+00:00,1870.9937,1869.2974,4.1859,2026-08-05 05:15:00+00:00,1874.47,2026-08-05 05:15:00+00:00,1874.47,0.0,0.0,2026-08-05 05:30:00+00:00,1875.4072,0.09881,185.31,1868.4602,1868.4602,0,2026-08-05 06:45:00+00:00,1865.6575,STOP_LOSS,5,-0.96,0.1482,0.1475,0.3692,-1.26,-1.834
1788,SOLUSDT,LONG,spot,BREAKOUT_ONLY,2026-08-05 04:30:00+00:00,73.912,73.8252,0.1849,2026-08-05 05:15:00+00:00,74.18,2026-08-05 05:15:00+00:00,74.18,0.0,0.0,2026-08-05 05:30:00+00:00,74.2071,2.234369,165.81,73.7882,73.7882,0,2026-08-05 07:15:00+00:00,73.6775,STOP_LOSS,7,-1.18,0.1326,0.1317,0.3298,-1.45,-1.547
1789,SOLUSDT,LONG,spot,BREAKOUT_ONLY,2026-08-05 08:00:00+00:00,73.9527,73.866,0.1747,2026-08-05 08:15:00+00:00,74.14,2026-08-05 08:15:00+00:00,74.14,0.0,0.0,2026-08-05 08:30:00+00:00,74.1771,2.462081,182.63,73.831,73.831,0,2026-08-05 10:45:00+00:00,73.7203,STOP_LOSS,9,-1.12,0.1461,0.1452,0.3636,-1.42,-1.662
1790,ETHUSDT,LONG,spot,BREAKOUT_ONLY,2026-08-05 08:15:00+00:00,1870.3141,1869.4133,3.8589,2026-08-05 09:15:00+00:00,1872.5,2026-08-05 09:15:00+00:00,1872.5,0.0,0.0,2026-08-05 09:30:00+00:00,1873.4362,0.097407,182.49,1868.6415,1868.6415,0,2026-08-05 10:45:00+00:00,1865.8385,STOP_LOSS,5,-0.74,0.146,0.1454,0.3639,-1.03,-2.208
1791,ETHUSDT,LONG,spot,BREAKOUT_ONLY,2026-08-05 11:00:00+00:00,1870.8703,1869.8138,3.9121,2026-08-05 12:15:00+00:00,1882.87,2026-08-05 12:15:00+00:00,1882.87,0.0,0.0,2026-08-05 12:30:00+00:00,1883.8114,0.061579,116.0,1869.0313,1869.0313,0,2026-08-05 13:00:00+00:00,1866.2278,STOP_LOSS,2,-1.08,0.0928,0.0919,0.2304,-1.27,-1.393
1792,SOLUSDT,LONG,spot,BREAKOUT_ONLY,2026-08-05 12:00:00+00:00,73.9545,73.8962,0.1532,2026-08-05 12:15:00+00:00,74.28,2026-08-05 12:15:00+00:00,74.28,0.0,0.0,2026-08-05 12:30:00+00:00,74.3271,1.971779,146.56,73.8656,73.8656,0,2026-08-05 13:00:00+00:00,73.7548,STOP_LOSS,2,-1.13,0.1172,0.1163,0.2914,-1.36,-1.497
1794,SOLUSDT,LONG,spot,BREAKOUT_ONLY,2026-08-05 15:15:00+00:00,73.9545,73.9102,0.3046,2026-08-05 15:30:00+00:00,74.18,2026-08-05 15:30:00+00:00,74.18,0.0,0.0,2026-08-05 15:45:00+00:00,74.2271,2.36602,175.62,73.8493,74.4287,9,2026-08-05 19:45:00+00:00,74.317,TRAILING_STOP,16,0.21,0.1405,0.1407,0.3516,-0.07,-0.077
1793,ETHUSDT,LONG,spot,BREAKOUT_ONLY,2026-08-05 13:15:00+00:00,1872.153,1870.3214,5.6628,2026-08-05 13:45:00+00:00,1878.53,2026-08-05 13:45:00+00:00,1878.53,0.0,0.0,2026-08-05 14:00:00+00:00,1879.4593,0.087337,164.15,1869.1888,1916.3296,18,2026-08-05 21:00:00+00:00,1913.4551,TRAILING_STOP,28,2.97,0.1313,0.1337,0.3327,2.7,3.015
1795,SOLUSDT,LONG,spot,BREAKOUT_ONLY,2026-08-06 06:15:00+00:00,73.9948,73.9356,0.1909,2026-08-06 06:30:00+00:00,74.13,2026-08-06 06:30:00+00:00,74.13,0.0,0.0,2026-08-06 06:45:00+00:00,74.1671,2.429824,180.21,73.8975,73.8975,0,2026-08-06 07:45:00+00:00,73.7866,STOP_LOSS,4,-0.92,0.1442,0.1434,0.359,-1.21,-1.85
1796,BTCUSDT,LONG,spot,BREAKOUT_ONLY,2026-08-06 15:00:00+00:00,64628.8588,64588.1473,190.9884,2026-08-06 15:15:00+00:00,64826.0,2026-08-06 15:15:00+00:00,64826.0,0.0,0.0,2026-08-06 15:30:00+00:00,64858.413,0.00276,179.01,64549.9496,64549.9496,0,2026-08-06 17:30:00+00:00,64453.1247,STOP_LOSS,8,-1.12,0.1432,0.1423,0.3563,-1.4,-1.649
1797,ETHUSDT,LONG,spot,BREAKOUT_ONLY,2026-08-07 07:30:00+00:00,1903.6072,1902.5578,3.266,2026-08-07 08:00:00+00:00,1906.57,2026-08-07 08:00:00+00:00,1906.57,0.0,0.0,2026-08-07 08:15:00+00:00,1907.5133,0.093118,177.62,1901.9046,1926.0134,13,2026-08-07 12:30:00+00:00,1923.1244,TRAILING_STOP,17,1.45,0.1421,0.1433,0.3574,1.17,2.237
1798,BTCUSDT,LONG,spot,BREAKOUT_ONLY,2026-08-07 09:15:00+00:00,64469.9794,64428.7662,113.2119,2026-08-07 09:30:00+00:00,64905.62,2026-08-07 09:30:00+00:00,64905.62,0.0,0.0,2026-08-07 09:45:00+00:00,64938.0728,0.00169,109.74,64406.1238,64406.1238,0,2026-08-07 17:45:00+00:00,64731.9478,TIME_EXIT_8H,32,-0.35,0.0878,0.0875,0.1096,-0.52,-0.583
1799,BNBUSDT,LONG,spot,BREAKOUT_ONLY,2026-08-07 16:00:00+00:00,591.8456,591.2024,1.2927,2026-08-07 16:15:00+00:00,593.48,2026-08-07 16:15:00+00:00,593.48,0.0,0.0,2026-08-07 16:30:00+00:00,593.7867,0.300937,178.69,590.9439,590.9439,0,2026-08-08 00:30:00+00:00,590.0574,STOP_LOSS,32,-1.12,0.143,0.1421,0.3557,-1.41,-1.645
1800,BNBUSDT,LONG,spot,BREAKOUT_ONLY,2026-08-08 03:45:00+00:00,592.0635,591.957,0.5602,2026-08-08 04:00:00+00:00,593.2,2026-08-08 04:00:00+00:00,593.2,0.0,0.0,2026-08-08 04:15:00+00:00,593.5066,0.298005,176.87,591.845,595.2455,8,2026-08-08 12:15:00+00:00,595.792,TIME_EXIT_8H,32,0.68,0.1415,0.142,0.1772,0.4,0.803
1801,ETHUSDT,LONG,spot,BREAKOUT_ONLY,2026-08-09 08:45:00+00:00,1917.5119,1917.1861,2.5913,2026-08-09 09:45:00+00:00,1921.45,2026-08-09 09:45:00+00:00,1921.45,0.0,0.0,2026-08-09 10:00:00+00:00,1922.4107,0.092208,177.26,1916.6678,1916.6678,0,2026-08-09 12:00:00+00:00,1913.7928,STOP_LOSS,8,-0.79,0.1418,0.1412,0.3533,-1.08,-2.035
1802,ETHUSDT,LONG,spot,BREAKOUT_ONLY,2026-08-09 13:00:00+00:00,1918.6841,1917.9397,1.6162,2026-08-09 13:15:00+00:00,1925.29,2026-08-09 13:15:00+00:00,1925.29,0.0,0.0,2026-08-09 13:30:00+00:00,1926.2426,0.091471,176.19,1917.6165,1917.6165,0,2026-08-09 21:30:00+00:00,1924.6072,TIME_EXIT_8H,32,-0.15,0.141,0.1408,0.1761,-0.43,-0.547
1803,BTCUSDT,LONG,spot,BREAKOUT_ONLY,2026-08-10 00:15:00+00:00,65098.2545,65057.5966,166.8413,2026-08-10 01:45:00+00:00,65189.99,2026-08-10 01:45:00+00:00,65189.99,0.0,0.0,2026-08-10 02:00:00+00:00,65222.595,0.002695,175.77,65024.2284,65024.2284,0,2026-08-10 02:15:00+00:00,64926.692,STOP_LOSS,1,-0.8,0.1406,0.14,0.3503,-1.08,-2.017
1804,ETHUSDT,LONG,spot,BREAKOUT_ONLY,2026-08-10 02:00:00+00:00,1919.7409,1918.2182,7.9411,2026-08-10 02:30:00+00:00,1925.92,2026-08-10 02:30:00+00:00,1925.92,0.0,0.0,2026-08-10 02:45:00+00:00,1926.883,0.086056,165.82,1916.63,1916.63,0,2026-08-10 03:00:00+00:00,1913.755,STOP_LOSS,1,-1.13,0.1327,0.1318,0.3299,-1.39,-1.58
1805,ETHUSDT,LONG,spot,BREAKOUT_ONLY,2026-08-10 05:30:00+00:00,1919.5536,1918.7107,5.2023,2026-08-10 05:45:00+00:00,1923.17,2026-08-10 05:45:00+00:00,1923.17,0.0,0.0,2026-08-10 06:00:00+00:00,1924.1416,0.090077,173.32,1917.6703,1923.3256,4,2026-08-10 08:30:00+00:00,1920.4406,TRAILING_STOP,10,-0.33,0.1387,0.1384,0.3461,-0.61,-1.047
1806,BTCUSDT,LONG,spot,BREAKOUT_ONLY,2026-08-10 06:30:00+00:00,65089.0585,65058.3529,110.4741,2026-08-10 06:45:00+00:00,65299.4,2026-08-10 06:45:00+00:00,65299.4,0.0,0.0,2026-08-10 07:00:00+00:00,65332.0497,0.002651,173.18,65036.2581,65036.2581,0,2026-08-10 09:45:00+00:00,64938.7037,STOP_LOSS,11,-1.04,0.1385,0.1377,0.3448,-1.32,-1.682
1807,BNBUSDT,LONG,spot,BREAKOUT_ONLY,2026-08-10 09:00:00+00:00,604.3443,603.998,0.8671,2026-08-10 10:15:00+00:00,605.21,2026-08-10 10:15:00+00:00,605.21,0.0,0.0,2026-08-10 10:30:00+00:00,605.5126,0.283083,171.41,603.8246,603.8246,0,2026-08-10 12:30:00+00:00,602.9188,STOP_LOSS,8,-0.73,0.1371,0.1365,0.3417,-1.01,-2.109
1808,BNBUSDT,LONG,spot,BREAKOUT_ONLY,2026-08-13 02:00:00+00:00,611.1383,610.685,1.0766,2026-08-13 03:30:00+00:00,611.89,2026-08-13 03:30:00+00:00,611.89,0.0,0.0,2026-08-13 03:45:00+00:00,612.1959,0.278362,170.41,610.4696,613.0102,3,2026-08-13 06:00:00+00:00,612.0907,TRAILING_STOP,9,-0.03,0.1363,0.1363,0.3408,-0.3,-0.628
1809,SOLUSDT,LONG,spot,BREAKOUT_ONLY,2026-08-13 04:15:00+00:00,75.9541,75.8846,0.1694,2026-08-13 04:30:00+00:00,76.15,2026-08-13 04:30:00+00:00,76.15,0.0,0.0,2026-08-13 04:45:00+00:00,76.1881,2.234959,170.28,75.8507,76.3294,5,2026-08-13 06:45:00+00:00,76.2149,TRAILING_STOP,8,0.06,0.1362,0.1363,0.3406,-0.21,-0.282
1810,ETHUSDT,LONG,spot,BREAKOUT_ONLY,2026-08-13 05:30:00+00:00,1887.6749,1886.2193,3.9068,2026-08-13 05:45:00+00:00,1895.81,2026-08-13 05:45:00+00:00,1895.81,0.0,0.0,2026-08-13 06:00:00+00:00,1896.7479,0.076173,144.48,1885.4379,1885.4379,0,2026-08-13 09:00:00+00:00,1882.6098,STOP_LOSS,12,-1.08,0.1156,0.1147,0.2873,-1.31,-1.517
1812,ETHUSDT,LONG,spot,BREAKOUT_ONLY,2026-08-13 13:30:00+00:00,1887.7569,1887.2918,4.9079,2026-08-13 13:45:00+00:00,1890.39,2026-08-13 13:45:00+00:00,1890.39,0.0,0.0,2026-08-13 14:00:00+00:00,1891.3352,0.089078,168.48,1886.3102,1887.2691,3,2026-08-13 15:15:00+00:00,1884.4382,TRAILING_STOP,5,-0.61,0.1348,0.1343,0.336,-0.88,-1.974
1811,SOLUSDT,LONG,spot,BREAKOUT_ONLY,2026-08-13 13:15:00+00:00,76.0228,75.978,0.1555,2026-08-13 13:30:00+00:00,76.3,2026-08-13 13:30:00+00:00,76.3,0.0,0.0,2026-08-13 13:45:00+00:00,76.3381,2.176455,166.15,75.9469,75.9469,0,2026-08-13 15:45:00+00:00,75.833,STOP_LOSS,8,-1.1,0.1329,0.132,0.3306,-1.36,-1.602
1814,ETHUSDT,LONG,spot,BREAKOUT_ONLY,2026-08-13 21:45:00+00:00,1886.3985,1885.7248,2.9623,2026-08-13 22:00:00+00:00,1891.81,2026-08-13 22:00:00+00:00,1891.81,0.0,0.0,2026-08-13 22:15:00+00:00,1892.7459,0.087836,166.25,1885.1323,1885.1323,0,2026-08-13 23:45:00+00:00,1882.3046,STOP_LOSS,6,-0.92,0.133,0.1323,0.3311,-1.18,-1.768
1813,SOLUSDT,LONG,spot,BREAKOUT_ONLY,2026-08-13 19:30:00+00:00,76.0043,75.9505,0.2113,2026-08-13 19:45:00+00:00,76.2,2026-08-13 19:45:00+00:00,76.2,0.0,0.0,2026-08-13 20:00:00+00:00,76.2381,2.182417,166.38,75.9082,75.9082,0,2026-08-14 03:00:00+00:00,75.7944,STOP_LOSS,28,-0.97,0.1331,0.1323,0.3313,-1.23,-1.714
1815,BNBUSDT,LONG,spot,BREAKOUT_ONLY,2026-08-14 02:30:00+00:00,610.8115,610.5206,0.93,2026-08-14 02:45:00+00:00,612.4,2026-08-14 02:45:00+00:00,612.4,0.0,0.0,2026-08-14 03:00:00+00:00,612.7162,0.267646,163.99,610.3346,610.3346,0,2026-08-14 05:00:00+00:00,609.4191,STOP_LOSS,8,-0.88,0.1312,0.1305,0.3267,-1.14,-1.795
1816,ETHUSDT,LONG,spot,BREAKOUT_ONLY,2026-08-14 17:15:00+00:00,1880.4965,1878.5383,4.4051,2026-08-14 17:30:00+00:00,1883.15,2026-08-14 17:30:00+00:00,1883.15,0.0,0.0,2026-08-14 17:45:00+00:00,1884.0916,0.086439,162.86,1877.6572,1877.6572,0,2026-08-14 18:00:00+00:00,1874.8408,STOP_LOSS,1,-0.8,0.1303,0.1296,0.3245,-1.06,-1.905
1817,SOLUSDT,LONG,spot,BREAKOUT_ONLY,2026-08-16 03:00:00+00:00,75.5029,75.4791,0.1204,2026-08-16 03:15:00+00:00,75.6,2026-08-16 03:15:00+00:00,75.6,0.0,0.0,2026-08-16 03:30:00+00:00,75.6278,2.139553,161.81,75.455,75.455,0,2026-08-16 04:45:00+00:00,75.3418,STOP_LOSS,5,-0.61,0.1294,0.129,0.3227,-0.87,-2.354
1819,SOLUSDT,LONG,spot,BREAKOUT_ONLY,2026-08-16 16:00:00+00:00,75.4191,75.3978,0.0924,2026-08-16 16:15:00+00:00,75.62,2026-08-16 16:15:00+00:00,75.62,0.0,0.0,2026-08-16 16:30:00+00:00,75.6578,2.12563,160.82,75.3794,75.3794,0,2026-08-16 17:30:00+00:00,75.2663,STOP_LOSS,4,-0.83,0.1287,0.128,0.3204,-1.09,-1.84
1818,ETHUSDT,LONG,spot,BREAKOUT_ONLY,2026-08-16 16:00:00+00:00,1882.5003,1881.9494,1.2963,2026-08-16 16:15:00+00:00,1888.15,2026-08-16 16:15:00+00:00,1888.15,0.0,0.0,2026-08-16 16:30:00+00:00,1889.0941,0.085199,160.95,1881.6901,1881.6901,0,2026-08-16 20:45:00+00:00,1878.8676,STOP_LOSS,17,-0.87,0.1288,0.1281,0.3206,-1.13,-1.788
1820,ETHUSDT,LONG,spot,BREAKOUT_ONLY,2026-08-17 01:30:00+00:00,1882.0954,1881.9096,6.0081,2026-08-17 01:45:00+00:00,1891.65,2026-08-17 01:45:00+00:00,1891.65,0.0,0.0,2026-08-17 02:00:00+00:00,1892.6058,0.067389,127.54,1880.708,1900.6804,9,2026-08-17 05:00:00+00:00,1897.8294,TRAILING_STOP,12,0.35,0.102,0.1023,0.2556,0.15,0.184
1821,BTCUSDT,LONG,spot,BREAKOUT_ONLY,2026-08-17 02:15:00+00:00,63056.7337,63031.6272,131.729,2026-08-17 02:30:00+00:00,63256.69,2026-08-17 02:30:00+00:00,63256.69,0.0,0.0,2026-08-17 02:45:00+00:00,63288.3283,0.002507,158.65,63005.2814,63539.6401,9,2026-08-17 07:15:00+00:00,63444.3306,TRAILING_STOP,18,0.39,0.1269,0.1272,0.3179,0.14,0.193
1822,BNBUSDT,LONG,spot,BREAKOUT_ONLY,2026-08-17 15:15:00+00:00,605.474,605.2061,1.1192,2026-08-17 15:30:00+00:00,606.48,2026-08-17 15:30:00+00:00,606.48,0.0,0.0,2026-08-17 15:45:00+00:00,606.7732,0.262099,159.03,604.9823,604.9823,0,2026-08-17 19:30:00+00:00,604.0748,STOP_LOSS,15,-0.71,0.1272,0.1267,0.317,-0.96,-2.048
1823,SOLUSDT,LONG,spot,BREAKOUT_ONLY,2026-08-18 04:45:00+00:00,75.7259,75.6706,0.1372,2026-08-18 05:00:00+00:00,75.95,2026-08-18 05:00:00+00:00,75.95,0.0,0.0,2026-08-18 05:15:00+00:00,75.988,2.080374,158.08,75.6431,75.6431,0,2026-08-18 05:30:00+00:00,75.5297,STOP_LOSS,1,-0.95,0.1265,0.1257,0.3147,-1.21,-1.681
1824,SOLUSDT,LONG,spot,BREAKOUT_ONLY,2026-08-18 05:45:00+00:00,75.7405,75.6825,0.1513,2026-08-18 06:15:00+00:00,75.96,2026-08-18 06:15:00+00:00,75.96,0.0,0.0,2026-08-18 06:30:00+00:00,75.998,2.064395,156.89,75.6523,76.1923,6,2026-08-18 13:00:00+00:00,76.078,TRAILING_STOP,26,0.17,0.1255,0.1256,0.314,-0.09,-0.12
1825,ETHUSDT,LONG,spot,BREAKOUT_ONLY,2026-08-18 14:00:00+00:00,1900.0231,1899.0717,3.429,2026-08-18 14:15:00+00:00,1918.23,2026-08-18 14:15:00+00:00,1918.23,0.0,0.0,2026-08-18 14:30:00+00:00,1919.1891,0.038068,73.06,1898.3859,1898.3859,0,2026-08-18 22:30:00+00:00,1912.8331,TIME_EXIT_8H,32,-0.24,0.0584,0.0583,0.0729,-0.36,-0.453
1826,BTCUSDT,LONG,spot,BREAKOUT_ONLY,2026-08-19 12:15:00+00:00,64434.8137,64410.1855,52.1739,2026-08-19 12:30:00+00:00,64943.45,2026-08-19 12:30:00+00:00,64943.45,0.0,0.0,2026-08-19 12:45:00+00:00,64975.8917,0.001371,89.11,64399.7507,68160.7345,3,2026-08-19 15:30:00+00:00,68058.4934,TRAILING_STOP,11,4.23,0.0713,0.0747,0.1846,4.08,5.166
1827,BNBUSDT,LONG,spot,BREAKOUT_ONLY,2026-08-19 13:00:00+00:00,603.0933,602.8148,0.6477,2026-08-19 13:15:00+00:00,605.21,2026-08-19 13:15:00+00:00,605.21,0.0,0.0,2026-08-19 13:30:00+00:00,605.5126,0.258259,156.38,602.6853,615.3282,7,2026-08-19 17:30:00+00:00,614.4052,TRAILING_STOP,16,2.3,0.1251,0.1269,0.3162,2.04,2.8
1828,ETHUSDT,LONG,spot,BREAKOUT_ONLY,2026-08-22 20:15:00+00:00,2430.7595,2429.14,6.9048,2026-08-22 20:30:00+00:00,2436.66,2026-08-22 20:30:00+00:00,2436.66,0.0,0.0,2026-08-22 20:45:00+00:00,2437.8783,0.066662,162.51,2427.7591,2427.7591,0,2026-08-22 21:00:00+00:00,2424.1174,STOP_LOSS,1,-0.92,0.13,0.1293,0.3237,-1.18,-1.744
1829,BTCUSDT,LONG,spot,BREAKOUT_ONLY,2026-08-23 00:45:00+00:00,77194.0391,77139.6304,146.5626,2026-08-23 01:00:00+00:00,77399.99,2026-08-23 01:00:00+00:00,77399.99,0.0,0.0,2026-08-23 01:15:00+00:00,77438.7,0.002084,161.35,77110.3179,77110.3179,0,2026-08-23 02:00:00+00:00,76994.6524,STOP_LOSS,3,-0.93,0.1291,0.1283,0.3213,-1.18,-1.728
1831,ETHUSDT,LONG,spot,BREAKOUT_ONLY,2026-08-23 12:00:00+00:00,2415.9482,2412.4592,9.4644,2026-08-23 12:15:00+00:00,2423.05,2026-08-23 12:15:00+00:00,2423.05,0.0,0.0,2026-08-23 12:30:00+00:00,2424.2615,0.059075,143.21,2410.5663,2456.8578,1,2026-08-23 13:30:00+00:00,2450.6385,TRAILING_STOP,4,1.56,0.1146,0.1158,0.2888,1.33,1.641
1830,SOLUSDT,LONG,spot,BREAKOUT_ONLY,2026-08-23 11:30:00+00:00,93.5985,93.5729,0.4752,2026-08-23 11:45:00+00:00,94.63,2026-08-23 11:45:00+00:00,94.63,0.0,0.0,2026-08-23 12:00:00+00:00,94.6673,0.680155,64.39,93.4779,93.4779,0,2026-08-23 14:30:00+00:00,93.3377,STOP_LOSS,10,-0.9,0.0515,0.0508,0.1274,-1.01,-1.244
1832,BNBUSDT,LONG,spot,BREAKOUT_ONLY,2026-08-23 13:00:00+00:00,692.068,691.3239,2.0455,2026-08-23 13:15:00+00:00,697.75,2026-08-23 13:15:00+00:00,697.75,0.0,0.0,2026-08-23 13:30:00+00:00,698.0989,0.113791,79.44,690.9148,690.9148,0,2026-08-23 14:30:00+00:00,689.8784,STOP_LOSS,4,-0.94,0.0635,0.0628,0.1575,-1.06,-1.299
1833,ETHUSDT,LONG,spot,BREAKOUT_ONLY,2026-08-24 04:15:00+00:00,2444.2986,2438.7516,11.1629,2026-08-24 05:00:00+00:00,2457.91,2026-08-24 05:00:00+00:00,2457.91,0.0,0.0,2026-08-24 05:15:00+00:00,2459.1289,0.035616,87.59,2436.519,2436.519,0,2026-08-24 08:15:00+00:00,2432.8643,STOP_LOSS,12,-0.94,0.0701,0.0693,0.1738,-1.07,-1.335
1834,BTCUSDT,LONG,spot,BREAKOUT_ONLY,2026-08-24 06:00:00+00:00,77266.6022,77206.5407,283.3931,2026-08-24 06:45:00+00:00,77464.33,2026-08-24 06:45:00+00:00,77464.33,0.0,0.0,2026-08-24 07:00:00+00:00,77503.0622,0.002056,159.38,77149.8621,77149.8621,0,2026-08-24 08:15:00+00:00,77034.1373,STOP_LOSS,5,-0.96,0.1275,0.1267,0.3173,-1.22,-1.678
1836,SOLUSDT,LONG,spot,BREAKOUT_ONLY,2026-08-24 09:45:00+00:00,94.4633,94.3353,0.4686,2026-08-24 10:00:00+00:00,95.03,2026-08-24 10:00:00+00:00,95.03,0.0,0.0,2026-08-24 10:15:00+00:00,95.0875,0.938377,89.23,94.2416,95.1513,1,2026-08-24 12:15:00+00:00,95.0086,TRAILING_STOP,8,-0.07,0.0714,0.0713,0.1783,-0.22,-0.273
1835,BTCUSDT,LONG,spot,BREAKOUT_ONLY,2026-08-24 09:45:00+00:00,77312.2169,77251.6022,210.2713,2026-08-24 10:00:00+00:00,77846.42,2026-08-24 10:00:00+00:00,77846.42,0.0,0.0,2026-08-24 10:15:00+00:00,77885.3332,0.001175,91.49,77209.5479,78619.3211,5,2026-08-24 13:30:00+00:00,78501.3921,TRAILING_STOP,13,0.72,0.0732,0.0738,0.1841,0.58,0.726
1837,SOLUSDT,LONG,spot,BREAKOUT_ONLY,2026-08-24 12:00:00+00:00,94.8668,94.5789,0.6106,2026-08-24 12:15:00+00:00,95.44,2026-08-24 12:15:00+00:00,95.44,0.0,0.0,2026-08-24 12:30:00+00:00,95.4877,0.773376,73.85,94.4568,95.2592,3,2026-08-24 13:30:00+00:00,95.1164,TRAILING_STOP,4,-0.29,0.0591,0.0588,0.1473,-0.41,-0.508
1838,BTCUSDT,LONG,spot,BREAKOUT_ONLY,2026-08-26 04:30:00+00:00,79010.0075,78931.9663,196.6225,2026-08-26 05:30:00+00:00,79120.1,2026-08-26 05:30:00+00:00,79120.1,0.0,0.0,2026-08-26 05:45:00+00:00,79159.65,0.001985,157.13,78892.6418,78892.6418,0,2026-08-26 06:15:00+00:00,78774.3029,STOP_LOSS,2,-0.76,0.1257,0.1251,0.3131,-1.02,-1.916
1840,ETHUSDT,LONG,spot,BREAKOUT_ONLY,2026-08-26 11:45:00+00:00,2463.1885,2460.2435,8.4994,2026-08-26 12:15:00+00:00,2471.21,2026-08-26 12:15:00+00:00,2471.21,0.0,0.0,2026-08-26 12:30:00+00:00,2472.4456,0.056526,139.76,2458.5437,2458.5437,0,2026-08-26 12:45:00+00:00,2451.3275,STOP_LOSS,1,-1.19,0.1118,0.1109,0.2777,-1.42,-1.802
1839,BNBUSDT,LONG,spot,BREAKOUT_ONLY,2026-08-26 11:00:00+00:00,698.9653,697.7757,2.7953,2026-08-26 11:15:00+00:00,705.73,2026-08-26 11:15:00+00:00,705.73,0.0,0.0,2026-08-26 11:30:00+00:00,706.0929,0.088834,62.72,697.2166,697.2166,0,2026-08-26 13:15:00+00:00,696.1708,STOP_LOSS,7,-0.88,0.0502,0.0495,0.1241,-0.98,-1.244
1842,BNBUSDT,LONG,spot,BREAKOUT_ONLY,2026-08-26 17:45:00+00:00,698.617,698.3533,2.551,2026-08-26 19:15:00+00:00,700.27,2026-08-26 19:15:00+00:00,700.27,0.0,0.0,2026-08-26 19:30:00+00:00,700.6201,0.219341,153.67,697.8431,697.8431,0,2026-08-26 20:15:00+00:00,696.7963,STOP_LOSS,3,-0.84,0.1229,0.1223,0.3061,-1.08,-1.779
1841,ETHUSDT,LONG,spot,BREAKOUT_ONLY,2026-08-26 18:30:00+00:00,2459.2303,2455.989,9.2325,2026-08-26 18:45:00+00:00,2472.69,2026-08-26 18:45:00+00:00,2472.69,0.0,0.0,2026-08-26 19:00:00+00:00,2473.9263,0.03925,97.1,2454.1425,2494.2035,6,2026-08-26 22:45:00+00:00,2490.4622,TRAILING_STOP,15,0.65,0.0777,0.0782,0.1952,0.49,0.635
1843,BNBUSDT,LONG,spot,BREAKOUT_ONLY,2026-08-26 20:00:00+00:00,698.7514,698.5368,1.7176,2026-08-26 21:00:00+00:00,701.68,2026-08-26 21:00:00+00:00,701.68,0.0,0.0,2026-08-26 21:15:00+00:00,702.0308,0.202209,141.96,698.1933,704.6629,5,2026-08-27 00:15:00+00:00,703.6059,TRAILING_STOP,12,0.32,0.1136,0.1138,0.2844,0.09,0.117
1844,ETHUSDT,LONG,spot,BREAKOUT_ONLY,2026-08-28 14:30:00+00:00,2499.5859,2498.4914,19.0397,2026-08-28 14:45:00+00:00,2513.0,2026-08-28 14:45:00+00:00,2513.0,0.0,0.0,2026-08-28 15:00:00+00:00,2514.2565,0.039546,99.43,2494.6835,2494.6835,0,2026-08-28 15:30:00+00:00,2490.9415,STOP_LOSS,2,-0.92,0.0795,0.0788,0.1975,-1.08,-1.396
1845,SOLUSDT,LONG,spot,BREAKOUT_ONLY,2026-08-30 09:30:00+00:00,104.993,104.8883,0.2825,2026-08-30 11:00:00+00:00,105.18,2026-08-30 11:00:00+00:00,105.18,0.0,0.0,2026-08-30 11:15:00+00:00,105.2426,1.446063,152.19,104.8318,106.6073,10,2026-08-30 15:00:00+00:00,106.4474,TRAILING_STOP,15,1.74,0.1217,0.1231,0.307,1.5,2.521
1846,BTCUSDT,LONG,spot,BREAKOUT_ONLY,2026-08-31 09:15:00+00:00,78205.9697,78149.8291,234.7416,2026-08-31 09:30:00+00:00,78699.26,2026-08-31 09:30:00+00:00,78699.26,0.0,0.0,2026-08-31 09:45:00+00:00,78738.5996,0.001221,96.13,78102.8808,78102.8808,0,2026-08-31 12:15:00+00:00,77985.7265,STOP_LOSS,10,-0.92,0.0769,0.0762,0.1909,-1.07,-1.382
1847,ETHUSDT,LONG,spot,BREAKOUT_ONLY,2026-08-31 14:45:00+00:00,2450.5729,2447.5966,12.4586,2026-08-31 15:00:00+00:00,2459.49,2026-08-31 15:00:00+00:00,2459.49,0.0,0.0,2026-08-31 15:15:00+00:00,2460.7197,0.04936,121.46,2445.1049,2471.6611,14,2026-08-31 20:30:00+00:00,2467.9536,TRAILING_STOP,21,0.36,0.0972,0.0975,0.2435,0.16,0.211
1848,BTCUSDT,LONG,spot,BREAKOUT_ONLY,2026-08-31 15:00:00+00:00,78234.0323,78219.5799,338.5825,2026-08-31 15:15:00+00:00,78462.94,2026-08-31 15:15:00+00:00,78462.94,0.0,0.0,2026-08-31 15:30:00+00:00,78502.1715,0.001943,152.51,78151.8634,78807.3748,13,2026-08-31 20:30:00+00:00,78689.1637,TRAILING_STOP,20,0.36,0.122,0.1223,0.3056,0.12,0.175
1850,SOLUSDT,LONG,spot,BREAKOUT_ONLY,2026-09-01 04:00:00+00:00,103.4339,103.3706,0.3534,2026-09-01 04:15:00+00:00,103.86,2026-09-01 04:15:00+00:00,103.86,0.0,0.0,2026-09-01 04:30:00+00:00,103.9219,1.241447,129.01,103.3,103.3,0,2026-09-01 07:00:00+00:00,103.145,STOP_LOSS,10,-0.96,0.1032,0.1024,0.2566,-1.17,-1.515
1849,BTCUSDT,LONG,spot,BREAKOUT_ONLY,2026-09-01 03:30:00+00:00,78593.1913,78522.4241,188.4396,2026-09-01 04:15:00+00:00,78829.54,2026-09-01 04:15:00+00:00,78829.54,0.0,0.0,2026-09-01 04:30:00+00:00,78868.9448,0.001938,152.89,78484.7362,78484.7362,0,2026-09-01 08:00:00+00:00,78367.0091,STOP_LOSS,14,-0.97,0.1223,0.1215,0.3043,-1.22,-1.634
1851,BNBUSDT,LONG,spot,BREAKOUT_ONLY,2026-09-02 14:00:00+00:00,685.5249,685.2026,2.181,2026-09-02 14:15:00+00:00,688.07,2026-09-02 14:15:00+00:00,688.07,0.0,0.0,2026-09-02 14:30:00+00:00,688.424,0.207842,143.08,684.7663,684.7663,0,2026-09-02 15:00:00+00:00,683.7392,STOP_LOSS,2,-0.97,0.1145,0.1137,0.2847,-1.2,-1.581
1852,BNBUSDT,LONG,spot,BREAKOUT_ONLY,2026-09-02 16:00:00+00:00,686.277,685.7022,2.0876,2026-09-02 16:15:00+00:00,688.17,2026-09-02 16:15:00+00:00,688.17,0.0,0.0,2026-09-02 16:30:00+00:00,688.5241,0.21689,149.33,685.2847,685.2847,0,2026-09-02 17:00:00+00:00,684.2568,STOP_LOSS,2,-0.93,0.1195,0.1187,0.2973,-1.16,-1.656
1853,BNBUSDT,LONG,spot,BREAKOUT_ONLY,2026-09-02 18:00:00+00:00,686.5641,685.8988,1.4865,2026-09-02 19:00:00+00:00,687.49,2026-09-02 19:00:00+00:00,687.49,0.0,0.0,2026-09-02 19:15:00+00:00,687.8438,0.21543,148.18,685.6015,685.6015,0,2026-09-02 19:30:00+00:00,684.5731,STOP_LOSS,1,-0.7,0.1185,0.118,0.2953,-0.94,-1.948
1854,BNBUSDT,LONG,spot,BREAKOUT_ONLY,2026-09-02 20:30:00+00:00,686.7201,686.0587,1.3746,2026-09-02 20:45:00+00:00,687.52,2026-09-02 20:45:00+00:00,687.52,0.0,0.0,2026-09-02 21:00:00+00:00,687.8638,0.214069,147.25,685.7838,685.7838,0,2026-09-02 22:15:00+00:00,684.7551,STOP_LOSS,5,-0.67,0.1178,0.1173,0.2935,-0.9,-2.023
1855,BTCUSDT,LONG,spot,BREAKOUT_ONLY,2026-09-03 02:30:00+00:00,77350.6445,77277.5478,216.9205,2026-09-03 02:45:00+00:00,77816.01,2026-09-03 02:45:00+00:00,77816.01,0.0,0.0,2026-09-03 03:00:00+00:00,77854.928,0.001191,92.71,77234.1637,77234.1637,0,2026-09-03 05:15:00+00:00,77118.3125,STOP_LOSS,9,-0.88,0.0742,0.0735,0.1841,-1.02,-1.386
1856,ETHUSDT,LONG,spot,BREAKOUT_ONLY,2026-09-03 12:30:00+00:00,2403.835,2400.7736,7.7806,2026-09-03 12:45:00+00:00,2423.27,2026-09-03 12:45:00+00:00,2423.27,0.0,0.0,2026-09-03 13:00:00+00:00,2424.4816,0.029055,70.44,2399.2175,2507.345,21,2026-09-03 20:00:00+00:00,2503.584,TRAILING_STOP,28,2.3,0.0564,0.0582,0.1443,2.18,2.975
1857,BTCUSDT,LONG,spot,BREAKOUT_ONLY,2026-09-06 00:45:00+00:00,79851.2693,79809.2849,89.5849,2026-09-06 01:00:00+00:00,79962.01,2026-09-06 01:00:00+00:00,79962.01,0.0,0.0,2026-09-06 01:15:00+00:00,80001.981,0.001844,147.51,79791.3679,79791.3679,0,2026-09-06 06:30:00+00:00,79671.6809,STOP_LOSS,21,-0.61,0.118,0.1175,0.2941,-0.84,-2.175
1858,ETHUSDT,LONG,spot,BREAKOUT_ONLY,2026-09-06 18:15:00+00:00,2491.3457,2488.5814,5.5623,2026-09-06 18:30:00+00:00,2497.66,2026-09-06 18:30:00+00:00,2497.66,0.0,0.0,2026-09-06 18:45:00+00:00,2498.9188,0.058693,146.67,2487.4689,2503.7259,2,2026-09-06 22:00:00+00:00,2499.9704,TRAILING_STOP,13,0.06,0.1173,0.1174,0.2934,-0.17,-0.257
1859,BTCUSDT,LONG,spot,BREAKOUT_ONLY,2026-09-06 22:15:00+00:00,79858.1299,79838.2968,126.2675,2026-09-06 22:30:00+00:00,79972.98,2026-09-06 22:30:00+00:00,79972.98,0.0,0.0,2026-09-06 22:45:00+00:00,80012.9565,0.001831,146.5,79813.0433,80155.2828,3,2026-09-07 00:15:00+00:00,80035.0498,TRAILING_STOP,6,0.04,0.1172,0.1172,0.2931,-0.19,-0.53
1860,ETHUSDT,LONG,spot,BREAKOUT_ONLY,2026-09-08 01:00:00+00:00,2491.8086,2489.947,6.2834,2026-09-08 01:15:00+00:00,2502.7,2026-09-08 01:15:00+00:00,2502.7,0.0,0.0,2026-09-08 01:30:00+00:00,2503.9413,0.048451,121.32,2488.6903,2488.6903,0,2026-09-08 02:45:00+00:00,2484.9572,STOP_LOSS,5,-0.92,0.0971,0.0963,0.2413,-1.11,-1.506
1861,ETHUSDT,LONG,spot,BREAKOUT_ONLY,2026-09-08 16:00:00+00:00,2483.6229,2480.8409,10.4913,2026-09-08 16:15:00+00:00,2490.21,2026-09-08 16:15:00+00:00,2490.21,0.0,0.0,2026-09-08 16:30:00+00:00,2491.4551,0.057688,143.73,2478.7426,2488.952,2,2026-09-08 18:45:00+00:00,2485.2186,TRAILING_STOP,9,-0.36,0.115,0.1147,0.2869,-0.59,-0.804
1862,SOLUSDT,LONG,spot,BREAKOUT_ONLY,2026-09-08 17:00:00+00:00,103.6235,103.4103,0.5551,2026-09-08 18:00:00+00:00,104.11,2026-09-08 18:00:00+00:00,104.11,0.0,0.0,2026-09-08 18:15:00+00:00,104.1621,0.852327,88.78,103.2993,103.2993,0,2026-09-08 18:45:00+00:00,103.1444,STOP_LOSS,2,-0.87,0.071,0.0703,0.1763,-1.01,-1.372
1863,ETHUSDT,LONG,spot,BREAKOUT_ONLY,2026-09-09 00:00:00+00:00,2486.4516,2485.4874,5.4047,2026-09-09 00:15:00+00:00,2490.97,2026-09-09 00:15:00+00:00,2490.97,0.0,0.0,2026-09-09 00:30:00+00:00,2492.2055,0.057629,143.62,2484.4064,2498.8038,5,2026-09-09 05:30:00+00:00,2495.0556,TRAILING_STOP,20,0.16,0.1149,0.115,0.2875,-0.07,-0.146
1864,SOLUSDT,LONG,spot,BREAKOUT_ONLY,2026-09-09 04:30:00+00:00,103.5942,103.5182,0.3979,2026-09-09 04:45:00+00:00,104.41,2026-09-09 04:45:00+00:00,104.41,0.0,0.0,2026-09-09 05:00:00+00:00,104.4722,0.705671,73.72,103.4386,103.4386,0,2026-09-09 11:00:00+00:00,103.2834,STOP_LOSS,24,-0.84,0.059,0.0583,0.1462,-0.96,-1.311
1866,SOLUSDT,LONG,spot,BREAKOUT_ONLY,2026-09-11 13:00:00+00:00,99.9986,99.7639,0.8222,2026-09-11 13:15:00+00:00,101.12,2026-09-11 13:15:00+00:00,101.12,0.0,0.0,2026-09-11 13:30:00+00:00,101.1606,0.461779,46.71,99.5994,103.3404,3,2026-09-11 14:30:00+00:00,103.1854,TRAILING_STOP,4,0.94,0.0374,0.0381,0.0948,0.86,1.192
1865,ETHUSDT,LONG,spot,BREAKOUT_ONLY,2026-09-11 12:30:00+00:00,2465.7373,2461.9538,17.1716,2026-09-11 12:45:00+00:00,2511.22,2026-09-11 12:45:00+00:00,2511.22,0.0,0.0,2026-09-11 13:00:00+00:00,2512.4756,0.013349,33.54,2458.5195,2598.8603,4,2026-09-11 14:45:00+00:00,2594.962,TRAILING_STOP,7,1.1,0.0268,0.0277,0.0687,1.05,1.453
1867,SOLUSDT,LONG,spot,BREAKOUT_ONLY,2026-09-13 01:15:00+00:00,101.7446,101.7113,0.1819,2026-09-13 01:30:00+00:00,102.12,2026-09-13 01:30:00+00:00,102.12,0.0,0.0,2026-09-13 01:45:00+00:00,102.1711,1.414274,144.5,101.6749,101.6749,0,2026-09-13 03:45:00+00:00,101.5224,STOP_LOSS,8,-0.92,0.1156,0.1149,0.2876,-1.15,-1.636
1868,BTCUSDT,LONG,spot,BREAKOUT_ONLY,2026-09-14 02:30:00+00:00,77097.6866,77064.6325,274.7454,2026-09-14 02:45:00+00:00,77600.0,2026-09-14 02:45:00+00:00,77600.0,0.0,0.0,2026-09-14 03:00:00+00:00,77638.8,0.001151,89.35,77009.6834,77971.6575,2,2026-09-14 10:15:00+00:00,77854.7,TRAILING_STOP,29,0.25,0.0715,0.0717,0.1791,0.11,0.145
1869,ETHUSDT,LONG,spot,BREAKOUT_ONLY,2026-09-14 03:30:00+00:00,2500.4749,2496.972,9.9143,2026-09-14 03:45:00+00:00,2512.96,2026-09-14 03:45:00+00:00,2512.96,0.0,0.0,2026-09-14 04:00:00+00:00,2514.2165,0.037624,94.59,2494.9892,2518.8336,2,2026-09-14 10:15:00+00:00,2515.0554,TRAILING_STOP,25,0.03,0.0757,0.0757,0.1892,-0.12,-0.166
1870,ETHUSDT,LONG,spot,BREAKOUT_ONLY,2026-09-14 16:15:00+00:00,2509.6016,2508.2546,13.0981,2026-09-14 16:30:00+00:00,2522.63,2026-09-14 16:30:00+00:00,2522.63,0.0,0.0,2026-09-14 16:45:00+00:00,2523.9013,0.039634,100.03,2505.6349,2580.6628,8,2026-09-14 20:45:00+00:00,2576.7918,TRAILING_STOP,16,2.1,0.08,0.0817,0.2032,1.93,2.672
1871,BNBUSDT,LONG,spot,BREAKOUT_ONLY,2026-09-14 16:30:00+00:00,722.406,722.321,2.1625,2026-09-14 16:45:00+00:00,724.8,2026-09-14 16:45:00+00:00,724.8,0.0,0.0,2026-09-14 17:00:00+00:00,725.1724,0.197564,143.27,721.8885,728.8517,2,2026-09-14 20:45:00+00:00,727.7584,TRAILING_STOP,15,0.51,0.1146,0.115,0.2873,0.28,0.434
1872,BNBUSDT,LONG,spot,BREAKOUT_ONLY,2026-09-15 18:00:00+00:00,720.1582,719.4837,2.5851,2026-09-15 18:15:00+00:00,722.79,2026-09-15 18:15:00+00:00,722.79,0.0,0.0,2026-09-15 18:30:00+00:00,723.1614,0.175232,126.72,718.9667,718.9667,0,2026-09-15 18:45:00+00:00,713.3983,STOP_LOSS,1,-1.71,0.1014,0.1,0.2509,-1.91,-2.601
1873,BNBUSDT,LONG,spot,BREAKOUT_ONLY,2026-09-16 18:30:00+00:00,713.814,712.9216,4.5082,2026-09-16 19:00:00+00:00,717.63,2026-09-16 19:00:00+00:00,717.63,0.0,0.0,2026-09-16 19:15:00+00:00,717.9888,0.121546,87.27,712.0199,724.3518,5,2026-09-17 00:45:00+00:00,723.2653,TRAILING_STOP,22,0.64,0.0698,0.0703,0.1755,0.5,0.691
1874,BTCUSDT,LONG,spot,BREAKOUT_ONLY,2026-09-20 16:15:00+00:00,80711.2188,80647.0723,200.2679,2026-09-20 16:30:00+00:00,81376.01,2026-09-20 16:30:00+00:00,81376.01,0.0,0.0,2026-09-20 16:45:00+00:00,81416.688,0.000899,73.2,80607.0187,80607.0187,0,2026-09-20 21:00:00+00:00,80486.1082,STOP_LOSS,17,-0.84,0.0586,0.0579,0.1452,-0.95,-1.309
1875,SOLUSDT,LONG,spot,BREAKOUT_ONLY,2026-09-20 18:45:00+00:00,109.3959,109.1069,0.6546,2026-09-20 19:00:00+00:00,109.89,2026-09-20 19:00:00+00:00,109.89,0.0,0.0,2026-09-20 19:15:00+00:00,109.9549,0.74192,81.58,108.9759,111.8621,9,2026-09-21 01:45:00+00:00,111.6943,TRAILING_STOP,26,1.29,0.0653,0.0663,0.1651,1.16,1.596
1876,BNBUSDT,LONG,spot,BREAKOUT_ONLY,2026-09-22 13:30:00+00:00,788.9062,787.9478,2.6247,2026-09-22 13:45:00+00:00,791.57,2026-09-22 13:45:00+00:00,791.57,0.0,0.0,2026-09-22 14:00:00+00:00,791.9658,0.160475,127.09,787.4228,787.4228,0,2026-09-22 14:15:00+00:00,786.2417,STOP_LOSS,1,-0.92,0.1017,0.1009,0.2528,-1.12,-1.538
1877,BNBUSDT,LONG,spot,BREAKOUT_ONLY,2026-09-22 23:45:00+00:00,787.7358,787.1022,2.1173,2026-09-23 00:00:00+00:00,791.04,2026-09-23 00:00:00+00:00,791.04,0.0,0.0,2026-09-23 00:15:00+00:00,791.4355,0.152083,120.36,786.6788,794.0001,5,2026-09-23 05:00:00+00:00,792.8091,TRAILING_STOP,19,0.21,0.0963,0.0965,0.241,0.02,0.022
