trade_id,symbol,direction,market_type,formation_time,U,L,frozen_atr,breakout_time,breakout_price,confirm_time,confirm_price,entry_time,entry_price,units,nominal_size_usdt,initial_sl,final_sl,sl_updates,exit_time,exit_price,exit_reason,bars_held,gross_pnl_usdt,entry_fee_usdt,exit_fee_usdt,slippage_cost_usdt,net_pnl_usdt,net_r_multiple
1,BNBUSDT,LONG,spot,2024-01-03 15:45:00+00:00,316.0381,314.7506,4.7681,2024-01-03 16:00:00+00:00,319.6,2024-01-03 16:45:00+00:00,319.4,2024-01-03 17:00:00+00:00,319.6597,8.528324,2726.16,313.7969,313.7969,0,2024-01-03 18:30:00+00:00,313.3262,STOP_LOSS,6,-54.01,2.1809,2.1377,5.3713,-58.33,-1.167
2,BNBUSDT,LONG,spot,2024-01-03 20:45:00+00:00,316.0413,315.5493,2.4008,2024-01-03 21:15:00+00:00,317.5,2024-01-03 22:15:00+00:00,316.1,2024-01-03 22:30:00+00:00,316.2581,31.120948,9842.25,315.0692,315.0692,0,2024-01-03 22:45:00+00:00,314.5966,STOP_LOSS,1,-51.71,7.8738,7.8324,19.6069,-67.41,-1.822
3,BNBUSDT,LONG,spot,2024-01-04 13:30:00+00:00,318.386,317.6247,1.8524,2024-01-04 14:30:00+00:00,320.1,2024-01-04 16:15:00+00:00,318.4,2024-01-04 16:30:00+00:00,318.4591,30.69628,9775.51,317.2542,317.2542,0,2024-01-04 19:15:00+00:00,320.7086,FIXED_2R,11,69.05,7.8204,7.8756,9.81,53.35,1.442
4,BTCUSDT,LONG,spot,2024-01-05 11:30:00+00:00,43850.9245,43761.5785,203.8633,2024-01-05 13:00:00+00:00,44001.07,2024-01-05 13:15:00+00:00,43919.04,2024-01-05 13:30:00+00:00,43940.9995,0.223671,9828.33,43720.8058,43720.8058,0,2024-01-05 14:15:00+00:00,43655.2246,STOP_LOSS,3,-63.92,7.8627,7.8115,19.5608,-79.59,-1.616
5,ETHUSDT,LONG,spot,2024-01-07 06:45:00+00:00,2245.7876,2243.5601,4.4797,2024-01-07 07:00:00+00:00,2249.58,2024-01-07 07:30:00+00:00,2249.09,2024-01-07 07:45:00+00:00,2250.2245,4.332694,9749.53,2242.6641,2242.6641,0,2024-01-07 08:30:00+00:00,2239.3001,STOP_LOSS,3,-47.33,7.7996,7.7618,19.4281,-62.89,-1.92
6,ETHUSDT,LONG,spot,2024-01-07 13:45:00+00:00,2242.933,2242.6763,6.02,2024-01-07 14:00:00+00:00,2249.85,2024-01-07 14:30:00+00:00,2248.38,2024-01-07 14:45:00+00:00,2249.5042,4.306402,9687.27,2241.4723,2241.4723,0,2024-01-07 15:15:00+00:00,2238.1101,STOP_LOSS,2,-49.07,7.7498,7.7106,19.3009,-64.53,-1.866
7,BNBUSDT,LONG,spot,2024-01-10 01:00:00+00:00,301.3503,300.906,1.794,2024-01-10 01:15:00+00:00,302.3,2024-01-10 01:30:00+00:00,301.4,2024-01-10 01:45:00+00:00,301.5507,31.912996,9623.39,300.5472,300.5472,0,2024-01-10 02:45:00+00:00,300.0964,STOP_LOSS,4,-46.41,7.6987,7.6616,19.1772,-61.77,-1.929
8,BNBUSDT,LONG,spot,2024-01-12 09:45:00+00:00,309.4059,308.7638,1.4228,2024-01-12 11:15:00+00:00,311.1,2024-01-12 12:45:00+00:00,311.3,2024-01-12 13:00:00+00:00,311.5557,15.697886,4890.77,308.4792,308.4792,0,2024-01-12 15:15:00+00:00,308.0165,STOP_LOSS,9,-55.56,3.9126,3.8682,9.6982,-63.34,-1.312
9,SOLUSDT,LONG,spot,2024-01-16 03:30:00+00:00,95.4017,95.2355,0.5312,2024-01-16 03:45:00+00:00,96.19,2024-01-16 05:45:00+00:00,95.46,2024-01-16 06:00:00+00:00,95.5077,99.463437,9499.53,95.1293,95.1293,0,2024-01-16 07:15:00+00:00,96.2165,FIXED_2R,5,70.5,7.5996,7.656,9.5348,55.24,1.468
10,ETHUSDT,LONG,spot,2024-01-16 08:45:00+00:00,2530.4663,2526.4373,8.7213,2024-01-16 09:00:00+00:00,2539.14,2024-01-16 10:15:00+00:00,2531.65,2024-01-16 10:30:00+00:00,2532.9258,3.772009,9554.22,2524.693,2524.693,0,2024-01-16 11:30:00+00:00,2520.906,STOP_LOSS,4,-45.34,7.6434,7.6071,19.0404,-60.59,-1.951
11,SOLUSDT,LONG,spot,2024-01-16 15:30:00+00:00,96.4823,96.1452,1.0238,2024-01-16 15:45:00+00:00,97.25,2024-01-16 17:00:00+00:00,96.52,2024-01-16 17:15:00+00:00,96.5583,77.612446,7494.12,95.9404,95.9404,0,2024-01-16 21:00:00+00:00,97.745,FIXED_2R,15,92.11,5.9953,6.069,7.5402,80.04,1.669
12,BNBUSDT,LONG,spot,2024-01-19 19:30:00+00:00,311.9715,311.6366,1.5947,2024-01-19 19:45:00+00:00,313.7,2024-01-19 21:00:00+00:00,312.8,2024-01-19 21:15:00+00:00,313.0564,27.806385,8704.97,311.3176,311.3176,0,2024-01-20 05:15:00+00:00,313.4432,TIME_EXIT_8H,32,10.75,6.964,6.9726,8.7103,-3.18,-0.066
13,SOLUSDT,LONG,spot,2024-01-26 08:15:00+00:00,87.5076,87.2948,0.4746,2024-01-26 08:30:00+00:00,87.78,2024-01-26 08:45:00+00:00,87.76,2024-01-26 09:00:00+00:00,87.8039,80.029723,7026.92,87.1999,87.1999,0,2024-01-26 10:30:00+00:00,88.9673,FIXED_2R,6,93.11,5.6215,5.696,7.0735,81.79,1.692
14,SOLUSDT,LONG,spot,2024-01-31 17:45:00+00:00,101.0113,100.5761,1.0059,2024-01-31 18:00:00+00:00,102.13,2024-01-31 19:00:00+00:00,101.03,2024-01-31 19:15:00+00:00,101.0705,70.076915,7082.71,100.3749,100.3749,0,2024-01-31 19:30:00+00:00,99.7701,STOP_LOSS,1,-91.13,5.6662,5.5933,14.0287,-102.39,-2.101
15,BNBUSDT,LONG,spot,2024-02-02 15:45:00+00:00,302.1348,301.828,0.8364,2024-02-02 16:00:00+00:00,302.6,2024-02-02 16:45:00+00:00,302.2,2024-02-02 17:00:00+00:00,302.2511,31.596042,9549.94,301.6607,301.6607,0,2024-02-02 17:30:00+00:00,301.2082,STOP_LOSS,2,-32.95,7.6399,7.6136,19.0504,-48.2,-2.584
16,BTCUSDT,LONG,spot,2024-02-02 15:15:00+00:00,43003.7668,42943.4312,160.5172,2024-02-02 15:30:00+00:00,43208.61,2024-02-02 17:30:00+00:00,43003.99,2024-02-02 17:45:00+00:00,43025.502,0.220851,9502.21,42911.3277,42911.3277,0,2024-02-02 18:00:00+00:00,42846.9607,STOP_LOSS,1,-39.43,7.6018,7.5702,18.9453,-54.6,-2.165
17,BTCUSDT,LONG,spot,2024-02-07 15:30:00+00:00,43063.62,43017.8754,139.5513,2024-02-07 16:00:00+00:00,43170.76,2024-02-07 16:30:00+00:00,43128.53,2024-02-07 16:45:00+00:00,43150.0943,0.21896,9448.16,42989.9652,42989.9652,0,2024-02-07 17:15:00+00:00,43448.6173,FIXED_2R,2,65.36,7.5585,7.6108,9.4808,50.2,1.432
19,SOLUSDT,LONG,spot,2024-02-13 20:45:00+00:00,111.6953,111.4604,0.8165,2024-02-13 21:00:00+00:00,113.07,2024-02-13 23:00:00+00:00,111.88,2024-02-13 23:15:00+00:00,111.9459,73.929646,8276.12,111.2971,111.2971,0,2024-02-14 00:15:00+00:00,111.1302,STOP_LOSS,4,-60.31,6.6209,6.5727,16.4618,-73.5,-1.532
18,BTCUSDT,LONG,spot,2024-02-13 22:00:00+00:00,49370.9079,49304.5786,216.7389,2024-02-13 22:30:00+00:00,49527.85,2024-02-13 23:00:00+00:00,49451.27,2024-02-13 23:15:00+00:00,49476.0056,0.191969,9497.85,49261.2308,49261.2308,0,2024-02-14 04:30:00+00:00,49187.339,STOP_LOSS,21,-55.42,7.5983,7.5539,18.9126,-70.57,-1.712
20,BNBUSDT,LONG,spot,2024-02-19 12:45:00+00:00,352.7663,352.4046,1.2077,2024-02-19 13:00:00+00:00,354.3,2024-02-19 13:15:00+00:00,353.8,2024-02-19 13:30:00+00:00,353.9769,26.049237,9220.83,352.1631,352.1631,0,2024-02-19 13:45:00+00:00,351.6348,STOP_LOSS,1,-61.01,7.3767,7.3279,18.3501,-75.71,-1.602
21,BNBUSDT,LONG,spot,2024-02-19 21:45:00+00:00,352.8161,352.7013,0.8968,2024-02-19 22:00:00+00:00,354.6,2024-02-19 22:30:00+00:00,353.3,2024-02-19 22:45:00+00:00,353.4767,26.254248,9280.26,352.522,352.522,0,2024-02-19 23:15:00+00:00,351.9932,STOP_LOSS,2,-38.95,7.4242,7.3931,18.5021,-53.76,-2.145
22,BNBUSDT,LONG,spot,2024-02-20 23:15:00+00:00,353.7889,353.6265,1.1083,2024-02-20 23:30:00+00:00,355.9,2024-02-21 01:00:00+00:00,354.4,2024-02-21 01:15:00+00:00,354.5772,26.022645,9227.04,353.4048,353.4048,0,2024-02-21 01:30:00+00:00,352.8747,STOP_LOSS,1,-44.3,7.3816,7.3462,18.3876,-59.03,-1.935
23,BNBUSDT,LONG,spot,2024-02-21 04:00:00+00:00,353.9835,353.8814,1.0305,2024-02-21 05:00:00+00:00,355.2,2024-02-21 05:30:00+00:00,354.6,2024-02-21 05:45:00+00:00,354.6772,25.850534,9168.6,353.6753,353.6753,0,2024-02-21 06:00:00+00:00,353.1448,STOP_LOSS,1,-39.62,7.3349,7.3032,18.2778,-54.25,-2.095
24,ETHUSDT,LONG,spot,2024-02-22 05:15:00+00:00,2931.4183,2929.2391,10.5068,2024-02-22 05:30:00+00:00,2938.8,2024-02-22 05:45:00+00:00,2933.8,2024-02-22 06:00:00+00:00,2935.2769,3.10529,9114.89,2927.1377,2927.1377,0,2024-02-22 06:45:00+00:00,2950.0794,FIXED_2R,3,45.97,7.2919,7.3287,9.1379,31.35,1.24
25,BTCUSDT,LONG,spot,2024-02-22 19:15:00+00:00,51572.7272,51541.1634,144.3744,2024-02-22 20:15:00+00:00,51915.19,2024-02-22 21:30:00+00:00,51624.02,2024-02-22 21:45:00+00:00,51649.822,0.177075,9145.92,51512.2885,51512.2885,0,2024-02-22 22:15:00+00:00,51435.0201,STOP_LOSS,2,-38.04,7.3167,7.2863,18.2348,-52.64,-2.161
26,BNBUSDT,LONG,spot,2024-02-25 07:00:00+00:00,380.3793,380.0099,1.1418,2024-02-25 07:30:00+00:00,381.0,2024-02-25 08:00:00+00:00,380.5,2024-02-25 08:15:00+00:00,380.5902,23.893954,9093.8,379.7815,379.7815,0,2024-02-25 08:45:00+00:00,379.2119,STOP_LOSS,2,-32.93,7.275,7.2487,18.1382,-47.46,-2.456
27,SOLUSDT,LONG,spot,2024-02-25 14:30:00+00:00,102.8867,102.7836,0.4657,2024-02-25 14:45:00+00:00,103.48,2024-02-25 15:30:00+00:00,102.97,2024-02-25 15:45:00+00:00,103.0115,87.823431,9046.82,102.6905,102.6905,0,2024-02-25 16:00:00+00:00,102.5365,STOP_LOSS,1,-41.72,7.2375,7.2041,18.0311,-56.16,-1.992
28,SOLUSDT,LONG,spot,2024-02-28 05:30:00+00:00,108.4768,108.3387,0.4873,2024-02-28 06:15:00+00:00,108.81,2024-02-28 06:45:00+00:00,108.75,2024-02-28 07:00:00+00:00,108.8044,80.64284,8774.29,108.2413,108.2413,0,2024-02-28 07:45:00+00:00,109.8756,FIXED_2R,3,86.39,7.0194,7.0885,8.8175,72.28,1.592
29,BTCUSDT,LONG,spot,2024-03-01 16:45:00+00:00,61820.2716,61719.6872,319.7008,2024-03-01 17:30:00+00:00,62036.61,2024-03-01 18:00:00+00:00,62002.08,2024-03-01 18:15:00+00:00,62033.071,0.121306,7524.98,61655.747,61655.747,0,2024-03-01 20:45:00+00:00,62756.3252,FIXED_2R,10,87.73,6.02,6.0902,7.5688,75.62,1.652
30,SOLUSDT,LONG,spot,2024-03-02 23:00:00+00:00,129.3155,128.9395,0.8166,2024-03-02 23:30:00+00:00,130.03,2024-03-02 23:45:00+00:00,130.02,2024-03-03 00:00:00+00:00,130.095,34.99192,4552.27,128.7761,128.7761,0,2024-03-03 00:45:00+00:00,128.583,STOP_LOSS,3,-52.91,3.6418,3.5995,9.0252,-60.15,-1.303
31,SOLUSDT,LONG,spot,2024-03-03 00:30:00+00:00,129.3595,129.1543,0.9889,2024-03-03 01:00:00+00:00,129.98,2024-03-03 01:15:00+00:00,130.05,2024-03-03 01:30:00+00:00,130.125,39.23874,5105.94,128.9566,128.9566,0,2024-03-03 02:15:00+00:00,128.7631,STOP_LOSS,3,-53.44,4.0848,4.042,10.1317,-61.57,-1.343
32,SOLUSDT,LONG,spot,2024-03-03 02:00:00+00:00,129.558,129.3054,1.0349,2024-03-03 03:30:00+00:00,130.24,2024-03-03 04:30:00+00:00,130.26,2024-03-03 04:45:00+00:00,130.3251,37.123909,4838.18,129.0984,129.0984,0,2024-03-03 06:00:00+00:00,128.9047,STOP_LOSS,5,-52.73,3.8705,3.8284,9.5973,-60.43,-1.327
33,ETHUSDT,LONG,spot,2024-03-03 14:00:00+00:00,3418.3932,3416.0162,11.484,2024-03-03 14:15:00+00:00,3434.34,2024-03-03 14:30:00+00:00,3427.01,2024-03-03 14:45:00+00:00,3428.7235,2.612437,8957.33,3413.7194,3413.7194,0,2024-03-03 16:30:00+00:00,3457.0024,FIXED_2R,7,73.88,7.1659,7.225,8.9943,59.49,1.518
34,SOLUSDT,LONG,spot,2024-03-03 15:00:00+00:00,129.0605,128.7833,0.8495,2024-03-03 16:00:00+00:00,129.62,2024-03-03 16:45:00+00:00,130.32,2024-03-03 17:00:00+00:00,130.3852,25.701719,3351.12,128.6134,128.6134,0,2024-03-04 01:00:00+00:00,130.2049,TIME_EXIT_8H,32,-4.63,2.6809,2.6772,3.3488,-9.99,-0.219
35,SOLUSDT,LONG,spot,2024-03-05 04:00:00+00:00,130.7746,130.6604,1.072,2024-03-05 05:30:00+00:00,131.86,2024-03-05 07:00:00+00:00,130.89,2024-03-05 07:15:00+00:00,130.9554,68.77396,9006.32,130.446,130.446,0,2024-03-05 07:30:00+00:00,130.2503,STOP_LOSS,1,-48.49,7.2051,7.1663,17.9399,-62.86,-1.794
36,SOLUSDT,LONG,spot,2024-03-05 10:15:00+00:00,130.6329,130.4938,0.9108,2024-03-05 10:30:00+00:00,131.57,2024-03-05 11:45:00+00:00,130.68,2024-03-05 12:00:00+00:00,130.7453,68.40847,8944.09,130.3116,130.3116,0,2024-03-05 12:15:00+00:00,131.7241,FIXED_2R,1,66.96,7.1553,7.2088,8.9776,52.59,1.773
37,ETHUSDT,LONG,spot,2024-03-09 03:00:00+00:00,3912.0049,3906.4657,12.609,2024-03-09 03:15:00+00:00,3921.96,2024-03-09 05:15:00+00:00,3922.14,2024-03-09 05:30:00+00:00,3924.0911,2.255162,8849.46,3903.9439,3903.9439,0,2024-03-09 10:15:00+00:00,3898.088,STOP_LOSS,19,-58.64,7.0796,7.0327,17.611,-72.75,-1.601
38,BNBUSDT,LONG,spot,2024-03-11 21:30:00+00:00,520.2257,519.6004,1.9263,2024-03-11 21:45:00+00:00,521.9,2024-03-11 22:30:00+00:00,520.9,2024-03-11 22:45:00+00:00,521.1604,17.123572,8924.13,519.2151,519.2151,0,2024-03-12 00:15:00+00:00,524.7885,FIXED_2R,6,62.13,7.1393,7.189,8.9552,47.8,1.435
39,SOLUSDT,LONG,spot,2024-03-12 23:45:00+00:00,149.0762,148.9532,1.1604,2024-03-13 00:00:00+00:00,150.69,2024-03-13 01:15:00+00:00,149.78,2024-03-13 01:30:00+00:00,149.8549,39.96496,5988.94,148.7211,148.7211,0,2024-03-13 03:30:00+00:00,148.4981,STOP_LOSS,8,-54.23,4.7912,4.7478,11.8966,-63.76,-1.407
40,SOLUSDT,LONG,spot,2024-03-13 03:30:00+00:00,149.5661,149.2715,0.8296,2024-03-13 04:45:00+00:00,150.05,2024-03-13 05:00:00+00:00,149.9,2024-03-13 05:15:00+00:00,149.975,51.753665,7761.75,149.1056,149.1056,0,2024-03-13 05:30:00+00:00,152.1539,FIXED_2R,1,112.77,6.2094,6.2996,7.8181,100.26,2.228
41,SOLUSDT,LONG,spot,2024-03-17 02:15:00+00:00,185.3244,184.1292,2.9205,2024-03-17 02:45:00+00:00,187.5,2024-03-17 03:00:00+00:00,185.73,2024-03-17 03:15:00+00:00,185.8129,20.060421,3727.48,183.5451,183.5451,0,2024-03-17 04:45:00+00:00,183.2698,STOP_LOSS,6,-51.02,2.982,2.9412,7.3784,-56.94,-1.252
42,SOLUSDT,LONG,spot,2024-03-17 05:15:00+00:00,185.3681,185.0462,2.4122,2024-03-17 05:30:00+00:00,186.87,2024-03-17 06:30:00+00:00,186.94,2024-03-17 06:45:00+00:00,187.0335,18.305314,3423.71,184.5638,184.5638,0,2024-03-17 07:00:00+00:00,182.6356,STOP_LOSS,1,-80.5,2.739,2.6746,6.7267,-85.92,-1.9
43,SOLUSDT,LONG,spot,2024-03-17 08:30:00+00:00,185.1206,184.2394,3.2248,2024-03-17 09:00:00+00:00,187.02,2024-03-17 09:30:00+00:00,185.67,2024-03-17 09:45:00+00:00,185.7628,20.6505,3836.1,183.5944,183.5944,0,2024-03-17 10:15:00+00:00,190.0046,FIXED_2R,2,87.59,3.0689,3.139,3.8799,81.39,1.818
44,SOLUSDT,LONG,spot,2024-03-18 20:30:00+00:00,201.6093,200.4556,2.3776,2024-03-18 21:00:00+00:00,202.81,2024-03-18 21:45:00+00:00,201.79,2024-03-18 22:00:00+00:00,201.8909,23.646687,4774.05,199.98,199.98,0,2024-03-18 22:15:00+00:00,199.6801,STOP_LOSS,1,-52.28,3.8192,3.7774,9.4697,-59.88,-1.325
45,BNBUSDT,LONG,spot,2024-03-23 08:30:00+00:00,554.1397,552.7392,3.0547,2024-03-23 09:45:00+00:00,555.8,2024-03-23 10:00:00+00:00,554.3,2024-03-23 10:15:00+00:00,554.6772,16.022734,8887.45,552.1283,552.1283,0,2024-03-23 11:45:00+00:00,551.3001,STOP_LOSS,6,-54.11,7.11,7.0667,17.6937,-68.29,-1.672
46,BNBUSDT,LONG,spot,2024-03-23 10:45:00+00:00,554.2443,553.2756,3.2613,2024-03-23 11:15:00+00:00,556.6,2024-03-23 11:30:00+00:00,554.9,2024-03-23 11:45:00+00:00,555.0774,15.88939,8819.84,552.6234,552.6234,0,2024-03-23 12:45:00+00:00,559.7054,FIXED_2R,4,73.54,7.0559,7.1147,8.8566,59.37,1.522
47,BNBUSDT,LONG,spot,2024-03-24 00:45:00+00:00,558.3352,557.6383,2.8382,2024-03-24 01:00:00+00:00,559.9,2024-03-24 01:15:00+00:00,559.3,2024-03-24 01:30:00+00:00,559.5796,15.866577,8878.61,557.0706,557.0706,0,2024-03-24 01:45:00+00:00,556.235,STOP_LOSS,1,-53.07,7.1029,7.0604,17.6776,-67.23,-1.689
48,SOLUSDT,LONG,spot,2024-03-28 14:30:00+00:00,185.682,185.5046,1.3855,2024-03-28 14:45:00+00:00,188.94,2024-03-28 16:00:00+00:00,185.77,2024-03-28 16:15:00+00:00,185.8729,47.409039,8812.06,185.2275,185.2275,0,2024-03-28 16:45:00+00:00,184.9496,STOP_LOSS,2,-43.77,7.0496,7.0146,17.5585,-57.84,-1.89
49,SOLUSDT,LONG,spot,2024-03-28 19:00:00+00:00,186.0721,185.8494,0.9995,2024-03-28 19:30:00+00:00,186.66,2024-03-28 20:00:00+00:00,186.48,2024-03-28 20:15:00+00:00,186.5832,46.921672,8754.8,185.6495,185.6495,0,2024-03-28 21:00:00+00:00,188.3565,FIXED_2R,3,83.2,7.0038,7.0704,8.7964,69.13,1.578
50,BNBUSDT,LONG,spot,2024-03-28 23:15:00+00:00,583.2635,582.7804,1.61,2024-03-29 00:00:00+00:00,584.1,2024-03-29 00:15:00+00:00,584.2,2024-03-29 00:30:00+00:00,584.5921,15.092974,8823.23,582.4584,582.4584,0,2024-03-29 00:45:00+00:00,581.5264,STOP_LOSS,1,-46.27,7.0586,7.0216,17.5771,-60.35,-1.874
51,ETHUSDT,LONG,spot,2024-03-29 02:45:00+00:00,3564.9071,3561.1872,11.0375,2024-03-29 04:15:00+00:00,3573.05,2024-03-29 05:00:00+00:00,3574.49,2024-03-29 05:15:00+00:00,3576.2772,2.450449,8763.49,3558.9797,3558.9797,0,2024-03-29 05:30:00+00:00,3553.6412,STOP_LOSS,1,-55.47,7.0108,6.9664,17.4438,-69.45,-1.638
52,SOLUSDT,LONG,spot,2024-03-29 14:30:00+00:00,186.5474,186.4258,1.2909,2024-03-29 14:45:00+00:00,188.5,2024-03-29 15:15:00+00:00,187.14,2024-03-29 15:30:00+00:00,187.2336,41.1952,7713.12,186.1676,186.1676,0,2024-03-29 15:45:00+00:00,185.062,STOP_LOSS,1,-89.46,6.1705,6.0989,15.2921,-101.73,-2.317
53,BTCUSDT,LONG,spot,2024-03-30 09:30:00+00:00,69969.5805,69917.7946,127.3017,2024-03-30 10:30:00+00:00,70040.0,2024-03-30 10:45:00+00:00,70042.19,2024-03-30 11:00:00+00:00,70077.2111,0.122637,8594.02,69892.3343,69892.3343,0,2024-03-30 18:15:00+00:00,69787.4958,STOP_LOSS,29,-35.53,6.8752,6.8468,17.1348,-49.25,-2.172
54,BNBUSDT,LONG,spot,2024-03-31 02:45:00+00:00,605.2185,604.9546,1.8512,2024-03-31 03:00:00+00:00,607.4,2024-03-31 04:15:00+00:00,606.6,2024-03-31 04:30:00+00:00,606.9033,14.08011,8545.27,604.5843,604.5843,0,2024-03-31 04:45:00+00:00,603.6775,STOP_LOSS,1,-45.42,6.8362,6.7999,17.0224,-59.06,-1.809
55,BNBUSDT,LONG,spot,2024-03-31 05:00:00+00:00,605.9639,605.483,2.0125,2024-03-31 05:45:00+00:00,607.6,2024-03-31 06:15:00+00:00,606.4,2024-03-31 06:30:00+00:00,606.7032,13.988387,8486.8,605.0805,605.0805,0,2024-03-31 06:45:00+00:00,604.0925,STOP_LOSS,1,-36.52,6.7894,6.7602,16.9188,-50.07,-2.206
56,BNBUSDT,LONG,spot,2024-03-31 07:00:00+00:00,605.8021,605.5231,1.9179,2024-03-31 07:45:00+00:00,606.9,2024-03-31 08:00:00+00:00,606.8,2024-03-31 08:15:00+00:00,607.1034,13.897519,8437.23,605.1395,605.1395,0,2024-03-31 08:30:00+00:00,604.2318,STOP_LOSS,1,-39.91,6.7498,6.7179,16.8146,-53.38,-1.956
57,BNBUSDT,LONG,spot,2024-04-05 18:15:00+00:00,580.9171,580.1968,2.2869,2024-04-05 19:15:00+00:00,583.3,2024-04-05 20:30:00+00:00,581.1,2024-04-05 20:45:00+00:00,581.3905,14.421269,8384.39,579.7394,579.7394,0,2024-04-05 22:15:00+00:00,578.8698,STOP_LOSS,6,-36.35,6.7075,6.6784,16.7142,-49.74,-2.089
58,SOLUSDT,LONG,spot,2024-04-08 20:30:00+00:00,180.4356,180.1184,0.8166,2024-04-08 21:30:00+00:00,181.0,2024-04-08 22:30:00+00:00,180.68,2024-04-08 22:45:00+00:00,180.7803,46.106497,8335.15,179.9551,179.9551,0,2024-04-09 00:15:00+00:00,179.6852,STOP_LOSS,6,-50.49,6.6681,6.6277,16.5946,-63.79,-1.677
59,BNBUSDT,LONG,spot,2024-04-11 14:15:00+00:00,602.2303,600.5973,4.0589,2024-04-11 15:00:00+00:00,605.4,2024-04-11 15:45:00+00:00,602.8,2024-04-11 16:00:00+00:00,603.0014,12.991236,7833.73,599.7855,599.7855,0,2024-04-11 16:15:00+00:00,598.8858,STOP_LOSS,1,-53.47,6.267,6.2242,15.5873,-65.96,-1.579
60,SOLUSDT,LONG,spot,2024-04-11 15:15:00+00:00,172.6732,172.4423,1.6182,2024-04-11 16:00:00+00:00,174.24,2024-04-11 16:15:00+00:00,172.71,2024-04-11 16:30:00+00:00,172.7964,47.493476,8206.7,172.1187,172.1187,0,2024-04-11 16:45:00+00:00,174.0646,FIXED_2R,1,60.23,6.5654,6.6135,8.2368,47.05,1.462
61,BNBUSDT,LONG,spot,2024-04-11 16:30:00+00:00,602.2075,600.9618,3.2543,2024-04-11 18:00:00+00:00,604.3,2024-04-11 18:30:00+00:00,603.4,2024-04-11 18:45:00+00:00,603.8017,11.940846,7209.9,600.3109,600.3109,0,2024-04-12 01:00:00+00:00,610.478,FIXED_2R,25,79.72,5.7679,5.8317,7.2498,68.12,1.634
62,SOLUSDT,LONG,spot,2024-04-12 02:15:00+00:00,173.2872,173.0886,0.8139,2024-04-12 03:00:00+00:00,173.72,2024-04-12 04:00:00+00:00,173.75,2024-04-12 04:15:00+00:00,173.8369,46.127031,8018.58,172.9258,172.9258,0,2024-04-12 05:45:00+00:00,175.5711,FIXED_2R,6,80.0,6.4149,6.4789,8.0586,67.1,1.597
63,ETHUSDT,LONG,spot,2024-04-18 12:00:00+00:00,3014.7025,3006.242,16.9688,2024-04-18 12:30:00+00:00,3025.2,2024-04-18 12:45:00+00:00,3024.98,2024-04-18 13:00:00+00:00,3026.5025,1.790775,5419.79,3002.8483,3002.8483,0,2024-04-18 14:00:00+00:00,3072.274,FIXED_2R,4,81.97,4.3358,4.4014,5.4608,73.23,1.729
64,SOLUSDT,LONG,spot,2024-04-19 04:00:00+00:00,136.9994,136.0331,2.4042,2024-04-19 04:30:00+00:00,139.32,2024-04-19 05:30:00+00:00,138.49,2024-04-19 05:45:00+00:00,138.5492,14.256379,1975.21,135.5523,135.5523,0,2024-04-19 06:45:00+00:00,144.4708,FIXED_2R,4,84.42,1.5802,1.6477,2.0174,81.19,1.9
65,SOLUSDT,LONG,spot,2024-04-20 05:00:00+00:00,143.0871,142.5054,1.2378,2024-04-20 05:15:00+00:00,144.19,2024-04-20 05:30:00+00:00,143.9,2024-04-20 05:45:00+00:00,143.9619,25.310268,3643.72,142.2578,142.2578,0,2024-04-20 08:00:00+00:00,142.0444,STOP_LOSS,9,-48.53,2.915,2.8761,7.2146,-54.32,-1.259
66,SOLUSDT,LONG,spot,2024-04-20 13:15:00+00:00,142.4466,142.0793,0.8687,2024-04-20 13:30:00+00:00,142.93,2024-04-20 13:45:00+00:00,142.53,2024-04-20 14:00:00+00:00,142.6013,59.510347,8486.25,141.9055,141.9055,0,2024-04-20 15:30:00+00:00,143.9207,FIXED_2R,6,78.52,6.789,6.8518,8.5255,64.88,1.567
67,ETHUSDT,LONG,spot,2024-04-20 14:00:00+00:00,3058.2705,3055.3023,8.3263,2024-04-20 14:45:00+00:00,3065.94,2024-04-20 15:00:00+00:00,3060.54,2024-04-20 15:15:00+00:00,3062.0803,2.769206,8479.53,3053.6371,3053.6371,0,2024-04-20 15:30:00+00:00,3077.4272,FIXED_2R,1,42.5,6.7836,6.8176,8.5008,28.9,1.236
68,SOLUSDT,LONG,spot,2024-04-21 21:30:00+00:00,149.3677,149.0348,1.0076,2024-04-21 22:00:00+00:00,150.29,2024-04-21 22:15:00+00:00,149.57,2024-04-21 22:30:00+00:00,149.6448,53.39133,7989.73,148.8333,148.8333,0,2024-04-21 23:00:00+00:00,148.61,STOP_LOSS,2,-55.25,6.3918,6.3476,15.8966,-67.99,-1.569
69,BTCUSDT,LONG,spot,2024-04-23 14:15:00+00:00,66313.582,66254.0978,258.7708,2024-04-23 14:30:00+00:00,66647.91,2024-04-23 15:45:00+00:00,66419.56,2024-04-23 16:00:00+00:00,66452.7698,0.128088,8511.78,66202.3437,66202.3437,0,2024-04-23 20:15:00+00:00,66103.0402,STOP_LOSS,17,-44.8,6.8094,6.7736,16.9564,-58.38,-1.82
70,SOLUSDT,LONG,spot,2024-04-24 00:45:00+00:00,156.3671,155.9616,0.9045,2024-04-24 01:00:00+00:00,157.11,2024-04-24 02:15:00+00:00,156.38,2024-04-24 02:30:00+00:00,156.4582,54.03352,8453.99,155.7807,155.7807,0,2024-04-24 02:45:00+00:00,155.547,STOP_LOSS,1,-49.23,6.7632,6.7238,16.8341,-62.72,-1.713
72,SOLUSDT,LONG,spot,2024-04-24 03:15:00+00:00,156.6124,156.16,0.9994,2024-04-24 03:30:00+00:00,157.14,2024-04-24 03:45:00+00:00,156.73,2024-04-24 04:00:00+00:00,156.7984,50.53773,7924.23,155.9601,155.9601,0,2024-04-24 04:45:00+00:00,158.3957,FIXED_2R,3,80.72,6.3394,6.404,7.9646,67.98,1.605
71,BTCUSDT,LONG,spot,2024-04-24 00:15:00+00:00,66448.6872,66393.2963,161.1721,2024-04-24 00:30:00+00:00,66719.99,2024-04-24 02:30:00+00:00,66639.44,2024-04-24 02:45:00+00:00,66672.7597,0.125867,8391.89,66361.0619,66361.0619,0,2024-04-24 09:00:00+00:00,66261.5203,STOP_LOSS,25,-51.76,6.7135,6.6721,16.7061,-65.15,-1.661
73,BNBUSDT,LONG,spot,2024-04-24 21:00:00+00:00,605.2688,604.0633,3.8577,2024-04-24 21:45:00+00:00,609.0,2024-04-24 22:30:00+00:00,606.5,2024-04-24 22:45:00+00:00,606.8032,12.073933,7326.5,603.2918,603.2918,0,2024-04-24 23:00:00+00:00,602.3868,STOP_LOSS,1,-53.32,5.8612,5.8185,14.573,-65.0,-1.533
74,BNBUSDT,LONG,spot,2024-04-24 23:15:00+00:00,605.7863,605.3862,3.3768,2024-04-24 23:30:00+00:00,608.7,2024-04-25 00:15:00+00:00,606.4,2024-04-25 00:30:00+00:00,606.7032,13.730514,8330.35,604.7109,604.7109,0,2024-04-25 01:45:00+00:00,603.8038,STOP_LOSS,5,-39.81,6.6643,6.6324,16.601,-53.11,-1.941
75,BNBUSDT,LONG,spot,2024-04-25 01:00:00+00:00,606.5741,605.8052,2.5128,2024-04-25 02:15:00+00:00,608.6,2024-04-25 02:30:00+00:00,607.2,2024-04-25 02:45:00+00:00,607.4035,13.628125,8277.77,605.3027,605.3027,0,2024-04-25 03:00:00+00:00,604.3947,STOP_LOSS,1,-41.0,6.6222,6.5894,16.494,-54.22,-1.894
76,BNBUSDT,LONG,spot,2024-04-25 05:30:00+00:00,606.0936,605.8574,2.6678,2024-04-25 06:00:00+00:00,607.7,2024-04-25 06:30:00+00:00,607.1,2024-04-25 06:45:00+00:00,607.5036,13.537528,8224.1,605.3238,605.3238,0,2024-04-25 07:30:00+00:00,604.4159,STOP_LOSS,3,-41.8,6.5793,6.5458,16.3855,-54.93,-1.861
77,BNBUSDT,LONG,spot,2024-04-25 07:15:00+00:00,606.9297,606.1026,2.0681,2024-04-25 07:45:00+00:00,608.4,2024-04-25 08:00:00+00:00,607.7,2024-04-25 08:15:00+00:00,608.1039,13.434745,8169.72,605.689,605.689,0,2024-04-25 09:00:00+00:00,612.6273,FIXED_2R,3,60.77,6.5358,6.5844,8.2001,47.65,1.469
78,BNBUSDT,LONG,spot,2024-04-25 08:45:00+00:00,607.3654,606.2982,2.6084,2024-04-25 09:00:00+00:00,611.9,2024-04-25 10:00:00+00:00,609.3,2024-04-25 10:15:00+00:00,609.7047,10.564516,6441.24,605.7765,605.7765,0,2024-04-25 10:30:00+00:00,604.8678,STOP_LOSS,1,-51.1,5.153,5.1121,12.8058,-61.36,-1.479
79,SOLUSDT,LONG,spot,2024-05-05 07:45:00+00:00,145.3394,145.1235,0.6639,2024-05-05 08:15:00+00:00,146.2,2024-05-05 09:15:00+00:00,145.41,2024-05-05 09:30:00+00:00,145.4827,56.06264,8156.14,144.9907,144.9907,0,2024-05-05 11:15:00+00:00,146.3934,FIXED_2R,7,51.06,6.5249,6.5658,8.1817,37.97,1.377
80,BNBUSDT,LONG,spot,2024-05-07 14:30:00+00:00,591.7221,590.8929,2.4278,2024-05-07 14:45:00+00:00,594.5,2024-05-07 15:30:00+00:00,594.4,2024-05-07 15:45:00+00:00,594.7972,9.426665,5606.95,590.4073,590.4073,0,2024-05-07 18:15:00+00:00,589.5217,STOP_LOSS,10,-49.73,4.4856,4.4458,11.1393,-58.66,-1.418
81,BNBUSDT,LONG,spot,2024-05-08 20:00:00+00:00,585.6427,584.5585,2.5568,2024-05-08 21:15:00+00:00,588.1,2024-05-08 22:00:00+00:00,587.1,2024-05-08 22:15:00+00:00,587.3936,12.278549,7212.34,584.0471,584.0471,0,2024-05-09 02:15:00+00:00,593.7893,FIXED_2R,16,78.53,5.7699,5.8327,7.2516,66.93,1.629
82,ETHUSDT,LONG,spot,2024-05-09 16:00:00+00:00,2993.4287,2988.8168,15.2217,2024-05-09 16:15:00+00:00,3017.82,2024-05-09 16:45:00+00:00,2994.61,2024-05-09 17:00:00+00:00,2996.1073,2.737524,8201.91,2985.7725,2985.7725,0,2024-05-09 18:45:00+00:00,3015.2686,FIXED_2R,7,52.45,6.5615,6.6035,8.2281,39.29,1.389
83,BNBUSDT,LONG,spot,2024-05-10 06:45:00+00:00,594.7081,594.2783,1.2703,2024-05-10 07:15:00+00:00,596.1,2024-05-10 08:15:00+00:00,595.3,2024-05-10 08:30:00+00:00,595.5976,13.836205,8240.81,594.0242,594.0242,0,2024-05-10 08:45:00+00:00,593.1332,STOP_LOSS,1,-34.1,6.5926,6.5654,16.4305,-47.26,-2.171
84,BTCUSDT,LONG,spot,2024-05-17 03:30:00+00:00,65432.2398,65386.3589,196.2312,2024-05-17 03:45:00+00:00,65584.53,2024-05-17 04:30:00+00:00,65490.89,2024-05-17 04:45:00+00:00,65523.6454,0.125054,8194.03,65347.1126,65347.1126,0,2024-05-17 06:45:00+00:00,65843.7727,FIXED_2R,8,40.03,6.5552,6.5872,8.214,26.89,1.218
85,BTCUSDT,LONG,spot,2024-05-20 07:45:00+00:00,66804.4193,66708.4726,201.4036,2024-05-20 08:00:00+00:00,66910.0,2024-05-20 08:30:00+00:00,66845.2,2024-05-20 08:45:00+00:00,66878.6126,0.122919,8220.65,66668.1919,66668.1919,0,2024-05-20 10:15:00+00:00,67265.8043,FIXED_2R,6,47.59,6.5765,6.6146,8.2444,34.4,1.33
86,SOLUSDT,LONG,spot,2024-05-22 06:15:00+00:00,178.8012,178.3977,1.5347,2024-05-22 06:30:00+00:00,182.04,2024-05-22 08:00:00+00:00,179.41,2024-05-22 08:15:00+00:00,179.4897,29.801906,5349.14,178.0908,178.0908,0,2024-05-22 11:45:00+00:00,177.8236,STOP_LOSS,14,-49.65,4.2793,4.2396,10.6238,-58.17,-1.395
87,BTCUSDT,LONG,spot,2024-05-22 09:00:00+00:00,69948.9407,69881.9132,178.1472,2024-05-22 10:15:00+00:00,70108.98,2024-05-22 11:30:00+00:00,70008.16,2024-05-22 11:45:00+00:00,70043.1541,0.11703,8197.12,69846.2838,69846.2838,0,2024-05-22 12:00:00+00:00,69631.5358,STOP_LOSS,1,-48.17,6.5577,6.5192,16.322,-61.25,-2.658
88,BTCUSDT,LONG,spot,2024-05-22 14:30:00+00:00,69920.8444,69804.1034,284.9731,2024-05-22 14:45:00+00:00,70114.63,2024-05-22 15:00:00+00:00,69972.64,2024-05-22 15:15:00+00:00,70007.6163,0.116223,8136.48,69747.1088,69747.1088,0,2024-05-22 15:30:00+00:00,70493.367,FIXED_2R,1,56.46,6.5092,6.5543,8.1647,43.39,1.433
89,ETHUSDT,LONG,spot,2024-05-22 15:45:00+00:00,3734.8526,3721.5783,27.2866,2024-05-22 16:00:00+00:00,3774.49,2024-05-22 17:30:00+00:00,3738.18,2024-05-22 17:45:00+00:00,3740.0391,1.727154,6459.62,3716.121,3716.121,0,2024-05-22 18:00:00+00:00,3710.5468,STOP_LOSS,1,-50.94,5.1677,5.1269,12.8428,-61.23,-1.482
90,ETHUSDT,LONG,spot,2024-05-22 18:45:00+00:00,3738.2264,3726.5445,25.369,2024-05-22 20:00:00+00:00,3751.83,2024-05-22 20:30:00+00:00,3742.77,2024-05-22 20:45:00+00:00,3744.6514,1.768889,6623.87,3721.4707,3721.4707,0,2024-05-23 04:30:00+00:00,3789.1173,FIXED_2R,31,78.66,5.2991,5.362,6.6632,67.99,1.658
91,BNBUSDT,LONG,spot,2024-05-23 03:45:00+00:00,615.6003,615.0372,1.4927,2024-05-23 05:00:00+00:00,616.8,2024-05-23 05:15:00+00:00,616.0,2024-05-23 05:30:00+00:00,616.308,13.282537,8186.13,614.7386,614.7386,0,2024-05-23 05:45:00+00:00,613.8165,STOP_LOSS,1,-33.09,6.5489,6.5224,16.3226,-46.16,-2.215
92,BTCUSDT,LONG,spot,2024-05-23 10:00:00+00:00,69644.6434,69583.3262,145.1471,2024-05-23 10:15:00+00:00,69739.22,2024-05-23 10:30:00+00:00,69742.09,2024-05-23 10:45:00+00:00,69776.961,0.116664,8140.43,69554.2968,69554.2968,0,2024-05-23 11:00:00+00:00,69432.9142,STOP_LOSS,1,-40.14,6.5123,6.4802,16.2207,-53.13,-2.045
93,ETHUSDT,LONG,spot,2024-05-23 21:00:00+00:00,3790.0096,3774.8163,78.6121,2024-05-23 21:30:00+00:00,3831.98,2024-05-23 22:15:00+00:00,3806.6,2024-05-23 22:30:00+00:00,3808.5033,0.826717,3148.56,3759.0939,3759.0939,0,2024-05-23 23:30:00+00:00,3753.4552,STOP_LOSS,4,-45.51,2.5188,2.4824,6.2288,-50.51,-1.237
94,SOLUSDT,LONG,spot,2024-05-23 22:15:00+00:00,175.2322,174.1583,3.1135,2024-05-23 22:30:00+00:00,176.96,2024-05-23 23:00:00+00:00,175.25,2024-05-23 23:15:00+00:00,175.3376,22.574722,3958.2,173.5356,173.5356,0,2024-05-24 01:00:00+00:00,173.2753,STOP_LOSS,7,-46.56,3.1666,3.1293,7.8466,-52.85,-1.299
95,ETHUSDT,LONG,spot,2024-05-24 01:15:00+00:00,3792.762,3788.2181,32.4716,2024-05-24 01:30:00+00:00,3816.99,2024-05-24 02:30:00+00:00,3797.59,2024-05-24 02:45:00+00:00,3799.4888,2.101731,7985.5,3781.7238,3781.7238,0,2024-05-24 05:15:00+00:00,3776.0512,STOP_LOSS,10,-49.26,6.3884,6.349,15.8971,-62.0,-1.66
96,ETHUSDT,LONG,spot,2024-05-26 03:30:00+00:00,3746.6889,3745.1902,9.1348,2024-05-26 03:45:00+00:00,3771.59,2024-05-26 04:30:00+00:00,3753.67,2024-05-26 04:45:00+00:00,3755.5568,2.109974,7924.13,3743.3632,3743.3632,0,2024-05-26 05:00:00+00:00,3737.7482,STOP_LOSS,1,-37.58,6.3393,6.3092,15.7919,-50.22,-1.952
97,BNBUSDT,LONG,spot,2024-05-26 04:15:00+00:00,601.7885,601.6812,1.0469,2024-05-26 04:30:00+00:00,602.7,2024-05-26 04:45:00+00:00,602.7,2024-05-26 05:00:00+00:00,603.0014,13.058684,7874.4,601.4718,601.4718,0,2024-05-26 09:30:00+00:00,600.5696,STOP_LOSS,18,-31.76,6.2995,6.2741,15.7012,-44.33,-2.219
98,BNBUSDT,LONG,spot,2024-05-29 03:00:00+00:00,602.1033,601.5603,1.1333,2024-05-29 04:30:00+00:00,602.8,2024-05-29 04:45:00+00:00,602.7,2024-05-29 05:00:00+00:00,603.0014,12.985904,7830.52,601.3336,601.3336,0,2024-05-29 07:00:00+00:00,600.4316,STOP_LOSS,8,-33.37,6.2644,6.2377,15.611,-45.87,-2.118
99,ETHUSDT,LONG,spot,2024-05-29 04:45:00+00:00,3858.0723,3853.1194,14.8786,2024-05-29 05:15:00+00:00,3868.96,2024-05-29 06:45:00+00:00,3858.24,2024-05-29 07:00:00+00:00,3860.1691,2.016778,7785.1,3850.1437,3850.1437,0,2024-05-29 07:15:00+00:00,3842.1681,STOP_LOSS,1,-36.3,6.2281,6.199,15.5158,-48.73,-2.41
100,SOLUSDT,LONG,spot,2024-05-29 15:15:00+00:00,169.4112,168.9816,1.1649,2024-05-29 16:30:00+00:00,170.04,2024-05-29 17:45:00+00:00,170.33,2024-05-29 18:00:00+00:00,170.4252,23.306952,3972.09,168.7486,168.7486,0,2024-05-29 18:45:00+00:00,168.4955,STOP_LOSS,3,-44.97,3.1777,3.1417,7.8767,-51.29,-1.313
101,SOLUSDT,LONG,spot,2024-05-30 02:45:00+00:00,169.3033,169.1845,0.8272,2024-05-30 03:15:00+00:00,169.77,2024-05-30 04:00:00+00:00,169.54,2024-05-30 04:15:00+00:00,169.6348,45.309574,7686.08,169.019,169.019,0,2024-05-30 04:30:00+00:00,170.7808,FIXED_2R,1,51.93,6.1489,6.1904,7.712,39.59,1.419
102,BNBUSDT,LONG,spot,2024-05-31 12:30:00+00:00,594.6631,594.2248,1.4733,2024-05-31 12:45:00+00:00,597.4,2024-05-31 13:30:00+00:00,596.3,2024-05-31 13:45:00+00:00,596.5981,12.948871,7725.27,593.9302,593.9302,0,2024-05-31 14:00:00+00:00,593.0393,STOP_LOSS,1,-46.08,6.1802,6.1434,15.3814,-58.41,-1.691
103,SOLUSDT,LONG,spot,2024-06-01 03:00:00+00:00,166.8032,166.6106,0.5038,2024-06-01 03:15:00+00:00,167.14,2024-06-01 04:00:00+00:00,166.94,2024-06-01 04:15:00+00:00,167.0235,45.90642,7667.45,166.5098,166.5098,0,2024-06-01 07:30:00+00:00,166.26,STOP_LOSS,13,-35.05,6.134,6.1059,15.2823,-47.29,-2.005
104,BNBUSDT,LONG,spot,2024-06-02 12:45:00+00:00,600.4851,599.8836,1.5138,2024-06-02 14:15:00+00:00,601.5,2024-06-02 14:45:00+00:00,601.6,2024-06-02 15:00:00+00:00,601.9008,12.66095,7620.64,599.5809,599.5809,0,2024-06-02 16:30:00+00:00,598.6815,STOP_LOSS,6,-40.76,6.0965,6.0639,15.1801,-52.92,-1.802
105,SOLUSDT,LONG,spot,2024-06-04 11:00:00+00:00,165.4995,165.3538,0.4332,2024-06-04 12:15:00+00:00,165.88,2024-06-04 12:30:00+00:00,165.75,2024-06-04 12:45:00+00:00,165.8329,45.637785,7568.25,165.2672,165.2672,0,2024-06-04 14:15:00+00:00,166.8807,FIXED_2R,6,47.82,6.0546,6.0929,7.5922,35.67,1.382
106,SOLUSDT,LONG,spot,2024-06-04 13:15:00+00:00,165.5675,165.458,0.4946,2024-06-04 13:30:00+00:00,166.22,2024-06-04 15:00:00+00:00,166.09,2024-06-04 15:15:00+00:00,166.183,45.754144,7603.56,165.359,165.359,0,2024-06-04 15:45:00+00:00,167.7471,FIXED_2R,2,71.56,6.0829,6.1401,7.6393,59.34,1.574
107,ETHUSDT,LONG,spot,2024-06-05 06:30:00+00:00,3803.1717,3798.286,9.9353,2024-06-05 06:45:00+00:00,3814.66,2024-06-05 07:45:00+00:00,3809.58,2024-06-05 08:00:00+00:00,3811.4748,2.010327,7662.31,3796.2989,3796.2989,0,2024-06-05 09:30:00+00:00,3790.6045,STOP_LOSS,6,-41.96,6.1298,6.0963,15.2617,-54.18,-1.776
108,ETHUSDT,LONG,spot,2024-06-05 10:30:00+00:00,3802.8996,3799.6329,7.9097,2024-06-05 12:00:00+00:00,3813.48,2024-06-05 12:15:00+00:00,3807.5,2024-06-05 12:30:00+00:00,3809.4037,1.997339,7608.67,3798.051,3798.051,0,2024-06-05 13:30:00+00:00,3792.3539,STOP_LOSS,4,-34.05,6.0869,6.0597,15.1663,-46.2,-2.037
109,BTCUSDT,LONG,spot,2024-06-06 11:45:00+00:00,71011.7091,70966.5823,124.4594,2024-06-06 12:00:00+00:00,71173.59,2024-06-06 13:00:00+00:00,71112.32,2024-06-06 13:15:00+00:00,71147.8662,0.106299,7562.93,70941.6904,70941.6904,0,2024-06-06 15:15:00+00:00,71524.4376,FIXED_2R,8,40.03,6.0503,6.0824,7.5829,27.9,1.273
110,BNBUSDT,LONG,spot,2024-06-07 12:30:00+00:00,704.1312,703.3857,2.9608,2024-06-07 12:45:00+00:00,707.6,2024-06-07 13:30:00+00:00,704.8,2024-06-07 13:45:00+00:00,705.2524,10.762881,7590.55,702.7936,702.7936,0,2024-06-07 14:30:00+00:00,701.7394,STOP_LOSS,3,-37.81,6.0724,6.0422,15.1244,-49.93,-1.886
111,BTCUSDT,LONG,spot,2024-06-17 18:30:00+00:00,66146.6916,66038.9946,369.265,2024-06-17 18:45:00+00:00,67101.48,2024-06-17 20:00:00+00:00,66234.49,2024-06-17 20:15:00+00:00,66267.6172,0.113798,7541.12,65965.1416,65965.1416,0,2024-06-18 00:45:00+00:00,65866.1939,STOP_LOSS,18,-45.68,6.0329,5.9964,15.0137,-57.71,-1.677
112,SOLUSDT,LONG,spot,2024-06-23 00:30:00+00:00,134.2419,134.1373,0.4161,2024-06-23 00:45:00+00:00,134.61,2024-06-23 01:15:00+00:00,134.44,2024-06-23 01:30:00+00:00,134.5072,55.640054,7483.99,134.0541,134.0541,0,2024-06-23 09:30:00+00:00,134.3028,TIME_EXIT_8H,32,-11.37,5.9872,5.9781,7.4783,-23.34,-0.926
113,ETHUSDT,LONG,spot,2024-06-26 20:30:00+00:00,3379.0462,3374.5667,16.6046,2024-06-26 20:45:00+00:00,3391.59,2024-06-26 22:30:00+00:00,3379.8,2024-06-26 22:45:00+00:00,3381.4899,2.20639,7460.88,3371.2458,3371.2458,0,2024-06-26 23:15:00+00:00,3366.1889,STOP_LOSS,2,-33.76,5.9687,5.9417,14.8711,-45.67,-2.021
114,SOLUSDT,LONG,spot,2024-06-26 20:15:00+00:00,136.7171,136.4547,0.917,2024-06-26 21:30:00+00:00,137.19,2024-06-26 23:15:00+00:00,136.94,2024-06-26 23:30:00+00:00,136.9985,51.505358,7056.15,136.2713,136.2713,0,2024-06-27 00:00:00+00:00,136.0669,STOP_LOSS,2,-47.98,5.6449,5.6065,14.0403,-59.23,-1.582
115,SOLUSDT,LONG,spot,2024-07-08 18:45:00+00:00,137.5919,137.0322,1.3284,2024-07-08 19:45:00+00:00,138.29,2024-07-08 20:15:00+00:00,138.62,2024-07-08 20:30:00+00:00,138.6993,19.224526,2666.43,136.7665,136.7665,0,2024-07-09 02:00:00+00:00,136.5614,STOP_LOSS,22,-41.1,2.1331,2.1003,5.2712,-45.33,-1.22
116,BNBUSDT,LONG,spot,2024-07-08 19:15:00+00:00,505.5239,504.6637,3.0178,2024-07-08 19:45:00+00:00,507.4,2024-07-08 20:15:00+00:00,508.2,2024-07-08 20:30:00+00:00,508.5541,8.268024,4204.74,504.0601,504.0601,0,2024-07-09 04:30:00+00:00,514.2428,TIME_EXIT_8H,32,47.03,3.3638,3.4014,4.2283,40.27,1.084
117,BNBUSDT,LONG,spot,2024-07-13 23:45:00+00:00,531.7745,531.0947,1.865,2024-07-14 00:00:00+00:00,533.5,2024-07-14 00:30:00+00:00,533.2,2024-07-14 00:45:00+00:00,533.3665,13.78417,7352.02,530.7217,530.7217,0,2024-07-14 05:00:00+00:00,538.387,FIXED_2R,17,69.2,5.8816,5.937,7.3866,57.38,1.574
118,BNBUSDT,LONG,spot,2024-07-14 15:15:00+00:00,535.4134,534.7613,1.8241,2024-07-14 16:00:00+00:00,536.7,2024-07-14 17:15:00+00:00,536.2,2024-07-14 17:30:00+00:00,536.4681,13.810373,7408.82,534.3965,534.3965,0,2024-07-14 21:15:00+00:00,540.341,FIXED_2R,15,53.49,5.9271,5.9698,7.4356,41.59,1.454
119,BTCUSDT,LONG,spot,2024-07-18 03:30:00+00:00,64628.2475,64568.0975,225.7931,2024-07-18 03:45:00+00:00,64865.08,2024-07-18 04:30:00+00:00,64707.93,2024-07-18 04:45:00+00:00,64740.284,0.115075,7450.0,64522.9389,64522.9389,0,2024-07-18 05:00:00+00:00,64426.1545,STOP_LOSS,1,-36.15,5.96,5.9311,14.8458,-48.04,-1.921
121,BTCUSDT,LONG,spot,2024-07-18 08:30:00+00:00,64748.3238,64673.3731,161.7621,2024-07-18 08:45:00+00:00,64936.9,2024-07-18 09:15:00+00:00,64894.28,2024-07-18 09:30:00+00:00,64926.7171,0.113949,7398.32,64641.0206,64641.0206,0,2024-07-18 10:15:00+00:00,64544.0591,STOP_LOSS,3,-43.6,5.9187,5.8838,14.7312,-55.41,-1.702
120,SOLUSDT,LONG,spot,2024-07-18 06:00:00+00:00,158.3813,158.0608,0.8727,2024-07-18 06:15:00+00:00,159.29,2024-07-18 08:15:00+00:00,158.95,2024-07-18 08:30:00+00:00,159.0295,32.70285,5200.72,157.8863,157.8863,0,2024-07-18 12:15:00+00:00,161.2352,FIXED_2R,15,72.13,4.1606,4.2183,5.2368,63.76,1.705
122,BTCUSDT,LONG,spot,2024-07-18 10:45:00+00:00,64723.6731,64683.237,151.0686,2024-07-18 12:00:00+00:00,64857.54,2024-07-18 12:30:00+00:00,64832.02,2024-07-18 12:45:00+00:00,64864.436,0.114249,7410.7,64653.0233,64653.0233,0,2024-07-18 13:30:00+00:00,64556.0437,STOP_LOSS,3,-35.23,5.9286,5.9004,14.7686,-47.06,-1.948
123,BNBUSDT,LONG,spot,2024-07-19 04:00:00+00:00,571.2063,570.6096,1.8383,2024-07-19 04:30:00+00:00,572.5,2024-07-19 05:00:00+00:00,572.1,2024-07-19 05:15:00+00:00,572.4861,12.863392,7364.11,570.242,570.242,0,2024-07-19 07:00:00+00:00,569.3866,STOP_LOSS,7,-39.87,5.8913,5.8594,14.6684,-51.62,-1.788
124,BTCUSDT,LONG,spot,2024-07-19 12:30:00+00:00,64057.5622,63990.5579,169.9497,2024-07-19 12:45:00+00:00,64414.0,2024-07-19 13:30:00+00:00,64631.95,2024-07-19 13:45:00+00:00,64664.266,0.052189,3374.79,63956.5679,63956.5679,0,2024-07-19 16:00:00+00:00,66046.6222,FIXED_2R,9,72.14,2.6998,2.7576,3.4109,66.69,1.806
125,ETHUSDT,LONG,spot,2024-07-21 13:15:00+00:00,3500.2674,3497.6737,5.8061,2024-07-21 14:15:00+00:00,3508.33,2024-07-21 15:15:00+00:00,3505.83,2024-07-21 15:30:00+00:00,3507.5929,2.10373,7379.03,3496.5125,3496.5125,0,2024-07-21 15:45:00+00:00,3491.2677,STOP_LOSS,1,-34.34,5.9032,5.8757,14.7065,-46.12,-1.979
126,BTCUSDT,LONG,spot,2024-07-23 01:30:00+00:00,67527.6991,67486.8016,211.2296,2024-07-23 02:30:00+00:00,67651.51,2024-07-23 02:45:00+00:00,67647.65,2024-07-23 03:00:00+00:00,67681.4738,0.108351,7333.37,67444.5557,67444.5557,0,2024-07-23 03:45:00+00:00,67343.3888,STOP_LOSS,3,-36.63,5.8667,5.8374,14.6118,-48.34,-1.883
127,SOLUSDT,LONG,spot,2024-07-28 17:45:00+00:00,184.4129,184.1263,0.8445,2024-07-28 18:15:00+00:00,185.35,2024-07-28 19:30:00+00:00,184.53,2024-07-28 19:45:00+00:00,184.6223,39.461734,7285.51,183.9574,183.9574,0,2024-07-28 21:15:00+00:00,183.6815,STOP_LOSS,6,-37.13,5.8284,5.7987,14.5153,-48.75,-1.858
128,ETHUSDT,LONG,spot,2024-07-29 22:15:00+00:00,3328.1882,3322.5668,12.5505,2024-07-29 22:30:00+00:00,3336.34,2024-07-29 22:45:00+00:00,3329.39,2024-07-29 23:00:00+00:00,3331.0647,2.172654,7237.25,3320.0567,3320.0567,0,2024-07-29 23:15:00+00:00,3315.0766,STOP_LOSS,1,-34.74,5.7898,5.762,14.4224,-46.29,-1.935
129,BNBUSDT,LONG,spot,2024-08-09 21:30:00+00:00,506.3512,505.4793,1.8322,2024-08-09 21:45:00+00:00,508.3,2024-08-09 22:00:00+00:00,506.7,2024-08-09 22:15:00+00:00,506.9533,14.185575,7191.42,505.1128,505.1128,0,2024-08-10 00:15:00+00:00,510.3791,FIXED_2R,8,48.6,5.7531,5.792,7.2157,37.05,1.419
130,SOLUSDT,LONG,spot,2024-08-10 19:15:00+00:00,154.4012,154.1171,0.8146,2024-08-10 19:30:00+00:00,155.14,2024-08-10 19:45:00+00:00,154.51,2024-08-10 20:00:00+00:00,154.5873,46.757444,7228.1,153.9542,153.9542,0,2024-08-10 20:15:00+00:00,153.7233,STOP_LOSS,1,-40.4,5.7825,5.7502,14.3956,-51.93,-1.754
131,SOLUSDT,LONG,spot,2024-08-10 21:00:00+00:00,154.4126,154.2539,0.7502,2024-08-10 21:15:00+00:00,154.96,2024-08-10 22:15:00+00:00,154.58,2024-08-10 22:30:00+00:00,154.6573,46.403848,7176.69,154.1039,154.1039,0,2024-08-10 23:00:00+00:00,153.8727,STOP_LOSS,2,-36.41,5.7414,5.7122,14.2988,-47.86,-1.864
132,SOLUSDT,LONG,spot,2024-08-11 01:15:00+00:00,154.5039,154.3979,0.7212,2024-08-11 01:45:00+00:00,155.21,2024-08-11 02:30:00+00:00,154.77,2024-08-11 02:45:00+00:00,154.8574,46.037922,7129.31,154.2536,154.2536,0,2024-08-11 03:15:00+00:00,155.9869,FIXED_2R,2,52.0,5.7034,5.7451,7.1553,40.55,1.459
133,BTCUSDT,LONG,spot,2024-08-12 14:45:00+00:00,59363.8424,59110.5474,670.6847,2024-08-12 15:00:00+00:00,60147.99,2024-08-12 15:15:00+00:00,59648.9,2024-08-12 15:30:00+00:00,59678.7345,0.051557,3076.83,58976.4105,58976.4105,0,2024-08-12 18:30:00+00:00,58887.9459,STOP_LOSS,12,-40.77,2.4615,2.4288,6.0925,-45.66,-1.261
134,BNBUSDT,LONG,spot,2024-08-12 14:45:00+00:00,513.9549,511.7759,5.8226,2024-08-12 15:00:00+00:00,520.3,2024-08-12 15:15:00+00:00,516.3,2024-08-12 15:30:00+00:00,516.5581,6.088856,3145.25,510.6113,510.6113,0,2024-08-12 18:45:00+00:00,509.8454,STOP_LOSS,13,-40.87,2.5162,2.4835,6.2292,-45.87,-1.267
135,BTCUSDT,LONG,spot,2024-08-13 00:45:00+00:00,59325.5011,59261.6381,325.1366,2024-08-13 01:00:00+00:00,59542.0,2024-08-13 02:15:00+00:00,59584.22,2024-08-13 02:30:00+00:00,59614.0021,0.085655,5106.25,59196.6107,59196.6107,0,2024-08-13 03:00:00+00:00,59107.8158,STOP_LOSS,2,-43.36,4.085,4.0503,10.1475,-51.49,-1.44
136,ETHUSDT,LONG,spot,2024-08-16 19:15:00+00:00,2602.8677,2599.5367,16.2543,2024-08-16 19:30:00+00:00,2625.39,2024-08-16 21:00:00+00:00,2604.35,2024-08-16 21:15:00+00:00,2605.6422,2.697171,7027.86,2596.2859,2596.2859,0,2024-08-16 21:30:00+00:00,2592.3914,STOP_LOSS,1,-35.74,5.6223,5.5937,14.0021,-46.96,-1.861
137,ETHUSDT,LONG,spot,2024-08-17 15:00:00+00:00,2605.2284,2602.0131,7.3839,2024-08-17 15:15:00+00:00,2610.33,2024-08-17 15:45:00+00:00,2606.78,2024-08-17 16:00:00+00:00,2608.0934,2.676813,6981.38,2600.5364,2600.5364,0,2024-08-17 16:45:00+00:00,2621.8959,FIXED_2R,3,36.95,5.5851,5.6147,6.9999,25.75,1.273
138,BNBUSDT,LONG,spot,2024-08-19 10:15:00+00:00,535.3732,534.6136,1.9089,2024-08-19 11:45:00+00:00,537.0,2024-08-19 12:15:00+00:00,536.7,2024-08-19 12:30:00+00:00,537.0684,12.475851,6700.39,534.2319,534.2319,0,2024-08-19 14:15:00+00:00,542.4701,FIXED_2R,7,67.39,5.3603,5.4142,6.7341,56.62,1.6
139,SOLUSDT,LONG,spot,2024-08-19 18:00:00+00:00,143.4788,143.126,1.0724,2024-08-19 18:30:00+00:00,144.27,2024-08-19 18:45:00+00:00,143.59,2024-08-19 19:00:00+00:00,143.6618,47.544698,6830.36,142.9115,142.9115,0,2024-08-19 19:45:00+00:00,142.6972,STOP_LOSS,3,-45.86,5.4643,5.4276,13.5919,-56.76,-1.591
140,SOLUSDT,LONG,spot,2024-08-19 19:30:00+00:00,143.5127,143.1787,0.8375,2024-08-19 20:30:00+00:00,144.01,2024-08-19 21:15:00+00:00,143.65,2024-08-19 21:30:00+00:00,143.7218,48.752017,7006.73,143.0112,143.0112,0,2024-08-19 22:45:00+00:00,142.7967,STOP_LOSS,5,-45.1,5.6054,5.5693,13.9458,-56.28,-1.624
141,SOLUSDT,LONG,spot,2024-08-19 23:15:00+00:00,143.647,143.2977,0.8473,2024-08-19 23:45:00+00:00,144.29,2024-08-20 00:15:00+00:00,146.39,2024-08-20 00:30:00+00:00,146.4632,10.526666,1541.77,143.1282,143.1282,0,2024-08-20 08:30:00+00:00,146.3368,TIME_EXIT_8H,32,-1.33,1.2334,1.2324,1.5411,-3.8,-0.108
142,SOLUSDT,LONG,spot,2024-08-22 21:00:00+00:00,143.0096,142.8907,0.4948,2024-08-22 21:15:00+00:00,143.53,2024-08-22 22:15:00+00:00,143.41,2024-08-22 22:30:00+00:00,143.4817,48.419107,6947.26,142.7918,142.7918,0,2024-08-23 00:30:00+00:00,144.7891,FIXED_2R,8,63.3,5.5578,5.6084,6.9789,52.14,1.561
143,ETHUSDT,LONG,spot,2024-08-25 16:45:00+00:00,2762.0715,2758.7568,7.0005,2024-08-25 17:00:00+00:00,2768.27,2024-08-25 18:45:00+00:00,2764.16,2024-08-25 19:00:00+00:00,2765.5321,2.530751,6998.87,2757.3567,2757.3567,0,2024-08-25 21:15:00+00:00,2780.4919,FIXED_2R,9,37.86,5.5991,5.6294,7.0178,26.63,1.287
144,SOLUSDT,LONG,spot,2024-08-27 05:00:00+00:00,158.432,158.2476,0.5551,2024-08-27 05:15:00+00:00,158.95,2024-08-27 06:15:00+00:00,158.48,2024-08-27 06:30:00+00:00,158.5592,44.306706,7025.24,158.1366,158.1366,0,2024-08-27 06:45:00+00:00,157.6432,STOP_LOSS,1,-40.59,5.6202,5.5877,13.9896,-51.8,-2.766
145,SOLUSDT,LONG,spot,2024-09-06 13:00:00+00:00,130.6719,130.2265,1.2524,2024-09-06 13:15:00+00:00,133.76,2024-09-06 13:45:00+00:00,130.84,2024-09-06 14:00:00+00:00,130.9054,37.898701,4961.15,129.976,129.976,0,2024-09-06 14:15:00+00:00,129.136,STOP_LOSS,1,-67.06,3.9689,3.9153,9.8217,-74.94,-2.128
146,SOLUSDT,LONG,spot,2024-09-08 18:00:00+00:00,128.5479,128.3556,0.6582,2024-09-08 18:30:00+00:00,129.02,2024-09-08 19:15:00+00:00,128.55,2024-09-08 19:30:00+00:00,128.6043,53.651148,6899.77,128.2239,128.2239,0,2024-09-08 21:00:00+00:00,129.3003,FIXED_2R,6,37.34,5.5198,5.5497,6.9184,26.27,1.287
147,BTCUSDT,LONG,spot,2024-09-08 22:15:00+00:00,54443.2554,54350.4223,250.0423,2024-09-08 22:30:00+00:00,54726.01,2024-09-08 23:00:00+00:00,54740.11,2024-09-08 23:15:00+00:00,54767.4801,0.07489,4101.55,54300.4138,54300.4138,0,2024-09-09 07:15:00+00:00,54772.4601,TIME_EXIT_8H,32,0.37,3.2812,3.2815,4.1017,-6.19,-0.177
148,SOLUSDT,LONG,spot,2024-09-12 17:00:00+00:00,134.5457,134.1695,0.7677,2024-09-12 17:30:00+00:00,135.04,2024-09-12 18:45:00+00:00,135.13,2024-09-12 19:00:00+00:00,135.1876,29.829868,4032.63,134.016,134.016,0,2024-09-13 03:00:00+00:00,134.6426,TIME_EXIT_8H,32,-16.25,3.2261,3.2131,4.0245,-22.69,-0.649
149,BTCUSDT,LONG,spot,2024-09-13 07:45:00+00:00,57978.2111,57930.4552,113.529,2024-09-13 08:00:00+00:00,58093.99,2024-09-13 08:15:00+00:00,58039.36,2024-09-13 08:30:00+00:00,58068.3697,0.118777,6897.18,57907.7494,57907.7494,0,2024-09-13 08:45:00+00:00,57820.8878,STOP_LOSS,1,-29.4,5.5177,5.4942,13.7503,-40.41,-2.118
150,ETHUSDT,LONG,spot,2024-09-13 09:45:00+00:00,2350.5685,2349.1696,5.0468,2024-09-13 10:00:00+00:00,2355.02,2024-09-13 11:45:00+00:00,2354.35,2024-09-13 12:00:00+00:00,2355.5672,2.911052,6857.18,2348.1602,2348.1602,0,2024-09-13 12:15:00+00:00,2344.638,STOP_LOSS,1,-31.82,5.4857,5.4603,13.6666,-42.76,-1.983
151,BTCUSDT,LONG,spot,2024-09-13 12:45:00+00:00,58009.441,57967.7012,155.4507,2024-09-13 13:30:00+00:00,58100.0,2024-09-13 13:45:00+00:00,58056.01,2024-09-13 14:00:00+00:00,58085.028,0.117325,6814.85,57936.6111,57936.6111,0,2024-09-13 14:30:00+00:00,57849.7062,STOP_LOSS,2,-27.61,5.4519,5.4298,13.5883,-38.49,-2.21
152,SOLUSDT,LONG,spot,2024-09-17 14:15:00+00:00,132.2931,131.8617,0.9722,2024-09-17 14:30:00+00:00,133.86,2024-09-17 16:30:00+00:00,132.64,2024-09-17 16:45:00+00:00,132.7063,32.939146,4371.23,131.6673,131.6673,0,2024-09-17 19:45:00+00:00,131.4698,STOP_LOSS,12,-40.73,3.497,3.4644,8.6814,-47.69,-1.393
153,BTCUSDT,LONG,spot,2024-09-20 21:45:00+00:00,63036.4508,62962.2691,185.4011,2024-09-20 22:00:00+00:00,63211.99,2024-09-21 00:00:00+00:00,63071.18,2024-09-21 00:15:00+00:00,63102.7256,0.106644,6729.52,62925.1889,62925.1889,0,2024-09-21 01:15:00+00:00,62830.8011,STOP_LOSS,4,-29.0,5.3836,5.3604,13.4155,-39.74,-2.099
154,BTCUSDT,LONG,spot,2024-09-22 22:30:00+00:00,63023.8918,62949.1213,321.9588,2024-09-22 22:45:00+00:00,63881.51,2024-09-23 00:00:00+00:00,63044.38,2024-09-23 00:15:00+00:00,63075.9022,0.106066,6690.18,62884.7295,62884.7295,0,2024-09-23 00:45:00+00:00,63426.5185,FIXED_2R,2,37.19,5.3521,5.3819,6.7088,26.45,1.305
155,SOLUSDT,LONG,spot,2024-09-28 14:00:00+00:00,157.1463,156.9122,0.5854,2024-09-28 14:15:00+00:00,157.64,2024-09-28 15:15:00+00:00,157.21,2024-09-28 15:30:00+00:00,157.2986,42.698201,6716.37,156.7951,156.7951,0,2024-09-28 16:00:00+00:00,156.5599,STOP_LOSS,2,-31.54,5.3731,5.3479,13.3854,-42.26,-1.966
157,BTCUSDT,LONG,spot,2024-09-29 01:30:00+00:00,65730.0489,65699.2411,107.897,2024-09-29 01:45:00+00:00,65872.9,2024-09-29 03:15:00+00:00,65819.99,2024-09-29 03:30:00+00:00,65852.91,0.101276,6669.34,65677.6617,65677.6617,0,2024-09-29 05:30:00+00:00,65579.1452,STOP_LOSS,8,-27.73,5.3355,5.3133,13.2971,-38.37,-2.162
156,SOLUSDT,LONG,spot,2024-09-29 00:45:00+00:00,156.9609,156.7364,0.5395,2024-09-29 01:15:00+00:00,157.28,2024-09-29 01:30:00+00:00,157.35,2024-09-29 01:45:00+00:00,157.4387,41.60761,6550.65,156.6285,156.6285,0,2024-09-29 05:45:00+00:00,156.3936,STOP_LOSS,16,-43.49,5.2405,5.2057,13.0361,-53.93,-1.6
158,SOLUSDT,LONG,spot,2024-09-29 13:30:00+00:00,156.7278,156.585,0.7078,2024-09-29 13:45:00+00:00,157.34,2024-09-29 14:45:00+00:00,156.89,2024-09-29 15:00:00+00:00,156.9584,41.94196,6583.14,156.4434,156.4434,0,2024-09-29 17:15:00+00:00,157.9096,FIXED_2R,9,39.89,5.2665,5.2984,6.6031,29.33,1.358
159,ETHUSDT,LONG,spot,2024-10-05 23:00:00+00:00,2408.3438,2407.1884,6.2239,2024-10-05 23:15:00+00:00,2413.03,2024-10-06 00:00:00+00:00,2411.19,2024-10-06 00:15:00+00:00,2412.3956,2.740918,6612.18,2405.9437,2405.9437,0,2024-10-06 08:15:00+00:00,2424.0868,FIXED_2R,32,32.04,5.2897,5.3154,6.6282,21.44,1.212
160,SOLUSDT,LONG,spot,2024-10-06 05:30:00+00:00,142.7277,142.6719,0.4791,2024-10-06 06:15:00+00:00,143.27,2024-10-06 08:15:00+00:00,143.25,2024-10-06 08:30:00+00:00,143.3216,44.938411,6440.65,142.5761,142.5761,0,2024-10-06 13:00:00+00:00,144.7402,FIXED_2R,18,63.75,5.1525,5.2035,6.4725,53.39,1.594
161,ETHUSDT,LONG,spot,2024-10-09 00:15:00+00:00,2442.2699,2439.5342,7.2264,2024-10-09 01:15:00+00:00,2458.95,2024-10-09 03:00:00+00:00,2444.88,2024-10-09 03:15:00+00:00,2446.0924,2.733447,6686.26,2438.0889,2438.0889,0,2024-10-09 07:00:00+00:00,2434.4318,STOP_LOSS,15,-31.87,5.349,5.3235,13.3247,-42.55,-1.945
163,SOLUSDT,LONG,spot,2024-10-15 16:30:00+00:00,154.5693,154.2554,1.8241,2024-10-15 18:00:00+00:00,155.55,2024-10-15 19:00:00+00:00,155.04,2024-10-15 19:15:00+00:00,155.1175,27.360551,4244.1,153.8906,153.8906,0,2024-10-15 20:15:00+00:00,153.6598,STOP_LOSS,4,-39.88,3.3953,3.3634,8.4284,-46.64,-1.389
162,BNBUSDT,LONG,spot,2024-10-15 15:30:00+00:00,589.2919,586.8412,5.4434,2024-10-15 16:15:00+00:00,592.5,2024-10-15 17:00:00+00:00,591.2,2024-10-15 17:15:00+00:00,591.4956,5.842871,3456.03,585.7525,585.7525,0,2024-10-16 01:15:00+00:00,595.802,TIME_EXIT_8H,32,25.16,2.7648,2.785,3.4686,19.61,0.584
164,SOLUSDT,LONG,spot,2024-10-16 00:15:00+00:00,154.281,153.9099,0.8324,2024-10-16 01:15:00+00:00,154.98,2024-10-16 01:30:00+00:00,154.41,2024-10-16 01:45:00+00:00,154.4872,42.834493,6617.38,153.7434,153.7434,0,2024-10-16 02:00:00+00:00,155.8969,FIXED_2R,1,60.38,5.2939,5.3422,6.6476,49.75,1.561
165,ETHUSDT,LONG,spot,2024-10-16 17:30:00+00:00,2615.6883,2611.022,11.9291,2024-10-16 18:15:00+00:00,2625.47,2024-10-16 18:45:00+00:00,2617.38,2024-10-16 19:00:00+00:00,2618.6987,2.545779,6666.63,2608.6362,2608.6362,0,2024-10-17 01:45:00+00:00,2637.5042,FIXED_2R,27,47.87,5.3333,5.3716,6.6906,37.17,1.451
166,ETHUSDT,LONG,spot,2024-10-18 02:00:00+00:00,2613.1285,2609.808,11.0693,2024-10-18 02:15:00+00:00,2631.68,2024-10-18 04:00:00+00:00,2614.95,2024-10-18 04:15:00+00:00,2616.2975,2.562181,6703.43,2607.5941,2607.5941,0,2024-10-18 06:15:00+00:00,2632.3874,FIXED_2R,8,41.23,5.3627,5.3957,6.724,30.47,1.366
167,SOLUSDT,LONG,spot,2024-10-22 09:45:00+00:00,166.6585,166.3113,1.1005,2024-10-22 11:00:00+00:00,167.82,2024-10-22 12:15:00+00:00,167.15,2024-10-22 12:30:00+00:00,167.2336,29.76863,4978.31,166.0912,166.0912,0,2024-10-22 12:45:00+00:00,165.751,STOP_LOSS,1,-44.13,3.9827,3.9473,9.8904,-52.06,-1.531
168,BNBUSDT,LONG,spot,2024-10-25 10:15:00+00:00,591.9155,591.1804,1.721,2024-10-25 11:30:00+00:00,592.8,2024-10-25 12:30:00+00:00,592.3,2024-10-25 12:45:00+00:00,592.5961,11.275885,6682.05,590.8362,590.8362,0,2024-10-25 13:00:00+00:00,589.9499,STOP_LOSS,1,-29.84,5.3456,5.3218,13.3193,-40.51,-2.041
169,BNBUSDT,LONG,spot,2024-10-25 13:15:00+00:00,591.9247,591.6921,1.3392,2024-10-25 13:45:00+00:00,593.1,2024-10-25 14:00:00+00:00,593.5,2024-10-25 14:15:00+00:00,593.8968,11.183669,6641.95,591.4243,591.4243,0,2024-10-25 15:30:00+00:00,590.5371,STOP_LOSS,5,-37.57,5.3136,5.2835,13.2275,-48.17,-1.742
170,BTCUSDT,LONG,spot,2024-11-13 10:00:00+00:00,87440.552,87285.1637,346.6834,2024-11-13 11:00:00+00:00,87857.99,2024-11-13 11:15:00+00:00,87630.01,2024-11-13 11:30:00+00:00,87673.815,0.072719,6375.53,87215.827,87215.827,0,2024-11-13 13:30:00+00:00,88545.4961,FIXED_2R,8,63.39,5.1004,5.1511,6.4072,53.14,1.595
171,SOLUSDT,LONG,spot,2024-11-13 22:15:00+00:00,212.9467,211.8059,2.9209,2024-11-13 23:15:00+00:00,214.6,2024-11-14 00:30:00+00:00,213.07,2024-11-14 00:45:00+00:00,213.1765,17.172914,3660.86,211.2217,211.2217,0,2024-11-14 03:45:00+00:00,216.9776,FIXED_2R,12,65.28,2.9287,2.9809,3.6935,59.37,1.768
172,SOLUSDT,LONG,spot,2024-11-14 17:15:00+00:00,215.4017,214.3798,2.3219,2024-11-14 18:00:00+00:00,216.61,2024-11-14 18:15:00+00:00,215.63,2024-11-14 18:30:00+00:00,215.7478,18.482142,3987.48,213.9154,213.9154,0,2024-11-14 20:00:00+00:00,213.5945,STOP_LOSS,6,-39.8,3.19,3.1581,7.9153,-46.15,-1.363
173,BTCUSDT,LONG,spot,2024-11-15 16:15:00+00:00,89140.9053,88911.8067,742.8775,2024-11-15 17:00:00+00:00,89570.38,2024-11-15 17:30:00+00:00,89892.0,2024-11-15 17:45:00+00:00,89936.956,0.028658,2577.38,88763.2312,88763.2312,0,2024-11-16 01:45:00+00:00,91203.6654,TIME_EXIT_8H,32,36.3,2.0619,2.0909,2.5955,32.15,0.956
174,ETHUSDT,LONG,spot,2024-11-18 02:30:00+00:00,3102.3091,3095.2448,16.3687,2024-11-18 03:45:00+00:00,3111.96,2024-11-18 04:15:00+00:00,3104.06,2024-11-18 04:30:00+00:00,3105.612,2.154737,6691.78,3091.971,3091.971,0,2024-11-18 06:15:00+00:00,3131.3276,FIXED_2R,7,55.41,5.3534,5.3977,6.7195,44.66,1.519
175,BNBUSDT,LONG,spot,2024-11-18 03:45:00+00:00,623.4799,622.5622,2.5882,2024-11-18 04:00:00+00:00,627.47,2024-11-18 05:15:00+00:00,625.94,2024-11-18 05:30:00+00:00,626.253,8.038104,5033.89,622.0446,622.0446,0,2024-11-18 09:45:00+00:00,621.1115,STOP_LOSS,17,-41.33,4.0271,3.994,10.0058,-49.35,-1.459
176,BTCUSDT,LONG,spot,2024-11-18 20:15:00+00:00,90916.3554,90822.2135,669.5262,2024-11-18 20:30:00+00:00,91392.03,2024-11-18 20:45:00+00:00,91473.42,2024-11-18 21:00:00+00:00,91519.1667,0.040649,3720.14,90688.3082,90688.3082,0,2024-11-18 23:15:00+00:00,90552.2757,STOP_LOSS,9,-39.3,2.9761,2.9447,7.3813,-45.22,-1.339
177,SOLUSDT,LONG,spot,2024-11-19 18:15:00+00:00,242.2813,241.644,1.6764,2024-11-19 18:45:00+00:00,243.56,2024-11-19 19:00:00+00:00,243.53,2024-11-19 19:15:00+00:00,243.6418,14.379493,3503.44,241.3088,241.3088,0,2024-11-19 20:30:00+00:00,240.9468,STOP_LOSS,5,-38.75,2.8028,2.7718,6.9488,-44.33,-1.321
178,ETHUSDT,LONG,spot,2024-11-20 09:00:00+00:00,3111.2548,3107.6394,9.7536,2024-11-20 09:15:00+00:00,3121.81,2024-11-20 10:30:00+00:00,3118.96,2024-11-20 10:45:00+00:00,3120.5195,2.114545,6598.48,3105.6887,3105.6887,0,2024-11-20 11:00:00+00:00,3101.0302,STOP_LOSS,1,-41.21,5.2788,5.2458,13.1351,-51.74,-1.65
179,BNBUSDT,LONG,spot,2024-11-21 07:45:00+00:00,609.2912,608.3066,2.74,2024-11-21 08:00:00+00:00,611.53,2024-11-21 10:00:00+00:00,609.67,2024-11-21 10:15:00+00:00,609.9648,10.733833,6547.26,607.7586,607.7586,0,2024-11-21 10:30:00+00:00,606.6087,STOP_LOSS,1,-36.02,5.2378,5.209,13.0405,-46.47,-1.962
180,SOLUSDT,LONG,spot,2024-11-22 22:15:00+00:00,255.6102,254.946,1.5007,2024-11-22 23:45:00+00:00,256.9,2024-11-23 00:00:00+00:00,255.96,2024-11-23 00:15:00+00:00,256.078,22.927467,5871.22,254.6459,254.6459,0,2024-11-23 01:30:00+00:00,254.2639,STOP_LOSS,5,-41.59,4.697,4.6637,11.6801,-50.95,-1.552
181,BTCUSDT,LONG,spot,2024-11-24 05:45:00+00:00,98155.7535,98089.3391,207.3091,2024-11-24 06:45:00+00:00,98360.02,2024-11-24 07:30:00+00:00,98319.6,2024-11-24 07:45:00+00:00,98368.7598,0.065578,6450.81,98047.8773,98047.8773,0,2024-11-24 08:45:00+00:00,97900.8055,STOP_LOSS,4,-30.69,5.1606,5.1361,12.8556,-40.98,-1.948
182,BNBUSDT,LONG,spot,2024-11-25 04:00:00+00:00,656.8354,656.2077,3.6388,2024-11-25 04:15:00+00:00,658.83,2024-11-25 04:30:00+00:00,658.27,2024-11-25 04:45:00+00:00,658.5991,9.733139,6410.24,655.4799,655.4799,0,2024-11-25 07:15:00+00:00,654.4967,STOP_LOSS,10,-39.93,5.1282,5.0962,12.7606,-50.15,-1.652
183,SOLUSDT,LONG,spot,2024-11-25 05:00:00+00:00,251.6261,250.9841,1.2944,2024-11-25 05:15:00+00:00,253.65,2024-11-25 06:45:00+00:00,251.91,2024-11-25 07:00:00+00:00,252.036,24.613389,6203.46,250.7252,250.7252,0,2024-11-25 08:15:00+00:00,254.5301,FIXED_2R,5,61.39,4.9628,5.0119,6.2342,51.41,1.594
184,ETHUSDT,LONG,spot,2024-11-28 22:45:00+00:00,3577.8524,3572.4779,12.504,2024-11-28 23:00:00+00:00,3585.38,2024-11-28 23:15:00+00:00,3589.51,2024-11-28 23:30:00+00:00,3591.3048,1.518279,5452.6,3569.9772,3569.9772,0,2024-11-29 00:00:00+00:00,3564.6222,STOP_LOSS,2,-40.51,4.3621,4.3297,10.8444,-49.2,-1.52
185,SOLUSDT,LONG,spot,2024-11-28 23:45:00+00:00,236.86,236.5492,0.8243,2024-11-29 00:00:00+00:00,237.41,2024-11-29 00:30:00+00:00,238.47,2024-11-29 00:45:00+00:00,238.5892,14.574135,3477.23,236.3843,236.3843,0,2024-11-29 03:00:00+00:00,242.8776,FIXED_2R,9,62.5,2.7818,2.8318,3.5085,56.89,1.77
186,ETHUSDT,LONG,spot,2024-11-29 21:45:00+00:00,3588.0052,3584.2456,10.5078,2024-11-29 22:15:00+00:00,3594.38,2024-11-29 23:00:00+00:00,3593.21,2024-11-29 23:15:00+00:00,3595.0166,1.785553,6419.09,3582.1441,3582.1441,0,2024-11-30 00:30:00+00:00,3576.7708,STOP_LOSS,5,-32.58,5.1353,5.1092,12.7893,-42.82,-1.863
187,BNBUSDT,LONG,spot,2024-11-30 04:30:00+00:00,653.5368,653.0993,2.1069,2024-11-30 04:45:00+00:00,655.2,2024-11-30 05:30:00+00:00,657.17,2024-11-30 05:45:00+00:00,657.4986,6.680662,4392.53,652.6779,652.6779,0,2024-11-30 07:00:00+00:00,666.8064,FIXED_2R,5,62.18,3.514,3.5638,4.4236,55.1,1.711
188,BTCUSDT,LONG,spot,2024-12-01 08:45:00+00:00,96567.3989,96514.5467,208.8925,2024-12-01 09:00:00+00:00,96954.15,2024-12-01 10:30:00+00:00,96768.0,2024-12-01 10:45:00+00:00,96816.394,0.066427,6431.25,96472.7682,96472.7682,0,2024-12-01 18:00:00+00:00,97454.8938,FIXED_2R,29,42.41,5.145,5.1789,6.4525,32.09,1.406
189,BNBUSDT,LONG,spot,2024-12-02 01:30:00+00:00,658.2086,656.8918,3.3258,2024-12-02 01:45:00+00:00,666.19,2024-12-02 02:15:00+00:00,660.99,2024-12-02 02:30:00+00:00,661.3205,6.407999,4237.74,656.2266,656.2266,0,2024-12-02 03:45:00+00:00,655.2423,STOP_LOSS,5,-38.95,3.3902,3.359,8.4171,-45.7,-1.4
190,BNBUSDT,LONG,spot,2024-12-05 09:45:00+00:00,730.7625,729.3847,4.1262,2024-12-05 10:00:00+00:00,734.19,2024-12-05 11:00:00+00:00,736.19,2024-12-05 11:15:00+00:00,736.5681,4.04727,2981.09,728.5595,728.5595,0,2024-12-05 12:45:00+00:00,727.4666,STOP_LOSS,6,-36.84,2.3849,2.3554,5.9069,-41.58,-1.283
191,BNBUSDT,LONG,spot,2024-12-05 17:15:00+00:00,730.253,728.7193,5.3859,2024-12-05 17:45:00+00:00,733.31,2024-12-05 18:00:00+00:00,732.38,2024-12-05 18:15:00+00:00,732.7362,6.322074,4632.41,727.6421,727.6421,0,2024-12-05 18:45:00+00:00,726.5506,STOP_LOSS,2,-39.11,3.7059,3.6746,9.2062,-46.49,-1.443
192,ETHUSDT,LONG,spot,2024-12-06 02:00:00+00:00,3851.8843,3841.043,29.2135,2024-12-06 02:30:00+00:00,3868.53,2024-12-06 03:00:00+00:00,3855.21,2024-12-06 03:15:00+00:00,3857.1376,1.457456,5621.61,3835.2003,3835.2003,0,2024-12-06 03:45:00+00:00,3899.0618,FIXED_2R,2,61.1,4.4973,4.5462,5.6522,52.06,1.628
193,BNBUSDT,LONG,spot,2024-12-06 02:45:00+00:00,725.5409,723.6115,4.5127,2024-12-06 03:45:00+00:00,729.35,2024-12-06 05:45:00+00:00,726.83,2024-12-06 06:00:00+00:00,727.1834,7.203792,5238.48,722.709,722.709,0,2024-12-06 08:45:00+00:00,721.6249,STOP_LOSS,11,-40.04,4.1908,4.1587,10.4169,-48.39,-1.501
194,ETHUSDT,LONG,spot,2024-12-08 15:30:00+00:00,3982.2219,3979.6348,13.6565,2024-12-08 15:45:00+00:00,3990.79,2024-12-08 16:15:00+00:00,3985.48,2024-12-08 16:30:00+00:00,3987.4827,1.588528,6334.23,3976.9035,3976.9035,0,2024-12-08 16:45:00+00:00,3970.9382,STOP_LOSS,1,-26.28,5.0674,5.0464,12.629,-36.4,-2.166
195,ETHUSDT,LONG,spot,2024-12-08 19:30:00+00:00,3981.5627,3978.4629,12.1633,2024-12-08 19:45:00+00:00,3989.99,2024-12-08 20:15:00+00:00,3987.0,2024-12-08 20:30:00+00:00,3989.0035,1.578889,6298.2,3976.0302,3976.0302,0,2024-12-08 20:45:00+00:00,3970.0662,STOP_LOSS,1,-29.9,5.0386,5.0146,12.5515,-39.95,-1.951
196,BNBUSDT,LONG,spot,2024-12-17 09:30:00+00:00,718.909,718.1474,2.1031,2024-12-17 09:45:00+00:00,720.76,2024-12-17 11:45:00+00:00,720.31,2024-12-17 12:00:00+00:00,720.6601,8.684595,6258.64,717.7268,717.7268,0,2024-12-17 14:00:00+00:00,726.1636,FIXED_2R,8,47.8,5.0069,5.0451,6.2825,37.74,1.482
197,SOLUSDT,LONG,spot,2024-12-23 04:15:00+00:00,182.4396,181.6569,2.1148,2024-12-23 04:30:00+00:00,184.8,2024-12-23 06:15:00+00:00,183.57,2024-12-23 06:30:00+00:00,183.6718,13.043377,2395.7,181.2339,181.2339,0,2024-12-23 06:45:00+00:00,180.9621,STOP_LOSS,1,-35.34,1.9166,1.8883,4.7384,-39.15,-1.231
198,SOLUSDT,LONG,spot,2024-12-23 09:30:00+00:00,183.3877,182.6509,1.5279,2024-12-23 09:45:00+00:00,184.87,2024-12-23 11:45:00+00:00,183.59,2024-12-23 12:00:00+00:00,183.6818,23.646841,4343.49,182.3454,182.3454,0,2024-12-23 13:30:00+00:00,182.0719,STOP_LOSS,6,-38.07,3.4748,3.4443,8.6299,-44.99,-1.424
199,ETHUSDT,LONG,spot,2024-12-25 23:30:00+00:00,3477.4372,3474.0812,12.7817,2024-12-25 23:45:00+00:00,3497.0,2024-12-26 00:30:00+00:00,3487.59,2024-12-26 00:45:00+00:00,3489.3338,1.761887,6147.81,3471.5249,3471.5249,0,2024-12-26 01:00:00+00:00,3466.3176,STOP_LOSS,1,-40.55,4.9182,4.8858,12.2348,-50.36,-1.605
200,BNBUSDT,LONG,spot,2024-12-26 01:30:00+00:00,702.624,701.6518,2.2758,2024-12-26 01:45:00+00:00,705.67,2024-12-26 03:00:00+00:00,703.33,2024-12-26 03:15:00+00:00,703.6817,8.75802,6162.86,701.1967,701.1967,0,2024-12-26 05:15:00+00:00,708.2973,FIXED_2R,8,40.42,4.9303,4.9626,6.1831,30.53,1.403
201,BTCUSDT,LONG,spot,2024-12-27 09:30:00+00:00,96321.246,96135.7999,591.5744,2024-12-27 09:45:00+00:00,96774.13,2024-12-27 10:30:00+00:00,96433.89,2024-12-27 10:45:00+00:00,96482.1069,0.064189,6193.08,96017.485,96017.485,0,2024-12-27 14:30:00+00:00,95873.4588,STOP_LOSS,15,-39.07,4.9545,4.9232,12.3276,-48.95,-1.641
202,BNBUSDT,LONG,spot,2024-12-28 07:00:00+00:00,696.1896,695.4087,1.8439,2024-12-28 07:15:00+00:00,697.54,2024-12-28 08:00:00+00:00,697.55,2024-12-28 08:15:00+00:00,697.8888,8.804594,6144.63,695.04,695.04,0,2024-12-28 11:00:00+00:00,703.2346,FIXED_2R,11,47.07,4.9157,4.9534,6.1682,37.2,1.483
203,SOLUSDT,LONG,spot,2024-12-30 08:15:00+00:00,192.409,192.0992,1.063,2024-12-30 08:30:00+00:00,193.24,2024-12-30 09:15:00+00:00,193.0,2024-12-30 09:30:00+00:00,193.1065,25.592255,4942.03,191.8866,191.8866,0,2024-12-30 11:00:00+00:00,191.5988,STOP_LOSS,6,-38.59,3.9536,3.9228,9.8262,-46.46,-1.488
204,SOLUSDT,LONG,spot,2024-12-30 10:00:00+00:00,192.6011,192.3408,0.9854,2024-12-30 10:15:00+00:00,193.89,2024-12-30 10:45:00+00:00,192.65,2024-12-30 11:00:00+00:00,192.7563,31.830116,6135.46,192.1437,192.1437,0,2024-12-30 11:15:00+00:00,191.6221,STOP_LOSS,1,-36.1,4.9084,4.8795,12.2168,-45.89,-2.353
205,SOLUSDT,LONG,spot,2024-12-30 11:30:00+00:00,192.8469,192.5115,1.1256,2024-12-30 11:45:00+00:00,193.51,2024-12-30 12:45:00+00:00,193.36,2024-12-30 13:00:00+00:00,193.4467,26.50826,5127.93,192.2864,192.2864,0,2024-12-30 13:15:00+00:00,191.8817,STOP_LOSS,1,-41.48,4.1023,4.0692,10.1936,-49.66,-1.614
206,BNBUSDT,LONG,spot,2024-12-31 08:15:00+00:00,702.6152,702.3055,2.5866,2024-12-31 08:45:00+00:00,703.99,2024-12-31 09:00:00+00:00,703.9,2024-12-31 09:15:00+00:00,704.262,8.577586,6040.87,701.7882,701.7882,0,2024-12-31 13:15:00+00:00,708.8549,FIXED_2R,16,39.4,4.8327,4.8642,6.0606,29.7,1.4
207,BTCUSDT,LONG,spot,2025-01-03 14:30:00+00:00,96731.1374,96587.5958,309.9545,2025-01-03 14:45:00+00:00,97016.01,2025-01-03 15:15:00+00:00,97263.78,2025-01-03 15:30:00+00:00,97312.4219,0.038964,3791.73,96525.6049,96525.6049,0,2025-01-03 19:00:00+00:00,98836.6129,FIXED_2R,14,59.39,3.0334,3.0809,3.8214,53.28,1.738
208,ETHUSDT,LONG,spot,2025-01-05 15:30:00+00:00,3623.7052,3619.9481,10.9315,2025-01-05 15:45:00+00:00,3629.6,2025-01-05 16:45:00+00:00,3628.01,2025-01-05 17:00:00+00:00,3629.834,1.686857,6123.01,3617.7618,3617.7618,0,2025-01-05 18:00:00+00:00,3612.3352,STOP_LOSS,4,-29.52,4.8984,4.8748,12.2017,-39.29,-1.929
209,BNBUSDT,LONG,spot,2025-01-11 05:45:00+00:00,692.7843,692.6737,1.2067,2025-01-11 06:00:00+00:00,694.34,2025-01-11 07:00:00+00:00,694.01,2025-01-11 07:15:00+00:00,694.347,8.762354,6084.11,692.4324,692.4324,0,2025-01-11 15:15:00+00:00,695.7819,TIME_EXIT_8H,32,12.57,4.8673,4.8773,6.0904,2.83,0.169
210,ETHUSDT,LONG,spot,2025-01-12 15:45:00+00:00,3268.6338,3266.5338,11.2248,2025-01-12 16:00:00+00:00,3274.33,2025-01-12 16:15:00+00:00,3277.25,2025-01-12 16:30:00+00:00,3278.8986,1.85639,6086.91,3264.2889,3264.2889,0,2025-01-12 21:15:00+00:00,3259.3925,STOP_LOSS,19,-36.21,4.8695,4.8406,12.1195,-45.92,-1.693
211,ETHUSDT,LONG,spot,2025-01-13 00:30:00+00:00,3273.6258,3271.5754,18.496,2025-01-13 00:45:00+00:00,3308.56,2025-01-13 01:30:00+00:00,3276.14,2025-01-13 01:45:00+00:00,3277.7781,1.843155,6041.45,3267.8762,3267.8762,0,2025-01-13 02:00:00+00:00,3256.5778,STOP_LOSS,1,-39.08,4.8332,4.8019,12.0243,-48.71,-2.669
212,SOLUSDT,LONG,spot,2025-01-20 09:00:00+00:00,257.6948,255.2758,5.0138,2025-01-20 09:15:00+00:00,268.0,2025-01-20 11:00:00+00:00,257.86,2025-01-20 11:15:00+00:00,257.9889,8.145739,2101.51,254.273,254.273,0,2025-01-20 12:15:00+00:00,253.8916,STOP_LOSS,4,-33.38,1.6812,1.6545,4.153,-36.71,-1.213
213,ETHUSDT,LONG,spot,2025-01-21 16:00:00+00:00,3300.5729,3289.7495,27.2937,2025-01-21 16:15:00+00:00,3316.51,2025-01-21 16:30:00+00:00,3309.78,2025-01-21 16:45:00+00:00,3311.4349,1.108351,3670.23,3284.2907,3284.2907,0,2025-01-21 18:30:00+00:00,3364.0404,FIXED_2R,7,58.31,2.9362,2.9828,3.6994,52.39,1.741
214,BNBUSDT,LONG,spot,2025-01-22 19:00:00+00:00,695.208,694.407,2.0856,2025-01-22 20:00:00+00:00,697.6,2025-01-22 21:00:00+00:00,695.7,2025-01-22 21:15:00+00:00,696.0479,8.632664,6008.75,693.9899,693.9899,0,2025-01-22 23:00:00+00:00,692.9489,STOP_LOSS,7,-26.75,4.807,4.7856,11.9774,-36.34,-2.046
215,ETHUSDT,LONG,spot,2025-01-23 16:30:00+00:00,3246.1392,3234.8322,23.7127,2025-01-23 17:45:00+00:00,3265.85,2025-01-23 18:15:00+00:00,3258.8,2025-01-23 18:30:00+00:00,3260.4294,0.994256,3241.7,3230.0896,3230.0896,0,2025-01-23 19:00:00+00:00,3225.2445,STOP_LOSS,2,-34.98,2.5934,2.5654,6.4309,-40.14,-1.331
216,SOLUSDT,LONG,spot,2025-01-23 17:45:00+00:00,250.5885,249.2993,2.9498,2025-01-23 18:15:00+00:00,252.92,2025-01-23 18:30:00+00:00,250.81,2025-01-23 18:45:00+00:00,250.9354,13.502109,3388.16,248.7094,248.7094,0,2025-01-23 19:00:00+00:00,248.3363,STOP_LOSS,1,-35.09,2.7105,2.6825,6.7237,-40.49,-1.347
217,SOLUSDT,LONG,spot,2025-01-23 23:00:00+00:00,250.3731,249.6622,3.4744,2025-01-23 23:15:00+00:00,253.57,2025-01-24 01:15:00+00:00,252.69,2025-01-24 01:30:00+00:00,252.8163,7.732479,1954.9,248.9673,248.9673,0,2025-01-24 01:45:00+00:00,248.5939,STOP_LOSS,1,-32.65,1.5639,1.5378,3.8608,-35.75,-1.201
218,SOLUSDT,LONG,spot,2025-01-24 03:45:00+00:00,251.0729,250.6863,2.5674,2025-01-24 04:00:00+00:00,252.86,2025-01-24 04:15:00+00:00,251.29,2025-01-24 04:30:00+00:00,251.4256,23.297345,5857.55,250.1728,250.1728,0,2025-01-24 04:45:00+00:00,253.8043,FIXED_2R,1,55.42,4.686,4.7304,5.8853,46.0,1.576
219,SOLUSDT,LONG,spot,2025-01-26 17:00:00+00:00,255.723,255.3475,1.2704,2025-01-26 18:00:00+00:00,256.37,2025-01-26 19:45:00+00:00,256.28,2025-01-26 20:00:00+00:00,256.4181,22.505979,5770.94,255.0934,255.0934,0,2025-01-26 20:30:00+00:00,254.7108,STOP_LOSS,2,-38.43,4.6168,4.586,11.4842,-47.63,-1.598
220,SOLUSDT,LONG,spot,2025-01-31 12:45:00+00:00,237.7249,237.5327,1.245,2025-01-31 13:00:00+00:00,241.16,2025-01-31 14:30:00+00:00,238.35,2025-01-31 14:45:00+00:00,238.4792,24.555347,5855.94,237.2837,237.2837,0,2025-01-31 15:00:00+00:00,236.1453,STOP_LOSS,1,-57.31,4.6848,4.6389,11.6259,-66.63,-2.27
221,BTCUSDT,LONG,spot,2025-01-31 14:15:00+00:00,104610.756,104576.203,240.3891,2025-01-31 15:00:00+00:00,104869.49,2025-01-31 15:15:00+00:00,105166.25,2025-01-31 15:30:00+00:00,105218.8231,0.042337,4454.68,104528.1252,104528.1252,0,2025-01-31 18:00:00+00:00,104371.333,STOP_LOSS,10,-35.88,3.5637,3.535,8.8555,-42.98,-1.47
222,ETHUSDT,LONG,spot,2025-02-05 23:45:00+00:00,2770.9766,2764.962,24.3315,2025-02-06 00:00:00+00:00,2792.58,2025-02-06 00:30:00+00:00,2775.37,2025-02-06 00:45:00+00:00,2776.7677,1.741083,4834.58,2760.0957,2760.0957,0,2025-02-06 01:00:00+00:00,2755.9555,STOP_LOSS,1,-36.24,3.8677,3.8387,9.6148,-43.94,-1.514
223,SOLUSDT,LONG,spot,2025-02-10 03:15:00+00:00,199.8471,199.5609,2.0691,2025-02-10 03:30:00+00:00,203.73,2025-02-10 05:00:00+00:00,201.87,2025-02-10 05:15:00+00:00,201.9709,10.201588,2060.42,199.1471,199.1471,0,2025-02-10 13:15:00+00:00,203.6981,TIME_EXIT_8H,32,17.62,1.6483,1.6624,2.0692,14.31,0.497
224,ETHUSDT,LONG,spot,2025-02-13 23:30:00+00:00,2664.2706,2660.3157,9.7626,2025-02-13 23:45:00+00:00,2675.87,2025-02-14 00:00:00+00:00,2666.69,2025-02-14 00:15:00+00:00,2668.0233,2.143192,5718.09,2658.3631,2658.3631,0,2025-02-14 01:45:00+00:00,2686.0001,FIXED_2R,6,38.53,4.5745,4.6053,5.7373,29.35,1.418
225,ETHUSDT,LONG,spot,2025-02-16 06:00:00+00:00,2700.885,2698.869,7.5416,2025-02-16 06:15:00+00:00,2716.92,2025-02-16 07:00:00+00:00,2704.49,2025-02-16 07:15:00+00:00,2705.8522,2.123966,5747.14,2697.3607,2697.3607,0,2025-02-16 07:30:00+00:00,2690.5881,STOP_LOSS,1,-32.42,4.5977,4.5718,11.4456,-41.59,-2.306
226,ETHUSDT,LONG,spot,2025-02-16 09:45:00+00:00,2700.9458,2699.8422,7.4763,2025-02-16 10:00:00+00:00,2707.54,2025-02-16 10:30:00+00:00,2704.0,2025-02-16 10:45:00+00:00,2705.342,2.109147,5705.97,2698.347,2698.347,0,2025-02-16 11:00:00+00:00,2691.8562,STOP_LOSS,1,-28.44,4.5648,4.542,11.3693,-37.55,-2.545
227,ETHUSDT,LONG,spot,2025-02-16 11:15:00+00:00,2702.0013,2700.6797,7.8698,2025-02-16 11:30:00+00:00,2708.21,2025-02-16 13:00:00+00:00,2704.98,2025-02-16 13:15:00+00:00,2706.3325,2.094639,5668.79,2699.1057,2699.1057,0,2025-02-16 13:30:00+00:00,2695.0571,STOP_LOSS,1,-23.62,4.535,4.5161,11.3022,-32.67,-2.158
228,ETHUSDT,LONG,spot,2025-02-20 17:00:00+00:00,2732.3073,2726.6673,14.4356,2025-02-20 18:00:00+00:00,2748.96,2025-02-20 18:45:00+00:00,2737.7,2025-02-20 19:00:00+00:00,2739.0688,1.861965,5100.05,2723.7802,2723.7802,0,2025-02-20 21:45:00+00:00,2719.6945,STOP_LOSS,11,-36.07,4.08,4.0512,10.146,-44.21,-1.553
229,BTCUSDT,LONG,spot,2025-03-07 13:30:00+00:00,89055.6996,88794.4457,592.7218,2025-03-07 14:00:00+00:00,89404.17,2025-03-07 14:15:00+00:00,89125.99,2025-03-07 14:30:00+00:00,89170.563,0.057101,5091.77,88675.9014,88675.9014,0,2025-03-07 14:45:00+00:00,90114.8063,FIXED_2R,1,53.92,4.0734,4.1165,5.1187,45.73,1.619
230,BNBUSDT,LONG,spot,2025-03-08 13:45:00+00:00,597.0105,596.5188,1.723,2025-03-08 14:00:00+00:00,598.57,2025-03-08 14:45:00+00:00,597.37,2025-03-08 15:00:00+00:00,597.6587,9.433402,5637.95,596.1742,596.1742,0,2025-03-08 16:15:00+00:00,595.2799,STOP_LOSS,5,-22.44,4.5104,4.4924,11.2422,-31.44,-2.245
231,BNBUSDT,LONG,spot,2025-03-08 17:00:00+00:00,597.7746,597.2516,1.7804,2025-03-08 17:15:00+00:00,599.54,2025-03-08 19:15:00+00:00,599.23,2025-03-08 19:30:00+00:00,599.5296,9.352043,5606.83,596.8955,596.8955,0,2025-03-08 21:30:00+00:00,596.0001,STOP_LOSS,8,-33.01,4.4855,4.4591,11.1641,-41.95,-1.703
232,SOLUSDT,LONG,spot,2025-03-14 02:30:00+00:00,124.0745,123.7668,0.7078,2025-03-14 02:45:00+00:00,125.22,2025-03-14 03:30:00+00:00,124.39,2025-03-14 03:45:00+00:00,124.4622,33.581017,4179.57,123.6252,123.6252,0,2025-03-14 10:30:00+00:00,126.0731,FIXED_2R,27,54.1,3.3437,3.3869,4.2066,47.37,1.685
233,SOLUSDT,LONG,spot,2025-03-17 19:30:00+00:00,128.7236,128.3768,0.8421,2025-03-17 19:45:00+00:00,129.84,2025-03-17 20:45:00+00:00,128.78,2025-03-17 21:00:00+00:00,128.8544,43.554484,5612.19,128.2084,128.2084,0,2025-03-17 21:15:00+00:00,128.0161,STOP_LOSS,1,-36.51,4.4897,4.4605,11.1696,-45.46,-1.616
234,BNBUSDT,LONG,spot,2025-03-18 15:00:00+00:00,631.102,629.6353,3.2845,2025-03-18 16:15:00+00:00,634.17,2025-03-18 17:30:00+00:00,631.62,2025-03-18 17:45:00+00:00,631.9358,8.809721,5567.18,628.9784,628.9784,0,2025-03-18 21:00:00+00:00,628.0349,STOP_LOSS,13,-34.37,4.4537,4.4262,11.0828,-43.25,-1.66
235,ETHUSDT,LONG,spot,2025-03-22 01:00:00+00:00,1972.6459,1969.9238,6.0222,2025-03-22 01:15:00+00:00,1980.67,2025-03-22 01:30:00+00:00,1976.08,2025-03-22 01:45:00+00:00,1977.068,2.794221,5524.36,1968.7194,1968.7194,0,2025-03-22 09:00:00+00:00,1992.7685,FIXED_2R,29,43.87,4.4195,4.4546,5.5463,35.0,1.5
236,ETHUSDT,LONG,spot,2025-03-25 14:15:00+00:00,2064.995,2063.3526,9.2045,2025-03-25 14:30:00+00:00,2077.98,2025-03-25 15:45:00+00:00,2067.67,2025-03-25 16:00:00+00:00,2068.7038,2.687195,5559.01,2061.5117,2061.5117,0,2025-03-25 16:30:00+00:00,2058.4195,STOP_LOSS,2,-27.64,4.4472,4.4251,11.0766,-36.51,-1.889
237,ETHUSDT,LONG,spot,2025-03-25 23:45:00+00:00,2067.2318,2066.1418,7.1743,2025-03-26 00:30:00+00:00,2075.79,2025-03-26 01:00:00+00:00,2069.49,2025-03-26 01:15:00+00:00,2070.5347,2.667363,5522.87,2064.707,2064.707,0,2025-03-26 02:00:00+00:00,2061.6099,STOP_LOSS,3,-23.81,4.4183,4.3992,11.01,-32.62,-2.099
238,ETHUSDT,LONG,spot,2025-04-04 18:00:00+00:00,1801.2619,1798.5533,15.8189,2025-04-04 18:15:00+00:00,1811.19,2025-04-04 19:00:00+00:00,1813.21,2025-04-04 19:15:00+00:00,1814.1266,1.479964,2684.84,1795.3896,1795.3896,0,2025-04-05 03:15:00+00:00,1809.085,TIME_EXIT_8H,32,-7.46,2.1479,2.1419,2.6811,-11.75,-0.424
239,BTCUSDT,LONG,spot,2025-04-06 00:45:00+00:00,83253.2672,83182.0766,164.0039,2025-04-06 01:00:00+00:00,83540.84,2025-04-06 03:00:00+00:00,83358.49,2025-04-06 03:15:00+00:00,83400.1692,0.065695,5478.94,83149.2758,83149.2758,0,2025-04-06 06:30:00+00:00,83024.5519,STOP_LOSS,13,-24.68,4.3831,4.3634,10.9209,-33.42,-2.028
240,BNBUSDT,LONG,spot,2025-04-10 19:15:00+00:00,574.7715,573.7564,2.2904,2025-04-10 20:30:00+00:00,576.25,2025-04-10 21:15:00+00:00,575.37,2025-04-10 21:30:00+00:00,575.6577,9.460221,5445.85,573.2983,573.2983,0,2025-04-11 02:15:00+00:00,580.0862,FIXED_2R,19,41.89,4.3567,4.3902,5.4668,33.15,1.485
241,SOLUSDT,LONG,spot,2025-04-11 00:30:00+00:00,112.6658,112.4707,0.5927,2025-04-11 01:15:00+00:00,113.09,2025-04-11 01:30:00+00:00,113.16,2025-04-11 01:45:00+00:00,113.2266,31.627874,3581.12,112.3522,112.3522,0,2025-04-11 02:15:00+00:00,114.9179,FIXED_2R,2,53.49,2.8649,2.9077,3.6079,47.72,1.726
242,ETHUSDT,LONG,spot,2025-04-11 14:45:00+00:00,1559.2364,1553.2622,13.5801,2025-04-11 15:30:00+00:00,1567.39,2025-04-11 16:00:00+00:00,1560.37,2025-04-11 16:15:00+00:00,1561.1502,2.631897,4108.79,1550.5462,1550.5462,0,2025-04-11 17:30:00+00:00,1581.567,FIXED_2R,5,53.73,3.287,3.33,4.1357,47.12,1.688
243,BTCUSDT,LONG,spot,2025-04-14 10:15:00+00:00,84553.9361,84425.3284,283.8386,2025-04-14 10:30:00+00:00,84792.68,2025-04-14 11:00:00+00:00,84791.49,2025-04-14 11:15:00+00:00,84833.8857,0.060483,5131.0,84368.5607,84368.5607,0,2025-04-14 13:30:00+00:00,84242.0078,STOP_LOSS,9,-35.8,4.1048,4.0762,10.2083,-43.98,-1.563
244,ETHUSDT,LONG,spot,2025-04-15 02:45:00+00:00,1632.6183,1628.5562,9.3167,2025-04-15 03:30:00+00:00,1639.44,2025-04-15 04:15:00+00:00,1632.64,2025-04-15 04:30:00+00:00,1633.4563,3.384857,5529.02,1626.6928,1626.6928,0,2025-04-15 05:30:00+00:00,1646.1598,FIXED_2R,4,43.0,4.4232,4.4576,5.5505,34.12,1.49
245,ETHUSDT,LONG,spot,2025-04-15 05:00:00+00:00,1633.7174,1633.2317,6.9449,2025-04-15 05:15:00+00:00,1641.96,2025-04-15 06:15:00+00:00,1638.83,2025-04-15 06:30:00+00:00,1639.6494,3.392672,5562.79,1631.8427,1631.8427,0,2025-04-15 10:30:00+00:00,1629.3949,STOP_LOSS,16,-34.79,4.4502,4.4224,11.0734,-43.66,-1.649
246,ETHUSDT,LONG,spot,2025-04-15 11:30:00+00:00,1637.1043,1635.7439,7.2284,2025-04-15 12:45:00+00:00,1641.94,2025-04-15 13:15:00+00:00,1640.03,2025-04-15 13:30:00+00:00,1640.85,3.363846,5519.57,1634.2982,1634.2982,0,2025-04-15 13:45:00+00:00,1631.8468,STOP_LOSS,1,-30.29,4.4157,4.3914,10.9937,-39.09,-1.774
247,BNBUSDT,LONG,spot,2025-04-16 16:00:00+00:00,582.1934,581.4717,1.5485,2025-04-16 16:45:00+00:00,583.85,2025-04-16 17:30:00+00:00,582.4,2025-04-16 17:45:00+00:00,582.6912,9.406123,5480.87,581.162,581.162,0,2025-04-16 18:00:00+00:00,575.8449,STOP_LOSS,1,-64.4,4.3847,4.3332,10.8651,-73.11,-5.083
248,BTCUSDT,LONG,spot,2025-04-16 20:15:00+00:00,84327.1732,84220.6112,440.012,2025-04-16 21:15:00+00:00,84580.86,2025-04-16 22:15:00+00:00,84365.98,2025-04-16 22:30:00+00:00,84408.173,0.064075,5408.48,84132.6088,84132.6088,0,2025-04-16 23:30:00+00:00,84006.4099,STOP_LOSS,4,-25.74,4.3268,4.3062,10.7783,-34.38,-1.947
249,ETHUSDT,LONG,spot,2025-04-18 12:30:00+00:00,1587.962,1586.4769,4.2466,2025-04-18 12:45:00+00:00,1593.24,2025-04-18 13:00:00+00:00,1589.14,2025-04-18 13:15:00+00:00,1589.9446,3.380275,5374.45,1585.6276,1585.6276,0,2025-04-18 15:00:00+00:00,1583.2492,STOP_LOSS,7,-22.63,4.2996,4.2815,10.715,-31.21,-2.139
250,SOLUSDT,LONG,spot,2025-04-18 18:30:00+00:00,133.9621,133.7735,0.4913,2025-04-18 19:15:00+00:00,134.35,2025-04-18 19:30:00+00:00,134.01,2025-04-18 19:45:00+00:00,134.077,39.854323,5343.55,133.6752,133.6752,0,2025-04-18 20:30:00+00:00,133.4747,STOP_LOSS,3,-24.0,4.2748,4.2556,10.6511,-32.53,-2.032
251,SOLUSDT,LONG,spot,2025-04-18 20:15:00+00:00,133.9914,133.8785,0.4369,2025-04-18 21:30:00+00:00,134.36,2025-04-18 22:15:00+00:00,134.16,2025-04-18 22:30:00+00:00,134.2271,39.569799,5311.34,133.7911,133.7911,0,2025-04-18 23:00:00+00:00,133.5904,STOP_LOSS,2,-25.19,4.2491,4.2289,10.5849,-33.67,-1.952
252,ETHUSDT,LONG,spot,2025-04-24 22:15:00+00:00,1763.9575,1761.2082,6.5511,2025-04-24 23:15:00+00:00,1769.54,2025-04-25 00:00:00+00:00,1766.48,2025-04-25 00:15:00+00:00,1767.3632,2.986372,5278.0,1759.898,1759.898,0,2025-04-25 01:00:00+00:00,1781.4026,FIXED_2R,3,41.93,4.2224,4.2559,5.299,33.45,1.5
253,ETHUSDT,LONG,spot,2025-04-25 00:45:00+00:00,1766.2833,1764.0902,6.0433,2025-04-25 01:00:00+00:00,1781.49,2025-04-25 01:30:00+00:00,1771.83,2025-04-25 01:45:00+00:00,1772.7259,2.724797,4830.32,1762.8816,1762.8816,0,2025-04-25 02:00:00+00:00,1760.2373,STOP_LOSS,1,-34.03,3.8643,3.837,9.6096,-41.73,-1.556
254,ETHUSDT,LONG,spot,2025-04-25 04:30:00+00:00,1763.745,1761.8465,9.2329,2025-04-25 05:00:00+00:00,1769.41,2025-04-25 05:30:00+00:00,1765.44,2025-04-25 05:45:00+00:00,1766.3227,2.983489,5269.81,1759.9999,1759.9999,0,2025-04-25 06:30:00+00:00,1778.0788,FIXED_2R,3,35.07,4.2158,4.2439,5.2873,26.61,1.411
255,ETHUSDT,LONG,spot,2025-04-26 14:45:00+00:00,1796.7886,1794.2718,7.3009,2025-04-26 15:15:00+00:00,1802.41,2025-04-26 16:00:00+00:00,1799.38,2025-04-26 16:15:00+00:00,1800.2797,2.94185,5296.15,1792.8116,1792.8116,0,2025-04-26 20:00:00+00:00,1814.3082,FIXED_2R,15,41.27,4.2369,4.2699,5.3168,32.76,1.491
256,ETHUSDT,LONG,spot,2025-04-27 08:45:00+00:00,1808.4703,1806.409,5.5649,2025-04-27 09:30:00+00:00,1812.55,2025-04-27 10:00:00+00:00,1811.61,2025-04-27 10:15:00+00:00,1812.5058,2.939902,5328.59,1805.2961,1805.2961,0,2025-04-27 11:00:00+00:00,1802.5881,STOP_LOSS,3,-29.16,4.2629,4.2395,10.6134,-37.66,-1.777
257,BTCUSDT,LONG,spot,2025-04-27 19:45:00+00:00,94156.8962,94098.4192,124.4731,2025-04-27 20:00:00+00:00,94310.44,2025-04-27 21:15:00+00:00,94356.0,2025-04-27 21:30:00+00:00,94403.178,0.05605,5291.31,94073.5246,94073.5246,0,2025-04-27 22:00:00+00:00,93932.4143,STOP_LOSS,2,-26.39,4.233,4.2119,10.543,-34.83,-1.885
258,ETHUSDT,LONG,spot,2025-04-29 02:15:00+00:00,1796.5418,1792.4159,8.8596,2025-04-29 03:45:00+00:00,1802.08,2025-04-29 04:30:00+00:00,1796.8,2025-04-29 04:45:00+00:00,1797.6884,2.924213,5256.82,1790.644,1790.644,0,2025-04-29 05:00:00+00:00,1787.958,STOP_LOSS,1,-28.45,4.2055,4.1827,10.471,-36.84,-1.788
259,SOLUSDT,LONG,spot,2025-04-29 16:15:00+00:00,148.1712,148.1379,0.7353,2025-04-29 16:30:00+00:00,149.32,2025-04-29 16:45:00+00:00,148.39,2025-04-29 17:00:00+00:00,148.4542,35.164717,5220.35,147.9909,147.9909,0,2025-04-29 18:15:00+00:00,149.3062,FIXED_2R,5,29.96,4.1763,4.2002,5.2353,21.58,1.325
260,ETHUSDT,LONG,spot,2025-05-02 13:00:00+00:00,1833.2731,1831.415,7.544,2025-05-02 14:00:00+00:00,1837.91,2025-05-02 15:15:00+00:00,1836.1,2025-05-02 15:30:00+00:00,1837.018,2.853383,5241.72,1829.9062,1829.9062,0,2025-05-02 16:00:00+00:00,1850.3161,FIXED_2R,2,37.94,4.1934,4.2237,5.2607,29.53,1.455
261,BNBUSDT,LONG,spot,2025-05-03 19:45:00+00:00,598.748,598.4132,0.7432,2025-05-03 20:00:00+00:00,599.54,2025-05-03 21:15:00+00:00,599.51,2025-05-03 21:30:00+00:00,599.8098,8.787701,5270.95,598.2646,598.2646,0,2025-05-04 03:00:00+00:00,597.3672,STOP_LOSS,22,-21.46,4.2168,4.1996,10.5097,-29.88,-2.201
262,ETHUSDT,LONG,spot,2025-05-05 19:15:00+00:00,1814.6967,1812.2001,6.2774,2025-05-05 19:30:00+00:00,1817.99,2025-05-05 19:45:00+00:00,1816.44,2025-05-05 20:00:00+00:00,1817.3482,2.884074,5241.37,1810.9446,1810.9446,0,2025-05-05 20:30:00+00:00,1808.2282,STOP_LOSS,2,-26.3,4.1931,4.1721,10.4433,-34.67,-1.877
263,ETHUSDT,LONG,spot,2025-05-05 22:30:00+00:00,1816.6078,1813.9791,6.7209,2025-05-05 22:45:00+00:00,1826.09,2025-05-05 23:45:00+00:00,1820.19,2025-05-06 00:00:00+00:00,1821.1001,2.859286,5207.05,1812.635,1812.635,0,2025-05-06 00:30:00+00:00,1809.916,STOP_LOSS,2,-31.98,4.1656,4.1401,10.3661,-40.28,-1.664
264,BNBUSDT,LONG,spot,2025-05-06 14:45:00+00:00,596.9295,596.4141,1.3517,2025-05-06 15:00:00+00:00,598.18,2025-05-06 17:00:00+00:00,598.18,2025-05-06 17:15:00+00:00,598.4791,8.633826,5167.16,596.1438,596.1438,0,2025-05-06 23:45:00+00:00,602.8481,FIXED_2R,26,37.72,4.1337,4.1639,5.186,29.42,1.459
265,ETHUSDT,LONG,spot,2025-05-11 19:00:00+00:00,2496.5986,2488.2163,17.9845,2025-05-11 19:15:00+00:00,2516.03,2025-05-11 20:00:00+00:00,2504.71,2025-05-11 20:15:00+00:00,2505.9624,1.22963,3081.41,2484.6194,2484.6194,0,2025-05-11 22:30:00+00:00,2480.8925,STOP_LOSS,9,-30.83,2.4651,2.4405,6.1166,-35.73,-1.362
266,BTCUSDT,LONG,spot,2025-05-11 22:45:00+00:00,104157.7737,104050.6667,327.0498,2025-05-12 00:00:00+00:00,104328.04,2025-05-12 01:15:00+00:00,104280.01,2025-05-12 01:30:00+00:00,104332.15,0.049466,5160.92,103985.2567,103985.2567,0,2025-05-12 01:45:00+00:00,103829.2788,STOP_LOSS,1,-24.88,4.1287,4.1088,10.2845,-33.11,-1.93
267,SOLUSDT,LONG,spot,2025-05-12 03:30:00+00:00,173.9038,173.2806,1.4212,2025-05-12 03:45:00+00:00,174.9,2025-05-12 05:30:00+00:00,174.81,2025-05-12 05:45:00+00:00,174.9074,13.552323,2370.4,172.9963,172.9963,0,2025-05-12 07:00:00+00:00,178.6402,FIXED_2R,5,50.59,1.8963,1.9368,2.3957,46.76,1.805
268,BTCUSDT,LONG,spot,2025-05-12 06:30:00+00:00,104084.901,104045.1432,234.7843,2025-05-12 06:45:00+00:00,104384.8,2025-05-12 08:00:00+00:00,104296.96,2025-05-12 08:15:00+00:00,104349.1085,0.049588,5174.42,103998.1863,103998.1863,0,2025-05-12 11:45:00+00:00,103842.1891,STOP_LOSS,14,-25.14,4.1395,4.1194,10.3111,-33.4,-1.919
269,SOLUSDT,LONG,spot,2025-05-21 19:30:00+00:00,169.5317,169.0723,1.9454,2025-05-21 19:45:00+00:00,171.14,2025-05-21 20:45:00+00:00,169.72,2025-05-21 21:00:00+00:00,169.8049,23.151228,3931.19,168.6833,168.6833,0,2025-05-21 22:45:00+00:00,171.962,FIXED_2R,7,49.94,3.145,3.1849,3.9562,43.61,1.68
270,ETHUSDT,LONG,spot,2025-05-27 03:30:00+00:00,2550.51,2547.3461,11.2618,2025-05-27 04:15:00+00:00,2559.29,2025-05-27 05:15:00+00:00,2555.59,2025-05-27 05:30:00+00:00,2556.8678,2.027691,5184.54,2545.0938,2545.0938,0,2025-05-27 06:00:00+00:00,2579.1257,FIXED_2R,2,45.13,4.1476,4.1837,5.2071,36.8,1.541
271,BNBUSDT,LONG,spot,2025-05-27 03:15:00+00:00,672.6062,672.1521,1.7782,2025-05-27 03:30:00+00:00,673.6,2025-05-27 05:15:00+00:00,673.46,2025-05-27 05:30:00+00:00,673.7867,7.688534,5180.43,671.7965,671.7965,0,2025-05-27 06:00:00+00:00,677.4283,FIXED_2R,2,28.0,4.1443,4.1667,5.1944,19.69,1.287
272,ETHUSDT,LONG,spot,2025-05-28 17:30:00+00:00,2643.9617,2640.6499,13.8981,2025-05-28 17:45:00+00:00,2652.8,2025-05-28 18:15:00+00:00,2645.4,2025-05-28 18:30:00+00:00,2646.7227,1.979981,5240.46,2637.8703,2637.8703,0,2025-05-28 18:45:00+00:00,2633.9135,STOP_LOSS,1,-25.36,4.1924,4.1721,10.4429,-33.73,-1.924
274,ETHUSDT,LONG,spot,2025-05-28 21:15:00+00:00,2640.5814,2637.1743,12.6564,2025-05-28 21:30:00+00:00,2647.17,2025-05-28 22:30:00+00:00,2644.94,2025-05-28 22:45:00+00:00,2646.2725,1.966142,5202.95,2634.643,2634.643,0,2025-05-28 23:00:00+00:00,2668.1966,FIXED_2R,1,43.11,4.1624,4.1968,5.2245,34.75,1.52
273,BNBUSDT,LONG,spot,2025-05-28 20:15:00+00:00,685.3143,684.4915,2.0168,2025-05-28 20:30:00+00:00,687.24,2025-05-28 22:15:00+00:00,685.9,2025-05-28 22:30:00+00:00,686.2429,7.587797,5207.07,684.0882,684.0882,0,2025-05-29 00:45:00+00:00,690.2072,FIXED_2R,9,30.08,4.1657,4.1897,5.2221,21.72,1.329
275,BTCUSDT,LONG,spot,2025-06-02 21:00:00+00:00,104606.6818,104521.3002,278.6829,2025-06-02 21:15:00+00:00,104792.61,2025-06-02 21:30:00+00:00,104700.01,2025-06-02 21:45:00+00:00,104752.36,0.050242,5262.98,104465.5636,104465.5636,0,2025-06-02 22:15:00+00:00,105273.2898,FIXED_2R,2,26.17,4.2104,4.2313,5.2761,17.73,1.231
276,BNBUSDT,LONG,spot,2025-06-12 01:15:00+00:00,667.6409,667.0347,1.5393,2025-06-12 01:30:00+00:00,668.45,2025-06-12 01:45:00+00:00,668.99,2025-06-12 02:00:00+00:00,669.3245,7.889347,5280.53,666.7268,666.7268,0,2025-06-12 03:15:00+00:00,665.7268,STOP_LOSS,5,-28.38,4.2244,4.2017,10.5185,-36.81,-1.796
277,BNBUSDT,LONG,spot,2025-06-17 03:15:00+00:00,654.994,654.2927,1.5591,2025-06-17 03:30:00+00:00,655.84,2025-06-17 04:15:00+00:00,655.7,2025-06-17 04:30:00+00:00,656.0279,7.993702,5244.09,653.9808,653.9808,0,2025-06-17 10:15:00+00:00,652.9999,STOP_LOSS,23,-24.2,4.1953,4.1759,10.4519,-32.58,-1.991
278,SOLUSDT,LONG,spot,2025-06-26 06:00:00+00:00,145.0695,144.7954,0.7111,2025-06-26 07:15:00+00:00,145.5,2025-06-26 07:45:00+00:00,145.15,2025-06-26 08:00:00+00:00,145.2326,35.886169,5211.84,144.6532,144.6532,0,2025-06-26 09:00:00+00:00,144.4362,STOP_LOSS,4,-28.58,4.1695,4.1466,10.3808,-36.9,-1.774
279,ETHUSDT,LONG,spot,2025-06-27 04:45:00+00:00,2436.3441,2433.0908,7.1465,2025-06-27 05:00:00+00:00,2449.45,2025-06-27 05:15:00+00:00,2436.61,2025-06-27 05:30:00+00:00,2437.8183,2.122929,5175.31,2431.6615,2431.6615,0,2025-06-27 06:45:00+00:00,2448.9068,FIXED_2R,5,23.54,4.1403,4.1591,5.1871,15.24,1.166
280,SOLUSDT,LONG,spot,2025-06-27 15:30:00+00:00,142.1673,141.7771,0.8454,2025-06-27 15:45:00+00:00,143.47,2025-06-27 17:15:00+00:00,142.34,2025-06-27 17:30:00+00:00,142.4112,32.639181,4648.18,141.608,141.608,0,2025-06-27 17:45:00+00:00,141.3377,STOP_LOSS,1,-35.04,3.7185,3.6905,9.2438,-42.45,-1.619
281,SOLUSDT,LONG,spot,2025-06-30 14:15:00+00:00,150.8471,150.6034,0.7135,2025-06-30 14:30:00+00:00,152.15,2025-06-30 14:45:00+00:00,151.34,2025-06-30 15:00:00+00:00,151.4157,27.228544,4122.83,150.4607,150.4607,0,2025-06-30 15:15:00+00:00,153.2489,FIXED_2R,1,49.92,3.2983,3.3382,4.1478,43.28,1.664
282,ETHUSDT,LONG,spot,2025-06-30 15:45:00+00:00,2467.5197,2462.049,15.5353,2025-06-30 16:00:00+00:00,2477.39,2025-06-30 16:30:00+00:00,2472.64,2025-06-30 16:45:00+00:00,2473.8863,1.754395,4340.17,2458.942,2458.942,0,2025-06-30 19:15:00+00:00,2502.5232,FIXED_2R,10,50.24,3.4721,3.5123,4.3653,43.26,1.65
283,SOLUSDT,LONG,spot,2025-07-04 00:00:00+00:00,152.6017,152.4719,0.4397,2025-07-04 01:00:00+00:00,152.87,2025-07-04 01:30:00+00:00,152.66,2025-07-04 01:45:00+00:00,152.7263,34.270782,5234.05,152.384,152.384,0,2025-07-04 02:00:00+00:00,152.1554,STOP_LOSS,1,-19.57,4.1872,4.1716,10.4388,-27.92,-2.38
284,SOLUSDT,LONG,spot,2025-07-12 05:45:00+00:00,163.1788,163.001,0.5683,2025-07-12 06:45:00+00:00,163.47,2025-07-12 07:15:00+00:00,163.62,2025-07-12 07:30:00+00:00,163.7118,31.802256,5206.41,162.8873,162.8873,0,2025-07-12 07:45:00+00:00,162.643,STOP_LOSS,1,-33.99,4.1651,4.1379,10.3618,-42.29,-1.613
285,SOLUSDT,LONG,spot,2025-07-19 11:30:00+00:00,177.0983,176.874,0.6822,2025-07-19 13:00:00+00:00,177.74,2025-07-19 13:45:00+00:00,177.47,2025-07-19 14:00:00+00:00,177.5587,29.086343,5164.53,176.7375,176.7375,0,2025-07-19 14:15:00+00:00,176.3551,STOP_LOSS,1,-35.01,4.1316,4.1036,10.2766,-43.25,-1.811
286,SOLUSDT,LONG,spot,2025-07-19 15:45:00+00:00,176.9758,176.7036,0.9214,2025-07-19 16:15:00+00:00,177.59,2025-07-19 17:15:00+00:00,177.01,2025-07-19 17:30:00+00:00,177.0985,28.920183,5121.72,176.5193,176.5193,0,2025-07-19 17:45:00+00:00,176.2545,STOP_LOSS,1,-24.41,4.0974,4.0779,10.2068,-32.58,-1.945
287,BTCUSDT,LONG,spot,2025-07-20 08:15:00+00:00,117992.2361,117942.3367,143.9702,2025-07-20 08:30:00+00:00,118164.21,2025-07-20 08:45:00+00:00,118151.14,2025-07-20 09:00:00+00:00,118210.2256,0.043054,5089.46,117913.5427,117913.5427,0,2025-07-20 09:45:00+00:00,117736.6724,STOP_LOSS,3,-20.39,4.0716,4.0553,10.1483,-28.52,-2.232
288,BNBUSDT,LONG,spot,2025-07-22 01:45:00+00:00,764.3906,762.527,4.4032,2025-07-22 02:00:00+00:00,769.6,2025-07-22 02:45:00+00:00,766.18,2025-07-22 03:00:00+00:00,766.5431,5.220176,4001.49,761.6464,761.6464,0,2025-07-22 03:15:00+00:00,760.5039,STOP_LOSS,1,-31.53,3.2012,3.176,7.9557,-37.9,-1.483
289,BNBUSDT,LONG,spot,2025-07-22 11:00:00+00:00,760.5026,759.3505,3.248,2025-07-22 11:15:00+00:00,763.36,2025-07-22 11:30:00+00:00,762.83,2025-07-22 11:45:00+00:00,763.2014,5.637638,4302.65,758.7009,758.7009,0,2025-07-22 14:00:00+00:00,757.5628,STOP_LOSS,9,-31.79,3.4421,3.4167,8.5576,-38.65,-1.523
290,BTCUSDT,LONG,spot,2025-07-24 08:45:00+00:00,118391.9917,118308.3058,325.6608,2025-07-24 09:00:00+00:00,118653.44,2025-07-24 09:30:00+00:00,118572.91,2025-07-24 09:45:00+00:00,118632.2065,0.042024,4985.45,118243.1736,118243.1736,0,2025-07-24 10:15:00+00:00,118065.8088,STOP_LOSS,2,-23.8,3.9884,3.9693,9.9352,-31.76,-1.943
291,ETHUSDT,LONG,spot,2025-07-24 11:45:00+00:00,3627.5653,3619.0475,20.2379,2025-07-24 12:00:00+00:00,3643.95,2025-07-24 12:45:00+00:00,3642.65,2025-07-24 13:00:00+00:00,3644.4613,0.849256,3095.08,3615.0,3615.0,0,2025-07-24 14:00:00+00:00,3609.5775,STOP_LOSS,4,-29.63,2.4761,2.4524,6.1457,-34.55,-1.381
292,BTCUSDT,LONG,spot,2025-07-24 13:00:00+00:00,118476.4469,118421.0814,247.0455,2025-07-24 13:15:00+00:00,118686.0,2025-07-24 13:30:00+00:00,118614.94,2025-07-24 13:45:00+00:00,118674.2575,0.041724,4951.56,118371.6723,118371.6723,0,2025-07-24 14:00:00+00:00,118050.1388,STOP_LOSS,1,-26.04,3.9612,3.9404,9.8641,-33.94,-2.688
293,BNBUSDT,LONG,spot,2025-07-24 15:45:00+00:00,771.6679,769.5857,5.0276,2025-07-24 16:00:00+00:00,775.9,2025-07-24 16:15:00+00:00,771.82,2025-07-24 16:30:00+00:00,772.2059,6.327582,4886.2,768.5802,768.5802,0,2025-07-24 17:00:00+00:00,779.0676,FIXED_2R,2,43.42,3.909,3.9437,4.9079,35.57,1.55
294,BNBUSDT,LONG,spot,2025-07-25 12:30:00+00:00,769.3794,767.8142,3.794,2025-07-25 12:45:00+00:00,774.24,2025-07-25 14:00:00+00:00,769.81,2025-07-25 14:15:00+00:00,770.1949,6.389818,4921.41,767.0554,767.0554,0,2025-07-25 14:30:00+00:00,765.9049,STOP_LOSS,1,-27.41,3.9371,3.9152,9.8017,-35.26,-1.758
295,SOLUSDT,LONG,spot,2025-07-27 16:00:00+00:00,186.6033,186.4191,0.8506,2025-07-27 16:15:00+00:00,188.47,2025-07-27 17:00:00+00:00,186.81,2025-07-27 17:15:00+00:00,186.9034,26.144484,4886.49,186.2489,186.2489,0,2025-07-27 17:45:00+00:00,188.1183,FIXED_2R,2,31.76,3.9092,3.9346,4.9024,23.92,1.398
296,SOLUSDT,LONG,spot,2025-07-27 17:45:00+00:00,187.0475,186.6403,1.1571,2025-07-27 18:00:00+00:00,188.62,2025-07-27 20:00:00+00:00,187.87,2025-07-27 20:15:00+00:00,187.9739,15.845438,2978.53,186.4089,186.4089,0,2025-07-28 00:15:00+00:00,191.0085,FIXED_2R,16,48.08,2.3828,2.4213,3.0026,43.28,1.745
297,ETHUSDT,LONG,spot,2025-07-30 05:45:00+00:00,3804.6589,3797.3159,15.7231,2025-07-30 06:00:00+00:00,3817.02,2025-07-30 07:45:00+00:00,3811.44,2025-07-30 08:00:00+00:00,3813.3457,1.298864,4953.02,3794.1713,3794.1713,0,2025-07-30 09:30:00+00:00,3788.48,STOP_LOSS,6,-32.3,3.9624,3.9366,9.8576,-40.2,-1.614
298,BNBUSDT,LONG,spot,2025-07-31 16:15:00+00:00,798.9488,798.3132,4.0666,2025-07-31 16:30:00+00:00,808.22,2025-07-31 18:00:00+00:00,800.7,2025-07-31 18:15:00+00:00,801.1004,6.133095,4913.22,797.4999,797.4999,0,2025-07-31 18:30:00+00:00,807.8971,FIXED_2R,1,41.69,3.9306,3.9639,4.9341,33.79,1.53
299,BNBUSDT,LONG,spot,2025-08-11 18:30:00+00:00,807.1703,805.6851,3.5734,2025-08-11 18:45:00+00:00,810.01,2025-08-11 19:30:00+00:00,807.29,2025-08-11 19:45:00+00:00,807.7036,6.124372,4946.68,804.9705,804.9705,0,2025-08-11 20:00:00+00:00,803.763,STOP_LOSS,1,-24.13,3.9573,3.938,9.8572,-32.03,-1.913
300,SOLUSDT,LONG,spot,2025-08-22 07:00:00+00:00,182.8842,182.5327,0.8802,2025-08-22 07:15:00+00:00,183.95,2025-08-22 09:15:00+00:00,183.02,2025-08-22 09:30:00+00:00,183.1115,26.841394,4914.97,182.3566,182.3566,0,2025-08-22 10:00:00+00:00,182.0831,STOP_LOSS,2,-27.6,3.932,3.9099,9.7885,-35.45,-1.749
301,BNBUSDT,LONG,spot,2025-08-25 01:30:00+00:00,874.262,873.0991,4.389,2025-08-25 02:00:00+00:00,877.69,2025-08-25 04:00:00+00:00,874.65,2025-08-25 04:15:00+00:00,875.0873,5.576445,4879.88,872.2213,872.2213,0,2025-08-25 06:00:00+00:00,870.913,STOP_LOSS,7,-23.28,3.9039,3.8853,9.7248,-31.07,-1.944
302,ETHUSDT,LONG,spot,2025-09-01 08:30:00+00:00,4426.6725,4421.7126,22.6223,2025-09-01 08:45:00+00:00,4476.25,2025-09-01 10:00:00+00:00,4443.01,2025-09-01 10:15:00+00:00,4445.2215,0.873621,3883.44,4417.1882,4417.1882,0,2025-09-01 10:30:00+00:00,4410.5624,STOP_LOSS,1,-30.28,3.1067,3.0825,7.7215,-36.47,-1.489
303,ETHUSDT,LONG,spot,2025-09-04 11:30:00+00:00,4405.8575,4401.0812,18.4949,2025-09-04 12:00:00+00:00,4417.6,2025-09-04 12:15:00+00:00,4414.72,2025-09-04 12:30:00+00:00,4416.9174,1.089678,4813.02,4397.3822,4397.3822,0,2025-09-04 12:45:00+00:00,4383.8943,STOP_LOSS,1,-35.98,3.8504,3.8216,9.5721,-43.66,-2.051
304,ETHUSDT,LONG,spot,2025-09-07 22:45:00+00:00,4293.8815,4292.9098,9.2551,2025-09-07 23:00:00+00:00,4315.96,2025-09-08 00:15:00+00:00,4316.97,2025-09-08 00:30:00+00:00,4319.1285,0.858215,3706.74,4291.0587,4291.0587,0,2025-09-08 01:15:00+00:00,4284.6221,STOP_LOSS,3,-29.61,2.9654,2.9417,7.3691,-35.52,-1.475
305,ETHUSDT,LONG,spot,2025-09-08 03:15:00+00:00,4301.0032,4296.9074,11.9847,2025-09-08 03:30:00+00:00,4317.79,2025-09-08 04:00:00+00:00,4304.81,2025-09-08 04:15:00+00:00,4306.9624,1.099297,4734.63,4294.5105,4294.5105,0,2025-09-08 05:15:00+00:00,4288.0687,STOP_LOSS,4,-20.77,3.7877,3.7711,9.4381,-28.33,-2.07
307,ETHUSDT,LONG,spot,2025-09-10 03:00:00+00:00,4311.8745,4308.2978,10.5729,2025-09-10 03:45:00+00:00,4320.44,2025-09-10 04:00:00+00:00,4317.6,2025-09-10 04:15:00+00:00,4319.7688,1.088683,4702.86,4306.1832,4306.1832,0,2025-09-10 05:00:00+00:00,4299.724,STOP_LOSS,3,-21.82,3.7623,3.7448,9.373,-29.33,-1.983
306,BNBUSDT,LONG,spot,2025-09-10 01:15:00+00:00,878.9237,877.9857,1.9951,2025-09-10 01:30:00+00:00,880.02,2025-09-10 02:00:00+00:00,879.81,2025-09-10 02:15:00+00:00,880.2399,5.346935,4706.59,877.5866,877.5866,0,2025-09-10 06:45:00+00:00,885.1036,FIXED_2R,18,26.01,3.7653,3.7861,4.7196,18.45,1.301
308,ETHUSDT,LONG,spot,2025-09-10 07:00:00+00:00,4312.1168,4310.3828,10.0663,2025-09-10 07:15:00+00:00,4331.0,2025-09-10 09:00:00+00:00,4318.39,2025-09-10 09:15:00+00:00,4320.5592,1.086855,4695.82,4308.3695,4308.3695,0,2025-09-10 12:15:00+00:00,4342.766,FIXED_2R,12,24.14,3.7567,3.776,4.7079,16.6,1.253
309,BNBUSDT,LONG,spot,2025-09-17 18:45:00+00:00,951.8537,949.6235,5.7004,2025-09-17 19:15:00+00:00,955.62,2025-09-17 21:00:00+00:00,958.27,2025-09-17 21:15:00+00:00,958.7591,2.316072,2220.56,948.4834,948.4834,0,2025-09-17 22:30:00+00:00,978.8209,FIXED_2R,5,46.46,1.7764,1.8136,2.2438,42.87,1.802
310,BNBUSDT,LONG,spot,2025-09-24 05:45:00+00:00,1013.6499,1011.9971,6.0409,2025-09-24 06:45:00+00:00,1017.84,2025-09-24 07:15:00+00:00,1015.98,2025-09-24 07:30:00+00:00,1016.498,4.206228,4275.62,1010.7889,1010.7889,0,2025-09-24 09:30:00+00:00,1027.4022,FIXED_2R,8,45.87,3.4205,3.4572,4.2986,38.99,1.624
311,BNBUSDT,LONG,spot,2025-09-24 17:00:00+00:00,1016.1205,1015.0747,4.0056,2025-09-24 17:15:00+00:00,1018.6,2025-09-24 17:45:00+00:00,1016.68,2025-09-24 18:00:00+00:00,1017.1983,4.712257,4793.3,1014.2736,1014.2736,0,2025-09-24 18:15:00+00:00,1012.7521,STOP_LOSS,1,-20.95,3.8346,3.8179,9.5552,-28.6,-2.075
312,BNBUSDT,LONG,spot,2025-09-24 22:15:00+00:00,1016.2183,1015.5194,2.9127,2025-09-24 22:30:00+00:00,1018.72,2025-09-24 23:00:00+00:00,1018.55,2025-09-24 23:15:00+00:00,1019.0493,4.675909,4764.98,1014.9368,1014.9368,0,2025-09-25 01:00:00+00:00,1013.4144,STOP_LOSS,7,-26.35,3.812,3.7909,9.4904,-33.95,-1.766
313,BNBUSDT,LONG,spot,2025-09-28 11:30:00+00:00,969.4041,968.5229,2.4758,2025-09-28 11:45:00+00:00,973.22,2025-09-28 12:15:00+00:00,971.09,2025-09-28 12:30:00+00:00,971.5856,4.869741,4731.37,968.0278,968.0278,0,2025-09-28 12:45:00+00:00,966.1885,STOP_LOSS,1,-26.28,3.7851,3.7641,9.4233,-33.83,-1.953
314,SOLUSDT,LONG,spot,2025-10-01 02:00:00+00:00,208.8173,208.3858,1.118,2025-10-01 02:15:00+00:00,210.16,2025-10-01 03:15:00+00:00,208.84,2025-10-01 03:30:00+00:00,208.9444,22.483862,4697.88,208.1622,208.1622,0,2025-10-01 03:45:00+00:00,207.5882,STOP_LOSS,1,-30.49,3.7583,3.7339,9.35,-37.99,-2.16
316,SOLUSDT,LONG,spot,2025-10-01 04:30:00+00:00,208.7358,208.5048,1.0818,2025-10-01 05:00:00+00:00,209.55,2025-10-01 05:30:00+00:00,209.39,2025-10-01 05:45:00+00:00,209.5047,19.350831,4054.09,208.2884,208.2884,0,2025-10-01 06:15:00+00:00,207.976,STOP_LOSS,2,-29.58,3.2433,3.2196,8.0638,-36.04,-1.531
315,BNBUSDT,LONG,spot,2025-10-01 04:15:00+00:00,1009.302,1008.4048,3.6825,2025-10-01 04:30:00+00:00,1011.77,2025-10-01 04:45:00+00:00,1009.97,2025-10-01 05:00:00+00:00,1010.465,4.612006,4660.27,1007.6683,1007.6683,0,2025-10-01 08:30:00+00:00,1015.5503,FIXED_2R,14,23.45,3.7282,3.747,4.672,15.98,1.239
317,BTCUSDT,LONG,spot,2025-10-05 23:30:00+00:00,123099.0845,123055.1444,212.3767,2025-10-05 23:45:00+00:00,123482.31,2025-10-06 00:45:00+00:00,123347.29,2025-10-06 01:00:00+00:00,123408.9636,0.037602,4640.41,123012.6691,123012.6691,0,2025-10-06 01:30:00+00:00,124139.4519,FIXED_2R,2,27.47,3.7123,3.7343,4.6541,20.02,1.344
318,BNBUSDT,LONG,spot,2025-10-09 07:00:00+00:00,1297.7202,1295.8426,10.2381,2025-10-09 07:15:00+00:00,1314.69,2025-10-09 08:00:00+00:00,1298.86,2025-10-09 08:15:00+00:00,1299.4994,3.58617,4660.23,1293.795,1293.795,0,2025-10-09 08:30:00+00:00,1284.6302,STOP_LOSS,1,-53.32,3.7282,3.6855,9.2405,-60.74,-2.969
319,ETHUSDT,LONG,spot,2025-10-14 18:30:00+00:00,4071.9275,4052.9718,41.7094,2025-10-14 18:45:00+00:00,4120.91,2025-10-14 19:45:00+00:00,4102.94,2025-10-14 20:00:00+00:00,4105.0115,0.384767,1579.47,4044.6299,4044.6299,0,2025-10-15 04:00:00+00:00,4084.7666,TIME_EXIT_8H,32,-7.79,1.2636,1.2573,1.5756,-10.31,-0.444
320,ETHUSDT,LONG,spot,2025-10-15 06:45:00+00:00,4106.0058,4095.2663,23.5975,2025-10-15 07:00:00+00:00,4119.12,2025-10-15 07:30:00+00:00,4114.52,2025-10-15 07:45:00+00:00,4116.5873,0.890203,3664.6,4090.5468,4090.5468,0,2025-10-15 08:15:00+00:00,4166.5838,FIXED_2R,2,44.51,2.9317,2.9673,3.6869,38.61,1.665
321,BNBUSDT,LONG,spot,2025-10-19 11:00:00+00:00,1090.7517,1089.2401,8.8919,2025-10-19 11:15:00+00:00,1101.62,2025-10-19 13:00:00+00:00,1093.78,2025-10-19 13:15:00+00:00,1094.3369,3.399829,3720.56,1087.4618,1087.4618,0,2025-10-19 13:45:00+00:00,1107.5331,FIXED_2R,2,44.86,2.9764,3.0123,3.743,38.88,1.663
322,SOLUSDT,LONG,spot,2025-10-20 22:30:00+00:00,189.8543,189.5495,0.8777,2025-10-20 22:45:00+00:00,190.74,2025-10-20 23:00:00+00:00,189.91,2025-10-20 23:15:00+00:00,190.005,24.560402,4666.6,189.3739,189.3739,0,2025-10-21 00:00:00+00:00,189.0899,STOP_LOSS,3,-22.47,3.7333,3.7153,9.2995,-29.92,-1.931
323,BNBUSDT,LONG,spot,2025-10-25 04:45:00+00:00,1113.6997,1112.3547,3.0775,2025-10-25 05:15:00+00:00,1116.24,2025-10-25 06:45:00+00:00,1114.45,2025-10-25 07:00:00+00:00,1114.9972,4.158732,4636.97,1111.7392,1111.7392,0,2025-10-25 07:30:00+00:00,1110.0716,STOP_LOSS,2,-20.48,3.7096,3.6932,9.2432,-27.89,-2.058
324,SOLUSDT,LONG,spot,2025-10-28 03:30:00+00:00,200.3779,200.1717,1.2034,2025-10-28 03:45:00+00:00,201.27,2025-10-28 04:00:00+00:00,201.48,2025-10-28 04:15:00+00:00,201.5907,14.025907,2827.49,199.931,199.931,0,2025-10-28 05:30:00+00:00,199.6311,STOP_LOSS,5,-27.49,2.262,2.24,5.6138,-31.99,-1.374
325,ETHUSDT,LONG,spot,2025-10-28 17:30:00+00:00,4126.3498,4123.714,21.98,2025-10-28 17:45:00+00:00,4140.13,2025-10-28 18:00:00+00:00,4146.65,2025-10-28 18:15:00+00:00,4148.7333,0.785975,3260.8,4119.318,4119.318,0,2025-10-28 18:30:00+00:00,4113.1391,STOP_LOSS,1,-27.98,2.6086,2.5863,6.4796,-33.17,-1.435
326,SOLUSDT,LONG,spot,2025-11-02 23:45:00+00:00,185.4159,185.1234,0.8063,2025-11-03 00:00:00+00:00,188.78,2025-11-03 01:30:00+00:00,186.1,2025-11-03 01:45:00+00:00,186.193,18.648437,3472.21,184.9622,184.9622,0,2025-11-03 02:00:00+00:00,184.6847,STOP_LOSS,1,-28.13,2.7778,2.7553,6.9022,-33.66,-1.466
327,BNBUSDT,LONG,spot,2025-11-09 10:30:00+00:00,989.131,988.1048,3.4845,2025-11-09 11:00:00+00:00,992.0,2025-11-09 11:15:00+00:00,989.44,2025-11-09 11:30:00+00:00,989.9247,4.557452,4511.53,987.4079,987.4079,0,2025-11-09 13:00:00+00:00,985.9267,STOP_LOSS,6,-18.22,3.6092,3.5947,8.9957,-25.42,-2.217
328,SOLUSDT,LONG,spot,2025-11-09 11:15:00+00:00,158.5385,158.2308,0.7057,2025-11-09 11:30:00+00:00,159.09,2025-11-09 12:00:00+00:00,158.95,2025-11-09 12:15:00+00:00,159.0395,24.007488,3818.14,158.0897,158.0897,0,2025-11-09 14:15:00+00:00,160.8586,FIXED_2R,8,43.67,3.0545,3.0894,3.84,37.53,1.646
329,ETHUSDT,LONG,spot,2025-11-10 23:30:00+00:00,3563.9286,3559.1211,17.0101,2025-11-11 00:45:00+00:00,3585.85,2025-11-11 02:00:00+00:00,3588.83,2025-11-11 02:15:00+00:00,3590.6244,0.654515,2350.12,3555.7191,3555.7191,0,2025-11-11 05:15:00+00:00,3550.3855,STOP_LOSS,12,-26.34,1.8801,1.859,4.6607,-30.08,-1.316
330,ETHUSDT,LONG,spot,2025-11-11 10:30:00+00:00,3567.5977,3562.907,14.9039,2025-11-11 11:15:00+00:00,3577.29,2025-11-11 11:45:00+00:00,3574.14,2025-11-11 12:00:00+00:00,3575.9371,1.256662,4493.74,3559.9262,3559.9262,0,2025-11-11 12:30:00+00:00,3554.5863,STOP_LOSS,2,-26.83,3.595,3.5735,8.9472,-34.0,-1.69
331,ETHUSDT,LONG,spot,2025-11-19 10:30:00+00:00,3082.8335,3078.2759,17.5566,2025-11-19 10:45:00+00:00,3092.0,2025-11-19 11:30:00+00:00,3091.78,2025-11-19 11:45:00+00:00,3093.3259,1.213582,3754.01,3074.7646,3074.7646,0,2025-11-19 13:30:00+00:00,3070.1524,STOP_LOSS,7,-28.12,3.0032,2.9807,7.4658,-34.11,-1.514
332,BTCUSDT,LONG,spot,2025-11-25 18:00:00+00:00,87438.6449,87318.8822,406.9742,2025-11-25 18:15:00+00:00,87646.63,2025-11-25 18:30:00+00:00,87509.99,2025-11-25 18:45:00+00:00,87553.755,0.050555,4426.32,87237.4874,87237.4874,0,2025-11-25 19:00:00+00:00,87106.6311,STOP_LOSS,1,-22.6,3.5411,3.523,8.8187,-29.67,-1.856
333,SOLUSDT,LONG,spot,2025-11-25 19:45:00+00:00,136.2584,135.9752,1.0834,2025-11-25 20:15:00+00:00,137.39,2025-11-25 22:15:00+00:00,137.23,2025-11-25 22:30:00+00:00,137.2886,14.513467,1992.53,135.7585,135.7585,0,2025-11-25 23:15:00+00:00,140.2786,FIXED_2R,3,43.4,1.594,1.6287,2.0142,40.17,1.809
334,BTCUSDT,LONG,spot,2025-11-25 23:00:00+00:00,87350.1125,87244.0968,426.8529,2025-11-26 00:15:00+00:00,87630.66,2025-11-26 01:00:00+00:00,87522.66,2025-11-26 01:15:00+00:00,87566.4213,0.050667,4436.72,87158.7262,87158.7262,0,2025-11-26 03:45:00+00:00,87027.9881,STOP_LOSS,10,-27.28,3.5494,3.5275,8.8325,-34.36,-1.663
335,BTCUSDT,LONG,spot,2025-11-26 05:00:00+00:00,87442.061,87420.5198,276.2565,2025-11-26 05:30:00+00:00,87635.58,2025-11-26 06:00:00+00:00,87652.63,2025-11-26 06:15:00+00:00,87696.4463,0.050204,4402.7,87365.2685,87365.2685,0,2025-11-26 09:00:00+00:00,87234.2206,STOP_LOSS,11,-23.21,3.5222,3.5036,8.7706,-30.23,-1.818
336,ETHUSDT,LONG,spot,2025-12-08 19:15:00+00:00,3121.5005,3111.3836,23.6143,2025-12-08 20:45:00+00:00,3135.91,2025-12-08 22:30:00+00:00,3124.54,2025-12-08 22:45:00+00:00,3126.0923,1.136543,3552.94,3106.6608,3106.6608,0,2025-12-09 01:00:00+00:00,3102.0008,STOP_LOSS,9,-27.38,2.8424,2.8204,7.0648,-33.04,-1.496
337,ETHUSDT,LONG,spot,2025-12-09 02:15:00+00:00,3122.0884,3116.5866,12.6342,2025-12-09 03:45:00+00:00,3129.26,2025-12-09 04:00:00+00:00,3123.83,2025-12-09 04:15:00+00:00,3125.4019,1.388641,4340.06,3114.0598,3114.0598,0,2025-12-09 04:30:00+00:00,3109.3887,STOP_LOSS,1,-22.24,3.472,3.4543,8.6468,-29.16,-1.852
338,ETHUSDT,LONG,spot,2025-12-09 07:00:00+00:00,3115.6059,3111.0349,11.314,2025-12-09 07:15:00+00:00,3121.95,2025-12-09 08:30:00+00:00,3121.85,2025-12-09 08:45:00+00:00,3123.4209,1.380278,4311.19,3108.7721,3108.7721,0,2025-12-09 09:30:00+00:00,3104.1089,STOP_LOSS,3,-26.66,3.449,3.4276,8.5824,-33.53,-1.658
339,BTCUSDT,LONG,spot,2025-12-10 16:45:00+00:00,92262.7485,92153.7084,312.5494,2025-12-10 17:30:00+00:00,92435.47,2025-12-10 18:00:00+00:00,92401.28,2025-12-10 18:15:00+00:00,92447.4806,0.046275,4277.99,92091.1985,92091.1985,0,2025-12-10 18:45:00+00:00,91953.0617,STOP_LOSS,2,-22.88,3.4224,3.4041,8.5217,-29.71,-1.802
341,BTCUSDT,LONG,spot,2025-12-10 18:45:00+00:00,92299.628,92218.2368,415.7965,2025-12-10 19:00:00+00:00,93001.71,2025-12-10 19:15:00+00:00,92467.72,2025-12-10 19:30:00+00:00,92514.234,0.045908,4247.18,92135.0775,92135.0775,0,2025-12-10 20:00:00+00:00,93225.9108,FIXED_2R,2,32.67,3.3977,3.4239,4.2635,25.85,1.485
342,SOLUSDT,LONG,spot,2025-12-10 19:00:00+00:00,137.4664,137.2216,1.4213,2025-12-10 19:45:00+00:00,138.67,2025-12-10 20:45:00+00:00,138.34,2025-12-10 21:00:00+00:00,138.3992,14.741396,2040.2,136.9374,136.9374,0,2025-12-10 22:00:00+00:00,136.732,STOP_LOSS,4,-24.58,1.6322,1.6125,4.0435,-27.82,-1.291
340,BNBUSDT,LONG,spot,2025-12-10 17:45:00+00:00,893.6448,892.4358,2.7434,2025-12-10 18:00:00+00:00,896.68,2025-12-10 19:00:00+00:00,902.33,2025-12-10 19:15:00+00:00,902.7812,1.969658,1778.17,891.8871,891.8871,0,2025-12-10 22:15:00+00:00,890.5493,STOP_LOSS,12,-24.09,1.4225,1.4033,3.5202,-26.92,-1.254
343,BNBUSDT,LONG,spot,2025-12-15 04:45:00+00:00,886.9768,885.7369,2.6436,2025-12-15 05:00:00+00:00,889.71,2025-12-15 06:15:00+00:00,887.08,2025-12-15 06:30:00+00:00,887.5235,4.754784,4219.98,885.2082,885.2082,0,2025-12-15 09:45:00+00:00,891.7082,FIXED_2R,13,19.9,3.376,3.3919,4.2299,13.13,1.193
344,SOLUSDT,LONG,spot,2025-12-21 10:00:00+00:00,125.6835,125.6246,0.3882,2025-12-21 10:15:00+00:00,126.3,2025-12-21 10:45:00+00:00,125.83,2025-12-21 11:00:00+00:00,125.8929,33.62366,4232.98,125.547,125.547,0,2025-12-21 11:15:00+00:00,125.3587,STOP_LOSS,1,-17.96,3.3864,3.372,8.439,-24.72,-2.125
345,ETHUSDT,LONG,spot,2025-12-21 15:45:00+00:00,2978.8396,2974.6277,11.0964,2025-12-21 16:45:00+00:00,2986.07,2025-12-21 17:15:00+00:00,2979.28,2025-12-21 17:30:00+00:00,2980.7696,1.411886,4208.51,2972.4084,2972.4084,0,2025-12-21 18:00:00+00:00,2967.9498,STOP_LOSS,2,-18.1,3.3668,3.3523,8.3899,-24.82,-2.102
346,ETHUSDT,LONG,spot,2025-12-21 18:00:00+00:00,2979.1132,2977.6872,10.1325,2025-12-21 18:30:00+00:00,2984.21,2025-12-21 19:30:00+00:00,2988.43,2025-12-21 19:45:00+00:00,2989.9242,1.399345,4183.94,2975.6607,2975.6607,0,2025-12-21 21:45:00+00:00,2971.1973,STOP_LOSS,8,-26.21,3.3471,3.3262,8.3286,-32.88,-1.647
347,BNBUSDT,LONG,spot,2025-12-26 06:15:00+00:00,840.0785,839.2138,1.9238,2025-12-26 06:30:00+00:00,844.29,2025-12-26 07:45:00+00:00,840.88,2025-12-26 08:00:00+00:00,841.3104,4.934427,4151.39,838.829,838.829,0,2025-12-26 14:30:00+00:00,837.5708,STOP_LOSS,26,-18.45,3.3211,3.3063,8.2751,-25.08,-2.048
348,SOLUSDT,LONG,spot,2025-12-30 14:45:00+00:00,124.3994,124.2212,0.6042,2025-12-30 15:45:00+00:00,125.16,2025-12-30 17:45:00+00:00,124.71,2025-12-30 18:00:00+00:00,124.7623,31.4826,3927.84,124.1004,124.1004,0,2025-12-30 19:00:00+00:00,123.9142,STOP_LOSS,4,-26.7,3.1423,3.1209,7.8156,-32.96,-1.582
349,SOLUSDT,LONG,spot,2025-12-30 22:45:00+00:00,124.4216,124.3554,0.3928,2025-12-30 23:15:00+00:00,124.8,2025-12-31 00:30:00+00:00,124.97,2025-12-31 00:45:00+00:00,125.0225,27.729415,3466.8,124.2768,124.2768,0,2025-12-31 08:45:00+00:00,125.5072,TIME_EXIT_8H,32,13.44,2.7734,2.7842,3.4735,7.88,0.381
350,SOLUSDT,LONG,spot,2026-01-05 14:45:00+00:00,135.076,134.7865,0.8795,2026-01-05 15:30:00+00:00,136.07,2026-01-05 16:15:00+00:00,135.51,2026-01-05 16:30:00+00:00,135.5778,21.419876,2904.06,134.6106,134.6106,0,2026-01-05 17:15:00+00:00,134.4087,STOP_LOSS,3,-25.04,2.3232,2.3032,5.7706,-29.67,-1.432
351,ETHUSDT,LONG,spot,2026-01-05 15:15:00+00:00,3164.4322,3158.0036,16.401,2026-01-05 15:30:00+00:00,3192.92,2026-01-05 17:15:00+00:00,3166.51,2026-01-05 17:30:00+00:00,3168.0933,1.285428,4072.35,3154.7234,3154.7234,0,2026-01-05 17:45:00+00:00,3193.2355,FIXED_2R,1,32.32,3.2579,3.2837,4.0885,25.78,1.5
352,SOLUSDT,LONG,spot,2026-01-08 04:45:00+00:00,137.223,136.9418,0.6785,2026-01-08 05:00:00+00:00,137.83,2026-01-08 05:15:00+00:00,137.27,2026-01-08 05:30:00+00:00,137.3486,29.835561,4097.87,136.8061,136.8061,0,2026-01-08 05:45:00+00:00,136.6009,STOP_LOSS,1,-22.31,3.2783,3.2605,8.1623,-28.85,-1.782
353,ETHUSDT,LONG,spot,2026-01-09 16:45:00+00:00,3111.1722,3105.5508,21.675,2026-01-09 17:00:00+00:00,3122.91,2026-01-09 17:15:00+00:00,3111.29,2026-01-09 17:30:00+00:00,3112.8556,1.30726,4069.31,3101.2158,3101.2158,0,2026-01-09 18:15:00+00:00,3096.5639,STOP_LOSS,3,-21.3,3.2555,3.2384,8.1067,-27.79,-1.826
354,SOLUSDT,LONG,spot,2026-01-11 09:15:00+00:00,136.3272,136.2295,0.264,2026-01-11 09:45:00+00:00,136.5,2026-01-11 10:00:00+00:00,136.52,2026-01-11 10:15:00+00:00,136.5883,29.59112,4041.8,136.1767,136.1767,0,2026-01-11 14:00:00+00:00,137.3427,FIXED_2R,15,22.32,3.2334,3.2513,4.053,15.84,1.301
355,ETHUSDT,LONG,spot,2026-01-12 01:00:00+00:00,3117.5365,3110.8182,14.2478,2026-01-12 01:15:00+00:00,3130.91,2026-01-12 01:30:00+00:00,3124.03,2026-01-12 01:45:00+00:00,3125.592,1.16279,3634.41,3107.9686,3107.9686,0,2026-01-12 02:45:00+00:00,3159.2584,FIXED_2R,4,39.15,2.9075,2.9388,3.654,33.3,1.625
356,BNBUSDT,LONG,spot,2026-01-12 04:00:00+00:00,906.7976,905.6103,2.803,2026-01-12 04:30:00+00:00,909.08,2026-01-12 05:45:00+00:00,907.94,2026-01-12 06:00:00+00:00,908.404,4.502894,4090.45,905.0497,905.0497,0,2026-01-12 07:30:00+00:00,903.6921,STOP_LOSS,6,-21.22,3.2724,3.2554,8.1491,-27.74,-1.837
357,BTCUSDT,LONG,spot,2026-01-13 00:00:00+00:00,91374.781,91291.8333,181.8476,2026-01-13 00:45:00+00:00,91482.74,2026-01-13 01:00:00+00:00,91478.37,2026-01-13 01:15:00+00:00,91524.1092,0.044392,4062.98,91255.4638,91255.4638,0,2026-01-13 01:30:00+00:00,91118.5806,STOP_LOSS,1,-18.0,3.2504,3.236,8.099,-24.49,-2.053
358,SOLUSDT,LONG,spot,2026-01-16 18:45:00+00:00,142.959,142.7898,0.6645,2026-01-16 19:00:00+00:00,143.41,2026-01-16 19:15:00+00:00,143.55,2026-01-16 19:30:00+00:00,143.6218,21.140553,3036.24,142.6569,142.6569,0,2026-01-17 03:30:00+00:00,144.4078,TIME_EXIT_8H,32,16.62,2.429,2.4423,3.0446,11.74,0.576
359,SOLUSDT,LONG,spot,2026-01-23 18:00:00+00:00,128.0984,127.862,1.0183,2026-01-23 18:15:00+00:00,129.05,2026-01-23 19:15:00+00:00,128.45,2026-01-23 19:30:00+00:00,128.5242,23.624135,3036.27,127.6583,127.6583,0,2026-01-23 20:15:00+00:00,127.4668,STOP_LOSS,3,-24.98,2.429,2.409,6.0351,-29.82,-1.458
360,ETHUSDT,LONG,spot,2026-01-23 17:15:00+00:00,2952.1024,2945.8225,21.1461,2026-01-23 17:30:00+00:00,3000.94,2026-01-23 19:30:00+00:00,2958.3,2026-01-23 19:45:00+00:00,2959.7791,1.121295,3318.79,2941.5932,2941.5932,0,2026-01-23 20:30:00+00:00,2937.1809,STOP_LOSS,3,-25.34,2.655,2.6348,6.5996,-30.63,-1.502
361,BNBUSDT,LONG,spot,2026-01-24 02:30:00+00:00,891.7964,891.2703,1.337,2026-01-24 02:45:00+00:00,892.68,2026-01-24 03:00:00+00:00,893.42,2026-01-24 03:15:00+00:00,893.8667,4.464335,3990.52,891.0029,891.0029,0,2026-01-24 11:15:00+00:00,893.2132,TIME_EXIT_8H,32,-2.92,3.1924,3.1901,3.9891,-9.3,-0.727
362,BNBUSDT,LONG,spot,2026-01-26 18:45:00+00:00,873.993,872.9902,2.8584,2026-01-26 19:00:00+00:00,876.64,2026-01-26 19:45:00+00:00,874.4,2026-01-26 20:00:00+00:00,874.8372,4.550919,3981.31,872.4186,872.4186,0,2026-01-26 20:45:00+00:00,871.1099,STOP_LOSS,3,-16.96,3.1851,3.1715,7.9372,-23.32,-2.119
363,ETHUSDT,LONG,spot,2026-01-27 16:00:00+00:00,2925.8029,2919.8341,19.5774,2026-01-27 16:15:00+00:00,2971.01,2026-01-27 17:45:00+00:00,2930.3,2026-01-27 18:00:00+00:00,2931.7551,1.26234,3700.87,2915.9186,2915.9186,0,2026-01-27 18:45:00+00:00,2961.9464,FIXED_2R,3,38.11,2.9607,2.9912,3.7199,32.16,1.609
364,BNBUSDT,LONG,spot,2026-02-03 13:45:00+00:00,773.3876,772.1302,2.8254,2026-02-03 14:00:00+00:00,775.39,2026-02-03 14:15:00+00:00,775.86,2026-02-03 14:30:00+00:00,776.2379,4.312561,3347.57,771.5651,771.5651,0,2026-02-03 14:45:00+00:00,769.8235,STOP_LOSS,1,-27.66,2.6781,2.6559,6.6537,-33.0,-1.637
365,ETHUSDT,LONG,spot,2026-02-07 12:45:00+00:00,2035.6561,2027.3976,18.8577,2026-02-07 13:15:00+00:00,2046.8,2026-02-07 13:45:00+00:00,2041.49,2026-02-07 14:00:00+00:00,2042.5007,1.058926,2162.86,2023.6261,2023.6261,0,2026-02-07 14:30:00+00:00,2020.5906,STOP_LOSS,2,-23.2,1.7303,1.7117,4.2909,-26.64,-1.333
366,BTCUSDT,LONG,spot,2026-02-08 01:30:00+00:00,69267.8721,69143.2569,278.1628,2026-02-08 02:00:00+00:00,69410.39,2026-02-08 02:30:00+00:00,69330.29,2026-02-08 02:45:00+00:00,69364.9551,0.056672,3931.02,69087.6243,69087.6243,0,2026-02-08 03:45:00+00:00,68983.9929,STOP_LOSS,4,-21.59,3.1448,3.1275,7.8297,-27.86,-1.773
367,SOLUSDT,LONG,spot,2026-02-08 18:15:00+00:00,87.5489,87.3862,0.5505,2026-02-08 18:30:00+00:00,88.24,2026-02-08 20:00:00+00:00,87.61,2026-02-08 20:15:00+00:00,87.6438,44.53754,3903.44,87.2761,87.2761,0,2026-02-08 20:45:00+00:00,87.1452,STOP_LOSS,2,-22.21,3.1228,3.105,7.7736,-28.43,-1.736
368,SOLUSDT,LONG,spot,2026-02-09 03:30:00+00:00,87.2578,87.0384,0.738,2026-02-09 03:45:00+00:00,87.67,2026-02-09 04:00:00+00:00,87.26,2026-02-09 04:15:00+00:00,87.2936,44.393742,3875.29,86.8908,86.8908,0,2026-02-09 05:00:00+00:00,86.7604,STOP_LOSS,3,-23.67,3.1002,3.0813,7.7151,-29.85,-1.669
369,BTCUSDT,LONG,spot,2026-02-10 01:30:00+00:00,70253.0955,70156.9422,306.5792,2026-02-10 01:45:00+00:00,70486.82,2026-02-10 02:00:00+00:00,70355.14,2026-02-10 02:15:00+00:00,70390.3276,0.054634,3845.74,70095.6263,70095.6263,0,2026-02-10 02:30:00+00:00,69990.4829,STOP_LOSS,1,-21.85,3.0766,3.0591,7.6587,-27.98,-1.738
370,BNBUSDT,LONG,spot,2026-02-12 23:45:00+00:00,610.47,610.0165,2.2308,2026-02-13 00:00:00+00:00,614.91,2026-02-13 00:45:00+00:00,611.0,2026-02-13 01:00:00+00:00,611.2955,6.245812,3818.04,609.5703,609.5703,0,2026-02-13 01:30:00+00:00,614.4385,FIXED_2R,2,19.63,3.0544,3.0701,3.8279,13.51,1.253
371,BNBUSDT,LONG,spot,2026-02-18 08:30:00+00:00,618.8952,618.2718,2.3194,2026-02-18 08:45:00+00:00,623.35,2026-02-18 10:45:00+00:00,619.1,2026-02-18 11:00:00+00:00,619.4196,6.185481,3831.41,617.8079,617.8079,0,2026-02-18 11:15:00+00:00,614.7465,STOP_LOSS,1,-28.91,3.0651,3.042,7.6195,-35.01,-3.512
372,BTCUSDT,LONG,spot,2026-02-20 15:45:00+00:00,67404.3514,67307.9935,558.3316,2026-02-20 16:00:00+00:00,67725.13,2026-02-20 16:30:00+00:00,67495.45,2026-02-20 16:45:00+00:00,67529.1977,0.056224,3796.75,67196.3271,67196.3271,0,2026-02-20 17:00:00+00:00,67095.5327,STOP_LOSS,1,-24.38,3.0374,3.0179,7.5569,-30.44,-1.626
373,BTCUSDT,LONG,spot,2026-02-27 04:30:00+00:00,67509.63,67474.5891,272.4597,2026-02-27 04:45:00+00:00,67747.49,2026-02-27 06:15:00+00:00,67605.15,2026-02-27 06:30:00+00:00,67638.9526,0.055687,3766.61,67420.0972,67420.0972,0,2026-02-27 08:45:00+00:00,68042.625,FIXED_2R,9,22.48,3.0133,3.0313,3.7779,16.43,1.349
374,SOLUSDT,LONG,spot,2026-03-02 03:45:00+00:00,84.3347,84.2676,0.6275,2026-03-02 04:15:00+00:00,84.7,2026-03-02 04:30:00+00:00,84.42,2026-03-02 04:45:00+00:00,84.4522,44.793181,3782.88,84.1421,84.1421,0,2026-03-02 05:00:00+00:00,84.0159,STOP_LOSS,1,-19.54,3.0263,3.0107,7.5365,-25.58,-1.842
375,ETHUSDT,LONG,spot,2026-03-02 03:45:00+00:00,1963.0917,1959.1477,13.6743,2026-03-02 04:00:00+00:00,1971.0,2026-03-02 05:00:00+00:00,1967.33,2026-03-02 05:15:00+00:00,1968.3137,1.594646,3138.76,1956.4129,1956.4129,0,2026-03-02 06:15:00+00:00,1953.4782,STOP_LOSS,4,-23.66,2.511,2.4921,6.242,-28.66,-1.51
376,BNBUSDT,LONG,spot,2026-03-02 11:30:00+00:00,619.8609,619.4442,2.332,2026-03-02 11:45:00+00:00,622.13,2026-03-02 12:15:00+00:00,621.23,2026-03-02 12:30:00+00:00,621.5306,6.000002,3729.18,618.9778,618.9778,0,2026-03-02 14:00:00+00:00,618.0493,STOP_LOSS,6,-20.89,2.9833,2.9666,7.427,-26.84,-1.752
378,ETHUSDT,LONG,spot,2026-03-03 22:45:00+00:00,1981.4547,1977.4628,11.0654,2026-03-03 23:00:00+00:00,1994.76,2026-03-03 23:45:00+00:00,1982.8,2026-03-04 00:00:00+00:00,1983.8014,1.865425,3700.63,1975.2498,1975.2498,0,2026-03-04 00:30:00+00:00,1972.2869,STOP_LOSS,2,-21.48,2.9605,2.9433,7.369,-27.38,-1.717
377,BNBUSDT,LONG,spot,2026-03-03 16:45:00+00:00,629.9387,629.0733,4.8191,2026-03-03 17:15:00+00:00,633.72,2026-03-03 17:30:00+00:00,632.53,2026-03-03 17:45:00+00:00,632.8363,3.956195,2503.62,628.1095,628.1095,0,2026-03-04 01:45:00+00:00,633.723,TIME_EXIT_8H,32,3.51,2.0029,2.0057,2.5054,-0.5,-0.027
379,BNBUSDT,LONG,spot,2026-03-04 05:00:00+00:00,631.4654,631.0323,2.5066,2026-03-04 05:30:00+00:00,633.02,2026-03-04 06:00:00+00:00,632.12,2026-03-04 06:15:00+00:00,632.4261,5.810972,3675.01,630.5309,630.5309,0,2026-03-04 07:15:00+00:00,635.8982,FIXED_2R,4,20.18,2.94,2.9561,3.6851,14.28,1.297
380,ETHUSDT,LONG,spot,2026-03-11 13:45:00+00:00,2031.4921,2029.2002,16.1867,2026-03-11 14:00:00+00:00,2050.28,2026-03-11 15:30:00+00:00,2039.79,2026-03-11 15:45:00+00:00,2040.8199,1.254093,2559.38,2025.9629,2025.9629,0,2026-03-11 16:45:00+00:00,2069.4986,FIXED_2R,4,35.97,2.0475,2.0763,2.5774,31.84,1.709
381,BTCUSDT,LONG,spot,2026-03-12 16:30:00+00:00,70140.049,70038.4974,452.49,2026-03-12 16:45:00+00:00,70381.16,2026-03-12 17:45:00+00:00,70212.06,2026-03-12 18:00:00+00:00,70247.156,0.052965,3720.67,69947.9994,69947.9994,0,2026-03-12 18:15:00+00:00,69843.0774,STOP_LOSS,1,-21.4,2.9765,2.9594,7.4092,-27.34,-1.725
382,SOLUSDT,LONG,spot,2026-03-17 16:00:00+00:00,94.1083,93.9413,0.6078,2026-03-17 16:15:00+00:00,94.53,2026-03-17 16:45:00+00:00,94.39,2026-03-17 17:00:00+00:00,94.4372,30.20982,2852.93,93.8197,93.8197,0,2026-03-18 01:00:00+00:00,94.5427,TIME_EXIT_8H,32,3.19,2.2823,2.2849,2.8545,-1.38,-0.074
383,ETHUSDT,LONG,spot,2026-03-18 08:30:00+00:00,2326.1951,2323.3159,5.8992,2026-03-18 09:30:00+00:00,2331.59,2026-03-18 10:00:00+00:00,2330.84,2026-03-18 10:15:00+00:00,2331.9954,1.583297,3692.24,2322.136,2322.136,0,2026-03-18 10:30:00+00:00,2318.6528,STOP_LOSS,1,-21.13,2.9538,2.9369,7.3528,-27.02,-1.731
384,SOLUSDT,LONG,spot,2026-03-21 19:15:00+00:00,89.8754,89.7922,0.1801,2026-03-21 20:15:00+00:00,90.02,2026-03-21 22:00:00+00:00,89.96,2026-03-21 22:15:00+00:00,90.005,40.725466,3665.49,89.7561,89.7561,0,2026-03-21 23:00:00+00:00,89.6215,STOP_LOSS,3,-15.62,2.9324,2.9199,7.3076,-21.47,-2.119
385,BNBUSDT,LONG,spot,2026-03-31 02:30:00+00:00,613.5901,613.2362,1.956,2026-03-31 02:45:00+00:00,614.93,2026-03-31 03:00:00+00:00,614.28,2026-03-31 03:15:00+00:00,614.5971,5.929477,3644.24,612.845,612.845,0,2026-03-31 03:30:00+00:00,611.9257,STOP_LOSS,1,-15.84,2.9154,2.9027,7.2647,-21.66,-2.085
386,BNBUSDT,LONG,spot,2026-04-01 16:15:00+00:00,614.8952,614.206,2.4044,2026-04-01 16:30:00+00:00,616.89,2026-04-01 17:15:00+00:00,615.03,2026-04-01 17:30:00+00:00,615.3475,5.887402,3622.8,613.7251,613.7251,0,2026-04-01 18:00:00+00:00,612.8045,STOP_LOSS,2,-14.97,2.8982,2.8863,7.2231,-20.76,-2.173
387,BNBUSDT,LONG,spot,2026-04-05 15:45:00+00:00,591.727,591.3956,1.8499,2026-04-05 16:00:00+00:00,592.92,2026-04-05 17:15:00+00:00,593.15,2026-04-05 17:30:00+00:00,593.4466,6.070048,3602.25,591.0256,591.0256,0,2026-04-05 21:15:00+00:00,590.1391,STOP_LOSS,15,-20.08,2.8818,2.8657,7.1744,-25.82,-1.757
388,SOLUSDT,LONG,spot,2026-04-10 11:30:00+00:00,83.3477,83.2544,0.236,2026-04-10 11:45:00+00:00,83.52,2026-04-10 12:15:00+00:00,83.69,2026-04-10 12:30:00+00:00,83.7318,34.43156,2883.02,83.2072,83.2072,0,2026-04-10 14:15:00+00:00,84.7387,FIXED_2R,7,34.67,2.3064,2.3341,2.9004,30.03,1.662
389,BNBUSDT,LONG,spot,2026-04-10 14:15:00+00:00,602.7436,602.2832,1.6195,2026-04-10 14:30:00+00:00,606.15,2026-04-10 15:45:00+00:00,603.27,2026-04-10 16:00:00+00:00,603.5716,5.975117,3606.41,601.9593,601.9593,0,2026-04-10 17:45:00+00:00,606.4929,FIXED_2R,7,17.46,2.8851,2.8991,3.6151,11.67,1.211
390,ETHUSDT,LONG,spot,2026-04-13 14:30:00+00:00,2198.8685,2194.4665,12.5374,2026-04-13 14:45:00+00:00,2234.18,2026-04-13 15:30:00+00:00,2206.72,2026-04-13 15:45:00+00:00,2207.8134,1.152529,2544.57,2191.959,2191.959,0,2026-04-13 17:30:00+00:00,2238.4022,FIXED_2R,7,35.25,2.0357,2.0639,2.5622,31.16,1.705
391,SOLUSDT,LONG,spot,2026-04-13 13:45:00+00:00,82.3055,82.1374,0.439,2026-04-13 14:00:00+00:00,83.17,2026-04-13 16:00:00+00:00,82.94,2026-04-13 16:15:00+00:00,82.9815,19.710663,1635.62,82.0496,82.0496,0,2026-04-13 22:00:00+00:00,84.8028,FIXED_2R,23,35.9,1.3085,1.3372,1.6536,33.25,1.81
392,ETHUSDT,LONG,spot,2026-04-16 20:00:00+00:00,2338.9175,2336.5991,12.0374,2026-04-16 20:15:00+00:00,2351.3,2026-04-16 21:15:00+00:00,2340.8,2026-04-16 21:30:00+00:00,2341.9704,1.572065,3681.73,2334.1916,2334.1916,0,2026-04-17 01:15:00+00:00,2330.6903,STOP_LOSS,15,-17.73,2.9454,2.9312,7.3369,-23.61,-1.931
393,SOLUSDT,LONG,spot,2026-04-20 15:45:00+00:00,85.258,85.0186,0.5274,2026-04-20 16:00:00+00:00,85.62,2026-04-20 16:45:00+00:00,85.31,2026-04-20 17:00:00+00:00,85.3527,42.040257,3588.25,84.9132,84.9132,0,2026-04-21 01:00:00+00:00,85.6971,TIME_EXIT_8H,32,14.48,2.8706,2.8822,3.5955,8.73,0.472
394,ETHUSDT,LONG,spot,2026-04-21 07:15:00+00:00,2314.581,2312.7573,6.8477,2026-04-21 07:30:00+00:00,2321.82,2026-04-21 08:00:00+00:00,2316.24,2026-04-21 08:15:00+00:00,2317.3881,1.582384,3667.0,2311.3877,2311.3877,0,2026-04-21 08:45:00+00:00,2328.2242,FIXED_2R,2,17.15,2.9336,2.9473,3.6756,11.27,1.187
395,SOLUSDT,LONG,spot,2026-04-21 07:00:00+00:00,85.4977,85.4022,0.2765,2026-04-21 07:15:00+00:00,85.75,2026-04-21 09:15:00+00:00,85.61,2026-04-21 09:30:00+00:00,85.6528,42.942572,3678.15,85.3469,85.3469,0,2026-04-21 10:45:00+00:00,86.2214,FIXED_2R,5,24.42,2.9425,2.9621,3.6904,18.51,1.409
396,SOLUSDT,LONG,spot,2026-04-21 14:00:00+00:00,85.7091,85.5622,0.312,2026-04-21 14:15:00+00:00,86.03,2026-04-21 14:45:00+00:00,85.76,2026-04-21 15:00:00+00:00,85.8129,43.076035,3696.48,85.4998,85.4998,0,2026-04-21 15:30:00+00:00,85.3715,STOP_LOSS,2,-19.01,2.9572,2.942,7.3644,-24.91,-1.847
397,SOLUSDT,LONG,spot,2026-04-21 15:30:00+00:00,85.8282,85.6114,0.53,2026-04-21 16:00:00+00:00,86.12,2026-04-21 16:15:00+00:00,85.91,2026-04-21 16:30:00+00:00,85.953,41.434176,3561.39,85.5054,85.5054,0,2026-04-21 17:00:00+00:00,85.3771,STOP_LOSS,2,-23.86,2.8491,2.83,7.087,-29.54,-1.593
398,BNBUSDT,LONG,spot,2026-04-23 20:30:00+00:00,636.7812,636.1166,2.0039,2026-04-23 20:45:00+00:00,637.8,2026-04-23 21:15:00+00:00,637.62,2026-04-23 21:30:00+00:00,637.9388,5.709912,3642.57,635.7158,635.7158,0,2026-04-24 03:15:00+00:00,634.7622,STOP_LOSS,23,-18.14,2.9141,2.8995,7.2579,-23.95,-1.887
399,BTCUSDT,LONG,spot,2026-04-23 20:15:00+00:00,77898.1426,77824.4882,278.7974,2026-04-23 21:30:00+00:00,78069.99,2026-04-23 22:00:00+00:00,78062.31,2026-04-23 22:15:00+00:00,78101.3412,0.046602,3639.69,77768.7287,77768.7287,0,2026-04-24 03:15:00+00:00,77652.0757,STOP_LOSS,20,-20.94,2.9118,2.895,7.248,-26.74,-1.725
400,BTCUSDT,LONG,spot,2026-04-24 11:45:00+00:00,77898.5627,77871.358,196.8051,2026-04-24 12:00:00+00:00,78318.41,2026-04-24 13:45:00+00:00,78093.79,2026-04-24 14:00:00+00:00,78132.8469,0.045978,3592.39,77831.997,77831.997,0,2026-04-24 14:15:00+00:00,77715.249,STOP_LOSS,1,-19.2,2.8739,2.8585,7.156,-24.93,-1.802
401,SOLUSDT,LONG,spot,2026-04-24 12:30:00+00:00,85.9036,85.7628,0.3064,2026-04-24 12:45:00+00:00,86.33,2026-04-24 13:45:00+00:00,86.09,2026-04-24 14:00:00+00:00,86.123,41.679221,3589.54,85.7015,85.7015,0,2026-04-24 14:15:00+00:00,85.573,STOP_LOSS,1,-22.93,2.8716,2.8533,7.1447,-28.65,-1.631
402,SOLUSDT,LONG,spot,2026-04-26 03:00:00+00:00,86.1412,86.1025,0.1597,2026-04-26 04:30:00+00:00,86.33,2026-04-26 05:00:00+00:00,86.54,2026-04-26 05:15:00+00:00,86.5933,34.194969,2961.05,86.0705,86.0705,0,2026-04-26 12:45:00+00:00,85.9414,STOP_LOSS,30,-22.29,2.3688,2.351,5.8887,-27.01,-1.511
403,BTCUSDT,LONG,spot,2026-04-30 13:30:00+00:00,76173.9177,76063.8046,223.8454,2026-04-30 13:45:00+00:00,76420.44,2026-04-30 14:15:00+00:00,76354.2,2026-04-30 14:30:00+00:00,76392.3771,0.045981,3512.6,76019.0356,76019.0356,0,2026-04-30 22:30:00+00:00,76296.8025,TIME_EXIT_8H,32,-4.39,2.8101,2.8066,3.5104,-10.01,-0.583
404,SOLUSDT,LONG,spot,2026-05-04 17:15:00+00:00,84.5065,84.4624,0.4363,2026-05-04 17:30:00+00:00,84.79,2026-05-04 19:00:00+00:00,84.61,2026-05-04 19:15:00+00:00,84.6623,41.37245,3502.69,84.3752,84.3752,0,2026-05-04 19:30:00+00:00,84.2486,STOP_LOSS,1,-17.12,2.8021,2.7885,6.9797,-22.71,-1.911
405,SOLUSDT,LONG,spot,2026-05-08 13:15:00+00:00,88.4658,88.3897,0.2793,2026-05-08 14:00:00+00:00,88.82,2026-05-08 15:15:00+00:00,88.59,2026-05-08 15:30:00+00:00,88.6443,39.260359,3480.21,88.3338,88.3338,0,2026-05-08 15:45:00+00:00,89.2207,FIXED_2R,1,22.63,2.7842,2.8023,3.4915,17.04,1.398
406,ETHUSDT,LONG,spot,2026-05-11 18:00:00+00:00,2334.6424,2331.8879,8.3326,2026-05-11 18:15:00+00:00,2341.49,2026-05-11 18:45:00+00:00,2335.35,2026-05-11 19:00:00+00:00,2336.5177,1.496706,3497.08,2330.2214,2330.2214,0,2026-05-12 01:00:00+00:00,2326.7261,STOP_LOSS,24,-14.66,2.7977,2.7859,6.9722,-20.24,-2.148
407,BNBUSDT,LONG,spot,2026-05-14 08:30:00+00:00,671.1264,670.4004,2.0188,2026-05-14 08:45:00+00:00,673.02,2026-05-14 09:00:00+00:00,671.65,2026-05-14 09:15:00+00:00,671.9858,5.174281,3477.04,669.9966,669.9966,0,2026-05-14 09:30:00+00:00,668.9916,STOP_LOSS,1,-15.49,2.7816,2.7692,6.9308,-21.04,-2.045
408,BNBUSDT,LONG,spot,2026-05-21 14:15:00+00:00,650.8117,649.8856,1.9715,2026-05-21 15:15:00+00:00,652.53,2026-05-21 15:30:00+00:00,651.51,2026-05-21 15:45:00+00:00,651.8358,5.302272,3456.21,649.4913,649.4913,0,2026-05-21 17:15:00+00:00,656.1964,FIXED_2R,6,23.12,2.765,2.7835,3.4678,17.57,1.414
409,SOLUSDT,LONG,spot,2026-05-21 14:30:00+00:00,86.1613,85.9902,0.4249,2026-05-21 15:15:00+00:00,86.81,2026-05-21 16:15:00+00:00,86.31,2026-05-21 16:30:00+00:00,86.3431,39.765044,3433.44,85.9052,85.9052,0,2026-05-21 17:15:00+00:00,87.1754,FIXED_2R,3,33.1,2.7468,2.7732,3.45,27.58,1.583
410,ETHUSDT,LONG,spot,2026-05-21 19:30:00+00:00,2133.6798,2130.8578,7.9176,2026-05-21 19:45:00+00:00,2142.83,2026-05-21 21:45:00+00:00,2135.42,2026-05-21 22:00:00+00:00,2136.4977,1.638619,3500.91,2129.2743,2129.2743,0,2026-05-21 23:00:00+00:00,2126.0804,STOP_LOSS,4,-17.07,2.8007,2.7871,6.9762,-22.66,-1.914
411,ETHUSDT,LONG,spot,2026-05-25 01:00:00+00:00,2101.7068,2099.3013,7.2702,2026-05-25 01:15:00+00:00,2105.89,2026-05-25 01:30:00+00:00,2102.43,2026-05-25 01:45:00+00:00,2103.4812,1.653676,3478.48,2097.8472,2097.8472,0,2026-05-25 02:00:00+00:00,2090.9888,STOP_LOSS,1,-20.66,2.7828,2.7663,6.926,-26.21,-2.813
412,BNBUSDT,LONG,spot,2026-05-25 00:00:00+00:00,655.9627,655.5923,1.7916,2026-05-25 00:15:00+00:00,659.23,2026-05-25 02:00:00+00:00,659.59,2026-05-25 02:15:00+00:00,659.9198,3.721203,2455.7,655.2339,655.2339,0,2026-05-25 10:15:00+00:00,661.1493,TIME_EXIT_8H,32,4.58,1.9646,1.9682,2.458,0.64,0.037
413,BNBUSDT,LONG,spot,2026-05-26 11:30:00+00:00,660.1881,659.7258,1.5901,2026-05-26 11:45:00+00:00,662.48,2026-05-26 12:00:00+00:00,661.66,2026-05-26 12:15:00+00:00,661.9908,5.216335,3453.17,659.4078,659.4078,0,2026-05-26 14:15:00+00:00,666.8233,FIXED_2R,8,25.21,2.7625,2.7827,3.4658,19.66,1.459
414,SOLUSDT,LONG,spot,2026-05-27 15:45:00+00:00,84.0667,83.9469,0.433,2026-05-27 16:00:00+00:00,84.48,2026-05-27 16:15:00+00:00,84.15,2026-05-27 16:30:00+00:00,84.1921,41.246541,3472.63,83.8603,83.8603,0,2026-05-27 17:00:00+00:00,83.7345,STOP_LOSS,2,-18.87,2.7781,2.763,6.917,-24.42,-1.784
415,BNBUSDT,LONG,spot,2026-05-29 16:45:00+00:00,638.7882,638.0403,2.7425,2026-05-29 17:00:00+00:00,644.11,2026-05-29 18:45:00+00:00,639.64,2026-05-29 19:00:00+00:00,639.9698,5.388474,3448.46,637.4918,637.4918,0,2026-05-30 00:15:00+00:00,644.6034,FIXED_2R,21,24.97,2.7588,2.7787,3.4609,19.43,1.455
417,ETHUSDT,LONG,spot,2026-06-09 05:15:00+00:00,1680.0411,1675.8133,9.0864,2026-06-09 05:30:00+00:00,1690.65,2026-06-09 07:30:00+00:00,1681.23,2026-06-09 07:45:00+00:00,1682.0706,2.059931,3464.95,1673.9961,1673.9961,0,2026-06-09 08:00:00+00:00,1671.4851,STOP_LOSS,1,-21.81,2.772,2.7545,6.8972,-27.33,-1.643
416,BNBUSDT,LONG,spot,2026-06-09 05:45:00+00:00,601.5166,600.7954,2.2036,2026-06-09 06:00:00+00:00,604.02,2026-06-09 07:15:00+00:00,601.66,2026-06-09 07:30:00+00:00,601.9608,5.760668,3467.7,600.3547,600.3547,0,2026-06-09 09:30:00+00:00,599.4542,STOP_LOSS,8,-14.44,2.7742,2.7626,6.9137,-19.98,-2.159
418,ETHUSDT,LONG,spot,2026-06-10 15:45:00+00:00,1642.1796,1637.4596,13.292,2026-06-10 16:00:00+00:00,1651.51,2026-06-10 16:15:00+00:00,1648.9,2026-06-10 16:30:00+00:00,1649.7244,1.157731,1909.94,1634.8012,1634.8012,0,2026-06-10 16:45:00+00:00,1632.349,STOP_LOSS,1,-20.12,1.5279,1.5119,3.7897,-23.16,-1.34
419,ETHUSDT,LONG,spot,2026-06-12 14:30:00+00:00,1669.2368,1666.5081,7.5021,2026-06-12 14:45:00+00:00,1685.64,2026-06-12 15:30:00+00:00,1671.54,2026-06-12 15:45:00+00:00,1672.3758,2.031802,3397.94,1665.0077,1665.0077,0,2026-06-12 16:00:00+00:00,1657.5899,STOP_LOSS,1,-30.04,2.7183,2.6943,6.7508,-35.45,-2.368
420,SOLUSDT,LONG,spot,2026-06-13 05:15:00+00:00,66.9411,66.8571,0.2028,2026-06-13 06:45:00+00:00,67.16,2026-06-13 07:15:00+00:00,67.27,2026-06-13 07:30:00+00:00,67.2936,35.59838,2395.54,66.8165,66.8165,0,2026-06-13 13:30:00+00:00,68.2137,FIXED_2R,24,32.75,1.9164,1.9426,2.4119,28.89,1.701
422,SOLUSDT,LONG,spot,2026-06-16 19:15:00+00:00,73.8729,73.7106,0.4284,2026-06-16 20:30:00+00:00,74.19,2026-06-16 21:30:00+00:00,73.91,2026-06-16 21:45:00+00:00,73.947,45.838772,3389.64,73.6249,73.6249,0,2026-06-16 22:45:00+00:00,73.5145,STOP_LOSS,4,-19.82,2.7117,2.6959,6.7495,-25.23,-1.709
421,ETHUSDT,LONG,spot,2026-06-16 18:15:00+00:00,1788.6591,1783.9732,10.1313,2026-06-16 18:30:00+00:00,1796.14,2026-06-16 20:00:00+00:00,1794.55,2026-06-16 20:15:00+00:00,1795.4473,1.268745,2277.96,1781.9469,1781.9469,0,2026-06-17 01:15:00+00:00,1779.274,STOP_LOSS,20,-20.52,1.8224,1.806,4.5252,-24.15,-1.41
423,ETHUSDT,LONG,spot,2026-06-21 18:30:00+00:00,1728.8717,1727.7817,4.6694,2026-06-21 18:45:00+00:00,1735.39,2026-06-21 20:15:00+00:00,1730.76,2026-06-21 20:30:00+00:00,1731.6354,1.930289,3342.56,1726.8478,1726.8478,0,2026-06-21 20:45:00+00:00,1724.2575,STOP_LOSS,1,-14.24,2.674,2.6627,6.6638,-19.58,-2.119
425,SOLUSDT,LONG,spot,2026-06-22 01:45:00+00:00,73.547,73.3311,0.5582,2026-06-22 02:00:00+00:00,74.07,2026-06-22 03:00:00+00:00,73.55,2026-06-22 03:15:00+00:00,73.5868,45.124167,3320.54,73.2194,73.2194,0,2026-06-22 07:15:00+00:00,74.2843,FIXED_2R,16,31.48,2.6564,2.6816,3.3363,26.14,1.577
424,ETHUSDT,LONG,spot,2026-06-22 01:45:00+00:00,1726.8893,1725.9724,10.6422,2026-06-22 02:00:00+00:00,1740.73,2026-06-22 03:00:00+00:00,1731.61,2026-06-22 03:15:00+00:00,1732.4858,1.918154,3323.17,1723.8439,1723.8439,0,2026-06-22 07:30:00+00:00,1748.8947,FIXED_2R,17,31.47,2.6585,2.6837,3.3389,26.13,1.576
426,BTCUSDT,LONG,spot,2026-06-22 06:45:00+00:00,64123.2597,64068.685,162.7985,2026-06-22 07:00:00+00:00,64212.01,2026-06-22 08:00:00+00:00,64313.6,2026-06-22 08:15:00+00:00,64345.7568,0.05245,3374.92,64036.1253,64036.1253,0,2026-06-22 12:15:00+00:00,64932.5373,FIXED_2R,16,30.78,2.6999,2.7246,3.3903,25.35,1.561
427,SOLUSDT,LONG,spot,2026-06-28 09:30:00+00:00,71.2242,71.1163,0.3062,2026-06-28 09:45:00+00:00,71.54,2026-06-28 10:30:00+00:00,71.4,2026-06-28 10:45:00+00:00,71.4357,45.118923,3223.1,71.0551,71.0551,0,2026-06-28 12:30:00+00:00,72.1608,FIXED_2R,7,32.71,2.5785,2.6047,3.2395,27.53,1.603
428,SOLUSDT,LONG,spot,2026-06-28 11:15:00+00:00,71.3729,71.2133,0.3438,2026-06-28 11:30:00+00:00,71.92,2026-06-28 13:00:00+00:00,71.6,2026-06-28 13:15:00+00:00,71.6458,34.534617,2474.26,71.1446,71.1446,0,2026-06-28 17:30:00+00:00,71.0379,STOP_LOSS,17,-20.99,1.9794,1.9626,4.917,-24.94,-1.441
429,SOLUSDT,LONG,spot,2026-06-29 00:30:00+00:00,71.2436,71.0116,0.6433,2026-06-29 00:45:00+00:00,71.66,2026-06-29 01:00:00+00:00,71.36,2026-06-29 01:15:00+00:00,71.4057,32.874106,2347.4,70.8829,70.8829,0,2026-06-29 02:00:00+00:00,70.7766,STOP_LOSS,3,-20.68,1.8779,1.8614,4.6638,-24.42,-1.421
430,ETHUSDT,LONG,spot,2026-06-29 03:00:00+00:00,1573.7202,1570.7019,10.9217,2026-06-29 03:15:00+00:00,1587.12,2026-06-29 04:45:00+00:00,1575.5,2026-06-29 05:00:00+00:00,1576.2877,2.143272,3378.41,1568.5175,1568.5175,0,2026-06-29 05:15:00+00:00,1564.5796,STOP_LOSS,1,-25.09,2.7027,2.6827,6.7192,-30.48,-1.83
431,ETHUSDT,LONG,spot,2026-06-29 06:00:00+00:00,1576.4189,1574.298,7.6076,2026-06-29 06:15:00+00:00,1583.16,2026-06-29 08:00:00+00:00,1579.86,2026-06-29 08:15:00+00:00,1580.6499,2.118267,3348.24,1572.7765,1572.7765,0,2026-06-29 08:30:00+00:00,1570.4174,STOP_LOSS,1,-21.68,2.6786,2.6613,6.664,-27.02,-1.62
432,BTCUSDT,LONG,spot,2026-06-29 06:15:00+00:00,59849.5331,59766.7258,240.2776,2026-06-29 06:30:00+00:00,60080.52,2026-06-29 08:30:00+00:00,59870.0,2026-06-29 08:45:00+00:00,59899.925,0.055451,3321.49,59718.6703,59718.6703,0,2026-06-29 10:00:00+00:00,60232.3032,FIXED_2R,5,18.43,2.6572,2.6719,3.3307,13.1,1.304
433,ETHUSDT,LONG,spot,2026-06-29 10:00:00+00:00,1577.5688,1575.8277,6.2311,2026-06-29 10:15:00+00:00,1581.76,2026-06-29 10:45:00+00:00,1578.6,2026-06-29 11:00:00+00:00,1579.3893,2.111237,3334.46,1574.5815,1574.5815,0,2026-06-29 11:15:00+00:00,1570.7903,STOP_LOSS,1,-18.15,2.6676,2.653,6.6417,-23.48,-2.313
434,SOLUSDT,LONG,spot,2026-07-04 17:45:00+00:00,82.1225,82.0005,0.3153,2026-07-04 18:00:00+00:00,82.57,2026-07-04 18:15:00+00:00,82.3,2026-07-04 18:30:00+00:00,82.3411,40.213479,3311.22,81.9375,81.9375,0,2026-07-04 19:00:00+00:00,81.8146,STOP_LOSS,2,-21.18,2.649,2.632,6.5907,-26.46,-1.63
435,BNBUSDT,LONG,spot,2026-07-09 18:00:00+00:00,570.9756,570.2213,1.5663,2026-07-09 18:15:00+00:00,572.77,2026-07-09 19:00:00+00:00,571.09,2026-07-09 19:15:00+00:00,571.3755,5.74934,3285.03,569.9081,569.9081,0,2026-07-09 20:00:00+00:00,569.0532,STOP_LOSS,3,-13.35,2.628,2.6173,6.55,-18.6,-2.204
436,SOLUSDT,LONG,spot,2026-07-11 14:15:00+00:00,78.1201,78.047,0.168,2026-07-11 14:30:00+00:00,78.58,2026-07-11 15:30:00+00:00,78.22,2026-07-11 15:45:00+00:00,78.2591,41.741097,3266.62,78.0134,78.0134,0,2026-07-11 16:15:00+00:00,77.8963,STOP_LOSS,2,-15.14,2.6133,2.6012,6.5105,-20.36,-1.984
437,BNBUSDT,LONG,spot,2026-07-16 01:30:00+00:00,580.1646,579.6347,1.4378,2026-07-16 03:00:00+00:00,581.05,2026-07-16 03:15:00+00:00,580.77,2026-07-16 03:30:00+00:00,581.0604,5.587143,3246.47,579.3471,579.3471,0,2026-07-16 05:15:00+00:00,584.1946,FIXED_2R,7,17.51,2.5972,2.6112,3.2552,12.3,1.285
438,ETHUSDT,LONG,spot,2026-07-19 22:30:00+00:00,1866.6747,1864.7736,6.2421,2026-07-19 22:45:00+00:00,1870.44,2026-07-19 23:00:00+00:00,1870.68,2026-07-19 23:15:00+00:00,1871.6153,1.741088,3258.65,1863.5252,1863.5252,0,2026-07-20 00:00:00+00:00,1886.8518,FIXED_2R,3,26.53,2.6069,2.6281,3.2719,21.29,1.512
439,ETHUSDT,LONG,spot,2026-07-22 20:30:00+00:00,1931.6064,1928.9334,6.0423,2026-07-22 21:30:00+00:00,1935.62,2026-07-22 22:30:00+00:00,1933.35,2026-07-22 22:45:00+00:00,1934.3167,1.695548,3279.73,1927.7249,1927.7249,0,2026-07-22 23:00:00+00:00,1924.8333,STOP_LOSS,1,-16.08,2.6238,2.6109,6.5353,-21.31,-1.907
440,ETHUSDT,LONG,spot,2026-07-22 23:30:00+00:00,1931.9288,1929.6181,5.965,2026-07-23 00:00:00+00:00,1935.13,2026-07-23 00:15:00+00:00,1938.55,2026-07-23 00:30:00+00:00,1939.5093,1.48479,2879.76,1928.4251,1928.4251,0,2026-07-23 01:15:00+00:00,1925.5324,STOP_LOSS,3,-20.75,2.3038,2.2872,5.7284,-25.34,-1.54
441,BNBUSDT,LONG,spot,2026-07-28 15:45:00+00:00,568.8239,567.7829,2.283,2026-07-28 16:00:00+00:00,573.62,2026-07-28 17:15:00+00:00,569.17,2026-07-28 17:30:00+00:00,569.4546,5.678304,3233.54,567.3263,567.3263,0,2026-07-29 01:30:00+00:00,571.3442,TIME_EXIT_8H,32,10.73,2.5868,2.5954,3.2389,5.55,0.459
442,BTCUSDT,LONG,spot,2026-07-29 18:30:00+00:00,64165.8773,64115.5207,327.5059,2026-07-29 18:45:00+00:00,64501.52,2026-07-29 19:00:00+00:00,64284.0,2026-07-29 19:15:00+00:00,64316.142,0.050361,3239.03,64050.0195,64050.0195,0,2026-07-29 19:30:00+00:00,63937.7193,STOP_LOSS,1,-19.06,2.5912,2.576,6.4495,-24.22,-1.808
443,BNBUSDT,LONG,spot,2026-07-29 18:30:00+00:00,569.8315,569.6658,1.8471,2026-07-29 18:45:00+00:00,572.45,2026-07-29 19:15:00+00:00,570.53,2026-07-29 19:30:00+00:00,570.8253,5.632276,3215.05,569.2964,569.2964,0,2026-07-29 19:45:00+00:00,568.4425,STOP_LOSS,1,-13.42,2.572,2.5613,6.41,-18.55,-2.155
444,SOLUSDT,LONG,spot,2026-08-05 08:00:00+00:00,73.9527,73.866,0.1747,2026-08-05 08:15:00+00:00,74.14,2026-08-05 10:00:00+00:00,73.99,2026-08-05 10:15:00+00:00,74.027,43.182587,3196.68,73.831,73.831,0,2026-08-05 10:45:00+00:00,73.7203,STOP_LOSS,2,-13.24,2.5573,2.5467,6.3735,-18.35,-2.168
445,ETHUSDT,LONG,spot,2026-08-05 08:15:00+00:00,1870.3141,1869.4133,3.8589,2026-08-05 09:15:00+00:00,1872.5,2026-08-05 10:15:00+00:00,1873.62,2026-08-05 10:30:00+00:00,1874.5568,1.703947,3194.15,1868.6415,1868.6415,0,2026-08-05 10:45:00+00:00,1865.8385,STOP_LOSS,1,-14.86,2.5553,2.5434,6.366,-19.95,-1.98
446,SOLUSDT,LONG,spot,2026-08-06 06:15:00+00:00,73.9948,73.9356,0.1909,2026-08-06 06:30:00+00:00,74.13,2026-08-06 07:00:00+00:00,74.1,2026-08-06 07:15:00+00:00,74.127,42.612745,3158.76,73.8975,73.8975,0,2026-08-06 07:45:00+00:00,73.7866,STOP_LOSS,2,-14.51,2.527,2.5154,6.2958,-19.55,-1.998
447,SOLUSDT,LONG,spot,2026-08-13 13:15:00+00:00,76.0228,75.978,0.1555,2026-08-13 13:30:00+00:00,76.3,2026-08-13 15:15:00+00:00,76.06,2026-08-13 15:30:00+00:00,76.088,41.260152,3139.4,75.9469,75.9469,0,2026-08-13 15:45:00+00:00,75.833,STOP_LOSS,1,-10.52,2.5115,2.5031,6.263,-15.54,-2.668
448,BTCUSDT,LONG,spot,2026-08-23 12:15:00+00:00,76865.8489,76776.6481,224.0243,2026-08-23 12:30:00+00:00,77238.1,2026-08-23 14:30:00+00:00,77025.14,2026-08-23 14:45:00+00:00,77063.6426,0.040538,3124.02,76731.8432,76731.8432,0,2026-08-23 21:15:00+00:00,77688.3776,FIXED_2R,26,25.33,2.4992,2.5195,3.1367,20.31,1.51
449,ETHUSDT,LONG,spot,2026-08-24 04:15:00+00:00,2444.2986,2438.7516,11.1629,2026-08-24 05:00:00+00:00,2457.91,2026-08-24 05:30:00+00:00,2448.1,2026-08-24 05:45:00+00:00,2449.324,1.240093,3037.39,2436.519,2436.519,0,2026-08-24 08:15:00+00:00,2432.8643,STOP_LOSS,10,-20.41,2.4299,2.4136,6.0442,-25.26,-1.59
450,BTCUSDT,LONG,spot,2026-08-24 06:00:00+00:00,77266.6022,77206.5407,283.3931,2026-08-24 06:45:00+00:00,77464.33,2026-08-24 07:45:00+00:00,77307.15,2026-08-24 08:00:00+00:00,77345.7936,0.040619,3141.72,77149.8621,77149.8621,0,2026-08-24 08:15:00+00:00,77034.1373,STOP_LOSS,1,-12.66,2.5134,2.5032,6.2644,-17.68,-2.221
451,BNBUSDT,LONG,spot,2026-08-24 08:30:00+00:00,698.5021,697.4362,2.8552,2026-08-24 10:00:00+00:00,701.82,2026-08-24 10:45:00+00:00,699.4,2026-08-24 11:00:00+00:00,699.7597,4.432411,3101.62,696.8651,696.8651,0,2026-08-24 11:30:00+00:00,705.1961,FIXED_2R,2,24.1,2.4813,2.5006,3.1137,19.11,1.49
452,BTCUSDT,LONG,spot,2026-08-26 04:30:00+00:00,79010.0075,78931.9663,196.6225,2026-08-26 05:30:00+00:00,79120.1,2026-08-26 05:45:00+00:00,79085.98,2026-08-26 06:00:00+00:00,79125.523,0.039438,3120.55,78892.6418,78892.6418,0,2026-08-26 06:15:00+00:00,78774.3029,STOP_LOSS,1,-13.85,2.4964,2.4854,6.2203,-18.83,-2.051
453,BNBUSDT,LONG,spot,2026-08-26 11:00:00+00:00,698.9653,697.7757,2.7953,2026-08-26 11:15:00+00:00,705.73,2026-08-26 12:30:00+00:00,700.61,2026-08-26 12:45:00+00:00,700.9603,4.184667,2933.29,697.2166,697.2166,0,2026-08-26 13:15:00+00:00,696.1708,STOP_LOSS,2,-20.04,2.3466,2.3306,5.8365,-24.72,-1.578
454,SOLUSDT,LONG,spot,2026-08-31 19:00:00+00:00,103.5564,103.2797,0.5847,2026-08-31 19:15:00+00:00,104.11,2026-08-31 19:45:00+00:00,103.61,2026-08-31 20:00:00+00:00,103.6518,29.690064,3077.43,103.1628,103.1628,0,2026-08-31 22:45:00+00:00,103.008,STOP_LOSS,11,-19.11,2.4619,2.4467,6.1262,-24.02,-1.654
455,BTCUSDT,LONG,spot,2026-09-11 13:30:00+00:00,77327.0463,77217.189,449.1969,2026-09-11 13:45:00+00:00,79242.56,2026-09-11 15:45:00+00:00,77732.25,2026-09-11 16:00:00+00:00,77771.1161,0.023957,1863.13,77127.3496,77127.3496,0,2026-09-11 18:00:00+00:00,77011.6586,STOP_LOSS,8,-18.19,1.4905,1.476,3.699,-21.16,-1.372
456,BNBUSDT,LONG,spot,2026-09-16 18:30:00+00:00,713.814,712.9216,4.5082,2026-09-16 19:00:00+00:00,717.63,2026-09-16 19:15:00+00:00,714.92,2026-09-16 19:30:00+00:00,715.2775,4.23989,3032.7,712.0199,712.0199,0,2026-09-16 20:00:00+00:00,721.4316,FIXED_2R,2,26.09,2.4262,2.447,3.0457,21.22,1.536
457,BNBUSDT,LONG,spot,2026-09-22 13:30:00+00:00,788.9062,787.9478,2.6247,2026-09-22 13:45:00+00:00,791.57,2026-09-22 14:00:00+00:00,791.07,2026-09-22 14:15:00+00:00,791.4655,3.814975,3019.42,787.4228,787.4228,0,2026-09-22 14:30:00+00:00,785.5699,STOP_LOSS,1,-22.49,2.4155,2.3975,6.0051,-27.3,-1.77
458,BNBUSDT,LONG,spot,2026-09-22 23:45:00+00:00,787.7358,787.1022,2.1173,2026-09-23 00:00:00+00:00,791.04,2026-09-23 01:45:00+00:00,788.87,2026-09-23 02:00:00+00:00,789.2544,3.834851,3026.67,786.6788,786.6788,0,2026-09-23 03:00:00+00:00,794.0086,FIXED_2R,4,18.23,2.4213,2.4359,3.0358,13.37,1.354
