trade_id,symbol,direction,market_type,formation_time,U,L,frozen_atr,breakout_time,breakout_price,confirm_time,confirm_price,entry_time,entry_price,units,nominal_size_usdt,initial_sl,final_sl,sl_updates,exit_time,exit_price,exit_reason,bars_held,gross_pnl_usdt,entry_fee_usdt,exit_fee_usdt,slippage_cost_usdt,net_pnl_usdt,net_r_multiple
1,BNBUSDT,LONG,spot,2024-01-03 15:45:00+00:00,316.0381,314.7506,4.7681,2024-01-03 16:00:00+00:00,319.6,2024-01-03 16:45:00+00:00,319.4,2024-01-03 17:00:00+00:00,319.6597,8.528324,2726.16,313.7969,313.7969,0,2024-01-03 18:30:00+00:00,313.3262,STOP_LOSS,6,-54.01,2.1809,2.1377,5.3713,-58.33,-1.167
2,BNBUSDT,LONG,spot,2024-01-03 20:45:00+00:00,316.0413,315.5493,2.4008,2024-01-03 21:15:00+00:00,317.5,2024-01-03 22:15:00+00:00,316.1,2024-01-03 22:30:00+00:00,316.2581,31.120948,9842.25,315.0692,315.0692,0,2024-01-03 22:45:00+00:00,314.5966,STOP_LOSS,1,-51.71,7.8738,7.8324,19.6069,-67.41,-1.822
3,BNBUSDT,LONG,spot,2024-01-04 13:30:00+00:00,318.386,317.6247,1.8524,2024-01-04 14:30:00+00:00,320.1,2024-01-04 16:15:00+00:00,318.4,2024-01-04 16:30:00+00:00,318.4591,30.69628,9775.51,317.2542,318.8401,3,2024-01-04 19:30:00+00:00,318.3618,TRAILING_STOP,12,-2.99,7.8204,7.818,19.5465,-18.63,-0.504
4,BTCUSDT,LONG,spot,2024-01-05 11:30:00+00:00,43850.9245,43761.5785,203.8633,2024-01-05 13:00:00+00:00,44001.07,2024-01-05 13:15:00+00:00,43919.04,2024-01-05 13:30:00+00:00,43940.9995,0.222049,9757.07,43720.8058,43720.8058,0,2024-01-05 14:15:00+00:00,43655.2246,STOP_LOSS,3,-63.46,7.8057,7.7549,19.419,-79.02,-1.616
5,ETHUSDT,LONG,spot,2024-01-07 06:45:00+00:00,2245.7876,2243.5601,4.4797,2024-01-07 07:00:00+00:00,2249.58,2024-01-07 07:30:00+00:00,2249.09,2024-01-07 07:45:00+00:00,2250.2245,4.30128,9678.85,2242.6641,2242.6641,0,2024-01-07 08:30:00+00:00,2239.3001,STOP_LOSS,3,-46.99,7.7431,7.7055,19.2872,-62.44,-1.92
6,ETHUSDT,LONG,spot,2024-01-07 13:45:00+00:00,2242.933,2242.6763,6.02,2024-01-07 14:00:00+00:00,2249.85,2024-01-07 14:30:00+00:00,2248.38,2024-01-07 14:45:00+00:00,2249.5042,4.275179,9617.03,2241.4723,2241.4723,0,2024-01-07 15:15:00+00:00,2238.1101,STOP_LOSS,2,-48.71,7.6936,7.6547,19.161,-64.06,-1.866
7,BNBUSDT,LONG,spot,2024-01-10 01:00:00+00:00,301.3503,300.906,1.794,2024-01-10 01:15:00+00:00,302.3,2024-01-10 01:30:00+00:00,301.4,2024-01-10 01:45:00+00:00,301.5507,31.681613,9553.61,300.5472,300.5472,0,2024-01-10 02:45:00+00:00,300.0964,STOP_LOSS,4,-46.07,7.6429,7.606,19.0381,-61.32,-1.929
8,BNBUSDT,LONG,spot,2024-01-12 09:45:00+00:00,309.4059,308.7638,1.4228,2024-01-12 11:15:00+00:00,311.1,2024-01-12 12:45:00+00:00,311.3,2024-01-12 13:00:00+00:00,311.5557,15.58407,4855.31,308.4792,308.4792,0,2024-01-12 15:15:00+00:00,308.0165,STOP_LOSS,9,-55.15,3.8842,3.8401,9.6279,-62.88,-1.312
9,SOLUSDT,LONG,spot,2024-01-16 03:30:00+00:00,95.4017,95.2355,0.5312,2024-01-16 03:45:00+00:00,96.19,2024-01-16 05:45:00+00:00,95.46,2024-01-16 06:00:00+00:00,95.5077,98.742284,9430.65,95.1293,97.0286,4,2024-01-16 08:00:00+00:00,96.8831,TRAILING_STOP,8,135.81,7.5445,7.6532,19.065,120.61,3.227
10,ETHUSDT,LONG,spot,2024-01-16 08:45:00+00:00,2530.4663,2526.4373,8.7213,2024-01-16 09:00:00+00:00,2539.14,2024-01-16 10:15:00+00:00,2531.65,2024-01-16 10:30:00+00:00,2532.9258,3.770365,9550.05,2524.693,2524.693,0,2024-01-16 11:30:00+00:00,2520.906,STOP_LOSS,4,-45.32,7.64,7.6038,19.0321,-60.56,-1.951
11,SOLUSDT,LONG,spot,2024-01-16 15:30:00+00:00,96.4823,96.1452,1.0238,2024-01-16 15:45:00+00:00,97.25,2024-01-16 17:00:00+00:00,96.52,2024-01-16 17:15:00+00:00,96.5583,77.578615,7490.86,95.9404,97.6449,17,2024-01-16 23:15:00+00:00,97.4984,TRAILING_STOP,24,72.94,5.9927,6.051,15.0911,60.89,1.27
12,BNBUSDT,LONG,spot,2024-01-19 19:30:00+00:00,311.9715,311.6366,1.5947,2024-01-19 19:45:00+00:00,313.7,2024-01-19 21:00:00+00:00,312.8,2024-01-19 21:15:00+00:00,313.0564,27.7393,8683.97,311.3176,313.6211,2,2024-01-20 00:45:00+00:00,313.1506,TRAILING_STOP,14,2.61,6.9472,6.9493,17.3719,-11.28,-0.234
13,SOLUSDT,LONG,spot,2024-01-26 08:15:00+00:00,87.5076,87.2948,0.4746,2024-01-26 08:30:00+00:00,87.78,2024-01-26 08:45:00+00:00,87.76,2024-01-26 09:00:00+00:00,87.8039,79.769509,7004.07,87.1999,87.561,1,2024-01-26 10:00:00+00:00,87.3388,TRAILING_STOP,4,-37.1,5.6033,5.5736,13.9525,-48.28,-1.002
14,SOLUSDT,LONG,spot,2024-01-31 17:45:00+00:00,101.0113,100.5761,1.0059,2024-01-31 18:00:00+00:00,102.13,2024-01-31 19:00:00+00:00,101.03,2024-01-31 19:15:00+00:00,101.0705,68.916017,6965.38,100.3749,100.3749,0,2024-01-31 19:30:00+00:00,99.7701,STOP_LOSS,1,-89.62,5.5723,5.5006,13.7963,-100.69,-2.101
15,BNBUSDT,LONG,spot,2024-02-02 15:45:00+00:00,302.1348,301.828,0.8364,2024-02-02 16:00:00+00:00,302.6,2024-02-02 16:45:00+00:00,302.2,2024-02-02 17:00:00+00:00,302.2511,31.07262,9391.73,301.6607,301.6607,0,2024-02-02 17:30:00+00:00,301.2082,STOP_LOSS,2,-32.4,7.5134,7.4875,18.7349,-47.41,-2.584
16,BTCUSDT,LONG,spot,2024-02-02 15:15:00+00:00,43003.7668,42943.4312,160.5172,2024-02-02 15:30:00+00:00,43208.61,2024-02-02 17:30:00+00:00,43003.99,2024-02-02 17:45:00+00:00,43025.502,0.217192,9344.8,42911.3277,42911.3277,0,2024-02-02 18:00:00+00:00,42846.9607,STOP_LOSS,1,-38.78,7.4758,7.4448,18.6314,-53.7,-2.165
17,BTCUSDT,LONG,spot,2024-02-07 15:30:00+00:00,43063.62,43017.8754,139.5513,2024-02-07 16:00:00+00:00,43170.76,2024-02-07 16:30:00+00:00,43128.53,2024-02-07 16:45:00+00:00,43150.0943,0.215333,9291.64,42989.9652,43378.2074,3,2024-02-07 17:45:00+00:00,43313.1401,TRAILING_STOP,4,35.11,7.4333,7.4614,18.6359,20.21,0.586
19,SOLUSDT,LONG,spot,2024-02-13 20:45:00+00:00,111.6953,111.4604,0.8165,2024-02-13 21:00:00+00:00,113.07,2024-02-13 23:00:00+00:00,111.88,2024-02-13 23:15:00+00:00,111.9459,72.480298,8113.88,111.2971,111.4928,1,2024-02-14 00:15:00+00:00,111.3255,TRAILING_STOP,4,-44.97,6.4911,6.4551,16.1603,-57.91,-1.231
18,BTCUSDT,LONG,spot,2024-02-13 22:00:00+00:00,49370.9079,49304.5786,216.7389,2024-02-13 22:30:00+00:00,49527.85,2024-02-13 23:00:00+00:00,49451.27,2024-02-13 23:15:00+00:00,49476.0056,0.188205,9311.65,49261.2308,49455.4119,3,2024-02-14 00:30:00+00:00,49381.2288,TRAILING_STOP,5,-17.84,7.4493,7.4351,18.5965,-32.72,-0.81
20,BTCUSDT,LONG,spot,2024-02-13 23:45:00+00:00,49430.1294,49386.2591,168.3199,2024-02-14 00:00:00+00:00,49581.57,2024-02-14 00:30:00+00:00,49461.17,2024-02-14 00:45:00+00:00,49485.9106,0.186355,9221.92,49352.5951,49352.5951,0,2024-02-14 01:15:00+00:00,49278.5662,STOP_LOSS,2,-38.64,7.3775,7.3466,18.3859,-53.36,-2.148
21,BNBUSDT,LONG,spot,2024-02-19 12:45:00+00:00,352.7663,352.4046,1.2077,2024-02-19 13:00:00+00:00,354.3,2024-02-19 13:15:00+00:00,353.8,2024-02-19 13:30:00+00:00,353.9769,25.530972,9037.37,352.1631,352.1631,0,2024-02-19 13:45:00+00:00,351.6348,STOP_LOSS,1,-59.8,7.2299,7.1821,17.9851,-74.21,-1.602
22,BNBUSDT,LONG,spot,2024-02-19 21:45:00+00:00,352.8161,352.7013,0.8968,2024-02-19 22:00:00+00:00,354.6,2024-02-19 22:30:00+00:00,353.3,2024-02-19 22:45:00+00:00,353.4767,25.731905,9095.63,352.522,352.522,0,2024-02-19 23:15:00+00:00,351.9932,STOP_LOSS,2,-38.17,7.2765,7.246,18.134,-52.7,-2.145
23,BNBUSDT,LONG,spot,2024-02-20 23:15:00+00:00,353.7889,353.6265,1.1083,2024-02-20 23:30:00+00:00,355.9,2024-02-21 01:00:00+00:00,354.4,2024-02-21 01:15:00+00:00,354.5772,25.50491,9043.46,353.4048,353.4048,0,2024-02-21 01:30:00+00:00,352.8747,STOP_LOSS,1,-43.42,7.2348,7.2,18.0218,-57.86,-1.935
24,BNBUSDT,LONG,spot,2024-02-21 04:00:00+00:00,353.9835,353.8814,1.0305,2024-02-21 05:00:00+00:00,355.2,2024-02-21 05:30:00+00:00,354.6,2024-02-21 05:45:00+00:00,354.6772,25.336223,8986.18,353.6753,353.6753,0,2024-02-21 06:00:00+00:00,353.1448,STOP_LOSS,1,-38.83,7.1889,7.1579,17.9141,-53.17,-2.095
25,ETHUSDT,LONG,spot,2024-02-22 05:15:00+00:00,2931.4183,2929.2391,10.5068,2024-02-22 05:30:00+00:00,2938.8,2024-02-22 05:45:00+00:00,2933.8,2024-02-22 06:00:00+00:00,2935.2769,3.043508,8933.54,2927.1377,3005.1407,14,2024-02-22 10:30:00+00:00,3000.633,TRAILING_STOP,18,198.91,7.1468,7.306,18.1654,184.46,7.446
26,BTCUSDT,LONG,spot,2024-02-22 19:15:00+00:00,51572.7272,51541.1634,144.3744,2024-02-22 20:15:00+00:00,51915.19,2024-02-22 21:30:00+00:00,51624.02,2024-02-22 21:45:00+00:00,51649.822,0.176499,9116.15,51512.2885,51512.2885,0,2024-02-22 22:15:00+00:00,51435.0201,STOP_LOSS,2,-37.91,7.2929,7.2626,18.1754,-52.47,-2.161
27,BNBUSDT,LONG,spot,2024-02-25 07:00:00+00:00,380.3793,380.0099,1.1418,2024-02-25 07:30:00+00:00,381.0,2024-02-25 08:00:00+00:00,380.5,2024-02-25 08:15:00+00:00,380.5902,23.816196,9064.21,379.7815,379.7815,0,2024-02-25 08:45:00+00:00,379.2119,STOP_LOSS,2,-32.83,7.2514,7.2251,18.0792,-47.3,-2.456
28,SOLUSDT,LONG,spot,2024-02-25 14:30:00+00:00,102.8867,102.7836,0.4657,2024-02-25 14:45:00+00:00,103.48,2024-02-25 15:30:00+00:00,102.97,2024-02-25 15:45:00+00:00,103.0115,87.537627,9017.38,102.6905,102.6905,0,2024-02-25 16:00:00+00:00,102.5365,STOP_LOSS,1,-41.58,7.2139,7.1806,17.9724,-55.98,-1.992
29,SOLUSDT,LONG,spot,2024-02-28 05:30:00+00:00,108.4768,108.3387,0.4873,2024-02-28 06:15:00+00:00,108.81,2024-02-28 06:45:00+00:00,108.75,2024-02-28 07:00:00+00:00,108.8044,80.380404,8745.74,108.2413,109.5338,3,2024-02-28 08:15:00+00:00,109.3695,TRAILING_STOP,5,45.42,6.9966,7.0329,17.5596,31.39,0.694
30,BTCUSDT,LONG,spot,2024-03-01 16:45:00+00:00,61820.2716,61719.6872,319.7008,2024-03-01 17:30:00+00:00,62036.61,2024-03-01 18:00:00+00:00,62002.08,2024-03-01 18:15:00+00:00,62033.071,0.120372,7467.07,61655.747,62498.2545,9,2024-03-01 21:00:00+00:00,62404.5071,TRAILING_STOP,11,44.71,5.9737,6.0094,15.0012,32.73,0.721
31,SOLUSDT,LONG,spot,2024-03-02 23:00:00+00:00,129.3155,128.9395,0.8166,2024-03-02 23:30:00+00:00,130.03,2024-03-02 23:45:00+00:00,130.02,2024-03-03 00:00:00+00:00,130.095,34.562229,4496.37,128.7761,128.7761,0,2024-03-03 00:45:00+00:00,128.583,STOP_LOSS,3,-52.26,3.5971,3.5553,8.9144,-59.41,-1.303
32,SOLUSDT,LONG,spot,2024-03-03 00:30:00+00:00,129.3595,129.1543,0.9889,2024-03-03 01:00:00+00:00,129.98,2024-03-03 01:15:00+00:00,130.05,2024-03-03 01:30:00+00:00,130.125,38.7569,5043.24,128.9566,128.9566,0,2024-03-03 02:15:00+00:00,128.7631,STOP_LOSS,3,-52.78,4.0346,3.9924,10.0073,-60.81,-1.343
33,SOLUSDT,LONG,spot,2024-03-03 02:00:00+00:00,129.558,129.3054,1.0349,2024-03-03 03:30:00+00:00,130.24,2024-03-03 04:30:00+00:00,130.26,2024-03-03 04:45:00+00:00,130.3251,36.668039,4778.77,129.0984,129.0984,0,2024-03-03 06:00:00+00:00,128.9047,STOP_LOSS,5,-52.08,3.823,3.7813,9.4794,-59.69,-1.327
34,ETHUSDT,LONG,spot,2024-03-03 14:00:00+00:00,3418.3932,3416.0162,11.484,2024-03-03 14:15:00+00:00,3434.34,2024-03-03 14:30:00+00:00,3427.01,2024-03-03 14:45:00+00:00,3428.7235,2.580357,8847.33,3413.7194,3457.1869,7,2024-03-03 18:30:00+00:00,3452.0011,TRAILING_STOP,15,60.06,7.0779,7.1259,17.7848,45.86,1.185
35,SOLUSDT,LONG,spot,2024-03-03 15:00:00+00:00,129.0605,128.7833,0.8495,2024-03-03 16:00:00+00:00,129.62,2024-03-03 16:45:00+00:00,130.32,2024-03-03 17:00:00+00:00,130.3852,25.471624,3321.12,128.6134,131.0095,2,2024-03-04 00:45:00+00:00,130.813,TRAILING_STOP,31,10.9,2.6569,2.6656,6.6586,5.58,0.124
36,SOLUSDT,LONG,spot,2024-03-05 04:00:00+00:00,130.7746,130.6604,1.072,2024-03-05 05:30:00+00:00,131.86,2024-03-05 07:00:00+00:00,130.89,2024-03-05 07:15:00+00:00,130.9554,67.948718,8898.25,130.446,130.446,0,2024-03-05 07:30:00+00:00,130.2503,STOP_LOSS,1,-47.91,7.1186,7.0803,17.7246,-62.11,-1.794
37,SOLUSDT,LONG,spot,2024-03-05 10:15:00+00:00,130.6329,130.4938,0.9108,2024-03-05 10:30:00+00:00,131.57,2024-03-05 11:45:00+00:00,130.68,2024-03-05 12:00:00+00:00,130.7453,67.587614,8836.77,130.3116,131.4136,5,2024-03-05 13:30:00+00:00,131.2165,TRAILING_STOP,6,31.84,7.0694,7.0949,17.7213,17.68,0.603
38,ETHUSDT,LONG,spot,2024-03-09 03:00:00+00:00,3912.0049,3906.4657,12.609,2024-03-09 03:15:00+00:00,3921.96,2024-03-09 05:15:00+00:00,3922.14,2024-03-09 05:30:00+00:00,3924.0911,2.219594,8709.89,3903.9439,3903.9439,0,2024-03-09 10:15:00+00:00,3898.088,STOP_LOSS,19,-57.72,6.9679,6.9217,17.3332,-71.61,-1.601
39,BNBUSDT,LONG,spot,2024-03-11 21:30:00+00:00,520.2257,519.6004,1.9263,2024-03-11 21:45:00+00:00,521.9,2024-03-11 22:30:00+00:00,520.9,2024-03-11 22:45:00+00:00,521.1604,16.853499,8783.38,519.2151,527.6397,8,2024-03-12 03:15:00+00:00,526.8482,TRAILING_STOP,18,95.86,7.0267,7.1034,17.7105,81.73,2.493
40,SOLUSDT,LONG,spot,2024-03-12 23:45:00+00:00,149.0762,148.9532,1.1604,2024-03-13 00:00:00+00:00,150.69,2024-03-13 01:15:00+00:00,149.78,2024-03-13 01:30:00+00:00,149.8549,39.487596,5917.41,148.7211,148.7211,0,2024-03-13 03:30:00+00:00,148.4981,STOP_LOSS,8,-53.58,4.7339,4.6911,11.7545,-63.0,-1.407
41,SOLUSDT,LONG,spot,2024-03-13 03:30:00+00:00,149.5661,149.2715,0.8296,2024-03-13 04:45:00+00:00,150.05,2024-03-13 05:00:00+00:00,149.9,2024-03-13 05:15:00+00:00,149.975,51.13549,7669.04,149.1056,151.2124,7,2024-03-13 07:30:00+00:00,150.9855,TRAILING_STOP,9,51.68,6.1352,6.1766,15.4156,39.37,0.886
42,SOLUSDT,LONG,spot,2024-03-17 02:15:00+00:00,185.3244,184.1292,2.9205,2024-03-17 02:45:00+00:00,187.5,2024-03-17 03:00:00+00:00,185.73,2024-03-17 03:15:00+00:00,185.8129,19.689191,3658.5,183.5451,183.5451,0,2024-03-17 04:45:00+00:00,183.2698,STOP_LOSS,6,-50.07,2.9268,2.8867,7.2419,-55.89,-1.252
43,SOLUSDT,LONG,spot,2024-03-17 05:15:00+00:00,185.3681,185.0462,2.4122,2024-03-17 05:30:00+00:00,186.87,2024-03-17 06:30:00+00:00,186.94,2024-03-17 06:45:00+00:00,187.0335,17.966563,3360.35,184.5638,184.5638,0,2024-03-17 07:00:00+00:00,182.6356,STOP_LOSS,1,-79.01,2.6883,2.6251,6.6022,-84.33,-1.9
44,SOLUSDT,LONG,spot,2024-03-17 08:30:00+00:00,185.1206,184.2394,3.2248,2024-03-17 09:00:00+00:00,187.02,2024-03-17 09:30:00+00:00,185.67,2024-03-17 09:45:00+00:00,185.7628,20.268351,3765.11,183.5944,189.8948,8,2024-03-17 12:30:00+00:00,189.61,TRAILING_STOP,11,77.97,3.0121,3.0745,7.6472,71.89,1.636
45,SOLUSDT,LONG,spot,2024-03-18 20:30:00+00:00,201.6093,200.4556,2.3776,2024-03-18 21:00:00+00:00,202.81,2024-03-18 21:45:00+00:00,201.79,2024-03-18 22:00:00+00:00,201.8909,23.18818,4681.48,199.98,199.98,0,2024-03-18 22:15:00+00:00,199.6801,STOP_LOSS,1,-51.27,3.7452,3.7042,9.2861,-58.71,-1.325
46,BNBUSDT,LONG,spot,2024-03-23 08:30:00+00:00,554.1397,552.7392,3.0547,2024-03-23 09:45:00+00:00,555.8,2024-03-23 10:00:00+00:00,554.3,2024-03-23 10:15:00+00:00,554.6772,15.712055,8715.12,552.1283,553.1892,5,2024-03-23 11:45:00+00:00,552.3594,TRAILING_STOP,6,-36.42,6.9721,6.943,17.3756,-50.33,-1.257
47,BNBUSDT,LONG,spot,2024-03-23 10:45:00+00:00,554.2443,553.2756,3.2613,2024-03-23 11:15:00+00:00,556.6,2024-03-23 11:30:00+00:00,554.9,2024-03-23 11:45:00+00:00,555.0774,15.610958,8665.29,552.6234,561.1171,8,2024-03-23 15:15:00+00:00,560.2754,TRAILING_STOP,14,81.15,6.9322,6.9971,17.4523,67.22,1.755
48,BNBUSDT,LONG,spot,2024-03-24 00:45:00+00:00,558.3352,557.6383,2.8382,2024-03-24 01:00:00+00:00,559.9,2024-03-24 01:15:00+00:00,559.3,2024-03-24 01:30:00+00:00,559.5796,15.604275,8731.83,557.0706,557.0706,0,2024-03-24 01:45:00+00:00,556.235,STOP_LOSS,1,-52.19,6.9855,6.9437,17.3854,-66.12,-1.689
49,SOLUSDT,LONG,spot,2024-03-28 14:30:00+00:00,185.682,185.5046,1.3855,2024-03-28 14:45:00+00:00,188.94,2024-03-28 16:00:00+00:00,185.77,2024-03-28 16:15:00+00:00,185.8729,46.625285,8666.38,185.2275,185.2275,0,2024-03-28 16:45:00+00:00,184.9496,STOP_LOSS,2,-43.05,6.9331,6.8987,17.2682,-56.88,-1.89
50,SOLUSDT,LONG,spot,2024-03-28 19:00:00+00:00,186.0721,185.8494,0.9995,2024-03-28 19:30:00+00:00,186.66,2024-03-28 20:00:00+00:00,186.48,2024-03-28 20:15:00+00:00,186.5832,46.145975,8610.07,185.6495,187.0935,5,2024-03-28 21:45:00+00:00,186.8129,TRAILING_STOP,6,10.6,6.8881,6.8965,17.236,-3.19,-0.074
51,BNBUSDT,LONG,spot,2024-03-28 23:15:00+00:00,583.2635,582.7804,1.61,2024-03-29 00:00:00+00:00,584.1,2024-03-29 00:15:00+00:00,584.2,2024-03-29 00:30:00+00:00,584.5921,14.722931,8606.91,582.4584,582.4584,0,2024-03-29 00:45:00+00:00,581.5264,STOP_LOSS,1,-45.14,6.8855,6.8494,17.1461,-58.87,-1.874
52,ETHUSDT,LONG,spot,2024-03-29 02:45:00+00:00,3564.9071,3561.1872,11.0375,2024-03-29 04:15:00+00:00,3573.05,2024-03-29 05:00:00+00:00,3574.49,2024-03-29 05:15:00+00:00,3576.2772,2.39037,8548.63,3558.9797,3558.9797,0,2024-03-29 05:30:00+00:00,3553.6412,STOP_LOSS,1,-54.11,6.8389,6.7956,17.0161,-67.74,-1.638
53,SOLUSDT,LONG,spot,2024-03-29 14:30:00+00:00,186.5474,186.4258,1.2909,2024-03-29 14:45:00+00:00,188.5,2024-03-29 15:15:00+00:00,187.14,2024-03-29 15:30:00+00:00,187.2336,40.185195,7524.02,186.1676,186.1676,0,2024-03-29 15:45:00+00:00,185.062,STOP_LOSS,1,-87.27,6.0192,5.9494,14.9171,-99.23,-2.317
54,BTCUSDT,LONG,spot,2024-03-30 09:30:00+00:00,69969.5805,69917.7946,127.3017,2024-03-30 10:30:00+00:00,70040.0,2024-03-30 10:45:00+00:00,70042.19,2024-03-30 11:00:00+00:00,70077.2111,0.11963,8383.32,69892.3343,70092.2204,2,2024-03-30 13:30:00+00:00,69987.082,TRAILING_STOP,10,-10.78,6.7067,6.698,16.7505,-24.19,-1.094
55,BNBUSDT,LONG,spot,2024-03-31 02:45:00+00:00,605.2185,604.9546,1.8512,2024-03-31 03:00:00+00:00,607.4,2024-03-31 04:15:00+00:00,606.6,2024-03-31 04:30:00+00:00,606.9033,13.773817,8359.37,604.5843,604.5843,0,2024-03-31 04:45:00+00:00,603.6775,STOP_LOSS,1,-44.43,6.6875,6.652,16.6521,-57.77,-1.809
56,BNBUSDT,LONG,spot,2024-03-31 05:00:00+00:00,605.9639,605.483,2.0125,2024-03-31 05:45:00+00:00,607.6,2024-03-31 06:15:00+00:00,606.4,2024-03-31 06:30:00+00:00,606.7032,13.68409,8302.18,605.0805,605.0805,0,2024-03-31 06:45:00+00:00,604.0925,STOP_LOSS,1,-35.73,6.6417,6.6132,16.5508,-48.98,-2.206
57,BNBUSDT,LONG,spot,2024-03-31 07:00:00+00:00,605.8021,605.5231,1.9179,2024-03-31 07:45:00+00:00,606.9,2024-03-31 08:00:00+00:00,606.8,2024-03-31 08:15:00+00:00,607.1034,13.595198,8253.69,605.1395,605.1395,0,2024-03-31 08:30:00+00:00,604.2318,STOP_LOSS,1,-39.04,6.603,6.5717,16.4488,-52.21,-1.956
58,BNBUSDT,LONG,spot,2024-04-05 18:15:00+00:00,580.9171,580.1968,2.2869,2024-04-05 19:15:00+00:00,583.3,2024-04-05 20:30:00+00:00,581.1,2024-04-05 20:45:00+00:00,581.3905,14.107554,8202.0,579.7394,579.8483,1,2024-04-05 22:15:00+00:00,578.9785,TRAILING_STOP,6,-34.03,6.5616,6.5344,16.353,-47.12,-2.023
59,SOLUSDT,LONG,spot,2024-04-08 20:30:00+00:00,180.4356,180.1184,0.8166,2024-04-08 21:30:00+00:00,181.0,2024-04-08 22:30:00+00:00,180.68,2024-04-08 22:45:00+00:00,180.7803,45.111909,8155.35,179.9551,179.9551,0,2024-04-09 00:15:00+00:00,179.6852,STOP_LOSS,6,-49.4,6.5243,6.4848,16.2366,-62.41,-1.677
60,BNBUSDT,LONG,spot,2024-04-11 14:15:00+00:00,602.2303,600.5973,4.0589,2024-04-11 15:00:00+00:00,605.4,2024-04-11 15:45:00+00:00,602.8,2024-04-11 16:00:00+00:00,603.0014,12.710995,7664.75,599.7855,599.7855,0,2024-04-11 16:15:00+00:00,598.8858,STOP_LOSS,1,-52.31,6.1318,6.0899,15.251,-64.53,-1.579
61,SOLUSDT,LONG,spot,2024-04-11 15:15:00+00:00,172.6732,172.4423,1.6182,2024-04-11 16:00:00+00:00,174.24,2024-04-11 16:15:00+00:00,172.71,2024-04-11 16:30:00+00:00,172.7964,46.468969,8029.67,172.1187,174.3313,13,2024-04-11 21:00:00+00:00,174.0699,TRAILING_STOP,18,59.18,6.4237,6.4711,16.1481,46.28,1.47
62,BNBUSDT,LONG,spot,2024-04-11 16:30:00+00:00,602.2075,600.9618,3.2543,2024-04-11 18:00:00+00:00,604.3,2024-04-11 18:30:00+00:00,603.4,2024-04-11 18:45:00+00:00,603.8017,11.749467,7094.35,600.3109,604.1281,1,2024-04-11 21:00:00+00:00,603.2219,TRAILING_STOP,9,-6.81,5.6755,5.67,14.1785,-18.16,-0.443
63,SOLUSDT,LONG,spot,2024-04-12 02:15:00+00:00,173.2872,173.0886,0.8139,2024-04-12 03:00:00+00:00,173.72,2024-04-12 04:00:00+00:00,173.75,2024-04-12 04:15:00+00:00,173.8369,44.667892,7764.93,172.9258,174.3551,5,2024-04-12 06:15:00+00:00,174.0936,TRAILING_STOP,8,11.47,6.2119,6.2211,15.5471,-0.97,-0.024
64,ETHUSDT,LONG,spot,2024-04-18 12:00:00+00:00,3014.7025,3006.242,16.9688,2024-04-18 12:30:00+00:00,3025.2,2024-04-18 12:45:00+00:00,3024.98,2024-04-18 13:00:00+00:00,3026.5025,1.720188,5206.15,3002.8483,3056.4869,10,2024-04-18 17:00:00+00:00,3051.9021,TRAILING_STOP,16,43.69,4.1649,4.1999,10.4778,35.33,0.868
65,SOLUSDT,LONG,spot,2024-04-19 04:00:00+00:00,136.9994,136.0331,2.4042,2024-04-19 04:30:00+00:00,139.32,2024-04-19 05:30:00+00:00,138.49,2024-04-19 05:45:00+00:00,138.5492,13.636016,1889.26,135.5523,142.7319,7,2024-04-19 08:30:00+00:00,142.5178,TRAILING_STOP,11,54.12,1.5114,1.5547,3.8597,51.05,1.249
66,SOLUSDT,LONG,spot,2024-04-20 05:00:00+00:00,143.0871,142.5054,1.2378,2024-04-20 05:15:00+00:00,144.19,2024-04-20 05:30:00+00:00,143.9,2024-04-20 05:45:00+00:00,143.9619,24.13082,3473.92,142.2578,142.2578,0,2024-04-20 08:00:00+00:00,142.0444,STOP_LOSS,9,-46.27,2.7791,2.7421,6.8784,-51.79,-1.259
68,ETHUSDT,LONG,spot,2024-04-20 14:00:00+00:00,3058.2705,3055.3023,8.3263,2024-04-20 14:45:00+00:00,3065.94,2024-04-20 15:00:00+00:00,3060.54,2024-04-20 15:15:00+00:00,3062.0803,2.640162,8084.39,3053.6371,3089.1325,2,2024-04-20 16:00:00+00:00,3084.4988,TRAILING_STOP,3,59.19,6.4675,6.5149,16.2576,46.21,2.073
67,SOLUSDT,LONG,spot,2024-04-20 13:15:00+00:00,142.4466,142.0793,0.8687,2024-04-20 13:30:00+00:00,142.93,2024-04-20 13:45:00+00:00,142.53,2024-04-20 14:00:00+00:00,142.6013,56.73719,8090.8,141.9055,150.333,22,2024-04-20 21:45:00+00:00,150.1075,TRAILING_STOP,31,425.88,6.4726,6.8133,16.8204,412.6,10.453
69,SOLUSDT,LONG,spot,2024-04-21 21:30:00+00:00,149.3677,149.0348,1.0076,2024-04-21 22:00:00+00:00,150.29,2024-04-21 22:15:00+00:00,149.57,2024-04-21 22:30:00+00:00,149.6448,53.179227,7957.99,148.8333,148.8333,0,2024-04-21 23:00:00+00:00,148.61,STOP_LOSS,2,-55.03,6.3664,6.3224,15.8334,-67.72,-1.569
70,BTCUSDT,LONG,spot,2024-04-23 14:15:00+00:00,66313.582,66254.0978,258.7708,2024-04-23 14:30:00+00:00,66647.91,2024-04-23 15:45:00+00:00,66419.56,2024-04-23 16:00:00+00:00,66452.7698,0.127579,8477.97,66202.3437,66563.577,10,2024-04-23 19:15:00+00:00,66463.7316,TRAILING_STOP,13,1.4,6.7824,6.7835,16.958,-12.17,-0.381
71,SOLUSDT,LONG,spot,2024-04-24 00:45:00+00:00,156.3671,155.9616,0.9045,2024-04-24 01:00:00+00:00,157.11,2024-04-24 02:15:00+00:00,156.38,2024-04-24 02:30:00+00:00,156.4582,54.109806,8465.92,155.7807,155.7807,0,2024-04-24 02:45:00+00:00,155.547,STOP_LOSS,1,-49.3,6.7727,6.7333,16.8579,-62.81,-1.713
72,BTCUSDT,LONG,spot,2024-04-24 00:15:00+00:00,66448.6872,66393.2963,161.1721,2024-04-24 00:30:00+00:00,66719.99,2024-04-24 02:30:00+00:00,66639.44,2024-04-24 02:45:00+00:00,66672.7597,0.126045,8403.74,66361.0619,66758.368,1,2024-04-24 05:30:00+00:00,66658.2304,TRAILING_STOP,11,-1.83,6.723,6.7215,16.8047,-15.28,-0.389
73,SOLUSDT,LONG,spot,2024-04-24 03:15:00+00:00,156.6124,156.16,0.9994,2024-04-24 03:30:00+00:00,157.14,2024-04-24 03:45:00+00:00,156.73,2024-04-24 04:00:00+00:00,156.7984,50.609081,7935.42,155.9601,157.5728,5,2024-04-24 06:15:00+00:00,157.3365,TRAILING_STOP,9,27.23,6.3483,6.3701,15.9117,14.52,0.342
74,BNBUSDT,LONG,spot,2024-04-24 21:00:00+00:00,605.2688,604.0633,3.8577,2024-04-24 21:45:00+00:00,609.0,2024-04-24 22:30:00+00:00,606.5,2024-04-24 22:45:00+00:00,606.8032,12.085855,7333.74,603.2918,603.2918,0,2024-04-24 23:00:00+00:00,602.3868,STOP_LOSS,1,-53.38,5.867,5.8243,14.5874,-65.07,-1.533
75,BNBUSDT,LONG,spot,2024-04-24 23:15:00+00:00,605.7863,605.3862,3.3768,2024-04-24 23:30:00+00:00,608.7,2024-04-25 00:15:00+00:00,606.4,2024-04-25 00:30:00+00:00,606.7032,13.744072,8338.57,604.7109,604.7109,0,2024-04-25 01:45:00+00:00,603.8038,STOP_LOSS,5,-39.85,6.6709,6.639,16.6174,-53.16,-1.941
76,BNBUSDT,LONG,spot,2024-04-25 01:00:00+00:00,606.5741,605.8052,2.5128,2024-04-25 02:15:00+00:00,608.6,2024-04-25 02:30:00+00:00,607.2,2024-04-25 02:45:00+00:00,607.4035,13.641581,8285.94,605.3027,605.3027,0,2024-04-25 03:00:00+00:00,604.3947,STOP_LOSS,1,-41.05,6.6288,6.5959,16.5103,-54.27,-1.894
77,BNBUSDT,LONG,spot,2024-04-25 05:30:00+00:00,606.0936,605.8574,2.6678,2024-04-25 06:00:00+00:00,607.7,2024-04-25 06:30:00+00:00,607.1,2024-04-25 06:45:00+00:00,607.5036,13.550895,8232.22,605.3238,605.3238,0,2024-04-25 07:30:00+00:00,604.4159,STOP_LOSS,3,-41.84,6.5858,6.5523,16.4017,-54.98,-1.861
78,BNBUSDT,LONG,spot,2024-04-25 07:15:00+00:00,606.9297,606.1026,2.0681,2024-04-25 07:45:00+00:00,608.4,2024-04-25 08:00:00+00:00,607.7,2024-04-25 08:15:00+00:00,608.1039,13.44801,8177.79,605.689,608.432,3,2024-04-25 10:00:00+00:00,607.5194,TRAILING_STOP,7,-7.86,6.5422,6.5359,16.3438,-20.94,-0.645
79,BNBUSDT,LONG,spot,2024-04-25 08:45:00+00:00,607.3654,606.2982,2.6084,2024-04-25 09:00:00+00:00,611.9,2024-04-25 10:00:00+00:00,609.3,2024-04-25 10:15:00+00:00,609.7047,10.487583,6394.33,605.7765,605.7765,0,2024-04-25 10:30:00+00:00,604.8678,STOP_LOSS,1,-50.73,5.1155,5.0749,12.7126,-60.92,-1.479
80,SOLUSDT,LONG,spot,2024-05-05 07:45:00+00:00,145.3394,145.1235,0.6639,2024-05-05 08:15:00+00:00,146.2,2024-05-05 09:15:00+00:00,145.41,2024-05-05 09:30:00+00:00,145.4827,55.654381,8096.75,144.9907,145.7354,8,2024-05-05 13:00:00+00:00,145.5168,TRAILING_STOP,14,1.9,6.4774,6.4789,16.1963,-11.06,-0.404
81,BNBUSDT,LONG,spot,2024-05-07 14:30:00+00:00,591.7221,590.8929,2.4278,2024-05-07 14:45:00+00:00,594.5,2024-05-07 15:30:00+00:00,594.4,2024-05-07 15:45:00+00:00,594.7972,9.302495,5533.1,590.4073,590.4073,0,2024-05-07 18:15:00+00:00,589.5217,STOP_LOSS,10,-49.08,4.4265,4.3872,10.9926,-57.89,-1.418
82,BNBUSDT,LONG,spot,2024-05-08 20:00:00+00:00,585.6427,584.5585,2.5568,2024-05-08 21:15:00+00:00,588.1,2024-05-08 22:00:00+00:00,587.1,2024-05-08 22:15:00+00:00,587.3936,12.116813,7117.34,584.0471,586.7392,3,2024-05-09 01:15:00+00:00,585.8591,TRAILING_STOP,12,-18.59,5.6939,5.679,14.2068,-29.97,-0.739
83,ETHUSDT,LONG,spot,2024-05-09 16:00:00+00:00,2993.4287,2988.8168,15.2217,2024-05-09 16:15:00+00:00,3017.82,2024-05-09 16:45:00+00:00,2994.61,2024-05-09 17:00:00+00:00,2996.1073,2.669739,7998.82,2985.7725,3038.5282,18,2024-05-09 23:00:00+00:00,3033.9704,TRAILING_STOP,24,101.08,6.3991,6.4799,16.1493,88.21,3.197
84,BNBUSDT,LONG,spot,2024-05-10 06:45:00+00:00,594.7081,594.2783,1.2703,2024-05-10 07:15:00+00:00,596.1,2024-05-10 08:15:00+00:00,595.3,2024-05-10 08:30:00+00:00,595.5976,13.576527,8086.15,594.0242,594.0242,0,2024-05-10 08:45:00+00:00,593.1332,STOP_LOSS,1,-33.46,6.4689,6.4422,16.1221,-46.37,-2.171
85,BTCUSDT,LONG,spot,2024-05-17 03:30:00+00:00,65432.2398,65386.3589,196.2312,2024-05-17 03:45:00+00:00,65584.53,2024-05-17 04:30:00+00:00,65490.89,2024-05-17 04:45:00+00:00,65523.6454,0.122707,8040.24,65347.1126,66091.8715,6,2024-05-17 07:45:00+00:00,65992.7337,TRAILING_STOP,12,57.56,6.4322,6.4782,16.1668,44.65,2.061
86,BTCUSDT,LONG,spot,2024-05-20 07:45:00+00:00,66804.4193,66708.4726,201.4036,2024-05-20 08:00:00+00:00,66910.0,2024-05-20 08:30:00+00:00,66845.2,2024-05-20 08:45:00+00:00,66878.6126,0.120882,8084.44,66668.1919,67019.4738,6,2024-05-20 11:45:00+00:00,66918.9446,TRAILING_STOP,12,4.88,6.4676,6.4715,16.1762,-8.06,-0.317
87,SOLUSDT,LONG,spot,2024-05-22 06:15:00+00:00,178.8012,178.3977,1.5347,2024-05-22 06:30:00+00:00,182.04,2024-05-22 08:00:00+00:00,179.41,2024-05-22 08:15:00+00:00,179.4897,29.158391,5233.63,178.0908,179.3227,6,2024-05-22 11:45:00+00:00,179.0537,TRAILING_STOP,14,-12.71,4.1869,4.1767,10.4482,-21.08,-0.517
88,BTCUSDT,LONG,spot,2024-05-22 09:00:00+00:00,69948.9407,69881.9132,178.1472,2024-05-22 10:15:00+00:00,70108.98,2024-05-22 11:30:00+00:00,70008.16,2024-05-22 11:45:00+00:00,70043.1541,0.115009,8055.6,69846.2838,69846.2838,0,2024-05-22 12:00:00+00:00,69631.5358,STOP_LOSS,1,-47.34,6.4445,6.4066,16.0402,-60.19,-2.658
89,BTCUSDT,LONG,spot,2024-05-22 14:30:00+00:00,69920.8444,69804.1034,284.9731,2024-05-22 14:45:00+00:00,70114.63,2024-05-22 15:00:00+00:00,69972.64,2024-05-22 15:15:00+00:00,70007.6163,0.114216,7996.01,69747.1088,70114.8753,7,2024-05-22 17:30:00+00:00,70009.703,TRAILING_STOP,9,0.24,6.3968,6.397,15.9924,-12.56,-0.422
90,ETHUSDT,LONG,spot,2024-05-22 15:45:00+00:00,3734.8526,3721.5783,27.2866,2024-05-22 16:00:00+00:00,3774.49,2024-05-22 17:30:00+00:00,3738.18,2024-05-22 17:45:00+00:00,3740.0391,1.685796,6304.94,3716.121,3716.121,0,2024-05-22 18:00:00+00:00,3710.5468,STOP_LOSS,1,-49.72,5.044,5.0042,12.5353,-59.77,-1.482
91,ETHUSDT,LONG,spot,2024-05-22 18:45:00+00:00,3738.2264,3726.5445,25.369,2024-05-22 20:00:00+00:00,3751.83,2024-05-22 20:30:00+00:00,3742.77,2024-05-22 20:45:00+00:00,3744.6514,1.726532,6465.26,3721.4707,3738.2554,5,2024-05-22 23:00:00+00:00,3732.648,TRAILING_STOP,9,-20.72,5.1722,5.1556,12.8994,-31.05,-0.776
92,ETHUSDT,LONG,spot,2024-05-22 21:30:00+00:00,3740.3373,3729.5039,23.3421,2024-05-22 21:45:00+00:00,3774.5,2024-05-22 22:45:00+00:00,3744.95,2024-05-22 23:00:00+00:00,3746.8225,1.813206,6793.76,3724.8354,3740.2572,2,2024-05-23 01:00:00+00:00,3734.6469,TRAILING_STOP,8,-22.08,5.435,5.4173,13.5544,-32.93,-0.826
93,BNBUSDT,LONG,spot,2024-05-23 03:45:00+00:00,615.6003,615.0372,1.4927,2024-05-23 05:00:00+00:00,616.8,2024-05-23 05:15:00+00:00,616.0,2024-05-23 05:30:00+00:00,616.308,12.755095,7861.07,614.7386,614.7386,0,2024-05-23 05:45:00+00:00,613.8165,STOP_LOSS,1,-31.78,6.2889,6.2634,15.6745,-44.33,-2.215
94,BTCUSDT,LONG,spot,2024-05-23 10:00:00+00:00,69644.6434,69583.3262,145.1471,2024-05-23 10:15:00+00:00,69739.22,2024-05-23 10:30:00+00:00,69742.09,2024-05-23 10:45:00+00:00,69776.961,0.112031,7817.18,69554.2968,69554.2968,0,2024-05-23 11:00:00+00:00,69432.9142,STOP_LOSS,1,-38.54,6.2537,6.2229,15.5765,-51.02,-2.045
95,ETHUSDT,LONG,spot,2024-05-23 21:00:00+00:00,3790.0096,3774.8163,78.6121,2024-05-23 21:30:00+00:00,3831.98,2024-05-23 22:15:00+00:00,3806.6,2024-05-23 22:30:00+00:00,3808.5033,0.793889,3023.53,3759.0939,3759.0939,0,2024-05-23 23:30:00+00:00,3753.4552,STOP_LOSS,4,-43.7,2.4188,2.3839,5.9815,-48.5,-1.237
96,SOLUSDT,LONG,spot,2024-05-23 22:15:00+00:00,175.2322,174.1583,3.1135,2024-05-23 22:30:00+00:00,176.96,2024-05-23 23:00:00+00:00,175.25,2024-05-23 23:15:00+00:00,175.3376,21.678292,3801.02,173.5356,173.5356,0,2024-05-24 01:00:00+00:00,173.2753,STOP_LOSS,7,-44.71,3.0408,3.0051,7.535,-50.75,-1.299
97,ETHUSDT,LONG,spot,2024-05-24 01:15:00+00:00,3792.762,3788.2181,32.4716,2024-05-24 01:30:00+00:00,3816.99,2024-05-24 02:30:00+00:00,3797.59,2024-05-24 02:45:00+00:00,3799.4888,2.018272,7668.4,3781.7238,3797.7793,8,2024-05-24 05:15:00+00:00,3792.0827,TRAILING_STOP,10,-14.95,6.1347,6.1228,15.3144,-27.21,-0.759
98,ETHUSDT,LONG,spot,2024-05-26 03:30:00+00:00,3746.6889,3745.1902,9.1348,2024-05-26 03:45:00+00:00,3771.59,2024-05-26 04:30:00+00:00,3753.67,2024-05-26 04:45:00+00:00,3755.5568,2.03471,7641.47,3743.3632,3743.3632,0,2024-05-26 05:00:00+00:00,3737.7482,STOP_LOSS,1,-36.24,6.1132,6.0842,15.2286,-48.43,-1.952
99,BNBUSDT,LONG,spot,2024-05-26 04:15:00+00:00,601.7885,601.6812,1.0469,2024-05-26 04:30:00+00:00,602.7,2024-05-26 04:45:00+00:00,602.7,2024-05-26 05:00:00+00:00,603.0014,12.592876,7593.52,601.4718,603.0716,2,2024-05-26 08:30:00+00:00,602.167,TRAILING_STOP,14,-10.51,6.0748,6.0664,15.1713,-22.65,-1.176
100,BNBUSDT,LONG,spot,2024-05-29 03:00:00+00:00,602.1033,601.5603,1.1333,2024-05-29 04:30:00+00:00,602.8,2024-05-29 04:45:00+00:00,602.7,2024-05-29 05:00:00+00:00,603.0014,12.555693,7571.1,601.3336,601.3336,0,2024-05-29 07:00:00+00:00,600.4316,STOP_LOSS,8,-32.26,6.0569,6.0311,15.0938,-44.35,-2.118
101,ETHUSDT,LONG,spot,2024-05-29 04:45:00+00:00,3858.0723,3853.1194,14.8786,2024-05-29 05:15:00+00:00,3868.96,2024-05-29 06:45:00+00:00,3858.24,2024-05-29 07:00:00+00:00,3860.1691,1.949964,7527.19,3850.1437,3850.1437,0,2024-05-29 07:15:00+00:00,3842.1681,STOP_LOSS,1,-35.1,6.0218,5.9937,15.0017,-47.12,-2.41
102,SOLUSDT,LONG,spot,2024-05-29 15:15:00+00:00,169.4112,168.9816,1.1649,2024-05-29 16:30:00+00:00,170.04,2024-05-29 17:45:00+00:00,170.33,2024-05-29 18:00:00+00:00,170.4252,22.534814,3840.5,168.7486,168.7486,0,2024-05-29 18:45:00+00:00,168.4955,STOP_LOSS,3,-43.48,3.0724,3.0376,7.6158,-49.59,-1.313
103,SOLUSDT,LONG,spot,2024-05-30 02:45:00+00:00,169.3033,169.1845,0.8272,2024-05-30 03:15:00+00:00,169.77,2024-05-30 04:00:00+00:00,169.54,2024-05-30 04:15:00+00:00,169.6348,43.808508,7431.45,169.019,169.3911,2,2024-05-30 05:00:00+00:00,169.1371,TRAILING_STOP,3,-21.8,5.9452,5.9277,14.8302,-33.68,-1.248
104,BNBUSDT,LONG,spot,2024-05-31 12:30:00+00:00,594.6631,594.2248,1.4733,2024-05-31 12:45:00+00:00,597.4,2024-05-31 13:30:00+00:00,596.3,2024-05-31 13:45:00+00:00,596.5981,12.400484,7398.11,593.9302,593.9302,0,2024-05-31 14:00:00+00:00,593.0393,STOP_LOSS,1,-44.13,5.9185,5.8832,14.73,-55.93,-1.691
105,SOLUSDT,LONG,spot,2024-06-01 03:00:00+00:00,166.8032,166.6106,0.5038,2024-06-01 03:15:00+00:00,167.14,2024-06-01 04:00:00+00:00,166.94,2024-06-01 04:15:00+00:00,167.0235,43.962276,7342.73,166.5098,166.5098,0,2024-06-01 07:30:00+00:00,166.26,STOP_LOSS,13,-33.56,5.8742,5.8473,14.6351,-45.28,-2.005
106,BNBUSDT,LONG,spot,2024-06-02 12:45:00+00:00,600.4851,599.8836,1.5138,2024-06-02 14:15:00+00:00,601.5,2024-06-02 14:45:00+00:00,601.6,2024-06-02 15:00:00+00:00,601.9008,12.124757,7297.9,599.5809,599.5809,0,2024-06-02 16:30:00+00:00,598.6815,STOP_LOSS,6,-39.03,5.8383,5.8071,14.5373,-50.68,-1.802
107,SOLUSDT,LONG,spot,2024-06-04 11:00:00+00:00,165.4995,165.3538,0.4332,2024-06-04 12:15:00+00:00,165.88,2024-06-04 12:30:00+00:00,165.75,2024-06-04 12:45:00+00:00,165.8329,43.705018,7247.73,165.2672,166.0862,4,2024-06-04 14:45:00+00:00,165.8371,TRAILING_STOP,8,0.18,5.7982,5.7983,14.4957,-11.41,-0.462
108,SOLUSDT,LONG,spot,2024-06-04 13:15:00+00:00,165.5675,165.458,0.4946,2024-06-04 13:30:00+00:00,166.22,2024-06-04 15:00:00+00:00,166.09,2024-06-04 15:15:00+00:00,166.183,43.544937,7236.43,165.359,168.89,13,2024-06-04 19:15:00+00:00,168.6367,TRAILING_STOP,16,106.84,5.7891,5.8746,14.6331,95.18,2.653
109,ETHUSDT,LONG,spot,2024-06-05 06:30:00+00:00,3803.1717,3798.286,9.9353,2024-06-05 06:45:00+00:00,3814.66,2024-06-05 07:45:00+00:00,3809.58,2024-06-05 08:00:00+00:00,3811.4748,1.923313,7330.66,3796.2989,3796.2989,0,2024-06-05 09:30:00+00:00,3790.6045,STOP_LOSS,6,-40.14,5.8645,5.8324,14.6011,-51.84,-1.776
110,ETHUSDT,LONG,spot,2024-06-05 10:30:00+00:00,3802.8996,3799.6329,7.9097,2024-06-05 12:00:00+00:00,3813.48,2024-06-05 12:15:00+00:00,3807.5,2024-06-05 12:30:00+00:00,3809.4037,1.910887,7279.34,3798.051,3805.8813,3,2024-06-05 13:30:00+00:00,3800.1725,TRAILING_STOP,4,-17.64,5.8235,5.8094,14.5322,-29.27,-1.349
111,BTCUSDT,LONG,spot,2024-06-06 11:45:00+00:00,71011.7091,70966.5823,124.4594,2024-06-06 12:00:00+00:00,71173.59,2024-06-06 13:00:00+00:00,71112.32,2024-06-06 13:15:00+00:00,71147.8662,0.101905,7250.36,70941.6904,71111.4727,1,2024-06-06 14:00:00+00:00,71004.8055,TRAILING_STOP,3,-14.58,5.8003,5.7886,14.4788,-26.17,-1.245
112,BNBUSDT,LONG,spot,2024-06-07 12:30:00+00:00,704.1312,703.3857,2.9608,2024-06-07 12:45:00+00:00,707.6,2024-06-07 13:30:00+00:00,704.8,2024-06-07 13:45:00+00:00,705.2524,10.243782,7224.45,702.7936,702.7936,0,2024-06-07 14:30:00+00:00,701.7394,STOP_LOSS,3,-35.99,5.7796,5.7508,14.3949,-47.52,-1.886
113,BTCUSDT,LONG,spot,2024-06-17 18:30:00+00:00,66146.6916,66038.9946,369.265,2024-06-17 18:45:00+00:00,67101.48,2024-06-17 20:00:00+00:00,66234.49,2024-06-17 20:15:00+00:00,66267.6172,0.108309,7177.41,65965.1416,66356.0782,14,2024-06-18 00:15:00+00:00,66256.5441,TRAILING_STOP,16,-1.2,5.7419,5.741,14.353,-12.68,-0.387
114,SOLUSDT,LONG,spot,2024-06-23 00:30:00+00:00,134.2419,134.1373,0.4161,2024-06-23 00:45:00+00:00,134.61,2024-06-23 01:15:00+00:00,134.44,2024-06-23 01:30:00+00:00,134.5072,53.267437,7164.85,134.0541,134.4257,10,2024-06-23 05:15:00+00:00,134.2241,TRAILING_STOP,15,-15.08,5.7319,5.7198,14.3071,-26.53,-1.099
115,ETHUSDT,LONG,spot,2024-06-26 20:30:00+00:00,3379.0462,3374.5667,16.6046,2024-06-26 20:45:00+00:00,3391.59,2024-06-26 22:30:00+00:00,3379.8,2024-06-26 22:45:00+00:00,3381.4899,2.111077,7138.59,3371.2458,3371.2458,0,2024-06-26 23:15:00+00:00,3366.1889,STOP_LOSS,2,-32.3,5.7109,5.685,14.2287,-43.7,-2.021
116,SOLUSDT,LONG,spot,2024-06-26 20:15:00+00:00,136.7171,136.4547,0.917,2024-06-26 21:30:00+00:00,137.19,2024-06-26 23:15:00+00:00,136.94,2024-06-26 23:30:00+00:00,136.9985,49.280415,6751.34,136.2713,136.2713,0,2024-06-27 00:00:00+00:00,136.0669,STOP_LOSS,2,-45.91,5.4011,5.3643,13.4338,-56.67,-1.582
117,SOLUSDT,LONG,spot,2024-07-08 18:45:00+00:00,137.5919,137.0322,1.3284,2024-07-08 19:45:00+00:00,138.29,2024-07-08 20:15:00+00:00,138.62,2024-07-08 20:30:00+00:00,138.6993,18.39406,2551.24,136.7665,139.1716,9,2024-07-08 23:30:00+00:00,138.9628,TRAILING_STOP,12,4.85,2.041,2.0449,5.1098,0.76,0.021
118,BNBUSDT,LONG,spot,2024-07-08 19:15:00+00:00,505.5239,504.6637,3.0178,2024-07-08 19:45:00+00:00,507.4,2024-07-08 20:15:00+00:00,508.2,2024-07-08 20:30:00+00:00,508.5541,7.910859,4023.1,504.0601,510.2376,2,2024-07-09 01:30:00+00:00,509.4347,TRAILING_STOP,20,6.97,3.2185,3.2241,8.0566,0.52,0.015
119,BNBUSDT,LONG,spot,2024-07-13 23:45:00+00:00,531.7745,531.0947,1.865,2024-07-14 00:00:00+00:00,533.5,2024-07-14 00:30:00+00:00,533.2,2024-07-14 00:45:00+00:00,533.3665,13.200098,7040.49,530.7217,533.5697,3,2024-07-14 02:15:00+00:00,532.7693,TRAILING_STOP,6,-7.88,5.6324,5.6261,14.0692,-19.14,-0.548
120,BNBUSDT,LONG,spot,2024-07-14 01:15:00+00:00,532.4125,532.0159,2.1142,2024-07-14 01:30:00+00:00,537.4,2024-07-14 02:30:00+00:00,533.1,2024-07-14 02:45:00+00:00,533.3665,13.164568,7021.54,531.5931,535.3085,6,2024-07-14 05:15:00+00:00,534.5055,TRAILING_STOP,10,14.99,5.6172,5.6292,14.0656,3.75,0.161
121,BNBUSDT,LONG,spot,2024-07-14 15:15:00+00:00,535.4134,534.7613,1.8241,2024-07-14 16:00:00+00:00,536.7,2024-07-14 17:15:00+00:00,536.2,2024-07-14 17:30:00+00:00,536.4681,13.095374,7025.25,534.3965,537.8345,1,2024-07-14 20:45:00+00:00,537.0278,TRAILING_STOP,13,7.33,5.6202,5.6261,14.0615,-3.92,-0.144
122,BTCUSDT,LONG,spot,2024-07-18 03:30:00+00:00,64628.2475,64568.0975,225.7931,2024-07-18 03:45:00+00:00,64865.08,2024-07-18 04:30:00+00:00,64707.93,2024-07-18 04:45:00+00:00,64740.284,0.108454,7021.37,64522.9389,64522.9389,0,2024-07-18 05:00:00+00:00,64426.1545,STOP_LOSS,1,-34.07,5.6171,5.5898,13.9916,-45.28,-1.921
124,BTCUSDT,LONG,spot,2024-07-18 08:30:00+00:00,64748.3238,64673.3731,161.7621,2024-07-18 08:45:00+00:00,64936.9,2024-07-18 09:15:00+00:00,64894.28,2024-07-18 09:30:00+00:00,64926.7171,0.107393,6972.67,64641.0206,64641.0206,0,2024-07-18 10:15:00+00:00,64544.0591,STOP_LOSS,3,-41.09,5.5781,5.5453,13.8837,-52.22,-1.702
125,BTCUSDT,LONG,spot,2024-07-18 10:45:00+00:00,64723.6731,64683.237,151.0686,2024-07-18 12:00:00+00:00,64857.54,2024-07-18 12:30:00+00:00,64832.02,2024-07-18 12:45:00+00:00,64864.436,0.106699,6920.97,64653.0233,64758.0674,1,2024-07-18 13:30:00+00:00,64660.9303,TRAILING_STOP,3,-21.71,5.5368,5.5194,13.8094,-32.77,-1.453
123,SOLUSDT,LONG,spot,2024-07-18 06:00:00+00:00,158.3813,158.0608,0.8727,2024-07-18 06:15:00+00:00,159.29,2024-07-18 08:15:00+00:00,158.95,2024-07-18 08:30:00+00:00,159.0295,30.821336,4901.5,157.8863,160.0814,5,2024-07-18 14:15:00+00:00,159.8413,TRAILING_STOP,23,25.02,3.9212,3.9412,9.8405,17.16,0.487
126,BNBUSDT,LONG,spot,2024-07-19 04:00:00+00:00,571.2063,570.6096,1.8383,2024-07-19 04:30:00+00:00,572.5,2024-07-19 05:00:00+00:00,572.1,2024-07-19 05:15:00+00:00,572.4861,12.069113,6909.4,570.242,572.0064,2,2024-07-19 07:00:00+00:00,571.1484,TRAILING_STOP,7,-16.14,5.5275,5.5146,13.7946,-27.19,-1.004
127,BTCUSDT,LONG,spot,2024-07-19 12:30:00+00:00,64057.5622,63990.5579,169.9497,2024-07-19 12:45:00+00:00,64414.0,2024-07-19 13:30:00+00:00,64631.95,2024-07-19 13:45:00+00:00,64664.266,0.049117,3176.12,63956.5679,66894.7037,24,2024-07-19 21:00:00+00:00,66794.3616,TRAILING_STOP,29,104.62,2.5409,2.6246,6.5092,99.46,2.861
128,ETHUSDT,LONG,spot,2024-07-21 13:15:00+00:00,3500.2674,3497.6737,5.8061,2024-07-21 14:15:00+00:00,3508.33,2024-07-21 15:15:00+00:00,3505.83,2024-07-21 15:30:00+00:00,3507.5929,1.990239,6980.95,3496.5125,3496.5125,0,2024-07-21 15:45:00+00:00,3491.2677,STOP_LOSS,1,-32.49,5.5848,5.5588,13.9132,-43.63,-1.979
129,BTCUSDT,LONG,spot,2024-07-23 01:30:00+00:00,67527.6991,67486.8016,211.2296,2024-07-23 02:30:00+00:00,67651.51,2024-07-23 02:45:00+00:00,67647.65,2024-07-23 03:00:00+00:00,67681.4738,0.102506,6937.75,67444.5557,67444.5557,0,2024-07-23 03:45:00+00:00,67343.3888,STOP_LOSS,3,-34.66,5.5502,5.5225,13.8235,-45.73,-1.883
130,SOLUSDT,LONG,spot,2024-07-28 17:45:00+00:00,184.4129,184.1263,0.8445,2024-07-28 18:15:00+00:00,185.35,2024-07-28 19:30:00+00:00,184.53,2024-07-28 19:45:00+00:00,184.6223,37.332869,6892.48,183.9574,184.0313,1,2024-07-28 21:15:00+00:00,183.7552,TRAILING_STOP,6,-32.37,5.514,5.4881,13.7364,-43.37,-1.747
131,ETHUSDT,LONG,spot,2024-07-29 22:15:00+00:00,3328.1882,3322.5668,12.5505,2024-07-29 22:30:00+00:00,3336.34,2024-07-29 22:45:00+00:00,3329.39,2024-07-29 23:00:00+00:00,3331.0647,2.056262,6849.54,3320.0567,3320.0567,0,2024-07-29 23:15:00+00:00,3315.0766,STOP_LOSS,1,-32.88,5.4796,5.4533,13.6498,-43.81,-1.935
132,BNBUSDT,LONG,spot,2024-08-09 21:30:00+00:00,506.3512,505.4793,1.8322,2024-08-09 21:45:00+00:00,508.3,2024-08-09 22:00:00+00:00,506.7,2024-08-09 22:15:00+00:00,506.9533,13.425635,6806.17,505.1128,509.0229,4,2024-08-10 00:30:00+00:00,508.2594,TRAILING_STOP,9,17.53,5.4449,5.459,13.6386,6.63,0.268
133,SOLUSDT,LONG,spot,2024-08-10 19:15:00+00:00,154.4012,154.1171,0.8146,2024-08-10 19:30:00+00:00,155.14,2024-08-10 19:45:00+00:00,154.51,2024-08-10 20:00:00+00:00,154.5873,44.070484,6812.74,153.9542,153.9542,0,2024-08-10 20:15:00+00:00,153.7233,STOP_LOSS,1,-38.08,5.4502,5.4197,13.5684,-48.95,-1.754
134,SOLUSDT,LONG,spot,2024-08-10 21:00:00+00:00,154.4126,154.2539,0.7502,2024-08-10 21:15:00+00:00,154.96,2024-08-10 22:15:00+00:00,154.58,2024-08-10 22:30:00+00:00,154.6573,43.737207,6764.28,154.1039,154.1039,0,2024-08-10 23:00:00+00:00,153.8727,STOP_LOSS,2,-34.31,5.4114,5.384,13.4771,-45.11,-1.864
135,SOLUSDT,LONG,spot,2024-08-11 01:15:00+00:00,154.5039,154.3979,0.7212,2024-08-11 01:45:00+00:00,155.21,2024-08-11 02:30:00+00:00,154.77,2024-08-11 02:45:00+00:00,154.8574,43.39231,6719.62,154.2536,155.5928,2,2024-08-11 04:00:00+00:00,155.3594,TRAILING_STOP,5,21.78,5.3757,5.3931,13.4719,11.01,0.42
136,BTCUSDT,LONG,spot,2024-08-12 14:45:00+00:00,59363.8424,59110.5474,670.6847,2024-08-12 15:00:00+00:00,60147.99,2024-08-12 15:15:00+00:00,59648.9,2024-08-12 15:30:00+00:00,59678.7345,0.0484,2888.46,58976.4105,59510.2715,7,2024-08-12 17:45:00+00:00,59421.0061,TRAILING_STOP,9,-12.47,2.3108,2.3008,5.7582,-17.09,-0.503
137,BNBUSDT,LONG,spot,2024-08-12 14:45:00+00:00,513.9549,511.7759,5.8226,2024-08-12 15:00:00+00:00,520.3,2024-08-12 15:15:00+00:00,516.3,2024-08-12 15:30:00+00:00,516.5581,5.716078,2952.69,510.6113,510.6113,0,2024-08-12 18:45:00+00:00,509.8454,STOP_LOSS,13,-38.37,2.3621,2.3315,5.8478,-43.06,-1.267
138,BTCUSDT,LONG,spot,2024-08-13 00:45:00+00:00,59325.5011,59261.6381,325.1366,2024-08-13 01:00:00+00:00,59542.0,2024-08-13 02:15:00+00:00,59584.22,2024-08-13 02:30:00+00:00,59614.0021,0.08072,4812.04,59196.6107,59196.6107,0,2024-08-13 03:00:00+00:00,59107.8158,STOP_LOSS,2,-40.86,3.8496,3.8169,9.5628,-48.53,-1.44
139,ETHUSDT,LONG,spot,2024-08-16 19:15:00+00:00,2602.8677,2599.5367,16.2543,2024-08-16 19:30:00+00:00,2625.39,2024-08-16 21:00:00+00:00,2604.35,2024-08-16 21:15:00+00:00,2605.6422,2.541767,6622.93,2596.2859,2596.2859,0,2024-08-16 21:30:00+00:00,2592.3914,STOP_LOSS,1,-33.68,5.2983,5.2714,13.1953,-44.25,-1.861
140,ETHUSDT,LONG,spot,2024-08-17 15:00:00+00:00,2605.2284,2602.0131,7.3839,2024-08-17 15:15:00+00:00,2610.33,2024-08-17 15:45:00+00:00,2606.78,2024-08-17 16:00:00+00:00,2608.0934,2.522581,6579.13,2600.5364,2614.7946,5,2024-08-17 18:00:00+00:00,2610.8724,TRAILING_STOP,8,7.01,5.2633,5.2689,13.1688,-3.52,-0.185
141,BNBUSDT,LONG,spot,2024-08-19 10:15:00+00:00,535.3732,534.6136,1.9089,2024-08-19 11:45:00+00:00,537.0,2024-08-19 12:15:00+00:00,536.7,2024-08-19 12:30:00+00:00,537.0684,11.708045,6288.02,534.2319,536.2178,2,2024-08-19 13:45:00+00:00,535.4135,TRAILING_STOP,5,-19.38,5.0304,5.0149,12.547,-29.42,-0.886
142,SOLUSDT,LONG,spot,2024-08-19 18:00:00+00:00,143.4788,143.126,1.0724,2024-08-19 18:30:00+00:00,144.27,2024-08-19 18:45:00+00:00,143.59,2024-08-19 19:00:00+00:00,143.6618,44.068481,6330.96,142.9115,142.9115,0,2024-08-19 19:45:00+00:00,142.6972,STOP_LOSS,3,-42.51,5.0648,5.0308,12.5981,-52.61,-1.591
143,SOLUSDT,LONG,spot,2024-08-19 19:30:00+00:00,143.5127,143.1787,0.8375,2024-08-19 20:30:00+00:00,144.01,2024-08-19 21:15:00+00:00,143.65,2024-08-19 21:30:00+00:00,143.7218,45.187528,6494.43,143.0112,143.0112,0,2024-08-19 22:45:00+00:00,142.7967,STOP_LOSS,5,-41.81,5.1955,5.1621,12.9262,-52.16,-1.624
144,SOLUSDT,LONG,spot,2024-08-19 23:15:00+00:00,143.647,143.2977,0.8473,2024-08-19 23:45:00+00:00,144.29,2024-08-20 00:15:00+00:00,146.39,2024-08-20 00:30:00+00:00,146.4632,9.757012,1429.04,143.1282,143.1282,0,2024-08-20 08:30:00+00:00,146.3368,TIME_EXIT_8H,32,-1.23,1.1432,1.1422,1.4284,-3.52,-0.108
145,SOLUSDT,LONG,spot,2024-08-22 21:00:00+00:00,143.0096,142.8907,0.4948,2024-08-22 21:15:00+00:00,143.53,2024-08-22 22:15:00+00:00,143.41,2024-08-22 22:30:00+00:00,143.4817,44.878958,6439.31,142.7918,144.4225,2,2024-08-23 00:45:00+00:00,144.2059,TRAILING_STOP,9,32.5,5.1514,5.1774,12.9274,22.17,0.716
146,ETHUSDT,LONG,spot,2024-08-25 16:45:00+00:00,2762.0715,2758.7568,7.0005,2024-08-25 17:00:00+00:00,2768.27,2024-08-25 18:45:00+00:00,2764.16,2024-08-25 19:00:00+00:00,2765.5321,2.336353,6461.26,2757.3567,2778.8002,2,2024-08-25 21:30:00+00:00,2774.632,TRAILING_STOP,10,21.26,5.169,5.186,12.9544,10.91,0.571
147,SOLUSDT,LONG,spot,2024-08-27 05:00:00+00:00,158.432,158.2476,0.5551,2024-08-27 05:15:00+00:00,158.95,2024-08-27 06:15:00+00:00,158.48,2024-08-27 06:30:00+00:00,158.5592,40.817911,6472.06,158.1366,158.1366,0,2024-08-27 06:45:00+00:00,157.6432,STOP_LOSS,1,-37.39,5.1776,5.1477,12.888,-47.72,-2.766
148,SOLUSDT,LONG,spot,2024-09-06 13:00:00+00:00,130.6719,130.2265,1.2524,2024-09-06 13:15:00+00:00,133.76,2024-09-06 13:45:00+00:00,130.84,2024-09-06 14:00:00+00:00,130.9054,34.914484,4570.5,129.976,129.976,0,2024-09-06 14:15:00+00:00,129.136,STOP_LOSS,1,-61.78,3.6564,3.607,9.0483,-69.04,-2.128
149,SOLUSDT,LONG,spot,2024-09-08 18:00:00+00:00,128.5479,128.3556,0.6582,2024-09-08 18:30:00+00:00,129.02,2024-09-08 19:15:00+00:00,128.55,2024-09-08 19:30:00+00:00,128.6043,49.426554,6356.47,128.2239,128.838,3,2024-09-08 22:00:00+00:00,128.6447,TRAILING_STOP,10,2.0,5.0852,5.0868,12.7159,-8.17,-0.435
150,BTCUSDT,LONG,spot,2024-09-08 22:15:00+00:00,54443.2554,54350.4223,250.0423,2024-09-08 22:30:00+00:00,54726.01,2024-09-08 23:00:00+00:00,54740.11,2024-09-08 23:15:00+00:00,54767.4801,0.068647,3759.6,54300.4138,54911.4069,8,2024-09-09 03:15:00+00:00,54829.0398,TRAILING_STOP,16,4.23,3.0077,3.0111,7.5255,-1.79,-0.056
151,SOLUSDT,LONG,spot,2024-09-12 17:00:00+00:00,134.5457,134.1695,0.7677,2024-09-12 17:30:00+00:00,135.04,2024-09-12 18:45:00+00:00,135.13,2024-09-12 19:00:00+00:00,135.1876,27.35951,3698.67,134.016,135.8408,10,2024-09-13 00:15:00+00:00,135.637,TRAILING_STOP,21,12.3,2.9589,2.9688,7.4158,6.37,0.199
152,BTCUSDT,LONG,spot,2024-09-13 07:45:00+00:00,57978.2111,57930.4552,113.529,2024-09-13 08:00:00+00:00,58093.99,2024-09-13 08:15:00+00:00,58039.36,2024-09-13 08:30:00+00:00,58068.3697,0.109404,6352.9,57907.7494,57907.7494,0,2024-09-13 08:45:00+00:00,57820.8878,STOP_LOSS,1,-27.08,5.0823,5.0607,12.6652,-37.22,-2.118
153,ETHUSDT,LONG,spot,2024-09-13 09:45:00+00:00,2350.5685,2349.1696,5.0468,2024-09-13 10:00:00+00:00,2355.02,2024-09-13 11:45:00+00:00,2354.35,2024-09-13 12:00:00+00:00,2355.5672,2.681332,6316.06,2348.1602,2348.1602,0,2024-09-13 12:15:00+00:00,2344.638,STOP_LOSS,1,-29.3,5.0528,5.0294,12.5882,-39.39,-1.983
154,BTCUSDT,LONG,spot,2024-09-13 12:45:00+00:00,58009.441,57967.7012,155.4507,2024-09-13 13:30:00+00:00,58100.0,2024-09-13 13:45:00+00:00,58056.01,2024-09-13 14:00:00+00:00,58085.028,0.108067,6277.06,57936.6111,57936.6111,0,2024-09-13 14:30:00+00:00,57849.7062,STOP_LOSS,2,-25.43,5.0217,5.0013,12.516,-35.45,-2.21
155,SOLUSDT,LONG,spot,2024-09-17 14:15:00+00:00,132.2931,131.8617,0.9722,2024-09-17 14:30:00+00:00,133.86,2024-09-17 16:30:00+00:00,132.64,2024-09-17 16:45:00+00:00,132.7063,30.339816,4026.29,131.6673,131.6673,0,2024-09-17 19:45:00+00:00,131.4698,STOP_LOSS,12,-37.52,3.221,3.191,7.9963,-43.93,-1.393
156,BTCUSDT,LONG,spot,2024-09-20 21:45:00+00:00,63036.4508,62962.2691,185.4011,2024-09-20 22:00:00+00:00,63211.99,2024-09-21 00:00:00+00:00,63071.18,2024-09-21 00:15:00+00:00,63102.7256,0.098228,6198.48,62925.1889,63020.3099,2,2024-09-21 01:00:00+00:00,62925.7795,TRAILING_STOP,3,-17.38,4.9588,4.9449,12.3709,-27.28,-1.565
157,BTCUSDT,LONG,spot,2024-09-22 22:30:00+00:00,63023.8918,62949.1213,321.9588,2024-09-22 22:45:00+00:00,63881.51,2024-09-23 00:00:00+00:00,63044.38,2024-09-23 00:15:00+00:00,63075.9022,0.097842,6171.46,62884.7295,64157.5637,13,2024-09-23 04:15:00+00:00,64061.3273,TRAILING_STOP,16,96.42,4.9372,5.0143,12.4876,86.46,4.623
158,SOLUSDT,LONG,spot,2024-09-28 14:00:00+00:00,157.1463,156.9122,0.5854,2024-09-28 14:15:00+00:00,157.64,2024-09-28 15:15:00+00:00,157.21,2024-09-28 15:30:00+00:00,157.2986,39.778253,6257.06,156.7951,156.7951,0,2024-09-28 16:00:00+00:00,156.5599,STOP_LOSS,2,-29.38,5.0057,4.9821,12.4701,-39.37,-1.966
159,SOLUSDT,LONG,spot,2024-09-29 00:45:00+00:00,156.9609,156.7364,0.5395,2024-09-29 01:15:00+00:00,157.28,2024-09-29 01:30:00+00:00,157.35,2024-09-29 01:45:00+00:00,157.4387,38.762242,6102.68,156.6285,157.3779,3,2024-09-29 03:00:00+00:00,157.1418,TRAILING_STOP,5,-11.51,4.8821,4.8729,12.1881,-21.26,-0.677
161,SOLUSDT,LONG,spot,2024-09-29 02:15:00+00:00,157.1989,157.0319,0.5909,2024-09-29 02:30:00+00:00,157.8,2024-09-29 03:15:00+00:00,157.48,2024-09-29 03:30:00+00:00,157.5487,39.302929,6192.13,156.9137,156.9137,0,2024-09-29 04:15:00+00:00,156.6784,STOP_LOSS,3,-34.21,4.9537,4.9263,12.3329,-44.09,-1.767
160,BTCUSDT,LONG,spot,2024-09-29 01:30:00+00:00,65730.0489,65699.2411,107.897,2024-09-29 01:45:00+00:00,65872.9,2024-09-29 03:15:00+00:00,65819.99,2024-09-29 03:30:00+00:00,65852.91,0.094104,6197.03,65677.6617,65677.6617,0,2024-09-29 05:30:00+00:00,65579.1452,STOP_LOSS,8,-25.76,4.9576,4.937,12.3554,-35.66,-2.162
162,SOLUSDT,LONG,spot,2024-09-29 13:30:00+00:00,156.7278,156.585,0.7078,2024-09-29 13:45:00+00:00,157.34,2024-09-29 14:45:00+00:00,156.89,2024-09-29 15:00:00+00:00,156.9584,38.979025,6118.09,156.4434,159.4466,14,2024-09-29 20:15:00+00:00,159.2074,TRAILING_STOP,21,87.66,4.8945,4.9646,12.3677,77.8,3.875
163,ETHUSDT,LONG,spot,2024-10-05 23:00:00+00:00,2408.3438,2407.1884,6.2239,2024-10-05 23:15:00+00:00,2413.03,2024-10-06 00:00:00+00:00,2411.19,2024-10-06 00:15:00+00:00,2412.3956,2.568033,6195.11,2405.9437,2413.4221,6,2024-10-06 03:45:00+00:00,2409.802,TRAILING_STOP,14,-6.66,4.9561,4.9508,12.3802,-16.57,-1.0
164,SOLUSDT,LONG,spot,2024-10-06 05:30:00+00:00,142.7277,142.6719,0.4791,2024-10-06 06:15:00+00:00,143.27,2024-10-06 08:15:00+00:00,143.25,2024-10-06 08:30:00+00:00,143.3216,41.858066,5999.17,142.5761,143.3987,2,2024-10-06 10:30:00+00:00,143.1836,TRAILING_STOP,8,-5.78,4.7993,4.7947,11.9897,-15.37,-0.493
165,ETHUSDT,LONG,spot,2024-10-09 00:15:00+00:00,2442.2699,2439.5342,7.2264,2024-10-09 01:15:00+00:00,2458.95,2024-10-09 03:00:00+00:00,2444.88,2024-10-09 03:15:00+00:00,2446.0924,2.51973,6163.49,2438.0889,2441.8688,7,2024-10-09 07:00:00+00:00,2438.206,TRAILING_STOP,15,-19.87,4.9308,4.9149,12.2972,-29.72,-1.474
167,SOLUSDT,LONG,spot,2024-10-15 16:30:00+00:00,154.5693,154.2554,1.8241,2024-10-15 18:00:00+00:00,155.55,2024-10-15 19:00:00+00:00,155.04,2024-10-15 19:15:00+00:00,155.1175,25.260082,3918.28,153.8906,153.8906,0,2024-10-15 20:15:00+00:00,153.6598,STOP_LOSS,4,-36.82,3.1346,3.1052,7.7813,-43.06,-1.389
166,BNBUSDT,LONG,spot,2024-10-15 15:30:00+00:00,589.2919,586.8412,5.4434,2024-10-15 16:15:00+00:00,592.5,2024-10-15 17:00:00+00:00,591.2,2024-10-15 17:15:00+00:00,591.4956,5.394314,3190.71,585.7525,585.7525,0,2024-10-16 01:15:00+00:00,595.802,TIME_EXIT_8H,32,23.23,2.5526,2.5712,3.2023,18.11,0.584
168,SOLUSDT,LONG,spot,2024-10-16 00:15:00+00:00,154.281,153.9099,0.8324,2024-10-16 01:15:00+00:00,154.98,2024-10-16 01:30:00+00:00,154.41,2024-10-16 01:45:00+00:00,154.4872,39.54609,6109.36,153.7434,154.3762,4,2024-10-16 03:00:00+00:00,154.1447,TRAILING_STOP,5,-13.55,4.8875,4.8767,12.1984,-23.31,-0.792
169,ETHUSDT,LONG,spot,2024-10-16 17:30:00+00:00,2615.6883,2611.022,11.9291,2024-10-16 18:15:00+00:00,2625.47,2024-10-16 18:45:00+00:00,2617.38,2024-10-16 19:00:00+00:00,2618.6987,2.324165,6086.29,2608.6362,2614.1739,2,2024-10-16 21:15:00+00:00,2610.2527,TRAILING_STOP,9,-19.63,4.869,4.8533,12.1431,-29.35,-1.255
170,ETHUSDT,LONG,spot,2024-10-18 02:00:00+00:00,2613.1285,2609.808,11.0693,2024-10-18 02:15:00+00:00,2631.68,2024-10-18 04:00:00+00:00,2614.95,2024-10-18 04:15:00+00:00,2616.2975,2.315191,6057.23,2607.5941,2634.5379,11,2024-10-18 09:00:00+00:00,2630.586,TRAILING_STOP,19,33.08,4.8458,4.8722,12.1641,23.36,1.159
171,SOLUSDT,LONG,spot,2024-10-22 09:45:00+00:00,166.6585,166.3113,1.1005,2024-10-22 11:00:00+00:00,167.82,2024-10-22 12:15:00+00:00,167.15,2024-10-22 12:30:00+00:00,167.2336,26.880751,4495.36,166.0912,166.0912,0,2024-10-22 12:45:00+00:00,165.751,STOP_LOSS,1,-39.85,3.5963,3.5644,8.9309,-47.01,-1.531
172,BNBUSDT,LONG,spot,2024-10-25 10:15:00+00:00,591.9155,591.1804,1.721,2024-10-25 11:30:00+00:00,592.8,2024-10-25 12:30:00+00:00,592.3,2024-10-25 12:45:00+00:00,592.5961,10.182002,6033.82,590.8362,590.8362,0,2024-10-25 13:00:00+00:00,589.9499,STOP_LOSS,1,-26.94,4.8271,4.8055,12.0272,-36.58,-2.041
173,BNBUSDT,LONG,spot,2024-10-25 13:15:00+00:00,591.9247,591.6921,1.3392,2024-10-25 13:45:00+00:00,593.1,2024-10-25 14:00:00+00:00,593.5,2024-10-25 14:15:00+00:00,593.8968,10.098732,5997.6,591.4243,591.4243,0,2024-10-25 15:30:00+00:00,590.5371,STOP_LOSS,5,-33.93,4.7981,4.7709,11.9443,-43.5,-1.742
174,BTCUSDT,LONG,spot,2024-11-13 10:00:00+00:00,87440.552,87285.1637,346.6834,2024-11-13 11:00:00+00:00,87857.99,2024-11-13 11:15:00+00:00,87630.01,2024-11-13 11:30:00+00:00,87673.815,0.065664,5757.04,87215.827,88676.9279,3,2024-11-13 14:00:00+00:00,88543.9125,TRAILING_STOP,10,57.13,4.6056,4.6513,11.5998,47.88,1.592
175,SOLUSDT,LONG,spot,2024-11-13 22:15:00+00:00,212.9467,211.8059,2.9209,2024-11-13 23:15:00+00:00,214.6,2024-11-14 00:30:00+00:00,213.07,2024-11-14 00:45:00+00:00,213.1765,15.50669,3305.66,211.2217,217.2661,16,2024-11-14 06:45:00+00:00,216.9402,TRAILING_STOP,24,58.36,2.6445,2.6912,6.6989,53.03,1.749
176,SOLUSDT,LONG,spot,2024-11-14 17:15:00+00:00,215.4017,214.3798,2.3219,2024-11-14 18:00:00+00:00,216.61,2024-11-14 18:15:00+00:00,215.63,2024-11-14 18:30:00+00:00,215.7478,16.687306,3600.25,213.9154,213.9154,0,2024-11-14 20:00:00+00:00,213.5945,STOP_LOSS,6,-35.93,2.8802,2.8515,7.1466,-41.66,-1.363
177,BTCUSDT,LONG,spot,2024-11-15 16:15:00+00:00,89140.9053,88911.8067,742.8775,2024-11-15 17:00:00+00:00,89570.38,2024-11-15 17:30:00+00:00,89892.0,2024-11-15 17:45:00+00:00,89936.956,0.025875,2327.08,88763.2312,91056.6493,12,2024-11-15 23:45:00+00:00,90920.0643,TRAILING_STOP,24,25.44,1.8617,1.882,4.6923,21.69,0.714
178,ETHUSDT,LONG,spot,2024-11-18 02:30:00+00:00,3102.3091,3095.2448,16.3687,2024-11-18 03:45:00+00:00,3111.96,2024-11-18 04:15:00+00:00,3104.06,2024-11-18 04:30:00+00:00,3105.612,1.943149,6034.67,3091.971,3123.2102,7,2024-11-18 08:00:00+00:00,3118.5254,TRAILING_STOP,14,25.09,4.8277,4.8478,12.107,15.42,0.582
179,BNBUSDT,LONG,spot,2024-11-18 03:45:00+00:00,623.4799,622.5622,2.5882,2024-11-18 04:00:00+00:00,627.47,2024-11-18 05:15:00+00:00,625.94,2024-11-18 05:30:00+00:00,626.253,7.248789,4539.58,622.0446,622.0446,0,2024-11-18 09:45:00+00:00,621.1115,STOP_LOSS,17,-37.27,3.6317,3.6018,9.0232,-44.5,-1.459
180,BTCUSDT,LONG,spot,2024-11-18 20:15:00+00:00,90916.3554,90822.2135,669.5262,2024-11-18 20:30:00+00:00,91392.03,2024-11-18 20:45:00+00:00,91473.42,2024-11-18 21:00:00+00:00,91519.1667,0.036508,3341.15,90688.3082,90688.3082,0,2024-11-18 23:15:00+00:00,90552.2757,STOP_LOSS,9,-35.3,2.6729,2.6447,6.6293,-40.62,-1.339
181,SOLUSDT,LONG,spot,2024-11-19 18:15:00+00:00,242.2813,241.644,1.6764,2024-11-19 18:45:00+00:00,243.56,2024-11-19 19:00:00+00:00,243.53,2024-11-19 19:15:00+00:00,243.6418,12.914558,3146.53,241.3088,241.3088,0,2024-11-19 20:30:00+00:00,240.9468,STOP_LOSS,5,-34.8,2.5172,2.4894,6.2408,-39.81,-1.321
182,ETHUSDT,LONG,spot,2024-11-20 09:00:00+00:00,3111.2548,3107.6394,9.7536,2024-11-20 09:15:00+00:00,3121.81,2024-11-20 10:30:00+00:00,3118.96,2024-11-20 10:45:00+00:00,3120.5195,1.899122,5926.25,3105.6887,3105.6887,0,2024-11-20 11:00:00+00:00,3101.0302,STOP_LOSS,1,-37.01,4.741,4.7114,11.797,-46.47,-1.65
183,BNBUSDT,LONG,spot,2024-11-21 07:45:00+00:00,609.2912,608.3066,2.74,2024-11-21 08:00:00+00:00,611.53,2024-11-21 10:00:00+00:00,609.67,2024-11-21 10:15:00+00:00,609.9648,9.640307,5880.25,607.7586,607.7586,0,2024-11-21 10:30:00+00:00,606.6087,STOP_LOSS,1,-32.35,4.7042,4.6783,11.712,-41.74,-1.962
184,SOLUSDT,LONG,spot,2024-11-22 22:15:00+00:00,255.6102,254.946,1.5007,2024-11-22 23:45:00+00:00,256.9,2024-11-23 00:00:00+00:00,255.96,2024-11-23 00:15:00+00:00,256.078,20.591694,5273.08,254.6459,254.8567,2,2024-11-23 01:15:00+00:00,254.4744,TRAILING_STOP,4,-33.02,4.2185,4.192,10.4966,-41.43,-1.405
185,BTCUSDT,LONG,spot,2024-11-24 05:45:00+00:00,98155.7535,98089.3391,207.3091,2024-11-24 06:45:00+00:00,98360.02,2024-11-24 07:30:00+00:00,98319.6,2024-11-24 07:45:00+00:00,98368.7598,0.058941,5797.91,98047.8773,98047.8773,0,2024-11-24 08:45:00+00:00,97900.8055,STOP_LOSS,4,-27.58,4.6383,4.6163,11.5545,-36.84,-1.948
186,BNBUSDT,LONG,spot,2024-11-25 04:00:00+00:00,656.8354,656.2077,3.6388,2024-11-25 04:15:00+00:00,658.83,2024-11-25 04:30:00+00:00,658.27,2024-11-25 04:45:00+00:00,658.5991,8.74803,5761.45,655.4799,658.0009,7,2024-11-25 06:45:00+00:00,657.0139,TRAILING_STOP,8,-13.87,4.6092,4.5981,11.5021,-23.07,-0.846
187,BNBUSDT,LONG,spot,2024-11-25 05:15:00+00:00,657.8796,656.5252,3.8162,2024-11-25 05:30:00+00:00,661.24,2024-11-25 06:30:00+00:00,658.94,2024-11-25 06:45:00+00:00,659.2595,8.286617,5463.03,655.7619,655.7619,0,2024-11-25 07:15:00+00:00,654.7783,STOP_LOSS,2,-37.13,4.3704,4.3407,10.8704,-45.85,-1.582
188,SOLUSDT,LONG,spot,2024-11-25 05:00:00+00:00,251.6261,250.9841,1.2944,2024-11-25 05:15:00+00:00,253.65,2024-11-25 06:45:00+00:00,251.91,2024-11-25 07:00:00+00:00,252.036,22.017405,5549.18,250.7252,254.3174,8,2024-11-25 10:15:00+00:00,253.9359,TRAILING_STOP,13,41.83,4.4393,4.4728,11.1611,32.92,1.141
189,ETHUSDT,LONG,spot,2024-11-28 22:45:00+00:00,3577.8524,3572.4779,12.504,2024-11-28 23:00:00+00:00,3585.38,2024-11-28 23:15:00+00:00,3589.51,2024-11-28 23:30:00+00:00,3591.3048,1.355905,4869.47,3569.9772,3569.9772,0,2024-11-29 00:00:00+00:00,3564.6222,STOP_LOSS,2,-36.18,3.8956,3.8666,9.6847,-43.94,-1.52
190,SOLUSDT,LONG,spot,2024-11-28 23:45:00+00:00,236.86,236.5492,0.8243,2024-11-29 00:00:00+00:00,237.41,2024-11-29 00:30:00+00:00,238.47,2024-11-29 00:45:00+00:00,238.5892,13.015495,3105.36,236.3843,240.4393,3,2024-11-29 04:15:00+00:00,240.0787,TRAILING_STOP,14,19.39,2.4843,2.4998,6.2398,14.4,0.502
191,ETHUSDT,LONG,spot,2024-11-29 21:45:00+00:00,3588.0052,3584.2456,10.5078,2024-11-29 22:15:00+00:00,3594.38,2024-11-29 23:00:00+00:00,3593.21,2024-11-29 23:15:00+00:00,3595.0166,1.584571,5696.56,3582.1441,3587.0399,1,2024-11-30 00:30:00+00:00,3581.6594,TRAILING_STOP,5,-21.17,4.5572,4.5403,11.3614,-30.26,-1.484
192,BNBUSDT,LONG,spot,2024-11-30 04:30:00+00:00,653.5368,653.0993,2.1069,2024-11-30 04:45:00+00:00,655.2,2024-11-30 05:30:00+00:00,657.17,2024-11-30 05:45:00+00:00,657.4986,5.936717,3903.38,652.6779,669.5952,6,2024-11-30 08:30:00+00:00,668.5908,TRAILING_STOP,11,65.85,3.1227,3.1754,7.9055,59.55,2.081
193,BTCUSDT,LONG,spot,2024-12-01 08:45:00+00:00,96567.3989,96514.5467,208.8925,2024-12-01 09:00:00+00:00,96954.15,2024-12-01 10:30:00+00:00,96768.0,2024-12-01 10:45:00+00:00,96816.394,0.059138,5725.56,96472.7682,96980.1412,2,2024-12-01 14:00:00+00:00,96834.6709,TRAILING_STOP,13,1.08,4.5804,4.5813,11.4527,-8.08,-0.398
194,BNBUSDT,LONG,spot,2024-12-02 01:30:00+00:00,658.2086,656.8918,3.3258,2024-12-02 01:45:00+00:00,666.19,2024-12-02 02:15:00+00:00,660.99,2024-12-02 02:30:00+00:00,661.3205,5.668884,3748.95,656.2266,656.2266,0,2024-12-02 03:45:00+00:00,655.2423,STOP_LOSS,5,-34.46,2.9992,2.9716,7.4462,-40.43,-1.4
195,BNBUSDT,LONG,spot,2024-12-05 09:45:00+00:00,730.7625,729.3847,4.1262,2024-12-05 10:00:00+00:00,734.19,2024-12-05 11:00:00+00:00,736.19,2024-12-05 11:15:00+00:00,736.5681,3.580447,2637.24,728.5595,728.5595,0,2024-12-05 12:45:00+00:00,727.4666,STOP_LOSS,6,-32.59,2.1098,2.0837,5.2256,-36.78,-1.283
196,BNBUSDT,LONG,spot,2024-12-05 17:15:00+00:00,730.253,728.7193,5.3859,2024-12-05 17:45:00+00:00,733.31,2024-12-05 18:00:00+00:00,732.38,2024-12-05 18:15:00+00:00,732.7362,5.59287,4098.1,727.6421,727.6421,0,2024-12-05 18:45:00+00:00,726.5506,STOP_LOSS,2,-34.59,3.2785,3.2508,8.1443,-41.12,-1.443
197,ETHUSDT,LONG,spot,2024-12-06 02:00:00+00:00,3851.8843,3841.043,29.2135,2024-12-06 02:30:00+00:00,3868.53,2024-12-06 03:00:00+00:00,3855.21,2024-12-06 03:15:00+00:00,3857.1376,1.289349,4973.2,3835.2003,3877.3806,7,2024-12-06 05:30:00+00:00,3871.5646,TRAILING_STOP,9,18.6,3.9786,3.9934,9.9743,10.63,0.376
198,BNBUSDT,LONG,spot,2024-12-06 02:45:00+00:00,725.5409,723.6115,4.5127,2024-12-06 03:45:00+00:00,729.35,2024-12-06 05:45:00+00:00,726.83,2024-12-06 06:00:00+00:00,727.1834,6.333302,4605.47,722.709,722.709,0,2024-12-06 08:45:00+00:00,721.6249,STOP_LOSS,11,-35.2,3.6844,3.6562,9.1581,-42.54,-1.501
199,ETHUSDT,LONG,spot,2024-12-08 15:30:00+00:00,3982.2219,3979.6348,13.6565,2024-12-08 15:45:00+00:00,3990.79,2024-12-08 16:15:00+00:00,3985.48,2024-12-08 16:30:00+00:00,3987.4827,1.396574,5568.81,3976.9035,3976.9035,0,2024-12-08 16:45:00+00:00,3970.9382,STOP_LOSS,1,-23.11,4.4551,4.4366,11.103,-32.0,-2.166
200,ETHUSDT,LONG,spot,2024-12-08 19:30:00+00:00,3981.5627,3978.4629,12.1633,2024-12-08 19:45:00+00:00,3989.99,2024-12-08 20:15:00+00:00,3987.0,2024-12-08 20:30:00+00:00,3989.0035,1.3881,5537.14,3976.0302,3976.0302,0,2024-12-08 20:45:00+00:00,3970.0662,STOP_LOSS,1,-26.29,4.4297,4.4087,11.0348,-35.13,-1.951
201,BNBUSDT,LONG,spot,2024-12-17 09:30:00+00:00,718.909,718.1474,2.1031,2024-12-17 09:45:00+00:00,720.76,2024-12-17 11:45:00+00:00,720.31,2024-12-17 12:00:00+00:00,720.6601,7.635168,5502.36,717.7268,729.1753,7,2024-12-17 14:30:00+00:00,728.0816,TRAILING_STOP,10,56.66,4.4019,4.4472,11.0897,47.81,2.135
202,SOLUSDT,LONG,spot,2024-12-23 04:15:00+00:00,182.4396,181.6569,2.1148,2024-12-23 04:30:00+00:00,184.8,2024-12-23 06:15:00+00:00,183.57,2024-12-23 06:30:00+00:00,183.6718,11.497255,2111.72,181.2339,181.2339,0,2024-12-23 06:45:00+00:00,180.9621,STOP_LOSS,1,-31.15,1.6894,1.6645,4.1767,-34.51,-1.231
203,SOLUSDT,LONG,spot,2024-12-23 09:30:00+00:00,183.3877,182.6509,1.5279,2024-12-23 09:45:00+00:00,184.87,2024-12-23 11:45:00+00:00,183.59,2024-12-23 12:00:00+00:00,183.6818,20.843818,3828.63,182.3454,182.3454,0,2024-12-23 13:30:00+00:00,182.0719,STOP_LOSS,6,-33.56,3.0629,3.0361,7.6069,-39.66,-1.424
204,ETHUSDT,LONG,spot,2024-12-25 23:30:00+00:00,3477.4372,3474.0812,12.7817,2024-12-25 23:45:00+00:00,3497.0,2024-12-26 00:30:00+00:00,3487.59,2024-12-26 00:45:00+00:00,3489.3338,1.553038,5419.07,3471.5249,3471.5249,0,2024-12-26 01:00:00+00:00,3466.3176,STOP_LOSS,1,-35.75,4.3353,4.3067,10.7845,-44.39,-1.605
205,BNBUSDT,LONG,spot,2024-12-26 01:30:00+00:00,702.624,701.6518,2.2758,2024-12-26 01:45:00+00:00,705.67,2024-12-26 03:00:00+00:00,703.33,2024-12-26 03:15:00+00:00,703.6817,7.719872,5432.33,701.1967,704.3529,4,2024-12-26 06:00:00+00:00,703.2964,TRAILING_STOP,11,-2.97,4.3459,4.3435,10.8602,-11.66,-0.608
206,BTCUSDT,LONG,spot,2024-12-27 09:30:00+00:00,96321.246,96135.7999,591.5744,2024-12-27 09:45:00+00:00,96774.13,2024-12-27 10:30:00+00:00,96433.89,2024-12-27 10:45:00+00:00,96482.1069,0.056184,5420.78,96017.485,96430.1299,5,2024-12-27 13:00:00+00:00,96285.4847,TRAILING_STOP,9,-11.05,4.3366,4.3278,10.825,-19.71,-0.755
207,BNBUSDT,LONG,spot,2024-12-28 07:00:00+00:00,696.1896,695.4087,1.8439,2024-12-28 07:15:00+00:00,697.54,2024-12-28 08:00:00+00:00,697.55,2024-12-28 08:15:00+00:00,697.8888,7.739443,5401.27,695.04,698.2371,3,2024-12-28 10:15:00+00:00,697.1898,TRAILING_STOP,8,-5.41,4.321,4.3167,10.7944,-14.05,-0.637
208,SOLUSDT,LONG,spot,2024-12-30 08:15:00+00:00,192.409,192.0992,1.063,2024-12-30 08:30:00+00:00,193.24,2024-12-30 09:15:00+00:00,193.0,2024-12-30 09:30:00+00:00,193.1065,22.304587,4307.16,191.8866,191.8866,0,2024-12-30 11:00:00+00:00,191.5988,STOP_LOSS,6,-33.63,3.4457,3.4188,8.5639,-40.49,-1.488
209,SOLUSDT,LONG,spot,2024-12-30 10:00:00+00:00,192.6011,192.3408,0.9854,2024-12-30 10:15:00+00:00,193.89,2024-12-30 10:45:00+00:00,192.65,2024-12-30 11:00:00+00:00,192.7563,27.741111,5347.27,192.1437,192.1437,0,2024-12-30 11:15:00+00:00,191.6221,STOP_LOSS,1,-31.46,4.2778,4.2526,10.6474,-39.99,-2.353
210,SOLUSDT,LONG,spot,2024-12-30 11:30:00+00:00,192.8469,192.5115,1.1256,2024-12-30 11:45:00+00:00,193.51,2024-12-30 12:45:00+00:00,193.36,2024-12-30 13:00:00+00:00,193.4467,23.102919,4469.18,192.2864,192.2864,0,2024-12-30 13:15:00+00:00,191.8817,STOP_LOSS,1,-36.15,3.5753,3.5464,8.8841,-43.28,-1.614
211,BNBUSDT,LONG,spot,2024-12-31 08:15:00+00:00,702.6152,702.3055,2.5866,2024-12-31 08:45:00+00:00,703.99,2024-12-31 09:00:00+00:00,703.9,2024-12-31 09:15:00+00:00,704.262,7.47568,5264.84,701.7882,710.2069,20,2024-12-31 16:00:00+00:00,709.1416,TRAILING_STOP,27,36.48,4.2119,4.2411,10.5844,28.03,1.515
212,BTCUSDT,LONG,spot,2025-01-03 14:30:00+00:00,96731.1374,96587.5958,309.9545,2025-01-03 14:45:00+00:00,97016.01,2025-01-03 15:15:00+00:00,97263.78,2025-01-03 15:30:00+00:00,97312.4219,0.033973,3305.96,96525.6049,98391.4081,14,2025-01-03 20:00:00+00:00,98243.8209,TRAILING_STOP,18,31.64,2.6448,2.6701,6.6594,26.33,0.985
213,ETHUSDT,LONG,spot,2025-01-05 15:30:00+00:00,3623.7052,3619.9481,10.9315,2025-01-05 15:45:00+00:00,3629.6,2025-01-05 16:45:00+00:00,3628.01,2025-01-05 17:00:00+00:00,3629.834,1.465259,5318.65,3617.7618,3627.8947,1,2025-01-05 17:45:00+00:00,3622.4528,TRAILING_STOP,3,-10.82,4.2549,4.2463,10.6211,-19.32,-1.092
214,BNBUSDT,LONG,spot,2025-01-11 05:45:00+00:00,692.7843,692.6737,1.2067,2025-01-11 06:00:00+00:00,694.34,2025-01-11 07:00:00+00:00,694.01,2025-01-11 07:15:00+00:00,694.347,7.632384,5299.52,692.4324,694.0618,3,2025-01-11 08:45:00+00:00,693.0207,TRAILING_STOP,6,-10.12,4.2396,4.2315,10.5839,-18.59,-1.272
215,BNBUSDT,LONG,spot,2025-01-11 07:45:00+00:00,693.3659,692.9537,1.2173,2025-01-11 08:00:00+00:00,696.6,2025-01-11 08:45:00+00:00,694.23,2025-01-11 09:00:00+00:00,694.5771,7.603353,5281.12,692.7103,695.7331,7,2025-01-11 13:30:00+00:00,694.6895,TRAILING_STOP,18,0.85,4.2249,4.2256,10.5635,-7.6,-0.535
216,ETHUSDT,LONG,spot,2025-01-12 15:45:00+00:00,3268.6338,3266.5338,11.2248,2025-01-12 16:00:00+00:00,3274.33,2025-01-12 16:15:00+00:00,3277.25,2025-01-12 16:30:00+00:00,3278.8986,1.608343,5273.59,3264.2889,3280.8083,2,2025-01-12 18:45:00+00:00,3275.8871,TRAILING_STOP,9,-4.84,4.2189,4.215,10.5399,-13.28,-0.565
217,ETHUSDT,LONG,spot,2025-01-13 00:30:00+00:00,3273.6258,3271.5754,18.496,2025-01-13 00:45:00+00:00,3308.56,2025-01-13 01:30:00+00:00,3276.14,2025-01-13 01:45:00+00:00,3277.7781,1.604883,5260.45,3267.8762,3267.8762,0,2025-01-13 02:00:00+00:00,3256.5778,STOP_LOSS,1,-34.02,4.2084,4.1811,10.4699,-42.41,-2.669
218,SOLUSDT,LONG,spot,2025-01-20 09:00:00+00:00,257.6948,255.2758,5.0138,2025-01-20 09:15:00+00:00,268.0,2025-01-20 11:00:00+00:00,257.86,2025-01-20 11:15:00+00:00,257.9889,7.092707,1829.84,254.273,254.273,0,2025-01-20 12:15:00+00:00,253.8916,STOP_LOSS,4,-29.06,1.4639,1.4406,3.6161,-31.97,-1.213
219,ETHUSDT,LONG,spot,2025-01-21 16:00:00+00:00,3300.5729,3289.7495,27.2937,2025-01-21 16:15:00+00:00,3316.51,2025-01-21 16:30:00+00:00,3309.78,2025-01-21 16:45:00+00:00,3311.4349,0.96507,3195.77,3284.2907,3323.221,6,2025-01-21 19:15:00+00:00,3318.2361,TRAILING_STOP,10,6.56,2.5566,2.5619,6.4014,1.45,0.055
220,BNBUSDT,LONG,spot,2025-01-22 19:00:00+00:00,695.208,694.407,2.0856,2025-01-22 20:00:00+00:00,697.6,2025-01-22 21:00:00+00:00,695.7,2025-01-22 21:15:00+00:00,696.0479,7.453863,5188.25,693.9899,695.2528,3,2025-01-22 23:00:00+00:00,694.2099,TRAILING_STOP,7,-13.7,4.1506,4.1396,10.3559,-21.99,-1.434
221,ETHUSDT,LONG,spot,2025-01-23 16:30:00+00:00,3246.1392,3234.8322,23.7127,2025-01-23 17:45:00+00:00,3265.85,2025-01-23 18:15:00+00:00,3258.8,2025-01-23 18:30:00+00:00,3260.4294,0.860037,2804.09,3230.0896,3230.0896,0,2025-01-23 19:00:00+00:00,3225.2445,STOP_LOSS,2,-30.26,2.2433,2.2191,5.5628,-34.72,-1.331
222,SOLUSDT,LONG,spot,2025-01-23 17:45:00+00:00,250.5885,249.2993,2.9498,2025-01-23 18:15:00+00:00,252.92,2025-01-23 18:30:00+00:00,250.81,2025-01-23 18:45:00+00:00,250.9354,11.679399,2930.77,248.7094,248.7094,0,2025-01-23 19:00:00+00:00,248.3363,STOP_LOSS,1,-30.36,2.3446,2.3203,5.816,-35.02,-1.347
223,SOLUSDT,LONG,spot,2025-01-23 23:00:00+00:00,250.3731,249.6622,3.4744,2025-01-23 23:15:00+00:00,253.57,2025-01-24 01:15:00+00:00,252.69,2025-01-24 01:30:00+00:00,252.8163,6.688637,1691.0,248.9673,248.9673,0,2025-01-24 01:45:00+00:00,248.5939,STOP_LOSS,1,-28.24,1.3528,1.3302,3.3396,-30.93,-1.201
224,SOLUSDT,LONG,spot,2025-01-24 03:45:00+00:00,251.0729,250.6863,2.5674,2025-01-24 04:00:00+00:00,252.86,2025-01-24 04:15:00+00:00,251.29,2025-01-24 04:30:00+00:00,251.4256,20.152332,5066.81,250.1728,259.596,12,2025-01-24 07:45:00+00:00,259.2066,TRAILING_STOP,13,156.81,4.0535,4.1789,10.3688,148.57,5.885
225,SOLUSDT,LONG,spot,2025-01-26 17:00:00+00:00,255.723,255.3475,1.2704,2025-01-26 18:00:00+00:00,256.37,2025-01-26 19:45:00+00:00,256.28,2025-01-26 20:00:00+00:00,256.4181,19.878388,5097.18,255.0934,255.0934,0,2025-01-26 20:30:00+00:00,254.7108,STOP_LOSS,2,-33.94,4.0777,4.0506,10.1435,-42.07,-1.598
226,SOLUSDT,LONG,spot,2025-01-31 12:45:00+00:00,237.7249,237.5327,1.245,2025-01-31 13:00:00+00:00,241.16,2025-01-31 14:30:00+00:00,238.35,2025-01-31 14:45:00+00:00,238.4792,21.688491,5172.25,237.2837,237.2837,0,2025-01-31 15:00:00+00:00,236.1453,STOP_LOSS,1,-50.62,4.1378,4.0973,10.2686,-58.85,-2.27
227,BTCUSDT,LONG,spot,2025-01-31 14:15:00+00:00,104610.756,104576.203,240.3891,2025-01-31 15:00:00+00:00,104869.49,2025-01-31 15:15:00+00:00,105166.25,2025-01-31 15:30:00+00:00,105218.8231,0.037394,3934.59,104528.1252,105095.6386,2,2025-01-31 16:15:00+00:00,104937.9951,TRAILING_STOP,3,-10.5,3.1477,3.1393,7.8534,-16.79,-0.65
228,ETHUSDT,LONG,spot,2025-02-05 23:45:00+00:00,2770.9766,2764.962,24.3315,2025-02-06 00:00:00+00:00,2792.58,2025-02-06 00:30:00+00:00,2775.37,2025-02-06 00:45:00+00:00,2776.7677,1.54416,4287.77,2760.0957,2760.0957,0,2025-02-06 01:00:00+00:00,2755.9555,STOP_LOSS,1,-32.14,3.4302,3.4045,8.5273,-38.97,-1.514
229,SOLUSDT,LONG,spot,2025-02-10 03:15:00+00:00,199.8471,199.5609,2.0691,2025-02-10 03:30:00+00:00,203.73,2025-02-10 05:00:00+00:00,201.87,2025-02-10 05:15:00+00:00,201.9709,9.047751,1827.38,199.1471,203.4511,8,2025-02-10 10:30:00+00:00,203.146,TRAILING_STOP,21,10.63,1.4619,1.4704,3.6707,7.7,0.301
230,ETHUSDT,LONG,spot,2025-02-13 23:30:00+00:00,2664.2706,2660.3157,9.7626,2025-02-13 23:45:00+00:00,2675.87,2025-02-14 00:00:00+00:00,2666.69,2025-02-14 00:15:00+00:00,2668.0233,1.898936,5066.41,2658.3631,2698.5468,13,2025-02-14 04:45:00+00:00,2694.499,TRAILING_STOP,18,50.28,4.0531,4.0933,10.2082,42.13,2.297
231,ETHUSDT,LONG,spot,2025-02-16 06:00:00+00:00,2700.885,2698.869,7.5416,2025-02-16 06:15:00+00:00,2716.92,2025-02-16 07:00:00+00:00,2704.49,2025-02-16 07:15:00+00:00,2705.8522,1.887803,5108.11,2697.3607,2697.3607,0,2025-02-16 07:30:00+00:00,2690.5881,STOP_LOSS,1,-28.82,4.0865,4.0634,10.173,-36.97,-2.306
232,ETHUSDT,LONG,spot,2025-02-16 09:45:00+00:00,2700.9458,2699.8422,7.4763,2025-02-16 10:00:00+00:00,2707.54,2025-02-16 10:30:00+00:00,2704.0,2025-02-16 10:45:00+00:00,2705.342,1.874631,5071.52,2698.347,2698.347,0,2025-02-16 11:00:00+00:00,2691.8562,STOP_LOSS,1,-25.28,4.0572,4.037,10.1051,-33.38,-2.545
233,ETHUSDT,LONG,spot,2025-02-16 11:15:00+00:00,2702.0013,2700.6797,7.8698,2025-02-16 11:30:00+00:00,2708.21,2025-02-16 13:00:00+00:00,2704.98,2025-02-16 13:15:00+00:00,2706.3325,1.861736,5038.48,2699.1057,2699.1057,0,2025-02-16 13:30:00+00:00,2695.0571,STOP_LOSS,1,-20.99,4.0308,4.014,10.0455,-29.04,-2.158
234,ETHUSDT,LONG,spot,2025-02-20 17:00:00+00:00,2732.3073,2726.6673,14.4356,2025-02-20 18:00:00+00:00,2748.96,2025-02-20 18:45:00+00:00,2737.7,2025-02-20 19:00:00+00:00,2739.0688,1.654933,4532.98,2723.7802,2745.261,5,2025-02-20 21:00:00+00:00,2741.1432,TRAILING_STOP,8,3.43,3.6264,3.6291,9.0711,-3.82,-0.151
235,BTCUSDT,LONG,spot,2025-03-07 13:30:00+00:00,89055.6996,88794.4457,592.7218,2025-03-07 14:00:00+00:00,89404.17,2025-03-07 14:15:00+00:00,89125.99,2025-03-07 14:30:00+00:00,89170.563,0.051111,4557.58,88675.9014,89362.7328,2,2025-03-07 15:15:00+00:00,89228.6887,TRAILING_STOP,3,2.97,3.6461,3.6484,9.1196,-4.32,-0.171
236,BNBUSDT,LONG,spot,2025-03-08 13:45:00+00:00,597.0105,596.5188,1.723,2025-03-08 14:00:00+00:00,598.57,2025-03-08 14:45:00+00:00,597.37,2025-03-08 15:00:00+00:00,597.6587,8.368767,5001.67,596.1742,596.8234,1,2025-03-08 16:15:00+00:00,595.9281,TRAILING_STOP,5,-14.48,4.0013,3.9897,9.9816,-22.47,-1.809
237,BNBUSDT,LONG,spot,2025-03-08 17:00:00+00:00,597.7746,597.2516,1.7804,2025-03-08 17:15:00+00:00,599.54,2025-03-08 19:15:00+00:00,599.23,2025-03-08 19:30:00+00:00,599.5296,8.30554,4979.42,596.8955,596.8955,0,2025-03-08 21:30:00+00:00,596.0001,STOP_LOSS,8,-29.31,3.9835,3.9601,9.9149,-37.26,-1.703
238,SOLUSDT,LONG,spot,2025-03-14 02:30:00+00:00,124.0745,123.7668,0.7078,2025-03-14 02:45:00+00:00,125.22,2025-03-14 03:30:00+00:00,124.39,2025-03-14 03:45:00+00:00,124.4622,29.823269,3711.87,123.6252,125.5264,14,2025-03-14 11:45:00+00:00,126.1069,TIME_EXIT_8H,32,49.05,2.9695,3.0087,3.7364,43.07,1.726
239,SOLUSDT,LONG,spot,2025-03-17 19:30:00+00:00,128.7236,128.3768,0.8421,2025-03-17 19:45:00+00:00,129.84,2025-03-17 20:45:00+00:00,128.78,2025-03-17 21:00:00+00:00,128.8544,38.688426,4985.17,128.2084,128.2084,0,2025-03-17 21:15:00+00:00,128.0161,STOP_LOSS,1,-32.43,3.9881,3.9622,9.9217,-40.38,-1.616
240,BNBUSDT,LONG,spot,2025-03-18 15:00:00+00:00,631.102,629.6353,3.2845,2025-03-18 16:15:00+00:00,634.17,2025-03-18 17:30:00+00:00,631.62,2025-03-18 17:45:00+00:00,631.9358,7.825468,4945.19,628.9784,630.3151,5,2025-03-18 20:00:00+00:00,629.3697,TRAILING_STOP,9,-20.08,3.9562,3.9401,9.8603,-27.98,-1.209
241,ETHUSDT,LONG,spot,2025-03-22 01:00:00+00:00,1972.6459,1969.9238,6.0222,2025-03-22 01:15:00+00:00,1980.67,2025-03-22 01:30:00+00:00,1976.08,2025-03-22 01:45:00+00:00,1977.068,2.487267,4917.5,1968.7194,1985.8513,17,2025-03-22 07:15:00+00:00,1982.8725,TRAILING_STOP,22,14.44,3.934,3.9455,9.8566,6.56,0.316
242,ETHUSDT,LONG,spot,2025-03-25 14:15:00+00:00,2064.995,2063.3526,9.2045,2025-03-25 14:30:00+00:00,2077.98,2025-03-25 15:45:00+00:00,2067.67,2025-03-25 16:00:00+00:00,2068.7038,2.380229,4923.99,2061.5117,2061.5117,0,2025-03-25 16:30:00+00:00,2058.4195,STOP_LOSS,2,-24.48,3.9392,3.9196,9.8113,-32.34,-1.889
243,ETHUSDT,LONG,spot,2025-03-25 23:45:00+00:00,2067.2318,2066.1418,7.1743,2025-03-26 00:30:00+00:00,2075.79,2025-03-26 01:00:00+00:00,2069.49,2025-03-26 01:15:00+00:00,2070.5347,2.362662,4891.97,2064.707,2065.5971,2,2025-03-26 02:00:00+00:00,2062.4987,TRAILING_STOP,3,-18.99,3.9136,3.8984,9.7555,-26.8,-1.946
244,ETHUSDT,LONG,spot,2025-04-04 18:00:00+00:00,1801.2619,1798.5533,15.8189,2025-04-04 18:15:00+00:00,1811.19,2025-04-04 19:00:00+00:00,1813.21,2025-04-04 19:15:00+00:00,1814.1266,1.311463,2379.16,1795.3896,1795.3896,0,2025-04-05 03:15:00+00:00,1809.085,TIME_EXIT_8H,32,-6.61,1.9033,1.898,2.3759,-10.41,-0.424
245,BTCUSDT,LONG,spot,2025-04-06 00:45:00+00:00,83253.2672,83182.0766,164.0039,2025-04-06 01:00:00+00:00,83540.84,2025-04-06 03:00:00+00:00,83358.49,2025-04-06 03:15:00+00:00,83400.1692,0.058215,4855.13,83149.2758,83149.2758,0,2025-04-06 06:30:00+00:00,83024.5519,STOP_LOSS,13,-21.87,3.8841,3.8666,9.6775,-29.62,-2.028
246,BNBUSDT,LONG,spot,2025-04-10 19:15:00+00:00,574.7715,573.7564,2.2904,2025-04-10 20:30:00+00:00,576.25,2025-04-10 21:15:00+00:00,575.37,2025-04-10 21:30:00+00:00,575.6577,8.383129,4825.81,573.2983,576.5726,6,2025-04-11 00:30:00+00:00,575.7078,TRAILING_STOP,12,0.42,3.8607,3.861,9.6523,-7.3,-0.369
247,SOLUSDT,LONG,spot,2025-04-11 00:30:00+00:00,112.6658,112.4707,0.5927,2025-04-11 01:15:00+00:00,113.09,2025-04-11 01:30:00+00:00,113.16,2025-04-11 01:45:00+00:00,113.2266,27.831656,3151.28,112.3522,116.3751,19,2025-04-11 07:00:00+00:00,116.2006,TRAILING_STOP,21,82.77,2.521,2.5872,6.4267,77.66,3.191
248,ETHUSDT,LONG,spot,2025-04-11 14:45:00+00:00,1559.2364,1553.2622,13.5801,2025-04-11 15:30:00+00:00,1567.39,2025-04-11 16:00:00+00:00,1560.37,2025-04-11 16:15:00+00:00,1561.1502,2.33163,3640.02,1550.5462,1569.8314,7,2025-04-11 18:15:00+00:00,1567.4766,TRAILING_STOP,8,14.75,2.912,2.9238,7.3022,8.92,0.361
249,BTCUSDT,LONG,spot,2025-04-14 10:15:00+00:00,84553.9361,84425.3284,283.8386,2025-04-14 10:30:00+00:00,84792.68,2025-04-14 11:00:00+00:00,84791.49,2025-04-14 11:15:00+00:00,84833.8857,0.05323,4515.69,84368.5607,84368.5607,0,2025-04-14 13:30:00+00:00,84242.0078,STOP_LOSS,9,-31.51,3.6126,3.5873,8.9841,-38.71,-1.563
250,ETHUSDT,LONG,spot,2025-04-15 02:45:00+00:00,1632.6183,1628.5562,9.3167,2025-04-15 03:30:00+00:00,1639.44,2025-04-15 04:15:00+00:00,1632.64,2025-04-15 04:30:00+00:00,1633.4563,2.978946,4865.98,1626.6928,1634.8241,6,2025-04-15 06:15:00+00:00,1632.3719,TRAILING_STOP,7,-3.23,3.8928,3.8902,9.7271,-11.01,-0.547
251,ETHUSDT,LONG,spot,2025-04-15 05:00:00+00:00,1633.7174,1633.2317,6.9449,2025-04-15 05:15:00+00:00,1641.96,2025-04-15 06:15:00+00:00,1638.83,2025-04-15 06:30:00+00:00,1639.6494,2.961044,4855.07,1631.8427,1639.9595,2,2025-04-15 09:30:00+00:00,1637.4996,TRAILING_STOP,12,-6.37,3.8841,3.879,9.7006,-14.13,-0.611
252,ETHUSDT,LONG,spot,2025-04-15 11:30:00+00:00,1637.1043,1635.7439,7.2284,2025-04-15 12:45:00+00:00,1641.94,2025-04-15 13:15:00+00:00,1640.03,2025-04-15 13:30:00+00:00,1640.85,2.950353,4841.09,1634.2982,1634.2982,0,2025-04-15 13:45:00+00:00,1631.8468,STOP_LOSS,1,-26.56,3.8729,3.8516,9.6423,-34.29,-1.774
253,BNBUSDT,LONG,spot,2025-04-16 16:00:00+00:00,582.1934,581.4717,1.5485,2025-04-16 16:45:00+00:00,583.85,2025-04-16 17:30:00+00:00,582.4,2025-04-16 17:45:00+00:00,582.6912,8.249897,4807.14,581.162,581.162,0,2025-04-16 18:00:00+00:00,575.8449,STOP_LOSS,1,-56.48,3.8457,3.8005,9.5296,-64.13,-5.083
254,BTCUSDT,LONG,spot,2025-04-16 20:15:00+00:00,84327.1732,84220.6112,440.012,2025-04-16 21:15:00+00:00,84580.86,2025-04-16 22:15:00+00:00,84365.98,2025-04-16 22:30:00+00:00,84408.173,0.056199,4743.66,84132.6088,84132.6088,0,2025-04-16 23:30:00+00:00,84006.4099,STOP_LOSS,4,-22.58,3.7949,3.7769,9.4534,-30.15,-1.947
255,ETHUSDT,LONG,spot,2025-04-18 12:30:00+00:00,1587.962,1586.4769,4.2466,2025-04-18 12:45:00+00:00,1593.24,2025-04-18 13:00:00+00:00,1589.14,2025-04-18 13:15:00+00:00,1589.9446,2.964762,4713.81,1585.6276,1587.4777,2,2025-04-18 14:30:00+00:00,1585.0964,TRAILING_STOP,5,-14.37,3.771,3.7595,9.4061,-21.9,-1.711
256,SOLUSDT,LONG,spot,2025-04-18 18:30:00+00:00,133.9621,133.7735,0.4913,2025-04-18 19:15:00+00:00,134.35,2025-04-18 19:30:00+00:00,134.01,2025-04-18 19:45:00+00:00,134.077,34.995729,4692.12,133.6752,133.6752,0,2025-04-18 20:30:00+00:00,133.4747,STOP_LOSS,3,-21.08,3.7537,3.7368,9.3526,-28.57,-2.032
257,SOLUSDT,LONG,spot,2025-04-18 20:15:00+00:00,133.9914,133.8785,0.4369,2025-04-18 21:30:00+00:00,134.36,2025-04-18 22:15:00+00:00,134.16,2025-04-18 22:30:00+00:00,134.2271,34.745891,4663.84,133.7911,133.7911,0,2025-04-18 23:00:00+00:00,133.5904,STOP_LOSS,2,-22.12,3.7311,3.7134,9.2945,-29.57,-1.952
258,ETHUSDT,LONG,spot,2025-04-24 22:15:00+00:00,1763.9575,1761.2082,6.5511,2025-04-24 23:15:00+00:00,1769.54,2025-04-25 00:00:00+00:00,1766.48,2025-04-25 00:15:00+00:00,1767.3632,2.622307,4634.57,1759.898,1774.857,3,2025-04-25 01:15:00+00:00,1772.1947,TRAILING_STOP,4,12.67,3.7077,3.7178,9.2881,5.24,0.268
259,ETHUSDT,LONG,spot,2025-04-25 00:45:00+00:00,1766.2833,1764.0902,6.0433,2025-04-25 01:00:00+00:00,1781.49,2025-04-25 01:30:00+00:00,1771.83,2025-04-25 01:45:00+00:00,1772.7259,2.380366,4219.74,1762.8816,1762.8816,0,2025-04-25 02:00:00+00:00,1760.2373,STOP_LOSS,1,-29.73,3.3758,3.352,8.3949,-36.46,-1.556
260,ETHUSDT,LONG,spot,2025-04-25 04:30:00+00:00,1763.745,1761.8465,9.2329,2025-04-25 05:00:00+00:00,1769.41,2025-04-25 05:30:00+00:00,1765.44,2025-04-25 05:45:00+00:00,1766.3227,2.606358,4603.67,1759.9999,1769.4338,10,2025-04-25 09:00:00+00:00,1766.7797,TRAILING_STOP,13,1.19,3.6829,3.6839,9.2091,-6.18,-0.375
261,ETHUSDT,LONG,spot,2025-04-26 14:45:00+00:00,1796.7886,1794.2718,7.3009,2025-04-26 15:15:00+00:00,1802.41,2025-04-26 16:00:00+00:00,1799.38,2025-04-26 16:15:00+00:00,1800.2797,2.553801,4597.56,1792.8116,1807.7988,10,2025-04-26 20:45:00+00:00,1805.0871,TRAILING_STOP,18,12.28,3.678,3.6879,9.2135,4.91,0.258
262,ETHUSDT,LONG,spot,2025-04-27 08:45:00+00:00,1808.4703,1806.409,5.5649,2025-04-27 09:30:00+00:00,1812.55,2025-04-27 10:00:00+00:00,1811.61,2025-04-27 10:15:00+00:00,1812.5058,2.539257,4602.42,1805.2961,1805.2961,0,2025-04-27 11:00:00+00:00,1802.5881,STOP_LOSS,3,-25.18,3.6819,3.6618,9.1671,-32.53,-1.777
263,BTCUSDT,LONG,spot,2025-04-27 19:45:00+00:00,94156.8962,94098.4192,124.4731,2025-04-27 20:00:00+00:00,94310.44,2025-04-27 21:15:00+00:00,94356.0,2025-04-27 21:30:00+00:00,94403.178,0.048412,4570.22,94073.5246,94073.5246,0,2025-04-27 22:00:00+00:00,93932.4143,STOP_LOSS,2,-22.79,3.6562,3.6379,9.1062,-30.08,-1.885
264,ETHUSDT,LONG,spot,2025-04-29 02:15:00+00:00,1796.5418,1792.4159,8.8596,2025-04-29 03:45:00+00:00,1802.08,2025-04-29 04:30:00+00:00,1796.8,2025-04-29 04:45:00+00:00,1797.6884,2.525706,4540.43,1790.644,1790.644,0,2025-04-29 05:00:00+00:00,1787.958,STOP_LOSS,1,-24.58,3.6323,3.6127,9.044,-31.82,-1.788
265,SOLUSDT,LONG,spot,2025-04-29 16:15:00+00:00,148.1712,148.1379,0.7353,2025-04-29 16:30:00+00:00,149.32,2025-04-29 16:45:00+00:00,148.39,2025-04-29 17:00:00+00:00,148.4542,30.372529,4508.93,147.9909,149.1382,6,2025-04-29 20:00:00+00:00,148.9145,TRAILING_STOP,12,13.98,3.6071,3.6183,9.0388,6.76,0.48
266,ETHUSDT,LONG,spot,2025-05-02 13:00:00+00:00,1833.2731,1831.415,7.544,2025-05-02 14:00:00+00:00,1837.91,2025-05-02 15:15:00+00:00,1836.1,2025-05-02 15:30:00+00:00,1837.018,2.458124,4515.62,1829.9062,1850.6898,4,2025-05-02 17:00:00+00:00,1847.9138,TRAILING_STOP,6,26.78,3.6125,3.6339,9.0714,19.54,1.118
267,BNBUSDT,LONG,spot,2025-05-03 19:45:00+00:00,598.748,598.4132,0.7432,2025-05-03 20:00:00+00:00,599.54,2025-05-03 21:15:00+00:00,599.51,2025-05-03 21:30:00+00:00,599.8098,7.560661,4534.96,598.2646,598.2646,0,2025-05-04 03:00:00+00:00,597.3672,STOP_LOSS,22,-18.47,3.628,3.6132,9.0422,-25.71,-2.201
268,ETHUSDT,LONG,spot,2025-05-05 19:15:00+00:00,1814.6967,1812.2001,6.2774,2025-05-05 19:30:00+00:00,1817.99,2025-05-05 19:45:00+00:00,1816.44,2025-05-05 20:00:00+00:00,1817.3482,2.481367,4509.51,1810.9446,1810.9446,0,2025-05-05 20:30:00+00:00,1808.2282,STOP_LOSS,2,-22.63,3.6076,3.5895,8.9851,-29.83,-1.877
269,ETHUSDT,LONG,spot,2025-05-05 22:30:00+00:00,1816.6078,1813.9791,6.7209,2025-05-05 22:45:00+00:00,1826.09,2025-05-05 23:45:00+00:00,1820.19,2025-05-06 00:00:00+00:00,1821.1001,2.460039,4479.98,1812.635,1812.635,0,2025-05-06 00:30:00+00:00,1809.916,STOP_LOSS,2,-27.51,3.584,3.562,8.9187,-34.66,-1.664
270,BNBUSDT,LONG,spot,2025-05-06 14:45:00+00:00,596.9295,596.4141,1.3517,2025-05-06 15:00:00+00:00,598.18,2025-05-06 17:00:00+00:00,598.18,2025-05-06 17:15:00+00:00,598.4791,7.428272,4445.67,596.1438,600.6361,3,2025-05-06 19:30:00+00:00,599.7352,TRAILING_STOP,9,9.33,3.5565,3.564,8.9053,2.21,0.127
271,ETHUSDT,LONG,spot,2025-05-11 19:00:00+00:00,2496.5986,2488.2163,17.9845,2025-05-11 19:15:00+00:00,2516.03,2025-05-11 20:00:00+00:00,2504.71,2025-05-11 20:15:00+00:00,2505.9624,1.052522,2637.58,2484.6194,2498.7058,1,2025-05-11 22:15:00+00:00,2494.9577,TRAILING_STOP,8,-11.58,2.1101,2.1008,5.2578,-15.79,-0.703
272,BTCUSDT,LONG,spot,2025-05-11 22:45:00+00:00,104157.7737,104050.6667,327.0498,2025-05-12 00:00:00+00:00,104328.04,2025-05-12 01:15:00+00:00,104280.01,2025-05-12 01:30:00+00:00,104332.15,0.042482,4432.22,103985.2567,103985.2567,0,2025-05-12 01:45:00+00:00,103829.2788,STOP_LOSS,1,-21.36,3.5458,3.5287,8.8324,-28.44,-1.93
273,SOLUSDT,LONG,spot,2025-05-12 03:30:00+00:00,173.9038,173.2806,1.4212,2025-05-12 03:45:00+00:00,174.9,2025-05-12 05:30:00+00:00,174.81,2025-05-12 05:45:00+00:00,174.9074,11.638789,2035.71,172.9963,176.792,2,2025-05-12 07:45:00+00:00,176.5268,TRAILING_STOP,8,18.85,1.6286,1.6436,4.0997,15.58,0.7
274,BTCUSDT,LONG,spot,2025-05-12 06:30:00+00:00,104084.901,104045.1432,234.7843,2025-05-12 06:45:00+00:00,104384.8,2025-05-12 08:00:00+00:00,104296.96,2025-05-12 08:15:00+00:00,104349.1085,0.042353,4419.48,103998.1863,104206.9796,8,2025-05-12 11:30:00+00:00,104050.6691,TRAILING_STOP,13,-12.64,3.5356,3.5255,8.82,-19.7,-1.326
275,SOLUSDT,LONG,spot,2025-05-21 19:30:00+00:00,169.5317,169.0723,1.9454,2025-05-21 19:45:00+00:00,171.14,2025-05-21 20:45:00+00:00,169.72,2025-05-21 21:00:00+00:00,169.8049,19.81283,3364.31,168.6833,173.3571,11,2025-05-22 01:30:00+00:00,173.0971,TRAILING_STOP,18,65.23,2.6915,2.7436,6.8265,59.79,2.691
276,ETHUSDT,LONG,spot,2025-05-27 03:30:00+00:00,2550.51,2547.3461,11.2618,2025-05-27 04:15:00+00:00,2559.29,2025-05-27 05:15:00+00:00,2555.59,2025-05-27 05:30:00+00:00,2556.8678,1.743999,4459.18,2545.0938,2582.7748,4,2025-05-27 06:45:00+00:00,2578.9006,TRAILING_STOP,5,38.43,3.5673,3.5981,8.976,31.26,1.522
277,BNBUSDT,LONG,spot,2025-05-27 03:15:00+00:00,672.6062,672.1521,1.7782,2025-05-27 03:30:00+00:00,673.6,2025-05-27 05:15:00+00:00,673.46,2025-05-27 05:30:00+00:00,673.7867,6.61284,4455.64,671.7965,678.0165,3,2025-05-27 06:45:00+00:00,676.9995,TRAILING_STOP,5,21.25,3.5645,3.5815,8.9432,14.1,1.071
278,ETHUSDT,LONG,spot,2025-05-28 17:30:00+00:00,2643.9617,2640.6499,13.8981,2025-05-28 17:45:00+00:00,2652.8,2025-05-28 18:15:00+00:00,2645.4,2025-05-28 18:30:00+00:00,2646.7227,1.701758,4504.08,2637.8703,2637.8703,0,2025-05-28 18:45:00+00:00,2633.9135,STOP_LOSS,1,-21.8,3.6033,3.5858,8.9755,-28.99,-1.924
279,BNBUSDT,LONG,spot,2025-05-28 20:15:00+00:00,685.3143,684.4915,2.0168,2025-05-28 20:30:00+00:00,687.24,2025-05-28 22:15:00+00:00,685.9,2025-05-28 22:30:00+00:00,686.2429,6.521573,4475.38,684.0882,688.3781,10,2025-05-29 02:15:00+00:00,687.3455,TRAILING_STOP,15,7.19,3.5803,3.5861,8.9616,0.02,0.002
280,ETHUSDT,LONG,spot,2025-05-28 21:15:00+00:00,2640.5814,2637.1743,12.6564,2025-05-28 21:30:00+00:00,2647.17,2025-05-28 22:30:00+00:00,2644.94,2025-05-28 22:45:00+00:00,2646.2725,1.689863,4471.84,2634.643,2751.1011,16,2025-05-29 03:30:00+00:00,2746.9745,TRAILING_STOP,19,170.17,3.5775,3.7136,9.1989,162.88,8.288
281,BTCUSDT,LONG,spot,2025-06-02 21:00:00+00:00,104606.6818,104521.3002,278.6829,2025-06-02 21:15:00+00:00,104792.61,2025-06-02 21:30:00+00:00,104700.01,2025-06-02 21:45:00+00:00,104752.36,0.044263,4636.66,104465.5636,106008.7078,17,2025-06-03 02:30:00+00:00,105849.6947,TRAILING_STOP,19,48.57,3.7093,3.7482,9.3462,41.11,3.239
282,BNBUSDT,LONG,spot,2025-06-12 01:15:00+00:00,667.6409,667.0347,1.5393,2025-06-12 01:30:00+00:00,668.45,2025-06-12 01:45:00+00:00,668.99,2025-06-12 02:00:00+00:00,669.3245,6.988185,4677.36,666.7268,666.7268,0,2025-06-12 03:15:00+00:00,665.7268,STOP_LOSS,5,-25.14,3.7419,3.7218,9.317,-32.61,-1.796
283,BNBUSDT,LONG,spot,2025-06-17 03:15:00+00:00,654.994,654.2927,1.5591,2025-06-17 03:30:00+00:00,655.84,2025-06-17 04:15:00+00:00,655.7,2025-06-17 04:30:00+00:00,656.0279,7.08062,4645.08,653.9808,656.6888,1,2025-06-17 07:15:00+00:00,655.7037,TRAILING_STOP,11,-2.3,3.7161,3.7142,9.2867,-9.73,-0.671
284,SOLUSDT,LONG,spot,2025-06-26 06:00:00+00:00,145.0695,144.7954,0.7111,2025-06-26 07:15:00+00:00,145.5,2025-06-26 07:45:00+00:00,145.15,2025-06-26 08:00:00+00:00,145.2326,31.917465,4635.46,144.6532,144.6532,0,2025-06-26 09:00:00+00:00,144.4362,STOP_LOSS,4,-25.42,3.7084,3.688,9.2328,-32.82,-1.774
285,ETHUSDT,LONG,spot,2025-06-27 04:45:00+00:00,2436.3441,2433.0908,7.1465,2025-06-27 05:00:00+00:00,2449.45,2025-06-27 05:15:00+00:00,2436.61,2025-06-27 05:30:00+00:00,2437.8183,1.888151,4602.97,2431.6615,2443.0427,5,2025-06-27 07:30:00+00:00,2439.3781,TRAILING_STOP,8,2.95,3.6824,3.6847,9.2104,-4.42,-0.38
286,SOLUSDT,LONG,spot,2025-06-27 15:30:00+00:00,142.1673,141.7771,0.8454,2025-06-27 15:45:00+00:00,143.47,2025-06-27 17:15:00+00:00,142.34,2025-06-27 17:30:00+00:00,142.4112,28.91765,4118.2,141.608,141.608,0,2025-06-27 17:45:00+00:00,141.3377,STOP_LOSS,1,-31.04,3.2946,3.2697,8.1898,-37.61,-1.619
287,SOLUSDT,LONG,spot,2025-06-30 14:15:00+00:00,150.8471,150.6034,0.7135,2025-06-30 14:30:00+00:00,152.15,2025-06-30 14:45:00+00:00,151.34,2025-06-30 15:00:00+00:00,151.4157,24.123935,3652.74,150.4607,156.4069,5,2025-06-30 16:30:00+00:00,156.1723,TRAILING_STOP,6,114.75,2.9222,3.014,7.4776,108.81,4.723
288,ETHUSDT,LONG,spot,2025-06-30 15:45:00+00:00,2467.5197,2462.049,15.5353,2025-06-30 16:00:00+00:00,2477.39,2025-06-30 16:30:00+00:00,2472.64,2025-06-30 16:45:00+00:00,2473.8863,1.577935,3903.63,2458.942,2498.4596,12,2025-06-30 21:00:00+00:00,2494.7119,TRAILING_STOP,17,32.86,3.1229,3.1492,7.8566,26.59,1.128
289,SOLUSDT,LONG,spot,2025-07-04 00:00:00+00:00,152.6017,152.4719,0.4397,2025-07-04 01:00:00+00:00,152.87,2025-07-04 01:30:00+00:00,152.66,2025-07-04 01:45:00+00:00,152.7263,30.743927,4695.41,152.384,152.384,0,2025-07-04 02:00:00+00:00,152.1554,STOP_LOSS,1,-17.55,3.7563,3.7423,9.3645,-25.05,-2.38
290,SOLUSDT,LONG,spot,2025-07-12 05:45:00+00:00,163.1788,163.001,0.5683,2025-07-12 06:45:00+00:00,163.47,2025-07-12 07:15:00+00:00,163.62,2025-07-12 07:30:00+00:00,163.7118,28.52944,4670.61,162.8873,162.8873,0,2025-07-12 07:45:00+00:00,162.643,STOP_LOSS,1,-30.49,3.7365,3.7121,9.2955,-37.94,-1.613
291,SOLUSDT,LONG,spot,2025-07-19 11:30:00+00:00,177.0983,176.874,0.6822,2025-07-19 13:00:00+00:00,177.74,2025-07-19 13:45:00+00:00,177.47,2025-07-19 14:00:00+00:00,177.5587,26.093025,4633.04,176.7375,176.7375,0,2025-07-19 14:15:00+00:00,176.3551,STOP_LOSS,1,-31.41,3.7064,3.6813,9.219,-38.8,-1.811
292,SOLUSDT,LONG,spot,2025-07-19 15:45:00+00:00,176.9758,176.7036,0.9214,2025-07-19 16:15:00+00:00,177.59,2025-07-19 17:15:00+00:00,177.01,2025-07-19 17:30:00+00:00,177.0985,25.943966,4594.64,176.5193,176.5193,0,2025-07-19 17:45:00+00:00,176.2545,STOP_LOSS,1,-21.9,3.6757,3.6582,9.1564,-29.23,-1.945
293,BTCUSDT,LONG,spot,2025-07-20 08:15:00+00:00,117992.2361,117942.3367,143.9702,2025-07-20 08:30:00+00:00,118164.21,2025-07-20 08:45:00+00:00,118151.14,2025-07-20 09:00:00+00:00,118210.2256,0.038624,4565.7,117913.5427,117913.5427,0,2025-07-20 09:45:00+00:00,117736.6724,STOP_LOSS,3,-18.29,3.6526,3.6379,9.104,-25.58,-2.232
294,BNBUSDT,LONG,spot,2025-07-22 01:45:00+00:00,764.3906,762.527,4.4032,2025-07-22 02:00:00+00:00,769.6,2025-07-22 02:45:00+00:00,766.18,2025-07-22 03:00:00+00:00,766.5431,4.68296,3589.69,761.6464,761.6464,0,2025-07-22 03:15:00+00:00,760.5039,STOP_LOSS,1,-28.28,2.8718,2.8491,7.137,-34.0,-1.483
295,BNBUSDT,LONG,spot,2025-07-22 11:00:00+00:00,760.5026,759.3505,3.248,2025-07-22 11:15:00+00:00,763.36,2025-07-22 11:30:00+00:00,762.83,2025-07-22 11:45:00+00:00,763.2014,5.057461,3859.86,758.7009,758.7009,0,2025-07-22 14:00:00+00:00,757.5628,STOP_LOSS,9,-28.52,3.0879,3.0651,7.6769,-34.67,-1.523
296,BTCUSDT,LONG,spot,2025-07-24 08:45:00+00:00,118391.9917,118308.3058,325.6608,2025-07-24 09:00:00+00:00,118653.44,2025-07-24 09:30:00+00:00,118572.91,2025-07-24 09:45:00+00:00,118632.2065,0.0377,4472.39,118243.1736,118243.1736,0,2025-07-24 10:15:00+00:00,118065.8088,STOP_LOSS,2,-21.35,3.5779,3.5608,8.9128,-28.49,-1.943
297,ETHUSDT,LONG,spot,2025-07-24 11:45:00+00:00,3627.5653,3619.0475,20.2379,2025-07-24 12:00:00+00:00,3643.95,2025-07-24 12:45:00+00:00,3642.65,2025-07-24 13:00:00+00:00,3644.4613,0.761858,2776.56,3615.0,3615.0,0,2025-07-24 14:00:00+00:00,3609.5775,STOP_LOSS,4,-26.58,2.2212,2.2,5.5133,-31.0,-1.381
298,BTCUSDT,LONG,spot,2025-07-24 13:00:00+00:00,118476.4469,118421.0814,247.0455,2025-07-24 13:15:00+00:00,118686.0,2025-07-24 13:30:00+00:00,118614.94,2025-07-24 13:45:00+00:00,118674.2575,0.03743,4441.98,118371.6723,118371.6723,0,2025-07-24 14:00:00+00:00,118050.1388,STOP_LOSS,1,-23.36,3.5536,3.5349,8.8489,-30.45,-2.688
299,BNBUSDT,LONG,spot,2025-07-24 15:45:00+00:00,771.6679,769.5857,5.0276,2025-07-24 16:00:00+00:00,775.9,2025-07-24 16:15:00+00:00,771.82,2025-07-24 16:30:00+00:00,772.2059,5.676401,4383.35,768.5802,779.3162,10,2025-07-24 19:45:00+00:00,778.1472,TRAILING_STOP,13,33.73,3.5067,3.5337,8.8173,26.68,1.297
300,BNBUSDT,LONG,spot,2025-07-25 12:30:00+00:00,769.3794,767.8142,3.794,2025-07-25 12:45:00+00:00,774.24,2025-07-25 14:00:00+00:00,769.81,2025-07-25 14:15:00+00:00,770.1949,5.725523,4409.77,767.0554,767.0554,0,2025-07-25 14:30:00+00:00,765.9049,STOP_LOSS,1,-24.56,3.5278,3.5082,8.7827,-31.6,-1.758
301,SOLUSDT,LONG,spot,2025-07-27 16:00:00+00:00,186.6033,186.4191,0.8506,2025-07-27 16:15:00+00:00,188.47,2025-07-27 17:00:00+00:00,186.81,2025-07-27 17:15:00+00:00,186.9034,23.426464,4378.49,186.2489,186.9738,6,2025-07-27 20:00:00+00:00,186.6396,TRAILING_STOP,11,-6.18,3.5028,3.4978,8.7477,-13.18,-0.86
302,SOLUSDT,LONG,spot,2025-07-27 17:45:00+00:00,187.0475,186.6403,1.1571,2025-07-27 18:00:00+00:00,188.62,2025-07-27 20:00:00+00:00,187.87,2025-07-27 20:15:00+00:00,187.9739,14.087545,2648.09,186.4089,188.5378,3,2025-07-27 23:00:00+00:00,188.255,TRAILING_STOP,11,3.96,2.1185,2.1216,5.3021,-0.28,-0.013
303,ETHUSDT,LONG,spot,2025-07-30 05:45:00+00:00,3804.6589,3797.3159,15.7231,2025-07-30 06:00:00+00:00,3817.02,2025-07-30 07:45:00+00:00,3811.44,2025-07-30 08:00:00+00:00,3813.3457,1.144706,4365.16,3794.1713,3794.1713,0,2025-07-30 09:30:00+00:00,3788.48,STOP_LOSS,6,-28.46,3.4921,3.4694,8.6876,-35.43,-1.614
304,BNBUSDT,LONG,spot,2025-07-31 16:15:00+00:00,798.9488,798.3132,4.0666,2025-07-31 16:30:00+00:00,808.22,2025-07-31 18:00:00+00:00,800.7,2025-07-31 18:15:00+00:00,801.1004,5.405176,4330.09,797.4999,798.7093,1,2025-07-31 19:00:00+00:00,797.5112,TRAILING_STOP,3,-19.4,3.4641,3.4486,8.6311,-26.31,-1.352
305,BNBUSDT,LONG,spot,2025-08-11 18:30:00+00:00,807.1703,805.6851,3.5734,2025-08-11 18:45:00+00:00,810.01,2025-08-11 19:30:00+00:00,807.29,2025-08-11 19:45:00+00:00,807.7036,5.328735,4304.04,804.9705,804.9705,0,2025-08-11 20:00:00+00:00,803.763,STOP_LOSS,1,-21.0,3.4432,3.4264,8.5766,-27.87,-1.913
306,SOLUSDT,LONG,spot,2025-08-22 07:00:00+00:00,182.8842,182.5327,0.8802,2025-08-22 07:15:00+00:00,183.95,2025-08-22 09:15:00+00:00,183.02,2025-08-22 09:30:00+00:00,183.1115,23.354342,4276.45,182.3566,182.3566,0,2025-08-22 10:00:00+00:00,182.0831,STOP_LOSS,2,-24.02,3.4212,3.4019,8.5169,-30.84,-1.749
307,BNBUSDT,LONG,spot,2025-08-25 01:30:00+00:00,874.262,873.0991,4.389,2025-08-25 02:00:00+00:00,877.69,2025-08-25 04:00:00+00:00,874.65,2025-08-25 04:15:00+00:00,875.0873,4.851991,4245.92,872.2213,873.9589,3,2025-08-25 06:00:00+00:00,872.6479,TRAILING_STOP,7,-11.84,3.3967,3.3873,8.4741,-18.62,-1.339
308,ETHUSDT,LONG,spot,2025-09-01 08:30:00+00:00,4426.6725,4421.7126,22.6223,2025-09-01 08:45:00+00:00,4476.25,2025-09-01 10:00:00+00:00,4443.01,2025-09-01 10:15:00+00:00,4445.2215,0.761626,3385.6,4417.1882,4417.1882,0,2025-09-01 10:30:00+00:00,4410.5624,STOP_LOSS,1,-26.4,2.7085,2.6874,6.7316,-31.79,-1.489
309,ETHUSDT,LONG,spot,2025-09-04 11:30:00+00:00,4405.8575,4401.0812,18.4949,2025-09-04 12:00:00+00:00,4417.6,2025-09-04 12:15:00+00:00,4414.72,2025-09-04 12:30:00+00:00,4416.9174,0.949985,4196.01,4397.3822,4397.3822,0,2025-09-04 12:45:00+00:00,4383.8943,STOP_LOSS,1,-31.37,3.3568,3.3317,8.345,-38.06,-2.051
310,ETHUSDT,LONG,spot,2025-09-07 22:45:00+00:00,4293.8815,4292.9098,9.2551,2025-09-07 23:00:00+00:00,4315.96,2025-09-08 00:15:00+00:00,4316.97,2025-09-08 00:30:00+00:00,4319.1285,0.748195,3231.55,4291.0587,4291.0587,0,2025-09-08 01:15:00+00:00,4284.6221,STOP_LOSS,3,-25.82,2.5852,2.5646,6.4244,-30.97,-1.475
311,ETHUSDT,LONG,spot,2025-09-08 03:15:00+00:00,4301.0032,4296.9074,11.9847,2025-09-08 03:30:00+00:00,4317.79,2025-09-08 04:00:00+00:00,4304.81,2025-09-08 04:15:00+00:00,4306.9624,0.958372,4127.67,4294.5105,4294.5105,0,2025-09-08 05:15:00+00:00,4288.0687,STOP_LOSS,4,-18.11,3.3021,3.2877,8.2282,-24.7,-2.07
313,ETHUSDT,LONG,spot,2025-09-10 03:00:00+00:00,4311.8745,4308.2978,10.5729,2025-09-10 03:45:00+00:00,4320.44,2025-09-10 04:00:00+00:00,4317.6,2025-09-10 04:15:00+00:00,4319.7688,0.949118,4099.97,4306.1832,4306.1832,0,2025-09-10 05:00:00+00:00,4299.724,STOP_LOSS,3,-19.02,3.28,3.2648,8.1714,-25.57,-1.983
312,BNBUSDT,LONG,spot,2025-09-10 01:15:00+00:00,878.9237,877.9857,1.9951,2025-09-10 01:30:00+00:00,880.02,2025-09-10 02:00:00+00:00,879.81,2025-09-10 02:15:00+00:00,880.2399,4.66148,4103.22,877.5866,882.514,4,2025-09-10 07:30:00+00:00,881.1902,TRAILING_STOP,21,4.43,3.2826,3.2861,8.2131,-2.14,-0.173
314,ETHUSDT,LONG,spot,2025-09-10 07:00:00+00:00,4312.1168,4310.3828,10.0663,2025-09-10 07:15:00+00:00,4331.0,2025-09-10 09:00:00+00:00,4318.39,2025-09-10 09:15:00+00:00,4320.5592,0.943348,4075.79,4308.3695,4363.4362,9,2025-09-10 12:45:00+00:00,4356.891,TRAILING_STOP,14,34.27,3.2606,3.288,8.203,27.72,2.411
315,BNBUSDT,LONG,spot,2025-09-17 18:45:00+00:00,951.8537,949.6235,5.7004,2025-09-17 19:15:00+00:00,955.62,2025-09-17 21:00:00+00:00,958.27,2025-09-17 21:15:00+00:00,958.7591,2.016739,1933.57,948.4834,984.5905,14,2025-09-18 02:15:00+00:00,983.1136,TRAILING_STOP,20,49.12,1.5469,1.5861,3.9408,45.98,2.219
316,BNBUSDT,LONG,spot,2025-09-24 05:45:00+00:00,1013.6499,1011.9971,6.0409,2025-09-24 06:45:00+00:00,1017.84,2025-09-24 07:15:00+00:00,1015.98,2025-09-24 07:30:00+00:00,1016.498,3.670184,3730.73,1010.7889,1025.5391,4,2025-09-24 10:00:00+00:00,1024.0008,TRAILING_STOP,10,27.54,2.9846,3.0066,7.5028,21.55,1.028
317,BNBUSDT,LONG,spot,2025-09-24 17:00:00+00:00,1016.1205,1015.0747,4.0056,2025-09-24 17:15:00+00:00,1018.6,2025-09-24 17:45:00+00:00,1016.68,2025-09-24 18:00:00+00:00,1017.1983,4.099584,4170.09,1014.2736,1014.2736,0,2025-09-24 18:15:00+00:00,1012.7521,STOP_LOSS,1,-18.23,3.3361,3.3215,8.3128,-24.89,-2.075
318,BNBUSDT,LONG,spot,2025-09-24 22:15:00+00:00,1016.2183,1015.5194,2.9127,2025-09-24 22:30:00+00:00,1018.72,2025-09-24 23:00:00+00:00,1018.55,2025-09-24 23:15:00+00:00,1019.0493,4.067962,4145.45,1014.9368,1014.9368,0,2025-09-25 01:00:00+00:00,1013.4144,STOP_LOSS,7,-22.92,3.3164,3.298,8.2565,-29.54,-1.766
319,BNBUSDT,LONG,spot,2025-09-28 11:30:00+00:00,969.4041,968.5229,2.4758,2025-09-28 11:45:00+00:00,973.22,2025-09-28 12:15:00+00:00,971.09,2025-09-28 12:30:00+00:00,971.5856,4.236593,4116.21,968.0278,968.0278,0,2025-09-28 12:45:00+00:00,966.1885,STOP_LOSS,1,-22.86,3.293,3.2747,8.1981,-29.43,-1.953
320,SOLUSDT,LONG,spot,2025-10-01 02:00:00+00:00,208.8173,208.3858,1.118,2025-10-01 02:15:00+00:00,210.16,2025-10-01 03:15:00+00:00,208.84,2025-10-01 03:30:00+00:00,208.9444,19.560581,4087.07,208.1622,208.1622,0,2025-10-01 03:45:00+00:00,207.5882,STOP_LOSS,1,-26.53,3.2697,3.2484,8.1344,-33.05,-2.16
322,SOLUSDT,LONG,spot,2025-10-01 04:30:00+00:00,208.7358,208.5048,1.0818,2025-10-01 05:00:00+00:00,209.55,2025-10-01 05:30:00+00:00,209.39,2025-10-01 05:45:00+00:00,209.5047,16.834898,3526.99,208.2884,208.2884,0,2025-10-01 06:15:00+00:00,207.976,STOP_LOSS,2,-25.74,2.8216,2.801,7.0154,-31.36,-1.531
321,BNBUSDT,LONG,spot,2025-10-01 04:15:00+00:00,1009.302,1008.4048,3.6825,2025-10-01 04:30:00+00:00,1011.77,2025-10-01 04:45:00+00:00,1009.97,2025-10-01 05:00:00+00:00,1010.465,4.012368,4054.36,1007.6683,1027.8231,7,2025-10-01 10:00:00+00:00,1026.2814,TRAILING_STOP,20,63.46,3.2435,3.2943,8.2039,56.92,5.073
323,BTCUSDT,LONG,spot,2025-10-05 23:30:00+00:00,123099.0845,123055.1444,212.3767,2025-10-05 23:45:00+00:00,123482.31,2025-10-06 00:45:00+00:00,123347.29,2025-10-06 01:00:00+00:00,123408.9636,0.033058,4079.67,123012.6691,123498.5029,5,2025-10-06 02:30:00+00:00,123313.2551,TRAILING_STOP,6,-3.16,3.2637,3.2612,8.1546,-9.69,-0.74
324,BNBUSDT,LONG,spot,2025-10-09 07:00:00+00:00,1297.7202,1295.8426,10.2381,2025-10-09 07:15:00+00:00,1314.69,2025-10-09 08:00:00+00:00,1298.86,2025-10-09 08:15:00+00:00,1299.4994,3.132033,4070.08,1293.795,1293.795,0,2025-10-09 08:30:00+00:00,1284.6302,STOP_LOSS,1,-46.57,3.2561,3.2188,8.0703,-53.05,-2.969
325,ETHUSDT,LONG,spot,2025-10-14 18:30:00+00:00,4071.9275,4052.9718,41.7094,2025-10-14 18:45:00+00:00,4120.91,2025-10-14 19:45:00+00:00,4102.94,2025-10-14 20:00:00+00:00,4105.0115,0.336041,1379.45,4044.6299,4044.6299,0,2025-10-15 04:00:00+00:00,4084.7666,TIME_EXIT_8H,32,-6.8,1.1036,1.0981,1.3761,-9.0,-0.444
326,ETHUSDT,LONG,spot,2025-10-15 06:45:00+00:00,4106.0058,4095.2663,23.5975,2025-10-15 07:00:00+00:00,4119.12,2025-10-15 07:30:00+00:00,4114.52,2025-10-15 07:45:00+00:00,4116.5873,0.777471,3200.53,4090.5468,4170.3426,4,2025-10-15 09:15:00+00:00,4164.087,TRAILING_STOP,6,36.93,2.5604,2.59,6.4565,31.78,1.57
327,BNBUSDT,LONG,spot,2025-10-19 11:00:00+00:00,1090.7517,1089.2401,8.8919,2025-10-19 11:15:00+00:00,1101.62,2025-10-19 13:00:00+00:00,1093.78,2025-10-19 13:15:00+00:00,1094.3369,2.967879,3247.86,1087.4618,1120.6477,15,2025-10-19 17:45:00+00:00,1118.9667,TRAILING_STOP,18,73.1,2.5983,2.6568,6.6054,67.84,3.325
328,SOLUSDT,LONG,spot,2025-10-20 22:30:00+00:00,189.8543,189.5495,0.8777,2025-10-20 22:45:00+00:00,190.74,2025-10-20 23:00:00+00:00,189.91,2025-10-20 23:15:00+00:00,190.005,21.616653,4107.27,189.3739,189.3739,0,2025-10-21 00:00:00+00:00,189.0899,STOP_LOSS,3,-19.78,3.2858,3.27,8.1849,-26.34,-1.931
329,BNBUSDT,LONG,spot,2025-10-25 04:45:00+00:00,1113.6997,1112.3547,3.0775,2025-10-25 05:15:00+00:00,1116.24,2025-10-25 06:45:00+00:00,1114.45,2025-10-25 07:00:00+00:00,1114.9972,3.660276,4081.2,1111.7392,1111.7392,0,2025-10-25 07:30:00+00:00,1110.0716,STOP_LOSS,2,-18.03,3.265,3.2505,8.1354,-24.54,-2.058
330,SOLUSDT,LONG,spot,2025-10-28 03:30:00+00:00,200.3779,200.1717,1.2034,2025-10-28 03:45:00+00:00,201.27,2025-10-28 04:00:00+00:00,201.48,2025-10-28 04:15:00+00:00,201.5907,12.344796,2488.6,199.931,199.931,0,2025-10-28 05:30:00+00:00,199.6311,STOP_LOSS,5,-24.19,1.9909,1.9715,4.9409,-28.15,-1.374
331,ETHUSDT,LONG,spot,2025-10-28 17:30:00+00:00,4126.3498,4123.714,21.98,2025-10-28 17:45:00+00:00,4140.13,2025-10-28 18:00:00+00:00,4146.65,2025-10-28 18:15:00+00:00,4148.7333,0.69177,2869.97,4119.318,4119.318,0,2025-10-28 18:30:00+00:00,4113.1391,STOP_LOSS,1,-24.62,2.296,2.2763,5.703,-29.2,-1.435
332,SOLUSDT,LONG,spot,2025-11-02 23:45:00+00:00,185.4159,185.1234,0.8063,2025-11-03 00:00:00+00:00,188.78,2025-11-03 01:30:00+00:00,186.1,2025-11-03 01:45:00+00:00,186.193,16.413282,3056.04,184.9622,184.9622,0,2025-11-03 02:00:00+00:00,184.6847,STOP_LOSS,1,-24.76,2.4448,2.425,6.0749,-29.63,-1.466
333,BNBUSDT,LONG,spot,2025-11-09 10:30:00+00:00,989.131,988.1048,3.4845,2025-11-09 11:00:00+00:00,992.0,2025-11-09 11:15:00+00:00,989.44,2025-11-09 11:30:00+00:00,989.9247,4.011207,3970.79,987.4079,988.3693,2,2025-11-09 12:45:00+00:00,986.8867,TRAILING_STOP,5,-12.19,3.1766,3.1669,7.9233,-18.53,-1.835
334,SOLUSDT,LONG,spot,2025-11-09 11:15:00+00:00,158.5385,158.2308,0.7057,2025-11-09 11:30:00+00:00,159.09,2025-11-09 12:00:00+00:00,158.95,2025-11-09 12:15:00+00:00,159.0395,21.13001,3360.51,158.0897,160.7138,5,2025-11-09 14:45:00+00:00,160.4727,TRAILING_STOP,10,30.28,2.6884,2.7126,6.7664,24.88,1.24
335,ETHUSDT,LONG,spot,2025-11-10 23:30:00+00:00,3563.9286,3559.1211,17.0101,2025-11-11 00:45:00+00:00,3585.85,2025-11-11 02:00:00+00:00,3588.83,2025-11-11 02:15:00+00:00,3590.6244,0.57545,2066.23,3555.7191,3589.8343,6,2025-11-11 04:00:00+00:00,3584.4496,TRAILING_STOP,7,-3.55,1.653,1.6501,4.1271,-6.86,-0.341
336,ETHUSDT,LONG,spot,2025-11-11 10:30:00+00:00,3567.5977,3562.907,14.9039,2025-11-11 11:15:00+00:00,3577.29,2025-11-11 11:45:00+00:00,3574.14,2025-11-11 12:00:00+00:00,3575.9371,1.110281,3970.29,3559.9262,3559.9262,0,2025-11-11 12:30:00+00:00,3554.5863,STOP_LOSS,2,-23.71,3.1762,3.1573,7.905,-30.04,-1.69
337,ETHUSDT,LONG,spot,2025-11-19 10:30:00+00:00,3082.8335,3078.2759,17.5566,2025-11-19 10:45:00+00:00,3092.0,2025-11-19 11:30:00+00:00,3091.78,2025-11-19 11:45:00+00:00,3093.3259,1.07222,3316.72,3074.7646,3074.7646,0,2025-11-19 13:30:00+00:00,3070.1524,STOP_LOSS,7,-24.85,2.6534,2.6335,6.5962,-30.13,-1.514
338,BTCUSDT,LONG,spot,2025-11-25 18:00:00+00:00,87438.6449,87318.8822,406.9742,2025-11-25 18:15:00+00:00,87646.63,2025-11-25 18:30:00+00:00,87509.99,2025-11-25 18:45:00+00:00,87553.755,0.044667,3910.72,87237.4874,87237.4874,0,2025-11-25 19:00:00+00:00,87106.6311,STOP_LOSS,1,-19.97,3.1286,3.1126,7.7915,-26.21,-1.856
339,SOLUSDT,LONG,spot,2025-11-25 19:45:00+00:00,136.2584,135.9752,1.0834,2025-11-25 20:15:00+00:00,137.39,2025-11-25 22:15:00+00:00,137.23,2025-11-25 22:30:00+00:00,137.2886,12.822884,1760.44,135.7585,138.7912,9,2025-11-26 01:00:00+00:00,138.583,TRAILING_STOP,10,16.6,1.4083,1.4216,3.5458,13.77,0.702
340,BTCUSDT,LONG,spot,2025-11-25 23:00:00+00:00,87350.1125,87244.0968,426.8529,2025-11-26 00:15:00+00:00,87630.66,2025-11-26 01:00:00+00:00,87522.66,2025-11-26 01:15:00+00:00,87566.4213,0.044519,3898.4,87158.7262,87662.3159,6,2025-11-26 03:15:00+00:00,87530.8224,TRAILING_STOP,8,-1.58,3.1187,3.1175,7.7944,-7.82,-0.431
341,BTCUSDT,LONG,spot,2025-11-26 05:00:00+00:00,87442.061,87420.5198,276.2565,2025-11-26 05:30:00+00:00,87635.58,2025-11-26 06:00:00+00:00,87652.63,2025-11-26 06:15:00+00:00,87696.4463,0.044365,3890.66,87365.2685,87365.2685,0,2025-11-26 09:00:00+00:00,87234.2206,STOP_LOSS,11,-20.51,3.1125,3.0961,7.7506,-26.72,-1.818
342,ETHUSDT,LONG,spot,2025-12-08 19:15:00+00:00,3121.5005,3111.3836,23.6143,2025-12-08 20:45:00+00:00,3135.91,2025-12-08 22:30:00+00:00,3124.54,2025-12-08 22:45:00+00:00,3126.0923,1.004361,3139.73,3106.6608,3106.6608,0,2025-12-09 01:00:00+00:00,3102.0008,STOP_LOSS,9,-24.2,2.5118,2.4924,6.2432,-29.2,-1.496
343,ETHUSDT,LONG,spot,2025-12-09 02:15:00+00:00,3122.0884,3116.5866,12.6342,2025-12-09 03:45:00+00:00,3129.26,2025-12-09 04:00:00+00:00,3123.83,2025-12-09 04:15:00+00:00,3125.4019,1.227139,3835.3,3114.0598,3114.0598,0,2025-12-09 04:30:00+00:00,3109.3887,STOP_LOSS,1,-19.65,3.0682,3.0525,7.6411,-25.77,-1.852
344,ETHUSDT,LONG,spot,2025-12-09 07:00:00+00:00,3115.6059,3111.0349,11.314,2025-12-09 07:15:00+00:00,3121.95,2025-12-09 08:30:00+00:00,3121.85,2025-12-09 08:45:00+00:00,3123.4209,1.219749,3809.79,3108.7721,3108.7721,0,2025-12-09 09:30:00+00:00,3104.1089,STOP_LOSS,3,-23.56,3.0478,3.029,7.5842,-29.63,-1.658
345,BTCUSDT,LONG,spot,2025-12-10 16:45:00+00:00,92262.7485,92153.7084,312.5494,2025-12-10 17:30:00+00:00,92435.47,2025-12-10 18:00:00+00:00,92401.28,2025-12-10 18:15:00+00:00,92447.4806,0.040893,3780.45,92091.1985,92326.1251,1,2025-12-10 18:45:00+00:00,92187.6359,TRAILING_STOP,2,-10.63,3.0244,3.0159,7.545,-16.67,-1.144
346,BNBUSDT,LONG,spot,2025-12-10 17:45:00+00:00,893.6448,892.4358,2.7434,2025-12-10 18:00:00+00:00,896.68,2025-12-10 19:00:00+00:00,902.33,2025-12-10 19:15:00+00:00,902.7812,1.744982,1575.34,891.8871,901.4222,2,2025-12-10 20:45:00+00:00,900.07,TRAILING_STOP,6,-4.73,1.2603,1.2565,3.1436,-7.25,-0.381
347,BTCUSDT,LONG,spot,2025-12-10 18:45:00+00:00,92299.628,92218.2368,415.7965,2025-12-10 19:00:00+00:00,93001.71,2025-12-10 19:15:00+00:00,92467.72,2025-12-10 19:30:00+00:00,92514.234,0.040672,3762.71,92135.0775,92892.5005,3,2025-12-10 20:45:00+00:00,92753.1618,TRAILING_STOP,5,9.72,3.0102,3.0179,7.54,3.69,0.239
348,SOLUSDT,LONG,spot,2025-12-10 19:00:00+00:00,137.4664,137.2216,1.4213,2025-12-10 19:45:00+00:00,138.67,2025-12-10 20:45:00+00:00,138.34,2025-12-10 21:00:00+00:00,138.3992,12.992187,1798.11,136.9374,136.9374,0,2025-12-10 22:00:00+00:00,136.732,STOP_LOSS,4,-21.66,1.4385,1.4212,3.5637,-24.52,-1.291
349,BNBUSDT,LONG,spot,2025-12-10 19:45:00+00:00,896.5007,894.2652,5.1439,2025-12-10 20:00:00+00:00,912.49,2025-12-10 21:00:00+00:00,899.68,2025-12-10 21:15:00+00:00,900.1499,2.740558,2466.91,893.2364,893.2364,0,2025-12-10 22:15:00+00:00,891.8966,STOP_LOSS,4,-22.62,1.9735,1.9554,4.8999,-26.55,-1.401
350,BNBUSDT,LONG,spot,2025-12-15 04:45:00+00:00,886.9768,885.7369,2.6436,2025-12-15 05:00:00+00:00,889.71,2025-12-15 06:15:00+00:00,887.08,2025-12-15 06:30:00+00:00,887.5235,4.18003,3709.88,885.2082,887.5905,2,2025-12-15 07:30:00+00:00,886.2591,TRAILING_STOP,4,-5.29,2.9679,2.9637,7.4118,-11.22,-1.159
351,SOLUSDT,LONG,spot,2025-12-21 10:00:00+00:00,125.6835,125.6246,0.3882,2025-12-21 10:15:00+00:00,126.3,2025-12-21 10:45:00+00:00,125.83,2025-12-21 11:00:00+00:00,125.8929,29.38029,3698.77,125.547,125.547,0,2025-12-21 11:15:00+00:00,125.3587,STOP_LOSS,1,-15.7,2.959,2.9465,7.374,-21.6,-2.125
352,ETHUSDT,LONG,spot,2025-12-21 15:45:00+00:00,2978.8396,2974.6277,11.0964,2025-12-21 16:45:00+00:00,2986.07,2025-12-21 17:15:00+00:00,2979.28,2025-12-21 17:30:00+00:00,2980.7696,1.233703,3677.38,2972.4084,2972.4084,0,2025-12-21 18:00:00+00:00,2967.9498,STOP_LOSS,2,-15.82,2.9419,2.9293,7.331,-21.69,-2.102
353,ETHUSDT,LONG,spot,2025-12-21 18:00:00+00:00,2979.1132,2977.6872,10.1325,2025-12-21 18:30:00+00:00,2984.21,2025-12-21 19:30:00+00:00,2988.43,2025-12-21 19:45:00+00:00,2989.9242,1.222745,3655.91,2975.6607,2975.6607,0,2025-12-21 21:45:00+00:00,2971.1973,STOP_LOSS,8,-22.9,2.9247,2.9064,7.2775,-28.73,-1.647
354,BNBUSDT,LONG,spot,2025-12-26 06:15:00+00:00,840.0785,839.2138,1.9238,2025-12-26 06:30:00+00:00,844.29,2025-12-26 07:45:00+00:00,840.88,2025-12-26 08:00:00+00:00,841.3104,4.311693,3627.47,838.829,838.829,0,2025-12-26 14:30:00+00:00,837.5708,STOP_LOSS,26,-16.12,2.902,2.8891,7.2308,-21.92,-2.048
355,SOLUSDT,LONG,spot,2025-12-30 14:45:00+00:00,124.3994,124.2212,0.6042,2025-12-30 15:45:00+00:00,125.16,2025-12-30 17:45:00+00:00,124.71,2025-12-30 18:00:00+00:00,124.7623,27.509436,3432.14,124.1004,124.1004,0,2025-12-30 19:00:00+00:00,123.9142,STOP_LOSS,4,-23.33,2.7457,2.727,6.8293,-28.8,-1.582
356,SOLUSDT,LONG,spot,2025-12-30 22:45:00+00:00,124.4216,124.3554,0.3928,2025-12-30 23:15:00+00:00,124.8,2025-12-31 00:30:00+00:00,124.97,2025-12-31 00:45:00+00:00,125.0225,24.22991,3029.28,124.2768,125.2405,6,2025-12-31 03:30:00+00:00,125.0526,TRAILING_STOP,11,0.73,2.4234,2.424,6.0597,-4.12,-0.228
357,SOLUSDT,LONG,spot,2026-01-05 14:45:00+00:00,135.076,134.7865,0.8795,2026-01-05 15:30:00+00:00,136.07,2026-01-05 16:15:00+00:00,135.51,2026-01-05 16:30:00+00:00,135.5778,18.659746,2529.85,134.6106,134.6106,0,2026-01-05 17:15:00+00:00,134.4087,STOP_LOSS,3,-21.81,2.0239,2.0064,5.027,-25.84,-1.432
358,ETHUSDT,LONG,spot,2026-01-05 15:15:00+00:00,3164.4322,3158.0036,16.401,2026-01-05 15:30:00+00:00,3192.92,2026-01-05 17:15:00+00:00,3166.51,2026-01-05 17:30:00+00:00,3168.0933,1.11979,3547.6,3154.7234,3188.9342,2,2026-01-05 18:15:00+00:00,3184.1508,TRAILING_STOP,3,17.98,2.8381,2.8525,7.1222,12.29,0.821
359,SOLUSDT,LONG,spot,2026-01-08 04:45:00+00:00,137.223,136.9418,0.6785,2026-01-08 05:00:00+00:00,137.83,2026-01-08 05:15:00+00:00,137.27,2026-01-08 05:30:00+00:00,137.3486,25.917732,3559.77,136.8061,136.8061,0,2026-01-08 05:45:00+00:00,136.6009,STOP_LOSS,1,-19.38,2.8478,2.8323,7.0905,-25.06,-1.782
360,ETHUSDT,LONG,spot,2026-01-09 16:45:00+00:00,3111.1722,3105.5508,21.675,2026-01-09 17:00:00+00:00,3122.91,2026-01-09 17:15:00+00:00,3111.29,2026-01-09 17:30:00+00:00,3112.8556,1.135599,3534.95,3101.2158,3101.2158,0,2026-01-09 18:15:00+00:00,3096.5639,STOP_LOSS,3,-18.5,2.828,2.8132,7.0422,-24.14,-1.826
361,SOLUSDT,LONG,spot,2026-01-11 09:15:00+00:00,136.3272,136.2295,0.264,2026-01-11 09:45:00+00:00,136.5,2026-01-11 10:00:00+00:00,136.52,2026-01-11 10:15:00+00:00,136.5883,25.705389,3511.05,136.1767,138.4877,7,2026-01-11 15:00:00+00:00,138.2799,TRAILING_STOP,19,43.49,2.8088,2.8436,7.0873,37.83,3.576
362,ETHUSDT,LONG,spot,2026-01-12 01:00:00+00:00,3117.5365,3110.8182,14.2478,2026-01-12 01:15:00+00:00,3130.91,2026-01-12 01:30:00+00:00,3124.03,2026-01-12 01:45:00+00:00,3125.592,1.016929,3178.51,3107.9686,3154.0251,15,2026-01-12 06:30:00+00:00,3149.294,TRAILING_STOP,19,24.1,2.5428,2.5621,6.3932,19.0,1.06
363,BNBUSDT,LONG,spot,2026-01-12 04:00:00+00:00,906.7976,905.6103,2.803,2026-01-12 04:30:00+00:00,909.08,2026-01-12 05:45:00+00:00,907.94,2026-01-12 06:00:00+00:00,908.404,3.903541,3545.99,905.0497,905.0497,0,2026-01-12 07:30:00+00:00,903.6921,STOP_LOSS,6,-18.39,2.8368,2.8221,7.0644,-24.05,-1.837
364,BTCUSDT,LONG,spot,2026-01-13 00:00:00+00:00,91374.781,91291.8333,181.8476,2026-01-13 00:45:00+00:00,91482.74,2026-01-13 01:00:00+00:00,91478.37,2026-01-13 01:15:00+00:00,91524.1092,0.038717,3543.51,91255.4638,91255.4638,0,2026-01-13 01:30:00+00:00,91118.5806,STOP_LOSS,1,-15.7,2.8348,2.8222,7.0635,-21.36,-2.053
365,SOLUSDT,LONG,spot,2026-01-16 18:45:00+00:00,142.959,142.7898,0.6645,2026-01-16 19:00:00+00:00,143.41,2026-01-16 19:15:00+00:00,143.55,2026-01-16 19:30:00+00:00,143.6218,18.43762,2648.04,142.6569,144.7288,13,2026-01-17 00:00:00+00:00,144.5117,TRAILING_STOP,18,16.41,2.1184,2.1316,5.3207,12.16,0.683
366,SOLUSDT,LONG,spot,2026-01-23 18:00:00+00:00,128.0984,127.862,1.0183,2026-01-23 18:15:00+00:00,129.05,2026-01-23 19:15:00+00:00,128.45,2026-01-23 19:30:00+00:00,128.5242,20.614724,2649.49,127.6583,127.6583,0,2026-01-23 20:15:00+00:00,127.4668,STOP_LOSS,3,-21.8,2.1196,2.1022,5.2663,-26.02,-1.458
367,ETHUSDT,LONG,spot,2026-01-23 17:15:00+00:00,2952.1024,2945.8225,21.1461,2026-01-23 17:30:00+00:00,3000.94,2026-01-23 19:30:00+00:00,2958.3,2026-01-23 19:45:00+00:00,2959.7791,0.978457,2896.02,2941.5932,2941.5932,0,2026-01-23 20:30:00+00:00,2937.1809,STOP_LOSS,3,-22.11,2.3168,2.2991,5.7589,-26.73,-1.502
368,BNBUSDT,LONG,spot,2026-01-24 02:30:00+00:00,891.7964,891.2703,1.337,2026-01-24 02:45:00+00:00,892.68,2026-01-24 03:00:00+00:00,893.42,2026-01-24 03:15:00+00:00,893.8667,3.895636,3482.18,891.0029,891.0029,0,2026-01-24 11:15:00+00:00,893.2132,TIME_EXIT_8H,32,-2.55,2.7857,2.7837,3.4809,-8.12,-0.727
369,BNBUSDT,LONG,spot,2026-01-26 18:45:00+00:00,873.993,872.9902,2.8584,2026-01-26 19:00:00+00:00,876.64,2026-01-26 19:45:00+00:00,874.4,2026-01-26 20:00:00+00:00,874.8372,3.971191,3474.15,872.4186,872.4186,0,2026-01-26 20:45:00+00:00,871.1099,STOP_LOSS,3,-14.8,2.7793,2.7675,6.9261,-20.35,-2.119
370,ETHUSDT,LONG,spot,2026-01-27 16:00:00+00:00,2925.8029,2919.8341,19.5774,2026-01-27 16:15:00+00:00,2971.01,2026-01-27 17:45:00+00:00,2930.3,2026-01-27 18:00:00+00:00,2931.7551,1.101534,3229.43,2915.9186,3013.145,25,2026-01-28 01:15:00+00:00,3008.6253,TRAILING_STOP,29,84.68,2.5835,2.6513,6.5859,79.44,4.554
371,BNBUSDT,LONG,spot,2026-02-03 13:45:00+00:00,773.3876,772.1302,2.8254,2026-02-03 14:00:00+00:00,775.39,2026-02-03 14:15:00+00:00,775.86,2026-02-03 14:30:00+00:00,776.2379,3.81817,2963.81,771.5651,771.5651,0,2026-02-03 14:45:00+00:00,769.8235,STOP_LOSS,1,-24.49,2.371,2.3515,5.8909,-29.21,-1.637
372,ETHUSDT,LONG,spot,2026-02-07 12:45:00+00:00,2035.6561,2027.3976,18.8577,2026-02-07 13:15:00+00:00,2046.8,2026-02-07 13:45:00+00:00,2041.49,2026-02-07 14:00:00+00:00,2042.5007,0.937531,1914.91,2023.6261,2023.6261,0,2026-02-07 14:30:00+00:00,2020.5906,STOP_LOSS,2,-20.54,1.5319,1.5155,3.799,-23.59,-1.333
373,BTCUSDT,LONG,spot,2026-02-08 01:30:00+00:00,69267.8721,69143.2569,278.1628,2026-02-08 02:00:00+00:00,69410.39,2026-02-08 02:30:00+00:00,69330.29,2026-02-08 02:45:00+00:00,69364.9551,0.050175,3480.37,69087.6243,69087.6243,0,2026-02-08 03:45:00+00:00,68983.9929,STOP_LOSS,4,-19.11,2.7843,2.769,6.9321,-24.67,-1.773
374,SOLUSDT,LONG,spot,2026-02-08 18:15:00+00:00,87.5489,87.3862,0.5505,2026-02-08 18:30:00+00:00,88.24,2026-02-08 20:00:00+00:00,87.61,2026-02-08 20:15:00+00:00,87.6438,39.431773,3455.95,87.2761,87.2761,0,2026-02-08 20:45:00+00:00,87.1452,STOP_LOSS,2,-19.66,2.7648,2.749,6.8824,-25.17,-1.736
375,SOLUSDT,LONG,spot,2026-02-09 03:30:00+00:00,87.2578,87.0384,0.738,2026-02-09 03:45:00+00:00,87.67,2026-02-09 04:00:00+00:00,87.26,2026-02-09 04:15:00+00:00,87.2936,39.30446,3431.03,86.8908,86.8908,0,2026-02-09 05:00:00+00:00,86.7604,STOP_LOSS,3,-20.96,2.7448,2.7281,6.8306,-26.43,-1.669
376,BTCUSDT,LONG,spot,2026-02-10 01:30:00+00:00,70253.0955,70156.9422,306.5792,2026-02-10 01:45:00+00:00,70486.82,2026-02-10 02:00:00+00:00,70355.14,2026-02-10 02:15:00+00:00,70390.3276,0.048371,3404.86,70095.6263,70095.6263,0,2026-02-10 02:30:00+00:00,69990.4829,STOP_LOSS,1,-19.34,2.7239,2.7084,6.7807,-24.77,-1.738
377,BNBUSDT,LONG,spot,2026-02-12 23:45:00+00:00,610.47,610.0165,2.2308,2026-02-13 00:00:00+00:00,614.91,2026-02-13 00:45:00+00:00,611.0,2026-02-13 01:00:00+00:00,611.2955,5.529795,3380.34,609.5703,611.9682,2,2026-02-13 02:15:00+00:00,611.0503,TRAILING_STOP,5,-1.36,2.7043,2.7032,6.7586,-6.76,-0.709
378,BNBUSDT,LONG,spot,2026-02-18 08:30:00+00:00,618.8952,618.2718,2.3194,2026-02-18 08:45:00+00:00,623.35,2026-02-18 10:45:00+00:00,619.1,2026-02-18 11:00:00+00:00,619.4196,5.446458,3373.64,617.8079,617.8079,0,2026-02-18 11:15:00+00:00,614.7465,STOP_LOSS,1,-25.45,2.6989,2.6786,6.7091,-30.83,-3.512
379,BTCUSDT,LONG,spot,2026-02-20 15:45:00+00:00,67404.3514,67307.9935,558.3316,2026-02-20 16:00:00+00:00,67725.13,2026-02-20 16:30:00+00:00,67495.45,2026-02-20 16:45:00+00:00,67529.1977,0.049506,3343.12,67196.3271,67196.3271,0,2026-02-20 17:00:00+00:00,67095.5327,STOP_LOSS,1,-21.47,2.6745,2.6573,6.654,-26.8,-1.626
380,BTCUSDT,LONG,spot,2026-02-27 04:30:00+00:00,67509.63,67474.5891,272.4597,2026-02-27 04:45:00+00:00,67747.49,2026-02-27 06:15:00+00:00,67605.15,2026-02-27 06:30:00+00:00,67638.9526,0.049034,3316.59,67420.0972,67705.1251,5,2026-02-27 09:30:00+00:00,67603.5674,TRAILING_STOP,12,-1.74,2.6533,2.6519,6.6306,-7.04,-0.656
381,SOLUSDT,LONG,spot,2026-03-02 03:45:00+00:00,84.3347,84.2676,0.6275,2026-03-02 04:15:00+00:00,84.7,2026-03-02 04:30:00+00:00,84.42,2026-03-02 04:45:00+00:00,84.4522,39.189257,3309.62,84.1421,84.1421,0,2026-03-02 05:00:00+00:00,84.0159,STOP_LOSS,1,-17.1,2.6477,2.634,6.5936,-22.38,-1.842
382,ETHUSDT,LONG,spot,2026-03-02 03:45:00+00:00,1963.0917,1959.1477,13.6743,2026-03-02 04:00:00+00:00,1971.0,2026-03-02 05:00:00+00:00,1967.33,2026-03-02 05:15:00+00:00,1968.3137,1.395146,2746.08,1956.4129,1962.0615,3,2026-03-02 06:15:00+00:00,1959.1184,TRAILING_STOP,4,-12.83,2.1969,2.1866,5.4729,-17.21,-1.037
383,BNBUSDT,LONG,spot,2026-03-02 11:30:00+00:00,619.8609,619.4442,2.332,2026-03-02 11:45:00+00:00,622.13,2026-03-02 12:15:00+00:00,621.23,2026-03-02 12:30:00+00:00,621.5306,5.261886,3270.42,618.9778,619.8846,1,2026-03-02 13:45:00+00:00,618.9548,TRAILING_STOP,5,-13.55,2.6163,2.6055,6.5205,-18.78,-1.398
384,BNBUSDT,LONG,spot,2026-03-02 13:00:00+00:00,620.4026,620.0591,2.0965,2026-03-02 13:15:00+00:00,622.36,2026-03-02 13:30:00+00:00,621.25,2026-03-02 13:45:00+00:00,621.5606,5.231727,3251.84,619.6398,619.6398,0,2026-03-02 14:00:00+00:00,618.7103,STOP_LOSS,1,-14.91,2.6015,2.5895,6.4813,-20.1,-2.0
385,BNBUSDT,LONG,spot,2026-03-03 16:45:00+00:00,629.9387,629.0733,4.8191,2026-03-03 17:15:00+00:00,633.72,2026-03-03 17:30:00+00:00,632.53,2026-03-03 17:45:00+00:00,632.8363,3.453277,2185.36,628.1095,631.7038,5,2026-03-03 20:00:00+00:00,630.7562,TRAILING_STOP,9,-7.18,1.7483,1.7425,4.3599,-10.67,-0.654
386,BNBUSDT,LONG,spot,2026-03-03 18:15:00+00:00,631.0365,630.2077,4.1013,2026-03-03 18:30:00+00:00,636.2,2026-03-03 20:15:00+00:00,632.08,2026-03-03 20:30:00+00:00,632.366,5.094149,3221.37,629.3874,629.3874,0,2026-03-03 21:00:00+00:00,628.4433,STOP_LOSS,2,-19.98,2.5771,2.5611,6.4128,-25.12,-1.656
387,ETHUSDT,LONG,spot,2026-03-03 22:45:00+00:00,1981.4547,1977.4628,11.0654,2026-03-03 23:00:00+00:00,1994.76,2026-03-03 23:45:00+00:00,1982.8,2026-03-04 00:00:00+00:00,1983.8014,1.611299,3196.5,1975.2498,1975.2498,0,2026-03-04 00:30:00+00:00,1972.2869,STOP_LOSS,2,-18.55,2.5572,2.5424,6.3652,-23.65,-1.717
388,BNBUSDT,LONG,spot,2026-03-04 05:00:00+00:00,631.4654,631.0323,2.5066,2026-03-04 05:30:00+00:00,633.02,2026-03-04 06:00:00+00:00,632.12,2026-03-04 06:15:00+00:00,632.4261,5.017314,3173.08,630.5309,648.808,17,2026-03-04 11:30:00+00:00,647.8348,TRAILING_STOP,21,77.31,2.5385,2.6003,6.4621,72.17,7.59
389,ETHUSDT,LONG,spot,2026-03-11 13:45:00+00:00,2031.4921,2029.2002,16.1867,2026-03-11 14:00:00+00:00,2050.28,2026-03-11 15:30:00+00:00,2039.79,2026-03-11 15:45:00+00:00,2040.8199,1.10295,2250.92,2025.9629,2067.327,15,2026-03-11 20:30:00+00:00,2064.226,TRAILING_STOP,19,25.82,1.8007,1.8214,4.5406,22.19,1.354
390,BTCUSDT,LONG,spot,2026-03-12 16:30:00+00:00,70140.049,70038.4974,452.49,2026-03-12 16:45:00+00:00,70381.16,2026-03-12 17:45:00+00:00,70212.06,2026-03-12 18:00:00+00:00,70247.156,0.0465,3266.5,69947.9994,69947.9994,0,2026-03-12 18:15:00+00:00,69843.0774,STOP_LOSS,1,-18.79,2.6132,2.5982,6.5048,-24.0,-1.725
391,SOLUSDT,LONG,spot,2026-03-17 16:00:00+00:00,94.1083,93.9413,0.6078,2026-03-17 16:15:00+00:00,94.53,2026-03-17 16:45:00+00:00,94.39,2026-03-17 17:00:00+00:00,94.4372,26.522214,2504.68,93.8197,94.6527,4,2026-03-17 19:45:00+00:00,94.5107,TRAILING_STOP,11,1.95,2.0037,2.0053,5.0123,-2.06,-0.126
392,ETHUSDT,LONG,spot,2026-03-18 08:30:00+00:00,2326.1951,2323.3159,5.8992,2026-03-18 09:30:00+00:00,2331.59,2026-03-18 10:00:00+00:00,2330.84,2026-03-18 10:15:00+00:00,2331.9954,1.389669,3240.7,2322.136,2322.136,0,2026-03-18 10:30:00+00:00,2318.6528,STOP_LOSS,1,-18.54,2.5926,2.5777,6.4536,-23.71,-1.731
393,SOLUSDT,LONG,spot,2026-03-21 19:15:00+00:00,89.8754,89.7922,0.1801,2026-03-21 20:15:00+00:00,90.02,2026-03-21 22:00:00+00:00,89.96,2026-03-21 22:15:00+00:00,90.005,35.744993,3217.23,89.7561,89.7561,0,2026-03-21 23:00:00+00:00,89.6215,STOP_LOSS,3,-13.71,2.5738,2.5628,6.4139,-18.84,-2.119
394,BNBUSDT,LONG,spot,2026-03-31 02:30:00+00:00,613.5901,613.2362,1.956,2026-03-31 02:45:00+00:00,614.93,2026-03-31 03:00:00+00:00,614.28,2026-03-31 03:15:00+00:00,614.5971,5.204339,3198.57,612.845,612.845,0,2026-03-31 03:30:00+00:00,611.9257,STOP_LOSS,1,-13.9,2.5589,2.5477,6.3763,-19.01,-2.085
395,BNBUSDT,LONG,spot,2026-04-01 16:15:00+00:00,614.8952,614.206,2.4044,2026-04-01 16:30:00+00:00,616.89,2026-04-01 17:15:00+00:00,615.03,2026-04-01 17:30:00+00:00,615.3475,5.167409,3179.75,613.7251,613.7251,0,2026-04-01 18:00:00+00:00,612.8045,STOP_LOSS,2,-13.14,2.5438,2.5333,6.3398,-18.22,-2.173
396,BNBUSDT,LONG,spot,2026-04-05 15:45:00+00:00,591.727,591.3956,1.8499,2026-04-05 16:00:00+00:00,592.92,2026-04-05 17:15:00+00:00,593.15,2026-04-05 17:30:00+00:00,593.4466,5.327719,3161.72,591.0256,591.0256,0,2026-04-05 21:15:00+00:00,590.1391,STOP_LOSS,15,-17.62,2.5294,2.5153,6.297,-22.67,-1.757
397,SOLUSDT,LONG,spot,2026-04-10 11:30:00+00:00,83.3477,83.2544,0.236,2026-04-10 11:45:00+00:00,83.52,2026-04-10 12:15:00+00:00,83.69,2026-04-10 12:30:00+00:00,83.7318,30.220792,2530.44,83.2072,83.7623,3,2026-04-10 13:30:00+00:00,83.6366,TRAILING_STOP,4,-2.88,2.0244,2.0221,5.0566,-6.92,-0.437
398,BNBUSDT,LONG,spot,2026-04-10 14:15:00+00:00,602.7436,602.2832,1.6195,2026-04-10 14:30:00+00:00,606.15,2026-04-10 15:45:00+00:00,603.27,2026-04-10 16:00:00+00:00,603.5716,5.18981,3132.42,601.9593,607.8959,15,2026-04-10 20:30:00+00:00,606.9841,TRAILING_STOP,18,17.71,2.5059,2.5201,6.2914,12.68,1.516
399,ETHUSDT,LONG,spot,2026-04-13 14:30:00+00:00,2198.8685,2194.4665,12.5374,2026-04-13 14:45:00+00:00,2234.18,2026-04-13 15:30:00+00:00,2206.72,2026-04-13 15:45:00+00:00,2207.8134,1.001856,2211.91,2191.959,2219.9789,7,2026-04-13 18:15:00+00:00,2216.6489,TRAILING_STOP,10,8.85,1.7695,1.7766,4.4371,5.31,0.334
400,SOLUSDT,LONG,spot,2026-04-13 13:45:00+00:00,82.3055,82.1374,0.439,2026-04-13 14:00:00+00:00,83.17,2026-04-13 16:00:00+00:00,82.94,2026-04-13 16:15:00+00:00,82.9815,17.133835,1421.79,82.0496,85.7478,17,2026-04-14 00:15:00+00:00,86.1569,TIME_EXIT_8H,32,54.41,1.1374,1.181,1.449,52.09,3.262
401,ETHUSDT,LONG,spot,2026-04-16 20:00:00+00:00,2338.9175,2336.5991,12.0374,2026-04-16 20:15:00+00:00,2351.3,2026-04-16 21:15:00+00:00,2340.8,2026-04-16 21:30:00+00:00,2341.9704,1.367139,3201.8,2334.1916,2341.6281,7,2026-04-17 01:15:00+00:00,2338.1157,TRAILING_STOP,15,-5.27,2.5614,2.5572,6.3957,-10.39,-0.977
402,SOLUSDT,LONG,spot,2026-04-20 15:45:00+00:00,85.258,85.0186,0.5274,2026-04-20 16:00:00+00:00,85.62,2026-04-20 16:45:00+00:00,85.31,2026-04-20 17:00:00+00:00,85.3527,36.675511,3130.35,84.9132,85.6652,14,2026-04-20 21:00:00+00:00,85.5367,TRAILING_STOP,16,6.75,2.5043,2.5097,6.2708,1.73,0.108
403,ETHUSDT,LONG,spot,2026-04-21 07:15:00+00:00,2314.581,2312.7573,6.8477,2026-04-21 07:30:00+00:00,2321.82,2026-04-21 08:00:00+00:00,2316.24,2026-04-21 08:15:00+00:00,2317.3881,1.377945,3193.23,2311.3877,2321.0172,2,2026-04-21 09:00:00+00:00,2317.5356,TRAILING_STOP,3,0.2,2.5546,2.5547,6.3868,-4.91,-0.593
404,SOLUSDT,LONG,spot,2026-04-21 07:00:00+00:00,85.4977,85.4022,0.2765,2026-04-21 07:15:00+00:00,85.75,2026-04-21 09:15:00+00:00,85.61,2026-04-21 09:30:00+00:00,85.6528,37.224413,3188.38,85.3469,85.8038,4,2026-04-21 11:00:00+00:00,85.6751,TRAILING_STOP,6,0.83,2.5507,2.5514,6.378,-4.27,-0.375
405,SOLUSDT,LONG,spot,2026-04-21 14:00:00+00:00,85.7091,85.5622,0.312,2026-04-21 14:15:00+00:00,86.03,2026-04-21 14:45:00+00:00,85.76,2026-04-21 15:00:00+00:00,85.8129,37.105682,3184.15,85.4998,85.4998,0,2026-04-21 15:30:00+00:00,85.3715,STOP_LOSS,2,-16.38,2.5473,2.5342,6.3437,-21.46,-1.847
406,SOLUSDT,LONG,spot,2026-04-21 15:30:00+00:00,85.8282,85.6114,0.53,2026-04-21 16:00:00+00:00,86.12,2026-04-21 16:15:00+00:00,85.91,2026-04-21 16:30:00+00:00,85.953,35.691385,3067.78,85.5054,85.5054,0,2026-04-21 17:00:00+00:00,85.3771,STOP_LOSS,2,-20.55,2.4542,2.4378,6.1047,-25.44,-1.593
407,BNBUSDT,LONG,spot,2026-04-23 20:30:00+00:00,636.7812,636.1166,2.0039,2026-04-23 20:45:00+00:00,637.8,2026-04-23 21:15:00+00:00,637.62,2026-04-23 21:30:00+00:00,637.9388,4.918516,3137.71,635.7158,638.3564,2,2026-04-24 01:00:00+00:00,637.3989,TRAILING_STOP,14,-2.66,2.5102,2.508,6.2714,-7.67,-0.702
408,BTCUSDT,LONG,spot,2026-04-23 20:15:00+00:00,77898.1426,77824.4882,278.7974,2026-04-23 21:30:00+00:00,78069.99,2026-04-23 22:00:00+00:00,78062.31,2026-04-23 22:15:00+00:00,78101.3412,0.040143,3135.23,77768.7287,78164.7299,3,2026-04-24 01:00:00+00:00,78047.4829,TRAILING_STOP,11,-2.16,2.5082,2.5065,6.2672,-7.18,-0.537
409,BTCUSDT,LONG,spot,2026-04-24 11:45:00+00:00,77898.5627,77871.358,196.8051,2026-04-24 12:00:00+00:00,78318.41,2026-04-24 13:45:00+00:00,78093.79,2026-04-24 14:00:00+00:00,78132.8469,0.039971,3123.01,77831.997,77831.997,0,2026-04-24 14:15:00+00:00,77715.249,STOP_LOSS,1,-16.69,2.4984,2.4851,6.221,-21.68,-1.802
410,SOLUSDT,LONG,spot,2026-04-24 12:30:00+00:00,85.9036,85.7628,0.3064,2026-04-24 12:45:00+00:00,86.33,2026-04-24 13:45:00+00:00,86.09,2026-04-24 14:00:00+00:00,86.123,36.233473,3120.54,85.7015,85.7015,0,2026-04-24 14:15:00+00:00,85.573,STOP_LOSS,1,-19.93,2.4964,2.4805,6.2112,-24.91,-1.631
411,SOLUSDT,LONG,spot,2026-04-26 03:00:00+00:00,86.1412,86.1025,0.1597,2026-04-26 04:30:00+00:00,86.33,2026-04-26 05:00:00+00:00,86.54,2026-04-26 05:15:00+00:00,86.5933,29.727103,2574.17,86.0705,86.0705,0,2026-04-26 12:45:00+00:00,85.9414,STOP_LOSS,30,-19.38,2.0593,2.0438,5.1193,-23.48,-1.511
412,BTCUSDT,LONG,spot,2026-04-30 13:30:00+00:00,76173.9177,76063.8046,223.8454,2026-04-30 13:45:00+00:00,76420.44,2026-04-30 14:15:00+00:00,76354.2,2026-04-30 14:30:00+00:00,76392.3771,0.039973,3053.65,76019.0356,76019.0356,0,2026-04-30 22:30:00+00:00,76296.8025,TIME_EXIT_8H,32,-3.82,2.4429,2.4399,3.0517,-8.7,-0.583
413,SOLUSDT,LONG,spot,2026-05-04 17:15:00+00:00,84.5065,84.4624,0.4363,2026-05-04 17:30:00+00:00,84.79,2026-05-04 19:00:00+00:00,84.61,2026-05-04 19:15:00+00:00,84.6623,35.966785,3045.03,84.3752,84.3752,0,2026-05-04 19:30:00+00:00,84.2486,STOP_LOSS,1,-14.88,2.436,2.4241,6.0677,-19.74,-1.911
414,SOLUSDT,LONG,spot,2026-05-08 13:15:00+00:00,88.4658,88.3897,0.2793,2026-05-08 14:00:00+00:00,88.82,2026-05-08 15:15:00+00:00,88.59,2026-05-08 15:30:00+00:00,88.6443,34.130656,3025.49,88.3338,92.0347,19,2026-05-08 20:45:00+00:00,91.8966,TRAILING_STOP,21,111.0,2.4204,2.5092,6.2175,106.07,10.009
415,ETHUSDT,LONG,spot,2026-05-11 18:00:00+00:00,2334.6424,2331.8879,8.3326,2026-05-11 18:15:00+00:00,2341.49,2026-05-11 18:45:00+00:00,2335.35,2026-05-11 19:00:00+00:00,2336.5177,1.339815,3130.5,2330.2214,2335.9129,11,2026-05-11 23:15:00+00:00,2332.4091,TRAILING_STOP,17,-5.5,2.5044,2.5,6.2527,-10.51,-1.246
416,BNBUSDT,LONG,spot,2026-05-14 08:30:00+00:00,671.1264,670.4004,2.0188,2026-05-14 08:45:00+00:00,673.02,2026-05-14 09:00:00+00:00,671.65,2026-05-14 09:15:00+00:00,671.9858,4.643099,3120.1,669.9966,669.9966,0,2026-05-14 09:30:00+00:00,668.9916,STOP_LOSS,1,-13.9,2.4961,2.485,6.2193,-18.88,-2.045
417,BNBUSDT,LONG,spot,2026-05-21 14:15:00+00:00,650.8117,649.8856,1.9715,2026-05-21 15:15:00+00:00,652.53,2026-05-21 15:30:00+00:00,651.51,2026-05-21 15:45:00+00:00,651.8358,4.757951,3101.4,649.4913,655.4369,5,2026-05-21 18:45:00+00:00,654.4537,TRAILING_STOP,12,12.46,2.4811,2.4911,6.2215,7.48,0.671
418,SOLUSDT,LONG,spot,2026-05-21 14:30:00+00:00,86.1613,85.9902,0.4249,2026-05-21 15:15:00+00:00,86.81,2026-05-21 16:15:00+00:00,86.31,2026-05-21 16:30:00+00:00,86.3431,35.682841,3080.97,85.9052,87.0556,5,2026-05-21 18:45:00+00:00,86.925,TRAILING_STOP,9,20.76,2.4648,2.4814,6.1931,15.82,1.012
419,ETHUSDT,LONG,spot,2026-05-21 19:30:00+00:00,2133.6798,2130.8578,7.9176,2026-05-21 19:45:00+00:00,2142.83,2026-05-21 21:45:00+00:00,2135.42,2026-05-21 22:00:00+00:00,2136.4977,1.462426,3124.47,2129.2743,2129.2743,0,2026-05-21 23:00:00+00:00,2126.0804,STOP_LOSS,4,-15.23,2.4996,2.4874,6.2261,-20.22,-1.914
420,ETHUSDT,LONG,spot,2026-05-25 01:00:00+00:00,2101.7068,2099.3013,7.2702,2026-05-25 01:15:00+00:00,2105.89,2026-05-25 01:30:00+00:00,2102.43,2026-05-25 01:45:00+00:00,2103.4812,1.475864,3104.45,2097.8472,2097.8472,0,2026-05-25 02:00:00+00:00,2090.9888,STOP_LOSS,1,-18.44,2.4836,2.4688,6.1812,-23.39,-2.813
421,BNBUSDT,LONG,spot,2026-05-25 00:00:00+00:00,655.9627,655.5923,1.7916,2026-05-25 00:15:00+00:00,659.23,2026-05-25 02:00:00+00:00,659.59,2026-05-25 02:15:00+00:00,659.9198,3.32108,2191.65,655.2339,655.2339,0,2026-05-25 10:15:00+00:00,661.1493,TIME_EXIT_8H,32,4.08,1.7533,1.7566,2.1937,0.57,0.037
422,BNBUSDT,LONG,spot,2026-05-26 11:30:00+00:00,660.1881,659.7258,1.5901,2026-05-26 11:45:00+00:00,662.48,2026-05-26 12:00:00+00:00,661.66,2026-05-26 12:15:00+00:00,661.9908,4.655447,3081.86,659.4078,664.0031,3,2026-05-26 14:30:00+00:00,663.0071,TRAILING_STOP,9,4.73,2.4655,2.4693,6.1708,-0.2,-0.017
423,SOLUSDT,LONG,spot,2026-05-27 15:45:00+00:00,84.0667,83.9469,0.433,2026-05-27 16:00:00+00:00,84.48,2026-05-27 16:15:00+00:00,84.15,2026-05-27 16:30:00+00:00,84.1921,36.602752,3081.66,83.8603,83.8603,0,2026-05-27 17:00:00+00:00,83.7345,STOP_LOSS,2,-16.75,2.4653,2.4519,6.1382,-21.67,-1.784
424,BNBUSDT,LONG,spot,2026-05-29 16:45:00+00:00,638.7882,638.0403,2.7425,2026-05-29 17:00:00+00:00,644.11,2026-05-29 18:45:00+00:00,639.64,2026-05-29 19:00:00+00:00,639.9698,4.781806,3060.21,637.4918,652.6875,24,2026-05-30 02:15:00+00:00,651.7084,TRAILING_STOP,29,56.13,2.4482,2.4931,6.2046,51.19,4.32
426,ETHUSDT,LONG,spot,2026-06-09 05:15:00+00:00,1680.0411,1675.8133,9.0864,2026-06-09 05:30:00+00:00,1690.65,2026-06-09 07:30:00+00:00,1681.23,2026-06-09 07:45:00+00:00,1682.0706,1.847976,3108.43,1673.9961,1673.9961,0,2026-06-09 08:00:00+00:00,1671.4851,STOP_LOSS,1,-19.56,2.4867,2.4711,6.1875,-24.52,-1.643
425,BNBUSDT,LONG,spot,2026-06-09 05:45:00+00:00,601.5166,600.7954,2.2036,2026-06-09 06:00:00+00:00,604.02,2026-06-09 07:15:00+00:00,601.66,2026-06-09 07:30:00+00:00,601.9608,5.167928,3110.89,600.3547,600.8971,6,2026-06-09 09:30:00+00:00,599.9958,TRAILING_STOP,8,-10.16,2.4887,2.4806,6.2065,-15.12,-1.822
427,ETHUSDT,LONG,spot,2026-06-10 15:45:00+00:00,1642.1796,1637.4596,13.292,2026-06-10 16:00:00+00:00,1651.51,2026-06-10 16:15:00+00:00,1648.9,2026-06-10 16:30:00+00:00,1649.7244,1.039544,1714.96,1634.8012,1634.8012,0,2026-06-10 16:45:00+00:00,1632.349,STOP_LOSS,1,-18.06,1.372,1.3575,3.4028,-20.79,-1.34
428,ETHUSDT,LONG,spot,2026-06-12 14:30:00+00:00,1669.2368,1666.5081,7.5021,2026-06-12 14:45:00+00:00,1685.64,2026-06-12 15:30:00+00:00,1671.54,2026-06-12 15:45:00+00:00,1672.3758,1.824386,3051.06,1665.0077,1665.0077,0,2026-06-12 16:00:00+00:00,1657.5899,STOP_LOSS,1,-26.98,2.4408,2.4193,6.0617,-31.84,-2.368
429,SOLUSDT,LONG,spot,2026-06-13 05:15:00+00:00,66.9411,66.8571,0.2028,2026-06-13 06:45:00+00:00,67.16,2026-06-13 07:15:00+00:00,67.27,2026-06-13 07:30:00+00:00,67.2936,31.964321,2151.0,66.8165,67.9832,9,2026-06-13 13:45:00+00:00,67.8812,TRAILING_STOP,25,18.78,1.7208,1.7358,4.3302,15.33,1.005
431,SOLUSDT,LONG,spot,2026-06-16 19:15:00+00:00,73.8729,73.7106,0.4284,2026-06-16 20:30:00+00:00,74.19,2026-06-16 21:30:00+00:00,73.91,2026-06-16 21:45:00+00:00,73.947,41.017239,3033.1,73.6249,73.6249,0,2026-06-16 22:45:00+00:00,73.5145,STOP_LOSS,4,-17.74,2.4265,2.4123,6.0396,-22.58,-1.709
430,ETHUSDT,LONG,spot,2026-06-16 18:15:00+00:00,1788.6591,1783.9732,10.1313,2026-06-16 18:30:00+00:00,1796.14,2026-06-16 20:00:00+00:00,1794.55,2026-06-16 20:15:00+00:00,1795.4473,1.135293,2038.36,1781.9469,1781.9469,0,2026-06-17 01:15:00+00:00,1779.274,STOP_LOSS,20,-18.36,1.6307,1.616,4.0492,-21.61,-1.41
432,ETHUSDT,LONG,spot,2026-06-21 18:30:00+00:00,1728.8717,1727.7817,4.6694,2026-06-21 18:45:00+00:00,1735.39,2026-06-21 20:15:00+00:00,1730.76,2026-06-21 20:30:00+00:00,1731.6354,1.727252,2990.97,1726.8478,1726.8478,0,2026-06-21 20:45:00+00:00,1724.2575,STOP_LOSS,1,-12.74,2.3928,2.3826,5.9628,-17.52,-2.119
434,SOLUSDT,LONG,spot,2026-06-22 01:45:00+00:00,73.547,73.3311,0.5582,2026-06-22 02:00:00+00:00,74.07,2026-06-22 03:00:00+00:00,73.55,2026-06-22 03:15:00+00:00,73.5868,40.377799,2971.27,73.2194,73.6028,9,2026-06-22 06:45:00+00:00,73.4924,TRAILING_STOP,14,-3.81,2.377,2.374,5.9368,-8.56,-0.577
433,ETHUSDT,LONG,spot,2026-06-22 01:45:00+00:00,1726.8893,1725.9724,10.6422,2026-06-22 02:00:00+00:00,1740.73,2026-06-22 03:00:00+00:00,1731.61,2026-06-22 03:15:00+00:00,1732.4858,1.716393,2973.63,1723.8439,1747.033,10,2026-06-22 11:15:00+00:00,1751.8037,TIME_EXIT_8H,32,33.16,2.3789,2.4054,2.9902,28.37,1.913
435,BTCUSDT,LONG,spot,2026-06-22 06:45:00+00:00,64123.2597,64068.685,162.7985,2026-06-22 07:00:00+00:00,64212.01,2026-06-22 08:00:00+00:00,64313.6,2026-06-22 08:15:00+00:00,64345.7568,0.046045,2962.8,64036.1253,65092.4505,11,2026-06-22 14:15:00+00:00,64994.8118,TRAILING_STOP,24,29.89,2.3702,2.3941,5.9704,25.12,1.762
436,SOLUSDT,LONG,spot,2026-06-28 09:30:00+00:00,71.2242,71.1163,0.3062,2026-06-28 09:45:00+00:00,71.54,2026-06-28 10:30:00+00:00,71.4,2026-06-28 10:45:00+00:00,71.4357,40.05091,2861.06,71.0551,71.715,7,2026-06-28 13:00:00+00:00,71.6075,TRAILING_STOP,9,6.88,2.2889,2.2944,5.7324,2.3,0.151
437,SOLUSDT,LONG,spot,2026-06-28 11:15:00+00:00,71.3729,71.2133,0.3438,2026-06-28 11:30:00+00:00,71.92,2026-06-28 13:00:00+00:00,71.6,2026-06-28 13:15:00+00:00,71.6458,30.4346,2180.51,71.1446,71.4943,2,2026-06-28 15:00:00+00:00,71.3871,TRAILING_STOP,7,-7.87,1.7444,1.7381,4.3492,-11.36,-0.744
438,SOLUSDT,LONG,spot,2026-06-29 00:30:00+00:00,71.2436,71.0116,0.6433,2026-06-29 00:45:00+00:00,71.66,2026-06-29 01:00:00+00:00,71.36,2026-06-29 01:15:00+00:00,71.4057,29.072802,2075.96,70.8829,70.8829,0,2026-06-29 02:00:00+00:00,70.7766,STOP_LOSS,3,-18.29,1.6608,1.6461,4.1245,-21.6,-1.421
439,ETHUSDT,LONG,spot,2026-06-29 03:00:00+00:00,1573.7202,1570.7019,10.9217,2026-06-29 03:15:00+00:00,1587.12,2026-06-29 04:45:00+00:00,1575.5,2026-06-29 05:00:00+00:00,1576.2877,1.895441,2987.76,1568.5175,1568.5175,0,2026-06-29 05:15:00+00:00,1564.5796,STOP_LOSS,1,-22.19,2.3902,2.3725,5.9422,-26.95,-1.83
440,ETHUSDT,LONG,spot,2026-06-29 06:00:00+00:00,1576.4189,1574.298,7.6076,2026-06-29 06:15:00+00:00,1583.16,2026-06-29 08:00:00+00:00,1579.86,2026-06-29 08:15:00+00:00,1580.6499,1.873327,2961.07,1572.7765,1572.7765,0,2026-06-29 08:30:00+00:00,1570.4174,STOP_LOSS,1,-19.17,2.3689,2.3535,5.8934,-23.89,-1.62
441,BTCUSDT,LONG,spot,2026-06-29 06:15:00+00:00,59849.5331,59766.7258,240.2776,2026-06-29 06:30:00+00:00,60080.52,2026-06-29 08:30:00+00:00,59870.0,2026-06-29 08:45:00+00:00,59899.925,0.049039,2937.42,59718.6703,59988.289,7,2026-06-29 11:00:00+00:00,59898.3066,TRAILING_STOP,9,-0.08,2.3499,2.3499,5.8747,-4.78,-0.538
442,ETHUSDT,LONG,spot,2026-06-29 10:00:00+00:00,1577.5688,1575.8277,6.2311,2026-06-29 10:15:00+00:00,1581.76,2026-06-29 10:45:00+00:00,1578.6,2026-06-29 11:00:00+00:00,1579.3893,1.856851,2932.69,1574.5815,1574.5815,0,2026-06-29 11:15:00+00:00,1570.7903,STOP_LOSS,1,-15.97,2.3462,2.3334,5.8414,-20.65,-2.313
443,SOLUSDT,LONG,spot,2026-07-04 17:45:00+00:00,82.1225,82.0005,0.3153,2026-07-04 18:00:00+00:00,82.57,2026-07-04 18:15:00+00:00,82.3,2026-07-04 18:30:00+00:00,82.3411,35.368111,2912.25,81.9375,81.9375,0,2026-07-04 19:00:00+00:00,81.8146,STOP_LOSS,2,-18.62,2.3298,2.3149,5.7966,-23.27,-1.63
444,BNBUSDT,LONG,spot,2026-07-09 18:00:00+00:00,570.9756,570.2213,1.5663,2026-07-09 18:15:00+00:00,572.77,2026-07-09 19:00:00+00:00,571.09,2026-07-09 19:15:00+00:00,571.3755,5.056596,2889.22,569.9081,569.9081,0,2026-07-09 20:00:00+00:00,569.0532,STOP_LOSS,3,-11.74,2.3114,2.302,5.7608,-16.36,-2.204
445,SOLUSDT,LONG,spot,2026-07-11 14:15:00+00:00,78.1201,78.047,0.168,2026-07-11 14:30:00+00:00,78.58,2026-07-11 15:30:00+00:00,78.22,2026-07-11 15:45:00+00:00,78.2591,36.711664,2873.02,78.0134,78.0134,0,2026-07-11 16:15:00+00:00,77.8963,STOP_LOSS,2,-13.32,2.2984,2.2878,5.7261,-17.9,-1.984
446,BNBUSDT,LONG,spot,2026-07-16 01:30:00+00:00,580.1646,579.6347,1.4378,2026-07-16 03:00:00+00:00,581.05,2026-07-16 03:15:00+00:00,580.77,2026-07-16 03:30:00+00:00,581.0604,4.913942,2855.3,579.3471,583.4266,3,2026-07-16 06:00:00+00:00,582.5514,TRAILING_STOP,10,7.33,2.2842,2.2901,5.7216,2.75,0.327
447,ETHUSDT,LONG,spot,2026-07-19 22:30:00+00:00,1866.6747,1864.7736,6.2421,2026-07-19 22:45:00+00:00,1870.44,2026-07-19 23:00:00+00:00,1870.68,2026-07-19 23:15:00+00:00,1871.6153,1.527035,2858.02,1863.5252,1873.8833,1,2026-07-20 00:45:00+00:00,1871.0724,TRAILING_STOP,6,-0.83,2.2864,2.2858,5.7148,-5.4,-0.437
448,ETHUSDT,LONG,spot,2026-07-22 20:30:00+00:00,1931.6064,1928.9334,6.0423,2026-07-22 21:30:00+00:00,1935.62,2026-07-22 22:30:00+00:00,1933.35,2026-07-22 22:45:00+00:00,1934.3167,1.474771,2852.67,1927.7249,1927.7249,0,2026-07-22 23:00:00+00:00,1924.8333,STOP_LOSS,1,-13.99,2.2821,2.271,5.6844,-18.54,-1.907
449,ETHUSDT,LONG,spot,2026-07-22 23:30:00+00:00,1931.9288,1929.6181,5.965,2026-07-23 00:00:00+00:00,1935.13,2026-07-23 00:15:00+00:00,1938.55,2026-07-23 00:30:00+00:00,1939.5093,1.291456,2504.79,1928.4251,1928.4251,0,2026-07-23 01:15:00+00:00,1925.5324,STOP_LOSS,3,-18.05,2.0038,1.9894,4.9825,-22.04,-1.54
450,BNBUSDT,LONG,spot,2026-07-28 15:45:00+00:00,568.8239,567.7829,2.283,2026-07-28 16:00:00+00:00,573.62,2026-07-28 17:15:00+00:00,569.17,2026-07-28 17:30:00+00:00,569.4546,4.938933,2812.5,567.3263,570.5488,8,2026-07-28 22:15:00+00:00,569.693,TRAILING_STOP,19,1.18,2.25,2.2509,5.6268,-3.32,-0.316
451,BTCUSDT,LONG,spot,2026-07-29 18:30:00+00:00,64165.8773,64115.5207,327.5059,2026-07-29 18:45:00+00:00,64501.52,2026-07-29 19:00:00+00:00,64284.0,2026-07-29 19:15:00+00:00,64316.142,0.043678,2809.21,64050.0195,64050.0195,0,2026-07-29 19:30:00+00:00,63937.7193,STOP_LOSS,1,-16.53,2.2474,2.2341,5.5936,-21.01,-1.808
452,BNBUSDT,LONG,spot,2026-07-29 18:30:00+00:00,569.8315,569.6658,1.8471,2026-07-29 18:45:00+00:00,572.45,2026-07-29 19:15:00+00:00,570.53,2026-07-29 19:30:00+00:00,570.8253,4.884871,2788.41,569.2964,569.2964,0,2026-07-29 19:45:00+00:00,568.4425,STOP_LOSS,1,-11.64,2.2307,2.2214,5.5594,-16.09,-2.155
453,SOLUSDT,LONG,spot,2026-08-05 08:00:00+00:00,73.9527,73.866,0.1747,2026-08-05 08:15:00+00:00,74.14,2026-08-05 10:00:00+00:00,73.99,2026-08-05 10:15:00+00:00,74.027,37.452238,2772.48,73.831,73.831,0,2026-08-05 10:45:00+00:00,73.7203,STOP_LOSS,2,-11.49,2.218,2.2088,5.5277,-15.91,-2.168
454,ETHUSDT,LONG,spot,2026-08-05 08:15:00+00:00,1870.3141,1869.4133,3.8589,2026-08-05 09:15:00+00:00,1872.5,2026-08-05 10:15:00+00:00,1873.62,2026-08-05 10:30:00+00:00,1874.5568,1.477832,2770.28,1868.6415,1868.6415,0,2026-08-05 10:45:00+00:00,1865.8385,STOP_LOSS,1,-12.88,2.2162,2.2059,5.5212,-17.31,-1.98
455,SOLUSDT,LONG,spot,2026-08-06 06:15:00+00:00,73.9948,73.9356,0.1909,2026-08-06 06:30:00+00:00,74.13,2026-08-06 07:00:00+00:00,74.1,2026-08-06 07:15:00+00:00,74.127,36.958015,2739.59,73.8975,73.8975,0,2026-08-06 07:45:00+00:00,73.7866,STOP_LOSS,2,-12.58,2.1917,2.1816,5.4603,-16.95,-1.998
456,SOLUSDT,LONG,spot,2026-08-13 13:15:00+00:00,76.0228,75.978,0.1555,2026-08-13 13:30:00+00:00,76.3,2026-08-13 15:15:00+00:00,76.06,2026-08-13 15:30:00+00:00,76.088,35.784911,2722.8,75.9469,75.9469,0,2026-08-13 15:45:00+00:00,75.833,STOP_LOSS,1,-9.13,2.1782,2.1709,5.4319,-13.48,-2.668
457,BTCUSDT,LONG,spot,2026-08-23 12:15:00+00:00,76865.8489,76776.6481,224.0243,2026-08-23 12:30:00+00:00,77238.1,2026-08-23 14:30:00+00:00,77025.14,2026-08-23 14:45:00+00:00,77063.6426,0.035159,2709.46,76731.8432,77689.2472,14,2026-08-23 21:30:00+00:00,77572.7133,TRAILING_STOP,27,17.9,2.1676,2.1819,5.4458,13.55,1.161
458,ETHUSDT,LONG,spot,2026-08-24 04:15:00+00:00,2444.2986,2438.7516,11.1629,2026-08-24 05:00:00+00:00,2457.91,2026-08-24 05:30:00+00:00,2448.1,2026-08-24 05:45:00+00:00,2449.324,1.073945,2630.44,2436.519,2451.056,5,2026-08-24 08:00:00+00:00,2447.3794,TRAILING_STOP,9,-2.09,2.1044,2.1027,5.2577,-6.3,-0.458
459,BTCUSDT,LONG,spot,2026-08-24 06:00:00+00:00,77266.6022,77206.5407,283.3931,2026-08-24 06:45:00+00:00,77464.33,2026-08-24 07:45:00+00:00,77307.15,2026-08-24 08:00:00+00:00,77345.7936,0.035123,2716.64,77149.8621,77149.8621,0,2026-08-24 08:15:00+00:00,77034.1373,STOP_LOSS,1,-10.95,2.1733,2.1646,5.4169,-15.28,-2.221
460,BNBUSDT,LONG,spot,2026-08-24 08:30:00+00:00,698.5021,697.4362,2.8552,2026-08-24 10:00:00+00:00,701.82,2026-08-24 10:45:00+00:00,699.4,2026-08-24 11:00:00+00:00,699.7597,3.860627,2701.51,696.8651,701.4428,1,2026-08-24 12:15:00+00:00,700.3906,TRAILING_STOP,5,2.44,2.1612,2.1632,5.4067,-1.89,-0.169
461,BTCUSDT,LONG,spot,2026-08-26 04:30:00+00:00,79010.0075,78931.9663,196.6225,2026-08-26 05:30:00+00:00,79120.1,2026-08-26 05:45:00+00:00,79085.98,2026-08-26 06:00:00+00:00,79125.523,0.034118,2699.64,78892.6418,78892.6418,0,2026-08-26 06:15:00+00:00,78774.3029,STOP_LOSS,1,-11.98,2.1597,2.1501,5.3813,-16.29,-2.051
462,BNBUSDT,LONG,spot,2026-08-26 11:00:00+00:00,698.9653,697.7757,2.7953,2026-08-26 11:15:00+00:00,705.73,2026-08-26 12:30:00+00:00,700.61,2026-08-26 12:45:00+00:00,700.9603,3.620231,2537.64,697.2166,697.2166,0,2026-08-26 13:15:00+00:00,696.1708,STOP_LOSS,2,-17.34,2.0301,2.0162,5.0493,-21.39,-1.578
463,SOLUSDT,LONG,spot,2026-08-31 19:00:00+00:00,103.5564,103.2797,0.5847,2026-08-31 19:15:00+00:00,104.11,2026-08-31 19:45:00+00:00,103.61,2026-08-31 20:00:00+00:00,103.6518,25.685415,2662.34,103.1628,103.3196,2,2026-08-31 21:00:00+00:00,103.1647,TRAILING_STOP,4,-12.51,2.1299,2.1199,5.3059,-16.76,-1.334
464,BTCUSDT,LONG,spot,2026-09-11 13:30:00+00:00,77327.0463,77217.189,449.1969,2026-09-11 13:45:00+00:00,79242.56,2026-09-11 15:45:00+00:00,77732.25,2026-09-11 16:00:00+00:00,77771.1161,0.020757,1614.26,77127.3496,77127.3496,0,2026-09-11 18:00:00+00:00,77011.6586,STOP_LOSS,8,-15.76,1.2914,1.2788,3.2049,-18.33,-1.372
465,BNBUSDT,LONG,spot,2026-09-16 18:30:00+00:00,713.814,712.9216,4.5082,2026-09-16 19:00:00+00:00,717.63,2026-09-16 19:15:00+00:00,714.92,2026-09-16 19:30:00+00:00,715.2775,3.673531,2627.59,712.0199,724.3518,16,2026-09-17 00:45:00+00:00,723.2653,TRAILING_STOP,21,29.34,2.1021,2.1256,5.2992,25.12,2.099
466,BNBUSDT,LONG,spot,2026-09-22 13:30:00+00:00,788.9062,787.9478,2.6247,2026-09-22 13:45:00+00:00,791.57,2026-09-22 14:00:00+00:00,791.07,2026-09-22 14:15:00+00:00,791.4655,3.313701,2622.68,787.4228,787.4228,0,2026-09-22 14:30:00+00:00,785.5699,STOP_LOSS,1,-19.54,2.0981,2.0825,5.2161,-23.72,-1.77
467,BNBUSDT,LONG,spot,2026-09-22 23:45:00+00:00,787.7358,787.1022,2.1173,2026-09-23 00:00:00+00:00,791.04,2026-09-23 01:45:00+00:00,788.87,2026-09-23 02:00:00+00:00,789.2544,3.330965,2628.98,786.6788,794.0001,9,2026-09-23 05:00:00+00:00,792.8091,TRAILING_STOP,12,11.84,2.1032,2.1127,5.2757,7.62,0.889
