trade_id,symbol,direction,market_type,formation_time,U,L,frozen_atr,breakout_time,breakout_price,confirm_time,confirm_price,entry_time,entry_price,units,nominal_size_usdt,initial_sl,final_sl,sl_updates,exit_time,exit_price,exit_reason,bars_held,gross_pnl_usdt,entry_fee_usdt,exit_fee_usdt,slippage_cost_usdt,net_pnl_usdt,net_r_multiple
1,BNBUSDT,SHORT,futures,2024-01-03 13:00:00+00:00,318.068,316.2591,8.7066,2024-01-03 14:00:00+00:00,307.32,2024-01-03 15:15:00+00:00,314.82,2024-01-03 15:30:00+00:00,314.6941,9.774769,3076.06,319.8093,319.8093,0,2024-01-03 16:00:00+00:00,320.1931,STOP_LOSS,2,-53.75,1.538,1.5649,4.9862,-56.85,-1.137
2,ETHUSDT,SHORT,futures,2024-01-06 20:15:00+00:00,2244.0718,2242.752,6.8483,2024-01-06 21:00:00+00:00,2238.51,2024-01-06 21:15:00+00:00,2239.7,2024-01-06 21:30:00+00:00,2238.8041,7.489382,16767.26,2245.4415,2240.4866,4,2024-01-07 00:00:00+00:00,2243.1752,TRAILING_STOP,10,-32.74,8.3836,8.4,26.8669,-49.52,-0.996
3,BNBUSDT,SHORT,futures,2024-01-07 09:30:00+00:00,307.4059,307.0894,1.2001,2024-01-07 09:45:00+00:00,305.8,2024-01-07 10:15:00+00:00,307.0,2024-01-07 10:30:00+00:00,306.8772,64.351475,19748.0,307.646,306.8036,9,2024-01-07 13:15:00+00:00,307.1718,TRAILING_STOP,11,-18.96,9.874,9.8835,31.6195,-38.71,-0.783
4,SOLUSDT,SHORT,futures,2024-01-07 16:15:00+00:00,94.9076,94.7167,0.8019,2024-01-07 16:30:00+00:00,94.161,2024-01-07 17:45:00+00:00,94.282,2024-01-07 18:00:00+00:00,94.2433,59.751025,5631.13,95.068,95.068,0,2024-01-07 20:00:00+00:00,95.1821,STOP_LOSS,8,-56.09,2.8156,2.8436,9.0771,-61.75,-1.253
5,BNBUSDT,SHORT,futures,2024-01-09 13:15:00+00:00,303.3271,302.7257,2.4281,2024-01-09 14:30:00+00:00,300.69,2024-01-09 16:15:00+00:00,301.41,2024-01-09 16:30:00+00:00,301.2994,19.483821,5870.46,303.8127,299.4108,5,2024-01-09 21:00:00+00:00,299.7701,TRAILING_STOP,18,29.8,2.9352,2.9203,9.357,23.94,0.489
6,BNBUSDT,SHORT,futures,2024-01-10 05:00:00+00:00,301.6782,301.4675,1.0652,2024-01-10 06:15:00+00:00,300.66,2024-01-10 06:45:00+00:00,300.93,2024-01-10 07:00:00+00:00,300.8096,45.384192,13652.0,301.8912,300.0268,7,2024-01-10 09:15:00+00:00,300.3868,TRAILING_STOP,9,19.19,6.826,6.8164,21.8202,5.55,0.113
7,BTCUSDT,SHORT,futures,2024-01-11 21:30:00+00:00,46618.4077,46522.2371,302.0891,2024-01-11 21:45:00+00:00,46156.5,2024-01-11 23:15:00+00:00,46321.5,2024-01-11 23:30:00+00:00,46302.9714,0.130677,6050.75,46678.8255,46162.4984,13,2024-01-12 05:45:00+00:00,46217.8934,TRAILING_STOP,25,11.12,3.0254,3.0198,9.6679,5.07,0.103
8,BNBUSDT,SHORT,futures,2024-01-14 23:15:00+00:00,304.4546,303.9941,1.4728,2024-01-14 23:30:00+00:00,301.37,2024-01-15 00:45:00+00:00,303.97,2024-01-15 01:00:00+00:00,303.8384,53.95949,16394.97,304.7492,304.7492,0,2024-01-15 01:30:00+00:00,305.1149,STOP_LOSS,2,-68.88,8.1975,8.2319,26.3146,-85.31,-1.736
9,ETHUSDT,SHORT,futures,2024-01-15 15:15:00+00:00,2528.3957,2525.2253,11.3912,2024-01-15 15:30:00+00:00,2519.46,2024-01-15 16:45:00+00:00,2524.28,2024-01-15 17:00:00+00:00,2523.2803,6.589049,16626.02,2530.674,2530.674,0,2024-01-15 17:15:00+00:00,2537.4112,STOP_LOSS,1,-93.11,8.313,8.3596,26.7134,-109.78,-2.253
10,BTCUSDT,SHORT,futures,2024-01-15 22:45:00+00:00,42771.3687,42700.0603,208.5921,2024-01-15 23:00:00+00:00,42580.0,2024-01-16 01:00:00+00:00,42680.6,2024-01-16 01:15:00+00:00,42663.5278,0.32207,13740.64,42813.0871,42813.0871,0,2024-01-16 03:15:00+00:00,42864.4628,STOP_LOSS,8,-64.72,6.8703,6.9027,22.0627,-78.49,-1.629
11,BNBUSDT,SHORT,futures,2024-01-18 18:30:00+00:00,311.8942,311.4047,1.588,2024-01-18 19:00:00+00:00,310.49,2024-01-18 19:45:00+00:00,308.41,2024-01-18 20:00:00+00:00,308.2866,12.171811,3752.41,312.2118,312.2118,0,2024-01-18 22:00:00+00:00,312.5864,STOP_LOSS,8,-52.34,1.8762,1.9024,6.0667,-56.11,-1.175
12,BNBUSDT,SHORT,futures,2024-01-19 16:30:00+00:00,312.0352,311.6538,2.0535,2024-01-19 16:45:00+00:00,308.03,2024-01-19 17:45:00+00:00,311.47,2024-01-19 18:00:00+00:00,311.3354,42.770141,13315.86,312.4459,312.4459,0,2024-01-19 19:30:00+00:00,312.8208,STOP_LOSS,6,-63.53,6.6579,6.6897,21.3816,-76.88,-1.619
13,ETHUSDT,SHORT,futures,2024-01-20 03:45:00+00:00,2484.4546,2482.4268,5.8117,2024-01-20 05:00:00+00:00,2478.73,2024-01-20 05:30:00+00:00,2476.73,2024-01-20 05:45:00+00:00,2475.7393,4.769478,11807.98,2485.6169,2485.6169,0,2024-01-20 07:15:00+00:00,2488.5997,STOP_LOSS,6,-61.34,5.904,5.9347,18.9664,-73.18,-1.553
14,SOLUSDT,SHORT,futures,2024-01-21 05:30:00+00:00,92.5652,92.4762,0.3623,2024-01-21 05:45:00+00:00,92.187,2024-01-21 07:30:00+00:00,92.431,2024-01-21 07:45:00+00:00,92.401,197.542019,18253.09,92.6377,92.6377,0,2024-01-21 08:00:00+00:00,92.7488,STOP_LOSS,1,-68.71,9.1265,9.1609,29.2874,-86.99,-1.861
15,SOLUSDT,SHORT,futures,2024-01-21 16:30:00+00:00,92.8745,92.7517,0.5272,2024-01-21 16:45:00+00:00,92.346,2024-01-21 18:30:00+00:00,92.72,2024-01-21 18:45:00+00:00,92.6819,155.400545,14402.82,92.98,92.3369,8,2024-01-21 21:45:00+00:00,92.4477,TRAILING_STOP,12,36.4,7.2014,7.1832,23.0008,22.02,0.475
16,BTCUSDT,SHORT,futures,2024-01-24 19:30:00+00:00,39939.575,39874.3745,163.3727,2024-01-24 20:30:00+00:00,39718.4,2024-01-24 22:00:00+00:00,39874.2,2024-01-24 22:15:00+00:00,39858.2503,0.407279,16233.44,39972.2496,39972.2496,0,2024-01-24 23:00:00+00:00,40020.2163,STOP_LOSS,3,-65.97,8.1167,8.1497,26.0527,-82.23,-1.771
17,BTCUSDT,SHORT,futures,2024-01-25 13:30:00+00:00,40004.678,39969.5349,121.5254,2024-01-25 13:45:00+00:00,39907.1,2024-01-25 14:00:00+00:00,39946.9,2024-01-25 14:15:00+00:00,39931.0212,0.460979,18407.35,40028.9831,40028.9831,0,2024-01-25 14:30:00+00:00,40077.0179,STOP_LOSS,1,-67.3,9.2037,9.2373,29.5325,-85.74,-1.899
18,SOLUSDT,SHORT,futures,2024-01-25 16:00:00+00:00,87.502,87.2418,0.7515,2024-01-25 16:15:00+00:00,86.65,2024-01-25 18:00:00+00:00,87.111,2024-01-25 18:15:00+00:00,87.0762,79.133267,6890.62,87.6523,87.6523,0,2024-01-25 18:30:00+00:00,87.7575,STOP_LOSS,1,-53.91,3.4453,3.4723,11.0897,-60.83,-1.334
19,BNBUSDT,SHORT,futures,2024-01-25 16:00:00+00:00,293.1913,292.7107,1.3024,2024-01-25 16:15:00+00:00,291.87,2024-01-25 18:15:00+00:00,292.59,2024-01-25 18:30:00+00:00,292.463,45.798629,13394.4,293.4518,292.618,3,2024-01-25 19:30:00+00:00,292.9691,TRAILING_STOP,4,-23.18,6.6972,6.7088,21.4589,-36.59,-0.808
20,BTCUSDT,SHORT,futures,2024-01-25 19:00:00+00:00,39920.8237,39841.9175,167.3912,2024-01-25 20:30:00+00:00,39753.4,2024-01-25 20:45:00+00:00,39827.1,2024-01-25 21:00:00+00:00,39811.1692,0.31511,12544.9,39954.3019,39954.3019,0,2024-01-25 22:30:00+00:00,40002.2471,STOP_LOSS,6,-60.21,6.2724,6.3026,20.1441,-72.79,-1.614
21,BNBUSDT,SHORT,futures,2024-01-26 00:00:00+00:00,292.2862,291.8373,0.9183,2024-01-26 00:15:00+00:00,290.89,2024-01-26 00:45:00+00:00,291.55,2024-01-26 01:00:00+00:00,291.4334,43.163529,12579.29,292.4699,292.4699,0,2024-01-26 01:15:00+00:00,292.8208,STOP_LOSS,1,-59.89,6.2896,6.3196,20.1987,-72.5,-1.62
22,SOLUSDT,SHORT,futures,2024-01-26 00:00:00+00:00,87.0924,86.9625,0.5917,2024-01-26 01:00:00+00:00,86.191,2024-01-26 01:45:00+00:00,86.361,2024-01-26 02:00:00+00:00,86.3215,49.898934,4307.35,87.2108,87.2108,0,2024-01-26 02:15:00+00:00,87.4638,STOP_LOSS,1,-57.0,2.1537,2.1822,6.9602,-61.34,-1.382
23,BTCUSDT,SHORT,futures,2024-01-29 14:30:00+00:00,42130.6098,42088.2648,136.3441,2024-01-29 14:45:00+00:00,41933.7,2024-01-29 15:15:00+00:00,42040.3,2024-01-29 15:30:00+00:00,42023.4839,0.327911,13779.94,42157.8787,42157.8787,0,2024-01-29 15:45:00+00:00,42208.4681,STOP_LOSS,1,-60.66,6.89,6.9203,22.1207,-74.47,-1.69
24,ETHUSDT,SHORT,futures,2024-02-02 17:45:00+00:00,2305.0151,2302.6875,9.3794,2024-02-02 18:00:00+00:00,2291.52,2024-02-02 20:00:00+00:00,2298.84,2024-02-02 20:15:00+00:00,2297.9205,4.871202,11193.64,2306.891,2306.891,0,2024-02-02 22:15:00+00:00,2309.6592,STOP_LOSS,8,-57.18,5.5968,5.6254,17.9784,-68.4,-1.565
25,ETHUSDT,SHORT,futures,2024-02-04 22:15:00+00:00,2298.4702,2294.4236,9.3478,2024-02-04 22:30:00+00:00,2284.39,2024-02-05 00:15:00+00:00,2290.55,2024-02-05 00:30:00+00:00,2289.6338,4.049602,9272.1,2300.3398,2280.9884,7,2024-02-05 02:30:00+00:00,2283.7256,TRAILING_STOP,8,23.93,4.6361,4.6241,14.8067,14.67,0.338
26,ETHUSDT,SHORT,futures,2024-02-05 17:15:00+00:00,2309.3572,2305.7421,8.1399,2024-02-05 17:45:00+00:00,2301.43,2024-02-05 19:00:00+00:00,2304.29,2024-02-05 19:15:00+00:00,2303.3683,5.701567,13132.81,2310.9852,2294.7031,8,2024-02-05 23:15:00+00:00,2297.4567,TRAILING_STOP,16,33.71,6.5664,6.5496,20.972,20.59,0.474
27,SOLUSDT,SHORT,futures,2024-02-07 04:45:00+00:00,96.2936,96.1314,0.4314,2024-02-07 05:00:00+00:00,95.659,2024-02-07 05:45:00+00:00,95.908,2024-02-07 06:00:00+00:00,95.8696,85.313168,8178.94,96.3799,95.5813,7,2024-02-07 09:30:00+00:00,95.696,TRAILING_STOP,14,14.81,4.0895,4.0821,13.0685,6.64,0.153
28,BNBUSDT,SHORT,futures,2024-02-18 13:15:00+00:00,354.2504,354.1266,1.0475,2024-02-18 13:30:00+00:00,351.79,2024-02-18 14:45:00+00:00,353.27,2024-02-18 15:00:00+00:00,353.1187,32.484779,11470.98,354.4599,352.0555,4,2024-02-18 17:00:00+00:00,352.478,TRAILING_STOP,8,20.81,5.7355,5.7251,18.3286,9.35,0.215
29,BNBUSDT,SHORT,futures,2024-02-19 03:30:00+00:00,352.4003,351.842,1.2589,2024-02-19 05:00:00+00:00,351.18,2024-02-19 05:15:00+00:00,351.77,2024-02-19 05:30:00+00:00,351.6393,43.061918,15142.26,352.652,352.652,0,2024-02-19 06:00:00+00:00,353.0752,STOP_LOSS,2,-61.83,7.5711,7.602,24.3018,-77.01,-1.766
30,BNBUSDT,SHORT,futures,2024-02-19 23:45:00+00:00,353.0992,352.9095,0.9607,2024-02-20 00:15:00+00:00,352.16,2024-02-20 00:45:00+00:00,352.38,2024-02-20 01:00:00+00:00,352.2291,40.69041,14332.34,353.2914,353.2914,0,2024-02-20 01:15:00+00:00,354.8153,STOP_LOSS,1,-105.23,7.1662,7.2188,23.058,-119.62,-2.767
31,BTCUSDT,SHORT,futures,2024-02-20 08:00:00+00:00,51937.0894,51885.1309,113.4696,2024-02-20 08:15:00+00:00,51752.5,2024-02-20 08:30:00+00:00,51856.7,2024-02-20 08:45:00+00:00,51836.0573,0.328943,17051.09,51959.7833,51837.0608,2,2024-02-20 10:00:00+00:00,51899.2653,TRAILING_STOP,5,-20.79,8.5255,8.5359,27.3067,-37.85,-0.93
32,SOLUSDT,SHORT,futures,2024-02-22 16:45:00+00:00,104.8708,104.7782,0.6868,2024-02-22 17:00:00+00:00,104.263,2024-02-22 18:30:00+00:00,104.74,2024-02-22 18:45:00+00:00,104.6981,136.865235,14329.53,105.0082,104.5937,2,2024-02-22 20:15:00+00:00,104.7192,TRAILING_STOP,6,-2.88,7.1648,7.1662,22.9307,-17.21,-0.406
33,BTCUSDT,SHORT,futures,2024-02-26 02:45:00+00:00,51661.7557,51626.3319,99.0632,2024-02-26 03:00:00+00:00,51483.1,2024-02-26 04:00:00+00:00,51555.7,2024-02-26 04:15:00+00:00,51535.0777,0.289113,14899.48,51681.5683,51165.5441,9,2024-02-26 10:00:00+00:00,51226.9428,TRAILING_STOP,23,89.09,7.4497,7.4052,23.7323,74.23,1.753
34,BNBUSDT,SHORT,futures,2024-03-01 15:00:00+00:00,406.6978,406.4633,1.7635,2024-03-01 15:15:00+00:00,403.93,2024-03-01 17:15:00+00:00,405.77,2024-03-01 17:30:00+00:00,405.6177,29.828736,12099.06,407.0505,407.0505,0,2024-03-01 18:30:00+00:00,407.539,STOP_LOSS,4,-57.31,6.0495,6.0782,19.4273,-69.44,-1.625
35,BNBUSDT,SHORT,futures,2024-03-03 07:45:00+00:00,410.2379,409.7989,2.734,2024-03-03 08:00:00+00:00,404.85,2024-03-03 08:45:00+00:00,408.26,2024-03-03 09:00:00+00:00,408.0967,15.770768,6436.0,410.7847,410.7847,0,2024-03-03 09:30:00+00:00,411.2777,STOP_LOSS,2,-50.17,3.218,3.2431,10.3578,-56.63,-1.336
36,BTCUSDT,SHORT,futures,2024-03-03 07:30:00+00:00,61966.5526,61907.7901,207.8812,2024-03-03 07:45:00+00:00,61641.0,2024-03-03 09:00:00+00:00,61889.0,2024-03-03 09:15:00+00:00,61864.1444,0.273285,16906.56,62008.1289,61920.29,6,2024-03-03 12:00:00+00:00,61994.5944,TRAILING_STOP,11,-35.65,8.4533,8.4711,27.0933,-52.57,-1.336
37,SOLUSDT,SHORT,futures,2024-03-03 12:00:00+00:00,129.3261,129.0562,1.0708,2024-03-03 12:30:00+00:00,128.213,2024-03-03 13:00:00+00:00,128.678,2024-03-03 13:15:00+00:00,128.6215,45.547698,5858.41,129.5403,129.5403,0,2024-03-03 14:30:00+00:00,129.6957,STOP_LOSS,5,-48.93,2.9292,2.9537,9.4322,-54.81,-1.31
38,SOLUSDT,SHORT,futures,2024-03-04 03:45:00+00:00,130.2007,129.9781,0.978,2024-03-04 04:00:00+00:00,129.181,2024-03-04 04:45:00+00:00,129.788,2024-03-04 05:00:00+00:00,129.7371,63.060692,8181.31,130.3963,129.8048,9,2024-03-04 08:00:00+00:00,129.9606,TRAILING_STOP,12,-14.09,4.0907,4.0977,13.107,-22.28,-0.536
39,SOLUSDT,SHORT,futures,2024-03-04 05:45:00+00:00,130.0117,129.7972,0.7608,2024-03-04 06:00:00+00:00,129.206,2024-03-04 07:45:00+00:00,129.739,2024-03-04 08:00:00+00:00,129.6871,87.02862,11286.49,130.1639,130.1639,0,2024-03-04 08:15:00+00:00,131.3795,STOP_LOSS,1,-147.28,5.6432,5.7169,18.2351,-158.64,-3.824
40,SOLUSDT,SHORT,futures,2024-03-04 17:30:00+00:00,131.2708,130.9112,1.545,2024-03-04 17:45:00+00:00,127.528,2024-03-04 19:00:00+00:00,130.568,2024-03-04 19:15:00+00:00,130.5148,38.214515,4987.56,131.5798,130.4848,4,2024-03-04 21:45:00+00:00,130.6413,TRAILING_STOP,10,-4.84,2.4938,2.4962,7.9859,-9.83,-0.241
41,BNBUSDT,SHORT,futures,2024-03-04 18:30:00+00:00,417.163,416.3347,2.4675,2024-03-04 19:00:00+00:00,414.82,2024-03-04 20:15:00+00:00,415.48,2024-03-04 20:30:00+00:00,415.3138,17.45237,7248.21,417.6565,417.6565,0,2024-03-04 22:15:00+00:00,418.1577,STOP_LOSS,7,-49.63,3.6241,3.6489,11.6567,-56.91,-1.392
42,SOLUSDT,SHORT,futures,2024-03-05 07:45:00+00:00,131.0162,130.9067,1.2722,2024-03-05 08:15:00+00:00,129.912,2024-03-05 09:15:00+00:00,130.806,2024-03-05 09:30:00+00:00,130.7477,77.18297,10091.49,131.2706,131.2706,0,2024-03-05 10:15:00+00:00,131.4282,STOP_LOSS,3,-52.52,5.0457,5.072,16.2094,-62.64,-1.552
43,SOLUSDT,SHORT,futures,2024-03-06 14:00:00+00:00,129.5869,129.0146,1.7129,2024-03-06 14:15:00+00:00,128.005,2024-03-06 15:30:00+00:00,128.194,2024-03-06 15:45:00+00:00,128.1417,22.403141,2870.78,129.9295,129.9295,0,2024-03-06 17:30:00+00:00,130.0854,STOP_LOSS,7,-43.54,1.4354,1.4572,4.6455,-46.44,-1.159
44,SOLUSDT,SHORT,futures,2024-03-09 17:15:00+00:00,146.4736,146.0004,1.0673,2024-03-09 17:30:00+00:00,145.057,2024-03-09 18:30:00+00:00,145.612,2024-03-09 18:45:00+00:00,145.5538,35.138361,5114.52,146.6871,146.6871,0,2024-03-09 22:00:00+00:00,146.8631,STOP_LOSS,13,-46.01,2.5573,2.5803,8.2384,-51.15,-1.284
45,ETHUSDT,SHORT,futures,2024-03-10 14:15:00+00:00,3932.4761,3928.0154,14.7999,2024-03-10 14:30:00+00:00,3873.81,2024-03-10 16:30:00+00:00,3922.94,2024-03-10 16:45:00+00:00,3921.3708,2.813201,11031.61,3935.4361,3835.7344,21,2024-03-10 23:00:00+00:00,3840.3373,TRAILING_STOP,25,227.96,5.5158,5.4018,17.377,217.05,5.485
46,SOLUSDT,SHORT,futures,2024-03-12 16:45:00+00:00,150.2143,149.5548,1.9183,2024-03-12 17:00:00+00:00,145.128,2024-03-12 18:30:00+00:00,149.285,2024-03-12 18:45:00+00:00,149.2243,29.595035,4416.3,150.598,149.1042,10,2024-03-12 23:15:00+00:00,149.2831,TRAILING_STOP,18,-1.74,2.2081,2.209,7.0682,-6.16,-0.151
47,ETHUSDT,SHORT,futures,2024-03-14 00:45:00+00:00,4005.3169,3997.885,16.7698,2024-03-14 01:00:00+00:00,3971.92,2024-03-14 02:00:00+00:00,3994.19,2024-03-14 02:15:00+00:00,3992.5923,2.526525,10087.38,4008.6709,4008.6709,0,2024-03-14 04:00:00+00:00,4013.4813,STOP_LOSS,7,-52.78,5.0437,5.0701,16.2031,-62.89,-1.548
48,SOLUSDT,SHORT,futures,2024-03-17 07:30:00+00:00,185.3721,184.5607,2.9259,2024-03-17 07:45:00+00:00,181.942,2024-03-17 08:00:00+00:00,180.825,2024-03-17 08:15:00+00:00,180.7717,7.773088,1405.15,185.9573,185.9573,0,2024-03-17 08:30:00+00:00,186.1804,STOP_LOSS,1,-42.04,0.7026,0.7236,2.2987,-43.47,-1.078
49,BNBUSDT,SHORT,futures,2024-03-18 07:45:00+00:00,574.7042,572.5408,4.9278,2024-03-18 08:15:00+00:00,568.75,2024-03-18 08:30:00+00:00,571.0,2024-03-18 08:45:00+00:00,570.7716,8.151671,4652.74,575.6897,571.4941,5,2024-03-18 11:00:00+00:00,572.7565,TRAILING_STOP,9,-16.18,2.3264,2.3345,7.4638,-20.84,-0.52
50,BTCUSDT,SHORT,futures,2024-03-18 14:00:00+00:00,68112.2523,67970.4739,470.8913,2024-03-18 14:15:00+00:00,67424.5,2024-03-18 16:15:00+00:00,67864.3,2024-03-18 16:30:00+00:00,67837.0543,0.108255,7343.7,68206.4306,67378.804,9,2024-03-18 19:15:00+00:00,67459.6586,TRAILING_STOP,11,40.85,3.6719,3.6514,11.7009,33.53,0.839
51,BTCUSDT,SHORT,futures,2024-03-24 00:15:00+00:00,64822.4483,64721.3816,294.9446,2024-03-24 00:30:00+00:00,64551.4,2024-03-24 01:15:00+00:00,64642.8,2024-03-24 01:30:00+00:00,64616.9429,0.151816,9809.89,64881.4372,64321.031,9,2024-03-24 05:00:00+00:00,64398.2162,TRAILING_STOP,14,33.21,4.9049,4.8883,15.656,23.41,0.583
52,SOLUSDT,SHORT,futures,2024-03-29 15:45:00+00:00,186.733,186.6405,1.5547,2024-03-29 16:45:00+00:00,184.99,2024-03-29 17:45:00+00:00,186.127,2024-03-29 18:00:00+00:00,186.0525,40.619756,7557.41,187.044,187.044,0,2024-03-29 19:45:00+00:00,187.2684,STOP_LOSS,7,-49.39,3.7787,3.8034,12.1511,-56.97,-1.415
53,ETHUSDT,SHORT,futures,2024-04-03 12:30:00+00:00,3321.7535,3313.1454,17.3231,2024-04-03 13:15:00+00:00,3303.73,2024-04-03 13:30:00+00:00,3307.08,2024-04-03 13:45:00+00:00,3305.7672,2.055777,6795.92,3325.2181,3325.2181,0,2024-04-03 14:00:00+00:00,3329.2083,STOP_LOSS,1,-48.19,3.398,3.4221,10.9313,-55.01,-1.376
54,BTCUSDT,SHORT,futures,2024-04-03 14:30:00+00:00,66253.19,66131.3004,377.1243,2024-04-03 15:30:00+00:00,65881.9,2024-04-03 16:00:00+00:00,66126.1,2024-04-03 16:15:00+00:00,66099.6496,0.17344,11464.3,66328.6149,66328.6149,0,2024-04-03 16:30:00+00:00,66468.7669,STOP_LOSS,1,-64.02,5.7321,5.7642,18.4197,-75.52,-1.902
55,BNBUSDT,SHORT,futures,2024-04-03 14:45:00+00:00,559.4486,558.5684,3.3557,2024-04-03 15:15:00+00:00,556.76,2024-04-03 16:15:00+00:00,558.03,2024-04-03 16:30:00+00:00,557.8168,17.079576,9527.27,560.1198,556.7703,4,2024-04-03 18:45:00+00:00,557.4384,TRAILING_STOP,9,6.46,4.7636,4.7604,15.2359,-3.06,-0.078
56,BTCUSDT,SHORT,futures,2024-04-03 16:45:00+00:00,66253.5156,66167.7431,333.9238,2024-04-03 17:45:00+00:00,65980.7,2024-04-03 18:45:00+00:00,66026.4,2024-04-03 19:00:00+00:00,65999.9894,0.122752,8101.62,66320.3003,65946.4586,6,2024-04-03 21:45:00+00:00,66025.5943,TRAILING_STOP,11,-3.14,4.0508,4.0524,12.9664,-11.25,-0.286
57,ETHUSDT,SHORT,futures,2024-04-03 18:30:00+00:00,3328.085,3324.7099,21.4229,2024-04-03 20:00:00+00:00,3310.25,2024-04-03 21:45:00+00:00,3319.47,2024-04-03 22:00:00+00:00,3318.1322,2.757717,9150.47,3332.3695,3332.3695,0,2024-04-04 00:45:00+00:00,3336.3684,STOP_LOSS,11,-50.29,4.5752,4.6004,14.7011,-59.47,-1.515
58,SOLUSDT,SHORT,futures,2024-04-07 20:00:00+00:00,180.0844,179.6685,1.0688,2024-04-07 20:15:00+00:00,178.954,2024-04-07 21:15:00+00:00,178.93,2024-04-07 21:30:00+00:00,178.8584,27.066712,4841.11,180.2982,178.6141,3,2024-04-07 22:45:00+00:00,178.8284,TRAILING_STOP,5,0.81,2.4206,2.4201,7.7448,-4.03,-0.103
59,SOLUSDT,SHORT,futures,2024-04-09 01:00:00+00:00,180.567,180.3514,0.8938,2024-04-09 01:15:00+00:00,179.467,2024-04-09 02:15:00+00:00,180.2,2024-04-09 02:30:00+00:00,180.1279,63.039989,11355.26,180.7458,178.2781,9,2024-04-09 05:15:00+00:00,178.4921,TRAILING_STOP,11,103.12,5.6776,5.6261,18.0447,91.82,2.357
60,SOLUSDT,SHORT,futures,2024-04-11 12:15:00+00:00,172.8022,172.529,1.0326,2024-04-11 12:30:00+00:00,172.007,2024-04-11 13:00:00+00:00,172.341,2024-04-11 13:15:00+00:00,172.2841,54.380077,9368.82,173.0087,173.0087,0,2024-04-11 13:30:00+00:00,173.9275,STOP_LOSS,1,-89.37,4.6844,4.7291,15.0974,-98.78,-2.507
61,SOLUSDT,SHORT,futures,2024-04-11 23:15:00+00:00,173.58,173.2432,0.8432,2024-04-11 23:30:00+00:00,172.614,2024-04-12 00:00:00+00:00,173.172,2024-04-12 00:15:00+00:00,173.1027,60.252634,10429.9,173.7486,173.7486,0,2024-04-12 00:45:00+00:00,173.9571,STOP_LOSS,2,-51.48,5.2149,5.2407,16.7496,-61.93,-1.592
62,ETHUSDT,SHORT,futures,2024-04-17 07:30:00+00:00,3089.8803,3084.2105,13.6222,2024-04-17 07:45:00+00:00,3074.66,2024-04-17 08:00:00+00:00,3079.02,2024-04-17 08:15:00+00:00,3077.7784,2.603824,8013.99,3092.6047,3045.1431,12,2024-04-17 13:30:00+00:00,3048.7972,TRAILING_STOP,21,75.46,4.007,3.9693,12.7318,67.49,1.748
63,SOLUSDT,SHORT,futures,2024-04-22 02:30:00+00:00,148.9569,148.5344,1.3037,2024-04-22 02:45:00+00:00,147.356,2024-04-22 03:00:00+00:00,148.494,2024-04-22 03:15:00+00:00,148.4336,49.666939,7372.24,149.2177,149.2177,0,2024-04-22 03:30:00+00:00,149.5452,STOP_LOSS,1,-55.21,3.6861,3.7137,11.8618,-62.61,-1.608
64,BTCUSDT,SHORT,futures,2024-04-26 05:00:00+00:00,64392.121,64331.3966,193.1396,2024-04-26 05:15:00+00:00,64200.0,2024-04-26 05:30:00+00:00,64314.0,2024-04-26 05:45:00+00:00,64288.1744,0.240352,15451.82,64430.7489,64430.7489,0,2024-04-26 06:00:00+00:00,64604.5325,STOP_LOSS,1,-76.04,7.7259,7.7639,24.8142,-91.53,-2.671
65,ETHUSDT,SHORT,futures,2024-04-26 10:15:00+00:00,3147.8813,3143.0024,9.9588,2024-04-26 10:30:00+00:00,3134.1,2024-04-26 10:45:00+00:00,3121.52,2024-04-26 11:00:00+00:00,3120.2714,1.289518,4023.65,3149.8731,3149.8731,0,2024-04-26 13:45:00+00:00,3153.6529,STOP_LOSS,11,-43.05,2.0118,2.0333,6.4895,-47.09,-1.234
66,ETHUSDT,SHORT,futures,2024-04-26 21:15:00+00:00,3140.0644,3137.3837,8.3192,2024-04-26 22:15:00+00:00,3128.22,2024-04-27 00:00:00+00:00,3136.65,2024-04-27 00:15:00+00:00,3135.3853,4.839782,15174.58,3141.7283,3110.8866,1,2024-04-27 01:00:00+00:00,3114.6197,TRAILING_STOP,3,100.5,7.5873,7.537,24.1587,85.38,2.781
67,BNBUSDT,SHORT,futures,2024-05-06 13:00:00+00:00,592.3432,591.2847,3.368,2024-05-06 13:15:00+00:00,587.06,2024-05-06 13:30:00+00:00,590.55,2024-05-06 13:45:00+00:00,590.2838,14.036838,8285.72,593.0168,588.4856,3,2024-05-06 15:30:00+00:00,589.1918,TRAILING_STOP,7,15.33,4.1429,4.1352,13.2388,7.05,0.184
68,BTCUSDT,SHORT,futures,2024-05-06 13:15:00+00:00,64216.474,64087.6924,324.1217,2024-05-06 13:30:00+00:00,63868.0,2024-05-06 14:00:00+00:00,64050.1,2024-05-06 14:15:00+00:00,64024.48,0.149275,9557.26,64281.2984,63581.183,5,2024-05-06 15:45:00+00:00,63664.3056,TRAILING_STOP,6,53.77,4.7786,4.7517,15.2271,44.23,1.154
69,BNBUSDT,SHORT,futures,2024-05-07 03:30:00+00:00,590.0355,589.6383,2.9241,2024-05-07 03:45:00+00:00,586.31,2024-05-07 05:30:00+00:00,588.64,2024-05-07 05:45:00+00:00,588.3945,17.351354,10209.44,590.6203,588.7588,6,2024-05-07 08:00:00+00:00,589.4653,TRAILING_STOP,9,-18.58,5.1047,5.114,16.3574,-28.8,-0.746
70,BNBUSDT,SHORT,futures,2024-05-08 14:15:00+00:00,584.3925,583.2626,2.884,2024-05-08 15:15:00+00:00,580.85,2024-05-08 15:45:00+00:00,582.16,2024-05-08 16:00:00+00:00,581.9271,12.645823,7358.95,584.9694,584.9694,0,2024-05-08 17:00:00+00:00,585.6713,STOP_LOSS,4,-47.35,3.6795,3.7031,11.8311,-54.73,-1.423
71,BNBUSDT,SHORT,futures,2024-05-12 07:45:00+00:00,590.6474,590.095,1.2535,2024-05-12 08:00:00+00:00,587.91,2024-05-12 08:30:00+00:00,589.14,2024-05-12 08:45:00+00:00,588.9043,19.158595,11282.58,590.8981,590.8981,0,2024-05-12 10:15:00+00:00,591.6072,STOP_LOSS,6,-51.78,5.6413,5.6672,18.1143,-63.09,-1.652
72,SOLUSDT,SHORT,futures,2024-05-12 18:45:00+00:00,145.4716,145.1764,0.6064,2024-05-12 20:00:00+00:00,144.41,2024-05-12 20:30:00+00:00,144.837,2024-05-12 20:45:00+00:00,144.7791,46.549494,6739.39,145.5929,143.6636,1,2024-05-12 21:30:00+00:00,143.8359,TRAILING_STOP,3,43.9,3.3697,3.3477,10.7303,37.18,0.982
73,ETHUSDT,SHORT,futures,2024-05-15 10:00:00+00:00,2905.4472,2900.9312,11.2257,2024-05-15 11:30:00+00:00,2894.46,2024-05-15 11:45:00+00:00,2897.74,2024-05-15 12:00:00+00:00,2896.5809,3.426027,9923.76,2907.6924,2907.6924,0,2024-05-15 12:30:00+00:00,2911.1816,STOP_LOSS,2,-50.02,4.9619,4.9869,15.938,-59.97,-1.575
74,SOLUSDT,SHORT,futures,2024-05-22 12:30:00+00:00,179.7274,179.3302,1.498,2024-05-22 12:45:00+00:00,177.001,2024-05-22 13:30:00+00:00,179.143,2024-05-22 13:45:00+00:00,179.0713,39.522346,7077.32,180.027,180.027,0,2024-05-22 14:00:00+00:00,180.243,STOP_LOSS,1,-46.31,3.5387,3.5618,11.3793,-53.41,-1.414
75,BTCUSDT,SHORT,futures,2024-05-22 18:30:00+00:00,70000.9062,69971.3294,338.1712,2024-05-22 18:45:00+00:00,69617.2,2024-05-22 20:15:00+00:00,69606.3,2024-05-22 20:30:00+00:00,69578.3575,0.076505,5323.07,70068.5404,69405.6128,1,2024-05-22 21:15:00+00:00,69488.8996,TRAILING_STOP,3,6.84,2.6615,2.6581,8.5087,1.52,0.041
76,SOLUSDT,SHORT,futures,2024-05-22 18:30:00+00:00,180.0935,179.6656,1.6292,2024-05-22 19:00:00+00:00,178.294,2024-05-22 20:15:00+00:00,178.949,2024-05-22 20:30:00+00:00,178.8764,24.305851,4347.74,180.4193,179.2905,1,2024-05-22 21:30:00+00:00,179.5056,TRAILING_STOP,4,-15.29,2.1739,2.1815,6.9747,-19.65,-0.524
77,BNBUSDT,SHORT,futures,2024-05-26 17:30:00+00:00,602.3362,602.2235,1.3197,2024-05-26 18:00:00+00:00,601.12,2024-05-26 18:45:00+00:00,601.41,2024-05-26 19:00:00+00:00,601.1594,24.892347,14964.27,602.6001,599.8487,3,2024-05-26 21:45:00+00:00,600.5686,TRAILING_STOP,11,14.71,7.4821,7.4748,23.9252,-0.25,-0.007
78,SOLUSDT,SHORT,futures,2024-05-29 12:00:00+00:00,170.0047,169.6981,0.9778,2024-05-29 12:15:00+00:00,168.244,2024-05-29 13:15:00+00:00,168.42,2024-05-29 13:30:00+00:00,168.3516,20.236487,3406.85,170.2002,170.2002,0,2024-05-29 16:30:00+00:00,170.4045,STOP_LOSS,12,-41.54,1.7034,1.7242,5.5008,-44.97,-1.202
79,SOLUSDT,SHORT,futures,2024-05-29 15:45:00+00:00,169.4666,169.0435,1.1967,2024-05-29 16:00:00+00:00,167.722,2024-05-29 16:15:00+00:00,168.529,2024-05-29 16:30:00+00:00,168.4656,29.981257,5050.81,169.7059,169.7059,0,2024-05-29 16:45:00+00:00,170.3542,STOP_LOSS,1,-56.62,2.5254,2.5537,8.1492,-61.7,-1.659
80,SOLUSDT,SHORT,futures,2024-05-29 23:30:00+00:00,169.5003,169.286,0.8236,2024-05-29 23:45:00+00:00,168.418,2024-05-30 00:00:00+00:00,168.91,2024-05-30 00:15:00+00:00,168.8464,45.05231,7606.92,169.665,169.4526,3,2024-05-30 02:15:00+00:00,169.656,TRAILING_STOP,8,-36.47,3.8035,3.8217,12.2148,-44.1,-1.196
81,BNBUSDT,SHORT,futures,2024-05-30 23:30:00+00:00,596.2061,595.8749,1.0838,2024-05-31 00:00:00+00:00,595.17,2024-05-31 00:15:00+00:00,594.76,2024-05-31 00:30:00+00:00,594.5221,19.285946,11465.92,596.4228,596.4228,0,2024-05-31 01:00:00+00:00,597.1385,STOP_LOSS,2,-50.46,5.733,5.7582,18.406,-61.95,-1.69
82,ETHUSDT,SHORT,futures,2024-05-31 16:15:00+00:00,3774.1459,3770.7311,23.9626,2024-05-31 16:30:00+00:00,3749.36,2024-05-31 17:15:00+00:00,3769.35,2024-05-31 17:30:00+00:00,3767.8523,3.278629,12353.39,3778.9385,3778.9385,0,2024-05-31 18:00:00+00:00,3783.4732,STOP_LOSS,2,-51.22,6.1767,6.2023,19.8269,-63.59,-1.75
83,SOLUSDT,SHORT,futures,2024-06-04 08:45:00+00:00,165.7654,165.5799,0.5175,2024-06-04 09:00:00+00:00,165.09,2024-06-04 10:15:00+00:00,165.369,2024-06-04 10:30:00+00:00,165.3019,63.545127,10504.13,165.8688,165.8688,0,2024-06-04 11:30:00+00:00,166.0679,STOP_LOSS,4,-48.68,5.2521,5.2764,16.865,-59.21,-1.643
84,ETHUSDT,SHORT,futures,2024-06-07 12:45:00+00:00,3821.2289,3817.6008,20.5342,2024-06-07 13:00:00+00:00,3801.32,2024-06-07 13:30:00+00:00,3817.39,2024-06-07 13:45:00+00:00,3815.863,3.745787,14293.41,3825.3357,3825.3357,0,2024-06-07 14:30:00+00:00,3829.9261,STOP_LOSS,3,-52.68,7.1467,7.173,22.9327,-67.0,-1.888
85,BTCUSDT,SHORT,futures,2024-06-14 14:00:00+00:00,67081.617,67002.9892,178.1586,2024-06-14 14:15:00+00:00,66694.1,2024-06-14 14:45:00+00:00,66980.0,2024-06-14 15:00:00+00:00,66953.208,0.211482,14159.42,67117.2487,65614.8402,14,2024-06-14 19:15:00+00:00,65693.5781,TRAILING_STOP,17,266.39,7.0797,6.9465,22.3354,252.36,7.274
86,SOLUSDT,SHORT,futures,2024-06-15 19:30:00+00:00,144.8087,144.6069,0.5335,2024-06-15 20:15:00+00:00,143.902,2024-06-15 20:30:00+00:00,144.363,2024-06-15 20:45:00+00:00,144.3093,60.492526,8729.63,144.9154,144.9154,0,2024-06-15 21:30:00+00:00,145.0893,STOP_LOSS,3,-47.19,4.3648,4.3884,14.024,-55.94,-1.526
87,SOLUSDT,SHORT,futures,2024-06-16 07:30:00+00:00,144.5516,144.3816,0.5056,2024-06-16 08:45:00+00:00,144.118,2024-06-16 09:30:00+00:00,144.337,2024-06-16 09:45:00+00:00,144.2793,97.427297,14056.74,144.6528,144.6528,0,2024-06-16 10:00:00+00:00,144.8416,STOP_LOSS,1,-54.79,7.0284,7.0558,22.5565,-68.87,-1.893
88,ETHUSDT,SHORT,futures,2024-06-22 01:00:00+00:00,3510.4693,3507.5569,8.7119,2024-06-22 01:15:00+00:00,3497.72,2024-06-22 01:45:00+00:00,3501.2,2024-06-22 02:00:00+00:00,3499.7995,2.903869,10162.96,3512.2117,3487.0695,8,2024-06-22 09:30:00+00:00,3491.254,TRAILING_STOP,30,24.82,5.0815,5.0691,16.231,14.66,0.407
89,SOLUSDT,SHORT,futures,2024-06-24 19:15:00+00:00,128.2158,127.6143,1.4041,2024-06-24 20:15:00+00:00,126.025,2024-06-24 20:30:00+00:00,126.64,2024-06-24 20:45:00+00:00,126.5883,18.92779,2396.04,128.4966,128.4966,0,2024-06-24 21:00:00+00:00,128.6508,STOP_LOSS,1,-39.04,1.198,1.2175,3.8805,-41.45,-1.148
90,BTCUSDT,SHORT,futures,2024-06-26 15:00:00+00:00,61557.1143,61526.1506,264.7612,2024-06-26 15:15:00+00:00,61352.8,2024-06-26 16:00:00+00:00,61506.0,2024-06-26 16:15:00+00:00,61481.3976,0.233646,14364.91,61610.0666,61340.2161,2,2024-06-26 17:30:00+00:00,61413.8244,TRAILING_STOP,5,15.79,7.1825,7.1746,22.9649,1.43,0.048
91,SOLUSDT,SHORT,futures,2024-06-26 17:30:00+00:00,136.889,136.5118,0.8916,2024-06-26 18:00:00+00:00,135.738,2024-06-26 19:15:00+00:00,136.224,2024-06-26 19:30:00+00:00,136.1685,39.965412,5442.03,137.0673,137.0673,0,2024-06-26 19:45:00+00:00,137.2318,STOP_LOSS,1,-42.49,2.721,2.7423,8.7582,-47.96,-1.335
92,ETHUSDT,SHORT,futures,2024-06-26 22:45:00+00:00,3379.877,3377.4372,10.4036,2024-06-26 23:30:00+00:00,3368.31,2024-06-27 01:15:00+00:00,3375.77,2024-06-27 01:30:00+00:00,3374.4197,4.229426,14271.86,3381.9577,3381.9577,0,2024-06-27 02:00:00+00:00,3386.0161,STOP_LOSS,2,-49.05,7.1359,7.1605,22.8938,-63.34,-1.987
93,ETHUSDT,SHORT,futures,2024-06-27 05:15:00+00:00,3379.9081,3378.2312,7.9295,2024-06-27 05:45:00+00:00,3367.96,2024-06-27 07:15:00+00:00,3371.3,2024-06-27 07:30:00+00:00,3369.9515,3.0637,10324.52,3381.494,3381.494,0,2024-06-27 09:00:00+00:00,3385.5518,STOP_LOSS,6,-47.79,5.1623,5.1862,16.5766,-58.14,-1.644
94,BTCUSDT,SHORT,futures,2024-07-06 03:45:00+00:00,56406.4539,56325.4647,181.8136,2024-07-06 04:30:00+00:00,56124.3,2024-07-06 05:00:00+00:00,56293.5,2024-07-06 05:15:00+00:00,56270.8826,0.204017,11480.2,56442.8166,56442.8166,0,2024-07-06 05:30:00+00:00,56510.548,STOP_LOSS,1,-48.9,5.7401,5.7645,18.427,-60.4,-1.722
95,ETHUSDT,SHORT,futures,2024-07-11 03:45:00+00:00,3097.1936,3093.2717,15.3764,2024-07-11 04:00:00+00:00,3080.71,2024-07-11 05:00:00+00:00,3091.66,2024-07-11 05:15:00+00:00,3090.4333,3.535701,10926.85,3100.2688,3100.2688,0,2024-07-11 06:00:00+00:00,3103.9892,STOP_LOSS,3,-47.93,5.4634,5.4874,17.5405,-58.88,-1.693
96,BTCUSDT,SHORT,futures,2024-07-19 07:30:00+00:00,64087.2001,64000.4983,211.6542,2024-07-19 07:45:00+00:00,63673.9,2024-07-19 09:00:00+00:00,63982.1,2024-07-19 09:15:00+00:00,63956.5072,0.199285,12745.55,64129.5309,64100.1944,2,2024-07-19 10:30:00+00:00,64177.1146,TRAILING_STOP,5,-43.96,6.3728,6.3948,20.4456,-56.73,-1.645
97,ETHUSDT,SHORT,futures,2024-07-21 18:00:00+00:00,3497.8857,3492.5565,25.1513,2024-07-21 18:15:00+00:00,3468.29,2024-07-21 19:30:00+00:00,3479.57,2024-07-21 19:45:00+00:00,3478.1782,1.382394,4808.21,3502.9159,3502.9159,0,2024-07-21 20:15:00+00:00,3507.1194,STOP_LOSS,2,-40.01,2.4041,2.4241,7.7412,-44.84,-1.311
98,BTCUSDT,SHORT,futures,2024-07-22 14:30:00+00:00,67427.3419,67319.6105,296.867,2024-07-22 14:45:00+00:00,66695.3,2024-07-22 16:45:00+00:00,67019.9,2024-07-22 17:00:00+00:00,66993.092,0.068824,4610.74,67486.7153,67486.7153,0,2024-07-22 18:00:00+00:00,67567.6993,STOP_LOSS,4,-39.55,2.3054,2.3251,7.4246,-44.18,-1.3
99,ETHUSDT,SHORT,futures,2024-07-24 14:00:00+00:00,3458.2069,3454.6131,12.9757,2024-07-24 14:15:00+00:00,3446.09,2024-07-24 14:30:00+00:00,3438.39,2024-07-24 14:45:00+00:00,3437.0146,1.418914,4876.83,3460.802,3426.9115,9,2024-07-24 17:30:00+00:00,3431.0238,TRAILING_STOP,11,8.5,2.4384,2.4342,7.7927,3.63,0.107
100,BNBUSDT,SHORT,futures,2024-07-24 15:00:00+00:00,585.5669,585.1423,1.8032,2024-07-24 15:30:00+00:00,583.81,2024-07-24 16:45:00+00:00,584.6,2024-07-24 17:00:00+00:00,584.3662,21.691872,12676.0,585.9276,585.9276,0,2024-07-24 17:30:00+00:00,586.6307,STOP_LOSS,2,-49.12,6.338,6.3626,20.3405,-61.82,-1.825
101,ETHUSDT,SHORT,futures,2024-07-30 02:15:00+00:00,3321.7154,3315.8794,17.9686,2024-07-30 02:30:00+00:00,3298.41,2024-07-30 03:15:00+00:00,3315.77,2024-07-30 03:30:00+00:00,3314.4437,3.079762,10207.7,3325.3091,3318.2043,3,2024-07-30 06:00:00+00:00,3322.1862,TRAILING_STOP,10,-23.85,5.1038,5.1158,16.3609,-34.06,-1.018
102,ETHUSDT,SHORT,futures,2024-07-30 15:00:00+00:00,3329.1858,3326.1635,16.8725,2024-07-30 15:30:00+00:00,3316.23,2024-07-30 16:15:00+00:00,3316.04,2024-07-30 16:30:00+00:00,3314.6936,1.863388,6176.56,3332.5603,3266.2702,14,2024-07-30 20:30:00+00:00,3270.1898,TRAILING_STOP,16,82.93,3.0883,3.0468,9.783,76.79,2.307
103,SOLUSDT,SHORT,futures,2024-07-31 14:45:00+00:00,181.8583,181.5635,1.3504,2024-07-31 15:00:00+00:00,180.676,2024-07-31 16:15:00+00:00,180.83,2024-07-31 16:30:00+00:00,180.7517,24.461513,4421.46,182.1284,182.1284,0,2024-07-31 17:45:00+00:00,182.3469,STOP_LOSS,5,-39.02,2.2107,2.2302,7.1212,-43.46,-1.291
104,SOLUSDT,SHORT,futures,2024-07-31 17:00:00+00:00,181.3832,181.0174,1.2091,2024-07-31 18:00:00+00:00,180.354,2024-07-31 19:00:00+00:00,180.036,2024-07-31 19:15:00+00:00,179.972,20.241618,3642.92,181.625,171.0614,29,2024-08-01 03:15:00+00:00,170.004,TIME_EXIT_8H,32,201.77,1.8215,1.7206,2.8336,198.23,5.924
105,BTCUSDT,SHORT,futures,2024-08-02 07:30:00+00:00,64429.0527,64349.5479,292.124,2024-08-02 07:45:00+00:00,64146.0,2024-08-02 08:00:00+00:00,64077.8,2024-08-02 08:15:00+00:00,64052.0689,0.079126,5068.16,64487.4775,64487.4775,0,2024-08-02 08:45:00+00:00,64564.8625,STOP_LOSS,2,-40.58,2.5341,2.5544,8.1578,-45.66,-1.325
106,ETHUSDT,SHORT,futures,2024-08-06 10:00:00+00:00,2480.3006,2475.4962,21.305,2024-08-06 10:15:00+00:00,2462.5,2024-08-06 10:30:00+00:00,2454.66,2024-08-06 10:45:00+00:00,2453.6681,1.107798,2718.17,2484.5616,2457.0417,1,2024-08-06 13:30:00+00:00,2459.9902,TRAILING_STOP,11,-7.0,1.3591,1.3626,4.3575,-9.73,-0.284
107,ETHUSDT,SHORT,futures,2024-08-06 11:15:00+00:00,2473.5353,2470.1022,19.7418,2024-08-06 11:45:00+00:00,2457.07,2024-08-06 13:30:00+00:00,2435.45,2024-08-06 13:45:00+00:00,2434.4858,0.794809,1934.95,2477.4836,2477.4836,0,2024-08-06 14:00:00+00:00,2480.4566,STOP_LOSS,1,-36.54,0.9675,0.9857,3.1398,-38.49,-1.126
108,ETHUSDT,SHORT,futures,2024-08-06 21:15:00+00:00,2494.3712,2485.3246,21.0124,2024-08-06 22:15:00+00:00,2460.4,2024-08-06 23:00:00+00:00,2472.67,2024-08-06 23:15:00+00:00,2471.6809,1.263635,3123.3,2498.5737,2474.3503,2,2024-08-07 01:30:00+00:00,2477.3196,TRAILING_STOP,9,-7.13,1.5617,1.5652,5.0058,-10.25,-0.302
109,ETHUSDT,SHORT,futures,2024-08-06 23:45:00+00:00,2484.2978,2477.7982,20.2029,2024-08-07 00:00:00+00:00,2442.98,2024-08-07 01:30:00+00:00,2474.72,2024-08-07 01:45:00+00:00,2473.7401,2.3243,5749.71,2488.3383,2488.3383,0,2024-08-07 02:00:00+00:00,2502.2291,STOP_LOSS,1,-66.22,2.8749,2.908,9.279,-72.0,-2.122
110,SOLUSDT,SHORT,futures,2024-08-10 03:15:00+00:00,154.9188,154.5634,1.2444,2024-08-10 04:00:00+00:00,153.283,2024-08-10 05:45:00+00:00,153.954,2024-08-10 06:00:00+00:00,153.8934,26.345484,4054.4,155.1677,155.1677,0,2024-08-10 07:45:00+00:00,155.3539,STOP_LOSS,7,-38.48,2.0272,2.0464,6.5332,-42.55,-1.267
111,ETHUSDT,SHORT,futures,2024-08-11 15:30:00+00:00,2643.0581,2636.1037,17.2543,2024-08-11 15:45:00+00:00,2612.63,2024-08-11 16:45:00+00:00,2624.51,2024-08-11 17:00:00+00:00,2623.4702,1.447907,3798.54,2646.5089,2577.553,8,2024-08-11 21:30:00+00:00,2580.646,TRAILING_STOP,18,62.01,1.8993,1.8683,6.0033,58.24,1.746
112,BTCUSDT,SHORT,futures,2024-08-12 18:45:00+00:00,59387.4049,59282.1561,434.4102,2024-08-12 19:00:00+00:00,59016.9,2024-08-12 19:15:00+00:00,59129.6,2024-08-12 19:30:00+00:00,59105.9482,0.091354,5399.55,59474.287,59188.8792,4,2024-08-12 22:15:00+00:00,59259.9058,TRAILING_STOP,11,-14.06,2.6998,2.7068,8.6562,-19.47,-0.579
113,BTCUSDT,SHORT,futures,2024-08-12 20:00:00+00:00,59303.8335,59243.2521,375.9531,2024-08-12 20:45:00+00:00,58817.6,2024-08-12 22:15:00+00:00,59139.0,2024-08-12 22:30:00+00:00,59115.3444,0.127244,7522.1,59379.0241,59379.0241,0,2024-08-12 23:00:00+00:00,59450.279,STOP_LOSS,2,-42.62,3.761,3.7824,12.0865,-50.16,-1.495
114,BTCUSDT,SHORT,futures,2024-08-13 04:00:00+00:00,59285.2954,59266.7064,302.7468,2024-08-13 04:15:00+00:00,59090.0,2024-08-13 05:15:00+00:00,59224.6,2024-08-13 05:30:00+00:00,59200.8102,0.225003,13320.38,59345.8448,59345.8448,0,2024-08-13 06:45:00+00:00,59417.0598,STOP_LOSS,5,-48.66,6.6602,6.6845,21.371,-62.0,-1.9
115,BTCUSDT,SHORT,futures,2024-08-13 06:00:00+00:00,59270.1366,59223.7702,212.8616,2024-08-13 06:15:00+00:00,59083.5,2024-08-13 06:30:00+00:00,59197.5,2024-08-13 06:45:00+00:00,59173.821,0.22301,13196.38,59312.7089,59312.7089,0,2024-08-13 07:00:00+00:00,59406.7026,STOP_LOSS,1,-51.94,6.5982,6.6242,21.1765,-65.16,-2.104
116,SOLUSDT,SHORT,futures,2024-08-13 07:15:00+00:00,145.7016,145.3469,0.9081,2024-08-13 08:15:00+00:00,144.84,2024-08-13 08:30:00+00:00,145.101,2024-08-13 08:45:00+00:00,145.043,38.875334,5638.59,145.8832,144.8776,7,2024-08-13 11:30:00+00:00,145.0514,TRAILING_STOP,11,-0.33,2.8193,2.8195,9.0221,-5.97,-0.183
117,SOLUSDT,SHORT,futures,2024-08-13 09:15:00+00:00,145.6679,145.3758,0.9759,2024-08-13 09:30:00+00:00,143.811,2024-08-13 11:30:00+00:00,145.022,2024-08-13 11:45:00+00:00,144.964,36.298733,5262.01,145.8631,145.8631,0,2024-08-13 12:00:00+00:00,146.0381,STOP_LOSS,1,-38.99,2.631,2.6505,8.466,-44.27,-1.357
118,ETHUSDT,SHORT,futures,2024-08-16 13:00:00+00:00,2605.5934,2600.6494,14.2973,2024-08-16 13:45:00+00:00,2592.8,2024-08-16 14:00:00+00:00,2583.15,2024-08-16 14:15:00+00:00,2582.1167,1.230779,3178.02,2608.4529,2592.0026,3,2024-08-16 16:15:00+00:00,2595.113,TRAILING_STOP,8,-16.0,1.589,1.597,5.104,-19.18,-0.592
119,ETHUSDT,SHORT,futures,2024-08-16 23:15:00+00:00,2602.505,2600.9595,10.2193,2024-08-16 23:30:00+00:00,2594.0,2024-08-17 00:45:00+00:00,2598.01,2024-08-17 01:00:00+00:00,2596.9708,4.264738,11075.4,2604.5489,2604.5489,0,2024-08-17 01:30:00+00:00,2607.6744,STOP_LOSS,2,-45.65,5.5377,5.5605,17.7754,-56.75,-1.756
120,ETHUSDT,SHORT,futures,2024-08-17 01:30:00+00:00,2601.562,2599.227,8.3508,2024-08-17 03:00:00+00:00,2592.68,2024-08-17 04:15:00+00:00,2596.59,2024-08-17 04:30:00+00:00,2595.5614,4.176201,10839.59,2603.2322,2603.2322,0,2024-08-17 09:30:00+00:00,2606.3561,STOP_LOSS,20,-45.08,5.4198,5.4423,17.3974,-55.94,-1.746
121,ETHUSDT,SHORT,futures,2024-08-18 04:15:00+00:00,2610.0275,2607.4011,9.8484,2024-08-18 04:30:00+00:00,2597.5,2024-08-18 05:15:00+00:00,2600.3,2024-08-18 05:30:00+00:00,2599.2499,2.491018,6474.78,2611.9972,2611.9972,0,2024-08-18 08:30:00+00:00,2615.1316,STOP_LOSS,12,-39.56,3.2374,3.2572,10.4071,-46.06,-1.45
122,BNBUSDT,SHORT,futures,2024-08-24 22:30:00+00:00,583.0269,582.5353,3.5703,2024-08-24 22:45:00+00:00,576.98,2024-08-25 00:00:00+00:00,581.94,2024-08-25 00:15:00+00:00,581.6972,15.423869,8972.02,583.7409,583.7409,0,2024-08-25 00:30:00+00:00,584.4414,STOP_LOSS,1,-42.33,4.486,4.5072,14.406,-51.32,-1.628
123,BNBUSDT,SHORT,futures,2024-08-25 00:45:00+00:00,582.0809,581.1355,2.9984,2024-08-25 01:00:00+00:00,578.69,2024-08-25 01:15:00+00:00,579.85,2024-08-25 01:30:00+00:00,579.6081,10.175741,5897.94,582.6806,579.1408,10,2024-08-25 05:15:00+00:00,579.8358,TRAILING_STOP,15,-2.32,2.949,2.9501,9.4395,-8.22,-0.263
124,ETHUSDT,SHORT,futures,2024-09-01 00:00:00+00:00,2513.7849,2511.4145,5.4208,2024-09-01 00:15:00+00:00,2506.84,2024-09-01 00:30:00+00:00,2506.41,2024-09-01 00:45:00+00:00,2505.4074,3.300105,8268.11,2514.869,2491.9928,2,2024-09-01 03:00:00+00:00,2494.9832,TRAILING_STOP,9,34.4,4.1341,4.1169,13.1877,26.15,0.837
125,BNBUSDT,SHORT,futures,2024-09-06 07:45:00+00:00,504.5899,504.2334,2.6421,2024-09-06 08:30:00+00:00,502.31,2024-09-06 09:30:00+00:00,503.98,2024-09-06 09:45:00+00:00,503.7984,23.755841,11968.15,505.1183,505.1183,0,2024-09-06 10:00:00+00:00,505.7244,STOP_LOSS,1,-45.75,5.9841,6.007,19.204,-57.75,-1.842
126,SOLUSDT,SHORT,futures,2024-09-18 19:45:00+00:00,130.2013,129.5683,1.3874,2024-09-18 20:00:00+00:00,128.653,2024-09-18 20:15:00+00:00,129.379,2024-09-18 20:30:00+00:00,129.3262,26.955856,3486.1,130.4787,130.4787,0,2024-09-18 20:45:00+00:00,130.6353,STOP_LOSS,1,-35.29,1.743,1.7607,5.6201,-38.79,-1.249
127,BTCUSDT,SHORT,futures,2024-09-24 14:30:00+00:00,63359.9059,63337.2869,260.3481,2024-09-24 14:45:00+00:00,63157.6,2024-09-24 15:00:00+00:00,63215.6,2024-09-24 15:15:00+00:00,63190.3138,0.139277,8800.96,63411.9755,63386.9123,2,2024-09-24 17:15:00+00:00,63462.9766,TRAILING_STOP,8,-37.98,4.4005,4.4195,14.1271,-46.8,-1.516
128,BTCUSDT,SHORT,futures,2024-09-29 23:15:00+00:00,65725.355,65700.5631,136.5623,2024-09-29 23:30:00+00:00,65583.0,2024-09-29 23:45:00+00:00,65568.1,2024-09-30 00:00:00+00:00,65541.9727,0.145416,9530.83,65752.6675,65416.0529,2,2024-09-30 00:45:00+00:00,65494.5522,TRAILING_STOP,3,6.9,4.7654,4.762,15.2411,-2.63,-0.086
129,ETHUSDT,SHORT,futures,2024-09-29 23:00:00+00:00,2661.0563,2659.6477,7.5474,2024-09-29 23:15:00+00:00,2648.51,2024-09-29 23:45:00+00:00,2656.3,2024-09-30 00:00:00+00:00,2655.2375,4.180805,11101.03,2662.5658,2646.1357,2,2024-09-30 00:45:00+00:00,2649.3111,TRAILING_STOP,3,24.78,5.5505,5.5381,17.7319,13.69,0.447
130,ETHUSDT,SHORT,futures,2024-09-30 00:30:00+00:00,2659.7423,2655.0857,11.0679,2024-09-30 00:45:00+00:00,2647.54,2024-09-30 01:00:00+00:00,2636.67,2024-09-30 01:15:00+00:00,2635.6153,1.165263,3071.19,2661.9558,2625.9296,5,2024-09-30 03:30:00+00:00,2629.0807,TRAILING_STOP,9,7.61,1.5356,1.5318,4.9048,4.55,0.148
131,BTCUSDT,SHORT,futures,2024-10-08 15:15:00+00:00,62673.9665,62523.332,322.2708,2024-10-08 15:30:00+00:00,62199.9,2024-10-08 16:30:00+00:00,62479.7,2024-10-08 16:45:00+00:00,62454.8081,0.108304,6764.1,62738.4207,62275.9302,11,2024-10-08 20:30:00+00:00,62350.6614,TRAILING_STOP,15,11.28,3.382,3.3764,10.809,4.52,0.147
132,SOLUSDT,SHORT,futures,2024-10-13 15:30:00+00:00,146.5257,146.3409,0.7115,2024-10-13 15:45:00+00:00,145.262,2024-10-13 17:00:00+00:00,146.28,2024-10-13 17:15:00+00:00,146.2215,68.845429,10066.68,146.668,145.8638,4,2024-10-13 19:00:00+00:00,146.0388,TRAILING_STOP,7,12.57,5.0333,5.0271,16.0916,2.51,0.082
133,SOLUSDT,SHORT,futures,2024-10-15 21:00:00+00:00,154.4444,154.1604,1.1694,2024-10-15 21:15:00+00:00,153.24,2024-10-15 22:30:00+00:00,153.37,2024-10-15 22:45:00+00:00,153.3186,22.617628,3467.7,154.6783,154.6783,0,2024-10-15 23:30:00+00:00,154.8639,STOP_LOSS,3,-34.95,1.7339,1.7513,5.5903,-38.43,-1.25
134,SOLUSDT,SHORT,futures,2024-10-16 21:30:00+00:00,154.7238,154.4855,0.616,2024-10-16 21:45:00+00:00,153.83,2024-10-16 22:15:00+00:00,154.43,2024-10-16 22:30:00+00:00,154.3682,63.823193,9852.27,154.847,154.847,0,2024-10-16 22:45:00+00:00,155.0329,STOP_LOSS,1,-42.42,4.9261,4.9473,15.8145,-52.29,-1.711
135,BTCUSDT,SHORT,futures,2024-10-17 18:30:00+00:00,67259.8494,67160.0351,314.1824,2024-10-17 18:45:00+00:00,66910.5,2024-10-17 20:30:00+00:00,67000.0,2024-10-17 20:45:00+00:00,66973.1,0.086668,5804.42,67322.6858,67322.6858,0,2024-10-17 22:15:00+00:00,67403.4731,STOP_LOSS,6,-37.3,2.9022,2.9209,9.3318,-43.12,-1.423
136,BTCUSDT,SHORT,futures,2024-10-23 00:30:00+00:00,67439.1689,67387.8846,155.2,2024-10-23 00:45:00+00:00,67156.9,2024-10-23 01:30:00+00:00,67335.4,2024-10-23 01:45:00+00:00,67308.4658,0.178773,12032.91,67470.2089,67153.7564,9,2024-10-23 04:30:00+00:00,67234.3409,TRAILING_STOP,11,13.25,6.0165,6.0098,19.2368,1.23,0.042
137,BNBUSDT,SHORT,futures,2024-10-27 00:30:00+00:00,583.6755,583.4763,0.7523,2024-10-27 00:45:00+00:00,583.09,2024-10-27 01:30:00+00:00,582.79,2024-10-27 01:45:00+00:00,582.5469,20.659899,12035.36,583.8259,583.8259,0,2024-10-27 02:00:00+00:00,584.5265,STOP_LOSS,1,-40.9,6.0177,6.0381,19.3057,-52.96,-2.004
138,ETHUSDT,SHORT,futures,2024-10-27 01:45:00+00:00,2479.8186,2478.3403,5.0341,2024-10-27 02:15:00+00:00,2474.24,2024-10-27 03:30:00+00:00,2475.45,2024-10-27 03:45:00+00:00,2474.4498,4.677806,11575.0,2480.8254,2480.8254,0,2024-10-27 04:00:00+00:00,2486.7105,STOP_LOSS,1,-57.35,5.7875,5.8162,18.5888,-68.96,-2.312
139,ETHUSDT,SHORT,futures,2024-10-28 04:30:00+00:00,2493.5447,2490.4283,7.8767,2024-10-28 04:45:00+00:00,2485.59,2024-10-28 05:45:00+00:00,2485.54,2024-10-28 06:00:00+00:00,2484.5458,2.787791,6926.39,2495.1201,2495.1201,0,2024-10-28 07:00:00+00:00,2498.1142,STOP_LOSS,4,-37.83,3.4632,3.4821,11.1276,-44.77,-1.519
141,ETHUSDT,SHORT,futures,2024-11-01 16:00:00+00:00,2540.096,2529.5624,22.5137,2024-11-01 16:30:00+00:00,2510.53,2024-11-01 17:15:00+00:00,2522.92,2024-11-01 17:30:00+00:00,2521.9208,1.290021,3253.33,2544.5987,2520.8846,5,2024-11-01 20:15:00+00:00,2523.9096,TRAILING_STOP,11,-2.57,1.6267,1.6279,5.2084,-5.82,-0.199
140,BTCUSDT,SHORT,futures,2024-11-01 16:15:00+00:00,70395.2495,70212.446,583.8775,2024-11-01 17:00:00+00:00,69902.9,2024-11-01 17:15:00+00:00,70058.4,2024-11-01 17:30:00+00:00,70030.2767,0.060727,4252.71,70512.025,69415.5516,12,2024-11-01 22:15:00+00:00,69507.8094,TRAILING_STOP,19,31.73,2.1264,2.1105,6.7663,27.49,0.94
142,SOLUSDT,SHORT,futures,2024-11-04 05:45:00+00:00,162.5804,162.3604,0.7388,2024-11-04 06:00:00+00:00,161.86,2024-11-04 06:30:00+00:00,161.77,2024-11-04 06:45:00+00:00,161.7053,28.708358,4642.29,162.7281,161.486,2,2024-11-04 09:00:00+00:00,161.6798,TRAILING_STOP,9,0.73,2.3211,2.3208,7.4268,-3.91,-0.133
144,BTCUSDT,SHORT,futures,2024-11-04 13:45:00+00:00,68857.7314,68808.6245,223.4828,2024-11-04 14:00:00+00:00,68576.9,2024-11-04 16:00:00+00:00,68624.0,2024-11-04 16:15:00+00:00,68596.6504,0.095873,6576.53,68902.4279,67879.8197,7,2024-11-04 18:15:00+00:00,67961.2755,TRAILING_STOP,8,60.92,3.2883,3.2578,10.4494,54.37,1.855
143,BNBUSDT,SHORT,futures,2024-11-04 13:15:00+00:00,560.7873,560.0294,1.578,2024-11-04 14:00:00+00:00,559.03,2024-11-04 14:15:00+00:00,558.83,2024-11-04 14:30:00+00:00,558.6165,11.802204,6592.91,561.1029,554.5022,9,2024-11-04 19:00:00+00:00,555.1676,TRAILING_STOP,18,40.7,3.2965,3.2761,10.4998,34.13,1.163
145,BNBUSDT,SHORT,futures,2024-11-08 16:45:00+00:00,597.4425,596.52,3.0762,2024-11-08 17:00:00+00:00,589.58,2024-11-08 18:30:00+00:00,595.85,2024-11-08 18:45:00+00:00,595.6117,12.177643,7253.15,598.0578,598.0578,0,2024-11-08 19:00:00+00:00,598.7754,STOP_LOSS,1,-38.53,3.6266,3.6458,11.6513,-45.8,-1.538
146,BNBUSDT,SHORT,futures,2024-11-10 21:15:00+00:00,632.6561,629.7134,5.9372,2024-11-10 21:30:00+00:00,623.83,2024-11-10 22:15:00+00:00,626.73,2024-11-10 22:30:00+00:00,626.4693,4.008378,2511.13,633.8436,633.8436,0,2024-11-11 00:15:00+00:00,634.6042,STOP_LOSS,7,-32.61,1.2556,1.2719,4.0569,-35.14,-1.189
147,BNBUSDT,SHORT,futures,2024-11-14 00:15:00+00:00,619.7951,618.2795,3.777,2024-11-14 00:30:00+00:00,615.29,2024-11-14 01:45:00+00:00,618.06,2024-11-14 02:00:00+00:00,617.8028,10.694884,6607.33,620.5505,620.5505,0,2024-11-14 02:15:00+00:00,621.2951,STOP_LOSS,1,-37.35,3.3037,3.3223,10.6165,-43.98,-1.496
148,ETHUSDT,SHORT,futures,2024-11-14 06:45:00+00:00,3214.7723,3209.6573,18.1251,2024-11-14 07:00:00+00:00,3189.1,2024-11-14 07:30:00+00:00,3204.6,2024-11-14 07:45:00+00:00,3203.3182,1.934227,6195.94,3218.3973,3218.3973,0,2024-11-14 08:00:00+00:00,3223.5136,STOP_LOSS,1,-39.06,3.098,3.1175,9.9604,-45.28,-1.552
149,SOLUSDT,SHORT,futures,2024-11-14 15:00:00+00:00,216.4167,215.579,2.7586,2024-11-14 15:15:00+00:00,212.37,2024-11-14 16:30:00+00:00,215.23,2024-11-14 16:45:00+00:00,215.1439,15.863383,3412.91,216.9684,216.9684,0,2024-11-14 17:00:00+00:00,217.4306,STOP_LOSS,1,-36.27,1.7065,1.7246,5.5042,-39.71,-1.372
150,SOLUSDT,SHORT,futures,2024-11-14 20:30:00+00:00,215.3085,214.7534,1.9271,2024-11-14 21:00:00+00:00,212.64,2024-11-14 21:30:00+00:00,213.93,2024-11-14 21:45:00+00:00,213.8444,15.54174,3323.51,215.6939,211.4897,6,2024-11-15 00:00:00+00:00,211.7435,TRAILING_STOP,9,32.65,1.6618,1.6454,5.2784,29.35,1.021
151,ETHUSDT,SHORT,futures,2024-11-17 11:30:00+00:00,3133.1835,3129.6415,16.2805,2024-11-17 11:45:00+00:00,3107.8,2024-11-17 12:45:00+00:00,3123.82,2024-11-17 13:00:00+00:00,3122.5705,2.08326,6505.13,3136.4396,3112.501,3,2024-11-17 14:00:00+00:00,3116.236,TRAILING_STOP,4,13.2,3.2526,3.246,10.3924,6.7,0.232
152,BNBUSDT,SHORT,futures,2024-11-18 17:30:00+00:00,622.6375,621.5395,3.0134,2024-11-18 19:00:00+00:00,618.13,2024-11-18 20:15:00+00:00,619.95,2024-11-18 20:30:00+00:00,619.662,8.084261,5009.51,623.2402,620.796,8,2024-11-18 23:45:00+00:00,621.5409,TRAILING_STOP,13,-15.19,2.5048,2.5123,8.0334,-20.21,-0.699
153,BTCUSDT,SHORT,futures,2024-11-18 23:45:00+00:00,91071.5003,90970.2635,462.5511,2024-11-19 00:00:00+00:00,90577.3,2024-11-19 00:30:00+00:00,90932.5,2024-11-19 00:45:00+00:00,90896.027,0.107565,9777.19,91164.0105,91164.0105,0,2024-11-19 01:00:00+00:00,91273.4073,STOP_LOSS,1,-40.59,4.8886,4.9089,15.6922,-50.39,-1.748
154,BNBUSDT,SHORT,futures,2024-11-22 14:00:00+00:00,626.6031,624.7062,4.0688,2024-11-22 14:15:00+00:00,619.22,2024-11-22 16:00:00+00:00,622.58,2024-11-22 16:15:00+00:00,622.331,5.618235,3496.4,627.4168,627.4168,0,2024-11-22 21:30:00+00:00,628.1697,STOP_LOSS,21,-32.8,1.7482,1.7646,5.6336,-36.32,-1.271
155,SOLUSDT,SHORT,futures,2024-11-24 06:00:00+00:00,257.1005,256.883,1.2991,2024-11-24 06:15:00+00:00,255.33,2024-11-24 07:45:00+00:00,256.84,2024-11-24 08:00:00+00:00,256.7373,44.235077,11356.79,257.3603,246.5502,14,2024-11-24 13:00:00+00:00,246.8461,TRAILING_STOP,20,437.54,5.6784,5.4596,17.6458,426.4,15.472
156,BNBUSDT,SHORT,futures,2024-11-30 16:15:00+00:00,660.4973,659.1738,2.9787,2024-11-30 16:30:00+00:00,657.32,2024-11-30 16:45:00+00:00,658.36,2024-11-30 17:00:00+00:00,658.0867,10.153186,6681.68,661.093,656.7877,9,2024-11-30 20:45:00+00:00,657.5759,TRAILING_STOP,15,5.19,3.3408,3.3382,10.6845,-1.49,-0.049
157,SOLUSDT,SHORT,futures,2024-12-01 17:15:00+00:00,238.2659,237.7994,0.9396,2024-12-01 17:30:00+00:00,236.74,2024-12-01 18:00:00+00:00,237.39,2024-12-01 18:15:00+00:00,237.295,26.33508,6249.18,238.4538,236.686,7,2024-12-01 21:00:00+00:00,236.97,TRAILING_STOP,11,8.56,3.1246,3.1203,9.9884,2.31,0.076
158,ETHUSDT,SHORT,futures,2024-12-02 04:15:00+00:00,3713.3279,3707.3541,26.7414,2024-12-02 04:30:00+00:00,3691.49,2024-12-02 05:00:00+00:00,3702.66,2024-12-02 05:15:00+00:00,3701.1889,1.745732,6461.28,3718.6762,3608.1907,21,2024-12-02 12:15:00+00:00,3612.5205,TRAILING_STOP,28,154.79,3.2306,3.1532,10.1523,148.41,4.861
159,BTCUSDT,SHORT,futures,2024-12-12 21:00:00+00:00,100746.034,100467.1802,574.3011,2024-12-12 21:15:00+00:00,100022.8,2024-12-12 22:30:00+00:00,100380.0,2024-12-12 22:45:00+00:00,100339.848,0.060032,6023.61,100860.8942,99708.8503,7,2024-12-13 03:45:00+00:00,99828.5009,TRAILING_STOP,20,30.7,3.0118,2.9965,9.6009,24.69,0.789
160,BTCUSDT,SHORT,futures,2024-12-14 18:15:00+00:00,101405.2409,101288.6446,243.0642,2024-12-14 18:30:00+00:00,100893.6,2024-12-14 19:30:00+00:00,101244.8,2024-12-14 19:45:00+00:00,101204.3021,0.124129,12562.38,101453.8538,101061.3852,2,2024-12-14 21:00:00+00:00,101182.6589,TRAILING_STOP,5,2.69,6.2812,6.2798,20.0966,-9.87,-0.319
161,BNBUSDT,SHORT,futures,2024-12-15 22:00:00+00:00,715.9194,715.5168,2.7,2024-12-15 22:15:00+00:00,711.94,2024-12-15 22:45:00+00:00,714.52,2024-12-15 23:00:00+00:00,714.2242,14.028721,10019.65,716.4594,716.4594,0,2024-12-15 23:15:00+00:00,717.7703,STOP_LOSS,1,-49.75,5.0098,5.0347,16.0911,-59.79,-1.907
162,SOLUSDT,SHORT,futures,2024-12-16 19:15:00+00:00,219.3394,218.6954,1.6147,2024-12-16 20:00:00+00:00,217.57,2024-12-16 21:30:00+00:00,218.42,2024-12-16 21:45:00+00:00,218.3426,23.534139,5138.51,219.6623,216.6298,4,2024-12-17 00:15:00+00:00,216.8898,TRAILING_STOP,10,34.19,2.5693,2.5522,8.1806,29.07,0.936
163,BNBUSDT,SHORT,futures,2024-12-17 06:15:00+00:00,720.2029,719.24,2.4724,2024-12-17 06:30:00+00:00,716.65,2024-12-17 07:00:00+00:00,718.36,2024-12-17 07:15:00+00:00,718.0827,11.934688,8570.09,720.6973,719.2203,4,2024-12-17 09:00:00+00:00,720.0834,TRAILING_STOP,7,-23.88,4.285,4.297,13.7408,-32.46,-1.04
164,BNBUSDT,SHORT,futures,2024-12-18 14:15:00+00:00,717.8531,716.6088,2.551,2024-12-18 14:45:00+00:00,710.92,2024-12-18 16:45:00+00:00,716.16,2024-12-18 17:00:00+00:00,715.8735,12.469332,8926.46,718.3633,717.8175,1,2024-12-18 17:30:00+00:00,718.6789,TRAILING_STOP,2,-34.98,4.4632,4.4807,14.3243,-43.93,-1.415
165,BTCUSDT,SHORT,futures,2024-12-21 13:45:00+00:00,97799.8396,97637.3153,516.9524,2024-12-21 14:30:00+00:00,97334.3,2024-12-21 14:45:00+00:00,97049.6,2024-12-21 15:00:00+00:00,97010.7802,0.034541,3350.89,97903.2301,97903.2301,0,2024-12-21 20:15:00+00:00,98020.7139,STOP_LOSS,21,-34.88,1.6754,1.6929,5.4033,-38.25,-1.241
166,ETHUSDT,SHORT,futures,2024-12-23 15:00:00+00:00,3325.8868,3320.2334,26.1134,2024-12-23 15:15:00+00:00,3295.97,2024-12-23 16:30:00+00:00,3319.6,2024-12-23 16:45:00+00:00,3318.2722,2.386539,7919.19,3331.1095,3331.1095,0,2024-12-23 17:00:00+00:00,3377.4281,STOP_LOSS,1,-141.18,3.9596,4.0302,12.8401,-149.17,-4.869
167,SOLUSDT,SHORT,futures,2024-12-30 22:15:00+00:00,192.3558,191.9739,1.5725,2024-12-30 22:45:00+00:00,191.06,2024-12-31 00:00:00+00:00,191.9,2024-12-31 00:15:00+00:00,191.8232,35.29023,6769.49,192.6702,190.4771,8,2024-12-31 02:45:00+00:00,190.7057,TRAILING_STOP,10,39.44,3.3847,3.365,10.7839,32.69,1.094
168,BNBUSDT,SHORT,futures,2024-12-31 05:45:00+00:00,702.6845,702.0661,2.5743,2024-12-31 06:00:00+00:00,699.58,2024-12-31 06:15:00+00:00,699.76,2024-12-31 06:30:00+00:00,699.4701,8.059069,5637.08,703.1994,703.1994,0,2024-12-31 08:15:00+00:00,704.0432,STOP_LOSS,7,-36.86,2.8185,2.837,9.0636,-42.51,-1.414
169,SOLUSDT,SHORT,futures,2025-01-06 09:15:00+00:00,214.6628,214.4582,0.92,2025-01-06 09:30:00+00:00,213.47,2025-01-06 10:00:00+00:00,214.32,2025-01-06 10:15:00+00:00,214.2443,49.523624,10610.15,214.8468,214.8468,0,2025-01-06 10:30:00+00:00,215.1047,STOP_LOSS,1,-42.61,5.3051,5.3264,17.0274,-53.24,-1.784
170,BNBUSDT,SHORT,futures,2025-01-09 07:45:00+00:00,696.5348,695.7602,2.3586,2025-01-09 08:00:00+00:00,688.41,2025-01-09 08:45:00+00:00,694.8,2025-01-09 09:00:00+00:00,694.5221,11.904273,8267.78,697.0065,697.0065,0,2025-01-09 09:15:00+00:00,698.317,STOP_LOSS,1,-45.18,4.1339,4.1565,13.2827,-53.47,-1.808
172,BTCUSDT,SHORT,futures,2025-01-10 15:30:00+00:00,94110.146,93930.8115,933.7825,2025-01-10 16:15:00+00:00,93393.7,2025-01-10 16:30:00+00:00,93829.3,2025-01-10 16:45:00+00:00,93791.7683,0.057986,5438.59,94296.9025,94296.9025,0,2025-01-10 17:15:00+00:00,94410.0588,STOP_LOSS,2,-35.85,2.7193,2.7372,8.7448,-41.31,-1.41
171,ETHUSDT,SHORT,futures,2025-01-10 14:15:00+00:00,3284.5486,3277.1232,23.2905,2025-01-10 14:30:00+00:00,3264.6,2025-01-10 15:45:00+00:00,3243.7,2025-01-10 16:00:00+00:00,3242.3925,0.626049,2029.9,3289.2067,3289.2067,0,2025-01-10 17:45:00+00:00,3293.1538,STOP_LOSS,7,-31.78,1.0149,1.0308,3.286,-33.82,-1.154
174,BNBUSDT,SHORT,futures,2025-01-10 20:00:00+00:00,694.1094,692.7687,2.7593,2025-01-10 20:30:00+00:00,690.8,2025-01-10 21:45:00+00:00,692.23,2025-01-10 22:00:00+00:00,691.9531,10.68332,7392.36,694.6613,694.6613,0,2025-01-11 05:45:00+00:00,695.4949,STOP_LOSS,31,-37.84,3.6962,3.7151,11.8732,-45.25,-1.564
173,SOLUSDT,SHORT,futures,2025-01-10 19:00:00+00:00,189.3891,188.5946,1.8231,2025-01-10 20:30:00+00:00,187.23,2025-01-10 21:45:00+00:00,187.64,2025-01-10 22:00:00+00:00,187.5749,13.279043,2490.82,189.7537,186.5771,1,2025-01-11 06:00:00+00:00,186.801,TRAILING_STOP,32,10.28,1.2454,1.2403,3.973,7.79,0.269
175,SOLUSDT,SHORT,futures,2025-01-12 01:45:00+00:00,187.8535,187.6008,0.7424,2025-01-12 02:15:00+00:00,187.15,2025-01-12 02:30:00+00:00,187.43,2025-01-12 02:45:00+00:00,187.355,44.432745,8324.7,188.002,188.002,0,2025-01-12 03:00:00+00:00,188.546,STOP_LOSS,1,-52.92,4.1623,4.1888,13.383,-61.27,-2.131
176,ETHUSDT,SHORT,futures,2025-01-12 22:30:00+00:00,3270.4168,3267.7441,12.5982,2025-01-12 22:45:00+00:00,3239.25,2025-01-12 23:45:00+00:00,3265.7,2025-01-13 00:00:00+00:00,3264.3937,3.329015,10867.21,3272.9364,3272.9364,0,2025-01-13 00:15:00+00:00,3281.5331,STOP_LOSS,1,-57.06,5.4336,5.4621,17.456,-67.95,-2.389
177,BTCUSDT,SHORT,futures,2025-01-13 02:15:00+00:00,94602.3639,94556.2553,435.1127,2025-01-13 02:30:00+00:00,94037.1,2025-01-13 04:00:00+00:00,94449.7,2025-01-13 04:15:00+00:00,94411.9201,0.10127,9561.1,94689.3864,94689.3864,0,2025-01-13 04:30:00+00:00,94871.7096,STOP_LOSS,1,-46.56,4.7806,4.8038,15.3536,-56.15,-1.998
178,SOLUSDT,SHORT,futures,2025-01-20 13:00:00+00:00,257.623,256.8385,4.2491,2025-01-20 13:15:00+00:00,253.39,2025-01-20 13:45:00+00:00,256.06,2025-01-20 14:00:00+00:00,255.9576,11.059991,2830.89,258.4728,258.4728,0,2025-01-20 14:45:00+00:00,258.783,STOP_LOSS,3,-31.25,1.4154,1.4311,4.5669,-34.1,-1.226
179,ETHUSDT,SHORT,futures,2025-01-20 17:30:00+00:00,3333.3286,3324.1504,61.5552,2025-01-20 17:45:00+00:00,3292.95,2025-01-20 18:15:00+00:00,3312.48,2025-01-20 18:30:00+00:00,3311.165,0.801976,2655.47,3345.6396,3345.6396,0,2025-01-20 19:15:00+00:00,3349.6544,STOP_LOSS,3,-30.87,1.3277,1.3432,4.2858,-33.54,-1.213
180,ETHUSDT,SHORT,futures,2025-01-20 21:30:00+00:00,3329.1831,3324.1783,29.4898,2025-01-20 21:45:00+00:00,3284.36,2025-01-20 22:45:00+00:00,3318.29,2025-01-20 23:00:00+00:00,3316.9827,1.518373,5036.42,3335.0811,3262.5977,14,2025-01-21 03:15:00+00:00,3266.5128,TRAILING_STOP,17,76.63,2.5182,2.4799,7.9663,71.63,2.607
182,BTCUSDT,SHORT,futures,2025-01-22 13:45:00+00:00,105192.4113,104983.2112,423.273,2025-01-22 14:00:00+00:00,104049.4,2025-01-22 15:15:00+00:00,104343.7,2025-01-22 15:30:00+00:00,104301.6626,0.028562,2979.02,105277.0659,104353.7974,4,2025-01-22 17:30:00+00:00,104479.0219,TRAILING_STOP,8,-5.07,1.4895,1.492,4.7725,-8.05,-0.289
181,ETHUSDT,SHORT,futures,2025-01-22 13:30:00+00:00,3311.1487,3308.5941,11.8361,2025-01-22 13:45:00+00:00,3283.32,2025-01-22 14:30:00+00:00,3285.99,2025-01-22 14:45:00+00:00,3284.6756,0.965342,3170.83,3313.516,3270.5294,2,2025-01-22 19:15:00+00:00,3274.454,TRAILING_STOP,18,9.87,1.5854,1.5805,5.0615,6.7,0.241
183,ETHUSDT,SHORT,futures,2025-01-23 19:30:00+00:00,3242.3578,3236.8697,20.6112,2025-01-23 19:45:00+00:00,3203.48,2025-01-23 20:00:00+00:00,3223.35,2025-01-23 20:15:00+00:00,3222.0707,1.140425,3674.53,3246.4801,3246.4801,0,2025-01-23 20:30:00+00:00,3286.1487,STOP_LOSS,1,-73.08,1.8373,1.8738,5.9669,-76.79,-2.758
185,BTCUSDT,SHORT,futures,2025-01-24 00:15:00+00:00,103971.8864,103754.8922,659.0199,2025-01-24 00:45:00+00:00,103416.8,2025-01-24 01:15:00+00:00,103593.7,2025-01-24 01:30:00+00:00,103552.2625,0.049695,5146.03,104103.6904,103698.2369,4,2025-01-24 03:15:00+00:00,103822.6748,TRAILING_STOP,7,-13.44,2.573,2.5797,8.2498,-18.59,-0.678
184,BNBUSDT,SHORT,futures,2025-01-24 00:30:00+00:00,688.33,687.3896,2.2307,2025-01-24 00:45:00+00:00,685.84,2025-01-24 01:00:00+00:00,686.65,2025-01-24 01:15:00+00:00,686.3653,11.387724,7816.14,688.7761,683.796,5,2025-01-24 03:30:00+00:00,684.6166,TRAILING_STOP,9,19.91,3.9081,3.8981,12.4819,12.11,0.441
186,BTCUSDT,SHORT,futures,2025-01-24 02:00:00+00:00,103771.244,103676.4224,446.6071,2025-01-24 02:15:00+00:00,103329.1,2025-01-24 03:15:00+00:00,103427.1,2025-01-24 03:30:00+00:00,103385.7292,0.057748,5970.3,103860.5654,103860.5654,0,2025-01-24 03:45:00+00:00,104197.7875,STOP_LOSS,1,-46.89,2.9852,3.0086,9.6088,-52.89,-1.929
187,SOLUSDT,SHORT,futures,2025-01-26 10:45:00+00:00,256.4154,255.8722,1.3261,2025-01-26 11:00:00+00:00,254.65,2025-01-26 12:00:00+00:00,254.46,2025-01-26 12:15:00+00:00,254.3482,11.642916,2961.36,256.6807,256.6807,0,2025-01-26 12:45:00+00:00,256.9887,STOP_LOSS,2,-30.74,1.4807,1.496,4.7751,-33.72,-1.242
188,SOLUSDT,SHORT,futures,2025-01-26 14:00:00+00:00,255.9439,255.4441,1.2002,2025-01-26 14:15:00+00:00,253.71,2025-01-26 14:45:00+00:00,254.94,2025-01-26 15:00:00+00:00,254.848,20.202352,5148.53,256.1839,256.1839,0,2025-01-26 17:00:00+00:00,256.4913,STOP_LOSS,8,-33.2,2.5743,2.5909,8.2775,-38.36,-1.422
190,ETHUSDT,SHORT,futures,2025-01-28 14:45:00+00:00,3180.6473,3175.5403,15.312,2025-01-28 16:00:00+00:00,3166.98,2025-01-28 17:15:00+00:00,3173.27,2025-01-28 17:30:00+00:00,3172.0007,2.288448,7258.96,3183.7097,3085.1637,10,2025-01-28 22:15:00+00:00,3088.8659,TRAILING_STOP,19,190.25,3.6295,3.5344,11.386,183.09,6.833
189,SOLUSDT,SHORT,futures,2025-01-28 15:45:00+00:00,237.0742,236.6904,2.3153,2025-01-28 16:00:00+00:00,235.14,2025-01-28 16:30:00+00:00,234.99,2025-01-28 16:45:00+00:00,234.886,10.107299,2374.06,237.5372,228.4896,18,2025-01-29 00:00:00+00:00,228.7637,TRAILING_STOP,29,61.88,1.187,1.1561,3.7242,59.54,2.222
191,BNBUSDT,SHORT,futures,2025-01-29 10:45:00+00:00,672.0401,671.632,1.3775,2025-01-29 11:00:00+00:00,670.51,2025-01-29 11:45:00+00:00,670.43,2025-01-29 12:00:00+00:00,670.1618,13.005426,8715.74,672.3156,667.1604,6,2025-01-29 15:00:00+00:00,667.961,TRAILING_STOP,12,28.62,4.3579,4.3436,13.9108,19.92,0.711
192,BTCUSDT,SHORT,futures,2025-01-29 15:45:00+00:00,102191.2226,102124.0371,390.6015,2025-01-29 16:00:00+00:00,101834.4,2025-01-29 16:45:00+00:00,102057.4,2025-01-29 17:00:00+00:00,102016.4771,0.110219,11244.13,102269.3429,102269.3429,0,2025-01-29 17:15:00+00:00,102392.0661,STOP_LOSS,1,-41.4,5.6221,5.6428,18.0403,-52.66,-1.89
193,SOLUSDT,SHORT,futures,2025-01-29 22:45:00+00:00,232.3983,231.2073,2.9687,2025-01-29 23:30:00+00:00,229.25,2025-01-30 00:45:00+00:00,231.14,2025-01-30 01:00:00+00:00,231.0475,14.320947,3308.82,232.992,232.992,0,2025-01-30 01:15:00+00:00,233.2716,STOP_LOSS,1,-31.85,1.6544,1.6703,5.3323,-35.18,-1.263
194,BTCUSDT,SHORT,futures,2025-02-05 15:30:00+00:00,98241.7323,98124.7469,508.8393,2025-02-05 16:00:00+00:00,97657.2,2025-02-05 16:45:00+00:00,97936.9,2025-02-05 17:00:00+00:00,97897.8252,0.062088,6078.29,98343.5002,97408.1521,8,2025-02-05 19:30:00+00:00,97525.0419,TRAILING_STOP,10,23.15,3.0391,3.0276,9.6975,17.08,0.617
195,BNBUSDT,SHORT,futures,2025-02-06 18:15:00+00:00,577.7209,576.8475,3.9849,2025-02-06 18:30:00+00:00,574.82,2025-02-06 19:00:00+00:00,576.25,2025-02-06 19:15:00+00:00,576.0195,11.109897,6399.52,578.5179,578.5179,0,2025-02-06 20:30:00+00:00,579.2121,STOP_LOSS,5,-35.47,3.1998,3.2175,10.2818,-41.89,-1.509
196,BTCUSDT,SHORT,futures,2025-02-07 05:00:00+00:00,97244.3759,97108.5678,289.7484,2025-02-07 06:15:00+00:00,96779.9,2025-02-07 07:15:00+00:00,96912.0,2025-02-07 07:30:00+00:00,96873.2352,0.064199,6219.15,97302.3255,97302.3255,0,2025-02-07 09:15:00+00:00,97419.0883,STOP_LOSS,7,-35.04,3.1096,3.1271,9.9927,-41.28,-1.499
197,ETHUSDT,SHORT,futures,2025-02-09 14:15:00+00:00,2649.7966,2646.1797,12.4161,2025-02-09 14:30:00+00:00,2626.19,2025-02-09 15:00:00+00:00,2637.79,2025-02-09 15:15:00+00:00,2636.7249,1.757829,4634.91,2652.2798,2652.2798,0,2025-02-09 15:30:00+00:00,2655.4625,STOP_LOSS,1,-32.94,2.3175,2.3339,7.4554,-37.59,-1.375
198,SOLUSDT,SHORT,futures,2025-02-10 02:00:00+00:00,199.8988,199.7799,2.1873,2025-02-10 02:15:00+00:00,196.83,2025-02-10 03:00:00+00:00,198.78,2025-02-10 03:15:00+00:00,198.7105,16.702459,3318.95,200.3363,200.3363,0,2025-02-10 03:30:00+00:00,200.9008,STOP_LOSS,1,-36.58,1.6595,1.6778,5.3542,-39.92,-1.47
199,SOLUSDT,SHORT,futures,2025-02-11 03:00:00+00:00,201.9216,201.5834,1.2386,2025-02-11 03:15:00+00:00,200.91,2025-02-11 04:00:00+00:00,201.15,2025-02-11 04:15:00+00:00,201.0795,24.735052,4973.71,202.1693,202.1693,0,2025-02-11 04:30:00+00:00,202.4119,STOP_LOSS,1,-32.96,2.4869,2.5033,7.9975,-37.95,-1.408
200,ETHUSDT,SHORT,futures,2025-02-11 14:30:00+00:00,2685.6158,2677.7475,16.1602,2025-02-11 14:45:00+00:00,2661.94,2025-02-11 15:00:00+00:00,2654.72,2025-02-11 15:15:00+00:00,2653.6581,0.760607,2018.39,2688.8479,2613.9586,8,2025-02-11 21:15:00+00:00,2617.0954,TRAILING_STOP,24,27.81,1.0092,0.9953,3.1961,25.81,0.964
201,BNBUSDT,SHORT,futures,2025-02-16 02:30:00+00:00,662.284,661.4044,2.3167,2025-02-16 02:45:00+00:00,657.79,2025-02-16 04:30:00+00:00,661.07,2025-02-16 04:45:00+00:00,660.7956,13.779417,9105.38,662.7474,657.1471,13,2025-02-16 09:30:00+00:00,657.9357,TRAILING_STOP,19,39.41,4.5527,4.533,14.5213,30.32,1.127
202,ETHUSDT,SHORT,futures,2025-02-16 13:45:00+00:00,2701.7585,2700.6737,8.0055,2025-02-16 14:00:00+00:00,2683.9,2025-02-16 15:15:00+00:00,2699.02,2025-02-16 15:30:00+00:00,2697.9404,4.00961,10817.69,2703.3596,2679.6787,4,2025-02-16 18:45:00+00:00,2682.8943,TRAILING_STOP,13,60.33,5.4088,5.3787,17.2359,49.54,2.28
203,BNBUSDT,SHORT,futures,2025-02-19 19:15:00+00:00,653.571,652.7036,3.4072,2025-02-19 19:30:00+00:00,650.97,2025-02-19 20:00:00+00:00,651.97,2025-02-19 20:15:00+00:00,651.6992,10.690204,6966.8,654.2524,654.2524,0,2025-02-19 22:15:00+00:00,655.0375,STOP_LOSS,8,-35.69,3.4834,3.5012,11.1897,-42.67,-1.563
204,BNBUSDT,SHORT,futures,2025-02-19 22:00:00+00:00,652.5668,652.0643,3.0232,2025-02-19 23:15:00+00:00,649.34,2025-02-19 23:30:00+00:00,651.85,2025-02-19 23:45:00+00:00,651.5993,16.624088,10832.24,653.1714,653.1714,0,2025-02-20 00:15:00+00:00,653.9552,STOP_LOSS,2,-39.17,5.4161,5.4357,17.3786,-50.02,-1.914
205,BNBUSDT,SHORT,futures,2025-02-20 00:15:00+00:00,652.3276,651.8946,3.1265,2025-02-20 01:30:00+00:00,650.01,2025-02-20 02:15:00+00:00,651.28,2025-02-20 02:30:00+00:00,651.0195,13.877346,9034.42,652.9529,652.9529,0,2025-02-20 02:45:00+00:00,653.7364,STOP_LOSS,1,-37.7,4.5172,4.5361,14.5003,-46.76,-1.743
206,BNBUSDT,SHORT,futures,2025-02-21 03:15:00+00:00,653.1272,652.4756,1.4714,2025-02-21 03:30:00+00:00,651.42,2025-02-21 05:00:00+00:00,651.61,2025-02-21 05:15:00+00:00,651.3494,12.835548,8360.43,653.4215,653.4215,0,2025-02-21 06:45:00+00:00,654.2056,STOP_LOSS,6,-36.66,4.1802,4.1985,13.4207,-45.04,-1.693
207,BTCUSDT,SHORT,futures,2025-02-24 13:30:00+00:00,95798.4364,95715.3161,248.1169,2025-02-24 13:45:00+00:00,95546.1,2025-02-24 14:00:00+00:00,95351.0,2025-02-24 14:15:00+00:00,95312.8596,0.049274,4696.46,95848.0598,94726.1335,4,2025-02-24 16:00:00+00:00,94839.8049,TRAILING_STOP,7,23.31,2.3482,2.3366,7.4864,18.62,0.706
208,SOLUSDT,SHORT,futures,2025-03-05 05:00:00+00:00,142.924,142.3861,1.2625,2025-03-05 05:30:00+00:00,141.54,2025-03-05 05:45:00+00:00,142.12,2025-03-05 06:00:00+00:00,142.0632,23.770166,3376.86,143.1765,143.1765,0,2025-03-05 06:45:00+00:00,143.3483,STOP_LOSS,3,-30.55,1.6884,1.7037,5.4396,-33.94,-1.282
209,SOLUSDT,SHORT,futures,2025-03-05 15:30:00+00:00,144.0978,143.6532,1.6749,2025-03-05 15:45:00+00:00,141.55,2025-03-05 17:15:00+00:00,143.57,2025-03-05 17:30:00+00:00,143.5126,28.576215,4101.05,144.4328,144.4328,0,2025-03-05 18:45:00+00:00,144.6061,STOP_LOSS,5,-31.25,2.0505,2.0661,6.5992,-35.36,-1.345
210,BNBUSDT,SHORT,futures,2025-03-07 00:15:00+00:00,597.283,595.6044,4.0926,2025-03-07 00:30:00+00:00,581.32,2025-03-07 01:30:00+00:00,594.7,2025-03-07 01:45:00+00:00,594.4821,7.216181,4289.89,598.1016,598.1016,0,2025-03-07 05:15:00+00:00,598.8193,STOP_LOSS,14,-31.3,2.1449,2.1606,6.9014,-35.6,-1.363
211,SOLUSDT,SHORT,futures,2025-03-07 16:15:00+00:00,144.2424,143.8103,2.2723,2025-03-07 16:45:00+00:00,142.28,2025-03-07 17:30:00+00:00,143.66,2025-03-07 17:45:00+00:00,143.5925,23.48947,3372.91,144.6969,144.6969,0,2025-03-07 18:00:00+00:00,144.8705,STOP_LOSS,1,-30.02,1.6865,1.7015,5.4327,-33.41,-1.288
212,ETHUSDT,SHORT,futures,2025-03-07 16:30:00+00:00,2196.9342,2190.7403,27.327,2025-03-07 16:45:00+00:00,2157.53,2025-03-07 18:30:00+00:00,2181.78,2025-03-07 18:45:00+00:00,2180.8973,1.198643,2614.12,2202.3996,2184.1382,1,2025-03-07 20:45:00+00:00,2186.7592,TRAILING_STOP,8,-7.03,1.3071,1.3106,4.191,-9.64,-0.374
213,BNBUSDT,SHORT,futures,2025-03-08 09:45:00+00:00,597.2589,596.7439,1.5214,2025-03-08 10:00:00+00:00,595.18,2025-03-08 11:00:00+00:00,595.03,2025-03-08 11:15:00+00:00,594.792,9.282967,5521.43,597.5632,597.5632,0,2025-03-08 12:30:00+00:00,598.2803,STOP_LOSS,5,-32.38,2.7607,2.7769,8.8732,-37.92,-1.474
214,BTCUSDT,SHORT,futures,2025-03-12 15:30:00+00:00,82367.8187,82159.291,649.8445,2025-03-12 15:45:00+00:00,81688.1,2025-03-12 16:00:00+00:00,82137.1,2025-03-12 16:15:00+00:00,82104.3451,0.064903,5328.85,82497.7876,82497.7876,0,2025-03-12 17:00:00+00:00,82596.785,STOP_LOSS,3,-31.96,2.6644,2.6804,8.5645,-37.31,-1.461
215,SOLUSDT,SHORT,futures,2025-03-12 16:15:00+00:00,125.1144,124.6317,1.3733,2025-03-12 16:30:00+00:00,123.82,2025-03-12 16:45:00+00:00,124.16,2025-03-12 17:00:00+00:00,124.1103,19.82388,2460.35,125.3891,125.3891,0,2025-03-12 17:15:00+00:00,125.5395,STOP_LOSS,1,-28.33,1.2302,1.2443,3.9706,-30.81,-1.215
216,ETHUSDT,SHORT,futures,2025-03-13 02:00:00+00:00,1900.4982,1895.0664,11.1721,2025-03-13 02:45:00+00:00,1889.06,2025-03-13 03:00:00+00:00,1893.32,2025-03-13 03:15:00+00:00,1892.5527,2.474979,4684.03,1902.7326,1874.4973,13,2025-03-13 07:15:00+00:00,1876.7467,TRAILING_STOP,16,39.12,2.342,2.3225,7.4475,34.45,1.368
217,ETHUSDT,SHORT,futures,2025-03-17 13:15:00+00:00,1906.0586,1903.2685,10.9993,2025-03-17 13:45:00+00:00,1897.53,2025-03-17 14:15:00+00:00,1896.34,2025-03-17 14:30:00+00:00,1895.5915,2.002641,3796.19,1908.2585,1908.2585,0,2025-03-17 14:45:00+00:00,1910.5484,STOP_LOSS,1,-29.95,1.8981,1.9131,6.1098,-33.76,-1.331
218,BNBUSDT,SHORT,futures,2025-03-20 17:00:00+00:00,624.497,623.2968,3.0589,2025-03-20 17:15:00+00:00,620.41,2025-03-20 17:45:00+00:00,621.48,2025-03-20 18:00:00+00:00,621.2314,6.498899,4037.32,625.1088,625.1088,0,2025-03-20 18:45:00+00:00,625.8589,STOP_LOSS,3,-30.07,2.0187,2.0337,6.4958,-34.13,-1.354
219,ETHUSDT,SHORT,futures,2025-03-22 23:45:00+00:00,1987.798,1985.7093,5.0298,2025-03-23 00:00:00+00:00,1981.54,2025-03-23 00:30:00+00:00,1983.51,2025-03-23 00:45:00+00:00,1982.7066,4.104748,8138.51,1988.8039,1988.8039,0,2025-03-23 01:15:00+00:00,1991.1905,STOP_LOSS,2,-34.82,4.0693,4.0867,13.0634,-42.98,-1.717
220,BNBUSDT,SHORT,futures,2025-03-24 00:30:00+00:00,623.1909,622.5901,2.0214,2025-03-24 01:15:00+00:00,620.49,2025-03-24 03:00:00+00:00,622.5,2025-03-24 03:15:00+00:00,622.251,15.950536,9925.24,623.5952,623.5952,0,2025-03-24 03:30:00+00:00,625.1993,STOP_LOSS,1,-47.03,4.9626,4.9861,15.9368,-56.98,-2.657
221,BNBUSDT,SHORT,futures,2025-03-30 09:45:00+00:00,607.73,607.0053,1.8002,2025-03-30 10:15:00+00:00,605.16,2025-03-30 11:15:00+00:00,604.7,2025-03-30 11:30:00+00:00,604.4481,6.734957,4070.93,608.09,604.669,2,2025-03-30 14:45:00+00:00,605.3946,TRAILING_STOP,13,-6.37,2.0355,2.0387,6.5211,-10.45,-0.426
222,SOLUSDT,SHORT,futures,2025-03-31 04:00:00+00:00,125.2947,125.1734,0.9585,2025-03-31 04:15:00+00:00,124.53,2025-03-31 04:30:00+00:00,125.04,2025-03-31 04:45:00+00:00,124.99,49.301982,6162.25,125.4864,125.4864,0,2025-03-31 05:00:00+00:00,125.637,STOP_LOSS,1,-31.9,3.0811,3.0971,9.8979,-38.08,-1.556
224,BTCUSDT,SHORT,futures,2025-03-31 22:45:00+00:00,82635.8722,82560.3392,217.5822,2025-03-31 23:15:00+00:00,82317.3,2025-03-31 23:45:00+00:00,82517.5,2025-04-01 00:00:00+00:00,82484.493,0.118441,9769.54,82679.3886,82679.3886,0,2025-04-01 00:15:00+00:00,82778.6038,STOP_LOSS,1,-34.83,4.8848,4.9022,15.6731,-44.62,-1.933
223,SOLUSDT,SHORT,futures,2025-03-31 22:30:00+00:00,125.5064,125.4069,0.5981,2025-03-31 23:15:00+00:00,125.1,2025-03-31 23:30:00+00:00,125.11,2025-03-31 23:45:00+00:00,125.05,42.158082,5271.87,125.626,125.0227,8,2025-04-01 02:15:00+00:00,125.1728,TRAILING_STOP,10,-5.18,2.6359,2.6385,8.4412,-10.45,-0.43
225,SOLUSDT,SHORT,futures,2025-04-01 00:15:00+00:00,125.3563,125.2245,0.6792,2025-04-01 00:30:00+00:00,124.8,2025-04-01 02:15:00+00:00,124.97,2025-04-01 02:30:00+00:00,124.93,42.711104,5335.9,125.4921,125.4921,0,2025-04-01 02:45:00+00:00,125.6427,STOP_LOSS,1,-30.44,2.6679,2.6832,8.574,-35.79,-1.491
226,SOLUSDT,SHORT,futures,2025-04-04 11:15:00+00:00,116.9737,116.5676,1.1669,2025-04-04 11:30:00+00:00,113.68,2025-04-04 12:30:00+00:00,115.31,2025-04-04 12:45:00+00:00,115.2639,12.262937,1413.47,117.207,117.207,0,2025-04-04 14:15:00+00:00,117.3477,STOP_LOSS,6,-25.55,0.7067,0.7195,2.2922,-26.98,-1.132
227,BNBUSDT,SHORT,futures,2025-04-04 11:30:00+00:00,593.6412,592.9268,2.8549,2025-04-04 11:45:00+00:00,588.63,2025-04-04 13:00:00+00:00,590.62,2025-04-04 13:15:00+00:00,590.3937,6.245216,3687.14,594.2122,594.2122,0,2025-04-04 15:00:00+00:00,594.9252,STOP_LOSS,7,-28.3,1.8436,1.8577,5.9334,-32.0,-1.342
228,ETHUSDT,SHORT,futures,2025-04-08 08:30:00+00:00,1573.8109,1571.6528,9.2553,2025-04-08 08:45:00+00:00,1566.18,2025-04-08 09:00:00+00:00,1569.48,2025-04-08 09:15:00+00:00,1568.8622,3.46101,5429.85,1575.6619,1575.6619,0,2025-04-08 11:30:00+00:00,1577.5527,STOP_LOSS,9,-30.08,2.7149,2.73,8.7238,-35.52,-1.509
229,BNBUSDT,SHORT,futures,2025-04-08 17:00:00+00:00,559.0822,558.4151,3.4957,2025-04-08 17:15:00+00:00,548.79,2025-04-08 18:15:00+00:00,557.06,2025-04-08 18:30:00+00:00,556.8372,7.933117,4417.45,559.7813,557.4296,6,2025-04-08 21:00:00+00:00,558.209,TRAILING_STOP,10,-10.88,2.2087,2.2142,7.081,-15.31,-0.655
230,BTCUSDT,SHORT,futures,2025-04-14 16:00:00+00:00,84610.2671,84509.682,563.912,2025-04-14 16:15:00+00:00,84178.8,2025-04-14 16:45:00+00:00,84299.9,2025-04-14 17:00:00+00:00,84266.28,0.050966,4294.73,84723.0495,84723.0495,0,2025-04-14 17:45:00+00:00,84824.7172,STOP_LOSS,3,-28.46,2.1474,2.1616,6.9057,-32.77,-1.408
231,BTCUSDT,SHORT,futures,2025-04-16 18:30:00+00:00,84357.7076,84178.1902,651.9295,2025-04-16 19:15:00+00:00,83804.1,2025-04-16 19:30:00+00:00,84086.5,2025-04-16 19:45:00+00:00,84052.9654,0.053124,4465.27,84488.0935,84488.0935,0,2025-04-16 20:15:00+00:00,84589.4792,STOP_LOSS,2,-28.5,2.2326,2.2469,7.1786,-32.98,-1.427
232,ETHUSDT,SHORT,futures,2025-04-17 02:45:00+00:00,1586.0277,1582.8773,7.1306,2025-04-17 03:15:00+00:00,1578.29,2025-04-17 04:00:00+00:00,1582.18,2025-04-17 04:15:00+00:00,1581.5571,3.892175,6155.7,1587.4538,1587.4538,0,2025-04-17 04:45:00+00:00,1589.3588,STOP_LOSS,2,-30.37,3.0778,3.093,9.8856,-36.54,-1.592
233,ETHUSDT,SHORT,futures,2025-04-17 14:30:00+00:00,1591.3145,1590.4657,8.7782,2025-04-17 14:45:00+00:00,1568.97,2025-04-17 16:00:00+00:00,1588.05,2025-04-17 16:15:00+00:00,1587.4148,4.025984,6390.91,1593.0701,1593.0701,0,2025-04-17 16:30:00+00:00,1606.2852,STOP_LOSS,1,-75.97,3.1955,3.2334,10.3166,-82.4,-3.619
234,ETHUSDT,SHORT,futures,2025-04-17 22:45:00+00:00,1590.6536,1588.0287,6.5709,2025-04-17 23:30:00+00:00,1582.77,2025-04-18 01:15:00+00:00,1587.26,2025-04-18 01:30:00+00:00,1586.6151,4.176655,6626.74,1591.9678,1581.1962,17,2025-04-18 07:15:00+00:00,1583.0937,TRAILING_STOP,23,14.71,3.3134,3.306,10.5851,8.09,0.362
235,ETHUSDT,SHORT,futures,2025-04-18 14:15:00+00:00,1588.3378,1586.6575,4.5034,2025-04-18 15:00:00+00:00,1582.26,2025-04-18 16:15:00+00:00,1583.49,2025-04-18 16:30:00+00:00,1582.8366,3.498488,5537.54,1589.2385,1589.2385,0,2025-04-18 17:30:00+00:00,1591.1455,STOP_LOSS,4,-29.07,2.7688,2.7833,8.8949,-34.62,-1.546
236,BNBUSDT,SHORT,futures,2025-04-20 11:15:00+00:00,592.489,592.085,1.3267,2025-04-20 11:30:00+00:00,589.82,2025-04-20 12:30:00+00:00,591.45,2025-04-20 12:45:00+00:00,591.2134,14.422344,8526.68,592.7543,588.9495,14,2025-04-20 17:00:00+00:00,589.7168,TRAILING_STOP,17,21.58,4.2633,4.2525,13.6168,13.07,0.588
237,ETHUSDT,SHORT,futures,2025-04-25 02:45:00+00:00,1763.5463,1762.0812,10.0911,2025-04-25 03:00:00+00:00,1746.79,2025-04-25 03:45:00+00:00,1760.0,2025-04-25 04:00:00+00:00,1759.296,3.555686,6255.5,1765.5646,1765.5646,0,2025-04-25 04:15:00+00:00,1767.8289,STOP_LOSS,1,-30.34,3.1278,3.1429,10.0452,-36.61,-1.643
238,BNBUSDT,SHORT,futures,2025-04-25 18:30:00+00:00,604.8188,604.0878,1.608,2025-04-25 18:45:00+00:00,603.09,2025-04-25 20:00:00+00:00,603.21,2025-04-25 20:15:00+00:00,602.9587,10.132555,6109.51,605.1404,600.3815,8,2025-04-26 00:00:00+00:00,601.1019,TRAILING_STOP,15,18.81,3.0548,3.0453,9.7526,12.71,0.575
239,SOLUSDT,SHORT,futures,2025-04-29 02:15:00+00:00,148.182,147.8314,0.7952,2025-04-29 03:00:00+00:00,147.17,2025-04-29 04:15:00+00:00,147.83,2025-04-29 04:30:00+00:00,147.7809,39.578912,5849.01,148.341,146.7745,4,2025-04-29 06:00:00+00:00,146.9507,TRAILING_STOP,6,32.86,2.9245,2.9081,9.319,27.03,1.219
240,SOLUSDT,SHORT,futures,2025-04-29 13:15:00+00:00,148.2557,148.1287,0.6011,2025-04-29 13:30:00+00:00,147.26,2025-04-29 14:00:00+00:00,147.55,2025-04-29 14:15:00+00:00,147.491,25.204028,3717.37,148.3759,148.3759,0,2025-04-29 15:00:00+00:00,148.554,STOP_LOSS,3,-26.79,1.8587,1.8721,5.9799,-30.52,-1.368
241,BTCUSDT,SHORT,futures,2025-04-30 22:15:00+00:00,94419.8132,94315.7641,250.1961,2025-04-30 22:45:00+00:00,94075.9,2025-05-01 00:00:00+00:00,94223.6,2025-05-01 00:15:00+00:00,94186.0105,0.078044,7350.62,94469.8524,94469.8524,0,2025-05-01 01:00:00+00:00,94583.2163,STOP_LOSS,3,-31.0,3.6753,3.6908,11.7982,-38.37,-1.732
242,ETHUSDT,SHORT,futures,2025-05-03 01:45:00+00:00,1838.7402,1836.6148,4.5452,2025-05-03 02:00:00+00:00,1831.99,2025-05-03 03:45:00+00:00,1834.08,2025-05-03 04:00:00+00:00,1833.3364,3.478618,6377.48,1839.6493,1829.192,3,2025-05-03 08:30:00+00:00,1831.3871,TRAILING_STOP,18,6.78,3.1887,3.1853,10.1958,0.41,0.019
243,ETHUSDT,SHORT,futures,2025-05-03 16:30:00+00:00,1832.1181,1830.7002,4.2452,2025-05-03 16:45:00+00:00,1826.23,2025-05-03 18:15:00+00:00,1827.74,2025-05-03 18:30:00+00:00,1826.9989,3.679937,6723.24,1832.9672,1832.9672,0,2025-05-03 19:15:00+00:00,1835.1667,STOP_LOSS,3,-30.06,3.3616,3.3766,10.7933,-36.8,-1.675
244,ETHUSDT,SHORT,futures,2025-05-04 09:00:00+00:00,1836.5606,1834.9582,5.6346,2025-05-04 09:15:00+00:00,1824.29,2025-05-04 11:15:00+00:00,1831.5,2025-05-04 11:30:00+00:00,1830.7674,3.147185,5761.76,1837.6875,1827.6197,3,2025-05-04 14:15:00+00:00,1829.8128,TRAILING_STOP,11,3.0,2.8809,2.8794,9.2152,-2.76,-0.127
245,BTCUSDT,SHORT,futures,2025-05-06 02:00:00+00:00,94551.8867,94489.8223,223.6297,2025-05-06 02:15:00+00:00,94074.2,2025-05-06 03:45:00+00:00,94418.3,2025-05-06 04:00:00+00:00,94380.6326,0.092244,8706.0,94596.6127,94596.6127,0,2025-05-06 07:00:00+00:00,94710.1286,STOP_LOSS,12,-30.39,4.353,4.3682,13.9661,-39.12,-1.963
246,SOLUSDT,SHORT,futures,2025-05-16 08:45:00+00:00,171.8615,171.4994,0.9944,2025-05-16 09:00:00+00:00,170.96,2025-05-16 09:15:00+00:00,171.31,2025-05-16 09:30:00+00:00,171.2315,26.021024,4455.62,172.0604,172.0604,0,2025-05-16 09:45:00+00:00,172.2669,STOP_LOSS,1,-26.94,2.2278,2.2413,7.1613,-31.41,-1.456
247,BNBUSDT,SHORT,futures,2025-05-16 14:15:00+00:00,654.7269,654.1936,1.9262,2025-05-16 14:30:00+00:00,650.25,2025-05-16 16:00:00+00:00,652.59,2025-05-16 16:15:00+00:00,652.339,7.72115,5036.81,655.1122,648.9623,12,2025-05-16 21:00:00+00:00,649.7411,TRAILING_STOP,19,20.06,2.5184,2.5084,8.0348,15.03,0.702
248,SOLUSDT,SHORT,futures,2025-05-16 15:45:00+00:00,172.2848,172.0968,1.1823,2025-05-16 16:15:00+00:00,170.79,2025-05-16 17:15:00+00:00,171.91,2025-05-16 17:30:00+00:00,171.8412,31.630788,5435.47,172.5213,168.3067,20,2025-05-16 23:00:00+00:00,168.5086,TRAILING_STOP,22,105.41,2.7177,2.665,8.5703,100.03,4.65
249,BNBUSDT,SHORT,futures,2025-05-18 20:00:00+00:00,646.2329,645.2092,3.1915,2025-05-18 20:15:00+00:00,637.36,2025-05-18 21:30:00+00:00,644.4,2025-05-18 21:45:00+00:00,644.1422,8.057293,5190.04,646.8712,645.4426,1,2025-05-18 22:30:00+00:00,646.2171,TRAILING_STOP,3,-16.72,2.595,2.6034,8.3241,-21.92,-0.997
250,SOLUSDT,SHORT,futures,2025-05-24 22:45:00+00:00,176.7604,176.5701,0.7324,2025-05-24 23:00:00+00:00,175.94,2025-05-25 00:00:00+00:00,176.32,2025-05-25 00:15:00+00:00,176.2495,33.281842,5865.91,176.9068,172.5844,10,2025-05-25 03:00:00+00:00,172.7915,TRAILING_STOP,11,115.09,2.933,2.8754,9.2473,109.28,4.995
251,BNBUSDT,SHORT,futures,2025-05-29 12:45:00+00:00,685.4393,685.1184,1.4304,2025-05-29 13:30:00+00:00,683.2,2025-05-29 13:45:00+00:00,683.98,2025-05-29 14:00:00+00:00,683.7064,11.107038,7593.95,685.7254,682.792,1,2025-05-29 14:45:00+00:00,683.6113,TRAILING_STOP,3,1.06,3.797,3.7964,12.1491,-6.54,-0.292
253,ETHUSDT,SHORT,futures,2025-06-05 14:00:00+00:00,2614.1803,2609.3844,14.576,2025-06-05 14:15:00+00:00,2581.63,2025-06-05 14:45:00+00:00,2586.67,2025-06-05 15:00:00+00:00,2585.6253,0.711525,1839.74,2617.0955,2578.0016,5,2025-06-05 18:30:00+00:00,2581.0952,TRAILING_STOP,14,3.22,0.9199,0.9183,2.9397,1.39,0.062
252,BTCUSDT,SHORT,futures,2025-06-05 14:15:00+00:00,104916.268,104851.3207,378.53,2025-06-05 14:30:00+00:00,104550.0,2025-06-05 14:45:00+00:00,104588.5,2025-06-05 15:00:00+00:00,104546.5646,0.050272,5255.81,104991.974,101563.4167,15,2025-06-05 21:30:00+00:00,101685.2928,TRAILING_STOP,26,143.84,2.6279,2.556,8.2367,138.66,6.192
254,BNBUSDT,SHORT,futures,2025-06-11 22:00:00+00:00,667.9708,667.072,2.1146,2025-06-11 22:15:00+00:00,663.47,2025-06-11 23:00:00+00:00,666.36,2025-06-11 23:15:00+00:00,666.1035,10.083615,6716.73,668.3937,668.3937,0,2025-06-12 00:15:00+00:00,669.1958,STOP_LOSS,4,-31.18,3.3584,3.374,10.7842,-37.91,-1.642
255,BNBUSDT,SHORT,futures,2025-06-12 04:30:00+00:00,667.4693,666.7737,1.7533,2025-06-12 04:45:00+00:00,665.31,2025-06-12 05:15:00+00:00,666.53,2025-06-12 05:30:00+00:00,666.2534,13.751168,9161.76,667.82,667.82,0,2025-06-12 06:00:00+00:00,668.6214,STOP_LOSS,2,-32.56,4.5809,4.5972,14.6979,-41.74,-1.938
256,BTCUSDT,SHORT,futures,2025-06-14 03:30:00+00:00,105441.7062,105378.0845,171.7892,2025-06-14 03:45:00+00:00,105189.4,2025-06-14 05:00:00+00:00,105239.4,2025-06-14 05:15:00+00:00,105197.4042,0.081446,8567.9,105476.064,105017.1789,2,2025-06-14 07:30:00+00:00,105143.1995,TRAILING_STOP,9,4.41,4.2839,4.2817,13.7033,-4.15,-0.183
257,ETHUSDT,SHORT,futures,2025-06-20 03:00:00+00:00,2518.9614,2516.2301,6.7869,2025-06-20 04:15:00+00:00,2510.72,2025-06-20 05:45:00+00:00,2514.69,2025-06-20 06:00:00+00:00,2513.6741,3.41253,8577.99,2520.3187,2520.3187,0,2025-06-20 06:15:00+00:00,2523.3431,STOP_LOSS,1,-33.0,4.289,4.3055,13.7644,-41.59,-1.834
258,SOLUSDT,SHORT,futures,2025-06-20 04:45:00+00:00,145.721,145.6898,0.5393,2025-06-20 05:00:00+00:00,144.75,2025-06-20 06:00:00+00:00,145.08,2025-06-20 06:15:00+00:00,145.012,27.502053,3988.13,145.8289,145.8289,0,2025-06-20 07:15:00+00:00,146.0039,STOP_LOSS,4,-27.28,1.9941,2.0077,6.4137,-31.28,-1.392
259,BNBUSDT,SHORT,futures,2025-06-23 12:00:00+00:00,620.134,619.5369,1.393,2025-06-23 12:15:00+00:00,617.9,2025-06-23 12:30:00+00:00,619.35,2025-06-23 12:45:00+00:00,619.1023,14.414801,8924.24,620.4126,619.6945,1,2025-06-23 13:30:00+00:00,620.4382,TRAILING_STOP,3,-19.26,4.4621,4.4717,14.3019,-28.19,-1.492
260,BTCUSDT,SHORT,futures,2025-06-27 08:15:00+00:00,107192.3642,107120.4282,203.3269,2025-06-27 08:30:00+00:00,106764.4,2025-06-27 10:00:00+00:00,106968.3,2025-06-27 10:15:00+00:00,106925.6126,0.072116,7711.03,107233.0296,106835.7521,3,2025-06-27 14:00:00+00:00,106963.955,TRAILING_STOP,15,-2.77,3.8555,3.8569,12.341,-10.48,-0.473
261,ETHUSDT,SHORT,futures,2025-06-27 13:15:00+00:00,2441.3498,2439.0352,10.5108,2025-06-27 13:30:00+00:00,2427.17,2025-06-27 15:30:00+00:00,2437.63,2025-06-27 15:45:00+00:00,2436.6549,3.253978,7928.82,2443.4519,2443.4519,0,2025-06-27 16:30:00+00:00,2446.3841,STOP_LOSS,3,-31.66,3.9644,3.9802,12.7241,-39.6,-1.791
263,SOLUSDT,SHORT,futures,2025-06-27 18:30:00+00:00,142.002,141.8844,0.8401,2025-06-27 18:45:00+00:00,140.57,2025-06-27 19:45:00+00:00,141.72,2025-06-27 20:00:00+00:00,141.6633,43.265768,6129.17,142.17,142.17,0,2025-06-27 20:15:00+00:00,142.3406,STOP_LOSS,1,-29.3,3.0646,3.0792,9.8418,-35.45,-1.617
262,BTCUSDT,SHORT,futures,2025-06-27 17:45:00+00:00,107035.5123,106948.9035,331.3884,2025-06-27 18:00:00+00:00,106752.9,2025-06-27 19:45:00+00:00,106748.1,2025-06-27 20:00:00+00:00,106705.5007,0.055317,5902.6,107101.79,107101.79,0,2025-06-27 21:00:00+00:00,107230.3122,STOP_LOSS,4,-29.03,2.9513,2.9658,9.479,-34.95,-1.594
264,SOLUSDT,SHORT,futures,2025-06-28 00:30:00+00:00,142.1432,141.9857,0.5175,2025-06-28 00:45:00+00:00,141.7,2025-06-28 01:30:00+00:00,141.9,2025-06-28 01:45:00+00:00,141.8532,54.81558,7775.77,142.2467,142.2467,0,2025-06-28 02:00:00+00:00,142.701,STOP_LOSS,1,-46.47,3.8879,3.9111,12.497,-54.27,-2.516
265,ETHUSDT,SHORT,futures,2025-06-29 03:45:00+00:00,2431.3292,2429.8758,3.8542,2025-06-29 04:15:00+00:00,2427.85,2025-06-29 04:30:00+00:00,2427.96,2025-06-29 04:45:00+00:00,2426.9888,3.510209,8519.24,2432.1001,2432.1001,0,2025-06-29 05:45:00+00:00,2435.0186,STOP_LOSS,4,-28.19,4.2596,4.2737,13.6646,-36.72,-2.047
266,ETHUSDT,SHORT,futures,2025-06-29 20:30:00+00:00,2438.8938,2436.6506,4.6197,2025-06-29 20:45:00+00:00,2431.09,2025-06-29 21:30:00+00:00,2435.12,2025-06-29 21:45:00+00:00,2434.136,3.469732,8445.8,2439.8178,2439.8178,0,2025-06-29 22:00:00+00:00,2442.7455,STOP_LOSS,1,-29.87,4.2229,4.2378,13.5491,-38.33,-1.944
267,SOLUSDT,SHORT,futures,2025-07-04 02:30:00+00:00,152.4707,152.2656,0.5692,2025-07-04 02:45:00+00:00,151.21,2025-07-04 04:15:00+00:00,152.25,2025-07-04 04:30:00+00:00,152.1891,52.902538,8051.19,152.5846,152.5035,1,2025-07-04 05:00:00+00:00,152.6865,TRAILING_STOP,2,-26.31,4.0256,4.0388,12.9135,-34.38,-1.643
268,SOLUSDT,SHORT,futures,2025-07-13 22:00:00+00:00,162.0474,161.887,0.7729,2025-07-13 22:15:00+00:00,160.01,2025-07-14 00:15:00+00:00,161.42,2025-07-14 00:30:00+00:00,161.3454,24.225867,3908.73,162.202,162.202,0,2025-07-14 00:45:00+00:00,162.3966,STOP_LOSS,1,-25.47,1.9544,1.9671,6.2845,-29.39,-1.416
269,SOLUSDT,SHORT,futures,2025-07-19 14:45:00+00:00,176.9809,176.6234,0.9723,2025-07-19 15:00:00+00:00,175.6,2025-07-19 15:15:00+00:00,176.52,2025-07-19 15:30:00+00:00,176.4494,28.382856,5008.14,177.1753,177.1753,0,2025-07-19 15:45:00+00:00,177.6529,STOP_LOSS,1,-34.16,2.5041,2.5211,8.054,-39.19,-1.902
270,BTCUSDT,SHORT,futures,2025-07-19 14:15:00+00:00,118231.119,118153.6757,180.7843,2025-07-19 14:30:00+00:00,117789.6,2025-07-19 15:45:00+00:00,118025.6,2025-07-19 16:00:00+00:00,117978.3898,0.069193,8163.23,118267.2758,117928.5822,2,2025-07-19 19:30:00+00:00,118070.0965,TRAILING_STOP,14,-6.35,4.0816,4.0848,13.0688,-14.51,-0.726
271,BNBUSDT,SHORT,futures,2025-07-19 21:30:00+00:00,732.979,731.8856,2.6563,2025-07-19 21:45:00+00:00,730.53,2025-07-19 22:15:00+00:00,730.67,2025-07-19 22:30:00+00:00,730.3777,6.491775,4741.45,733.5102,733.5102,0,2025-07-19 23:45:00+00:00,734.3905,STOP_LOSS,5,-26.05,2.3707,2.3837,7.6176,-30.8,-1.515
272,SOLUSDT,SHORT,futures,2025-07-19 21:30:00+00:00,176.974,176.8282,0.9914,2025-07-19 21:45:00+00:00,175.89,2025-07-19 23:00:00+00:00,176.65,2025-07-19 23:15:00+00:00,176.5793,34.183098,6036.03,177.1722,177.1722,0,2025-07-20 00:15:00+00:00,177.3848,STOP_LOSS,4,-27.53,3.018,3.0318,9.6907,-33.58,-1.657
273,BNBUSDT,SHORT,futures,2025-07-25 14:45:00+00:00,769.4973,768.7333,4.2044,2025-07-25 15:00:00+00:00,766.42,2025-07-25 15:15:00+00:00,766.86,2025-07-25 15:30:00+00:00,766.5533,5.28848,4053.9,770.3382,770.3382,0,2025-07-25 16:45:00+00:00,771.2626,STOP_LOSS,5,-24.91,2.027,2.0394,6.5161,-28.97,-1.447
274,SOLUSDT,SHORT,futures,2025-07-27 14:00:00+00:00,186.7165,186.4859,0.76,2025-07-27 14:15:00+00:00,185.94,2025-07-27 15:45:00+00:00,186.38,2025-07-27 16:00:00+00:00,186.3054,35.29412,6575.49,186.8685,186.8685,0,2025-07-27 16:15:00+00:00,187.9953,STOP_LOSS,1,-59.64,3.2877,3.3176,10.5924,-66.25,-3.334
275,BTCUSDT,SHORT,futures,2025-07-30 16:00:00+00:00,117971.3758,117932.1905,375.2078,2025-07-30 16:30:00+00:00,117734.7,2025-07-30 17:15:00+00:00,117757.2,2025-07-30 17:30:00+00:00,117710.0971,0.058102,6839.19,118046.4173,116635.0907,5,2025-07-30 19:30:00+00:00,116775.0528,TRAILING_STOP,8,54.33,3.4196,3.3924,10.8775,47.52,2.432
276,ETHUSDT,SHORT,futures,2025-07-30 18:45:00+00:00,3792.2305,3788.2312,28.3806,2025-07-30 19:00:00+00:00,3714.45,2025-07-30 20:15:00+00:00,3767.27,2025-07-30 20:30:00+00:00,3765.7631,0.615317,2317.14,3797.9066,3797.9066,0,2025-07-30 23:30:00+00:00,3802.4641,STOP_LOSS,12,-22.58,1.1586,1.1699,3.7345,-24.91,-1.26
277,BNBUSDT,SHORT,futures,2025-07-31 14:00:00+00:00,800.4743,799.6468,3.9416,2025-07-31 14:15:00+00:00,789.21,2025-07-31 15:30:00+00:00,799.47,2025-07-31 15:45:00+00:00,799.1502,9.304158,7435.42,801.2626,801.2626,0,2025-07-31 16:00:00+00:00,802.2241,STOP_LOSS,1,-28.6,3.7177,3.732,11.931,-36.05,-1.834
278,BTCUSDT,SHORT,futures,2025-08-05 12:45:00+00:00,114547.2319,114488.9,348.4407,2025-08-05 13:00:00+00:00,113993.6,2025-08-05 13:45:00+00:00,114322.6,2025-08-05 14:00:00+00:00,114276.871,0.057267,6544.31,114616.92,113322.2765,7,2025-08-05 17:15:00+00:00,113458.2632,TRAILING_STOP,13,46.88,3.2722,3.2487,10.4146,40.36,2.072
279,BNBUSDT,SHORT,futures,2025-08-11 21:45:00+00:00,807.3644,806.3524,3.9343,2025-08-11 22:00:00+00:00,801.26,2025-08-11 23:00:00+00:00,805.95,2025-08-11 23:15:00+00:00,805.6276,7.797094,6281.55,808.1513,808.1513,0,2025-08-11 23:30:00+00:00,809.121,STOP_LOSS,1,-27.24,3.1408,3.1544,10.0832,-33.53,-1.704
280,ETHUSDT,SHORT,futures,2025-08-11 22:00:00+00:00,4263.2944,4252.66,27.1709,2025-08-11 22:15:00+00:00,4202.27,2025-08-12 00:15:00+00:00,4240.85,2025-08-12 00:30:00+00:00,4239.1437,0.659435,2795.44,4268.7286,4268.7286,0,2025-08-12 00:45:00+00:00,4273.851,STOP_LOSS,1,-22.89,1.3977,1.4092,4.5002,-25.69,-1.317
281,BTCUSDT,SHORT,futures,2025-08-13 05:45:00+00:00,119486.6607,119423.0755,289.4811,2025-08-13 06:00:00+00:00,119195.6,2025-08-13 07:00:00+00:00,119294.0,2025-08-13 07:15:00+00:00,119246.2824,0.064977,7748.21,119544.5569,119544.5569,0,2025-08-13 07:45:00+00:00,119688.0104,STOP_LOSS,2,-28.7,3.8741,3.8885,12.4316,-36.46,-1.881
282,BNBUSDT,SHORT,futures,2025-08-14 13:30:00+00:00,854.0842,850.9129,10.0408,2025-08-14 13:45:00+00:00,844.57,2025-08-14 14:15:00+00:00,850.36,2025-08-14 14:30:00+00:00,850.0199,3.161525,2687.36,856.0924,856.0924,0,2025-08-14 14:45:00+00:00,857.1197,STOP_LOSS,1,-22.45,1.3437,1.3549,4.3267,-25.14,-1.31
283,ETHUSDT,SHORT,futures,2025-08-14 13:00:00+00:00,4715.4936,4691.8897,62.3583,2025-08-14 13:15:00+00:00,4534.2,2025-08-14 14:30:00+00:00,4665.84,2025-08-14 14:45:00+00:00,4663.9737,0.298052,1390.1,4727.9653,4554.8495,16,2025-08-14 19:15:00+00:00,4560.3153,TRAILING_STOP,18,30.9,0.6951,0.6796,2.1871,29.52,1.548
284,BNBUSDT,SHORT,futures,2025-08-16 10:15:00+00:00,833.9295,832.9876,2.4561,2025-08-16 10:30:00+00:00,828.13,2025-08-16 11:15:00+00:00,830.26,2025-08-16 11:30:00+00:00,829.9279,4.278162,3550.57,834.4207,830.5132,1,2025-08-16 12:30:00+00:00,831.5098,TRAILING_STOP,4,-6.77,1.7753,1.7787,5.689,-10.32,-0.537
285,ETHUSDT,SHORT,futures,2025-08-20 12:45:00+00:00,4200.0931,4187.6459,25.1314,2025-08-20 13:00:00+00:00,4169.01,2025-08-20 13:15:00+00:00,4186.42,2025-08-20 13:30:00+00:00,4184.7554,0.941342,3939.28,4205.1194,4179.24,3,2025-08-20 14:30:00+00:00,4184.2551,TRAILING_STOP,4,0.47,1.9696,1.9694,6.3023,-3.47,-0.181
286,ETHUSDT,SHORT,futures,2025-08-30 13:15:00+00:00,4375.4092,4371.5053,17.2054,2025-08-30 13:30:00+00:00,4341.23,2025-08-30 15:15:00+00:00,4369.65,2025-08-30 15:30:00+00:00,4367.9021,1.749355,7641.01,4378.8503,4378.8503,0,2025-08-30 15:45:00+00:00,4384.1049,STOP_LOSS,1,-28.34,3.8205,3.8347,12.2596,-36.0,-1.88
287,ETHUSDT,SHORT,futures,2025-08-30 16:00:00+00:00,4372.3554,4366.0991,15.4482,2025-08-30 17:30:00+00:00,4353.43,2025-08-30 18:00:00+00:00,4356.57,2025-08-30 18:15:00+00:00,4354.8274,0.920189,4007.26,4375.445,4354.3604,7,2025-08-30 22:30:00+00:00,4359.5856,TRAILING_STOP,17,-4.38,2.0036,2.0058,6.4169,-8.39,-0.442
288,SOLUSDT,SHORT,futures,2025-08-31 11:30:00+00:00,203.8451,203.5328,0.9409,2025-08-31 12:00:00+00:00,202.69,2025-08-31 12:45:00+00:00,203.3,2025-08-31 13:00:00+00:00,203.2087,22.956457,4664.95,204.0333,203.3209,5,2025-08-31 14:45:00+00:00,203.5648,TRAILING_STOP,7,-8.18,2.3325,2.3366,7.4737,-12.85,-0.679
289,SOLUSDT,SHORT,futures,2025-08-31 13:30:00+00:00,203.4687,203.2709,0.981,2025-08-31 13:45:00+00:00,202.01,2025-08-31 14:30:00+00:00,203.26,2025-08-31 14:45:00+00:00,203.1887,37.139802,7546.39,203.6649,203.6649,0,2025-08-31 15:00:00+00:00,203.9093,STOP_LOSS,1,-26.76,3.7732,3.7866,12.1063,-34.32,-1.941
290,SOLUSDT,SHORT,futures,2025-09-05 21:15:00+00:00,204.9609,204.5228,1.143,2025-09-05 21:45:00+00:00,203.03,2025-09-05 23:00:00+00:00,204.19,2025-09-05 23:15:00+00:00,204.1083,17.290777,3529.19,205.1895,202.928,8,2025-09-06 07:15:00+00:00,202.9812,TIME_EXIT_8H,32,19.49,1.7646,1.7549,2.8156,15.97,0.854
291,SOLUSDT,SHORT,futures,2025-09-07 18:30:00+00:00,203.0067,202.7938,0.7072,2025-09-07 18:45:00+00:00,202.06,2025-09-07 19:30:00+00:00,202.71,2025-09-07 19:45:00+00:00,202.6389,36.870971,7471.49,203.1481,203.1481,0,2025-09-07 20:00:00+00:00,203.3919,STOP_LOSS,1,-27.76,3.7357,3.7496,11.9877,-35.25,-1.877
292,ETHUSDT,SHORT,futures,2025-09-08 05:00:00+00:00,4300.6038,4295.989,11.929,2025-09-08 05:30:00+00:00,4287.64,2025-09-08 05:45:00+00:00,4294.9,2025-09-08 06:00:00+00:00,4293.172,1.732939,7439.81,4302.9896,4302.9896,0,2025-09-08 07:15:00+00:00,4308.1532,STOP_LOSS,5,-25.96,3.7199,3.7329,11.9348,-33.41,-1.964
293,ETHUSDT,SHORT,futures,2025-09-08 20:15:00+00:00,4319.719,4313.8639,15.4731,2025-09-08 20:30:00+00:00,4286.03,2025-09-08 21:30:00+00:00,4307.14,2025-09-08 21:45:00+00:00,4305.4271,1.060159,4564.44,4322.8136,4322.8136,0,2025-09-08 22:00:00+00:00,4328.001,STOP_LOSS,1,-23.93,2.2822,2.2942,7.3318,-28.51,-1.547
294,ETHUSDT,SHORT,futures,2025-09-08 23:15:00+00:00,4315.4011,4311.084,14.1371,2025-09-08 23:30:00+00:00,4298.08,2025-09-09 00:15:00+00:00,4298.19,2025-09-09 00:30:00+00:00,4296.4707,0.840614,3611.67,4318.2285,4318.2285,0,2025-09-09 05:45:00+00:00,4323.4104,STOP_LOSS,21,-22.65,1.8058,1.8172,5.8059,-26.27,-1.436
295,ETHUSDT,SHORT,futures,2025-09-10 20:15:00+00:00,4348.9659,4339.5479,18.8483,2025-09-10 20:30:00+00:00,4328.2,2025-09-10 21:00:00+00:00,4337.5,2025-09-10 21:15:00+00:00,4335.775,1.070636,4642.04,4352.7355,4352.7355,0,2025-09-10 21:45:00+00:00,4357.9588,STOP_LOSS,2,-23.75,2.321,2.3329,7.4558,-28.4,-1.564
296,SOLUSDT,SHORT,futures,2025-09-17 02:15:00+00:00,236.7863,236.4752,0.7434,2025-09-17 03:00:00+00:00,236.1,2025-09-17 03:15:00+00:00,235.9,2025-09-17 03:30:00+00:00,235.8056,15.953307,3761.88,236.935,234.7363,8,2025-09-17 05:45:00+00:00,235.018,TRAILING_STOP,9,12.57,1.8809,1.8747,6.0039,8.81,0.489
297,ETHUSDT,SHORT,futures,2025-09-17 14:30:00+00:00,4501.2882,4494.1416,17.8088,2025-09-17 15:15:00+00:00,4480.01,2025-09-17 15:30:00+00:00,4491.88,2025-09-17 15:45:00+00:00,4490.0832,1.223059,5491.64,4504.85,4495.0908,3,2025-09-17 17:30:00+00:00,4500.4849,TRAILING_STOP,7,-12.72,2.7458,2.7522,8.8019,-18.22,-1.009
298,ETHUSDT,SHORT,futures,2025-09-17 18:00:00+00:00,4495.9325,4480.5799,41.1335,2025-09-17 18:30:00+00:00,4440.19,2025-09-17 19:00:00+00:00,4469.9,2025-09-17 19:15:00+00:00,4468.132,0.49881,2228.75,4504.1592,4504.1592,0,2025-09-17 19:30:00+00:00,4510.6363,STOP_LOSS,1,-21.2,1.1144,1.125,3.5914,-23.44,-1.304
299,SOLUSDT,SHORT,futures,2025-09-20 18:30:00+00:00,239.0558,238.7071,0.7981,2025-09-20 18:45:00+00:00,238.27,2025-09-20 19:30:00+00:00,238.27,2025-09-20 19:45:00+00:00,238.1647,16.99225,4046.95,239.2154,239.2154,0,2025-09-20 20:30:00+00:00,239.5024,STOP_LOSS,3,-22.73,2.0235,2.0348,6.5024,-26.79,-1.501
300,ETHUSDT,SHORT,futures,2025-09-21 21:15:00+00:00,4479.2534,4476.6247,9.307,2025-09-21 21:45:00+00:00,4469.0,2025-09-21 22:00:00+00:00,4455.12,2025-09-21 22:15:00+00:00,4453.338,0.637924,2840.89,4481.1149,4304.4395,12,2025-09-22 03:30:00+00:00,4309.6048,TRAILING_STOP,21,91.69,1.4204,1.3746,4.4354,88.9,5.017
301,BNBUSDT,SHORT,futures,2025-09-24 04:30:00+00:00,1014.6032,1012.5698,7.3192,2025-09-24 04:45:00+00:00,1008.54,2025-09-24 05:00:00+00:00,1011.16,2025-09-24 05:15:00+00:00,1010.7455,3.413263,3449.94,1016.0671,1016.0671,0,2025-09-24 06:00:00+00:00,1017.2863,STOP_LOSS,3,-22.33,1.725,1.7361,5.5467,-25.79,-1.42
302,BNBUSDT,SHORT,futures,2025-09-24 14:15:00+00:00,1017.7393,1015.897,4.4188,2025-09-24 15:45:00+00:00,1009.86,2025-09-24 16:30:00+00:00,1014.75,2025-09-24 16:45:00+00:00,1014.3541,4.22459,4285.23,1018.6231,1018.6231,0,2025-09-24 17:15:00+00:00,1019.8454,STOP_LOSS,2,-23.2,2.1426,2.1542,6.8842,-27.5,-1.525
303,BNBUSDT,SHORT,futures,2025-09-25 01:15:00+00:00,1016.7601,1016.2378,3.4921,2025-09-25 01:30:00+00:00,1006.72,2025-09-25 02:30:00+00:00,1010.35,2025-09-25 02:45:00+00:00,1009.9359,2.379113,2402.75,1017.4585,997.8318,7,2025-09-25 05:15:00+00:00,999.0291,TRAILING_STOP,10,25.95,1.2014,1.1884,3.8133,23.56,1.316
304,ETHUSDT,SHORT,futures,2025-09-27 17:45:00+00:00,4006.1706,4001.1797,11.815,2025-09-27 18:00:00+00:00,3994.57,2025-09-27 19:45:00+00:00,4000.66,2025-09-27 20:00:00+00:00,3999.0597,1.801935,7206.04,4008.5336,4008.5336,0,2025-09-27 20:30:00+00:00,4013.3439,STOP_LOSS,2,-25.74,3.603,3.6159,11.5606,-32.96,-1.931
305,ETHUSDT,SHORT,futures,2025-09-28 02:15:00+00:00,4007.9314,4004.6198,11.6588,2025-09-28 03:30:00+00:00,3997.92,2025-09-28 04:00:00+00:00,3996.99,2025-09-28 04:15:00+00:00,3995.3812,1.199465,4792.32,4010.2631,4010.2631,0,2025-09-28 05:30:00+00:00,4015.0754,STOP_LOSS,5,-23.62,2.3962,2.408,7.6961,-28.43,-1.593
306,SOLUSDT,SHORT,futures,2025-09-28 05:30:00+00:00,202.0499,201.7279,0.6914,2025-09-28 05:45:00+00:00,201.2,2025-09-28 06:30:00+00:00,201.4,2025-09-28 06:45:00+00:00,201.3194,20.383073,4103.51,202.1882,202.1882,0,2025-09-28 07:45:00+00:00,202.4308,STOP_LOSS,4,-22.65,2.0518,2.0631,6.5928,-26.77,-1.512
307,SOLUSDT,SHORT,futures,2025-10-01 00:30:00+00:00,208.2514,208.0452,1.0383,2025-10-01 00:45:00+00:00,207.45,2025-10-01 01:00:00+00:00,207.95,2025-10-01 01:15:00+00:00,207.8568,29.181209,6065.51,208.4591,208.4591,0,2025-10-01 01:30:00+00:00,209.1607,STOP_LOSS,1,-38.05,3.0328,3.0518,9.7505,-44.13,-2.511
308,BNBUSDT,SHORT,futures,2025-10-01 03:30:00+00:00,1009.7966,1008.8,2.9294,2025-10-01 03:45:00+00:00,1005.09,2025-10-01 04:00:00+00:00,1007.53,2025-10-01 04:15:00+00:00,1007.127,5.330567,5368.56,1010.3825,1010.3825,0,2025-10-01 04:30:00+00:00,1012.8039,STOP_LOSS,1,-30.26,2.6843,2.6994,8.626,-35.64,-2.054
309,ETHUSDT,SHORT,futures,2025-10-01 06:45:00+00:00,4146.5806,4141.2933,12.9049,2025-10-01 07:00:00+00:00,4132.22,2025-10-01 07:30:00+00:00,4140.93,2025-10-01 07:45:00+00:00,4139.2736,1.659756,6870.18,4149.1616,4149.1616,0,2025-10-01 08:00:00+00:00,4154.1406,STOP_LOSS,1,-24.68,3.4351,3.4474,11.0219,-31.56,-1.923
310,BTCUSDT,SHORT,futures,2025-10-15 08:45:00+00:00,112659.637,112555.142,341.3952,2025-10-15 10:15:00+00:00,112360.5,2025-10-15 11:00:00+00:00,112200.0,2025-10-15 11:15:00+00:00,112155.12,0.029711,3332.28,112727.916,111586.4402,7,2025-10-15 14:00:00+00:00,111720.3439,TRAILING_STOP,11,12.92,1.6661,1.6597,5.3161,9.59,0.564
311,ETHUSDT,SHORT,futures,2025-10-15 13:00:00+00:00,4111.8701,4104.9769,22.4905,2025-10-15 13:15:00+00:00,4074.82,2025-10-15 14:00:00+00:00,4084.77,2025-10-15 14:15:00+00:00,4083.1361,0.513555,2096.92,4116.3682,3990.9436,11,2025-10-15 17:45:00+00:00,3995.7327,TRAILING_STOP,14,44.89,1.0485,1.026,3.3012,42.81,2.509
312,BNBUSDT,SHORT,futures,2025-10-22 16:45:00+00:00,1074.9795,1072.7089,6.782,2025-10-22 17:30:00+00:00,1069.2,2025-10-22 19:00:00+00:00,1070.4,2025-10-22 19:15:00+00:00,1069.9618,2.711115,2900.79,1076.3359,1064.1988,7,2025-10-22 23:00:00+00:00,1065.4758,TRAILING_STOP,15,12.16,1.4504,1.4443,4.6267,9.27,0.536
313,ETHUSDT,SHORT,futures,2025-10-23 20:45:00+00:00,3861.716,3856.4132,21.0727,2025-10-23 21:00:00+00:00,3834.46,2025-10-23 22:30:00+00:00,3845.51,2025-10-23 22:45:00+00:00,3843.9618,0.788719,3031.8,3865.9305,3865.9305,0,2025-10-24 00:45:00+00:00,3870.5697,STOP_LOSS,8,-20.99,1.5159,1.5264,4.8761,-24.03,-1.387
314,BNBUSDT,SHORT,futures,2025-10-28 15:15:00+00:00,1138.6635,1137.4376,5.7618,2025-10-28 15:30:00+00:00,1131.51,2025-10-28 16:00:00+00:00,1137.39,2025-10-28 16:15:00+00:00,1136.935,5.973033,6790.95,1139.8159,1139.8159,0,2025-10-28 16:30:00+00:00,1141.1836,STOP_LOSS,1,-25.38,3.3955,3.4082,10.896,-32.18,-1.87
315,ETHUSDT,SHORT,futures,2025-10-28 15:45:00+00:00,4124.2229,4119.9958,26.9474,2025-10-28 16:00:00+00:00,4104.02,2025-10-28 16:15:00+00:00,4113.01,2025-10-28 16:30:00+00:00,4111.3548,0.933653,3838.58,4129.6124,4129.6124,0,2025-10-28 16:45:00+00:00,4134.5679,STOP_LOSS,1,-21.67,1.9193,1.9301,6.1677,-25.52,-1.497
316,SOLUSDT,SHORT,futures,2025-10-28 15:15:00+00:00,200.6751,200.5368,1.6475,2025-10-28 15:30:00+00:00,198.36,2025-10-28 16:45:00+00:00,199.71,2025-10-28 17:00:00+00:00,199.6201,12.220487,2439.46,201.0046,201.0046,0,2025-10-28 18:15:00+00:00,201.2458,STOP_LOSS,5,-19.87,1.2197,1.2297,3.927,-22.32,-1.319
317,SOLUSDT,SHORT,futures,2025-10-30 04:00:00+00:00,195.9609,195.6502,1.3343,2025-10-30 04:15:00+00:00,191.49,2025-10-30 05:45:00+00:00,195.07,2025-10-30 06:00:00+00:00,194.992,13.600306,2651.95,196.2278,196.0703,1,2025-10-30 07:45:00+00:00,196.3056,TRAILING_STOP,7,-17.87,1.326,1.3349,4.2646,-20.53,-1.221
318,SOLUSDT,SHORT,futures,2025-10-31 17:15:00+00:00,186.8564,186.6262,1.2834,2025-10-31 17:30:00+00:00,185.13,2025-10-31 18:30:00+00:00,186.15,2025-10-31 18:45:00+00:00,186.0655,15.947174,2967.22,187.113,187.113,0,2025-10-31 19:15:00+00:00,187.3376,STOP_LOSS,2,-20.29,1.4836,1.4938,4.7719,-23.26,-1.393
319,ETHUSDT,SHORT,futures,2025-11-01 01:00:00+00:00,3850.3792,3846.416,10.2744,2025-11-01 02:00:00+00:00,3837.28,2025-11-01 02:15:00+00:00,3845.4,2025-11-01 02:30:00+00:00,3843.8618,1.726193,6635.25,3852.4341,3852.4341,0,2025-11-01 02:45:00+00:00,3857.057,STOP_LOSS,1,-22.78,3.3176,3.329,10.6437,-29.42,-1.988
320,SOLUSDT,SHORT,futures,2025-11-01 01:45:00+00:00,186.8669,186.8304,0.6672,2025-11-01 02:00:00+00:00,185.68,2025-11-01 03:00:00+00:00,186.67,2025-11-01 03:15:00+00:00,186.5953,35.244174,6576.4,187.0004,187.0004,0,2025-11-01 03:30:00+00:00,187.2248,STOP_LOSS,1,-22.18,3.2882,3.2993,10.5489,-28.77,-2.016
321,SOLUSDT,SHORT,futures,2025-11-01 17:00:00+00:00,186.1942,185.8281,0.8444,2025-11-01 17:15:00+00:00,185.29,2025-11-01 19:15:00+00:00,185.69,2025-11-01 19:30:00+00:00,185.6057,21.5186,3993.98,186.3631,186.3631,0,2025-11-01 20:00:00+00:00,186.5867,STOP_LOSS,2,-21.11,1.997,2.0075,6.4157,-25.11,-1.541
322,BNBUSDT,SHORT,futures,2025-11-06 06:00:00+00:00,955.4185,954.194,4.0273,2025-11-06 06:45:00+00:00,949.75,2025-11-06 07:15:00+00:00,953.83,2025-11-06 07:30:00+00:00,953.4585,5.847609,5575.45,956.224,956.224,0,2025-11-06 08:15:00+00:00,957.3714,STOP_LOSS,3,-22.88,2.7877,2.7992,8.9482,-28.47,-1.76
323,BTCUSDT,SHORT,futures,2025-11-06 08:00:00+00:00,103364.0797,103218.9613,363.0991,2025-11-06 09:15:00+00:00,102915.9,2025-11-06 10:30:00+00:00,103070.0,2025-11-06 10:45:00+00:00,103028.772,0.039294,4048.44,103436.6995,102956.433,2,2025-11-06 13:15:00+00:00,103079.9807,TRAILING_STOP,10,-2.01,2.0242,2.0252,6.4799,-6.06,-0.378
324,SOLUSDT,SHORT,futures,2025-11-06 14:15:00+00:00,159.6642,159.1387,1.3171,2025-11-06 14:30:00+00:00,158.0,2025-11-06 14:45:00+00:00,157.72,2025-11-06 15:00:00+00:00,157.6669,7.076828,1115.78,159.9277,156.7197,6,2025-11-06 17:45:00+00:00,156.9078,TRAILING_STOP,11,5.37,0.5579,0.5552,1.7788,4.26,0.266
325,ETHUSDT,SHORT,futures,2025-11-09 00:15:00+00:00,3400.4849,3395.8932,10.621,2025-11-09 00:45:00+00:00,3383.34,2025-11-09 01:00:00+00:00,3391.57,2025-11-09 01:15:00+00:00,3390.2134,1.292433,4381.62,3402.6091,3402.6091,0,2025-11-09 01:45:00+00:00,3406.6922,STOP_LOSS,2,-21.3,2.1908,2.2015,7.0362,-25.69,-1.604
326,BTCUSDT,SHORT,futures,2025-11-09 00:15:00+00:00,102121.8184,102088.7934,205.2127,2025-11-09 00:30:00+00:00,101970.9,2025-11-09 01:45:00+00:00,101995.4,2025-11-09 02:00:00+00:00,101954.6018,0.06235,6356.87,102162.861,101808.7579,6,2025-11-09 04:15:00+00:00,101930.9284,TRAILING_STOP,9,1.48,3.1784,3.1777,10.1692,-4.88,-0.376
327,ETHUSDT,SHORT,futures,2025-11-13 14:15:00+00:00,3480.7986,3475.6193,22.0828,2025-11-13 14:30:00+00:00,3406.01,2025-11-13 14:45:00+00:00,3441.72,2025-11-13 15:00:00+00:00,3440.3433,0.353624,1216.59,3485.2152,3210.9277,23,2025-11-13 22:00:00+00:00,3214.7808,TRAILING_STOP,28,79.76,0.6083,0.5684,1.8508,78.59,4.953
328,BNBUSDT,SHORT,futures,2025-11-16 00:15:00+00:00,934.8302,933.5155,3.0902,2025-11-16 00:30:00+00:00,931.39,2025-11-16 02:15:00+00:00,932.62,2025-11-16 02:30:00+00:00,932.247,5.079441,4735.29,935.4483,935.4483,0,2025-11-16 02:45:00+00:00,937.0231,STOP_LOSS,1,-24.26,2.3676,2.3798,7.6056,-29.01,-1.784
329,BTCUSDT,SHORT,futures,2025-11-16 11:45:00+00:00,95971.8194,95894.0465,275.0382,2025-11-16 12:00:00+00:00,95628.2,2025-11-16 12:15:00+00:00,95769.0,2025-11-16 12:30:00+00:00,95730.6924,0.054421,5209.72,96026.827,94600.0391,16,2025-11-16 18:00:00+00:00,94713.5592,TRAILING_STOP,22,55.35,2.6049,2.5772,8.2691,50.17,3.113
330,BNBUSDT,SHORT,futures,2025-11-16 13:00:00+00:00,939.7628,937.9584,4.3271,2025-11-16 13:15:00+00:00,930.66,2025-11-16 14:45:00+00:00,936.5,2025-11-16 15:00:00+00:00,936.1254,3.595257,3365.61,940.6282,920.1173,8,2025-11-16 18:00:00+00:00,921.2215,TRAILING_STOP,12,53.58,1.6828,1.656,5.3207,50.24,3.104
331,ETHUSDT,SHORT,futures,2025-11-17 14:45:00+00:00,3167.2692,3162.0352,35.385,2025-11-17 15:00:00+00:00,3134.66,2025-11-17 15:15:00+00:00,3151.99,2025-11-17 15:30:00+00:00,3150.7192,0.70342,2216.28,3174.3462,3139.8517,3,2025-11-17 16:45:00+00:00,3143.6196,TRAILING_STOP,5,4.99,1.1081,1.1056,3.5401,2.78,0.167
332,ETHUSDT,SHORT,futures,2025-11-20 09:45:00+00:00,3025.1146,3020.7087,14.44,2025-11-20 10:00:00+00:00,2998.01,2025-11-20 10:30:00+00:00,3007.92,2025-11-20 10:45:00+00:00,3006.7168,0.781473,2349.67,3028.0026,3028.0026,0,2025-11-20 12:30:00+00:00,3031.6362,STOP_LOSS,7,-19.47,1.1748,1.1846,3.7828,-21.83,-1.313
333,ETHUSDT,SHORT,futures,2025-11-20 13:30:00+00:00,3021.6285,3018.2884,20.7364,2025-11-20 13:45:00+00:00,2998.62,2025-11-20 14:15:00+00:00,3012.19,2025-11-20 14:30:00+00:00,3010.9751,1.116511,3361.79,3025.7758,2849.9221,15,2025-11-20 19:45:00+00:00,2853.342,TRAILING_STOP,21,176.0,1.6809,1.5929,5.1677,172.73,10.452
334,ETHUSDT,SHORT,futures,2025-11-24 00:45:00+00:00,2812.9491,2806.335,18.7934,2025-11-24 01:00:00+00:00,2787.99,2025-11-24 01:45:00+00:00,2804.76,2025-11-24 02:00:00+00:00,2803.6281,1.329526,3727.5,2816.7078,2816.7078,0,2025-11-24 02:15:00+00:00,2861.4096,STOP_LOSS,1,-76.82,1.8637,1.9022,6.0562,-80.59,-4.634
335,BTCUSDT,SHORT,futures,2025-11-25 19:15:00+00:00,87364.3483,87175.2269,459.3612,2025-11-25 19:30:00+00:00,86582.8,2025-11-25 20:30:00+00:00,87144.7,2025-11-25 20:45:00+00:00,87109.8421,0.049041,4271.99,87456.2205,87272.1095,1,2025-11-25 22:30:00+00:00,87376.8361,TRAILING_STOP,7,-13.09,2.136,2.1425,6.8509,-17.37,-1.023
336,BNBUSDT,SHORT,futures,2025-11-26 12:15:00+00:00,858.9254,857.6546,2.5445,2025-11-26 12:30:00+00:00,855.56,2025-11-26 13:00:00+00:00,855.85,2025-11-26 13:15:00+00:00,855.4977,4.292978,3672.63,859.4343,859.4343,0,2025-11-26 13:30:00+00:00,860.4657,STOP_LOSS,1,-21.33,1.8363,1.847,5.9018,-25.01,-1.48
337,BTCUSDT,SHORT,futures,2025-11-29 17:30:00+00:00,90798.5182,90715.2808,193.8521,2025-11-29 17:45:00+00:00,90381.2,2025-11-29 19:00:00+00:00,90688.0,2025-11-29 19:15:00+00:00,90651.7248,0.074019,6709.99,90837.2886,90790.5528,1,2025-11-29 20:30:00+00:00,90899.5015,TRAILING_STOP,5,-18.34,3.355,3.3642,10.758,-25.06,-1.824
338,BNBUSDT,SHORT,futures,2025-12-07 10:00:00+00:00,892.5718,891.6733,1.9623,2025-12-07 10:15:00+00:00,888.46,2025-12-07 10:45:00+00:00,889.97,2025-12-07 11:00:00+00:00,889.624,4.984564,4434.39,892.9643,892.9643,0,2025-12-07 12:45:00+00:00,894.0358,STOP_LOSS,7,-21.99,2.2172,2.2282,7.1214,-26.44,-1.588
339,ETHUSDT,SHORT,futures,2025-12-12 14:15:00+00:00,3238.634,3236.3877,9.871,2025-12-12 14:30:00+00:00,3229.57,2025-12-12 14:45:00+00:00,3229.82,2025-12-12 15:00:00+00:00,3228.5181,1.366201,4410.8,3240.6082,3094.4772,12,2025-12-12 18:45:00+00:00,3098.1906,TRAILING_STOP,15,178.05,2.2054,2.1164,6.8436,173.73,10.518
340,SOLUSDT,SHORT,futures,2025-12-14 03:00:00+00:00,133.1139,132.9602,0.3232,2025-12-14 04:15:00+00:00,132.76,2025-12-14 06:15:00+00:00,132.58,2025-12-14 06:30:00+00:00,132.527,26.680868,3535.93,133.1786,133.1786,0,2025-12-14 07:45:00+00:00,133.3384,STOP_LOSS,5,-21.65,1.768,1.7788,5.6835,-25.2,-1.449
341,ETHUSDT,SHORT,futures,2025-12-14 08:30:00+00:00,3113.6565,3112.0659,4.8105,2025-12-14 09:15:00+00:00,3109.5,2025-12-14 09:30:00+00:00,3109.23,2025-12-14 09:45:00+00:00,3107.9763,2.221396,6904.05,3114.6186,3104.9029,1,2025-12-14 10:15:00+00:00,3108.6288,TRAILING_STOP,2,-1.45,3.452,3.4527,11.0482,-8.35,-0.566
342,SOLUSDT,SHORT,futures,2025-12-17 05:30:00+00:00,128.1941,128.0776,0.5677,2025-12-17 05:45:00+00:00,127.54,2025-12-17 07:00:00+00:00,127.79,2025-12-17 07:15:00+00:00,127.7389,30.271936,3866.9,128.3077,128.3077,0,2025-12-17 07:30:00+00:00,128.4616,STOP_LOSS,1,-21.88,1.9335,1.9444,6.2133,-25.76,-1.496
344,ETHUSDT,SHORT,futures,2025-12-21 14:00:00+00:00,2980.6214,2978.2243,15.0636,2025-12-21 14:15:00+00:00,2962.55,2025-12-21 15:45:00+00:00,2973.23,2025-12-21 16:00:00+00:00,2972.0407,1.474073,4381.0,2983.6341,2983.6341,0,2025-12-21 16:45:00+00:00,2987.2145,STOP_LOSS,3,-22.37,2.1905,2.2017,7.0364,-26.76,-1.566
343,BTCUSDT,SHORT,futures,2025-12-21 14:15:00+00:00,88297.4927,88231.6188,297.4143,2025-12-21 14:30:00+00:00,88002.6,2025-12-21 15:45:00+00:00,88024.7,2025-12-21 16:00:00+00:00,87989.4901,0.046504,4091.87,88356.9755,88356.9755,0,2025-12-21 17:00:00+00:00,88463.0039,STOP_LOSS,4,-22.02,2.0459,2.0569,6.5734,-26.12,-1.529
345,SOLUSDT,SHORT,futures,2025-12-21 21:15:00+00:00,125.3114,125.1991,0.3907,2025-12-21 21:30:00+00:00,125.0,2025-12-21 22:00:00+00:00,125.14,2025-12-21 22:15:00+00:00,125.0899,53.801762,6730.06,125.3895,125.3895,0,2025-12-21 22:30:00+00:00,125.54,STOP_LOSS,1,-24.21,3.365,3.3771,10.7972,-30.96,-1.921
346,SOLUSDT,SHORT,futures,2025-12-25 00:45:00+00:00,122.6484,122.5186,0.338,2025-12-25 01:00:00+00:00,122.33,2025-12-25 01:15:00+00:00,122.46,2025-12-25 01:30:00+00:00,122.421,54.468969,6668.15,122.716,122.716,0,2025-12-25 01:45:00+00:00,122.8633,STOP_LOSS,1,-24.09,3.3341,3.3461,10.6979,-30.77,-1.915
347,ETHUSDT,SHORT,futures,2025-12-25 04:45:00+00:00,2945.4295,2943.5242,4.4607,2025-12-25 05:00:00+00:00,2938.01,2025-12-25 05:45:00+00:00,2940.99,2025-12-25 06:00:00+00:00,2939.8136,2.247288,6606.61,2946.3216,2928.4475,1,2025-12-25 08:45:00+00:00,2931.9617,TRAILING_STOP,11,17.65,3.3033,3.2945,10.5494,11.05,0.755
348,SOLUSDT,SHORT,futures,2025-12-30 20:45:00+00:00,124.5103,124.3658,0.4714,2025-12-30 21:00:00+00:00,123.93,2025-12-30 22:00:00+00:00,124.31,2025-12-30 22:15:00+00:00,124.2503,46.778261,5812.21,124.6046,124.6046,0,2025-12-30 23:15:00+00:00,124.7541,STOP_LOSS,4,-23.57,2.9061,2.9179,9.3278,-29.39,-1.773
350,ETHUSDT,SHORT,futures,2025-12-31 20:15:00+00:00,2978.8928,2976.3956,7.8687,2025-12-31 20:30:00+00:00,2965.42,2025-12-31 20:45:00+00:00,2974.62,2025-12-31 21:00:00+00:00,2973.4302,2.228519,6626.35,2980.4665,2980.4665,0,2025-12-31 21:30:00+00:00,2984.0431,STOP_LOSS,2,-23.65,3.3132,3.325,10.6305,-30.29,-1.932
349,SOLUSDT,SHORT,futures,2025-12-31 17:00:00+00:00,125.654,125.4078,0.5792,2025-12-31 17:15:00+00:00,124.94,2025-12-31 18:00:00+00:00,125.24,2025-12-31 18:15:00+00:00,125.1799,27.847136,3485.9,125.7698,124.4706,12,2025-12-31 22:00:00+00:00,124.62,TRAILING_STOP,15,15.59,1.743,1.7352,5.5587,12.11,0.737
351,BTCUSDT,SHORT,futures,2026-01-07 01:15:00+00:00,93148.1658,93024.9777,325.3616,2026-01-07 01:30:00+00:00,92402.0,2026-01-07 02:45:00+00:00,92923.2,2026-01-07 03:00:00+00:00,92886.0307,0.049926,4637.42,93213.2381,92820.582,3,2026-01-07 06:30:00+00:00,92931.9667,TRAILING_STOP,14,-2.29,2.3187,2.3199,7.4226,-6.93,-0.424
352,BTCUSDT,SHORT,futures,2026-01-11 20:30:00+00:00,90785.2559,90742.835,160.3088,2026-01-11 20:45:00+00:00,90654.2,2026-01-11 21:15:00+00:00,90596.6,2026-01-11 21:30:00+00:00,90560.3614,0.063441,5745.21,90817.3176,90595.4885,1,2026-01-11 23:15:00+00:00,90777.102,TRAILING_STOP,7,-13.75,2.8726,2.8795,9.2088,-19.5,-1.196
353,ETHUSDT,SHORT,futures,2026-01-12 17:30:00+00:00,3120.7047,3117.3254,18.7029,2026-01-12 17:45:00+00:00,3103.45,2026-01-12 18:30:00+00:00,3103.14,2026-01-12 18:45:00+00:00,3101.8987,0.718689,2229.3,3124.4453,3124.4453,0,2026-01-12 20:00:00+00:00,3128.1946,STOP_LOSS,5,-18.9,1.1147,1.1241,3.5896,-21.14,-1.304
354,SOLUSDT,SHORT,futures,2026-01-17 23:15:00+00:00,144.0151,143.949,0.2998,2026-01-17 23:30:00+00:00,143.78,2026-01-18 00:30:00+00:00,143.49,2026-01-18 00:45:00+00:00,143.4326,25.058717,3594.24,144.075,142.7714,3,2026-01-18 02:00:00+00:00,142.9428,TRAILING_STOP,5,12.27,1.7971,1.791,5.736,8.69,0.54
355,BTCUSDT,SHORT,futures,2026-01-18 14:45:00+00:00,95146.6835,95082.9317,131.1018,2026-01-18 15:00:00+00:00,94973.4,2026-01-18 15:30:00+00:00,94993.3,2026-01-18 15:45:00+00:00,94955.3027,0.067997,6456.68,95172.9038,95172.9038,0,2026-01-18 17:00:00+00:00,95287.1113,STOP_LOSS,5,-22.56,3.2283,3.2396,10.3578,-29.03,-1.962
356,SOLUSDT,SHORT,futures,2026-01-21 17:00:00+00:00,128.1795,127.8464,1.3152,2026-01-21 17:15:00+00:00,126.19,2026-01-21 18:45:00+00:00,127.55,2026-01-21 19:00:00+00:00,127.499,16.955913,2161.86,128.4425,128.4425,0,2026-01-21 19:15:00+00:00,128.5967,STOP_LOSS,1,-18.61,1.0809,1.0902,3.4813,-20.78,-1.299
357,BTCUSDT,SHORT,futures,2026-01-22 20:30:00+00:00,89610.2415,89480.6893,327.6151,2026-01-22 21:45:00+00:00,89222.1,2026-01-22 22:00:00+00:00,89452.2,2026-01-22 22:15:00+00:00,89416.5191,0.061312,5482.27,89675.7645,89516.6364,7,2026-01-23 00:15:00+00:00,89624.0563,TRAILING_STOP,8,-12.72,2.7411,2.7475,8.7869,-18.21,-1.146
358,SOLUSDT,SHORT,futures,2026-01-23 05:15:00+00:00,128.7772,128.6239,0.37,2026-01-23 06:15:00+00:00,128.27,2026-01-23 06:30:00+00:00,128.52,2026-01-23 06:45:00+00:00,128.4686,41.312698,5307.38,128.8512,127.5641,15,2026-01-23 11:00:00+00:00,127.7172,TRAILING_STOP,17,31.04,2.6537,2.6382,8.4546,25.75,1.629
359,ETHUSDT,SHORT,futures,2026-01-23 20:45:00+00:00,2958.7769,2954.0428,16.5301,2026-01-23 21:30:00+00:00,2943.74,2026-01-23 22:00:00+00:00,2951.2,2026-01-23 22:15:00+00:00,2950.0295,1.321963,3899.83,2962.0829,2962.0829,0,2026-01-24 03:00:00+00:00,2965.6374,STOP_LOSS,19,-20.63,1.9499,1.9602,6.2645,-24.54,-1.54
360,ETHUSDT,SHORT,futures,2026-01-25 01:45:00+00:00,2956.9275,2954.9285,4.585,2026-01-25 02:15:00+00:00,2952.11,2026-01-25 02:30:00+00:00,2952.06,2026-01-25 02:45:00+00:00,2950.8792,2.143386,6324.87,2957.8445,2945.249,2,2026-01-25 04:00:00+00:00,2948.7833,TRAILING_STOP,5,4.49,3.1624,3.1602,10.1144,-1.83,-0.123
361,BTCUSDT,SHORT,futures,2026-01-26 14:30:00+00:00,87826.8053,87745.8473,300.2146,2026-01-26 15:30:00+00:00,87438.2,2026-01-26 16:00:00+00:00,87377.7,2026-01-26 16:15:00+00:00,87342.649,0.029039,2536.35,87886.8482,87886.8482,0,2026-01-26 16:45:00+00:00,87992.3124,STOP_LOSS,2,-18.87,1.2682,1.2776,4.0808,-21.41,-1.355
362,BTCUSDT,SHORT,futures,2026-01-26 16:45:00+00:00,87813.694,87757.8171,509.3767,2026-01-26 17:00:00+00:00,87394.6,2026-01-26 17:45:00+00:00,87657.5,2026-01-26 18:00:00+00:00,87622.337,0.053527,4690.2,87915.5693,87915.5693,0,2026-01-26 18:15:00+00:00,88021.068,STOP_LOSS,1,-21.34,2.3451,2.3558,7.5299,-26.04,-1.659
363,ETHUSDT,SHORT,futures,2026-02-03 05:30:00+00:00,2333.038,2328.8315,16.4519,2026-02-03 05:45:00+00:00,2315.28,2026-02-03 06:15:00+00:00,2323.11,2026-02-03 06:30:00+00:00,2322.1808,1.100241,2554.96,2336.3283,2297.7966,3,2026-02-03 10:00:00+00:00,2300.554,TRAILING_STOP,14,23.79,1.2775,1.2656,4.0594,21.25,1.365
365,BNBUSDT,SHORT,futures,2026-02-03 11:30:00+00:00,773.3048,771.9128,2.9674,2026-02-03 11:45:00+00:00,768.84,2026-02-03 12:00:00+00:00,771.47,2026-02-03 12:15:00+00:00,771.1514,5.689156,4387.2,773.8983,773.8983,0,2026-02-03 12:45:00+00:00,774.827,STOP_LOSS,2,-20.91,2.1936,2.2041,7.0446,-25.31,-1.619
364,BTCUSDT,SHORT,futures,2026-02-03 10:00:00+00:00,78479.4963,78321.8988,360.0764,2026-02-03 10:30:00+00:00,78118.8,2026-02-03 11:45:00+00:00,78040.1,2026-02-03 12:00:00+00:00,78008.884,0.028882,2253.05,78551.5116,77926.9634,2,2026-02-03 15:15:00+00:00,78020.4757,TRAILING_STOP,13,-0.33,1.1265,1.1267,3.6053,-2.59,-0.165
366,BTCUSDT,SHORT,futures,2026-02-03 14:45:00+00:00,78294.814,78155.8424,414.4635,2026-02-03 15:00:00+00:00,77142.8,2026-02-03 15:30:00+00:00,77439.9,2026-02-03 15:45:00+00:00,77409.024,0.016035,1241.24,78377.7067,74394.8656,8,2026-02-03 19:00:00+00:00,74484.1395,TRAILING_STOP,13,46.9,0.6206,0.5972,1.9297,45.68,2.941
367,ETHUSDT,SHORT,futures,2026-02-04 09:45:00+00:00,2271.6081,2267.1761,12.7478,2026-02-04 10:00:00+00:00,2253.61,2026-02-04 11:30:00+00:00,2254.26,2026-02-04 11:45:00+00:00,2253.3583,0.757766,1707.52,2274.1576,2222.8604,8,2026-02-04 14:30:00+00:00,2225.5278,TRAILING_STOP,11,21.09,0.8538,0.8432,2.7067,19.39,1.23
368,BNBUSDT,SHORT,futures,2026-02-08 09:15:00+00:00,646.014,645.1322,3.0106,2026-02-08 09:30:00+00:00,640.74,2026-02-08 10:00:00+00:00,643.27,2026-02-08 10:15:00+00:00,643.0127,4.400784,2829.76,646.6161,644.1525,4,2026-02-08 11:30:00+00:00,644.9255,TRAILING_STOP,5,-8.42,1.4149,1.4191,4.5377,-11.25,-0.71
369,BNBUSDT,SHORT,futures,2026-02-08 14:15:00+00:00,644.9654,643.5147,2.9881,2026-02-08 15:15:00+00:00,641.45,2026-02-08 16:00:00+00:00,642.93,2026-02-08 16:15:00+00:00,642.6828,5.486388,3526.01,645.563,639.1071,5,2026-02-08 17:45:00+00:00,640.0571,TRAILING_STOP,6,14.41,1.763,1.7558,5.6243,10.89,0.689
370,SOLUSDT,SHORT,futures,2026-02-08 17:15:00+00:00,87.5304,87.3452,0.6773,2026-02-08 17:30:00+00:00,86.9,2026-02-08 18:00:00+00:00,87.23,2026-02-08 18:15:00+00:00,87.1851,32.985534,2875.85,87.6658,87.6658,0,2026-02-08 18:30:00+00:00,87.771,STOP_LOSS,1,-19.33,1.4379,1.4476,4.6245,-22.21,-1.401
371,BNBUSDT,SHORT,futures,2026-02-08 20:00:00+00:00,644.3276,643.6752,2.9745,2026-02-08 21:30:00+00:00,641.57,2026-02-08 22:00:00+00:00,643.49,2026-02-08 22:15:00+00:00,643.2126,9.208354,5922.93,644.9225,644.9225,0,2026-02-08 23:00:00+00:00,645.6964,STOP_LOSS,3,-22.87,2.9615,2.9729,9.5041,-28.81,-1.83
372,SOLUSDT,SHORT,futures,2026-02-08 23:45:00+00:00,87.2942,87.0868,0.8501,2026-02-09 00:30:00+00:00,86.56,2026-02-09 00:45:00+00:00,87.01,2026-02-09 01:00:00+00:00,86.9652,31.263955,2718.88,87.4642,87.4642,0,2026-02-09 01:15:00+00:00,87.5692,STOP_LOSS,1,-18.88,1.3594,1.3689,4.3729,-21.61,-1.385
373,ETHUSDT,SHORT,futures,2026-02-09 01:30:00+00:00,2097.9188,2091.2246,20.2076,2026-02-09 01:45:00+00:00,2069.84,2026-02-09 02:30:00+00:00,2089.53,2026-02-09 02:45:00+00:00,2088.6942,1.167866,2439.32,2101.9603,2101.9603,0,2026-02-09 03:45:00+00:00,2104.4826,STOP_LOSS,4,-18.44,1.2197,1.2289,3.925,-20.89,-1.348
374,SOLUSDT,SHORT,futures,2026-02-10 04:00:00+00:00,86.5135,86.4114,0.5234,2026-02-10 05:15:00+00:00,86.04,2026-02-10 05:30:00+00:00,85.95,2026-02-10 05:45:00+00:00,85.9056,21.595325,1855.16,86.6182,85.0077,9,2026-02-10 09:15:00+00:00,85.1097,TRAILING_STOP,14,17.19,0.9276,0.919,2.9476,15.34,0.997
375,BTCUSDT,SHORT,futures,2026-02-10 18:15:00+00:00,69418.426,69231.0856,465.481,2026-02-10 18:30:00+00:00,68957.8,2026-02-10 19:30:00+00:00,69172.2,2026-02-10 19:45:00+00:00,69144.6311,0.04215,2914.45,69511.5222,68799.7605,15,2026-02-10 23:45:00+00:00,68882.3202,TRAILING_STOP,16,11.06,1.4572,1.4517,4.6498,8.15,0.527
376,ETHUSDT,SHORT,futures,2026-02-17 05:30:00+00:00,1987.7778,1986.2653,9.8012,2026-02-17 05:45:00+00:00,1974.6,2026-02-17 07:45:00+00:00,1984.85,2026-02-17 08:00:00+00:00,1984.0461,2.724066,5404.67,1989.738,1973.521,11,2026-02-17 12:00:00+00:00,1975.8892,TRAILING_STOP,16,22.22,2.7023,2.6912,8.6208,16.83,1.085
378,ETHUSDT,SHORT,futures,2026-02-17 16:45:00+00:00,1978.7959,1973.8173,18.1257,2026-02-17 17:00:00+00:00,1964.47,2026-02-17 17:15:00+00:00,1972.88,2026-02-17 17:30:00+00:00,1972.0809,1.510807,2979.43,1982.421,1982.421,0,2026-02-17 18:15:00+00:00,1984.7999,STOP_LOSS,3,-19.22,1.4897,1.4993,4.7902,-22.21,-1.421
377,BNBUSDT,SHORT,futures,2026-02-17 14:30:00+00:00,621.2365,620.371,3.9653,2026-02-17 14:45:00+00:00,611.94,2026-02-17 16:15:00+00:00,616.19,2026-02-17 16:30:00+00:00,615.9335,2.557276,1575.11,622.0296,622.0296,0,2026-02-17 18:30:00+00:00,622.776,STOP_LOSS,8,-17.5,0.7876,0.7963,2.5412,-19.08,-1.224
379,BNBUSDT,SHORT,futures,2026-02-17 20:15:00+00:00,619.945,619.1863,2.8642,2026-02-17 21:15:00+00:00,617.51,2026-02-17 22:15:00+00:00,618.93,2026-02-17 22:30:00+00:00,618.6924,8.42698,5213.71,620.5179,619.03,5,2026-02-18 00:30:00+00:00,619.7728,TRAILING_STOP,8,-9.1,2.6069,2.6114,8.3529,-14.32,-0.931
380,SOLUSDT,SHORT,futures,2026-02-18 00:45:00+00:00,85.1258,84.9602,0.3725,2026-02-18 01:00:00+00:00,84.37,2026-02-18 02:00:00+00:00,84.78,2026-02-18 02:15:00+00:00,84.7361,32.981835,2794.75,85.2003,85.2003,0,2026-02-18 03:45:00+00:00,85.3026,STOP_LOSS,6,-18.68,1.3974,1.4067,4.494,-21.49,-1.403
381,ETHUSDT,SHORT,futures,2026-02-18 12:45:00+00:00,1996.2912,1992.9345,8.8636,2026-02-18 13:00:00+00:00,1986.01,2026-02-18 15:00:00+00:00,1983.6,2026-02-18 15:15:00+00:00,1982.8166,0.997149,1977.16,1998.0639,1998.0639,0,2026-02-18 15:30:00+00:00,2000.4616,STOP_LOSS,1,-17.59,0.9886,0.9974,3.1846,-19.58,-1.288
382,ETHUSDT,SHORT,futures,2026-02-18 16:00:00+00:00,1989.488,1982.6963,16.6278,2026-02-18 16:30:00+00:00,1972.89,2026-02-18 17:00:00+00:00,1975.06,2026-02-18 17:15:00+00:00,1974.26,0.81418,1607.4,1992.8135,1948.4421,9,2026-02-18 20:30:00+00:00,1950.7803,TRAILING_STOP,13,19.12,0.8037,0.7941,2.5489,17.52,1.16
383,ETHUSDT,SHORT,futures,2026-02-20 12:15:00+00:00,1954.2873,1953.0632,6.9243,2026-02-20 12:30:00+00:00,1945.01,2026-02-20 14:30:00+00:00,1946.91,2026-02-20 14:45:00+00:00,1946.1412,1.594135,3102.41,1955.6721,1955.6721,0,2026-02-20 15:00:00+00:00,1958.0189,STOP_LOSS,1,-18.93,1.5512,1.5607,4.9866,-22.05,-1.451
384,BTCUSDT,SHORT,futures,2026-03-01 17:30:00+00:00,66631.8643,66479.7563,363.0744,2026-03-01 17:45:00+00:00,65956.8,2026-03-01 18:00:00+00:00,66358.6,2026-03-01 18:15:00+00:00,66331.9566,0.04049,2685.76,66704.4791,65642.2244,8,2026-03-01 21:15:00+00:00,65720.9951,TRAILING_STOP,12,24.74,1.3429,1.3305,4.2675,22.06,1.463
385,BTCUSDT,SHORT,futures,2026-03-02 07:30:00+00:00,66307.3336,66297.7549,321.7687,2026-03-02 07:45:00+00:00,65981.3,2026-03-02 08:45:00+00:00,66247.9,2026-03-02 09:00:00+00:00,66221.4008,0.091775,6077.45,66371.6873,66371.6873,0,2026-03-02 09:15:00+00:00,66451.3333,STOP_LOSS,1,-21.1,3.0387,3.0493,9.7492,-27.19,-1.971
386,SOLUSDT,SHORT,futures,2026-03-03 20:15:00+00:00,85.1006,84.9153,0.7522,2026-03-03 21:00:00+00:00,84.5,2026-03-03 21:30:00+00:00,84.71,2026-03-03 21:45:00+00:00,84.6761,26.188907,2217.57,85.2511,85.2511,0,2026-03-03 22:00:00+00:00,85.3534,STOP_LOSS,1,-17.74,1.1088,1.1177,3.5694,-19.96,-1.326
387,BNBUSDT,SHORT,futures,2026-03-04 04:15:00+00:00,631.4804,631.206,2.9085,2026-03-04 04:30:00+00:00,629.14,2026-03-04 05:00:00+00:00,630.81,2026-03-04 05:15:00+00:00,630.5577,9.488651,5983.14,632.0621,632.0621,0,2026-03-04 05:30:00+00:00,632.8206,STOP_LOSS,1,-21.47,2.9916,3.0023,9.5988,-27.47,-1.924
388,BTCUSDT,SHORT,futures,2026-03-04 04:15:00+00:00,68035.8722,67941.7393,366.9917,2026-03-04 04:30:00+00:00,67606.1,2026-03-04 05:15:00+00:00,67797.4,2026-03-04 05:30:00+00:00,67770.381,0.043733,2963.78,68109.2705,68109.2705,0,2026-03-04 05:45:00+00:00,68254.7075,STOP_LOSS,1,-21.18,1.4819,1.4925,4.7675,-24.16,-1.63
389,BTCUSDT,SHORT,futures,2026-03-08 12:30:00+00:00,67551.2952,67414.3088,313.966,2026-03-08 13:00:00+00:00,66939.9,2026-03-08 14:15:00+00:00,67225.4,2026-03-08 14:30:00+00:00,67198.4099,0.035363,2376.36,67614.0884,67122.8227,7,2026-03-08 19:15:00+00:00,67203.3701,TRAILING_STOP,19,-0.18,1.1882,1.1883,3.8024,-2.55,-0.174
390,SOLUSDT,SHORT,futures,2026-03-15 16:45:00+00:00,87.9739,87.8776,0.2992,2026-03-15 17:00:00+00:00,87.69,2026-03-15 17:15:00+00:00,87.76,2026-03-15 17:30:00+00:00,87.7249,47.554032,4171.67,88.0337,88.0337,0,2026-03-15 17:45:00+00:00,88.1394,STOP_LOSS,1,-19.71,2.0858,2.0957,6.6983,-23.89,-1.627
391,BNBUSDT,SHORT,futures,2026-03-20 11:15:00+00:00,643.2647,642.5145,1.7367,2026-03-20 11:30:00+00:00,640.86,2026-03-20 12:15:00+00:00,642.18,2026-03-20 12:30:00+00:00,641.9231,8.625153,5536.69,643.612,641.1436,3,2026-03-20 14:30:00+00:00,641.9129,TRAILING_STOP,8,0.09,2.7683,2.7683,8.8586,-5.45,-0.374
392,SOLUSDT,SHORT,futures,2026-03-20 17:15:00+00:00,89.1472,88.9567,0.4329,2026-03-20 17:30:00+00:00,88.24,2026-03-20 17:45:00+00:00,88.85,2026-03-20 18:00:00+00:00,88.8145,34.676958,3079.82,89.2338,88.9515,4,2026-03-20 19:45:00+00:00,89.0583,TRAILING_STOP,7,-8.46,1.5399,1.5441,4.9379,-11.54,-0.794
393,ETHUSDT,SHORT,futures,2026-03-21 17:00:00+00:00,2152.5486,2150.8824,5.7549,2026-03-21 17:15:00+00:00,2146.72,2026-03-21 18:15:00+00:00,2150.2,2026-03-21 18:30:00+00:00,2149.3399,2.6952,5792.9,2153.6996,2153.6996,0,2026-03-21 18:45:00+00:00,2156.3846,STOP_LOSS,1,-18.99,2.8964,2.9059,9.2914,-24.79,-2.11
394,SOLUSDT,SHORT,futures,2026-03-21 16:45:00+00:00,89.9022,89.7915,0.2602,2026-03-21 17:00:00+00:00,89.48,2026-03-21 18:45:00+00:00,89.72,2026-03-21 19:00:00+00:00,89.6841,53.154532,4767.12,89.9542,89.9542,0,2026-03-21 20:15:00+00:00,90.0622,STOP_LOSS,5,-20.1,2.3836,2.3936,7.6515,-24.87,-1.732
395,SOLUSDT,SHORT,futures,2026-03-21 23:00:00+00:00,89.8471,89.7956,0.1832,2026-03-21 23:15:00+00:00,89.65,2026-03-21 23:30:00+00:00,89.74,2026-03-21 23:45:00+00:00,89.7041,63.470622,5693.58,89.8838,87.4492,1,2026-03-22 00:30:00+00:00,87.5542,TRAILING_STOP,3,136.46,2.8468,2.7786,8.946,130.83,11.472
397,BTCUSDT,SHORT,futures,2026-03-29 05:30:00+00:00,66690.0795,66663.2563,121.0038,2026-03-29 07:00:00+00:00,66568.6,2026-03-29 07:30:00+00:00,66605.0,2026-03-29 07:45:00+00:00,66578.258,0.089236,5941.18,66714.2802,66714.2802,0,2026-03-29 08:00:00+00:00,66794.3374,STOP_LOSS,1,-19.28,2.9706,2.9802,9.529,-25.23,-2.079
396,ETHUSDT,SHORT,futures,2026-03-29 04:00:00+00:00,2008.6211,2006.8078,5.0325,2026-03-29 05:00:00+00:00,2000.68,2026-03-29 05:45:00+00:00,2004.13,2026-03-29 06:00:00+00:00,2003.3283,2.362912,4733.69,2009.6276,1998.7324,5,2026-03-29 11:00:00+00:00,2001.1309,TRAILING_STOP,20,5.19,2.3668,2.3642,7.5677,0.46,0.031
398,BTCUSDT,SHORT,futures,2026-03-29 15:45:00+00:00,66638.5124,66573.4255,181.086,2026-03-29 16:00:00+00:00,66417.4,2026-03-29 16:30:00+00:00,66504.4,2026-03-29 16:45:00+00:00,66477.8982,0.074987,4984.98,66674.7296,66423.7263,3,2026-03-29 18:15:00+00:00,66503.4348,TRAILING_STOP,6,-1.91,2.4925,2.4934,7.9783,-6.9,-0.468
399,ETHUSDT,SHORT,futures,2026-03-31 09:45:00+00:00,2048.2334,2044.3263,11.0835,2026-03-31 10:00:00+00:00,2023.83,2026-03-31 11:30:00+00:00,2041.52,2026-03-31 11:45:00+00:00,2040.7034,1.510794,3083.08,2050.4501,2050.4501,0,2026-03-31 12:15:00+00:00,2052.9107,STOP_LOSS,2,-18.44,1.5415,1.5508,4.9551,-21.53,-1.462
400,BTCUSDT,SHORT,futures,2026-03-31 15:15:00+00:00,67032.9705,66939.7488,462.0238,2026-03-31 15:45:00+00:00,66700.0,2026-03-31 16:00:00+00:00,66893.2,2026-03-31 16:15:00+00:00,66866.3428,0.056432,3773.37,67125.3752,67125.3752,0,2026-03-31 16:30:00+00:00,67205.9257,STOP_LOSS,1,-19.16,1.8867,1.8963,6.0604,-22.95,-1.57
401,BNBUSDT,SHORT,futures,2026-04-01 13:45:00+00:00,615.8387,615.1658,2.4773,2026-04-01 14:00:00+00:00,612.91,2026-04-01 14:45:00+00:00,614.22,2026-04-01 15:00:00+00:00,613.9843,6.171699,3789.33,616.3342,616.3342,0,2026-04-01 16:15:00+00:00,617.0738,STOP_LOSS,5,-19.07,1.8947,1.9042,6.0858,-22.87,-1.577
402,BNBUSDT,SHORT,futures,2026-04-01 18:15:00+00:00,615.3053,614.9248,1.9834,2026-04-01 18:45:00+00:00,613.5,2026-04-01 19:30:00+00:00,614.35,2026-04-01 19:45:00+00:00,614.0943,8.94997,5496.12,615.702,614.4023,3,2026-04-01 20:45:00+00:00,615.1396,TRAILING_STOP,4,-9.36,2.7481,2.7527,8.805,-14.86,-1.032
403,BNBUSDT,SHORT,futures,2026-04-16 14:15:00+00:00,621.9955,621.0453,2.3219,2026-04-16 14:30:00+00:00,619.07,2026-04-16 14:45:00+00:00,619.63,2026-04-16 15:00:00+00:00,619.3722,4.63614,2871.5,622.4598,622.4598,0,2026-04-16 15:15:00+00:00,623.2068,STOP_LOSS,1,-17.78,1.4357,1.4446,4.6157,-20.66,-1.443
404,ETHUSDT,SHORT,futures,2026-04-21 03:15:00+00:00,2313.5232,2311.1021,7.1945,2026-04-21 03:30:00+00:00,2305.47,2026-04-21 03:45:00+00:00,2310.14,2026-04-21 04:00:00+00:00,2309.2059,2.461741,5684.67,2314.9621,2314.9621,0,2026-04-21 04:45:00+00:00,2317.7401,STOP_LOSS,3,-21.01,2.8423,2.8528,9.1207,-26.7,-1.885
405,ETHUSDT,SHORT,futures,2026-04-21 13:00:00+00:00,2316.2769,2314.2258,10.8316,2026-04-21 13:15:00+00:00,2306.63,2026-04-21 13:30:00+00:00,2309.77,2026-04-21 13:45:00+00:00,2308.8361,1.465381,3383.33,2318.4433,2318.4433,0,2026-04-21 14:15:00+00:00,2321.2254,STOP_LOSS,2,-18.16,1.6917,1.7007,5.4351,-21.55,-1.531
406,BTCUSDT,SHORT,futures,2026-04-21 15:30:00+00:00,76007.0534,75857.1946,405.1568,2026-04-21 17:00:00+00:00,75507.2,2026-04-21 17:30:00+00:00,75725.3,2026-04-21 17:45:00+00:00,75694.81,0.035523,2688.93,76088.0848,75896.7022,2,2026-04-21 19:15:00+00:00,75987.7782,TRAILING_STOP,6,-10.41,1.3445,1.3497,4.3148,-13.1,-0.938
407,BTCUSDT,SHORT,futures,2026-04-21 18:15:00+00:00,75874.1474,75731.5793,350.1439,2026-04-21 18:30:00+00:00,75489.5,2026-04-21 19:00:00+00:00,75571.0,2026-04-21 19:15:00+00:00,75540.7716,0.034469,2603.81,75944.1762,75564.422,2,2026-04-21 20:00:00+00:00,75655.0993,TRAILING_STOP,3,-3.94,1.3019,1.3039,4.1708,-6.55,-0.471
408,SOLUSDT,SHORT,futures,2026-04-21 17:15:00+00:00,85.6911,85.5776,0.5128,2026-04-21 17:45:00+00:00,85.28,2026-04-21 19:00:00+00:00,85.21,2026-04-21 19:15:00+00:00,85.1759,22.508326,1917.17,85.7937,85.3576,2,2026-04-21 20:00:00+00:00,85.4601,TRAILING_STOP,3,-6.4,0.9586,0.9618,3.0751,-8.32,-0.598
409,BNBUSDT,SHORT,futures,2026-04-21 19:30:00+00:00,631.6705,630.6509,2.4899,2026-04-21 19:45:00+00:00,626.98,2026-04-21 20:00:00+00:00,629.77,2026-04-21 20:15:00+00:00,629.5081,5.198625,3272.58,632.1685,632.1685,0,2026-04-21 23:45:00+00:00,632.9271,STOP_LOSS,14,-17.77,1.6363,1.6452,5.2575,-21.06,-1.522
410,BNBUSDT,SHORT,futures,2026-04-23 17:30:00+00:00,637.3399,636.5839,2.0819,2026-04-23 17:45:00+00:00,634.17,2026-04-23 18:45:00+00:00,634.36,2026-04-23 19:00:00+00:00,634.1063,3.760378,2384.48,637.7562,637.7562,0,2026-04-23 20:00:00+00:00,638.5215,STOP_LOSS,4,-16.6,1.1922,1.2005,3.8351,-19.0,-1.384
411,ETHUSDT,SHORT,futures,2026-04-25 10:00:00+00:00,2317.1498,2316.1771,2.953,2026-04-25 11:15:00+00:00,2313.72,2026-04-25 12:15:00+00:00,2312.76,2026-04-25 12:30:00+00:00,2311.8349,2.308069,5335.87,2317.7404,2317.7404,0,2026-04-25 14:00:00+00:00,2320.5217,STOP_LOSS,6,-20.05,2.6679,2.678,8.5615,-25.4,-1.863
412,BNBUSDT,SHORT,futures,2026-05-01 06:00:00+00:00,617.8785,617.49,0.852,2026-05-01 06:45:00+00:00,616.93,2026-05-01 07:15:00+00:00,616.79,2026-05-01 07:30:00+00:00,616.5433,8.760684,5401.34,618.0489,618.0489,0,2026-05-01 08:00:00+00:00,618.7906,STOP_LOSS,2,-19.69,2.7007,2.7105,8.6658,-25.1,-1.903
413,SOLUSDT,SHORT,futures,2026-05-04 20:30:00+00:00,84.4809,84.4457,0.2502,2026-05-04 20:45:00+00:00,84.04,2026-05-04 21:30:00+00:00,84.36,2026-05-04 21:45:00+00:00,84.3363,63.450093,5351.14,84.5309,84.2951,7,2026-05-05 00:45:00+00:00,84.3962,TRAILING_STOP,12,-3.8,2.6756,2.6775,8.5664,-9.16,-0.742
414,SOLUSDT,SHORT,futures,2026-05-04 22:45:00+00:00,84.4154,84.3428,0.1895,2026-05-04 23:00:00+00:00,84.08,2026-05-05 00:45:00+00:00,84.26,2026-05-05 01:00:00+00:00,84.2263,58.733569,4946.91,84.4533,84.4533,0,2026-05-05 02:00:00+00:00,84.5547,STOP_LOSS,4,-19.29,2.4735,2.4831,7.9382,-24.24,-1.818
415,ETHUSDT,SHORT,futures,2026-05-06 00:15:00+00:00,2370.6707,2366.8692,8.9388,2026-05-06 00:30:00+00:00,2359.64,2026-05-06 00:45:00+00:00,2362.99,2026-05-06 01:00:00+00:00,2362.0448,1.268779,2996.91,2372.4584,2372.4584,0,2026-05-06 01:15:00+00:00,2375.3054,STOP_LOSS,1,-16.82,1.4985,1.5069,4.8152,-19.83,-1.501
416,ETHUSDT,SHORT,futures,2026-05-17 14:45:00+00:00,2188.9797,2187.17,5.1676,2026-05-17 15:15:00+00:00,2182.18,2026-05-17 16:00:00+00:00,2184.2,2026-05-17 16:15:00+00:00,2183.3263,1.961081,4281.68,2190.0132,2184.4002,2,2026-05-17 18:00:00+00:00,2187.0215,TRAILING_STOP,7,-7.25,2.1408,2.1445,6.8594,-11.53,-0.879
417,ETHUSDT,SHORT,futures,2026-05-17 16:45:00+00:00,2187.9315,2186.4437,4.3358,2026-05-17 17:00:00+00:00,2178.06,2026-05-17 18:00:00+00:00,2182.61,2026-05-17 18:15:00+00:00,2181.747,1.851436,4039.37,2188.7987,2188.7987,0,2026-05-17 19:00:00+00:00,2191.4252,STOP_LOSS,3,-17.92,2.0197,2.0286,6.4845,-21.97,-1.683
418,BTCUSDT,SHORT,futures,2026-05-19 08:00:00+00:00,76985.6288,76916.808,152.0176,2026-05-19 09:15:00+00:00,76734.1,2026-05-19 10:30:00+00:00,76719.0,2026-05-19 10:45:00+00:00,76688.3124,0.039503,3029.42,77016.0323,77016.0323,0,2026-05-19 11:00:00+00:00,77108.4516,STOP_LOSS,1,-16.6,1.5147,1.523,4.867,-19.63,-1.517
419,BTCUSDT,SHORT,futures,2026-05-19 11:15:00+00:00,76956.2864,76903.3124,186.4317,2026-05-19 11:30:00+00:00,76618.7,2026-05-19 12:30:00+00:00,76868.8,2026-05-19 12:45:00+00:00,76838.1524,0.066882,5139.11,76993.5727,76913.7839,1,2026-05-19 13:30:00+00:00,77006.0804,TRAILING_STOP,3,-11.23,2.5696,2.5752,8.2361,-16.38,-1.575
420,BTCUSDT,SHORT,futures,2026-05-19 23:45:00+00:00,76841.0222,76806.7992,118.4413,2026-05-20 00:00:00+00:00,76543.2,2026-05-20 00:30:00+00:00,76690.0,2026-05-20 00:45:00+00:00,76659.324,0.062155,4764.8,76864.7105,76864.7105,0,2026-05-20 01:00:00+00:00,76956.9481,STOP_LOSS,1,-18.5,2.3824,2.3916,7.6459,-23.27,-1.823
421,BTCUSDT,SHORT,futures,2026-05-20 02:30:00+00:00,76809.9915,76730.1244,186.7694,2026-05-20 03:00:00+00:00,76610.4,2026-05-20 03:30:00+00:00,76715.6,2026-05-20 03:45:00+00:00,76684.9138,0.065982,5059.81,76847.3454,76847.3454,0,2026-05-20 05:00:00+00:00,76939.5622,STOP_LOSS,5,-16.8,2.5299,2.5383,8.1159,-21.87,-2.041
422,SOLUSDT,SHORT,futures,2026-05-25 02:30:00+00:00,85.3582,85.1962,0.4221,2026-05-25 03:00:00+00:00,84.88,2026-05-25 04:15:00+00:00,85.19,2026-05-25 04:30:00+00:00,85.1659,45.315828,3859.36,85.4426,85.4426,0,2026-05-25 04:45:00+00:00,85.5726,STOP_LOSS,1,-18.43,1.9297,1.9389,6.1971,-22.3,-1.778
423,SOLUSDT,SHORT,futures,2026-05-27 12:45:00+00:00,84.0631,83.9169,0.3946,2026-05-27 13:00:00+00:00,83.67,2026-05-27 14:00:00+00:00,83.74,2026-05-27 14:15:00+00:00,83.6965,27.895053,2334.72,84.1421,84.1421,0,2026-05-27 15:00:00+00:00,84.243,STOP_LOSS,3,-15.25,1.1674,1.175,3.7538,-17.59,-1.415
424,SOLUSDT,SHORT,futures,2026-05-27 16:15:00+00:00,84.0255,83.9256,0.4432,2026-05-27 17:00:00+00:00,83.32,2026-05-27 18:45:00+00:00,83.9,2026-05-27 19:00:00+00:00,83.8764,51.910682,4354.08,84.1142,82.8599,4,2026-05-27 22:00:00+00:00,82.9593,TRAILING_STOP,12,47.61,2.177,2.1532,6.9094,43.28,3.507
425,ETHUSDT,SHORT,futures,2026-05-29 06:45:00+00:00,2010.7537,2008.6706,4.6601,2026-05-29 07:30:00+00:00,2003.26,2026-05-29 08:00:00+00:00,2007.0,2026-05-29 08:15:00+00:00,2006.1972,2.287892,4589.96,2011.6857,2011.6857,0,2026-05-29 09:00:00+00:00,2014.0997,STOP_LOSS,3,-18.08,2.295,2.304,7.3656,-22.68,-1.806
426,SOLUSDT,SHORT,futures,2026-05-29 22:15:00+00:00,82.1118,82.0792,0.3276,2026-05-29 22:30:00+00:00,81.9,2026-05-29 23:00:00+00:00,81.92,2026-05-29 23:15:00+00:00,81.8772,41.471382,3395.56,82.1773,82.1773,0,2026-05-30 00:15:00+00:00,82.2759,STOP_LOSS,4,-16.53,1.6978,1.706,5.4527,-19.94,-1.602
427,ETHUSDT,SHORT,futures,2026-05-29 22:15:00+00:00,2016.5789,2013.9573,7.5061,2026-05-29 23:00:00+00:00,2009.72,2026-05-29 23:45:00+00:00,2013.35,2026-05-30 00:00:00+00:00,2012.5547,2.244674,4517.53,2018.0801,2018.0801,0,2026-05-30 01:15:00+00:00,2020.5018,STOP_LOSS,5,-17.84,2.2588,2.2677,7.2495,-22.37,-1.803
428,ETHUSDT,SHORT,futures,2026-05-31 10:15:00+00:00,2025.9314,2024.4169,4.3446,2026-05-31 10:30:00+00:00,2017.4,2026-05-31 12:15:00+00:00,2022.65,2026-05-31 12:30:00+00:00,2021.8409,2.420273,4893.41,2026.8003,2006.5861,11,2026-05-31 17:45:00+00:00,2008.994,TRAILING_STOP,21,31.09,2.4467,2.4312,7.7921,26.22,2.184
429,SOLUSDT,SHORT,futures,2026-06-01 01:30:00+00:00,82.3447,82.2564,0.3517,2026-06-01 01:45:00+00:00,81.72,2026-06-01 02:15:00+00:00,82.21,2026-06-01 02:30:00+00:00,82.1771,51.964972,4270.33,82.4151,82.4151,0,2026-06-01 02:45:00+00:00,82.7091,STOP_LOSS,1,-27.65,2.1352,2.149,6.8657,-31.93,-2.582
430,BNBUSDT,SHORT,futures,2026-06-09 11:30:00+00:00,601.3896,600.4397,1.951,2026-06-09 11:45:00+00:00,597.13,2026-06-09 12:00:00+00:00,598.65,2026-06-09 12:15:00+00:00,598.4205,3.633378,2174.29,601.7798,590.0928,5,2026-06-09 15:00:00+00:00,590.8009,TRAILING_STOP,11,27.69,1.0871,1.0733,3.4456,25.52,2.091
431,ETHUSDT,SHORT,futures,2026-06-10 17:15:00+00:00,1640.9326,1637.5727,12.4623,2026-06-10 17:30:00+00:00,1623.51,2026-06-10 18:15:00+00:00,1635.54,2026-06-10 18:30:00+00:00,1634.8858,1.444272,2361.22,1643.425,1620.4192,15,2026-06-10 23:15:00+00:00,1622.3637,TRAILING_STOP,19,18.09,1.1806,1.1716,3.7562,15.73,1.276
432,BNBUSDT,SHORT,futures,2026-06-10 18:00:00+00:00,591.3982,590.2953,2.8229,2026-06-10 18:30:00+00:00,588.22,2026-06-10 18:45:00+00:00,590.09,2026-06-10 19:00:00+00:00,589.864,5.904024,3482.57,591.9627,586.3958,10,2026-06-10 23:15:00+00:00,587.0995,TRAILING_STOP,17,16.32,1.7413,1.7331,5.5525,12.85,1.037
433,ETHUSDT,SHORT,futures,2026-06-11 15:45:00+00:00,1649.1755,1645.8673,8.7724,2026-06-11 16:15:00+00:00,1640.9,2026-06-11 16:30:00+00:00,1642.15,2026-06-11 16:45:00+00:00,1641.4931,1.322041,2170.12,1650.93,1650.93,0,2026-06-11 17:15:00+00:00,1652.9111,STOP_LOSS,2,-15.09,1.0851,1.0926,3.4903,-17.27,-1.384
434,SOLUSDT,SHORT,futures,2026-06-25 12:15:00+00:00,68.4485,68.4029,0.287,2026-06-25 13:15:00+00:00,68.16,2026-06-25 13:30:00+00:00,66.48,2026-06-25 13:45:00+00:00,66.4634,6.065851,403.16,68.5059,66.084,1,2026-06-25 14:15:00+00:00,66.1633,TRAILING_STOP,2,1.82,0.2016,0.2007,0.6429,1.42,0.114
435,SOLUSDT,SHORT,futures,2026-06-26 02:30:00+00:00,67.3525,67.0981,0.5697,2026-06-26 02:45:00+00:00,66.18,2026-06-26 03:00:00+00:00,66.93,2026-06-26 03:15:00+00:00,66.8932,21.625006,1446.57,67.4665,67.4665,0,2026-06-26 03:30:00+00:00,67.5474,STOP_LOSS,1,-14.15,0.7233,0.7304,2.3315,-15.6,-1.258
436,BTCUSDT,SHORT,futures,2026-06-26 19:45:00+00:00,59926.6775,59853.9,266.2076,2026-06-26 20:00:00+00:00,59702.2,2026-06-26 21:15:00+00:00,59851.1,2026-06-26 21:30:00+00:00,59827.2595,0.080693,4827.66,59979.919,59979.919,0,2026-06-26 21:45:00+00:00,60071.8999,STOP_LOSS,1,-19.74,2.4138,2.4237,7.7479,-24.58,-1.995
437,BTCUSDT,SHORT,futures,2026-06-29 04:15:00+00:00,59801.8976,59680.5649,286.1917,2026-06-29 05:00:00+00:00,59504.8,2026-06-29 05:15:00+00:00,59662.2,2026-06-29 05:30:00+00:00,59638.2352,0.055209,3292.57,59859.136,59859.136,0,2026-06-29 05:45:00+00:00,59960.4663,STOP_LOSS,1,-17.79,1.6463,1.6552,5.2895,-21.09,-1.729
438,ETHUSDT,SHORT,futures,2026-06-29 11:15:00+00:00,1576.5166,1575.1659,5.1509,2026-06-29 11:30:00+00:00,1571.38,2026-06-29 11:45:00+00:00,1574.16,2026-06-29 12:00:00+00:00,1573.5303,3.010187,4736.62,1577.5468,1577.5468,0,2026-06-29 12:15:00+00:00,1595.8928,STOP_LOSS,1,-67.32,2.3683,2.402,7.6594,-72.09,-5.962
439,BTCUSDT,SHORT,futures,2026-06-29 13:30:00+00:00,59984.9516,59898.4371,427.9138,2026-06-29 13:45:00+00:00,59559.3,2026-06-29 15:45:00+00:00,59800.2,2026-06-29 16:00:00+00:00,59776.3799,0.039876,2383.67,60070.5343,60070.5343,0,2026-06-29 17:00:00+00:00,60142.619,STOP_LOSS,4,-14.6,1.1918,1.1991,3.8314,-17.0,-1.449
440,BTCUSDT,SHORT,futures,2026-06-30 01:45:00+00:00,60091.2079,60029.07,174.9931,2026-06-30 02:00:00+00:00,59761.2,2026-06-30 02:45:00+00:00,59920.4,2026-06-30 03:00:00+00:00,59896.4318,0.050679,3035.52,60126.2065,59645.1515,8,2026-06-30 06:15:00+00:00,59716.7257,TRAILING_STOP,13,9.11,1.5178,1.5132,4.8459,6.08,0.522
441,BNBUSDT,SHORT,futures,2026-07-02 07:45:00+00:00,551.6372,551.0636,1.363,2026-07-02 08:00:00+00:00,550.12,2026-07-02 08:15:00+00:00,550.51,2026-07-02 08:30:00+00:00,550.2798,7.162738,3941.51,551.9098,551.9098,0,2026-07-02 09:15:00+00:00,552.5721,STOP_LOSS,3,-16.42,1.9708,1.979,6.3261,-20.37,-1.745
442,SOLUSDT,SHORT,futures,2026-07-07 10:15:00+00:00,81.3806,81.2955,0.3028,2026-07-07 10:30:00+00:00,81.08,2026-07-07 11:45:00+00:00,81.28,2026-07-07 12:00:00+00:00,81.2475,56.978411,4629.35,81.4411,81.4411,0,2026-07-07 12:15:00+00:00,81.8681,STOP_LOSS,1,-35.36,2.3147,2.3324,7.4494,-40.01,-3.626
443,ETHUSDT,SHORT,futures,2026-07-07 13:30:00+00:00,1778.9211,1777.5911,7.329,2026-07-07 13:45:00+00:00,1768.05,2026-07-07 14:00:00+00:00,1766.37,2026-07-07 14:15:00+00:00,1765.6635,0.772464,1363.91,1780.3869,1780.3869,0,2026-07-07 14:45:00+00:00,1782.5234,STOP_LOSS,2,-13.02,0.682,0.6885,2.1979,-14.39,-1.266
444,SOLUSDT,SHORT,futures,2026-07-07 13:30:00+00:00,81.3246,81.2519,0.3741,2026-07-07 13:45:00+00:00,80.8,2026-07-07 14:30:00+00:00,80.85,2026-07-07 14:45:00+00:00,80.8177,19.426297,1569.99,81.3994,81.3994,0,2026-07-07 15:00:00+00:00,81.8481,STOP_LOSS,1,-20.02,0.785,0.795,2.536,-21.6,-1.911
445,SOLUSDT,SHORT,futures,2026-07-09 15:30:00+00:00,77.8965,77.8111,0.4061,2026-07-09 15:45:00+00:00,77.57,2026-07-09 17:00:00+00:00,77.66,2026-07-09 17:15:00+00:00,77.6189,31.198565,2421.6,77.9777,77.9777,0,2026-07-09 17:30:00+00:00,78.0713,STOP_LOSS,1,-14.11,1.2108,1.2179,3.8915,-16.54,-1.478
446,ETHUSDT,SHORT,futures,2026-07-09 15:45:00+00:00,1744.5671,1743.0071,7.5551,2026-07-09 16:00:00+00:00,1737.83,2026-07-09 17:15:00+00:00,1741.97,2026-07-09 17:30:00+00:00,1741.2632,2.307542,4018.04,1746.0782,1746.0782,0,2026-07-09 17:45:00+00:00,1751.0888,STOP_LOSS,1,-22.67,2.009,2.0204,6.4561,-26.7,-2.403
447,SOLUSDT,SHORT,futures,2026-07-11 16:45:00+00:00,78.166,78.082,0.3279,2026-07-11 17:00:00+00:00,77.88,2026-07-11 17:45:00+00:00,78.06,2026-07-11 18:00:00+00:00,78.0288,54.121102,4223.0,78.2316,78.2316,0,2026-07-11 18:15:00+00:00,78.3255,STOP_LOSS,1,-16.06,2.1115,2.1195,6.7761,-20.29,-1.848
448,SOLUSDT,SHORT,futures,2026-07-18 07:00:00+00:00,75.0645,75.0203,0.1294,2026-07-18 07:15:00+00:00,74.92,2026-07-18 07:45:00+00:00,74.93,2026-07-18 08:00:00+00:00,74.9,57.136527,4279.53,75.0904,74.8637,4,2026-07-18 10:15:00+00:00,74.9535,TRAILING_STOP,9,-3.05,2.1398,2.1413,6.8509,-7.34,-0.675
449,SOLUSDT,SHORT,futures,2026-07-22 19:15:00+00:00,77.9124,77.8242,0.3577,2026-07-22 19:30:00+00:00,77.49,2026-07-22 20:00:00+00:00,77.82,2026-07-22 20:15:00+00:00,77.7889,55.563973,4322.26,77.9839,77.9839,0,2026-07-22 21:30:00+00:00,78.0775,STOP_LOSS,5,-16.04,2.1611,2.1691,6.9349,-20.37,-1.879
450,ETHUSDT,SHORT,futures,2026-07-23 03:45:00+00:00,1928.8089,1926.4479,5.0667,2026-07-23 04:00:00+00:00,1921.59,2026-07-23 05:30:00+00:00,1924.16,2026-07-23 05:45:00+00:00,1923.4003,1.671965,3215.86,1929.8222,1920.4864,4,2026-07-23 08:15:00+00:00,1922.791,TRAILING_STOP,10,1.02,1.6079,1.6074,5.1442,-2.2,-0.205
451,BNBUSDT,SHORT,futures,2026-07-24 08:00:00+00:00,569.0225,568.6391,1.0674,2026-07-24 09:00:00+00:00,567.31,2026-07-24 10:00:00+00:00,568.01,2026-07-24 10:15:00+00:00,567.7828,7.380809,4190.7,569.236,567.1608,4,2026-07-24 12:00:00+00:00,567.8606,TRAILING_STOP,7,-0.57,2.0953,2.0956,6.7058,-4.77,-0.444
452,BNBUSDT,SHORT,futures,2026-07-27 14:30:00+00:00,573.5581,573.0174,2.4544,2026-07-27 14:45:00+00:00,568.05,2026-07-27 16:30:00+00:00,572.29,2026-07-27 16:45:00+00:00,572.0611,5.383557,3079.72,574.049,574.049,0,2026-07-27 17:15:00+00:00,574.7378,STOP_LOSS,2,-14.41,1.5399,1.5471,4.9449,-17.5,-1.635
453,SOLUSDT,SHORT,futures,2026-07-27 15:15:00+00:00,76.2774,76.0541,0.4982,2026-07-27 15:30:00+00:00,75.38,2026-07-27 17:15:00+00:00,75.97,2026-07-27 17:30:00+00:00,75.9296,23.72521,1801.45,76.377,75.8369,1,2026-07-27 19:00:00+00:00,75.9279,TRAILING_STOP,6,0.04,0.9007,0.9007,2.8823,-1.76,-0.166
454,ETHUSDT,SHORT,futures,2026-07-29 04:00:00+00:00,1907.6721,1906.5089,8.332,2026-07-29 04:15:00+00:00,1894.84,2026-07-29 04:30:00+00:00,1899.81,2026-07-29 04:45:00+00:00,1899.0501,1.03082,1957.58,1909.3385,1909.3385,0,2026-07-29 05:15:00+00:00,1911.6297,STOP_LOSS,2,-12.97,0.9788,0.9853,3.1477,-14.93,-1.408
455,SOLUSDT,SHORT,futures,2026-07-29 12:00:00+00:00,73.9026,73.8212,0.194,2026-07-29 12:15:00+00:00,73.5,2026-07-29 14:00:00+00:00,73.44,2026-07-29 14:15:00+00:00,73.4206,20.222837,1484.77,73.9414,73.4717,1,2026-07-29 17:00:00+00:00,73.5598,TRAILING_STOP,11,-2.82,0.7424,0.7438,2.379,-4.3,-0.408
456,BTCUSDT,SHORT,futures,2026-07-29 19:45:00+00:00,64117.1711,64057.3013,357.3721,2026-07-29 20:00:00+00:00,63585.4,2026-07-29 22:00:00+00:00,63990.1,2026-07-29 22:15:00+00:00,63964.504,0.046887,2999.11,64188.6456,63941.7378,3,2026-07-30 01:30:00+00:00,64018.4678,TRAILING_STOP,13,-2.53,1.4996,1.5008,4.8016,-5.53,-0.526
457,ETHUSDT,SHORT,futures,2026-08-03 23:15:00+00:00,1862.9181,1861.3979,4.8638,2026-08-03 23:30:00+00:00,1857.86,2026-08-04 00:00:00+00:00,1858.96,2026-08-04 00:15:00+00:00,1858.2164,1.847404,3432.88,1863.8909,1857.6158,1,2026-08-04 01:30:00+00:00,1859.8449,TRAILING_STOP,5,-3.01,1.7164,1.7179,5.4962,-6.44,-0.615
458,BTCUSDT,SHORT,futures,2026-08-13 10:30:00+00:00,63696.4576,63665.513,91.0099,2026-08-13 11:00:00+00:00,63599.9,2026-08-13 12:30:00+00:00,63560.0,2026-08-13 12:45:00+00:00,63534.576,0.058033,3687.09,63714.6596,63714.6596,0,2026-08-13 13:00:00+00:00,63791.1172,STOP_LOSS,1,-14.89,1.8435,1.851,5.9172,-18.58,-1.778
459,BNBUSDT,SHORT,futures,2026-08-13 11:30:00+00:00,612.0771,611.8014,1.1572,2026-08-13 11:45:00+00:00,609.17,2026-08-13 13:30:00+00:00,611.11,2026-08-13 13:45:00+00:00,610.8756,6.7823,4143.14,612.3086,609.7768,4,2026-08-13 16:15:00+00:00,610.5085,TRAILING_STOP,10,2.49,2.0716,2.0703,6.626,-1.65,-0.17
460,ETHUSDT,SHORT,futures,2026-08-14 17:45:00+00:00,1879.6307,1877.85,5.0086,2026-08-14 18:15:00+00:00,1875.25,2026-08-14 18:30:00+00:00,1876.74,2026-08-14 18:45:00+00:00,1875.9893,2.206748,4139.84,1880.6324,1880.6324,0,2026-08-14 19:45:00+00:00,1882.8892,STOP_LOSS,4,-15.23,2.0699,2.0775,6.642,-19.37,-1.891
461,BTCUSDT,SHORT,futures,2026-08-26 09:15:00+00:00,78948.4037,78857.2402,242.6386,2026-08-26 09:30:00+00:00,78290.2,2026-08-26 10:45:00+00:00,78688.5,2026-08-26 11:00:00+00:00,78657.0246,0.030163,2372.56,78996.9315,78505.6816,6,2026-08-26 13:45:00+00:00,78599.8884,TRAILING_STOP,11,1.72,1.1863,1.1854,3.794,-0.65,-0.063
462,ETHUSDT,SHORT,futures,2026-08-26 12:00:00+00:00,2462.0666,2459.185,8.6897,2026-08-26 12:30:00+00:00,2453.9,2026-08-26 12:45:00+00:00,2454.0,2026-08-26 13:00:00+00:00,2453.0284,0.958831,2352.04,2463.8045,2458.8242,1,2026-08-26 13:45:00+00:00,2461.7748,TRAILING_STOP,3,-8.39,1.176,1.1802,3.7733,-10.74,-1.04
463,BTCUSDT,SHORT,futures,2026-08-31 12:45:00+00:00,78250.399,78209.459,247.7265,2026-08-31 13:00:00+00:00,78051.5,2026-08-31 13:30:00+00:00,77968.7,2026-08-31 13:45:00+00:00,77937.5125,0.028132,2192.5,78299.9443,78299.9443,0,2026-08-31 14:30:00+00:00,78393.9042,STOP_LOSS,3,-12.84,1.0963,1.1027,3.5234,-15.04,-1.475
464,ETHUSDT,SHORT,futures,2026-08-31 13:00:00+00:00,2449.0699,2445.1696,9.0549,2026-08-31 13:45:00+00:00,2439.53,2026-08-31 14:00:00+00:00,2439.37,2026-08-31 14:15:00+00:00,2438.3843,0.814755,1986.69,2450.8808,2450.8808,0,2026-08-31 14:30:00+00:00,2453.8219,STOP_LOSS,1,-12.58,0.9933,0.9996,3.1938,-14.57,-1.431
465,SOLUSDT,SHORT,futures,2026-08-31 22:30:00+00:00,103.5376,103.3802,0.3832,2026-08-31 22:45:00+00:00,103.15,2026-09-01 00:15:00+00:00,103.35,2026-09-01 00:30:00+00:00,103.3187,33.987593,3511.55,103.6143,103.4022,2,2026-09-01 01:30:00+00:00,103.5263,TRAILING_STOP,4,-7.06,1.7558,1.7593,5.627,-10.57,-1.052
466,BTCUSDT,SHORT,futures,2026-09-02 20:45:00+00:00,77291.6822,77198.7551,200.7061,2026-09-02 22:15:00+00:00,76985.0,2026-09-02 23:00:00+00:00,77190.0,2026-09-02 23:15:00+00:00,77159.124,0.051814,3997.94,77331.8234,77331.8234,0,2026-09-02 23:45:00+00:00,77424.6216,STOP_LOSS,2,-13.76,1.999,2.0059,6.4132,-17.76,-1.985
467,ETHUSDT,SHORT,futures,2026-09-03 08:15:00+00:00,2402.3964,2397.8803,10.0897,2026-09-03 09:45:00+00:00,2392.65,2026-09-03 10:15:00+00:00,2395.23,2026-09-03 10:30:00+00:00,2394.2719,0.976692,2338.47,2404.4144,2404.4144,0,2026-09-03 11:15:00+00:00,2407.2997,STOP_LOSS,3,-12.72,1.1692,1.1756,3.7568,-15.07,-1.521
468,BTCUSDT,SHORT,futures,2026-09-07 03:30:00+00:00,79901.5618,79862.9375,231.5746,2026-09-07 03:45:00+00:00,79560.0,2026-09-07 05:15:00+00:00,79819.0,2026-09-07 05:30:00+00:00,79786.9724,0.049285,3932.28,79947.8767,79312.6688,5,2026-09-07 07:45:00+00:00,79407.844,TRAILING_STOP,9,18.69,1.9661,1.9568,6.2692,14.76,1.862
469,ETHUSDT,SHORT,futures,2026-09-07 08:00:00+00:00,2499.5489,2496.8481,8.0432,2026-09-07 08:15:00+00:00,2489.56,2026-09-07 09:15:00+00:00,2493.58,2026-09-07 09:30:00+00:00,2492.5826,1.155052,2879.06,2501.1575,2492.0075,10,2026-09-07 12:15:00+00:00,2494.9979,TRAILING_STOP,11,-2.79,1.4395,1.4409,4.6098,-5.67,-0.572
470,SOLUSDT,SHORT,futures,2026-09-08 19:45:00+00:00,103.5719,103.4304,0.4891,2026-09-08 20:45:00+00:00,103.05,2026-09-08 22:00:00+00:00,103.25,2026-09-08 22:15:00+00:00,103.2087,21.420378,2210.77,103.6698,103.6698,0,2026-09-09 00:00:00+00:00,103.7942,STOP_LOSS,7,-12.54,1.1054,1.1117,3.5523,-14.76,-1.494
471,BNBUSDT,SHORT,futures,2026-09-09 11:30:00+00:00,752.9385,752.1934,1.9658,2026-09-09 11:45:00+00:00,750.54,2026-09-09 12:30:00+00:00,750.64,2026-09-09 12:45:00+00:00,750.3497,3.28726,2466.59,753.3316,746.8912,3,2026-09-09 14:30:00+00:00,747.7875,TRAILING_STOP,7,8.42,1.2333,1.2291,3.9364,5.96,0.608
472,SOLUSDT,SHORT,futures,2026-09-09 14:30:00+00:00,104.0272,103.8705,0.5311,2026-09-09 14:45:00+00:00,103.42,2026-09-09 15:00:00+00:00,102.77,2026-09-09 15:15:00+00:00,102.7289,7.000513,719.15,104.1334,101.5024,1,2026-09-09 22:15:00+00:00,101.6242,TRAILING_STOP,28,7.73,0.3596,0.3557,1.1414,7.02,0.714
473,BTCUSDT,SHORT,futures,2026-09-09 15:30:00+00:00,79019.7663,78938.7487,427.7307,2026-09-09 15:45:00+00:00,78570.0,2026-09-09 16:30:00+00:00,78773.8,2026-09-09 16:45:00+00:00,78742.2905,0.02702,2127.65,79105.3124,78148.7742,14,2026-09-09 23:00:00+00:00,78242.5528,TRAILING_STOP,25,13.5,1.0638,1.0571,3.388,11.38,1.16
474,BTCUSDT,SHORT,futures,2026-09-11 19:00:00+00:00,77556.7738,77488.9589,327.8841,2026-09-11 19:15:00+00:00,77192.9,2026-09-11 20:00:00+00:00,77421.5,2026-09-11 20:15:00+00:00,77390.6314,0.042827,3314.41,77622.3506,77225.3851,7,2026-09-12 00:00:00+00:00,77318.0556,TRAILING_STOP,15,3.11,1.6572,1.6557,5.2993,-0.2,-0.021
475,BNBUSDT,SHORT,futures,2026-09-14 12:15:00+00:00,723.5947,722.9331,1.4204,2026-09-14 12:45:00+00:00,720.58,2026-09-14 13:30:00+00:00,721.87,2026-09-14 13:45:00+00:00,721.5813,4.319383,3116.79,723.8788,723.8788,0,2026-09-14 14:15:00+00:00,724.7474,STOP_LOSS,2,-13.68,1.5584,1.5652,5.0033,-16.8,-1.693
476,ETHUSDT,SHORT,futures,2026-09-14 13:45:00+00:00,2509.4997,2507.2377,12.1953,2026-09-14 14:30:00+00:00,2498.99,2026-09-14 14:45:00+00:00,2500.38,2026-09-14 15:00:00+00:00,2499.3699,0.782873,1956.69,2511.9387,2511.9387,0,2026-09-14 15:30:00+00:00,2514.9531,STOP_LOSS,2,-12.2,0.9783,0.9844,3.1453,-14.16,-1.439
