trade_id,symbol,direction,market_type,pullback_mode,formation_time,U,L,frozen_atr,breakout_time,breakout_price,confirm_time,confirm_price,low_distance_to_u,high_distance_to_l,entry_time,entry_price,units,nominal_size_usdt,initial_sl,final_sl,sl_updates,exit_time,exit_price,exit_reason,bars_held,gross_pnl_usdt,entry_fee_usdt,exit_fee_usdt,slippage_cost_usdt,net_pnl_usdt,net_r_multiple
1,BNBUSDT,LONG,spot,INTRABAND_PENETRATION,2024-01-03 15:45:00+00:00,316.0381,314.7506,4.7681,2024-01-03 16:00:00+00:00,319.6,2024-01-03 17:15:00+00:00,317.7,-0.538123,0.0,2024-01-03 17:30:00+00:00,317.8588,12.30946,3912.67,313.7969,313.7969,0,2024-01-03 18:30:00+00:00,313.3262,STOP_LOSS,4,-55.79,3.1301,3.0855,7.7417,-62.01,-1.24
2,BNBUSDT,LONG,spot,INTRABAND_PENETRATION,2024-01-03 20:45:00+00:00,316.0413,315.5493,2.4008,2024-01-03 21:15:00+00:00,317.5,2024-01-03 22:15:00+00:00,316.1,-0.241266,0.0,2024-01-03 22:30:00+00:00,316.2581,31.109439,9838.61,315.0692,315.0692,0,2024-01-03 22:45:00+00:00,314.5966,STOP_LOSS,1,-51.69,7.8709,7.8295,19.5997,-67.39,-1.822
3,BNBUSDT,LONG,spot,INTRABAND_PENETRATION,2024-01-04 13:30:00+00:00,318.386,317.6247,1.8524,2024-01-04 14:30:00+00:00,320.1,2024-01-04 16:15:00+00:00,318.4,-0.385963,0.0,2024-01-04 16:30:00+00:00,318.4591,30.684927,9771.9,317.2542,318.8401,3,2024-01-04 19:30:00+00:00,318.3618,TRAILING_STOP,12,-2.99,7.8175,7.8151,19.5393,-18.62,-0.504
4,ETHUSDT,LONG,spot,INTRABAND_PENETRATION,2024-01-07 06:45:00+00:00,2245.7876,2243.5601,4.4797,2024-01-07 07:00:00+00:00,2249.58,2024-01-07 08:15:00+00:00,2251.0,-0.307563,0.0,2024-01-07 08:30:00+00:00,2252.1155,4.330801,9753.46,2242.6641,2242.6641,0,2024-01-07 08:45:00+00:00,2239.3001,STOP_LOSS,1,-55.5,7.8028,7.7584,19.4237,-71.06,-1.736
5,BNBUSDT,LONG,spot,INTRABAND_PENETRATION,2024-01-10 01:00:00+00:00,301.3503,300.906,1.794,2024-01-10 01:15:00+00:00,302.3,2024-01-10 01:30:00+00:00,301.4,-0.05035,0.0,2024-01-10 01:45:00+00:00,301.5507,32.111058,9683.11,300.5472,300.5472,0,2024-01-10 02:45:00+00:00,300.0964,STOP_LOSS,4,-46.7,7.7465,7.7091,19.2962,-62.15,-1.929
6,BNBUSDT,LONG,spot,INTRABAND_PENETRATION,2024-01-12 09:45:00+00:00,309.4059,308.7638,1.4228,2024-01-12 11:15:00+00:00,311.1,2024-01-12 12:45:00+00:00,311.3,-0.005942,0.0,2024-01-12 13:00:00+00:00,311.5557,15.795312,4921.12,308.4792,308.4792,0,2024-01-12 15:15:00+00:00,308.0165,STOP_LOSS,9,-55.9,3.9369,3.8922,9.7584,-63.73,-1.312
7,SOLUSDT,LONG,spot,INTRABAND_PENETRATION,2024-01-16 03:30:00+00:00,95.4017,95.2355,0.5312,2024-01-16 03:45:00+00:00,96.19,2024-01-16 05:45:00+00:00,95.46,-0.001721,0.0,2024-01-16 06:00:00+00:00,95.5077,100.080738,9558.48,95.1293,97.0286,4,2024-01-16 08:00:00+00:00,96.8831,TRAILING_STOP,8,137.65,7.6468,7.7569,19.3234,122.24,3.227
8,ETHUSDT,LONG,spot,INTRABAND_PENETRATION,2024-01-16 08:45:00+00:00,2530.4663,2526.4373,8.7213,2024-01-16 09:00:00+00:00,2539.14,2024-01-16 10:30:00+00:00,2533.25,-0.776322,0.0,2024-01-16 10:45:00+00:00,2534.5266,3.819059,9679.51,2524.693,2524.693,0,2024-01-16 11:30:00+00:00,2520.906,STOP_LOSS,3,-52.02,7.7436,7.702,19.281,-67.46,-1.796
9,SOLUSDT,LONG,spot,INTRABAND_PENETRATION,2024-01-16 15:30:00+00:00,96.4823,96.1452,1.0238,2024-01-16 15:45:00+00:00,97.25,2024-01-16 17:00:00+00:00,96.52,-0.072251,0.0,2024-01-16 17:15:00+00:00,96.5583,78.580993,7587.64,95.9404,97.6449,17,2024-01-16 23:15:00+00:00,97.4984,TRAILING_STOP,24,73.88,6.0701,6.1292,15.2861,61.68,1.27
10,BNBUSDT,LONG,spot,INTRABAND_PENETRATION,2024-01-19 19:30:00+00:00,311.9715,311.6366,1.5947,2024-01-19 19:45:00+00:00,313.7,2024-01-19 21:15:00+00:00,312.0,-0.171461,0.0,2024-01-19 21:30:00+00:00,312.0559,31.000144,9673.78,311.3176,313.6211,8,2024-01-20 00:45:00+00:00,313.1506,TRAILING_STOP,13,33.93,7.739,7.7662,19.3985,18.43,0.805
11,SOLUSDT,LONG,spot,INTRABAND_PENETRATION,2024-01-26 08:15:00+00:00,87.5076,87.2948,0.4746,2024-01-26 08:30:00+00:00,87.78,2024-01-26 08:45:00+00:00,87.76,-0.017608,0.0,2024-01-26 09:00:00+00:00,87.8039,81.047393,7116.28,87.1999,87.561,1,2024-01-26 10:00:00+00:00,87.3388,TRAILING_STOP,4,-37.69,5.693,5.6629,14.176,-49.05,-1.002
12,SOLUSDT,LONG,spot,INTRABAND_PENETRATION,2024-01-31 17:45:00+00:00,101.0113,100.5761,1.0059,2024-01-31 18:00:00+00:00,102.13,2024-01-31 19:00:00+00:00,101.03,-0.071285,0.0,2024-01-31 19:15:00+00:00,101.0705,70.020031,7076.96,100.3749,100.3749,0,2024-01-31 19:30:00+00:00,99.7701,STOP_LOSS,1,-91.05,5.6616,5.5887,14.0173,-102.3,-2.101
13,BNBUSDT,LONG,spot,INTRABAND_PENETRATION,2024-02-02 15:45:00+00:00,302.1348,301.828,0.8364,2024-02-02 16:00:00+00:00,302.6,2024-02-02 17:15:00+00:00,302.3,-0.234754,0.0,2024-02-02 17:30:00+00:00,302.4511,31.549508,9542.18,301.6607,301.6607,0,2024-02-02 17:45:00+00:00,301.1476,STOP_LOSS,1,-41.13,7.6337,7.6008,19.0227,-56.36,-2.26
14,BTCUSDT,LONG,spot,INTRABAND_PENETRATION,2024-02-02 15:15:00+00:00,43003.7668,42943.4312,160.5172,2024-02-02 15:30:00+00:00,43208.61,2024-02-02 17:30:00+00:00,43003.99,-3.766773,0.0,2024-02-02 17:45:00+00:00,43025.502,0.220483,9486.39,42911.3277,42911.3277,0,2024-02-02 18:00:00+00:00,42846.9607,STOP_LOSS,1,-39.37,7.5891,7.5576,18.9137,-54.51,-2.165
15,BNBUSDT,LONG,spot,INTRABAND_PENETRATION,2024-02-06 15:15:00+00:00,302.6249,302.3433,0.874,2024-02-06 16:15:00+00:00,303.7,2024-02-06 17:30:00+00:00,302.8,-0.124928,0.0,2024-02-06 17:45:00+00:00,302.9514,31.135095,9432.42,302.1685,302.8174,8,2024-02-06 23:15:00+00:00,302.3632,TRAILING_STOP,22,-18.31,7.5459,7.5313,18.8374,-33.39,-1.37
16,BTCUSDT,LONG,spot,INTRABAND_PENETRATION,2024-02-07 15:30:00+00:00,43063.62,43017.8754,139.5513,2024-02-07 16:00:00+00:00,43170.76,2024-02-07 16:30:00+00:00,43128.53,-23.310046,0.0,2024-02-07 16:45:00+00:00,43150.0943,0.217829,9399.36,42989.9652,43378.2074,3,2024-02-07 17:45:00+00:00,43313.1401,TRAILING_STOP,4,35.52,7.5195,7.5479,18.852,20.45,0.586
18,SOLUSDT,LONG,spot,INTRABAND_PENETRATION,2024-02-13 20:45:00+00:00,111.6953,111.4604,0.8165,2024-02-13 21:00:00+00:00,113.07,2024-02-13 23:00:00+00:00,111.88,-0.115263,0.0,2024-02-13 23:15:00+00:00,111.9459,73.320604,8207.94,111.2971,111.4928,1,2024-02-14 00:15:00+00:00,111.3255,TRAILING_STOP,4,-45.49,6.5664,6.53,16.3477,-58.58,-1.231
17,BTCUSDT,LONG,spot,INTRABAND_PENETRATION,2024-02-13 22:00:00+00:00,49370.9079,49304.5786,216.7389,2024-02-13 22:30:00+00:00,49527.85,2024-02-13 23:00:00+00:00,49451.27,-12.907927,0.0,2024-02-13 23:15:00+00:00,49476.0056,0.190387,9419.61,49261.2308,49455.4119,3,2024-02-14 00:30:00+00:00,49381.2288,TRAILING_STOP,5,-18.04,7.5357,7.5213,18.8121,-33.1,-0.81
19,BTCUSDT,LONG,spot,INTRABAND_PENETRATION,2024-02-13 23:45:00+00:00,49430.1294,49386.2591,168.3199,2024-02-14 00:00:00+00:00,49581.57,2024-02-14 00:45:00+00:00,49482.81,-26.249391,0.0,2024-02-14 01:00:00+00:00,49507.5414,0.188433,9328.84,49352.5951,49352.5951,0,2024-02-14 01:15:00+00:00,49278.5662,STOP_LOSS,1,-43.15,7.4631,7.4286,18.593,-58.04,-1.988
20,BNBUSDT,LONG,spot,INTRABAND_PENETRATION,2024-02-19 12:45:00+00:00,352.7663,352.4046,1.2077,2024-02-19 13:00:00+00:00,354.3,2024-02-19 13:15:00+00:00,353.8,-0.066325,0.0,2024-02-19 13:30:00+00:00,353.9769,25.815788,9138.19,352.1631,352.1631,0,2024-02-19 13:45:00+00:00,351.6348,STOP_LOSS,1,-60.46,7.3106,7.2622,18.1857,-75.03,-1.602
21,BNBUSDT,LONG,spot,INTRABAND_PENETRATION,2024-02-19 21:45:00+00:00,352.8161,352.7013,0.8968,2024-02-19 22:00:00+00:00,354.6,2024-02-19 23:00:00+00:00,353.4,-0.016127,0.0,2024-02-19 23:15:00+00:00,353.4767,26.018962,9197.1,352.522,352.522,0,2024-02-19 23:30:00+00:00,351.6717,STOP_LOSS,1,-46.96,7.3577,7.3201,18.3237,-61.64,-2.482
22,BNBUSDT,LONG,spot,INTRABAND_PENETRATION,2024-02-21 05:00:00+00:00,354.001,353.8966,1.1792,2024-02-21 05:15:00+00:00,354.9,2024-02-21 05:30:00+00:00,354.6,-0.001009,0.0,2024-02-21 05:45:00+00:00,354.6772,25.758831,9136.07,353.6607,353.6607,0,2024-02-21 06:00:00+00:00,353.1303,STOP_LOSS,1,-39.85,7.3089,7.277,18.2124,-54.43,-2.079
23,ETHUSDT,LONG,spot,INTRABAND_PENETRATION,2024-02-22 05:15:00+00:00,2931.4183,2929.2391,10.5068,2024-02-22 05:30:00+00:00,2938.8,2024-02-22 06:15:00+00:00,2936.78,-0.118336,0.0,2024-02-22 06:30:00+00:00,2938.2384,3.091029,9082.18,2927.1377,3005.1407,13,2024-02-22 10:30:00+00:00,3000.633,TRAILING_STOP,16,192.86,7.2657,7.42,18.4537,178.18,5.193
24,BTCUSDT,LONG,spot,INTRABAND_PENETRATION,2024-02-22 19:15:00+00:00,51572.7272,51541.1634,144.3744,2024-02-22 20:15:00+00:00,51915.19,2024-02-22 21:30:00+00:00,51624.02,-20.857213,0.0,2024-02-22 21:45:00+00:00,51649.822,0.179257,9258.58,51512.2885,51512.2885,0,2024-02-22 22:15:00+00:00,51435.0201,STOP_LOSS,2,-38.5,7.4069,7.3761,18.4594,-53.29,-2.161
25,BNBUSDT,LONG,spot,INTRABAND_PENETRATION,2024-02-25 07:00:00+00:00,380.3793,380.0099,1.1418,2024-02-25 07:30:00+00:00,381.0,2024-02-25 08:00:00+00:00,380.5,-0.279267,0.0,2024-02-25 08:15:00+00:00,380.5902,24.18828,9205.82,379.7815,379.7815,0,2024-02-25 08:45:00+00:00,379.2119,STOP_LOSS,2,-33.34,7.3647,7.338,18.3616,-48.04,-2.456
26,BNBUSDT,LONG,spot,INTRABAND_PENETRATION,2024-03-01 18:30:00+00:00,405.8949,405.4832,1.2401,2024-03-01 19:30:00+00:00,406.8,2024-03-01 20:15:00+00:00,406.7,-0.094908,0.0,2024-03-01 20:30:00+00:00,406.9033,22.507213,9158.26,405.2352,407.4093,3,2024-03-02 01:15:00+00:00,406.7982,TRAILING_STOP,19,-2.37,7.3266,7.3247,18.313,-17.02,-0.453
27,SOLUSDT,LONG,spot,INTRABAND_PENETRATION,2024-03-03 00:45:00+00:00,129.3484,129.1405,1.0744,2024-03-03 01:00:00+00:00,129.98,2024-03-03 01:15:00+00:00,130.05,-0.098393,0.0,2024-03-03 01:30:00+00:00,130.125,38.491462,5008.7,128.9256,128.9256,0,2024-03-03 02:15:00+00:00,128.7322,STOP_LOSS,3,-53.61,4.007,3.9641,9.937,-61.58,-1.334
28,SOLUSDT,LONG,spot,INTRABAND_PENETRATION,2024-03-03 02:00:00+00:00,129.558,129.3054,1.0349,2024-03-03 03:30:00+00:00,130.24,2024-03-03 05:15:00+00:00,129.61,-0.038015,0.0,2024-03-03 05:30:00+00:00,129.6748,70.024746,9080.45,129.0984,129.0984,0,2024-03-03 06:00:00+00:00,128.9047,STOP_LOSS,2,-53.92,7.2644,7.2212,18.08,-68.41,-1.695
29,ETHUSDT,LONG,spot,INTRABAND_PENETRATION,2024-03-03 14:00:00+00:00,3418.3932,3416.0162,11.484,2024-03-03 14:15:00+00:00,3434.34,2024-03-03 15:30:00+00:00,3430.02,-0.593184,0.0,2024-03-03 15:45:00+00:00,3431.735,2.526628,8670.72,3413.7194,3457.1869,7,2024-03-03 18:30:00+00:00,3452.0011,TRAILING_STOP,11,51.2,6.9366,6.9775,17.4182,37.29,0.819
30,SOLUSDT,LONG,spot,INTRABAND_PENETRATION,2024-03-03 15:00:00+00:00,129.0605,128.7833,0.8495,2024-03-03 16:00:00+00:00,129.62,2024-03-03 16:45:00+00:00,130.32,-0.050543,0.0,2024-03-03 17:00:00+00:00,130.3852,25.916359,3379.11,128.6134,131.0095,2,2024-03-04 00:45:00+00:00,130.813,TRAILING_STOP,31,11.09,2.7033,2.7122,6.7749,5.67,0.124
31,SOLUSDT,LONG,spot,INTRABAND_PENETRATION,2024-03-05 10:15:00+00:00,130.6329,130.4938,0.9108,2024-03-05 10:30:00+00:00,131.57,2024-03-05 11:45:00+00:00,130.68,-0.002862,0.0,2024-03-05 12:00:00+00:00,130.7453,69.258724,9055.26,130.3116,131.4136,5,2024-03-05 13:30:00+00:00,131.2165,TRAILING_STOP,6,32.63,7.2442,7.2703,18.1595,18.12,0.603
32,BNBUSDT,LONG,spot,INTRABAND_PENETRATION,2024-03-11 21:30:00+00:00,520.2257,519.6004,1.9263,2024-03-11 21:45:00+00:00,521.9,2024-03-11 22:45:00+00:00,522.2,-0.125719,0.0,2024-03-11 23:00:00+00:00,522.361,14.566309,7608.87,519.2151,527.6397,5,2024-03-12 03:15:00+00:00,526.8482,TRAILING_STOP,17,65.36,6.0871,6.1394,15.3158,53.13,1.16
33,SOLUSDT,LONG,spot,INTRABAND_PENETRATION,2024-03-17 04:30:00+00:00,185.3904,185.0354,2.3421,2024-03-17 05:30:00+00:00,186.87,2024-03-17 06:30:00+00:00,186.94,-0.280394,0.0,2024-03-17 06:45:00+00:00,187.0335,18.686518,3495.0,184.567,184.567,0,2024-03-17 07:00:00+00:00,182.6356,STOP_LOSS,1,-82.18,2.796,2.7303,6.8667,-87.71,-1.903
34,SOLUSDT,LONG,spot,INTRABAND_PENETRATION,2024-03-17 08:30:00+00:00,185.1206,184.2394,3.2248,2024-03-17 09:00:00+00:00,187.02,2024-03-17 09:45:00+00:00,185.87,-0.200608,0.0,2024-03-17 10:00:00+00:00,185.9629,19.274368,3584.32,183.5944,189.8948,8,2024-03-17 12:30:00+00:00,189.61,TRAILING_STOP,10,70.29,2.8675,2.9237,7.2741,64.5,1.413
35,SOLUSDT,LONG,spot,INTRABAND_PENETRATION,2024-03-18 20:30:00+00:00,201.6093,200.4556,2.3776,2024-03-18 21:00:00+00:00,202.81,2024-03-18 21:45:00+00:00,201.79,-0.629292,0.0,2024-03-18 22:00:00+00:00,201.8909,24.059266,4857.35,199.98,199.98,0,2024-03-18 22:15:00+00:00,199.6801,STOP_LOSS,1,-53.19,3.8859,3.8433,9.6349,-60.92,-1.325
36,BNBUSDT,LONG,spot,INTRABAND_PENETRATION,2024-03-23 08:30:00+00:00,554.1397,552.7392,3.0547,2024-03-23 09:45:00+00:00,555.8,2024-03-23 10:00:00+00:00,554.3,-0.039722,0.0,2024-03-23 10:15:00+00:00,554.6772,16.302293,9042.51,552.1283,553.1892,5,2024-03-23 11:45:00+00:00,552.3594,TRAILING_STOP,6,-37.78,7.234,7.2038,18.0283,-52.22,-1.257
37,BNBUSDT,LONG,spot,INTRABAND_PENETRATION,2024-03-23 10:45:00+00:00,554.2443,553.2756,3.2613,2024-03-23 11:15:00+00:00,556.6,2024-03-23 11:30:00+00:00,554.9,-0.244256,0.0,2024-03-23 11:45:00+00:00,555.0774,16.197399,8990.81,552.6234,561.1171,8,2024-03-23 15:15:00+00:00,560.2754,TRAILING_STOP,14,84.19,7.1926,7.26,18.1079,69.74,1.755
38,SOLUSDT,LONG,spot,INTRABAND_PENETRATION,2024-03-28 14:30:00+00:00,185.682,185.5046,1.3855,2024-03-28 14:45:00+00:00,188.94,2024-03-28 16:00:00+00:00,185.77,-0.021993,0.0,2024-03-28 16:15:00+00:00,185.8729,48.742206,9059.85,185.2275,185.2275,0,2024-03-28 16:45:00+00:00,184.9496,STOP_LOSS,2,-45.0,7.2479,7.2119,18.0522,-59.46,-1.89
39,BNBUSDT,LONG,spot,INTRABAND_PENETRATION,2024-03-28 23:15:00+00:00,583.2635,582.7804,1.61,2024-03-29 00:00:00+00:00,584.1,2024-03-29 00:15:00+00:00,584.2,-0.263546,0.0,2024-03-29 00:30:00+00:00,584.5921,15.397038,9000.99,582.4584,582.4584,0,2024-03-29 00:45:00+00:00,581.5264,STOP_LOSS,1,-47.2,7.2008,7.163,17.9312,-61.57,-1.874
40,ETHUSDT,LONG,spot,INTRABAND_PENETRATION,2024-03-29 02:45:00+00:00,3564.9071,3561.1872,11.0375,2024-03-29 04:15:00+00:00,3573.05,2024-03-29 05:00:00+00:00,3574.49,-0.907069,0.0,2024-03-29 05:15:00+00:00,3576.2772,2.499816,8940.04,3558.9797,3558.9797,0,2024-03-29 05:30:00+00:00,3553.6412,STOP_LOSS,1,-56.59,7.152,7.1068,17.7952,-70.84,-1.638
41,BNBUSDT,LONG,spot,INTRABAND_PENETRATION,2024-03-31 02:45:00+00:00,605.2185,604.9546,1.8512,2024-03-31 03:00:00+00:00,607.4,2024-03-31 04:15:00+00:00,606.6,-0.118528,0.0,2024-03-31 04:30:00+00:00,606.9033,14.615013,8869.9,604.5843,604.5843,0,2024-03-31 04:45:00+00:00,603.6775,STOP_LOSS,1,-47.15,7.0959,7.0582,17.6691,-61.3,-1.809
42,BNBUSDT,LONG,spot,INTRABAND_PENETRATION,2024-03-31 07:15:00+00:00,605.8686,605.5425,1.8221,2024-03-31 07:45:00+00:00,606.9,2024-03-31 08:00:00+00:00,606.8,-0.06855,0.0,2024-03-31 08:15:00+00:00,607.1034,14.510234,8809.21,605.178,605.178,0,2024-03-31 08:30:00+00:00,604.2703,STOP_LOSS,1,-41.11,7.0474,7.0145,17.5568,-55.17,-1.975
43,BNBUSDT,LONG,spot,INTRABAND_PENETRATION,2024-04-05 18:15:00+00:00,580.9171,580.1968,2.2869,2024-04-05 19:15:00+00:00,583.3,2024-04-05 20:45:00+00:00,581.7,-0.517147,0.0,2024-04-05 21:00:00+00:00,582.0909,15.039907,8754.59,579.7394,579.7394,0,2024-04-05 22:15:00+00:00,578.8698,STOP_LOSS,5,-48.44,7.0037,6.9649,17.4365,-62.41,-1.765
44,BNBUSDT,LONG,spot,INTRABAND_PENETRATION,2024-04-11 14:15:00+00:00,602.2303,600.5973,4.0589,2024-04-11 15:00:00+00:00,605.4,2024-04-11 16:00:00+00:00,602.8,-0.330318,0.0,2024-04-11 16:15:00+00:00,603.2014,12.852399,7752.59,599.7855,599.7855,0,2024-04-11 16:30:00+00:00,598.7006,STOP_LOSS,1,-57.85,6.2021,6.1558,15.4184,-70.2,-1.599
45,BNBUSDT,LONG,spot,INTRABAND_PENETRATION,2024-04-11 16:45:00+00:00,602.1759,600.9705,3.1804,2024-04-11 17:15:00+00:00,603.8,2024-04-11 17:45:00+00:00,603.1,-0.175873,0.0,2024-04-11 18:00:00+00:00,603.3015,14.293518,8623.3,600.3344,604.1281,3,2024-04-11 21:00:00+00:00,603.2219,TRAILING_STOP,12,-1.14,6.8986,6.8977,17.2449,-14.93,-0.352
46,SOLUSDT,LONG,spot,INTRABAND_PENETRATION,2024-04-12 02:15:00+00:00,173.2872,173.0886,0.8139,2024-04-12 03:00:00+00:00,173.72,2024-04-12 04:00:00+00:00,173.75,-0.167192,0.0,2024-04-12 04:15:00+00:00,173.8369,47.722458,8295.92,172.9258,174.3551,5,2024-04-12 06:15:00+00:00,174.0936,TRAILING_STOP,8,12.25,6.6367,6.6465,16.6102,-1.03,-0.024
47,ETHUSDT,LONG,spot,INTRABAND_PENETRATION,2024-04-18 12:00:00+00:00,3014.7025,3006.242,16.9688,2024-04-18 12:30:00+00:00,3025.2,2024-04-18 13:30:00+00:00,3025.16,-6.312506,0.0,2024-04-18 13:45:00+00:00,3026.6726,1.824701,5522.77,3002.8483,3056.4869,9,2024-04-18 17:00:00+00:00,3051.9021,TRAILING_STOP,13,46.04,4.4182,4.455,11.1146,37.16,0.855
48,SOLUSDT,LONG,spot,INTRABAND_PENETRATION,2024-04-20 05:00:00+00:00,143.0871,142.5054,1.2378,2024-04-20 05:15:00+00:00,144.19,2024-04-20 05:30:00+00:00,143.9,-0.047096,0.0,2024-04-20 05:45:00+00:00,143.9619,25.619252,3688.2,142.2578,142.2578,0,2024-04-20 08:00:00+00:00,142.0444,STOP_LOSS,9,-49.12,2.9506,2.9113,7.3027,-54.99,-1.259
50,ETHUSDT,LONG,spot,INTRABAND_PENETRATION,2024-04-20 14:00:00+00:00,3058.2705,3055.3023,8.3263,2024-04-20 14:45:00+00:00,3065.94,2024-04-20 15:00:00+00:00,3060.54,-1.680511,0.0,2024-04-20 15:15:00+00:00,3062.0803,2.803012,8583.05,3053.6371,3089.1325,2,2024-04-20 16:00:00+00:00,3084.4988,TRAILING_STOP,3,62.84,6.8664,6.9167,17.2604,49.06,2.073
49,SOLUSDT,LONG,spot,INTRABAND_PENETRATION,2024-04-20 13:15:00+00:00,142.4466,142.0793,0.8687,2024-04-20 13:30:00+00:00,142.93,2024-04-20 13:45:00+00:00,142.53,-0.166588,0.0,2024-04-20 14:00:00+00:00,142.6013,60.236839,8589.85,141.9055,150.333,22,2024-04-20 21:45:00+00:00,150.1075,TRAILING_STOP,31,452.15,6.8719,7.2336,17.8579,438.04,10.453
51,SOLUSDT,LONG,spot,INTRABAND_PENETRATION,2024-04-21 21:30:00+00:00,149.3677,149.0348,1.0076,2024-04-21 22:00:00+00:00,150.29,2024-04-21 22:15:00+00:00,149.57,-0.117699,0.0,2024-04-21 22:30:00+00:00,149.6448,56.459414,8448.86,148.8333,148.8333,0,2024-04-21 23:00:00+00:00,148.61,STOP_LOSS,2,-58.42,6.7591,6.7123,16.8101,-71.89,-1.569
52,SOLUSDT,LONG,spot,INTRABAND_PENETRATION,2024-04-24 00:45:00+00:00,156.3671,155.9616,0.9045,2024-04-24 01:00:00+00:00,157.11,2024-04-24 02:15:00+00:00,156.38,-0.047119,0.0,2024-04-24 02:30:00+00:00,156.4582,57.529132,9000.9,155.7807,155.7807,0,2024-04-24 02:45:00+00:00,155.547,STOP_LOSS,1,-52.42,7.2007,7.1588,17.9232,-66.78,-1.713
53,BTCUSDT,LONG,spot,INTRABAND_PENETRATION,2024-04-24 00:15:00+00:00,66448.6872,66393.2963,161.1721,2024-04-24 00:30:00+00:00,66719.99,2024-04-24 02:30:00+00:00,66639.44,-7.367154,0.0,2024-04-24 02:45:00+00:00,66672.7597,0.13401,8934.79,66361.0619,66758.368,1,2024-04-24 05:30:00+00:00,66658.2304,TRAILING_STOP,11,-1.95,7.1478,7.1463,17.8667,-16.24,-0.389
54,SOLUSDT,LONG,spot,INTRABAND_PENETRATION,2024-04-24 03:15:00+00:00,156.6124,156.16,0.9994,2024-04-24 03:30:00+00:00,157.14,2024-04-24 03:45:00+00:00,156.73,-0.112407,0.0,2024-04-24 04:00:00+00:00,156.7984,53.807188,8436.88,155.9601,157.5728,5,2024-04-24 06:15:00+00:00,157.3365,TRAILING_STOP,9,28.95,6.7495,6.7727,16.9172,15.43,0.342
55,BNBUSDT,LONG,spot,INTRABAND_PENETRATION,2024-04-24 23:30:00+00:00,606.0638,605.5162,3.1932,2024-04-24 23:45:00+00:00,608.8,2024-04-25 00:15:00+00:00,606.4,-0.163792,0.0,2024-04-25 00:30:00+00:00,606.7032,14.725477,8933.99,604.8775,604.8775,0,2024-04-25 01:45:00+00:00,603.9702,STOP_LOSS,5,-40.24,7.1472,7.115,17.8076,-54.51,-2.027
56,BNBUSDT,LONG,spot,INTRABAND_PENETRATION,2024-04-25 05:45:00+00:00,606.2085,605.886,2.5788,2024-04-25 06:00:00+00:00,607.7,2024-04-25 06:30:00+00:00,607.1,-0.208495,0.0,2024-04-25 06:45:00+00:00,607.5036,14.617251,8880.03,605.3702,605.3702,0,2024-04-25 07:30:00+00:00,604.4622,STOP_LOSS,3,-44.46,7.104,7.0685,17.6934,-58.63,-1.88
57,BNBUSDT,LONG,spot,INTRABAND_PENETRATION,2024-04-25 07:15:00+00:00,606.9297,606.1026,2.0681,2024-04-25 07:45:00+00:00,608.4,2024-04-25 08:00:00+00:00,607.7,-0.529718,0.0,2024-04-25 08:15:00+00:00,608.1039,14.507371,8821.99,605.689,608.432,3,2024-04-25 10:00:00+00:00,607.5194,TRAILING_STOP,7,-8.48,7.0576,7.0508,17.6313,-22.59,-0.645
58,BNBUSDT,LONG,spot,INTRABAND_PENETRATION,2024-04-25 08:45:00+00:00,607.3654,606.2982,2.6084,2024-04-25 09:00:00+00:00,611.9,2024-04-25 10:00:00+00:00,609.3,-0.765422,0.0,2024-04-25 10:15:00+00:00,609.7047,11.313738,6898.04,605.7765,605.7765,0,2024-04-25 10:30:00+00:00,604.8678,STOP_LOSS,1,-54.72,5.5184,5.4747,13.714,-65.72,-1.479
59,SOLUSDT,LONG,spot,INTRABAND_PENETRATION,2024-05-05 07:45:00+00:00,145.3394,145.1235,0.6639,2024-05-05 08:15:00+00:00,146.2,2024-05-05 09:15:00+00:00,145.41,-0.179416,0.0,2024-05-05 09:30:00+00:00,145.4827,60.03853,8734.57,144.9907,145.7354,8,2024-05-05 13:00:00+00:00,145.5168,TRAILING_STOP,14,2.05,6.9877,6.9893,17.4722,-11.93,-0.404
60,BNBUSDT,LONG,spot,INTRABAND_PENETRATION,2024-05-08 20:00:00+00:00,585.6427,584.5585,2.5568,2024-05-08 21:15:00+00:00,588.1,2024-05-08 23:15:00+00:00,586.1,-0.342725,0.0,2024-05-08 23:30:00+00:00,586.4931,14.872735,8722.76,584.0471,586.7392,3,2024-05-09 01:15:00+00:00,585.8591,TRAILING_STOP,7,-9.43,6.9782,6.9707,17.4314,-23.38,-0.643
61,ETHUSDT,LONG,spot,INTRABAND_PENETRATION,2024-05-09 16:00:00+00:00,2993.4287,2988.8168,15.2217,2024-05-09 16:15:00+00:00,3017.82,2024-05-09 16:45:00+00:00,2994.61,-1.088739,0.0,2024-05-09 17:00:00+00:00,2996.1073,2.903638,8699.61,2985.7725,3038.5282,18,2024-05-09 23:00:00+00:00,3033.9704,TRAILING_STOP,24,109.94,6.9597,7.0476,17.5641,95.93,3.197
62,BNBUSDT,LONG,spot,INTRABAND_PENETRATION,2024-05-10 06:45:00+00:00,594.7081,594.2783,1.2703,2024-05-10 07:15:00+00:00,596.1,2024-05-10 08:15:00+00:00,595.3,-0.308132,0.0,2024-05-10 08:30:00+00:00,595.5976,14.765984,8794.59,594.0242,594.0242,0,2024-05-10 08:45:00+00:00,593.1332,STOP_LOSS,1,-36.39,7.0357,7.0066,17.5346,-50.43,-2.171
63,BTCUSDT,LONG,spot,INTRABAND_PENETRATION,2024-05-20 07:45:00+00:00,66804.4193,66708.4726,201.4036,2024-05-20 08:00:00+00:00,66910.0,2024-05-20 09:00:00+00:00,66930.65,-51.239318,0.0,2024-05-20 09:15:00+00:00,66964.1153,0.130587,8744.66,66668.1919,67019.4738,5,2024-05-20 11:45:00+00:00,66918.9446,TRAILING_STOP,10,-5.9,6.9957,6.991,17.4805,-19.89,-0.515
64,SOLUSDT,LONG,spot,INTRABAND_PENETRATION,2024-05-22 06:15:00+00:00,178.8012,178.3977,1.5347,2024-05-22 06:30:00+00:00,182.04,2024-05-22 08:00:00+00:00,179.41,-0.301197,0.0,2024-05-22 08:15:00+00:00,179.4897,31.499696,5653.87,178.0908,179.3227,6,2024-05-22 11:45:00+00:00,179.0537,TRAILING_STOP,14,-13.73,4.5231,4.5121,11.2871,-22.77,-0.517
65,BTCUSDT,LONG,spot,INTRABAND_PENETRATION,2024-05-22 09:00:00+00:00,69948.9407,69881.9132,178.1472,2024-05-22 10:15:00+00:00,70108.98,2024-05-22 11:30:00+00:00,70008.16,-7.710666,0.0,2024-05-22 11:45:00+00:00,70043.1541,0.124244,8702.43,69846.2838,69846.2838,0,2024-05-22 12:00:00+00:00,69631.5358,STOP_LOSS,1,-51.14,6.9619,6.921,17.3281,-65.02,-2.658
66,ETHUSDT,LONG,spot,INTRABAND_PENETRATION,2024-05-22 15:45:00+00:00,3734.8526,3721.5783,27.2866,2024-05-22 16:00:00+00:00,3774.49,2024-05-22 17:30:00+00:00,3738.18,-6.642608,0.0,2024-05-22 17:45:00+00:00,3740.0391,1.823995,6821.81,3716.121,3716.121,0,2024-05-22 18:00:00+00:00,3710.5468,STOP_LOSS,1,-53.79,5.4574,5.4144,13.5629,-64.67,-1.482
67,ETHUSDT,LONG,spot,INTRABAND_PENETRATION,2024-05-22 18:45:00+00:00,3738.2264,3726.5445,25.369,2024-05-22 20:00:00+00:00,3751.83,2024-05-22 20:30:00+00:00,3742.77,-6.596389,0.0,2024-05-22 20:45:00+00:00,3744.6514,1.868069,6995.27,3721.4707,3738.2554,5,2024-05-22 23:00:00+00:00,3732.648,TRAILING_STOP,9,-22.42,5.5962,5.5783,13.9569,-33.6,-0.776
68,ETHUSDT,LONG,spot,INTRABAND_PENETRATION,2024-05-22 21:30:00+00:00,3740.3373,3729.5039,23.3421,2024-05-22 21:45:00+00:00,3774.5,2024-05-22 22:45:00+00:00,3744.95,-3.617336,0.0,2024-05-22 23:00:00+00:00,3746.8225,1.961849,7350.7,3724.8354,3740.2572,2,2024-05-23 01:00:00+00:00,3734.6469,TRAILING_STOP,8,-23.89,5.8806,5.8614,14.6656,-35.63,-0.826
69,BNBUSDT,LONG,spot,INTRABAND_PENETRATION,2024-05-23 03:45:00+00:00,615.6003,615.0372,1.4927,2024-05-23 05:00:00+00:00,616.8,2024-05-23 05:15:00+00:00,616.0,-0.00031,0.0,2024-05-23 05:30:00+00:00,616.308,13.800733,8505.5,614.7386,614.7386,0,2024-05-23 05:45:00+00:00,613.8165,STOP_LOSS,1,-34.38,6.8044,6.7769,16.9594,-47.97,-2.215
70,BTCUSDT,LONG,spot,INTRABAND_PENETRATION,2024-05-23 10:00:00+00:00,69644.6434,69583.3262,145.1471,2024-05-23 10:15:00+00:00,69739.22,2024-05-23 10:30:00+00:00,69742.09,-4.623369,0.0,2024-05-23 10:45:00+00:00,69776.961,0.121215,8458.02,69554.2968,69554.2968,0,2024-05-23 11:00:00+00:00,69432.9142,STOP_LOSS,1,-41.7,6.7664,6.733,16.8535,-55.2,-2.045
71,SOLUSDT,LONG,spot,INTRABAND_PENETRATION,2024-05-23 22:15:00+00:00,175.2322,174.1583,3.1135,2024-05-23 22:30:00+00:00,176.96,2024-05-23 23:00:00+00:00,175.25,-0.082151,0.0,2024-05-23 23:15:00+00:00,175.3376,23.55213,4129.57,173.5356,173.5356,0,2024-05-24 01:00:00+00:00,173.2753,STOP_LOSS,7,-48.57,3.3037,3.2648,8.1863,-55.14,-1.299
72,ETHUSDT,LONG,spot,INTRABAND_PENETRATION,2024-05-29 04:45:00+00:00,3858.0723,3853.1194,14.8786,2024-05-29 05:15:00+00:00,3868.96,2024-05-29 06:45:00+00:00,3858.24,-1.712278,0.0,2024-05-29 07:00:00+00:00,3860.1691,2.162801,8348.78,3850.1437,3850.1437,0,2024-05-29 07:15:00+00:00,3842.1681,STOP_LOSS,1,-38.93,6.679,6.6479,16.6392,-52.26,-2.41
73,SOLUSDT,LONG,spot,INTRABAND_PENETRATION,2024-05-29 15:15:00+00:00,169.4112,168.9816,1.1649,2024-05-29 16:30:00+00:00,170.04,2024-05-29 17:45:00+00:00,170.33,-0.421156,0.0,2024-05-29 18:00:00+00:00,170.4252,24.994465,4259.69,168.7486,168.7486,0,2024-05-29 18:45:00+00:00,168.4955,STOP_LOSS,3,-48.23,3.4077,3.3692,8.447,-55.01,-1.313
74,SOLUSDT,LONG,spot,INTRABAND_PENETRATION,2024-05-30 02:45:00+00:00,169.3033,169.1845,0.8272,2024-05-30 03:15:00+00:00,169.77,2024-05-30 04:00:00+00:00,169.54,-0.033284,0.0,2024-05-30 04:15:00+00:00,169.6348,48.590162,8242.58,169.019,169.3911,2,2024-05-30 05:00:00+00:00,169.1371,TRAILING_STOP,3,-24.18,6.5941,6.5747,16.4489,-37.35,-1.248
75,BNBUSDT,LONG,spot,INTRABAND_PENETRATION,2024-05-31 12:30:00+00:00,594.6631,594.2248,1.4733,2024-05-31 12:45:00+00:00,597.4,2024-05-31 13:30:00+00:00,596.3,-0.163143,0.0,2024-05-31 13:45:00+00:00,596.5981,13.753984,8205.6,593.9302,593.9302,0,2024-05-31 14:00:00+00:00,593.0393,STOP_LOSS,1,-48.95,6.5645,6.5253,16.3378,-62.04,-1.691
76,SOLUSDT,LONG,spot,INTRABAND_PENETRATION,2024-06-01 03:00:00+00:00,166.8032,166.6106,0.5038,2024-06-01 03:15:00+00:00,167.14,2024-06-01 04:00:00+00:00,166.94,-0.143155,0.0,2024-06-01 04:15:00+00:00,167.0235,48.760714,8144.18,166.5098,166.5098,0,2024-06-01 07:30:00+00:00,166.26,STOP_LOSS,13,-37.23,6.5153,6.4856,16.2325,-50.23,-2.005
77,SOLUSDT,LONG,spot,INTRABAND_PENETRATION,2024-06-04 13:30:00+00:00,165.6296,165.4731,0.4913,2024-06-04 13:45:00+00:00,166.15,2024-06-04 15:00:00+00:00,166.09,-0.089613,0.0,2024-06-04 15:15:00+00:00,166.183,48.708092,8094.46,165.3748,168.89,13,2024-06-04 19:15:00+00:00,168.6367,TRAILING_STOP,16,119.51,6.4756,6.5712,16.3682,106.46,2.704
78,ETHUSDT,LONG,spot,INTRABAND_PENETRATION,2024-06-05 06:30:00+00:00,3803.1717,3798.286,9.9353,2024-06-05 06:45:00+00:00,3814.66,2024-06-05 08:15:00+00:00,3804.99,-2.951685,0.0,2024-06-05 08:30:00+00:00,3806.8825,2.153956,8199.86,3796.2989,3796.2989,0,2024-06-05 09:30:00+00:00,3790.6045,STOP_LOSS,4,-35.06,6.5599,6.5318,16.3471,-48.15,-2.112
79,ETHUSDT,LONG,spot,INTRABAND_PENETRATION,2024-06-05 10:30:00+00:00,3802.8996,3799.6329,7.9097,2024-06-05 12:00:00+00:00,3813.48,2024-06-05 12:30:00+00:00,3820.0,-0.399604,0.0,2024-06-05 12:45:00+00:00,3821.91,1.725664,6595.33,3798.051,3798.051,0,2024-06-05 13:30:00+00:00,3792.3539,STOP_LOSS,3,-51.0,5.2763,5.2355,13.1142,-61.52,-1.494
80,BTCUSDT,LONG,spot,INTRABAND_PENETRATION,2024-06-06 11:45:00+00:00,71011.7091,70966.5823,124.4594,2024-06-06 12:00:00+00:00,71173.59,2024-06-06 13:00:00+00:00,71112.32,-11.709068,0.0,2024-06-06 13:15:00+00:00,71147.8662,0.113725,8091.29,70941.6904,71111.4727,1,2024-06-06 14:00:00+00:00,71004.8055,TRAILING_STOP,3,-16.27,6.473,6.46,16.1582,-29.2,-1.245
81,BNBUSDT,LONG,spot,INTRABAND_PENETRATION,2024-06-07 12:30:00+00:00,704.1312,703.3857,2.9608,2024-06-07 12:45:00+00:00,707.6,2024-06-07 13:30:00+00:00,704.8,-0.031156,0.0,2024-06-07 13:45:00+00:00,705.2524,11.4319,8062.38,702.7936,702.7936,0,2024-06-07 14:30:00+00:00,701.7394,STOP_LOSS,3,-40.16,6.4499,6.4178,16.0645,-53.03,-1.886
82,SOLUSDT,LONG,spot,INTRABAND_PENETRATION,2024-06-23 00:30:00+00:00,134.2419,134.1373,0.4161,2024-06-23 00:45:00+00:00,134.61,2024-06-23 01:15:00+00:00,134.44,-0.05193,0.0,2024-06-23 01:30:00+00:00,134.5072,59.54979,8009.88,134.0541,134.4257,10,2024-06-23 05:15:00+00:00,134.2241,TRAILING_STOP,15,-16.86,6.4079,6.3944,15.9945,-29.66,-1.099
83,ETHUSDT,LONG,spot,INTRABAND_PENETRATION,2024-06-26 20:30:00+00:00,3379.0462,3374.5667,16.6046,2024-06-26 20:45:00+00:00,3391.59,2024-06-26 22:30:00+00:00,3379.8,-3.156242,0.0,2024-06-26 22:45:00+00:00,3381.4899,2.360057,7980.51,3371.2458,3371.2458,0,2024-06-26 23:15:00+00:00,3366.1889,STOP_LOSS,2,-36.11,6.3844,6.3555,15.9069,-48.85,-2.021
84,SOLUSDT,LONG,spot,INTRABAND_PENETRATION,2024-07-08 18:45:00+00:00,137.5919,137.0322,1.3284,2024-07-08 19:45:00+00:00,138.29,2024-07-08 20:15:00+00:00,138.62,-0.39191,0.0,2024-07-08 20:30:00+00:00,138.6993,20.727356,2874.87,136.7665,139.1716,9,2024-07-08 23:30:00+00:00,138.9628,TRAILING_STOP,12,5.46,2.2999,2.3043,5.7579,0.86,0.021
85,BNBUSDT,LONG,spot,INTRABAND_PENETRATION,2024-07-08 19:15:00+00:00,505.5239,504.6637,3.0178,2024-07-08 19:45:00+00:00,507.4,2024-07-08 20:15:00+00:00,508.2,-0.323912,0.0,2024-07-08 20:30:00+00:00,508.5541,8.914356,4533.43,504.0601,510.2376,2,2024-07-09 01:30:00+00:00,509.4347,TRAILING_STOP,20,7.85,3.6267,3.633,9.0786,0.59,0.015
86,BNBUSDT,LONG,spot,INTRABAND_PENETRATION,2024-07-13 23:45:00+00:00,531.7745,531.0947,1.865,2024-07-14 00:00:00+00:00,533.5,2024-07-14 00:30:00+00:00,533.2,-0.57454,0.0,2024-07-14 00:45:00+00:00,533.3665,14.874537,7933.58,530.7217,533.5697,3,2024-07-14 02:15:00+00:00,532.7693,TRAILING_STOP,6,-8.88,6.3469,6.3398,15.8538,-21.57,-0.548
87,BNBUSDT,LONG,spot,INTRABAND_PENETRATION,2024-07-14 15:15:00+00:00,535.4134,534.7613,1.8241,2024-07-14 16:00:00+00:00,536.7,2024-07-14 17:15:00+00:00,536.2,-0.413441,0.0,2024-07-14 17:30:00+00:00,536.4681,14.748736,7912.23,534.3965,537.8345,1,2024-07-14 20:45:00+00:00,537.0278,TRAILING_STOP,13,8.25,6.3298,6.3364,15.8368,-4.41,-0.144
88,BTCUSDT,LONG,spot,INTRABAND_PENETRATION,2024-07-18 03:30:00+00:00,64628.2475,64568.0975,225.7931,2024-07-18 03:45:00+00:00,64865.08,2024-07-18 04:30:00+00:00,64707.93,-22.397473,0.0,2024-07-18 04:45:00+00:00,64740.284,0.122147,7907.86,64522.9389,64522.9389,0,2024-07-18 05:00:00+00:00,64426.1545,STOP_LOSS,1,-38.37,6.3263,6.2956,15.7582,-50.99,-1.921
89,BTCUSDT,LONG,spot,INTRABAND_PENETRATION,2024-07-18 08:30:00+00:00,64748.3238,64673.3731,161.7621,2024-07-18 08:45:00+00:00,64936.9,2024-07-18 09:15:00+00:00,64894.28,-23.323755,0.0,2024-07-18 09:30:00+00:00,64926.7171,0.121019,7857.38,64641.0206,64641.0206,0,2024-07-18 10:15:00+00:00,64544.0591,STOP_LOSS,3,-46.31,6.2859,6.2489,15.6453,-58.84,-1.702
90,SOLUSDT,LONG,spot,INTRABAND_PENETRATION,2024-07-18 09:00:00+00:00,158.8767,158.4837,0.8502,2024-07-18 09:15:00+00:00,159.75,2024-07-18 10:00:00+00:00,158.89,-0.106677,0.0,2024-07-18 10:15:00+00:00,158.9794,49.057419,7799.12,158.3137,158.3137,0,2024-07-18 10:30:00+00:00,158.0762,STOP_LOSS,1,-44.31,6.2393,6.2038,15.5318,-56.75,-1.738
91,BNBUSDT,LONG,spot,INTRABAND_PENETRATION,2024-07-19 04:00:00+00:00,571.2063,570.6096,1.8383,2024-07-19 04:30:00+00:00,572.5,2024-07-19 05:00:00+00:00,572.1,-0.00627,0.0,2024-07-19 05:15:00+00:00,572.4861,13.525106,7742.93,570.242,572.0064,2,2024-07-19 07:00:00+00:00,571.1484,TRAILING_STOP,7,-18.09,6.1943,6.1799,15.4587,-30.47,-1.004
92,BTCUSDT,LONG,spot,INTRABAND_PENETRATION,2024-07-19 12:30:00+00:00,64057.5622,63990.5579,169.9497,2024-07-19 12:45:00+00:00,64414.0,2024-07-19 13:30:00+00:00,64631.95,-51.992186,0.0,2024-07-19 13:45:00+00:00,64664.266,0.055042,3559.28,63956.5679,66894.7037,24,2024-07-19 21:00:00+00:00,66794.3616,TRAILING_STOP,29,117.25,2.8474,2.9412,7.2944,111.46,2.861
93,SOLUSDT,LONG,spot,INTRABAND_PENETRATION,2024-07-28 17:45:00+00:00,184.4129,184.1263,0.8445,2024-07-28 18:15:00+00:00,185.35,2024-07-28 19:30:00+00:00,184.53,-0.072929,0.0,2024-07-28 19:45:00+00:00,184.6223,42.373629,7823.12,183.9574,184.0313,1,2024-07-28 21:15:00+00:00,183.7552,TRAILING_STOP,6,-36.74,6.2585,6.2291,15.5911,-49.23,-1.747
94,ETHUSDT,LONG,spot,INTRABAND_PENETRATION,2024-07-29 22:15:00+00:00,3328.1882,3322.5668,12.5505,2024-07-29 22:30:00+00:00,3336.34,2024-07-29 22:45:00+00:00,3329.39,-0.05822,0.0,2024-07-29 23:00:00+00:00,3331.0647,2.333903,7774.38,3320.0567,3320.0567,0,2024-07-29 23:15:00+00:00,3315.0766,STOP_LOSS,1,-37.31,6.2195,6.1897,15.4928,-49.72,-1.935
95,BNBUSDT,LONG,spot,INTRABAND_PENETRATION,2024-08-09 21:30:00+00:00,506.3512,505.4793,1.8322,2024-08-09 21:45:00+00:00,508.3,2024-08-09 22:00:00+00:00,506.7,-0.251231,0.0,2024-08-09 22:15:00+00:00,506.9533,15.238392,7725.15,505.1128,509.0229,4,2024-08-10 00:30:00+00:00,508.2594,TRAILING_STOP,9,19.9,6.1801,6.196,15.4802,7.53,0.268
96,SOLUSDT,LONG,spot,INTRABAND_PENETRATION,2024-08-10 19:15:00+00:00,154.4012,154.1171,0.8146,2024-08-10 19:30:00+00:00,155.14,2024-08-10 19:45:00+00:00,154.51,-0.181203,0.0,2024-08-10 20:00:00+00:00,154.5873,50.02097,7732.6,153.9542,153.9542,0,2024-08-10 20:15:00+00:00,153.7233,STOP_LOSS,1,-43.22,6.1861,6.1515,15.4004,-55.56,-1.754
97,BTCUSDT,LONG,spot,INTRABAND_PENETRATION,2024-08-12 14:45:00+00:00,59363.8424,59110.5474,670.6847,2024-08-12 15:00:00+00:00,60147.99,2024-08-12 15:15:00+00:00,59648.9,-133.842386,0.0,2024-08-12 15:30:00+00:00,59678.7345,0.055211,3294.9,58976.4105,59510.2715,7,2024-08-12 17:45:00+00:00,59421.0061,TRAILING_STOP,9,-14.23,2.6359,2.6245,6.5685,-19.49,-0.503
98,BNBUSDT,LONG,spot,INTRABAND_PENETRATION,2024-08-12 14:45:00+00:00,513.9549,511.7759,5.8226,2024-08-12 15:00:00+00:00,520.3,2024-08-12 15:30:00+00:00,518.3,-0.154877,0.0,2024-08-12 15:45:00+00:00,518.6592,4.834631,2507.53,510.6113,510.6113,0,2024-08-12 18:45:00+00:00,509.8454,STOP_LOSS,12,-42.61,2.006,1.9719,4.9511,-46.59,-1.197
99,BTCUSDT,LONG,spot,INTRABAND_PENETRATION,2024-08-13 00:45:00+00:00,59325.5011,59261.6381,325.1366,2024-08-13 01:00:00+00:00,59542.0,2024-08-13 02:15:00+00:00,59584.22,-55.65106,0.0,2024-08-13 02:30:00+00:00,59614.0021,0.092109,5490.97,59196.6107,59196.6107,0,2024-08-13 03:00:00+00:00,59107.8158,STOP_LOSS,2,-46.62,4.3928,4.3555,10.912,-55.37,-1.44
100,ETHUSDT,LONG,spot,INTRABAND_PENETRATION,2024-08-16 19:15:00+00:00,2602.8677,2599.5367,16.2543,2024-08-16 19:30:00+00:00,2625.39,2024-08-16 21:00:00+00:00,2604.35,-1.067705,0.0,2024-08-16 21:15:00+00:00,2605.6422,2.900386,7557.37,2596.2859,2596.2859,0,2024-08-16 21:30:00+00:00,2592.3914,STOP_LOSS,1,-38.43,6.0459,6.0151,15.0571,-50.49,-1.861
101,BNBUSDT,LONG,spot,INTRABAND_PENETRATION,2024-08-19 10:15:00+00:00,535.3732,534.6136,1.9089,2024-08-19 11:45:00+00:00,537.0,2024-08-19 12:15:00+00:00,536.7,-0.073153,0.0,2024-08-19 12:30:00+00:00,537.0684,13.367022,7179.01,534.2319,536.2178,2,2024-08-19 13:45:00+00:00,535.4135,TRAILING_STOP,5,-22.12,5.7432,5.7255,14.3248,-33.59,-0.886
102,SOLUSDT,LONG,spot,INTRABAND_PENETRATION,2024-08-19 20:00:00+00:00,143.4287,143.1735,0.793,2024-08-19 20:30:00+00:00,144.01,2024-08-19 21:15:00+00:00,143.65,-0.198687,0.0,2024-08-19 21:30:00+00:00,143.7218,52.004107,7474.13,143.0149,143.0149,0,2024-08-19 22:45:00+00:00,142.8004,STOP_LOSS,5,-47.92,5.9793,5.941,14.8764,-59.84,-1.628
103,SOLUSDT,LONG,spot,INTRABAND_PENETRATION,2024-08-19 23:15:00+00:00,143.647,143.2977,0.8473,2024-08-19 23:45:00+00:00,144.29,2024-08-20 00:15:00+00:00,146.39,-0.206992,0.0,2024-08-20 00:30:00+00:00,146.4632,11.229154,1644.66,143.1282,143.1282,0,2024-08-20 08:30:00+00:00,146.3368,TIME_EXIT_8H,32,-1.42,1.3157,1.3146,1.6439,-4.05,-0.108
104,ETHUSDT,LONG,spot,INTRABAND_PENETRATION,2024-08-25 16:45:00+00:00,2762.0715,2758.7568,7.0005,2024-08-25 17:00:00+00:00,2768.27,2024-08-25 18:45:00+00:00,2764.16,-1.191511,0.0,2024-08-25 19:00:00+00:00,2765.5321,2.679728,7410.87,2757.3567,2778.8002,2,2024-08-25 21:30:00+00:00,2774.632,TRAILING_STOP,10,24.39,5.9287,5.9482,14.8583,12.51,0.571
105,SOLUSDT,LONG,spot,INTRABAND_PENETRATION,2024-08-27 05:00:00+00:00,158.432,158.2476,0.5551,2024-08-27 05:15:00+00:00,158.95,2024-08-27 06:15:00+00:00,158.48,-0.051988,0.0,2024-08-27 06:30:00+00:00,158.5592,46.81694,7423.26,158.1366,158.1366,0,2024-08-27 06:45:00+00:00,157.6432,STOP_LOSS,1,-42.89,5.9386,5.9043,14.7822,-54.73,-2.766
106,SOLUSDT,LONG,spot,INTRABAND_PENETRATION,2024-09-06 13:00:00+00:00,130.6719,130.2265,1.2524,2024-09-06 13:15:00+00:00,133.76,2024-09-06 13:45:00+00:00,130.84,-0.04194,0.0,2024-09-06 14:00:00+00:00,130.9054,40.045884,5242.22,129.976,129.976,0,2024-09-06 14:15:00+00:00,129.136,STOP_LOSS,1,-70.86,4.1938,4.1371,10.3782,-79.19,-2.128
107,SOLUSDT,LONG,spot,INTRABAND_PENETRATION,2024-09-08 18:00:00+00:00,128.5479,128.3556,0.6582,2024-09-08 18:30:00+00:00,129.02,2024-09-08 19:15:00+00:00,128.55,-0.137867,0.0,2024-09-08 19:30:00+00:00,128.6043,56.6908,7290.68,128.2239,128.838,3,2024-09-08 22:00:00+00:00,128.6447,TRAILING_STOP,10,2.29,5.8325,5.8344,14.5848,-9.37,-0.435
108,BTCUSDT,LONG,spot,INTRABAND_PENETRATION,2024-09-08 22:15:00+00:00,54443.2554,54350.4223,250.0423,2024-09-08 22:30:00+00:00,54726.01,2024-09-08 23:00:00+00:00,54740.11,-18.505377,0.0,2024-09-08 23:15:00+00:00,54767.4801,0.078736,4312.15,54300.4138,54911.4069,8,2024-09-09 03:15:00+00:00,54829.0398,TRAILING_STOP,16,4.85,3.4497,3.4536,8.6316,-2.06,-0.056
109,BTCUSDT,LONG,spot,INTRABAND_PENETRATION,2024-09-13 12:45:00+00:00,58009.441,57967.7012,155.4507,2024-09-13 13:30:00+00:00,58100.0,2024-09-13 13:45:00+00:00,58056.01,-1.730965,0.0,2024-09-13 14:00:00+00:00,58085.028,0.125323,7279.36,57936.6111,57936.6111,0,2024-09-13 14:30:00+00:00,57849.7062,STOP_LOSS,2,-29.49,5.8235,5.7999,14.5145,-41.11,-2.21
110,SOLUSDT,LONG,spot,INTRABAND_PENETRATION,2024-09-17 14:15:00+00:00,132.2931,131.8617,0.9722,2024-09-17 14:30:00+00:00,133.86,2024-09-17 16:30:00+00:00,132.64,-0.293123,0.0,2024-09-17 16:45:00+00:00,132.7063,35.18436,4669.19,131.6673,131.6673,0,2024-09-17 19:45:00+00:00,131.4698,STOP_LOSS,12,-43.51,3.7353,3.7005,9.2731,-50.94,-1.393
111,BTCUSDT,LONG,spot,INTRABAND_PENETRATION,2024-09-22 22:30:00+00:00,63023.8918,62949.1213,321.9588,2024-09-22 22:45:00+00:00,63881.51,2024-09-23 00:00:00+00:00,63044.38,-13.89178,0.0,2024-09-23 00:15:00+00:00,63075.9022,0.113962,7188.22,62884.7295,64157.5637,13,2024-09-23 04:15:00+00:00,64061.3273,TRAILING_STOP,16,112.3,5.7506,5.8404,14.5449,100.71,4.623
112,SOLUSDT,LONG,spot,INTRABAND_PENETRATION,2024-09-28 14:00:00+00:00,157.1463,156.9122,0.5854,2024-09-28 14:15:00+00:00,157.64,2024-09-28 15:15:00+00:00,157.21,-0.156322,0.0,2024-09-28 15:30:00+00:00,157.2986,46.331796,7287.93,156.7951,156.7951,0,2024-09-28 16:00:00+00:00,156.5599,STOP_LOSS,2,-34.23,5.8303,5.803,14.5245,-45.86,-1.966
113,SOLUSDT,LONG,spot,INTRABAND_PENETRATION,2024-09-29 00:45:00+00:00,156.9609,156.7364,0.5395,2024-09-29 01:15:00+00:00,157.28,2024-09-29 01:30:00+00:00,157.35,-0.030852,0.0,2024-09-29 01:45:00+00:00,157.4387,45.148396,7108.1,156.6285,157.3779,3,2024-09-29 03:00:00+00:00,157.1418,TRAILING_STOP,5,-13.4,5.6865,5.6758,14.1961,-24.77,-0.677
115,SOLUSDT,LONG,spot,INTRABAND_PENETRATION,2024-09-29 02:15:00+00:00,157.1989,157.0319,0.5909,2024-09-29 02:30:00+00:00,157.8,2024-09-29 03:15:00+00:00,157.48,-0.078907,0.0,2024-09-29 03:30:00+00:00,157.5487,45.778163,7212.29,156.9137,156.9137,0,2024-09-29 04:15:00+00:00,156.6784,STOP_LOSS,3,-39.84,5.7698,5.738,14.3648,-51.35,-1.767
114,BTCUSDT,LONG,spot,INTRABAND_PENETRATION,2024-09-29 01:30:00+00:00,65730.0489,65699.2411,107.897,2024-09-29 01:45:00+00:00,65872.9,2024-09-29 03:15:00+00:00,65819.99,-2.048858,0.0,2024-09-29 03:30:00+00:00,65852.91,0.109608,7218.01,65677.6617,65677.6617,0,2024-09-29 05:30:00+00:00,65579.1452,STOP_LOSS,8,-30.01,5.7744,5.7504,14.391,-41.53,-2.162
116,SOLUSDT,LONG,spot,INTRABAND_PENETRATION,2024-09-29 13:30:00+00:00,156.7278,156.585,0.7078,2024-09-29 13:45:00+00:00,157.34,2024-09-29 14:45:00+00:00,156.89,-0.007791,0.0,2024-09-29 15:00:00+00:00,156.9584,45.400895,7126.05,156.4434,159.4466,14,2024-09-29 20:15:00+00:00,159.2074,TRAILING_STOP,21,102.1,5.7008,5.7825,14.4053,90.62,3.875
117,ETHUSDT,LONG,spot,INTRABAND_PENETRATION,2024-10-05 23:00:00+00:00,2408.3438,2407.1884,6.2239,2024-10-05 23:15:00+00:00,2413.03,2024-10-06 00:00:00+00:00,2411.19,-0.243817,0.0,2024-10-06 00:15:00+00:00,2412.3956,2.991122,7215.77,2405.9437,2413.4221,6,2024-10-06 03:45:00+00:00,2409.802,TRAILING_STOP,14,-7.76,5.7726,5.7664,14.4199,-19.3,-1.0
118,ETHUSDT,LONG,spot,INTRABAND_PENETRATION,2024-10-09 00:15:00+00:00,2442.2699,2439.5342,7.2264,2024-10-09 01:15:00+00:00,2458.95,2024-10-09 03:00:00+00:00,2444.88,-1.369897,0.0,2024-10-09 03:15:00+00:00,2446.0924,2.942107,7196.66,2438.0889,2441.8688,7,2024-10-09 07:00:00+00:00,2438.206,TRAILING_STOP,15,-23.2,5.7573,5.7388,14.3585,-34.7,-1.474
119,SOLUSDT,LONG,spot,INTRABAND_PENETRATION,2024-10-15 16:30:00+00:00,154.5693,154.2554,1.8241,2024-10-15 18:00:00+00:00,155.55,2024-10-15 19:00:00+00:00,155.04,-0.089263,0.0,2024-10-15 19:15:00+00:00,155.1175,29.483307,4573.38,153.8906,153.8906,0,2024-10-15 20:15:00+00:00,153.6598,STOP_LOSS,4,-42.98,3.6587,3.6243,9.0823,-50.26,-1.389
120,SOLUSDT,LONG,spot,INTRABAND_PENETRATION,2024-10-16 00:15:00+00:00,154.281,153.9099,0.8324,2024-10-16 01:15:00+00:00,154.98,2024-10-16 01:30:00+00:00,154.41,-0.111022,0.0,2024-10-16 01:45:00+00:00,154.4872,46.039757,7112.55,153.7434,154.3762,4,2024-10-16 03:00:00+00:00,154.1447,TRAILING_STOP,5,-15.77,5.69,5.6774,14.2015,-27.14,-0.792
121,ETHUSDT,LONG,spot,INTRABAND_PENETRATION,2024-10-16 17:30:00+00:00,2615.6883,2611.022,11.9291,2024-10-16 18:15:00+00:00,2625.47,2024-10-16 18:45:00+00:00,2617.38,-0.048257,0.0,2024-10-16 19:00:00+00:00,2618.6987,2.705805,7085.69,2608.6362,2614.1739,2,2024-10-16 21:15:00+00:00,2610.2527,TRAILING_STOP,9,-22.85,5.6685,5.6503,14.1371,-34.17,-1.255
122,BTCUSDT,LONG,spot,INTRABAND_PENETRATION,2024-10-17 23:15:00+00:00,67235.5833,67189.3861,148.6368,2024-10-17 23:30:00+00:00,67362.01,2024-10-18 01:00:00+00:00,67483.13,-41.583284,0.0,2024-10-18 01:15:00+00:00,67516.8716,0.099704,6731.68,67159.6587,67801.8796,1,2024-10-18 02:15:00+00:00,67700.1768,TRAILING_STOP,4,18.28,5.3853,5.4,13.4908,7.49,0.21
123,SOLUSDT,LONG,spot,INTRABAND_PENETRATION,2024-11-13 22:15:00+00:00,212.9467,211.8059,2.9209,2024-11-13 23:15:00+00:00,214.6,2024-11-14 01:00:00+00:00,214.38,-0.146675,0.0,2024-11-14 01:15:00+00:00,214.4872,10.918124,2341.8,211.2217,217.2661,11,2024-11-14 06:45:00+00:00,216.9402,TRAILING_STOP,22,26.78,1.8734,1.8949,4.7238,23.01,0.645
125,BNBUSDT,LONG,spot,INTRABAND_PENETRATION,2024-11-18 03:45:00+00:00,623.4799,622.5622,2.5882,2024-11-18 04:00:00+00:00,627.47,2024-11-18 05:45:00+00:00,624.5,-0.529887,0.0,2024-11-18 06:00:00+00:00,624.8122,11.329376,7078.73,622.0446,625.5317,4,2024-11-18 07:30:00+00:00,624.5934,TRAILING_STOP,6,-2.48,5.663,5.661,14.1537,-13.8,-0.44
124,ETHUSDT,LONG,spot,INTRABAND_PENETRATION,2024-11-18 02:30:00+00:00,3102.3091,3095.2448,16.3687,2024-11-18 03:45:00+00:00,3111.96,2024-11-18 05:15:00+00:00,3117.0,-5.309052,0.0,2024-11-18 05:30:00+00:00,3118.5485,1.345799,4196.94,3091.971,3123.2102,5,2024-11-18 08:00:00+00:00,3118.5254,TRAILING_STOP,10,-0.03,3.3576,3.3575,8.3938,-6.75,-0.189
126,SOLUSDT,LONG,spot,INTRABAND_PENETRATION,2024-11-19 18:15:00+00:00,242.2813,241.644,1.6764,2024-11-19 18:45:00+00:00,243.56,2024-11-19 19:00:00+00:00,243.53,-0.201325,0.0,2024-11-19 19:15:00+00:00,243.6418,15.287309,3724.63,241.3088,241.3088,0,2024-11-19 20:30:00+00:00,240.9468,STOP_LOSS,5,-41.2,2.9797,2.9467,7.3875,-47.13,-1.321
127,BNBUSDT,LONG,spot,INTRABAND_PENETRATION,2024-11-21 07:45:00+00:00,609.2912,608.3066,2.74,2024-11-21 08:00:00+00:00,611.53,2024-11-21 10:00:00+00:00,609.67,-0.611179,0.0,2024-11-21 10:15:00+00:00,609.9648,11.50076,7015.06,607.7586,607.7586,0,2024-11-21 10:30:00+00:00,606.6087,STOP_LOSS,1,-38.6,5.612,5.5812,13.9722,-49.79,-1.962
128,SOLUSDT,LONG,spot,INTRABAND_PENETRATION,2024-11-22 22:15:00+00:00,255.6102,254.946,1.5007,2024-11-22 23:45:00+00:00,256.9,2024-11-23 00:00:00+00:00,255.96,-0.060237,0.0,2024-11-23 00:15:00+00:00,256.078,24.565623,6290.71,254.6459,254.8567,2,2024-11-23 01:15:00+00:00,254.4744,TRAILING_STOP,4,-39.39,5.0326,5.0011,12.5223,-49.43,-1.405
129,BNBUSDT,LONG,spot,INTRABAND_PENETRATION,2024-11-25 04:00:00+00:00,656.8354,656.2077,3.6388,2024-11-25 04:15:00+00:00,658.83,2024-11-25 04:30:00+00:00,658.27,-0.105378,0.0,2024-11-25 04:45:00+00:00,658.5991,10.502344,6916.83,655.4799,658.0009,7,2024-11-25 06:45:00+00:00,657.0139,TRAILING_STOP,8,-16.65,5.5335,5.5201,13.8087,-27.7,-0.846
130,ETHUSDT,LONG,spot,INTRABAND_PENETRATION,2024-11-28 22:45:00+00:00,3577.8524,3572.4779,12.504,2024-11-28 23:00:00+00:00,3585.38,2024-11-28 23:45:00+00:00,3578.79,-2.992428,0.0,2024-11-29 00:00:00+00:00,3580.5894,1.924099,6889.41,3569.9772,3569.9772,0,2024-11-29 00:15:00+00:00,3564.6222,STOP_LOSS,1,-30.72,5.5115,5.4869,13.7327,-41.72,-2.043
131,SOLUSDT,LONG,spot,INTRABAND_PENETRATION,2024-11-28 23:45:00+00:00,236.86,236.5492,0.8243,2024-11-29 00:00:00+00:00,237.41,2024-11-29 00:30:00+00:00,238.47,-0.150006,0.0,2024-11-29 00:45:00+00:00,238.5892,15.685802,3742.46,236.3843,240.4393,3,2024-11-29 04:15:00+00:00,240.0787,TRAILING_STOP,14,23.36,2.994,3.0127,7.52,17.36,0.502
132,BNBUSDT,LONG,spot,INTRABAND_PENETRATION,2024-11-30 04:30:00+00:00,653.5368,653.0993,2.1069,2024-11-30 04:45:00+00:00,655.2,2024-11-30 05:30:00+00:00,657.17,-0.106825,0.0,2024-11-30 05:45:00+00:00,657.4986,7.192545,4729.09,652.6779,669.5952,6,2024-11-30 08:30:00+00:00,668.5908,TRAILING_STOP,11,79.78,3.7833,3.8471,9.5778,72.15,2.081
133,BTCUSDT,LONG,spot,INTRABAND_PENETRATION,2024-12-01 08:45:00+00:00,96567.3989,96514.5467,208.8925,2024-12-01 09:00:00+00:00,96954.15,2024-12-01 10:30:00+00:00,96768.0,-31.528888,0.0,2024-12-01 10:45:00+00:00,96816.394,0.071648,6936.72,96472.7682,96980.1412,2,2024-12-01 14:00:00+00:00,96834.6709,TRAILING_STOP,13,1.31,5.5494,5.5504,13.8754,-9.79,-0.398
134,BNBUSDT,LONG,spot,INTRABAND_PENETRATION,2024-12-02 01:30:00+00:00,658.2086,656.8918,3.3258,2024-12-02 01:45:00+00:00,666.19,2024-12-02 02:15:00+00:00,660.99,-0.908643,0.0,2024-12-02 02:30:00+00:00,661.3205,6.868055,4541.99,656.2266,656.2266,0,2024-12-02 03:45:00+00:00,655.2423,STOP_LOSS,5,-41.75,3.6336,3.6002,9.0214,-48.98,-1.4
135,BNBUSDT,LONG,spot,INTRABAND_PENETRATION,2024-12-05 17:15:00+00:00,730.253,728.7193,5.3859,2024-12-05 17:45:00+00:00,733.31,2024-12-05 18:15:00+00:00,730.59,-1.342969,0.0,2024-12-05 18:30:00+00:00,730.9653,9.410208,6878.54,727.6421,727.6421,0,2024-12-05 18:45:00+00:00,726.5506,STOP_LOSS,1,-41.54,5.5028,5.4696,13.6948,-52.52,-1.679
136,ETHUSDT,LONG,spot,INTRABAND_PENETRATION,2024-12-06 02:00:00+00:00,3851.8843,3841.043,29.2135,2024-12-06 02:30:00+00:00,3868.53,2024-12-06 03:00:00+00:00,3855.21,-1.494303,0.0,2024-12-06 03:15:00+00:00,3857.1376,1.571635,6062.01,3835.2003,3877.3806,7,2024-12-06 05:30:00+00:00,3871.5646,TRAILING_STOP,9,22.67,4.8496,4.8678,12.158,12.96,0.376
137,ETHUSDT,LONG,spot,INTRABAND_PENETRATION,2024-12-08 19:30:00+00:00,3981.5627,3978.4629,12.1633,2024-12-08 19:45:00+00:00,3989.99,2024-12-08 20:15:00+00:00,3987.0,-0.352735,0.0,2024-12-08 20:30:00+00:00,3989.0035,1.714557,6839.37,3976.0302,3976.0302,0,2024-12-08 20:45:00+00:00,3970.0662,STOP_LOSS,1,-32.47,5.4715,5.4455,13.63,-43.39,-1.951
138,SOLUSDT,LONG,spot,INTRABAND_PENETRATION,2024-12-23 04:15:00+00:00,182.4396,181.6569,2.1148,2024-12-23 04:30:00+00:00,184.8,2024-12-23 06:15:00+00:00,183.57,-0.199591,0.0,2024-12-23 06:30:00+00:00,183.6718,14.080078,2586.11,181.2339,181.2339,0,2024-12-23 06:45:00+00:00,180.9621,STOP_LOSS,1,-38.15,2.0689,2.0384,5.115,-42.26,-1.231
139,ETHUSDT,LONG,spot,INTRABAND_PENETRATION,2024-12-25 23:30:00+00:00,3477.4372,3474.0812,12.7817,2024-12-25 23:45:00+00:00,3497.0,2024-12-26 00:45:00+00:00,3482.31,-2.237192,0.0,2024-12-26 01:00:00+00:00,3484.0512,1.938715,6754.58,3471.5249,3471.5249,0,2024-12-26 01:15:00+00:00,3464.815,STOP_LOSS,1,-37.29,5.4037,5.3738,13.4532,-48.07,-1.979
140,BNBUSDT,LONG,spot,INTRABAND_PENETRATION,2024-12-26 01:30:00+00:00,702.624,701.6518,2.2758,2024-12-26 01:45:00+00:00,705.67,2024-12-26 03:15:00+00:00,703.4,-0.233974,0.0,2024-12-26 03:30:00+00:00,703.7417,9.530475,6706.99,701.1967,704.3529,4,2024-12-26 06:00:00+00:00,703.2964,TRAILING_STOP,10,-4.24,5.3656,5.3622,13.4076,-14.97,-0.617
141,BTCUSDT,LONG,spot,INTRABAND_PENETRATION,2024-12-27 09:30:00+00:00,96321.246,96135.7999,591.5744,2024-12-27 09:45:00+00:00,96774.13,2024-12-27 10:30:00+00:00,96433.89,-126.045995,0.0,2024-12-27 10:45:00+00:00,96482.1069,0.069362,6692.17,96017.485,96430.1299,5,2024-12-27 13:00:00+00:00,96285.4847,TRAILING_STOP,9,-13.64,5.3537,5.3428,13.3639,-24.33,-0.755
142,BNBUSDT,LONG,spot,INTRABAND_PENETRATION,2024-12-28 07:00:00+00:00,696.1896,695.4087,1.8439,2024-12-28 07:15:00+00:00,697.54,2024-12-28 08:00:00+00:00,697.55,-0.179642,0.0,2024-12-28 08:15:00+00:00,697.8888,9.554644,6668.08,695.04,698.2371,3,2024-12-28 10:15:00+00:00,697.1898,TRAILING_STOP,8,-6.68,5.3345,5.3291,13.3261,-17.34,-0.637
143,SOLUSDT,LONG,spot,INTRABAND_PENETRATION,2024-12-30 08:15:00+00:00,192.409,192.0992,1.063,2024-12-30 08:30:00+00:00,193.24,2024-12-30 09:15:00+00:00,193.0,-0.179039,0.0,2024-12-30 09:30:00+00:00,193.1065,27.535881,5317.36,191.8866,191.8866,0,2024-12-30 11:00:00+00:00,191.5988,STOP_LOSS,6,-41.52,4.2539,4.2207,10.5724,-49.99,-1.488
144,SOLUSDT,LONG,spot,INTRABAND_PENETRATION,2024-12-30 11:45:00+00:00,192.91,192.5506,1.0622,2024-12-30 12:00:00+00:00,193.75,2024-12-30 12:45:00+00:00,193.36,-0.030014,0.0,2024-12-30 13:00:00+00:00,193.4467,30.078032,5818.5,192.3382,192.3382,0,2024-12-30 13:15:00+00:00,191.8817,STOP_LOSS,1,-47.07,4.6548,4.6171,11.5664,-56.34,-1.69
145,BNBUSDT,LONG,spot,INTRABAND_PENETRATION,2024-12-31 08:15:00+00:00,702.6152,702.3055,2.5866,2024-12-31 08:45:00+00:00,703.99,2024-12-31 09:00:00+00:00,703.9,-0.255206,0.0,2024-12-31 09:15:00+00:00,704.262,9.294326,6545.64,701.7882,710.2069,20,2024-12-31 16:00:00+00:00,709.1416,TRAILING_STOP,27,45.35,5.2365,5.2728,13.1593,34.84,1.515
146,ETHUSDT,LONG,spot,INTRABAND_PENETRATION,2025-01-05 15:30:00+00:00,3623.7052,3619.9481,10.9315,2025-01-05 15:45:00+00:00,3629.6,2025-01-05 17:45:00+00:00,3627.81,-1.235153,0.0,2025-01-05 18:00:00+00:00,3629.6239,1.812897,6580.14,3617.7618,3617.7618,0,2025-01-05 18:15:00+00:00,3612.3352,STOP_LOSS,1,-31.34,5.2641,5.239,13.1133,-41.85,-1.946
147,SOLUSDT,LONG,spot,INTRABAND_PENETRATION,2025-01-20 09:00:00+00:00,257.6948,255.2758,5.0138,2025-01-20 09:15:00+00:00,268.0,2025-01-20 11:00:00+00:00,257.86,-1.054778,0.0,2025-01-20 11:15:00+00:00,257.9889,8.88713,2292.78,254.273,254.273,0,2025-01-20 12:15:00+00:00,253.8916,STOP_LOSS,4,-36.41,1.8342,1.8051,4.5309,-40.05,-1.213
148,BNBUSDT,LONG,spot,INTRABAND_PENETRATION,2025-01-22 19:00:00+00:00,695.208,694.407,2.0856,2025-01-22 20:00:00+00:00,697.6,2025-01-22 21:00:00+00:00,695.7,-0.608015,0.0,2025-01-22 21:15:00+00:00,696.0479,9.337082,6499.06,693.9899,695.2528,3,2025-01-22 23:00:00+00:00,694.2099,TRAILING_STOP,7,-17.16,5.1992,5.1855,12.9724,-27.55,-1.434
149,ETHUSDT,LONG,spot,INTRABAND_PENETRATION,2025-01-23 16:30:00+00:00,3246.1392,3234.8322,23.7127,2025-01-23 17:45:00+00:00,3265.85,2025-01-23 18:15:00+00:00,3258.8,-2.529153,0.0,2025-01-23 18:30:00+00:00,3260.4294,1.077325,3512.54,3230.0896,3230.0896,0,2025-01-23 19:00:00+00:00,3225.2445,STOP_LOSS,2,-37.91,2.81,2.7797,6.9682,-43.5,-1.331
150,SOLUSDT,LONG,spot,INTRABAND_PENETRATION,2025-01-23 17:45:00+00:00,250.5885,249.2993,2.9498,2025-01-23 18:15:00+00:00,252.92,2025-01-23 18:45:00+00:00,250.65,-0.34847,0.0,2025-01-23 19:00:00+00:00,250.7853,15.640025,3922.29,248.7094,248.7094,0,2025-01-23 19:15:00+00:00,248.2571,STOP_LOSS,1,-39.54,3.1378,3.1062,7.7853,-45.79,-1.41
151,SOLUSDT,LONG,spot,INTRABAND_PENETRATION,2025-01-23 23:00:00+00:00,250.3731,249.6622,3.4744,2025-01-23 23:15:00+00:00,253.57,2025-01-24 01:15:00+00:00,252.69,-0.063098,0.0,2025-01-24 01:30:00+00:00,252.8163,8.376031,2117.6,248.9673,248.9673,0,2025-01-24 01:45:00+00:00,248.5939,STOP_LOSS,1,-35.37,1.6941,1.6658,4.1821,-38.73,-1.201
152,SOLUSDT,LONG,spot,INTRABAND_PENETRATION,2025-01-24 03:45:00+00:00,251.0729,250.6863,2.5674,2025-01-24 04:00:00+00:00,252.86,2025-01-24 04:15:00+00:00,251.29,-0.122859,0.0,2025-01-24 04:30:00+00:00,251.4256,25.236316,6345.06,250.1728,259.596,12,2025-01-24 07:45:00+00:00,259.2066,TRAILING_STOP,13,196.36,5.076,5.2331,12.9847,186.05,5.885
153,ETHUSDT,LONG,spot,INTRABAND_PENETRATION,2025-02-05 23:45:00+00:00,2770.9766,2764.962,24.3315,2025-02-06 00:00:00+00:00,2792.58,2025-02-06 00:30:00+00:00,2775.37,-0.33659,0.0,2025-02-06 00:45:00+00:00,2776.7677,1.977925,5492.24,2760.0957,2760.0957,0,2025-02-06 01:00:00+00:00,2755.9555,STOP_LOSS,1,-41.16,4.3938,4.3609,10.9227,-49.92,-1.514
154,ETHUSDT,LONG,spot,INTRABAND_PENETRATION,2025-02-16 06:00:00+00:00,2700.885,2698.869,7.5416,2025-02-16 06:15:00+00:00,2716.92,2025-02-16 07:00:00+00:00,2704.49,-1.22504,0.0,2025-02-16 07:15:00+00:00,2705.8522,2.394747,6479.83,2697.3607,2697.3607,0,2025-02-16 07:30:00+00:00,2690.5881,STOP_LOSS,1,-36.55,5.1839,5.1546,12.9048,-46.89,-2.306
155,BNBUSDT,LONG,spot,INTRABAND_PENETRATION,2025-03-08 13:45:00+00:00,597.0105,596.5188,1.723,2025-03-08 14:00:00+00:00,598.57,2025-03-08 14:45:00+00:00,597.37,-0.110512,0.0,2025-03-08 15:00:00+00:00,597.6587,10.76435,6433.41,596.1742,596.8234,1,2025-03-08 16:15:00+00:00,595.9281,TRAILING_STOP,5,-18.63,5.1467,5.1318,12.8389,-28.91,-1.809
156,SOLUSDT,LONG,spot,INTRABAND_PENETRATION,2025-03-17 19:30:00+00:00,128.7236,128.3768,0.8421,2025-03-17 19:45:00+00:00,129.84,2025-03-17 20:45:00+00:00,128.78,-0.223645,0.0,2025-03-17 21:00:00+00:00,128.8544,49.705635,6404.79,128.2084,128.2084,0,2025-03-17 21:15:00+00:00,128.0161,STOP_LOSS,1,-41.67,5.1238,5.0905,12.7471,-51.88,-1.616
157,BNBUSDT,LONG,spot,INTRABAND_PENETRATION,2025-03-18 15:00:00+00:00,631.102,629.6353,3.2845,2025-03-18 16:15:00+00:00,634.17,2025-03-18 17:30:00+00:00,631.62,-1.001961,0.0,2025-03-18 17:45:00+00:00,631.9358,10.053908,6353.42,628.9784,630.3151,5,2025-03-18 20:00:00+00:00,629.3697,TRAILING_STOP,9,-25.8,5.0827,5.0621,12.6681,-35.94,-1.209
158,ETHUSDT,LONG,spot,INTRABAND_PENETRATION,2025-03-25 23:45:00+00:00,2067.2318,2066.1418,7.1743,2025-03-26 00:30:00+00:00,2075.79,2025-03-26 01:00:00+00:00,2069.49,-0.731768,0.0,2025-03-26 01:15:00+00:00,2070.5347,3.051308,6317.84,2064.707,2065.5971,2,2025-03-26 02:00:00+00:00,2062.4987,TRAILING_STOP,3,-24.52,5.0543,5.0347,12.5989,-34.61,-1.946
159,BTCUSDT,LONG,spot,INTRABAND_PENETRATION,2025-04-06 00:45:00+00:00,83253.2672,83182.0766,164.0039,2025-04-06 01:00:00+00:00,83540.84,2025-04-06 03:00:00+00:00,83358.49,-16.257217,0.0,2025-04-06 03:15:00+00:00,83400.1692,0.075342,6283.58,83149.2758,83149.2758,0,2025-04-06 06:30:00+00:00,83024.5519,STOP_LOSS,13,-28.3,5.0269,5.0042,12.5247,-38.33,-2.028
160,BNBUSDT,LONG,spot,INTRABAND_PENETRATION,2025-04-10 19:15:00+00:00,574.7715,573.7564,2.2904,2025-04-10 20:30:00+00:00,576.25,2025-04-10 21:15:00+00:00,575.37,-0.231516,0.0,2025-04-10 21:30:00+00:00,575.6577,10.849552,6245.63,573.2983,576.5726,6,2025-04-11 00:30:00+00:00,575.7078,TRAILING_STOP,12,0.54,4.9965,4.9969,12.4921,-9.45,-0.369
161,SOLUSDT,LONG,spot,INTRABAND_PENETRATION,2025-04-11 00:30:00+00:00,112.6658,112.4707,0.5927,2025-04-11 01:15:00+00:00,113.09,2025-04-11 01:30:00+00:00,113.16,-0.015783,0.0,2025-04-11 01:45:00+00:00,113.2266,36.020083,4078.43,112.3522,116.3751,19,2025-04-11 07:00:00+00:00,116.2006,TRAILING_STOP,21,107.12,3.2627,3.3484,8.3175,100.51,3.191
162,ETHUSDT,LONG,spot,INTRABAND_PENETRATION,2025-04-11 14:45:00+00:00,1559.2364,1553.2622,13.5801,2025-04-11 15:30:00+00:00,1567.39,2025-04-11 16:15:00+00:00,1560.67,-3.3664,0.0,2025-04-11 16:30:00+00:00,1561.4603,2.931871,4578.0,1550.5462,1569.8314,6,2025-04-11 18:15:00+00:00,1567.4766,TRAILING_STOP,7,17.64,3.6624,3.6765,9.1825,10.3,0.322
163,BTCUSDT,LONG,spot,INTRABAND_PENETRATION,2025-04-14 10:15:00+00:00,84553.9361,84425.3284,283.8386,2025-04-14 10:30:00+00:00,84792.68,2025-04-14 11:00:00+00:00,84791.49,-53.936125,0.0,2025-04-14 11:15:00+00:00,84833.8857,0.068877,5843.14,84368.5607,84368.5607,0,2025-04-14 13:30:00+00:00,84242.0078,STOP_LOSS,9,-40.77,4.6745,4.6419,11.6251,-50.08,-1.563
164,ETHUSDT,LONG,spot,INTRABAND_PENETRATION,2025-04-15 02:45:00+00:00,1632.6183,1628.5562,9.3167,2025-04-15 03:30:00+00:00,1639.44,2025-04-15 04:15:00+00:00,1632.64,-0.558337,0.0,2025-04-15 04:30:00+00:00,1633.4563,3.854645,6296.39,1626.6928,1634.8241,6,2025-04-15 06:15:00+00:00,1632.3719,TRAILING_STOP,7,-4.18,5.0371,5.0338,12.5865,-14.25,-0.547
165,BNBUSDT,LONG,spot,INTRABAND_PENETRATION,2025-04-16 16:00:00+00:00,582.1934,581.4717,1.5485,2025-04-16 16:45:00+00:00,583.85,2025-04-16 17:30:00+00:00,582.4,-0.193446,0.0,2025-04-16 17:45:00+00:00,582.6912,10.781501,6282.29,581.162,581.162,0,2025-04-16 18:00:00+00:00,575.8449,STOP_LOSS,1,-73.81,5.0258,4.9668,12.4539,-83.81,-5.083
166,BTCUSDT,LONG,spot,INTRABAND_PENETRATION,2025-04-16 20:15:00+00:00,84327.1732,84220.6112,440.012,2025-04-16 21:15:00+00:00,84580.86,2025-04-16 22:15:00+00:00,84365.98,-16.123212,0.0,2025-04-16 22:30:00+00:00,84408.173,0.073445,6199.32,84132.6088,84132.6088,0,2025-04-16 23:30:00+00:00,84006.4099,STOP_LOSS,4,-29.51,4.9595,4.9358,12.3544,-39.4,-1.947
167,ETHUSDT,LONG,spot,INTRABAND_PENETRATION,2025-04-18 12:30:00+00:00,1587.962,1586.4769,4.2466,2025-04-18 12:45:00+00:00,1593.24,2025-04-18 13:00:00+00:00,1589.14,-0.771976,0.0,2025-04-18 13:15:00+00:00,1589.9446,3.874544,6160.31,1585.6276,1587.4777,2,2025-04-18 14:30:00+00:00,1585.0964,TRAILING_STOP,5,-18.78,4.9282,4.9132,12.2924,-28.63,-1.711
168,SOLUSDT,LONG,spot,INTRABAND_PENETRATION,2025-04-18 18:30:00+00:00,133.9621,133.7735,0.4913,2025-04-18 19:15:00+00:00,134.35,2025-04-18 19:30:00+00:00,134.01,-0.172064,0.0,2025-04-18 19:45:00+00:00,134.077,45.734688,6131.97,133.6752,133.6752,0,2025-04-18 20:30:00+00:00,133.4747,STOP_LOSS,3,-27.55,4.9056,4.8835,12.2226,-37.34,-2.032
169,ETHUSDT,LONG,spot,INTRABAND_PENETRATION,2025-04-24 22:15:00+00:00,1763.9575,1761.2082,6.5511,2025-04-24 23:15:00+00:00,1769.54,2025-04-25 00:00:00+00:00,1766.48,-0.757474,0.0,2025-04-25 00:15:00+00:00,1767.3632,3.448645,6095.01,1759.898,1774.857,3,2025-04-25 01:15:00+00:00,1772.1947,TRAILING_STOP,4,16.66,4.876,4.8893,12.215,6.9,0.268
170,ETHUSDT,LONG,spot,INTRABAND_PENETRATION,2025-04-25 00:45:00+00:00,1766.2833,1764.0902,6.0433,2025-04-25 01:00:00+00:00,1781.49,2025-04-25 01:30:00+00:00,1771.83,-0.28327,0.0,2025-04-25 01:45:00+00:00,1772.7259,3.130464,5549.45,1762.8816,1762.8816,0,2025-04-25 02:00:00+00:00,1760.2373,STOP_LOSS,1,-39.1,4.4396,4.4083,11.0403,-47.94,-1.556
171,ETHUSDT,LONG,spot,INTRABAND_PENETRATION,2025-04-25 04:30:00+00:00,1763.745,1761.8465,9.2329,2025-04-25 05:00:00+00:00,1769.41,2025-04-25 05:30:00+00:00,1765.44,-0.675005,0.0,2025-04-25 05:45:00+00:00,1766.3227,3.42767,6054.37,1759.9999,1769.4338,10,2025-04-25 09:00:00+00:00,1766.7797,TRAILING_STOP,13,1.57,4.8435,4.8448,12.1111,-8.12,-0.375
172,ETHUSDT,LONG,spot,INTRABAND_PENETRATION,2025-04-26 14:45:00+00:00,1796.7886,1794.2718,7.3009,2025-04-26 15:15:00+00:00,1802.41,2025-04-26 16:00:00+00:00,1799.38,-0.788597,0.0,2025-04-26 16:15:00+00:00,1800.2797,3.358551,6046.33,1792.8116,1807.7988,10,2025-04-26 20:45:00+00:00,1805.0871,TRAILING_STOP,18,16.15,4.8371,4.85,12.1169,6.46,0.258
173,ETHUSDT,LONG,spot,INTRABAND_PENETRATION,2025-04-27 08:45:00+00:00,1808.4703,1806.409,5.5649,2025-04-27 09:30:00+00:00,1812.55,2025-04-27 10:45:00+00:00,1809.19,-0.940337,0.0,2025-04-27 11:00:00+00:00,1810.0946,3.343872,6052.73,1805.2961,1805.2961,0,2025-04-27 11:15:00+00:00,1802.5881,STOP_LOSS,1,-25.1,4.8422,4.8221,12.0678,-34.76,-2.167
174,ETHUSDT,LONG,spot,INTRABAND_PENETRATION,2025-04-29 02:15:00+00:00,1796.5418,1792.4159,8.8596,2025-04-29 03:45:00+00:00,1802.08,2025-04-29 04:30:00+00:00,1796.8,-2.031782,0.0,2025-04-29 04:45:00+00:00,1797.6884,3.347804,6018.31,1790.644,1790.644,0,2025-04-29 05:00:00+00:00,1787.958,STOP_LOSS,1,-32.58,4.8146,4.7886,11.9878,-42.18,-1.788
175,SOLUSDT,LONG,spot,INTRABAND_PENETRATION,2025-04-29 16:15:00+00:00,148.1712,148.1379,0.7353,2025-04-29 16:30:00+00:00,149.32,2025-04-29 16:45:00+00:00,148.39,-0.021191,0.0,2025-04-29 17:00:00+00:00,148.4542,40.258556,5976.55,147.9909,149.1382,6,2025-04-29 20:00:00+00:00,148.9145,TRAILING_STOP,12,18.53,4.7812,4.7961,11.9809,8.95,0.48
176,ETHUSDT,LONG,spot,INTRABAND_PENETRATION,2025-05-02 13:00:00+00:00,1833.2731,1831.415,7.544,2025-05-02 14:00:00+00:00,1837.91,2025-05-02 15:15:00+00:00,1836.1,-1.003074,0.0,2025-05-02 15:30:00+00:00,1837.018,3.258224,5985.42,1829.9062,1850.6898,4,2025-05-02 17:00:00+00:00,1847.9138,TRAILING_STOP,6,35.5,4.7883,4.8167,12.0241,25.9,1.118
177,BNBUSDT,LONG,spot,INTRABAND_PENETRATION,2025-05-03 19:45:00+00:00,598.748,598.4132,0.7432,2025-05-03 20:00:00+00:00,599.54,2025-05-03 21:15:00+00:00,599.51,-0.127961,0.0,2025-05-03 21:30:00+00:00,599.8098,10.021599,6011.05,598.2646,598.2646,0,2025-05-04 03:00:00+00:00,597.3672,STOP_LOSS,22,-24.48,4.8088,4.7893,11.9854,-34.08,-2.201
178,ETHUSDT,LONG,spot,INTRABAND_PENETRATION,2025-05-05 19:15:00+00:00,1814.6967,1812.2001,6.2774,2025-05-05 19:30:00+00:00,1817.99,2025-05-05 19:45:00+00:00,1816.44,-1.246674,0.0,2025-05-05 20:00:00+00:00,1817.3482,3.289032,5977.32,1810.9446,1810.9446,0,2025-05-05 20:30:00+00:00,1808.2282,STOP_LOSS,2,-30.0,4.7819,4.7579,11.9096,-39.54,-1.877
179,ETHUSDT,LONG,spot,INTRABAND_PENETRATION,2025-05-05 22:30:00+00:00,1816.6078,1813.9791,6.7209,2025-05-05 22:45:00+00:00,1826.09,2025-05-06 00:00:00+00:00,1816.74,-0.697784,0.0,2025-05-06 00:15:00+00:00,1817.6484,3.266956,5938.18,1812.635,1812.635,0,2025-05-06 00:30:00+00:00,1809.916,STOP_LOSS,1,-25.26,4.7505,4.7303,11.8385,-34.74,-2.121
180,BNBUSDT,LONG,spot,INTRABAND_PENETRATION,2025-05-06 14:45:00+00:00,596.9295,596.4141,1.3517,2025-05-06 15:00:00+00:00,598.18,2025-05-06 17:00:00+00:00,598.18,-0.239483,0.0,2025-05-06 17:15:00+00:00,598.4791,9.864642,5903.78,596.1438,600.6361,3,2025-05-06 19:30:00+00:00,599.7352,TRAILING_STOP,9,12.39,4.723,4.7329,11.8262,2.93,0.127
181,ETHUSDT,LONG,spot,INTRABAND_PENETRATION,2025-05-11 19:00:00+00:00,2496.5986,2488.2163,17.9845,2025-05-11 19:15:00+00:00,2516.03,2025-05-11 20:00:00+00:00,2504.71,-4.028577,0.0,2025-05-11 20:15:00+00:00,2505.9624,1.397735,3502.67,2484.6194,2498.7058,1,2025-05-11 22:15:00+00:00,2494.9577,TRAILING_STOP,8,-15.38,2.8021,2.7898,6.9823,-20.97,-0.703
182,SOLUSDT,LONG,spot,INTRABAND_PENETRATION,2025-05-12 03:30:00+00:00,173.9038,173.2806,1.4212,2025-05-12 03:45:00+00:00,174.9,2025-05-12 05:30:00+00:00,174.81,-0.273796,0.0,2025-05-12 05:45:00+00:00,174.9074,15.554954,2720.68,172.9963,176.792,2,2025-05-12 07:45:00+00:00,176.5268,TRAILING_STOP,8,25.19,2.1765,2.1967,5.4791,20.82,0.7
183,BTCUSDT,LONG,spot,INTRABAND_PENETRATION,2025-05-12 06:45:00+00:00,104096.6617,104063.6817,220.6598,2025-05-12 07:00:00+00:00,105600.0,2025-05-12 08:00:00+00:00,104296.96,-18.961749,0.0,2025-05-12 08:15:00+00:00,104349.1085,0.056604,5906.53,104019.5498,104206.9796,7,2025-05-12 11:30:00+00:00,104050.6691,TRAILING_STOP,13,-16.89,4.7252,4.7117,11.7877,-26.33,-1.411
184,SOLUSDT,LONG,spot,INTRABAND_PENETRATION,2025-05-21 19:30:00+00:00,169.5317,169.0723,1.9454,2025-05-21 19:45:00+00:00,171.14,2025-05-21 20:45:00+00:00,169.72,-0.341727,0.0,2025-05-21 21:00:00+00:00,169.8049,26.479358,4496.32,168.6833,173.3571,11,2025-05-22 01:30:00+00:00,173.0971,TRAILING_STOP,18,87.18,3.5971,3.6668,9.1234,79.91,2.691
185,ETHUSDT,LONG,spot,INTRABAND_PENETRATION,2025-05-27 03:30:00+00:00,2550.51,2547.3461,11.2618,2025-05-27 04:15:00+00:00,2559.29,2025-05-27 05:15:00+00:00,2555.59,-0.170026,0.0,2025-05-27 05:30:00+00:00,2556.8678,2.330812,5959.58,2545.0938,2582.7748,4,2025-05-27 06:45:00+00:00,2578.9006,TRAILING_STOP,5,51.35,4.7677,4.8087,11.9962,41.78,1.522
186,ETHUSDT,LONG,spot,INTRABAND_PENETRATION,2025-05-28 17:30:00+00:00,2643.9617,2640.6499,13.8981,2025-05-28 17:45:00+00:00,2652.8,2025-05-28 18:30:00+00:00,2650.25,-2.601739,0.0,2025-05-28 18:45:00+00:00,2651.5751,2.211461,5863.86,2637.8703,2637.8703,0,2025-05-28 19:00:00+00:00,2632.2157,STOP_LOSS,1,-42.81,4.6911,4.6568,11.6635,-52.16,-1.721
187,BNBUSDT,LONG,spot,INTRABAND_PENETRATION,2025-05-28 20:15:00+00:00,685.3143,684.4915,2.0168,2025-05-28 20:30:00+00:00,687.24,2025-05-28 22:15:00+00:00,685.9,-0.134332,0.0,2025-05-28 22:30:00+00:00,686.2429,8.669378,5949.3,684.0882,688.3781,10,2025-05-29 02:15:00+00:00,687.3455,TRAILING_STOP,15,9.56,4.7594,4.7671,11.9129,0.03,0.002
188,ETHUSDT,LONG,spot,INTRABAND_PENETRATION,2025-05-28 21:30:00+00:00,2640.8398,2638.1263,11.8609,2025-05-28 21:45:00+00:00,2652.25,2025-05-28 22:45:00+00:00,2648.61,-1.499791,0.0,2025-05-28 23:00:00+00:00,2649.9343,2.124371,5629.44,2635.7541,2751.1011,15,2025-05-29 03:30:00+00:00,2746.9745,TRAILING_STOP,18,206.15,4.5036,4.6685,11.5681,196.98,6.539
189,BTCUSDT,LONG,spot,INTRABAND_PENETRATION,2025-06-02 21:00:00+00:00,104606.6818,104521.3002,278.6829,2025-06-02 21:15:00+00:00,104792.61,2025-06-02 21:30:00+00:00,104700.01,-31.311827,0.0,2025-06-02 21:45:00+00:00,104752.36,0.058656,6144.34,104465.5636,106008.7078,17,2025-06-03 02:30:00+00:00,105849.6947,TRAILING_STOP,19,64.37,4.9155,4.967,12.3852,54.48,3.239
190,ETHUSDT,LONG,spot,INTRABAND_PENETRATION,2025-06-27 04:45:00+00:00,2436.3441,2433.0908,7.1465,2025-06-27 05:00:00+00:00,2449.45,2025-06-27 05:15:00+00:00,2436.61,-1.194128,0.0,2025-06-27 05:30:00+00:00,2437.8183,2.542551,6198.28,2431.6615,2443.0427,5,2025-06-27 07:30:00+00:00,2439.3781,TRAILING_STOP,8,3.97,4.9586,4.9618,12.4025,-5.95,-0.38
191,ETHUSDT,LONG,spot,INTRABAND_PENETRATION,2025-06-30 15:45:00+00:00,2467.5197,2462.049,15.5353,2025-06-30 16:00:00+00:00,2477.39,2025-06-30 16:30:00+00:00,2472.64,-4.609705,0.0,2025-06-30 16:45:00+00:00,2473.8863,2.092739,5177.2,2458.942,2498.4596,12,2025-06-30 21:00:00+00:00,2494.7119,TRAILING_STOP,17,43.58,4.1418,4.1766,10.4198,35.26,1.128
192,SOLUSDT,LONG,spot,INTRABAND_PENETRATION,2025-07-04 00:00:00+00:00,152.6017,152.4719,0.4397,2025-07-04 01:00:00+00:00,152.87,2025-07-04 01:30:00+00:00,152.66,-0.021664,0.0,2025-07-04 01:45:00+00:00,152.7263,40.774196,6227.29,152.384,152.384,0,2025-07-04 02:00:00+00:00,152.1554,STOP_LOSS,1,-23.28,4.9818,4.9632,12.4197,-33.22,-2.38
193,SOLUSDT,LONG,spot,INTRABAND_PENETRATION,2025-07-19 11:30:00+00:00,177.0983,176.874,0.6822,2025-07-19 13:00:00+00:00,177.74,2025-07-19 13:45:00+00:00,177.47,-0.028263,0.0,2025-07-19 14:00:00+00:00,177.5587,34.886492,6194.4,176.7375,176.7375,0,2025-07-19 14:15:00+00:00,176.3551,STOP_LOSS,1,-41.99,4.9555,4.9219,12.3258,-51.87,-1.811
194,SOLUSDT,LONG,spot,INTRABAND_PENETRATION,2025-07-19 15:45:00+00:00,176.9758,176.7036,0.9214,2025-07-19 16:15:00+00:00,177.59,2025-07-19 17:15:00+00:00,177.01,-0.095802,0.0,2025-07-19 17:30:00+00:00,177.0985,34.687199,6143.05,176.5193,176.5193,0,2025-07-19 17:45:00+00:00,176.2545,STOP_LOSS,1,-29.27,4.9144,4.891,12.2422,-39.08,-1.945
195,BNBUSDT,LONG,spot,INTRABAND_PENETRATION,2025-07-22 01:45:00+00:00,764.3906,762.527,4.4032,2025-07-22 02:00:00+00:00,769.6,2025-07-22 02:45:00+00:00,766.18,-0.110648,0.0,2025-07-22 03:00:00+00:00,766.5431,6.296061,4826.2,761.6464,761.6464,0,2025-07-22 03:15:00+00:00,760.5039,STOP_LOSS,1,-38.02,3.861,3.8305,9.5954,-45.71,-1.483
196,ETHUSDT,LONG,spot,INTRABAND_PENETRATION,2025-07-24 11:45:00+00:00,3627.5653,3619.0475,20.2379,2025-07-24 12:00:00+00:00,3643.95,2025-07-24 12:45:00+00:00,3642.65,-7.575321,0.0,2025-07-24 13:00:00+00:00,3644.4613,1.038701,3785.51,3615.0,3615.0,0,2025-07-24 14:00:00+00:00,3609.5775,STOP_LOSS,4,-36.23,3.0284,2.9994,7.5167,-42.26,-1.381
197,BTCUSDT,LONG,spot,INTRABAND_PENETRATION,2025-07-24 13:00:00+00:00,118476.4469,118421.0814,247.0455,2025-07-24 13:15:00+00:00,118686.0,2025-07-24 13:30:00+00:00,118614.94,-48.316909,0.0,2025-07-24 13:45:00+00:00,118674.2575,0.051031,6056.11,118371.6723,118371.6723,0,2025-07-24 14:00:00+00:00,118050.1388,STOP_LOSS,1,-31.85,4.8449,4.8194,12.0644,-41.51,-2.688
198,BNBUSDT,LONG,spot,INTRABAND_PENETRATION,2025-07-24 15:45:00+00:00,771.6679,769.5857,5.0276,2025-07-24 16:00:00+00:00,775.9,2025-07-24 16:45:00+00:00,774.57,-1.637876,0.0,2025-07-24 17:00:00+00:00,774.9573,4.732995,3667.87,768.5802,779.3162,9,2025-07-24 19:45:00+00:00,778.1472,TRAILING_STOP,11,15.1,2.9343,2.9464,7.3584,9.22,0.305
199,SOLUSDT,LONG,spot,INTRABAND_PENETRATION,2025-07-27 16:00:00+00:00,186.6033,186.4191,0.8506,2025-07-27 16:15:00+00:00,188.47,2025-07-27 17:00:00+00:00,186.81,-0.143317,0.0,2025-07-27 17:15:00+00:00,186.9034,32.023447,5985.29,186.2489,186.9738,6,2025-07-27 20:00:00+00:00,186.6396,TRAILING_STOP,11,-8.45,4.7882,4.7815,11.9579,-18.02,-0.86
200,SOLUSDT,LONG,spot,INTRABAND_PENETRATION,2025-07-27 17:45:00+00:00,187.0475,186.6403,1.1571,2025-07-27 18:00:00+00:00,188.62,2025-07-27 20:00:00+00:00,187.87,-0.127542,0.0,2025-07-27 20:15:00+00:00,187.9739,19.257356,3619.88,186.4089,188.5378,3,2025-07-27 23:00:00+00:00,188.255,TRAILING_STOP,11,5.41,2.8959,2.9002,7.2479,-0.38,-0.013
201,ETHUSDT,LONG,spot,INTRABAND_PENETRATION,2025-07-30 05:45:00+00:00,3804.6589,3797.3159,15.7231,2025-07-30 06:00:00+00:00,3817.02,2025-07-30 07:45:00+00:00,3811.44,-0.728871,0.0,2025-07-30 08:00:00+00:00,3813.3457,1.564787,5967.07,3794.1713,3794.1713,0,2025-07-30 09:30:00+00:00,3788.48,STOP_LOSS,6,-38.91,4.7737,4.7425,11.8758,-48.43,-1.614
202,BNBUSDT,LONG,spot,INTRABAND_PENETRATION,2025-07-31 16:15:00+00:00,798.9488,798.3132,4.0666,2025-07-31 16:30:00+00:00,808.22,2025-07-31 18:15:00+00:00,804.52,-0.568824,0.0,2025-07-31 18:30:00+00:00,804.9123,4.033068,3246.27,797.4999,797.4999,0,2025-07-31 19:00:00+00:00,796.3036,STOP_LOSS,2,-34.72,2.597,2.5692,6.4405,-39.89,-1.334
203,BNBUSDT,LONG,spot,INTRABAND_PENETRATION,2025-08-11 18:30:00+00:00,807.1703,805.6851,3.5734,2025-08-11 18:45:00+00:00,810.01,2025-08-11 19:30:00+00:00,807.29,-0.170282,0.0,2025-08-11 19:45:00+00:00,807.7036,7.27946,5879.65,804.9705,804.9705,0,2025-08-11 20:00:00+00:00,803.763,STOP_LOSS,1,-28.69,4.7037,4.6808,11.7163,-38.07,-1.913
204,SOLUSDT,LONG,spot,INTRABAND_PENETRATION,2025-08-22 07:00:00+00:00,182.8842,182.5327,0.8802,2025-08-22 07:15:00+00:00,183.95,2025-08-22 09:15:00+00:00,183.02,-0.024198,0.0,2025-08-22 09:30:00+00:00,183.1115,31.903819,5841.96,182.3566,182.3566,0,2025-08-22 10:00:00+00:00,182.0831,STOP_LOSS,2,-32.81,4.6736,4.6473,11.6347,-42.13,-1.749
205,BTCUSDT,LONG,spot,INTRABAND_PENETRATION,2025-08-27 12:00:00+00:00,111094.1753,111002.601,196.8633,2025-08-27 12:45:00+00:00,111344.42,2025-08-27 13:15:00+00:00,111325.02,-3.89533,0.0,2025-08-27 13:30:00+00:00,111380.6825,0.052076,5800.25,110963.2284,111763.4499,3,2025-08-27 14:45:00+00:00,111595.8048,TRAILING_STOP,5,11.2,4.6402,4.6492,11.6173,1.91,0.088
206,ETHUSDT,LONG,spot,INTRABAND_PENETRATION,2025-09-01 08:30:00+00:00,4426.6725,4421.7126,22.6223,2025-09-01 08:45:00+00:00,4476.25,2025-09-01 10:00:00+00:00,4443.01,-0.672523,0.0,2025-09-01 10:15:00+00:00,4445.2215,1.045317,4646.67,4417.1882,4417.1882,0,2025-09-01 10:30:00+00:00,4410.5624,STOP_LOSS,1,-36.23,3.7173,3.6884,9.239,-43.64,-1.489
207,ETHUSDT,LONG,spot,INTRABAND_PENETRATION,2025-09-08 03:15:00+00:00,4301.0032,4296.9074,11.9847,2025-09-08 03:30:00+00:00,4317.79,2025-09-08 04:00:00+00:00,4304.81,-3.833191,0.0,2025-09-08 04:15:00+00:00,4306.9624,1.337124,5758.94,4294.5105,4294.5105,0,2025-09-08 05:15:00+00:00,4288.0687,STOP_LOSS,4,-25.26,4.6072,4.5869,11.48,-34.46,-2.07
209,ETHUSDT,LONG,spot,INTRABAND_PENETRATION,2025-09-10 03:00:00+00:00,4311.8745,4308.2978,10.5729,2025-09-10 03:45:00+00:00,4320.44,2025-09-10 04:00:00+00:00,4317.6,-0.274479,0.0,2025-09-10 04:15:00+00:00,4319.7688,1.324213,5720.29,4306.1832,4306.1832,0,2025-09-10 05:00:00+00:00,4299.724,STOP_LOSS,3,-26.54,4.5762,4.555,11.4008,-35.67,-1.983
208,BNBUSDT,LONG,spot,INTRABAND_PENETRATION,2025-09-10 01:15:00+00:00,878.9237,877.9857,1.9951,2025-09-10 01:30:00+00:00,880.02,2025-09-10 02:00:00+00:00,879.81,-0.703667,0.0,2025-09-10 02:15:00+00:00,880.2399,6.503714,5724.83,877.5866,882.514,4,2025-09-10 07:30:00+00:00,881.1902,TRAILING_STOP,21,6.18,4.5799,4.5848,11.4589,-2.98,-0.173
210,BNBUSDT,LONG,spot,INTRABAND_PENETRATION,2025-09-17 18:45:00+00:00,951.8537,949.6235,5.7004,2025-09-17 19:15:00+00:00,955.62,2025-09-17 21:00:00+00:00,958.27,-0.153738,0.0,2025-09-17 21:15:00+00:00,958.7591,2.794941,2679.67,948.4834,984.5905,14,2025-09-18 02:15:00+00:00,983.1136,TRAILING_STOP,20,68.07,2.1437,2.1982,5.4615,63.73,2.219
211,ETHUSDT,LONG,spot,INTRABAND_PENETRATION,2025-09-21 18:30:00+00:00,4479.7426,4476.5596,9.4645,2025-09-21 18:45:00+00:00,4497.0,2025-09-21 19:15:00+00:00,4492.47,-1.682596,0.0,2025-09-21 19:30:00+00:00,4494.7262,1.279198,5749.65,4474.6667,4474.6667,0,2025-09-21 21:00:00+00:00,4467.9547,STOP_LOSS,6,-34.25,4.5997,4.5723,11.4479,-43.42,-1.692
212,BNBUSDT,LONG,spot,INTRABAND_PENETRATION,2025-09-24 05:45:00+00:00,1013.6499,1011.9971,6.0409,2025-09-24 06:45:00+00:00,1017.84,2025-09-24 07:15:00+00:00,1015.98,-0.00993,0.0,2025-09-24 07:30:00+00:00,1016.498,5.048376,5131.66,1010.7889,1025.5391,4,2025-09-24 10:00:00+00:00,1024.0008,TRAILING_STOP,10,37.88,4.1053,4.1356,10.3201,29.64,1.028
213,BNBUSDT,LONG,spot,INTRABAND_PENETRATION,2025-09-24 17:00:00+00:00,1016.1205,1015.0747,4.0056,2025-09-24 17:15:00+00:00,1018.6,2025-09-24 17:45:00+00:00,1016.68,-0.49045,0.0,2025-09-24 18:00:00+00:00,1017.1983,5.63902,5736.0,1014.2736,1014.2736,0,2025-09-24 18:15:00+00:00,1012.7521,STOP_LOSS,1,-25.07,4.5888,4.5687,11.4344,-34.23,-2.075
214,BNBUSDT,LONG,spot,INTRABAND_PENETRATION,2025-09-28 11:30:00+00:00,969.4041,968.5229,2.4758,2025-09-28 11:45:00+00:00,973.22,2025-09-28 12:15:00+00:00,971.09,-0.214128,0.0,2025-09-28 12:30:00+00:00,971.5856,5.868876,5702.11,968.0278,968.0278,0,2025-09-28 12:45:00+00:00,966.1885,STOP_LOSS,1,-31.67,4.5617,4.5364,11.3567,-40.77,-1.953
215,SOLUSDT,LONG,spot,INTRABAND_PENETRATION,2025-10-01 02:00:00+00:00,208.8173,208.3858,1.118,2025-10-01 02:15:00+00:00,210.16,2025-10-01 03:15:00+00:00,208.84,-0.157297,0.0,2025-10-01 03:30:00+00:00,208.9444,27.096919,5661.75,208.1622,208.1622,0,2025-10-01 03:45:00+00:00,207.5882,STOP_LOSS,1,-36.75,4.5294,4.5,11.2684,-45.78,-2.16
216,SOLUSDT,LONG,spot,INTRABAND_PENETRATION,2025-10-01 04:30:00+00:00,208.7358,208.5048,1.0818,2025-10-01 05:00:00+00:00,209.55,2025-10-01 06:00:00+00:00,208.98,-0.075816,0.0,2025-10-01 06:15:00+00:00,209.0845,26.862001,5616.43,208.2884,208.2884,0,2025-10-01 06:45:00+00:00,207.976,STOP_LOSS,2,-29.78,4.4931,4.4693,11.1882,-38.74,-1.812
217,BNBUSDT,LONG,spot,INTRABAND_PENETRATION,2025-10-01 06:45:00+00:00,1009.7405,1009.0674,2.6124,2025-10-01 07:15:00+00:00,1011.4,2025-10-01 08:00:00+00:00,1011.1,-0.240493,0.0,2025-10-01 08:15:00+00:00,1011.6055,5.514083,5578.08,1008.5449,1027.8231,6,2025-10-01 10:00:00+00:00,1026.2814,TRAILING_STOP,7,80.92,4.4625,4.5272,11.2775,71.93,4.262
218,BTCUSDT,LONG,spot,INTRABAND_PENETRATION,2025-10-05 23:30:00+00:00,123099.0845,123055.1444,212.3767,2025-10-05 23:45:00+00:00,123482.31,2025-10-06 00:45:00+00:00,123347.29,-15.084518,0.0,2025-10-06 01:00:00+00:00,123408.9636,0.045777,5649.29,123012.6691,123498.5029,5,2025-10-06 02:30:00+00:00,123313.2551,TRAILING_STOP,6,-4.38,4.5194,4.5159,11.292,-13.42,-0.74
219,BNBUSDT,LONG,spot,INTRABAND_PENETRATION,2025-10-09 07:00:00+00:00,1297.7202,1295.8426,10.2381,2025-10-09 07:15:00+00:00,1314.69,2025-10-09 08:00:00+00:00,1298.86,-0.720246,0.0,2025-10-09 08:15:00+00:00,1299.4994,4.337061,5636.01,1293.795,1293.795,0,2025-10-09 08:30:00+00:00,1284.6302,STOP_LOSS,1,-64.49,4.5088,4.4572,11.1753,-73.45,-2.969
220,SOLUSDT,LONG,spot,INTRABAND_PENETRATION,2025-10-20 22:30:00+00:00,189.8543,189.5495,0.8777,2025-10-20 22:45:00+00:00,190.74,2025-10-20 23:00:00+00:00,189.91,-0.124311,0.0,2025-10-20 23:15:00+00:00,190.005,29.279702,5563.29,189.3739,189.3739,0,2025-10-21 00:00:00+00:00,189.0899,STOP_LOSS,3,-26.79,4.4506,4.4292,11.0864,-35.67,-1.931
221,BNBUSDT,LONG,spot,INTRABAND_PENETRATION,2025-10-25 04:45:00+00:00,1113.6997,1112.3547,3.0775,2025-10-25 05:15:00+00:00,1116.24,2025-10-25 06:45:00+00:00,1114.45,-0.219675,0.0,2025-10-25 07:00:00+00:00,1114.9972,4.957835,5527.97,1111.7392,1111.7392,0,2025-10-25 07:30:00+00:00,1110.0716,STOP_LOSS,2,-24.42,4.4224,4.4028,11.0193,-33.25,-2.058
222,ETHUSDT,LONG,spot,INTRABAND_PENETRATION,2025-10-26 05:30:00+00:00,3942.1367,3939.578,6.6592,2025-10-26 06:15:00+00:00,3945.6,2025-10-26 07:30:00+00:00,3950.46,-0.096671,0.0,2025-10-26 07:45:00+00:00,3952.4352,1.390297,5495.06,3938.2462,3983.8559,4,2025-10-26 09:45:00+00:00,3977.8801,TRAILING_STOP,8,35.38,4.396,4.4243,11.0432,26.56,1.346
223,SOLUSDT,LONG,spot,INTRABAND_PENETRATION,2025-11-02 23:45:00+00:00,185.4159,185.1234,0.8063,2025-11-03 00:00:00+00:00,188.78,2025-11-03 01:30:00+00:00,186.1,-0.05592,0.0,2025-11-03 01:45:00+00:00,186.193,22.655168,4218.23,184.9622,184.9622,0,2025-11-03 02:00:00+00:00,184.6847,STOP_LOSS,1,-34.17,3.3746,3.3473,8.3852,-40.89,-1.466
224,BNBUSDT,LONG,spot,INTRABAND_PENETRATION,2025-11-09 10:30:00+00:00,989.131,988.1048,3.4845,2025-11-09 11:00:00+00:00,992.0,2025-11-09 11:15:00+00:00,989.44,-0.070985,0.0,2025-11-09 11:30:00+00:00,989.9247,5.536648,5480.86,987.4079,988.3693,2,2025-11-09 12:45:00+00:00,986.8867,TRAILING_STOP,5,-16.82,4.3847,4.3712,10.9365,-25.58,-1.835
225,ETHUSDT,LONG,spot,INTRABAND_PENETRATION,2025-11-10 23:30:00+00:00,3563.9286,3559.1211,17.0101,2025-11-11 00:45:00+00:00,3585.85,2025-11-11 02:00:00+00:00,3588.83,-4.388621,0.0,2025-11-11 02:15:00+00:00,3590.6244,0.789371,2834.34,3555.7191,3589.8343,6,2025-11-11 04:00:00+00:00,3584.4496,TRAILING_STOP,7,-4.87,2.2675,2.2636,5.6614,-9.41,-0.341
226,ETHUSDT,LONG,spot,INTRABAND_PENETRATION,2025-11-11 10:30:00+00:00,3567.5977,3562.907,14.9039,2025-11-11 11:15:00+00:00,3577.29,2025-11-11 11:45:00+00:00,3574.14,-0.437666,0.0,2025-11-11 12:00:00+00:00,3575.9371,1.523023,5446.23,3559.9262,3559.9262,0,2025-11-11 12:30:00+00:00,3554.5863,STOP_LOSS,2,-32.52,4.357,4.331,10.8437,-41.21,-1.69
227,ETHUSDT,LONG,spot,INTRABAND_PENETRATION,2025-11-19 10:30:00+00:00,3082.8335,3078.2759,17.5566,2025-11-19 10:45:00+00:00,3092.0,2025-11-19 12:00:00+00:00,3087.87,-1.823463,0.0,2025-11-19 12:15:00+00:00,3089.4139,1.749665,5405.44,3074.7646,3079.4726,3,2025-11-19 13:30:00+00:00,3074.8534,TRAILING_STOP,5,-25.48,4.3244,4.304,10.7727,-34.1,-1.331
228,SOLUSDT,LONG,spot,INTRABAND_PENETRATION,2025-11-25 19:45:00+00:00,136.2584,135.9752,1.0834,2025-11-25 20:15:00+00:00,137.39,2025-11-25 22:15:00+00:00,137.23,-0.128411,0.0,2025-11-25 22:30:00+00:00,137.2886,17.730862,2434.25,135.7585,138.7912,9,2025-11-26 01:00:00+00:00,138.583,TRAILING_STOP,10,22.95,1.9474,1.9658,4.9029,19.04,0.702
229,BTCUSDT,LONG,spot,INTRABAND_PENETRATION,2025-11-25 23:00:00+00:00,87350.1125,87244.0968,426.8529,2025-11-26 00:15:00+00:00,87630.66,2025-11-26 01:00:00+00:00,87522.66,-12.062514,0.0,2025-11-26 01:15:00+00:00,87566.4213,0.061559,5390.52,87158.7262,87662.3159,6,2025-11-26 03:15:00+00:00,87530.8224,TRAILING_STOP,8,-2.19,4.3124,4.3107,10.7778,-10.81,-0.431
230,ETHUSDT,LONG,spot,INTRABAND_PENETRATION,2025-12-08 19:15:00+00:00,3121.5005,3111.3836,23.6143,2025-12-08 20:45:00+00:00,3135.91,2025-12-08 22:30:00+00:00,3124.54,-1.430495,0.0,2025-12-08 22:45:00+00:00,3126.0923,1.398287,4371.18,3106.6608,3106.6608,0,2025-12-09 01:00:00+00:00,3102.0008,STOP_LOSS,9,-33.69,3.4969,3.47,8.6918,-40.65,-1.496
231,ETHUSDT,LONG,spot,INTRABAND_PENETRATION,2025-12-09 07:30:00+00:00,3116.2067,3113.2892,11.1808,2025-12-09 07:45:00+00:00,3123.0,2025-12-09 08:30:00+00:00,3121.85,-0.956695,0.0,2025-12-09 08:45:00+00:00,3123.4209,1.709526,5339.57,3111.053,3111.053,0,2025-12-09 09:30:00+00:00,3106.3865,STOP_LOSS,3,-29.12,4.2717,4.2484,10.6355,-37.64,-1.78
232,BNBUSDT,LONG,spot,INTRABAND_PENETRATION,2025-12-10 17:45:00+00:00,893.6448,892.4358,2.7434,2025-12-10 18:00:00+00:00,896.68,2025-12-10 19:00:00+00:00,902.33,-1.124842,0.0,2025-12-10 19:15:00+00:00,902.7812,2.458167,2219.19,891.8871,901.4222,2,2025-12-10 20:45:00+00:00,900.07,TRAILING_STOP,6,-6.66,1.7753,1.77,4.4284,-10.21,-0.381
233,BTCUSDT,LONG,spot,INTRABAND_PENETRATION,2025-12-10 19:00:00+00:00,92360.8663,92233.7511,568.2503,2025-12-10 19:45:00+00:00,92957.67,2025-12-10 20:45:00+00:00,92453.89,-101.616345,0.0,2025-12-10 21:00:00+00:00,92500.1169,0.057213,5292.2,92120.101,92120.101,0,2025-12-10 22:00:00+00:00,91981.9209,STOP_LOSS,4,-29.65,4.2338,4.21,10.5399,-38.09,-1.752
234,SOLUSDT,LONG,spot,INTRABAND_PENETRATION,2025-12-10 19:00:00+00:00,137.4664,137.2216,1.4213,2025-12-10 19:45:00+00:00,138.67,2025-12-10 20:45:00+00:00,138.34,-0.036404,0.0,2025-12-10 21:00:00+00:00,138.3992,18.284395,2530.55,136.9374,136.9374,0,2025-12-10 22:00:00+00:00,136.732,STOP_LOSS,4,-30.48,2.0244,2.0,5.0154,-34.51,-1.291
235,BNBUSDT,LONG,spot,INTRABAND_PENETRATION,2025-12-10 19:45:00+00:00,896.5007,894.2652,5.1439,2025-12-10 20:00:00+00:00,912.49,2025-12-10 21:45:00+00:00,896.94,-0.200664,0.0,2025-12-10 22:00:00+00:00,897.3885,5.81724,5220.32,893.2364,893.2364,0,2025-12-10 22:15:00+00:00,891.8966,STOP_LOSS,1,-31.95,4.1763,4.1507,10.3927,-40.27,-1.667
236,BNBUSDT,LONG,spot,INTRABAND_PENETRATION,2025-12-15 04:45:00+00:00,886.9768,885.7369,2.6436,2025-12-15 05:00:00+00:00,889.71,2025-12-15 06:15:00+00:00,887.08,-0.266835,0.0,2025-12-15 06:30:00+00:00,887.5235,5.836975,5180.45,885.2082,887.5905,2,2025-12-15 07:30:00+00:00,886.2591,TRAILING_STOP,4,-7.38,4.1444,4.1385,10.3498,-15.66,-1.159
237,ETHUSDT,LONG,spot,INTRABAND_PENETRATION,2025-12-21 15:45:00+00:00,2978.8396,2974.6277,11.0964,2025-12-21 16:45:00+00:00,2986.07,2025-12-21 17:15:00+00:00,2979.28,-1.849621,0.0,2025-12-21 17:30:00+00:00,2980.7696,1.732756,5164.95,2972.4084,2972.4084,0,2025-12-21 18:00:00+00:00,2967.9498,STOP_LOSS,2,-22.21,4.132,4.1142,10.2966,-30.46,-2.102
238,ETHUSDT,LONG,spot,INTRABAND_PENETRATION,2025-12-21 18:00:00+00:00,2979.1132,2977.6872,10.1325,2025-12-21 18:30:00+00:00,2984.21,2025-12-21 19:30:00+00:00,2988.43,-1.113156,0.0,2025-12-21 19:45:00+00:00,2989.9242,1.717365,5134.79,2975.6607,2975.6607,0,2025-12-21 21:45:00+00:00,2971.1973,STOP_LOSS,8,-32.16,4.1078,4.0821,10.2213,-40.35,-1.647
239,BNBUSDT,LONG,spot,INTRABAND_PENETRATION,2025-12-26 06:15:00+00:00,840.0785,839.2138,1.9238,2025-12-26 06:30:00+00:00,844.29,2025-12-26 07:45:00+00:00,840.88,-0.348508,0.0,2025-12-26 08:00:00+00:00,841.3104,6.055842,5094.84,838.829,838.829,0,2025-12-26 14:30:00+00:00,837.5708,STOP_LOSS,26,-22.65,4.0759,4.0578,10.1557,-30.78,-2.048
240,SOLUSDT,LONG,spot,INTRABAND_PENETRATION,2025-12-30 22:45:00+00:00,124.4216,124.3554,0.3928,2025-12-30 23:15:00+00:00,124.8,2025-12-31 00:30:00+00:00,124.97,-0.011588,0.0,2025-12-31 00:45:00+00:00,125.0225,34.302581,4288.59,124.2768,125.2405,6,2025-12-31 03:30:00+00:00,125.0526,TRAILING_STOP,11,1.03,3.4309,3.4317,8.5787,-5.83,-0.228
241,SOLUSDT,LONG,spot,INTRABAND_PENETRATION,2026-01-05 14:45:00+00:00,135.076,134.7865,0.8795,2026-01-05 15:30:00+00:00,136.07,2026-01-05 16:15:00+00:00,135.51,-0.06597,0.0,2026-01-05 16:30:00+00:00,135.5778,26.416831,3581.53,134.6106,134.6106,0,2026-01-05 17:15:00+00:00,134.4087,STOP_LOSS,3,-30.88,2.8652,2.8405,7.1167,-36.59,-1.432
242,ETHUSDT,LONG,spot,INTRABAND_PENETRATION,2026-01-05 15:15:00+00:00,3164.4322,3158.0036,16.401,2026-01-05 15:30:00+00:00,3192.92,2026-01-05 17:15:00+00:00,3166.51,-4.952217,0.0,2026-01-05 17:30:00+00:00,3168.0933,1.5853,5022.38,3154.7234,3188.9342,2,2026-01-05 18:15:00+00:00,3184.1508,TRAILING_STOP,3,25.46,4.0179,4.0383,10.0829,17.4,0.821
243,SOLUSDT,LONG,spot,INTRABAND_PENETRATION,2026-01-08 04:45:00+00:00,137.223,136.9418,0.6785,2026-01-08 05:00:00+00:00,137.83,2026-01-08 05:15:00+00:00,137.27,-0.002983,0.0,2026-01-08 05:30:00+00:00,137.3486,36.692052,5039.6,136.8061,136.8061,0,2026-01-08 05:45:00+00:00,136.6009,STOP_LOSS,1,-27.44,4.0317,4.0097,10.0381,-35.48,-1.782
244,ETHUSDT,LONG,spot,INTRABAND_PENETRATION,2026-01-09 16:45:00+00:00,3111.1722,3105.5508,21.675,2026-01-09 17:00:00+00:00,3122.91,2026-01-09 17:15:00+00:00,3111.29,-2.652238,0.0,2026-01-09 17:30:00+00:00,3112.8556,1.607681,5004.48,3101.2158,3101.2158,0,2026-01-09 18:15:00+00:00,3096.5639,STOP_LOSS,3,-26.19,4.0036,3.9826,9.9697,-34.18,-1.826
245,SOLUSDT,LONG,spot,INTRABAND_PENETRATION,2026-01-11 09:15:00+00:00,136.3272,136.2295,0.264,2026-01-11 09:45:00+00:00,136.5,2026-01-11 10:00:00+00:00,136.52,-0.027237,0.0,2026-01-11 10:15:00+00:00,136.5883,36.391435,4970.64,136.1767,138.4877,7,2026-01-11 15:00:00+00:00,138.2799,TRAILING_STOP,19,61.56,3.9765,4.0258,10.0336,53.56,3.576
246,ETHUSDT,LONG,spot,INTRABAND_PENETRATION,2026-01-12 01:00:00+00:00,3117.5365,3110.8182,14.2478,2026-01-12 01:15:00+00:00,3130.91,2026-01-12 01:30:00+00:00,3124.03,-3.526489,0.0,2026-01-12 01:45:00+00:00,3125.592,1.439679,4499.85,3107.9686,3154.0251,15,2026-01-12 06:30:00+00:00,3149.294,TRAILING_STOP,19,34.12,3.5999,3.6272,9.0509,26.9,1.06
247,BNBUSDT,LONG,spot,INTRABAND_PENETRATION,2026-01-12 04:00:00+00:00,906.7976,905.6103,2.803,2026-01-12 04:30:00+00:00,909.08,2026-01-12 06:30:00+00:00,907.75,-0.227568,0.0,2026-01-12 06:45:00+00:00,908.1939,5.560812,5050.3,905.0497,905.0497,0,2026-01-12 07:30:00+00:00,903.6921,STOP_LOSS,3,-25.03,4.0402,4.0202,10.063,-33.09,-1.893
248,BTCUSDT,LONG,spot,INTRABAND_PENETRATION,2026-01-13 00:00:00+00:00,91374.781,91291.8333,181.8476,2026-01-13 00:45:00+00:00,91482.74,2026-01-13 01:00:00+00:00,91478.37,-8.771028,0.0,2026-01-13 01:15:00+00:00,91524.1092,0.054822,5017.53,91255.4638,91255.4638,0,2026-01-13 01:30:00+00:00,91118.5806,STOP_LOSS,1,-22.23,4.014,3.9962,10.0017,-30.24,-2.053
249,SOLUSDT,LONG,spot,INTRABAND_PENETRATION,2026-01-23 18:00:00+00:00,128.0984,127.862,1.0183,2026-01-23 18:15:00+00:00,129.05,2026-01-23 19:15:00+00:00,128.45,-0.108434,0.0,2026-01-23 19:30:00+00:00,128.5242,29.090614,3738.85,127.6583,127.6583,0,2026-01-23 20:15:00+00:00,127.4668,STOP_LOSS,3,-30.76,2.9911,2.9665,7.4316,-36.72,-1.458
250,ETHUSDT,LONG,spot,INTRABAND_PENETRATION,2026-01-23 17:15:00+00:00,2952.1024,2945.8225,21.1461,2026-01-23 17:30:00+00:00,3000.94,2026-01-23 19:30:00+00:00,2958.3,-5.372362,0.0,2026-01-23 19:45:00+00:00,2959.7791,1.380756,4086.73,2941.5932,2941.5932,0,2026-01-23 20:30:00+00:00,2937.1809,STOP_LOSS,3,-31.2,3.2694,3.2444,8.1267,-37.72,-1.502
251,BNBUSDT,LONG,spot,INTRABAND_PENETRATION,2026-02-03 13:45:00+00:00,773.3876,772.1302,2.8254,2026-02-03 14:00:00+00:00,775.39,2026-02-03 14:15:00+00:00,775.86,-0.617648,0.0,2026-02-03 14:30:00+00:00,776.2379,5.311066,4122.65,771.5651,771.5651,0,2026-02-03 14:45:00+00:00,769.8235,STOP_LOSS,1,-34.07,3.2981,3.2709,8.1942,-40.64,-1.637
252,ETHUSDT,LONG,spot,INTRABAND_PENETRATION,2026-02-07 12:45:00+00:00,2035.6561,2027.3976,18.8577,2026-02-07 13:15:00+00:00,2046.8,2026-02-07 13:45:00+00:00,2041.49,-3.096054,0.0,2026-02-07 14:00:00+00:00,2042.5007,1.304104,2663.63,2023.6261,2023.6261,0,2026-02-07 14:30:00+00:00,2020.5906,STOP_LOSS,2,-28.57,2.1309,2.108,5.2844,-32.81,-1.333
253,BTCUSDT,LONG,spot,INTRABAND_PENETRATION,2026-02-08 01:30:00+00:00,69267.8721,69143.2569,278.1628,2026-02-08 02:00:00+00:00,69410.39,2026-02-08 02:30:00+00:00,69330.29,-7.96211,0.0,2026-02-08 02:45:00+00:00,69364.9551,0.069793,4841.19,69087.6243,69087.6243,0,2026-02-08 03:45:00+00:00,68983.9929,STOP_LOSS,4,-26.59,3.873,3.8517,9.6425,-34.31,-1.773
254,SOLUSDT,LONG,spot,INTRABAND_PENETRATION,2026-02-08 18:15:00+00:00,87.5489,87.3862,0.5505,2026-02-08 18:30:00+00:00,88.24,2026-02-08 20:00:00+00:00,87.61,-0.078944,0.0,2026-02-08 20:15:00+00:00,87.6438,54.849503,4807.22,87.2761,87.2761,0,2026-02-08 20:45:00+00:00,87.1452,STOP_LOSS,2,-27.35,3.8458,3.8239,9.5734,-35.02,-1.736
255,SOLUSDT,LONG,spot,INTRABAND_PENETRATION,2026-02-09 03:30:00+00:00,87.2578,87.0384,0.738,2026-02-09 03:45:00+00:00,87.67,2026-02-09 04:00:00+00:00,87.26,-0.057806,0.0,2026-02-09 04:15:00+00:00,87.2936,54.672411,4772.55,86.8908,86.8908,0,2026-02-09 05:00:00+00:00,86.7604,STOP_LOSS,3,-29.15,3.818,3.7947,9.5014,-36.76,-1.669
256,BNBUSDT,LONG,spot,INTRABAND_PENETRATION,2026-02-18 08:30:00+00:00,618.8952,618.2718,2.3194,2026-02-18 08:45:00+00:00,623.35,2026-02-18 10:45:00+00:00,619.1,-0.195239,0.0,2026-02-18 11:00:00+00:00,619.4196,7.646123,4736.16,617.8079,617.8079,0,2026-02-18 11:15:00+00:00,614.7465,STOP_LOSS,1,-35.73,3.7889,3.7603,9.4187,-43.28,-3.512
257,SOLUSDT,LONG,spot,INTRABAND_PENETRATION,2026-03-02 03:45:00+00:00,84.3347,84.2676,0.6275,2026-03-02 04:15:00+00:00,84.7,2026-03-02 04:30:00+00:00,84.42,-0.034723,0.0,2026-03-02 04:45:00+00:00,84.4522,55.57357,4693.31,84.1421,84.1421,0,2026-03-02 05:00:00+00:00,84.0159,STOP_LOSS,1,-24.25,3.7546,3.7353,9.3503,-31.74,-1.842
258,ETHUSDT,LONG,spot,INTRABAND_PENETRATION,2026-03-02 03:45:00+00:00,1963.0917,1959.1477,13.6743,2026-03-02 04:00:00+00:00,1971.0,2026-03-02 05:00:00+00:00,1967.33,-1.481728,0.0,2026-03-02 05:15:00+00:00,1968.3137,1.97843,3894.17,1956.4129,1962.0615,3,2026-03-02 06:15:00+00:00,1959.1184,TRAILING_STOP,4,-18.19,3.1153,3.1008,7.7611,-24.41,-1.037
259,BNBUSDT,LONG,spot,INTRABAND_PENETRATION,2026-03-02 11:30:00+00:00,619.8609,619.4442,2.332,2026-03-02 11:45:00+00:00,622.13,2026-03-02 12:15:00+00:00,621.23,-0.110916,0.0,2026-03-02 12:30:00+00:00,621.5306,7.461784,4637.73,618.9778,619.8846,1,2026-03-02 13:45:00+00:00,618.9548,TRAILING_STOP,5,-19.22,3.7102,3.6948,9.2466,-26.62,-1.398
260,ETHUSDT,LONG,spot,INTRABAND_PENETRATION,2026-03-03 22:45:00+00:00,1981.4547,1977.4628,11.0654,2026-03-03 23:00:00+00:00,1994.76,2026-03-03 23:45:00+00:00,1982.8,-0.204704,0.0,2026-03-04 00:00:00+00:00,1983.8014,2.324511,4611.37,1975.2498,1975.2498,0,2026-03-04 00:30:00+00:00,1972.2869,STOP_LOSS,2,-26.77,3.6891,3.6677,9.1826,-34.12,-1.717
261,BNBUSDT,LONG,spot,INTRABAND_PENETRATION,2026-03-04 05:00:00+00:00,631.4654,631.0323,2.5066,2026-03-04 05:30:00+00:00,633.02,2026-03-04 06:15:00+00:00,632.23,-0.105398,0.0,2026-03-04 06:30:00+00:00,632.5461,7.236765,4577.59,630.5309,648.808,16,2026-03-04 11:30:00+00:00,647.8348,TRAILING_STOP,20,110.64,3.6621,3.7506,9.3211,103.23,7.079
262,ETHUSDT,LONG,spot,INTRABAND_PENETRATION,2026-03-11 13:45:00+00:00,2031.4921,2029.2002,16.1867,2026-03-11 14:00:00+00:00,2050.28,2026-03-11 15:30:00+00:00,2039.79,-1.46211,0.0,2026-03-11 15:45:00+00:00,2040.8199,1.590851,3246.64,2025.9629,2067.327,15,2026-03-11 20:30:00+00:00,2064.226,TRAILING_STOP,19,37.24,2.5973,2.6271,6.5491,32.01,1.354
263,BTCUSDT,LONG,spot,INTRABAND_PENETRATION,2026-03-12 16:30:00+00:00,70140.049,70038.4974,452.49,2026-03-12 16:45:00+00:00,70381.16,2026-03-12 17:45:00+00:00,70212.06,-63.889021,0.0,2026-03-12 18:00:00+00:00,70247.156,0.06707,4711.47,69947.9994,69947.9994,0,2026-03-12 18:15:00+00:00,69843.0774,STOP_LOSS,1,-27.1,3.7692,3.7475,9.3823,-34.62,-1.725
264,BTCUSDT,LONG,spot,INTRABAND_PENETRATION,2026-03-12 19:15:00+00:00,70125.4945,70061.2341,291.2355,2026-03-12 19:30:00+00:00,70311.3,2026-03-12 20:45:00+00:00,70164.49,-14.214476,0.0,2026-03-12 21:00:00+00:00,70199.5822,0.066627,4677.2,70002.987,70090.767,5,2026-03-12 22:30:00+00:00,69985.6308,TRAILING_STOP,6,-14.25,3.7418,3.7304,9.333,-21.73,-1.659
266,ETHUSDT,LONG,spot,INTRABAND_PENETRATION,2026-03-18 08:30:00+00:00,2326.1951,2323.3159,5.8992,2026-03-18 09:30:00+00:00,2331.59,2026-03-18 10:00:00+00:00,2330.84,-2.085052,0.0,2026-03-18 10:15:00+00:00,2331.9954,1.99486,4652.01,2322.136,2322.136,0,2026-03-18 10:30:00+00:00,2318.6528,STOP_LOSS,1,-26.62,3.7216,3.7003,9.2641,-34.04,-1.731
265,BNBUSDT,LONG,spot,INTRABAND_PENETRATION,2026-03-18 06:15:00+00:00,672.1168,671.6717,1.6015,2026-03-18 06:30:00+00:00,673.44,2026-03-18 07:45:00+00:00,673.98,-0.296777,0.0,2026-03-18 08:00:00+00:00,674.317,6.904309,4655.69,671.3514,671.3514,0,2026-03-18 11:00:00+00:00,670.3444,STOP_LOSS,12,-27.43,3.7246,3.7026,9.2702,-34.86,-1.702
267,SOLUSDT,LONG,spot,INTRABAND_PENETRATION,2026-03-21 19:15:00+00:00,89.8754,89.7922,0.1801,2026-03-21 20:15:00+00:00,90.02,2026-03-21 22:00:00+00:00,89.96,-0.055427,0.0,2026-03-21 22:15:00+00:00,90.005,50.969268,4587.49,89.7561,89.7561,0,2026-03-21 23:00:00+00:00,89.6215,STOP_LOSS,3,-19.55,3.67,3.6544,9.1457,-26.87,-2.119
268,BNBUSDT,LONG,spot,INTRABAND_PENETRATION,2026-04-01 16:15:00+00:00,614.8952,614.206,2.4044,2026-04-01 16:30:00+00:00,616.89,2026-04-01 17:15:00+00:00,615.03,-0.155207,0.0,2026-04-01 17:30:00+00:00,615.3475,7.411888,4560.89,613.7251,613.7251,0,2026-04-01 18:00:00+00:00,612.8045,STOP_LOSS,2,-18.85,3.6487,3.6336,9.0935,-26.13,-2.173
269,ETHUSDT,LONG,spot,INTRABAND_PENETRATION,2026-04-16 20:00:00+00:00,2338.9175,2336.5991,12.0374,2026-04-16 20:15:00+00:00,2351.3,2026-04-16 21:30:00+00:00,2339.84,-1.577511,0.0,2026-04-16 21:45:00+00:00,2341.0099,1.937205,4535.02,2334.1916,2341.6281,7,2026-04-17 01:15:00+00:00,2338.1157,TRAILING_STOP,14,-5.61,3.628,3.6235,9.0616,-12.86,-0.973
270,SOLUSDT,LONG,spot,INTRABAND_PENETRATION,2026-04-20 15:45:00+00:00,85.258,85.0186,0.5274,2026-04-20 16:00:00+00:00,85.62,2026-04-20 17:00:00+00:00,85.83,-0.007955,0.0,2026-04-20 17:15:00+00:00,85.8629,24.048219,2064.85,84.9132,84.9132,0,2026-04-21 01:15:00+00:00,85.6472,TIME_EXIT_8H,32,-5.19,1.6519,1.6477,2.0623,-8.49,-0.372
271,ETHUSDT,LONG,spot,INTRABAND_PENETRATION,2026-04-21 07:15:00+00:00,2314.581,2312.7573,6.8477,2026-04-21 07:30:00+00:00,2321.82,2026-04-21 08:00:00+00:00,2316.24,-0.580989,0.0,2026-04-21 08:15:00+00:00,2317.3881,1.947833,4513.88,2311.3877,2321.0172,2,2026-04-21 09:00:00+00:00,2317.5356,TRAILING_STOP,3,0.29,3.6111,3.6113,9.0282,-6.94,-0.593
272,SOLUSDT,LONG,spot,INTRABAND_PENETRATION,2026-04-21 14:00:00+00:00,85.7091,85.5622,0.312,2026-04-21 14:15:00+00:00,86.03,2026-04-21 15:00:00+00:00,86.2,-0.139055,0.0,2026-04-21 15:15:00+00:00,86.2431,30.623044,2641.03,85.4998,85.4998,0,2026-04-21 15:30:00+00:00,85.3715,STOP_LOSS,1,-26.69,2.1128,2.0915,5.242,-30.89,-1.357
273,SOLUSDT,LONG,spot,INTRABAND_PENETRATION,2026-04-21 15:45:00+00:00,85.8493,85.6201,0.5086,2026-04-21 16:00:00+00:00,86.12,2026-04-21 16:15:00+00:00,85.91,-0.009285,0.0,2026-04-21 16:30:00+00:00,85.953,52.019081,4471.19,85.5183,85.5183,0,2026-04-21 17:00:00+00:00,85.3901,STOP_LOSS,2,-29.28,3.577,3.5535,8.8985,-36.41,-1.611
274,ETHUSDT,LONG,spot,INTRABAND_PENETRATION,2026-04-21 23:30:00+00:00,2313.3617,2312.7061,9.2073,2026-04-21 23:45:00+00:00,2327.14,2026-04-22 01:30:00+00:00,2319.73,-0.411689,0.0,2026-04-22 01:45:00+00:00,2320.8899,1.913225,4440.39,2310.8646,2359.2432,9,2026-04-22 04:15:00+00:00,2355.7043,TRAILING_STOP,10,66.61,3.5523,3.6056,8.9807,59.45,3.1
275,BTCUSDT,LONG,spot,INTRABAND_PENETRATION,2026-04-23 20:15:00+00:00,77898.1426,77824.4882,278.7974,2026-04-23 21:30:00+00:00,78069.99,2026-04-23 22:00:00+00:00,78062.31,-33.312581,0.0,2026-04-23 22:15:00+00:00,78101.3412,0.057608,4499.24,77768.7287,78164.7299,3,2026-04-24 01:00:00+00:00,78047.4829,TRAILING_STOP,11,-3.1,3.5994,3.5969,8.9938,-10.3,-0.537
276,SOLUSDT,LONG,spot,INTRABAND_PENETRATION,2026-04-24 12:30:00+00:00,85.9036,85.7628,0.3064,2026-04-24 12:45:00+00:00,86.33,2026-04-24 13:45:00+00:00,86.09,-0.043563,0.0,2026-04-24 14:00:00+00:00,86.123,52.123622,4489.04,85.7015,85.7015,0,2026-04-24 14:15:00+00:00,85.573,STOP_LOSS,1,-28.67,3.5912,3.5683,8.9351,-35.83,-1.631
277,BTCUSDT,LONG,spot,INTRABAND_PENETRATION,2026-04-30 13:30:00+00:00,76173.9177,76063.8046,223.8454,2026-04-30 13:45:00+00:00,76420.44,2026-04-30 14:15:00+00:00,76354.2,-80.107653,0.0,2026-04-30 14:30:00+00:00,76392.3771,0.058299,4453.57,76019.0356,76019.0356,0,2026-04-30 22:30:00+00:00,76296.8025,TIME_EXIT_8H,32,-5.57,3.5629,3.5584,4.4508,-12.69,-0.583
278,SOLUSDT,LONG,spot,INTRABAND_PENETRATION,2026-05-08 13:15:00+00:00,88.4658,88.3897,0.2793,2026-05-08 14:00:00+00:00,88.82,2026-05-08 15:15:00+00:00,88.59,-0.035811,0.0,2026-05-08 15:30:00+00:00,88.6443,50.099172,4441.01,88.3338,92.0347,19,2026-05-08 20:45:00+00:00,91.8966,TRAILING_STOP,21,162.94,3.5528,3.6832,9.1264,155.7,10.009
279,ETHUSDT,LONG,spot,INTRABAND_PENETRATION,2026-05-11 18:00:00+00:00,2334.6424,2331.8879,8.3326,2026-05-11 18:15:00+00:00,2341.49,2026-05-11 18:45:00+00:00,2335.35,-0.092437,0.0,2026-05-11 19:00:00+00:00,2336.5177,1.966666,4595.15,2330.2214,2335.9129,11,2026-05-11 23:15:00+00:00,2332.4091,TRAILING_STOP,17,-8.08,3.6761,3.6697,9.1782,-15.43,-1.246
280,BNBUSDT,LONG,spot,INTRABAND_PENETRATION,2026-05-21 14:15:00+00:00,650.8117,649.8856,1.9715,2026-05-21 15:15:00+00:00,652.53,2026-05-21 15:30:00+00:00,651.51,-0.061651,0.0,2026-05-21 15:45:00+00:00,651.8358,7.026124,4579.88,649.4913,655.4369,5,2026-05-21 18:45:00+00:00,654.4537,TRAILING_STOP,12,18.39,3.6639,3.6786,9.1873,11.05,0.671
281,SOLUSDT,LONG,spot,INTRABAND_PENETRATION,2026-05-21 14:30:00+00:00,86.1613,85.9902,0.4249,2026-05-21 15:15:00+00:00,86.81,2026-05-21 16:15:00+00:00,86.31,-0.031344,0.0,2026-05-21 16:30:00+00:00,86.3431,52.693289,4549.7,85.9052,87.0556,5,2026-05-21 18:45:00+00:00,86.925,TRAILING_STOP,9,30.66,3.6398,3.6643,9.1454,23.36,1.012
282,BNBUSDT,LONG,spot,INTRABAND_PENETRATION,2026-05-25 00:00:00+00:00,655.9627,655.5923,1.7916,2026-05-25 00:15:00+00:00,659.23,2026-05-25 02:00:00+00:00,659.59,-0.06267,0.0,2026-05-25 02:15:00+00:00,659.9198,4.972997,3281.78,655.2339,655.2339,0,2026-05-25 10:15:00+00:00,661.1493,TIME_EXIT_8H,32,6.11,2.6254,2.6303,3.2848,0.86,0.037
283,SOLUSDT,LONG,spot,INTRABAND_PENETRATION,2026-05-27 15:45:00+00:00,84.0667,83.9469,0.433,2026-05-27 16:00:00+00:00,84.48,2026-05-27 16:15:00+00:00,84.15,-0.026741,0.0,2026-05-27 16:30:00+00:00,84.1921,54.812686,4614.79,83.8603,83.8603,0,2026-05-27 17:00:00+00:00,83.7345,STOP_LOSS,2,-25.08,3.6918,3.6718,9.192,-32.45,-1.784
284,BNBUSDT,LONG,spot,INTRABAND_PENETRATION,2026-05-29 16:45:00+00:00,638.7882,638.0403,2.7425,2026-05-29 17:00:00+00:00,644.11,2026-05-29 18:45:00+00:00,639.64,-0.468178,0.0,2026-05-29 19:00:00+00:00,639.9698,7.160763,4582.67,637.4918,652.6875,24,2026-05-30 02:15:00+00:00,651.7084,TRAILING_STOP,29,84.06,3.6661,3.7334,9.2914,76.66,4.32
286,ETHUSDT,LONG,spot,INTRABAND_PENETRATION,2026-06-09 05:15:00+00:00,1680.0411,1675.8133,9.0864,2026-06-09 05:30:00+00:00,1690.65,2026-06-09 07:30:00+00:00,1681.23,-4.141068,0.0,2026-06-09 07:45:00+00:00,1682.0706,2.767348,4654.87,1673.9961,1673.9961,0,2026-06-09 08:00:00+00:00,1671.4851,STOP_LOSS,1,-29.29,3.7239,3.7005,9.2658,-36.72,-1.643
285,BNBUSDT,LONG,spot,INTRABAND_PENETRATION,2026-06-09 05:45:00+00:00,601.5166,600.7954,2.2036,2026-06-09 06:00:00+00:00,604.02,2026-06-09 07:15:00+00:00,601.66,-0.366602,0.0,2026-06-09 07:30:00+00:00,601.9608,7.738981,4658.56,600.3547,600.8971,6,2026-06-09 09:30:00+00:00,599.9958,TRAILING_STOP,8,-15.21,3.7269,3.7147,9.2943,-22.65,-1.822
287,ETHUSDT,LONG,spot,INTRABAND_PENETRATION,2026-06-12 14:30:00+00:00,1669.2368,1666.5081,7.5021,2026-06-12 14:45:00+00:00,1685.64,2026-06-12 15:30:00+00:00,1671.54,-0.04683,0.0,2026-06-12 15:45:00+00:00,1672.3758,2.750452,4599.79,1665.0077,1665.0077,0,2026-06-12 16:00:00+00:00,1657.5899,STOP_LOSS,1,-40.67,3.6798,3.6473,9.1386,-48.0,-2.368
288,SOLUSDT,LONG,spot,INTRABAND_PENETRATION,2026-06-16 19:15:00+00:00,73.8729,73.7106,0.4284,2026-06-16 20:30:00+00:00,74.19,2026-06-16 21:30:00+00:00,73.91,-0.142893,0.0,2026-06-16 21:45:00+00:00,73.947,61.561358,4552.27,73.6249,73.6249,0,2026-06-16 22:45:00+00:00,73.5145,STOP_LOSS,4,-26.62,3.6418,3.6205,9.0646,-33.89,-1.709
290,SOLUSDT,LONG,spot,INTRABAND_PENETRATION,2026-06-22 01:45:00+00:00,73.547,73.3311,0.5582,2026-06-22 02:00:00+00:00,74.07,2026-06-22 04:00:00+00:00,73.59,-0.187014,0.0,2026-06-22 04:15:00+00:00,73.6268,56.043235,4126.28,73.2194,73.6028,7,2026-06-22 06:45:00+00:00,73.4924,TRAILING_STOP,10,-7.53,3.301,3.295,8.2413,-14.13,-0.619
289,ETHUSDT,LONG,spot,INTRABAND_PENETRATION,2026-06-22 01:45:00+00:00,1726.8893,1725.9724,10.6422,2026-06-22 02:00:00+00:00,1740.73,2026-06-22 03:00:00+00:00,1731.61,-0.349312,0.0,2026-06-22 03:15:00+00:00,1732.4858,2.608234,4518.73,1723.8439,1747.033,10,2026-06-22 11:15:00+00:00,1751.8037,TIME_EXIT_8H,32,50.39,3.615,3.6553,4.5439,43.12,1.913
291,BTCUSDT,LONG,spot,INTRABAND_PENETRATION,2026-06-22 07:15:00+00:00,64144.1738,64075.306,167.8398,2026-06-22 07:30:00+00:00,64255.81,2026-06-22 08:00:00+00:00,64313.6,-37.473814,0.0,2026-06-22 08:15:00+00:00,64345.7568,0.069953,4501.16,64041.738,65092.4505,11,2026-06-22 14:15:00+00:00,64994.8118,TRAILING_STOP,24,45.4,3.6009,3.6373,9.0704,38.17,1.795
292,SOLUSDT,LONG,spot,INTRABAND_PENETRATION,2026-06-28 09:30:00+00:00,71.2242,71.1163,0.3062,2026-06-28 09:45:00+00:00,71.54,2026-06-28 10:30:00+00:00,71.4,-0.034245,0.0,2026-06-28 10:45:00+00:00,71.4357,60.846614,4346.62,71.0551,71.715,7,2026-06-28 13:00:00+00:00,71.6075,TRAILING_STOP,9,10.45,3.4773,3.4857,8.7089,3.49,0.151
293,SOLUSDT,LONG,spot,INTRABAND_PENETRATION,2026-06-28 11:15:00+00:00,71.3729,71.2133,0.3438,2026-06-28 11:30:00+00:00,71.92,2026-06-28 13:00:00+00:00,71.6,-0.042903,0.0,2026-06-28 13:15:00+00:00,71.6458,46.237211,3312.7,71.1446,71.4943,2,2026-06-28 15:00:00+00:00,71.3871,TRAILING_STOP,7,-11.96,2.6502,2.6406,6.6075,-17.25,-0.744
294,ETHUSDT,LONG,spot,INTRABAND_PENETRATION,2026-06-29 10:00:00+00:00,1577.5688,1575.8277,6.2311,2026-06-29 10:15:00+00:00,1581.76,2026-06-29 10:45:00+00:00,1578.6,-0.108751,0.0,2026-06-29 11:00:00+00:00,1579.3893,2.894524,4571.58,1574.5815,1574.5815,0,2026-06-29 11:15:00+00:00,1570.7903,STOP_LOSS,1,-24.89,3.6573,3.6374,9.1058,-32.18,-2.313
295,SOLUSDT,LONG,spot,INTRABAND_PENETRATION,2026-07-04 17:45:00+00:00,82.1225,82.0005,0.3153,2026-07-04 18:00:00+00:00,82.57,2026-07-04 18:15:00+00:00,82.3,-0.022522,0.0,2026-07-04 18:30:00+00:00,82.3411,55.133042,4539.72,81.9375,81.9375,0,2026-07-04 19:00:00+00:00,81.8146,STOP_LOSS,2,-29.03,3.6318,3.6085,9.0359,-36.27,-1.63
296,BNBUSDT,LONG,spot,INTRABAND_PENETRATION,2026-07-09 18:00:00+00:00,570.9756,570.2213,1.5663,2026-07-09 18:15:00+00:00,572.77,2026-07-09 19:15:00+00:00,571.35,-0.355612,0.0,2026-07-09 19:30:00+00:00,571.6357,7.87881,4503.81,569.9081,569.9081,0,2026-07-09 20:00:00+00:00,569.0532,STOP_LOSS,2,-20.35,3.603,3.5868,8.9771,-27.54,-2.023
297,ETHUSDT,LONG,spot,INTRABAND_PENETRATION,2026-07-09 18:15:00+00:00,1745.3738,1744.767,7.1516,2026-07-09 18:30:00+00:00,1754.34,2026-07-09 20:15:00+00:00,1748.07,-0.103849,0.0,2026-07-09 20:30:00+00:00,1748.944,2.559572,4476.55,1743.3367,1743.3367,0,2026-07-09 23:15:00+00:00,1740.7217,STOP_LOSS,11,-21.05,3.5812,3.5644,8.9215,-28.19,-1.964
298,ETHUSDT,LONG,spot,INTRABAND_PENETRATION,2026-07-19 22:30:00+00:00,1866.6747,1864.7736,6.2421,2026-07-19 22:45:00+00:00,1870.44,2026-07-19 23:00:00+00:00,1870.68,-1.674726,0.0,2026-07-19 23:15:00+00:00,1871.6153,2.376898,4448.64,1863.5252,1873.8833,1,2026-07-20 00:45:00+00:00,1871.0724,TRAILING_STOP,6,-1.29,3.5589,3.5579,8.8953,-8.41,-0.437
299,ETHUSDT,LONG,spot,INTRABAND_PENETRATION,2026-07-22 20:30:00+00:00,1931.6064,1928.9334,6.0423,2026-07-22 21:30:00+00:00,1935.62,2026-07-22 22:30:00+00:00,1933.35,-0.696353,0.0,2026-07-22 22:45:00+00:00,1934.3167,2.295547,4440.32,1927.7249,1927.7249,0,2026-07-22 23:00:00+00:00,1924.8333,STOP_LOSS,1,-21.77,3.5523,3.5348,8.848,-28.86,-1.907
300,ETHUSDT,LONG,spot,INTRABAND_PENETRATION,2026-07-22 23:30:00+00:00,1931.9288,1929.6181,5.965,2026-07-23 00:00:00+00:00,1935.13,2026-07-23 01:00:00+00:00,1933.08,-0.70876,0.0,2026-07-23 01:15:00+00:00,1934.0565,2.281085,4411.75,1928.4251,1928.4251,0,2026-07-23 01:30:00+00:00,1925.5324,STOP_LOSS,1,-19.44,3.5294,3.5138,8.7943,-26.49,-2.062
301,SOLUSDT,LONG,spot,INTRABAND_PENETRATION,2026-08-05 08:00:00+00:00,73.9527,73.866,0.1747,2026-08-05 08:15:00+00:00,74.14,2026-08-05 10:00:00+00:00,73.99,-0.002723,0.0,2026-08-05 10:15:00+00:00,74.027,59.242236,4385.52,73.831,73.831,0,2026-08-05 10:45:00+00:00,73.7203,STOP_LOSS,2,-18.17,3.5084,3.4939,8.7438,-25.17,-2.168
302,BTCUSDT,LONG,spot,INTRABAND_PENETRATION,2026-08-23 12:15:00+00:00,76865.8489,76776.6481,224.0243,2026-08-23 12:30:00+00:00,77238.1,2026-08-23 14:30:00+00:00,77025.14,-63.848873,0.0,2026-08-23 14:45:00+00:00,77063.6426,0.056584,4360.6,76731.8432,77689.2472,14,2026-08-23 21:30:00+00:00,77572.7133,TRAILING_STOP,27,28.81,3.4885,3.5115,8.7644,21.81,1.161
303,ETHUSDT,LONG,spot,INTRABAND_PENETRATION,2026-08-24 04:15:00+00:00,2444.2986,2438.7516,11.1629,2026-08-24 05:00:00+00:00,2457.91,2026-08-24 06:00:00+00:00,2456.42,-0.07856,0.0,2026-08-24 06:15:00+00:00,2457.6482,1.047474,2574.32,2436.519,2436.519,0,2026-08-24 08:15:00+00:00,2432.8643,STOP_LOSS,8,-25.96,2.0595,2.0387,5.1097,-30.06,-1.358
304,BNBUSDT,LONG,spot,INTRABAND_PENETRATION,2026-08-24 08:30:00+00:00,698.5021,697.4362,2.8552,2026-08-24 10:00:00+00:00,701.82,2026-08-24 10:45:00+00:00,699.4,-0.152116,0.0,2026-08-24 11:00:00+00:00,699.7597,6.219896,4352.43,696.8651,701.4428,1,2026-08-24 12:15:00+00:00,700.3906,TRAILING_STOP,5,3.92,3.4819,3.4851,8.7108,-3.04,-0.169
305,BTCUSDT,LONG,spot,INTRABAND_PENETRATION,2026-08-26 04:30:00+00:00,79010.0075,78931.9663,196.6225,2026-08-26 05:30:00+00:00,79120.1,2026-08-26 05:45:00+00:00,79085.98,-53.177496,0.0,2026-08-26 06:00:00+00:00,79125.523,0.054969,4349.42,78892.6418,78892.6418,0,2026-08-26 06:15:00+00:00,78774.3029,STOP_LOSS,1,-19.31,3.4795,3.4641,8.6699,-26.25,-2.051
306,BNBUSDT,LONG,spot,INTRABAND_PENETRATION,2026-08-26 11:00:00+00:00,698.9653,697.7757,2.7953,2026-08-26 11:15:00+00:00,705.73,2026-08-26 12:30:00+00:00,700.61,-1.145318,0.0,2026-08-26 12:45:00+00:00,700.9603,5.832592,4088.42,697.2166,697.2166,0,2026-08-26 13:15:00+00:00,696.1708,STOP_LOSS,2,-27.94,3.2707,3.2484,8.1349,-34.45,-1.578
307,SOLUSDT,LONG,spot,INTRABAND_PENETRATION,2026-08-31 19:00:00+00:00,103.5564,103.2797,0.5847,2026-08-31 19:15:00+00:00,104.11,2026-08-31 19:45:00+00:00,103.61,-0.006367,0.0,2026-08-31 20:00:00+00:00,103.6518,41.38204,4289.32,103.1628,103.3196,2,2026-08-31 21:00:00+00:00,103.1647,TRAILING_STOP,4,-20.16,3.4315,3.4153,8.5484,-27.01,-1.334
308,BTCUSDT,LONG,spot,INTRABAND_PENETRATION,2026-09-11 13:30:00+00:00,77327.0463,77217.189,449.1969,2026-09-11 13:45:00+00:00,79242.56,2026-09-11 15:45:00+00:00,77732.25,-24.046347,0.0,2026-09-11 16:00:00+00:00,77771.1161,0.033441,2600.75,77127.3496,77127.3496,0,2026-09-11 18:00:00+00:00,77011.6586,STOP_LOSS,8,-25.4,2.0806,2.0603,5.1634,-29.54,-1.372
