trade_id,symbol,direction,market_type,formation_time,U,L,frozen_atr,breakout_time,breakout_price,confirm_time,confirm_price,entry_time,entry_price,units,nominal_size_usdt,initial_sl,final_sl,sl_updates,exit_time,exit_price,exit_reason,bars_held,gross_pnl_usdt,entry_fee_usdt,exit_fee_usdt,slippage_cost_usdt,net_pnl_usdt,net_r_multiple
1,BNBUSDT,LONG,spot,2024-01-03 16:25:00+00:00,316.2674,315.3299,2.6472,2024-01-03 16:30:00+00:00,319.1,2024-01-03 16:45:00+00:00,319.9,2024-01-03 16:50:00+00:00,319.9599,9.690964,3100.72,314.8005,314.8005,0,2024-01-03 18:30:00+00:00,314.3283,STOP_LOSS,20,-54.58,2.4806,2.4369,6.1196,-59.49,-1.19
2,SOLUSDT,LONG,spot,2024-01-05 09:35:00+00:00,101.9037,101.6983,0.5483,2024-01-05 09:50:00+00:00,102.38,2024-01-05 10:00:00+00:00,102.0,2024-01-05 10:05:00+00:00,102.041,96.442625,9841.1,101.5886,101.5886,0,2024-01-05 10:10:00+00:00,101.4362,STOP_LOSS,1,-58.33,7.8729,7.8262,19.5947,-74.02,-1.697
3,BTCUSDT,LONG,spot,2024-01-05 12:25:00+00:00,43857.657,43841.6975,129.2084,2024-01-05 12:30:00+00:00,43959.99,2024-01-05 12:40:00+00:00,43914.0,2024-01-05 12:45:00+00:00,43935.947,0.222319,9767.82,43815.8558,43892.2443,1,2024-01-05 13:25:00+00:00,43826.406,TRAILING_STOP,8,-24.35,7.8143,7.7948,19.4991,-39.96,-1.497
4,BTCUSDT,LONG,spot,2024-01-05 12:55:00+00:00,43871.1059,43850.6632,100.2815,2024-01-05 13:00:00+00:00,43977.99,2024-01-05 13:25:00+00:00,43919.04,2024-01-05 13:30:00+00:00,43940.9995,0.221394,9728.25,43830.6069,43830.6069,0,2024-01-05 13:35:00+00:00,43764.8609,STOP_LOSS,1,-39.0,7.7826,7.7514,19.398,-54.53,-2.231
5,BTCUSDT,LONG,spot,2024-01-05 21:10:00+00:00,43742.3735,43664.8933,187.1619,2024-01-05 21:20:00+00:00,43874.37,2024-01-05 21:25:00+00:00,43788.77,2024-01-05 21:30:00+00:00,43810.6644,0.22082,9674.27,43627.4609,44077.9339,4,2024-01-05 23:15:00+00:00,44011.817,TRAILING_STOP,21,44.42,7.7394,7.775,19.4152,28.9,0.714
6,BNBUSDT,LONG,spot,2024-01-06 23:40:00+00:00,306.6262,306.5661,0.7845,2024-01-06 23:45:00+00:00,307.5,2024-01-07 00:00:00+00:00,306.8,2024-01-07 00:05:00+00:00,306.8533,31.620594,9702.89,306.4092,307.2827,4,2024-01-07 01:00:00+00:00,306.8218,TRAILING_STOP,11,-1.0,7.7623,7.7615,19.4043,-16.52,-1.176
7,SOLUSDT,LONG,spot,2024-01-07 19:45:00+00:00,94.5614,94.4814,0.2954,2024-01-07 19:50:00+00:00,94.81,2024-01-07 19:55:00+00:00,94.75,2024-01-07 20:00:00+00:00,94.8074,102.170616,9686.53,94.4223,94.6575,1,2024-01-07 20:15:00+00:00,94.5156,TRAILING_STOP,3,-29.82,7.7492,7.7254,19.3283,-45.29,-1.151
8,BTCUSDT,LONG,spot,2024-01-09 12:25:00+00:00,46642.0064,46615.3346,79.3527,2024-01-09 12:35:00+00:00,46736.0,2024-01-09 12:45:00+00:00,46792.0,2024-01-09 12:50:00+00:00,46815.396,0.205951,9641.69,46599.4641,46599.4641,0,2024-01-09 12:55:00+00:00,46529.5649,STOP_LOSS,1,-58.87,7.7134,7.6663,19.1951,-74.25,-1.67
10,SOLUSDT,LONG,spot,2024-01-09 14:00:00+00:00,100.9072,100.7068,1.0597,2024-01-09 14:10:00+00:00,101.56,2024-01-09 14:15:00+00:00,101.2,2024-01-09 14:20:00+00:00,101.2406,64.802419,6560.64,100.4949,100.4949,0,2024-01-09 14:30:00+00:00,100.3441,STOP_LOSS,2,-58.09,5.2485,5.202,13.0341,-68.54,-1.418
9,BTCUSDT,LONG,spot,2024-01-09 13:45:00+00:00,46648.8246,46636.097,216.3814,2024-01-09 13:50:00+00:00,46904.11,2024-01-09 14:15:00+00:00,46719.64,2024-01-09 14:20:00+00:00,46742.9898,0.204698,9568.19,46592.8207,46592.8207,0,2024-01-09 14:40:00+00:00,46522.9314,STOP_LOSS,4,-45.05,7.6545,7.6185,19.0688,-60.32,-1.962
11,SOLUSDT,LONG,spot,2024-01-09 16:50:00+00:00,100.5348,100.3166,0.6532,2024-01-09 16:55:00+00:00,100.89,2024-01-09 17:00:00+00:00,101.14,2024-01-09 17:05:00+00:00,101.2206,46.084242,4664.67,100.186,100.186,0,2024-01-09 17:10:00+00:00,100.0357,STOP_LOSS,1,-54.61,3.7317,3.6881,9.2474,-62.03,-1.301
12,BTCUSDT,LONG,spot,2024-01-09 19:40:00+00:00,46716.6105,46711.0012,98.1981,2024-01-09 19:45:00+00:00,46853.13,2024-01-09 20:15:00+00:00,46791.09,2024-01-09 20:20:00+00:00,46814.4855,0.200348,9379.21,46691.3615,46691.3615,0,2024-01-09 20:30:00+00:00,46621.3245,STOP_LOSS,2,-38.7,7.5034,7.4724,18.7004,-53.68,-2.176
14,SOLUSDT,LONG,spot,2024-01-10 00:15:00+00:00,99.2044,98.9035,0.7109,2024-01-10 00:20:00+00:00,99.83,2024-01-10 00:25:00+00:00,99.62,2024-01-10 00:30:00+00:00,99.6698,52.137985,5196.58,98.7613,98.7613,0,2024-01-10 00:40:00+00:00,98.6132,STOP_LOSS,2,-55.09,4.1573,4.1132,10.3105,-63.36,-1.338
13,BNBUSDT,LONG,spot,2024-01-09 23:30:00+00:00,300.3436,299.9289,1.0726,2024-01-09 23:50:00+00:00,301.2,2024-01-10 00:00:00+00:00,300.6,2024-01-10 00:05:00+00:00,300.6502,31.019666,9326.07,299.7144,301.41,10,2024-01-10 01:15:00+00:00,300.9579,TRAILING_STOP,14,9.54,7.4609,7.4685,18.6665,-5.39,-0.186
15,SOLUSDT,LONG,spot,2024-01-10 21:10:00+00:00,96.0196,95.8556,1.3473,2024-01-10 21:15:00+00:00,96.84,2024-01-10 21:20:00+00:00,96.82,2024-01-10 21:25:00+00:00,96.8584,36.750122,3559.56,95.5861,103.3496,19,2024-01-10 23:25:00+00:00,103.1946,TRAILING_STOP,24,232.86,2.8476,3.0339,7.4684,226.97,4.854
16,BNBUSDT,LONG,spot,2024-01-10 21:10:00+00:00,295.887,295.7053,2.0682,2024-01-10 21:15:00+00:00,297.5,2024-01-10 21:40:00+00:00,298.0,2024-01-10 21:45:00+00:00,298.149,16.542486,4932.13,295.2917,307.2534,15,2024-01-10 23:25:00+00:00,306.7925,TRAILING_STOP,20,142.99,3.9457,4.0601,10.0787,134.98,2.856
17,ETHUSDT,LONG,spot,2024-01-11 20:15:00+00:00,2614.22,2611.803,6.5798,2024-01-11 20:20:00+00:00,2627.25,2024-01-11 20:30:00+00:00,2616.16,2024-01-11 20:35:00+00:00,2617.4681,3.673911,9616.35,2610.487,2610.487,0,2024-01-11 20:40:00+00:00,2593.6038,STOP_LOSS,1,-87.68,7.6931,7.6229,19.1012,-102.99,-4.016
18,ETHUSDT,LONG,spot,2024-01-11 23:10:00+00:00,2611.1383,2609.4716,5.3559,2024-01-11 23:15:00+00:00,2618.82,2024-01-11 23:30:00+00:00,2614.72,2024-01-11 23:35:00+00:00,2616.0274,3.636959,9514.38,2608.4004,2614.0416,2,2024-01-12 00:15:00+00:00,2610.1205,TRAILING_STOP,8,-21.48,7.6115,7.5943,18.9965,-36.69,-1.323
19,BNBUSDT,LONG,spot,2024-01-12 10:55:00+00:00,309.4193,309.1868,0.6239,2024-01-12 11:00:00+00:00,310.4,2024-01-12 11:15:00+00:00,309.7,2024-01-12 11:20:00+00:00,309.8548,30.588716,9478.06,309.0621,309.987,2,2024-01-12 12:05:00+00:00,309.522,TRAILING_STOP,9,-10.18,7.5824,7.5743,18.9409,-25.34,-1.045
20,BNBUSDT,LONG,spot,2024-01-12 11:30:00+00:00,309.8055,309.4905,0.7565,2024-01-12 11:35:00+00:00,310.7,2024-01-12 12:05:00+00:00,310.4,2024-01-12 12:10:00+00:00,310.4552,30.448772,9452.98,309.3392,310.281,1,2024-01-12 12:40:00+00:00,309.8155,TRAILING_STOP,6,-19.48,7.5624,7.5468,18.8767,-34.58,-1.018
21,SOLUSDT,LONG,spot,2024-01-13 15:30:00+00:00,92.2452,92.1817,0.4249,2024-01-13 15:35:00+00:00,92.91,2024-01-13 16:15:00+00:00,92.37,2024-01-13 16:20:00+00:00,92.4162,101.916558,9418.74,92.0967,92.1632,2,2024-01-13 16:45:00+00:00,92.025,TRAILING_STOP,5,-39.87,7.535,7.5031,18.7777,-54.91,-1.686
22,BNBUSDT,LONG,spot,2024-01-16 01:50:00+00:00,316.753,316.6579,1.004,2024-01-16 01:55:00+00:00,317.4,2024-01-16 02:15:00+00:00,317.1,2024-01-16 02:20:00+00:00,317.2586,29.516563,9364.38,316.4571,316.4571,0,2024-01-16 02:25:00+00:00,315.9824,STOP_LOSS,1,-37.67,7.4915,7.4614,18.6723,-52.62,-2.224
23,BNBUSDT,LONG,spot,2024-01-16 07:15:00+00:00,315.9057,315.7349,0.4995,2024-01-16 07:20:00+00:00,316.3,2024-01-16 07:55:00+00:00,316.4,2024-01-16 08:00:00+00:00,316.5582,29.417298,9312.29,315.635,315.635,0,2024-01-16 08:05:00+00:00,315.0267,STOP_LOSS,1,-45.05,7.4498,7.4138,18.557,-59.91,-2.206
24,BNBUSDT,LONG,spot,2024-01-16 15:45:00+00:00,316.8898,316.5446,1.2413,2024-01-16 16:00:00+00:00,318.0,2024-01-16 16:05:00+00:00,317.3,2024-01-16 16:10:00+00:00,317.3586,29.156202,9252.97,316.2963,316.2963,0,2024-01-16 17:30:00+00:00,315.8219,STOP_LOSS,16,-44.81,7.4024,7.3665,18.4387,-59.57,-1.923
25,ETHUSDT,LONG,spot,2024-01-17 14:50:00+00:00,2551.911,2549.2412,9.2948,2024-01-17 15:05:00+00:00,2561.02,2024-01-17 15:20:00+00:00,2557.31,2024-01-17 15:25:00+00:00,2558.5887,3.593385,9193.99,2547.3822,2547.3822,0,2024-01-17 15:35:00+00:00,2543.5611,STOP_LOSS,2,-54.0,7.3552,7.312,18.307,-68.67,-1.705
26,BNBUSDT,LONG,spot,2024-01-20 17:00:00+00:00,314.4659,314.3233,0.4449,2024-01-20 17:05:00+00:00,314.7,2024-01-20 17:15:00+00:00,314.7,2024-01-20 17:20:00+00:00,314.7573,28.993808,9126.01,314.2343,314.2343,0,2024-01-20 17:35:00+00:00,313.7629,STOP_LOSS,3,-28.83,7.3008,7.2777,18.2088,-43.41,-2.863
27,BNBUSDT,LONG,spot,2024-01-21 16:30:00+00:00,318.8225,318.6958,0.4853,2024-01-21 17:00:00+00:00,319.3,2024-01-21 17:15:00+00:00,319.1,2024-01-21 17:20:00+00:00,319.1595,28.459243,9083.04,318.5987,320.6449,2,2024-01-21 19:25:00+00:00,319.8196,TRAILING_STOP,25,18.78,7.2664,7.2815,18.1943,4.24,0.265
29,BTCUSDT,LONG,spot,2024-01-24 15:30:00+00:00,40017.0223,39977.2949,105.1372,2024-01-24 15:40:00+00:00,40090.01,2024-01-24 15:50:00+00:00,40037.5,2024-01-24 15:55:00+00:00,40057.5187,0.226754,9083.2,39956.2674,39956.2674,0,2024-01-24 16:15:00+00:00,39896.333,STOP_LOSS,4,-36.55,7.2666,7.2373,18.1116,-51.05,-2.224
28,SOLUSDT,LONG,spot,2024-01-24 14:55:00+00:00,86.4883,86.246,0.5276,2024-01-24 15:25:00+00:00,86.81,2024-01-24 15:35:00+00:00,86.88,2024-01-24 15:40:00+00:00,86.9234,58.614652,5094.99,86.1404,87.098,4,2024-01-24 17:15:00+00:00,86.9674,TRAILING_STOP,19,2.57,4.076,4.078,10.1938,-5.58,-0.122
30,SOLUSDT,LONG,spot,2024-01-24 20:15:00+00:00,86.5512,86.4878,0.3648,2024-01-24 20:20:00+00:00,86.97,2024-01-24 20:30:00+00:00,86.6,2024-01-24 20:35:00+00:00,86.6433,104.233854,9031.17,86.4148,86.4148,0,2024-01-24 20:40:00+00:00,86.2852,STOP_LOSS,1,-37.33,7.2249,7.1951,18.0063,-51.75,-2.173
31,SOLUSDT,LONG,spot,2024-01-25 07:05:00+00:00,87.7318,87.6902,0.3557,2024-01-25 07:10:00+00:00,88.1,2024-01-25 07:35:00+00:00,88.02,2024-01-25 07:40:00+00:00,88.064,101.921649,8975.63,87.619,87.619,0,2024-01-25 08:55:00+00:00,87.4876,STOP_LOSS,15,-58.75,7.1805,7.1335,17.8631,-73.06,-1.611
32,BTCUSDT,LONG,spot,2024-01-25 19:40:00+00:00,39881.6196,39850.3664,76.0196,2024-01-25 19:50:00+00:00,39943.33,2024-01-25 20:15:00+00:00,39922.91,2024-01-25 20:20:00+00:00,39942.8715,0.223009,8907.6,39835.1625,39835.1625,0,2024-01-25 20:40:00+00:00,39775.4098,STOP_LOSS,4,-37.35,7.1261,7.0962,17.7592,-51.57,-2.147
33,ETHUSDT,LONG,spot,2024-01-26 01:30:00+00:00,2216.4913,2215.3416,2.5544,2024-01-26 01:35:00+00:00,2219.55,2024-01-26 01:45:00+00:00,2225.5,2024-01-26 01:50:00+00:00,2226.6127,3.796453,8453.23,2214.8307,2214.8307,0,2024-01-26 06:45:00+00:00,2211.5084,STOP_LOSS,59,-57.34,6.7626,6.7167,16.8204,-70.82,-1.583
34,SOLUSDT,LONG,spot,2024-01-26 08:25:00+00:00,87.4881,87.4177,0.2832,2024-01-26 08:30:00+00:00,87.66,2024-01-26 08:45:00+00:00,87.61,2024-01-26 08:50:00+00:00,87.6638,100.22878,8786.44,87.3611,87.7358,7,2024-01-26 09:30:00+00:00,87.6042,TRAILING_STOP,8,-5.97,7.0291,7.0244,17.5639,-20.03,-0.66
35,SOLUSDT,LONG,spot,2024-01-27 00:30:00+00:00,92.3278,92.1906,0.3278,2024-01-27 00:35:00+00:00,92.79,2024-01-27 00:50:00+00:00,92.68,2024-01-27 00:55:00+00:00,92.7363,72.430795,6716.97,92.1251,93.0371,1,2024-01-27 01:40:00+00:00,92.8976,TRAILING_STOP,9,11.68,5.3736,5.3829,13.4515,0.92,0.021
36,BNBUSDT,LONG,spot,2024-01-27 10:40:00+00:00,303.8105,303.7885,0.3252,2024-01-27 10:45:00+00:00,304.1,2024-01-27 11:10:00+00:00,304.0,2024-01-27 11:15:00+00:00,304.0519,28.835605,8767.52,303.7234,303.864,4,2024-01-27 11:55:00+00:00,303.4082,TRAILING_STOP,8,-18.56,7.014,6.9992,17.5072,-32.58,-3.439
37,SOLUSDT,LONG,spot,2024-01-27 12:50:00+00:00,91.9609,91.8657,0.2119,2024-01-27 12:55:00+00:00,92.08,2024-01-27 13:00:00+00:00,92.06,2024-01-27 13:05:00+00:00,92.106,94.839305,8735.27,91.8233,92.148,1,2024-01-27 13:25:00+00:00,92.0098,TRAILING_STOP,4,-9.13,6.9882,6.9809,17.4569,-23.1,-0.861
38,BNBUSDT,LONG,spot,2024-01-28 01:20:00+00:00,305.3795,305.1822,0.466,2024-01-28 01:25:00+00:00,305.9,2024-01-28 01:35:00+00:00,305.9,2024-01-28 01:40:00+00:00,306.0529,28.466994,8712.41,305.089,305.089,0,2024-01-28 02:00:00+00:00,304.6314,STOP_LOSS,4,-40.47,6.9699,6.9376,17.3641,-54.37,-1.982
39,SOLUSDT,LONG,spot,2024-01-29 09:30:00+00:00,96.9921,96.8719,0.3647,2024-01-29 09:35:00+00:00,97.27,2024-01-29 09:55:00+00:00,97.26,2024-01-29 10:00:00+00:00,97.3086,85.805291,8349.6,96.799,97.4432,7,2024-01-29 11:40:00+00:00,97.2971,TRAILING_STOP,20,-0.99,6.6797,6.6789,16.6977,-14.35,-0.328
40,BTCUSDT,LONG,spot,2024-01-30 14:45:00+00:00,43377.1243,43345.6544,101.3501,2024-01-30 14:55:00+00:00,43473.99,2024-01-30 15:00:00+00:00,43463.98,2024-01-30 15:05:00+00:00,43485.712,0.198786,8644.37,43325.3844,43325.3844,0,2024-01-30 15:55:00+00:00,43260.3963,STOP_LOSS,10,-44.79,6.9155,6.8797,17.2216,-58.58,-1.838
41,SOLUSDT,LONG,spot,2024-01-30 17:30:00+00:00,104.6717,104.4109,0.5366,2024-01-30 17:45:00+00:00,104.96,2024-01-30 17:50:00+00:00,104.72,2024-01-30 17:55:00+00:00,104.7624,81.960465,8586.37,104.3036,104.5158,1,2024-01-30 18:15:00+00:00,104.359,TRAILING_STOP,4,-33.06,6.8691,6.8426,17.1232,-46.77,-1.244
42,SOLUSDT,LONG,spot,2024-01-30 18:30:00+00:00,104.6877,104.4767,0.5121,2024-01-30 18:35:00+00:00,105.1,2024-01-30 18:45:00+00:00,104.82,2024-01-30 18:50:00+00:00,104.8724,81.432925,8540.07,104.3743,104.9926,10,2024-01-30 20:10:00+00:00,104.8351,TRAILING_STOP,16,-3.04,6.8321,6.8296,17.0756,-16.7,-0.412
43,BNBUSDT,LONG,spot,2024-02-04 11:40:00+00:00,299.9653,299.8553,0.2744,2024-02-04 11:45:00+00:00,300.2,2024-02-04 12:00:00+00:00,300.1,2024-02-04 12:05:00+00:00,300.15,28.397572,8523.53,299.8004,299.8004,0,2024-02-04 13:35:00+00:00,299.3507,STOP_LOSS,18,-22.7,6.8188,6.8007,17.013,-36.32,-3.658
44,SOLUSDT,LONG,spot,2024-02-08 20:40:00+00:00,102.7607,102.6368,0.3193,2024-02-08 20:45:00+00:00,102.95,2024-02-08 20:50:00+00:00,102.84,2024-02-08 20:55:00+00:00,102.8914,82.490612,8487.58,102.5729,102.8264,6,2024-02-08 21:40:00+00:00,102.6722,TRAILING_STOP,9,-18.08,6.7901,6.7756,16.948,-31.65,-1.205
45,SOLUSDT,LONG,spot,2024-02-13 11:40:00+00:00,113.9289,113.7367,0.4167,2024-02-13 11:55:00+00:00,114.14,2024-02-13 12:00:00+00:00,113.98,2024-02-13 12:05:00+00:00,114.037,74.153519,8456.24,113.6534,113.6534,0,2024-02-13 12:20:00+00:00,113.4829,STOP_LOSS,3,-41.09,6.765,6.7321,16.8509,-54.59,-1.919
46,SOLUSDT,LONG,spot,2024-02-14 03:45:00+00:00,111.6613,111.5839,0.2622,2024-02-14 03:50:00+00:00,111.84,2024-02-14 04:00:00+00:00,111.82,2024-02-14 04:05:00+00:00,111.8759,75.102879,8402.2,111.5314,111.5314,0,2024-02-14 04:25:00+00:00,111.3641,STOP_LOSS,4,-38.44,6.7218,6.691,16.7468,-51.85,-2.004
47,SOLUSDT,LONG,spot,2024-02-14 19:55:00+00:00,116.0385,115.8843,0.4042,2024-02-14 20:05:00+00:00,116.41,2024-02-14 20:15:00+00:00,116.12,2024-02-14 20:20:00+00:00,116.1781,71.879938,8350.87,115.8035,116.1367,4,2024-02-14 21:00:00+00:00,115.9625,TRAILING_STOP,8,-15.5,6.6807,6.6683,16.6785,-28.85,-1.071
48,BTCUSDT,LONG,spot,2024-02-15 16:35:00+00:00,52191.9056,52127.5634,180.7237,2024-02-15 16:40:00+00:00,52344.17,2024-02-15 16:50:00+00:00,52242.6,2024-02-15 16:55:00+00:00,52268.7213,0.159222,8322.31,52091.4186,52091.4186,0,2024-02-15 17:35:00+00:00,52013.2815,STOP_LOSS,8,-40.67,6.6579,6.6253,16.5836,-53.95,-1.911
49,ETHUSDT,LONG,spot,2024-02-15 23:25:00+00:00,2819.1962,2817.1816,5.5219,2024-02-15 23:30:00+00:00,2823.88,2024-02-15 23:55:00+00:00,2822.59,2024-02-16 00:00:00+00:00,2823.9913,2.928089,8268.9,2816.0772,2830.0408,1,2024-02-16 00:20:00+00:00,2825.7957,TRAILING_STOP,4,5.28,6.6151,6.6193,16.5457,-7.95,-0.343
50,ETHUSDT,LONG,spot,2024-02-16 12:10:00+00:00,2825.3677,2822.9507,5.6883,2024-02-16 12:15:00+00:00,2828.55,2024-02-16 12:20:00+00:00,2828.95,2024-02-16 12:25:00+00:00,2830.3645,2.918715,8261.03,2821.813,2837.0829,7,2024-02-16 13:30:00+00:00,2832.8272,TRAILING_STOP,13,7.19,6.6088,6.6146,16.5328,-6.04,-0.242
51,BNBUSDT,LONG,spot,2024-02-16 16:10:00+00:00,359.3651,358.8081,1.602,2024-02-16 16:15:00+00:00,362.2,2024-02-16 16:35:00+00:00,360.2,2024-02-16 16:40:00+00:00,360.3801,22.032022,7939.9,358.4878,358.4878,0,2024-02-16 16:45:00+00:00,357.95,STOP_LOSS,1,-53.54,6.3519,6.3091,15.7995,-66.2,-1.588
52,BNBUSDT,LONG,spot,2024-02-17 07:55:00+00:00,359.0002,358.8652,0.5019,2024-02-17 08:00:00+00:00,359.7,2024-02-17 08:10:00+00:00,359.1,2024-02-17 08:15:00+00:00,359.1795,22.800616,8189.51,358.7648,358.7648,0,2024-02-17 08:20:00+00:00,356.6642,STOP_LOSS,1,-57.35,6.5516,6.5057,16.293,-70.41,-7.447
53,BNBUSDT,LONG,spot,2024-02-18 22:45:00+00:00,351.8276,351.4254,0.8513,2024-02-18 22:50:00+00:00,353.3,2024-02-18 23:15:00+00:00,352.5,2024-02-18 23:20:00+00:00,352.7763,23.016881,8119.81,351.2552,351.2552,0,2024-02-18 23:30:00+00:00,350.7283,STOP_LOSS,2,-47.14,6.4958,6.4581,16.1689,-60.09,-1.716
54,BNBUSDT,LONG,spot,2024-02-19 00:30:00+00:00,351.9448,351.6509,1.2278,2024-02-19 00:35:00+00:00,355.0,2024-02-19 00:50:00+00:00,352.4,2024-02-19 00:55:00+00:00,352.5762,22.861208,8060.32,351.4054,351.4054,0,2024-02-19 01:00:00+00:00,350.8783,STOP_LOSS,1,-38.82,6.4483,6.4172,16.0624,-51.68,-1.931
55,BNBUSDT,LONG,spot,2024-02-19 06:10:00+00:00,351.771,351.7174,0.6712,2024-02-19 06:15:00+00:00,353.0,2024-02-19 06:35:00+00:00,352.0,2024-02-19 06:40:00+00:00,352.0759,22.748367,8009.15,351.5831,353.3452,8,2024-02-19 08:15:00+00:00,352.8152,TRAILING_STOP,19,16.82,6.4073,6.4208,16.0435,3.99,0.356
56,BNBUSDT,LONG,spot,2024-02-20 01:15:00+00:00,352.75,352.5735,1.0286,2024-02-20 01:45:00+00:00,353.4,2024-02-20 01:50:00+00:00,353.2,2024-02-20 01:55:00+00:00,353.2765,22.682234,8013.1,352.3678,354.0727,13,2024-02-20 03:55:00+00:00,353.5416,TRAILING_STOP,24,6.01,6.4105,6.4153,16.0352,-6.81,-0.331
57,ETHUSDT,LONG,spot,2024-02-21 21:50:00+00:00,2915.2847,2911.5036,7.67,2024-02-21 21:55:00+00:00,2927.99,2024-02-21 22:10:00+00:00,2916.34,2024-02-21 22:15:00+00:00,2917.7882,2.743981,8006.35,2909.9696,2963.812,17,2024-02-22 00:00:00+00:00,2959.3663,TRAILING_STOP,21,114.09,6.4051,6.4964,16.1838,101.19,4.717
58,ETHUSDT,LONG,spot,2024-02-22 15:45:00+00:00,2972.0991,2970.3629,11.5409,2024-02-22 15:50:00+00:00,2983.21,2024-02-22 16:15:00+00:00,2977.69,2024-02-22 16:20:00+00:00,2979.1888,2.721053,8106.53,2968.0547,2968.0547,0,2024-02-22 16:25:00+00:00,2963.6027,STOP_LOSS,1,-42.41,6.4852,6.4513,16.1494,-55.35,-1.827
59,BNBUSDT,LONG,spot,2024-02-22 17:50:00+00:00,379.9041,379.6366,0.7575,2024-02-22 17:55:00+00:00,380.9,2024-02-22 18:05:00+00:00,380.4,2024-02-22 18:10:00+00:00,380.5902,21.155924,8051.74,379.4851,383.1584,18,2024-02-22 20:30:00+00:00,382.5836,TRAILING_STOP,28,42.17,6.4414,6.4751,16.1667,29.26,1.251
60,SOLUSDT,LONG,spot,2024-02-23 11:15:00+00:00,102.4638,102.3295,0.2749,2024-02-23 11:20:00+00:00,102.62,2024-02-23 11:25:00+00:00,102.55,2024-02-23 11:30:00+00:00,102.6013,78.75829,8080.7,102.2745,102.2745,0,2024-02-23 12:10:00+00:00,102.1211,STOP_LOSS,8,-37.82,6.4646,6.4343,16.1047,-50.72,-1.971
61,BNBUSDT,LONG,spot,2024-02-26 06:55:00+00:00,386.1871,385.8547,0.6891,2024-02-26 07:00:00+00:00,387.9,2024-02-26 07:35:00+00:00,386.5,2024-02-26 07:40:00+00:00,386.5932,20.772452,8030.49,385.7169,387.7409,5,2024-02-26 08:40:00+00:00,387.1592,TRAILING_STOP,12,11.76,6.4244,6.4338,16.0786,-1.1,-0.06
62,ETHUSDT,LONG,spot,2024-02-28 03:40:00+00:00,3243.8805,3242.4169,4.2632,2024-02-28 03:50:00+00:00,3249.5,2024-02-28 04:00:00+00:00,3250.0,2024-02-28 04:05:00+00:00,3251.625,2.46935,8029.4,3241.5643,3258.863,3,2024-02-28 04:35:00+00:00,3253.9747,TRAILING_STOP,6,5.8,6.4235,6.4282,16.0675,-7.05,-0.284
63,SOLUSDT,LONG,spot,2024-02-28 18:45:00+00:00,112.7069,112.2002,1.649,2024-02-28 19:00:00+00:00,113.97,2024-02-28 19:05:00+00:00,112.73,2024-02-28 19:10:00+00:00,112.7764,44.723643,5043.77,111.8704,111.8704,0,2024-02-28 19:35:00+00:00,111.7026,STOP_LOSS,5,-48.02,4.035,3.9966,10.0155,-56.05,-1.383
64,SOLUSDT,LONG,spot,2024-03-02 12:25:00+00:00,129.1516,129.0098,0.5544,2024-03-02 12:30:00+00:00,129.97,2024-03-02 13:05:00+00:00,129.2,2024-03-02 13:10:00+00:00,129.2746,61.627938,7966.93,128.899,128.899,0,2024-03-02 13:30:00+00:00,128.7056,STOP_LOSS,4,-35.07,6.3735,6.3455,15.8813,-47.79,-2.064
65,ETHUSDT,LONG,spot,2024-03-02 17:00:00+00:00,3418.5741,3416.5599,5.7876,2024-03-02 17:05:00+00:00,3428.71,2024-03-02 17:15:00+00:00,3422.68,2024-03-02 17:20:00+00:00,3424.3913,2.312709,7919.62,3415.4023,3415.4023,0,2024-03-02 17:55:00+00:00,3410.2792,STOP_LOSS,7,-32.64,6.3357,6.3096,15.7903,-45.28,-2.178
66,SOLUSDT,LONG,spot,2024-03-02 21:10:00+00:00,129.2326,129.015,0.4864,2024-03-02 21:15:00+00:00,129.59,2024-03-02 21:30:00+00:00,129.51,2024-03-02 21:35:00+00:00,129.5648,60.7788,7874.79,128.9177,128.9177,0,2024-03-02 21:40:00+00:00,128.7243,STOP_LOSS,1,-51.08,6.2998,6.259,15.673,-63.64,-1.618
67,SOLUSDT,LONG,spot,2024-03-03 01:15:00+00:00,129.4573,129.1934,0.6864,2024-03-03 01:20:00+00:00,130.18,2024-03-03 01:25:00+00:00,130.05,2024-03-03 01:30:00+00:00,130.125,36.908663,4802.74,129.0561,129.0561,0,2024-03-03 02:20:00+00:00,128.8625,STOP_LOSS,10,-46.6,3.8422,3.8049,9.5356,-54.25,-1.375
68,SOLUSDT,LONG,spot,2024-03-03 14:30:00+00:00,128.8025,128.6832,0.4608,2024-03-03 14:35:00+00:00,129.38,2024-03-03 14:45:00+00:00,129.03,2024-03-03 14:50:00+00:00,129.1145,60.086837,7758.08,128.591,128.591,0,2024-03-03 14:55:00+00:00,128.3982,STOP_LOSS,1,-43.04,6.2065,6.172,15.4516,-55.42,-1.762
69,SOLUSDT,LONG,spot,2024-03-03 15:35:00+00:00,128.9849,128.869,0.4791,2024-03-03 15:45:00+00:00,129.46,2024-03-03 16:00:00+00:00,129.02,2024-03-03 16:05:00+00:00,129.0745,59.680378,7703.22,128.7732,129.1521,5,2024-03-03 16:45:00+00:00,128.9584,TRAILING_STOP,8,-6.93,6.1626,6.157,15.396,-19.25,-1.071
70,BNBUSDT,LONG,spot,2024-03-04 06:50:00+00:00,414.7842,414.7243,0.4015,2024-03-04 06:55:00+00:00,415.3,2024-03-04 07:00:00+00:00,415.8,2024-03-04 07:05:00+00:00,416.0079,18.47118,7684.16,414.644,421.332,11,2024-03-04 09:00:00+00:00,420.7,TRAILING_STOP,23,86.67,6.1473,6.2167,15.4983,74.31,2.95
71,SOLUSDT,LONG,spot,2024-03-04 14:40:00+00:00,131.8853,131.6029,0.7534,2024-03-04 15:05:00+00:00,132.47,2024-03-04 15:15:00+00:00,132.22,2024-03-04 15:20:00+00:00,132.2761,47.554798,6290.36,131.4522,131.4522,0,2024-03-04 16:00:00+00:00,131.255,STOP_LOSS,8,-48.56,5.0323,4.9934,12.5079,-58.58,-1.495
72,BNBUSDT,LONG,spot,2024-03-05 11:00:00+00:00,419.7051,419.4774,0.7143,2024-03-05 11:05:00+00:00,420.2,2024-03-05 11:15:00+00:00,420.2,2024-03-05 11:20:00+00:00,420.4101,18.314788,7699.72,419.3346,419.3346,0,2024-03-05 11:30:00+00:00,418.7056,STOP_LOSS,2,-31.22,6.1598,6.1348,15.3526,-43.51,-2.209
73,SOLUSDT,LONG,spot,2024-03-05 17:50:00+00:00,133.6954,133.0442,1.6673,2024-03-05 17:55:00+00:00,135.02,2024-03-05 18:05:00+00:00,134.03,2024-03-05 18:10:00+00:00,134.107,27.69533,3714.14,132.7108,132.7108,0,2024-03-05 18:25:00+00:00,132.5117,STOP_LOSS,3,-44.18,2.9713,2.936,7.362,-50.09,-1.295
74,BTCUSDT,LONG,spot,2024-03-06 15:55:00+00:00,66409.3837,66263.2883,349.7859,2024-03-06 16:00:00+00:00,66592.3,2024-03-06 16:30:00+00:00,66431.17,2024-03-06 16:35:00+00:00,66464.3856,0.114453,7607.05,66193.3311,66996.2885,12,2024-03-06 18:30:00+00:00,66895.794,TRAILING_STOP,23,49.38,6.0856,6.1251,15.2882,37.17,1.198
75,ETHUSDT,LONG,spot,2024-03-06 17:10:00+00:00,3803.3506,3796.4811,17.1205,2024-03-06 17:30:00+00:00,3817.8,2024-03-06 17:40:00+00:00,3811.32,2024-03-06 17:45:00+00:00,3813.2257,1.920117,7321.84,3793.057,3831.1526,7,2024-03-06 18:45:00+00:00,3825.4058,TRAILING_STOP,12,23.39,5.8575,5.8762,14.6788,11.65,0.301
76,BNBUSDT,LONG,spot,2024-03-07 06:40:00+00:00,427.2359,426.6502,1.3451,2024-03-07 07:00:00+00:00,428.3,2024-03-07 07:05:00+00:00,427.3,2024-03-07 07:10:00+00:00,427.5136,17.906763,7655.39,426.3812,433.2124,15,2024-03-07 08:45:00+00:00,432.5626,TRAILING_STOP,19,90.41,6.1243,6.1966,15.4464,78.09,3.851
77,ETHUSDT,LONG,spot,2024-03-07 08:40:00+00:00,3792.7367,3787.4454,11.7365,2024-03-07 09:10:00+00:00,3799.01,2024-03-07 09:15:00+00:00,3797.37,2024-03-07 09:20:00+00:00,3799.2687,2.035311,7732.69,3785.0981,3785.0981,0,2024-03-07 09:25:00+00:00,3779.4205,STOP_LOSS,1,-40.4,6.1862,6.1538,15.4048,-52.74,-1.829
78,SOLUSDT,LONG,spot,2024-03-08 07:30:00+00:00,144.5017,144.2721,0.5324,2024-03-08 07:35:00+00:00,145.11,2024-03-08 07:45:00+00:00,144.81,2024-03-08 07:50:00+00:00,144.8924,53.008192,7680.48,144.1656,145.4308,4,2024-03-08 09:00:00+00:00,145.2126,TRAILING_STOP,14,16.97,6.1444,6.158,15.3864,4.67,0.121
79,BTCUSDT,LONG,spot,2024-03-08 16:50:00+00:00,67681.4481,67539.3145,534.2682,2024-03-08 17:00:00+00:00,67982.02,2024-03-08 17:15:00+00:00,67904.0,2024-03-08 17:20:00+00:00,67937.962,0.076783,5216.45,67432.4609,68158.2381,7,2024-03-08 18:05:00+00:00,68056.0008,TRAILING_STOP,9,9.06,4.1732,4.1804,10.4465,0.71,0.018
80,ETHUSDT,LONG,spot,2024-03-08 17:55:00+00:00,3929.4163,3925.9796,20.456,2024-03-08 18:10:00+00:00,3947.42,2024-03-08 18:20:00+00:00,3933.37,2024-03-08 18:25:00+00:00,3935.3467,1.95302,7685.81,3921.8884,3921.8884,0,2024-03-08 18:35:00+00:00,3916.0056,STOP_LOSS,2,-37.77,6.1486,6.1184,15.315,-50.04,-1.904
81,SOLUSDT,LONG,spot,2024-03-09 03:10:00+00:00,145.931,145.6961,0.5335,2024-03-09 03:15:00+00:00,146.33,2024-03-09 03:25:00+00:00,146.09,2024-03-09 03:30:00+00:00,146.173,52.241311,7636.27,145.5894,145.5894,0,2024-03-09 03:35:00+00:00,145.371,STOP_LOSS,1,-41.9,6.109,6.0755,15.2097,-54.08,-1.774
82,ETHUSDT,LONG,spot,2024-03-09 13:45:00+00:00,3916.5324,3914.9758,5.048,2024-03-09 14:05:00+00:00,3921.87,2024-03-09 14:20:00+00:00,3922.89,2024-03-09 14:25:00+00:00,3924.8514,1.931979,7582.73,3913.9662,3913.9662,0,2024-03-09 14:50:00+00:00,3908.0953,STOP_LOSS,5,-32.37,6.0662,6.0403,15.1169,-44.48,-2.115
83,SOLUSDT,LONG,spot,2024-03-09 15:50:00+00:00,146.5656,146.3996,0.421,2024-03-09 15:55:00+00:00,147.0,2024-03-09 16:00:00+00:00,146.64,2024-03-09 16:05:00+00:00,146.7133,51.383857,7538.7,146.3154,146.3154,0,2024-03-09 16:10:00+00:00,146.0306,STOP_LOSS,1,-35.08,6.031,6.0029,15.0248,-47.11,-2.304
84,SOLUSDT,LONG,spot,2024-03-12 09:35:00+00:00,151.5375,151.218,0.8331,2024-03-12 09:40:00+00:00,152.27,2024-03-12 09:50:00+00:00,151.65,2024-03-12 09:55:00+00:00,151.7158,49.382154,7492.05,151.0514,151.0514,0,2024-03-12 10:15:00+00:00,150.8248,STOP_LOSS,4,-44.0,5.9936,5.9584,14.9181,-55.95,-1.705
85,SOLUSDT,LONG,spot,2024-03-12 10:50:00+00:00,151.3858,151.1613,0.6768,2024-03-12 11:20:00+00:00,152.22,2024-03-12 11:25:00+00:00,151.42,2024-03-12 11:30:00+00:00,151.4957,49.088273,7436.66,151.026,151.026,0,2024-03-12 11:40:00+00:00,150.7994,STOP_LOSS,2,-34.18,5.9493,5.922,14.8221,-46.05,-1.997
86,BTCUSDT,LONG,spot,2024-03-12 12:40:00+00:00,71966.4387,71953.2264,250.4554,2024-03-12 12:55:00+00:00,72193.19,2024-03-12 13:05:00+00:00,72095.99,2024-03-12 13:10:00+00:00,72132.038,0.102466,7391.07,71903.1353,71903.1353,0,2024-03-12 13:35:00+00:00,71795.2806,STOP_LOSS,5,-34.51,5.9129,5.8853,14.7304,-46.3,-1.974
87,SOLUSDT,LONG,spot,2024-03-13 04:45:00+00:00,149.4951,149.4026,0.3842,2024-03-13 04:50:00+00:00,150.05,2024-03-13 05:00:00+00:00,149.78,2024-03-13 05:05:00+00:00,149.8549,49.015633,7345.23,149.3258,151.6298,6,2024-03-13 05:55:00+00:00,151.4023,TRAILING_STOP,10,75.85,5.8762,5.9369,14.8042,64.04,2.469
88,BTCUSDT,LONG,spot,2024-03-13 17:30:00+00:00,72773.4502,72733.9499,181.3998,2024-03-13 17:40:00+00:00,72880.13,2024-03-13 18:05:00+00:00,72869.99,2024-03-13 18:10:00+00:00,72906.435,0.101618,7408.63,72697.67,73019.2782,8,2024-03-13 19:20:00+00:00,72909.7493,TRAILING_STOP,14,0.34,5.9269,5.9272,14.8178,-11.52,-0.543
89,ETHUSDT,LONG,spot,2024-03-14 09:20:00+00:00,3978.9791,3976.7996,6.1141,2024-03-14 09:25:00+00:00,3992.33,2024-03-14 09:35:00+00:00,3984.1,2024-03-14 09:40:00+00:00,3986.092,1.855759,7397.23,3975.5768,3975.5768,0,2024-03-14 10:10:00+00:00,3969.6134,STOP_LOSS,6,-30.58,5.9178,5.8933,14.7486,-42.39,-2.172
90,ETHUSDT,LONG,spot,2024-03-16 06:55:00+00:00,3722.887,3719.8551,7.7264,2024-03-16 07:05:00+00:00,3728.97,2024-03-16 07:20:00+00:00,3726.49,2024-03-16 07:25:00+00:00,3728.3432,1.972795,7355.26,3718.3098,3727.4543,4,2024-03-16 08:05:00+00:00,3721.8631,TRAILING_STOP,8,-12.78,5.8842,5.874,14.6913,-24.54,-1.24
91,BNBUSDT,LONG,spot,2024-03-17 14:30:00+00:00,572.5093,571.5934,2.5299,2024-03-17 14:35:00+00:00,578.2,2024-03-17 14:50:00+00:00,573.5,2024-03-17 14:55:00+00:00,573.7867,12.776457,7330.96,571.0875,584.6083,14,2024-03-17 16:10:00+00:00,583.7314,TRAILING_STOP,15,127.06,5.8648,5.9664,14.8525,115.23,3.341
92,ETHUSDT,LONG,spot,2024-03-20 18:05:00+00:00,3297.1386,3288.0213,25.3913,2024-03-20 18:10:00+00:00,3342.9,2024-03-20 18:15:00+00:00,3303.62,2024-03-20 18:20:00+00:00,3305.2718,1.683983,5566.02,3282.9431,3357.1974,6,2024-03-20 19:20:00+00:00,3352.1616,TRAILING_STOP,12,78.96,4.4528,4.516,11.2505,69.99,1.861
93,BTCUSDT,LONG,spot,2024-03-21 06:35:00+00:00,66988.7751,66915.4737,216.9103,2024-03-21 06:50:00+00:00,67114.79,2024-03-21 07:05:00+00:00,67056.58,2024-03-21 07:10:00+00:00,67090.0983,0.112004,7514.33,66872.0916,67058.0538,5,2024-03-21 07:45:00+00:00,66957.4667,TRAILING_STOP,7,-14.86,6.0115,5.9996,15.0064,-26.87,-1.1
94,SOLUSDT,LONG,spot,2024-03-21 11:35:00+00:00,189.1226,189.0889,1.1137,2024-03-21 12:05:00+00:00,189.73,2024-03-21 12:45:00+00:00,189.83,2024-03-21 12:50:00+00:00,189.9249,35.719683,6784.06,188.8662,189.4908,4,2024-03-21 13:30:00+00:00,189.2066,TRAILING_STOP,8,-25.66,5.4272,5.4067,13.5296,-36.49,-0.965
95,ETHUSDT,LONG,spot,2024-03-21 14:05:00+00:00,3538.3084,3532.1335,16.6608,2024-03-21 14:20:00+00:00,3555.15,2024-03-21 14:30:00+00:00,3539.68,2024-03-21 14:35:00+00:00,3541.4498,2.104111,7451.6,3528.8014,3528.8014,0,2024-03-21 14:45:00+00:00,3523.5082,STOP_LOSS,2,-37.75,5.9613,5.9311,14.8466,-49.64,-1.865
96,BNBUSDT,LONG,spot,2024-03-22 00:15:00+00:00,554.7702,554.3448,1.8881,2024-03-22 00:20:00+00:00,558.1,2024-03-22 00:30:00+00:00,555.2,2024-03-22 00:35:00+00:00,555.4776,13.326289,7402.45,553.9672,564.0907,10,2024-03-22 01:30:00+00:00,563.2445,TRAILING_STOP,11,103.5,5.922,6.0048,14.9602,91.58,4.55
97,ETHUSDT,LONG,spot,2024-03-22 00:55:00+00:00,3494.6553,3489.5237,13.1833,2024-03-22 01:10:00+00:00,3508.41,2024-03-22 01:20:00+00:00,3499.2,2024-03-22 01:25:00+00:00,3500.9496,2.112739,7396.59,3486.887,3486.887,0,2024-03-22 01:30:00+00:00,3481.6567,STOP_LOSS,1,-40.76,5.9173,5.8847,14.732,-52.56,-1.769
98,BTCUSDT,LONG,spot,2024-03-23 04:30:00+00:00,63719.555,63660.8241,171.629,2024-03-23 04:35:00+00:00,63980.01,2024-03-23 05:10:00+00:00,63844.25,2024-03-23 05:15:00+00:00,63876.1721,0.116492,7441.08,63626.4983,64093.8497,12,2024-03-23 06:45:00+00:00,63997.709,TRAILING_STOP,18,14.16,5.9529,5.9642,14.9034,2.24,0.077
99,SOLUSDT,LONG,spot,2024-03-23 17:40:00+00:00,175.6534,175.4239,0.6553,2024-03-23 17:45:00+00:00,176.1,2024-03-23 17:50:00+00:00,175.85,2024-03-23 17:55:00+00:00,175.9479,42.303982,7443.3,175.2928,175.7417,6,2024-03-23 18:40:00+00:00,175.478,TRAILING_STOP,9,-19.88,5.9546,5.9387,14.8568,-31.77,-1.146
100,SOLUSDT,LONG,spot,2024-03-23 18:05:00+00:00,175.7104,175.6205,0.5438,2024-03-23 18:10:00+00:00,176.43,2024-03-23 18:40:00+00:00,175.94,2024-03-23 18:45:00+00:00,176.038,42.103667,7411.84,175.5117,175.5117,0,2024-03-23 19:15:00+00:00,175.2484,STOP_LOSS,6,-33.24,5.9295,5.9029,14.7738,-45.08,-2.034
101,SOLUSDT,LONG,spot,2024-03-24 08:50:00+00:00,173.6975,173.4137,0.6481,2024-03-24 08:55:00+00:00,175.79,2024-03-24 09:20:00+00:00,173.92,2024-03-24 09:25:00+00:00,174.007,42.338651,7367.22,173.2841,174.4083,8,2024-03-24 11:00:00+00:00,174.1467,TRAILING_STOP,19,5.91,5.8938,5.8985,14.7433,-5.88,-0.192
102,ETHUSDT,LONG,spot,2024-03-24 18:35:00+00:00,3378.0811,3374.522,13.075,2024-03-24 18:40:00+00:00,3385.24,2024-03-24 18:50:00+00:00,3383.77,2024-03-24 18:55:00+00:00,3385.4619,2.174415,7361.4,3371.907,3412.9002,14,2024-03-24 21:20:00+00:00,3407.7809,TRAILING_STOP,29,48.53,5.8891,5.9279,14.7956,36.71,1.246
103,ETHUSDT,LONG,spot,2024-03-27 05:25:00+00:00,3602.143,3599.9606,5.6601,2024-03-27 05:35:00+00:00,3609.26,2024-03-27 06:15:00+00:00,3608.0,2024-03-27 06:20:00+00:00,3609.804,2.049349,7397.75,3598.8285,3598.8285,0,2024-03-27 07:05:00+00:00,3593.4303,STOP_LOSS,9,-33.56,5.9182,5.8914,14.7452,-45.36,-2.017
104,SOLUSDT,LONG,spot,2024-03-28 18:20:00+00:00,185.9124,185.8139,0.505,2024-03-28 18:25:00+00:00,186.74,2024-03-28 18:40:00+00:00,186.15,2024-03-28 18:45:00+00:00,186.2331,39.481903,7352.84,185.7129,185.7129,0,2024-03-28 18:55:00+00:00,185.4343,STOP_LOSS,2,-31.54,5.8823,5.857,14.6584,-43.28,-2.107
105,ETHUSDT,LONG,spot,2024-03-29 14:15:00+00:00,3547.7538,3545.9787,5.8426,2024-03-29 14:20:00+00:00,3551.05,2024-03-29 14:25:00+00:00,3552.0,2024-03-29 14:30:00+00:00,3553.766,2.056971,7309.99,3544.8102,3544.8102,0,2024-03-29 14:55:00+00:00,3539.493,STOP_LOSS,5,-29.36,5.848,5.8245,14.5759,-41.03,-2.227
106,ETHUSDT,LONG,spot,2024-03-30 05:15:00+00:00,3506.4191,3504.4461,7.9061,2024-03-30 05:20:00+00:00,3519.7,2024-03-30 05:30:00+00:00,3510.21,2024-03-30 05:35:00+00:00,3511.9651,2.069887,7269.37,3502.8649,3502.8649,0,2024-03-30 06:00:00+00:00,3497.6106,STOP_LOSS,5,-29.71,5.8155,5.7917,14.4942,-41.32,-2.194
107,SOLUSDT,LONG,spot,2024-03-30 16:10:00+00:00,196.4666,196.2604,0.4551,2024-03-30 16:25:00+00:00,196.89,2024-03-30 16:40:00+00:00,196.7,2024-03-30 16:45:00+00:00,196.7983,36.730317,7228.47,196.1694,196.7795,3,2024-03-30 17:10:00+00:00,196.4843,TRAILING_STOP,5,-11.54,5.7828,5.7735,14.4396,-23.09,-1.0
108,SOLUSDT,LONG,spot,2024-03-31 12:30:00+00:00,196.2082,196.0839,0.3775,2024-03-31 13:00:00+00:00,196.4,2024-03-31 13:05:00+00:00,196.38,2024-03-31 13:10:00+00:00,196.4682,36.675682,7205.6,196.0084,196.9481,5,2024-03-31 13:55:00+00:00,196.6527,TRAILING_STOP,9,6.77,5.7645,5.7699,14.4214,-4.77,-0.283
109,SOLUSDT,LONG,spot,2024-03-31 16:50:00+00:00,196.2042,196.1254,0.3061,2024-03-31 16:55:00+00:00,196.36,2024-03-31 17:00:00+00:00,196.46,2024-03-31 17:05:00+00:00,196.5482,36.63674,7200.89,196.0641,196.6008,4,2024-03-31 18:05:00+00:00,196.3059,TRAILING_STOP,12,-8.88,5.7607,5.7536,14.3885,-20.39,-1.15
110,BNBUSDT,LONG,spot,2024-04-03 14:30:00+00:00,558.0759,557.7,2.1916,2024-04-03 14:35:00+00:00,561.7,2024-04-03 14:40:00+00:00,558.8,2024-04-03 14:45:00+00:00,558.9794,12.846085,7180.7,557.2616,557.3416,1,2024-04-03 15:20:00+00:00,556.5056,TRAILING_STOP,7,-31.78,5.7446,5.7191,14.3137,-43.24,-1.96
111,SOLUSDT,LONG,spot,2024-04-06 00:30:00+00:00,175.1008,174.9973,0.5891,2024-04-06 00:35:00+00:00,176.38,2024-04-06 00:45:00+00:00,175.41,2024-04-06 00:50:00+00:00,175.4977,40.672249,7137.89,174.8794,174.8794,0,2024-04-06 01:05:00+00:00,174.6171,STOP_LOSS,3,-35.82,5.7103,5.6817,14.2221,-47.21,-1.877
112,SOLUSDT,LONG,spot,2024-04-07 16:10:00+00:00,180.8881,180.6679,0.6137,2024-04-07 16:30:00+00:00,181.68,2024-04-07 17:00:00+00:00,181.32,2024-04-07 17:05:00+00:00,181.4107,39.088946,7091.15,180.5451,180.5451,0,2024-04-07 17:10:00+00:00,180.0395,STOP_LOSS,1,-53.6,5.6729,5.63,14.1019,-64.9,-1.918
113,BTCUSDT,LONG,spot,2024-04-11 12:55:00+00:00,70593.2676,70530.4995,262.8938,2024-04-11 13:00:00+00:00,70924.0,2024-04-11 13:20:00+00:00,70713.16,2024-04-11 13:25:00+00:00,70748.5266,0.099322,7026.9,70477.9207,70477.9207,0,2024-04-11 13:35:00+00:00,70372.2038,STOP_LOSS,2,-37.38,5.6215,5.5916,13.9977,-48.59,-1.808
114,SOLUSDT,LONG,spot,2024-04-12 02:25:00+00:00,173.2687,173.1352,0.4367,2024-04-12 02:30:00+00:00,173.92,2024-04-12 02:50:00+00:00,173.38,2024-04-12 02:55:00+00:00,173.4567,40.233659,6978.8,173.0478,173.5687,5,2024-04-12 03:45:00+00:00,173.3084,TRAILING_STOP,10,-5.97,5.583,5.5783,13.9486,-17.13,-1.041
115,ETHUSDT,LONG,spot,2024-04-13 15:30:00+00:00,3269.7808,3266.1132,10.4161,2024-04-13 15:35:00+00:00,3283.21,2024-04-13 15:55:00+00:00,3272.39,2024-04-13 16:00:00+00:00,3274.0362,2.126379,6961.84,3264.03,3264.03,0,2024-04-13 16:05:00+00:00,3259.1339,STOP_LOSS,1,-31.69,5.5695,5.5441,13.8761,-42.8,-2.012
117,SOLUSDT,LONG,spot,2024-04-14 13:05:00+00:00,140.9745,140.5957,1.4442,2024-04-14 13:10:00+00:00,142.21,2024-04-14 13:20:00+00:00,141.22,2024-04-14 13:25:00+00:00,141.2906,35.574155,5026.29,140.3069,140.3069,0,2024-04-14 13:30:00+00:00,140.0964,STOP_LOSS,1,-42.48,4.021,3.987,9.9889,-50.49,-1.443
116,BTCUSDT,LONG,spot,2024-04-14 12:50:00+00:00,64348.3554,64292.9497,192.0441,2024-04-14 12:55:00+00:00,64525.25,2024-04-14 13:00:00+00:00,64423.99,2024-04-14 13:05:00+00:00,64456.192,0.107351,6919.47,64254.5409,64446.9276,4,2024-04-14 13:35:00+00:00,64350.2572,TRAILING_STOP,6,-11.37,5.5356,5.5265,13.8219,-22.43,-1.036
119,BTCUSDT,LONG,spot,2024-04-14 18:30:00+00:00,64163.6437,64097.5865,337.8876,2024-04-14 18:35:00+00:00,64552.3,2024-04-14 19:00:00+00:00,64201.73,2024-04-14 19:05:00+00:00,64233.8209,0.10655,6844.1,64030.009,64030.009,0,2024-04-14 19:15:00+00:00,63933.964,STOP_LOSS,2,-31.95,5.4753,5.4497,13.6403,-42.87,-1.974
118,ETHUSDT,LONG,spot,2024-04-14 18:10:00+00:00,3058.1652,3051.4665,25.7497,2024-04-14 18:15:00+00:00,3073.49,2024-04-14 18:20:00+00:00,3071.35,2024-04-14 18:25:00+00:00,3072.8757,1.302082,4001.14,3046.3165,3150.8507,19,2024-04-14 23:50:00+00:00,3146.1244,TRAILING_STOP,65,95.38,3.2009,3.2772,8.1453,88.9,2.571
120,ETHUSDT,LONG,spot,2024-04-16 19:05:00+00:00,3060.6727,3054.7601,11.9433,2024-04-16 19:15:00+00:00,3068.18,2024-04-16 19:30:00+00:00,3062.3,2024-04-16 19:35:00+00:00,3063.8211,2.249751,6892.83,3052.3715,3052.3715,0,2024-04-16 20:05:00+00:00,3047.7929,STOP_LOSS,6,-36.06,5.5143,5.4854,13.7316,-47.06,-1.827
121,SOLUSDT,LONG,spot,2024-04-20 13:30:00+00:00,142.3039,142.0887,0.4982,2024-04-20 13:35:00+00:00,143.25,2024-04-20 13:50:00+00:00,142.32,2024-04-20 13:55:00+00:00,142.4012,48.077178,6846.25,141.9891,142.3383,4,2024-04-20 14:30:00+00:00,142.1248,TRAILING_STOP,7,-13.29,5.477,5.4664,13.6726,-24.23,-1.223
122,SOLUSDT,LONG,spot,2024-04-21 10:20:00+00:00,151.0415,150.848,0.5226,2024-04-21 10:45:00+00:00,151.43,2024-04-21 11:00:00+00:00,151.47,2024-04-21 11:05:00+00:00,151.5557,42.419635,6428.94,150.7435,151.4075,1,2024-04-21 11:25:00+00:00,151.1803,TRAILING_STOP,4,-15.92,5.1432,5.1304,12.834,-26.2,-0.76
123,ETHUSDT,LONG,spot,2024-04-21 21:15:00+00:00,3150.7838,3148.3767,6.5725,2024-04-21 21:20:00+00:00,3157.54,2024-04-21 21:30:00+00:00,3154.0,2024-04-21 21:35:00+00:00,3155.567,2.153756,6796.32,3147.0622,3147.0622,0,2024-04-21 21:40:00+00:00,3141.0214,STOP_LOSS,1,-31.33,5.4371,5.412,13.5456,-42.18,-2.303
124,SOLUSDT,LONG,spot,2024-04-21 22:10:00+00:00,149.3232,149.0838,0.7053,2024-04-21 22:15:00+00:00,149.96,2024-04-21 22:25:00+00:00,149.57,2024-04-21 22:30:00+00:00,149.6448,45.137328,6754.57,148.9427,148.9427,0,2024-04-21 22:55:00+00:00,148.7193,STOP_LOSS,5,-41.77,5.4037,5.3702,13.4465,-52.55,-1.658
125,SOLUSDT,LONG,spot,2024-04-22 16:45:00+00:00,153.5579,153.3826,0.63,2024-04-22 17:00:00+00:00,154.08,2024-04-22 17:20:00+00:00,153.73,2024-04-22 17:25:00+00:00,153.7969,43.580499,6702.54,153.2566,154.6665,5,2024-04-22 18:00:00+00:00,154.4345,TRAILING_STOP,7,27.79,5.362,5.3843,13.4468,17.04,0.724
126,BNBUSDT,LONG,spot,2024-04-22 17:35:00+00:00,597.0284,596.5312,1.6633,2024-04-22 17:40:00+00:00,599.0,2024-04-22 18:00:00+00:00,597.4,2024-04-22 18:05:00+00:00,597.6987,11.242145,6719.42,596.1986,596.1986,0,2024-04-22 18:35:00+00:00,595.3043,STOP_LOSS,6,-26.92,5.3755,5.354,13.3985,-37.65,-2.232
127,BNBUSDT,LONG,spot,2024-04-25 03:10:00+00:00,606.5746,606.16,1.872,2024-04-25 03:15:00+00:00,607.8,2024-04-25 03:20:00+00:00,608.1,2024-04-25 03:25:00+00:00,608.304,10.984875,6682.14,605.7856,605.7856,0,2024-04-25 03:55:00+00:00,604.8769,STOP_LOSS,6,-37.65,5.3457,5.3156,13.3078,-48.31,-1.746
128,SOLUSDT,LONG,spot,2024-04-26 18:40:00+00:00,143.3647,143.1908,0.394,2024-04-26 18:45:00+00:00,143.76,2024-04-26 19:15:00+00:00,143.51,2024-04-26 19:20:00+00:00,143.5818,46.205864,6634.32,143.112,143.112,0,2024-04-26 19:45:00+00:00,142.8973,STOP_LOSS,5,-31.63,5.3075,5.2822,13.2212,-42.21,-1.945
129,BNBUSDT,LONG,spot,2024-04-29 20:10:00+00:00,590.8045,590.2792,1.1656,2024-04-29 20:15:00+00:00,592.4,2024-04-29 20:40:00+00:00,591.8,2024-04-29 20:45:00+00:00,592.0959,11.13422,6592.53,590.0461,590.0461,0,2024-04-29 21:30:00+00:00,589.161,STOP_LOSS,9,-32.68,5.274,5.2479,13.136,-43.2,-1.893
130,BTCUSDT,LONG,spot,2024-05-02 07:15:00+00:00,57627.2704,57568.7808,123.9493,2024-05-02 07:20:00+00:00,57818.07,2024-05-02 08:00:00+00:00,57751.09,2024-05-02 08:05:00+00:00,57779.9655,0.113357,6549.76,57543.9909,58133.385,5,2024-05-02 11:30:00+00:00,58046.185,TRAILING_STOP,41,30.18,5.2398,5.2639,13.1448,19.67,0.735
131,BNBUSDT,LONG,spot,2024-05-03 11:15:00+00:00,564.5158,564.1505,1.377,2024-05-03 11:20:00+00:00,565.8,2024-05-03 11:35:00+00:00,565.2,2024-05-03 11:40:00+00:00,565.3826,11.619099,6569.24,563.8751,563.8751,0,2024-05-03 11:55:00+00:00,563.0293,STOP_LOSS,3,-27.34,5.2554,5.2335,13.0975,-37.83,-2.16
132,SOLUSDT,LONG,spot,2024-05-04 16:40:00+00:00,146.3337,146.1055,0.4592,2024-05-04 16:45:00+00:00,146.8,2024-05-04 17:00:00+00:00,146.61,2024-05-04 17:05:00+00:00,146.6733,44.532867,6531.78,146.0137,146.0137,0,2024-05-04 17:20:00+00:00,145.7947,STOP_LOSS,3,-39.13,5.2254,5.1941,13.0049,-49.55,-1.687
133,SOLUSDT,LONG,spot,2024-05-06 04:20:00+00:00,146.3872,146.3109,0.3143,2024-05-06 04:25:00+00:00,146.59,2024-05-06 04:30:00+00:00,146.6,2024-05-06 04:35:00+00:00,146.6733,44.198433,6482.73,146.248,147.6162,5,2024-05-06 05:10:00+00:00,147.3948,TRAILING_STOP,7,31.89,5.1862,5.2117,13.0133,21.49,1.143
134,SOLUSDT,LONG,spot,2024-05-06 18:50:00+00:00,152.5167,152.2929,0.6776,2024-05-06 18:55:00+00:00,152.94,2024-05-06 19:00:00+00:00,152.85,2024-05-06 19:05:00+00:00,152.9364,42.162916,6448.25,152.1573,152.1573,0,2024-05-06 19:10:00+00:00,151.9291,STOP_LOSS,1,-42.47,5.1586,5.1246,12.8328,-52.75,-1.606
135,BNBUSDT,LONG,spot,2024-05-06 20:30:00+00:00,589.6201,589.1964,0.9268,2024-05-06 20:35:00+00:00,590.1,2024-05-06 20:45:00+00:00,590.3,2024-05-06 20:50:00+00:00,590.5951,10.924196,6451.78,589.011,591.7994,6,2024-05-06 22:05:00+00:00,590.9117,TRAILING_STOP,15,3.46,5.1614,5.1642,12.9087,-6.87,-0.397
136,BNBUSDT,LONG,spot,2024-05-08 17:00:00+00:00,583.3255,583.1675,1.3565,2024-05-08 17:05:00+00:00,584.8,2024-05-08 17:40:00+00:00,583.8,2024-05-08 17:45:00+00:00,583.9918,11.036076,6444.98,582.8962,585.9751,8,2024-05-08 18:40:00+00:00,585.0962,TRAILING_STOP,11,12.19,5.156,5.1657,12.9082,1.87,0.154
137,ETHUSDT,LONG,spot,2024-05-11 15:15:00+00:00,2911.5179,2908.9635,7.7359,2024-05-11 15:20:00+00:00,2929.19,2024-05-11 15:30:00+00:00,2921.18,2024-05-11 15:35:00+00:00,2922.6406,2.138676,6250.58,2907.4163,2931.3503,3,2024-05-11 19:00:00+00:00,2926.9533,TRAILING_STOP,41,9.22,5.0005,5.0078,12.515,-0.78,-0.024
138,SOLUSDT,LONG,spot,2024-05-11 22:50:00+00:00,145.7393,145.6463,0.318,2024-05-11 23:05:00+00:00,146.13,2024-05-11 23:15:00+00:00,145.99,2024-05-11 23:20:00+00:00,146.063,44.131973,6446.05,145.5827,145.5827,0,2024-05-11 23:30:00+00:00,145.3643,STOP_LOSS,2,-30.83,5.1568,5.1322,12.8458,-41.12,-1.94
139,SOLUSDT,LONG,spot,2024-05-17 22:55:00+00:00,168.257,168.1263,0.2835,2024-05-17 23:00:00+00:00,168.59,2024-05-17 23:05:00+00:00,168.89,2024-05-17 23:10:00+00:00,168.9744,35.752548,6041.27,168.0696,169.4058,1,2024-05-18 00:25:00+00:00,169.1517,TRAILING_STOP,15,6.34,4.833,4.8381,12.092,-3.33,-0.103
140,SOLUSDT,LONG,spot,2024-05-19 07:45:00+00:00,173.6628,173.4586,0.444,2024-05-19 07:55:00+00:00,174.17,2024-05-19 08:00:00+00:00,173.8,2024-05-19 08:05:00+00:00,173.8769,36.819371,6402.04,173.3698,173.6901,1,2024-05-19 08:35:00+00:00,173.4296,TRAILING_STOP,6,-16.47,5.1216,5.1085,12.7794,-26.7,-1.43
141,BTCUSDT,LONG,spot,2024-05-19 11:25:00+00:00,67193.1272,67137.3483,150.4289,2024-05-19 11:40:00+00:00,67304.01,2024-05-19 12:05:00+00:00,67243.29,2024-05-19 12:10:00+00:00,67276.9217,0.094767,6375.61,67107.2625,67107.2625,0,2024-05-19 12:15:00+00:00,67006.6016,STOP_LOSS,1,-25.62,5.1005,5.08,12.7128,-35.8,-2.227
142,BTCUSDT,LONG,spot,2024-05-20 13:45:00+00:00,66993.3158,66941.6766,117.1313,2024-05-20 13:50:00+00:00,67119.99,2024-05-20 13:55:00+00:00,67099.98,2024-05-20 14:00:00+00:00,67133.53,0.094441,6340.17,66918.2503,66918.2503,0,2024-05-20 14:10:00+00:00,66817.8729,STOP_LOSS,2,-29.81,5.0721,5.0483,12.6356,-39.93,-1.964
143,BNBUSDT,LONG,spot,2024-05-22 15:45:00+00:00,618.6801,618.0597,1.575,2024-05-22 15:50:00+00:00,621.2,2024-05-22 16:30:00+00:00,619.1,2024-05-22 16:35:00+00:00,619.4095,10.171999,6300.63,617.7447,619.3608,2,2024-05-22 17:35:00+00:00,618.4317,TRAILING_STOP,12,-9.95,5.0405,5.0325,12.5863,-20.02,-1.182
144,SOLUSDT,LONG,spot,2024-05-22 22:05:00+00:00,179.3066,179.0222,0.7934,2024-05-22 22:10:00+00:00,179.89,2024-05-22 22:20:00+00:00,179.38,2024-05-22 22:25:00+00:00,179.4697,34.996516,6280.81,178.8635,178.8635,0,2024-05-22 22:30:00+00:00,178.5952,STOP_LOSS,1,-30.6,5.0247,5.0002,12.5157,-40.63,-1.915
145,ETHUSDT,LONG,spot,2024-05-23 00:10:00+00:00,3745.9183,3743.884,6.7097,2024-05-23 00:15:00+00:00,3753.6,2024-05-23 00:30:00+00:00,3756.99,2024-05-23 00:35:00+00:00,3758.8585,1.660236,6240.59,3742.542,3742.542,0,2024-05-23 01:10:00+00:00,3736.9282,STOP_LOSS,7,-36.41,4.9925,4.9633,12.4266,-46.37,-1.712
146,ETHUSDT,LONG,spot,2024-05-23 21:15:00+00:00,3785.1421,3772.3544,63.0184,2024-05-23 21:30:00+00:00,3822.09,2024-05-23 21:35:00+00:00,3805.01,2024-05-23 21:40:00+00:00,3806.9225,0.663242,2524.91,3759.7507,3759.7507,0,2024-05-23 23:30:00+00:00,3754.1111,STOP_LOSS,22,-35.03,2.0199,1.9919,4.9973,-39.04,-1.248
147,SOLUSDT,LONG,spot,2024-05-29 19:10:00+00:00,169.8485,169.5708,0.6777,2024-05-29 19:15:00+00:00,170.81,2024-05-29 19:40:00+00:00,169.89,2024-05-29 19:45:00+00:00,169.9849,36.215221,6156.04,169.4353,169.4353,0,2024-05-29 19:50:00+00:00,169.1811,STOP_LOSS,1,-29.11,4.9248,4.9015,12.2684,-38.94,-1.956
148,SOLUSDT,LONG,spot,2024-06-01 08:35:00+00:00,166.9433,166.8826,0.1819,2024-06-01 08:45:00+00:00,167.14,2024-06-01 09:20:00+00:00,167.22,2024-06-01 09:25:00+00:00,167.3036,36.565231,6117.5,166.8462,166.8462,0,2024-06-01 09:30:00+00:00,166.5959,STOP_LOSS,1,-25.88,4.894,4.8733,12.1962,-35.64,-2.131
149,SOLUSDT,LONG,spot,2024-06-03 01:30:00+00:00,163.3542,163.1821,0.5034,2024-06-03 01:35:00+00:00,163.94,2024-06-03 01:40:00+00:00,163.45,2024-06-03 01:45:00+00:00,163.5317,37.192834,6082.21,163.0814,164.2273,8,2024-06-03 02:35:00+00:00,163.9809,TRAILING_STOP,10,16.71,4.8658,4.8791,12.1895,6.96,0.416
150,SOLUSDT,LONG,spot,2024-06-04 12:00:00+00:00,165.4479,165.3532,0.2109,2024-06-04 12:10:00+00:00,165.63,2024-06-04 12:15:00+00:00,165.7,2024-06-04 12:20:00+00:00,165.7828,36.729375,6089.1,165.311,165.311,0,2024-06-04 12:50:00+00:00,165.063,STOP_LOSS,6,-26.44,4.8713,4.8501,12.1385,-36.16,-2.086
151,SOLUSDT,LONG,spot,2024-06-06 01:20:00+00:00,173.5286,173.4416,0.275,2024-06-06 01:25:00+00:00,174.0,2024-06-06 02:00:00+00:00,173.8,2024-06-06 02:05:00+00:00,173.8869,34.811716,6053.3,173.3866,173.8941,2,2024-06-06 02:40:00+00:00,173.6333,TRAILING_STOP,7,-8.83,4.8426,4.8356,12.0934,-18.51,-1.063
152,SOLUSDT,LONG,spot,2024-06-06 11:45:00+00:00,172.8236,172.7352,0.2271,2024-06-06 11:50:00+00:00,172.97,2024-06-06 11:55:00+00:00,173.08,2024-06-06 12:00:00+00:00,173.1765,34.848713,6034.98,172.6898,172.6898,0,2024-06-06 12:30:00+00:00,172.4308,STOP_LOSS,6,-25.99,4.828,4.8072,12.031,-35.62,-2.1
153,BNBUSDT,LONG,spot,2024-06-07 04:40:00+00:00,705.6857,705.2025,1.5854,2024-06-07 04:45:00+00:00,707.6,2024-06-07 05:15:00+00:00,706.5,2024-06-07 05:20:00+00:00,706.8533,8.487917,5999.71,704.8854,707.4979,6,2024-06-07 06:05:00+00:00,706.4367,TRAILING_STOP,9,-3.54,4.7998,4.7969,11.9941,-13.13,-0.786
154,BTCUSDT,LONG,spot,2024-06-07 13:10:00+00:00,71327.4614,71257.1184,249.3179,2024-06-07 13:40:00+00:00,71542.12,2024-06-07 14:05:00+00:00,71425.3,2024-06-07 14:10:00+00:00,71461.0127,0.083776,5986.71,71207.2548,71207.2548,0,2024-06-07 14:20:00+00:00,71100.4439,STOP_LOSS,2,-30.21,4.7894,4.7652,11.9281,-39.76,-1.87
155,SOLUSDT,LONG,spot,2024-06-14 05:45:00+00:00,147.6703,147.5854,0.4917,2024-06-14 05:50:00+00:00,148.36,2024-06-14 06:10:00+00:00,147.99,2024-06-14 06:15:00+00:00,148.064,40.167408,5947.35,147.487,147.487,0,2024-06-14 06:30:00+00:00,147.2658,STOP_LOSS,3,-32.06,4.7579,4.7322,11.8466,-41.55,-1.793
156,SOLUSDT,LONG,spot,2024-06-14 08:35:00+00:00,147.9291,147.7852,0.3575,2024-06-14 08:40:00+00:00,148.33,2024-06-14 09:10:00+00:00,147.99,2024-06-14 09:15:00+00:00,148.054,39.892275,5906.21,147.7137,147.7137,0,2024-06-14 09:40:00+00:00,147.4921,STOP_LOSS,5,-22.41,4.725,4.707,11.7788,-31.85,-2.346
157,SOLUSDT,LONG,spot,2024-06-14 12:10:00+00:00,148.0544,147.9221,0.2927,2024-06-14 12:15:00+00:00,148.86,2024-06-14 12:50:00+00:00,148.39,2024-06-14 12:55:00+00:00,148.4542,39.572365,5874.68,147.8636,147.8636,0,2024-06-14 13:05:00+00:00,147.6418,STOP_LOSS,2,-32.15,4.6997,4.674,11.7011,-41.52,-1.777
158,ETHUSDT,LONG,spot,2024-06-18 20:10:00+00:00,3414.8098,3411.7999,12.0588,2024-06-18 20:15:00+00:00,3430.25,2024-06-18 20:30:00+00:00,3420.33,2024-06-18 20:35:00+00:00,3422.0402,1.704707,5833.58,3409.3881,3466.6812,9,2024-06-18 21:25:00+00:00,3461.4812,TRAILING_STOP,10,67.24,4.6669,4.7206,11.768,57.85,2.682
159,ETHUSDT,LONG,spot,2024-06-21 14:40:00+00:00,3496.1824,3492.6247,12.8425,2024-06-21 14:45:00+00:00,3512.21,2024-06-21 15:20:00+00:00,3501.21,2024-06-21 15:25:00+00:00,3502.9606,1.681676,5890.84,3490.0562,3490.0562,0,2024-06-21 15:35:00+00:00,3484.8211,STOP_LOSS,2,-30.5,4.7127,4.6883,11.7359,-39.91,-1.839
160,SOLUSDT,LONG,spot,2024-06-21 14:55:00+00:00,131.7919,131.5528,0.6556,2024-06-21 15:00:00+00:00,133.53,2024-06-21 15:25:00+00:00,132.04,2024-06-21 15:30:00+00:00,132.106,43.42883,5737.21,131.4217,131.4217,0,2024-06-21 15:35:00+00:00,131.2246,STOP_LOSS,1,-38.28,4.5898,4.5591,11.417,-47.43,-1.596
161,SOLUSDT,LONG,spot,2024-06-24 17:10:00+00:00,127.3992,127.2564,1.0179,2024-06-24 17:15:00+00:00,128.25,2024-06-24 17:20:00+00:00,127.87,2024-06-24 17:25:00+00:00,127.9239,33.653991,4305.15,127.0529,127.0529,0,2024-06-24 17:30:00+00:00,126.5798,STOP_LOSS,1,-45.23,3.4441,3.4079,8.5425,-52.09,-1.777
162,SOLUSDT,LONG,spot,2024-06-24 17:45:00+00:00,127.4776,127.3218,1.0624,2024-06-24 17:55:00+00:00,128.2,2024-06-24 18:05:00+00:00,127.78,2024-06-24 18:10:00+00:00,127.8439,39.555032,5056.87,127.1094,127.1094,0,2024-06-24 18:15:00+00:00,126.9187,STOP_LOSS,1,-36.6,4.0455,4.0162,10.0588,-44.66,-1.537
163,SOLUSDT,LONG,spot,2024-06-26 07:45:00+00:00,137.5076,137.3546,0.4514,2024-06-26 07:50:00+00:00,137.93,2024-06-26 08:05:00+00:00,137.55,2024-06-26 08:10:00+00:00,137.6188,41.481309,5708.61,137.2643,137.2643,0,2024-06-26 08:15:00+00:00,136.7945,STOP_LOSS,1,-34.19,4.5669,4.5395,11.3659,-43.3,-2.945
164,SOLUSDT,LONG,spot,2024-07-01 20:05:00+00:00,147.5865,147.4337,0.3589,2024-07-01 20:15:00+00:00,147.96,2024-07-01 20:30:00+00:00,147.87,2024-07-01 20:35:00+00:00,147.9439,38.296544,5665.74,147.3619,147.3619,0,2024-07-01 21:50:00+00:00,147.1408,STOP_LOSS,15,-30.76,4.5326,4.508,11.2853,-39.8,-1.785
165,SOLUSDT,LONG,spot,2024-07-02 01:25:00+00:00,147.1875,147.0474,0.3704,2024-07-02 01:30:00+00:00,147.59,2024-07-02 01:40:00+00:00,147.31,2024-07-02 01:45:00+00:00,147.3937,38.172222,5626.34,146.9733,147.8742,8,2024-07-02 02:30:00+00:00,147.6524,TRAILING_STOP,9,9.87,4.5011,4.509,11.2675,0.86,0.054
166,SOLUSDT,LONG,spot,2024-07-06 03:30:00+00:00,134.187,133.9973,0.5412,2024-07-06 03:40:00+00:00,134.79,2024-07-06 04:00:00+00:00,134.64,2024-07-06 04:05:00+00:00,134.6973,35.16056,4736.03,133.889,133.889,0,2024-07-06 04:35:00+00:00,133.6882,STOP_LOSS,6,-35.48,3.7888,3.7604,9.4188,-43.03,-1.514
167,SOLUSDT,LONG,spot,2024-07-06 05:30:00+00:00,134.2793,134.2244,0.4701,2024-07-06 05:35:00+00:00,134.75,2024-07-06 05:55:00+00:00,134.45,2024-07-06 06:00:00+00:00,134.5072,41.518954,5584.6,134.1304,135.9283,8,2024-07-06 06:50:00+00:00,135.7244,TRAILING_STOP,10,50.54,4.4677,4.5081,11.245,41.56,2.657
168,ETHUSDT,LONG,spot,2024-07-08 19:20:00+00:00,2991.3937,2987.9639,9.8598,2024-07-08 19:25:00+00:00,3000.02,2024-07-08 19:45:00+00:00,2995.99,2024-07-08 19:50:00+00:00,2997.498,1.876814,5625.74,2985.9919,2993.5784,2,2024-07-08 20:15:00+00:00,2989.088,TRAILING_STOP,5,-15.78,4.5006,4.488,11.2278,-24.77,-1.147
169,BNBUSDT,LONG,spot,2024-07-08 19:20:00+00:00,505.8764,505.2673,1.3957,2024-07-08 19:25:00+00:00,507.0,2024-07-08 19:45:00+00:00,506.4,2024-07-08 19:50:00+00:00,506.6532,11.094945,5621.29,504.9882,505.8522,1,2024-07-08 20:15:00+00:00,505.0934,TRAILING_STOP,5,-17.31,4.497,4.4832,11.2166,-26.29,-1.423
170,ETHUSDT,LONG,spot,2024-07-08 20:00:00+00:00,2994.3474,2991.0466,8.1508,2024-07-08 20:20:00+00:00,3007.81,2024-07-08 20:55:00+00:00,2997.59,2024-07-08 21:00:00+00:00,2999.0888,1.858964,5575.2,2989.4164,2989.4164,0,2024-07-08 21:05:00+00:00,2980.3228,STOP_LOSS,1,-34.89,4.4602,4.4322,11.0981,-43.78,-2.435
171,ETHUSDT,LONG,spot,2024-07-08 21:10:00+00:00,2999.2302,2994.705,10.647,2024-07-08 21:15:00+00:00,3011.4,2024-07-08 21:20:00+00:00,3001.69,2024-07-08 21:25:00+00:00,3003.1908,1.841993,5531.86,2992.5756,3028.3423,12,2024-07-08 22:35:00+00:00,3023.7998,TRAILING_STOP,14,37.96,4.4255,4.4559,11.1207,29.08,1.487
172,SOLUSDT,LONG,spot,2024-07-09 02:55:00+00:00,138.7357,138.633,0.6969,2024-07-09 03:00:00+00:00,139.55,2024-07-09 03:20:00+00:00,138.95,2024-07-09 03:25:00+00:00,139.0195,39.999046,5560.65,138.4937,140.5597,6,2024-07-09 04:15:00+00:00,140.3488,TRAILING_STOP,10,53.17,4.4485,4.4911,11.2011,44.23,2.103
173,BNBUSDT,LONG,spot,2024-07-09 14:00:00+00:00,515.4883,514.9347,1.4926,2024-07-09 14:10:00+00:00,518.6,2024-07-09 14:20:00+00:00,515.8,2024-07-09 14:25:00+00:00,515.9579,10.8622,5604.44,514.6362,514.7048,2,2024-07-09 14:55:00+00:00,513.9327,TRAILING_STOP,6,-22.0,4.4835,4.466,11.1759,-30.95,-2.156
174,BTCUSDT,LONG,spot,2024-07-09 16:00:00+00:00,57345.924,57323.1631,164.3388,2024-07-09 16:05:00+00:00,57548.0,2024-07-09 16:35:00+00:00,57508.5,2024-07-09 16:40:00+00:00,57537.2442,0.096873,5573.8,57290.2953,57502.1134,3,2024-07-09 17:15:00+00:00,57415.8602,TRAILING_STOP,7,-11.76,4.459,4.4496,11.13,-20.67,-0.864
175,BNBUSDT,LONG,spot,2024-07-09 15:55:00+00:00,515.7227,515.2729,1.6518,2024-07-09 16:05:00+00:00,516.9,2024-07-09 16:35:00+00:00,517.0,2024-07-09 16:40:00+00:00,517.2585,10.767122,5569.39,514.9425,517.1696,2,2024-07-09 17:15:00+00:00,516.3938,TRAILING_STOP,7,-9.31,4.4555,4.4481,11.1248,-18.21,-0.73
176,ETHUSDT,LONG,spot,2024-07-11 06:15:00+00:00,3094.1069,3091.7299,5.21,2024-07-11 06:20:00+00:00,3096.74,2024-07-11 06:25:00+00:00,3100.64,2024-07-11 06:30:00+00:00,3102.1903,1.784322,5535.31,3090.6879,3118.4201,10,2024-07-11 08:40:00+00:00,3113.7425,TRAILING_STOP,26,20.61,4.4282,4.4447,11.1015,11.74,0.572
177,BTCUSDT,LONG,spot,2024-07-17 15:15:00+00:00,65061.7165,64978.0603,185.155,2024-07-17 15:25:00+00:00,65159.0,2024-07-17 15:30:00+00:00,65207.74,2024-07-17 15:35:00+00:00,65240.3339,0.085023,5546.93,64941.0293,64941.0293,0,2024-07-17 15:45:00+00:00,64843.6177,STOP_LOSS,2,-33.73,4.4375,4.4106,11.0433,-42.58,-1.673
178,SOLUSDT,LONG,spot,2024-07-20 15:15:00+00:00,168.784,168.6264,0.328,2024-07-20 15:20:00+00:00,169.26,2024-07-20 15:35:00+00:00,169.02,2024-07-20 15:40:00+00:00,169.1045,32.552518,5504.78,168.5607,169.6651,7,2024-07-20 16:35:00+00:00,169.4106,TRAILING_STOP,11,9.96,4.4038,4.4118,11.0245,1.15,0.065
179,SOLUSDT,LONG,spot,2024-07-21 11:35:00+00:00,172.4577,172.3395,0.3379,2024-07-21 11:50:00+00:00,172.7,2024-07-21 11:55:00+00:00,172.88,2024-07-21 12:00:00+00:00,172.9564,31.834116,5505.92,172.2719,172.2719,0,2024-07-21 13:30:00+00:00,172.0135,STOP_LOSS,18,-30.02,4.4047,4.3807,10.9668,-38.8,-1.781
180,SOLUSDT,LONG,spot,2024-07-21 18:25:00+00:00,174.6609,174.0785,1.4748,2024-07-21 18:30:00+00:00,177.09,2024-07-21 18:45:00+00:00,174.83,2024-07-21 18:50:00+00:00,174.9074,24.570246,4297.52,173.7835,182.4089,16,2024-07-21 20:45:00+00:00,182.1353,TRAILING_STOP,23,177.59,3.438,3.5801,8.8614,170.57,6.177
181,ETHUSDT,LONG,spot,2024-07-21 20:30:00+00:00,3492.2442,3487.9623,10.2922,2024-07-21 20:35:00+00:00,3517.94,2024-07-21 21:10:00+00:00,3493.69,2024-07-21 21:15:00+00:00,3495.4368,1.612493,5636.37,3485.9038,3524.5896,10,2024-07-21 22:15:00+00:00,3519.3028,TRAILING_STOP,12,38.48,4.5091,4.5399,11.3305,29.43,1.915
182,BTCUSDT,LONG,spot,2024-07-23 14:45:00+00:00,66741.4371,66662.5632,229.7891,2024-07-23 14:50:00+00:00,67182.06,2024-07-23 15:05:00+00:00,67005.59,2024-07-23 15:10:00+00:00,67039.1028,0.067725,4540.23,66616.6054,66616.6054,0,2024-07-23 15:25:00+00:00,66516.6805,STOP_LOSS,3,-35.38,3.6322,3.6039,9.0274,-42.62,-1.489
183,SOLUSDT,LONG,spot,2024-07-23 14:55:00+00:00,176.1656,175.837,0.897,2024-07-23 15:00:00+00:00,177.01,2024-07-23 15:05:00+00:00,177.4,2024-07-23 15:10:00+00:00,177.4887,15.62684,2773.59,175.6576,175.6576,0,2024-07-23 15:30:00+00:00,175.3942,STOP_LOSS,4,-32.73,2.2189,2.1927,5.4981,-37.14,-1.298
184,BNBUSDT,LONG,spot,2024-07-25 15:10:00+00:00,563.5848,562.9483,1.8714,2024-07-25 15:15:00+00:00,566.0,2024-07-25 15:30:00+00:00,564.6,2024-07-25 15:35:00+00:00,564.8823,9.88975,5586.54,562.574,567.2404,14,2024-07-25 17:30:00+00:00,566.3895,TRAILING_STOP,23,14.91,4.4692,4.4812,11.1954,5.96,0.261
185,BNBUSDT,LONG,spot,2024-07-26 17:50:00+00:00,577.9465,577.5904,0.7134,2024-07-26 18:05:00+00:00,578.5,2024-07-26 18:40:00+00:00,578.4,2024-07-26 18:45:00+00:00,578.5891,9.665651,5592.44,577.4478,581.0086,8,2024-07-26 19:50:00+00:00,580.137,TRAILING_STOP,13,14.96,4.474,4.4859,11.2073,6.0,0.544
186,SOLUSDT,LONG,spot,2024-07-28 00:30:00+00:00,184.3209,183.9313,0.7847,2024-07-28 00:35:00+00:00,184.89,2024-07-28 00:55:00+00:00,184.91,2024-07-28 01:00:00+00:00,185.0125,22.8374,4225.2,183.7744,185.7036,7,2024-07-28 02:05:00+00:00,185.425,TRAILING_STOP,13,9.42,3.3802,3.3877,8.4645,2.65,0.094
187,SOLUSDT,LONG,spot,2024-07-28 09:00:00+00:00,183.5364,183.3227,0.4879,2024-07-28 09:05:00+00:00,184.1,2024-07-28 09:25:00+00:00,183.62,2024-07-28 09:30:00+00:00,183.7118,30.48802,5601.01,183.2251,183.5781,5,2024-07-28 10:00:00+00:00,183.3027,TRAILING_STOP,6,-12.47,4.4808,4.4708,11.1833,-21.43,-1.444
188,SOLUSDT,LONG,spot,2024-07-31 13:40:00+00:00,182.3786,182.1821,0.5907,2024-07-31 13:45:00+00:00,183.47,2024-07-31 13:55:00+00:00,182.62,2024-07-31 14:00:00+00:00,182.7013,30.540551,5579.8,182.064,182.3543,1,2024-07-31 14:15:00+00:00,182.0807,TRAILING_STOP,3,-18.95,4.4638,4.4487,11.1312,-27.87,-1.432
189,BNBUSDT,LONG,spot,2024-07-31 14:50:00+00:00,586.4403,586.0251,1.1857,2024-07-31 14:55:00+00:00,587.6,2024-07-31 15:00:00+00:00,587.3,2024-07-31 15:05:00+00:00,587.4936,9.450676,5552.21,585.788,585.788,0,2024-07-31 16:35:00+00:00,584.9093,STOP_LOSS,18,-24.42,4.4418,4.4222,11.0678,-33.29,-2.065
190,BTCUSDT,LONG,spot,2024-08-02 12:50:00+00:00,64621.0184,64526.654,234.2952,2024-08-02 12:55:00+00:00,64846.0,2024-08-02 13:05:00+00:00,64635.99,2024-08-02 13:10:00+00:00,64668.318,0.085347,5519.26,64479.795,65051.6012,5,2024-08-02 14:05:00+00:00,64954.0238,TRAILING_STOP,11,24.38,4.4154,4.4349,11.0751,15.53,0.965
191,ETHUSDT,LONG,spot,2024-08-02 13:40:00+00:00,3155.0042,3153.7131,11.5795,2024-08-02 13:45:00+00:00,3177.9,2024-08-02 13:55:00+00:00,3160.64,2024-08-02 14:00:00+00:00,3162.2303,1.743986,5514.89,3151.3972,3151.3972,0,2024-08-02 14:05:00+00:00,3146.4632,STOP_LOSS,1,-27.5,4.4119,4.3899,10.9885,-36.3,-1.921
192,BTCUSDT,LONG,spot,2024-08-05 20:20:00+00:00,53642.9227,53471.0731,395.8883,2024-08-05 20:25:00+00:00,53945.99,2024-08-05 20:40:00+00:00,54018.01,2024-08-05 20:45:00+00:00,54045.019,0.042521,2298.03,53391.8954,54511.3814,8,2024-08-05 21:40:00+00:00,54429.6143,TRAILING_STOP,11,16.35,1.8384,1.8515,4.6206,12.66,0.456
193,SOLUSDT,LONG,spot,2024-08-06 11:40:00+00:00,139.0927,138.8467,0.915,2024-08-06 11:45:00+00:00,140.17,2024-08-06 11:50:00+00:00,139.28,2024-08-06 11:55:00+00:00,139.3496,39.549696,5511.24,138.6637,138.6637,0,2024-08-06 12:05:00+00:00,138.4557,STOP_LOSS,2,-35.36,4.409,4.3807,10.9694,-44.14,-1.627
194,SOLUSDT,LONG,spot,2024-08-06 12:05:00+00:00,139.142,138.8971,1.0025,2024-08-06 12:15:00+00:00,139.89,2024-08-06 12:30:00+00:00,139.2,2024-08-06 12:35:00+00:00,139.2796,39.255802,5467.53,138.6966,138.6966,0,2024-08-06 12:40:00+00:00,138.4885,STOP_LOSS,1,-31.05,4.374,4.3492,10.8885,-39.78,-1.738
195,BNBUSDT,LONG,spot,2024-08-07 02:00:00+00:00,485.5669,485.134,2.1684,2024-08-07 02:05:00+00:00,488.3,2024-08-07 02:15:00+00:00,486.7,2024-08-07 02:20:00+00:00,486.9433,11.147402,5428.15,484.7003,488.5316,3,2024-08-07 02:40:00+00:00,487.7988,TRAILING_STOP,4,9.54,4.3425,4.3502,10.8706,0.84,0.034
196,BNBUSDT,LONG,spot,2024-08-07 02:30:00+00:00,486.9083,485.9384,2.3856,2024-08-07 02:35:00+00:00,489.4,2024-08-07 02:45:00+00:00,488.3,2024-08-07 02:50:00+00:00,488.4441,9.192328,4489.94,485.4613,494.542,19,2024-08-07 05:20:00+00:00,493.8002,TRAILING_STOP,30,49.24,3.592,3.6313,9.0537,42.01,1.532
198,BTCUSDT,LONG,spot,2024-08-07 12:35:00+00:00,57160.384,57067.0822,190.2429,2024-08-07 12:55:00+00:00,57292.0,2024-08-07 13:05:00+00:00,57200.59,2024-08-07 13:10:00+00:00,57232.3119,0.095525,5467.11,57029.0336,57029.0336,0,2024-08-07 13:15:00+00:00,56943.4901,STOP_LOSS,1,-27.59,4.3737,4.3516,10.8928,-36.31,-1.87
197,SOLUSDT,LONG,spot,2024-08-07 12:30:00+00:00,152.4555,152.0047,1.011,2024-08-07 12:50:00+00:00,153.35,2024-08-07 13:00:00+00:00,152.69,2024-08-07 13:05:00+00:00,152.7663,28.665141,4379.07,151.8025,152.4915,2,2024-08-07 13:40:00+00:00,152.2628,TRAILING_STOP,7,-14.43,3.5033,3.4917,8.7365,-21.43,-0.776
199,SOLUSDT,LONG,spot,2024-08-07 13:15:00+00:00,152.5348,152.1228,0.9585,2024-08-07 13:25:00+00:00,153.24,2024-08-07 13:40:00+00:00,152.6,2024-08-07 13:45:00+00:00,152.6863,35.454477,5413.41,151.9311,151.9311,0,2024-08-07 13:50:00+00:00,151.7032,STOP_LOSS,1,-34.85,4.3307,4.3028,10.7745,-43.49,-1.624
200,SOLUSDT,LONG,spot,2024-08-09 22:55:00+00:00,153.8891,153.4654,0.8918,2024-08-09 23:00:00+00:00,155.98,2024-08-09 23:20:00+00:00,154.02,2024-08-09 23:25:00+00:00,154.097,33.486833,5160.22,153.287,155.5509,6,2024-08-10 00:00:00+00:00,155.3175,TRAILING_STOP,7,40.87,4.1282,4.1609,10.3817,32.58,1.201
201,ETHUSDT,LONG,spot,2024-08-10 01:30:00+00:00,2597.1678,2594.2333,10.488,2024-08-10 01:40:00+00:00,2604.93,2024-08-10 01:50:00+00:00,2598.0,2024-08-10 01:55:00+00:00,2599.299,2.07849,5402.62,2592.1357,2601.3542,7,2024-08-10 03:00:00+00:00,2597.4522,TRAILING_STOP,13,-3.84,4.3221,4.319,10.7995,-12.48,-0.838
202,ETHUSDT,LONG,spot,2024-08-10 05:25:00+00:00,2600.0814,2598.8364,5.1411,2024-08-10 05:30:00+00:00,2604.32,2024-08-10 05:35:00+00:00,2603.24,2024-08-10 05:40:00+00:00,2604.5416,2.069563,5390.26,2597.8082,2629.3202,16,2024-08-10 08:05:00+00:00,2625.3762,TRAILING_STOP,29,43.12,4.3122,4.3467,10.8452,34.46,2.473
203,SOLUSDT,LONG,spot,2024-08-10 06:40:00+00:00,154.2481,154.1613,0.4334,2024-08-10 06:45:00+00:00,154.64,2024-08-10 07:10:00+00:00,154.74,2024-08-10 07:15:00+00:00,154.8074,34.791585,5385.99,154.0746,154.8809,1,2024-08-10 08:05:00+00:00,154.6486,TRAILING_STOP,10,-5.52,4.3088,4.3044,10.7637,-14.14,-0.555
204,SOLUSDT,LONG,spot,2024-08-10 11:35:00+00:00,154.5631,154.4929,0.4104,2024-08-10 11:55:00+00:00,154.85,2024-08-10 12:10:00+00:00,154.77,2024-08-10 12:15:00+00:00,154.8474,34.94009,5410.38,154.4108,154.4108,0,2024-08-10 12:20:00+00:00,154.1792,STOP_LOSS,1,-23.35,4.3283,4.3096,10.7857,-31.98,-2.097
205,SOLUSDT,LONG,spot,2024-08-10 19:30:00+00:00,154.1936,154.0943,0.3877,2024-08-10 19:35:00+00:00,154.93,2024-08-10 19:50:00+00:00,154.37,2024-08-10 19:55:00+00:00,154.4572,34.823357,5378.72,154.0168,154.0168,0,2024-08-10 20:20:00+00:00,153.7858,STOP_LOSS,5,-23.38,4.303,4.2843,10.7224,-31.97,-2.085
206,SOLUSDT,LONG,spot,2024-08-11 01:30:00+00:00,154.5796,154.4259,0.4259,2024-08-11 01:40:00+00:00,154.85,2024-08-11 01:45:00+00:00,154.88,2024-08-11 01:50:00+00:00,154.9474,34.508924,5347.07,154.3407,156.2319,6,2024-08-11 03:45:00+00:00,155.9976,TRAILING_STOP,23,36.24,4.2777,4.3066,10.7485,27.66,1.321
207,BNBUSDT,LONG,spot,2024-08-12 08:00:00+00:00,507.2771,506.5759,2.2879,2024-08-12 08:05:00+00:00,512.8,2024-08-12 08:45:00+00:00,507.7,2024-08-12 08:50:00+00:00,507.8538,10.582668,5374.45,506.1183,506.1183,0,2024-08-12 08:55:00+00:00,505.3591,STOP_LOSS,1,-26.4,4.2996,4.2784,10.7093,-34.98,-1.904
208,SOLUSDT,LONG,spot,2024-08-13 12:05:00+00:00,145.1032,145.0029,0.5121,2024-08-13 12:10:00+00:00,145.96,2024-08-13 12:30:00+00:00,145.93,2024-08-13 12:35:00+00:00,146.013,24.241604,3539.59,144.9005,146.4185,3,2024-08-13 14:20:00+00:00,146.1989,TRAILING_STOP,21,4.51,2.8317,2.8353,7.0859,-1.16,-0.043
209,BTCUSDT,LONG,spot,2024-08-13 13:45:00+00:00,59028.6573,58965.9599,199.9017,2024-08-13 13:50:00+00:00,59357.03,2024-08-13 14:30:00+00:00,59132.0,2024-08-13 14:35:00+00:00,59161.566,0.090239,5338.67,58925.9795,59417.6681,9,2024-08-13 15:30:00+00:00,59328.5416,TRAILING_STOP,11,15.07,4.2709,4.283,10.6999,6.51,0.306
210,BNBUSDT,LONG,spot,2024-08-13 16:40:00+00:00,519.0041,518.7394,1.193,2024-08-13 16:45:00+00:00,520.4,2024-08-13 16:50:00+00:00,520.8,2024-08-13 16:55:00+00:00,521.0604,10.258158,5345.12,518.5008,523.6108,9,2024-08-13 21:50:00+00:00,522.8254,TRAILING_STOP,59,18.11,4.2761,4.2906,10.7174,9.54,0.363
211,SOLUSDT,LONG,spot,2024-08-16 02:40:00+00:00,142.2531,142.1275,0.7363,2024-08-16 02:45:00+00:00,142.81,2024-08-16 03:20:00+00:00,142.27,2024-08-16 03:25:00+00:00,142.3311,37.620467,5354.56,141.9802,141.9802,0,2024-08-16 03:35:00+00:00,141.7672,STOP_LOSS,2,-21.21,4.2837,4.2667,10.6773,-29.76,-2.255
212,ETHUSDT,LONG,spot,2024-08-17 01:35:00+00:00,2600.3509,2599.392,3.9616,2024-08-17 01:40:00+00:00,2607.02,2024-08-17 02:00:00+00:00,2604.19,2024-08-17 02:05:00+00:00,2605.4921,2.043797,5325.1,2598.5996,2598.5996,0,2024-08-17 02:15:00+00:00,2594.7017,STOP_LOSS,2,-22.05,4.2601,4.2424,10.6171,-30.56,-2.169
213,SOLUSDT,LONG,spot,2024-08-18 06:00:00+00:00,141.4549,141.3358,0.2462,2024-08-18 06:20:00+00:00,141.64,2024-08-18 06:25:00+00:00,141.59,2024-08-18 06:30:00+00:00,141.6508,37.379576,5294.85,141.2865,141.2865,0,2024-08-18 07:50:00+00:00,141.0746,STOP_LOSS,16,-21.54,4.2359,4.2186,10.5574,-29.99,-2.203
214,ETHUSDT,LONG,spot,2024-08-19 17:40:00+00:00,2594.583,2588.9117,11.3431,2024-08-19 17:45:00+00:00,2610.61,2024-08-19 18:10:00+00:00,2595.8,2024-08-19 18:15:00+00:00,2597.0979,2.027322,5265.15,2586.6431,2602.9817,5,2024-08-19 19:00:00+00:00,2599.0773,TRAILING_STOP,9,4.01,4.2121,4.2153,10.5363,-4.41,-0.208
215,BTCUSDT,LONG,spot,2024-08-20 13:50:00+00:00,60658.1779,60626.6714,165.7535,2024-08-20 13:55:00+00:00,60891.99,2024-08-20 14:00:00+00:00,60735.71,2024-08-20 14:05:00+00:00,60766.0779,0.086574,5260.78,60593.5207,60593.5207,0,2024-08-20 14:10:00+00:00,60502.6305,STOP_LOSS,1,-22.81,4.2086,4.1904,10.4874,-31.21,-2.089
216,BTCUSDT,LONG,spot,2024-08-21 14:00:00+00:00,59448.3407,59410.2403,263.7236,2024-08-21 14:05:00+00:00,60047.99,2024-08-21 14:10:00+00:00,59548.01,2024-08-21 14:15:00+00:00,59577.774,0.087783,5229.89,59357.4956,59382.851,1,2024-08-21 14:50:00+00:00,59293.7768,TRAILING_STOP,7,-24.93,4.1839,4.164,10.4224,-33.28,-1.721
217,BTCUSDT,LONG,spot,2024-08-21 14:25:00+00:00,59528.1226,59434.2555,319.3871,2024-08-21 14:35:00+00:00,59838.0,2024-08-21 14:45:00+00:00,59568.0,2024-08-21 14:50:00+00:00,59597.774,0.0872,5196.94,59370.3781,59370.3781,0,2024-08-21 14:55:00+00:00,59213.2966,STOP_LOSS,1,-33.53,4.1576,4.1307,10.3436,-41.81,-2.109
218,ETHUSDT,LONG,spot,2024-08-21 14:10:00+00:00,2583.21,2579.7127,16.5708,2024-08-21 14:20:00+00:00,2604.0,2024-08-21 14:50:00+00:00,2584.43,2024-08-21 14:55:00+00:00,2585.7222,1.993852,5155.55,2576.3985,2594.1128,10,2024-08-21 16:00:00+00:00,2590.2216,TRAILING_STOP,13,8.97,4.1244,4.1316,10.3246,0.72,0.038
219,BNBUSDT,LONG,spot,2024-08-23 00:45:00+00:00,583.4242,582.6118,1.9098,2024-08-23 00:50:00+00:00,584.5,2024-08-23 01:30:00+00:00,583.9,2024-08-23 01:35:00+00:00,584.292,8.824792,5156.26,582.2299,585.4199,6,2024-08-23 02:15:00+00:00,584.5418,TRAILING_STOP,8,2.2,4.125,4.1268,10.3158,-6.05,-0.332
220,SOLUSDT,LONG,spot,2024-08-23 14:10:00+00:00,144.5868,144.3936,0.5285,2024-08-23 14:15:00+00:00,145.2,2024-08-23 14:40:00+00:00,144.97,2024-08-23 14:45:00+00:00,145.0425,34.469847,4999.59,144.2879,144.2879,0,2024-08-23 14:50:00+00:00,142.6457,STOP_LOSS,1,-82.62,3.9997,3.9336,9.8753,-90.55,-3.481
221,SOLUSDT,LONG,spot,2024-08-23 15:35:00+00:00,144.4518,144.4078,0.6276,2024-08-23 15:40:00+00:00,144.92,2024-08-23 15:45:00+00:00,144.63,2024-08-23 15:50:00+00:00,144.7023,34.972655,5060.62,144.2822,144.2822,0,2024-08-23 15:55:00+00:00,144.0658,STOP_LOSS,1,-22.26,4.0485,4.0307,10.0879,-30.34,-2.065
222,BNBUSDT,LONG,spot,2024-08-23 15:30:00+00:00,579.9574,579.6726,1.8384,2024-08-23 15:35:00+00:00,581.4,2024-08-23 16:00:00+00:00,580.9,2024-08-23 16:05:00+00:00,581.1904,8.655662,5030.59,579.3049,579.3049,0,2024-08-23 16:15:00+00:00,578.436,STOP_LOSS,2,-23.84,4.0245,4.0054,10.0254,-31.87,-1.953
224,SOLUSDT,LONG,spot,2024-08-23 16:30:00+00:00,144.4604,144.4366,0.4046,2024-08-23 16:35:00+00:00,144.9,2024-08-23 16:40:00+00:00,144.69,2024-08-23 16:45:00+00:00,144.7723,34.509318,4996.0,144.3556,145.2017,6,2024-08-23 17:30:00+00:00,144.9839,TRAILING_STOP,9,7.3,3.9968,4.0026,10.0029,-0.7,-0.049
223,ETHUSDT,LONG,spot,2024-08-23 15:10:00+00:00,2662.9895,2661.8409,13.5515,2024-08-23 15:35:00+00:00,2672.99,2024-08-23 16:05:00+00:00,2675.46,2024-08-23 16:10:00+00:00,2676.7977,1.434044,3838.64,2659.1306,2716.2986,5,2024-08-23 18:05:00+00:00,2712.2242,TRAILING_STOP,23,50.8,3.0709,3.1116,7.7535,44.62,1.761
225,ETHUSDT,LONG,spot,2024-08-25 13:25:00+00:00,2755.0463,2753.9767,4.2968,2024-08-25 13:30:00+00:00,2765.51,2024-08-25 13:45:00+00:00,2761.0,2024-08-25 13:50:00+00:00,2762.3705,1.825432,5042.52,2753.1173,2763.5061,2,2024-08-25 14:25:00+00:00,2759.3608,TRAILING_STOP,7,-5.49,4.034,4.0296,10.0768,-13.56,-0.803
226,SOLUSDT,LONG,spot,2024-08-27 01:20:00+00:00,157.9671,157.8235,0.4711,2024-08-27 01:25:00+00:00,158.81,2024-08-27 01:45:00+00:00,158.24,2024-08-27 01:50:00+00:00,158.3191,31.765569,5029.1,157.7293,158.3542,5,2024-08-27 02:40:00+00:00,158.1167,TRAILING_STOP,10,-6.43,4.0233,4.0181,10.0485,-14.47,-0.772
227,BNBUSDT,LONG,spot,2024-08-27 13:50:00+00:00,552.201,551.7258,1.8894,2024-08-27 13:55:00+00:00,553.6,2024-08-27 14:05:00+00:00,552.8,2024-08-27 14:10:00+00:00,552.9764,9.068686,5014.77,551.3479,551.3479,0,2024-08-27 14:15:00+00:00,549.3747,STOP_LOSS,1,-32.66,4.0118,3.9857,9.9805,-40.66,-2.753
228,BNBUSDT,LONG,spot,2024-08-27 14:35:00+00:00,552.6117,552.0998,2.1919,2024-08-27 14:40:00+00:00,553.9,2024-08-27 14:45:00+00:00,553.7,2024-08-27 14:50:00+00:00,553.9769,8.979645,4974.52,551.6615,551.6615,0,2024-08-27 15:00:00+00:00,550.834,STOP_LOSS,2,-28.22,3.9796,3.957,9.9067,-36.16,-1.739
229,ETHUSDT,LONG,spot,2024-08-30 12:40:00+00:00,2520.3503,2518.9738,8.8451,2024-08-30 12:45:00+00:00,2524.79,2024-08-30 12:50:00+00:00,2524.59,2024-08-30 12:55:00+00:00,2525.8523,1.955268,4938.72,2517.2048,2517.2048,0,2024-08-30 13:45:00+00:00,2513.429,STOP_LOSS,10,-24.29,3.951,3.9315,9.841,-32.17,-1.903
230,BNBUSDT,LONG,spot,2024-09-05 00:20:00+00:00,509.7652,509.0787,1.3833,2024-09-05 00:25:00+00:00,511.4,2024-09-05 01:05:00+00:00,510.3,2024-09-05 01:10:00+00:00,510.6552,9.608963,4906.87,508.802,511.0897,4,2024-09-05 02:05:00+00:00,510.3231,TRAILING_STOP,11,-3.19,3.9255,3.9229,9.8089,-11.04,-0.62
231,BNBUSDT,LONG,spot,2024-09-07 19:25:00+00:00,495.1167,494.8318,0.6074,2024-09-07 19:40:00+00:00,495.5,2024-09-07 20:15:00+00:00,495.7,2024-09-07 20:20:00+00:00,495.8478,9.873871,4895.94,494.7104,494.7104,0,2024-09-07 20:45:00+00:00,493.9683,STOP_LOSS,5,-18.56,3.9167,3.9019,9.764,-26.38,-2.349
232,SOLUSDT,LONG,spot,2024-09-08 00:15:00+00:00,127.4025,127.3165,0.2854,2024-09-08 00:20:00+00:00,127.68,2024-09-08 00:30:00+00:00,127.51,2024-09-08 00:35:00+00:00,127.5637,38.175614,4869.82,127.2594,127.2594,0,2024-09-08 00:40:00+00:00,127.0686,STOP_LOSS,1,-18.9,3.8959,3.8807,9.7113,-26.68,-2.297
233,SOLUSDT,LONG,spot,2024-09-09 13:55:00+00:00,129.2919,129.2063,0.5509,2024-09-09 14:00:00+00:00,129.8,2024-09-09 14:05:00+00:00,129.53,2024-09-09 14:10:00+00:00,129.6048,37.370618,4843.41,129.0962,129.0962,0,2024-09-09 14:15:00+00:00,128.9025,STOP_LOSS,1,-26.24,3.8747,3.8537,9.6475,-33.97,-1.787
234,SOLUSDT,LONG,spot,2024-09-10 14:15:00+00:00,134.4133,134.1992,0.5714,2024-09-10 14:25:00+00:00,135.93,2024-09-10 15:05:00+00:00,134.96,2024-09-10 15:10:00+00:00,135.0275,25.771857,3479.91,134.0849,135.3148,5,2024-09-10 15:50:00+00:00,135.107,TRAILING_STOP,8,2.05,2.7839,2.7856,6.9629,-3.52,-0.145
235,BNBUSDT,LONG,spot,2024-09-10 22:30:00+00:00,520.0232,519.6244,0.8969,2024-09-10 22:35:00+00:00,520.6,2024-09-10 22:40:00+00:00,520.6,2024-09-10 22:45:00+00:00,520.8603,9.227607,4806.29,519.445,519.445,0,2024-09-10 23:30:00+00:00,518.6658,STOP_LOSS,9,-20.25,3.845,3.8288,9.5822,-27.92,-2.138
236,ETHUSDT,LONG,spot,2024-09-11 13:15:00+00:00,2332.4785,2329.1203,10.0544,2024-09-11 13:20:00+00:00,2342.21,2024-09-11 13:25:00+00:00,2333.16,2024-09-11 13:30:00+00:00,2334.3266,2.047121,4778.65,2327.1094,2327.1094,0,2024-09-11 13:35:00+00:00,2311.178,STOP_LOSS,1,-47.39,3.8229,3.785,9.4862,-55.0,-3.722
237,SOLUSDT,LONG,spot,2024-09-12 14:00:00+00:00,134.6585,134.617,0.4659,2024-09-12 14:10:00+00:00,135.34,2024-09-12 14:45:00+00:00,134.97,2024-09-12 14:50:00+00:00,135.0375,34.984388,4724.2,134.5238,134.5238,0,2024-09-12 14:55:00+00:00,134.322,STOP_LOSS,1,-25.03,3.7794,3.7593,9.4109,-32.57,-1.812
238,BNBUSDT,LONG,spot,2024-09-12 19:00:00+00:00,541.9042,541.6248,1.1116,2024-09-12 19:15:00+00:00,542.5,2024-09-12 19:20:00+00:00,542.4,2024-09-12 19:25:00+00:00,542.5711,8.647643,4691.96,541.4025,541.4025,0,2024-09-12 19:35:00+00:00,540.5904,STOP_LOSS,2,-17.13,3.7536,3.7399,9.3582,-24.62,-2.436
239,BNBUSDT,LONG,spot,2024-09-15 05:40:00+00:00,553.8479,553.6436,0.4731,2024-09-15 05:45:00+00:00,554.7,2024-09-15 06:15:00+00:00,554.3,2024-09-15 06:20:00+00:00,554.4771,8.417995,4667.59,553.549,553.549,0,2024-09-15 06:45:00+00:00,552.7187,STOP_LOSS,5,-14.8,3.7341,3.7222,9.313,-22.26,-2.849
240,BNBUSDT,LONG,spot,2024-09-15 21:20:00+00:00,557.9802,557.5348,1.4048,2024-09-15 21:30:00+00:00,559.4,2024-09-15 21:40:00+00:00,558.7,2024-09-15 21:45:00+00:00,558.8793,8.312258,4645.55,557.2538,557.2538,0,2024-09-15 22:05:00+00:00,556.418,STOP_LOSS,4,-20.46,3.7164,3.7001,9.2604,-27.88,-2.063
241,SOLUSDT,LONG,spot,2024-09-16 21:50:00+00:00,130.9083,130.8253,0.2716,2024-09-16 21:55:00+00:00,131.48,2024-09-16 22:05:00+00:00,131.0,2024-09-16 22:10:00+00:00,131.0555,35.236615,4617.95,130.771,130.771,0,2024-09-16 22:30:00+00:00,130.5749,STOP_LOSS,4,-16.94,3.6944,3.6808,9.2105,-24.31,-2.425
242,BTCUSDT,LONG,spot,2024-09-18 17:45:00+00:00,59790.9221,59723.1027,175.8316,2024-09-18 17:50:00+00:00,60099.99,2024-09-18 18:00:00+00:00,60298.06,2024-09-18 18:05:00+00:00,60328.209,0.036237,2186.1,59687.9364,60370.061,1,2024-09-18 18:35:00+00:00,60279.5059,TRAILING_STOP,6,-1.76,1.7489,1.7475,4.3696,-5.26,-0.227
243,BNBUSDT,LONG,spot,2024-09-18 18:00:00+00:00,541.3606,540.9093,2.8807,2024-09-18 18:05:00+00:00,543.8,2024-09-18 18:10:00+00:00,543.3,2024-09-18 18:15:00+00:00,543.6717,6.954983,3781.23,540.3332,545.7491,4,2024-09-18 18:40:00+00:00,544.9305,TRAILING_STOP,5,8.75,3.025,3.032,7.5756,2.7,0.116
244,ETHUSDT,LONG,spot,2024-09-20 19:05:00+00:00,2542.2705,2540.5386,5.4338,2024-09-20 19:15:00+00:00,2545.52,2024-09-20 19:30:00+00:00,2544.82,2024-09-20 19:35:00+00:00,2546.0924,1.803291,4591.35,2539.4518,2539.4518,0,2024-09-20 20:30:00+00:00,2535.6427,STOP_LOSS,11,-18.84,3.6731,3.658,9.1544,-26.18,-2.186
245,ETHUSDT,LONG,spot,2024-09-22 20:05:00+00:00,2576.2283,2575.3548,4.1855,2024-09-22 20:10:00+00:00,2579.91,2024-09-22 20:25:00+00:00,2580.0,2024-09-22 20:30:00+00:00,2581.28,1.76867,4565.43,2574.5177,2574.5177,0,2024-09-22 20:45:00+00:00,2570.6559,STOP_LOSS,3,-18.79,3.6523,3.6373,9.1027,-26.08,-2.181
247,SOLUSDT,LONG,spot,2024-09-22 23:05:00+00:00,144.2118,144.0594,0.7015,2024-09-22 23:10:00+00:00,144.91,2024-09-22 23:30:00+00:00,144.41,2024-09-22 23:35:00+00:00,144.4822,31.394994,4536.02,143.9191,144.1195,4,2024-09-23 00:00:00+00:00,143.9033,TRAILING_STOP,5,-18.18,3.6288,3.6143,9.0448,-25.42,-1.438
246,BNBUSDT,LONG,spot,2024-09-22 22:40:00+00:00,585.2687,584.5524,2.158,2024-09-22 22:45:00+00:00,588.0,2024-09-22 23:05:00+00:00,586.1,2024-09-22 23:10:00+00:00,586.3931,7.741588,4539.61,584.1208,587.6573,2,2024-09-23 00:05:00+00:00,586.7758,TRAILING_STOP,11,2.96,3.6317,3.6341,9.0837,-4.3,-0.245
248,BTCUSDT,LONG,spot,2024-09-23 15:40:00+00:00,63455.489,63405.4442,151.364,2024-09-23 15:45:00+00:00,63634.05,2024-09-23 16:10:00+00:00,63505.06,2024-09-23 16:15:00+00:00,63536.8125,0.070985,4510.19,63375.1714,63375.1714,0,2024-09-23 16:20:00+00:00,63280.1086,STOP_LOSS,1,-18.22,3.6082,3.5936,8.993,-25.42,-2.216
249,BNBUSDT,LONG,spot,2024-09-24 08:45:00+00:00,603.4573,602.9856,1.2509,2024-09-24 08:50:00+00:00,605.5,2024-09-24 09:05:00+00:00,603.6,2024-09-24 09:10:00+00:00,603.8017,7.427967,4485.02,602.7354,602.7354,0,2024-09-24 09:15:00+00:00,601.796,STOP_LOSS,1,-14.9,3.588,3.5761,8.9477,-22.06,-2.785
250,BNBUSDT,LONG,spot,2024-09-24 14:55:00+00:00,604.6165,604.2758,2.3568,2024-09-24 15:05:00+00:00,607.9,2024-09-24 15:35:00+00:00,605.5,2024-09-24 15:40:00+00:00,605.9028,7.36616,4463.18,603.8044,604.787,3,2024-09-24 16:25:00+00:00,603.8799,TRAILING_STOP,9,-14.9,3.5705,3.5586,8.904,-22.03,-1.425
251,BTCUSDT,LONG,spot,2024-09-25 15:00:00+00:00,63786.582,63736.1337,123.2825,2024-09-25 15:05:00+00:00,63980.0,2024-09-25 15:15:00+00:00,63894.0,2024-09-25 15:20:00+00:00,63925.947,0.069477,4441.37,63711.4772,63711.4772,0,2024-09-25 15:30:00+00:00,63615.91,STOP_LOSS,2,-21.54,3.5531,3.5359,8.8504,-28.63,-1.921
252,BNBUSDT,LONG,spot,2024-09-27 00:00:00+00:00,596.2137,595.8598,0.9575,2024-09-27 00:05:00+00:00,596.8,2024-09-27 00:10:00+00:00,597.2,2024-09-27 00:15:00+00:00,597.3986,7.387068,4413.02,595.6683,597.3577,2,2024-09-27 01:15:00+00:00,596.4616,TRAILING_STOP,12,-6.92,3.5304,3.5249,8.8157,-13.98,-1.093
253,ETHUSDT,LONG,spot,2024-09-27 12:35:00+00:00,2652.7586,2651.4606,4.8811,2024-09-27 12:40:00+00:00,2662.14,2024-09-27 13:05:00+00:00,2658.49,2024-09-27 13:10:00+00:00,2659.8192,1.653942,4399.19,2650.4844,2650.4844,0,2024-09-27 13:30:00+00:00,2646.5087,STOP_LOSS,4,-22.01,3.5193,3.5017,8.7654,-29.04,-1.881
254,SOLUSDT,LONG,spot,2024-09-27 13:00:00+00:00,156.8147,156.6703,0.4596,2024-09-27 13:05:00+00:00,157.08,2024-09-27 13:15:00+00:00,157.08,2024-09-27 13:20:00+00:00,157.1485,27.971645,4395.7,156.5784,156.5784,0,2024-09-27 13:30:00+00:00,156.3435,STOP_LOSS,2,-22.52,3.5166,3.4985,8.7576,-29.53,-1.852
255,SOLUSDT,LONG,spot,2024-09-28 01:45:00+00:00,158.0829,157.9667,0.2582,2024-09-28 01:50:00+00:00,158.51,2024-09-28 02:05:00+00:00,158.28,2024-09-28 02:10:00+00:00,158.3591,27.413668,4341.2,157.915,158.7939,3,2024-09-28 02:50:00+00:00,158.5558,TRAILING_STOP,8,5.39,3.473,3.4773,8.6905,-1.56,-0.128
256,ETHUSDT,LONG,spot,2024-09-29 15:15:00+00:00,2654.3957,2652.8231,4.8289,2024-09-29 15:20:00+00:00,2660.4,2024-09-29 15:25:00+00:00,2660.0,2024-09-29 15:30:00+00:00,2661.32,1.630642,4339.66,2651.8573,2651.8573,0,2024-09-29 16:35:00+00:00,2647.8795,STOP_LOSS,13,-21.92,3.4717,3.4542,8.6464,-28.84,-1.869
257,BNBUSDT,LONG,spot,2024-09-29 18:50:00+00:00,597.7615,597.3749,0.7924,2024-09-29 18:55:00+00:00,598.2,2024-09-29 19:10:00+00:00,598.6,2024-09-29 19:15:00+00:00,598.7992,7.199585,4311.11,597.2165,599.3394,1,2024-09-29 20:05:00+00:00,598.4404,TRAILING_STOP,10,-2.58,3.4489,3.4468,8.6183,-9.48,-0.832
258,BNBUSDT,LONG,spot,2024-10-03 17:25:00+00:00,540.677,540.0032,1.5097,2024-10-03 17:30:00+00:00,542.8,2024-10-03 17:40:00+00:00,542.2,2024-10-03 17:45:00+00:00,542.4711,7.843853,4255.06,539.7013,544.6237,6,2024-10-03 20:10:00+00:00,543.8068,TRAILING_STOP,29,10.48,3.4041,3.4124,8.5258,3.66,0.168
259,ETHUSDT,LONG,spot,2024-10-06 23:45:00+00:00,2436.257,2435.3632,3.8509,2024-10-06 23:50:00+00:00,2438.35,2024-10-07 00:10:00+00:00,2443.2,2024-10-07 00:15:00+00:00,2444.4216,1.761294,4305.35,2434.593,2448.2016,1,2024-10-07 00:30:00+00:00,2444.5293,TRAILING_STOP,3,0.19,3.4443,3.4444,8.611,-6.7,-0.387
260,SOLUSDT,LONG,spot,2024-10-15 16:25:00+00:00,154.3175,154.0024,0.9586,2024-10-15 16:30:00+00:00,155.09,2024-10-15 17:10:00+00:00,154.64,2024-10-15 17:15:00+00:00,154.7073,24.212822,3745.9,153.8107,155.2899,11,2024-10-15 18:45:00+00:00,155.057,TRAILING_STOP,18,8.47,2.9967,3.0035,7.5045,2.47,0.114
261,SOLUSDT,LONG,spot,2024-10-16 00:00:00+00:00,154.0705,153.906,0.3727,2024-10-16 00:05:00+00:00,154.58,2024-10-16 00:15:00+00:00,154.57,2024-10-16 00:20:00+00:00,154.6473,26.628199,4117.98,153.8315,153.8315,0,2024-10-16 00:25:00+00:00,153.5593,STOP_LOSS,1,-28.97,3.2944,3.2712,8.1925,-35.54,-1.636
262,SOLUSDT,LONG,spot,2024-10-16 01:30:00+00:00,154.0866,153.9768,0.5831,2024-10-16 01:35:00+00:00,154.38,2024-10-16 01:45:00+00:00,154.32,2024-10-16 01:50:00+00:00,154.3972,27.629873,4265.97,153.8602,155.0227,3,2024-10-16 02:20:00+00:00,154.7902,TRAILING_STOP,6,10.86,3.4128,3.4215,8.5482,4.02,0.271
263,BTCUSDT,LONG,spot,2024-10-16 15:10:00+00:00,67693.0063,67571.0145,246.1788,2024-10-16 15:20:00+00:00,67895.67,2024-10-16 15:45:00+00:00,67758.01,2024-10-16 15:50:00+00:00,67791.889,0.062986,4269.96,67521.7788,67521.7788,0,2024-10-16 16:15:00+00:00,67420.4961,STOP_LOSS,5,-23.39,3.416,3.3973,8.5048,-30.21,-1.775
264,SOLUSDT,LONG,spot,2024-10-16 17:00:00+00:00,155.2326,155.0879,0.5381,2024-10-16 17:30:00+00:00,155.56,2024-10-16 17:40:00+00:00,155.52,2024-10-16 17:45:00+00:00,155.5878,27.251849,4240.05,154.9803,154.9803,0,2024-10-16 18:00:00+00:00,154.7479,STOP_LOSS,3,-22.89,3.392,3.3737,8.4458,-29.65,-1.791
265,BNBUSDT,LONG,spot,2024-10-25 01:30:00+00:00,594.1729,593.7707,0.8787,2024-10-25 02:00:00+00:00,595.8,2024-10-25 02:10:00+00:00,594.4,2024-10-25 02:15:00+00:00,594.5971,7.081595,4210.7,593.5949,596.2001,9,2024-10-25 03:30:00+00:00,595.3058,TRAILING_STOP,15,5.02,3.3686,3.3726,8.4289,-1.72,-0.243
266,SOLUSDT,LONG,spot,2024-10-26 15:10:00+00:00,168.3773,168.1809,0.6453,2024-10-26 15:40:00+00:00,169.27,2024-10-26 16:15:00+00:00,168.69,2024-10-26 16:20:00+00:00,168.7743,24.938568,4208.99,168.0519,168.9029,6,2024-10-26 17:05:00+00:00,168.6495,TRAILING_STOP,9,-3.11,3.3672,3.3647,8.4133,-9.84,-0.546
267,ETHUSDT,LONG,spot,2024-10-28 20:15:00+00:00,2510.9757,2508.7005,6.0183,2024-10-28 20:30:00+00:00,2514.85,2024-10-28 20:50:00+00:00,2513.94,2024-10-28 20:55:00+00:00,2515.197,1.669549,4199.24,2507.4968,2535.6533,4,2024-10-28 21:45:00+00:00,2531.8498,TRAILING_STOP,10,27.8,3.3594,3.3816,8.4402,21.06,1.638
268,SOLUSDT,LONG,spot,2024-10-31 02:30:00+00:00,175.5546,175.3747,0.4389,2024-10-31 02:35:00+00:00,176.22,2024-10-31 03:00:00+00:00,175.94,2024-10-31 03:05:00+00:00,176.028,23.974004,4220.1,175.2869,175.2869,0,2024-10-31 03:20:00+00:00,175.024,STOP_LOSS,3,-24.07,3.3761,3.3568,8.4041,-30.8,-1.734
269,BTCUSDT,LONG,spot,2024-11-04 12:50:00+00:00,68887.1593,68846.5676,98.0136,2024-11-04 12:55:00+00:00,68978.2,2024-11-04 13:35:00+00:00,68980.0,2024-11-04 13:40:00+00:00,69014.48,0.060706,4189.6,68826.9649,68826.9649,0,2024-11-04 13:45:00+00:00,68723.7244,STOP_LOSS,1,-17.65,3.3517,3.3376,8.3527,-24.34,-2.138
270,BTCUSDT,LONG,spot,2024-11-05 23:55:00+00:00,69514.7885,69488.9561,157.4685,2024-11-06 00:10:00+00:00,69725.99,2024-11-06 00:15:00+00:00,69849.99,2024-11-06 00:20:00+00:00,69884.915,0.049217,3439.52,69457.4624,70840.7222,8,2024-11-06 01:15:00+00:00,70734.4611,TRAILING_STOP,11,41.81,2.7516,2.7851,6.9418,36.28,1.724
271,BNBUSDT,LONG,spot,2024-11-05 23:55:00+00:00,564.4249,564.3129,0.9061,2024-11-06 00:10:00+00:00,565.09,2024-11-06 00:15:00+00:00,566.0,2024-11-06 00:20:00+00:00,566.293,7.350931,4162.78,564.1317,572.5647,10,2024-11-06 01:15:00+00:00,571.7059,TRAILING_STOP,11,39.79,3.3302,3.3621,8.3852,33.1,2.083
272,BNBUSDT,LONG,spot,2024-11-06 15:15:00+00:00,582.0054,581.337,1.5745,2024-11-06 15:20:00+00:00,583.66,2024-11-06 15:30:00+00:00,582.39,2024-11-06 15:35:00+00:00,582.6912,7.2666,4234.18,581.0221,582.3474,3,2024-11-06 17:20:00+00:00,581.4739,TRAILING_STOP,21,-8.85,3.3873,3.3803,8.4551,-15.61,-1.287
273,BTCUSDT,LONG,spot,2024-11-08 00:15:00+00:00,75983.5613,75921.2699,140.075,2024-11-08 00:20:00+00:00,76199.99,2024-11-08 01:00:00+00:00,76046.72,2024-11-08 01:05:00+00:00,76084.7434,0.055448,4218.73,75893.2549,76050.6154,2,2024-11-08 01:35:00+00:00,75936.5395,TRAILING_STOP,6,-8.22,3.375,3.3684,8.4251,-14.96,-1.409
274,SOLUSDT,LONG,spot,2024-11-09 00:45:00+00:00,199.3828,199.1872,0.5046,2024-11-09 00:50:00+00:00,199.84,2024-11-09 01:05:00+00:00,199.68,2024-11-09 01:10:00+00:00,199.7898,21.041686,4203.92,199.0862,199.0862,0,2024-11-09 01:20:00+00:00,198.7876,STOP_LOSS,2,-21.09,3.3631,3.3463,8.3762,-27.8,-1.878
275,SOLUSDT,LONG,spot,2024-11-09 03:05:00+00:00,199.2484,199.0939,0.5334,2024-11-09 03:10:00+00:00,199.66,2024-11-09 03:25:00+00:00,199.56,2024-11-09 03:30:00+00:00,199.6498,20.918607,4176.4,198.9872,198.9872,0,2024-11-09 03:35:00+00:00,198.6887,STOP_LOSS,1,-20.1,3.3411,3.325,8.3226,-26.77,-1.931
276,SOLUSDT,LONG,spot,2024-11-10 12:45:00+00:00,205.2398,204.7704,0.9901,2024-11-10 13:10:00+00:00,205.97,2024-11-10 13:45:00+00:00,205.65,2024-11-10 13:50:00+00:00,205.7428,17.907263,3684.29,204.5724,207.7201,4,2024-11-10 14:30:00+00:00,207.4085,TRAILING_STOP,8,29.83,2.9474,2.9713,7.4133,23.91,1.141
277,SOLUSDT,LONG,spot,2024-11-10 22:55:00+00:00,208.8285,208.3939,1.7492,2024-11-10 23:05:00+00:00,210.04,2024-11-10 23:30:00+00:00,209.76,2024-11-10 23:35:00+00:00,209.8649,11.576741,2429.55,208.0441,210.4724,2,2024-11-11 01:55:00+00:00,210.1567,TRAILING_STOP,28,3.38,1.9436,1.9463,4.8642,-0.51,-0.024
278,ETHUSDT,LONG,spot,2024-11-10 23:50:00+00:00,3181.6961,3177.0213,13.4379,2024-11-11 00:00:00+00:00,3189.74,2024-11-11 00:05:00+00:00,3183.15,2024-11-11 00:10:00+00:00,3184.7516,1.309879,4171.64,3174.3337,3200.1783,15,2024-11-11 01:55:00+00:00,3195.378,TRAILING_STOP,21,13.92,3.3373,3.3484,8.3642,7.23,0.53
279,SOLUSDT,LONG,spot,2024-11-12 01:20:00+00:00,219.9577,219.229,1.5958,2024-11-12 01:30:00+00:00,221.05,2024-11-12 01:45:00+00:00,220.02,2024-11-12 01:50:00+00:00,220.13,17.301899,3808.67,218.9098,218.9098,0,2024-11-12 01:55:00+00:00,218.5814,STOP_LOSS,1,-26.79,3.0469,3.0255,7.5771,-32.87,-1.557
281,SOLUSDT,LONG,spot,2024-11-12 03:55:00+00:00,218.9812,218.7852,0.9953,2024-11-12 04:00:00+00:00,220.05,2024-11-12 04:10:00+00:00,219.86,2024-11-12 04:15:00+00:00,219.9699,15.134561,3329.15,218.5861,219.4194,1,2024-11-12 04:45:00+00:00,219.0903,TRAILING_STOP,6,-13.31,2.6633,2.6527,6.6383,-18.63,-0.889
282,SOLUSDT,LONG,spot,2024-11-12 04:25:00+00:00,219.3949,219.0895,1.0265,2024-11-12 04:30:00+00:00,220.53,2024-11-12 04:45:00+00:00,219.46,2024-11-12 04:50:00+00:00,219.5597,18.795654,4126.77,218.8842,218.8842,0,2024-11-12 04:55:00+00:00,218.5559,STOP_LOSS,1,-18.87,3.3014,3.2863,8.2252,-25.46,-2.005
280,ETHUSDT,LONG,spot,2024-11-12 03:00:00+00:00,3319.1443,3311.4545,19.5205,2024-11-12 03:30:00+00:00,3333.49,2024-11-12 03:35:00+00:00,3328.27,2024-11-12 03:40:00+00:00,3329.9341,0.935853,3116.33,3307.5504,3365.2976,4,2024-11-12 07:00:00+00:00,3360.2497,TRAILING_STOP,40,28.37,2.4931,2.5158,6.2752,23.36,1.115
283,SOLUSDT,LONG,spot,2024-11-12 06:15:00+00:00,218.9223,218.4862,0.9671,2024-11-12 06:40:00+00:00,219.81,2024-11-12 07:00:00+00:00,219.12,2024-11-12 07:05:00+00:00,219.2396,18.824907,4127.16,218.2928,222.8738,14,2024-11-12 09:05:00+00:00,222.5395,TRAILING_STOP,24,62.12,3.3017,3.3514,8.3475,55.47,3.112
284,BNBUSDT,LONG,spot,2024-11-12 22:35:00+00:00,628.8651,628.0779,1.9988,2024-11-12 22:40:00+00:00,634.11,2024-11-12 23:15:00+00:00,629.0,2024-11-12 23:20:00+00:00,629.3245,6.645345,4182.08,627.6781,627.6781,0,2024-11-12 23:25:00+00:00,625.1609,STOP_LOSS,1,-27.67,3.3457,3.3235,8.3227,-34.34,-3.139
285,ETHUSDT,LONG,spot,2024-11-13 01:45:00+00:00,3267.6777,3264.0321,15.3391,2024-11-13 01:50:00+00:00,3277.73,2024-11-13 01:55:00+00:00,3271.01,2024-11-13 02:00:00+00:00,3272.6455,1.267502,4148.08,3260.9643,3260.9643,0,2024-11-13 02:10:00+00:00,3256.0728,STOP_LOSS,2,-21.01,3.3185,3.3017,8.2647,-27.63,-1.866
286,BNBUSDT,LONG,spot,2024-11-14 02:15:00+00:00,617.3853,616.8168,2.4646,2024-11-14 02:20:00+00:00,619.13,2024-11-14 02:25:00+00:00,617.91,2024-11-14 02:30:00+00:00,618.219,6.665493,4120.73,616.3239,618.6519,4,2024-11-14 03:05:00+00:00,617.7239,TRAILING_STOP,7,-3.3,3.2966,3.2939,8.2365,-9.89,-0.783
287,ETHUSDT,LONG,spot,2024-11-14 02:15:00+00:00,3195.4295,3190.2325,12.5458,2024-11-14 02:40:00+00:00,3203.01,2024-11-14 03:00:00+00:00,3198.97,2024-11-14 03:05:00+00:00,3200.5795,1.284437,4110.94,3187.7233,3187.7233,0,2024-11-14 03:10:00+00:00,3182.9418,STOP_LOSS,1,-22.65,3.2888,3.2706,8.1879,-29.21,-1.769
288,BNBUSDT,LONG,spot,2024-11-14 02:40:00+00:00,617.7616,617.17,2.4305,2024-11-14 02:45:00+00:00,620.98,2024-11-14 03:10:00+00:00,618.21,2024-11-14 03:15:00+00:00,618.5191,6.599668,4082.02,616.6839,625.6967,10,2024-11-14 04:35:00+00:00,624.7581,TRAILING_STOP,16,41.18,3.2656,3.2986,8.2258,34.61,2.858
289,ETHUSDT,LONG,spot,2024-11-14 07:55:00+00:00,3207.73,3205.1055,10.5505,2024-11-14 08:00:00+00:00,3221.8,2024-11-14 08:20:00+00:00,3210.31,2024-11-14 08:25:00+00:00,3211.9052,1.281571,4116.29,3202.9954,3202.9954,0,2024-11-14 08:45:00+00:00,3198.1909,STOP_LOSS,4,-17.58,3.293,3.279,8.2062,-24.15,-2.115
290,SOLUSDT,LONG,spot,2024-11-14 19:25:00+00:00,215.1335,214.8401,0.7469,2024-11-14 19:50:00+00:00,215.77,2024-11-14 20:00:00+00:00,215.36,2024-11-14 20:05:00+00:00,215.4677,18.993009,4092.38,214.6907,214.6907,0,2024-11-14 20:10:00+00:00,212.7504,STOP_LOSS,1,-51.61,3.2739,3.2326,8.1073,-58.12,-3.938
291,SOLUSDT,LONG,spot,2024-11-16 12:40:00+00:00,218.5677,218.1202,1.1604,2024-11-16 12:45:00+00:00,219.93,2024-11-16 12:55:00+00:00,219.26,2024-11-16 13:00:00+00:00,219.3596,13.848358,3037.77,217.8881,219.3409,6,2024-11-16 13:40:00+00:00,219.0119,TRAILING_STOP,8,-4.82,2.4302,2.4264,6.0683,-9.67,-0.475
292,BNBUSDT,LONG,spot,2024-11-16 16:40:00+00:00,625.1048,624.3853,2.0989,2024-11-16 17:05:00+00:00,626.3,2024-11-16 17:10:00+00:00,626.31,2024-11-16 17:15:00+00:00,626.6332,6.423645,4025.27,623.9655,628.4022,8,2024-11-16 18:40:00+00:00,627.4596,TRAILING_STOP,17,5.31,3.2202,3.2245,8.0585,-1.14,-0.066
293,SOLUSDT,LONG,spot,2024-11-17 17:10:00+00:00,233.6754,233.3979,1.1401,2024-11-17 17:35:00+00:00,234.36,2024-11-17 17:40:00+00:00,234.24,2024-11-17 17:45:00+00:00,234.3571,17.11886,4011.93,233.1699,233.1699,0,2024-11-17 18:05:00+00:00,232.8201,STOP_LOSS,4,-26.31,3.2095,3.1885,7.9844,-32.71,-1.609
294,SOLUSDT,LONG,spot,2024-11-17 22:45:00+00:00,234.4356,234.2105,1.1566,2024-11-17 23:00:00+00:00,235.12,2024-11-17 23:10:00+00:00,234.78,2024-11-17 23:15:00+00:00,234.8974,16.993643,3991.76,233.9792,236.187,7,2024-11-18 00:10:00+00:00,235.8327,TRAILING_STOP,11,15.89,3.1934,3.2061,8.0074,9.5,0.609
295,SOLUSDT,LONG,spot,2024-11-18 14:50:00+00:00,242.0143,241.5183,1.5975,2024-11-18 15:00:00+00:00,242.96,2024-11-18 15:15:00+00:00,242.1,2024-11-18 15:20:00+00:00,242.211,16.519324,4001.16,241.1988,241.1988,0,2024-11-18 15:25:00+00:00,240.1293,STOP_LOSS,1,-34.39,3.2009,3.1734,7.9507,-40.76,-2.438
296,BTCUSDT,LONG,spot,2024-11-18 20:35:00+00:00,90947.7432,90911.6255,430.1124,2024-11-18 20:40:00+00:00,91392.03,2024-11-18 20:50:00+00:00,91140.0,2024-11-18 20:55:00+00:00,91185.57,0.043437,3960.81,90825.603,91453.011,9,2024-11-18 21:45:00+00:00,91315.8315,TRAILING_STOP,10,5.66,3.1686,3.1732,7.9301,-0.68,-0.044
297,SOLUSDT,LONG,spot,2024-11-19 00:45:00+00:00,239.5176,239.2929,1.0148,2024-11-19 00:50:00+00:00,240.64,2024-11-19 00:55:00+00:00,239.58,2024-11-19 01:00:00+00:00,239.6898,16.521895,3960.13,239.09,239.09,0,2024-11-19 01:15:00+00:00,238.7313,STOP_LOSS,3,-15.84,3.1681,3.1554,7.8965,-22.16,-2.236
298,BTCUSDT,LONG,spot,2024-11-19 02:15:00+00:00,90955.9622,90910.6019,173.7938,2024-11-19 02:20:00+00:00,91177.21,2024-11-19 02:30:00+00:00,91075.99,2024-11-19 02:35:00+00:00,91121.528,0.043219,3938.19,90875.8431,91254.3007,4,2024-11-19 03:40:00+00:00,91117.4192,TRAILING_STOP,13,-0.18,3.1506,3.1504,7.8761,-6.48,-0.61
299,BTCUSDT,LONG,spot,2024-11-19 14:40:00+00:00,91775.7855,91684.1105,410.569,2024-11-19 14:45:00+00:00,92124.01,2024-11-19 14:55:00+00:00,91824.0,2024-11-19 15:00:00+00:00,91869.912,0.042797,3931.78,91601.9967,91601.9967,0,2024-11-19 15:20:00+00:00,91464.5937,STOP_LOSS,4,-17.35,3.1454,3.1315,7.8375,-23.62,-2.06
300,SOLUSDT,LONG,spot,2024-11-19 17:55:00+00:00,242.0884,241.6947,0.9828,2024-11-19 18:00:00+00:00,242.82,2024-11-19 18:20:00+00:00,242.27,2024-11-19 18:25:00+00:00,242.4011,16.12365,3908.39,241.4981,242.2507,3,2024-11-19 19:00:00+00:00,241.8874,TRAILING_STOP,7,-8.28,3.1267,3.1201,7.8044,-14.53,-0.998
301,ETHUSDT,LONG,spot,2024-11-19 18:25:00+00:00,3119.7301,3114.5934,10.6858,2024-11-19 18:30:00+00:00,3133.99,2024-11-19 18:45:00+00:00,3121.01,2024-11-19 18:50:00+00:00,3122.5805,1.250663,3905.3,3112.4563,3126.847,8,2024-11-19 19:45:00+00:00,3122.1568,TRAILING_STOP,11,-0.53,3.1242,3.1238,7.8098,-6.78,-0.535
302,SOLUSDT,LONG,spot,2024-11-19 18:35:00+00:00,242.5223,242.084,1.061,2024-11-19 18:45:00+00:00,243.34,2024-11-19 19:00:00+00:00,242.53,2024-11-19 19:05:00+00:00,242.6413,16.03566,3890.91,241.8718,242.9379,8,2024-11-19 20:20:00+00:00,242.5735,TRAILING_STOP,15,-1.09,3.1127,3.1119,7.7802,-7.31,-0.593
303,ETHUSDT,LONG,spot,2024-11-20 01:05:00+00:00,3106.8419,3104.4646,8.5774,2024-11-20 01:10:00+00:00,3113.4,2024-11-20 01:15:00+00:00,3109.81,2024-11-20 01:20:00+00:00,3111.3749,1.247055,3880.06,3102.7491,3102.7491,0,2024-11-20 01:25:00+00:00,3096.4683,STOP_LOSS,1,-18.59,3.104,3.0892,7.7322,-24.78,-2.304
304,SOLUSDT,LONG,spot,2024-11-20 13:20:00+00:00,237.152,236.6588,1.0365,2024-11-20 13:25:00+00:00,238.48,2024-11-20 13:40:00+00:00,238.1,2024-11-20 13:45:00+00:00,238.219,11.016448,2624.33,236.4515,239.9687,3,2024-11-20 14:35:00+00:00,239.6087,TRAILING_STOP,10,15.31,2.0995,2.1117,5.2716,11.1,0.57
305,SOLUSDT,LONG,spot,2024-11-22 12:30:00+00:00,258.8791,258.7634,0.8184,2024-11-22 12:35:00+00:00,260.16,2024-11-22 12:45:00+00:00,259.87,2024-11-22 12:50:00+00:00,260.0099,13.847049,3600.37,258.5997,258.5997,0,2024-11-22 13:05:00+00:00,258.2118,STOP_LOSS,3,-24.9,2.8803,2.8604,7.1634,-30.64,-1.569
306,BNBUSDT,LONG,spot,2024-11-22 20:55:00+00:00,623.237,622.7456,1.0866,2024-11-22 21:00:00+00:00,624.39,2024-11-22 21:10:00+00:00,623.8,2024-11-22 21:15:00+00:00,624.1119,6.146616,3836.18,622.5283,627.1192,8,2024-11-22 22:10:00+00:00,626.1785,TRAILING_STOP,11,12.7,3.0689,3.0791,7.6914,6.55,0.673
307,SOLUSDT,LONG,spot,2024-11-22 23:40:00+00:00,255.5168,255.2285,0.6419,2024-11-22 23:45:00+00:00,255.99,2024-11-23 00:10:00+00:00,255.96,2024-11-23 00:15:00+00:00,256.078,15.00584,3842.67,255.1001,256.2175,2,2024-11-23 00:35:00+00:00,255.8332,TRAILING_STOP,4,-3.67,3.0741,3.0712,7.6798,-9.82,-0.669
308,SOLUSDT,LONG,spot,2024-11-23 01:45:00+00:00,255.9842,255.6125,0.9545,2024-11-23 01:50:00+00:00,256.48,2024-11-23 02:00:00+00:00,256.52,2024-11-23 02:05:00+00:00,256.6383,14.935203,3832.94,255.4216,255.4216,0,2024-11-23 02:15:00+00:00,255.0385,STOP_LOSS,2,-23.89,3.0664,3.0472,7.63,-30.01,-1.651
309,ETHUSDT,LONG,spot,2024-11-23 21:35:00+00:00,3413.8629,3411.9164,8.1576,2024-11-23 21:40:00+00:00,3427.73,2024-11-23 21:55:00+00:00,3417.24,2024-11-23 22:00:00+00:00,3418.9486,1.1124,3803.24,3410.2849,3410.2849,0,2024-11-23 22:10:00+00:00,3405.1695,STOP_LOSS,2,-15.33,3.0426,3.0303,7.5835,-21.4,-2.221
310,ETHUSDT,LONG,spot,2024-11-25 18:10:00+00:00,3466.1472,3460.0077,18.6523,2024-11-25 18:15:00+00:00,3480.57,2024-11-25 18:20:00+00:00,3473.07,2024-11-25 18:25:00+00:00,3474.7965,1.031425,3583.99,3456.2772,3456.2772,0,2024-11-25 18:35:00+00:00,3451.0928,STOP_LOSS,2,-24.45,2.8672,2.8476,7.1313,-30.16,-1.579
311,ETHUSDT,LONG,spot,2024-11-25 19:20:00+00:00,3460.174,3453.3347,14.5114,2024-11-25 19:25:00+00:00,3472.8,2024-11-25 19:35:00+00:00,3465.0,2024-11-25 19:40:00+00:00,3466.7225,1.082345,3752.19,3450.4324,3456.8784,3,2024-11-25 20:00:00+00:00,3451.6931,TRAILING_STOP,4,-16.27,3.0018,2.9887,7.48,-22.26,-1.262
312,BTCUSDT,LONG,spot,2024-11-28 13:45:00+00:00,95342.6303,95284.0139,219.1807,2024-11-28 13:50:00+00:00,95620.03,2024-11-28 14:25:00+00:00,95528.02,2024-11-28 14:30:00+00:00,95575.774,0.039028,3730.15,95240.1778,95240.1778,0,2024-11-28 15:00:00+00:00,95097.3175,STOP_LOSS,6,-18.67,2.9841,2.9692,7.4323,-24.63,-1.88
313,BTCUSDT,LONG,spot,2024-12-02 00:20:00+00:00,97346.6828,97272.3583,180.0467,2024-12-02 00:30:00+00:00,97517.34,2024-12-02 00:55:00+00:00,97436.75,2024-12-02 01:00:00+00:00,97485.4684,0.038014,3705.77,97236.349,97721.9142,3,2024-12-02 01:35:00+00:00,97575.3313,TRAILING_STOP,7,3.42,2.9646,2.9674,7.4167,-2.52,-0.266
314,BTCUSDT,LONG,spot,2024-12-03 19:40:00+00:00,95345.6114,95291.1359,190.8731,2024-12-03 20:05:00+00:00,95554.01,2024-12-03 20:25:00+00:00,95515.82,2024-12-03 20:30:00+00:00,95563.5679,0.038752,3703.28,95252.9613,95821.8335,7,2024-12-03 22:00:00+00:00,95678.1008,TRAILING_STOP,18,4.44,2.9626,2.9662,7.4132,-1.49,-0.124
315,ETHUSDT,LONG,spot,2024-12-05 17:00:00+00:00,3905.9033,3899.4687,15.6222,2024-12-05 17:15:00+00:00,3924.58,2024-12-05 17:30:00+00:00,3909.01,2024-12-05 17:35:00+00:00,3910.9645,0.94652,3701.81,3896.3442,3896.3442,0,2024-12-05 18:20:00+00:00,3890.4997,STOP_LOSS,9,-19.37,2.9614,2.946,7.3746,-25.28,-1.827
316,BNBUSDT,LONG,spot,2024-12-07 00:50:00+00:00,734.2829,733.5534,1.7494,2024-12-07 01:20:00+00:00,736.04,2024-12-07 01:30:00+00:00,736.94,2024-12-07 01:35:00+00:00,737.3685,4.458536,3287.58,733.2035,733.2035,0,2024-12-07 03:15:00+00:00,732.1037,STOP_LOSS,20,-23.47,2.6301,2.6113,6.54,-28.71,-1.546
317,ETHUSDT,LONG,spot,2024-12-08 17:25:00+00:00,3984.3214,3980.8963,8.2359,2024-12-08 17:30:00+00:00,3989.36,2024-12-08 17:35:00+00:00,3987.39,2024-12-08 17:40:00+00:00,3989.3937,0.914514,3648.36,3979.2491,3979.2491,0,2024-12-08 18:05:00+00:00,3973.2802,STOP_LOSS,5,-14.74,2.9187,2.9069,7.2746,-20.56,-2.216
318,SOLUSDT,LONG,spot,2024-12-08 23:10:00+00:00,236.048,235.859,0.4383,2024-12-08 23:15:00+00:00,236.64,2024-12-08 23:30:00+00:00,236.37,2024-12-08 23:35:00+00:00,236.4882,15.341146,3628.0,235.7714,236.5935,2,2024-12-09 00:00:00+00:00,236.2386,TRAILING_STOP,5,-3.83,2.9024,2.8993,7.2503,-9.63,-0.876
319,SOLUSDT,LONG,spot,2024-12-12 14:50:00+00:00,231.2259,230.6748,1.265,2024-12-12 14:55:00+00:00,232.54,2024-12-12 15:05:00+00:00,231.25,2024-12-12 15:10:00+00:00,231.3656,15.639596,3618.46,230.4218,230.4218,0,2024-12-12 15:15:00+00:00,230.0761,STOP_LOSS,1,-20.17,2.8948,2.8786,7.2067,-25.94,-1.757
320,BNBUSDT,LONG,spot,2024-12-13 09:05:00+00:00,706.5437,705.6869,3.5348,2024-12-13 09:10:00+00:00,711.2,2024-12-13 09:35:00+00:00,708.14,2024-12-13 09:40:00+00:00,708.4841,5.071086,3592.78,704.9799,717.7605,25,2024-12-13 13:00:00+00:00,716.6839,TRAILING_STOP,40,41.58,2.8742,2.9075,7.2479,35.8,2.015
321,BNBUSDT,LONG,spot,2024-12-13 16:40:00+00:00,715.0008,713.7984,2.5595,2024-12-13 16:45:00+00:00,717.74,2024-12-13 17:00:00+00:00,715.62,2024-12-13 17:05:00+00:00,715.9878,5.067441,3628.23,713.2865,715.4922,3,2024-12-13 17:35:00+00:00,714.419,TRAILING_STOP,6,-7.95,2.9026,2.8962,7.2445,-13.75,-1.004
322,ETHUSDT,LONG,spot,2024-12-14 00:35:00+00:00,3912.0061,3909.9682,5.6979,2024-12-14 01:00:00+00:00,3924.49,2024-12-14 01:05:00+00:00,3917.69,2024-12-14 01:10:00+00:00,3919.6488,0.922178,3614.61,3908.8286,3925.9528,4,2024-12-14 01:45:00+00:00,3920.0638,TRAILING_STOP,7,0.38,2.8917,2.892,7.2298,-5.4,-0.541
323,BTCUSDT,LONG,spot,2024-12-15 22:20:00+00:00,103061.0918,102986.0912,199.2874,2024-12-15 22:25:00+00:00,103168.01,2024-12-15 22:30:00+00:00,103297.79,2024-12-15 22:35:00+00:00,103349.4389,0.034923,3609.27,102946.2337,103479.215,1,2024-12-15 23:10:00+00:00,103323.9962,TRAILING_STOP,7,-0.89,2.8874,2.8867,7.2172,-6.66,-0.473
324,SOLUSDT,LONG,spot,2024-12-16 06:40:00+00:00,222.4849,222.3091,0.4937,2024-12-16 07:00:00+00:00,223.07,2024-12-16 07:05:00+00:00,223.0,2024-12-16 07:10:00+00:00,223.1115,16.147405,3602.67,222.2104,222.2104,0,2024-12-16 08:05:00+00:00,221.877,STOP_LOSS,11,-19.93,2.8821,2.8662,7.1754,-25.68,-1.765
325,ETHUSDT,LONG,spot,2024-12-16 15:35:00+00:00,3931.9948,3926.0325,15.0912,2024-12-16 15:40:00+00:00,3941.99,2024-12-16 15:45:00+00:00,3935.36,2024-12-16 15:50:00+00:00,3937.3377,0.908545,3577.25,3923.0142,3946.1229,3,2024-12-16 16:25:00+00:00,3940.2038,TRAILING_STOP,7,2.6,2.8618,2.8639,7.1584,-3.12,-0.24
326,ETHUSDT,LONG,spot,2024-12-17 06:40:00+00:00,4011.8372,4009.6877,7.7269,2024-12-17 07:05:00+00:00,4017.61,2024-12-17 07:15:00+00:00,4021.21,2024-12-17 07:20:00+00:00,4023.2206,0.888382,3574.16,4008.1424,4008.1424,0,2024-12-17 07:35:00+00:00,4002.1301,STOP_LOSS,3,-18.74,2.8593,2.8443,7.1202,-24.44,-1.825
327,BNBUSDT,LONG,spot,2024-12-19 14:10:00+00:00,700.8742,700.3349,1.6689,2024-12-19 14:15:00+00:00,702.27,2024-12-19 14:30:00+00:00,703.18,2024-12-19 14:35:00+00:00,703.5416,5.045844,3549.96,700.0011,700.0011,0,2024-12-19 14:40:00+00:00,698.9511,STOP_LOSS,1,-23.16,2.84,2.8214,7.0652,-28.82,-1.613
328,BNBUSDT,LONG,spot,2024-12-20 07:20:00+00:00,672.9088,672.7399,3.0813,2024-12-20 07:25:00+00:00,678.08,2024-12-20 07:45:00+00:00,674.59,2024-12-20 07:50:00+00:00,674.9373,5.21741,3521.42,672.1236,672.1236,0,2024-12-20 07:55:00+00:00,671.1154,STOP_LOSS,1,-19.94,2.8171,2.8012,7.0129,-25.56,-1.741
329,ETHUSDT,LONG,spot,2024-12-23 08:05:00+00:00,3299.4599,3296.5079,10.9761,2024-12-23 08:10:00+00:00,3307.43,2024-12-23 08:20:00+00:00,3303.52,2024-12-23 08:25:00+00:00,3305.1618,1.057776,3496.12,3294.3127,3294.3127,0,2024-12-23 08:30:00+00:00,3289.3713,STOP_LOSS,1,-16.7,2.7969,2.7835,6.9672,-22.28,-1.942
330,SOLUSDT,LONG,spot,2024-12-23 08:10:00+00:00,182.4984,182.1746,0.8487,2024-12-23 08:15:00+00:00,182.99,2024-12-23 08:20:00+00:00,183.16,2024-12-23 08:25:00+00:00,183.2516,14.163068,2595.4,182.0049,184.7633,4,2024-12-23 09:25:00+00:00,184.4862,TRAILING_STOP,12,17.49,2.0763,2.0903,5.217,13.32,0.754
331,SOLUSDT,LONG,spot,2024-12-23 15:05:00+00:00,183.5365,183.2933,1.2799,2024-12-23 15:10:00+00:00,185.23,2024-12-23 15:15:00+00:00,183.54,2024-12-23 15:20:00+00:00,183.6318,18.990434,3487.25,183.0373,183.0373,0,2024-12-23 15:35:00+00:00,182.7627,STOP_LOSS,3,-16.5,2.7898,2.7766,6.9497,-22.07,-1.955
332,ETHUSDT,LONG,spot,2024-12-23 19:10:00+00:00,3328.6202,3326.2407,13.6796,2024-12-23 19:15:00+00:00,3343.23,2024-12-23 19:50:00+00:00,3335.04,2024-12-23 19:55:00+00:00,3336.7075,1.038568,3465.4,3323.5048,3429.1412,14,2024-12-23 21:45:00+00:00,3423.9975,TRAILING_STOP,22,90.66,2.7723,2.8448,7.0668,85.04,6.202
333,BNBUSDT,LONG,spot,2024-12-24 07:20:00+00:00,691.8733,691.036,2.2112,2024-12-24 07:25:00+00:00,693.39,2024-12-24 07:50:00+00:00,692.04,2024-12-24 07:55:00+00:00,692.386,5.126601,3549.59,690.5938,690.5938,0,2024-12-24 08:20:00+00:00,689.5579,STOP_LOSS,5,-14.5,2.8397,2.8281,7.0774,-20.17,-2.195
334,BNBUSDT,LONG,spot,2024-12-26 01:05:00+00:00,702.5267,702.142,1.3082,2024-12-26 01:20:00+00:00,703.79,2024-12-26 01:45:00+00:00,703.91,2024-12-26 01:50:00+00:00,704.262,5.011803,3529.62,701.8804,709.1856,6,2024-12-26 02:30:00+00:00,708.1218,TRAILING_STOP,8,19.34,2.8237,2.8392,7.0883,13.68,1.146
335,BNBUSDT,LONG,spot,2024-12-26 04:30:00+00:00,704.2335,703.7672,1.3943,2024-12-26 04:35:00+00:00,705.33,2024-12-26 04:50:00+00:00,705.33,2024-12-26 04:55:00+00:00,705.6727,5.020979,3543.17,703.4883,705.0696,1,2024-12-26 05:10:00+00:00,704.012,TRAILING_STOP,3,-8.34,2.8345,2.8279,7.0738,-14.0,-1.277
336,SOLUSDT,LONG,spot,2025-01-01 15:40:00+00:00,190.6295,190.5015,0.5433,2025-01-01 15:45:00+00:00,191.94,2025-01-01 16:20:00+00:00,191.05,2025-01-01 16:25:00+00:00,191.1455,18.463977,3529.31,190.3929,190.3929,0,2025-01-01 16:50:00+00:00,190.1073,STOP_LOSS,5,-19.17,2.8234,2.8081,7.0299,-24.8,-1.785
337,BNBUSDT,LONG,spot,2025-01-09 16:50:00+00:00,694.3487,693.5926,1.6379,2025-01-09 16:55:00+00:00,695.8,2025-01-09 17:00:00+00:00,694.88,2025-01-09 17:05:00+00:00,695.2274,5.04116,3504.75,693.265,693.265,0,2025-01-09 17:15:00+00:00,692.2251,STOP_LOSS,2,-15.14,2.8038,2.7917,6.9868,-20.73,-2.096
338,SOLUSDT,LONG,spot,2025-01-17 20:40:00+00:00,217.9609,217.92,0.8668,2025-01-17 20:45:00+00:00,221.02,2025-01-17 21:10:00+00:00,218.39,2025-01-17 21:15:00+00:00,218.4992,15.946188,3484.23,217.7466,217.7466,0,2025-01-17 21:30:00+00:00,217.42,STOP_LOSS,3,-17.21,2.7874,2.7736,6.9426,-22.77,-1.897
339,BTCUSDT,LONG,spot,2025-01-18 17:15:00+00:00,103897.478,103785.7338,287.6252,2025-01-18 17:35:00+00:00,104063.9,2025-01-18 18:00:00+00:00,104031.35,2025-01-18 18:05:00+00:00,104083.3557,0.033259,3461.69,103728.2087,104223.3589,5,2025-01-18 20:15:00+00:00,104067.0238,TRAILING_STOP,26,-0.54,2.7693,2.7689,6.9226,-6.08,-0.515
340,SOLUSDT,LONG,spot,2025-01-19 20:25:00+00:00,272.3704,271.7475,1.8651,2025-01-19 20:30:00+00:00,274.93,2025-01-19 21:05:00+00:00,272.77,2025-01-19 21:10:00+00:00,272.9064,11.392987,3109.22,271.3745,271.3745,0,2025-01-19 21:15:00+00:00,270.8331,STOP_LOSS,1,-23.62,2.4874,2.4685,6.183,-28.58,-1.637
341,ETHUSDT,LONG,spot,2025-01-20 14:10:00+00:00,3338.5829,3331.7859,17.6638,2025-01-20 14:15:00+00:00,3347.6,2025-01-20 14:25:00+00:00,3338.96,2025-01-20 14:30:00+00:00,3340.5594,1.025989,3427.38,3328.2532,3339.8018,5,2025-01-20 15:15:00+00:00,3334.7921,TRAILING_STOP,9,-5.92,2.7419,2.7372,6.8459,-11.4,-0.903
342,ETHUSDT,LONG,spot,2025-01-20 14:40:00+00:00,3340.2733,3338.3809,16.8932,2025-01-20 14:50:00+00:00,3352.85,2025-01-20 15:15:00+00:00,3360.21,2025-01-20 15:20:00+00:00,3361.8801,0.641903,2158.0,3335.0022,3335.0022,0,2025-01-20 15:45:00+00:00,3329.9997,STOP_LOSS,5,-20.46,1.7264,1.71,4.2853,-23.9,-1.385
343,ETHUSDT,LONG,spot,2025-01-20 19:30:00+00:00,3331.1751,3324.9476,21.6622,2025-01-20 19:35:00+00:00,3358.88,2025-01-20 20:00:00+00:00,3334.47,2025-01-20 20:05:00+00:00,3336.1372,1.016874,3392.43,3320.6152,3320.6152,0,2025-01-20 20:15:00+00:00,3315.6343,STOP_LOSS,2,-20.85,2.7139,2.6973,6.7536,-26.26,-1.664
344,BNBUSDT,LONG,spot,2025-01-21 08:20:00+00:00,682.1054,681.5131,1.2599,2025-01-21 08:25:00+00:00,683.67,2025-01-21 08:30:00+00:00,682.97,2025-01-21 08:35:00+00:00,683.3215,4.926575,3366.43,681.2611,681.2611,0,2025-01-21 08:40:00+00:00,680.2392,STOP_LOSS,1,-15.19,2.6931,2.681,6.7101,-20.56,-2.025
345,ETHUSDT,LONG,spot,2025-01-21 23:40:00+00:00,3325.3934,3320.8921,9.8448,2025-01-22 00:00:00+00:00,3332.5,2025-01-22 00:05:00+00:00,3328.58,2025-01-22 00:10:00+00:00,3330.2443,1.004755,3346.08,3318.9231,3344.3896,2,2025-01-22 01:05:00+00:00,3339.373,TRAILING_STOP,11,9.17,2.6769,2.6842,6.7059,3.81,0.335
346,SOLUSDT,LONG,spot,2025-01-23 20:20:00+00:00,249.5813,249.2203,2.5613,2025-01-23 20:25:00+00:00,255.53,2025-01-23 20:55:00+00:00,250.79,2025-01-23 21:00:00+00:00,250.9054,7.699655,1931.88,248.7081,248.7081,0,2025-01-23 21:05:00+00:00,248.335,STOP_LOSS,1,-19.79,1.5455,1.5297,3.8341,-22.87,-1.352
347,ETHUSDT,LONG,spot,2025-01-24 17:20:00+00:00,3390.5186,3387.6721,9.3949,2025-01-24 17:45:00+00:00,3401.05,2025-01-24 18:10:00+00:00,3392.88,2025-01-24 18:15:00+00:00,3394.5864,0.980154,3327.22,3385.7931,3385.7931,0,2025-01-24 18:40:00+00:00,3380.7144,STOP_LOSS,5,-13.6,2.6618,2.6509,6.634,-18.91,-2.194
348,SOLUSDT,LONG,spot,2025-01-26 17:15:00+00:00,255.5067,255.2963,0.7927,2025-01-26 17:30:00+00:00,256.09,2025-01-26 17:45:00+00:00,256.54,2025-01-26 17:50:00+00:00,256.6783,10.846784,2784.13,255.1378,255.1378,0,2025-01-26 20:35:00+00:00,254.7551,STOP_LOSS,33,-20.86,2.2273,2.2106,5.537,-25.3,-1.514
349,SOLUSDT,LONG,spot,2025-01-29 19:45:00+00:00,228.9436,228.5236,3.0492,2025-01-29 19:50:00+00:00,233.31,2025-01-29 20:05:00+00:00,231.03,2025-01-29 20:10:00+00:00,231.1455,5.131288,1186.07,227.9138,233.6471,6,2025-01-29 20:50:00+00:00,233.2966,TRAILING_STOP,8,11.04,0.9489,0.9577,2.3887,9.13,0.551
350,ETHUSDT,LONG,spot,2025-01-29 20:20:00+00:00,3112.2578,3108.4197,25.9105,2025-01-29 20:25:00+00:00,3162.69,2025-01-29 21:05:00+00:00,3118.29,2025-01-29 21:10:00+00:00,3119.8592,1.000433,3121.21,3103.2376,3137.1337,8,2025-01-29 22:00:00+00:00,3132.428,TRAILING_STOP,10,12.57,2.497,2.507,6.2613,7.57,0.455
351,BTCUSDT,LONG,spot,2025-01-30 19:35:00+00:00,105388.0007,105333.5171,176.6464,2025-01-30 19:40:00+00:00,105480.36,2025-01-30 19:45:00+00:00,105513.31,2025-01-30 19:50:00+00:00,105566.0667,0.03126,3299.98,105298.1878,105298.1878,0,2025-01-30 20:35:00+00:00,105140.2406,STOP_LOSS,9,-13.31,2.64,2.6293,6.58,-18.58,-2.219
352,ETHUSDT,LONG,spot,2025-02-05 20:10:00+00:00,2764.2577,2759.8311,12.173,2025-02-05 20:15:00+00:00,2778.16,2025-02-05 20:30:00+00:00,2769.54,2025-02-05 20:35:00+00:00,2770.9248,1.184294,3281.59,2757.3965,2757.3965,0,2025-02-05 20:40:00+00:00,2753.2604,STOP_LOSS,1,-20.92,2.6253,2.6085,6.5318,-26.15,-1.632
353,ETHUSDT,LONG,spot,2025-02-05 23:05:00+00:00,2768.3732,2767.2414,14.5636,2025-02-05 23:10:00+00:00,2780.01,2025-02-05 23:15:00+00:00,2775.14,2025-02-05 23:20:00+00:00,2776.4976,1.172592,3255.7,2764.3287,2764.3287,0,2025-02-05 23:25:00+00:00,2760.1822,STOP_LOSS,1,-19.13,2.6046,2.5893,6.4827,-24.33,-1.705
354,ETHUSDT,LONG,spot,2025-02-06 01:10:00+00:00,2777.3795,2772.0573,11.048,2025-02-06 01:15:00+00:00,2785.6,2025-02-06 01:35:00+00:00,2779.19,2025-02-06 01:40:00+00:00,2780.5696,1.162214,3231.62,2769.8477,2799.08,12,2025-02-06 03:00:00+00:00,2794.8813,TRAILING_STOP,16,16.63,2.5853,2.5986,6.4882,11.45,0.919
355,BNBUSDT,LONG,spot,2025-02-06 20:40:00+00:00,577.7232,577.2305,1.4077,2025-02-06 20:45:00+00:00,580.3,2025-02-06 21:15:00+00:00,578.69,2025-02-06 21:20:00+00:00,578.9793,5.601151,3242.95,576.9489,576.9489,0,2025-02-06 21:30:00+00:00,576.0835,STOP_LOSS,2,-16.22,2.5944,2.5814,6.4616,-21.4,-1.881
356,SOLUSDT,LONG,spot,2025-02-07 18:30:00+00:00,197.6367,197.3874,0.8025,2025-02-07 18:35:00+00:00,198.65,2025-02-07 19:00:00+00:00,198.07,2025-02-07 19:05:00+00:00,198.159,16.258503,3221.77,197.2269,197.2269,0,2025-02-07 19:15:00+00:00,196.9311,STOP_LOSS,2,-19.96,2.5774,2.5614,6.4136,-25.1,-1.656
357,SOLUSDT,LONG,spot,2025-02-08 16:20:00+00:00,194.0878,193.8066,0.6504,2025-02-08 16:25:00+00:00,194.67,2025-02-08 16:40:00+00:00,194.14,2025-02-08 16:45:00+00:00,194.2371,16.458839,3196.92,193.6765,196.0851,13,2025-02-08 18:10:00+00:00,195.791,TRAILING_STOP,17,25.58,2.5575,2.578,6.4322,20.44,2.216
358,BNBUSDT,LONG,spot,2025-02-09 03:55:00+00:00,614.5658,614.0935,1.6668,2025-02-09 04:00:00+00:00,615.4,2025-02-09 04:10:00+00:00,615.07,2025-02-09 04:15:00+00:00,615.3775,5.227934,3217.15,613.7601,615.9979,5,2025-02-09 05:00:00+00:00,615.0739,TRAILING_STOP,9,-1.59,2.5737,2.5725,6.4319,-6.73,-0.796
359,BNBUSDT,LONG,spot,2025-02-09 06:45:00+00:00,614.2466,613.9969,1.0195,2025-02-09 06:50:00+00:00,615.97,2025-02-09 07:05:00+00:00,615.39,2025-02-09 07:10:00+00:00,615.7077,5.214303,3210.49,613.793,627.9131,1,2025-02-09 07:20:00+00:00,626.9712,TRAILING_STOP,2,58.73,2.5684,2.6154,6.5091,53.55,5.363
360,BNBUSDT,LONG,spot,2025-02-12 14:40:00+00:00,643.7487,642.5873,4.4696,2025-02-12 14:55:00+00:00,648.24,2025-02-12 15:05:00+00:00,644.92,2025-02-12 15:10:00+00:00,645.2325,4.65726,3005.02,641.6934,656.8966,12,2025-02-12 16:20:00+00:00,655.9112,TRAILING_STOP,14,49.73,2.404,2.4438,6.0846,44.89,2.723
361,ETHUSDT,LONG,spot,2025-02-14 14:40:00+00:00,2700.1162,2696.9765,7.6059,2025-02-14 14:45:00+00:00,2712.7,2025-02-14 15:10:00+00:00,2703.57,2025-02-14 15:15:00+00:00,2704.9418,1.222923,3307.94,2695.4553,2695.4553,0,2025-02-14 15:20:00+00:00,2686.7938,STOP_LOSS,1,-22.19,2.6463,2.6286,6.5826,-27.47,-2.368
362,SOLUSDT,LONG,spot,2025-02-14 14:20:00+00:00,198.0653,197.7684,0.6363,2025-02-14 14:35:00+00:00,199.13,2025-02-14 15:15:00+00:00,198.27,2025-02-14 15:20:00+00:00,198.3691,16.538572,3280.74,197.6411,199.8792,7,2025-02-14 16:15:00+00:00,199.5794,TRAILING_STOP,11,20.02,2.6246,2.6406,6.5915,14.75,1.225
363,BNBUSDT,LONG,spot,2025-02-17 06:05:00+00:00,672.8451,672.2205,1.9325,2025-02-17 06:10:00+00:00,676.51,2025-02-17 06:20:00+00:00,673.5,2025-02-17 06:25:00+00:00,673.8468,4.890348,3295.35,671.834,671.834,0,2025-02-17 06:35:00+00:00,670.8263,STOP_LOSS,2,-14.77,2.6363,2.6245,6.5685,-20.03,-2.035
364,BTCUSDT,LONG,spot,2025-02-19 15:20:00+00:00,96131.9417,96034.6695,262.2869,2025-02-19 15:30:00+00:00,96392.01,2025-02-19 15:35:00+00:00,96315.98,2025-02-19 15:40:00+00:00,96364.138,0.033991,3275.51,95982.2121,95982.2121,0,2025-02-19 15:55:00+00:00,95838.2388,STOP_LOSS,3,-17.88,2.6204,2.6061,6.5242,-23.1,-1.78
365,BNBUSDT,LONG,spot,2025-02-19 15:45:00+00:00,654.8805,653.89,2.0629,2025-02-19 16:15:00+00:00,656.61,2025-02-19 16:40:00+00:00,656.21,2025-02-19 16:45:00+00:00,656.5281,4.954308,3252.64,653.4775,653.4775,0,2025-02-19 18:45:00+00:00,652.4973,STOP_LOSS,24,-19.97,2.6021,2.5861,6.4753,-25.16,-1.665
366,SOLUSDT,LONG,spot,2025-02-20 01:00:00+00:00,169.0529,168.776,0.7021,2025-02-20 01:05:00+00:00,169.63,2025-02-20 01:10:00+00:00,169.2,2025-02-20 01:15:00+00:00,169.2946,19.065792,3227.74,168.6356,168.6356,0,2025-02-20 01:25:00+00:00,168.3827,STOP_LOSS,2,-17.39,2.5822,2.5683,6.4294,-22.54,-1.794
367,BNBUSDT,LONG,spot,2025-02-20 03:05:00+00:00,652.1783,651.7795,1.5402,2025-02-20 03:30:00+00:00,653.33,2025-02-20 03:40:00+00:00,652.97,2025-02-20 03:45:00+00:00,653.3065,4.906462,3205.42,651.4715,653.1762,2,2025-02-20 04:30:00+00:00,652.1964,TRAILING_STOP,9,-5.45,2.5643,2.56,6.4027,-10.57,-1.174
368,SOLUSDT,LONG,spot,2025-02-22 18:05:00+00:00,173.3929,173.2005,0.4674,2025-02-22 18:10:00+00:00,173.63,2025-02-22 18:40:00+00:00,173.6,2025-02-22 18:45:00+00:00,173.6868,18.394942,3194.96,173.107,173.107,0,2025-02-22 18:50:00+00:00,172.8474,STOP_LOSS,1,-15.44,2.556,2.5436,6.3668,-20.54,-1.926
369,BNBUSDT,LONG,spot,2025-03-01 12:55:00+00:00,594.0951,593.8772,1.1245,2025-03-01 13:00:00+00:00,599.8,2025-03-01 13:20:00+00:00,596.49,2025-03-01 13:25:00+00:00,596.7882,5.112823,3051.27,593.6523,597.7867,4,2025-03-01 14:30:00+00:00,596.8901,TRAILING_STOP,13,0.52,2.441,2.4414,6.1033,-4.36,-0.272
370,SOLUSDT,LONG,spot,2025-03-02 09:45:00+00:00,143.4263,143.3688,0.4864,2025-03-02 09:50:00+00:00,144.1,2025-03-02 10:15:00+00:00,143.77,2025-03-02 10:20:00+00:00,143.8419,22.040205,3170.3,143.2716,143.6114,4,2025-03-02 11:00:00+00:00,143.396,TRAILING_STOP,8,-9.83,2.5362,2.5284,6.3259,-14.89,-1.185
371,SOLUSDT,LONG,spot,2025-03-02 10:30:00+00:00,143.6888,143.4588,0.5132,2025-03-02 10:35:00+00:00,143.99,2025-03-02 10:55:00+00:00,143.83,2025-03-02 11:00:00+00:00,143.8919,21.930084,3155.56,143.3561,143.3561,0,2025-03-02 11:20:00+00:00,143.1411,STOP_LOSS,4,-16.47,2.5244,2.5113,6.2864,-21.5,-1.83
372,BTCUSDT,LONG,spot,2025-03-02 11:15:00+00:00,85955.0618,85942.2611,93.9394,2025-03-02 11:20:00+00:00,86025.99,2025-03-02 11:25:00+00:00,86100.35,2025-03-02 11:30:00+00:00,86143.4002,0.036384,3134.28,85923.4732,85923.4732,0,2025-03-02 12:10:00+00:00,85794.588,STOP_LOSS,8,-12.69,2.5074,2.4973,6.2495,-17.7,-2.211
373,BNBUSDT,LONG,spot,2025-03-04 14:40:00+00:00,568.5226,567.8139,4.4443,2025-03-04 14:45:00+00:00,573.15,2025-03-04 14:50:00+00:00,570.0,2025-03-04 14:55:00+00:00,570.265,4.713075,2687.7,566.9251,566.9251,0,2025-03-04 15:00:00+00:00,566.0747,STOP_LOSS,1,-19.75,2.1502,2.1344,5.3458,-24.03,-1.527
374,BTCUSDT,LONG,spot,2025-03-06 15:45:00+00:00,90711.3127,90507.0851,486.6385,2025-03-06 16:05:00+00:00,91002.2,2025-03-06 16:10:00+00:00,90754.72,2025-03-06 16:15:00+00:00,90800.0874,0.034063,3092.96,90409.7574,90409.7574,0,2025-03-06 16:20:00+00:00,90274.1427,STOP_LOSS,1,-17.92,2.4744,2.46,6.1591,-22.85,-1.719
375,ETHUSDT,LONG,spot,2025-03-07 19:10:00+00:00,2184.4469,2181.0588,11.188,2025-03-07 19:20:00+00:00,2192.2,2025-03-07 19:25:00+00:00,2186.46,2025-03-07 19:30:00+00:00,2187.5632,1.403544,3070.34,2178.8212,2178.8212,0,2025-03-07 19:35:00+00:00,2175.553,STOP_LOSS,1,-16.86,2.4563,2.4428,6.1154,-21.76,-1.773
376,BNBUSDT,LONG,spot,2025-03-10 09:20:00+00:00,563.6875,562.5618,2.7994,2025-03-10 09:25:00+00:00,568.64,2025-03-10 09:35:00+00:00,564.26,2025-03-10 09:40:00+00:00,564.5421,5.400488,3048.8,562.0019,562.0019,0,2025-03-10 09:55:00+00:00,561.1589,STOP_LOSS,3,-18.27,2.439,2.4244,6.0702,-23.13,-1.686
377,SOLUSDT,LONG,spot,2025-03-10 09:25:00+00:00,127.8331,127.6356,1.1166,2025-03-10 09:30:00+00:00,129.59,2025-03-10 09:50:00+00:00,127.93,2025-03-10 09:55:00+00:00,127.994,23.640959,3025.9,127.4123,127.4123,0,2025-03-10 10:20:00+00:00,127.2212,STOP_LOSS,5,-18.27,2.4207,2.4061,6.0244,-23.1,-1.68
378,BTCUSDT,LONG,spot,2025-03-10 09:25:00+00:00,82224.3517,82151.5582,575.9006,2025-03-10 09:30:00+00:00,83030.14,2025-03-10 09:55:00+00:00,82514.26,2025-03-10 10:00:00+00:00,82555.5271,0.029527,2437.61,82036.378,82036.378,0,2025-03-10 10:25:00+00:00,81913.3235,STOP_LOSS,5,-18.96,1.9501,1.9349,4.8468,-22.85,-1.49
379,ETHUSDT,LONG,spot,2025-03-11 13:40:00+00:00,1903.8636,1900.1941,23.0227,2025-03-11 13:45:00+00:00,1919.29,2025-03-11 13:50:00+00:00,1904.54,2025-03-11 13:55:00+00:00,1905.5023,1.518508,2893.52,1895.5895,1895.5895,0,2025-03-11 14:00:00+00:00,1892.7461,STOP_LOSS,1,-19.37,2.3148,2.2993,5.758,-23.98,-1.593
380,BTCUSDT,LONG,spot,2025-03-11 15:25:00+00:00,80823.3577,80590.0349,599.7419,2025-03-11 15:35:00+00:00,81221.98,2025-03-11 16:15:00+00:00,80924.4,2025-03-11 16:20:00+00:00,80964.8522,0.030181,2443.63,80470.0865,81132.2239,7,2025-03-11 17:00:00+00:00,81010.5256,TRAILING_STOP,8,1.38,1.9549,1.956,4.8893,-2.53,-0.17
381,BNBUSDT,LONG,spot,2025-03-11 17:35:00+00:00,548.6893,548.3038,1.9324,2025-03-11 17:45:00+00:00,550.21,2025-03-11 17:55:00+00:00,549.67,2025-03-11 18:00:00+00:00,549.9448,5.371747,2954.16,547.9173,556.6985,11,2025-03-11 19:00:00+00:00,555.8634,TRAILING_STOP,12,31.79,2.3633,2.3888,5.956,27.04,2.483
383,SOLUSDT,LONG,spot,2025-03-12 20:05:00+00:00,124.9426,124.759,0.5065,2025-03-12 20:35:00+00:00,125.35,2025-03-12 20:45:00+00:00,124.98,2025-03-12 20:50:00+00:00,125.0525,23.821732,2978.97,124.6577,125.8758,6,2025-03-12 21:30:00+00:00,125.687,TRAILING_STOP,8,15.11,2.3832,2.3953,5.9806,10.34,1.099
382,BTCUSDT,LONG,spot,2025-03-12 18:20:00+00:00,82318.8434,82242.353,278.4069,2025-03-12 18:25:00+00:00,82537.31,2025-03-12 18:30:00+00:00,82646.35,2025-03-12 18:35:00+00:00,82687.6732,0.03005,2484.79,82186.6716,83069.8239,11,2025-03-12 21:40:00+00:00,82945.2192,TRAILING_STOP,37,7.74,1.9878,1.994,4.9812,3.76,0.25
384,SOLUSDT,LONG,spot,2025-03-13 02:00:00+00:00,125.812,125.6293,0.5385,2025-03-13 02:05:00+00:00,126.89,2025-03-13 02:40:00+00:00,125.91,2025-03-13 02:45:00+00:00,125.983,23.772163,2994.89,125.5216,125.5216,0,2025-03-13 02:55:00+00:00,125.3333,STOP_LOSS,2,-15.44,2.3959,2.3836,5.9666,-20.22,-1.844
385,BNBUSDT,LONG,spot,2025-03-17 14:40:00+00:00,630.3145,629.561,2.3402,2025-03-17 14:45:00+00:00,633.1,2025-03-17 15:00:00+00:00,631.0,2025-03-17 15:05:00+00:00,631.3255,4.712098,2974.87,629.093,631.3103,2,2025-03-17 15:30:00+00:00,630.3633,TRAILING_STOP,5,-4.53,2.3799,2.3763,5.9429,-9.29,-0.883
386,BNBUSDT,LONG,spot,2025-03-18 02:25:00+00:00,629.0279,628.3513,2.4482,2025-03-18 02:30:00+00:00,631.43,2025-03-18 02:40:00+00:00,630.5,2025-03-18 02:45:00+00:00,630.8152,4.70133,2965.67,627.8617,627.8617,0,2025-03-18 03:05:00+00:00,626.9199,STOP_LOSS,4,-18.31,2.3725,2.3579,5.9039,-23.04,-1.66
387,BNBUSDT,LONG,spot,2025-03-18 16:45:00+00:00,630.8058,630.0481,1.9423,2025-03-18 16:50:00+00:00,632.39,2025-03-18 17:15:00+00:00,631.1,2025-03-18 17:20:00+00:00,631.4055,4.660803,2942.86,629.6596,629.6596,0,2025-03-18 17:55:00+00:00,628.7151,STOP_LOSS,7,-12.54,2.3543,2.3443,5.8669,-17.24,-2.118
388,BNBUSDT,LONG,spot,2025-03-20 14:40:00+00:00,627.3453,626.6012,1.5477,2025-03-20 14:45:00+00:00,628.13,2025-03-20 14:50:00+00:00,627.65,2025-03-20 14:55:00+00:00,627.9638,4.659172,2925.79,626.2916,626.2916,0,2025-03-20 15:00:00+00:00,625.3522,STOP_LOSS,1,-12.17,2.3406,2.3309,5.8333,-16.84,-2.161
389,ETHUSDT,LONG,spot,2025-03-24 00:10:00+00:00,1997.073,1995.4118,4.4011,2025-03-24 00:15:00+00:00,2004.0,2025-03-24 00:55:00+00:00,1998.79,2025-03-24 01:00:00+00:00,1999.7794,1.45472,2909.12,1994.5315,1994.5315,0,2025-03-24 01:05:00+00:00,1987.5841,STOP_LOSS,1,-17.74,2.3273,2.3131,5.7916,-22.38,-2.932
390,ETHUSDT,LONG,spot,2025-03-25 13:15:00+00:00,2064.8709,2064.0453,3.7109,2025-03-25 13:20:00+00:00,2068.8,2025-03-25 13:35:00+00:00,2067.76,2025-03-25 13:40:00+00:00,2068.7939,1.395481,2886.96,2063.3032,2063.3032,0,2025-03-25 13:45:00+00:00,2057.9285,STOP_LOSS,1,-15.16,2.3096,2.2974,5.7512,-19.77,-2.58
391,SOLUSDT,LONG,spot,2025-03-26 01:30:00+00:00,144.0786,143.9974,0.356,2025-03-26 01:40:00+00:00,144.3,2025-03-26 01:50:00+00:00,144.23,2025-03-26 01:55:00+00:00,144.3021,19.870748,2867.39,143.9262,143.9262,0,2025-03-26 02:00:00+00:00,143.7104,STOP_LOSS,1,-11.76,2.2939,2.2845,5.7171,-16.34,-2.187
392,SOLUSDT,LONG,spot,2025-03-31 18:50:00+00:00,125.7312,125.5521,0.5034,2025-03-31 19:05:00+00:00,126.02,2025-03-31 19:15:00+00:00,125.8,2025-03-31 19:20:00+00:00,125.8629,22.653357,2851.22,125.4515,125.4515,0,2025-03-31 19:45:00+00:00,125.2633,STOP_LOSS,5,-13.58,2.281,2.2701,5.6821,-18.13,-1.946
393,SOLUSDT,LONG,spot,2025-03-31 20:15:00+00:00,125.7116,125.6401,0.401,2025-03-31 20:20:00+00:00,125.97,2025-03-31 20:25:00+00:00,125.88,2025-03-31 20:30:00+00:00,125.9329,22.498197,2833.26,125.5599,125.5599,0,2025-03-31 20:50:00+00:00,125.3715,STOP_LOSS,4,-12.63,2.2666,2.2565,5.6476,-17.15,-2.044
394,BNBUSDT,LONG,spot,2025-04-04 15:10:00+00:00,592.0866,591.4479,2.1894,2025-04-04 15:15:00+00:00,595.31,2025-04-04 15:35:00+00:00,592.32,2025-04-04 15:40:00+00:00,592.6362,4.752126,2816.28,591.0101,592.4219,7,2025-04-04 16:45:00+00:00,591.5333,TRAILING_STOP,13,-5.24,2.253,2.2488,5.6247,-9.74,-1.261
395,BTCUSDT,LONG,spot,2025-04-04 16:10:00+00:00,83022.771,82945.7487,455.6024,2025-04-04 16:35:00+00:00,83297.38,2025-04-04 16:45:00+00:00,83246.0,2025-04-04 16:50:00+00:00,83287.623,0.032737,2726.58,82854.6283,83991.8318,8,2025-04-04 18:15:00+00:00,83865.8441,TRAILING_STOP,17,18.93,2.1813,2.1964,5.4816,14.55,1.027
396,SOLUSDT,LONG,spot,2025-04-08 10:55:00+00:00,108.9258,108.7814,0.3471,2025-04-08 11:05:00+00:00,109.26,2025-04-08 11:15:00+00:00,109.31,2025-04-08 11:20:00+00:00,109.3647,21.830643,2387.5,108.712,110.7883,8,2025-04-08 12:15:00+00:00,110.6221,TRAILING_STOP,11,27.45,1.91,1.932,4.8162,23.61,1.657
397,ETHUSDT,LONG,spot,2025-04-08 13:05:00+00:00,1575.3909,1574.0851,6.1293,2025-04-08 13:20:00+00:00,1580.72,2025-04-08 13:30:00+00:00,1578.95,2025-04-08 13:35:00+00:00,1579.7495,1.800549,2844.42,1572.8593,1572.8593,0,2025-04-08 13:40:00+00:00,1561.5941,STOP_LOSS,1,-32.69,2.2755,2.2494,5.6398,-37.21,-3.0
398,SOLUSDT,LONG,spot,2025-04-10 06:25:00+00:00,116.3441,116.2849,0.3406,2025-04-10 06:30:00+00:00,116.84,2025-04-10 06:35:00+00:00,116.52,2025-04-10 06:40:00+00:00,116.5783,24.083167,2807.57,116.2168,116.2168,0,2025-04-10 06:45:00+00:00,116.0424,STOP_LOSS,1,-12.9,2.2461,2.2357,5.5958,-17.39,-1.997
399,BTCUSDT,LONG,spot,2025-04-10 12:05:00+00:00,81828.1249,81763.4259,186.0264,2025-04-10 12:25:00+00:00,82007.94,2025-04-10 12:35:00+00:00,82024.11,2025-04-10 12:40:00+00:00,82065.1221,0.034002,2790.36,81726.2207,81726.2207,0,2025-04-10 12:45:00+00:00,81603.6313,STOP_LOSS,1,-15.69,2.2323,2.2197,5.5572,-20.14,-1.748
400,BNBUSDT,LONG,spot,2025-04-10 14:40:00+00:00,577.1941,576.7534,1.6015,2025-04-10 14:45:00+00:00,578.09,2025-04-10 14:55:00+00:00,577.58,2025-04-10 15:00:00+00:00,577.8588,4.794285,2770.42,576.4331,576.4331,0,2025-04-10 15:05:00+00:00,575.5685,STOP_LOSS,1,-10.98,2.2163,2.2076,5.5244,-15.4,-2.254
401,ETHUSDT,LONG,spot,2025-04-11 15:25:00+00:00,1559.606,1557.4739,6.7202,2025-04-11 15:30:00+00:00,1563.05,2025-04-11 16:10:00+00:00,1560.37,2025-04-11 16:15:00+00:00,1561.1502,1.764833,2755.17,1556.1299,1556.1299,0,2025-04-11 16:25:00+00:00,1553.7957,STOP_LOSS,2,-12.98,2.2041,2.1938,5.4909,-17.38,-1.961
402,SOLUSDT,LONG,spot,2025-04-15 03:40:00+00:00,129.7751,129.6094,0.4748,2025-04-15 03:45:00+00:00,130.42,2025-04-15 04:20:00+00:00,129.88,2025-04-15 04:25:00+00:00,129.9549,21.068577,2737.97,129.5145,131.3994,12,2025-04-15 05:50:00+00:00,131.2023,TRAILING_STOP,17,26.28,2.1904,2.2114,5.5154,21.88,2.358
403,BTCUSDT,LONG,spot,2025-04-17 15:35:00+00:00,84434.6149,84381.1164,190.1525,2025-04-17 15:40:00+00:00,84598.07,2025-04-17 16:05:00+00:00,84728.01,2025-04-17 16:10:00+00:00,84770.374,0.032554,2759.63,84343.0859,85217.5419,7,2025-04-17 18:45:00+00:00,85089.7156,TRAILING_STOP,31,10.4,2.2077,2.216,5.5348,5.97,0.429
404,SOLUSDT,LONG,spot,2025-04-17 20:00:00+00:00,134.0035,133.7409,0.7152,2025-04-17 20:20:00+00:00,134.41,2025-04-17 20:40:00+00:00,134.39,2025-04-17 20:45:00+00:00,134.4672,16.067276,2160.52,133.5979,133.5979,0,2025-04-17 22:50:00+00:00,133.3975,STOP_LOSS,25,-17.19,1.7284,1.7147,4.2953,-20.63,-1.477
405,SOLUSDT,LONG,spot,2025-04-18 18:40:00+00:00,133.845,133.7208,0.2834,2025-04-18 18:45:00+00:00,134.06,2025-04-18 18:50:00+00:00,134.07,2025-04-18 18:55:00+00:00,134.137,20.465001,2745.11,133.6641,133.6641,0,2025-04-18 20:35:00+00:00,133.4636,STOP_LOSS,20,-13.78,2.1961,2.1851,5.4696,-18.16,-1.877
406,ETHUSDT,LONG,spot,2025-04-21 14:50:00+00:00,1630.0185,1626.7121,8.1847,2025-04-21 14:55:00+00:00,1634.16,2025-04-21 15:00:00+00:00,1630.36,2025-04-21 15:05:00+00:00,1631.1752,1.671883,2727.13,1625.0752,1625.0752,0,2025-04-21 15:10:00+00:00,1622.6376,STOP_LOSS,1,-14.27,2.1817,2.1703,5.4329,-18.63,-1.826
407,ETHUSDT,LONG,spot,2025-04-23 16:45:00+00:00,1792.1922,1788.9459,7.6308,2025-04-23 17:00:00+00:00,1797.28,2025-04-23 17:40:00+00:00,1795.09,2025-04-23 17:45:00+00:00,1795.9775,1.5082,2708.69,1787.4197,1798.9284,3,2025-04-23 18:30:00+00:00,1796.23,TRAILING_STOP,9,0.38,2.167,2.1673,5.418,-3.95,-0.306
408,ETHUSDT,LONG,spot,2025-04-24 19:40:00+00:00,1761.774,1761.3194,3.2615,2025-04-24 19:45:00+00:00,1764.38,2025-04-24 20:00:00+00:00,1765.4,2025-04-24 20:05:00+00:00,1766.2827,1.53134,2704.78,1760.6671,1760.6671,0,2025-04-24 21:00:00+00:00,1758.0261,STOP_LOSS,11,-12.64,2.1638,2.1537,5.3906,-16.96,-1.972
409,SOLUSDT,LONG,spot,2025-04-25 13:40:00+00:00,153.8243,153.5139,0.6806,2025-04-25 14:05:00+00:00,154.48,2025-04-25 14:30:00+00:00,154.49,2025-04-25 14:35:00+00:00,154.5772,11.317774,1749.47,153.3777,154.1696,2,2025-04-25 15:00:00+00:00,153.9384,TRAILING_STOP,5,-7.23,1.3996,1.3938,3.4881,-10.02,-0.738
410,SOLUSDT,LONG,spot,2025-04-29 00:35:00+00:00,147.8477,147.693,0.3613,2025-04-29 00:40:00+00:00,148.42,2025-04-29 00:45:00+00:00,148.0,2025-04-29 00:50:00+00:00,148.074,18.085989,2678.06,147.6208,148.0168,2,2025-04-29 01:15:00+00:00,147.7947,TRAILING_STOP,5,-5.05,2.1425,2.1384,5.3486,-9.33,-1.138
411,BTCUSDT,LONG,spot,2025-04-29 17:15:00+00:00,95036.7972,94933.3574,214.517,2025-04-29 17:20:00+00:00,95149.15,2025-04-29 17:30:00+00:00,95080.71,2025-04-29 17:35:00+00:00,95128.2604,0.028055,2668.83,94890.454,95080.2877,3,2025-04-29 18:05:00+00:00,94937.6673,TRAILING_STOP,6,-5.35,2.1351,2.1308,5.3296,-9.61,-1.441
412,ETHUSDT,LONG,spot,2025-05-02 12:50:00+00:00,1832.6714,1830.588,5.5609,2025-05-02 12:55:00+00:00,1841.23,2025-05-02 13:10:00+00:00,1833.4,2025-05-02 13:15:00+00:00,1834.3067,1.449763,2659.31,1829.4758,1831.5522,1,2025-05-02 13:35:00+00:00,1828.8048,TRAILING_STOP,4,-7.98,2.1274,2.1211,5.3067,-12.22,-1.745
413,ETHUSDT,LONG,spot,2025-05-02 14:00:00+00:00,1834.5128,1832.4502,4.6473,2025-05-02 14:05:00+00:00,1838.42,2025-05-02 14:10:00+00:00,1837.91,2025-05-02 14:15:00+00:00,1838.819,1.439623,2647.21,1831.5208,1844.3756,4,2025-05-02 15:15:00+00:00,1841.609,TRAILING_STOP,12,4.02,2.1178,2.121,5.3004,-0.22,-0.021
414,SOLUSDT,LONG,spot,2025-05-03 21:40:00+00:00,147.4677,147.3611,0.2481,2025-05-03 21:50:00+00:00,147.72,2025-05-03 21:55:00+00:00,147.62,2025-05-03 22:00:00+00:00,147.6938,17.922125,2646.99,147.3115,147.3115,0,2025-05-03 22:05:00+00:00,147.089,STOP_LOSS,1,-10.84,2.1176,2.1089,5.2777,-15.07,-2.199
415,BTCUSDT,LONG,spot,2025-05-06 14:30:00+00:00,94093.9324,94003.185,245.426,2025-05-06 14:35:00+00:00,94295.07,2025-05-06 14:50:00+00:00,94169.62,2025-05-06 14:55:00+00:00,94216.7048,0.027936,2632.07,93954.0998,94430.2433,9,2025-05-06 16:05:00+00:00,94288.598,TRAILING_STOP,14,2.01,2.1057,2.1073,5.2672,-2.2,-0.3
416,BTCUSDT,LONG,spot,2025-05-09 17:45:00+00:00,102968.0069,102928.5121,154.5891,2025-05-09 17:50:00+00:00,103164.54,2025-05-09 18:15:00+00:00,103145.69,2025-05-09 18:20:00+00:00,103197.2728,0.025484,2629.89,102897.5943,102897.5943,0,2025-05-09 19:20:00+00:00,102743.2479,STOP_LOSS,12,-11.57,2.1039,2.0947,5.2424,-15.77,-2.065
417,BNBUSDT,LONG,spot,2025-05-09 17:30:00+00:00,635.2145,634.6427,1.2653,2025-05-09 17:45:00+00:00,636.58,2025-05-09 18:15:00+00:00,635.89,2025-05-09 18:20:00+00:00,636.2179,4.130356,2627.81,634.3897,638.7066,13,2025-05-09 21:15:00+00:00,637.7486,TRAILING_STOP,35,6.32,2.1022,2.1073,5.2651,2.11,0.28
419,SOLUSDT,LONG,spot,2025-05-10 02:35:00+00:00,172.2172,172.0012,0.5182,2025-05-10 02:45:00+00:00,172.52,2025-05-10 02:50:00+00:00,172.3,2025-05-10 02:55:00+00:00,172.3862,15.165357,2614.3,171.8975,171.8975,0,2025-05-10 03:00:00+00:00,171.6397,STOP_LOSS,1,-11.32,2.0914,2.0824,5.2116,-15.49,-2.091
418,ETHUSDT,LONG,spot,2025-05-10 02:30:00+00:00,2340.8835,2337.5808,6.8926,2025-05-10 02:35:00+00:00,2347.3,2025-05-10 02:50:00+00:00,2342.11,2025-05-10 02:55:00+00:00,2343.2911,1.116536,2616.37,2336.2023,2336.2023,0,2025-05-10 03:05:00+00:00,2332.698,STOP_LOSS,2,-11.83,2.0931,2.0836,5.215,-16.0,-2.022
420,ETHUSDT,LONG,spot,2025-05-11 11:50:00+00:00,2514.7076,2511.3672,7.4627,2025-05-11 11:55:00+00:00,2530.67,2025-05-11 12:20:00+00:00,2521.64,2025-05-11 12:25:00+00:00,2522.9008,1.002325,2528.77,2509.8746,2509.8746,0,2025-05-11 13:25:00+00:00,2506.1098,STOP_LOSS,12,-16.83,2.023,2.0096,5.0323,-20.86,-1.598
421,ETHUSDT,LONG,spot,2025-05-11 23:00:00+00:00,2503.5921,2501.14,8.5438,2025-05-11 23:05:00+00:00,2510.25,2025-05-11 23:10:00+00:00,2507.55,2025-05-11 23:15:00+00:00,2508.8038,1.022213,2564.53,2499.4313,2499.4313,0,2025-05-11 23:35:00+00:00,2495.6821,STOP_LOSS,4,-13.41,2.0516,2.0409,5.1089,-17.51,-1.827
422,BNBUSDT,LONG,spot,2025-05-15 08:45:00+00:00,649.2721,648.6044,1.7745,2025-05-15 08:50:00+00:00,653.05,2025-05-15 09:30:00+00:00,649.92,2025-05-15 09:35:00+00:00,650.245,3.917295,2547.2,648.2495,648.2495,0,2025-05-15 09:40:00+00:00,647.2771,STOP_LOSS,1,-11.63,2.0378,2.0285,5.077,-15.69,-2.007
423,BNBUSDT,LONG,spot,2025-05-15 21:50:00+00:00,652.7669,652.2458,1.2998,2025-05-15 22:05:00+00:00,653.46,2025-05-15 22:10:00+00:00,653.73,2025-05-15 22:15:00+00:00,654.0669,3.870654,2531.67,651.9858,651.9858,0,2025-05-15 22:50:00+00:00,651.0078,STOP_LOSS,7,-11.84,2.0253,2.0159,5.0456,-15.88,-1.972
424,BTCUSDT,LONG,spot,2025-05-17 17:30:00+00:00,103053.4084,103018.829,101.9237,2025-05-17 17:35:00+00:00,103260.86,2025-05-17 18:15:00+00:00,103217.46,2025-05-17 18:20:00+00:00,103269.0687,0.024363,2515.94,102998.4443,102998.4443,0,2025-05-17 18:50:00+00:00,102843.9466,STOP_LOSS,6,-10.36,2.0128,2.0045,5.0164,-14.37,-2.18
425,SOLUSDT,LONG,spot,2025-05-18 00:55:00+00:00,166.3855,166.1789,0.4427,2025-05-18 01:00:00+00:00,166.9,2025-05-18 01:30:00+00:00,166.66,2025-05-18 01:35:00+00:00,166.7333,15.004275,2501.71,166.0904,166.0904,0,2025-05-18 01:45:00+00:00,165.8413,STOP_LOSS,2,-13.38,2.0014,1.9907,4.9833,-17.38,-1.801
426,BNBUSDT,LONG,spot,2025-05-18 01:05:00+00:00,640.392,640.1874,0.8219,2025-05-18 01:10:00+00:00,641.19,2025-05-18 01:30:00+00:00,641.38,2025-05-18 01:35:00+00:00,641.7007,3.895479,2499.73,640.023,641.8776,1,2025-05-18 03:15:00+00:00,640.9148,TRAILING_STOP,20,-3.06,1.9998,1.9973,4.9949,-7.06,-1.08
427,SOLUSDT,LONG,spot,2025-05-21 12:20:00+00:00,169.0849,168.9146,0.4284,2025-05-21 12:25:00+00:00,170.07,2025-05-21 12:50:00+00:00,169.22,2025-05-21 12:55:00+00:00,169.2946,14.634381,2477.52,168.8289,168.8289,0,2025-05-21 13:05:00+00:00,168.5757,STOP_LOSS,2,-10.52,1.982,1.9736,4.9393,-14.48,-2.124
428,SOLUSDT,LONG,spot,2025-05-21 20:05:00+00:00,169.725,169.4822,0.8643,2025-05-21 20:10:00+00:00,170.28,2025-05-21 20:45:00+00:00,170.01,2025-05-21 20:50:00+00:00,170.105,14.480409,2463.19,169.3093,169.3093,0,2025-05-21 21:00:00+00:00,169.0554,STOP_LOSS,2,-15.2,1.9706,1.9584,4.9036,-19.13,-1.66
429,SOLUSDT,LONG,spot,2025-05-21 21:05:00+00:00,169.9493,169.8088,0.6626,2025-05-21 21:35:00+00:00,170.36,2025-05-21 21:55:00+00:00,170.13,2025-05-21 22:00:00+00:00,170.2051,14.360637,2444.25,169.6762,171.209,5,2025-05-21 23:00:00+00:00,170.9522,TRAILING_STOP,12,10.73,1.9554,1.964,4.9046,6.81,0.897
430,SOLUSDT,LONG,spot,2025-05-23 17:10:00+00:00,181.3567,181.0523,0.8952,2025-05-23 17:20:00+00:00,182.07,2025-05-23 17:30:00+00:00,181.39,2025-05-23 17:35:00+00:00,181.4807,13.505538,2450.99,180.8733,180.8733,0,2025-05-23 17:40:00+00:00,180.602,STOP_LOSS,1,-11.87,1.9608,1.9513,4.8842,-15.78,-1.924
431,SOLUSDT,LONG,spot,2025-05-24 14:40:00+00:00,176.2157,176.0178,0.3978,2025-05-24 14:45:00+00:00,176.76,2025-05-24 15:20:00+00:00,176.36,2025-05-24 15:25:00+00:00,176.4482,13.802196,2435.37,175.9382,175.9382,0,2025-05-24 15:45:00+00:00,175.6743,STOP_LOSS,4,-10.68,1.9483,1.9398,4.8547,-14.57,-2.07
432,ETHUSDT,LONG,spot,2025-05-28 17:15:00+00:00,2643.4584,2642.4527,8.1766,2025-05-28 17:20:00+00:00,2655.43,2025-05-28 17:40:00+00:00,2647.17,2025-05-28 17:45:00+00:00,2648.5036,0.914082,2420.95,2640.8174,2646.1862,4,2025-05-28 18:25:00+00:00,2642.2169,TRAILING_STOP,8,-5.75,1.9368,1.9322,4.8333,-9.62,-1.369
433,ETHUSDT,LONG,spot,2025-06-02 13:45:00+00:00,2496.6331,2492.1284,9.4068,2025-06-02 13:55:00+00:00,2504.67,2025-06-02 14:00:00+00:00,2508.3,2025-06-02 14:05:00+00:00,2509.5541,0.6308,1583.03,2490.247,2519.5415,3,2025-06-02 14:45:00+00:00,2515.7622,TRAILING_STOP,8,3.92,1.2664,1.2696,3.1719,1.38,0.113
434,ETHUSDT,LONG,spot,2025-06-03 18:35:00+00:00,2618.4745,2616.1894,5.3014,2025-06-03 19:00:00+00:00,2622.77,2025-06-03 19:40:00+00:00,2621.0,2025-06-03 19:45:00+00:00,2622.3105,0.920103,2412.8,2615.1291,2615.1291,0,2025-06-03 19:50:00+00:00,2611.2064,STOP_LOSS,1,-10.22,1.9302,1.9221,4.8103,-14.07,-2.129
435,BNBUSDT,LONG,spot,2025-06-11 06:15:00+00:00,669.6025,669.4137,0.495,2025-06-11 06:20:00+00:00,670.29,2025-06-11 06:25:00+00:00,671.46,2025-06-11 06:30:00+00:00,671.7857,3.570881,2398.87,669.3147,669.3147,0,2025-06-11 07:05:00+00:00,668.3107,STOP_LOSS,7,-12.41,1.9191,1.9092,4.7791,-16.24,-1.84
436,BTCUSDT,LONG,spot,2025-06-13 20:35:00+00:00,105188.0043,105119.8602,161.3463,2025-06-13 20:40:00+00:00,105505.03,2025-06-13 20:50:00+00:00,105346.88,2025-06-13 20:55:00+00:00,105399.5534,0.022607,2382.79,105087.5909,105633.7795,10,2025-06-13 22:35:00+00:00,105475.3288,TRAILING_STOP,20,1.71,1.9062,1.9076,4.7682,-2.1,-0.298
437,BTCUSDT,LONG,spot,2025-06-19 02:35:00+00:00,104732.0652,104681.928,127.0816,2025-06-19 02:40:00+00:00,104999.32,2025-06-19 03:00:00+00:00,104879.86,2025-06-19 03:05:00+00:00,104932.2999,0.022688,2380.71,104656.5116,105043.6702,1,2025-06-19 05:10:00+00:00,104886.1047,TRAILING_STOP,25,-1.05,1.9046,1.9037,4.7599,-4.86,-0.776
438,SOLUSDT,LONG,spot,2025-06-24 11:40:00+00:00,144.1129,143.9275,0.4134,2025-06-24 11:45:00+00:00,144.5,2025-06-24 12:15:00+00:00,144.26,2025-06-24 12:20:00+00:00,144.3321,16.461371,2375.9,143.8448,143.8448,0,2025-06-24 12:30:00+00:00,143.629,STOP_LOSS,2,-11.57,1.9007,1.8915,4.7344,-15.37,-1.915
439,ETHUSDT,LONG,spot,2025-06-30 16:00:00+00:00,2465.0127,2461.2125,10.1358,2025-06-30 16:05:00+00:00,2476.46,2025-06-30 16:20:00+00:00,2466.75,2025-06-30 16:25:00+00:00,2467.9934,0.956523,2360.69,2459.1853,2483.8414,15,2025-06-30 18:10:00+00:00,2480.1156,TRAILING_STOP,21,11.6,1.8886,1.8978,4.7388,7.81,0.927
440,SOLUSDT,LONG,spot,2025-07-07 13:25:00+00:00,152.1488,152.0126,0.3726,2025-07-07 13:55:00+00:00,153.07,2025-07-07 14:10:00+00:00,152.36,2025-07-07 14:15:00+00:00,152.4462,15.536127,2368.42,151.9381,151.9381,0,2025-07-07 14:30:00+00:00,151.7102,STOP_LOSS,3,-11.43,1.8947,1.8856,4.7197,-15.22,-1.927
441,BTCUSDT,LONG,spot,2025-07-10 14:25:00+00:00,110998.9518,110929.2371,229.2564,2025-07-10 14:35:00+00:00,111129.99,2025-07-10 14:45:00+00:00,111140.0,2025-07-10 14:50:00+00:00,111195.57,0.021164,2353.36,110883.3858,113351.6154,20,2025-07-10 18:10:00+00:00,113181.588,TRAILING_STOP,40,42.03,1.8827,1.9163,4.7698,38.23,5.787
442,SOLUSDT,LONG,spot,2025-07-11 09:35:00+00:00,164.2689,164.0824,0.3979,2025-07-11 09:40:00+00:00,164.66,2025-07-11 10:00:00+00:00,164.45,2025-07-11 10:05:00+00:00,164.5322,14.533391,2391.21,164.0028,164.342,4,2025-07-11 10:40:00+00:00,164.0955,TRAILING_STOP,7,-6.35,1.913,1.9079,4.7729,-10.17,-1.322
443,SOLUSDT,LONG,spot,2025-07-11 12:20:00+00:00,164.284,164.1395,0.3709,2025-07-11 12:50:00+00:00,164.59,2025-07-11 13:30:00+00:00,164.8,2025-07-11 13:35:00+00:00,164.8924,14.440594,2381.14,164.0653,166.7049,9,2025-07-11 14:50:00+00:00,166.4548,TRAILING_STOP,15,22.56,1.9049,1.923,4.7961,18.73,1.569
444,ETHUSDT,LONG,spot,2025-07-11 13:30:00+00:00,2991.3159,2986.7948,11.7122,2025-07-11 13:55:00+00:00,3002.85,2025-07-11 14:00:00+00:00,2997.5,2025-07-11 14:05:00+00:00,2998.9887,0.793354,2379.26,2984.4523,2984.4523,0,2025-07-11 14:50:00+00:00,2979.9757,STOP_LOSS,9,-15.08,1.9034,1.8913,4.7359,-18.88,-1.637
445,ETHUSDT,LONG,spot,2025-07-12 07:20:00+00:00,2961.2137,2959.0731,6.3296,2025-07-12 07:25:00+00:00,2971.19,2025-07-12 07:50:00+00:00,2964.6,2025-07-12 07:55:00+00:00,2966.0823,0.802743,2381.0,2957.8071,2957.8071,0,2025-07-12 08:50:00+00:00,2953.3704,STOP_LOSS,11,-10.2,1.9048,1.8966,4.7467,-14.01,-2.108
446,ETHUSDT,LONG,spot,2025-07-18 17:45:00+00:00,3593.1388,3587.9632,15.2376,2025-07-18 18:00:00+00:00,3601.11,2025-07-18 18:05:00+00:00,3595.63,2025-07-18 18:10:00+00:00,3597.4278,0.658008,2367.14,3584.9157,3584.9157,0,2025-07-18 18:15:00+00:00,3575.1093,STOP_LOSS,1,-14.69,1.8937,1.882,4.7122,-18.46,-2.242
447,ETHUSDT,LONG,spot,2025-07-19 13:30:00+00:00,3561.7585,3559.4417,7.8647,2025-07-19 13:35:00+00:00,3567.2,2025-07-19 13:40:00+00:00,3566.41,2025-07-19 13:45:00+00:00,3568.1932,0.658277,2348.86,3557.8688,3557.8688,0,2025-07-19 13:50:00+00:00,3552.532,STOP_LOSS,1,-10.31,1.8791,1.8708,4.6823,-14.06,-2.069
448,SOLUSDT,LONG,spot,2025-07-20 00:00:00+00:00,176.6762,176.5691,0.2654,2025-07-20 00:15:00+00:00,177.11,2025-07-20 00:30:00+00:00,177.09,2025-07-20 00:35:00+00:00,177.1785,13.178456,2334.94,176.516,178.6167,6,2025-07-20 01:35:00+00:00,178.3487,TRAILING_STOP,12,15.42,1.868,1.8803,4.693,11.67,1.337
449,SOLUSDT,LONG,spot,2025-07-20 21:10:00+00:00,181.5335,181.3111,0.4992,2025-07-20 21:30:00+00:00,182.04,2025-07-20 21:35:00+00:00,181.62,2025-07-20 21:40:00+00:00,181.7008,12.914065,2346.5,181.2112,181.3411,1,2025-07-20 22:00:00+00:00,181.0691,TRAILING_STOP,4,-8.16,1.8772,1.8707,4.6808,-11.91,-1.883
450,BNBUSDT,LONG,spot,2025-07-21 00:50:00+00:00,753.2984,752.3758,2.6237,2025-07-21 00:55:00+00:00,755.69,2025-07-21 01:05:00+00:00,753.65,2025-07-21 01:10:00+00:00,754.0168,3.096363,2334.71,751.8511,751.8511,0,2025-07-21 01:15:00+00:00,750.4826,STOP_LOSS,1,-10.94,1.8678,1.859,4.653,-14.67,-2.188
451,ETHUSDT,LONG,spot,2025-07-22 02:00:00+00:00,3762.7614,3758.7874,15.2767,2025-07-22 02:05:00+00:00,3782.91,2025-07-22 02:40:00+00:00,3765.78,2025-07-22 02:45:00+00:00,3767.6729,0.615814,2320.19,3755.732,3755.732,0,2025-07-22 02:50:00+00:00,3750.0984,STOP_LOSS,1,-10.82,1.8561,1.8475,4.6241,-14.53,-1.975
452,SOLUSDT,LONG,spot,2025-07-22 06:30:00+00:00,198.4837,198.1733,1.1856,2025-07-22 06:35:00+00:00,199.98,2025-07-22 06:45:00+00:00,198.96,2025-07-22 06:50:00+00:00,199.0495,10.460195,2082.1,197.9362,199.4682,4,2025-07-22 07:35:00+00:00,199.169,TRAILING_STOP,9,1.25,1.6657,1.6667,4.1661,-2.08,-0.179
453,BNBUSDT,LONG,spot,2025-07-22 09:45:00+00:00,758.8424,757.9925,2.1619,2025-07-22 09:50:00+00:00,760.7,2025-07-22 10:00:00+00:00,759.18,2025-07-22 10:05:00+00:00,759.5596,3.032999,2303.74,757.5602,757.5602,0,2025-07-22 10:20:00+00:00,756.4238,STOP_LOSS,3,-9.51,1.843,1.8354,4.5932,-13.19,-2.175
454,ETHUSDT,LONG,spot,2025-07-22 19:00:00+00:00,3703.3577,3700.1064,13.5651,2025-07-22 19:10:00+00:00,3717.79,2025-07-22 19:20:00+00:00,3705.72,2025-07-22 19:25:00+00:00,3707.5729,0.61784,2290.69,3697.3934,3697.3934,0,2025-07-22 19:30:00+00:00,3691.8473,STOP_LOSS,1,-9.72,1.8325,1.8248,4.5668,-13.37,-2.126
455,ETHUSDT,LONG,spot,2025-07-22 20:55:00+00:00,3697.9358,3696.046,10.3556,2025-07-22 21:00:00+00:00,3703.36,2025-07-22 21:05:00+00:00,3702.64,2025-07-22 21:10:00+00:00,3704.5013,0.614778,2277.45,3693.9749,3718.1248,11,2025-07-22 22:55:00+00:00,3712.5476,TRAILING_STOP,21,4.95,1.822,1.8259,4.5623,1.3,0.201
456,SOLUSDT,LONG,spot,2025-07-30 06:50:00+00:00,181.1947,181.12,0.3892,2025-07-30 06:55:00+00:00,182.02,2025-07-30 07:20:00+00:00,181.37,2025-07-30 07:25:00+00:00,181.4507,12.558414,2278.73,181.0421,181.3102,1,2025-07-30 07:40:00+00:00,181.0383,TRAILING_STOP,3,-5.18,1.823,1.8188,4.5497,-8.82,-1.719
457,ETHUSDT,LONG,spot,2025-07-30 15:00:00+00:00,3787.4908,3781.5431,13.7773,2025-07-30 15:15:00+00:00,3797.28,2025-07-30 15:20:00+00:00,3793.5,2025-07-30 15:25:00+00:00,3795.3967,0.598093,2270.0,3778.7877,3778.7877,0,2025-07-30 15:30:00+00:00,3773.1195,STOP_LOSS,1,-13.32,1.816,1.8053,4.52,-16.95,-1.706
458,BTCUSDT,LONG,spot,2025-08-04 13:10:00+00:00,114438.2422,114402.6826,79.5872,2025-08-04 13:35:00+00:00,114484.33,2025-08-04 13:40:00+00:00,114788.1,2025-08-04 13:45:00+00:00,114845.494,0.01962,2253.22,114386.7651,115074.9238,6,2025-08-04 14:40:00+00:00,114902.3115,TRAILING_STOP,11,1.11,1.8026,1.8035,4.5081,-2.49,-0.277
459,BTCUSDT,LONG,spot,2025-08-06 14:05:00+00:00,114137.0898,114050.4199,221.7204,2025-08-06 14:10:00+00:00,114250.67,2025-08-06 14:15:00+00:00,114258.05,2025-08-06 14:20:00+00:00,114315.179,0.019689,2250.76,114006.0758,114006.0758,0,2025-08-06 14:25:00+00:00,113784.5368,STOP_LOSS,1,-10.45,1.8006,1.7922,4.4858,-14.04,-2.307
461,BTCUSDT,LONG,spot,2025-08-06 14:30:00+00:00,114143.571,114060.4911,230.9235,2025-08-06 14:40:00+00:00,114300.96,2025-08-06 14:50:00+00:00,114443.99,2025-08-06 14:55:00+00:00,114501.212,0.019526,2235.7,114014.3064,115152.3064,13,2025-08-06 16:10:00+00:00,114979.578,TRAILING_STOP,15,9.34,1.7886,1.796,4.4854,5.76,0.605
460,SOLUSDT,LONG,spot,2025-08-06 13:50:00+00:00,164.0236,163.7697,0.7157,2025-08-06 14:00:00+00:00,165.02,2025-08-06 14:25:00+00:00,164.82,2025-08-06 14:30:00+00:00,164.9024,8.855067,1460.22,163.6266,168.1305,16,2025-08-06 16:15:00+00:00,167.8783,TRAILING_STOP,21,26.35,1.1682,1.1893,2.96,23.99,2.124
462,BTCUSDT,LONG,spot,2025-08-08 13:45:00+00:00,116684.0984,116660.5438,118.7574,2025-08-08 13:50:00+00:00,116793.76,2025-08-08 14:05:00+00:00,116935.71,2025-08-08 14:10:00+00:00,116994.1879,0.019371,2266.31,116636.7923,116636.7923,0,2025-08-08 14:15:00+00:00,116461.8371,STOP_LOSS,1,-10.31,1.813,1.8048,4.5172,-13.93,-2.012
463,BNBUSDT,LONG,spot,2025-08-11 21:00:00+00:00,807.0749,806.5417,1.3142,2025-08-11 21:05:00+00:00,808.73,2025-08-11 21:20:00+00:00,808.19,2025-08-11 21:25:00+00:00,808.6041,2.785689,2252.52,806.2789,806.2789,0,2025-08-11 21:30:00+00:00,805.0695,STOP_LOSS,1,-9.85,1.802,1.7941,4.4903,-13.44,-2.075
464,SOLUSDT,LONG,spot,2025-08-13 17:35:00+00:00,199.014,198.7492,0.7666,2025-08-13 18:00:00+00:00,199.54,2025-08-13 18:05:00+00:00,200.05,2025-08-13 18:10:00+00:00,200.15,7.276601,1456.41,198.5958,198.5958,0,2025-08-13 18:25:00+00:00,198.298,STOP_LOSS,3,-13.48,1.1651,1.1543,2.8926,-15.8,-1.397
465,BNBUSDT,LONG,spot,2025-08-14 01:20:00+00:00,846.86,845.9705,2.4846,2025-08-14 01:25:00+00:00,849.71,2025-08-14 02:00:00+00:00,847.66,2025-08-14 02:05:00+00:00,848.0938,2.621848,2223.57,845.4736,854.093,13,2025-08-14 04:10:00+00:00,852.8119,TRAILING_STOP,25,12.37,1.7789,1.7888,4.4657,8.8,1.281
466,SOLUSDT,LONG,spot,2025-08-16 13:25:00+00:00,187.0675,186.9415,0.5824,2025-08-16 13:30:00+00:00,187.89,2025-08-16 14:10:00+00:00,187.47,2025-08-16 14:15:00+00:00,187.5637,11.901487,2232.29,186.825,188.4187,14,2025-08-16 15:50:00+00:00,188.136,TRAILING_STOP,19,6.81,1.7858,1.7913,4.4748,3.23,0.368
467,BNBUSDT,LONG,spot,2025-08-23 09:00:00+00:00,888.386,888.0607,1.4785,2025-08-23 09:05:00+00:00,889.45,2025-08-23 09:25:00+00:00,889.62,2025-08-23 09:30:00+00:00,890.0648,2.511603,2235.49,887.765,893.0821,5,2025-08-23 10:00:00+00:00,891.7425,TRAILING_STOP,6,4.21,1.7884,1.7918,4.4773,0.63,0.11
468,ETHUSDT,LONG,spot,2025-08-23 13:55:00+00:00,4725.4027,4720.3404,11.1186,2025-08-23 14:15:00+00:00,4745.36,2025-08-23 14:35:00+00:00,4728.54,2025-08-23 14:40:00+00:00,4730.8943,0.472663,2236.12,4718.1166,4718.1166,0,2025-08-23 14:45:00+00:00,4711.0395,STOP_LOSS,1,-9.38,1.7889,1.7814,4.4582,-12.95,-2.145
469,ETHUSDT,LONG,spot,2025-08-24 13:45:00+00:00,4762.0416,4758.7092,8.9533,2025-08-24 13:50:00+00:00,4768.21,2025-08-24 14:05:00+00:00,4767.61,2025-08-24 14:10:00+00:00,4769.9938,0.466099,2223.29,4756.9186,4805.7323,13,2025-08-24 15:40:00+00:00,4798.5237,TRAILING_STOP,18,13.3,1.7786,1.7893,4.4665,9.73,1.597
470,SOLUSDT,LONG,spot,2025-08-24 16:20:00+00:00,206.4926,206.1188,0.7927,2025-08-24 16:50:00+00:00,207.03,2025-08-24 17:00:00+00:00,207.33,2025-08-24 17:05:00+00:00,207.4337,7.654008,1587.7,205.9603,210.5666,15,2025-08-24 19:10:00+00:00,210.2507,TRAILING_STOP,25,21.56,1.2702,1.2874,3.2077,19.0,1.685
471,BNBUSDT,LONG,spot,2025-08-25 01:05:00+00:00,874.0166,873.1683,2.249,2025-08-25 01:20:00+00:00,876.62,2025-08-25 01:45:00+00:00,876.29,2025-08-25 01:50:00+00:00,876.7281,2.568342,2251.74,872.7185,877.2954,1,2025-08-25 03:20:00+00:00,875.9795,TRAILING_STOP,18,-1.92,1.8014,1.7999,4.5006,-5.52,-0.536
472,SOLUSDT,LONG,spot,2025-08-26 12:45:00+00:00,188.7678,188.43,0.9675,2025-08-26 12:55:00+00:00,190.54,2025-08-26 13:25:00+00:00,189.21,2025-08-26 13:30:00+00:00,189.3046,10.62099,2010.6,188.2365,188.5525,1,2025-08-26 13:45:00+00:00,188.2697,TRAILING_STOP,3,-10.99,1.6085,1.5997,4.0047,-14.2,-1.252
473,BTCUSDT,LONG,spot,2025-08-26 14:35:00+00:00,110102.2762,110063.4496,337.7783,2025-08-26 14:40:00+00:00,110379.99,2025-08-26 15:15:00+00:00,110322.0,2025-08-26 15:20:00+00:00,110377.161,0.020223,2232.21,109995.894,109995.894,0,2025-08-26 15:30:00+00:00,109830.9001,STOP_LOSS,2,-11.05,1.7858,1.7769,4.4479,-14.61,-1.895
475,BTCUSDT,LONG,spot,2025-08-27 20:30:00+00:00,112025.846,111874.5381,381.2853,2025-08-27 20:40:00+00:00,112329.18,2025-08-27 21:10:00+00:00,112104.69,2025-08-27 21:15:00+00:00,112160.7523,0.019757,2215.99,111798.2811,111798.2811,0,2025-08-27 21:20:00+00:00,111630.5836,STOP_LOSS,1,-10.47,1.7728,1.7644,4.4163,-14.01,-1.957
474,BNBUSDT,LONG,spot,2025-08-27 20:25:00+00:00,862.6882,861.9738,2.9739,2025-08-27 20:40:00+00:00,864.96,2025-08-27 20:50:00+00:00,863.19,2025-08-27 20:55:00+00:00,863.6216,2.567961,2217.75,861.379,861.379,0,2025-08-27 21:35:00+00:00,860.0869,STOP_LOSS,8,-9.08,1.7742,1.7669,4.4219,-12.62,-2.191
476,ETHUSDT,LONG,spot,2025-08-29 21:45:00+00:00,4344.3222,4338.5241,14.2774,2025-08-29 21:50:00+00:00,4361.68,2025-08-29 22:10:00+00:00,4346.89,2025-08-29 22:15:00+00:00,4349.0634,0.503875,2191.38,4335.6686,4360.2514,15,2025-08-29 23:55:00+00:00,4353.711,TRAILING_STOP,20,2.34,1.7531,1.755,4.3863,-1.17,-0.173
477,ETHUSDT,LONG,spot,2025-09-11 13:30:00+00:00,4423.6845,4418.9051,19.3331,2025-09-11 13:55:00+00:00,4437.4,2025-09-11 14:00:00+00:00,4428.61,2025-09-11 14:05:00+00:00,4430.8243,0.494316,2190.23,4415.0385,4415.0385,0,2025-09-11 14:10:00+00:00,4407.9382,STOP_LOSS,1,-11.31,1.7522,1.7431,4.3635,-14.81,-1.898
478,ETHUSDT,LONG,spot,2025-09-11 14:20:00+00:00,4420.5334,4415.8662,16.9787,2025-09-11 14:35:00+00:00,4429.95,2025-09-11 14:50:00+00:00,4423.06,2025-09-11 14:55:00+00:00,4425.2615,0.491625,2175.57,4412.4705,4412.4705,0,2025-09-11 15:35:00+00:00,4405.8518,STOP_LOSS,8,-9.54,1.7405,1.7328,4.3368,-13.02,-2.07
479,SOLUSDT,LONG,spot,2025-09-11 21:25:00+00:00,226.3215,226.1769,0.361,2025-09-11 21:40:00+00:00,226.75,2025-09-11 21:45:00+00:00,226.92,2025-09-11 21:50:00+00:00,227.0435,9.525413,2162.68,226.1048,227.5404,3,2025-09-11 22:35:00+00:00,227.1991,TRAILING_STOP,9,1.48,1.7301,1.7313,4.3276,-1.98,-0.221
480,SOLUSDT,LONG,spot,2025-09-16 01:20:00+00:00,234.3111,234.0935,0.6301,2025-09-16 01:25:00+00:00,235.07,2025-09-16 01:35:00+00:00,234.51,2025-09-16 01:40:00+00:00,234.6273,9.209175,2160.72,233.9675,234.1906,1,2025-09-16 01:50:00+00:00,233.8393,TRAILING_STOP,2,-7.26,1.7286,1.7228,4.3106,-10.71,-1.762
481,SOLUSDT,LONG,spot,2025-09-16 05:05:00+00:00,234.5907,234.3908,0.6467,2025-09-16 05:10:00+00:00,235.54,2025-09-16 05:20:00+00:00,234.89,2025-09-16 05:25:00+00:00,235.0174,9.148781,2150.12,234.2615,235.9356,7,2025-09-16 06:25:00+00:00,235.5817,TRAILING_STOP,12,5.16,1.7201,1.7242,4.308,1.72,0.248
482,BNBUSDT,LONG,spot,2025-09-17 18:25:00+00:00,952.4863,951.5604,3.6926,2025-09-17 18:30:00+00:00,954.47,2025-09-17 18:35:00+00:00,953.41,2025-09-17 18:40:00+00:00,953.8767,2.255872,2151.82,950.8219,950.8219,0,2025-09-17 18:45:00+00:00,949.3956,STOP_LOSS,1,-10.11,1.7215,1.7134,4.2885,-13.54,-1.965
483,ETHUSDT,LONG,spot,2025-09-23 05:45:00+00:00,4181.2189,4177.9026,7.1605,2025-09-23 05:50:00+00:00,4185.53,2025-09-23 06:05:00+00:00,4193.37,2025-09-23 06:10:00+00:00,4195.4667,0.509697,2138.42,4176.4705,4200.7333,1,2025-09-23 06:45:00+00:00,4194.4322,TRAILING_STOP,7,-0.53,1.7107,1.7103,4.276,-3.95,-0.408
484,ETHUSDT,LONG,spot,2025-09-26 12:50:00+00:00,3916.5466,3910.1174,18.4702,2025-09-26 12:55:00+00:00,3937.23,2025-09-26 13:15:00+00:00,3927.83,2025-09-26 13:20:00+00:00,3929.8039,0.461081,1811.96,3906.4234,3948.0927,4,2025-09-26 14:10:00+00:00,3942.1706,TRAILING_STOP,10,5.7,1.4496,1.4541,3.6325,2.8,0.26
486,BTCUSDT,LONG,spot,2025-09-26 13:50:00+00:00,109342.9741,109254.9246,224.4669,2025-09-26 13:55:00+00:00,109669.73,2025-09-26 14:05:00+00:00,109472.12,2025-09-26 14:10:00+00:00,109526.8661,0.019503,2136.06,109210.0312,109210.0312,0,2025-09-26 14:15:00+00:00,109046.2161,STOP_LOSS,1,-9.37,1.7088,1.7013,4.2581,-12.78,-2.069
485,SOLUSDT,LONG,spot,2025-09-26 12:50:00+00:00,194.6068,194.0778,1.3393,2025-09-26 12:55:00+00:00,196.67,2025-09-26 13:25:00+00:00,195.07,2025-09-26 13:30:00+00:00,195.1775,7.864001,1534.88,193.8099,195.1108,7,2025-09-26 14:20:00+00:00,194.8182,TRAILING_STOP,10,-2.83,1.2279,1.2256,3.0655,-5.28,-0.491
487,SOLUSDT,LONG,spot,2025-10-01 05:05:00+00:00,208.7851,208.6736,0.6365,2025-10-01 05:10:00+00:00,209.55,2025-10-01 05:30:00+00:00,209.62,2025-10-01 05:35:00+00:00,209.7248,9.082467,1904.82,208.5463,208.5463,0,2025-10-01 06:20:00+00:00,208.2335,STOP_LOSS,9,-13.55,1.5239,1.513,3.7893,-16.58,-1.549
488,BNBUSDT,LONG,spot,2025-10-01 17:00:00+00:00,1021.4067,1020.5672,2.1624,2025-10-01 17:05:00+00:00,1023.13,2025-10-01 17:40:00+00:00,1022.21,2025-10-01 17:45:00+00:00,1022.7211,2.056257,2102.98,1020.1347,1020.1347,0,2025-10-01 17:50:00+00:00,1018.6045,STOP_LOSS,1,-8.46,1.6824,1.6756,4.1933,-11.82,-2.223
489,SOLUSDT,LONG,spot,2025-10-02 15:10:00+00:00,225.3743,225.0048,1.031,2025-10-02 15:20:00+00:00,226.04,2025-10-02 15:30:00+00:00,225.56,2025-10-02 15:35:00+00:00,225.6628,9.267248,2091.27,224.7986,227.6047,8,2025-10-02 16:35:00+00:00,227.2633,TRAILING_STOP,12,14.83,1.673,1.6849,4.2048,11.47,1.433
490,ETHUSDT,LONG,spot,2025-10-02 15:15:00+00:00,4392.0727,4388.1439,19.4145,2025-10-02 15:20:00+00:00,4415.32,2025-10-02 15:35:00+00:00,4401.66,2025-10-02 15:40:00+00:00,4403.8508,0.474498,2089.62,4384.261,4439.5657,9,2025-10-02 16:35:00+00:00,4432.9064,TRAILING_STOP,11,13.79,1.6717,1.6827,4.1999,10.43,1.122
491,ETHUSDT,LONG,spot,2025-10-03 12:25:00+00:00,4478.7456,4476.0953,6.332,2025-10-03 12:30:00+00:00,4485.58,2025-10-03 12:50:00+00:00,4485.88,2025-10-03 12:55:00+00:00,4488.1229,0.470789,2112.96,4474.8289,4474.8289,0,2025-10-03 13:00:00+00:00,4468.1167,STOP_LOSS,1,-9.42,1.6904,1.6828,4.2118,-12.79,-2.044
492,ETHUSDT,LONG,spot,2025-10-08 14:05:00+00:00,4481.0473,4478.1751,17.6556,2025-10-08 14:10:00+00:00,4494.5,2025-10-08 14:25:00+00:00,4486.16,2025-10-08 14:30:00+00:00,4488.4031,0.467938,2100.3,4474.644,4474.644,0,2025-10-08 14:35:00+00:00,4467.9321,STOP_LOSS,1,-9.58,1.6802,1.6726,4.1862,-12.93,-2.009
493,SOLUSDT,LONG,spot,2025-10-08 16:20:00+00:00,221.5783,221.4372,0.7013,2025-10-08 16:25:00+00:00,222.08,2025-10-08 16:30:00+00:00,221.8,2025-10-08 16:35:00+00:00,221.9009,9.407325,2087.49,221.2969,227.7411,22,2025-10-08 19:05:00+00:00,227.3995,TRAILING_STOP,30,51.73,1.67,1.7114,4.2526,48.35,8.508
494,SOLUSDT,LONG,spot,2025-10-09 05:05:00+00:00,226.8519,226.7504,0.5849,2025-10-09 05:10:00+00:00,227.15,2025-10-09 05:20:00+00:00,227.15,2025-10-09 05:25:00+00:00,227.2636,9.395944,2135.36,226.6334,227.6673,2,2025-10-09 05:40:00+00:00,227.3258,TRAILING_STOP,3,0.58,1.7083,1.7088,4.2716,-2.83,-0.478
495,ETHUSDT,LONG,spot,2025-10-13 15:55:00+00:00,4127.7293,4122.4551,17.0849,2025-10-13 16:00:00+00:00,4145.4,2025-10-13 16:20:00+00:00,4154.94,2025-10-13 16:25:00+00:00,4157.0275,0.283512,1178.57,4119.0381,4202.2253,2,2025-10-13 18:10:00+00:00,4195.922,TRAILING_STOP,21,11.03,0.9429,0.9517,2.3737,9.13,0.848
496,ETHUSDT,LONG,spot,2025-10-15 06:40:00+00:00,4103.7237,4101.269,14.3307,2025-10-15 06:45:00+00:00,4111.39,2025-10-15 07:05:00+00:00,4114.98,2025-10-15 07:10:00+00:00,4117.0375,0.520178,2141.59,4098.4029,4184.1351,7,2025-10-15 08:45:00+00:00,4177.8589,TRAILING_STOP,19,31.64,1.7133,1.7386,4.3306,28.19,2.908
497,ETHUSDT,LONG,spot,2025-10-17 16:10:00+00:00,3785.4477,3776.0684,22.2141,2025-10-17 16:15:00+00:00,3827.98,2025-10-17 16:50:00+00:00,3786.3,2025-10-17 16:55:00+00:00,3788.2032,0.572698,2169.5,3771.6256,3828.8584,21,2025-10-17 19:25:00+00:00,3823.1152,TRAILING_STOP,30,19.99,1.7356,1.7516,4.369,16.51,1.739
498,ETHUSDT,LONG,spot,2025-10-18 14:55:00+00:00,3872.6087,3869.9115,7.3895,2025-10-18 15:00:00+00:00,3878.02,2025-10-18 15:15:00+00:00,3876.55,2025-10-18 15:20:00+00:00,3878.4883,0.56358,2185.84,3868.4336,3868.4336,0,2025-10-18 15:30:00+00:00,3862.631,STOP_LOSS,2,-8.94,1.7487,1.7415,4.3583,-12.43,-2.193
499,ETHUSDT,LONG,spot,2025-10-20 14:35:00+00:00,4033.754,4032.15,11.9039,2025-10-20 14:50:00+00:00,4040.72,2025-10-20 15:00:00+00:00,4039.81,2025-10-20 15:05:00+00:00,4041.8199,0.537762,2173.54,4029.7692,4029.7692,0,2025-10-20 15:10:00+00:00,4023.7245,STOP_LOSS,1,-9.73,1.7388,1.731,4.3325,-13.2,-2.037
500,BNBUSDT,LONG,spot,2025-10-22 11:30:00+00:00,1067.6903,1066.501,3.4186,2025-10-22 11:35:00+00:00,1072.99,2025-10-22 11:40:00+00:00,1069.18,2025-10-22 11:45:00+00:00,1069.7146,2.019667,2160.47,1065.8173,1065.8173,0,2025-10-22 12:05:00+00:00,1064.2186,STOP_LOSS,4,-11.1,1.7284,1.7195,4.3043,-14.55,-1.848
501,BTCUSDT,LONG,spot,2025-10-24 12:40:00+00:00,111194.1958,111051.3669,307.0954,2025-10-24 12:45:00+00:00,111353.41,2025-10-24 12:55:00+00:00,111297.01,2025-10-24 13:00:00+00:00,111352.6685,0.019273,2146.06,110989.9478,110989.9478,0,2025-10-24 13:35:00+00:00,110823.4629,STOP_LOSS,7,-10.2,1.7169,1.7087,4.2768,-13.62,-1.949
502,SOLUSDT,LONG,spot,2025-10-26 22:10:00+00:00,198.5174,198.2395,0.8603,2025-10-26 22:15:00+00:00,199.21,2025-10-26 22:25:00+00:00,198.77,2025-10-26 22:30:00+00:00,198.8694,10.723502,2132.58,198.0675,200.0439,13,2025-10-26 23:45:00+00:00,199.7439,TRAILING_STOP,15,9.38,1.7061,1.7136,4.2792,5.96,0.693
503,ETHUSDT,LONG,spot,2025-10-28 16:55:00+00:00,4121.2768,4119.3101,11.1725,2025-10-28 17:00:00+00:00,4131.49,2025-10-28 17:30:00+00:00,4134.58,2025-10-28 17:35:00+00:00,4136.6473,0.516958,2138.47,4117.0756,4117.0756,0,2025-10-28 18:35:00+00:00,4110.9,STOP_LOSS,12,-13.31,1.7108,1.7001,4.257,-16.72,-1.653
504,BNBUSDT,LONG,spot,2025-10-30 00:25:00+00:00,1111.194,1110.4405,2.4478,2025-10-30 00:30:00+00:00,1113.22,2025-10-30 00:40:00+00:00,1112.55,2025-10-30 00:45:00+00:00,1113.1063,1.906306,2121.92,1109.9509,1116.2995,10,2025-10-30 01:55:00+00:00,1114.625,TRAILING_STOP,14,2.9,1.6975,1.6999,4.2482,-0.5,-0.083
505,SOLUSDT,LONG,spot,2025-11-01 03:45:00+00:00,186.8358,186.7535,0.3353,2025-11-01 03:50:00+00:00,187.2,2025-11-01 04:00:00+00:00,187.21,2025-11-01 04:05:00+00:00,187.3036,11.326122,2121.42,186.6864,186.6864,0,2025-11-01 04:15:00+00:00,186.4064,STOP_LOSS,2,-10.16,1.6971,1.689,4.2276,-13.55,-1.938
506,SOLUSDT,LONG,spot,2025-11-05 09:20:00+00:00,156.2049,156.0051,0.7964,2025-11-05 09:25:00+00:00,156.83,2025-11-05 09:30:00+00:00,156.38,2025-11-05 09:35:00+00:00,156.4582,13.47332,2108.01,155.8458,156.1336,3,2025-11-05 10:10:00+00:00,155.8994,TRAILING_STOP,7,-7.53,1.6864,1.6804,4.2047,-10.9,-1.321
507,SOLUSDT,LONG,spot,2025-11-05 09:45:00+00:00,156.3373,156.0775,0.6735,2025-11-05 09:50:00+00:00,156.95,2025-11-05 10:05:00+00:00,156.51,2025-11-05 10:10:00+00:00,156.5883,13.39324,2097.22,155.9428,155.9428,0,2025-11-05 10:20:00+00:00,155.7088,STOP_LOSS,2,-11.78,1.6778,1.6684,4.1768,-15.12,-1.749
508,ETHUSDT,LONG,spot,2025-11-06 11:40:00+00:00,3396.5627,3392.3665,9.3043,2025-11-06 11:45:00+00:00,3401.3,2025-11-06 11:55:00+00:00,3399.4,2025-11-06 12:00:00+00:00,3401.0897,0.612231,2082.25,3390.5056,3390.5056,0,2025-11-06 12:05:00+00:00,3385.4199,STOP_LOSS,1,-9.59,1.6658,1.6581,4.1501,-12.92,-1.993
509,SOLUSDT,LONG,spot,2025-11-06 13:40:00+00:00,159.3434,159.0613,0.7066,2025-11-06 13:45:00+00:00,160.84,2025-11-06 14:05:00+00:00,159.37,2025-11-06 14:10:00+00:00,159.4497,12.978782,2069.46,158.92,158.92,0,2025-11-06 14:20:00+00:00,158.6816,STOP_LOSS,2,-9.97,1.6556,1.6476,4.124,-13.27,-1.931
510,BNBUSDT,LONG,spot,2025-11-07 01:55:00+00:00,950.6008,948.9118,3.8003,2025-11-07 02:05:00+00:00,953.39,2025-11-07 02:15:00+00:00,952.26,2025-11-07 02:20:00+00:00,952.7361,2.158335,2056.32,948.1518,967.3112,4,2025-11-07 03:15:00+00:00,965.8602,TRAILING_STOP,11,28.33,1.6451,1.6677,4.1551,25.01,2.528
511,BNBUSDT,LONG,spot,2025-11-08 18:05:00+00:00,991.8997,991.3615,2.0624,2025-11-08 18:10:00+00:00,994.91,2025-11-08 18:25:00+00:00,993.46,2025-11-08 18:30:00+00:00,993.9567,2.09374,2081.09,990.949,1001.2913,7,2025-11-08 19:15:00+00:00,999.7894,TRAILING_STOP,9,12.21,1.6649,1.6746,4.1805,8.87,1.409
512,SOLUSDT,LONG,spot,2025-11-10 20:10:00+00:00,167.1006,166.9355,0.5282,2025-11-10 20:15:00+00:00,167.56,2025-11-10 20:20:00+00:00,167.27,2025-11-10 20:25:00+00:00,167.3436,12.488499,2089.87,166.8299,167.3933,4,2025-11-10 21:00:00+00:00,167.1422,TRAILING_STOP,7,-2.52,1.6719,1.6699,4.176,-5.86,-0.913
513,BNBUSDT,LONG,spot,2025-11-13 01:40:00+00:00,955.7466,954.7336,2.2572,2025-11-13 02:00:00+00:00,956.92,2025-11-13 02:15:00+00:00,956.82,2025-11-13 02:20:00+00:00,957.2884,2.177058,2084.07,954.2821,954.2821,0,2025-11-13 02:25:00+00:00,952.8507,STOP_LOSS,1,-9.66,1.6673,1.6595,4.1537,-12.99,-1.984
514,SOLUSDT,LONG,spot,2025-11-13 03:45:00+00:00,153.6245,153.353,0.8617,2025-11-13 03:50:00+00:00,155.06,2025-11-13 04:00:00+00:00,153.81,2025-11-13 04:05:00+00:00,153.8769,13.460204,2071.21,153.1807,153.7112,6,2025-11-13 04:50:00+00:00,153.4807,TRAILING_STOP,9,-5.33,1.657,1.6527,4.1344,-8.64,-0.922
515,ETHUSDT,LONG,spot,2025-11-13 03:35:00+00:00,3435.5922,3429.9448,17.0763,2025-11-13 03:40:00+00:00,3454.99,2025-11-13 04:05:00+00:00,3441.45,2025-11-13 04:10:00+00:00,3443.1707,0.601066,2069.57,3426.5296,3462.2125,7,2025-11-13 04:50:00+00:00,3457.0192,TRAILING_STOP,8,8.32,1.6557,1.6623,4.1516,5.01,0.5
516,ETHUSDT,LONG,spot,2025-11-14 19:20:00+00:00,3190.4308,3185.4209,15.9571,2025-11-14 19:25:00+00:00,3210.21,2025-11-14 19:35:00+00:00,3196.55,2025-11-14 19:40:00+00:00,3198.1483,0.646503,2067.61,3182.2295,3190.5816,3,2025-11-14 20:10:00+00:00,3185.7957,TRAILING_STOP,6,-7.99,1.6541,1.6477,4.1232,-11.29,-1.097
517,SOLUSDT,LONG,spot,2025-11-15 15:10:00+00:00,141.3786,141.2625,0.3755,2025-11-15 15:15:00+00:00,141.7,2025-11-15 15:30:00+00:00,141.5,2025-11-15 15:35:00+00:00,141.5708,14.525872,2056.44,141.1874,141.3515,3,2025-11-15 16:05:00+00:00,141.1394,TRAILING_STOP,6,-6.27,1.6452,1.6401,4.1035,-9.55,-1.715
518,SOLUSDT,LONG,spot,2025-11-15 15:45:00+00:00,141.552,141.3759,0.368,2025-11-15 15:50:00+00:00,141.86,2025-11-15 16:00:00+00:00,141.71,2025-11-15 16:05:00+00:00,141.7708,14.438678,2046.98,141.3023,141.3023,0,2025-11-15 16:10:00+00:00,140.9582,STOP_LOSS,1,-11.73,1.6376,1.6282,4.0764,-15.0,-2.217
519,BNBUSDT,LONG,spot,2025-11-16 23:35:00+00:00,921.799,919.8222,4.5874,2025-11-16 23:40:00+00:00,928.09,2025-11-17 00:20:00+00:00,923.32,2025-11-17 00:25:00+00:00,923.7717,2.108799,1948.05,918.9048,932.0465,10,2025-11-17 01:20:00+00:00,930.6484,TRAILING_STOP,11,14.5,1.5584,1.57,3.9179,11.37,1.108
520,BNBUSDT,LONG,spot,2025-11-18 01:05:00+00:00,909.3875,907.2913,4.6536,2025-11-18 01:10:00+00:00,915.21,2025-11-18 01:40:00+00:00,910.97,2025-11-18 01:45:00+00:00,911.4355,2.03357,1853.47,906.3606,906.3606,0,2025-11-18 02:15:00+00:00,905.001,STOP_LOSS,6,-13.08,1.4828,1.4723,3.6873,-16.04,-1.554
521,SOLUSDT,LONG,spot,2025-11-19 00:50:00+00:00,140.7051,140.4769,0.4969,2025-11-19 00:55:00+00:00,141.15,2025-11-19 01:00:00+00:00,140.91,2025-11-19 01:05:00+00:00,140.9805,14.381531,2027.51,140.3776,140.3776,0,2025-11-19 01:10:00+00:00,140.167,STOP_LOSS,1,-11.7,1.622,1.6127,4.0375,-14.93,-1.722
522,SOLUSDT,LONG,spot,2025-11-19 01:45:00+00:00,140.7169,140.5307,0.5981,2025-11-19 02:05:00+00:00,141.1,2025-11-19 02:20:00+00:00,141.14,2025-11-19 02:25:00+00:00,141.2106,12.715052,1795.5,140.4111,141.6861,3,2025-11-19 03:05:00+00:00,141.4735,TRAILING_STOP,8,3.34,1.4364,1.4391,3.596,0.47,0.046
523,ETHUSDT,LONG,spot,2025-11-19 02:30:00+00:00,3111.8739,3109.2235,8.8928,2025-11-19 02:35:00+00:00,3124.95,2025-11-19 02:40:00+00:00,3114.02,2025-11-19 02:45:00+00:00,3115.567,0.645567,2011.31,3107.445,3107.6332,2,2025-11-19 03:10:00+00:00,3102.9717,TRAILING_STOP,5,-8.13,1.609,1.6025,4.0104,-11.34,-2.163
524,SOLUSDT,LONG,spot,2025-11-23 11:30:00+00:00,129.6539,129.524,0.3479,2025-11-23 11:45:00+00:00,129.83,2025-11-23 11:50:00+00:00,129.73,2025-11-23 11:55:00+00:00,129.7949,15.42407,2001.97,129.4544,130.9239,7,2025-11-23 12:40:00+00:00,130.7275,TRAILING_STOP,9,14.39,1.6016,1.6131,4.0255,11.17,2.127
525,BNBUSDT,LONG,spot,2025-11-23 18:20:00+00:00,846.8869,846.1918,1.885,2025-11-23 18:35:00+00:00,848.71,2025-11-23 18:55:00+00:00,848.0,2025-11-23 19:00:00+00:00,848.434,2.372635,2013.02,845.8148,849.9124,7,2025-11-23 19:55:00+00:00,848.6375,TRAILING_STOP,11,0.48,1.6104,1.6108,4.0268,-2.74,-0.441
526,ETHUSDT,LONG,spot,2025-11-24 15:00:00+00:00,2815.4724,2812.5635,18.8206,2025-11-24 15:05:00+00:00,2829.56,2025-11-24 15:10:00+00:00,2833.39,2025-11-24 15:15:00+00:00,2834.7667,0.390995,1108.38,2808.7993,2931.4399,27,2025-11-24 18:30:00+00:00,2927.0427,TRAILING_STOP,39,36.08,0.8867,0.9156,2.2709,34.28,3.376
527,SOLUSDT,LONG,spot,2025-11-24 15:05:00+00:00,130.0883,129.8888,0.8653,2025-11-24 15:10:00+00:00,131.19,2025-11-24 15:25:00+00:00,130.59,2025-11-24 15:30:00+00:00,130.6553,10.819924,1413.68,129.7157,136.7001,33,2025-11-24 18:30:00+00:00,136.4951,TRAILING_STOP,36,63.19,1.1309,1.1815,2.9221,60.87,5.988
528,SOLUSDT,LONG,spot,2025-11-26 16:20:00+00:00,137.0164,136.7748,0.5726,2025-11-26 16:25:00+00:00,137.75,2025-11-26 16:30:00+00:00,137.61,2025-11-26 16:35:00+00:00,137.6788,10.435143,1436.7,136.6602,136.6602,0,2025-11-26 16:50:00+00:00,136.4553,STOP_LOSS,3,-12.77,1.1494,1.1391,2.8542,-15.06,-1.417
530,SOLUSDT,LONG,spot,2025-11-27 16:35:00+00:00,141.8845,141.7142,0.3996,2025-11-27 16:55:00+00:00,142.2,2025-11-27 17:05:00+00:00,142.09,2025-11-27 17:10:00+00:00,142.161,14.687224,2087.95,141.6343,141.6343,0,2025-11-27 17:35:00+00:00,141.4219,STOP_LOSS,5,-10.86,1.6704,1.6617,4.1596,-14.19,-1.834
529,BNBUSDT,LONG,spot,2025-11-27 15:55:00+00:00,890.943,890.3255,1.5967,2025-11-27 16:00:00+00:00,892.31,2025-11-27 16:10:00+00:00,894.02,2025-11-27 16:15:00+00:00,894.457,2.336173,2089.61,890.0062,890.0062,0,2025-11-28 00:15:00+00:00,893.9628,TIME_EXIT_8H,96,-1.15,1.6717,1.6708,2.089,-4.5,-0.432
531,BTCUSDT,LONG,spot,2025-11-28 11:45:00+00:00,91441.7228,91392.5,141.3126,2025-11-28 12:05:00+00:00,91556.57,2025-11-28 12:15:00+00:00,91555.77,2025-11-28 12:20:00+00:00,91601.5579,0.02261,2071.11,91364.2375,92203.7179,3,2025-11-28 13:50:00+00:00,92065.4124,TRAILING_STOP,18,10.49,1.6569,1.6653,4.1579,7.17,1.335
532,SOLUSDT,LONG,spot,2025-12-02 10:05:00+00:00,126.8218,126.7419,0.3024,2025-12-02 10:10:00+00:00,127.01,2025-12-02 10:15:00+00:00,126.97,2025-12-02 10:20:00+00:00,127.0335,16.359476,2078.2,126.6815,128.0793,6,2025-12-02 11:10:00+00:00,127.8872,TRAILING_STOP,10,13.97,1.6626,1.6737,4.1774,10.63,1.846
533,ETHUSDT,LONG,spot,2025-12-03 14:40:00+00:00,3077.2853,3065.1823,24.796,2025-12-03 14:45:00+00:00,3099.97,2025-12-03 14:50:00+00:00,3087.37,2025-12-03 14:55:00+00:00,3088.9137,0.367686,1135.75,3060.2231,3060.2231,0,2025-12-03 15:20:00+00:00,3055.6328,STOP_LOSS,5,-12.24,0.9086,0.8988,2.2531,-14.04,-1.331
534,BTCUSDT,LONG,spot,2025-12-03 19:50:00+00:00,92822.4636,92740.9008,179.3382,2025-12-03 19:55:00+00:00,93024.99,2025-12-03 20:05:00+00:00,93021.32,2025-12-03 20:10:00+00:00,93067.8207,0.022294,2074.82,92705.0331,93460.455,7,2025-12-03 22:20:00+00:00,93320.2643,TRAILING_STOP,26,5.63,1.6599,1.6644,4.1581,2.3,0.285
535,SOLUSDT,LONG,spot,2025-12-04 15:50:00+00:00,143.0385,142.8291,0.6972,2025-12-04 16:15:00+00:00,143.6,2025-12-04 16:25:00+00:00,143.06,2025-12-04 16:30:00+00:00,143.1215,14.512853,2077.1,142.6897,142.6897,0,2025-12-04 16:35:00+00:00,142.4756,STOP_LOSS,1,-9.37,1.6617,1.6542,4.1401,-12.69,-2.025
536,ETHUSDT,LONG,spot,2025-12-08 20:15:00+00:00,3121.777,3118.2401,9.7472,2025-12-08 20:20:00+00:00,3133.36,2025-12-08 20:30:00+00:00,3123.48,2025-12-08 20:35:00+00:00,3125.0417,0.660644,2064.54,3116.2907,3127.1659,3,2025-12-08 21:10:00+00:00,3122.4751,TRAILING_STOP,7,-1.7,1.6516,1.6503,4.1265,-5.0,-0.864
537,ETHUSDT,LONG,spot,2025-12-09 15:00:00+00:00,3119.0295,3117.9069,14.9672,2025-12-09 15:05:00+00:00,3131.85,2025-12-09 15:15:00+00:00,3137.91,2025-12-09 15:20:00+00:00,3139.4689,0.423611,1329.91,3114.9135,3369.7541,28,2025-12-09 18:05:00+00:00,3364.6995,TRAILING_STOP,33,95.41,1.0639,1.1403,2.8029,93.21,8.96
538,ETHUSDT,LONG,spot,2025-12-10 12:50:00+00:00,3319.5767,3316.8968,7.4328,2025-12-10 12:55:00+00:00,3324.56,2025-12-10 13:10:00+00:00,3322.99,2025-12-10 13:15:00+00:00,3324.6515,0.647245,2151.87,3315.4103,3324.143,4,2025-12-10 14:05:00+00:00,3319.1568,TRAILING_STOP,10,-3.56,1.7215,1.7186,4.2984,-7.0,-1.17
539,ETHUSDT,LONG,spot,2025-12-10 14:45:00+00:00,3324.2168,3321.9782,10.989,2025-12-10 15:00:00+00:00,3331.65,2025-12-10 15:05:00+00:00,3330.76,2025-12-10 15:10:00+00:00,3332.4254,0.643657,2144.94,3319.7804,3319.7804,0,2025-12-10 15:25:00+00:00,3314.8007,STOP_LOSS,3,-11.34,1.716,1.7069,4.2729,-14.77,-1.814
540,SOLUSDT,LONG,spot,2025-12-10 19:10:00+00:00,137.5549,137.2062,1.1287,2025-12-10 19:15:00+00:00,138.42,2025-12-10 19:25:00+00:00,137.73,2025-12-10 19:30:00+00:00,137.8089,12.987556,1789.8,136.9804,139.7928,8,2025-12-10 20:20:00+00:00,139.5831,TRAILING_STOP,10,23.04,1.4318,1.4503,3.6142,20.16,1.874
541,BTCUSDT,LONG,spot,2025-12-10 19:10:00+00:00,92485.1913,92303.909,500.8115,2025-12-10 19:30:00+00:00,93132.96,2025-12-10 19:40:00+00:00,92581.4,2025-12-10 19:45:00+00:00,92627.6907,0.022983,2128.9,92203.7466,93313.7696,3,2025-12-10 20:20:00+00:00,93173.799,TRAILING_STOP,7,12.55,1.7031,1.7132,4.2766,9.14,0.938
542,ETHUSDT,LONG,spot,2025-12-12 01:20:00+00:00,3227.7639,3222.0079,12.6373,2025-12-12 01:30:00+00:00,3246.37,2025-12-12 01:50:00+00:00,3232.14,2025-12-12 01:55:00+00:00,3233.7461,0.667746,2159.32,3219.4805,3250.223,12,2025-12-12 03:15:00+00:00,3245.3477,TRAILING_STOP,16,7.75,1.7275,1.7337,4.3303,4.29,0.45
543,ETHUSDT,LONG,spot,2025-12-16 15:55:00+00:00,2940.8022,2939.7106,16.8685,2025-12-16 16:00:00+00:00,2954.99,2025-12-16 16:10:00+00:00,2948.55,2025-12-16 16:15:00+00:00,2950.0143,0.733408,2163.57,2936.3369,2936.3369,0,2025-12-16 16:35:00+00:00,2931.9324,STOP_LOSS,4,-13.26,1.7309,1.7202,4.3072,-16.71,-1.666
544,BNBUSDT,LONG,spot,2025-12-17 15:00:00+00:00,862.5968,861.4205,3.3907,2025-12-17 15:05:00+00:00,871.67,2025-12-17 15:40:00+00:00,863.19,2025-12-17 15:45:00+00:00,863.6116,2.486094,2147.02,860.7423,860.7423,0,2025-12-17 15:50:00+00:00,859.4512,STOP_LOSS,1,-10.34,1.7176,1.7093,4.2785,-13.77,-1.93
545,SOLUSDT,LONG,spot,2025-12-23 20:40:00+00:00,124.0842,123.9468,0.3982,2025-12-23 20:45:00+00:00,125.16,2025-12-23 21:10:00+00:00,124.26,2025-12-23 21:15:00+00:00,124.3221,17.160158,2133.39,123.8672,123.8672,0,2025-12-23 22:25:00+00:00,123.6814,STOP_LOSS,14,-11.0,1.7067,1.6979,4.2503,-14.4,-1.844
546,SOLUSDT,LONG,spot,2025-12-30 15:15:00+00:00,124.3844,124.2912,0.4759,2025-12-30 15:35:00+00:00,124.65,2025-12-30 15:40:00+00:00,124.68,2025-12-30 15:45:00+00:00,124.7423,16.988066,2119.13,124.196,125.6118,6,2025-12-30 16:35:00+00:00,125.4234,TRAILING_STOP,10,11.57,1.6953,1.7046,4.2556,8.17,0.88
547,SOLUSDT,LONG,spot,2026-01-02 14:40:00+00:00,128.237,128.0592,0.5797,2026-01-02 14:45:00+00:00,128.96,2026-01-02 15:05:00+00:00,128.73,2026-01-02 15:10:00+00:00,128.7944,12.622739,1625.74,127.9432,127.9432,0,2026-01-02 15:20:00+00:00,127.7513,STOP_LOSS,2,-13.17,1.3006,1.2901,3.2317,-15.76,-1.467
548,BTCUSDT,LONG,spot,2026-01-02 15:15:00+00:00,89345.7171,89270.3355,364.0237,2026-01-02 15:35:00+00:00,89649.99,2026-01-02 15:55:00+00:00,89418.11,2026-01-02 16:00:00+00:00,89462.809,0.023603,2111.62,89197.5307,90061.9139,5,2026-01-02 16:40:00+00:00,89926.821,TRAILING_STOP,8,10.95,1.6893,1.6981,4.2397,7.56,1.208
549,SOLUSDT,LONG,spot,2026-01-04 09:35:00+00:00,134.0107,133.9052,0.2367,2026-01-04 09:40:00+00:00,134.29,2026-01-04 09:55:00+00:00,134.32,2026-01-04 10:00:00+00:00,134.3872,15.768693,2119.11,133.8579,133.8579,0,2026-01-04 13:20:00+00:00,133.6571,STOP_LOSS,40,-11.51,1.6953,1.6861,4.221,-14.89,-1.784
550,SOLUSDT,LONG,spot,2026-01-04 13:40:00+00:00,134.2951,134.1985,0.2065,2026-01-04 13:50:00+00:00,134.52,2026-01-04 14:25:00+00:00,134.46,2026-01-04 14:30:00+00:00,134.5272,15.64267,2104.37,134.1572,134.8964,7,2026-01-04 15:35:00+00:00,134.694,TRAILING_STOP,13,2.61,1.6835,1.6856,4.2126,-0.76,-0.131
551,ETHUSDT,LONG,spot,2026-01-05 00:05:00+00:00,3143.2529,3139.7552,7.4322,2026-01-05 00:10:00+00:00,3153.81,2026-01-05 00:20:00+00:00,3146.9,2026-01-05 00:25:00+00:00,3148.4835,0.668135,2103.61,3138.2687,3198.0063,12,2026-01-05 02:00:00+00:00,3193.1231,TRAILING_STOP,19,29.83,1.6829,1.7068,4.252,26.44,3.873
552,SOLUSDT,LONG,spot,2026-01-05 00:20:00+00:00,134.2072,134.1506,0.4158,2026-01-05 00:25:00+00:00,134.42,2026-01-05 00:30:00+00:00,134.43,2026-01-05 00:35:00+00:00,134.4872,15.629344,2101.95,134.0674,136.7412,16,2026-01-05 02:05:00+00:00,136.5361,TRAILING_STOP,18,32.02,1.6816,1.7072,4.2519,28.63,4.364
553,SOLUSDT,LONG,spot,2026-01-05 15:45:00+00:00,135.0384,134.8758,0.6332,2026-01-05 15:50:00+00:00,135.97,2026-01-05 16:20:00+00:00,135.43,2026-01-05 16:25:00+00:00,135.4977,14.56006,1972.85,134.7491,134.7491,0,2026-01-05 17:20:00+00:00,134.547,STOP_LOSS,11,-13.84,1.5783,1.5672,3.9249,-16.99,-1.559
554,ETHUSDT,LONG,spot,2026-01-09 15:35:00+00:00,3096.6072,3093.4019,16.6945,2026-01-09 15:40:00+00:00,3112.79,2026-01-09 15:55:00+00:00,3112.08,2026-01-09 16:00:00+00:00,3113.636,0.458774,1428.46,3090.063,3127.0076,12,2026-01-09 17:10:00+00:00,3121.8702,TRAILING_STOP,14,3.78,1.1428,1.1458,2.8626,1.49,0.138
555,BTCUSDT,LONG,spot,2026-01-26 14:35:00+00:00,87864.8434,87821.4738,197.7374,2026-01-26 14:40:00+00:00,88144.09,2026-01-26 14:55:00+00:00,88178.1,2026-01-26 15:00:00+00:00,88222.179,0.024289,2142.79,87781.9263,88331.467,4,2026-01-26 15:30:00+00:00,88198.9698,TRAILING_STOP,6,-0.56,1.7142,1.7138,4.2847,-3.99,-0.373
556,BNBUSDT,LONG,spot,2026-01-26 15:05:00+00:00,873.145,872.4866,2.0056,2026-01-26 15:10:00+00:00,877.62,2026-01-26 15:30:00+00:00,874.01,2026-01-26 15:35:00+00:00,874.457,2.445902,2138.84,872.0855,872.0855,0,2026-01-26 15:40:00+00:00,870.7774,STOP_LOSS,1,-9.0,1.7111,1.7039,4.2642,-12.41,-2.14
557,SOLUSDT,LONG,spot,2026-01-27 01:30:00+00:00,124.2216,124.1151,0.2376,2026-01-27 01:35:00+00:00,124.52,2026-01-27 01:40:00+00:00,124.38,2026-01-27 01:45:00+00:00,124.4422,17.08862,2126.55,124.0676,124.3484,2,2026-01-27 02:10:00+00:00,124.1618,TRAILING_STOP,5,-4.79,1.7012,1.6974,4.2459,-8.19,-1.279
558,ETHUSDT,LONG,spot,2026-01-28 18:00:00+00:00,3013.2065,3009.6131,10.7391,2026-01-28 18:20:00+00:00,3023.11,2026-01-28 18:25:00+00:00,3015.49,2026-01-28 18:30:00+00:00,3016.9977,0.702168,2118.44,3007.4652,3007.4652,0,2026-01-28 18:40:00+00:00,3002.954,STOP_LOSS,2,-9.86,1.6948,1.6869,4.2221,-13.24,-1.978
559,ETHUSDT,LONG,spot,2026-01-28 19:20:00+00:00,3013.3252,3012.3839,10.2959,2026-01-28 19:50:00+00:00,3019.49,2026-01-28 20:00:00+00:00,3018.8,2026-01-28 20:05:00+00:00,3020.3094,0.697057,2105.33,3010.3247,3018.7939,1,2026-01-28 20:30:00+00:00,3014.2657,TRAILING_STOP,5,-4.21,1.6843,1.6809,4.2043,-7.58,-1.089
560,SOLUSDT,LONG,spot,2026-01-30 15:45:00+00:00,116.3346,116.0649,0.7071,2026-01-30 15:50:00+00:00,116.85,2026-01-30 16:00:00+00:00,116.53,2026-01-30 16:05:00+00:00,116.5783,16.181245,1886.38,115.9235,116.7514,9,2026-01-30 17:00:00+00:00,116.5763,TRAILING_STOP,11,-0.03,1.5091,1.5091,3.7727,-3.05,-0.288
561,BNBUSDT,LONG,spot,2026-02-02 00:20:00+00:00,760.4304,759.0725,4.7611,2026-02-02 00:25:00+00:00,768.09,2026-02-02 01:05:00+00:00,761.31,2026-02-02 01:10:00+00:00,761.6806,2.750241,2094.81,758.1203,758.1203,0,2026-02-02 01:15:00+00:00,755.4851,STOP_LOSS,1,-17.04,1.6758,1.6622,4.1641,-20.38,-2.081
562,ETHUSDT,LONG,spot,2026-02-03 00:30:00+00:00,2342.8077,2339.1648,7.7873,2026-02-03 00:40:00+00:00,2347.23,2026-02-03 00:50:00+00:00,2347.32,2026-02-03 00:55:00+00:00,2348.5037,0.883385,2074.63,2337.6073,2344.8169,1,2026-02-03 01:05:00+00:00,2341.2997,TRAILING_STOP,2,-6.36,1.6597,1.6546,4.1397,-9.68,-1.005
563,SOLUSDT,LONG,spot,2026-02-03 04:35:00+00:00,103.9111,103.7884,0.3073,2026-02-03 04:40:00+00:00,105.04,2026-02-03 05:10:00+00:00,103.96,2026-02-03 05:15:00+00:00,104.012,19.853968,2065.05,103.7269,103.7269,0,2026-02-03 05:20:00+00:00,103.5713,STOP_LOSS,1,-8.75,1.652,1.645,4.117,-12.05,-2.128
564,BNBUSDT,LONG,spot,2026-02-03 13:15:00+00:00,773.1756,772.5547,1.5119,2026-02-03 13:25:00+00:00,775.7,2026-02-03 13:50:00+00:00,773.92,2026-02-03 13:55:00+00:00,774.307,2.651565,2053.12,772.2523,773.3073,3,2026-02-03 14:15:00+00:00,772.1474,TRAILING_STOP,4,-5.73,1.6425,1.6379,4.0977,-9.01,-1.653
565,BNBUSDT,LONG,spot,2026-02-07 16:20:00+00:00,641.3652,639.8308,4.2653,2026-02-07 16:25:00+00:00,643.97,2026-02-07 17:05:00+00:00,641.55,2026-02-07 17:10:00+00:00,641.8408,3.184915,2044.21,638.9778,651.6859,20,2026-02-07 19:05:00+00:00,650.7084,TRAILING_STOP,23,28.24,1.6354,1.658,4.1308,24.95,2.736
566,BTCUSDT,LONG,spot,2026-02-07 17:35:00+00:00,69101.8751,69015.9897,261.7063,2026-02-07 17:40:00+00:00,69303.49,2026-02-07 17:55:00+00:00,69188.81,2026-02-07 18:00:00+00:00,69223.4044,0.029507,2042.59,68963.6484,69299.7893,7,2026-02-07 19:10:00+00:00,69195.8396,TRAILING_STOP,14,-0.81,1.6341,1.6334,4.084,-4.08,-0.532
567,SOLUSDT,LONG,spot,2026-02-08 01:50:00+00:00,87.7561,87.6677,0.2408,2026-02-08 01:55:00+00:00,87.89,2026-02-08 02:05:00+00:00,87.88,2026-02-08 02:10:00+00:00,87.9239,23.484708,2064.87,87.6196,87.6196,0,2026-02-08 02:25:00+00:00,87.4881,STOP_LOSS,3,-10.23,1.6519,1.6437,4.1144,-13.53,-1.893
568,ETHUSDT,LONG,spot,2026-02-08 05:55:00+00:00,2084.6984,2083.5406,3.6417,2026-02-08 06:10:00+00:00,2086.79,2026-02-08 06:15:00+00:00,2088.96,2026-02-08 06:20:00+00:00,2089.9545,0.981587,2051.47,2082.8122,2082.8122,0,2026-02-08 06:40:00+00:00,2079.688,STOP_LOSS,4,-10.08,1.6412,1.6331,4.0878,-13.35,-1.904
569,ETHUSDT,LONG,spot,2026-02-09 15:50:00+00:00,2047.4489,2041.9394,12.109,2026-02-09 15:55:00+00:00,2061.61,2026-02-09 16:05:00+00:00,2050.35,2026-02-09 16:10:00+00:00,2051.3652,0.868886,1782.4,2039.5176,2083.7104,5,2026-02-09 17:05:00+00:00,2080.5848,TRAILING_STOP,11,25.39,1.4259,1.4462,3.6029,22.52,2.187
570,BTCUSDT,LONG,spot,2026-02-10 15:40:00+00:00,69006.1718,68901.9491,360.5262,2026-02-10 15:45:00+00:00,69407.75,2026-02-10 16:05:00+00:00,69013.19,2026-02-10 16:10:00+00:00,69047.7066,0.029842,2060.55,68829.8439,69574.4183,18,2026-02-10 18:05:00+00:00,69470.0567,TRAILING_STOP,23,12.6,1.6484,1.6585,4.14,9.3,1.43
571,SOLUSDT,LONG,spot,2026-02-12 05:45:00+00:00,80.3597,80.2408,0.2762,2026-02-12 05:55:00+00:00,80.57,2026-02-12 06:05:00+00:00,80.46,2026-02-12 06:10:00+00:00,80.5102,25.707912,2069.75,80.1855,80.5559,5,2026-02-12 06:50:00+00:00,80.4351,TRAILING_STOP,8,-1.93,1.6558,1.6543,4.1366,-5.24,-0.628
572,BNBUSDT,LONG,spot,2026-02-12 09:40:00+00:00,613.9173,613.4123,1.3693,2026-02-12 09:50:00+00:00,614.63,2026-02-12 09:55:00+00:00,614.45,2026-02-12 10:00:00+00:00,614.7572,3.358335,2064.56,613.1385,616.6491,7,2026-02-12 11:10:00+00:00,615.7241,TRAILING_STOP,14,3.25,1.6516,1.6542,4.134,-0.06,-0.011
573,SOLUSDT,LONG,spot,2026-02-13 07:15:00+00:00,78.5305,78.5231,0.2682,2026-02-13 07:20:00+00:00,79.05,2026-02-13 07:45:00+00:00,78.78,2026-02-13 07:50:00+00:00,78.8194,26.192828,2064.5,78.4694,79.4554,13,2026-02-13 09:10:00+00:00,79.3362,TRAILING_STOP,16,13.54,1.6516,1.6624,4.1493,10.22,1.115
574,BTCUSDT,LONG,spot,2026-02-14 17:20:00+00:00,69715.6395,69644.3595,144.8426,2026-02-14 17:25:00+00:00,69819.16,2026-02-14 17:35:00+00:00,69795.97,2026-02-14 17:40:00+00:00,69830.858,0.029709,2074.62,69615.391,70067.0175,4,2026-02-14 21:20:00+00:00,69961.917,TRAILING_STOP,44,3.89,1.6597,1.6628,4.1551,0.57,0.089
575,BNBUSDT,LONG,spot,2026-02-15 01:35:00+00:00,631.903,631.6281,1.4375,2026-02-15 01:55:00+00:00,632.82,2026-02-15 02:00:00+00:00,632.67,2026-02-15 02:05:00+00:00,632.9763,3.278461,2075.19,631.3406,631.3406,0,2026-02-15 02:10:00+00:00,629.9137,STOP_LOSS,1,-10.04,1.6602,1.6521,4.1353,-13.35,-2.49
576,SOLUSDT,LONG,spot,2026-02-18 06:15:00+00:00,85.0187,84.9567,0.1648,2026-02-18 06:20:00+00:00,85.16,2026-02-18 06:35:00+00:00,85.13,2026-02-18 06:40:00+00:00,85.1726,24.209304,2061.97,84.9238,84.9238,0,2026-02-18 06:55:00+00:00,84.7964,STOP_LOSS,3,-9.11,1.6496,1.6423,4.1103,-12.4,-2.058
577,SOLUSDT,LONG,spot,2026-02-20 15:15:00+00:00,83.3159,83.1093,0.6752,2026-02-20 15:20:00+00:00,83.79,2026-02-20 15:35:00+00:00,83.56,2026-02-20 15:40:00+00:00,83.6018,16.497535,1379.22,82.9743,83.9269,5,2026-02-20 16:30:00+00:00,83.801,TRAILING_STOP,10,3.29,1.1034,1.106,2.7634,1.08,0.104
578,SOLUSDT,LONG,spot,2026-02-26 09:35:00+00:00,87.8855,87.7835,0.3059,2026-02-26 09:40:00+00:00,88.3,2026-02-26 10:15:00+00:00,87.94,2026-02-26 10:20:00+00:00,87.984,23.308327,2050.76,87.7223,87.7223,0,2026-02-26 10:25:00+00:00,87.5907,STOP_LOSS,1,-9.17,1.6406,1.6333,4.0878,-12.44,-2.04
579,ETHUSDT,LONG,spot,2026-02-26 12:20:00+00:00,2063.5538,2062.621,3.9411,2026-02-26 12:30:00+00:00,2065.55,2026-02-26 12:35:00+00:00,2068.2,2026-02-26 12:40:00+00:00,2069.2241,0.985124,2038.44,2061.8328,2061.8328,0,2026-02-26 13:20:00+00:00,2058.74,STOP_LOSS,8,-10.33,1.6308,1.6225,4.0614,-13.58,-1.865
580,SOLUSDT,LONG,spot,2026-02-26 13:50:00+00:00,87.6528,87.5618,0.2454,2026-02-26 14:10:00+00:00,87.93,2026-02-26 14:20:00+00:00,87.87,2026-02-26 14:25:00+00:00,87.9139,23.033864,2025.0,87.5128,87.5128,0,2026-02-26 14:30:00+00:00,87.3815,STOP_LOSS,1,-12.26,1.62,1.6102,4.0316,-15.49,-1.677
581,ETHUSDT,LONG,spot,2026-02-27 02:45:00+00:00,2024.5495,2022.7819,5.5335,2026-02-27 02:50:00+00:00,2027.84,2026-02-27 03:00:00+00:00,2025.8,2026-02-27 03:05:00+00:00,2026.8129,0.991536,2009.66,2021.6752,2021.6752,0,2026-02-27 03:10:00+00:00,2018.6427,STOP_LOSS,1,-8.1,1.6077,1.6012,4.0072,-11.31,-2.22
582,ETHUSDT,LONG,spot,2026-02-27 08:05:00+00:00,2035.5968,2033.9733,4.6602,2026-02-27 08:10:00+00:00,2039.02,2026-02-27 08:20:00+00:00,2037.67,2026-02-27 08:25:00+00:00,2038.6888,0.980268,1998.46,2033.0413,2033.0413,0,2026-02-27 08:35:00+00:00,2029.9917,STOP_LOSS,2,-8.53,1.5988,1.5919,3.9841,-11.72,-2.116
583,SOLUSDT,LONG,spot,2026-03-01 14:10:00+00:00,85.5672,85.4078,0.4776,2026-03-01 14:15:00+00:00,86.32,2026-03-01 14:40:00+00:00,85.62,2026-03-01 14:45:00+00:00,85.6628,23.193986,1986.86,85.3122,86.057,9,2026-03-01 15:55:00+00:00,85.9279,TRAILING_STOP,14,6.15,1.5895,1.5944,3.9829,2.96,0.365
584,SOLUSDT,LONG,spot,2026-03-02 10:45:00+00:00,83.7004,83.5911,0.2884,2026-03-02 10:55:00+00:00,83.89,2026-03-02 11:00:00+00:00,83.81,2026-03-02 11:05:00+00:00,83.8619,23.727064,1989.8,83.5334,83.5334,0,2026-03-02 11:10:00+00:00,83.4081,STOP_LOSS,1,-10.77,1.5918,1.5832,3.9634,-13.94,-1.789
585,BNBUSDT,LONG,spot,2026-03-02 11:35:00+00:00,619.7986,619.3112,1.319,2026-03-02 11:40:00+00:00,621.68,2026-03-02 12:20:00+00:00,620.68,2026-03-02 12:25:00+00:00,621.0003,3.181951,1975.99,619.0474,620.889,2,2026-03-02 13:05:00+00:00,619.9577,TRAILING_STOP,8,-3.32,1.5808,1.5781,3.947,-6.48,-1.042
586,ETHUSDT,LONG,spot,2026-03-03 16:15:00+00:00,1967.0467,1961.9697,13.6097,2026-03-03 16:20:00+00:00,2008.0,2026-03-03 16:35:00+00:00,1970.69,2026-03-03 16:40:00+00:00,1971.6653,0.801073,1579.45,1959.2478,1964.8941,2,2026-03-03 17:10:00+00:00,1961.9468,TRAILING_STOP,6,-7.79,1.2636,1.2573,3.1472,-10.31,-1.036
587,BTCUSDT,LONG,spot,2026-03-04 06:00:00+00:00,68034.6599,67979.4682,190.5226,2026-03-04 06:05:00+00:00,68210.01,2026-03-04 06:20:00+00:00,68146.33,2026-03-04 06:25:00+00:00,68180.4032,0.028738,1959.38,67941.3637,68378.7495,8,2026-03-04 07:15:00+00:00,68276.1814,TRAILING_STOP,10,2.75,1.5675,1.5697,3.9229,-0.38,-0.056
588,BTCUSDT,LONG,spot,2026-03-05 04:50:00+00:00,72713.4046,72669.7565,173.949,2026-03-05 04:55:00+00:00,72815.7,2026-03-05 05:05:00+00:00,72818.24,2026-03-05 05:10:00+00:00,72855.1294,0.026889,1959.0,72634.9667,72634.9667,0,2026-03-05 05:20:00+00:00,72526.0142,STOP_LOSS,2,-8.85,1.5672,1.5601,3.9047,-11.98,-2.023
589,ETHUSDT,LONG,spot,2026-03-05 07:00:00+00:00,2126.0044,2123.7246,5.7449,2026-03-05 07:10:00+00:00,2129.34,2026-03-05 07:20:00+00:00,2129.99,2026-03-05 07:25:00+00:00,2131.065,0.913693,1947.14,2122.5756,2122.5756,0,2026-03-05 07:30:00+00:00,2119.3917,STOP_LOSS,1,-10.67,1.5577,1.5492,3.8783,-13.77,-1.776
590,ETHUSDT,LONG,spot,2026-03-05 09:35:00+00:00,2121.5274,2119.1135,7.8086,2026-03-05 09:40:00+00:00,2125.95,2026-03-05 10:00:00+00:00,2122.05,2026-03-05 10:05:00+00:00,2123.111,0.910694,1933.51,2117.5517,2147.6111,8,2026-03-05 11:05:00+00:00,2144.3897,TRAILING_STOP,12,19.38,1.5468,1.5623,3.8961,16.27,3.213
591,ETHUSDT,LONG,spot,2026-03-06 07:50:00+00:00,2077.5829,2075.6296,4.2376,2026-03-06 07:55:00+00:00,2082.83,2026-03-06 08:15:00+00:00,2081.73,2026-03-06 08:20:00+00:00,2082.7609,0.936071,1949.61,2074.782,2074.782,0,2026-03-06 08:30:00+00:00,2071.6699,STOP_LOSS,2,-10.38,1.5597,1.5514,3.8837,-13.49,-1.807
592,ETHUSDT,LONG,spot,2026-03-07 14:55:00+00:00,1982.7382,1982.2189,3.4603,2026-03-07 15:00:00+00:00,1985.15,2026-03-07 15:20:00+00:00,1985.54,2026-03-07 15:25:00+00:00,1986.5328,0.97469,1936.25,1981.5268,1981.5268,0,2026-03-07 15:30:00+00:00,1978.5546,STOP_LOSS,1,-7.78,1.549,1.5428,3.8608,-10.87,-2.227
593,BTCUSDT,LONG,spot,2026-03-08 20:40:00+00:00,67197.5114,67144.2529,156.3963,2026-03-08 20:45:00+00:00,67331.49,2026-03-08 20:50:00+00:00,67263.93,2026-03-08 20:55:00+00:00,67297.562,0.028612,1925.49,67112.9736,67112.9736,0,2026-03-08 21:05:00+00:00,67012.3042,STOP_LOSS,2,-8.16,1.5404,1.5339,3.8387,-11.24,-2.127
594,ETHUSDT,LONG,spot,2026-03-09 00:40:00+00:00,1946.1333,1945.5439,9.0802,2026-03-09 00:45:00+00:00,1953.03,2026-03-09 00:50:00+00:00,1948.45,2026-03-09 00:55:00+00:00,1949.4242,0.982018,1914.37,1943.7278,1943.7278,0,2026-03-09 01:05:00+00:00,1940.8122,STOP_LOSS,2,-8.46,1.5315,1.5247,3.8161,-11.51,-2.058
595,SOLUSDT,LONG,spot,2026-03-09 00:30:00+00:00,82.0357,81.9765,0.4189,2026-03-09 00:35:00+00:00,82.79,2026-03-09 01:00:00+00:00,82.09,2026-03-09 01:05:00+00:00,82.131,23.169951,1902.97,81.8927,82.2143,5,2026-03-09 01:55:00+00:00,82.091,TRAILING_STOP,10,-0.93,1.5224,1.5216,3.8046,-3.97,-0.719
596,ETHUSDT,LONG,spot,2026-03-09 01:10:00+00:00,1947.4036,1946.374,8.0288,2026-03-09 01:15:00+00:00,1951.84,2026-03-09 01:20:00+00:00,1953.86,2026-03-09 01:25:00+00:00,1954.8369,0.958486,1873.68,1944.7682,1944.7682,0,2026-03-09 02:00:00+00:00,1941.8511,STOP_LOSS,7,-12.45,1.4989,1.489,3.7287,-15.43,-1.599
597,ETHUSDT,LONG,spot,2026-03-10 01:25:00+00:00,2014.32,2011.9392,5.518,2026-03-10 01:50:00+00:00,2020.39,2026-03-10 02:05:00+00:00,2017.67,2026-03-10 02:10:00+00:00,2018.6788,0.933165,1883.76,2010.8356,2041.4946,11,2026-03-10 03:30:00+00:00,2038.4324,TRAILING_STOP,16,18.43,1.507,1.5218,3.7952,15.4,2.105
598,SOLUSDT,LONG,spot,2026-03-11 13:25:00+00:00,85.4369,85.2913,0.3083,2026-03-11 13:30:00+00:00,86.89,2026-03-11 13:55:00+00:00,85.98,2026-03-11 14:00:00+00:00,86.013,12.243455,1053.1,85.2296,86.2692,5,2026-03-11 15:00:00+00:00,86.1398,TRAILING_STOP,12,1.55,0.8425,0.8437,2.1085,-0.13,-0.014
599,SOLUSDT,LONG,spot,2026-03-12 15:45:00+00:00,86.459,86.3318,0.4629,2026-03-12 15:50:00+00:00,86.77,2026-03-12 15:55:00+00:00,86.58,2026-03-12 16:00:00+00:00,86.6133,21.923633,1898.88,86.2392,86.2392,0,2026-03-12 16:05:00+00:00,86.1099,STOP_LOSS,1,-11.04,1.5191,1.5103,3.7812,-14.07,-1.715
600,ETHUSDT,LONG,spot,2026-03-12 15:25:00+00:00,2058.7826,2056.0763,10.1182,2026-03-12 15:30:00+00:00,2069.01,2026-03-12 16:05:00+00:00,2059.23,2026-03-12 16:10:00+00:00,2060.2496,0.914914,1884.95,2054.0526,2064.886,9,2026-03-12 17:15:00+00:00,2061.7887,TRAILING_STOP,13,1.41,1.508,1.5091,3.772,-1.61,-0.284
601,BNBUSDT,LONG,spot,2026-03-12 16:25:00+00:00,650.7629,650.3438,1.9188,2026-03-12 16:35:00+00:00,651.9,2026-03-12 16:45:00+00:00,652.41,2026-03-12 16:50:00+00:00,652.7362,2.885483,1883.46,649.96,649.96,0,2026-03-12 17:20:00+00:00,648.9851,STOP_LOSS,6,-10.82,1.5068,1.4981,3.7507,-13.83,-1.726
602,SOLUSDT,LONG,spot,2026-03-12 17:30:00+00:00,86.5769,86.4618,0.3497,2026-03-12 17:35:00+00:00,86.82,2026-03-12 17:45:00+00:00,86.78,2026-03-12 17:50:00+00:00,86.8334,21.384287,1856.87,86.3918,86.3918,0,2026-03-12 18:05:00+00:00,86.2622,STOP_LOSS,3,-12.21,1.4855,1.4757,3.6954,-15.18,-1.607
603,SOLUSDT,LONG,spot,2026-03-13 08:40:00+00:00,88.8601,88.7329,0.2981,2026-03-13 08:45:00+00:00,89.24,2026-03-13 09:15:00+00:00,89.13,2026-03-13 09:20:00+00:00,89.1746,18.684337,1666.17,88.6732,90.225,20,2026-03-13 12:25:00+00:00,90.0897,TRAILING_STOP,37,17.1,1.3329,1.3466,3.358,14.42,1.539
604,SOLUSDT,LONG,spot,2026-03-15 18:00:00+00:00,88.0118,87.9522,0.2343,2026-03-15 18:05:00+00:00,88.56,2026-03-15 18:45:00+00:00,88.08,2026-03-15 18:50:00+00:00,88.114,21.210239,1868.92,87.9053,87.9053,0,2026-03-15 18:55:00+00:00,87.7735,STOP_LOSS,1,-7.22,1.4951,1.4894,3.727,-10.21,-2.306
605,BNBUSDT,LONG,spot,2026-03-16 11:40:00+00:00,677.6237,677.2948,1.0009,2026-03-16 12:00:00+00:00,678.38,2026-03-16 12:10:00+00:00,678.9,2026-03-16 12:15:00+00:00,679.2294,2.73665,1858.81,677.0946,680.1995,2,2026-03-16 13:40:00+00:00,679.1792,TRAILING_STOP,17,-0.14,1.4871,1.4869,3.7174,-3.11,-0.533
606,SOLUSDT,LONG,spot,2026-03-16 14:45:00+00:00,93.6694,93.4673,0.5255,2026-03-16 15:15:00+00:00,94.01,2026-03-16 15:35:00+00:00,93.8,2026-03-16 15:40:00+00:00,93.8469,19.337803,1814.79,93.3622,93.3622,0,2026-03-16 15:50:00+00:00,93.2222,STOP_LOSS,2,-12.08,1.4518,1.4422,3.6115,-14.97,-1.598
607,SOLUSDT,LONG,spot,2026-03-16 16:35:00+00:00,93.5688,93.4542,0.3147,2026-03-16 16:40:00+00:00,93.77,2026-03-16 16:45:00+00:00,93.58,2026-03-16 16:50:00+00:00,93.6268,19.662196,1840.91,93.3912,94.4038,13,2026-03-16 18:50:00+00:00,94.2622,TRAILING_STOP,24,12.49,1.4727,1.4827,3.7006,9.54,2.059
608,BNBUSDT,LONG,spot,2026-03-16 20:50:00+00:00,677.192,676.951,1.2704,2026-03-16 21:00:00+00:00,679.45,2026-03-16 21:05:00+00:00,678.66,2026-03-16 21:10:00+00:00,678.9993,2.725116,1850.35,676.6969,682.0093,11,2026-03-16 22:50:00+00:00,680.9863,TRAILING_STOP,20,5.41,1.4803,1.4846,3.7088,2.45,0.39
609,ETHUSDT,LONG,spot,2026-03-17 08:25:00+00:00,2327.2205,2324.299,6.1975,2026-03-17 08:40:00+00:00,2331.3,2026-03-17 08:50:00+00:00,2328.37,2026-03-17 08:55:00+00:00,2329.5242,0.795346,1852.78,2323.0595,2323.0595,0,2026-03-17 09:00:00+00:00,2317.189,STOP_LOSS,1,-9.81,1.4822,1.4744,3.6908,-12.77,-2.483
610,SOLUSDT,LONG,spot,2026-03-17 09:25:00+00:00,94.5187,94.4116,0.2773,2026-03-17 09:35:00+00:00,94.7,2026-03-17 09:40:00+00:00,94.66,2026-03-17 09:45:00+00:00,94.7173,19.427673,1840.14,94.3561,94.3561,0,2026-03-17 09:50:00+00:00,94.2146,STOP_LOSS,1,-9.77,1.4721,1.4643,3.6656,-12.7,-1.81
611,ETHUSDT,LONG,spot,2026-03-17 11:45:00+00:00,2323.2877,2321.35,4.4299,2026-03-17 11:50:00+00:00,2325.78,2026-03-17 12:15:00+00:00,2333.87,2026-03-17 12:20:00+00:00,2335.0369,0.633375,1478.95,2320.464,2320.464,0,2026-03-17 12:25:00+00:00,2316.9833,STOP_LOSS,1,-11.43,1.1832,1.174,2.9408,-13.79,-1.494
612,ETHUSDT,LONG,spot,2026-03-17 13:30:00+00:00,2323.1009,2322.0338,7.6751,2026-03-17 13:35:00+00:00,2343.33,2026-03-17 13:45:00+00:00,2330.93,2026-03-17 13:50:00+00:00,2332.1055,0.777798,1813.91,2320.4988,2320.4988,0,2026-03-17 14:00:00+00:00,2317.018,STOP_LOSS,2,-11.73,1.4511,1.4417,3.6102,-14.63,-1.62
613,ETHUSDT,LONG,spot,2026-03-17 14:00:00+00:00,2325.7905,2323.8413,9.7712,2026-03-17 14:05:00+00:00,2333.33,2026-03-17 14:15:00+00:00,2330.25,2026-03-17 14:20:00+00:00,2331.4051,0.77182,1799.43,2321.8871,2339.8456,7,2026-03-17 15:05:00+00:00,2336.3358,TRAILING_STOP,9,3.81,1.4395,1.4426,3.6046,0.92,0.126
614,ETHUSDT,LONG,spot,2026-03-17 14:30:00+00:00,2329.8392,2325.1332,9.8175,2026-03-17 14:35:00+00:00,2341.3,2026-03-17 15:15:00+00:00,2332.53,2026-03-17 15:20:00+00:00,2333.6963,0.771454,1800.34,2323.1697,2323.1697,0,2026-03-17 15:25:00+00:00,2319.685,STOP_LOSS,1,-10.81,1.4403,1.4316,3.5845,-13.68,-1.685
615,SOLUSDT,LONG,spot,2026-03-20 05:45:00+00:00,89.294,89.189,0.2194,2026-03-20 05:50:00+00:00,89.46,2026-03-20 05:55:00+00:00,89.36,2026-03-20 06:00:00+00:00,89.4047,19.985483,1786.8,89.1451,89.1451,0,2026-03-20 06:10:00+00:00,89.0114,STOP_LOSS,2,-7.86,1.4294,1.4231,3.5618,-10.71,-2.065
616,BTCUSDT,LONG,spot,2026-03-25 16:45:00+00:00,71260.9041,71196.0568,207.6562,2026-03-25 16:50:00+00:00,71392.41,2026-03-25 17:00:00+00:00,71305.92,2026-03-25 17:05:00+00:00,71341.573,0.024897,1776.19,71154.5256,71154.5256,0,2026-03-25 17:10:00+00:00,71047.7938,STOP_LOSS,1,-7.31,1.421,1.4151,3.5414,-10.15,-2.18
617,SOLUSDT,LONG,spot,2026-03-28 14:25:00+00:00,83.1248,83.0314,0.2255,2026-03-28 14:30:00+00:00,83.28,2026-03-28 14:35:00+00:00,83.28,2026-03-28 14:40:00+00:00,83.3316,21.194127,1766.14,82.9862,83.8132,7,2026-03-28 15:55:00+00:00,83.6543,TRAILING_STOP,15,6.84,1.4129,1.4184,3.5425,4.01,0.547
618,SOLUSDT,LONG,spot,2026-03-30 00:25:00+00:00,81.6856,81.5829,0.5085,2026-03-30 00:30:00+00:00,82.09,2026-03-30 00:35:00+00:00,81.76,2026-03-30 00:40:00+00:00,81.8109,21.636596,1770.11,81.4812,82.5685,18,2026-03-30 02:30:00+00:00,82.4446,TRAILING_STOP,22,13.71,1.4161,1.4271,3.5608,10.87,1.524
619,ETHUSDT,LONG,spot,2026-03-30 00:25:00+00:00,1993.6316,1991.3732,11.7274,2026-03-30 00:30:00+00:00,2005.24,2026-03-30 00:50:00+00:00,1994.06,2026-03-30 00:55:00+00:00,1995.057,0.886545,1768.71,1989.0277,2010.7667,18,2026-03-30 02:30:00+00:00,2007.7505,TRAILING_STOP,19,11.25,1.415,1.424,3.5543,8.41,1.574
620,BTCUSDT,LONG,spot,2026-04-01 14:40:00+00:00,68449.7002,68356.9011,220.331,2026-04-01 14:45:00+00:00,68564.74,2026-04-01 15:10:00+00:00,68489.19,2026-04-01 15:15:00+00:00,68523.4346,0.026111,1789.2,68312.8349,68671.1985,9,2026-04-01 16:10:00+00:00,68568.1917,TRAILING_STOP,11,1.17,1.4314,1.4323,3.5802,-1.7,-0.308
621,SOLUSDT,LONG,spot,2026-04-03 00:25:00+00:00,79.0321,78.9779,0.153,2026-04-03 00:30:00+00:00,79.2,2026-04-03 00:40:00+00:00,79.25,2026-04-03 00:45:00+00:00,79.2896,22.544207,1787.52,78.9473,79.4072,2,2026-04-03 01:35:00+00:00,79.2881,TRAILING_STOP,10,-0.04,1.43,1.43,3.575,-2.9,-0.375
622,SOLUSDT,LONG,spot,2026-04-03 02:55:00+00:00,79.1957,79.0916,0.2412,2026-04-03 03:20:00+00:00,79.36,2026-04-03 03:25:00+00:00,79.2,2026-04-03 03:30:00+00:00,79.2296,22.525111,1784.66,79.0433,79.0433,0,2026-04-03 03:40:00+00:00,78.9247,STOP_LOSS,2,-6.87,1.4277,1.4222,3.559,-9.72,-2.316
623,ETHUSDT,LONG,spot,2026-04-11 09:30:00+00:00,2237.5877,2236.4239,3.2593,2026-04-11 09:35:00+00:00,2244.2,2026-04-11 10:15:00+00:00,2240.37,2026-04-11 10:20:00+00:00,2241.4902,0.7919,1775.04,2235.7721,2235.7721,0,2026-04-11 13:10:00+00:00,2232.4184,STOP_LOSS,34,-7.18,1.42,1.4143,3.5393,-10.02,-2.212
624,BNBUSDT,LONG,spot,2026-04-13 13:45:00+00:00,597.7132,597.2482,1.3395,2026-04-13 13:50:00+00:00,598.68,2026-04-13 14:20:00+00:00,599.56,2026-04-13 14:25:00+00:00,599.8598,2.942551,1765.12,596.9803,602.3172,3,2026-04-13 15:15:00+00:00,601.4138,TRAILING_STOP,10,4.57,1.4121,1.4158,3.5371,1.74,0.206
625,ETHUSDT,LONG,spot,2026-04-15 14:15:00+00:00,2328.5282,2326.4496,7.1997,2026-04-15 14:20:00+00:00,2342.64,2026-04-15 14:35:00+00:00,2329.99,2026-04-15 14:40:00+00:00,2331.165,0.757924,1766.85,2325.0097,2334.5793,6,2026-04-15 15:30:00+00:00,2331.0774,TRAILING_STOP,10,-0.07,1.4135,1.4134,3.5336,-2.89,-0.62
626,SOLUSDT,LONG,spot,2026-04-17 07:20:00+00:00,88.0116,87.9467,0.1753,2026-04-17 07:25:00+00:00,88.16,2026-04-17 07:50:00+00:00,88.08,2026-04-17 07:55:00+00:00,88.114,20.019295,1763.98,87.9116,88.9678,14,2026-04-17 09:30:00+00:00,88.8344,TRAILING_STOP,19,14.42,1.4112,1.4227,3.5496,11.59,2.86
627,BNBUSDT,LONG,spot,2026-04-17 09:00:00+00:00,629.478,629.0282,1.0457,2026-04-17 09:05:00+00:00,631.06,2026-04-17 09:35:00+00:00,630.5,2026-04-17 09:40:00+00:00,630.8152,2.814536,1775.45,628.8191,631.199,5,2026-04-17 10:25:00+00:00,630.2522,TRAILING_STOP,9,-1.58,1.4204,1.4191,3.5485,-4.42,-0.787
628,ETHUSDT,LONG,spot,2026-04-20 17:15:00+00:00,2307.364,2304.77,6.8823,2026-04-20 17:20:00+00:00,2315.82,2026-04-20 17:30:00+00:00,2310.84,2026-04-20 17:35:00+00:00,2311.9854,0.76604,1771.07,2303.3936,2331.1819,16,2026-04-20 19:15:00+00:00,2327.6852,TRAILING_STOP,20,12.03,1.4169,1.4265,3.5602,9.18,1.395
629,SOLUSDT,LONG,spot,2026-04-21 15:35:00+00:00,85.9305,85.8062,0.3265,2026-04-21 16:05:00+00:00,86.13,2026-04-21 16:30:00+00:00,86.17,2026-04-21 16:35:00+00:00,86.2131,19.042435,1641.71,85.7409,85.7409,0,2026-04-21 16:55:00+00:00,85.6123,STOP_LOSS,4,-11.44,1.3134,1.3042,3.2663,-14.06,-1.564
630,ETHUSDT,LONG,spot,2026-04-21 20:15:00+00:00,2310.3883,2308.9028,9.676,2026-04-21 20:20:00+00:00,2318.13,2026-04-21 20:45:00+00:00,2317.28,2026-04-21 20:50:00+00:00,2318.4386,0.761826,1766.25,2306.9676,2306.9676,0,2026-04-21 22:20:00+00:00,2303.5071,STOP_LOSS,18,-11.38,1.413,1.4039,3.5154,-14.19,-1.624
631,ETHUSDT,LONG,spot,2026-04-22 17:55:00+00:00,2398.4799,2396.0645,5.412,2026-04-22 18:00:00+00:00,2401.93,2026-04-22 18:05:00+00:00,2399.79,2026-04-22 18:10:00+00:00,2400.9899,0.729781,1752.2,2394.9821,2394.9821,0,2026-04-22 19:00:00+00:00,2391.3896,STOP_LOSS,10,-7.01,1.4018,1.3962,3.4939,-9.8,-2.236
632,BTCUSDT,LONG,spot,2026-04-23 21:30:00+00:00,77870.9697,77859.2579,82.2798,2026-04-23 21:35:00+00:00,78006.01,2026-04-23 22:00:00+00:00,78013.01,2026-04-23 22:05:00+00:00,78052.0165,0.022325,1742.49,77842.8019,78172.057,10,2026-04-23 23:05:00+00:00,78054.7989,TRAILING_STOP,12,0.06,1.394,1.394,3.4851,-2.73,-0.584
633,ETHUSDT,LONG,spot,2026-04-30 14:55:00+00:00,2262.1947,2260.6674,6.3542,2026-04-30 15:05:00+00:00,2266.07,2026-04-30 15:10:00+00:00,2265.8,2026-04-30 15:15:00+00:00,2266.9429,0.767462,1739.79,2259.3965,2263.9798,1,2026-04-30 15:35:00+00:00,2260.5838,TRAILING_STOP,4,-4.88,1.3918,1.3879,3.4723,-7.66,-1.323
634,ETHUSDT,LONG,spot,2026-04-30 15:25:00+00:00,2263.6014,2261.1995,5.0667,2026-04-30 15:30:00+00:00,2266.42,2026-04-30 15:35:00+00:00,2266.0,2026-04-30 15:40:00+00:00,2267.143,0.764049,1732.21,2260.1862,2260.1862,0,2026-04-30 15:45:00+00:00,2256.7959,STOP_LOSS,1,-7.91,1.3858,1.3794,3.4526,-10.67,-2.008
635,SOLUSDT,LONG,spot,2026-04-30 14:55:00+00:00,83.1546,83.1319,0.2175,2026-04-30 15:05:00+00:00,83.28,2026-04-30 15:45:00+00:00,83.31,2026-04-30 15:50:00+00:00,83.3517,20.655191,1721.64,83.0884,83.0884,0,2026-04-30 16:55:00+00:00,82.9637,STOP_LOSS,13,-8.01,1.3773,1.3709,3.4313,-10.76,-1.979
636,ETHUSDT,LONG,spot,2026-05-04 16:25:00+00:00,2351.3689,2349.0344,9.9003,2026-05-04 16:30:00+00:00,2357.33,2026-05-04 16:55:00+00:00,2355.28,2026-05-04 17:00:00+00:00,2356.4476,0.726089,1710.99,2347.0544,2368.5129,9,2026-05-04 18:00:00+00:00,2364.9601,TRAILING_STOP,12,6.18,1.3688,1.3737,3.4313,3.44,0.504
637,ETHUSDT,LONG,spot,2026-05-06 07:15:00+00:00,2368.9358,2368.0723,2.8546,2026-05-06 07:20:00+00:00,2372.57,2026-05-06 08:00:00+00:00,2375.58,2026-05-06 08:05:00+00:00,2376.7678,0.721314,1714.4,2367.5014,2386.4651,4,2026-05-06 09:20:00+00:00,2382.8854,TRAILING_STOP,15,4.41,1.3715,1.375,3.4354,1.67,0.249
638,BNBUSDT,LONG,spot,2026-05-08 14:10:00+00:00,639.2534,638.9957,0.8306,2026-05-08 14:15:00+00:00,641.7,2026-05-08 14:30:00+00:00,640.56,2026-05-08 14:35:00+00:00,640.8803,2.677637,1716.04,638.8296,640.9092,2,2026-05-08 15:10:00+00:00,639.9478,TRAILING_STOP,7,-2.5,1.3728,1.3708,3.4283,-5.24,-0.954
639,SOLUSDT,LONG,spot,2026-05-11 13:20:00+00:00,95.2303,95.1356,0.2245,2026-05-11 13:40:00+00:00,95.36,2026-05-11 13:45:00+00:00,95.38,2026-05-11 13:50:00+00:00,95.4277,17.928301,1710.86,95.0907,95.0907,0,2026-05-11 13:55:00+00:00,94.8675,STOP_LOSS,1,-10.04,1.3687,1.3607,3.4066,-12.77,-2.114
640,ETHUSDT,LONG,spot,2026-05-20 14:20:00+00:00,2128.3161,2126.5861,7.1226,2026-05-20 14:30:00+00:00,2131.9,2026-05-20 14:35:00+00:00,2130.05,2026-05-20 14:40:00+00:00,2131.115,0.796865,1698.21,2125.1616,2137.4757,10,2026-05-20 15:35:00+00:00,2134.2695,TRAILING_STOP,11,2.51,1.3586,1.3606,3.4002,-0.21,-0.043
641,BTCUSDT,LONG,spot,2026-05-24 22:20:00+00:00,76671.921,76626.4425,190.4204,2026-05-24 22:25:00+00:00,76847.83,2026-05-24 22:40:00+00:00,76782.63,2026-05-24 22:45:00+00:00,76821.0213,0.022103,1698.01,76588.3584,77091.0373,16,2026-05-25 01:00:00+00:00,76975.4008,TRAILING_STOP,27,3.41,1.3584,1.3611,3.4011,0.69,0.135
642,SOLUSDT,LONG,spot,2026-05-27 12:25:00+00:00,84.0093,83.937,0.257,2026-05-27 12:35:00+00:00,84.4,2026-05-27 12:50:00+00:00,84.1,2026-05-27 12:55:00+00:00,84.132,20.190804,1698.69,83.8856,83.8856,0,2026-05-27 13:00:00+00:00,83.7598,STOP_LOSS,1,-7.52,1.359,1.3529,3.3861,-10.23,-2.056
643,ETHUSDT,LONG,spot,2026-06-04 19:25:00+00:00,1775.1012,1772.7194,5.8131,2026-06-04 19:30:00+00:00,1784.38,2026-06-04 19:50:00+00:00,1776.44,2026-06-04 19:55:00+00:00,1777.3182,0.950065,1688.57,1771.5568,1771.5568,0,2026-06-04 20:00:00+00:00,1768.8994,STOP_LOSS,1,-8.0,1.3509,1.3445,3.3651,-10.69,-1.954
644,ETHUSDT,LONG,spot,2026-06-08 07:20:00+00:00,1666.1033,1665.3167,4.9755,2026-06-08 07:25:00+00:00,1673.61,2026-06-08 08:00:00+00:00,1668.08,2026-06-08 08:05:00+00:00,1668.914,1.005433,1677.98,1664.3216,1664.3216,0,2026-06-08 08:20:00+00:00,1661.8252,STOP_LOSS,3,-7.13,1.3424,1.3367,3.3453,-9.81,-2.124
645,SOLUSDT,LONG,spot,2026-06-08 09:10:00+00:00,65.7735,65.7618,0.2195,2026-06-08 09:15:00+00:00,66.05,2026-06-08 09:35:00+00:00,66.09,2026-06-08 09:40:00+00:00,66.113,21.321633,1409.64,65.7179,66.6026,7,2026-06-08 11:45:00+00:00,66.5027,TRAILING_STOP,25,8.31,1.1277,1.1344,2.8317,6.05,0.718
646,ETHUSDT,LONG,spot,2026-06-08 19:10:00+00:00,1686.2038,1684.318,4.4182,2026-06-08 19:30:00+00:00,1689.66,2026-06-08 19:40:00+00:00,1689.2,2026-06-08 19:45:00+00:00,1690.0546,0.990653,1674.26,1683.4343,1683.4343,0,2026-06-08 19:55:00+00:00,1680.9092,STOP_LOSS,2,-9.06,1.3394,1.3322,3.3349,-11.73,-1.789
647,SOLUSDT,LONG,spot,2026-06-17 02:10:00+00:00,73.7368,73.6815,0.1798,2026-06-17 02:15:00+00:00,73.91,2026-06-17 02:40:00+00:00,73.88,2026-06-17 02:45:00+00:00,73.9169,22.493411,1662.64,73.6455,73.6455,0,2026-06-17 03:20:00+00:00,73.535,STOP_LOSS,7,-8.59,1.3301,1.3232,3.3124,-11.24,-1.842
648,BNBUSDT,LONG,spot,2026-06-17 04:50:00+00:00,606.4676,605.9845,0.9919,2026-06-17 04:55:00+00:00,607.59,2026-06-17 05:20:00+00:00,607.24,2026-06-17 05:25:00+00:00,607.5336,2.718389,1651.51,605.7862,607.9813,2,2026-06-17 05:50:00+00:00,607.0693,TRAILING_STOP,5,-1.26,1.3212,1.3202,3.3011,-3.9,-0.822
649,ETHUSDT,LONG,spot,2026-06-19 17:45:00+00:00,1701.6764,1699.8997,3.7253,2026-06-19 17:50:00+00:00,1704.58,2026-06-19 18:30:00+00:00,1703.59,2026-06-19 18:35:00+00:00,1704.4418,0.966679,1647.65,1699.1546,1699.1546,0,2026-06-19 18:40:00+00:00,1696.2718,STOP_LOSS,1,-7.9,1.3181,1.3118,3.2834,-10.53,-2.06
650,SOLUSDT,LONG,spot,2026-06-19 20:55:00+00:00,69.0209,68.9849,0.1507,2026-06-19 21:00:00+00:00,69.15,2026-06-19 21:25:00+00:00,69.14,2026-06-19 21:30:00+00:00,69.1746,23.66803,1637.23,68.9547,68.9547,0,2026-06-19 21:40:00+00:00,68.8513,STOP_LOSS,2,-7.65,1.3098,1.3037,3.263,-10.26,-1.973
651,SOLUSDT,LONG,spot,2026-06-20 17:45:00+00:00,71.563,71.4845,0.2034,2026-06-20 18:00:00+00:00,71.68,2026-06-20 18:05:00+00:00,71.7,2026-06-20 18:10:00+00:00,71.7258,22.684485,1627.06,71.4438,72.1534,7,2026-06-20 21:25:00+00:00,72.0452,TRAILING_STOP,39,7.24,1.3017,1.3074,3.265,4.63,0.724
652,SOLUSDT,LONG,spot,2026-06-21 13:05:00+00:00,73.4753,73.415,0.1816,2026-06-21 13:10:00+00:00,73.77,2026-06-21 13:35:00+00:00,73.49,2026-06-21 13:40:00+00:00,73.5167,22.194295,1631.65,73.3786,73.6645,5,2026-06-21 14:15:00+00:00,73.554,TRAILING_STOP,7,0.83,1.3053,1.306,3.2645,-1.79,-0.582
653,SOLUSDT,LONG,spot,2026-06-22 10:55:00+00:00,73.862,73.801,0.1322,2026-06-22 11:05:00+00:00,74.1,2026-06-22 11:15:00+00:00,73.89,2026-06-22 11:20:00+00:00,73.9169,22.050219,1629.88,73.7746,73.7746,0,2026-06-22 11:25:00+00:00,73.6639,STOP_LOSS,1,-5.58,1.3039,1.2994,3.2514,-8.18,-2.607
654,BTCUSDT,LONG,spot,2026-06-24 04:55:00+00:00,62716.6205,62694.5609,76.1003,2026-06-24 05:00:00+00:00,62767.99,2026-06-24 05:05:00+00:00,62822.34,2026-06-24 05:10:00+00:00,62853.7512,0.025803,1621.78,62679.3409,62900.1406,2,2026-06-24 05:45:00+00:00,62805.7904,TRAILING_STOP,7,-1.24,1.2974,1.2964,3.2417,-3.83,-0.851
655,BTCUSDT,LONG,spot,2026-06-26 14:15:00+00:00,59657.9614,59562.639,294.4687,2026-06-26 14:20:00+00:00,60050.0,2026-06-26 14:45:00+00:00,59809.46,2026-06-26 14:50:00+00:00,59839.3647,0.024348,1456.97,59503.7452,59503.7452,0,2026-06-26 14:55:00+00:00,59414.4896,STOP_LOSS,1,-10.34,1.1656,1.1573,2.8984,-12.67,-1.55
656,ETHUSDT,LONG,spot,2026-06-26 14:15:00+00:00,1552.8354,1549.7969,9.4463,2026-06-26 14:20:00+00:00,1567.98,2026-06-26 14:55:00+00:00,1559.98,2026-06-26 15:00:00+00:00,1560.76,0.630885,984.66,1547.9077,1579.2147,13,2026-06-26 16:15:00+00:00,1576.8459,TRAILING_STOP,15,10.15,0.7877,0.7958,1.9845,8.56,1.056
657,SOLUSDT,LONG,spot,2026-06-28 23:50:00+00:00,71.071,70.9497,0.3284,2026-06-28 23:55:00+00:00,71.38,2026-06-29 00:00:00+00:00,71.19,2026-06-29 00:05:00+00:00,71.2156,22.66258,1613.93,70.884,70.9368,1,2026-06-29 00:20:00+00:00,70.8304,TRAILING_STOP,3,-8.73,1.2911,1.2842,3.2148,-11.3,-1.504
658,ETHUSDT,LONG,spot,2026-06-29 13:00:00+00:00,1579.7367,1577.9405,6.003,2026-06-29 13:10:00+00:00,1585.17,2026-06-29 13:20:00+00:00,1580.09,2026-06-29 13:25:00+00:00,1580.88,1.013826,1602.74,1576.7399,1576.7399,0,2026-06-29 13:30:00+00:00,1572.8771,STOP_LOSS,1,-8.11,1.2822,1.2757,3.1933,-10.67,-2.542
659,ETHUSDT,LONG,spot,2026-06-29 15:45:00+00:00,1575.1977,1572.9941,6.2231,2026-06-29 15:50:00+00:00,1583.47,2026-06-29 16:30:00+00:00,1577.16,2026-06-29 16:35:00+00:00,1577.9486,1.009014,1592.17,1571.7495,1626.1683,17,2026-06-29 18:15:00+00:00,1623.7291,TRAILING_STOP,20,46.19,1.2737,1.3107,3.2536,43.61,6.972
660,SOLUSDT,LONG,spot,2026-06-30 17:05:00+00:00,73.3292,73.2199,0.3244,2026-06-30 17:15:00+00:00,73.54,2026-06-30 17:20:00+00:00,73.44,2026-06-30 17:25:00+00:00,73.4767,22.256649,1635.35,73.155,73.155,0,2026-06-30 18:00:00+00:00,73.0453,STOP_LOSS,7,-9.6,1.3083,1.3006,3.2563,-12.21,-1.705
661,SOLUSDT,LONG,spot,2026-06-30 19:00:00+00:00,73.4045,73.3263,0.259,2026-06-30 19:05:00+00:00,73.62,2026-06-30 19:25:00+00:00,73.57,2026-06-30 19:30:00+00:00,73.6068,22.053077,1623.26,73.2745,73.565,7,2026-06-30 20:30:00+00:00,73.4547,TRAILING_STOP,12,-3.35,1.2986,1.2959,3.2415,-5.95,-0.812
662,SOLUSDT,LONG,spot,2026-07-03 00:30:00+00:00,80.7149,80.6709,0.16,2026-07-03 00:40:00+00:00,80.83,2026-07-03 00:50:00+00:00,80.81,2026-07-03 00:55:00+00:00,80.8404,20.006908,1617.37,80.6389,81.3005,9,2026-07-03 02:10:00+00:00,81.1785,TRAILING_STOP,15,6.76,1.2939,1.2993,3.2449,4.17,1.035
663,SOLUSDT,LONG,spot,2026-07-09 13:10:00+00:00,77.8463,77.7822,0.221,2026-07-09 13:40:00+00:00,78.09,2026-07-09 13:45:00+00:00,77.97,2026-07-09 13:50:00+00:00,77.999,20.788687,1621.5,77.738,77.9543,3,2026-07-09 14:15:00+00:00,77.8374,TRAILING_STOP,5,-3.36,1.2972,1.2945,3.238,-5.95,-1.097
664,BTCUSDT,LONG,spot,2026-07-11 02:25:00+00:00,64078.8666,64061.7964,56.3325,2026-07-11 02:40:00+00:00,64145.57,2026-07-11 03:15:00+00:00,64184.29,2026-07-11 03:20:00+00:00,64216.3921,0.025159,1615.61,64050.5299,64050.5299,0,2026-07-11 11:20:00+00:00,64135.916,TIME_EXIT_8H,96,-2.02,1.2925,1.2909,1.6146,-4.61,-1.104
665,ETHUSDT,LONG,spot,2026-07-11 02:35:00+00:00,1792.9196,1792.1676,1.9755,2026-07-11 02:40:00+00:00,1794.67,2026-07-11 03:15:00+00:00,1796.83,2026-07-11 03:20:00+00:00,1797.7184,0.897986,1614.33,1791.7725,1791.7725,0,2026-07-11 11:20:00+00:00,1797.6008,TIME_EXIT_8H,96,-0.11,1.2915,1.2914,1.6143,-2.69,-0.504
666,ETHUSDT,LONG,spot,2026-07-13 00:50:00+00:00,1818.2333,1814.3996,7.9718,2026-07-13 00:55:00+00:00,1826.59,2026-07-13 01:10:00+00:00,1822.52,2026-07-13 01:15:00+00:00,1823.4213,0.765179,1395.24,1812.8053,1812.8053,0,2026-07-13 01:30:00+00:00,1810.086,STOP_LOSS,3,-10.2,1.1162,1.108,2.7752,-12.43,-1.53
667,ETHUSDT,LONG,spot,2026-07-15 04:10:00+00:00,1873.8149,1872.9686,2.9012,2026-07-15 04:15:00+00:00,1876.07,2026-07-15 04:30:00+00:00,1876.22,2026-07-15 04:35:00+00:00,1877.1581,0.850263,1596.08,1872.3884,1872.3884,0,2026-07-15 05:10:00+00:00,1869.5798,STOP_LOSS,7,-6.44,1.2769,1.2717,3.1825,-8.99,-2.217
668,BTCUSDT,LONG,spot,2026-07-15 12:05:00+00:00,64720.4937,64706.9399,51.0405,2026-07-15 12:30:00+00:00,64783.6,2026-07-15 12:35:00+00:00,64846.81,2026-07-15 12:40:00+00:00,64879.2234,0.024464,1587.18,64696.7317,65278.1818,7,2026-07-15 13:40:00+00:00,65180.2645,TRAILING_STOP,12,7.36,1.2697,1.2756,3.1854,4.82,1.079
669,ETHUSDT,LONG,spot,2026-07-16 02:00:00+00:00,1919.6101,1918.6262,3.6455,2026-07-16 02:15:00+00:00,1921.99,2026-07-16 02:20:00+00:00,1922.71,2026-07-16 02:25:00+00:00,1923.6613,0.827561,1591.95,1917.8971,1917.8971,0,2026-07-16 03:45:00+00:00,1915.0202,STOP_LOSS,16,-7.15,1.2736,1.2678,3.1732,-9.69,-2.032
670,BTCUSDT,LONG,spot,2026-07-22 15:55:00+00:00,65935.2268,65894.5114,94.9361,2026-07-22 16:00:00+00:00,66030.0,2026-07-22 16:25:00+00:00,66026.1,2026-07-22 16:30:00+00:00,66059.103,0.023954,1582.35,65875.5242,66176.9398,7,2026-07-22 17:10:00+00:00,66077.6744,TRAILING_STOP,8,0.44,1.2659,1.2662,3.1654,-2.09,-0.475
671,SOLUSDT,LONG,spot,2026-07-22 21:50:00+00:00,77.8815,77.8589,0.109,2026-07-22 21:55:00+00:00,78.02,2026-07-22 22:00:00+00:00,78.07,2026-07-22 22:05:00+00:00,78.109,20.231778,1580.28,77.8371,77.8371,0,2026-07-22 22:35:00+00:00,77.7203,STOP_LOSS,6,-7.86,1.2642,1.2579,3.1488,-10.39,-1.888
672,ETHUSDT,LONG,spot,2026-07-29 18:10:00+00:00,1905.5296,1902.0227,7.0939,2026-07-29 18:15:00+00:00,1910.3,2026-07-29 18:25:00+00:00,1908.03,2026-07-29 18:30:00+00:00,1908.994,0.822424,1570.0,1900.6039,1900.6039,0,2026-07-29 18:35:00+00:00,1897.753,STOP_LOSS,1,-9.24,1.256,1.2486,3.1261,-11.75,-1.703
673,BNBUSDT,LONG,spot,2026-07-29 18:10:00+00:00,569.5507,569.2175,0.9492,2026-07-29 18:15:00+00:00,570.78,2026-07-29 18:25:00+00:00,570.35,2026-07-29 18:30:00+00:00,570.6352,2.749145,1568.76,569.0276,571.192,5,2026-07-29 19:05:00+00:00,570.3352,TRAILING_STOP,7,-0.82,1.255,1.2543,3.1363,-3.33,-0.754
675,ETHUSDT,LONG,spot,2026-07-29 18:40:00+00:00,1908.218,1903.9564,9.5171,2026-07-29 18:45:00+00:00,1923.96,2026-07-29 19:10:00+00:00,1913.33,2026-07-29 19:15:00+00:00,1914.2867,0.64079,1226.66,1902.0529,1902.0529,0,2026-07-29 19:20:00+00:00,1899.1999,STOP_LOSS,1,-9.67,0.9813,0.9736,2.4388,-11.62,-1.483
674,SOLUSDT,LONG,spot,2026-07-29 18:10:00+00:00,73.5678,73.4611,0.237,2026-07-29 18:15:00+00:00,74.06,2026-07-29 18:35:00+00:00,74.03,2026-07-29 18:40:00+00:00,74.077,11.890117,880.78,73.4138,73.4138,0,2026-07-29 19:30:00+00:00,73.3036,STOP_LOSS,10,-9.2,0.7046,0.6973,1.7478,-10.6,-1.344
676,BNBUSDT,LONG,spot,2026-07-29 18:40:00+00:00,570.1192,569.5456,1.3036,2026-07-29 18:45:00+00:00,572.66,2026-07-29 19:25:00+00:00,570.53,2026-07-29 19:30:00+00:00,570.8253,2.685712,1533.07,569.2849,569.2849,0,2026-07-29 19:45:00+00:00,568.431,STOP_LOSS,3,-6.43,1.2265,1.2213,3.0565,-8.88,-2.146
677,SOLUSDT,LONG,spot,2026-08-02 16:45:00+00:00,73.1073,73.0946,0.0849,2026-08-02 16:50:00+00:00,73.19,2026-08-02 17:00:00+00:00,73.19,2026-08-02 17:05:00+00:00,73.2166,20.818815,1524.28,73.0777,73.2563,6,2026-08-02 18:05:00+00:00,73.1464,TRAILING_STOP,12,-1.46,1.2194,1.2183,3.0464,-3.9,-1.348
678,ETHUSDT,LONG,spot,2026-08-04 14:30:00+00:00,1867.7051,1866.0155,5.6357,2026-08-04 14:35:00+00:00,1871.28,2026-08-04 15:10:00+00:00,1870.11,2026-08-04 15:15:00+00:00,1871.0451,0.812607,1520.42,1864.8884,1864.8884,0,2026-08-04 15:30:00+00:00,1862.0911,STOP_LOSS,3,-7.28,1.2163,1.2105,3.0299,-9.7,-1.939
679,SOLUSDT,LONG,spot,2026-08-17 14:20:00+00:00,75.5792,75.5215,0.1213,2026-08-17 14:25:00+00:00,75.64,2026-08-17 14:30:00+00:00,75.73,2026-08-17 14:35:00+00:00,75.7679,19.940086,1510.82,75.4973,75.9922,6,2026-08-17 16:15:00+00:00,75.8782,TRAILING_STOP,20,2.2,1.2087,1.2104,3.0249,-0.22,-0.04
680,SOLUSDT,LONG,spot,2026-08-22 16:45:00+00:00,93.7558,93.6385,0.2954,2026-08-22 16:50:00+00:00,94.36,2026-08-22 17:25:00+00:00,93.83,2026-08-22 17:30:00+00:00,93.8769,16.091298,1510.6,93.5794,94.0893,6,2026-08-22 18:10:00+00:00,93.9481,TRAILING_STOP,8,1.15,1.2085,1.2094,3.0229,-1.27,-0.266
681,BTCUSDT,LONG,spot,2026-08-24 00:50:00+00:00,77538.6054,77468.2582,175.8325,2026-08-24 00:55:00+00:00,77679.5,2026-08-24 01:00:00+00:00,77644.01,2026-08-24 01:05:00+00:00,77682.832,0.01943,1509.34,77433.0917,77433.0917,0,2026-08-24 01:15:00+00:00,77316.9421,STOP_LOSS,2,-7.11,1.2075,1.2018,3.008,-9.52,-1.962
682,ETHUSDT,LONG,spot,2026-08-24 05:45:00+00:00,2445.5217,2444.1724,7.0806,2026-08-24 05:50:00+00:00,2449.28,2026-08-24 06:05:00+00:00,2450.22,2026-08-24 06:10:00+00:00,2451.4351,0.611853,1499.92,2442.7562,2460.837,6,2026-08-24 07:20:00+00:00,2457.1458,TRAILING_STOP,14,3.49,1.1999,1.2027,3.0051,1.09,0.206
683,SOLUSDT,LONG,spot,2026-08-24 18:00:00+00:00,95.9151,95.7027,0.4526,2026-08-24 18:15:00+00:00,96.26,2026-08-24 18:35:00+00:00,95.95,2026-08-24 18:40:00+00:00,95.998,15.635741,1501.0,95.6121,95.6121,0,2026-08-24 19:05:00+00:00,95.4687,STOP_LOSS,5,-8.28,1.2008,1.1942,2.9896,-10.67,-1.769
684,BTCUSDT,LONG,spot,2026-08-26 05:35:00+00:00,78961.9884,78913.3215,135.977,2026-08-26 05:40:00+00:00,79120.1,2026-08-26 05:55:00+00:00,79085.98,2026-08-26 06:00:00+00:00,79125.523,0.018836,1490.44,78886.126,78886.126,0,2026-08-26 06:15:00+00:00,78767.7969,STOP_LOSS,3,-6.74,1.1923,1.187,2.9708,-9.12,-2.022
685,ETHUSDT,LONG,spot,2026-08-28 00:20:00+00:00,2510.7976,2509.5997,3.0807,2026-08-28 00:25:00+00:00,2513.29,2026-08-28 00:30:00+00:00,2516.59,2026-08-28 00:35:00+00:00,2517.8383,0.588366,1481.41,2508.9835,2524.4244,4,2026-08-28 01:35:00+00:00,2520.6378,TRAILING_STOP,12,1.65,1.1851,1.1864,2.9653,-0.72,-0.139
686,SOLUSDT,LONG,spot,2026-09-01 03:10:00+00:00,103.3108,103.2589,0.1638,2026-09-01 03:15:00+00:00,103.57,2026-09-01 03:25:00+00:00,103.52,2026-09-01 03:30:00+00:00,103.5618,14.297676,1480.69,103.2261,103.7819,2,2026-09-01 03:45:00+00:00,103.6263,TRAILING_STOP,3,0.92,1.1846,1.1853,2.9628,-1.45,-0.302
687,SOLUSDT,LONG,spot,2026-09-04 10:25:00+00:00,103.9984,103.9283,0.2754,2026-09-04 10:55:00+00:00,104.14,2026-09-04 11:00:00+00:00,104.08,2026-09-04 11:05:00+00:00,104.122,14.206977,1479.26,103.8733,104.1641,4,2026-09-04 11:55:00+00:00,104.0078,TRAILING_STOP,10,-1.62,1.1834,1.1821,2.9561,-3.99,-1.128
688,BNBUSDT,LONG,spot,2026-09-16 16:25:00+00:00,711.8156,711.6168,1.1998,2026-09-16 16:30:00+00:00,712.8,2026-09-16 16:45:00+00:00,713.2,2026-09-16 16:50:00+00:00,713.5666,2.067517,1475.31,711.3768,711.3768,0,2026-09-16 17:35:00+00:00,710.3098,STOP_LOSS,9,-6.73,1.1802,1.1749,2.9405,-9.09,-2.007
689,ETHUSDT,LONG,spot,2026-09-16 18:15:00+00:00,2396.1364,2393.0131,14.5918,2026-09-16 18:20:00+00:00,2405.76,2026-09-16 18:25:00+00:00,2412.27,2026-09-16 18:30:00+00:00,2413.4761,0.316732,764.42,2390.0948,2390.0948,0,2026-09-16 18:35:00+00:00,2386.5096,STOP_LOSS,1,-8.54,0.6115,0.6047,1.516,-9.76,-1.318
690,ETHUSDT,LONG,spot,2026-09-16 18:40:00+00:00,2397.8921,2395.5791,18.3045,2026-09-16 19:00:00+00:00,2412.52,2026-09-16 19:10:00+00:00,2407.18,2026-09-16 19:15:00+00:00,2408.3836,0.446805,1076.08,2391.9182,2391.9182,0,2026-09-16 19:20:00+00:00,2388.3303,STOP_LOSS,1,-8.96,0.8609,0.8537,2.1387,-10.67,-1.451
691,SOLUSDT,LONG,spot,2026-09-16 18:50:00+00:00,97.6295,97.3147,0.7102,2026-09-16 19:00:00+00:00,98.57,2026-09-16 19:15:00+00:00,97.83,2026-09-16 19:20:00+00:00,97.8789,10.340539,1012.12,97.1726,97.1726,0,2026-09-16 19:25:00+00:00,97.0269,STOP_LOSS,1,-8.81,0.8097,0.8026,2.011,-10.42,-1.427
692,BNBUSDT,LONG,spot,2026-09-19 01:40:00+00:00,762.6059,761.9784,1.5088,2026-09-19 01:50:00+00:00,763.39,2026-09-19 02:05:00+00:00,763.82,2026-09-19 02:10:00+00:00,764.2019,1.878779,1435.77,761.6767,761.6767,0,2026-09-19 02:45:00+00:00,760.5341,STOP_LOSS,7,-6.89,1.1486,1.1431,2.8612,-9.18,-1.935
693,SOLUSDT,LONG,spot,2026-09-22 09:45:00+00:00,116.9881,116.8335,0.3279,2026-09-22 09:50:00+00:00,117.38,2026-09-22 10:10:00+00:00,117.05,2026-09-22 10:15:00+00:00,117.1185,12.18147,1426.68,116.7679,116.7679,0,2026-09-22 10:20:00+00:00,116.5927,STOP_LOSS,1,-6.4,1.1413,1.1362,2.8437,-8.68,-2.033
694,SOLUSDT,LONG,spot,2026-09-22 11:30:00+00:00,116.9656,116.8797,0.2993,2026-09-22 11:35:00+00:00,117.3,2026-09-22 12:15:00+00:00,117.14,2026-09-22 12:20:00+00:00,117.2086,12.098776,1418.08,116.8198,117.2158,1,2026-09-22 12:40:00+00:00,117.04,TRAILING_STOP,4,-2.04,1.1345,1.1328,2.8331,-4.31,-0.916
695,SOLUSDT,LONG,spot,2026-09-22 15:15:00+00:00,117.1222,117.0543,0.3768,2026-09-22 15:20:00+00:00,117.45,2026-09-22 15:35:00+00:00,117.31,2026-09-22 15:40:00+00:00,117.3787,12.044921,1413.82,116.979,117.2981,4,2026-09-22 16:05:00+00:00,117.1222,TRAILING_STOP,5,-3.09,1.1311,1.1286,2.823,-5.35,-1.111
696,ETHUSDT,LONG,spot,2026-09-22 16:55:00+00:00,2742.919,2741.3051,6.1542,2026-09-22 17:00:00+00:00,2747.49,2026-09-22 17:15:00+00:00,2749.6,2026-09-22 17:20:00+00:00,2750.9748,0.512008,1408.52,2740.0743,2754.8087,3,2026-09-22 19:35:00+00:00,2750.6765,TRAILING_STOP,27,-0.15,1.1268,1.1267,2.8168,-2.41,-0.431
