trade_id,symbol,direction,market_type,pullback_mode,formation_time,U,L,frozen_atr,breakout_time,breakout_price,confirm_time,confirm_price,low_distance_to_u,high_distance_to_l,entry_time,entry_price,units,nominal_size_usdt,initial_sl,final_sl,sl_updates,exit_time,exit_price,exit_reason,bars_held,gross_pnl_usdt,entry_fee_usdt,exit_fee_usdt,slippage_cost_usdt,net_pnl_usdt,net_r_multiple
1,BNBUSDT,SHORT,futures,STRICT_SUPPORT,2024-01-03 12:15:00+00:00,321.6715,318.5172,7.9586,2024-01-03 12:15:00+00:00,300.44,2024-01-03 12:55:00+00:00,316.14,0.0,0.517203,2024-01-03 13:00:00+00:00,316.0035,6.887391,2176.44,323.2632,309.9445,5,2024-01-03 14:40:00+00:00,310.3165,TRAILING_STOP,20,39.17,1.0882,1.0686,3.4353,37.01,0.74
2,SOLUSDT,SHORT,futures,STRICT_SUPPORT,2024-01-04 02:00:00+00:00,99.141,98.882,0.5887,2024-01-04 02:00:00+00:00,98.281,2024-01-04 02:05:00+00:00,98.776,0.0,0.034049,2024-01-04 02:10:00+00:00,98.7345,95.729801,9451.83,99.2587,99.2587,0,2024-01-04 02:15:00+00:00,99.4742,STOP_LOSS,1,-70.81,4.7259,4.7613,15.2079,-80.3,-1.6
3,BNBUSDT,SHORT,futures,STRICT_SUPPORT,2024-01-04 17:40:00+00:00,318.6655,318.4877,0.6738,2024-01-04 17:40:00+00:00,317.38,2024-01-04 17:50:00+00:00,318.0,0.0,0.047702,2024-01-04 17:55:00+00:00,317.8728,53.677903,17062.75,318.8002,318.8002,0,2024-01-04 18:25:00+00:00,319.1828,STOP_LOSS,6,-70.32,8.5314,8.5665,27.3848,-87.42,-1.756
4,SOLUSDT,SHORT,futures,STRICT_SUPPORT,2024-01-06 03:00:00+00:00,98.8174,98.6375,0.383,2024-01-06 03:00:00+00:00,98.437,2024-01-06 03:05:00+00:00,98.594,0.0,0.032493,2024-01-06 03:10:00+00:00,98.5546,145.391918,14329.04,98.894,98.894,0,2024-01-06 03:20:00+00:00,99.0126,STOP_LOSS,2,-66.6,7.1645,7.1978,23.0064,-80.96,-1.641
5,SOLUSDT,SHORT,futures,STRICT_SUPPORT,2024-01-07 15:55:00+00:00,95.0559,94.8539,0.5565,2024-01-07 15:55:00+00:00,93.901,2024-01-07 16:25:00+00:00,94.587,0.0,0.054851,2024-01-07 16:30:00+00:00,94.5512,79.444055,7511.53,95.1672,94.0042,5,2024-01-07 17:10:00+00:00,94.117,TRAILING_STOP,8,34.49,3.7558,3.7385,11.9771,27.0,0.552
6,SOLUSDT,SHORT,futures,STRICT_SUPPORT,2024-01-09 18:05:00+00:00,100.4658,100.1674,0.6871,2024-01-09 18:05:00+00:00,99.507,2024-01-09 18:10:00+00:00,100.019,0.0,0.002359,2024-01-09 18:15:00+00:00,99.979,78.622659,7860.61,100.6032,100.6032,0,2024-01-09 18:35:00+00:00,100.7239,STOP_LOSS,4,-58.57,3.9303,3.9596,12.6473,-66.46,-1.354
7,SOLUSDT,SHORT,futures,STRICT_SUPPORT,2024-01-10 02:40:00+00:00,99.0723,98.9151,0.5158,2024-01-10 02:40:00+00:00,98.6,2024-01-10 02:45:00+00:00,98.769,0.0,0.03505,2024-01-10 02:50:00+00:00,98.7295,109.291048,10790.25,99.1755,99.1755,0,2024-01-10 02:55:00+00:00,99.2945,STOP_LOSS,1,-61.75,5.3951,5.426,17.3385,-72.57,-1.489
8,SOLUSDT,SHORT,futures,STRICT_SUPPORT,2024-01-10 05:10:00+00:00,99.3399,99.2471,0.4755,2024-01-10 05:10:00+00:00,98.985,2024-01-10 05:20:00+00:00,99.069,0.0,0.036113,2024-01-10 05:25:00+00:00,99.0254,118.115862,11696.47,99.435,98.785,2,2024-01-10 06:40:00+00:00,98.9035,TRAILING_STOP,15,14.39,5.8482,5.841,18.6971,2.7,0.056
9,ETHUSDT,SHORT,futures,STRICT_SUPPORT,2024-01-10 12:55:00+00:00,2392.6208,2385.8033,17.459,2024-01-10 12:55:00+00:00,2360.51,2024-01-10 13:05:00+00:00,2377.24,0.0,1.503321,2024-01-10 13:10:00+00:00,2376.2791,2.440066,5798.28,2396.1126,2396.1126,0,2024-01-10 14:30:00+00:00,2398.9879,STOP_LOSS,16,-55.41,2.8991,2.9268,9.3437,-61.24,-1.265
10,SOLUSDT,SHORT,futures,STRICT_SUPPORT,2024-01-10 20:20:00+00:00,96.097,95.897,1.09,2024-01-10 20:20:00+00:00,94.53,2024-01-10 20:40:00+00:00,94.73,0.0,0.097039,2024-01-10 20:45:00+00:00,94.6911,29.612675,2804.06,96.315,96.315,0,2024-01-10 20:55:00+00:00,96.4306,STOP_LOSS,2,-51.51,1.402,1.4278,4.5483,-54.34,-1.13
11,BTCUSDT,SHORT,futures,STRICT_SUPPORT,2024-01-11 20:35:00+00:00,46686.3879,46624.9124,178.5327,2024-01-11 20:35:00+00:00,46351.3,2024-01-11 20:45:00+00:00,46498.7,0.0,16.012359,2024-01-11 20:50:00+00:00,46480.2005,0.197678,9188.12,46722.0944,46437.9872,6,2024-01-11 21:30:00+00:00,46493.7128,TRAILING_STOP,8,-2.67,4.5941,4.5954,14.7042,-11.86,-0.248
12,BNBUSDT,SHORT,futures,STRICT_SUPPORT,2024-01-12 01:10:00+00:00,308.6354,308.3961,0.9578,2024-01-12 01:10:00+00:00,307.93,2024-01-12 01:15:00+00:00,307.98,0.0,0.086121,2024-01-12 01:20:00+00:00,307.8368,48.234486,14848.35,308.8269,307.7568,1,2024-01-12 01:30:00+00:00,308.1261,TRAILING_STOP,2,-13.96,7.4242,7.4312,23.7741,-28.81,-0.603
13,SOLUSDT,SHORT,futures,STRICT_SUPPORT,2024-01-13 16:55:00+00:00,92.4644,92.3299,0.3768,2024-01-13 16:55:00+00:00,92.185,2024-01-13 17:00:00+00:00,91.741,0.0,0.03486,2024-01-13 17:05:00+00:00,91.6953,56.38483,5170.22,92.5397,92.5397,0,2024-01-13 17:25:00+00:00,92.6508,STOP_LOSS,4,-53.88,2.5851,2.612,8.337,-59.07,-1.241
14,BTCUSDT,SHORT,futures,STRICT_SUPPORT,2024-01-13 23:30:00+00:00,42916.6785,42902.3333,61.7931,2024-01-13 23:30:00+00:00,42806.3,2024-01-14 00:10:00+00:00,42830.1,0.0,5.433253,2024-01-14 00:15:00+00:00,42812.968,0.407674,17453.73,42929.0372,42790.2202,5,2024-01-14 01:10:00+00:00,42841.5684,TRAILING_STOP,11,-11.66,8.7269,8.7327,27.94,-29.12,-0.615
15,BTCUSDT,SHORT,futures,STRICT_SUPPORT,2024-01-15 11:15:00+00:00,42652.5685,42622.437,67.5043,2024-01-15 11:15:00+00:00,42609.9,2024-01-15 11:20:00+00:00,42577.3,0.0,3.037016,2024-01-15 11:25:00+00:00,42560.369,0.44335,18869.12,42666.0694,42666.0694,0,2024-01-15 11:45:00+00:00,42717.2687,STOP_LOSS,4,-69.56,9.4346,9.4693,30.2741,-88.47,-1.888
16,ETHUSDT,SHORT,futures,STRICT_SUPPORT,2024-01-17 15:30:00+00:00,2553.8514,2550.9808,10.076,2024-01-17 15:30:00+00:00,2550.57,2024-01-17 15:35:00+00:00,2549.34,0.0,0.400844,2024-01-17 15:40:00+00:00,2548.3403,6.208895,15822.38,2555.8666,2533.9927,14,2024-01-17 17:25:00+00:00,2537.0335,TRAILING_STOP,21,70.2,7.9112,7.8761,25.2316,54.42,1.164
17,SOLUSDT,SHORT,futures,STRICT_SUPPORT,2024-01-20 00:40:00+00:00,93.1201,93.007,0.4336,2024-01-20 00:40:00+00:00,92.443,2024-01-20 01:05:00+00:00,92.755,0.0,0.006969,2024-01-20 01:10:00+00:00,92.7169,95.954647,8896.62,93.2068,93.2068,0,2024-01-20 01:25:00+00:00,93.3187,STOP_LOSS,3,-57.74,4.4483,4.4772,14.3039,-66.67,-1.418
18,SOLUSDT,SHORT,futures,STRICT_SUPPORT,2024-01-21 00:50:00+00:00,92.599,92.4494,0.3327,2024-01-21 00:50:00+00:00,92.335,2024-01-21 01:05:00+00:00,92.17,0.0,0.031415,2024-01-21 01:10:00+00:00,92.1341,87.835496,8092.65,92.6655,92.6655,0,2024-01-21 02:25:00+00:00,92.7767,STOP_LOSS,15,-56.44,4.0463,4.0745,13.016,-64.57,-1.383
19,BTCUSDT,SHORT,futures,STRICT_SUPPORT,2024-01-23 06:55:00+00:00,40046.2822,40034.126,48.7697,2024-01-23 06:55:00+00:00,40019.5,2024-01-23 07:00:00+00:00,39991.6,0.0,2.926003,2024-01-23 07:05:00+00:00,39975.6034,0.463826,18541.71,40056.0361,39819.3139,7,2024-01-23 08:00:00+00:00,39867.097,TRAILING_STOP,11,50.33,9.2709,9.2457,29.6063,31.81,0.853
20,BNBUSDT,SHORT,futures,STRICT_SUPPORT,2024-01-24 13:25:00+00:00,295.0982,294.8873,0.7183,2024-01-24 13:25:00+00:00,294.56,2024-01-24 13:30:00+00:00,294.43,0.0,0.067273,2024-01-24 13:35:00+00:00,294.3122,50.043765,14728.49,295.2419,294.5141,4,2024-01-24 14:00:00+00:00,294.8675,TRAILING_STOP,5,-27.79,7.3642,7.3781,23.5989,-42.53,-0.914
21,ETHUSDT,SHORT,futures,STRICT_SUPPORT,2024-01-24 14:50:00+00:00,2234.2123,2230.3112,8.3402,2024-01-24 14:50:00+00:00,2224.86,2024-01-24 14:55:00+00:00,2229.52,0.0,0.131173,2024-01-24 15:00:00+00:00,2228.6282,6.385693,14231.33,2235.8803,2235.8803,0,2024-01-24 15:10:00+00:00,2238.5634,STOP_LOSS,2,-63.44,7.1157,7.1474,22.8463,-77.71,-1.678
22,ETHUSDT,SHORT,futures,STRICT_SUPPORT,2024-01-24 16:05:00+00:00,2233.6084,2231.7896,6.1064,2024-01-24 16:05:00+00:00,2229.15,2024-01-24 16:20:00+00:00,2230.84,0.0,0.349649,2024-01-24 16:25:00+00:00,2229.9477,8.237212,18368.55,2234.8297,2234.8297,0,2024-01-24 16:30:00+00:00,2237.5115,STOP_LOSS,1,-62.3,9.1843,9.2154,29.4644,-80.7,-2.007
23,SOLUSDT,SHORT,futures,STRICT_SUPPORT,2024-01-25 21:30:00+00:00,87.2252,87.1292,0.3745,2024-01-25 21:30:00+00:00,87.042,2024-01-25 21:35:00+00:00,86.954,0.0,0.018237,2024-01-25 21:40:00+00:00,86.9192,119.513223,10388.0,87.3001,87.3001,0,2024-01-25 21:45:00+00:00,87.4048,STOP_LOSS,1,-58.04,5.194,5.223,16.6904,-68.46,-1.504
24,SOLUSDT,SHORT,futures,STRICT_SUPPORT,2024-01-25 23:20:00+00:00,87.0758,87.0338,0.3435,2024-01-25 23:20:00+00:00,86.761,2024-01-25 23:45:00+00:00,86.933,0.0,0.004765,2024-01-25 23:50:00+00:00,86.9072,190.429222,16549.67,87.1445,86.8606,3,2024-01-26 00:20:00+00:00,86.9648,TRAILING_STOP,6,-10.97,8.2748,8.2803,26.4926,-27.53,-0.609
25,BNBUSDT,SHORT,futures,STRICT_SUPPORT,2024-01-26 00:00:00+00:00,291.9232,291.8312,0.4466,2024-01-26 00:00:00+00:00,291.66,2024-01-26 00:10:00+00:00,291.12,0.0,0.03124,2024-01-26 00:15:00+00:00,291.0036,45.208828,13155.93,292.0125,292.0125,0,2024-01-26 01:10:00+00:00,292.3629,STOP_LOSS,11,-61.45,6.578,6.6087,21.1232,-74.64,-1.636
26,SOLUSDT,SHORT,futures,STRICT_SUPPORT,2024-01-29 00:45:00+00:00,95.687,95.4817,0.4949,2024-01-29 00:45:00+00:00,95.252,2024-01-29 00:50:00+00:00,95.105,0.0,0.023729,2024-01-29 00:55:00+00:00,95.068,62.212855,5914.45,95.786,95.786,0,2024-01-29 01:05:00+00:00,95.901,STOP_LOSS,2,-51.82,2.9572,2.9831,9.5253,-57.76,-1.293
27,ETHUSDT,SHORT,futures,STRICT_SUPPORT,2024-01-30 12:50:00+00:00,2311.2014,2309.6827,7.7314,2024-01-30 12:50:00+00:00,2301.07,2024-01-30 13:00:00+00:00,2308.99,0.0,0.682688,2024-01-30 13:05:00+00:00,2308.0664,7.69201,17753.67,2312.7477,2306.0066,8,2024-01-30 13:55:00+00:00,2308.7738,TRAILING_STOP,10,-5.44,8.8768,8.8796,28.4124,-23.2,-0.644
28,SOLUSDT,SHORT,futures,STRICT_SUPPORT,2024-02-01 13:45:00+00:00,95.5068,95.471,0.359,2024-02-01 13:45:00+00:00,95.441,2024-02-01 13:50:00+00:00,95.407,0.0,0.001023,2024-02-01 13:55:00+00:00,95.3698,185.669542,17707.27,95.5786,95.5786,0,2024-02-01 14:00:00+00:00,95.6933,STOP_LOSS,1,-60.06,8.8536,8.8837,28.4037,-77.79,-2.007
29,SOLUSDT,SHORT,futures,STRICT_SUPPORT,2024-02-04 15:20:00+00:00,97.6603,97.5856,0.2275,2024-02-04 15:20:00+00:00,97.347,2024-02-04 15:35:00+00:00,97.523,0.0,0.015579,2024-02-04 15:40:00+00:00,97.482,180.05054,17551.69,97.7058,97.7058,0,2024-02-04 15:55:00+00:00,97.8231,STOP_LOSS,3,-61.41,8.7758,8.8065,28.1564,-78.99,-1.96
30,BTCUSDT,SHORT,futures,STRICT_SUPPORT,2024-02-06 11:10:00+00:00,42882.4188,42846.013,99.6324,2024-02-06 11:10:00+00:00,42741.7,2024-02-06 11:25:00+00:00,42789.4,0.0,2.412968,2024-02-06 11:30:00+00:00,42772.2842,0.334337,14300.37,42902.3453,42795.2149,1,2024-02-06 13:00:00+00:00,42846.5691,TRAILING_STOP,18,-24.84,7.1502,7.1626,22.9104,-39.15,-0.9
31,ETHUSDT,SHORT,futures,STRICT_SUPPORT,2024-02-07 15:10:00+00:00,2368.6728,2366.9924,6.2049,2024-02-07 15:10:00+00:00,2363.97,2024-02-07 15:15:00+00:00,2366.07,0.0,0.262366,2024-02-07 15:20:00+00:00,2365.1136,7.321173,17315.4,2369.9138,2369.9138,0,2024-02-07 15:25:00+00:00,2373.5048,STOP_LOSS,1,-61.43,8.6577,8.6884,27.7784,-78.78,-2.242
32,SOLUSDT,SHORT,futures,STRICT_SUPPORT,2024-02-09 15:00:00+00:00,105.3694,105.1944,0.5165,2024-02-09 15:00:00+00:00,104.21,2024-02-09 15:30:00+00:00,105.089,0.0,0.051397,2024-02-09 15:35:00+00:00,105.047,100.766588,10585.22,105.4726,105.4726,0,2024-02-09 15:50:00+00:00,105.5992,STOP_LOSS,3,-55.65,5.2926,5.3204,17.0031,-66.26,-1.545
33,SOLUSDT,SHORT,futures,STRICT_SUPPORT,2024-02-11 13:55:00+00:00,109.5687,109.4647,0.3099,2024-02-11 13:55:00+00:00,109.15,2024-02-11 14:30:00+00:00,109.283,0.0,0.014703,2024-02-11 14:35:00+00:00,109.2363,107.909175,11787.6,109.6307,108.6408,11,2024-02-11 16:25:00+00:00,108.7712,TRAILING_STOP,22,50.19,5.8938,5.8687,18.7999,38.43,0.903
34,SOLUSDT,SHORT,futures,STRICT_SUPPORT,2024-02-17 02:00:00+00:00,110.1543,110.0286,0.3064,2024-02-17 02:00:00+00:00,110.017,2024-02-17 02:05:00+00:00,109.71,0.0,0.008562,2024-02-17 02:10:00+00:00,109.6671,77.971688,8550.93,110.2155,109.2837,4,2024-02-17 05:30:00+00:00,109.4148,TRAILING_STOP,40,19.67,4.2755,4.2656,13.6579,11.13,0.26
35,ETHUSDT,SHORT,futures,STRICT_SUPPORT,2024-02-17 05:05:00+00:00,2792.7951,2792.4401,3.0182,2024-02-17 05:05:00+00:00,2792.27,2024-02-17 05:10:00+00:00,2788.3,0.0,0.170112,2024-02-17 05:15:00+00:00,2787.1947,6.177126,17216.85,2793.3988,2786.9626,5,2024-02-17 05:55:00+00:00,2790.3069,TRAILING_STOP,8,-19.22,8.6084,8.618,27.57,-36.45,-0.951
36,SOLUSDT,SHORT,futures,STRICT_SUPPORT,2024-02-17 12:00:00+00:00,109.5352,109.4016,0.2754,2024-02-17 12:00:00+00:00,109.181,2024-02-17 12:05:00+00:00,109.349,0.0,0.02364,2024-02-17 12:10:00+00:00,109.3063,150.092012,16406.0,109.5903,109.5903,0,2024-02-17 12:25:00+00:00,109.7218,STOP_LOSS,3,-62.37,8.203,8.2342,26.3244,-78.81,-1.848
37,BNBUSDT,SHORT,futures,STRICT_SUPPORT,2024-02-19 17:55:00+00:00,353.2818,353.125,0.7978,2024-02-19 17:55:00+00:00,352.76,2024-02-19 18:00:00+00:00,352.74,0.0,0.045031,2024-02-19 18:05:00+00:00,352.5989,47.919236,16896.27,353.4414,353.4414,0,2024-02-19 18:15:00+00:00,353.8655,STOP_LOSS,2,-60.69,8.4481,8.4785,27.1069,-77.62,-1.923
38,BTCUSDT,SHORT,futures,STRICT_SUPPORT,2024-02-20 09:15:00+00:00,51848.3411,51809.5053,84.5174,2024-02-20 09:15:00+00:00,51630.5,2024-02-20 09:50:00+00:00,51771.3,0.0,5.505321,2024-02-20 09:55:00+00:00,51750.4915,0.323495,16741.03,51865.2446,51865.2446,0,2024-02-20 10:00:00+00:00,51927.4829,STOP_LOSS,1,-57.26,8.3705,8.3991,26.8544,-74.03,-1.994
39,SOLUSDT,SHORT,futures,STRICT_SUPPORT,2024-02-20 12:30:00+00:00,110.0823,109.9268,0.4153,2024-02-20 12:30:00+00:00,109.897,2024-02-20 12:35:00+00:00,109.672,0.0,0.030842,2024-02-20 12:40:00+00:00,109.6281,77.212341,8464.64,110.1654,109.6651,1,2024-02-20 13:10:00+00:00,109.7967,TRAILING_STOP,6,-13.02,4.2323,4.2388,13.5591,-21.49,-0.518
40,ETHUSDT,SHORT,futures,STRICT_SUPPORT,2024-02-22 23:20:00+00:00,2986.9242,2983.9104,8.3311,2024-02-22 23:20:00+00:00,2976.93,2024-02-22 23:35:00+00:00,2977.5,0.0,0.330406,2024-02-22 23:40:00+00:00,2976.319,3.37167,10035.17,2988.5904,2988.5904,0,2024-02-23 00:30:00+00:00,2992.1767,STOP_LOSS,10,-53.47,5.0176,5.0443,16.1204,-63.53,-1.535
41,SOLUSDT,SHORT,futures,STRICT_SUPPORT,2024-02-23 08:20:00+00:00,102.5921,102.4859,0.3512,2024-02-23 08:20:00+00:00,102.47,2024-02-23 08:25:00+00:00,102.205,0.0,0.007942,2024-02-23 08:30:00+00:00,102.1631,82.254407,8403.37,102.6623,102.0237,4,2024-02-23 09:10:00+00:00,102.1462,TRAILING_STOP,8,1.39,4.2017,4.201,13.4437,-7.01,-0.171
42,SOLUSDT,SHORT,futures,STRICT_SUPPORT,2024-02-23 12:10:00+00:00,102.5927,102.4941,0.2658,2024-02-23 12:10:00+00:00,102.466,2024-02-23 12:15:00+00:00,102.408,0.0,0.02209,2024-02-23 12:20:00+00:00,102.367,147.136253,15061.9,102.6459,101.7917,7,2024-02-23 13:20:00+00:00,101.9138,TRAILING_STOP,12,66.69,7.531,7.4976,24.019,51.66,1.259
43,BTCUSDT,SHORT,futures,STRICT_SUPPORT,2024-02-23 15:05:00+00:00,51121.6742,51072.6021,160.995,2024-02-23 15:05:00+00:00,51022.2,2024-02-23 15:40:00+00:00,51006.1,0.0,12.602123,2024-02-23 15:45:00+00:00,50985.7975,0.245637,12524.0,51153.8732,50942.5156,4,2024-02-23 16:35:00+00:00,51003.6466,TRAILING_STOP,10,-4.38,6.262,6.2642,20.0437,-16.91,-0.41
44,SOLUSDT,SHORT,futures,STRICT_SUPPORT,2024-02-26 04:55:00+00:00,103.4067,103.3188,0.22,2024-02-26 04:55:00+00:00,103.269,2024-02-26 05:00:00+00:00,103.238,0.0,0.008801,2024-02-26 05:05:00+00:00,103.1977,159.729113,16483.68,103.4507,103.4507,0,2024-02-26 05:15:00+00:00,103.5749,STOP_LOSS,2,-60.24,8.2418,8.272,26.4462,-76.76,-1.899
45,BNBUSDT,SHORT,futures,STRICT_SUPPORT,2024-03-02 14:30:00+00:00,409.75,409.592,1.1841,2024-03-02 14:30:00+00:00,408.37,2024-03-02 14:45:00+00:00,409.4,0.0,0.031955,2024-03-02 14:50:00+00:00,409.2562,39.902058,16330.17,409.9868,409.9868,0,2024-03-02 14:55:00+00:00,410.7023,STOP_LOSS,1,-57.7,8.1651,8.1939,26.1975,-74.06,-2.541
46,SOLUSDT,SHORT,futures,STRICT_SUPPORT,2024-03-02 22:35:00+00:00,129.2167,129.1636,0.4975,2024-03-02 22:35:00+00:00,129.129,2024-03-02 22:40:00+00:00,128.695,0.0,0.034615,2024-03-02 22:45:00+00:00,128.6445,60.23442,7748.83,129.3161,129.3161,0,2024-03-02 23:05:00+00:00,129.4713,STOP_LOSS,4,-49.8,3.8744,3.8993,12.4579,-57.58,-1.423
47,SOLUSDT,SHORT,futures,STRICT_SUPPORT,2024-03-03 06:45:00+00:00,129.7885,129.6546,0.5788,2024-03-03 06:45:00+00:00,129.327,2024-03-03 07:00:00+00:00,129.351,0.0,0.054618,2024-03-03 07:05:00+00:00,129.2983,66.282437,8570.2,129.9043,125.6367,3,2024-03-03 07:30:00+00:00,126.6037,TRAILING_STOP,5,178.6,4.2851,4.1958,13.498,170.12,4.235
48,ETHUSDT,SHORT,futures,STRICT_SUPPORT,2024-03-07 11:20:00+00:00,3794.9062,3792.6506,11.7742,2024-03-07 11:20:00+00:00,3783.04,2024-03-07 11:25:00+00:00,3785.07,0.0,0.780609,2024-03-07 11:30:00+00:00,3783.566,2.995073,11332.06,3797.2611,3797.2611,0,2024-03-07 11:35:00+00:00,3801.8178,STOP_LOSS,1,-54.67,5.666,5.6934,18.1969,-66.02,-1.61
49,SOLUSDT,SHORT,futures,STRICT_SUPPORT,2024-03-09 03:55:00+00:00,146.0661,145.8927,0.4656,2024-03-09 03:55:00+00:00,145.861,2024-03-09 04:00:00+00:00,145.513,0.0,0.018673,2024-03-09 04:05:00+00:00,145.4638,58.503835,8510.19,146.1593,146.1593,0,2024-03-09 04:15:00+00:00,146.3347,STOP_LOSS,2,-50.95,4.2551,4.2806,13.6774,-59.48,-1.462
50,ETHUSDT,SHORT,futures,STRICT_SUPPORT,2024-03-12 14:45:00+00:00,4019.7609,4011.3503,17.4755,2024-03-12 14:45:00+00:00,3995.17,2024-03-12 15:10:00+00:00,4003.36,0.0,1.350341,2024-03-12 15:15:00+00:00,4001.8386,1.885862,7546.92,4023.256,3937.4663,5,2024-03-12 16:35:00+00:00,3942.1913,TRAILING_STOP,16,112.49,3.7735,3.7172,11.9401,105.0,2.6
51,ETHUSDT,SHORT,futures,STRICT_SUPPORT,2024-03-15 15:55:00+00:00,3706.1408,3700.4858,13.7816,2024-03-15 15:55:00+00:00,3691.94,2024-03-15 16:35:00+00:00,3697.79,0.0,0.945811,2024-03-15 16:40:00+00:00,3696.3109,3.252227,12021.24,3708.8972,3708.8972,0,2024-03-15 16:45:00+00:00,3720.4392,STOP_LOSS,1,-78.47,6.0106,6.0499,19.3282,-90.53,-2.212
52,BTCUSDT,SHORT,futures,STRICT_SUPPORT,2024-03-15 16:55:00+00:00,68125.8688,68088.0206,271.4704,2024-03-15 16:55:00+00:00,67954.3,2024-03-15 17:00:00+00:00,67739.3,0.0,22.020646,2024-03-15 17:05:00+00:00,67712.2043,0.086505,5857.45,68180.1629,68180.1629,0,2024-03-15 17:25:00+00:00,68261.9791,STOP_LOSS,4,-47.56,2.9287,2.9525,9.429,-53.44,-1.32
53,BNBUSDT,SHORT,futures,STRICT_SUPPORT,2024-03-18 09:15:00+00:00,572.9974,572.0369,3.166,2024-03-18 09:15:00+00:00,569.5,2024-03-18 09:20:00+00:00,571.4,0.0,0.196923,2024-03-18 09:25:00+00:00,571.2314,16.761266,9574.56,573.6306,567.2534,7,2024-03-18 10:15:00+00:00,567.9341,TRAILING_STOP,10,55.27,4.7873,4.7596,15.253,45.72,1.137
54,SOLUSDT,SHORT,futures,STRICT_SUPPORT,2024-03-19 19:00:00+00:00,182.0833,181.7865,1.1793,2024-03-19 19:00:00+00:00,180.341,2024-03-19 19:05:00+00:00,181.717,0.0,0.032537,2024-03-19 19:10:00+00:00,181.6433,59.843489,10870.17,182.3191,182.3191,0,2024-03-19 19:15:00+00:00,182.5379,STOP_LOSS,1,-53.53,5.4351,5.4619,17.4565,-64.43,-1.593
55,BTCUSDT,SHORT,futures,STRICT_SUPPORT,2024-03-20 16:40:00+00:00,63598.7134,63453.5268,425.9218,2024-03-20 16:40:00+00:00,63107.4,2024-03-20 16:45:00+00:00,63145.0,0.0,5.426807,2024-03-20 16:50:00+00:00,63121.7412,0.071368,4504.88,63683.8978,63683.8978,0,2024-03-20 17:10:00+00:00,63760.3185,STOP_LOSS,4,-45.57,2.2524,2.2752,7.2625,-50.1,-1.249
56,BTCUSDT,SHORT,futures,STRICT_SUPPORT,2024-03-23 03:35:00+00:00,63702.681,63676.4339,190.2372,2024-03-23 03:35:00+00:00,63230.9,2024-03-23 04:00:00+00:00,63635.1,0.0,3.03388,2024-03-23 04:05:00+00:00,63609.546,0.250714,15947.8,63740.7284,63740.7284,0,2024-03-23 04:10:00+00:00,64034.9498,STOP_LOSS,1,-106.65,7.9739,8.0272,25.6445,-122.66,-3.729
57,BNBUSDT,SHORT,futures,STRICT_SUPPORT,2024-03-23 05:10:00+00:00,551.9733,551.533,1.9103,2024-03-23 05:10:00+00:00,550.3,2024-03-23 05:15:00+00:00,551.04,0.0,0.052959,2024-03-23 05:20:00+00:00,550.8196,25.561742,14079.91,552.3553,552.3553,0,2024-03-23 05:25:00+00:00,553.0182,STOP_LOSS,1,-56.2,7.04,7.0681,22.5953,-70.31,-1.791
58,BNBUSDT,SHORT,futures,STRICT_SUPPORT,2024-03-23 05:30:00+00:00,551.8713,551.5142,1.8053,2024-03-23 05:30:00+00:00,550.51,2024-03-23 05:40:00+00:00,551.36,0.0,0.084225,2024-03-23 05:45:00+00:00,551.1495,28.235313,15561.88,552.2323,552.2323,0,2024-03-23 06:20:00+00:00,552.895,STOP_LOSS,7,-49.29,7.7809,7.8056,24.9581,-64.87,-2.122
59,BNBUSDT,SHORT,futures,STRICT_SUPPORT,2024-03-23 09:40:00+00:00,553.7939,553.1115,1.6397,2024-03-23 09:40:00+00:00,552.89,2024-03-23 09:45:00+00:00,551.14,0.0,0.111507,2024-03-23 09:50:00+00:00,550.9195,12.047872,6637.41,554.1218,554.1218,0,2024-03-23 09:55:00+00:00,554.7867,STOP_LOSS,1,-46.59,3.3187,3.342,10.6758,-53.25,-1.38
60,SOLUSDT,SHORT,futures,STRICT_SUPPORT,2024-03-23 17:20:00+00:00,175.7864,175.4659,0.6667,2024-03-23 17:20:00+00:00,174.739,2024-03-23 17:25:00+00:00,175.26,0.0,0.004858,2024-03-23 17:30:00+00:00,175.1909,52.569224,9209.65,175.9197,175.9197,0,2024-03-23 17:35:00+00:00,176.3073,STOP_LOSS,1,-58.69,4.6048,4.6342,14.8059,-67.93,-1.773
61,BTCUSDT,SHORT,futures,STRICT_SUPPORT,2024-03-27 14:10:00+00:00,70298.1166,70256.3122,565.4229,2024-03-27 14:10:00+00:00,69295.5,2024-03-27 14:20:00+00:00,69836.2,0.0,35.612203,2024-03-27 14:25:00+00:00,69808.1656,0.062972,4395.97,70411.2012,69124.419,13,2024-03-27 16:25:00+00:00,69207.3683,TRAILING_STOP,24,37.83,2.198,2.1791,6.9881,33.46,0.881
62,SOLUSDT,SHORT,futures,STRICT_SUPPORT,2024-03-28 01:45:00+00:00,185.485,185.2152,0.8278,2024-03-28 01:45:00+00:00,184.441,2024-03-28 02:00:00+00:00,185.025,0.0,0.009171,2024-03-28 02:05:00+00:00,184.943,53.920878,9972.29,185.6505,182.222,18,2024-03-28 03:50:00+00:00,182.4407,TRAILING_STOP,21,134.93,4.9861,4.9187,15.7937,125.02,3.277
63,BTCUSDT,SHORT,futures,STRICT_SUPPORT,2024-03-28 02:45:00+00:00,69437.7154,69404.7095,173.7657,2024-03-28 02:45:00+00:00,69151.7,2024-03-28 03:10:00+00:00,69347.9,0.0,5.809504,2024-03-28 03:15:00+00:00,69320.1608,0.22439,15554.74,69472.4685,69377.7147,2,2024-03-28 03:55:00+00:00,69460.9679,TRAILING_STOP,8,-31.6,7.7774,7.7932,24.9255,-47.17,-1.38
64,ETHUSDT,SHORT,futures,STRICT_SUPPORT,2024-03-29 03:20:00+00:00,3567.6282,3565.9311,6.7923,2024-03-29 03:20:00+00:00,3555.67,2024-03-29 03:45:00+00:00,3562.56,0.0,0.531089,2024-03-29 03:50:00+00:00,3561.145,4.329002,15416.21,3568.9866,3568.9866,0,2024-03-29 04:25:00+00:00,3573.2694,STOP_LOSS,7,-52.49,7.7081,7.7343,24.7289,-67.93,-2.001
65,ETHUSDT,SHORT,futures,STRICT_SUPPORT,2024-03-29 05:30:00+00:00,3569.1808,3567.9352,6.6889,2024-03-29 05:30:00+00:00,3562.61,2024-03-29 05:45:00+00:00,3560.85,0.0,0.495247,2024-03-29 05:50:00+00:00,3559.4257,3.443713,12257.64,3570.5186,3570.5186,0,2024-03-29 06:30:00+00:00,3574.8032,STOP_LOSS,8,-52.96,6.1288,6.1553,19.6758,-65.24,-1.708
66,ETHUSDT,SHORT,futures,STRICT_SUPPORT,2024-03-29 12:10:00+00:00,3552.5826,3549.6168,7.3337,2024-03-29 12:10:00+00:00,3545.78,2024-03-29 12:15:00+00:00,3546.63,0.0,0.586762,2024-03-29 12:20:00+00:00,3545.2113,4.273333,15149.87,3554.0493,3545.4799,4,2024-03-29 13:30:00+00:00,3549.7345,TRAILING_STOP,14,-19.33,7.5749,7.5846,24.263,-34.49,-0.913
67,SOLUSDT,SHORT,futures,STRICT_SUPPORT,2024-03-29 16:25:00+00:00,186.7387,186.6145,0.9176,2024-03-29 16:25:00+00:00,186.333,2024-03-29 16:30:00+00:00,185.79,0.0,0.005513,2024-03-29 16:35:00+00:00,185.7167,31.274026,5808.11,186.9222,186.9222,0,2024-03-29 19:45:00+00:00,187.1465,STOP_LOSS,38,-44.72,2.9041,2.9264,9.3466,-50.55,-1.341
68,BNBUSDT,SHORT,futures,STRICT_SUPPORT,2024-03-30 21:15:00+00:00,605.3666,604.87,1.1218,2024-03-30 21:15:00+00:00,603.52,2024-03-30 21:55:00+00:00,603.58,0.0,0.110006,2024-03-30 22:00:00+00:00,603.3286,16.552949,9986.87,605.591,605.591,0,2024-03-30 22:30:00+00:00,606.3177,STOP_LOSS,6,-49.48,4.9934,5.0182,16.0384,-59.49,-1.589
69,BNBUSDT,SHORT,futures,STRICT_SUPPORT,2024-03-31 06:45:00+00:00,605.1643,604.926,0.9322,2024-03-31 06:45:00+00:00,603.83,2024-03-31 06:55:00+00:00,603.82,0.0,0.005991,2024-03-31 07:00:00+00:00,603.5685,20.845892,12581.92,605.3507,605.3507,0,2024-03-31 07:15:00+00:00,606.0771,STOP_LOSS,3,-52.29,6.291,6.3171,20.1938,-64.9,-1.747
70,SOLUSDT,SHORT,futures,STRICT_SUPPORT,2024-03-31 06:55:00+00:00,195.8101,195.7083,0.5208,2024-03-31 06:55:00+00:00,195.236,2024-03-31 07:10:00+00:00,195.59,0.0,0.030252,2024-03-31 07:15:00+00:00,195.5168,75.343968,14731.01,195.9142,195.9142,0,2024-03-31 07:20:00+00:00,196.1493,STOP_LOSS,1,-47.66,7.3655,7.3893,23.6268,-62.42,-2.084
71,BNBUSDT,SHORT,futures,STRICT_SUPPORT,2024-04-03 15:25:00+00:00,559.0918,558.6717,2.0082,2024-04-03 15:25:00+00:00,556.76,2024-04-03 16:00:00+00:00,558.06,0.0,0.051655,2024-04-03 16:05:00+00:00,557.8468,22.175945,12370.78,559.4934,559.4934,0,2024-04-03 16:30:00+00:00,560.1648,STOP_LOSS,5,-51.4,6.1854,6.2111,19.8549,-63.8,-1.747
72,SOLUSDT,SHORT,futures,STRICT_SUPPORT,2024-04-04 19:00:00+00:00,187.5743,187.2208,0.8083,2024-04-04 19:00:00+00:00,186.553,2024-04-04 19:35:00+00:00,186.701,0.0,0.070753,2024-04-04 19:40:00+00:00,186.6263,32.620983,6087.93,187.7359,183.1241,9,2024-04-04 21:00:00+00:00,183.3438,TRAILING_STOP,16,107.08,3.044,2.9904,9.6122,101.04,2.792
73,SOLUSDT,SHORT,futures,STRICT_SUPPORT,2024-04-05 23:55:00+00:00,175.2167,175.0732,0.4443,2024-04-05 23:55:00+00:00,174.45,2024-04-06 00:15:00+00:00,174.965,0.0,0.011219,2024-04-06 00:20:00+00:00,174.891,83.941773,14680.66,175.3056,175.3056,0,2024-04-06 00:25:00+00:00,175.5159,STOP_LOSS,1,-52.46,7.3403,7.3666,23.552,-67.16,-1.93
74,SOLUSDT,SHORT,futures,STRICT_SUPPORT,2024-04-06 01:55:00+00:00,175.4068,175.2091,0.6212,2024-04-06 01:55:00+00:00,174.813,2024-04-06 02:00:00+00:00,174.629,0.0,0.009128,2024-04-06 02:05:00+00:00,174.5581,37.378266,6524.68,175.5311,175.5311,0,2024-04-06 03:20:00+00:00,175.7417,STOP_LOSS,15,-44.24,3.2623,3.2845,10.4926,-50.79,-1.397
75,BNBUSDT,SHORT,futures,STRICT_SUPPORT,2024-04-08 00:30:00+00:00,582.3591,581.9699,1.1467,2024-04-08 00:30:00+00:00,579.69,2024-04-08 01:10:00+00:00,581.34,0.0,0.02991,2024-04-08 01:15:00+00:00,581.1175,24.550091,14266.49,582.5884,582.5884,0,2024-04-08 01:35:00+00:00,583.2875,STOP_LOSS,4,-53.28,7.1332,7.1599,22.8903,-67.57,-1.871
76,BNBUSDT,SHORT,futures,STRICT_SUPPORT,2024-04-08 01:45:00+00:00,582.1397,581.7883,1.0552,2024-04-08 01:45:00+00:00,581.77,2024-04-08 01:50:00+00:00,580.73,0.0,0.028344,2024-04-08 01:55:00+00:00,580.4977,19.305545,11206.82,582.3508,579.4019,1,2024-04-08 02:55:00+00:00,580.0971,TRAILING_STOP,12,7.73,5.6034,5.5995,17.9216,-3.47,-0.097
77,SOLUSDT,SHORT,futures,STRICT_SUPPORT,2024-04-09 19:30:00+00:00,174.7462,174.598,0.5405,2024-04-09 19:30:00+00:00,174.56,2024-04-09 19:35:00+00:00,174.202,0.0,0.016013,2024-04-09 19:40:00+00:00,174.1313,49.457858,8612.16,174.8543,174.8543,0,2024-04-09 20:05:00+00:00,175.0641,STOP_LOSS,5,-46.13,4.3061,4.3291,13.8348,-54.77,-1.532
78,ETHUSDT,SHORT,futures,STRICT_SUPPORT,2024-04-10 08:35:00+00:00,3528.9028,3525.1105,10.125,2024-04-10 08:35:00+00:00,3515.28,2024-04-10 08:45:00+00:00,3523.82,0.0,0.270459,2024-04-10 08:50:00+00:00,3522.4205,4.029373,14193.15,3530.9279,3528.3114,2,2024-04-10 09:20:00+00:00,3532.5454,TRAILING_STOP,6,-40.8,7.0966,7.117,22.758,-55.01,-1.605
79,ETHUSDT,SHORT,futures,STRICT_SUPPORT,2024-04-10 19:05:00+00:00,3502.7345,3499.0228,10.2204,2024-04-10 19:05:00+00:00,3493.62,2024-04-10 19:10:00+00:00,3498.98,0.0,0.032765,2024-04-10 19:15:00+00:00,3497.5904,4.026522,14083.13,3504.7786,3504.7786,0,2024-04-10 19:20:00+00:00,3508.9843,STOP_LOSS,1,-45.88,7.0416,7.0645,22.5881,-59.98,-2.072
80,BTCUSDT,SHORT,futures,STRICT_SUPPORT,2024-04-11 13:40:00+00:00,70652.3963,70604.5561,315.1731,2024-04-11 13:40:00+00:00,69865.8,2024-04-11 13:55:00+00:00,70322.8,0.0,16.356052,2024-04-11 14:00:00+00:00,70294.5709,0.082944,5830.53,70715.4309,70003.4445,14,2024-04-11 15:40:00+00:00,70087.4487,TRAILING_STOP,20,17.18,2.9153,2.9067,9.3082,11.36,0.325
81,SOLUSDT,SHORT,futures,STRICT_SUPPORT,2024-04-14 02:15:00+00:00,138.1871,137.5643,1.3423,2024-04-14 02:15:00+00:00,137.065,2024-04-14 02:20:00+00:00,136.987,0.0,0.085275,2024-04-14 02:25:00+00:00,136.9272,22.877286,3132.52,138.4556,133.033,8,2024-04-14 03:15:00+00:00,133.1927,TRAILING_STOP,10,85.44,1.5663,1.5235,4.9095,82.35,2.355
82,BNBUSDT,SHORT,futures,STRICT_SUPPORT,2024-04-14 19:20:00+00:00,551.2456,550.277,2.2201,2024-04-14 19:20:00+00:00,550.05,2024-04-14 19:25:00+00:00,549.54,0.0,0.127042,2024-04-14 19:30:00+00:00,549.3202,14.93035,8201.54,551.6896,551.6896,0,2024-04-14 19:35:00+00:00,552.3516,STOP_LOSS,1,-45.26,4.1008,4.1234,13.1768,-53.48,-1.512
83,BTCUSDT,SHORT,futures,STRICT_SUPPORT,2024-04-14 20:15:00+00:00,64164.5378,64147.4672,192.9482,2024-04-14 20:15:00+00:00,64112.4,2024-04-14 20:20:00+00:00,64036.5,0.0,9.867204,2024-04-14 20:25:00+00:00,64010.7854,0.182534,11684.15,64203.1275,64203.1275,0,2024-04-14 20:30:00+00:00,64280.1712,STOP_LOSS,1,-49.17,5.8421,5.8667,18.7537,-60.88,-1.734
84,BNBUSDT,SHORT,futures,STRICT_SUPPORT,2024-04-14 20:15:00+00:00,551.2445,550.6225,1.9102,2024-04-14 20:15:00+00:00,550.07,2024-04-14 20:25:00+00:00,550.27,0.0,0.142506,2024-04-14 20:30:00+00:00,550.0599,22.216228,12220.26,551.6265,551.6265,0,2024-04-14 20:35:00+00:00,552.2885,STOP_LOSS,1,-49.51,6.1101,6.1349,19.6118,-61.76,-1.774
85,ETHUSDT,SHORT,futures,STRICT_SUPPORT,2024-04-16 14:25:00+00:00,3072.8934,3071.1914,18.3643,2024-04-16 14:25:00+00:00,3061.45,2024-04-16 14:45:00+00:00,3061.95,0.0,1.621414,2024-04-16 14:50:00+00:00,3060.7252,2.177624,6665.11,3076.5663,3023.9552,19,2024-04-16 16:40:00+00:00,3027.5839,TRAILING_STOP,22,72.17,3.3326,3.2965,10.5776,65.54,1.9
86,SOLUSDT,SHORT,futures,STRICT_SUPPORT,2024-04-16 20:05:00+00:00,132.5897,132.3907,0.9095,2024-04-16 20:05:00+00:00,131.866,2024-04-16 20:10:00+00:00,132.304,0.0,0.025734,2024-04-16 20:15:00+00:00,132.2501,66.77948,8831.59,132.7716,132.7716,0,2024-04-16 20:20:00+00:00,133.3749,STOP_LOSS,1,-75.11,4.4158,4.4534,14.2207,-83.98,-2.411
87,BNBUSDT,SHORT,futures,STRICT_SUPPORT,2024-04-18 10:20:00+00:00,544.4014,543.4831,2.0345,2024-04-18 10:20:00+00:00,540.97,2024-04-18 10:35:00+00:00,543.24,0.0,0.123099,2024-04-18 10:40:00+00:00,543.0127,19.161478,10404.93,544.8083,543.1143,2,2024-04-18 11:00:00+00:00,543.766,TRAILING_STOP,4,-14.43,5.2025,5.2097,16.6652,-24.85,-0.722
88,BTCUSDT,SHORT,futures,STRICT_SUPPORT,2024-04-21 13:50:00+00:00,65043.0607,65020.8658,131.8439,2024-04-21 13:50:00+00:00,64792.5,2024-04-21 14:05:00+00:00,64928.1,0.0,9.865836,2024-04-21 14:10:00+00:00,64902.0288,0.204786,13291.01,65069.4294,65069.4294,0,2024-04-21 15:15:00+00:00,65147.5127,STOP_LOSS,13,-50.27,6.6455,6.6706,21.3259,-63.59,-1.855
89,BTCUSDT,SHORT,futures,STRICT_SUPPORT,2024-04-22 02:00:00+00:00,64873.7973,64854.851,230.5271,2024-04-22 02:00:00+00:00,64810.8,2024-04-22 02:05:00+00:00,64638.9,0.0,19.95096,2024-04-22 02:10:00+00:00,64613.0444,0.110681,7151.43,64919.9027,64919.9027,0,2024-04-22 03:05:00+00:00,64997.8066,STOP_LOSS,11,-42.59,3.5757,3.597,11.4934,-49.76,-1.465
90,ETHUSDT,SHORT,futures,STRICT_SUPPORT,2024-04-22 20:50:00+00:00,3191.4642,3189.4873,5.5994,2024-04-22 20:50:00+00:00,3187.1,2024-04-22 21:00:00+00:00,3185.52,0.0,0.487267,2024-04-22 21:05:00+00:00,3184.2458,4.043315,12874.91,3192.5841,3192.5841,0,2024-04-22 21:30:00+00:00,3196.4152,STOP_LOSS,5,-49.2,6.4375,6.4621,20.6589,-62.1,-1.842
91,BNBUSDT,SHORT,futures,STRICT_SUPPORT,2024-04-24 05:20:00+00:00,605.2634,604.8407,1.3757,2024-04-24 05:20:00+00:00,604.02,2024-04-24 05:25:00+00:00,604.4,0.0,0.050674,2024-04-24 05:30:00+00:00,604.1482,22.116438,13361.61,605.5385,605.5385,0,2024-04-24 05:35:00+00:00,606.2651,STOP_LOSS,1,-46.82,6.6808,6.7042,21.4348,-60.2,-1.958
92,ETHUSDT,SHORT,futures,STRICT_SUPPORT,2024-04-25 14:45:00+00:00,3122.8766,3117.8719,12.2819,2024-04-25 14:45:00+00:00,3111.27,2024-04-25 14:55:00+00:00,3116.5,0.0,1.161873,2024-04-25 15:00:00+00:00,3115.2534,3.284151,10230.96,3125.333,3125.333,0,2024-04-25 15:10:00+00:00,3129.0834,STOP_LOSS,2,-45.42,5.1155,5.1382,16.424,-55.67,-1.682
93,ETHUSDT,SHORT,futures,STRICT_SUPPORT,2024-04-26 03:25:00+00:00,3151.5052,3148.6919,6.3849,2024-04-26 03:25:00+00:00,3143.0,2024-04-26 03:30:00+00:00,3143.53,0.0,0.121949,2024-04-26 03:35:00+00:00,3142.2726,3.123314,9814.3,3152.7821,3139.6097,4,2024-04-26 04:25:00+00:00,3143.3772,TRAILING_STOP,10,-3.45,4.9072,4.9089,15.707,-13.27,-0.404
94,SOLUSDT,SHORT,futures,STRICT_SUPPORT,2024-04-26 10:10:00+00:00,144.0508,143.9378,0.3948,2024-04-26 10:10:00+00:00,143.832,2024-04-26 10:15:00+00:00,143.888,0.0,0.020759,2024-04-26 10:20:00+00:00,143.8284,91.103824,13103.32,144.1298,142.9981,7,2024-04-26 11:10:00+00:00,143.1697,TRAILING_STOP,10,60.01,6.5517,6.5217,20.8933,46.94,1.71
95,ETHUSDT,SHORT,futures,STRICT_SUPPORT,2024-04-26 10:25:00+00:00,3145.2121,3143.4094,5.6622,2024-04-26 10:25:00+00:00,3137.25,2024-04-26 10:45:00+00:00,3125.26,0.0,0.45939,2024-04-26 10:50:00+00:00,3124.0099,1.490638,4656.77,3146.3445,3146.3445,0,2024-04-26 12:30:00+00:00,3150.1202,STOP_LOSS,20,-38.92,2.3284,2.3478,7.4975,-43.6,-1.31
97,SOLUSDT,SHORT,futures,STRICT_SUPPORT,2024-04-26 12:50:00+00:00,143.632,143.3332,0.6564,2024-04-26 12:50:00+00:00,142.295,2024-04-26 13:00:00+00:00,142.79,0.0,0.043171,2024-04-26 13:05:00+00:00,142.7519,32.407081,4626.17,143.7632,142.5008,3,2024-04-26 13:30:00+00:00,142.6719,TRAILING_STOP,5,2.59,2.3131,2.3118,7.3988,-2.03,-0.062
96,ETHUSDT,SHORT,futures,STRICT_SUPPORT,2024-04-26 12:50:00+00:00,3138.6166,3134.1594,9.2326,2024-04-26 12:50:00+00:00,3118.54,2024-04-26 13:00:00+00:00,3130.12,0.0,0.829377,2024-04-26 13:05:00+00:00,3128.8779,2.829052,8851.76,3140.4631,3126.2323,4,2024-04-26 13:45:00+00:00,3130.4921,TRAILING_STOP,8,-4.57,4.4259,4.4282,14.1683,-13.42,-0.409
98,ETHUSDT,SHORT,futures,STRICT_SUPPORT,2024-04-26 14:45:00+00:00,3139.5069,3136.8632,13.1323,2024-04-26 14:45:00+00:00,3136.82,2024-04-26 14:50:00+00:00,3128.14,0.0,0.033191,2024-04-26 14:55:00+00:00,3126.8887,2.144866,6706.76,3142.1334,3119.4693,10,2024-04-26 16:00:00+00:00,3123.2127,TRAILING_STOP,13,7.88,3.3534,3.3494,10.7213,1.18,0.036
99,ETHUSDT,SHORT,futures,STRICT_SUPPORT,2024-04-27 05:45:00+00:00,3121.1184,3118.856,5.2806,2024-04-27 05:45:00+00:00,3117.51,2024-04-27 05:50:00+00:00,3115.61,0.0,0.525965,2024-04-27 05:55:00+00:00,3114.3738,4.192573,13057.24,3122.1745,3122.1745,0,2024-04-27 06:10:00+00:00,3125.9211,STOP_LOSS,3,-48.41,6.5286,6.5528,20.9497,-61.49,-1.88
100,SOLUSDT,SHORT,futures,STRICT_SUPPORT,2024-04-28 15:25:00+00:00,142.2472,142.1213,0.3894,2024-04-28 15:25:00+00:00,141.999,2024-04-28 15:35:00+00:00,142.047,0.0,0.025267,2024-04-28 15:40:00+00:00,141.9902,91.267484,12959.09,142.3251,142.3251,0,2024-04-28 16:00:00+00:00,142.4959,STOP_LOSS,4,-46.15,6.4795,6.5026,20.7899,-59.13,-1.935
101,BNBUSDT,SHORT,futures,STRICT_SUPPORT,2024-05-01 04:20:00+00:00,573.1142,572.9627,1.1704,2024-05-01 04:20:00+00:00,572.88,2024-05-01 04:25:00+00:00,572.39,0.0,0.082747,2024-05-01 04:30:00+00:00,572.161,22.447199,12843.41,573.3482,570.3146,9,2024-05-01 05:35:00+00:00,570.999,TRAILING_STOP,13,26.08,6.4217,6.4087,20.5182,13.25,0.497
102,SOLUSDT,SHORT,futures,STRICT_SUPPORT,2024-05-01 15:05:00+00:00,123.0842,122.9202,0.7262,2024-05-01 15:05:00+00:00,122.308,2024-05-01 15:25:00+00:00,122.275,0.0,0.014178,2024-05-01 15:30:00+00:00,122.2251,32.036997,3915.72,123.2294,123.2294,0,2024-05-01 15:45:00+00:00,123.3773,STOP_LOSS,3,-36.91,1.9579,1.9763,6.3095,-40.85,-1.27
103,SOLUSDT,SHORT,futures,STRICT_SUPPORT,2024-05-05 18:45:00+00:00,146.6389,146.4546,0.3784,2024-05-05 18:45:00+00:00,145.977,2024-05-05 19:05:00+00:00,146.357,0.0,0.019583,2024-05-05 19:10:00+00:00,146.2995,77.01022,11266.55,146.7146,145.2244,17,2024-05-05 21:25:00+00:00,145.3987,TRAILING_STOP,27,69.37,5.6333,5.5986,17.9432,58.14,1.819
104,BNBUSDT,SHORT,futures,STRICT_SUPPORT,2024-05-08 16:35:00+00:00,583.0532,582.5001,1.2895,2024-05-08 16:35:00+00:00,581.93,2024-05-08 16:40:00+00:00,581.54,0.0,0.100083,2024-05-08 16:45:00+00:00,581.3174,16.181617,9406.66,583.3111,583.3111,0,2024-05-08 16:50:00+00:00,584.0111,STOP_LOSS,1,-43.59,4.7033,4.7251,15.103,-53.02,-1.643
105,ETHUSDT,SHORT,futures,STRICT_SUPPORT,2024-05-09 14:15:00+00:00,2980.7391,2977.2716,9.3002,2024-05-09 14:15:00+00:00,2974.34,2024-05-09 14:20:00+00:00,2974.37,0.0,0.921619,2024-05-09 14:25:00+00:00,2973.1803,3.397012,10099.93,2982.5992,2982.5992,0,2024-05-09 14:30:00+00:00,2986.1783,STOP_LOSS,1,-44.15,5.05,5.072,16.2129,-54.28,-1.696
106,BNBUSDT,SHORT,futures,STRICT_SUPPORT,2024-05-10 00:20:00+00:00,595.7378,595.516,1.0781,2024-05-10 00:20:00+00:00,594.28,2024-05-10 00:45:00+00:00,594.81,0.0,0.006031,2024-05-10 00:50:00+00:00,594.5621,21.343305,12689.92,595.9535,595.0553,2,2024-05-10 01:20:00+00:00,595.7694,TRAILING_STOP,6,-25.77,6.345,6.3578,20.3348,-38.47,-1.295
107,SOLUSDT,SHORT,futures,STRICT_SUPPORT,2024-05-12 19:15:00+00:00,145.159,145.1305,0.304,2024-05-12 19:15:00+00:00,144.703,2024-05-12 19:25:00+00:00,144.925,0.0,0.022545,2024-05-12 19:30:00+00:00,144.857,86.91043,12589.59,145.2198,145.2198,0,2024-05-12 19:35:00+00:00,145.4063,STOP_LOSS,1,-47.74,6.2948,6.3187,20.2006,-60.35,-1.914
108,ETHUSDT,SHORT,futures,STRICT_SUPPORT,2024-05-14 01:55:00+00:00,2949.8066,2949.2798,7.6019,2024-05-14 01:55:00+00:00,2944.61,2024-05-14 02:00:00+00:00,2945.63,0.0,0.069782,2024-05-14 02:05:00+00:00,2944.4418,4.242666,12492.28,2951.327,2951.327,0,2024-05-14 02:30:00+00:00,2954.8686,STOP_LOSS,5,-44.24,6.2461,6.2683,20.0407,-56.75,-1.943
109,SOLUSDT,SHORT,futures,STRICT_SUPPORT,2024-05-14 13:30:00+00:00,146.629,146.5597,0.6844,2024-05-14 13:30:00+00:00,146.502,2024-05-14 13:35:00+00:00,146.118,0.0,0.065668,2024-05-14 13:40:00+00:00,146.0606,43.877216,6408.73,146.7659,143.9747,6,2024-05-14 14:20:00+00:00,144.1474,TRAILING_STOP,8,83.94,3.2044,3.1624,10.1532,77.58,2.507
110,BTCUSDT,SHORT,futures,STRICT_SUPPORT,2024-05-14 14:40:00+00:00,61881.7298,61741.381,296.3959,2024-05-14 14:40:00+00:00,61720.4,2024-05-14 14:45:00+00:00,61600.6,0.0,20.981016,2024-05-14 14:50:00+00:00,61575.9598,0.085837,5285.51,61941.009,61941.009,0,2024-05-14 15:20:00+00:00,62015.3382,STOP_LOSS,6,-37.72,2.6428,2.6616,8.5021,-43.02,-1.373
111,ETHUSDT,SHORT,futures,STRICT_SUPPORT,2024-05-17 05:15:00+00:00,2947.9324,2946.8051,2.9056,2024-05-17 05:15:00+00:00,2946.05,2024-05-17 05:20:00+00:00,2943.6,0.0,0.085101,2024-05-17 05:25:00+00:00,2942.4126,4.230505,12447.89,2948.5135,2948.5135,0,2024-05-17 06:35:00+00:00,2952.0517,STOP_LOSS,14,-40.78,6.2239,6.2443,19.9656,-53.25,-2.063
112,ETHUSDT,SHORT,futures,STRICT_SUPPORT,2024-05-28 13:55:00+00:00,3891.8542,3886.4838,14.9347,2024-05-28 13:55:00+00:00,3864.06,2024-05-28 14:15:00+00:00,3885.0,0.0,1.483788,2024-05-28 14:20:00+00:00,3883.446,2.707592,10514.79,3894.8412,3858.06,13,2024-05-28 15:45:00+00:00,3862.6897,TRAILING_STOP,17,56.2,5.2574,5.2293,16.7562,45.71,1.482
113,SOLUSDT,SHORT,futures,STRICT_SUPPORT,2024-05-29 00:50:00+00:00,169.0331,168.8861,0.3971,2024-05-29 00:50:00+00:00,168.635,2024-05-29 01:00:00+00:00,168.783,0.0,0.033104,2024-05-29 01:05:00+00:00,168.7155,73.691063,12432.82,169.1125,168.4079,4,2024-05-29 01:30:00+00:00,168.6099,TRAILING_STOP,5,7.78,6.2164,6.2125,19.8832,-4.65,-0.159
114,ETHUSDT,SHORT,futures,STRICT_SUPPORT,2024-06-02 23:55:00+00:00,3787.0874,3786.3439,4.9103,2024-06-02 23:55:00+00:00,3783.98,2024-06-03 00:15:00+00:00,3777.6,0.0,0.453916,2024-06-03 00:20:00+00:00,3776.089,2.592437,9789.27,3788.0695,3774.2004,2,2024-06-03 00:45:00+00:00,3778.7295,TRAILING_STOP,5,-6.85,4.8946,4.8981,15.671,-16.64,-0.536
115,SOLUSDT,SHORT,futures,STRICT_SUPPORT,2024-06-03 04:00:00+00:00,163.7573,163.698,0.3667,2024-06-03 04:00:00+00:00,163.521,2024-06-03 04:05:00+00:00,163.4,0.0,0.025984,2024-06-03 04:10:00+00:00,163.3346,62.450943,10200.4,163.8306,163.5611,1,2024-06-03 04:30:00+00:00,163.7574,TRAILING_STOP,4,-26.4,5.1002,5.1134,16.3523,-36.62,-1.182
116,SOLUSDT,SHORT,futures,STRICT_SUPPORT,2024-06-06 12:45:00+00:00,173.123,172.9983,0.3365,2024-06-06 12:45:00+00:00,172.961,2024-06-06 12:50:00+00:00,172.92,0.0,0.002293,2024-06-06 12:55:00+00:00,172.8558,71.255984,12317.01,173.1903,173.1903,0,2024-06-06 13:00:00+00:00,173.3981,STOP_LOSS,1,-38.64,6.1585,6.1778,19.7536,-50.98,-2.139
117,ETHUSDT,SHORT,futures,STRICT_SUPPORT,2024-06-07 13:10:00+00:00,3815.3698,3811.3581,14.0342,2024-06-07 13:10:00+00:00,3801.32,2024-06-07 13:15:00+00:00,3810.01,0.0,0.678125,2024-06-07 13:20:00+00:00,3808.486,3.151239,12001.45,3818.1767,3818.1767,0,2024-06-07 13:45:00+00:00,3822.7585,STOP_LOSS,5,-44.98,6.0007,6.0232,19.2563,-57.0,-1.867
118,SOLUSDT,SHORT,futures,STRICT_SUPPORT,2024-06-07 14:25:00+00:00,171.5763,171.4419,0.3331,2024-06-07 14:25:00+00:00,171.325,2024-06-07 14:30:00+00:00,171.116,0.0,0.003913,2024-06-07 14:35:00+00:00,171.0396,50.141575,8576.19,171.6429,171.6429,0,2024-06-07 14:45:00+00:00,171.8489,STOP_LOSS,2,-40.58,4.2881,4.3084,13.7706,-49.18,-1.626
119,BNBUSDT,SHORT,futures,STRICT_SUPPORT,2024-06-08 16:50:00+00:00,685.8666,685.1215,1.5991,2024-06-08 16:50:00+00:00,683.24,2024-06-08 17:10:00+00:00,684.28,0.0,0.121525,2024-06-08 17:15:00+00:00,683.9963,13.701118,9371.51,686.1864,683.7933,3,2024-06-08 17:40:00+00:00,684.6139,TRAILING_STOP,5,-8.46,4.6858,4.69,15.0046,-17.84,-0.594
120,BNBUSDT,SHORT,futures,STRICT_SUPPORT,2024-06-13 13:55:00+00:00,607.1248,606.4392,1.7191,2024-06-13 13:55:00+00:00,606.37,2024-06-13 14:00:00+00:00,604.79,0.0,0.049171,2024-06-13 14:05:00+00:00,604.6181,10.495264,6345.63,607.4686,607.4686,0,2024-06-13 14:30:00+00:00,608.1976,STOP_LOSS,5,-37.57,3.1728,3.1916,10.1981,-43.93,-1.468
121,BNBUSDT,SHORT,futures,STRICT_SUPPORT,2024-06-13 14:55:00+00:00,606.9781,606.4555,1.8888,2024-06-13 14:55:00+00:00,606.09,2024-06-13 15:00:00+00:00,605.49,0.0,0.175511,2024-06-13 15:05:00+00:00,605.2578,14.15523,8567.56,607.3558,599.9573,8,2024-06-13 16:10:00+00:00,600.6773,TRAILING_STOP,13,64.84,4.2838,4.2514,13.6303,56.3,1.896
122,ETHUSDT,SHORT,futures,STRICT_SUPPORT,2024-06-13 23:00:00+00:00,3478.888,3477.1754,5.0231,2024-06-13 23:00:00+00:00,3472.45,2024-06-13 23:35:00+00:00,3470.16,0.0,0.225449,2024-06-13 23:40:00+00:00,3468.7619,2.693414,9342.81,3479.8926,3473.9881,1,2024-06-14 01:10:00+00:00,3478.1569,TRAILING_STOP,18,-25.3,4.6714,4.6841,14.9789,-34.66,-1.156
123,SOLUSDT,SHORT,futures,STRICT_SUPPORT,2024-06-15 08:20:00+00:00,144.309,144.1492,0.3834,2024-06-15 08:20:00+00:00,144.112,2024-06-15 08:25:00+00:00,143.888,0.0,0.007203,2024-06-15 08:30:00+00:00,143.8304,53.695635,7723.07,144.3856,143.7155,2,2024-06-15 09:50:00+00:00,143.8879,TRAILING_STOP,16,-3.09,3.8615,3.8631,12.3606,-10.81,-0.363
124,BNBUSDT,SHORT,futures,STRICT_SUPPORT,2024-06-15 20:15:00+00:00,606.8121,606.4244,0.8687,2024-06-15 20:15:00+00:00,604.53,2024-06-15 20:40:00+00:00,605.68,0.0,0.054438,2024-06-15 20:45:00+00:00,605.4277,19.097802,11562.34,606.9859,606.9859,0,2024-06-15 22:50:00+00:00,607.7142,STOP_LOSS,25,-43.67,5.7812,5.803,18.5521,-55.25,-1.857
125,ETHUSDT,SHORT,futures,STRICT_SUPPORT,2024-06-18 18:25:00+00:00,3416.7075,3413.6981,9.6497,2024-06-18 18:25:00+00:00,3413.01,2024-06-18 18:30:00+00:00,3408.35,0.0,0.628145,2024-06-18 18:35:00+00:00,3406.9867,2.530345,8620.85,3418.6374,3404.4484,4,2024-06-18 19:20:00+00:00,3408.5338,TRAILING_STOP,9,-3.91,4.3104,4.3124,13.7981,-12.54,-0.425
126,BTCUSDT,SHORT,futures,STRICT_SUPPORT,2024-06-19 12:20:00+00:00,65241.03,65187.9273,115.6451,2024-06-19 12:20:00+00:00,65078.4,2024-06-19 12:55:00+00:00,65156.6,0.0,0.727273,2024-06-19 13:00:00+00:00,65130.6373,0.18067,11767.13,65264.159,65095.9311,1,2024-06-19 14:05:00+00:00,65174.0462,TRAILING_STOP,13,-7.84,5.8836,5.8875,18.8368,-19.61,-0.813
127,ETHUSDT,SHORT,futures,STRICT_SUPPORT,2024-06-20 02:10:00+00:00,3558.3759,3556.056,12.0427,2024-06-20 02:10:00+00:00,3540.0,2024-06-20 02:20:00+00:00,3549.83,0.0,1.186029,2024-06-20 02:25:00+00:00,3548.4201,2.371301,8414.37,3560.7845,3560.7845,0,2024-06-20 04:30:00+00:00,3565.0574,STOP_LOSS,25,-39.45,4.2072,4.2269,13.5103,-47.89,-1.633
128,ETHUSDT,SHORT,futures,STRICT_SUPPORT,2024-06-21 10:30:00+00:00,3501.7866,3497.5938,11.0449,2024-06-21 10:30:00+00:00,3495.89,2024-06-21 10:35:00+00:00,3492.13,0.0,0.063834,2024-06-21 10:40:00+00:00,3490.7232,2.191039,7648.31,3503.9955,3503.9955,0,2024-06-21 10:45:00+00:00,3508.2003,STOP_LOSS,1,-38.29,3.8242,3.8433,12.2832,-45.96,-1.58
129,ETHUSDT,SHORT,futures,STRICT_SUPPORT,2024-06-21 15:35:00+00:00,3498.2246,3495.5231,11.6048,2024-06-21 15:35:00+00:00,3476.74,2024-06-21 16:10:00+00:00,3481.96,0.0,0.713149,2024-06-21 16:15:00+00:00,3480.5672,1.444089,5026.25,3500.5456,3500.5456,0,2024-06-21 17:05:00+00:00,3504.7462,STOP_LOSS,10,-34.92,2.5131,2.5306,8.0839,-39.96,-1.385
130,BNBUSDT,SHORT,futures,STRICT_SUPPORT,2024-06-21 16:50:00+00:00,583.8815,583.3004,1.1789,2024-06-21 16:50:00+00:00,583.28,2024-06-21 16:55:00+00:00,583.02,0.0,0.060396,2024-06-21 17:00:00+00:00,582.7868,19.756698,11513.94,584.1173,584.1173,0,2024-06-21 17:05:00+00:00,584.8182,STOP_LOSS,1,-40.13,5.757,5.777,18.4705,-51.67,-1.966
131,SOLUSDT,SHORT,futures,STRICT_SUPPORT,2024-06-26 13:05:00+00:00,137.0166,136.8728,0.418,2024-06-26 13:05:00+00:00,136.793,2024-06-26 13:10:00+00:00,136.614,0.0,0.033814,2024-06-26 13:15:00+00:00,136.5604,52.588312,7181.48,137.1003,137.1003,0,2024-06-26 13:25:00+00:00,137.2648,STOP_LOSS,2,-37.04,3.5907,3.6093,11.5348,-44.24,-1.558
132,BTCUSDT,SHORT,futures,STRICT_SUPPORT,2024-06-28 14:00:00+00:00,61534.1401,61493.1493,177.2987,2024-06-28 14:00:00+00:00,61340.9,2024-06-28 14:05:00+00:00,61453.9,0.0,17.449291,2024-06-28 14:10:00+00:00,61429.2185,0.183438,11268.46,61569.5998,60993.3716,13,2024-06-28 15:25:00+00:00,61066.5637,TRAILING_STOP,15,66.52,5.6342,5.601,17.9497,55.29,2.147
133,SOLUSDT,SHORT,futures,STRICT_SUPPORT,2024-07-01 19:35:00+00:00,147.6264,147.5093,0.382,2024-07-01 19:35:00+00:00,146.779,2024-07-01 19:55:00+00:00,147.273,0.0,0.012335,2024-07-01 20:00:00+00:00,147.2221,59.184626,8713.28,147.7027,147.7027,0,2024-07-01 20:15:00+00:00,147.88,STOP_LOSS,3,-38.94,4.3566,4.3761,13.988,-47.67,-1.676
134,ETHUSDT,SHORT,futures,STRICT_SUPPORT,2024-07-02 13:45:00+00:00,3451.3788,3449.719,7.1614,2024-07-02 13:45:00+00:00,3449.67,2024-07-02 13:50:00+00:00,3443.57,0.0,0.048975,2024-07-02 13:55:00+00:00,3442.1926,2.656608,9144.55,3452.8111,3414.6364,12,2024-07-02 15:20:00+00:00,3418.7339,TRAILING_STOP,17,62.32,4.5723,4.5411,14.5565,53.21,1.886
135,SOLUSDT,SHORT,futures,STRICT_SUPPORT,2024-07-02 14:35:00+00:00,149.1978,148.9106,0.8035,2024-07-02 14:35:00+00:00,147.449,2024-07-02 15:00:00+00:00,148.561,0.0,0.032552,2024-07-02 15:05:00+00:00,148.5016,33.308986,4946.44,149.3585,148.6407,5,2024-07-02 15:50:00+00:00,148.819,TRAILING_STOP,9,-10.57,2.4732,2.4785,7.927,-15.53,-0.544
136,SOLUSDT,SHORT,futures,STRICT_SUPPORT,2024-07-04 19:50:00+00:00,134.6612,134.4215,0.5374,2024-07-04 19:50:00+00:00,134.356,2024-07-04 19:55:00+00:00,133.928,0.0,0.039481,2024-07-04 20:00:00+00:00,133.8754,31.789845,4255.88,134.7687,134.7687,0,2024-07-04 20:55:00+00:00,134.9304,STOP_LOSS,11,-33.54,2.1279,2.1447,6.8497,-37.81,-1.331
137,SOLUSDT,SHORT,futures,STRICT_SUPPORT,2024-07-07 18:45:00+00:00,138.3756,138.1485,0.4781,2024-07-07 18:45:00+00:00,137.992,2024-07-07 18:50:00+00:00,138.005,0.0,0.004491,2024-07-07 18:55:00+00:00,137.9538,54.515078,7520.56,138.4712,138.2793,2,2024-07-07 19:15:00+00:00,138.4452,TRAILING_STOP,4,-26.79,3.7603,3.7737,12.065,-34.33,-1.217
138,BTCUSDT,SHORT,futures,STRICT_SUPPORT,2024-07-09 15:05:00+00:00,57356.0283,57326.9606,279.948,2024-07-09 15:05:00+00:00,57159.9,2024-07-09 15:15:00+00:00,57258.0,0.0,12.960597,2024-07-09 15:20:00+00:00,57236.2963,0.159553,9132.24,57412.0179,57393.5548,2,2024-07-09 15:50:00+00:00,57462.4271,TRAILING_STOP,6,-36.08,4.5661,4.5842,14.6549,-45.23,-1.613
139,SOLUSDT,SHORT,futures,STRICT_SUPPORT,2024-07-11 01:15:00+00:00,141.2878,141.2139,0.4899,2024-07-11 01:15:00+00:00,140.913,2024-07-11 01:20:00+00:00,141.115,0.0,0.018892,2024-07-11 01:25:00+00:00,141.0596,78.86261,11124.32,141.3858,141.3858,0,2024-07-11 01:30:00+00:00,141.6288,STOP_LOSS,1,-44.89,5.5622,5.5846,17.8528,-56.04,-2.178
140,BNBUSDT,SHORT,futures,STRICT_SUPPORT,2024-07-11 03:30:00+00:00,524.5293,524.1458,1.5756,2024-07-11 03:30:00+00:00,522.98,2024-07-11 04:05:00+00:00,523.99,0.0,0.145808,2024-07-11 04:10:00+00:00,523.7904,21.024162,11012.25,524.8444,524.8444,0,2024-07-11 04:15:00+00:00,525.4742,STOP_LOSS,1,-35.4,5.5061,5.5238,17.6621,-46.43,-2.095
141,BNBUSDT,SHORT,futures,STRICT_SUPPORT,2024-07-16 13:15:00+00:00,569.6396,568.95,1.8723,2024-07-16 13:15:00+00:00,567.5,2024-07-16 13:20:00+00:00,567.92,0.0,0.060015,2024-07-16 13:25:00+00:00,567.6828,11.709814,6647.46,570.0141,570.0141,0,2024-07-16 13:35:00+00:00,570.6981,STOP_LOSS,2,-35.31,3.3237,3.3414,10.6783,-41.97,-1.538
142,BNBUSDT,SHORT,futures,STRICT_SUPPORT,2024-07-18 08:15:00+00:00,573.5199,573.2005,0.8205,2024-07-18 08:15:00+00:00,573.05,2024-07-18 08:20:00+00:00,571.55,0.0,0.030487,2024-07-18 08:25:00+00:00,571.3314,11.514149,6578.39,573.684,573.684,0,2024-07-18 08:55:00+00:00,574.3724,STOP_LOSS,6,-35.02,3.2892,3.3067,10.5674,-41.61,-1.536
143,ETHUSDT,SHORT,futures,STRICT_SUPPORT,2024-07-19 13:10:00+00:00,3406.0125,3403.6698,6.2816,2024-07-19 13:10:00+00:00,3399.5,2024-07-19 13:15:00+00:00,3398.23,0.0,0.369758,2024-07-19 13:20:00+00:00,3396.8707,2.585135,8781.37,3407.2688,3407.2688,0,2024-07-19 13:30:00+00:00,3411.3576,STOP_LOSS,2,-37.45,4.3907,4.4094,14.0951,-46.25,-1.721
144,SOLUSDT,SHORT,futures,STRICT_SUPPORT,2024-07-22 13:55:00+00:00,179.8554,179.7684,0.9603,2024-07-22 13:55:00+00:00,178.681,2024-07-22 14:05:00+00:00,179.297,0.0,0.092398,2024-07-22 14:10:00+00:00,179.2353,32.811085,5880.9,180.0475,178.8244,9,2024-07-22 15:30:00+00:00,179.039,TRAILING_STOP,16,6.44,2.9405,2.9372,9.4017,0.56,0.021
145,BNBUSDT,SHORT,futures,STRICT_SUPPORT,2024-07-22 21:00:00+00:00,594.9393,594.579,0.9892,2024-07-22 21:00:00+00:00,594.34,2024-07-22 21:05:00+00:00,593.52,0.0,0.039003,2024-07-22 21:10:00+00:00,593.2826,14.371298,8526.24,595.1371,592.2165,4,2024-07-22 21:35:00+00:00,592.9272,TRAILING_STOP,5,5.11,4.2631,4.2606,13.6359,-3.42,-0.128
146,BTCUSDT,SHORT,futures,STRICT_SUPPORT,2024-07-23 15:35:00+00:00,66730.0739,66686.3676,268.2063,2024-07-23 15:35:00+00:00,66466.1,2024-07-23 15:40:00+00:00,66550.2,0.0,9.367628,2024-07-23 15:45:00+00:00,66523.6799,0.102429,6813.92,66783.7152,66026.259,20,2024-07-23 18:20:00+00:00,66105.4905,TRAILING_STOP,31,42.83,3.407,3.3855,10.8509,36.04,1.353
147,ETHUSDT,SHORT,futures,STRICT_SUPPORT,2024-07-24 13:55:00+00:00,3456.537,3455.3125,8.7544,2024-07-24 13:55:00+00:00,3440.01,2024-07-24 14:20:00+00:00,3449.3,0.0,0.842521,2024-07-24 14:25:00+00:00,3447.9103,2.584105,8909.76,3458.2879,3420.2965,15,2024-07-24 16:15:00+00:00,3424.4008,TRAILING_STOP,22,60.75,4.4549,4.4245,14.1827,51.87,1.934
148,BNBUSDT,SHORT,futures,STRICT_SUPPORT,2024-07-25 20:10:00+00:00,566.3269,565.7467,1.8766,2024-07-25 20:10:00+00:00,562.73,2024-07-25 20:30:00+00:00,563.81,0.0,0.106705,2024-07-25 20:35:00+00:00,563.5945,8.713584,4910.93,566.7022,566.7022,0,2024-07-25 20:45:00+00:00,567.3822,STOP_LOSS,2,-33.0,2.4555,2.472,7.8971,-37.93,-1.401
149,BTCUSDT,SHORT,futures,STRICT_SUPPORT,2024-07-28 15:15:00+00:00,67764.2198,67733.6075,81.8682,2024-07-28 15:15:00+00:00,67622.9,2024-07-28 15:30:00+00:00,67637.0,0.0,1.807518,2024-07-28 15:35:00+00:00,67610.0452,0.157665,10659.73,67780.5935,67780.5935,0,2024-07-28 17:00:00+00:00,67861.9302,STOP_LOSS,17,-39.71,5.3299,5.3497,17.1032,-50.39,-1.874
150,SOLUSDT,SHORT,futures,STRICT_SUPPORT,2024-07-28 15:40:00+00:00,184.9122,184.6793,0.5592,2024-07-28 15:40:00+00:00,184.22,2024-07-28 15:45:00+00:00,184.445,0.0,0.031314,2024-07-28 15:50:00+00:00,184.3672,40.881647,7537.24,185.0241,184.2463,1,2024-07-28 17:05:00+00:00,184.4674,TRAILING_STOP,15,-4.09,3.7686,3.7707,12.0645,-11.63,-0.433
151,ETHUSDT,SHORT,futures,STRICT_SUPPORT,2024-08-01 13:55:00+00:00,3187.6752,3186.7844,8.6901,2024-08-01 13:55:00+00:00,3181.84,2024-08-01 14:00:00+00:00,3180.69,0.0,0.274441,2024-08-01 14:05:00+00:00,3179.4177,2.65962,8456.04,3189.4132,3126.7132,16,2024-08-01 15:55:00+00:00,3130.4653,TRAILING_STOP,22,130.19,4.228,4.1629,13.3734,121.8,4.582
152,BNBUSDT,SHORT,futures,STRICT_SUPPORT,2024-08-01 14:35:00+00:00,572.5767,572.3262,1.4286,2024-08-01 14:35:00+00:00,571.71,2024-08-01 14:40:00+00:00,570.58,0.0,0.066201,2024-08-01 14:45:00+00:00,570.3618,10.769579,6142.56,572.8625,558.4672,19,2024-08-01 16:50:00+00:00,559.1373,TRAILING_STOP,25,120.88,3.0713,3.0108,9.683,114.8,4.263
153,SOLUSDT,SHORT,futures,STRICT_SUPPORT,2024-08-02 14:20:00+00:00,164.2168,163.8879,1.2634,2024-08-02 14:20:00+00:00,162.514,2024-08-02 14:30:00+00:00,162.504,0.0,0.050948,2024-08-02 14:35:00+00:00,162.424,13.574986,2204.9,164.4695,156.0918,9,2024-08-02 15:35:00+00:00,156.2791,TRAILING_STOP,12,83.42,1.1025,1.0607,3.4277,81.25,2.926
154,BNBUSDT,SHORT,futures,STRICT_SUPPORT,2024-08-04 03:00:00+00:00,529.8136,529.5011,1.4227,2024-08-04 03:00:00+00:00,529.02,2024-08-04 03:05:00+00:00,528.61,0.0,0.09108,2024-08-04 03:10:00+00:00,528.4086,16.675503,8811.48,530.0981,527.9145,6,2024-08-04 05:20:00+00:00,528.548,TRAILING_STOP,26,-2.33,4.4057,4.4069,14.1012,-11.14,-0.395
155,ETHUSDT,SHORT,futures,STRICT_SUPPORT,2024-08-04 10:05:00+00:00,2908.3183,2906.6959,4.6524,2024-08-04 10:05:00+00:00,2905.76,2024-08-04 10:10:00+00:00,2904.33,0.0,0.275946,2024-08-04 10:15:00+00:00,2903.1783,3.874146,11247.34,2909.2488,2909.2488,0,2024-08-04 10:20:00+00:00,2912.9113,STOP_LOSS,1,-37.71,5.6237,5.6425,18.041,-48.97,-2.082
156,ETHUSDT,SHORT,futures,STRICT_SUPPORT,2024-08-06 20:45:00+00:00,2497.8194,2491.5453,13.5315,2024-08-06 20:45:00+00:00,2476.61,2024-08-06 20:55:00+00:00,2487.12,0.0,0.765305,2024-08-06 21:00:00+00:00,2486.1351,1.936929,4815.47,2500.5257,2500.5257,0,2024-08-06 22:00:00+00:00,2503.5263,STOP_LOSS,12,-33.69,2.4077,2.4246,7.7452,-38.52,-1.382
157,BTCUSDT,SHORT,futures,STRICT_SUPPORT,2024-08-10 02:05:00+00:00,60591.347,60542.7941,142.9667,2024-08-10 02:05:00+00:00,60457.4,2024-08-10 02:10:00+00:00,60522.0,0.0,14.1941,2024-08-10 02:15:00+00:00,60497.7912,0.183021,11072.35,60619.9403,60619.9403,0,2024-08-10 02:20:00+00:00,60758.7231,STOP_LOSS,1,-47.76,5.5362,5.5601,17.7731,-58.85,-2.633
158,SOLUSDT,SHORT,futures,STRICT_SUPPORT,2024-08-10 11:00:00+00:00,154.4923,154.406,0.4158,2024-08-10 11:00:00+00:00,153.929,2024-08-10 11:05:00+00:00,154.317,0.0,0.035006,2024-08-10 11:10:00+00:00,154.2563,71.015911,10954.65,154.5755,154.5755,0,2024-08-10 11:15:00+00:00,154.761,STOP_LOSS,1,-35.84,5.4773,5.4952,17.5705,-46.82,-2.065
159,BTCUSDT,SHORT,futures,STRICT_SUPPORT,2024-08-10 15:55:00+00:00,60645.952,60601.7737,89.3587,2024-08-10 15:55:00+00:00,60480.5,2024-08-10 16:15:00+00:00,60550.0,0.0,4.173731,2024-08-10 16:20:00+00:00,60525.68,0.179445,10861.02,60663.8238,60663.8238,0,2024-08-10 16:25:00+00:00,60736.6204,STOP_LOSS,1,-37.85,5.4305,5.4494,17.423,-48.73,-1.966
160,SOLUSDT,SHORT,futures,STRICT_SUPPORT,2024-08-10 20:25:00+00:00,154.2476,154.1016,0.4353,2024-08-10 20:25:00+00:00,153.745,2024-08-10 20:35:00+00:00,154.074,0.0,0.026633,2024-08-10 20:40:00+00:00,154.0124,69.88758,10763.55,154.3346,154.3346,0,2024-08-10 20:50:00+00:00,154.5198,STOP_LOSS,2,-35.46,5.3818,5.3995,17.2642,-46.25,-2.053
161,BNBUSDT,SHORT,futures,STRICT_SUPPORT,2024-08-12 09:05:00+00:00,508.7048,507.9844,1.8489,2024-08-12 09:05:00+00:00,507.62,2024-08-12 09:10:00+00:00,507.64,0.0,0.044391,2024-08-12 09:15:00+00:00,507.4269,16.191208,8215.86,509.0746,508.2035,1,2024-08-12 10:20:00+00:00,508.8133,TRAILING_STOP,13,-22.45,4.1079,4.1192,13.1723,-30.67,-1.15
162,BNBUSDT,SHORT,futures,STRICT_SUPPORT,2024-08-12 09:45:00+00:00,507.9386,507.8225,1.55,2024-08-12 09:45:00+00:00,507.09,2024-08-12 10:15:00+00:00,507.31,0.0,0.102485,2024-08-12 10:20:00+00:00,507.0971,20.922449,10609.71,508.2486,508.2486,0,2024-08-12 10:25:00+00:00,510.9724,STOP_LOSS,1,-81.08,5.3049,5.3454,17.0728,-91.73,-3.807
163,BNBUSDT,SHORT,futures,STRICT_SUPPORT,2024-08-13 14:25:00+00:00,519.6834,519.1009,1.436,2024-08-13 14:25:00+00:00,517.68,2024-08-13 14:45:00+00:00,518.89,0.0,0.120942,2024-08-13 14:50:00+00:00,518.6824,20.10141,10426.25,519.9705,517.8172,4,2024-08-13 15:45:00+00:00,518.4386,TRAILING_STOP,11,4.9,5.2131,5.2107,16.6761,-5.52,-0.213
164,SOLUSDT,SHORT,futures,STRICT_SUPPORT,2024-08-14 00:35:00+00:00,146.6879,146.5747,0.4817,2024-08-14 00:35:00+00:00,146.268,2024-08-14 00:40:00+00:00,146.344,0.0,0.037664,2024-08-14 00:45:00+00:00,146.2865,52.30781,7651.92,146.7842,144.4968,7,2024-08-14 01:35:00+00:00,144.6702,TRAILING_STOP,10,84.54,3.826,3.7837,12.1416,76.93,2.955
165,SOLUSDT,SHORT,futures,STRICT_SUPPORT,2024-08-14 14:40:00+00:00,147.6533,147.17,1.0405,2024-08-14 14:40:00+00:00,146.157,2024-08-14 14:50:00+00:00,146.895,0.0,0.101007,2024-08-14 14:55:00+00:00,146.8352,25.749419,3780.92,147.8614,146.2165,5,2024-08-14 15:40:00+00:00,146.392,TRAILING_STOP,9,11.41,1.8905,1.8848,6.0358,7.64,0.289
166,SOLUSDT,SHORT,futures,STRICT_SUPPORT,2024-08-15 04:05:00+00:00,144.6257,144.5138,0.3687,2024-08-15 04:05:00+00:00,144.5,2024-08-15 04:10:00+00:00,143.945,0.0,0.000828,2024-08-15 04:15:00+00:00,143.8864,32.545342,4682.83,144.6995,144.6995,0,2024-08-15 05:00:00+00:00,144.8731,STOP_LOSS,9,-32.11,2.3414,2.3575,7.5311,-36.81,-1.391
167,SOLUSDT,SHORT,futures,STRICT_SUPPORT,2024-08-15 05:05:00+00:00,144.4692,144.3001,0.3871,2024-08-15 05:05:00+00:00,144.151,2024-08-15 05:20:00+00:00,144.271,0.0,0.026091,2024-08-15 05:25:00+00:00,144.2143,72.882662,10510.72,144.5466,144.5466,0,2024-08-15 05:30:00+00:00,144.7201,STOP_LOSS,1,-36.86,5.2554,5.2738,16.8614,-47.39,-1.957
168,SOLUSDT,SHORT,futures,STRICT_SUPPORT,2024-08-16 04:00:00+00:00,142.2395,142.1727,0.4621,2024-08-16 04:00:00+00:00,142.125,2024-08-16 04:05:00+00:00,141.953,0.0,0.016656,2024-08-16 04:10:00+00:00,141.8972,59.899345,8499.55,142.3319,142.3319,0,2024-08-16 04:55:00+00:00,142.5027,STOP_LOSS,9,-36.27,4.2498,4.2679,13.6428,-44.79,-1.72
169,ETHUSDT,SHORT,futures,STRICT_SUPPORT,2024-08-17 06:45:00+00:00,2598.5007,2597.8952,2.7387,2024-08-17 06:45:00+00:00,2597.23,2024-08-17 07:05:00+00:00,2591.47,0.0,0.125161,2024-08-17 07:10:00+00:00,2590.4234,2.993144,7753.51,2599.0484,2599.0484,0,2024-08-17 07:30:00+00:00,2602.1673,STOP_LOSS,4,-35.15,3.8768,3.8943,12.4478,-42.92,-1.663
170,ETHUSDT,SHORT,futures,STRICT_SUPPORT,2024-08-19 04:40:00+00:00,2637.9176,2635.5404,4.7736,2024-08-19 04:40:00+00:00,2631.16,2024-08-19 04:50:00+00:00,2634.31,0.0,0.440375,2024-08-19 04:55:00+00:00,2633.2563,3.888917,10240.52,2638.8723,2629.6412,5,2024-08-19 05:35:00+00:00,2632.7967,TRAILING_STOP,8,1.79,5.1203,5.1194,16.3827,-8.45,-0.387
171,SOLUSDT,SHORT,futures,STRICT_SUPPORT,2024-08-19 14:25:00+00:00,142.6927,142.4863,0.6855,2024-08-19 14:25:00+00:00,141.895,2024-08-19 14:30:00+00:00,142.3,0.0,0.006267,2024-08-19 14:35:00+00:00,142.2441,43.635019,6206.82,142.8298,142.8298,0,2024-08-19 14:45:00+00:00,143.0012,STOP_LOSS,2,-33.04,3.1034,3.1199,9.9706,-39.26,-1.536
172,BNBUSDT,SHORT,futures,STRICT_SUPPORT,2024-08-20 15:05:00+00:00,568.3963,567.6076,2.5428,2024-08-20 15:05:00+00:00,561.69,2024-08-20 15:20:00+00:00,567.05,0.0,0.087631,2024-08-20 15:25:00+00:00,566.7732,11.89791,6743.42,568.9049,563.0028,10,2024-08-20 16:25:00+00:00,563.6784,TRAILING_STOP,12,36.82,3.3717,3.3533,10.7453,30.1,1.187
173,ETHUSDT,SHORT,futures,STRICT_SUPPORT,2024-08-22 13:05:00+00:00,2631.0836,2629.1928,5.9333,2024-08-22 13:05:00+00:00,2623.77,2024-08-22 13:30:00+00:00,2625.34,0.0,0.312771,2024-08-22 13:35:00+00:00,2624.2899,3.19699,8389.83,2632.2702,2622.5616,1,2024-08-22 13:55:00+00:00,2625.7087,TRAILING_STOP,4,-4.54,4.1949,4.1972,13.4292,-12.93,-0.507
174,ETHUSDT,SHORT,futures,STRICT_SUPPORT,2024-08-22 13:45:00+00:00,2628.2878,2624.8616,7.0258,2024-08-22 13:45:00+00:00,2612.51,2024-08-22 13:55:00+00:00,2619.23,0.0,0.631633,2024-08-22 14:00:00+00:00,2618.1923,2.21279,5793.51,2629.693,2617.0953,6,2024-08-22 14:35:00+00:00,2620.2358,TRAILING_STOP,7,-4.52,2.8968,2.899,9.275,-10.32,-0.405
175,BNBUSDT,SHORT,futures,STRICT_SUPPORT,2024-08-23 14:45:00+00:00,579.4466,579.0716,2.8665,2024-08-23 14:45:00+00:00,574.53,2024-08-23 14:55:00+00:00,578.61,0.0,0.161601,2024-08-23 15:00:00+00:00,578.3786,15.473459,8949.52,580.0199,580.0199,0,2024-08-23 15:05:00+00:00,580.7159,STOP_LOSS,1,-36.17,4.4748,4.4928,14.3626,-45.13,-1.777
176,SOLUSDT,SHORT,futures,STRICT_SUPPORT,2024-08-23 14:50:00+00:00,144.4758,144.3866,0.9666,2024-08-23 14:50:00+00:00,143.174,2024-08-23 15:05:00+00:00,144.045,0.0,0.074625,2024-08-23 15:10:00+00:00,143.9814,36.5983,5269.47,144.6692,144.6692,0,2024-08-23 15:35:00+00:00,144.8428,STOP_LOSS,5,-31.52,2.6347,2.6505,8.469,-36.81,-1.462
177,BNBUSDT,SHORT,futures,STRICT_SUPPORT,2024-08-24 15:35:00+00:00,580.5113,580.2309,0.9889,2024-08-24 15:35:00+00:00,579.16,2024-08-24 16:10:00+00:00,579.53,0.0,0.040935,2024-08-24 16:15:00+00:00,579.3182,17.252871,9994.9,580.7091,580.7091,0,2024-08-24 16:20:00+00:00,581.4059,STOP_LOSS,1,-36.02,4.9975,5.0155,16.0351,-46.03,-1.918
178,SOLUSDT,SHORT,futures,STRICT_SUPPORT,2024-08-26 07:40:00+00:00,159.3691,159.1822,0.3914,2024-08-26 07:40:00+00:00,159.011,2024-08-26 07:45:00+00:00,159.121,0.0,0.033243,2024-08-26 07:50:00+00:00,159.0723,62.253664,9902.84,159.4473,159.4473,0,2024-08-26 08:00:00+00:00,159.6387,STOP_LOSS,2,-35.26,4.9514,4.969,15.8868,-45.18,-1.935
179,SOLUSDT,SHORT,futures,STRICT_SUPPORT,2024-08-26 12:45:00+00:00,160.2608,160.0598,0.5651,2024-08-26 12:45:00+00:00,159.32,2024-08-26 13:10:00+00:00,159.92,0.0,0.013767,2024-08-26 13:15:00+00:00,159.856,47.387118,7575.12,160.3738,160.3738,0,2024-08-26 13:20:00+00:00,160.5663,STOP_LOSS,1,-33.66,3.7876,3.8044,12.1606,-41.25,-1.681
180,BTCUSDT,SHORT,futures,STRICT_SUPPORT,2024-08-26 19:20:00+00:00,63576.9755,63516.02,132.2604,2024-08-26 19:20:00+00:00,63500.0,2024-08-26 19:25:00+00:00,63469.0,0.0,9.620027,2024-08-26 19:30:00+00:00,63443.6124,0.152238,9658.52,63603.4276,63380.6759,5,2024-08-26 20:15:00+00:00,63456.7327,TRAILING_STOP,9,-2.0,4.8293,4.8303,15.456,-11.66,-0.479
181,SOLUSDT,SHORT,futures,STRICT_SUPPORT,2024-08-27 00:50:00+00:00,157.8262,157.6411,0.4533,2024-08-27 00:50:00+00:00,157.369,2024-08-27 00:55:00+00:00,157.523,0.0,0.004149,2024-08-27 01:00:00+00:00,157.46,53.127921,8365.52,157.9168,157.9168,0,2024-08-27 01:05:00+00:00,158.3608,STOP_LOSS,1,-47.86,4.1828,4.2067,13.4423,-56.25,-2.317
182,SOLUSDT,SHORT,futures,STRICT_SUPPORT,2024-08-29 01:25:00+00:00,143.9348,143.8082,0.526,2024-08-29 01:25:00+00:00,143.442,2024-08-29 01:35:00+00:00,143.695,0.0,0.000244,2024-08-29 01:40:00+00:00,143.6385,59.753559,8582.91,144.04,143.765,8,2024-08-29 02:25:00+00:00,143.9375,TRAILING_STOP,9,-17.87,4.2915,4.3004,13.7541,-26.46,-1.103
183,BNBUSDT,SHORT,futures,STRICT_SUPPORT,2024-08-29 14:25:00+00:00,543.209,542.6681,1.9886,2024-08-29 14:25:00+00:00,540.23,2024-08-29 15:05:00+00:00,542.49,0.0,0.038065,2024-08-29 15:10:00+00:00,542.283,17.598271,9543.24,543.6067,543.6067,0,2024-08-29 15:30:00+00:00,544.2591,STOP_LOSS,4,-34.78,4.7716,4.789,15.3109,-44.34,-1.903
184,ETHUSDT,SHORT,futures,STRICT_SUPPORT,2024-08-30 08:00:00+00:00,2521.8155,2519.871,4.9524,2024-08-30 08:00:00+00:00,2513.0,2024-08-30 08:15:00+00:00,2516.93,0.0,0.291046,2024-08-30 08:20:00+00:00,2515.9232,3.434138,8640.03,2522.806,2522.806,0,2024-08-30 08:25:00+00:00,2525.8334,STOP_LOSS,1,-34.03,4.32,4.337,13.8649,-42.69,-1.806
185,ETHUSDT,SHORT,futures,STRICT_SUPPORT,2024-08-30 10:20:00+00:00,2521.7507,2520.9837,3.4842,2024-08-30 10:20:00+00:00,2519.87,2024-08-30 10:30:00+00:00,2514.44,0.0,0.073693,2024-08-30 10:35:00+00:00,2513.4342,2.598711,6531.69,2522.4475,2522.4475,0,2024-08-30 12:15:00+00:00,2525.4745,STOP_LOSS,20,-31.29,3.2658,3.2815,10.4882,-37.84,-1.615
186,SOLUSDT,SHORT,futures,STRICT_SUPPORT,2024-09-04 11:40:00+00:00,129.1381,128.9636,0.4239,2024-09-04 11:40:00+00:00,128.678,2024-09-04 12:00:00+00:00,128.712,0.0,0.038563,2024-09-04 12:05:00+00:00,128.6555,40.95146,5268.63,129.2229,128.9364,3,2024-09-04 12:40:00+00:00,129.0912,TRAILING_STOP,7,-17.84,2.6343,2.6432,8.4512,-23.12,-0.995
187,SOLUSDT,SHORT,futures,STRICT_SUPPORT,2024-09-06 05:35:00+00:00,130.3429,130.221,0.347,2024-09-06 05:35:00+00:00,129.942,2024-09-06 05:45:00+00:00,130.104,0.0,0.030981,2024-09-06 05:50:00+00:00,130.056,64.866723,8436.3,130.4124,130.2502,2,2024-09-06 06:40:00+00:00,130.4065,TRAILING_STOP,10,-22.74,4.2182,4.2295,13.5254,-31.19,-1.349
188,SOLUSDT,SHORT,futures,STRICT_SUPPORT,2024-09-09 12:35:00+00:00,129.3521,129.2125,0.3095,2024-09-09 12:35:00+00:00,128.747,2024-09-09 12:50:00+00:00,129.193,0.0,0.016548,2024-09-09 12:55:00+00:00,129.1403,71.123468,9184.91,129.414,129.1814,2,2024-09-09 13:15:00+00:00,129.3364,TRAILING_STOP,4,-13.95,4.5925,4.5994,14.7126,-23.14,-1.189
189,BNBUSDT,SHORT,futures,STRICT_SUPPORT,2024-09-10 14:00:00+00:00,519.9205,519.2351,1.4385,2024-09-10 14:00:00+00:00,517.65,2024-09-10 14:30:00+00:00,517.03,0.0,0.055144,2024-09-10 14:35:00+00:00,516.8332,6.769335,3498.62,520.2082,520.2082,0,2024-09-10 18:10:00+00:00,520.8324,STOP_LOSS,43,-27.07,1.7493,1.7628,5.6303,-30.58,-1.339
190,BTCUSDT,SHORT,futures,STRICT_SUPPORT,2024-09-12 14:55:00+00:00,57914.0646,57857.4393,269.4419,2024-09-12 14:55:00+00:00,57511.2,2024-09-12 15:10:00+00:00,57819.1,0.0,6.739262,2024-09-12 15:15:00+00:00,57795.8724,0.131878,7622.0,57967.953,57728.6374,8,2024-09-12 16:10:00+00:00,57797.9118,TRAILING_STOP,11,-0.27,3.811,3.8111,12.1955,-7.89,-0.348
191,ETHUSDT,SHORT,futures,STRICT_SUPPORT,2024-09-13 13:10:00+00:00,2353.2632,2351.6563,5.0766,2024-09-13 13:10:00+00:00,2350.68,2024-09-13 13:15:00+00:00,2347.88,0.0,0.316304,2024-09-13 13:20:00+00:00,2346.9508,3.091422,7255.41,2354.2786,2354.2786,0,2024-09-13 13:40:00+00:00,2357.1037,STOP_LOSS,4,-31.39,3.6277,3.6434,11.6463,-38.66,-1.707
192,SOLUSDT,SHORT,futures,STRICT_SUPPORT,2024-09-18 20:20:00+00:00,129.6685,129.4848,0.7172,2024-09-18 20:20:00+00:00,129.067,2024-09-18 20:25:00+00:00,129.379,0.0,0.024807,2024-09-18 20:30:00+00:00,129.3262,46.243426,5980.49,129.8119,129.8119,0,2024-09-18 20:35:00+00:00,129.9677,STOP_LOSS,1,-29.66,2.9902,3.0051,9.6044,-35.66,-1.588
193,ETHUSDT,SHORT,futures,STRICT_SUPPORT,2024-09-22 21:25:00+00:00,2575.2,2574.7089,3.3739,2024-09-22 21:25:00+00:00,2573.34,2024-09-22 21:30:00+00:00,2570.7,0.0,0.21892,2024-09-22 21:35:00+00:00,2569.6717,3.468379,8912.6,2575.8747,2539.9703,6,2024-09-22 22:15:00+00:00,2543.0182,TRAILING_STOP,8,92.44,4.4563,4.4101,14.1492,83.58,3.885
194,BTCUSDT,SHORT,futures,STRICT_SUPPORT,2024-09-23 20:20:00+00:00,63371.7426,63345.9738,81.9241,2024-09-23 20:20:00+00:00,63302.2,2024-09-23 20:30:00+00:00,63265.0,0.0,3.273758,2024-09-23 20:35:00+00:00,63239.694,0.143577,9079.75,63388.1274,63388.1274,0,2024-09-23 20:45:00+00:00,63464.1932,STOP_LOSS,2,-32.23,4.5399,4.556,14.5663,-41.33,-1.939
195,ETHUSDT,SHORT,futures,STRICT_SUPPORT,2024-09-25 01:05:00+00:00,2648.4067,2645.5517,6.5255,2024-09-25 01:05:00+00:00,2640.44,2024-09-25 01:10:00+00:00,2644.18,0.0,0.18174,2024-09-25 01:15:00+00:00,2643.1123,3.403977,8997.09,2649.7118,2649.7118,0,2024-09-25 01:25:00+00:00,2652.8915,STOP_LOSS,2,-33.29,4.4985,4.5152,14.4353,-42.3,-1.883
196,ETHUSDT,SHORT,futures,STRICT_SUPPORT,2024-09-25 03:15:00+00:00,2647.8113,2646.4617,4.8638,2024-09-25 03:15:00+00:00,2641.07,2024-09-25 03:35:00+00:00,2642.8,0.0,0.461683,2024-09-25 03:40:00+00:00,2641.7429,3.164406,8359.55,2648.7841,2629.4066,8,2024-09-25 05:10:00+00:00,2632.5618,TRAILING_STOP,18,29.05,4.1798,4.1652,13.3404,20.71,0.929
197,ETHUSDT,SHORT,futures,STRICT_SUPPORT,2024-09-25 14:45:00+00:00,2622.6445,2619.8897,6.7811,2024-09-25 14:45:00+00:00,2615.83,2024-09-25 14:50:00+00:00,2618.98,0.0,0.159669,2024-09-25 14:55:00+00:00,2617.9324,3.42022,8953.91,2624.0008,2624.0008,0,2024-09-25 15:00:00+00:00,2628.8008,STOP_LOSS,1,-37.17,4.477,4.4955,14.3709,-46.14,-2.223
198,ETHUSDT,SHORT,futures,STRICT_SUPPORT,2024-09-29 14:40:00+00:00,2652.258,2650.8461,3.9075,2024-09-29 14:40:00+00:00,2648.98,2024-09-29 14:45:00+00:00,2647.44,0.0,0.246113,2024-09-29 14:50:00+00:00,2646.391,3.332204,8818.32,2653.0395,2653.0395,0,2024-09-29 15:00:00+00:00,2656.2231,STOP_LOSS,2,-32.76,4.4092,4.4255,14.1486,-41.6,-1.878
199,ETHUSDT,SHORT,futures,STRICT_SUPPORT,2024-10-02 17:10:00+00:00,2455.6967,2453.2746,8.2936,2024-10-02 17:10:00+00:00,2452.19,2024-10-02 17:15:00+00:00,2451.34,0.0,0.024645,2024-10-02 17:20:00+00:00,2450.3495,3.1325,7675.72,2457.3554,2445.4071,5,2024-10-02 17:55:00+00:00,2448.3416,TRAILING_STOP,7,6.29,3.8379,3.8347,12.2736,-1.38,-0.063
200,ETHUSDT,SHORT,futures,STRICT_SUPPORT,2024-10-03 05:50:00+00:00,2390.2125,2389.3156,4.5461,2024-10-03 05:50:00+00:00,2383.13,2024-10-03 06:10:00+00:00,2386.82,0.0,0.085629,2024-10-03 06:15:00+00:00,2385.8753,3.67817,8775.66,2391.1217,2391.1217,0,2024-10-03 06:40:00+00:00,2393.991,STOP_LOSS,5,-29.85,4.3878,4.4028,14.0769,-38.64,-2.002
201,ETHUSDT,SHORT,futures,STRICT_SUPPORT,2024-10-04 14:20:00+00:00,2379.9859,2378.1424,8.6254,2024-10-04 14:20:00+00:00,2361.67,2024-10-04 15:00:00+00:00,2377.44,0.0,0.572421,2024-10-04 15:05:00+00:00,2376.479,3.660193,8698.37,2381.711,2381.711,0,2024-10-04 15:10:00+00:00,2389.2837,STOP_LOSS,1,-46.87,4.3492,4.3726,13.9736,-55.59,-2.903
202,ETHUSDT,SHORT,futures,STRICT_SUPPORT,2024-10-07 16:20:00+00:00,2479.1141,2476.4626,8.6831,2024-10-07 16:20:00+00:00,2467.66,2024-10-07 16:35:00+00:00,2473.31,0.0,0.672589,2024-10-07 16:40:00+00:00,2472.3307,2.519712,6229.56,2480.8507,2461.7056,4,2024-10-07 18:25:00+00:00,2464.6596,TRAILING_STOP,21,19.33,3.1148,3.1051,9.9441,13.11,0.611
203,ETHUSDT,SHORT,futures,STRICT_SUPPORT,2024-10-08 12:55:00+00:00,2432.8328,2431.6757,4.0975,2024-10-08 12:55:00+00:00,2427.93,2024-10-08 13:05:00+00:00,2427.88,0.0,0.21574,2024-10-08 13:10:00+00:00,2426.8989,3.188543,7738.27,2433.6523,2428.2298,1,2024-10-08 13:20:00+00:00,2431.1437,TRAILING_STOP,2,-13.53,3.8691,3.8759,12.3975,-21.28,-0.988
204,ETHUSDT,SHORT,futures,STRICT_SUPPORT,2024-10-08 15:10:00+00:00,2432.0444,2431.8937,8.2468,2024-10-08 15:10:00+00:00,2430.27,2024-10-08 15:15:00+00:00,2424.38,0.0,0.763676,2024-10-08 15:20:00+00:00,2423.4003,2.081619,5044.6,2433.6937,2419.1561,2,2024-10-08 15:40:00+00:00,2422.0591,TRAILING_STOP,4,2.79,2.5223,2.5209,8.068,-2.25,-0.105
205,SOLUSDT,SHORT,futures,STRICT_SUPPORT,2024-10-08 15:15:00+00:00,143.8059,143.7352,0.6144,2024-10-08 15:15:00+00:00,143.385,2024-10-08 15:20:00+00:00,143.044,0.0,0.028217,2024-10-08 15:25:00+00:00,142.9858,22.834042,3264.94,143.9288,142.6825,1,2024-10-08 15:40:00+00:00,142.8537,TRAILING_STOP,3,3.02,1.6325,1.631,5.2203,-0.25,-0.011
206,SOLUSDT,SHORT,futures,STRICT_SUPPORT,2024-10-08 18:25:00+00:00,143.3557,143.1788,0.4154,2024-10-08 18:25:00+00:00,143.166,2024-10-08 18:30:00+00:00,142.89,0.0,0.012765,2024-10-08 18:35:00+00:00,142.8328,35.34141,5047.91,143.4388,142.9632,2,2024-10-08 19:30:00+00:00,143.1347,TRAILING_STOP,11,-10.67,2.524,2.5293,8.0895,-15.72,-0.734
208,SOLUSDT,SHORT,futures,STRICT_SUPPORT,2024-10-10 08:00:00+00:00,139.9709,139.9176,0.2218,2024-10-10 08:00:00+00:00,139.882,2024-10-10 08:05:00+00:00,139.635,0.0,0.003617,2024-10-10 08:10:00+00:00,139.5791,48.990798,6838.09,140.0153,140.0153,0,2024-10-10 08:25:00+00:00,140.1833,STOP_LOSS,3,-29.6,3.419,3.4338,10.9765,-36.45,-1.706
207,BNBUSDT,SHORT,futures,STRICT_SUPPORT,2024-10-10 07:45:00+00:00,571.1282,570.9791,0.5206,2024-10-10 07:45:00+00:00,570.96,2024-10-10 07:50:00+00:00,570.03,0.0,0.009056,2024-10-10 07:55:00+00:00,569.792,14.812791,8440.21,571.2324,566.9117,8,2024-10-10 09:35:00+00:00,567.592,TRAILING_STOP,20,32.59,4.2201,4.2038,13.4652,24.16,1.133
209,BTCUSDT,SHORT,futures,STRICT_SUPPORT,2024-10-13 18:15:00+00:00,62556.4584,62503.6579,124.7792,2024-10-13 18:15:00+00:00,62460.1,2024-10-13 18:20:00+00:00,62440.5,0.0,9.957897,2024-10-13 18:25:00+00:00,62415.5238,0.12822,8002.9,62581.4143,62581.4143,0,2024-10-13 18:30:00+00:00,62656.512,STOP_LOSS,1,-30.9,4.0015,4.0169,12.8417,-38.92,-1.83
210,BNBUSDT,SHORT,futures,STRICT_SUPPORT,2024-10-15 20:55:00+00:00,592.2391,591.6078,1.5825,2024-10-15 20:55:00+00:00,588.22,2024-10-15 21:25:00+00:00,591.14,0.0,0.027842,2024-10-15 21:30:00+00:00,590.9135,12.835252,7584.52,592.5556,591.341,5,2024-10-15 22:00:00+00:00,592.0506,TRAILING_STOP,6,-14.59,3.7923,3.7996,12.1528,-22.19,-1.053
211,SOLUSDT,SHORT,futures,STRICT_SUPPORT,2024-10-16 14:50:00+00:00,155.3206,155.1413,0.806,2024-10-16 14:50:00+00:00,154.82,2024-10-16 14:55:00+00:00,155.13,0.0,0.01134,2024-10-16 15:00:00+00:00,155.0679,50.654508,7854.89,155.4818,155.4726,1,2024-10-16 15:15:00+00:00,155.6592,TRAILING_STOP,3,-29.95,3.9274,3.9424,12.6038,-37.82,-1.804
212,SOLUSDT,SHORT,futures,STRICT_SUPPORT,2024-10-17 02:30:00+00:00,154.901,154.7483,0.4275,2024-10-17 02:30:00+00:00,154.72,2024-10-17 02:35:00+00:00,154.12,0.0,0.008281,2024-10-17 02:40:00+00:00,154.0683,22.627777,3486.22,154.9865,153.3421,9,2024-10-17 05:35:00+00:00,153.5641,TRAILING_STOP,35,11.41,1.7431,1.7374,5.5643,7.93,0.382
213,ETHUSDT,SHORT,futures,STRICT_SUPPORT,2024-10-18 00:10:00+00:00,2605.062,2604.1736,3.0047,2024-10-18 00:10:00+00:00,2604.09,2024-10-18 00:15:00+00:00,2600.93,0.0,0.083645,2024-10-18 00:20:00+00:00,2599.8896,3.202516,8326.19,2605.663,2605.663,0,2024-10-18 00:25:00+00:00,2608.927,STOP_LOSS,1,-28.94,4.1631,4.1776,13.3566,-37.28,-2.016
214,SOLUSDT,SHORT,futures,STRICT_SUPPORT,2024-10-22 16:45:00+00:00,167.5216,167.309,0.6967,2024-10-22 16:45:00+00:00,166.39,2024-10-22 17:05:00+00:00,167.14,0.0,0.068968,2024-10-22 17:10:00+00:00,167.0831,35.705163,5965.73,167.6609,167.6609,0,2024-10-22 17:20:00+00:00,167.8621,STOP_LOSS,2,-27.81,2.9829,2.9968,9.5785,-33.79,-1.638
215,ETHUSDT,SHORT,futures,STRICT_SUPPORT,2024-10-24 14:50:00+00:00,2531.732,2527.4923,9.2628,2024-10-24 14:50:00+00:00,2523.0,2024-10-24 15:00:00+00:00,2523.94,0.0,0.412335,2024-10-24 15:05:00+00:00,2522.9304,1.920393,4845.02,2533.5845,2533.5845,0,2024-10-24 15:40:00+00:00,2536.6248,STOP_LOSS,7,-26.3,2.4225,2.4357,7.7836,-31.16,-1.523
216,BNBUSDT,SHORT,futures,STRICT_SUPPORT,2024-10-30 20:15:00+00:00,599.0381,598.4911,1.3814,2024-10-30 20:15:00+00:00,597.18,2024-10-30 20:20:00+00:00,598.03,0.0,0.121133,2024-10-30 20:25:00+00:00,597.7908,13.327094,7966.81,599.3143,599.3143,0,2024-10-30 20:45:00+00:00,600.0335,STOP_LOSS,4,-29.89,3.9834,3.9984,12.7828,-37.87,-1.865
217,SOLUSDT,SHORT,futures,STRICT_SUPPORT,2024-10-30 22:30:00+00:00,175.2221,175.021,0.4575,2024-10-30 22:30:00+00:00,174.78,2024-10-30 22:35:00+00:00,174.93,0.0,0.000973,2024-10-30 22:40:00+00:00,174.86,44.344298,7754.05,175.3136,175.3136,0,2024-10-30 22:55:00+00:00,175.524,STOP_LOSS,3,-29.44,3.877,3.8917,12.4418,-37.21,-1.85
218,SOLUSDT,SHORT,futures,STRICT_SUPPORT,2024-10-31 12:15:00+00:00,175.0314,174.9426,0.4308,2024-10-31 12:15:00+00:00,174.37,2024-10-31 12:35:00+00:00,174.6,0.0,0.032644,2024-10-31 12:40:00+00:00,174.5302,33.92411,5920.78,175.1176,171.8073,11,2024-10-31 14:10:00+00:00,172.0134,TRAILING_STOP,18,85.38,2.9604,2.9177,9.3708,79.5,3.989
220,BTCUSDT,SHORT,futures,STRICT_SUPPORT,2024-11-01 16:35:00+00:00,70406.9567,70279.2517,347.8471,2024-11-01 16:35:00+00:00,70140.5,2024-11-01 16:50:00+00:00,70112.5,0.0,30.451713,2024-11-01 16:55:00+00:00,70084.455,0.051792,3629.79,70476.5261,70118.1134,1,2024-11-01 17:15:00+00:00,70202.2551,TRAILING_STOP,4,-6.1,1.8149,1.8179,5.815,-9.73,-0.479
219,ETHUSDT,SHORT,futures,STRICT_SUPPORT,2024-11-01 16:30:00+00:00,2535.2149,2529.4351,14.1552,2024-11-01 16:30:00+00:00,2527.81,2024-11-01 16:35:00+00:00,2516.4,0.0,0.455066,2024-11-01 16:40:00+00:00,2515.3035,0.893764,2248.09,2538.0459,2499.689,4,2024-11-01 21:50:00+00:00,2502.6886,TRAILING_STOP,62,11.27,1.124,1.1184,3.5834,9.03,0.444
221,SOLUSDT,SHORT,futures,STRICT_SUPPORT,2024-11-03 09:45:00+00:00,163.4315,163.3062,0.3443,2024-11-03 09:45:00+00:00,162.99,2024-11-03 10:00:00+00:00,163.19,0.0,0.026244,2024-11-03 10:05:00+00:00,163.1247,49.833979,8129.15,163.5004,163.5004,0,2024-11-03 10:10:00+00:00,163.6966,STOP_LOSS,1,-28.5,4.0646,4.0788,13.0408,-36.64,-1.957
222,SOLUSDT,SHORT,futures,STRICT_SUPPORT,2024-11-04 00:45:00+00:00,161.9965,161.8029,0.5565,2024-11-04 00:45:00+00:00,160.71,2024-11-04 00:55:00+00:00,161.58,0.0,0.042919,2024-11-04 01:00:00+00:00,161.5054,33.428552,5398.89,162.1078,162.1078,0,2024-11-04 01:15:00+00:00,162.3024,STOP_LOSS,3,-26.64,2.6994,2.7128,8.6702,-32.05,-1.592
223,SOLUSDT,SHORT,futures,STRICT_SUPPORT,2024-11-04 07:20:00+00:00,162.3855,162.1983,0.3966,2024-11-04 07:20:00+00:00,162.11,2024-11-04 07:25:00+00:00,162.16,0.0,0.008343,2024-11-04 07:30:00+00:00,162.0951,49.302922,7991.76,162.4648,160.9368,15,2024-11-04 09:00:00+00:00,161.1299,TRAILING_STOP,18,47.59,3.9959,3.9721,12.7297,39.62,2.174
224,BNBUSDT,SHORT,futures,STRICT_SUPPORT,2024-11-08 15:45:00+00:00,598.0624,598.0336,1.9247,2024-11-08 15:45:00+00:00,596.28,2024-11-08 15:50:00+00:00,597.21,0.0,0.123637,2024-11-08 15:55:00+00:00,596.9711,13.521725,8072.08,598.4473,593.5365,4,2024-11-08 16:50:00+00:00,594.2488,TRAILING_STOP,11,36.81,4.036,4.0176,12.8712,28.76,1.441
225,SOLUSDT,SHORT,futures,STRICT_SUPPORT,2024-11-09 03:40:00+00:00,199.3318,199.2408,0.5232,2024-11-09 03:40:00+00:00,199.12,2024-11-09 03:55:00+00:00,199.02,0.0,0.05076,2024-11-09 04:00:00+00:00,198.9404,40.874829,8131.65,199.4364,199.4364,0,2024-11-09 04:05:00+00:00,200.1399,STOP_LOSS,1,-49.03,4.0658,4.0903,13.0695,-57.19,-2.821
226,BNBUSDT,SHORT,futures,STRICT_SUPPORT,2024-11-12 20:20:00+00:00,629.0808,628.2585,2.1464,2024-11-12 20:20:00+00:00,625.97,2024-11-12 20:30:00+00:00,627.64,0.0,0.158512,2024-11-12 20:35:00+00:00,627.3889,9.449046,5928.23,629.5101,629.5101,0,2024-11-12 20:40:00+00:00,630.2655,STOP_LOSS,1,-27.18,2.9641,2.9777,9.5178,-33.12,-1.653
227,BNBUSDT,SHORT,futures,STRICT_SUPPORT,2024-11-12 21:15:00+00:00,628.7697,627.719,2.2094,2024-11-12 21:15:00+00:00,623.6,2024-11-12 21:35:00+00:00,627.57,0.0,0.138987,2024-11-12 21:40:00+00:00,627.319,10.502946,6588.7,629.2115,629.2115,0,2024-11-12 21:45:00+00:00,629.9666,STOP_LOSS,1,-27.81,3.2943,3.3083,10.5753,-34.41,-1.731
228,SOLUSDT,SHORT,futures,STRICT_SUPPORT,2024-11-12 23:50:00+00:00,213.3315,213.0336,0.9598,2024-11-12 23:50:00+00:00,212.6,2024-11-13 00:00:00+00:00,212.88,0.0,0.043618,2024-11-13 00:05:00+00:00,212.7849,26.678609,5676.8,213.5235,212.6413,3,2024-11-13 00:30:00+00:00,212.8965,TRAILING_STOP,5,-2.98,2.8384,2.8399,9.0865,-8.66,-0.439
229,BTCUSDT,SHORT,futures,STRICT_SUPPORT,2024-11-13 02:20:00+00:00,88172.5293,88044.3452,320.4022,2024-11-13 02:20:00+00:00,87304.0,2024-11-13 03:00:00+00:00,87924.9,0.0,13.145195,2024-11-13 03:05:00+00:00,87889.73,0.056683,4981.87,88236.6097,87684.0028,9,2024-11-13 04:20:00+00:00,87789.2236,TRAILING_STOP,15,5.7,2.4909,2.4881,7.9642,0.72,0.037
230,BNBUSDT,SHORT,futures,STRICT_SUPPORT,2024-11-14 00:40:00+00:00,618.6503,617.9757,2.2747,2024-11-14 00:40:00+00:00,615.29,2024-11-14 01:05:00+00:00,616.4,0.0,0.135694,2024-11-14 01:10:00+00:00,616.1534,6.662377,4105.05,619.1052,615.6599,4,2024-11-14 01:40:00+00:00,616.3987,TRAILING_STOP,6,-1.63,2.0525,2.0533,6.57,-5.74,-0.292
231,ETHUSDT,SHORT,futures,STRICT_SUPPORT,2024-11-14 07:10:00+00:00,3212.302,3209.1198,10.4095,2024-11-14 07:10:00+00:00,3189.1,2024-11-14 07:40:00+00:00,3204.6,0.0,0.789804,2024-11-14 07:45:00+00:00,3203.3182,1.774589,5684.57,3214.3839,3214.3839,0,2024-11-14 07:50:00+00:00,3218.2412,STOP_LOSS,1,-26.48,2.8423,2.8555,9.1271,-32.18,-1.639
232,ETHUSDT,SHORT,futures,STRICT_SUPPORT,2024-11-14 08:50:00+00:00,3211.5115,3209.7262,10.5349,2024-11-14 08:50:00+00:00,3206.25,2024-11-14 08:55:00+00:00,3204.54,0.0,0.096244,2024-11-14 09:00:00+00:00,3203.2482,1.878083,6015.97,3213.6185,3213.6185,0,2024-11-14 09:05:00+00:00,3217.4748,STOP_LOSS,1,-26.72,3.008,3.0213,9.6576,-32.75,-1.681
233,ETHUSDT,SHORT,futures,STRICT_SUPPORT,2024-11-14 09:30:00+00:00,3210.4335,3209.1582,10.348,2024-11-14 09:30:00+00:00,3198.8,2024-11-14 09:40:00+00:00,3205.96,0.0,0.708213,2024-11-14 09:45:00+00:00,3204.6676,2.410548,7725.0,3212.5031,3212.5031,0,2024-11-14 10:05:00+00:00,3216.3581,STOP_LOSS,4,-28.18,3.8625,3.8766,12.3938,-35.92,-1.902
234,BNBUSDT,SHORT,futures,STRICT_SUPPORT,2024-11-14 22:35:00+00:00,634.914,634.3661,2.604,2024-11-14 22:35:00+00:00,630.37,2024-11-14 22:50:00+00:00,633.76,0.0,0.096093,2024-11-14 22:55:00+00:00,633.4965,9.870958,6253.22,635.4348,623.7487,8,2024-11-15 00:00:00+00:00,624.4972,TRAILING_STOP,13,88.83,3.1266,3.0822,9.8985,82.62,4.318
235,ETHUSDT,SHORT,futures,STRICT_SUPPORT,2024-11-15 14:30:00+00:00,3093.713,3089.3374,13.1823,2024-11-15 14:30:00+00:00,3057.28,2024-11-15 14:45:00+00:00,3082.89,0.0,0.947352,2024-11-15 14:50:00+00:00,3081.6568,1.330381,4099.78,3096.3494,3045.6239,9,2024-11-15 16:10:00+00:00,3049.2786,TRAILING_STOP,16,43.08,2.0499,2.0284,6.508,39.0,1.995
236,BTCUSDT,SHORT,futures,STRICT_SUPPORT,2024-11-17 13:55:00+00:00,90857.0153,90768.2236,192.4491,2024-11-17 13:55:00+00:00,90556.9,2024-11-17 14:00:00+00:00,90727.6,0.0,15.323583,2024-11-17 14:05:00+00:00,90691.4089,0.087081,7897.49,90895.5051,90376.7035,5,2024-11-17 14:45:00+00:00,90485.1555,TRAILING_STOP,8,17.96,3.9487,3.9398,12.6144,10.07,0.567
237,SOLUSDT,SHORT,futures,STRICT_SUPPORT,2024-11-18 16:45:00+00:00,242.203,241.7951,1.4275,2024-11-18 16:45:00+00:00,239.0,2024-11-18 17:15:00+00:00,241.52,0.0,0.025085,2024-11-18 17:20:00+00:00,241.4334,18.760081,4529.31,242.4885,239.8568,4,2024-11-18 17:55:00+00:00,240.1446,TRAILING_STOP,7,24.18,2.2647,2.2526,7.2179,19.66,0.993
238,SOLUSDT,SHORT,futures,STRICT_SUPPORT,2024-11-19 00:20:00+00:00,239.6926,239.4036,1.0094,2024-11-19 00:20:00+00:00,238.65,2024-11-19 00:25:00+00:00,238.77,0.0,0.093608,2024-11-19 00:30:00+00:00,238.6745,16.305748,3891.77,239.8945,239.8945,0,2024-11-19 00:40:00+00:00,240.1823,STOP_LOSS,2,-24.59,1.9459,1.9582,6.2563,-28.49,-1.432
239,BTCUSDT,SHORT,futures,STRICT_SUPPORT,2024-11-19 14:05:00+00:00,91906.3786,91809.1599,399.157,2024-11-19 14:05:00+00:00,91598.6,2024-11-19 14:10:00+00:00,91777.4,0.0,9.159879,2024-11-19 14:15:00+00:00,91740.689,0.080441,7379.71,91986.21,91984.6117,1,2024-11-19 14:40:00+00:00,92094.9932,TRAILING_STOP,5,-28.5,3.6899,3.7041,11.8417,-35.89,-1.817
240,SOLUSDT,SHORT,futures,STRICT_SUPPORT,2024-11-22 23:15:00+00:00,255.5696,255.2868,0.7632,2024-11-22 23:15:00+00:00,255.23,2024-11-22 23:20:00+00:00,254.97,0.0,0.056838,2024-11-22 23:25:00+00:00,254.868,22.909413,5838.88,255.7223,255.7223,0,2024-11-22 23:35:00+00:00,256.0291,STOP_LOSS,2,-26.6,2.9194,2.9327,9.3741,-32.45,-1.658
241,SOLUSDT,SHORT,futures,STRICT_SUPPORT,2024-11-23 10:35:00+00:00,258.5312,258.1881,0.7287,2024-11-23 10:35:00+00:00,256.97,2024-11-23 10:45:00+00:00,257.72,0.0,0.048051,2024-11-23 10:50:00+00:00,257.6269,18.48326,4761.79,258.6769,257.2332,1,2024-11-23 11:50:00+00:00,257.5419,TRAILING_STOP,12,1.57,2.3809,2.3801,7.617,-3.19,-0.164
242,SOLUSDT,SHORT,futures,STRICT_SUPPORT,2024-11-24 04:55:00+00:00,257.8018,257.4786,0.7222,2024-11-24 04:55:00+00:00,257.1,2024-11-24 05:05:00+00:00,257.38,0.0,0.068594,2024-11-24 05:10:00+00:00,257.277,28.980658,7456.06,257.9462,255.6125,10,2024-11-24 06:40:00+00:00,255.9193,TRAILING_STOP,18,39.35,3.728,3.7084,11.8825,31.91,1.646
243,BNBUSDT,SHORT,futures,STRICT_SUPPORT,2024-11-25 01:30:00+00:00,657.5388,656.3495,3.4444,2024-11-25 01:30:00+00:00,650.37,2024-11-25 02:00:00+00:00,655.96,0.0,0.169482,2024-11-25 02:05:00+00:00,655.6976,7.727913,5067.17,658.2276,658.2276,0,2024-11-25 03:15:00+00:00,659.0175,STOP_LOSS,14,-25.66,2.5336,2.5464,8.1383,-30.74,-1.572
244,SOLUSDT,SHORT,futures,STRICT_SUPPORT,2024-11-25 02:50:00+00:00,250.6164,250.3437,0.8797,2024-11-25 02:50:00+00:00,250.14,2024-11-25 02:55:00+00:00,250.16,0.0,0.033695,2024-11-25 03:00:00+00:00,250.0599,26.682649,6672.26,250.7923,250.7923,0,2024-11-25 03:15:00+00:00,251.0933,STOP_LOSS,3,-27.57,3.3361,3.3499,10.7087,-34.26,-1.753
245,ETHUSDT,SHORT,futures,STRICT_SUPPORT,2024-11-27 00:50:00+00:00,3327.632,3324.9267,10.5591,2024-11-27 00:50:00+00:00,3317.0,2024-11-27 01:10:00+00:00,3323.57,0.0,0.07668,2024-11-27 01:15:00+00:00,3322.2306,2.314932,7690.74,3329.7438,3329.7438,0,2024-11-27 01:20:00+00:00,3335.8783,STOP_LOSS,1,-31.59,3.8454,3.8612,12.3431,-39.3,-2.26
246,SOLUSDT,SHORT,futures,STRICT_SUPPORT,2024-12-01 10:40:00+00:00,237.0084,236.9091,0.4887,2024-12-01 10:40:00+00:00,236.31,2024-12-01 11:10:00+00:00,236.63,0.0,0.039149,2024-12-01 11:15:00+00:00,236.5254,32.183177,7612.14,237.1062,237.1062,0,2024-12-01 11:25:00+00:00,237.3907,STOP_LOSS,2,-27.85,3.8061,3.82,12.2128,-35.48,-1.898
247,SOLUSDT,SHORT,futures,STRICT_SUPPORT,2024-12-01 17:35:00+00:00,238.0457,237.8276,0.5654,2024-12-01 17:35:00+00:00,236.99,2024-12-01 18:05:00+00:00,237.55,0.0,0.027569,2024-12-01 18:10:00+00:00,237.465,27.17181,6452.35,238.1588,236.861,4,2024-12-01 19:05:00+00:00,237.1452,TRAILING_STOP,11,8.69,3.2262,3.2218,10.3133,2.24,0.119
248,BTCUSDT,SHORT,futures,STRICT_SUPPORT,2024-12-03 01:20:00+00:00,95845.5851,95780.4266,176.8773,2024-12-03 01:20:00+00:00,95706.3,2024-12-03 01:25:00+00:00,95644.7,0.0,16.726631,2024-12-03 01:30:00+00:00,95606.4421,0.068717,6569.82,95880.9605,95880.9605,0,2024-12-03 02:15:00+00:00,95996.0177,STOP_LOSS,9,-26.77,3.2849,3.2983,10.5438,-33.35,-1.768
249,SOLUSDT,SHORT,futures,STRICT_SUPPORT,2024-12-03 08:40:00+00:00,227.5351,227.2117,0.9155,2024-12-03 08:40:00+00:00,226.69,2024-12-03 08:50:00+00:00,227.15,0.0,0.041739,2024-12-03 08:55:00+00:00,227.0591,28.371505,6442.01,227.7182,225.6806,11,2024-12-03 10:05:00+00:00,225.9515,TRAILING_STOP,14,31.43,3.221,3.2053,10.2695,25.0,1.337
250,SOLUSDT,SHORT,futures,STRICT_SUPPORT,2024-12-04 21:55:00+00:00,232.2109,231.9447,1.3121,2024-12-04 21:55:00+00:00,229.81,2024-12-04 22:35:00+00:00,231.81,0.0,0.074691,2024-12-04 22:40:00+00:00,231.7073,24.571534,5693.4,232.4733,227.9766,9,2024-12-04 23:30:00+00:00,228.2501,TRAILING_STOP,10,84.95,2.8467,2.8042,9.0075,79.3,4.213
251,BNBUSDT,SHORT,futures,STRICT_SUPPORT,2024-12-05 19:05:00+00:00,730.3742,730.1005,2.9371,2024-12-05 19:05:00+00:00,727.33,2024-12-05 19:15:00+00:00,728.71,0.0,0.220458,2024-12-05 19:20:00+00:00,728.4485,7.647524,5570.83,730.9616,730.9616,0,2024-12-05 19:25:00+00:00,731.8387,STOP_LOSS,1,-25.93,2.7854,2.7984,8.9444,-31.51,-1.64
252,SOLUSDT,SHORT,futures,STRICT_SUPPORT,2024-12-08 16:45:00+00:00,236.6762,236.549,0.6475,2024-12-08 16:45:00+00:00,235.83,2024-12-08 16:50:00+00:00,236.08,0.0,0.048997,2024-12-08 16:55:00+00:00,235.9856,23.242364,5484.86,236.8057,236.4879,2,2024-12-08 17:20:00+00:00,236.7717,TRAILING_STOP,5,-18.27,2.7424,2.7516,8.7977,-23.77,-1.247
253,BNBUSDT,SHORT,futures,STRICT_SUPPORT,2024-12-08 17:00:00+00:00,741.3116,740.5806,1.6926,2024-12-08 17:00:00+00:00,739.99,2024-12-08 17:20:00+00:00,740.41,0.0,0.080625,2024-12-08 17:25:00+00:00,740.1038,10.237756,7577.0,741.6501,737.8686,16,2024-12-08 19:30:00+00:00,738.754,TRAILING_STOP,25,13.82,3.7885,3.7816,12.1066,6.25,0.395
254,BNBUSDT,SHORT,futures,STRICT_SUPPORT,2024-12-10 08:15:00+00:00,692.7603,692.1014,2.1634,2024-12-10 08:15:00+00:00,690.14,2024-12-10 08:20:00+00:00,691.9,0.0,0.12143,2024-12-10 08:25:00+00:00,691.6232,10.97346,7589.5,693.1929,693.1929,0,2024-12-10 08:30:00+00:00,694.5024,STOP_LOSS,1,-31.59,3.7947,3.8105,12.1811,-39.2,-2.276
255,SOLUSDT,SHORT,futures,STRICT_SUPPORT,2024-12-10 11:40:00+00:00,216.9381,216.7849,0.6794,2024-12-10 11:40:00+00:00,215.53,2024-12-10 11:50:00+00:00,216.49,0.0,0.044853,2024-12-10 11:55:00+00:00,216.4034,28.001572,6059.64,217.074,212.8083,8,2024-12-10 13:00:00+00:00,213.0637,TRAILING_STOP,13,93.52,3.0298,2.9831,9.5832,87.5,4.66
256,ETHUSDT,SHORT,futures,STRICT_SUPPORT,2024-12-10 23:35:00+00:00,3638.814,3635.1649,12.3835,2024-12-10 23:35:00+00:00,3624.48,2024-12-11 00:00:00+00:00,3632.16,0.0,1.154853,2024-12-11 00:05:00+00:00,3630.7071,1.815577,6591.83,3641.2907,3609.8943,5,2024-12-11 00:50:00+00:00,3614.2262,TRAILING_STOP,9,29.92,3.2959,3.281,10.511,23.35,1.215
257,BNBUSDT,SHORT,futures,STRICT_SUPPORT,2024-12-12 13:50:00+00:00,717.2074,716.2568,3.3048,2024-12-12 13:50:00+00:00,712.69,2024-12-12 14:00:00+00:00,713.73,0.0,0.126762,2024-12-12 14:05:00+00:00,713.4345,4.360092,3110.64,717.8684,717.8684,0,2024-12-12 15:00:00+00:00,718.7298,STOP_LOSS,11,-23.09,1.5553,1.5669,5.0047,-26.21,-1.356
258,BNBUSDT,SHORT,futures,STRICT_SUPPORT,2024-12-13 04:30:00+00:00,708.6591,708.0522,1.5797,2024-12-13 04:30:00+00:00,706.81,2024-12-13 04:35:00+00:00,707.28,0.0,0.052249,2024-12-13 04:40:00+00:00,706.9871,9.658613,6828.52,708.9751,708.9751,0,2024-12-13 04:50:00+00:00,709.8258,STOP_LOSS,2,-27.42,3.4143,3.428,10.9585,-34.26,-1.784
259,ETHUSDT,SHORT,futures,STRICT_SUPPORT,2024-12-13 07:05:00+00:00,3906.7661,3903.0499,11.5132,2024-12-13 07:05:00+00:00,3879.0,2024-12-13 07:45:00+00:00,3895.49,0.0,0.049881,2024-12-13 07:50:00+00:00,3893.9218,1.256337,4892.08,3909.0687,3891.7032,1,2024-12-13 08:10:00+00:00,3896.3732,TRAILING_STOP,4,-3.08,2.446,2.4476,7.831,-7.97,-0.419
260,ETHUSDT,SHORT,futures,STRICT_SUPPORT,2024-12-14 09:25:00+00:00,3920.9402,3919.0796,5.3737,2024-12-14 09:25:00+00:00,3914.2,2024-12-14 09:45:00+00:00,3915.6,0.0,0.499634,2024-12-14 09:50:00+00:00,3914.0238,1.940941,7596.89,3922.0149,3898.4589,7,2024-12-14 10:35:00+00:00,3903.1371,TRAILING_STOP,9,21.13,3.7984,3.7879,12.1297,13.54,0.873
261,BTCUSDT,SHORT,futures,STRICT_SUPPORT,2024-12-17 15:30:00+00:00,107129.6972,107029.2882,486.0211,2024-12-17 15:30:00+00:00,105769.1,2024-12-17 16:10:00+00:00,106982.7,0.0,7.088195,2024-12-17 16:15:00+00:00,106939.9069,0.066412,7102.12,107226.9014,107021.1495,7,2024-12-17 17:20:00+00:00,107149.5749,TRAILING_STOP,13,-13.92,3.5511,3.558,11.3801,-21.03,-1.104
262,BNBUSDT,SHORT,futures,STRICT_SUPPORT,2024-12-18 17:05:00+00:00,714.9883,714.1744,2.0021,2024-12-18 17:05:00+00:00,713.05,2024-12-18 17:10:00+00:00,713.92,0.0,0.0244,2024-12-18 17:15:00+00:00,713.6244,10.624509,7581.91,715.3887,714.7651,1,2024-12-18 17:35:00+00:00,715.6228,TRAILING_STOP,4,-21.23,3.791,3.8016,12.1565,-28.82,-1.538
263,SOLUSDT,SHORT,futures,STRICT_SUPPORT,2024-12-18 18:35:00+00:00,216.6319,216.4089,0.7878,2024-12-18 18:35:00+00:00,216.35,2024-12-18 18:40:00+00:00,216.01,0.0,0.048881,2024-12-18 18:45:00+00:00,215.9236,21.72528,4691.0,216.7894,216.7894,0,2024-12-18 18:50:00+00:00,217.0496,STOP_LOSS,1,-24.46,2.3455,2.3577,7.535,-29.17,-1.55
264,ETHUSDT,SHORT,futures,STRICT_SUPPORT,2024-12-18 19:15:00+00:00,3869.8963,3866.3406,20.5763,2024-12-18 19:15:00+00:00,3838.25,2024-12-18 19:20:00+00:00,3859.1,0.0,0.64065,2024-12-18 19:25:00+00:00,3857.5564,1.134284,4375.56,3874.0115,3722.1872,5,2024-12-18 20:10:00+00:00,3726.6538,TRAILING_STOP,9,148.48,2.1878,2.1135,6.8227,144.18,7.725
265,SOLUSDT,SHORT,futures,STRICT_SUPPORT,2024-12-22 02:55:00+00:00,182.3479,181.9392,0.9442,2024-12-22 02:55:00+00:00,181.75,2024-12-22 03:00:00+00:00,180.95,0.0,0.029249,2024-12-22 03:05:00+00:00,180.8776,11.683933,2113.36,182.5368,182.5368,0,2024-12-22 03:15:00+00:00,182.7558,STOP_LOSS,2,-21.95,1.0567,1.0677,3.4077,-24.07,-1.242
266,ETHUSDT,SHORT,futures,STRICT_SUPPORT,2024-12-23 14:50:00+00:00,3329.5938,3324.3321,15.8997,2024-12-23 14:50:00+00:00,3293.0,2024-12-23 14:55:00+00:00,3311.47,0.0,0.962123,2024-12-23 15:00:00+00:00,3310.1454,0.851384,2818.2,3332.7737,3299.3571,14,2024-12-23 16:25:00+00:00,3303.3163,TRAILING_STOP,17,5.81,1.4091,1.4062,4.5021,3.0,0.156
267,BNBUSDT,SHORT,futures,STRICT_SUPPORT,2024-12-24 20:25:00+00:00,693.3392,692.4265,1.8589,2024-12-24 20:25:00+00:00,689.81,2024-12-24 20:45:00+00:00,692.06,0.0,0.136521,2024-12-24 20:50:00+00:00,691.7932,10.05397,6955.27,693.711,693.711,0,2024-12-24 21:10:00+00:00,694.5434,STOP_LOSS,4,-27.65,3.4776,3.4915,11.1616,-34.62,-1.796
268,ETHUSDT,SHORT,futures,STRICT_SUPPORT,2024-12-26 01:25:00+00:00,3481.5607,3479.0762,8.6202,2024-12-26 01:25:00+00:00,3471.6,2024-12-26 01:50:00+00:00,3476.48,0.0,0.176233,2024-12-26 01:55:00+00:00,3475.0994,2.199475,7643.39,3483.2848,3472.8355,2,2024-12-26 02:15:00+00:00,3477.0029,TRAILING_STOP,4,-4.19,3.8217,3.8238,12.2345,-11.83,-0.657
269,BTCUSDT,SHORT,futures,STRICT_SUPPORT,2024-12-27 01:20:00+00:00,95762.4748,95714.4467,158.6089,2024-12-27 01:20:00+00:00,95707.0,2024-12-27 01:25:00+00:00,95640.8,0.0,7.446679,2024-12-27 01:30:00+00:00,95602.5437,0.079702,7619.73,95794.1966,95794.1966,0,2024-12-27 01:35:00+00:00,95918.264,STOP_LOSS,1,-25.16,3.8099,3.8224,12.2218,-32.8,-2.147
270,BNBUSDT,SHORT,futures,STRICT_SUPPORT,2024-12-27 03:45:00+00:00,689.8684,689.6805,1.3017,2024-12-27 03:45:00+00:00,689.13,2024-12-27 03:50:00+00:00,688.88,0.0,0.000514,2024-12-27 03:55:00+00:00,688.6044,10.970212,7554.14,690.1287,690.1287,0,2024-12-27 04:05:00+00:00,690.9569,STOP_LOSS,2,-25.81,3.7771,3.79,12.1176,-33.37,-1.996
271,SOLUSDT,SHORT,futures,STRICT_SUPPORT,2024-12-30 02:30:00+00:00,191.8607,191.6113,0.7893,2024-12-30 02:30:00+00:00,190.78,2024-12-30 02:35:00+00:00,191.33,0.0,0.071322,2024-12-30 02:40:00+00:00,191.2535,24.464034,4678.83,192.0186,192.0186,0,2024-12-30 02:45:00+00:00,192.249,STOP_LOSS,1,-24.36,2.3394,2.3516,7.5154,-29.05,-1.552
272,ETHUSDT,SHORT,futures,STRICT_SUPPORT,2025-01-01 16:35:00+00:00,3344.6312,3341.9469,6.2862,2025-01-01 16:35:00+00:00,3341.63,2025-01-01 16:40:00+00:00,3335.4,0.0,0.146942,2025-01-01 16:45:00+00:00,3334.0658,1.570999,5237.81,3345.8884,3334.0612,1,2025-01-01 17:25:00+00:00,3338.0621,TRAILING_STOP,8,-6.28,2.6189,2.622,8.388,-11.52,-0.62
273,BNBUSDT,SHORT,futures,STRICT_SUPPORT,2025-01-08 14:35:00+00:00,696.5238,696.3802,2.4178,2025-01-08 14:35:00+00:00,694.84,2025-01-08 14:45:00+00:00,694.01,0.0,0.230179,2025-01-08 14:50:00+00:00,693.7324,5.653642,3922.11,697.0074,697.0074,0,2025-01-08 15:00:00+00:00,697.8438,STOP_LOSS,2,-23.24,1.9611,1.9727,6.3033,-27.18,-1.468
274,SOLUSDT,SHORT,futures,STRICT_SUPPORT,2025-01-08 16:10:00+00:00,197.3088,197.1107,0.9206,2025-01-08 16:10:00+00:00,196.92,2025-01-08 16:15:00+00:00,196.92,0.0,0.060739,2025-01-08 16:20:00+00:00,196.8512,28.643405,5638.49,197.4929,197.4929,0,2025-01-08 16:30:00+00:00,197.7299,STOP_LOSS,2,-25.17,2.8192,2.8318,9.0518,-30.82,-1.677
275,ETHUSDT,SHORT,futures,STRICT_SUPPORT,2025-01-09 10:15:00+00:00,3315.7886,3313.1367,7.7732,2025-01-09 10:15:00+00:00,3307.49,2025-01-09 10:55:00+00:00,3310.85,0.0,0.126717,2025-01-09 11:00:00+00:00,3309.5157,2.202819,7290.26,3317.3432,3317.3432,0,2025-01-09 11:10:00+00:00,3321.324,STOP_LOSS,2,-26.01,3.6451,3.6581,11.6956,-33.31,-1.932
276,BNBUSDT,SHORT,futures,STRICT_SUPPORT,2025-01-09 17:15:00+00:00,693.9241,693.3114,1.6896,2025-01-09 17:15:00+00:00,692.82,2025-01-09 17:20:00+00:00,692.19,0.0,0.121408,2025-01-09 17:25:00+00:00,691.9231,7.721334,5342.57,694.262,688.2605,4,2025-01-09 18:30:00+00:00,689.0864,TRAILING_STOP,13,21.9,2.6713,2.6603,8.5218,16.57,0.918
277,BTCUSDT,SHORT,futures,STRICT_SUPPORT,2025-01-13 05:00:00+00:00,94484.386,94433.5649,159.5728,2025-01-13 05:00:00+00:00,94330.7,2025-01-13 05:20:00+00:00,94315.2,0.0,4.564911,2025-01-13 05:25:00+00:00,94277.274,0.075899,7155.58,94516.3005,94291.9662,3,2025-01-13 06:05:00+00:00,94405.1166,TRAILING_STOP,8,-9.7,3.5778,3.5826,11.4606,-16.86,-0.93
279,BTCUSDT,SHORT,futures,STRICT_SUPPORT,2025-01-13 18:15:00+00:00,91945.1172,91799.6321,369.2323,2025-01-13 18:15:00+00:00,91793.8,2025-01-13 18:20:00+00:00,91594.6,0.0,5.832068,2025-01-13 18:25:00+00:00,91557.8622,0.039915,3654.5,92018.9637,92018.9637,0,2025-01-13 18:30:00+00:00,92129.3865,STOP_LOSS,1,-22.81,1.8272,1.8387,5.8746,-26.48,-1.439
278,BNBUSDT,SHORT,futures,STRICT_SUPPORT,2025-01-13 17:50:00+00:00,673.6481,673.1427,2.2566,2025-01-13 17:50:00+00:00,669.47,2025-01-13 18:00:00+00:00,672.93,0.0,0.202695,2025-01-13 18:05:00+00:00,672.6608,10.738025,7223.05,674.0994,670.1629,4,2025-01-13 18:45:00+00:00,670.9671,TRAILING_STOP,8,18.19,3.6115,3.6024,11.5351,10.97,0.71
280,ETHUSDT,SHORT,futures,STRICT_SUPPORT,2025-01-16 21:25:00+00:00,3332.7785,3328.6913,9.5127,2025-01-16 21:25:00+00:00,3319.0,2025-01-16 21:45:00+00:00,3322.12,0.0,0.921252,2025-01-16 21:50:00+00:00,3320.7812,1.293541,4295.57,3334.6811,3287.6502,7,2025-01-16 22:45:00+00:00,3291.5954,TRAILING_STOP,11,37.75,2.1478,2.1289,6.8276,33.48,1.862
281,SOLUSDT,SHORT,futures,STRICT_SUPPORT,2025-01-20 15:15:00+00:00,256.55,255.9483,2.4326,2025-01-20 15:15:00+00:00,254.54,2025-01-20 15:20:00+00:00,255.46,0.0,0.00826,2025-01-20 15:25:00+00:00,255.3478,10.746205,2744.02,257.0366,257.0366,0,2025-01-20 15:30:00+00:00,257.345,STOP_LOSS,1,-21.46,1.372,1.3827,4.4162,-24.22,-1.334
282,ETHUSDT,SHORT,futures,STRICT_SUPPORT,2025-01-20 21:00:00+00:00,3331.9625,3330.0694,13.7209,2025-01-20 21:00:00+00:00,3327.57,2025-01-20 21:05:00+00:00,3318.12,0.0,0.479403,2025-01-20 21:10:00+00:00,3316.7928,1.006281,3337.63,3334.7066,3334.7066,0,2025-01-20 21:20:00+00:00,3338.7083,STOP_LOSS,2,-22.05,1.6688,1.6798,5.3667,-25.4,-1.409
283,SOLUSDT,SHORT,futures,STRICT_SUPPORT,2025-01-21 15:05:00+00:00,240.1177,239.6548,2.3261,2025-01-21 15:05:00+00:00,237.58,2025-01-21 15:20:00+00:00,239.12,0.0,0.184838,2025-01-21 15:25:00+00:00,238.9944,11.267951,2692.98,240.5829,240.5829,0,2025-01-21 15:55:00+00:00,240.8716,STOP_LOSS,6,-21.15,1.3465,1.3571,4.3341,-23.86,-1.333
284,BTCUSDT,SHORT,futures,STRICT_SUPPORT,2025-01-31 14:40:00+00:00,104565.7239,104507.3184,244.676,2025-01-31 14:40:00+00:00,104441.4,2025-01-31 14:45:00+00:00,104214.6,0.0,23.418376,2025-01-31 14:50:00+00:00,104172.8142,0.040241,4191.98,104614.6591,104614.6591,0,2025-01-31 15:00:00+00:00,104740.1967,STOP_LOSS,2,-22.83,2.096,2.1074,6.7346,-27.04,-1.521
285,SOLUSDT,SHORT,futures,STRICT_SUPPORT,2025-01-31 17:10:00+00:00,238.6979,238.3716,0.8201,2025-01-31 17:10:00+00:00,237.61,2025-01-31 17:25:00+00:00,238.11,0.0,0.041592,2025-01-31 17:30:00+00:00,238.0148,20.827217,4957.19,238.862,231.996,18,2025-01-31 19:30:00+00:00,232.2743,TRAILING_STOP,24,119.56,2.4786,2.4188,7.788,114.66,6.498
286,BNBUSDT,SHORT,futures,STRICT_SUPPORT,2025-02-02 10:50:00+00:00,656.4113,656.0052,1.2509,2025-02-02 10:50:00+00:00,655.78,2025-02-02 10:55:00+00:00,654.92,0.0,0.015218,2025-02-02 11:00:00+00:00,654.668,9.13878,5982.87,656.6615,649.2275,9,2025-02-02 12:05:00+00:00,650.0065,TRAILING_STOP,13,42.6,2.9914,2.9701,9.5215,36.64,2.011
287,SOLUSDT,SHORT,futures,STRICT_SUPPORT,2025-02-03 08:45:00+00:00,195.9756,195.5175,1.5354,2025-02-03 08:45:00+00:00,193.76,2025-02-03 08:55:00+00:00,195.45,0.0,0.037493,2025-02-03 09:00:00+00:00,195.3718,20.201739,3946.85,196.2827,196.2827,0,2025-02-03 09:05:00+00:00,198.6681,STOP_LOSS,1,-66.59,1.9734,2.0067,6.3949,-70.57,-3.835
288,BNBUSDT,SHORT,futures,STRICT_SUPPORT,2025-02-03 13:20:00+00:00,575.1959,574.7871,2.4134,2025-02-03 13:20:00+00:00,571.62,2025-02-03 13:40:00+00:00,574.3,0.0,0.087135,2025-02-03 13:45:00+00:00,574.0603,11.153201,6402.61,575.6785,565.4381,4,2025-02-03 14:30:00+00:00,566.1166,TRAILING_STOP,9,88.6,3.2013,3.157,10.1379,82.24,4.557
289,BNBUSDT,SHORT,futures,STRICT_SUPPORT,2025-02-04 16:30:00+00:00,584.0686,583.233,2.6074,2025-02-04 16:30:00+00:00,582.06,2025-02-04 16:45:00+00:00,582.23,0.0,0.012979,2025-02-04 16:50:00+00:00,582.0071,7.146636,4159.39,584.5901,584.5901,0,2025-02-04 17:10:00+00:00,585.2916,STOP_LOSS,4,-23.47,2.0797,2.0914,6.6832,-27.64,-1.498
290,BTCUSDT,SHORT,futures,STRICT_SUPPORT,2025-02-04 16:50:00+00:00,99385.0905,99305.3253,321.1827,2025-02-04 16:50:00+00:00,99130.1,2025-02-04 17:05:00+00:00,99129.3,0.0,31.225298,2025-02-04 17:10:00+00:00,99089.6483,0.050939,5047.49,99449.327,99449.327,0,2025-02-04 17:15:00+00:00,99568.6662,STOP_LOSS,1,-24.4,2.5237,2.5359,8.1053,-29.46,-1.608
291,BTCUSDT,SHORT,futures,STRICT_SUPPORT,2025-02-05 06:15:00+00:00,98040.0378,97968.858,194.1137,2025-02-05 06:15:00+00:00,97957.0,2025-02-05 06:20:00+00:00,97825.0,0.0,11.858044,2025-02-05 06:25:00+00:00,97785.77,0.062009,6063.59,98078.8605,97657.3672,5,2025-02-05 07:40:00+00:00,97774.5561,TRAILING_STOP,15,0.7,3.0318,3.0314,9.7009,-5.37,-0.295
292,BNBUSDT,SHORT,futures,STRICT_SUPPORT,2025-02-05 15:15:00+00:00,574.9242,574.4511,2.1891,2025-02-05 15:15:00+00:00,571.42,2025-02-05 15:25:00+00:00,574.31,0.0,0.141068,2025-02-05 15:30:00+00:00,574.0703,12.644723,7258.96,575.362,566.9735,11,2025-02-05 16:45:00+00:00,567.6539,TRAILING_STOP,15,81.13,3.6295,3.5889,11.517,73.92,4.525
293,BNBUSDT,SHORT,futures,STRICT_SUPPORT,2025-02-05 22:45:00+00:00,569.1423,568.4605,1.8777,2025-02-05 22:45:00+00:00,567.44,2025-02-05 23:00:00+00:00,567.9,0.0,0.080466,2025-02-05 23:05:00+00:00,567.6229,9.771537,5546.55,569.5179,569.5179,0,2025-02-05 23:10:00+00:00,570.2013,STOP_LOSS,1,-25.2,2.7733,2.7859,8.9047,-30.75,-1.661
294,ETHUSDT,SHORT,futures,STRICT_SUPPORT,2025-02-08 15:15:00+00:00,2616.085,2613.6509,8.1899,2025-02-08 15:15:00+00:00,2611.99,2025-02-08 15:20:00+00:00,2611.04,0.0,0.460855,2025-02-08 15:25:00+00:00,2609.9956,2.376372,6202.32,2617.723,2603.1928,4,2025-02-08 15:55:00+00:00,2606.3166,TRAILING_STOP,6,8.74,3.1012,3.0968,9.9132,2.54,0.139
295,BTCUSDT,SHORT,futures,STRICT_SUPPORT,2025-02-10 15:30:00+00:00,97489.4423,97384.0304,268.2969,2025-02-10 15:30:00+00:00,97018.7,2025-02-10 16:10:00+00:00,97143.5,0.0,1.730353,2025-02-10 16:15:00+00:00,97104.5426,0.041901,4068.75,97543.1017,97543.1017,0,2025-02-10 19:00:00+00:00,97660.1534,STOP_LOSS,33,-23.28,2.0344,2.046,6.5379,-27.36,-1.489
296,BTCUSDT,SHORT,futures,STRICT_SUPPORT,2025-02-13 15:50:00+00:00,96090.5061,95965.4604,296.7675,2025-02-13 15:50:00+00:00,95882.3,2025-02-13 15:55:00+00:00,95943.5,0.0,15.460392,2025-02-13 16:00:00+00:00,95904.8227,0.074434,7138.6,96149.8596,95651.9792,11,2025-02-13 17:10:00+00:00,95766.7616,TRAILING_STOP,14,10.28,3.5693,3.5642,11.4094,3.14,0.172
297,BTCUSDT,SHORT,futures,STRICT_SUPPORT,2025-02-14 15:20:00+00:00,96820.1738,96796.9017,306.9652,2025-02-14 15:20:00+00:00,96574.5,2025-02-14 15:45:00+00:00,96665.7,0.0,24.301745,2025-02-14 15:50:00+00:00,96627.1337,0.071747,6932.72,96881.5668,96881.5668,0,2025-02-14 15:55:00+00:00,97062.8358,STOP_LOSS,1,-31.26,3.4664,3.482,11.1299,-38.21,-2.093
298,ETHUSDT,SHORT,futures,STRICT_SUPPORT,2025-02-15 23:55:00+00:00,2693.8846,2692.8862,2.9601,2025-02-15 23:55:00+00:00,2691.73,2025-02-16 00:05:00+00:00,2689.8,0.0,0.116224,2025-02-16 00:10:00+00:00,2688.7241,2.687341,7225.52,2694.4767,2694.4767,0,2025-02-16 00:15:00+00:00,2697.71,STOP_LOSS,1,-24.15,3.6128,3.6248,11.5898,-31.39,-2.03
299,SOLUSDT,SHORT,futures,STRICT_SUPPORT,2025-02-16 02:05:00+00:00,194.4355,194.3902,0.4269,2025-02-16 02:05:00+00:00,194.3,2025-02-16 02:10:00+00:00,193.71,0.0,0.030167,2025-02-16 02:15:00+00:00,193.6225,19.933185,3859.51,194.5209,194.5209,0,2025-02-16 03:55:00+00:00,194.7543,STOP_LOSS,20,-22.56,1.9298,1.941,6.2023,-26.43,-1.476
300,SOLUSDT,SHORT,futures,STRICT_SUPPORT,2025-02-17 14:55:00+00:00,184.8746,184.7313,0.7528,2025-02-17 14:55:00+00:00,184.19,2025-02-17 15:00:00+00:00,183.62,0.0,0.03128,2025-02-17 15:05:00+00:00,183.5466,12.020976,2206.41,185.0252,181.0879,7,2025-02-17 16:00:00+00:00,181.3052,TRAILING_STOP,11,26.94,1.1032,1.0897,3.4979,24.75,1.392
301,BNBUSDT,SHORT,futures,STRICT_SUPPORT,2025-02-19 22:45:00+00:00,652.5388,651.9643,1.7109,2025-02-19 22:45:00+00:00,650.84,2025-02-19 22:55:00+00:00,650.96,0.0,0.164302,2025-02-19 23:00:00+00:00,650.7096,8.242955,5363.77,652.881,652.881,0,2025-02-19 23:05:00+00:00,654.0539,STOP_LOSS,1,-27.57,2.6819,2.6957,8.6151,-32.94,-1.841
302,SOLUSDT,SHORT,futures,STRICT_SUPPORT,2025-02-20 01:40:00+00:00,168.9078,168.7088,0.6764,2025-02-20 01:40:00+00:00,168.12,2025-02-20 02:00:00+00:00,168.45,0.0,0.058813,2025-02-20 02:05:00+00:00,168.3926,27.263067,4590.9,169.0431,169.0431,0,2025-02-20 02:10:00+00:00,169.2459,STOP_LOSS,1,-23.26,2.2954,2.3071,7.3734,-27.87,-1.571
303,BTCUSDT,SHORT,futures,STRICT_SUPPORT,2025-02-21 16:40:00+00:00,98529.8751,98350.6941,371.409,2025-02-21 16:40:00+00:00,98326.2,2025-02-21 16:45:00+00:00,98173.6,0.0,24.394097,2025-02-21 16:50:00+00:00,98134.4305,0.037457,3675.84,98604.1569,96776.6665,15,2025-02-21 19:05:00+00:00,96892.7985,TRAILING_STOP,27,46.51,1.8379,1.8147,5.8255,42.86,2.436
304,SOLUSDT,SHORT,futures,STRICT_SUPPORT,2025-02-22 03:55:00+00:00,170.688,170.5493,0.4302,2025-02-22 03:55:00+00:00,170.29,2025-02-22 04:00:00+00:00,170.46,0.0,0.029293,2025-02-22 04:05:00+00:00,170.3818,41.80943,7123.57,170.774,170.774,0,2025-02-22 04:25:00+00:00,170.9789,STOP_LOSS,4,-24.97,3.5618,3.5743,11.4277,-32.1,-1.958
305,ETHUSDT,SHORT,futures,STRICT_SUPPORT,2025-02-23 15:45:00+00:00,2797.6335,2794.0499,7.2954,2025-02-23 15:45:00+00:00,2777.88,2025-02-23 16:05:00+00:00,2792.43,0.0,0.369924,2025-02-23 16:10:00+00:00,2791.313,2.26855,6332.23,2799.0926,2799.0926,0,2025-02-23 16:15:00+00:00,2802.4515,STOP_LOSS,1,-25.27,3.1661,3.1788,10.1619,-31.61,-1.791
306,SOLUSDT,SHORT,futures,STRICT_SUPPORT,2025-02-26 05:10:00+00:00,143.3582,143.1845,0.7147,2025-02-26 05:10:00+00:00,142.55,2025-02-26 05:25:00+00:00,142.44,0.0,0.014516,2025-02-26 05:30:00+00:00,142.373,15.504321,2207.4,143.5011,142.1197,7,2025-02-26 06:35:00+00:00,142.2902,TRAILING_STOP,13,1.28,1.1037,1.1031,3.5303,-0.92,-0.053
307,BTCUSDT,SHORT,futures,STRICT_SUPPORT,2025-03-04 14:55:00+00:00,83672.6334,83378.5337,853.4051,2025-03-04 14:55:00+00:00,83157.1,2025-03-04 15:00:00+00:00,82955.3,0.0,41.333729,2025-03-04 15:05:00+00:00,82922.4178,0.018988,1574.51,83843.3144,82782.9468,3,2025-03-04 15:35:00+00:00,82882.2864,TRAILING_STOP,6,0.76,0.7873,0.7869,2.5183,-0.81,-0.046
308,ETHUSDT,SHORT,futures,STRICT_SUPPORT,2025-03-04 14:55:00+00:00,2091.665,2086.5179,30.5341,2025-03-04 14:55:00+00:00,2077.07,2025-03-04 15:00:00+00:00,2069.02,0.0,0.267929,2025-03-04 15:05:00+00:00,2068.2724,0.592748,1225.96,2097.7718,2072.5752,4,2025-03-04 15:40:00+00:00,2075.0623,TRAILING_STOP,7,-4.02,0.613,0.615,1.9664,-5.25,-0.3
309,ETHUSDT,SHORT,futures,STRICT_SUPPORT,2025-03-05 18:30:00+00:00,2195.982,2191.0853,10.5746,2025-03-05 18:30:00+00:00,2187.4,2025-03-05 18:35:00+00:00,2188.51,0.0,0.595257,2025-03-05 18:40:00+00:00,2187.6346,1.6684,3649.85,2198.097,2198.097,0,2025-03-05 18:50:00+00:00,2200.7347,STOP_LOSS,2,-21.86,1.8249,1.8359,5.866,-25.52,-1.462
310,BNBUSDT,SHORT,futures,STRICT_SUPPORT,2025-03-07 18:20:00+00:00,601.2824,600.5083,1.8827,2025-03-07 18:20:00+00:00,599.32,2025-03-07 18:25:00+00:00,600.13,0.0,0.048329,2025-03-07 18:30:00+00:00,599.8899,9.795051,5875.95,601.659,601.659,0,2025-03-07 18:35:00+00:00,602.381,STOP_LOSS,1,-24.4,2.938,2.9502,9.4308,-30.29,-1.748
311,BTCUSDT,SHORT,futures,STRICT_SUPPORT,2025-03-09 02:35:00+00:00,86210.6946,86196.6171,101.4728,2025-03-09 02:35:00+00:00,86187.4,2025-03-09 02:40:00+00:00,86092.1,0.0,2.817112,2025-03-09 02:45:00+00:00,86057.6632,0.079837,6870.55,86230.9891,85919.3624,6,2025-03-09 06:30:00+00:00,86022.4656,TRAILING_STOP,45,2.81,3.4353,3.4339,10.9895,-4.06,-0.293
312,SOLUSDT,SHORT,futures,STRICT_SUPPORT,2025-03-10 08:20:00+00:00,127.6914,127.5949,0.5575,2025-03-10 08:20:00+00:00,127.38,2025-03-10 08:25:00+00:00,127.11,0.0,0.054943,2025-03-10 08:30:00+00:00,127.0592,23.066803,2930.85,127.8029,126.9768,6,2025-03-10 09:15:00+00:00,127.1292,TRAILING_STOP,9,-1.62,1.4654,1.4662,4.6913,-4.55,-0.265
313,SOLUSDT,SHORT,futures,STRICT_SUPPORT,2025-03-10 10:20:00+00:00,128.0166,127.7539,0.8906,2025-03-10 10:20:00+00:00,127.18,2025-03-10 10:50:00+00:00,127.6,0.0,0.013874,2025-03-10 10:55:00+00:00,127.559,26.950822,3437.82,128.1947,128.1947,0,2025-03-10 11:20:00+00:00,128.3485,STOP_LOSS,5,-21.28,1.7189,1.7295,5.526,-24.73,-1.443
314,ETHUSDT,SHORT,futures,STRICT_SUPPORT,2025-03-12 10:15:00+00:00,1898.1357,1897.7546,11.5378,2025-03-12 10:15:00+00:00,1887.18,2025-03-12 10:25:00+00:00,1893.36,0.0,0.114601,2025-03-12 10:30:00+00:00,1892.5727,2.161183,4090.2,1900.4432,1900.4432,0,2025-03-12 10:45:00+00:00,1902.7238,STOP_LOSS,3,-21.94,2.0451,2.0561,6.5706,-26.04,-1.531
315,ETHUSDT,SHORT,futures,STRICT_SUPPORT,2025-03-13 15:05:00+00:00,1887.1106,1884.1741,9.2704,2025-03-13 15:05:00+00:00,1873.27,2025-03-13 15:25:00+00:00,1879.61,0.0,0.854102,2025-03-13 15:30:00+00:00,1878.8482,1.668506,3134.87,1888.9647,1837.4203,22,2025-03-13 18:05:00+00:00,1839.6252,TRAILING_STOP,31,65.44,1.5674,1.5347,4.9373,62.34,3.693
316,ETHUSDT,SHORT,futures,STRICT_SUPPORT,2025-03-17 08:10:00+00:00,1897.9195,1897.2182,3.5236,2025-03-17 08:10:00+00:00,1896.96,2025-03-17 08:15:00+00:00,1892.71,0.0,0.218216,2025-03-17 08:20:00+00:00,1891.9529,2.576993,4875.55,1898.6242,1898.6242,0,2025-03-17 08:25:00+00:00,1900.9026,STOP_LOSS,1,-23.06,2.4378,2.4493,7.8286,-27.95,-1.626
317,BTCUSDT,SHORT,futures,STRICT_SUPPORT,2025-03-17 13:45:00+00:00,83305.7359,83197.7112,342.2451,2025-03-17 13:45:00+00:00,82971.7,2025-03-17 13:55:00+00:00,82971.4,0.0,12.311176,2025-03-17 14:00:00+00:00,82938.2114,0.039113,3243.94,83374.185,82993.1401,4,2025-03-17 14:30:00+00:00,83092.7318,TRAILING_STOP,6,-6.04,1.622,1.625,5.1976,-9.29,-0.545
318,BNBUSDT,SHORT,futures,STRICT_SUPPORT,2025-03-18 03:15:00+00:00,628.7154,628.3153,2.1765,2025-03-18 03:15:00+00:00,626.62,2025-03-18 03:20:00+00:00,627.71,0.0,0.135281,2025-03-18 03:25:00+00:00,627.4489,9.992957,6270.07,629.1507,629.1507,0,2025-03-18 03:45:00+00:00,629.9057,STOP_LOSS,4,-24.55,3.135,3.1473,10.0616,-30.83,-1.813
319,BNBUSDT,SHORT,futures,STRICT_SUPPORT,2025-03-18 20:10:00+00:00,631.6736,631.3782,1.3993,2025-03-18 20:10:00+00:00,629.1,2025-03-18 20:40:00+00:00,630.68,0.0,0.008211,2025-03-18 20:45:00+00:00,630.4277,10.692116,6740.61,631.9535,629.3152,9,2025-03-18 21:55:00+00:00,630.0704,TRAILING_STOP,14,3.82,3.3703,3.3684,10.7804,-2.92,-0.179
320,BTCUSDT,SHORT,futures,STRICT_SUPPORT,2025-03-21 15:10:00+00:00,83987.7778,83916.2401,229.3481,2025-03-21 15:10:00+00:00,83785.1,2025-03-21 15:15:00+00:00,83717.9,0.0,20.340113,2025-03-21 15:20:00+00:00,83684.3129,0.048197,4033.34,84033.6474,83748.7481,1,2025-03-21 16:10:00+00:00,83849.2466,TRAILING_STOP,10,-7.95,2.0167,2.0206,6.4629,-11.99,-0.712
321,SOLUSDT,SHORT,futures,STRICT_SUPPORT,2025-03-27 08:40:00+00:00,138.7125,138.6616,0.4469,2025-03-27 08:40:00+00:00,138.56,2025-03-27 08:45:00+00:00,138.52,0.0,0.011645,2025-03-27 08:50:00+00:00,138.4646,48.467261,6711.0,138.8018,138.2426,7,2025-03-27 09:50:00+00:00,138.4085,TRAILING_STOP,12,2.72,3.3555,3.3541,10.7343,-3.99,-0.244
322,ETHUSDT,SHORT,futures,STRICT_SUPPORT,2025-03-31 03:35:00+00:00,1809.1426,1807.4893,5.7576,2025-03-31 03:35:00+00:00,1806.92,2025-03-31 03:40:00+00:00,1803.74,0.0,0.159344,2025-03-31 03:45:00+00:00,1803.0185,2.303248,4152.8,1810.2941,1802.7295,7,2025-03-31 04:35:00+00:00,1804.8928,TRAILING_STOP,10,-4.32,2.0764,2.0786,6.6497,-8.47,-0.506
323,SOLUSDT,SHORT,futures,STRICT_SUPPORT,2025-03-31 04:05:00+00:00,125.3775,125.239,0.5071,2025-03-31 04:05:00+00:00,124.88,2025-03-31 04:35:00+00:00,125.22,0.0,0.008962,2025-03-31 04:40:00+00:00,125.1699,53.415953,6686.07,125.4789,125.4789,0,2025-03-31 05:00:00+00:00,125.6295,STOP_LOSS,4,-24.55,3.343,3.3553,10.7272,-31.25,-1.893
324,SOLUSDT,SHORT,futures,STRICT_SUPPORT,2025-04-01 23:50:00+00:00,126.7997,126.673,0.3141,2025-04-01 23:50:00+00:00,126.62,2025-04-01 23:55:00+00:00,126.6,0.0,0.023016,2025-04-02 00:00:00+00:00,126.5494,52.339884,6623.58,126.8625,126.82,1,2025-04-02 00:30:00+00:00,126.9722,TRAILING_STOP,6,-22.13,3.3118,3.3229,10.6243,-28.77,-1.755
325,ETHUSDT,SHORT,futures,STRICT_SUPPORT,2025-04-02 14:30:00+00:00,1871.145,1869.6369,9.2539,2025-04-02 14:30:00+00:00,1868.66,2025-04-02 14:35:00+00:00,1868.58,0.0,0.276879,2025-04-02 14:40:00+00:00,1867.8226,3.173084,5926.76,1872.9958,1872.9958,0,2025-04-02 14:45:00+00:00,1875.2434,STOP_LOSS,1,-23.55,2.9634,2.9752,9.5111,-29.49,-1.796
326,SOLUSDT,SHORT,futures,STRICT_SUPPORT,2025-04-04 02:25:00+00:00,116.0272,115.8109,0.4438,2025-04-04 02:25:00+00:00,115.65,2025-04-04 02:30:00+00:00,115.76,0.0,0.030904,2025-04-04 02:35:00+00:00,115.7237,41.465208,4798.51,116.116,116.116,0,2025-04-04 02:45:00+00:00,116.2554,STOP_LOSS,2,-22.05,2.3993,2.4103,7.7041,-26.85,-1.651
327,ETHUSDT,SHORT,futures,STRICT_SUPPORT,2025-04-08 12:50:00+00:00,1574.9711,1573.3113,5.4979,2025-04-08 12:50:00+00:00,1569.84,2025-04-08 12:55:00+00:00,1570.71,0.0,0.261251,2025-04-08 13:00:00+00:00,1570.0617,2.684878,4215.42,1576.0707,1576.0707,0,2025-04-08 13:05:00+00:00,1577.962,STOP_LOSS,1,-21.21,2.1077,2.1183,6.7701,-25.44,-1.577
328,ETHUSDT,SHORT,futures,STRICT_SUPPORT,2025-04-10 12:45:00+00:00,1601.898,1596.2494,11.8403,2025-04-10 12:45:00+00:00,1589.03,2025-04-10 13:20:00+00:00,1592.68,0.0,0.579408,2025-04-10 13:25:00+00:00,1592.0329,1.308436,2083.07,1604.266,1579.457,1,2025-04-10 13:50:00+00:00,1581.3524,TRAILING_STOP,5,13.97,1.0415,1.0345,3.3161,11.9,0.743
329,ETHUSDT,SHORT,futures,STRICT_SUPPORT,2025-04-12 00:15:00+00:00,1567.0809,1565.1016,4.0418,2025-04-12 00:15:00+00:00,1562.42,2025-04-12 00:20:00+00:00,1561.86,0.0,0.071579,2025-04-12 00:25:00+00:00,1561.2353,2.414452,3769.53,1567.8892,1552.7144,4,2025-04-12 02:15:00+00:00,1554.5777,TRAILING_STOP,22,16.07,1.8848,1.8767,6.012,12.31,0.766
330,BTCUSDT,SHORT,futures,STRICT_SUPPORT,2025-04-13 20:25:00+00:00,84315.548,84193.2765,269.4062,2025-04-13 20:25:00+00:00,84150.1,2025-04-13 20:30:00+00:00,83957.8,0.0,20.176477,2025-04-13 20:35:00+00:00,83924.2169,0.036224,3040.05,84369.4293,83582.5368,7,2025-04-13 21:20:00+00:00,83682.8358,TRAILING_STOP,9,8.74,1.52,1.5157,4.8536,5.71,0.354
331,ETHUSDT,SHORT,futures,STRICT_SUPPORT,2025-04-15 14:05:00+00:00,1636.9819,1636.515,10.7525,2025-04-15 14:05:00+00:00,1631.12,2025-04-15 14:10:00+00:00,1629.42,0.0,0.035025,2025-04-15 14:15:00+00:00,1628.7682,1.558819,2538.95,1639.1324,1621.1073,4,2025-04-15 14:40:00+00:00,1623.0526,TRAILING_STOP,5,8.91,1.2695,1.265,4.0516,6.38,0.395
332,ETHUSDT,SHORT,futures,STRICT_SUPPORT,2025-04-15 14:25:00+00:00,1634.8929,1629.7057,12.3579,2025-04-15 14:25:00+00:00,1611.67,2025-04-15 14:40:00+00:00,1624.72,0.0,0.705706,2025-04-15 14:45:00+00:00,1624.0701,1.217637,1977.53,1637.3645,1613.1603,5,2025-04-15 18:40:00+00:00,1615.0961,TRAILING_STOP,47,10.93,0.9888,0.9833,3.1509,8.95,0.553
333,SOLUSDT,SHORT,futures,STRICT_SUPPORT,2025-04-16 12:55:00+00:00,125.6585,125.5198,0.4246,2025-04-16 12:55:00+00:00,125.16,2025-04-16 13:10:00+00:00,125.21,0.0,0.019778,2025-04-16 13:15:00+00:00,125.1499,27.352089,3423.11,125.7434,125.347,1,2025-04-16 13:35:00+00:00,125.4974,TRAILING_STOP,4,-9.51,1.7116,1.7163,5.4884,-12.93,-0.797
334,ETHUSDT,SHORT,futures,STRICT_SUPPORT,2025-04-20 06:00:00+00:00,1613.2917,1612.6559,1.8431,2025-04-20 06:00:00+00:00,1610.41,2025-04-20 06:10:00+00:00,1609.88,0.0,0.015869,2025-04-20 06:15:00+00:00,1609.2261,3.646086,5867.38,1613.6604,1590.037,8,2025-04-20 07:20:00+00:00,1596.5436,TRAILING_STOP,13,46.24,2.9337,2.9106,9.3323,40.4,2.499
336,ETHUSDT,SHORT,futures,STRICT_SUPPORT,2025-04-21 15:50:00+00:00,1628.764,1625.9917,6.023,2025-04-21 15:50:00+00:00,1620.32,2025-04-21 16:10:00+00:00,1623.34,0.0,0.581717,2025-04-21 16:15:00+00:00,1622.6807,2.247981,3647.76,1629.9686,1586.8869,10,2025-04-21 17:15:00+00:00,1588.7912,TRAILING_STOP,12,76.18,1.8239,1.7858,5.745,72.57,4.43
335,SOLUSDT,SHORT,futures,STRICT_SUPPORT,2025-04-21 15:35:00+00:00,139.1352,138.8048,0.6645,2025-04-21 15:35:00+00:00,138.65,2025-04-21 15:40:00+00:00,138.4,0.0,0.064769,2025-04-21 15:45:00+00:00,138.3446,17.726271,2452.33,139.2681,135.1645,11,2025-04-21 17:25:00+00:00,135.3267,TRAILING_STOP,20,53.5,1.2262,1.1994,3.8595,51.07,3.12
337,ETHUSDT,SHORT,futures,STRICT_SUPPORT,2025-04-24 02:45:00+00:00,1792.6236,1790.5885,6.0808,2025-04-24 02:45:00+00:00,1776.61,2025-04-24 03:25:00+00:00,1789.2,0.0,0.138529,2025-04-24 03:30:00+00:00,1788.4843,3.171883,5672.86,1793.8397,1768.8903,13,2025-04-24 04:45:00+00:00,1771.0129,TRAILING_STOP,15,55.42,2.8364,2.8087,9.0101,49.77,2.93
338,ETHUSDT,SHORT,futures,STRICT_SUPPORT,2025-04-25 23:35:00+00:00,1794.2357,1792.541,3.4284,2025-04-25 23:35:00+00:00,1785.9,2025-04-26 00:10:00+00:00,1791.04,0.0,0.01098,2025-04-26 00:15:00+00:00,1790.3136,3.740545,6696.75,1794.9214,1793.8082,2,2025-04-26 00:45:00+00:00,1795.9607,TRAILING_STOP,6,-21.12,3.3484,3.3589,10.7401,-27.83,-1.615
339,SOLUSDT,SHORT,futures,STRICT_SUPPORT,2025-04-26 03:35:00+00:00,151.6152,151.5825,0.3599,2025-04-26 03:35:00+00:00,151.24,2025-04-26 03:45:00+00:00,151.44,0.0,0.022541,2025-04-26 03:50:00+00:00,151.3894,45.172032,6838.57,151.6871,150.4978,12,2025-04-26 05:25:00+00:00,150.6783,TRAILING_STOP,19,32.12,3.4193,3.4032,10.9032,25.3,1.881
340,ETHUSDT,SHORT,futures,STRICT_SUPPORT,2025-04-27 11:05:00+00:00,1807.6434,1806.8667,2.6887,2025-04-27 11:05:00+00:00,1804.61,2025-04-27 11:10:00+00:00,1804.66,0.0,0.216684,2025-04-27 11:15:00+00:00,1803.9381,3.818958,6889.16,1808.1811,1808.1811,0,2025-04-27 11:30:00+00:00,1810.3509,STOP_LOSS,3,-24.49,3.4446,3.4568,11.0521,-31.39,-1.937
341,SOLUSDT,SHORT,futures,STRICT_SUPPORT,2025-04-29 03:35:00+00:00,147.709,147.587,0.3411,2025-04-29 03:35:00+00:00,147.54,2025-04-29 03:50:00+00:00,147.5,0.0,0.026982,2025-04-29 03:55:00+00:00,147.441,46.299066,6826.38,147.7772,147.5635,4,2025-04-29 04:20:00+00:00,147.7406,TRAILING_STOP,5,-13.87,3.4132,3.4201,10.9389,-20.7,-1.33
342,SOLUSDT,SHORT,futures,STRICT_SUPPORT,2025-05-04 13:10:00+00:00,145.5879,145.4845,0.2547,2025-05-04 13:10:00+00:00,145.43,2025-05-04 13:15:00+00:00,145.1,0.0,0.024532,2025-05-04 13:20:00+00:00,145.052,28.902001,4192.29,145.6389,145.6389,0,2025-05-04 14:00:00+00:00,145.8136,STOP_LOSS,8,-22.01,2.0961,2.1072,6.7341,-26.22,-1.546
343,SOLUSDT,SHORT,futures,STRICT_SUPPORT,2025-05-06 08:00:00+00:00,145.1156,145.0036,0.3213,2025-05-06 08:00:00+00:00,144.83,2025-05-06 08:05:00+00:00,144.83,0.0,0.003561,2025-05-06 08:10:00+00:00,144.7721,41.274441,5975.39,145.1799,144.2986,4,2025-05-06 08:35:00+00:00,144.4718,TRAILING_STOP,5,12.4,2.9877,2.9815,9.5457,6.43,0.382
344,SOLUSDT,SHORT,futures,STRICT_SUPPORT,2025-05-07 19:55:00+00:00,146.2218,145.9132,0.6655,2025-05-07 19:55:00+00:00,145.68,2025-05-07 20:00:00+00:00,145.6,0.0,0.003211,2025-05-07 20:05:00+00:00,145.5518,20.996013,3056.01,146.3549,146.3549,0,2025-05-07 21:05:00+00:00,146.5306,STOP_LOSS,12,-20.55,1.528,1.5383,4.9143,-23.62,-1.4
345,BNBUSDT,SHORT,futures,STRICT_SUPPORT,2025-05-10 18:15:00+00:00,655.2325,654.7566,1.6056,2025-05-10 18:15:00+00:00,654.65,2025-05-10 18:20:00+00:00,653.19,0.0,0.006611,2025-05-10 18:25:00+00:00,652.9287,6.379478,4165.34,655.5536,651.7547,1,2025-05-10 20:10:00+00:00,652.5368,TRAILING_STOP,21,2.5,2.0827,2.0814,6.6616,-1.66,-0.099
346,SOLUSDT,SHORT,futures,STRICT_SUPPORT,2025-05-11 21:00:00+00:00,172.3481,172.1934,0.3608,2025-05-11 21:00:00+00:00,172.14,2025-05-11 21:05:00+00:00,171.72,0.0,0.033385,2025-05-11 21:10:00+00:00,171.6613,22.052935,3785.64,172.4203,172.4203,0,2025-05-11 21:15:00+00:00,172.6272,STOP_LOSS,1,-21.3,1.8928,1.9035,6.0826,-25.1,-1.499
347,BTCUSDT,SHORT,futures,STRICT_SUPPORT,2025-05-13 01:25:00+00:00,102614.7169,102518.1274,214.7151,2025-05-13 01:25:00+00:00,102430.5,2025-05-13 01:30:00+00:00,102489.0,0.0,8.627351,2025-05-13 01:35:00+00:00,102448.0044,0.064859,6644.64,102657.6599,102458.8182,3,2025-05-13 01:55:00+00:00,102592.0629,TRAILING_STOP,4,-9.34,3.3223,3.327,10.6426,-15.99,-1.176
348,ETHUSDT,SHORT,futures,STRICT_SUPPORT,2025-05-14 21:10:00+00:00,2598.7906,2597.0429,7.5905,2025-05-14 21:10:00+00:00,2585.22,2025-05-14 21:30:00+00:00,2593.57,0.0,0.042907,2025-05-14 21:35:00+00:00,2592.5326,2.12595,5511.6,2600.3087,2600.3087,0,2025-05-14 21:55:00+00:00,2603.4291,STOP_LOSS,4,-23.17,2.7558,2.7674,8.8464,-28.69,-1.735
349,BNBUSDT,SHORT,futures,STRICT_SUPPORT,2025-05-15 14:05:00+00:00,652.0287,651.4377,2.3063,2025-05-15 14:05:00+00:00,650.53,2025-05-15 14:25:00+00:00,649.99,0.0,0.01769,2025-05-15 14:30:00+00:00,649.74,5.959334,3872.02,652.49,648.0656,5,2025-05-15 15:00:00+00:00,648.8433,TRAILING_STOP,6,5.34,1.936,1.9333,6.1888,1.47,0.09
350,ETHUSDT,SHORT,futures,STRICT_SUPPORT,2025-05-15 23:15:00+00:00,2542.7953,2539.5853,11.5741,2025-05-15 23:15:00+00:00,2517.45,2025-05-15 23:30:00+00:00,2537.42,0.0,0.815328,2025-05-15 23:35:00+00:00,2536.395,1.881281,4771.67,2545.1101,2545.1101,0,2025-05-15 23:40:00+00:00,2548.875,STOP_LOSS,1,-23.48,2.3858,2.3976,7.6628,-28.26,-1.724
351,ETHUSDT,SHORT,futures,STRICT_SUPPORT,2025-05-16 01:00:00+00:00,2547.2415,2544.2904,9.1708,2025-05-16 01:00:00+00:00,2540.35,2025-05-16 01:05:00+00:00,2543.15,0.0,0.570392,2025-05-16 01:10:00+00:00,2542.1327,2.34112,5951.44,2549.0757,2549.0757,0,2025-05-16 01:25:00+00:00,2552.1346,STOP_LOSS,3,-23.42,2.9757,2.9874,9.5504,-29.38,-1.807
352,SOLUSDT,SHORT,futures,STRICT_SUPPORT,2025-05-16 01:15:00+00:00,169.9528,169.6798,0.8324,2025-05-16 01:15:00+00:00,169.06,2025-05-16 01:20:00+00:00,169.57,0.0,0.039831,2025-05-16 01:25:00+00:00,169.5022,26.100536,4424.1,170.1193,170.1193,0,2025-05-16 01:30:00+00:00,170.7346,STOP_LOSS,1,-32.17,2.212,2.2281,7.1172,-36.61,-2.273
353,SOLUSDT,SHORT,futures,STRICT_SUPPORT,2025-05-17 09:45:00+00:00,168.2588,168.1699,0.6597,2025-05-17 09:45:00+00:00,167.89,2025-05-17 09:55:00+00:00,167.68,0.0,0.00991,2025-05-17 10:00:00+00:00,167.6129,20.473328,3431.59,168.3907,168.3907,0,2025-05-17 10:10:00+00:00,168.5928,STOP_LOSS,2,-20.06,1.7158,1.7258,5.5146,-23.5,-1.476
354,SOLUSDT,SHORT,futures,STRICT_SUPPORT,2025-05-17 10:15:00+00:00,168.2026,168.0945,0.5626,2025-05-17 10:15:00+00:00,167.93,2025-05-17 10:20:00+00:00,167.98,0.0,0.044463,2025-05-17 10:25:00+00:00,167.9128,37.654786,6322.72,168.3151,167.4594,10,2025-05-17 11:30:00+00:00,167.6603,TRAILING_STOP,13,9.51,3.1614,3.1566,10.1049,3.19,0.211
355,ETHUSDT,SHORT,futures,STRICT_SUPPORT,2025-05-17 18:45:00+00:00,2475.7293,2472.9504,7.2972,2025-05-17 18:45:00+00:00,2470.96,2025-05-17 19:05:00+00:00,2472.0,0.0,0.36043,2025-05-17 19:10:00+00:00,2471.0112,2.561331,6329.08,2477.1887,2477.1887,0,2025-05-17 19:15:00+00:00,2480.1614,STOP_LOSS,1,-23.44,3.1645,3.1763,10.1546,-29.78,-1.882
356,SOLUSDT,SHORT,futures,STRICT_SUPPORT,2025-05-26 14:40:00+00:00,177.2102,176.994,0.5554,2025-05-26 14:40:00+00:00,176.33,2025-05-26 15:00:00+00:00,176.3,0.0,0.02401,2025-05-26 15:05:00+00:00,176.2395,14.488255,2553.4,177.3213,177.3213,0,2025-05-26 15:20:00+00:00,177.5341,STOP_LOSS,3,-18.76,1.2767,1.2861,4.108,-21.32,-1.36
357,SOLUSDT,SHORT,futures,STRICT_SUPPORT,2025-05-29 12:40:00+00:00,172.5495,172.4824,0.4532,2025-05-29 12:40:00+00:00,171.57,2025-05-29 13:05:00+00:00,172.26,0.0,0.042412,2025-05-29 13:10:00+00:00,172.1911,34.666037,5969.18,172.6402,169.9866,13,2025-05-29 14:45:00+00:00,170.1906,TRAILING_STOP,19,69.35,2.9846,2.9499,9.4675,63.42,4.074
358,BNBUSDT,SHORT,futures,STRICT_SUPPORT,2025-05-30 15:35:00+00:00,670.3186,670.0077,1.2295,2025-05-30 15:35:00+00:00,669.92,2025-05-30 15:40:00+00:00,669.27,0.0,0.077689,2025-05-30 15:45:00+00:00,669.0023,9.497332,6353.74,670.5645,663.5673,4,2025-05-30 16:35:00+00:00,664.3636,TRAILING_STOP,10,44.06,3.1769,3.1548,10.1131,37.72,2.543
359,ETHUSDT,SHORT,futures,STRICT_SUPPORT,2025-05-31 10:30:00+00:00,2522.6684,2520.9831,6.4055,2025-05-31 10:30:00+00:00,2519.34,2025-05-31 11:00:00+00:00,2519.55,0.0,0.093142,2025-05-31 11:05:00+00:00,2518.5322,2.55275,6429.18,2523.9495,2519.1884,5,2025-05-31 11:40:00+00:00,2522.2114,TRAILING_STOP,7,-9.39,3.2146,3.2193,10.298,-15.83,-1.144
360,ETHUSDT,SHORT,futures,STRICT_SUPPORT,2025-05-31 23:25:00+00:00,2537.0542,2535.5303,5.6735,2025-05-31 23:25:00+00:00,2533.39,2025-05-31 23:35:00+00:00,2531.26,0.0,0.380277,2025-05-31 23:40:00+00:00,2530.2475,2.013971,5095.84,2538.1889,2523.6399,4,2025-06-01 00:45:00+00:00,2526.6682,TRAILING_STOP,13,7.21,2.5479,2.5443,8.1447,2.12,0.132
361,ETHUSDT,SHORT,futures,STRICT_SUPPORT,2025-06-08 12:25:00+00:00,2509.0465,2507.5683,3.4335,2025-06-08 12:25:00+00:00,2507.29,2025-06-08 12:30:00+00:00,2503.32,0.0,0.268266,2025-06-08 12:35:00+00:00,2502.3187,2.158784,5401.96,2509.7332,2509.7332,0,2025-06-08 12:50:00+00:00,2512.7449,STOP_LOSS,3,-22.51,2.701,2.7122,8.6702,-27.92,-1.744
362,BTCUSDT,SHORT,futures,STRICT_SUPPORT,2025-06-11 16:30:00+00:00,109649.1514,109594.1327,185.8685,2025-06-11 16:30:00+00:00,109469.8,2025-06-11 17:05:00+00:00,109492.4,0.0,1.032657,2025-06-11 17:10:00+00:00,109448.5031,0.057988,6346.69,109686.3251,109686.3251,0,2025-06-11 17:25:00+00:00,109817.9486,STOP_LOSS,3,-21.42,3.1733,3.1841,10.1804,-27.78,-2.014
363,BNBUSDT,SHORT,futures,STRICT_SUPPORT,2025-06-13 17:40:00+00:00,653.0811,652.8242,0.9896,2025-06-13 17:40:00+00:00,651.57,2025-06-13 18:00:00+00:00,651.6,0.0,0.014172,2025-06-13 18:05:00+00:00,651.3394,8.108728,5281.53,653.279,651.1391,2,2025-06-13 18:55:00+00:00,651.9204,TRAILING_STOP,10,-4.71,2.6408,2.6431,8.4561,-10.0,-0.636
364,SOLUSDT,SHORT,futures,STRICT_SUPPORT,2025-06-18 01:45:00+00:00,148.0135,147.8565,0.4507,2025-06-18 01:45:00+00:00,147.77,2025-06-18 01:50:00+00:00,147.46,0.0,0.006531,2025-06-18 01:55:00+00:00,147.411,22.636031,3336.8,148.1036,148.1036,0,2025-06-18 02:25:00+00:00,148.2813,STOP_LOSS,6,-19.7,1.6684,1.6783,5.3625,-23.05,-1.47
365,SOLUSDT,SHORT,futures,STRICT_SUPPORT,2025-06-18 03:00:00+00:00,147.9096,147.7356,0.4019,2025-06-18 03:00:00+00:00,147.36,2025-06-18 03:05:00+00:00,147.56,0.0,0.02556,2025-06-18 03:10:00+00:00,147.501,31.826546,4694.45,147.99,147.99,0,2025-06-18 03:20:00+00:00,148.1675,STOP_LOSS,2,-21.21,2.3472,2.3578,7.5366,-25.92,-1.666
366,ETHUSDT,SHORT,futures,STRICT_SUPPORT,2025-06-18 09:55:00+00:00,2530.2512,2528.2341,4.5172,2025-06-18 09:55:00+00:00,2525.78,2025-06-18 10:15:00+00:00,2526.7,0.0,0.284051,2025-06-18 10:20:00+00:00,2525.6793,2.444174,6173.2,2531.1547,2501.7628,7,2025-06-18 11:10:00+00:00,2504.7649,TRAILING_STOP,10,51.12,3.0866,3.061,9.8158,44.97,3.36
367,BTCUSDT,SHORT,futures,STRICT_SUPPORT,2025-06-18 16:10:00+00:00,104700.3598,104643.8484,223.4331,2025-06-18 16:10:00+00:00,104621.9,2025-06-18 16:15:00+00:00,104391.7,0.0,11.848389,2025-06-18 16:20:00+00:00,104349.8434,0.03962,4134.32,104745.0464,104053.7942,5,2025-06-18 17:40:00+00:00,104178.6587,TRAILING_STOP,16,6.78,2.0672,2.0638,6.6068,2.65,0.169
368,ETHUSDT,SHORT,futures,STRICT_SUPPORT,2025-06-19 02:20:00+00:00,2518.4174,2515.9051,5.5881,2025-06-19 02:20:00+00:00,2512.13,2025-06-19 02:25:00+00:00,2513.0,0.0,0.285052,2025-06-19 02:30:00+00:00,2512.0048,2.081094,5227.72,2519.535,2519.535,0,2025-06-19 02:35:00+00:00,2522.5585,STOP_LOSS,1,-21.96,2.6139,2.6248,8.3907,-27.2,-1.736
369,SOLUSDT,SHORT,futures,STRICT_SUPPORT,2025-06-19 04:15:00+00:00,146.0987,145.9978,0.3397,2025-06-19 04:15:00+00:00,145.88,2025-06-19 04:20:00+00:00,145.83,0.0,0.027838,2025-06-19 04:25:00+00:00,145.7717,39.328571,5732.99,146.1667,146.1667,0,2025-06-19 04:45:00+00:00,146.3421,STOP_LOSS,4,-22.43,2.8665,2.8777,9.1997,-28.18,-1.814
370,SOLUSDT,SHORT,futures,STRICT_SUPPORT,2025-06-21 06:25:00+00:00,140.3181,140.2269,0.2194,2025-06-21 06:25:00+00:00,140.21,2025-06-21 06:30:00+00:00,140.08,0.0,0.016935,2025-06-21 06:35:00+00:00,140.034,43.972801,6157.69,140.362,140.362,0,2025-06-21 06:45:00+00:00,140.5304,STOP_LOSS,2,-21.83,3.0788,3.0898,9.8785,-28.0,-1.941
371,BTCUSDT,SHORT,futures,STRICT_SUPPORT,2025-06-22 03:20:00+00:00,102393.3158,102306.7622,241.5495,2025-06-22 03:20:00+00:00,102188.3,2025-06-22 03:35:00+00:00,102211.3,0.0,6.862222,2025-06-22 03:40:00+00:00,102170.3155,0.056224,5744.45,102441.6257,102441.6257,0,2025-06-22 04:05:00+00:00,102564.5556,STOP_LOSS,5,-22.17,2.8722,2.8833,9.2177,-27.92,-1.83
372,ETHUSDT,SHORT,futures,STRICT_SUPPORT,2025-06-25 15:00:00+00:00,2428.4357,2423.6989,14.098,2025-06-25 15:00:00+00:00,2417.14,2025-06-25 15:10:00+00:00,2417.81,0.0,1.258943,2025-06-25 15:15:00+00:00,2416.8529,1.04945,2536.37,2431.2553,2413.6623,10,2025-06-25 16:15:00+00:00,2416.5587,TRAILING_STOP,12,0.31,1.2682,1.268,4.0578,-2.23,-0.147
373,SOLUSDT,SHORT,futures,STRICT_SUPPORT,2025-06-26 08:55:00+00:00,145.1064,145.0047,0.2977,2025-06-26 08:55:00+00:00,144.79,2025-06-26 09:00:00+00:00,144.9,0.0,0.014661,2025-06-26 09:05:00+00:00,144.852,41.707733,6041.45,145.1659,143.9491,10,2025-06-26 10:05:00+00:00,144.1219,TRAILING_STOP,12,30.45,3.0207,3.0055,9.6298,24.43,1.866
374,BTCUSDT,SHORT,futures,STRICT_SUPPORT,2025-06-26 15:30:00+00:00,107300.8404,107191.0365,233.5054,2025-06-26 15:30:00+00:00,106674.1,2025-06-26 15:50:00+00:00,107155.9,0.0,21.236528,2025-06-26 15:55:00+00:00,107113.0376,0.056859,6090.3,107347.5415,107347.5415,0,2025-06-26 16:00:00+00:00,107476.3585,STOP_LOSS,1,-20.66,3.0452,3.0555,9.7693,-26.76,-2.007
375,ETHUSDT,SHORT,futures,STRICT_SUPPORT,2025-07-05 13:30:00+00:00,2517.1637,2516.6035,2.833,2025-07-05 13:30:00+00:00,2513.38,2025-07-05 14:05:00+00:00,2511.38,0.0,0.103496,2025-07-05 14:10:00+00:00,2510.3655,2.049209,5144.26,2517.7303,2517.7303,0,2025-07-05 14:15:00+00:00,2520.7516,STOP_LOSS,1,-21.28,2.5721,2.5828,8.2564,-26.44,-1.752
376,SOLUSDT,SHORT,futures,STRICT_SUPPORT,2025-07-07 13:40:00+00:00,152.0183,151.8454,0.4946,2025-07-07 13:40:00+00:00,151.72,2025-07-07 13:45:00+00:00,151.79,0.0,0.005439,2025-07-07 13:50:00+00:00,151.7393,39.436016,5983.99,152.1172,152.1172,0,2025-07-07 13:55:00+00:00,152.3526,STOP_LOSS,1,-24.19,2.992,3.0041,9.6034,-30.18,-2.025
377,SOLUSDT,SHORT,futures,STRICT_SUPPORT,2025-07-10 13:55:00+00:00,157.5248,157.3743,0.5452,2025-07-10 13:55:00+00:00,156.97,2025-07-10 14:10:00+00:00,157.18,0.0,0.0343,2025-07-10 14:15:00+00:00,157.1171,28.658303,4502.71,157.6339,157.6339,0,2025-07-10 14:20:00+00:00,157.823,STOP_LOSS,1,-20.23,2.2514,2.2615,7.2286,-24.74,-1.671
378,ETHUSDT,SHORT,futures,STRICT_SUPPORT,2025-07-14 01:10:00+00:00,2975.2554,2972.9017,6.8475,2025-07-14 01:10:00+00:00,2968.16,2025-07-14 01:15:00+00:00,2968.85,0.0,0.601729,2025-07-14 01:20:00+00:00,2967.6725,1.640366,4868.07,2976.6249,2976.6249,0,2025-07-14 02:00:00+00:00,2980.1969,STOP_LOSS,8,-20.54,2.434,2.4443,7.8136,-25.42,-1.731
379,ETHUSDT,SHORT,futures,STRICT_SUPPORT,2025-07-17 20:15:00+00:00,3419.1153,3416.8472,14.9773,2025-07-17 20:15:00+00:00,3391.46,2025-07-17 20:40:00+00:00,3404.52,0.0,1.137159,2025-07-17 20:45:00+00:00,3403.0782,0.764915,2603.07,3422.1107,3422.1107,0,2025-07-17 21:00:00+00:00,3426.2172,STOP_LOSS,3,-17.7,1.3015,1.3104,4.1861,-20.31,-1.395
380,ETHUSDT,SHORT,futures,STRICT_SUPPORT,2025-07-19 17:05:00+00:00,3555.8192,3553.7317,8.632,2025-07-19 17:05:00+00:00,3551.06,2025-07-19 17:15:00+00:00,3547.28,0.0,0.831651,2025-07-19 17:20:00+00:00,3545.8611,1.237248,4387.11,3557.5456,3546.0888,1,2025-07-19 18:00:00+00:00,3550.3441,TRAILING_STOP,8,-5.55,2.1936,2.1963,7.026,-9.94,-0.687
381,SOLUSDT,SHORT,futures,STRICT_SUPPORT,2025-07-20 22:15:00+00:00,181.3285,181.0551,1.0992,2025-07-20 22:15:00+00:00,178.76,2025-07-20 22:50:00+00:00,180.81,0.0,0.085132,2025-07-20 22:55:00+00:00,180.7377,17.771299,3211.94,181.5484,180.7847,5,2025-07-20 23:25:00+00:00,181.0017,TRAILING_STOP,6,-4.69,1.606,1.6083,5.1447,-7.91,-0.549
382,BNBUSDT,SHORT,futures,STRICT_SUPPORT,2025-07-22 01:10:00+00:00,764.4926,764.2859,2.3725,2025-07-22 01:10:00+00:00,758.33,2025-07-22 01:30:00+00:00,763.13,0.0,0.115883,2025-07-22 01:35:00+00:00,762.8647,6.833898,5213.34,764.9671,764.9671,0,2025-07-22 01:40:00+00:00,766.4086,STOP_LOSS,1,-24.22,2.6067,2.6188,8.3704,-29.44,-2.049
383,BNBUSDT,SHORT,futures,STRICT_SUPPORT,2025-07-22 14:15:00+00:00,762.8437,761.8885,2.6641,2025-07-22 14:15:00+00:00,760.71,2025-07-22 14:20:00+00:00,760.03,0.0,0.148505,2025-07-22 14:25:00+00:00,759.726,3.895422,2959.45,763.3765,763.3765,0,2025-07-22 14:55:00+00:00,764.2925,STOP_LOSS,6,-17.79,1.4797,1.4886,4.7565,-20.76,-1.46
384,ETHUSDT,SHORT,futures,STRICT_SUPPORT,2025-07-29 00:50:00+00:00,3794.4374,3786.7644,18.3913,2025-07-29 00:50:00+00:00,3772.64,2025-07-29 01:10:00+00:00,3781.2,0.0,1.114389,2025-07-29 01:15:00+00:00,3779.6875,0.766028,2895.35,3798.1156,3755.2852,6,2025-07-29 02:25:00+00:00,3759.7916,TRAILING_STOP,14,15.24,1.4477,1.4401,4.6143,12.35,0.875
385,ETHUSDT,SHORT,futures,STRICT_SUPPORT,2025-07-30 01:15:00+00:00,3777.2342,3774.3389,11.3808,2025-07-30 01:15:00+00:00,3762.4,2025-07-30 01:20:00+00:00,3767.71,0.0,0.368932,2025-07-30 01:25:00+00:00,3766.1929,1.064639,4009.64,3779.5103,3779.5103,0,2025-07-30 01:30:00+00:00,3784.0457,STOP_LOSS,1,-19.01,2.0048,2.0143,6.4382,-23.03,-1.624
386,SOLUSDT,SHORT,futures,STRICT_SUPPORT,2025-07-30 16:35:00+00:00,178.9465,178.6957,0.5799,2025-07-30 16:35:00+00:00,178.56,2025-07-30 16:45:00+00:00,178.54,0.0,0.035682,2025-07-30 16:50:00+00:00,178.4786,24.084037,4298.48,179.0625,179.0625,0,2025-07-30 17:20:00+00:00,179.2774,STOP_LOSS,6,-19.24,2.1492,2.1589,6.9007,-23.55,-1.674
387,SOLUSDT,SHORT,futures,STRICT_SUPPORT,2025-07-30 18:35:00+00:00,179.0667,178.8732,0.7921,2025-07-30 18:35:00+00:00,178.8,2025-07-30 18:40:00+00:00,178.3,0.0,0.073231,2025-07-30 18:45:00+00:00,178.2287,13.995852,2494.46,179.2251,172.914,4,2025-07-30 19:10:00+00:00,173.1215,TRAILING_STOP,5,71.48,1.2472,1.2115,3.9054,69.02,4.949
388,SOLUSDT,SHORT,futures,STRICT_SUPPORT,2025-08-02 09:25:00+00:00,163.9998,163.8578,0.4291,2025-08-02 09:25:00+00:00,163.62,2025-08-02 09:30:00+00:00,163.6,0.0,0.007771,2025-08-02 09:35:00+00:00,163.5346,25.932754,4240.9,164.0856,163.0745,9,2025-08-02 11:00:00+00:00,163.2702,TRAILING_STOP,17,6.86,2.1205,2.117,6.7772,2.62,0.183
389,ETHUSDT,SHORT,futures,STRICT_SUPPORT,2025-08-02 14:10:00+00:00,3505.765,3502.5331,8.2916,2025-08-02 14:10:00+00:00,3502.27,2025-08-02 14:15:00+00:00,3489.15,0.0,0.093098,2025-08-02 14:20:00+00:00,3487.7543,0.727215,2536.35,3507.4233,3484.9224,1,2025-08-02 15:00:00+00:00,3489.1043,TRAILING_STOP,8,-0.98,1.2682,1.2687,4.0593,-3.52,-0.246
390,ETHUSDT,SHORT,futures,STRICT_SUPPORT,2025-08-06 03:10:00+00:00,3589.327,3585.4479,8.8757,2025-08-06 03:10:00+00:00,3584.25,2025-08-06 03:15:00+00:00,3581.12,0.0,0.757864,2025-08-06 03:20:00+00:00,3579.6876,1.251556,4480.18,3591.1021,3580.7655,1,2025-08-06 05:05:00+00:00,3585.0624,TRAILING_STOP,21,-6.73,2.2401,2.2435,7.1764,-11.21,-0.785
391,SOLUSDT,SHORT,futures,STRICT_SUPPORT,2025-08-11 00:55:00+00:00,182.4849,182.302,0.5533,2025-08-11 00:55:00+00:00,181.41,2025-08-11 01:15:00+00:00,182.18,0.0,0.051954,2025-08-11 01:20:00+00:00,182.1071,29.131178,5305.0,182.5956,182.5956,0,2025-08-11 01:25:00+00:00,182.8147,STOP_LOSS,1,-20.61,2.6525,2.6628,8.5127,-25.93,-1.822
392,BNBUSDT,SHORT,futures,STRICT_SUPPORT,2025-08-15 00:55:00+00:00,839.3943,838.4446,2.3434,2025-08-15 00:55:00+00:00,837.95,2025-08-15 01:00:00+00:00,836.1,0.0,0.094605,2025-08-15 01:05:00+00:00,835.7656,3.441253,2876.08,839.863,839.863,0,2025-08-15 01:25:00+00:00,840.8708,STOP_LOSS,4,-17.57,1.438,1.4468,4.6228,-20.45,-1.451
393,ETHUSDT,SHORT,futures,STRICT_SUPPORT,2025-08-16 03:15:00+00:00,4457.2861,4453.3472,11.5494,2025-08-16 03:15:00+00:00,4445.78,2025-08-16 03:20:00+00:00,4450.01,0.0,0.927167,2025-08-16 03:25:00+00:00,4448.22,1.230483,5473.46,4459.596,4440.0264,5,2025-08-16 04:15:00+00:00,4445.3544,TRAILING_STOP,10,3.53,2.7367,2.735,8.7533,-1.95,-0.139
394,BTCUSDT,SHORT,futures,STRICT_SUPPORT,2025-08-18 14:35:00+00:00,115286.9972,115190.2515,227.2919,2025-08-18 14:35:00+00:00,115133.3,2025-08-18 14:40:00+00:00,115089.0,0.0,6.351541,2025-08-18 14:45:00+00:00,115042.9644,0.04832,5558.9,115332.4555,115332.4555,0,2025-08-18 14:50:00+00:00,115470.8545,STOP_LOSS,1,-20.68,2.7795,2.7898,8.9191,-26.24,-1.876
395,ETHUSDT,SHORT,futures,STRICT_SUPPORT,2025-08-18 14:35:00+00:00,4312.1792,4304.9957,21.0342,2025-08-18 14:35:00+00:00,4298.14,2025-08-18 14:40:00+00:00,4294.26,0.0,0.785732,2025-08-18 14:45:00+00:00,4292.5323,0.586418,2517.22,4316.3861,4316.3861,0,2025-08-18 14:55:00+00:00,4321.5657,STOP_LOSS,2,-17.03,1.2586,1.2671,4.048,-19.55,-1.398
396,BTCUSDT,SHORT,futures,STRICT_SUPPORT,2025-08-20 18:35:00+00:00,113721.3992,113656.0657,236.201,2025-08-20 18:35:00+00:00,113572.0,2025-08-20 18:40:00+00:00,113553.4,0.0,20.865731,2025-08-20 18:45:00+00:00,113507.8787,0.048488,5503.72,113768.6394,113768.6394,0,2025-08-20 19:10:00+00:00,113905.1618,STOP_LOSS,5,-19.26,2.7519,2.7615,8.8291,-24.78,-1.96
397,ETHUSDT,SHORT,futures,STRICT_SUPPORT,2025-08-26 08:20:00+00:00,4423.8011,4420.9651,15.6483,2025-08-26 08:20:00+00:00,4419.99,2025-08-26 08:25:00+00:00,4409.92,0.0,0.775114,2025-08-26 08:30:00+00:00,4408.156,0.726264,3201.48,4426.9308,4426.9308,0,2025-08-26 08:45:00+00:00,4432.2431,STOP_LOSS,3,-17.49,1.6007,1.6095,5.1434,-20.7,-1.518
398,SOLUSDT,SHORT,futures,STRICT_SUPPORT,2025-08-26 09:50:00+00:00,188.5049,188.3034,0.5748,2025-08-26 09:50:00+00:00,187.64,2025-08-26 10:00:00+00:00,188.22,0.0,0.013399,2025-08-26 10:05:00+00:00,188.1347,27.891635,5247.38,188.6199,188.6199,0,2025-08-26 10:15:00+00:00,188.8462,STOP_LOSS,2,-19.84,2.6237,2.6336,8.4196,-25.1,-1.855
399,ETHUSDT,SHORT,futures,STRICT_SUPPORT,2025-08-30 00:50:00+00:00,4349.4281,4347.4553,9.4928,2025-08-30 00:50:00+00:00,4333.42,2025-08-30 01:10:00+00:00,4342.73,0.0,0.305323,2025-08-30 01:15:00+00:00,4340.9829,1.235332,5362.55,4351.3266,4286.6989,8,2025-08-30 02:05:00+00:00,4291.8429,TRAILING_STOP,10,60.7,2.6813,2.6509,8.5072,55.37,4.333
400,SOLUSDT,SHORT,futures,STRICT_SUPPORT,2025-08-30 08:15:00+00:00,205.1323,204.9183,0.5346,2025-08-30 08:15:00+00:00,204.59,2025-08-30 08:20:00+00:00,204.83,0.0,0.038267,2025-08-30 08:25:00+00:00,204.7581,26.730556,5473.3,205.2392,205.2392,0,2025-08-30 08:30:00+00:00,205.4855,STOP_LOSS,1,-19.45,2.7366,2.7464,8.7806,-24.93,-1.938
401,ETHUSDT,SHORT,futures,STRICT_SUPPORT,2025-08-30 16:15:00+00:00,4368.3687,4365.8431,8.1373,2025-08-30 16:15:00+00:00,4364.53,2025-08-30 16:20:00+00:00,4361.64,0.0,0.343144,2025-08-30 16:25:00+00:00,4359.8953,1.243938,5423.44,4369.9961,4369.9961,0,2025-08-30 16:45:00+00:00,4375.2401,STOP_LOSS,4,-19.09,2.7117,2.7213,8.7004,-24.52,-1.952
402,SOLUSDT,SHORT,futures,STRICT_SUPPORT,2025-08-30 20:20:00+00:00,200.9396,200.7333,0.4451,2025-08-30 20:20:00+00:00,200.39,2025-08-30 21:00:00+00:00,200.54,0.0,0.023289,2025-08-30 21:05:00+00:00,200.4598,23.619995,4734.86,201.0286,201.0286,0,2025-08-30 21:10:00+00:00,201.2699,STOP_LOSS,1,-19.13,2.3674,2.377,7.5987,-23.88,-1.777
403,ETHUSDT,SHORT,futures,STRICT_SUPPORT,2025-09-03 06:05:00+00:00,4322.4778,4319.5382,10.2479,2025-09-03 06:05:00+00:00,4302.06,2025-09-03 06:30:00+00:00,4311.89,0.0,0.528151,2025-09-03 06:35:00+00:00,4310.1552,0.926559,3993.61,4324.5274,4305.6158,4,2025-09-03 07:30:00+00:00,4310.7826,TRAILING_STOP,11,-0.58,1.9968,1.9971,6.3905,-4.58,-0.344
404,SOLUSDT,SHORT,futures,STRICT_SUPPORT,2025-09-04 12:30:00+00:00,207.754,207.6506,0.5674,2025-09-04 12:30:00+00:00,207.52,2025-09-04 12:35:00+00:00,207.23,0.0,0.050645,2025-09-04 12:40:00+00:00,207.1471,18.454031,3822.7,207.8675,207.8675,0,2025-09-04 12:55:00+00:00,208.1169,STOP_LOSS,3,-17.9,1.9113,1.9203,6.1378,-21.73,-1.634
405,ETHUSDT,SHORT,futures,STRICT_SUPPORT,2025-09-04 13:15:00+00:00,4403.6846,4400.8791,13.4752,2025-09-04 13:15:00+00:00,4400.57,2025-09-04 13:20:00+00:00,4396.77,0.0,0.309106,2025-09-04 13:25:00+00:00,4395.0013,1.158792,5092.89,4406.3796,4357.0891,10,2025-09-04 14:35:00+00:00,4362.3176,TRAILING_STOP,14,37.87,2.5464,2.5275,8.1032,32.8,2.488
406,SOLUSDT,SHORT,futures,STRICT_SUPPORT,2025-09-04 13:40:00+00:00,207.7365,207.6644,0.6452,2025-09-04 13:40:00+00:00,207.29,2025-09-04 14:00:00+00:00,206.4,0.0,0.014376,2025-09-04 14:05:00+00:00,206.3174,8.764098,1808.19,207.8656,206.2422,4,2025-09-04 14:35:00+00:00,206.4896,TRAILING_STOP,6,-1.51,0.9041,0.9048,2.8949,-3.32,-0.245
407,ETHUSDT,SHORT,futures,STRICT_SUPPORT,2025-09-17 14:25:00+00:00,4499.1763,4494.1201,10.9564,2025-09-17 14:25:00+00:00,4472.55,2025-09-17 14:55:00+00:00,4488.1,0.0,0.520071,2025-09-17 15:00:00+00:00,4486.3048,0.885124,3970.94,4501.3676,4483.663,2,2025-09-17 16:35:00+00:00,4489.0434,TRAILING_STOP,19,-2.42,1.9855,1.9867,6.3564,-6.4,-0.48
408,SOLUSDT,SHORT,futures,STRICT_SUPPORT,2025-09-17 14:40:00+00:00,235.0657,234.8733,0.7244,2025-09-17 14:40:00+00:00,234.33,2025-09-17 15:05:00+00:00,234.77,0.0,0.003301,2025-09-17 15:10:00+00:00,234.6761,22.646938,5314.69,235.2106,233.3138,12,2025-09-17 16:35:00+00:00,233.5938,TRAILING_STOP,17,24.51,2.6573,2.6451,8.4741,19.21,1.587
409,ETHUSDT,SHORT,futures,STRICT_SUPPORT,2025-09-17 18:35:00+00:00,4488.6103,4478.1444,32.9781,2025-09-17 18:35:00+00:00,4448.4,2025-09-17 19:00:00+00:00,4475.94,0.0,2.144431,2025-09-17 19:05:00+00:00,4474.1396,0.636009,2845.59,4495.2059,4495.2059,0,2025-09-17 19:25:00+00:00,4500.6001,STOP_LOSS,4,-16.83,1.4228,1.4312,4.5731,-19.68,-1.469
410,SOLUSDT,SHORT,futures,STRICT_SUPPORT,2025-09-20 02:20:00+00:00,238.4115,238.3798,0.459,2025-09-20 02:20:00+00:00,237.91,2025-09-20 02:50:00+00:00,238.12,0.0,0.019755,2025-09-20 02:55:00+00:00,238.0248,22.350481,5319.97,238.5033,238.5033,0,2025-09-20 04:35:00+00:00,238.7895,STOP_LOSS,20,-17.09,2.66,2.6685,8.5325,-22.42,-2.096
411,ETHUSDT,SHORT,futures,STRICT_SUPPORT,2025-09-23 04:20:00+00:00,4176.5159,4172.9756,9.1915,2025-09-23 04:20:00+00:00,4170.16,2025-09-23 04:35:00+00:00,4171.49,0.0,0.195602,2025-09-23 04:40:00+00:00,4169.8114,1.265075,5275.13,4178.3542,4178.3542,0,2025-09-23 05:10:00+00:00,4183.3682,STOP_LOSS,6,-17.15,2.6376,2.6461,8.4608,-22.43,-2.076
412,ETHUSDT,SHORT,futures,STRICT_SUPPORT,2025-09-23 15:40:00+00:00,4188.2704,4183.2826,11.5777,2025-09-23 15:40:00+00:00,4178.6,2025-09-23 15:45:00+00:00,4179.98,0.0,0.08255,2025-09-23 15:50:00+00:00,4178.308,1.064973,4449.78,4190.5859,4183.4409,2,2025-09-23 16:20:00+00:00,4188.461,TRAILING_STOP,6,-10.81,2.2249,2.2303,7.1326,-15.27,-1.168
413,ETHUSDT,SHORT,futures,STRICT_SUPPORT,2025-09-24 02:35:00+00:00,4176.4365,4174.536,7.6754,2025-09-24 02:35:00+00:00,4169.14,2025-09-24 02:50:00+00:00,4164.37,0.0,0.535953,2025-09-24 02:55:00+00:00,4162.6943,0.850857,3541.86,4177.9716,4148.3177,6,2025-09-24 03:50:00+00:00,4153.2957,TRAILING_STOP,11,8.0,1.7709,1.7669,5.6574,4.46,0.343
414,ETHUSDT,SHORT,futures,STRICT_SUPPORT,2025-09-24 16:05:00+00:00,4176.8679,4175.0199,9.8435,2025-09-24 16:05:00+00:00,4157.01,2025-09-24 16:40:00+00:00,4172.0,0.0,0.539909,2025-09-24 16:45:00+00:00,4170.3212,1.248931,5208.45,4178.8366,4178.8366,0,2025-09-24 17:10:00+00:00,4183.8512,STOP_LOSS,5,-16.9,2.6042,2.6127,8.3538,-22.11,-2.079
415,BNBUSDT,SHORT,futures,STRICT_SUPPORT,2025-09-25 16:25:00+00:00,993.9634,993.1415,2.792,2025-09-25 16:25:00+00:00,990.8,2025-09-25 16:30:00+00:00,992.5,0.0,0.031493,2025-09-25 16:35:00+00:00,992.103,5.205322,5164.22,994.5218,972.0689,8,2025-09-25 17:25:00+00:00,973.2354,TRAILING_STOP,10,98.21,2.5821,2.533,8.1449,93.1,7.394
416,BNBUSDT,SHORT,futures,STRICT_SUPPORT,2025-09-26 14:20:00+00:00,945.0813,943.7519,3.7787,2025-09-26 14:20:00+00:00,941.14,2025-09-26 15:00:00+00:00,942.27,0.0,0.131907,2025-09-26 15:05:00+00:00,941.9031,3.400165,3202.63,945.837,945.837,0,2025-09-26 16:05:00+00:00,946.972,STOP_LOSS,12,-17.24,1.6013,1.6099,5.1449,-20.45,-1.529
417,BNBUSDT,SHORT,futures,STRICT_SUPPORT,2025-09-30 22:05:00+00:00,1006.0495,1005.5809,1.9061,2025-09-30 22:05:00+00:00,1003.02,2025-09-30 22:15:00+00:00,1004.82,0.0,0.130894,2025-09-30 22:20:00+00:00,1004.4281,5.286109,5309.52,1006.4307,1004.5537,5,2025-09-30 23:20:00+00:00,1005.7592,TRAILING_STOP,12,-7.04,2.6548,2.6583,8.5037,-12.35,-1.167
418,SOLUSDT,SHORT,futures,STRICT_SUPPORT,2025-10-01 06:50:00+00:00,208.8149,208.7139,0.6157,2025-10-01 06:50:00+00:00,207.98,2025-10-01 07:05:00+00:00,208.47,0.0,0.053919,2025-10-01 07:10:00+00:00,208.3866,23.958018,4992.53,208.9381,208.9381,0,2025-10-01 07:15:00+00:00,209.1888,STOP_LOSS,1,-19.22,2.4963,2.5059,8.0111,-24.22,-1.833
419,ETHUSDT,SHORT,futures,STRICT_SUPPORT,2025-10-03 18:05:00+00:00,4498.2832,4491.5331,24.1779,2025-10-03 18:05:00+00:00,4469.99,2025-10-03 18:15:00+00:00,4487.97,0.0,2.22306,2025-10-03 18:20:00+00:00,4486.1848,0.773058,3468.08,4503.1188,4503.1188,0,2025-10-03 18:30:00+00:00,4508.5225,STOP_LOSS,2,-17.27,1.734,1.7427,5.5697,-20.75,-1.585
420,SOLUSDT,SHORT,futures,STRICT_SUPPORT,2025-10-08 14:35:00+00:00,221.7664,221.3552,1.0985,2025-10-08 14:35:00+00:00,221.28,2025-10-08 14:40:00+00:00,220.8,0.0,0.085231,2025-10-08 14:45:00+00:00,220.7217,10.271439,2267.13,221.9861,220.9958,5,2025-10-08 15:20:00+00:00,221.261,TRAILING_STOP,7,-5.54,1.1336,1.1363,3.6341,-7.81,-0.601
421,BNBUSDT,SHORT,futures,STRICT_SUPPORT,2025-10-11 23:40:00+00:00,1141.2088,1140.1779,4.6709,2025-10-11 23:40:00+00:00,1139.96,2025-10-11 23:45:00+00:00,1137.23,0.0,0.157882,2025-10-11 23:50:00+00:00,1136.7851,2.416635,2747.19,1142.143,1130.4982,4,2025-10-12 00:30:00+00:00,1131.8548,TRAILING_STOP,8,11.91,1.3736,1.3676,4.3812,9.17,0.708
422,BTCUSDT,SHORT,futures,STRICT_SUPPORT,2025-10-16 05:45:00+00:00,111189.1734,111148.0589,173.3168,2025-10-16 05:45:00+00:00,111124.1,2025-10-16 06:05:00+00:00,110897.2,0.0,8.658927,2025-10-16 06:10:00+00:00,110852.9411,0.035034,3883.64,111223.8367,111223.8367,0,2025-10-16 06:25:00+00:00,111357.3053,STOP_LOSS,3,-17.67,1.9418,1.9507,6.235,-21.56,-1.659
423,BNBUSDT,SHORT,futures,STRICT_SUPPORT,2025-10-16 10:40:00+00:00,1183.3063,1182.016,5.5147,2025-10-16 10:40:00+00:00,1178.28,2025-10-16 10:50:00+00:00,1180.75,0.0,0.385982,2025-10-16 10:55:00+00:00,1180.2777,3.11896,3681.24,1184.4093,1176.9982,6,2025-10-16 11:45:00+00:00,1178.4106,TRAILING_STOP,10,5.82,1.8406,1.8377,5.883,2.14,0.166
424,ETHUSDT,SHORT,futures,STRICT_SUPPORT,2025-10-16 14:15:00+00:00,4032.5663,4025.0614,20.6591,2025-10-16 14:15:00+00:00,3975.46,2025-10-16 14:35:00+00:00,4019.14,0.0,1.691356,2025-10-16 14:40:00+00:00,4017.5323,0.672915,2703.46,4036.6981,4036.6981,0,2025-10-16 14:45:00+00:00,4058.174,STOP_LOSS,1,-27.35,1.3517,1.3654,4.3583,-30.07,-2.331
425,ETHUSDT,SHORT,futures,STRICT_SUPPORT,2025-10-16 15:00:00+00:00,4027.4745,4019.9103,24.1471,2025-10-16 15:00:00+00:00,3996.18,2025-10-16 15:10:00+00:00,4010.84,0.0,1.160291,2025-10-16 15:15:00+00:00,4009.2357,0.55256,2215.34,4032.304,3905.1502,13,2025-10-16 16:40:00+00:00,3909.8364,TRAILING_STOP,17,54.92,1.1077,1.0802,3.4786,52.74,4.137
426,SOLUSDT,SHORT,futures,STRICT_SUPPORT,2025-10-17 14:25:00+00:00,180.5155,180.0377,1.3333,2025-10-17 14:25:00+00:00,178.89,2025-10-17 14:45:00+00:00,179.74,0.0,0.007728,2025-10-17 14:50:00+00:00,179.6681,11.678435,2098.24,180.7822,180.4357,3,2025-10-17 15:40:00+00:00,180.6522,TRAILING_STOP,10,-11.49,1.0491,1.0549,3.371,-13.6,-1.045
427,BNBUSDT,SHORT,futures,STRICT_SUPPORT,2025-10-17 23:40:00+00:00,1076.814,1075.6698,2.6859,2025-10-17 23:40:00+00:00,1073.25,2025-10-18 00:20:00+00:00,1073.49,0.0,0.189773,2025-10-18 00:25:00+00:00,1073.0706,3.023517,3244.45,1077.3512,1077.3512,0,2025-10-18 00:30:00+00:00,1079.3837,STOP_LOSS,1,-19.09,1.6222,1.6318,5.214,-22.34,-1.726
428,BTCUSDT,SHORT,futures,STRICT_SUPPORT,2025-10-21 13:50:00+00:00,108560.6956,108423.7221,372.8028,2025-10-21 13:50:00+00:00,108344.8,2025-10-21 13:55:00+00:00,108384.4,0.0,14.122128,2025-10-21 14:00:00+00:00,108341.0462,0.043611,4724.82,108635.2561,108635.2561,0,2025-10-21 14:05:00+00:00,108869.4868,STOP_LOSS,1,-23.05,2.3624,2.3739,7.5874,-27.78,-2.165
429,SOLUSDT,SHORT,futures,STRICT_SUPPORT,2025-10-21 13:55:00+00:00,185.8156,185.5884,0.9251,2025-10-21 13:55:00+00:00,185.02,2025-10-21 14:00:00+00:00,185.45,0.0,0.038438,2025-10-21 14:05:00+00:00,185.3758,20.314692,3765.85,186.0006,186.0006,0,2025-10-21 14:10:00+00:00,186.8439,STOP_LOSS,1,-29.82,1.8829,1.8978,6.0612,-33.61,-2.648
430,BNBUSDT,SHORT,futures,STRICT_SUPPORT,2025-10-21 13:40:00+00:00,1076.2767,1075.2712,4.0715,2025-10-21 13:40:00+00:00,1072.82,2025-10-21 14:00:00+00:00,1074.23,0.0,0.151176,2025-10-21 14:05:00+00:00,1073.7903,3.845199,4128.94,1077.091,1077.091,0,2025-10-21 14:10:00+00:00,1079.4438,STOP_LOSS,1,-21.74,2.0645,2.0753,6.6324,-25.88,-2.039
431,BNBUSDT,SHORT,futures,STRICT_SUPPORT,2025-10-22 08:05:00+00:00,1069.5175,1068.6422,1.9094,2025-10-22 08:05:00+00:00,1068.14,2025-10-22 08:10:00+00:00,1067.07,0.0,0.142231,2025-10-22 08:15:00+00:00,1066.6432,3.806366,4060.03,1069.8994,1069.8994,0,2025-10-22 08:25:00+00:00,1071.1833,STOP_LOSS,2,-17.28,2.03,2.0387,6.5168,-21.35,-1.723
432,SOLUSDT,SHORT,futures,STRICT_SUPPORT,2025-10-22 14:05:00+00:00,185.4396,185.1249,1.0775,2025-10-22 14:05:00+00:00,184.94,2025-10-22 14:10:00+00:00,184.9,0.0,0.014946,2025-10-22 14:15:00+00:00,184.836,15.001445,2772.81,185.6551,183.6634,3,2025-10-22 14:35:00+00:00,183.8838,TRAILING_STOP,4,14.29,1.3864,1.3793,4.4193,11.52,0.937
433,BTCUSDT,SHORT,futures,STRICT_SUPPORT,2025-10-22 19:40:00+00:00,108085.1138,108044.894,194.8813,2025-10-22 19:40:00+00:00,107967.4,2025-10-22 19:50:00+00:00,107938.5,0.0,11.994049,2025-10-22 19:55:00+00:00,107895.4246,0.045767,4938.08,108124.0901,107861.8518,4,2025-10-22 20:35:00+00:00,107991.286,TRAILING_STOP,8,-4.39,2.469,2.4712,7.9062,-9.33,-0.891
434,BNBUSDT,SHORT,futures,STRICT_SUPPORT,2025-10-22 20:00:00+00:00,1071.4391,1069.9994,3.1784,2025-10-22 20:00:00+00:00,1067.62,2025-10-22 20:05:00+00:00,1069.39,0.0,0.019371,2025-10-22 20:10:00+00:00,1068.9522,3.953987,4226.62,1072.0747,1068.0231,3,2025-10-22 20:35:00+00:00,1069.3047,TRAILING_STOP,5,-1.39,2.1133,2.114,6.7643,-5.62,-0.455
435,SOLUSDT,SHORT,futures,STRICT_SUPPORT,2025-10-25 13:25:00+00:00,193.2374,193.0991,0.4001,2025-10-25 13:25:00+00:00,192.93,2025-10-25 13:35:00+00:00,192.82,0.0,0.039078,2025-10-25 13:40:00+00:00,192.7529,21.735285,4189.54,193.3174,192.6441,2,2025-10-25 14:20:00+00:00,192.8752,TRAILING_STOP,8,-2.66,2.0948,2.0961,6.7065,-6.85,-0.558
436,SOLUSDT,SHORT,futures,STRICT_SUPPORT,2025-10-28 18:25:00+00:00,200.2375,200.0763,0.6898,2025-10-28 18:25:00+00:00,199.4,2025-10-28 19:05:00+00:00,200.02,0.0,0.01627,2025-10-28 19:10:00+00:00,199.94,24.479732,4894.48,200.3755,194.4259,13,2025-10-28 20:35:00+00:00,194.6593,TRAILING_STOP,17,129.27,2.4472,2.3826,7.676,124.44,11.673
437,BNBUSDT,SHORT,futures,STRICT_SUPPORT,2025-10-30 09:45:00+00:00,1112.5843,1112.1073,2.1802,2025-10-30 09:45:00+00:00,1110.31,2025-10-30 09:55:00+00:00,1109.33,0.0,0.137309,2025-10-30 10:00:00+00:00,1108.8863,3.110354,3449.03,1113.0203,1113.0203,0,2025-10-30 10:15:00+00:00,1114.356,STOP_LOSS,3,-17.01,1.7245,1.733,5.5389,-20.47,-1.592
438,SOLUSDT,SHORT,futures,STRICT_SUPPORT,2025-11-01 11:25:00+00:00,186.1402,186.014,0.2824,2025-11-01 11:25:00+00:00,185.99,2025-11-01 11:30:00+00:00,185.69,0.0,0.003974,2025-11-01 11:35:00+00:00,185.6057,21.585422,4006.38,186.1967,186.1967,0,2025-11-01 12:00:00+00:00,186.4201,STOP_LOSS,5,-17.58,2.0032,2.012,6.4313,-21.59,-1.693
439,BNBUSDT,SHORT,futures,STRICT_SUPPORT,2025-11-04 16:00:00+00:00,956.1674,953.9698,5.0485,2025-11-04 16:00:00+00:00,952.05,2025-11-04 16:05:00+00:00,950.47,0.0,0.379801,2025-11-04 16:10:00+00:00,950.1598,1.802418,1712.59,957.1771,924.5803,11,2025-11-04 17:20:00+00:00,925.6898,TRAILING_STOP,14,44.11,0.8563,0.8342,2.6872,42.41,3.353
440,BTCUSDT,SHORT,futures,STRICT_SUPPORT,2025-11-05 08:35:00+00:00,101707.5979,101611.9295,229.4174,2025-11-05 08:35:00+00:00,101555.8,2025-11-05 08:40:00+00:00,101459.4,0.0,16.929459,2025-11-05 08:45:00+00:00,101418.7163,0.038415,3896.05,101753.4814,101753.4814,0,2025-11-05 08:50:00+00:00,101875.5855,STOP_LOSS,1,-17.55,1.948,1.9568,6.2547,-21.46,-1.668
441,ETHUSDT,SHORT,futures,STRICT_SUPPORT,2025-11-05 09:15:00+00:00,3312.1039,3307.1104,14.8341,2025-11-05 09:15:00+00:00,3297.59,2025-11-05 09:20:00+00:00,3300.17,0.0,0.510392,2025-11-05 09:25:00+00:00,3298.8499,0.786206,2593.57,3315.0707,3292.0058,5,2025-11-05 11:10:00+00:00,3295.9562,TRAILING_STOP,21,2.28,1.2968,1.2956,4.147,-0.32,-0.025
442,BTCUSDT,SHORT,futures,STRICT_SUPPORT,2025-11-05 10:45:00+00:00,101732.4057,101667.8375,193.3965,2025-11-05 10:45:00+00:00,101442.7,2025-11-05 11:05:00+00:00,101542.6,0.0,12.937497,2025-11-05 11:10:00+00:00,101501.4832,0.047297,4800.69,101771.085,101771.085,0,2025-11-05 11:35:00+00:00,101893.2103,STOP_LOSS,5,-18.53,2.4003,2.4096,7.7033,-23.34,-1.83
443,BNBUSDT,SHORT,futures,STRICT_SUPPORT,2025-11-06 09:45:00+00:00,953.9148,953.1126,2.1934,2025-11-06 09:45:00+00:00,951.99,2025-11-06 09:50:00+00:00,952.75,0.0,0.112567,2025-11-06 09:55:00+00:00,952.3589,5.306654,5053.84,954.3535,953.3679,2,2025-11-06 10:15:00+00:00,954.512,TRAILING_STOP,4,-11.43,2.5269,2.5326,8.0999,-16.49,-1.557
444,ETHUSDT,SHORT,futures,STRICT_SUPPORT,2025-11-07 01:05:00+00:00,3318.6178,3313.6037,15.4681,2025-11-07 01:05:00+00:00,3297.13,2025-11-07 01:10:00+00:00,3308.52,0.0,0.013664,2025-11-07 01:15:00+00:00,3307.1966,0.864784,2860.01,3321.7114,3321.7114,0,2025-11-07 01:20:00+00:00,3325.6975,STOP_LOSS,1,-16.0,1.43,1.438,4.5952,-18.87,-1.503
445,ETHUSDT,SHORT,futures,STRICT_SUPPORT,2025-11-07 02:20:00+00:00,3316.2724,3311.5271,15.524,2025-11-07 02:20:00+00:00,3309.35,2025-11-07 02:25:00+00:00,3303.92,0.0,0.477109,2025-11-07 02:30:00+00:00,3302.5884,0.742033,2450.63,3319.3772,3319.3772,0,2025-11-07 02:35:00+00:00,3325.0753,STOP_LOSS,1,-16.69,1.2253,1.2337,3.941,-19.14,-1.537
446,BNBUSDT,SHORT,futures,STRICT_SUPPORT,2025-11-08 16:20:00+00:00,992.3642,991.0381,3.6363,2025-11-08 16:20:00+00:00,989.7,2025-11-08 16:25:00+00:00,990.11,0.0,0.038129,2025-11-08 16:30:00+00:00,989.714,3.660114,3622.47,993.0915,993.0915,0,2025-11-08 16:40:00+00:00,994.2832,STOP_LOSS,2,-16.72,1.8112,1.8196,5.816,-20.35,-1.647
447,SOLUSDT,SHORT,futures,STRICT_SUPPORT,2025-11-10 18:25:00+00:00,167.1658,166.9486,0.5702,2025-11-10 18:25:00+00:00,166.68,2025-11-10 18:30:00+00:00,166.62,0.0,0.018624,2025-11-10 18:35:00+00:00,166.5434,16.646322,2772.33,167.2799,166.5942,3,2025-11-10 19:10:00+00:00,166.7941,TRAILING_STOP,7,-4.17,1.3862,1.3883,4.4407,-6.95,-0.567
448,ETHUSDT,SHORT,futures,STRICT_SUPPORT,2025-11-11 10:25:00+00:00,3564.9859,3561.3741,9.03,2025-11-11 10:25:00+00:00,3559.77,2025-11-11 10:30:00+00:00,3549.12,0.0,0.584062,2025-11-11 10:35:00+00:00,3547.7004,0.640368,2271.84,3566.7919,3566.7919,0,2025-11-11 11:00:00+00:00,3571.072,STOP_LOSS,5,-14.97,1.1359,1.1434,3.6529,-17.25,-1.411
449,BTCUSDT,SHORT,futures,STRICT_SUPPORT,2025-11-13 04:00:00+00:00,102071.4004,101987.8025,300.021,2025-11-13 04:00:00+00:00,101917.5,2025-11-13 04:10:00+00:00,101966.1,0.0,20.002468,2025-11-13 04:15:00+00:00,101925.2136,0.04764,4855.75,102131.4046,102131.4046,0,2025-11-13 04:20:00+00:00,102253.9623,STOP_LOSS,1,-15.66,2.4279,2.4357,7.788,-20.53,-2.09
450,BTCUSDT,SHORT,futures,STRICT_SUPPORT,2025-11-13 15:15:00+00:00,102724.5346,102483.5398,560.5737,2025-11-13 15:15:00+00:00,102413.5,2025-11-13 15:20:00+00:00,102250.5,0.0,26.03982,2025-11-13 15:25:00+00:00,102209.4998,0.019193,1961.68,102836.6493,98867.8291,35,2025-11-13 19:05:00+00:00,98986.4705,TRAILING_STOP,44,61.86,0.9808,0.9499,3.0645,59.93,4.979
451,SOLUSDT,SHORT,futures,STRICT_SUPPORT,2025-11-14 18:55:00+00:00,141.711,141.5011,0.6146,2025-11-14 18:55:00+00:00,141.22,2025-11-14 19:00:00+00:00,140.97,0.0,0.001094,2025-11-14 19:05:00+00:00,140.9136,13.406154,1889.11,141.8339,141.8339,0,2025-11-14 19:10:00+00:00,142.2205,STOP_LOSS,1,-17.52,0.9446,0.9533,3.0436,-19.42,-1.574
452,BTCUSDT,SHORT,futures,STRICT_SUPPORT,2025-11-15 09:50:00+00:00,96002.2846,95933.3962,194.9604,2025-11-15 09:50:00+00:00,95823.0,2025-11-15 10:30:00+00:00,95875.4,0.0,15.49622,2025-11-15 10:35:00+00:00,95837.0498,0.051087,4896.01,96041.2767,95753.4288,5,2025-11-15 12:15:00+00:00,95868.3329,TRAILING_STOP,20,-1.6,2.448,2.4488,7.8355,-6.49,-0.623
453,SOLUSDT,SHORT,futures,STRICT_SUPPORT,2025-11-19 10:25:00+00:00,139.685,139.5987,0.4151,2025-11-19 10:25:00+00:00,139.55,2025-11-19 10:30:00+00:00,139.4,0.0,0.038653,2025-11-19 10:35:00+00:00,139.3442,28.807589,4014.17,139.768,139.768,0,2025-11-19 10:40:00+00:00,139.9357,STOP_LOSS,1,-17.04,2.0071,2.0156,6.4431,-21.06,-1.725
454,SOLUSDT,SHORT,futures,STRICT_SUPPORT,2025-11-19 10:45:00+00:00,139.6756,139.5869,0.3964,2025-11-19 10:45:00+00:00,139.39,2025-11-19 10:50:00+00:00,139.53,0.0,0.016901,2025-11-19 10:55:00+00:00,139.4742,34.708172,4840.89,139.7549,139.7549,0,2025-11-19 11:05:00+00:00,139.9226,STOP_LOSS,2,-15.56,2.4204,2.4282,7.7641,-20.41,-2.095
455,BNBUSDT,SHORT,futures,STRICT_SUPPORT,2025-11-20 13:55:00+00:00,903.2163,901.7349,3.2704,2025-11-20 13:55:00+00:00,899.75,2025-11-20 14:20:00+00:00,899.36,0.0,0.144886,2025-11-20 14:25:00+00:00,899.0003,2.464039,2215.17,903.8704,903.8704,0,2025-11-20 14:30:00+00:00,904.955,STOP_LOSS,1,-14.67,1.1076,1.1149,3.5619,-16.9,-1.408
457,BNBUSDT,SHORT,futures,STRICT_SUPPORT,2025-11-21 21:00:00+00:00,825.3392,823.7393,3.8632,2025-11-21 21:00:00+00:00,822.63,2025-11-21 21:05:00+00:00,821.68,0.0,0.019308,2025-11-21 21:10:00+00:00,821.3513,2.502442,2055.38,826.1119,826.1119,0,2025-11-21 21:15:00+00:00,827.1032,STOP_LOSS,1,-14.39,1.0277,1.0349,3.3059,-16.46,-1.381
456,ETHUSDT,SHORT,futures,STRICT_SUPPORT,2025-11-21 20:20:00+00:00,2752.7806,2748.9107,15.4424,2025-11-21 20:20:00+00:00,2721.0,2025-11-21 20:45:00+00:00,2745.96,0.0,0.010679,2025-11-21 20:50:00+00:00,2744.8516,1.081532,2968.64,2755.8691,2755.8691,0,2025-11-21 21:20:00+00:00,2759.1761,STOP_LOSS,6,-15.49,1.4843,1.4921,4.7684,-18.47,-1.55
458,SOLUSDT,SHORT,futures,STRICT_SUPPORT,2025-11-21 21:05:00+00:00,127.7113,127.3777,0.7855,2025-11-21 21:05:00+00:00,126.78,2025-11-21 21:10:00+00:00,127.3,0.0,0.05766,2025-11-21 21:15:00+00:00,127.2491,19.076421,2427.46,127.8684,127.8684,0,2025-11-21 21:20:00+00:00,128.0218,STOP_LOSS,1,-14.74,1.2137,1.2211,3.9016,-17.18,-1.454
459,SOLUSDT,SHORT,futures,STRICT_SUPPORT,2025-11-22 08:10:00+00:00,127.3792,127.2304,0.4108,2025-11-22 08:10:00+00:00,127.2,2025-11-22 08:15:00+00:00,126.31,0.0,0.000414,2025-11-22 08:20:00+00:00,126.2595,9.697736,1224.43,127.4613,127.4613,0,2025-11-22 09:35:00+00:00,127.6143,STOP_LOSS,15,-13.14,0.6122,0.6188,1.9749,-14.37,-1.233
460,ETHUSDT,SHORT,futures,STRICT_SUPPORT,2025-11-22 21:05:00+00:00,2746.1551,2743.6973,5.8942,2025-11-22 21:05:00+00:00,2738.79,2025-11-22 21:15:00+00:00,2742.64,0.0,0.007286,2025-11-22 21:20:00+00:00,2741.5429,1.690048,4633.34,2747.3339,2747.3339,0,2025-11-22 21:25:00+00:00,2750.6307,STOP_LOSS,1,-15.36,2.3167,2.3243,7.4318,-20.0,-2.044
461,BTCUSDT,SHORT,futures,STRICT_SUPPORT,2025-11-22 21:20:00+00:00,84485.9591,84422.3489,134.481,2025-11-22 21:20:00+00:00,84354.2,2025-11-22 21:40:00+00:00,84366.4,0.0,11.648885,2025-11-22 21:45:00+00:00,84332.6534,0.054467,4593.34,84512.8553,84512.8553,0,2025-11-22 22:10:00+00:00,84614.2707,STOP_LOSS,5,-15.34,2.2967,2.3043,7.3677,-19.94,-2.032
462,BNBUSDT,SHORT,futures,STRICT_SUPPORT,2025-11-24 04:25:00+00:00,847.1781,846.7834,3.1253,2025-11-24 04:25:00+00:00,841.65,2025-11-24 04:30:00+00:00,845.2,0.0,0.24341,2025-11-24 04:35:00+00:00,844.8719,3.883615,3281.16,847.8031,847.8031,0,2025-11-24 05:05:00+00:00,848.8205,STOP_LOSS,6,-15.33,1.6406,1.6482,5.2683,-18.62,-1.636
463,ETHUSDT,SHORT,futures,STRICT_SUPPORT,2025-11-24 14:05:00+00:00,2813.3966,2809.524,8.4248,2025-11-24 14:05:00+00:00,2805.19,2025-11-24 14:10:00+00:00,2806.42,0.0,0.643991,2025-11-24 14:15:00+00:00,2805.2974,1.15396,3237.2,2815.0816,2810.3117,1,2025-11-24 14:30:00+00:00,2813.6841,TRAILING_STOP,3,-9.68,1.6186,1.6234,5.1911,-12.92,-1.144
465,BTCUSDT,SHORT,futures,STRICT_SUPPORT,2025-11-26 15:40:00+00:00,87042.3204,86984.9854,274.891,2025-11-26 15:40:00+00:00,86835.6,2025-11-26 15:50:00+00:00,86901.9,0.0,21.685355,2025-11-26 15:55:00+00:00,86867.639,0.048752,4234.99,87097.2986,87097.2986,0,2025-11-26 16:00:00+00:00,87201.8153,STOP_LOSS,1,-16.29,2.1175,2.1256,6.7955,-20.53,-1.834
464,SOLUSDT,SHORT,futures,STRICT_SUPPORT,2025-11-26 15:40:00+00:00,136.9217,136.5307,0.8124,2025-11-26 15:40:00+00:00,136.27,2025-11-26 15:45:00+00:00,136.25,0.0,0.070669,2025-11-26 15:50:00+00:00,136.1855,12.491338,1701.14,137.0842,137.0842,0,2025-11-26 16:05:00+00:00,137.2487,STOP_LOSS,3,-13.28,0.8506,0.8572,2.7378,-14.99,-1.335
466,SOLUSDT,SHORT,futures,STRICT_SUPPORT,2025-11-26 16:45:00+00:00,137.0001,136.7965,0.5867,2025-11-26 16:45:00+00:00,136.7,2025-11-26 16:50:00+00:00,136.59,0.0,0.006491,2025-11-26 16:55:00+00:00,136.5354,18.978919,2591.29,137.1175,137.1175,0,2025-11-26 17:00:00+00:00,137.282,STOP_LOSS,1,-14.17,1.2956,1.3027,4.1631,-16.77,-1.518
467,BNBUSDT,SHORT,futures,STRICT_SUPPORT,2025-11-28 01:50:00+00:00,896.1738,895.7558,2.2433,2025-11-28 01:50:00+00:00,890.72,2025-11-28 02:15:00+00:00,891.55,0.0,0.215775,2025-11-28 02:20:00+00:00,891.2034,2.023144,1803.03,896.6225,896.6225,0,2025-11-28 02:55:00+00:00,897.6984,STOP_LOSS,7,-13.14,0.9015,0.9081,2.9006,-14.95,-1.364
468,ETHUSDT,SHORT,futures,STRICT_SUPPORT,2025-11-30 05:25:00+00:00,2994.9306,2993.2355,4.3674,2025-11-30 05:25:00+00:00,2984.34,2025-11-30 06:05:00+00:00,2986.8,0.0,0.235538,2025-11-30 06:10:00+00:00,2985.6053,1.067666,3187.63,2995.8041,2995.8041,0,2025-11-30 06:25:00+00:00,2999.399,STOP_LOSS,3,-14.73,1.5938,1.6012,5.1179,-17.92,-1.646
469,ETHUSDT,SHORT,futures,STRICT_SUPPORT,2025-12-02 08:35:00+00:00,2800.5484,2797.9525,5.8249,2025-12-02 08:35:00+00:00,2794.93,2025-12-02 08:40:00+00:00,2793.48,0.0,0.562493,2025-12-02 08:45:00+00:00,2792.3626,1.154916,3224.94,2801.7133,2801.7133,0,2025-12-02 09:05:00+00:00,2805.0754,STOP_LOSS,4,-14.68,1.6125,1.6198,5.1775,-17.91,-1.659
470,ETHUSDT,SHORT,futures,STRICT_SUPPORT,2025-12-02 09:45:00+00:00,2800.3637,2799.0344,5.5601,2025-12-02 09:45:00+00:00,2797.65,2025-12-02 09:50:00+00:00,2797.01,0.0,0.054356,2025-12-02 09:55:00+00:00,2795.9012,1.532202,4283.89,2801.4758,2801.4758,0,2025-12-02 10:00:00+00:00,2804.8375,STOP_LOSS,1,-13.69,2.1419,2.1488,6.8706,-17.98,-2.105
471,BNBUSDT,SHORT,futures,STRICT_SUPPORT,2025-12-04 16:35:00+00:00,909.7026,909.1366,2.7715,2025-12-04 16:35:00+00:00,907.2,2025-12-04 16:45:00+00:00,906.27,0.0,0.016604,2025-12-04 16:50:00+00:00,905.9075,2.441654,2211.91,910.2569,903.8073,3,2025-12-04 17:50:00+00:00,904.8918,TRAILING_STOP,12,2.48,1.106,1.1047,3.5361,0.27,0.025
472,ETHUSDT,SHORT,futures,STRICT_SUPPORT,2025-12-08 23:30:00+00:00,3127.4287,3125.8303,7.083,2025-12-08 23:30:00+00:00,3122.06,2025-12-08 23:40:00+00:00,3123.18,0.0,0.13026,2025-12-08 23:45:00+00:00,3121.9307,1.360843,4248.46,3128.8453,3128.8453,0,2025-12-09 00:10:00+00:00,3132.5999,STOP_LOSS,5,-14.52,2.1242,2.1315,6.815,-18.77,-1.995
473,BTCUSDT,SHORT,futures,STRICT_SUPPORT,2025-12-08 23:50:00+00:00,90723.7976,90684.0903,130.5934,2025-12-08 23:50:00+00:00,90567.8,2025-12-09 00:00:00+00:00,90602.2,0.0,9.090262,2025-12-09 00:05:00+00:00,90565.9591,0.046791,4237.69,90749.9163,90749.9163,0,2025-12-09 00:15:00+00:00,90858.8162,STOP_LOSS,2,-13.7,2.1188,2.1257,6.7968,-17.95,-2.085
474,ETHUSDT,SHORT,futures,STRICT_SUPPORT,2025-12-09 14:25:00+00:00,3118.049,3116.558,8.4547,2025-12-09 14:25:00+00:00,3110.11,2025-12-09 14:30:00+00:00,3109.3,0.0,0.398006,2025-12-09 14:35:00+00:00,3108.0663,0.894207,2779.26,3119.7399,3119.7399,0,2025-12-09 15:00:00+00:00,3123.4836,STOP_LOSS,5,-13.79,1.3896,1.3965,4.4634,-16.57,-1.588
475,SOLUSDT,SHORT,futures,STRICT_SUPPORT,2025-12-10 21:50:00+00:00,138.1935,137.8783,0.7926,2025-12-10 21:50:00+00:00,137.75,2025-12-10 21:55:00+00:00,137.08,0.0,0.078313,2025-12-10 22:00:00+00:00,137.0252,7.804906,1069.47,138.352,136.9184,4,2025-12-10 22:35:00+00:00,137.0827,TRAILING_STOP,7,-0.45,0.5347,0.535,1.7117,-1.52,-0.147
476,ETHUSDT,SHORT,futures,STRICT_SUPPORT,2025-12-14 20:00:00+00:00,3091.2428,3089.8441,6.2501,2025-12-14 20:00:00+00:00,3087.57,2025-12-14 20:05:00+00:00,3083.27,0.0,0.564098,2025-12-14 20:10:00+00:00,3082.0367,0.989681,3050.23,3092.4928,3092.4928,0,2025-12-14 20:15:00+00:00,3098.5037,STOP_LOSS,1,-16.3,1.5251,1.5333,4.8999,-19.36,-1.87
477,SOLUSDT,SHORT,futures,STRICT_SUPPORT,2025-12-16 01:55:00+00:00,126.6559,126.4361,0.5074,2025-12-16 01:55:00+00:00,126.31,2025-12-16 02:00:00+00:00,126.18,0.0,0.036131,2025-12-16 02:05:00+00:00,126.1195,16.072654,2027.08,126.7573,126.7573,0,2025-12-16 02:25:00+00:00,126.9095,STOP_LOSS,4,-12.7,1.0135,1.0199,3.2586,-14.73,-1.437
478,BNBUSDT,SHORT,futures,STRICT_SUPPORT,2025-12-16 03:15:00+00:00,855.8444,855.0791,1.5613,2025-12-16 03:15:00+00:00,853.94,2025-12-16 03:20:00+00:00,854.1,0.0,0.029055,2025-12-16 03:25:00+00:00,853.7584,4.243733,3623.12,856.1567,854.0975,1,2025-12-16 03:35:00+00:00,855.1224,TRAILING_STOP,2,-5.79,1.8116,1.8145,5.8039,-9.41,-0.925
479,ETHUSDT,SHORT,futures,STRICT_SUPPORT,2025-12-16 13:40:00+00:00,2946.9514,2942.073,17.1956,2025-12-16 13:40:00+00:00,2931.23,2025-12-16 14:20:00+00:00,2930.25,0.0,1.15302,2025-12-16 14:25:00+00:00,2929.0779,0.475339,1392.3,2950.3905,2950.3905,0,2025-12-16 14:30:00+00:00,2953.931,STOP_LOSS,1,-11.81,0.6962,0.7021,2.2419,-13.21,-1.304
480,ETHUSDT,SHORT,futures,STRICT_SUPPORT,2025-12-17 02:20:00+00:00,2950.7885,2948.579,6.4645,2025-12-17 02:20:00+00:00,2944.51,2025-12-17 02:30:00+00:00,2943.92,0.0,0.008967,2025-12-17 02:35:00+00:00,2942.7324,1.076555,3168.01,2952.0814,2952.0814,0,2025-12-17 02:40:00+00:00,2955.6239,STOP_LOSS,1,-13.88,1.584,1.5909,5.0855,-17.05,-1.694
481,ETHUSDT,SHORT,futures,STRICT_SUPPORT,2025-12-17 14:40:00+00:00,2933.4047,2930.793,10.3591,2025-12-17 14:40:00+00:00,2925.86,2025-12-17 14:45:00+00:00,2904.3,0.0,0.293041,2025-12-17 14:50:00+00:00,2903.1383,0.308594,895.89,2935.4765,2935.4765,0,2025-12-17 14:55:00+00:00,2966.9961,STOP_LOSS,1,-19.71,0.4479,0.4578,1.4571,-20.61,-2.065
482,SOLUSDT,SHORT,futures,STRICT_SUPPORT,2025-12-18 05:00:00+00:00,123.587,123.5,0.2034,2025-12-18 05:00:00+00:00,123.46,2025-12-18 05:05:00+00:00,123.31,0.0,0.010027,2025-12-18 05:10:00+00:00,123.2607,26.913251,3317.35,123.6276,122.7842,4,2025-12-18 05:40:00+00:00,122.9315,TRAILING_STOP,6,8.86,1.6587,1.6542,5.2971,5.55,0.562
483,SOLUSDT,SHORT,futures,STRICT_SUPPORT,2025-12-20 13:15:00+00:00,126.1884,126.0954,0.1946,2025-12-20 13:15:00+00:00,125.71,2025-12-20 13:55:00+00:00,126.06,0.0,0.005373,2025-12-20 14:00:00+00:00,126.0196,31.436518,3961.62,126.2273,125.8789,5,2025-12-20 14:30:00+00:00,126.0299,TRAILING_STOP,6,-0.33,1.9808,1.981,6.339,-4.29,-0.656
484,BTCUSDT,SHORT,futures,STRICT_SUPPORT,2025-12-22 02:30:00+00:00,88609.0453,88516.0222,230.3812,2025-12-22 02:30:00+00:00,88349.9,2025-12-22 02:35:00+00:00,88489.9,0.0,7.522171,2025-12-22 02:40:00+00:00,88454.4041,0.04469,3953.04,88655.1215,88614.8788,2,2025-12-22 03:15:00+00:00,88721.2166,TRAILING_STOP,7,-11.92,1.9765,1.9825,6.3392,-15.88,-1.771
485,SOLUSDT,SHORT,futures,STRICT_SUPPORT,2025-12-22 02:30:00+00:00,125.943,125.7505,0.5206,2025-12-22 02:30:00+00:00,125.14,2025-12-22 03:10:00+00:00,125.28,0.0,0.040456,2025-12-22 03:15:00+00:00,125.2199,11.850109,1483.87,126.0472,126.0472,0,2025-12-22 03:20:00+00:00,126.1984,STOP_LOSS,1,-11.6,0.7419,0.7477,2.3881,-13.09,-1.335
486,BTCUSDT,SHORT,futures,STRICT_SUPPORT,2025-12-23 13:55:00+00:00,87726.4777,87673.9086,166.4076,2025-12-23 13:55:00+00:00,87567.7,2025-12-23 14:00:00+00:00,87598.3,0.0,4.00864,2025-12-23 14:05:00+00:00,87563.2607,0.044483,3895.1,87759.7592,87759.7592,0,2025-12-23 14:10:00+00:00,87865.0709,STOP_LOSS,1,-13.43,1.9476,1.9543,6.2483,-17.33,-1.982
487,SOLUSDT,SHORT,futures,STRICT_SUPPORT,2025-12-23 17:50:00+00:00,123.9814,123.8395,0.411,2025-12-23 17:50:00+00:00,123.34,2025-12-23 18:15:00+00:00,123.69,0.0,0.019459,2025-12-23 18:20:00+00:00,123.6405,22.812552,2820.56,124.0636,124.0636,0,2025-12-23 18:40:00+00:00,124.2125,STOP_LOSS,4,-13.05,1.4103,1.4168,4.5285,-15.87,-1.645
488,SOLUSDT,SHORT,futures,STRICT_SUPPORT,2025-12-23 23:00:00+00:00,124.0507,124.0243,0.3089,2025-12-23 23:00:00+00:00,123.77,2025-12-23 23:35:00+00:00,123.9,0.0,0.024341,2025-12-23 23:40:00+00:00,123.8504,30.913908,3828.7,124.1124,124.1124,0,2025-12-23 23:45:00+00:00,124.2614,STOP_LOSS,1,-12.7,1.9144,1.9207,6.1412,-16.54,-2.042
489,SOLUSDT,SHORT,futures,STRICT_SUPPORT,2026-01-01 16:05:00+00:00,124.8258,124.7633,0.2247,2026-01-01 16:05:00+00:00,124.73,2026-01-01 16:10:00+00:00,124.57,0.0,0.013269,2026-01-01 16:15:00+00:00,124.5202,27.070546,3370.83,124.8707,124.8707,0,2026-01-01 17:20:00+00:00,125.0205,STOP_LOSS,13,-13.55,1.6854,1.6922,5.4096,-16.92,-1.783
490,BTCUSDT,SHORT,futures,STRICT_SUPPORT,2026-01-06 15:45:00+00:00,93811.7519,93738.5069,304.5832,2026-01-06 15:45:00+00:00,93504.5,2026-01-06 16:00:00+00:00,93642.0,0.0,9.606937,2026-01-06 16:05:00+00:00,93604.4432,0.035062,3281.93,93872.6685,91855.1222,19,2026-01-06 18:05:00+00:00,91965.3483,TRAILING_STOP,24,57.47,1.641,1.6122,5.1821,54.22,5.765
491,ETHUSDT,SHORT,futures,STRICT_SUPPORT,2026-01-09 01:35:00+00:00,3112.107,3111.8018,16.491,2026-01-09 01:35:00+00:00,3094.6,2026-01-09 02:00:00+00:00,3109.96,0.0,0.001844,2026-01-09 02:05:00+00:00,3108.716,1.244955,3870.21,3115.4052,3115.4052,0,2026-01-09 02:10:00+00:00,3124.4749,STOP_LOSS,1,-19.62,1.9351,1.9449,6.2159,-23.5,-2.822
492,SOLUSDT,SHORT,futures,STRICT_SUPPORT,2026-01-09 17:35:00+00:00,138.713,138.6024,0.613,2026-01-09 17:35:00+00:00,137.65,2026-01-09 17:55:00+00:00,138.37,0.0,0.052366,2026-01-09 18:00:00+00:00,138.3147,18.345872,2537.5,138.8356,136.7396,8,2026-01-09 18:50:00+00:00,136.9041,TRAILING_STOP,10,25.88,1.2688,1.2558,4.029,23.35,2.443
493,ETHUSDT,SHORT,futures,STRICT_SUPPORT,2026-01-12 17:40:00+00:00,3118.5126,3116.7733,12.0966,2026-01-12 17:40:00+00:00,3096.48,2026-01-12 18:20:00+00:00,3114.8,0.0,0.513286,2026-01-12 18:25:00+00:00,3113.5541,1.242927,3869.92,3120.9319,3109.3327,5,2026-01-12 19:10:00+00:00,3113.0639,TRAILING_STOP,9,0.61,1.935,1.9347,6.1911,-3.26,-0.356
494,BNBUSDT,SHORT,futures,STRICT_SUPPORT,2026-01-16 14:40:00+00:00,934.6556,934.0939,1.807,2026-01-16 14:40:00+00:00,931.3,2026-01-16 15:05:00+00:00,933.49,0.0,0.05393,2026-01-16 15:10:00+00:00,933.1266,4.140272,3863.4,935.017,928.7934,6,2026-01-16 16:05:00+00:00,929.908,TRAILING_STOP,11,13.33,1.9317,1.925,6.1654,9.47,1.21
495,ETHUSDT,SHORT,futures,STRICT_SUPPORT,2026-01-16 15:20:00+00:00,3303.2049,3298.8506,12.8641,2026-01-16 15:20:00+00:00,3295.56,2026-01-16 15:25:00+00:00,3287.59,0.0,0.020628,2026-01-16 15:30:00+00:00,3286.265,0.501572,1648.3,3305.7777,3274.843,7,2026-01-16 16:15:00+00:00,3278.7728,TRAILING_STOP,9,3.76,0.8241,0.8223,2.6328,2.11,0.216
496,SOLUSDT,SHORT,futures,STRICT_SUPPORT,2026-01-17 11:45:00+00:00,144.0756,144.0025,0.1943,2026-01-17 11:45:00+00:00,143.86,2026-01-17 12:15:00+00:00,143.72,0.0,0.002548,2026-01-17 12:20:00+00:00,143.6725,21.984596,3158.58,144.1145,144.1145,0,2026-01-17 14:30:00+00:00,144.2874,STOP_LOSS,26,-13.52,1.5793,1.5861,5.07,-16.68,-1.717
497,SOLUSDT,SHORT,futures,STRICT_SUPPORT,2026-01-22 21:30:00+00:00,128.6324,128.5332,0.3295,2026-01-22 21:30:00+00:00,128.47,2026-01-22 21:35:00+00:00,128.46,0.0,0.013244,2026-01-22 21:40:00+00:00,128.4086,30.007974,3853.28,128.6983,128.5566,2,2026-01-22 22:10:00+00:00,128.7109,TRAILING_STOP,6,-9.07,1.9266,1.9312,6.1761,-12.93,-1.487
498,BNBUSDT,SHORT,futures,STRICT_SUPPORT,2026-01-23 14:35:00+00:00,889.1824,888.5616,1.6761,2026-01-23 14:35:00+00:00,884.02,2026-01-23 15:10:00+00:00,886.19,0.0,0.041638,2026-01-23 15:15:00+00:00,885.8455,2.605733,2308.28,889.5176,889.5176,0,2026-01-23 15:20:00+00:00,890.5851,STOP_LOSS,1,-12.35,1.1541,1.1603,3.7081,-14.66,-1.533
499,ETHUSDT,SHORT,futures,STRICT_SUPPORT,2026-01-25 14:00:00+00:00,2940.1198,2938.8857,3.7962,2026-01-25 14:00:00+00:00,2936.66,2026-01-25 14:15:00+00:00,2933.0,0.0,0.015652,2026-01-25 14:20:00+00:00,2931.8368,1.0501,3078.72,2940.879,2895.7428,9,2026-01-25 16:50:00+00:00,2899.2177,TRAILING_STOP,30,34.25,1.5394,1.5222,4.8849,31.19,3.285
500,BNBUSDT,SHORT,futures,STRICT_SUPPORT,2026-01-26 15:50:00+00:00,873.955,873.2522,2.2093,2026-01-26 15:50:00+00:00,872.32,2026-01-26 15:55:00+00:00,872.52,0.0,0.152198,2026-01-26 16:00:00+00:00,872.181,4.355829,3799.07,874.3968,874.3968,0,2026-01-26 16:20:00+00:00,875.4461,STOP_LOSS,4,-14.22,1.8995,1.9066,6.0956,-18.03,-1.868
502,BTCUSDT,SHORT,futures,STRICT_SUPPORT,2026-01-30 13:45:00+00:00,82783.6523,82720.7496,206.3476,2026-01-30 13:45:00+00:00,82692.0,2026-01-30 13:50:00+00:00,82689.6,0.0,7.949553,2026-01-30 13:55:00+00:00,82656.6241,0.046224,3820.76,82824.9218,82824.9218,0,2026-01-30 14:00:00+00:00,82924.3117,STOP_LOSS,1,-12.37,1.9104,1.9166,6.1281,-16.2,-2.082
503,SOLUSDT,SHORT,futures,STRICT_SUPPORT,2026-01-30 13:45:00+00:00,115.9558,115.7967,0.4234,2026-01-30 13:45:00+00:00,115.64,2026-01-30 13:55:00+00:00,115.74,0.0,0.036652,2026-01-30 14:00:00+00:00,115.6937,27.257947,3153.57,116.0405,116.0405,0,2026-01-30 14:05:00+00:00,116.2193,STOP_LOSS,1,-14.33,1.5768,1.5839,5.0629,-17.49,-1.85
501,ETHUSDT,SHORT,futures,STRICT_SUPPORT,2026-01-30 13:40:00+00:00,2741.4548,2737.711,10.6608,2026-01-30 13:40:00+00:00,2737.12,2026-01-30 13:45:00+00:00,2727.79,0.0,0.590993,2026-01-30 13:50:00+00:00,2726.6989,0.56618,1543.8,2743.5869,2743.5869,0,2026-01-30 14:30:00+00:00,2746.8792,STOP_LOSS,8,-11.43,0.7719,0.7776,2.4838,-12.98,-1.357
504,BTCUSDT,SHORT,futures,STRICT_SUPPORT,2026-02-01 12:00:00+00:00,78634.2246,78597.328,137.811,2026-02-01 12:00:00+00:00,78534.1,2026-02-01 12:10:00+00:00,78530.6,0.0,7.327965,2026-02-01 12:15:00+00:00,78499.0878,0.047534,3731.34,78661.7868,78507.5506,3,2026-02-01 12:35:00+00:00,78601.7597,TRAILING_STOP,4,-4.88,1.8657,1.8681,5.976,-8.61,-1.114
505,SOLUSDT,SHORT,futures,STRICT_SUPPORT,2026-02-02 01:05:00+00:00,101.856,101.5652,0.7753,2026-02-02 01:05:00+00:00,101.45,2026-02-02 01:10:00+00:00,100.66,0.0,0.075241,2026-02-02 01:15:00+00:00,100.6197,6.673538,671.49,102.0111,102.0111,0,2026-02-02 01:20:00+00:00,102.1335,STOP_LOSS,1,-10.1,0.3357,0.3408,1.0865,-10.78,-1.161
506,BTCUSDT,SHORT,futures,STRICT_SUPPORT,2026-02-03 14:35:00+00:00,78313.7434,78191.373,247.2057,2026-02-03 14:35:00+00:00,77729.8,2026-02-03 14:45:00+00:00,78001.0,0.0,18.873023,2026-02-03 14:50:00+00:00,77969.8996,0.023473,1830.15,78363.1845,77794.0394,3,2026-02-03 15:25:00+00:00,77887.3922,TRAILING_STOP,7,1.94,0.9151,0.9141,2.9259,0.11,0.012
507,BTCUSDT,SHORT,futures,STRICT_SUPPORT,2026-02-04 02:55:00+00:00,76144.0718,76092.3352,207.1053,2026-02-04 02:55:00+00:00,75926.8,2026-02-04 03:00:00+00:00,76057.4,0.0,19.235243,2026-02-04 03:05:00+00:00,76026.977,0.048572,3692.77,76185.4928,76185.4928,0,2026-02-04 03:10:00+00:00,76408.5804,STOP_LOSS,1,-18.54,1.8464,1.8557,5.9307,-22.24,-2.888
509,BNBUSDT,SHORT,futures,STRICT_SUPPORT,2026-02-06 07:25:00+00:00,627.9005,627.0637,3.3851,2026-02-06 07:25:00+00:00,624.59,2026-02-06 07:30:00+00:00,626.99,0.0,0.073738,2026-02-06 07:35:00+00:00,626.7492,4.988582,3126.59,628.5775,628.5775,0,2026-02-06 07:40:00+00:00,629.3318,STOP_LOSS,1,-12.88,1.5633,1.5697,5.018,-16.02,-1.756
508,ETHUSDT,SHORT,futures,STRICT_SUPPORT,2026-02-06 07:25:00+00:00,1914.4698,1911.4792,12.2887,2026-02-06 07:25:00+00:00,1902.06,2026-02-06 07:30:00+00:00,1910.57,0.0,0.609167,2026-02-06 07:35:00+00:00,1909.8158,1.282482,2449.3,1916.9276,1888.8327,14,2026-02-06 09:10:00+00:00,1891.0993,TRAILING_STOP,19,24.0,1.2247,1.2127,3.8901,21.57,2.365
510,BTCUSDT,SHORT,futures,STRICT_SUPPORT,2026-02-07 17:15:00+00:00,69060.952,68974.1712,287.9822,2026-02-07 17:15:00+00:00,68867.9,2026-02-07 17:20:00+00:00,68903.4,0.0,27.071242,2026-02-07 17:25:00+00:00,68875.8386,0.037689,2595.86,69118.5485,69118.5485,0,2026-02-07 17:35:00+00:00,69201.4907,STOP_LOSS,2,-12.27,1.2979,1.3041,4.1681,-14.88,-1.626
511,BTCUSDT,SHORT,futures,STRICT_SUPPORT,2026-02-07 23:15:00+00:00,69340.6775,69275.1156,180.1575,2026-02-07 23:15:00+00:00,68886.0,2026-02-07 23:35:00+00:00,69203.7,0.0,12.615575,2026-02-07 23:40:00+00:00,69176.0185,0.045209,3127.41,69376.709,69376.709,0,2026-02-07 23:50:00+00:00,69459.9611,STOP_LOSS,2,-12.84,1.5637,1.5701,5.0193,-15.97,-1.76
512,ETHUSDT,SHORT,futures,STRICT_SUPPORT,2026-02-08 07:05:00+00:00,2082.5799,2080.3055,5.067,2026-02-08 07:05:00+00:00,2070.43,2026-02-08 07:30:00+00:00,2078.93,0.0,0.465465,2026-02-08 07:35:00+00:00,2078.1084,1.63964,3407.35,2083.5933,2083.5933,0,2026-02-08 07:55:00+00:00,2086.0936,STOP_LOSS,4,-13.09,1.7037,1.7102,5.4675,-16.51,-1.835
513,BTCUSDT,SHORT,futures,STRICT_SUPPORT,2026-02-10 19:50:00+00:00,69134.6792,69060.629,201.2599,2026-02-10 19:50:00+00:00,69024.0,2026-02-10 19:55:00+00:00,69031.4,0.0,11.728986,2026-02-10 20:00:00+00:00,69003.6875,0.051654,3564.28,69174.9312,68945.7423,9,2026-02-10 21:00:00+00:00,69028.4772,TRAILING_STOP,12,-1.28,1.7821,1.7828,5.7044,-4.85,-0.548
514,SOLUSDT,SHORT,futures,STRICT_SUPPORT,2026-02-11 03:30:00+00:00,83.4103,83.3507,0.3341,2026-02-11 03:30:00+00:00,83.15,2026-02-11 03:35:00+00:00,83.3,0.0,0.000727,2026-02-11 03:40:00+00:00,83.2667,42.230555,3516.4,83.4771,83.4771,0,2026-02-11 03:45:00+00:00,83.7604,STOP_LOSS,1,-20.85,1.7582,1.7686,5.6513,-24.38,-2.743
515,SOLUSDT,SHORT,futures,STRICT_SUPPORT,2026-02-11 14:40:00+00:00,81.5194,81.333,0.6056,2026-02-11 14:40:00+00:00,81.08,2026-02-11 14:45:00+00:00,80.66,0.0,0.042997,2026-02-11 14:50:00+00:00,80.6377,8.740008,704.77,81.6405,79.8431,7,2026-02-11 15:40:00+00:00,79.9389,TRAILING_STOP,10,6.11,0.3524,0.3493,1.1203,5.41,0.617
516,BNBUSDT,SHORT,futures,STRICT_SUPPORT,2026-02-11 15:15:00+00:00,598.0185,596.5413,4.5992,2026-02-11 15:15:00+00:00,594.03,2026-02-11 15:40:00+00:00,595.53,0.0,0.431309,2026-02-11 15:45:00+00:00,595.3018,2.417582,1439.19,598.9383,596.868,4,2026-02-11 16:10:00+00:00,597.5842,TRAILING_STOP,5,-5.52,0.7196,0.7224,2.3093,-6.96,-0.792
517,BTCUSDT,SHORT,futures,STRICT_SUPPORT,2026-02-12 15:10:00+00:00,67759.7841,67656.7605,362.8541,2026-02-12 15:10:00+00:00,67382.0,2026-02-12 15:15:00+00:00,67448.8,0.0,10.860473,2026-02-12 15:20:00+00:00,67421.9204,0.021336,1438.48,67832.3549,67832.3549,0,2026-02-12 15:25:00+00:00,67913.7538,STOP_LOSS,1,-10.49,0.7192,0.7245,2.3142,-11.94,-1.363
518,SOLUSDT,SHORT,futures,STRICT_SUPPORT,2026-02-13 05:25:00+00:00,78.5855,78.5202,0.2067,2026-02-13 05:25:00+00:00,78.31,2026-02-13 05:30:00+00:00,78.43,0.0,0.010243,2026-02-13 05:35:00+00:00,78.3886,36.518823,2862.66,78.6268,78.6268,0,2026-02-13 05:40:00+00:00,78.7211,STOP_LOSS,1,-12.14,1.4313,1.4374,4.5948,-15.01,-1.726
519,SOLUSDT,SHORT,futures,STRICT_SUPPORT,2026-02-13 06:10:00+00:00,78.5401,78.4756,0.2004,2026-02-13 06:10:00+00:00,78.35,2026-02-13 06:15:00+00:00,78.32,0.0,0.015582,2026-02-13 06:20:00+00:00,78.2987,30.631324,2398.39,78.5801,78.1903,5,2026-02-13 06:50:00+00:00,78.2841,TRAILING_STOP,6,0.44,1.1992,1.199,3.8369,-1.95,-0.227
520,BTCUSDT,SHORT,futures,STRICT_SUPPORT,2026-02-13 07:35:00+00:00,66313.1271,66304.7451,140.9278,2026-02-13 07:35:00+00:00,66199.6,2026-02-13 07:55:00+00:00,66183.3,0.0,1.045075,2026-02-13 08:00:00+00:00,66156.8267,0.046683,3088.38,66341.3127,66341.3127,0,2026-02-13 08:05:00+00:00,66420.9222,STOP_LOSS,1,-12.33,1.5442,1.5504,4.9562,-15.42,-1.791
521,ETHUSDT,SHORT,futures,STRICT_SUPPORT,2026-02-13 07:35:00+00:00,1940.2073,1938.632,4.9655,2026-02-13 07:35:00+00:00,1935.93,2026-02-13 07:55:00+00:00,1934.88,0.0,0.121968,2026-02-13 08:00:00+00:00,1934.116,1.215688,2351.28,1941.2004,1941.2004,0,2026-02-13 08:05:00+00:00,1943.5298,STOP_LOSS,1,-11.44,1.1756,1.1814,3.7758,-13.8,-1.602
522,BNBUSDT,SHORT,futures,STRICT_SUPPORT,2026-02-15 02:30:00+00:00,631.6896,631.0484,1.4989,2026-02-15 02:30:00+00:00,628.92,2026-02-15 02:40:00+00:00,629.94,0.0,0.048377,2026-02-15 02:45:00+00:00,629.678,3.66291,2306.45,631.9894,631.9894,0,2026-02-15 03:45:00+00:00,632.7477,STOP_LOSS,12,-11.24,1.1532,1.1588,3.7038,-13.56,-1.601
523,ETHUSDT,SHORT,futures,STRICT_SUPPORT,2026-02-15 08:40:00+00:00,2080.9641,2079.2976,7.9361,2026-02-15 08:40:00+00:00,2062.5,2026-02-15 09:10:00+00:00,2072.99,0.0,0.477597,2026-02-15 09:15:00+00:00,2072.1708,0.809053,1676.5,2082.5513,2063.3302,2,2026-02-15 10:20:00+00:00,2065.8062,TRAILING_STOP,13,5.15,0.8382,0.8357,2.6762,3.48,0.414
524,BTCUSDT,SHORT,futures,STRICT_SUPPORT,2026-02-16 11:30:00+00:00,68702.0019,68665.3101,147.0228,2026-02-16 11:30:00+00:00,68658.4,2026-02-16 11:35:00+00:00,68603.8,0.0,6.91007,2026-02-16 11:40:00+00:00,68576.3585,0.049089,3366.32,68731.4065,68731.4065,0,2026-02-16 11:50:00+00:00,68813.8842,STOP_LOSS,2,-11.66,1.6832,1.689,5.4001,-15.03,-1.975
525,SOLUSDT,SHORT,futures,STRICT_SUPPORT,2026-02-16 12:15:00+00:00,85.4708,85.422,0.2735,2026-02-16 12:15:00+00:00,85.27,2026-02-16 12:20:00+00:00,85.33,0.0,0.012019,2026-02-16 12:25:00+00:00,85.2959,36.315442,3097.56,85.5255,85.5255,0,2026-02-16 12:30:00+00:00,86.3335,STOP_LOSS,1,-37.68,1.5488,1.5676,5.0013,-40.8,-4.891
526,ETHUSDT,SHORT,futures,STRICT_SUPPORT,2026-02-16 18:55:00+00:00,1975.1968,1973.6865,5.4222,2026-02-16 18:55:00+00:00,1968.14,2026-02-16 19:25:00+00:00,1970.7,0.0,0.176524,2026-02-16 19:30:00+00:00,1969.9217,1.279446,2520.41,1976.2812,1976.2812,0,2026-02-16 19:35:00+00:00,1978.6528,STOP_LOSS,1,-11.17,1.2602,1.2658,4.0461,-13.7,-1.683
527,BNBUSDT,SHORT,futures,STRICT_SUPPORT,2026-02-17 17:10:00+00:00,618.92,617.6592,2.5377,2026-02-17 17:10:00+00:00,615.39,2026-02-17 17:25:00+00:00,617.55,0.0,0.079234,2026-02-17 17:30:00+00:00,617.303,3.797491,2344.2,619.4276,615.81,7,2026-02-17 18:10:00+00:00,616.549,TRAILING_STOP,8,2.86,1.1721,1.1707,3.7473,0.52,0.065
528,BNBUSDT,SHORT,futures,STRICT_SUPPORT,2026-02-17 21:00:00+00:00,619.2676,619.1175,1.2497,2026-02-17 21:00:00+00:00,618.82,2026-02-17 21:05:00+00:00,618.35,0.0,0.037476,2026-02-17 21:10:00+00:00,618.1027,5.222926,3228.3,619.5175,619.5175,0,2026-02-17 21:15:00+00:00,620.8141,STOP_LOSS,1,-14.16,1.6142,1.6212,5.1823,-17.4,-2.354
529,BNBUSDT,SHORT,futures,STRICT_SUPPORT,2026-02-18 16:05:00+00:00,616.0771,615.1325,2.537,2026-02-18 16:05:00+00:00,614.17,2026-02-18 16:10:00+00:00,614.64,0.0,0.242463,2026-02-18 16:15:00+00:00,614.3941,3.644973,2239.45,616.5845,616.5845,0,2026-02-18 16:20:00+00:00,617.3244,STOP_LOSS,1,-10.68,1.1197,1.1251,3.5959,-12.93,-1.619
530,BTCUSDT,SHORT,futures,STRICT_SUPPORT,2026-02-19 17:50:00+00:00,66445.9107,66376.8324,244.8035,2026-02-19 17:50:00+00:00,66186.9,2026-02-19 18:00:00+00:00,66247.5,0.0,18.332407,2026-02-19 18:05:00+00:00,66221.001,0.028916,1914.83,66494.8714,66494.8714,0,2026-02-19 18:10:00+00:00,66574.6653,STOP_LOSS,1,-10.23,0.9574,0.9625,3.076,-12.15,-1.534
531,BNBUSDT,SHORT,futures,STRICT_SUPPORT,2026-02-23 16:30:00+00:00,606.6136,605.5554,2.2597,2026-02-23 16:30:00+00:00,603.99,2026-02-23 16:35:00+00:00,604.67,0.0,0.205372,2026-02-23 16:40:00+00:00,604.4181,2.968353,1794.13,607.0655,596.1813,9,2026-02-23 17:55:00+00:00,596.8967,TRAILING_STOP,15,22.33,0.8971,0.8859,2.8438,20.54,2.614
532,BTCUSDT,SHORT,futures,STRICT_SUPPORT,2026-02-28 04:05:00+00:00,65809.7597,65791.6401,65.7793,2026-02-28 04:05:00+00:00,65714.7,2026-02-28 04:25:00+00:00,65636.7,0.0,5.940085,2026-02-28 04:30:00+00:00,65610.4453,0.037469,2458.38,65822.9155,64863.3116,1,2026-02-28 06:20:00+00:00,64987.9921,TRAILING_STOP,22,23.32,1.2292,1.2175,3.9054,20.88,2.622
533,ETHUSDT,SHORT,futures,STRICT_SUPPORT,2026-03-02 11:05:00+00:00,1950.7572,1948.8232,6.5134,2026-03-02 11:05:00+00:00,1937.21,2026-03-02 11:40:00+00:00,1945.12,0.0,0.123239,2026-03-02 11:45:00+00:00,1944.342,1.045039,2031.91,1952.0599,1938.9492,5,2026-03-02 12:45:00+00:00,1941.276,TRAILING_STOP,12,3.2,1.016,1.0144,3.2472,1.17,0.146
534,BTCUSDT,SHORT,futures,STRICT_SUPPORT,2026-03-05 13:30:00+00:00,72739.2983,72683.2319,209.5813,2026-03-05 13:30:00+00:00,72311.3,2026-03-05 13:45:00+00:00,72578.0,0.0,20.031935,2026-03-05 13:50:00+00:00,72549.0688,0.034769,2522.43,72781.2146,72659.3613,3,2026-03-05 14:30:00+00:00,72746.5525,TRAILING_STOP,8,-6.87,1.2612,1.2646,4.0441,-9.39,-1.164
535,BTCUSDT,SHORT,futures,STRICT_SUPPORT,2026-03-07 12:35:00+00:00,67996.268,67967.3882,68.7484,2026-03-07 12:35:00+00:00,67962.5,2026-03-07 12:40:00+00:00,67895.3,0.0,4.88825,2026-03-07 12:45:00+00:00,67868.2418,0.047294,3209.77,68010.0177,68010.0177,0,2026-03-07 13:00:00+00:00,68091.6297,STOP_LOSS,3,-10.56,1.6049,1.6102,5.1483,-13.78,-2.055
537,ETHUSDT,SHORT,futures,STRICT_SUPPORT,2026-03-07 13:25:00+00:00,1983.4687,1982.4503,2.6669,2026-03-07 13:25:00+00:00,1980.94,2026-03-07 13:30:00+00:00,1980.13,0.0,0.000259,2026-03-07 13:35:00+00:00,1979.3479,1.611184,3189.09,1984.0021,1975.8776,6,2026-03-07 14:30:00+00:00,1978.2486,TRAILING_STOP,11,1.77,1.5945,1.5937,5.1004,-1.42,-0.189
536,SOLUSDT,SHORT,futures,STRICT_SUPPORT,2026-03-07 12:55:00+00:00,84.5015,84.4828,0.1273,2026-03-07 12:55:00+00:00,84.24,2026-03-07 13:15:00+00:00,84.33,0.0,0.002774,2026-03-07 13:20:00+00:00,84.2863,33.054984,2786.08,84.5269,83.9126,7,2026-03-07 14:35:00+00:00,84.0133,TRAILING_STOP,15,9.02,1.393,1.3885,4.4469,6.24,0.785
538,BNBUSDT,SHORT,futures,STRICT_SUPPORT,2026-03-08 12:45:00+00:00,620.0479,619.7951,1.1804,2026-03-08 12:45:00+00:00,619.44,2026-03-08 13:00:00+00:00,618.54,0.0,0.045132,2026-03-08 13:05:00+00:00,618.2926,4.007015,2477.51,620.284,615.6863,6,2026-03-08 13:45:00+00:00,616.4251,TRAILING_STOP,8,7.48,1.2388,1.235,3.955,5.01,0.628
539,SOLUSDT,SHORT,futures,STRICT_SUPPORT,2026-03-08 21:20:00+00:00,82.1513,82.0656,0.258,2026-03-08 21:20:00+00:00,82.0,2026-03-08 21:25:00+00:00,81.95,0.0,0.015642,2026-03-08 21:30:00+00:00,81.9172,28.022257,2295.51,82.2029,82.2029,0,2026-03-08 21:40:00+00:00,82.3015,STOP_LOSS,2,-10.77,1.1478,1.1531,3.6857,-13.07,-1.633
540,ETHUSDT,SHORT,futures,STRICT_SUPPORT,2026-03-08 23:35:00+00:00,1945.0645,1943.3667,8.1765,2026-03-08 23:35:00+00:00,1940.53,2026-03-08 23:50:00+00:00,1937.99,0.0,0.506664,2026-03-08 23:55:00+00:00,1937.2148,0.837047,1621.54,1946.6998,1946.6998,0,2026-03-09 00:05:00+00:00,1949.0358,STOP_LOSS,2,-9.89,0.8108,0.8157,2.6063,-11.52,-1.451
541,SOLUSDT,SHORT,futures,STRICT_SUPPORT,2026-03-08 23:35:00+00:00,81.9645,81.8957,0.3778,2026-03-08 23:35:00+00:00,81.79,2026-03-08 23:50:00+00:00,81.59,0.0,0.025657,2026-03-08 23:55:00+00:00,81.5674,16.794722,1369.9,82.0401,82.0401,0,2026-03-09 00:05:00+00:00,82.1385,STOP_LOSS,2,-9.59,0.685,0.6897,2.2034,-10.97,-1.381
542,SOLUSDT,SHORT,futures,STRICT_SUPPORT,2026-03-11 07:15:00+00:00,85.9769,85.9449,0.1631,2026-03-11 07:15:00+00:00,85.9,2026-03-11 07:20:00+00:00,85.89,0.0,0.004856,2026-03-11 07:25:00+00:00,85.8656,36.449398,3129.75,86.0095,85.4882,5,2026-03-11 07:55:00+00:00,85.5908,TRAILING_STOP,6,10.02,1.5649,1.5599,4.9956,6.89,1.314
543,SOLUSDT,SHORT,futures,STRICT_SUPPORT,2026-03-11 15:45:00+00:00,85.7254,85.6455,0.4597,2026-03-11 15:45:00+00:00,84.89,2026-03-11 16:00:00+00:00,85.4,0.0,0.005489,2026-03-11 16:05:00+00:00,85.3558,17.027452,1453.39,85.8174,85.8174,0,2026-03-11 16:10:00+00:00,85.9204,STOP_LOSS,1,-9.61,0.7267,0.7315,2.337,-11.07,-1.409
544,ETHUSDT,SHORT,futures,STRICT_SUPPORT,2026-03-12 14:50:00+00:00,2059.8001,2055.6117,11.6633,2026-03-12 14:50:00+00:00,2041.88,2026-03-12 15:20:00+00:00,2054.09,0.0,0.611702,2026-03-12 15:25:00+00:00,2053.2784,0.881315,1809.58,2062.1327,2062.1327,0,2026-03-12 15:30:00+00:00,2069.981,STOP_LOSS,1,-14.72,0.9048,0.9122,2.913,-16.54,-2.119
545,BNBUSDT,SHORT,futures,STRICT_SUPPORT,2026-03-12 15:00:00+00:00,651.1572,650.2212,1.9405,2026-03-12 15:00:00+00:00,648.12,2026-03-12 15:20:00+00:00,650.1,0.0,0.071207,2026-03-12 15:25:00+00:00,649.84,4.57582,2973.55,651.5453,651.5453,0,2026-03-12 15:30:00+00:00,652.5021,STOP_LOSS,1,-12.18,1.4868,1.4929,4.7723,-15.16,-1.943
546,ETHUSDT,SHORT,futures,STRICT_SUPPORT,2026-03-17 12:50:00+00:00,2322.308,2321.1286,6.3897,2026-03-17 12:50:00+00:00,2314.87,2026-03-17 13:15:00+00:00,2318.6,0.0,0.408589,2026-03-17 13:20:00+00:00,2317.6726,1.292827,2996.35,2323.586,2323.586,0,2026-03-17 13:30:00+00:00,2326.3743,STOP_LOSS,2,-11.25,1.4982,1.5038,4.8077,-14.25,-1.864
548,BTCUSDT,SHORT,futures,STRICT_SUPPORT,2026-03-17 15:30:00+00:00,74040.0852,73968.7009,248.9116,2026-03-17 15:30:00+00:00,73918.2,2026-03-17 15:35:00+00:00,73817.8,0.0,14.200915,2026-03-17 15:40:00+00:00,73788.1729,0.025117,1853.3,74089.8675,74089.8675,0,2026-03-17 16:10:00+00:00,74178.7754,STOP_LOSS,6,-9.81,0.9267,0.9316,2.9771,-11.67,-1.54
547,SOLUSDT,SHORT,futures,STRICT_SUPPORT,2026-03-17 15:20:00+00:00,94.0942,93.9784,0.4341,2026-03-17 15:20:00+00:00,93.71,2026-03-17 15:30:00+00:00,93.67,0.0,0.018395,2026-03-17 15:35:00+00:00,93.6225,13.561455,1269.66,94.181,94.181,0,2026-03-17 16:15:00+00:00,94.294,STOP_LOSS,8,-9.11,0.6348,0.6394,2.0424,-10.38,-1.371
549,ETHUSDT,SHORT,futures,STRICT_SUPPORT,2026-03-17 15:40:00+00:00,2326.9087,2325.4432,10.4894,2026-03-17 15:40:00+00:00,2311.61,2026-03-17 16:10:00+00:00,2316.13,0.0,0.633166,2026-03-17 16:15:00+00:00,2315.2035,0.540701,1251.83,2329.0065,2329.0065,0,2026-03-17 16:20:00+00:00,2331.8013,STOP_LOSS,1,-8.97,0.6259,0.6304,2.0137,-10.23,-1.371
550,BTCUSDT,SHORT,futures,STRICT_SUPPORT,2026-03-17 22:50:00+00:00,74438.6456,74371.0527,143.4855,2026-03-17 22:50:00+00:00,74218.1,2026-03-17 23:10:00+00:00,74278.4,0.0,11.052692,2026-03-17 23:15:00+00:00,74248.7886,0.033914,2518.1,74467.3427,73806.4368,13,2026-03-18 00:50:00+00:00,73895.0046,TRAILING_STOP,19,12.0,1.2591,1.2531,4.0146,9.49,1.28
551,SOLUSDT,SHORT,futures,STRICT_SUPPORT,2026-03-19 02:45:00+00:00,90.1571,90.0939,0.185,2026-03-19 02:45:00+00:00,90.01,2026-03-19 02:50:00+00:00,89.93,0.0,0.003924,2026-03-19 02:55:00+00:00,89.884,24.05707,2162.35,90.1941,90.1941,0,2026-03-19 03:10:00+00:00,90.3023,STOP_LOSS,3,-10.06,1.0812,1.0862,3.4718,-12.23,-1.64
552,ETHUSDT,SHORT,futures,STRICT_SUPPORT,2026-03-19 23:40:00+00:00,2140.2825,2139.4204,5.4736,2026-03-19 23:40:00+00:00,2133.58,2026-03-20 00:00:00+00:00,2134.56,0.0,0.110443,2026-03-20 00:05:00+00:00,2133.6962,0.963093,2054.95,2141.3773,2141.3773,0,2026-03-20 00:10:00+00:00,2144.1699,STOP_LOSS,1,-10.09,1.0275,1.0325,3.3,-12.15,-1.642
553,ETHUSDT,SHORT,futures,STRICT_SUPPORT,2026-03-20 05:35:00+00:00,2146.1036,2144.711,5.043,2026-03-20 05:35:00+00:00,2141.92,2026-03-20 05:40:00+00:00,2143.53,0.0,0.031002,2026-03-20 05:45:00+00:00,2142.6626,1.369671,2934.74,2147.1122,2138.9627,9,2026-03-20 06:45:00+00:00,2141.5295,TRAILING_STOP,12,1.55,1.4674,1.4666,4.6937,-1.38,-0.227
554,SOLUSDT,SHORT,futures,STRICT_SUPPORT,2026-03-20 06:20:00+00:00,89.2232,89.1438,0.1851,2026-03-20 06:20:00+00:00,88.95,2026-03-20 06:25:00+00:00,89.11,0.0,0.013815,2026-03-20 06:30:00+00:00,89.0943,33.050437,2944.61,89.2602,88.8854,6,2026-03-20 07:20:00+00:00,88.992,TRAILING_STOP,10,3.38,1.4723,1.4706,4.7073,0.44,0.08
555,SOLUSDT,SHORT,futures,STRICT_SUPPORT,2026-03-20 07:05:00+00:00,89.147,89.0453,0.2368,2026-03-20 07:05:00+00:00,88.72,2026-03-20 07:20:00+00:00,88.91,0.0,0.005305,2026-03-20 07:25:00+00:00,88.8744,22.917513,2036.78,89.1944,89.1944,0,2026-03-20 07:30:00+00:00,89.3014,STOP_LOSS,1,-9.79,1.0184,1.0233,3.2706,-11.83,-1.613
556,SOLUSDT,SHORT,futures,STRICT_SUPPORT,2026-03-20 13:55:00+00:00,89.1619,89.1008,0.3999,2026-03-20 13:55:00+00:00,88.76,2026-03-20 14:05:00+00:00,88.79,0.0,0.010831,2026-03-20 14:10:00+00:00,88.7645,15.234965,1352.32,89.2419,89.2419,0,2026-03-20 14:25:00+00:00,89.349,STOP_LOSS,3,-8.9,0.6762,0.6806,2.1744,-10.26,-1.411
557,BNBUSDT,SHORT,futures,STRICT_SUPPORT,2026-03-22 23:30:00+00:00,628.3258,627.8103,1.1192,2026-03-22 23:30:00+00:00,627.23,2026-03-22 23:35:00+00:00,627.44,0.0,0.08034,2026-03-22 23:40:00+00:00,627.189,4.605755,2888.68,628.5497,627.3014,2,2026-03-23 00:10:00+00:00,628.0542,TRAILING_STOP,6,-3.98,1.4443,1.4463,4.6267,-6.88,-1.097
558,BNBUSDT,SHORT,futures,STRICT_SUPPORT,2026-03-23 03:45:00+00:00,627.7286,627.3668,0.8795,2026-03-23 03:45:00+00:00,627.08,2026-03-23 03:50:00+00:00,626.37,0.0,0.086752,2026-03-23 03:55:00+00:00,626.1494,4.094793,2563.95,627.9045,627.9045,0,2026-03-23 04:35:00+00:00,628.658,STOP_LOSS,8,-10.27,1.282,1.2871,4.1146,-12.84,-1.787
559,SOLUSDT,SHORT,futures,STRICT_SUPPORT,2026-03-23 03:50:00+00:00,86.5185,86.4399,0.2096,2026-03-23 03:50:00+00:00,86.38,2026-03-23 03:55:00+00:00,86.37,0.0,0.019888,2026-03-23 04:00:00+00:00,86.3355,31.866159,2751.18,86.5604,86.5604,0,2026-03-23 04:35:00+00:00,86.6643,STOP_LOSS,7,-10.48,1.3756,1.3808,4.4145,-13.24,-1.846
560,BTCUSDT,SHORT,futures,STRICT_SUPPORT,2026-03-23 06:55:00+00:00,68307.0807,68266.5339,205.1387,2026-03-23 06:55:00+00:00,67845.3,2026-03-23 07:35:00+00:00,68175.1,0.0,20.133903,2026-03-23 07:40:00+00:00,68147.83,0.035232,2401.01,68348.1085,68348.1085,0,2026-03-23 07:45:00+00:00,68430.1262,STOP_LOSS,1,-9.95,1.2005,1.2055,3.8536,-12.35,-1.75
561,SOLUSDT,SHORT,futures,STRICT_SUPPORT,2026-03-31 06:25:00+00:00,83.3688,83.3116,0.2072,2026-03-31 06:25:00+00:00,83.13,2026-03-31 06:40:00+00:00,83.2,0.0,0.01165,2026-03-31 06:45:00+00:00,83.1567,27.587741,2294.11,83.4103,83.4103,0,2026-03-31 06:55:00+00:00,83.5104,STOP_LOSS,2,-9.76,1.1471,1.1519,3.6823,-12.05,-1.723
562,SOLUSDT,SHORT,futures,STRICT_SUPPORT,2026-04-01 12:50:00+00:00,83.3955,83.2272,0.3571,2026-04-01 12:50:00+00:00,82.96,2026-04-01 13:10:00+00:00,83.17,0.0,0.017217,2026-04-01 13:15:00+00:00,83.1267,20.38595,1694.62,83.4669,82.95,6,2026-04-01 14:15:00+00:00,83.0496,TRAILING_STOP,12,1.57,0.8473,0.8465,2.7095,-0.12,-0.017
563,BTCUSDT,SHORT,futures,STRICT_SUPPORT,2026-04-03 00:55:00+00:00,66856.8441,66822.3004,87.6533,2026-04-03 00:55:00+00:00,66761.8,2026-04-03 01:15:00+00:00,66744.4,0.0,5.10042,2026-04-03 01:20:00+00:00,66717.6023,0.04157,2773.46,66874.3748,66874.3748,0,2026-04-03 01:30:00+00:00,66954.6241,STOP_LOSS,2,-9.85,1.3867,1.3917,4.4494,-12.63,-1.938
565,ETHUSDT,SHORT,futures,STRICT_SUPPORT,2026-04-03 04:20:00+00:00,2053.6761,2052.4835,3.4422,2026-04-03 04:20:00+00:00,2051.38,2026-04-03 04:25:00+00:00,2050.14,0.0,0.253513,2026-04-03 04:30:00+00:00,2049.3299,1.339725,2745.54,2054.3645,2054.3645,0,2026-04-03 04:45:00+00:00,2056.8298,STOP_LOSS,3,-10.05,1.3728,1.3778,4.4049,-12.8,-1.897
566,ETHUSDT,SHORT,futures,STRICT_SUPPORT,2026-04-03 05:10:00+00:00,2053.4708,2052.662,2.776,2026-04-03 05:10:00+00:00,2052.55,2026-04-03 05:15:00+00:00,2049.91,0.0,0.101994,2026-04-03 05:20:00+00:00,2049.1,1.328331,2721.88,2054.026,2054.026,0,2026-04-03 05:30:00+00:00,2056.4908,STOP_LOSS,2,-9.82,1.3609,1.3659,4.3668,-12.54,-1.917
564,BTCUSDT,SHORT,futures,STRICT_SUPPORT,2026-04-03 01:30:00+00:00,66838.8982,66803.7663,91.8666,2026-04-03 01:30:00+00:00,66794.7,2026-04-03 01:35:00+00:00,66484.6,0.0,9.066281,2026-04-03 01:40:00+00:00,66458.0062,0.017208,1143.6,66857.2715,66857.2715,0,2026-04-03 07:05:00+00:00,66937.5002,STOP_LOSS,65,-8.25,0.5718,0.5759,1.8397,-9.4,-1.368
567,BTCUSDT,SHORT,futures,STRICT_SUPPORT,2026-04-09 13:15:00+00:00,71162.5433,71131.8301,98.169,2026-04-09 13:15:00+00:00,71087.6,2026-04-09 13:30:00+00:00,70955.0,0.0,3.430075,2026-04-09 13:35:00+00:00,70926.618,0.026204,1858.6,71182.1771,70779.1995,6,2026-04-09 14:35:00+00:00,70864.1345,TRAILING_STOP,12,1.64,0.9293,0.9285,2.9718,-0.22,-0.033
568,SOLUSDT,SHORT,futures,STRICT_SUPPORT,2026-04-13 09:40:00+00:00,81.9675,81.931,0.1368,2026-04-13 09:40:00+00:00,81.9,2026-04-13 10:05:00+00:00,81.84,0.0,0.001039,2026-04-13 10:10:00+00:00,81.8073,32.738862,2678.28,81.9949,81.8554,1,2026-04-13 11:00:00+00:00,81.9537,TRAILING_STOP,10,-4.79,1.3391,1.3415,4.291,-7.47,-1.217
569,BTCUSDT,SHORT,futures,STRICT_SUPPORT,2026-04-16 16:40:00+00:00,74436.3346,74374.0396,226.6206,2026-04-16 16:40:00+00:00,74288.1,2026-04-16 16:45:00+00:00,74284.3,0.0,13.33957,2026-04-16 16:50:00+00:00,74254.5863,0.029322,2177.33,74481.6587,74242.5911,7,2026-04-16 17:40:00+00:00,74331.6822,TRAILING_STOP,10,-2.26,1.0887,1.0898,3.4864,-4.44,-0.667
570,ETHUSDT,SHORT,futures,STRICT_SUPPORT,2026-04-21 14:55:00+00:00,2314.7027,2310.6782,8.8429,2026-04-21 14:55:00+00:00,2297.93,2026-04-21 15:15:00+00:00,2309.29,0.0,0.678248,2026-04-21 15:20:00+00:00,2308.3563,0.817764,1887.69,2316.4713,2309.4289,6,2026-04-21 16:00:00+00:00,2312.2002,TRAILING_STOP,8,-3.14,0.9438,0.9454,3.0241,-5.03,-0.758
571,SOLUSDT,SHORT,futures,STRICT_SUPPORT,2026-04-21 17:05:00+00:00,85.8438,85.7907,0.2355,2026-04-21 17:05:00+00:00,85.59,2026-04-21 17:40:00+00:00,85.51,0.0,0.020734,2026-04-21 17:45:00+00:00,85.4758,15.926374,1361.32,85.8909,85.1592,8,2026-04-21 18:55:00+00:00,85.2614,TRAILING_STOP,14,3.41,0.6807,0.679,2.174,2.05,0.311
572,ETHUSDT,SHORT,futures,STRICT_SUPPORT,2026-04-23 16:50:00+00:00,2330.066,2328.2568,5.0928,2026-04-23 16:50:00+00:00,2323.49,2026-04-23 17:00:00+00:00,2318.2,0.0,0.016829,2026-04-23 17:05:00+00:00,2317.2727,0.479363,1110.81,2331.0846,2301.872,6,2026-04-23 17:50:00+00:00,2304.6342,TRAILING_STOP,9,6.06,0.5554,0.5524,1.77,4.95,0.748
573,BTCUSDT,SHORT,futures,STRICT_SUPPORT,2026-04-23 19:30:00+00:00,77830.2921,77763.2833,163.0154,2026-04-23 19:30:00+00:00,77669.0,2026-04-23 19:45:00+00:00,77738.2,0.0,3.083328,2026-04-23 19:50:00+00:00,77707.2047,0.034209,2658.26,77862.8952,77862.8952,0,2026-04-23 20:05:00+00:00,77956.3307,STOP_LOSS,3,-8.52,1.3291,1.3334,4.2634,-11.18,-2.1
574,SOLUSDT,SHORT,futures,STRICT_SUPPORT,2026-04-30 03:00:00+00:00,83.3039,83.2219,0.2215,2026-04-30 03:00:00+00:00,82.98,2026-04-30 03:35:00+00:00,83.13,0.0,0.0119,2026-04-30 03:40:00+00:00,83.0868,25.20496,2094.2,83.3482,82.4074,16,2026-04-30 05:30:00+00:00,82.5063,TRAILING_STOP,22,14.63,1.0471,1.0398,3.3332,12.54,1.903
575,SOLUSDT,SHORT,futures,STRICT_SUPPORT,2026-04-30 10:35:00+00:00,83.0652,83.0341,0.1089,2026-04-30 10:35:00+00:00,82.97,2026-04-30 10:45:00+00:00,82.93,0.0,0.004073,2026-04-30 10:50:00+00:00,82.9068,32.095946,2660.97,83.087,83.087,0,2026-04-30 11:05:00+00:00,83.1867,STOP_LOSS,3,-8.98,1.3305,1.335,4.2683,-11.65,-2.014
576,ETHUSDT,SHORT,futures,STRICT_SUPPORT,2026-05-05 22:30:00+00:00,2374.629,2374.5263,4.7914,2026-05-05 22:30:00+00:00,2365.71,2026-05-05 22:50:00+00:00,2368.93,0.0,0.206287,2026-05-05 22:55:00+00:00,2367.9924,0.868242,2055.99,2375.5873,2361.5066,7,2026-05-06 00:00:00+00:00,2364.3404,TRAILING_STOP,13,3.17,1.028,1.0264,3.2858,1.12,0.169
577,ETHUSDT,SHORT,futures,STRICT_SUPPORT,2026-05-07 09:20:00+00:00,2335.32,2334.1096,3.5058,2026-05-07 09:20:00+00:00,2332.21,2026-05-07 09:35:00+00:00,2327.54,0.0,0.149566,2026-05-07 09:40:00+00:00,2326.609,0.701172,1631.35,2336.0212,2324.5595,1,2026-05-07 10:40:00+00:00,2327.349,TRAILING_STOP,12,-0.52,0.8157,0.8159,2.6108,-2.15,-0.326
578,SOLUSDT,SHORT,futures,STRICT_SUPPORT,2026-05-08 06:30:00+00:00,88.1725,88.0919,0.1695,2026-05-08 06:30:00+00:00,87.87,2026-05-08 06:40:00+00:00,87.98,0.0,0.011904,2026-05-08 06:45:00+00:00,87.9548,26.191413,2303.66,88.2064,87.9233,3,2026-05-08 07:35:00+00:00,88.0288,TRAILING_STOP,10,-1.94,1.1518,1.1528,3.6882,-4.24,-0.644
579,BTCUSDT,SHORT,futures,STRICT_SUPPORT,2026-05-08 16:25:00+00:00,79944.0705,79913.2575,130.3066,2026-05-08 16:25:00+00:00,79903.8,2026-05-08 16:30:00+00:00,79802.4,0.0,3.657482,2026-05-08 16:35:00+00:00,79770.479,0.032895,2624.06,79970.1318,79970.1318,0,2026-05-08 17:15:00+00:00,80066.096,STOP_LOSS,8,-9.72,1.312,1.3169,4.2102,-12.35,-1.881
580,BNBUSDT,SHORT,futures,STRICT_SUPPORT,2026-05-14 07:55:00+00:00,670.7225,670.317,1.0965,2026-05-14 07:55:00+00:00,669.56,2026-05-14 08:00:00+00:00,669.33,0.0,0.096967,2026-05-14 08:05:00+00:00,669.0623,3.461364,2315.87,670.9418,670.9418,0,2026-05-14 08:10:00+00:00,671.747,STOP_LOSS,1,-9.29,1.1579,1.1626,3.7165,-11.61,-1.785
581,SOLUSDT,SHORT,futures,STRICT_SUPPORT,2026-05-14 09:35:00+00:00,90.9362,90.923,0.1715,2026-05-14 09:35:00+00:00,90.62,2026-05-14 10:00:00+00:00,90.83,0.0,0.002991,2026-05-14 10:05:00+00:00,90.8037,28.40309,2579.1,90.9705,90.9705,0,2026-05-14 10:10:00+00:00,91.0797,STOP_LOSS,1,-7.84,1.2896,1.2935,4.136,-10.42,-2.199
582,BNBUSDT,SHORT,futures,STRICT_SUPPORT,2026-05-15 02:30:00+00:00,681.4013,680.9119,1.5141,2026-05-15 02:30:00+00:00,678.15,2026-05-15 02:45:00+00:00,679.38,0.0,0.141943,2026-05-15 02:50:00+00:00,679.0983,2.454361,1666.75,681.7041,681.7041,0,2026-05-15 03:25:00+00:00,682.5221,STOP_LOSS,7,-8.4,0.8334,0.8376,2.6769,-10.07,-1.575
583,SOLUSDT,SHORT,futures,STRICT_SUPPORT,2026-05-20 13:45:00+00:00,84.8097,84.7568,0.2275,2026-05-20 13:45:00+00:00,84.57,2026-05-20 14:00:00+00:00,84.66,0.0,0.006756,2026-05-20 14:05:00+00:00,84.6161,26.539247,2245.65,84.8552,84.7499,1,2026-05-20 14:15:00+00:00,84.8516,TRAILING_STOP,2,-6.25,1.1228,1.1259,3.6005,-8.5,-1.339
584,ETHUSDT,SHORT,futures,STRICT_SUPPORT,2026-05-22 17:45:00+00:00,2123.6724,2122.2672,4.0072,2026-05-22 17:45:00+00:00,2121.82,2026-05-22 17:50:00+00:00,2120.64,0.0,0.127236,2026-05-22 17:55:00+00:00,2119.7917,1.189322,2521.11,2124.4738,2120.8339,3,2026-05-22 18:15:00+00:00,2123.3789,TRAILING_STOP,4,-4.27,1.2606,1.2627,4.0389,-6.79,-1.219
585,SOLUSDT,SHORT,futures,STRICT_SUPPORT,2026-05-25 02:25:00+00:00,85.2914,85.2397,0.2537,2026-05-25 02:25:00+00:00,85.11,2026-05-25 02:30:00+00:00,85.03,0.0,0.019693,2026-05-25 02:35:00+00:00,84.996,18.109562,1539.24,85.3421,85.3421,0,2026-05-25 04:40:00+00:00,85.4446,STOP_LOSS,25,-8.12,0.7696,0.7737,2.4725,-9.67,-1.542
586,SOLUSDT,SHORT,futures,STRICT_SUPPORT,2026-06-01 22:10:00+00:00,80.7612,80.7031,0.1838,2026-06-01 22:10:00+00:00,80.47,2026-06-01 22:15:00+00:00,80.63,0.0,0.003133,2026-06-01 22:20:00+00:00,80.6077,30.868031,2488.2,80.798,80.798,0,2026-06-01 22:25:00+00:00,80.8949,STOP_LOSS,1,-8.87,1.2441,1.2485,3.9918,-11.36,-1.934
587,ETHUSDT,SHORT,futures,STRICT_SUPPORT,2026-06-03 13:45:00+00:00,1875.1233,1872.4612,6.2999,2026-06-03 13:45:00+00:00,1864.9,2026-06-03 13:50:00+00:00,1867.6,0.0,0.461166,2026-06-03 13:55:00+00:00,1866.843,0.646071,1206.11,1876.3833,1855.4009,9,2026-06-03 15:25:00+00:00,1857.6273,TRAILING_STOP,18,5.95,0.6031,0.6001,1.9226,4.75,0.771
588,BTCUSDT,SHORT,futures,STRICT_SUPPORT,2026-06-03 14:05:00+00:00,67013.8349,66926.8721,209.4916,2026-06-03 14:05:00+00:00,66755.2,2026-06-03 14:15:00+00:00,66666.3,0.0,16.672076,2026-06-03 14:20:00+00:00,66639.6335,0.01489,992.27,67055.7332,66296.0901,5,2026-06-03 16:05:00+00:00,66375.6454,TRAILING_STOP,21,3.93,0.4961,0.4942,1.5829,2.94,0.475
589,SOLUSDT,SHORT,futures,STRICT_SUPPORT,2026-06-04 16:10:00+00:00,69.6614,69.5693,0.3112,2026-06-04 16:10:00+00:00,69.26,2026-06-04 16:25:00+00:00,69.05,0.0,0.019304,2026-06-04 16:30:00+00:00,69.0324,8.972971,619.43,69.7236,69.7236,0,2026-06-04 18:30:00+00:00,69.8073,STOP_LOSS,24,-6.95,0.3097,0.3132,0.9994,-7.58,-1.221
590,SOLUSDT,SHORT,futures,STRICT_SUPPORT,2026-06-04 19:00:00+00:00,69.408,69.3269,0.3323,2026-06-04 19:00:00+00:00,69.22,2026-06-04 19:05:00+00:00,69.19,0.0,0.026868,2026-06-04 19:10:00+00:00,69.1723,20.401587,1411.23,69.4745,69.4745,0,2026-06-04 19:15:00+00:00,69.5579,STOP_LOSS,1,-7.87,0.7056,0.7095,2.2674,-9.28,-1.505
591,BTCUSDT,SHORT,futures,STRICT_SUPPORT,2026-06-05 01:05:00+00:00,63573.8859,63559.8498,205.0462,2026-06-05 01:05:00+00:00,63183.0,2026-06-05 01:30:00+00:00,63381.1,0.0,12.349796,2026-06-05 01:35:00+00:00,63355.7476,0.02361,1495.81,63614.8951,62689.3042,9,2026-06-05 03:15:00+00:00,62764.5314,TRAILING_STOP,20,13.96,0.7479,0.7409,2.3765,12.47,2.038
592,BTCUSDT,SHORT,futures,STRICT_SUPPORT,2026-06-06 14:55:00+00:00,60879.5274,60862.9027,128.7838,2026-06-06 14:55:00+00:00,60762.5,2026-06-06 15:00:00+00:00,60606.9,0.0,12.502661,2026-06-06 15:05:00+00:00,60582.7572,0.019163,1160.97,60905.2841,60905.2841,0,2026-06-06 16:05:00+00:00,60978.3705,STOP_LOSS,12,-7.58,0.5805,0.5843,1.8667,-8.75,-1.415
593,ETHUSDT,SHORT,futures,STRICT_SUPPORT,2026-06-06 22:20:00+00:00,1557.9812,1557.0406,4.7998,2026-06-06 22:20:00+00:00,1552.73,2026-06-06 22:30:00+00:00,1554.03,0.0,0.270647,2026-06-06 22:35:00+00:00,1553.3984,1.10721,1719.94,1558.9411,1558.9411,0,2026-06-06 22:45:00+00:00,1560.8119,STOP_LOSS,2,-8.21,0.86,0.8641,2.7618,-9.93,-1.618
594,BTCUSDT,SHORT,futures,STRICT_SUPPORT,2026-06-08 22:20:00+00:00,63500.0345,63492.1726,136.2158,2026-06-08 22:20:00+00:00,63311.9,2026-06-08 23:00:00+00:00,63388.0,0.0,11.472644,2026-06-08 23:05:00+00:00,63362.6448,0.036975,2342.84,63527.2776,63527.2776,0,2026-06-08 23:10:00+00:00,63603.5103,STOP_LOSS,1,-8.91,1.1714,1.1759,3.7592,-11.25,-1.849
595,BTCUSDT,SHORT,futures,STRICT_SUPPORT,2026-06-12 13:30:00+00:00,63527.9091,63467.3658,123.7577,2026-06-12 13:30:00+00:00,63218.0,2026-06-12 14:00:00+00:00,63362.5,0.0,5.065836,2026-06-12 14:05:00+00:00,63337.255,0.027999,1773.35,63552.6607,63552.6607,0,2026-06-12 14:25:00+00:00,63628.9238,STOP_LOSS,4,-8.17,0.8867,0.8908,2.8472,-9.94,-1.649
596,ETHUSDT,SHORT,futures,STRICT_SUPPORT,2026-06-12 17:50:00+00:00,1670.1237,1669.7871,3.7642,2026-06-12 17:50:00+00:00,1668.15,2026-06-12 18:00:00+00:00,1667.36,0.0,0.337066,2026-06-12 18:05:00+00:00,1666.7031,1.43316,2388.65,1670.8766,1670.8766,0,2026-06-12 18:10:00+00:00,1672.8816,STOP_LOSS,1,-8.85,1.1943,1.1988,3.8325,-11.25,-1.881
597,SOLUSDT,SHORT,futures,STRICT_SUPPORT,2026-06-17 03:15:00+00:00,73.8101,73.744,0.2,2026-06-17 03:15:00+00:00,73.66,2026-06-17 03:20:00+00:00,73.6,0.0,0.01403,2026-06-17 03:25:00+00:00,73.5706,21.198047,1559.55,73.8501,73.8501,0,2026-06-17 03:30:00+00:00,73.9387,STOP_LOSS,1,-7.8,0.7798,0.7837,2.5046,-9.37,-1.581
598,SOLUSDT,SHORT,futures,STRICT_SUPPORT,2026-06-17 05:50:00+00:00,73.7202,73.6953,0.1704,2026-06-17 05:50:00+00:00,73.56,2026-06-17 06:00:00+00:00,73.65,0.0,0.015276,2026-06-17 06:05:00+00:00,73.6305,31.933734,2351.3,73.7543,73.7543,0,2026-06-17 06:10:00+00:00,73.8428,STOP_LOSS,1,-6.78,1.1756,1.179,3.7702,-9.13,-2.311
599,BTCUSDT,SHORT,futures,STRICT_SUPPORT,2026-06-17 06:20:00+00:00,65818.8969,65804.9581,60.9944,2026-06-17 06:20:00+00:00,65802.4,2026-06-17 06:25:00+00:00,65615.7,0.0,2.4581,2026-06-17 06:30:00+00:00,65589.3538,0.024127,1582.5,65831.0957,65419.4584,1,2026-06-17 07:55:00+00:00,65497.9618,TRAILING_STOP,17,2.21,0.7912,0.7901,2.5293,0.62,0.107
600,SOLUSDT,SHORT,futures,STRICT_SUPPORT,2026-06-17 06:20:00+00:00,73.7154,73.6892,0.1404,2026-06-17 06:20:00+00:00,73.67,2026-06-17 06:25:00+00:00,73.3,0.0,0.009182,2026-06-17 06:30:00+00:00,73.2607,12.081326,885.09,73.7435,72.5097,13,2026-06-17 09:25:00+00:00,72.5967,TRAILING_STOP,35,8.02,0.4425,0.4385,1.4065,7.14,1.224
601,ETHUSDT,SHORT,futures,STRICT_SUPPORT,2026-06-17 18:10:00+00:00,1772.7229,1769.6902,10.956,2026-06-17 18:10:00+00:00,1764.15,2026-06-17 18:15:00+00:00,1768.68,0.0,0.530207,2026-06-17 18:20:00+00:00,1767.9625,0.844584,1493.19,1774.9141,1774.9141,0,2026-06-17 18:35:00+00:00,1777.044,STOP_LOSS,3,-7.67,0.7466,0.7504,2.3983,-9.17,-1.561
602,ETHUSDT,SHORT,futures,STRICT_SUPPORT,2026-06-18 11:15:00+00:00,1744.1502,1743.6593,3.4527,2026-06-18 11:15:00+00:00,1743.41,2026-06-18 11:20:00+00:00,1741.37,0.0,0.25935,2026-06-18 11:25:00+00:00,1740.6735,1.338637,2330.13,1744.8408,1744.8408,0,2026-06-18 11:30:00+00:00,1747.2242,STOP_LOSS,1,-8.77,1.1651,1.1694,3.7387,-11.1,-1.99
603,ETHUSDT,SHORT,futures,STRICT_SUPPORT,2026-06-24 03:00:00+00:00,1667.3324,1666.0967,3.5426,2026-06-24 03:00:00+00:00,1663.16,2026-06-24 03:30:00+00:00,1665.17,0.0,0.056743,2026-06-24 03:35:00+00:00,1664.5139,1.386545,2307.92,1668.0409,1668.0409,0,2026-06-24 03:40:00+00:00,1670.0425,STOP_LOSS,1,-7.67,1.154,1.1578,3.7019,-9.98,-2.04
604,BNBUSDT,SHORT,futures,STRICT_SUPPORT,2026-06-28 12:35:00+00:00,556.7216,556.4003,0.86,2026-06-28 12:35:00+00:00,556.08,2026-06-28 12:40:00+00:00,555.97,0.0,0.000253,2026-06-28 12:45:00+00:00,555.7476,4.116919,2287.97,556.8936,556.8936,0,2026-06-28 12:55:00+00:00,557.5618,STOP_LOSS,2,-7.47,1.144,1.1477,3.6697,-9.76,-2.069
605,ETHUSDT,SHORT,futures,STRICT_SUPPORT,2026-06-29 00:25:00+00:00,1569.4292,1566.6733,5.5594,2026-06-29 00:25:00+00:00,1559.32,2026-06-29 00:50:00+00:00,1565.93,0.0,0.543258,2026-06-29 00:55:00+00:00,1565.3136,1.084873,1698.17,1570.5411,1570.5411,0,2026-06-29 01:00:00+00:00,1574.5372,STOP_LOSS,1,-10.01,0.8491,0.8541,2.7291,-11.71,-2.065
606,ETHUSDT,SHORT,futures,STRICT_SUPPORT,2026-06-29 01:15:00+00:00,1568.4629,1565.3614,6.5854,2026-06-29 01:15:00+00:00,1562.18,2026-06-29 01:20:00+00:00,1564.09,0.0,0.261395,2026-06-29 01:25:00+00:00,1563.4644,0.888678,1389.42,1569.78,1569.78,0,2026-06-29 01:40:00+00:00,1571.6637,STOP_LOSS,3,-7.29,0.6947,0.6984,2.2318,-8.68,-1.546
607,SOLUSDT,SHORT,futures,STRICT_SUPPORT,2026-06-30 22:55:00+00:00,73.4703,73.4436,0.1403,2026-06-30 22:55:00+00:00,73.39,2026-06-30 23:00:00+00:00,73.31,0.0,0.013619,2026-06-30 23:05:00+00:00,73.2807,25.583127,1874.75,73.4984,73.4984,0,2026-06-30 23:20:00+00:00,73.5866,STOP_LOSS,3,-7.83,0.9374,0.9413,3.009,-9.7,-1.742
608,BTCUSDT,SHORT,futures,STRICT_SUPPORT,2026-07-01 00:15:00+00:00,58641.1158,58599.6128,87.4688,2026-07-01 00:15:00+00:00,58486.8,2026-07-01 00:50:00+00:00,58516.5,0.0,1.412759,2026-07-01 00:55:00+00:00,58493.0934,0.033354,1950.99,58658.6096,58094.0587,2,2026-07-01 01:15:00+00:00,58207.0648,TRAILING_STOP,4,9.54,0.9755,0.9707,3.1101,7.59,1.376
609,SOLUSDT,SHORT,futures,STRICT_SUPPORT,2026-07-01 01:05:00+00:00,73.5013,73.4753,0.2177,2026-07-01 01:05:00+00:00,72.97,2026-07-01 01:20:00+00:00,73.15,0.0,0.005277,2026-07-01 01:25:00+00:00,73.1107,12.806069,936.26,73.5448,73.5448,0,2026-07-01 01:35:00+00:00,73.6331,STOP_LOSS,2,-6.69,0.4681,0.4715,1.506,-7.63,-1.372
610,ETHUSDT,SHORT,futures,STRICT_SUPPORT,2026-07-09 13:30:00+00:00,1745.4755,1743.413,4.6399,2026-07-09 13:30:00+00:00,1739.78,2026-07-09 13:35:00+00:00,1738.3,0.0,0.343001,2026-07-09 13:40:00+00:00,1737.6047,0.627413,1090.2,1746.4035,1746.4035,0,2026-07-09 13:50:00+00:00,1748.4992,STOP_LOSS,2,-6.84,0.5451,0.5485,1.7525,-7.93,-1.436
611,SOLUSDT,SHORT,futures,STRICT_SUPPORT,2026-07-09 14:30:00+00:00,77.8574,77.8302,0.2824,2026-07-09 14:30:00+00:00,77.62,2026-07-09 14:35:00+00:00,77.79,0.0,0.010212,2026-07-09 14:40:00+00:00,77.7689,28.190365,2192.33,77.9138,77.9138,0,2026-07-09 14:45:00+00:00,78.0073,STOP_LOSS,1,-6.72,1.0962,1.0995,3.5158,-8.92,-2.182
612,ETHUSDT,SHORT,futures,STRICT_SUPPORT,2026-07-09 14:10:00+00:00,1745.2507,1743.7329,5.2014,2026-07-09 14:10:00+00:00,1741.61,2026-07-09 14:40:00+00:00,1740.27,0.0,0.252947,2026-07-09 14:45:00+00:00,1739.5739,0.80932,1407.87,1746.2909,1746.2909,0,2026-07-09 15:05:00+00:00,1748.3865,STOP_LOSS,4,-7.13,0.7039,0.7075,2.2612,-8.54,-1.572
613,SOLUSDT,SHORT,futures,STRICT_SUPPORT,2026-07-14 09:25:00+00:00,75.1372,75.1146,0.1076,2026-07-14 09:25:00+00:00,75.06,2026-07-14 09:30:00+00:00,74.95,0.0,0.00465,2026-07-14 09:35:00+00:00,74.93,23.57848,1766.74,75.1588,75.1588,0,2026-07-14 10:05:00+00:00,75.249,STOP_LOSS,6,-7.52,0.8834,0.8871,2.8358,-9.29,-1.723
614,SOLUSDT,SHORT,futures,STRICT_SUPPORT,2026-07-14 10:25:00+00:00,75.1093,75.1001,0.1069,2026-07-14 10:25:00+00:00,75.05,2026-07-14 10:30:00+00:00,74.97,0.0,7.2e-05,2026-07-14 10:35:00+00:00,74.94,28.047083,2101.85,75.1307,75.1307,0,2026-07-14 10:40:00+00:00,75.2802,STOP_LOSS,1,-9.54,1.0509,1.0557,3.3744,-11.65,-2.179
615,SOLUSDT,SHORT,futures,STRICT_SUPPORT,2026-07-16 16:10:00+00:00,76.4675,76.3835,0.2174,2026-07-16 16:10:00+00:00,76.27,2026-07-16 16:15:00+00:00,76.3,0.0,0.003493,2026-07-16 16:20:00+00:00,76.2695,21.899818,1670.29,76.511,75.7664,11,2026-07-16 18:10:00+00:00,75.8573,TRAILING_STOP,22,9.03,0.8351,0.8306,2.6616,7.36,1.392
616,BTCUSDT,SHORT,futures,STRICT_SUPPORT,2026-07-17 15:05:00+00:00,63111.3114,63075.8348,152.5759,2026-07-17 15:05:00+00:00,63026.4,2026-07-17 15:10:00+00:00,62890.6,0.0,10.334843,2026-07-17 15:15:00+00:00,62865.4438,0.019269,1211.36,63141.8265,63141.8265,0,2026-07-17 15:25:00+00:00,63217.5967,STOP_LOSS,2,-6.79,0.6057,0.6091,1.9463,-8.0,-1.502
617,SOLUSDT,SHORT,futures,STRICT_SUPPORT,2026-07-25 11:30:00+00:00,73.9338,73.906,0.0655,2026-07-25 11:30:00+00:00,73.82,2026-07-25 11:50:00+00:00,73.86,0.0,0.006029,2026-07-25 11:55:00+00:00,73.8405,28.632685,2114.25,73.9469,73.9469,0,2026-07-25 13:00:00+00:00,74.0356,STOP_LOSS,13,-5.59,1.0571,1.0599,3.3895,-7.7,-2.529
618,SOLUSDT,SHORT,futures,STRICT_SUPPORT,2026-07-30 05:05:00+00:00,73.6503,73.5973,0.1131,2026-07-30 05:05:00+00:00,73.48,2026-07-30 05:25:00+00:00,73.55,0.0,0.007324,2026-07-30 05:30:00+00:00,73.5206,28.547665,2098.84,73.6729,73.6729,0,2026-07-30 05:35:00+00:00,73.8385,STOP_LOSS,1,-9.08,1.0494,1.054,3.369,-11.18,-2.571
619,ETHUSDT,SHORT,futures,STRICT_SUPPORT,2026-07-30 07:50:00+00:00,1905.0,1903.7362,3.2819,2026-07-30 07:50:00+00:00,1903.43,2026-07-30 07:55:00+00:00,1902.38,0.0,0.236206,2026-07-30 08:00:00+00:00,1901.629,1.091949,2076.48,1905.6563,1905.6563,0,2026-07-30 08:10:00+00:00,1907.9431,STOP_LOSS,2,-6.89,1.0382,1.0417,3.3306,-8.97,-2.041
620,BNBUSDT,SHORT,futures,STRICT_SUPPORT,2026-07-31 10:05:00+00:00,591.3443,591.1802,0.9327,2026-07-31 10:05:00+00:00,589.61,2026-07-31 10:20:00+00:00,590.55,0.0,0.040238,2026-07-31 10:25:00+00:00,590.3238,3.487126,2058.53,591.5308,591.5308,0,2026-07-31 10:40:00+00:00,592.2407,STOP_LOSS,3,-6.68,1.0293,1.0326,3.3017,-8.75,-2.078
621,ETHUSDT,SHORT,futures,STRICT_SUPPORT,2026-08-23 01:55:00+00:00,2425.7564,2423.9503,5.7394,2026-08-23 01:55:00+00:00,2422.33,2026-08-23 02:00:00+00:00,2419.8,0.0,0.350292,2026-08-23 02:05:00+00:00,2418.8321,0.632123,1529.0,2426.9042,2416.8794,2,2026-08-23 02:30:00+00:00,2419.7797,TRAILING_STOP,5,-0.6,0.7645,0.7648,2.4471,-2.13,-0.417
622,ETHUSDT,SHORT,futures,STRICT_SUPPORT,2026-08-24 01:40:00+00:00,2452.8531,2450.0876,8.2121,2026-08-24 01:40:00+00:00,2438.12,2026-08-24 02:20:00+00:00,2446.55,0.0,0.807645,2026-08-24 02:25:00+00:00,2445.5714,0.570583,1395.4,2454.4955,2436.8817,7,2026-08-24 03:35:00+00:00,2439.806,TRAILING_STOP,14,3.29,0.6977,0.6961,2.2287,1.9,0.372
623,BTCUSDT,SHORT,futures,STRICT_SUPPORT,2026-08-26 05:10:00+00:00,78902.0614,78869.7922,128.1771,2026-08-26 05:10:00+00:00,78865.1,2026-08-26 05:15:00+00:00,78714.9,0.0,4.792243,2026-08-26 05:20:00+00:00,78683.514,0.020892,1643.85,78927.6968,78927.6968,0,2026-08-26 05:25:00+00:00,79083.086,STOP_LOSS,1,-8.35,0.8219,0.8261,2.6402,-10.0,-1.959
624,ETHUSDT,SHORT,futures,STRICT_SUPPORT,2026-08-26 08:50:00+00:00,2460.9173,2459.7926,4.2885,2026-08-26 08:50:00+00:00,2454.17,2026-08-26 09:00:00+00:00,2457.45,0.0,0.292584,2026-08-26 09:05:00+00:00,2456.457,0.82256,2020.58,2461.775,2450.1988,9,2026-08-26 10:15:00+00:00,2453.139,TRAILING_STOP,14,2.73,1.0103,1.0089,3.2297,0.71,0.162
625,SOLUSDT,SHORT,futures,STRICT_SUPPORT,2026-08-26 12:00:00+00:00,97.0092,96.9116,0.2828,2026-08-26 12:00:00+00:00,96.88,2026-08-26 12:05:00+00:00,96.68,0.0,0.021562,2026-08-26 12:10:00+00:00,96.6513,12.197424,1178.9,97.0658,97.0658,0,2026-08-26 12:20:00+00:00,97.1822,STOP_LOSS,2,-6.48,0.5894,0.5927,1.894,-7.66,-1.515
626,ETHUSDT,SHORT,futures,STRICT_SUPPORT,2026-08-26 12:40:00+00:00,2460.9008,2459.3119,8.2808,2026-08-26 12:40:00+00:00,2453.9,2026-08-26 12:45:00+00:00,2456.33,0.0,0.731871,2026-08-26 12:50:00+00:00,2455.3375,0.694887,1706.18,2462.5569,2450.4196,5,2026-08-26 13:30:00+00:00,2453.3602,TRAILING_STOP,8,1.37,0.8531,0.8524,2.7282,-0.33,-0.066
627,SOLUSDT,SHORT,futures,STRICT_SUPPORT,2026-08-31 13:00:00+00:00,103.1294,103.0115,0.332,2026-08-31 13:00:00+00:00,102.78,2026-08-31 13:30:00+00:00,102.69,0.0,0.001471,2026-08-31 13:35:00+00:00,102.6389,9.004943,924.26,103.1959,102.7972,3,2026-08-31 14:35:00+00:00,102.9206,TRAILING_STOP,12,-2.54,0.4621,0.4634,1.4819,-3.46,-0.69
628,SOLUSDT,SHORT,futures,STRICT_SUPPORT,2026-08-31 15:50:00+00:00,103.0185,102.9452,0.3924,2026-08-31 15:50:00+00:00,102.9,2026-08-31 15:55:00+00:00,102.81,0.0,0.005156,2026-08-31 16:00:00+00:00,102.7789,15.709282,1614.58,103.097,103.0564,3,2026-08-31 16:45:00+00:00,103.1801,TRAILING_STOP,9,-6.3,0.8073,0.8104,2.5909,-7.92,-1.585
629,SOLUSDT,SHORT,futures,STRICT_SUPPORT,2026-09-01 02:00:00+00:00,103.2817,103.1725,0.2242,2026-09-01 02:00:00+00:00,103.11,2026-09-01 02:05:00+00:00,103.02,0.0,0.012547,2026-09-01 02:10:00+00:00,102.9888,14.681711,1512.05,103.3265,103.3265,0,2026-09-01 02:55:00+00:00,103.4505,STOP_LOSS,9,-6.78,0.756,0.7594,2.4274,-8.29,-1.673
630,BNBUSDT,SHORT,futures,STRICT_SUPPORT,2026-09-02 01:55:00+00:00,683.3065,683.073,1.3602,2026-09-02 01:55:00+00:00,682.93,2026-09-02 02:00:00+00:00,682.19,0.0,0.012956,2026-09-02 02:05:00+00:00,681.9271,2.883991,1966.67,683.5786,683.5786,0,2026-09-02 02:10:00+00:00,684.3989,STOP_LOSS,1,-7.13,0.9833,0.9869,3.1552,-9.1,-1.91
631,ETHUSDT,SHORT,futures,STRICT_SUPPORT,2026-09-02 19:20:00+00:00,2392.322,2391.0391,3.4991,2026-09-02 19:20:00+00:00,2390.44,2026-09-02 19:25:00+00:00,2385.77,0.0,0.209146,2026-09-02 19:30:00+00:00,2384.8157,0.593603,1415.63,2393.0218,2393.0218,0,2026-09-02 20:00:00+00:00,2395.8935,STOP_LOSS,6,-6.58,0.7078,0.7111,2.2729,-7.99,-1.641
632,BTCUSDT,SHORT,futures,STRICT_SUPPORT,2026-09-07 22:10:00+00:00,79188.8908,79172.3708,62.5666,2026-09-07 22:10:00+00:00,79118.4,2026-09-07 22:25:00+00:00,79065.5,0.0,4.870762,2026-09-07 22:30:00+00:00,79033.7738,0.024451,1932.48,79201.4042,78931.0184,3,2026-09-07 22:55:00+00:00,79025.7356,TRAILING_STOP,5,0.2,0.9662,0.9661,3.0917,-1.74,-0.424
633,SOLUSDT,SHORT,futures,STRICT_SUPPORT,2026-09-08 19:25:00+00:00,103.6347,103.5094,0.2953,2026-09-08 19:25:00+00:00,103.25,2026-09-08 20:05:00+00:00,103.44,0.0,0.019361,2026-09-08 20:10:00+00:00,103.3986,16.342045,1689.74,103.6937,103.1645,15,2026-09-08 22:00:00+00:00,103.2883,TRAILING_STOP,22,1.8,0.8449,0.844,2.7014,0.11,0.024
634,SOLUSDT,SHORT,futures,STRICT_SUPPORT,2026-09-09 13:55:00+00:00,104.1808,104.1179,0.334,2026-09-09 13:55:00+00:00,103.73,2026-09-09 14:30:00+00:00,103.95,0.0,0.017898,2026-09-09 14:35:00+00:00,103.9084,14.219372,1477.51,104.2476,104.017,4,2026-09-09 15:00:00+00:00,104.1418,TRAILING_STOP,5,-3.32,0.7388,0.7404,2.368,-4.8,-0.995
636,BNBUSDT,SHORT,futures,STRICT_SUPPORT,2026-09-14 14:55:00+00:00,722.7192,722.1561,1.6545,2026-09-14 14:55:00+00:00,722.0,2026-09-14 15:00:00+00:00,720.71,0.0,0.146062,2026-09-14 15:05:00+00:00,720.4217,1.823379,1313.6,723.0501,723.0501,0,2026-09-14 15:15:00+00:00,723.9178,STOP_LOSS,2,-6.37,0.6568,0.66,2.1094,-7.69,-1.605
635,ETHUSDT,SHORT,futures,STRICT_SUPPORT,2026-09-14 14:20:00+00:00,2510.2249,2506.7566,10.1532,2026-09-14 14:20:00+00:00,2499.38,2026-09-14 14:25:00+00:00,2503.98,0.0,0.576635,2026-09-14 14:30:00+00:00,2502.9884,0.517867,1296.21,2512.2555,2512.2555,0,2026-09-14 15:40:00+00:00,2515.2702,STOP_LOSS,14,-6.36,0.6481,0.6513,2.0816,-7.66,-1.596
637,BNBUSDT,SHORT,futures,STRICT_SUPPORT,2026-09-15 14:25:00+00:00,719.898,719.5513,1.5763,2026-09-15 14:25:00+00:00,719.35,2026-09-15 14:30:00+00:00,718.35,0.0,0.131305,2026-09-15 14:35:00+00:00,718.0627,2.195885,1576.78,720.2132,715.5493,3,2026-09-15 14:55:00+00:00,716.4079,TRAILING_STOP,4,3.63,0.7884,0.7866,2.5185,2.06,0.436
638,BNBUSDT,SHORT,futures,STRICT_SUPPORT,2026-09-15 14:45:00+00:00,719.3258,718.7806,1.7538,2026-09-15 14:45:00+00:00,714.82,2026-09-15 15:05:00+00:00,717.9,0.0,0.140644,2026-09-15 15:10:00+00:00,717.6028,2.282215,1637.72,719.6766,719.6766,0,2026-09-15 15:25:00+00:00,720.5402,STOP_LOSS,3,-6.7,0.8189,0.8222,2.6284,-8.34,-1.763
639,BNBUSDT,SHORT,futures,STRICT_SUPPORT,2026-09-16 14:10:00+00:00,712.4659,712.0567,1.4611,2026-09-16 14:10:00+00:00,710.46,2026-09-16 14:15:00+00:00,710.54,0.0,0.096684,2026-09-16 14:20:00+00:00,710.2458,1.867162,1326.14,712.7581,712.7581,0,2026-09-16 15:45:00+00:00,713.6134,STOP_LOSS,17,-6.29,0.6631,0.6662,2.1294,-7.62,-1.624
640,BTCUSDT,SHORT,futures,STRICT_SUPPORT,2026-09-16 18:50:00+00:00,75757.3309,75736.9132,416.2876,2026-09-16 18:50:00+00:00,75518.3,2026-09-16 18:55:00+00:00,75600.5,0.0,31.613227,2026-09-16 19:00:00+00:00,75570.3598,0.017218,1301.18,75840.5884,75840.5884,0,2026-09-16 19:05:00+00:00,76105.6173,STOP_LOSS,1,-9.22,0.6506,0.6552,2.093,-10.52,-2.261
641,ETHUSDT,SHORT,futures,STRICT_SUPPORT,2026-09-22 14:40:00+00:00,2744.1895,2742.8321,10.2554,2026-09-22 14:40:00+00:00,2726.18,2026-09-22 14:55:00+00:00,2741.26,0.0,0.392094,2026-09-22 15:00:00+00:00,2740.1735,0.671525,1840.09,2746.2406,2746.2406,0,2026-09-22 15:05:00+00:00,2749.5361,STOP_LOSS,1,-6.29,0.92,0.9232,2.9517,-8.13,-1.996
642,SOLUSDT,SHORT,futures,STRICT_SUPPORT,2026-09-22 14:40:00+00:00,117.1231,117.0836,0.5101,2026-09-22 14:40:00+00:00,116.31,2026-09-22 15:05:00+00:00,116.84,0.0,0.023604,2026-09-22 15:10:00+00:00,116.7933,10.559282,1233.25,117.2251,117.2251,0,2026-09-22 15:15:00+00:00,117.3657,STOP_LOSS,1,-6.04,0.6166,0.6196,1.9805,-7.28,-1.597
643,BNBUSDT,SHORT,futures,STRICT_SUPPORT,2026-09-22 14:25:00+00:00,789.4668,788.7925,1.9564,2026-09-22 14:25:00+00:00,787.05,2026-09-22 15:05:00+00:00,787.83,0.0,0.032453,2026-09-22 15:10:00+00:00,787.5149,1.945855,1532.39,789.8581,789.8581,0,2026-09-22 15:20:00+00:00,790.8059,STOP_LOSS,2,-6.4,0.7662,0.7694,2.4595,-7.94,-1.741
