trade_id,symbol,direction,market_type,pullback_mode,formation_time,U,L,frozen_atr,breakout_time,breakout_price,confirm_time,confirm_price,low_distance_to_u,high_distance_to_l,entry_time,entry_price,units,nominal_size_usdt,initial_sl,final_sl,sl_updates,exit_time,exit_price,exit_reason,bars_held,gross_pnl_usdt,entry_fee_usdt,exit_fee_usdt,slippage_cost_usdt,net_pnl_usdt,net_r_multiple
1,BNBUSDT,LONG,spot,STRICT_SUPPORT,2024-01-03 16:25:00+00:00,316.2674,315.3299,2.6472,2024-01-03 16:25:00+00:00,320.3,2024-01-03 16:45:00+00:00,319.9,0.032616,0.0,2024-01-03 16:50:00+00:00,319.9599,9.690964,3100.72,314.8005,314.8005,0,2024-01-03 18:30:00+00:00,314.3283,STOP_LOSS,20,-54.58,2.4806,2.4369,6.1196,-59.49,-1.19
2,SOLUSDT,LONG,spot,STRICT_SUPPORT,2024-01-05 09:35:00+00:00,101.9037,101.6983,0.5483,2024-01-05 09:35:00+00:00,102.43,2024-01-05 09:40:00+00:00,102.0,0.046346,0.0,2024-01-05 09:45:00+00:00,102.051,96.433169,9841.1,101.5886,101.7088,1,2024-01-05 10:05:00+00:00,101.5562,TRAILING_STOP,4,-47.71,7.8729,7.8347,19.6106,-63.42,-1.422
3,BNBUSDT,LONG,spot,STRICT_SUPPORT,2024-01-06 23:40:00+00:00,306.6262,306.5661,0.7845,2024-01-06 23:40:00+00:00,307.1,2024-01-07 00:00:00+00:00,306.8,0.073848,0.0,2024-01-07 00:05:00+00:00,306.8533,31.866407,9778.31,306.4092,307.2827,4,2024-01-07 01:00:00+00:00,306.8218,TRAILING_STOP,11,-1.01,7.8227,7.8218,19.5551,-16.65,-1.176
4,SOLUSDT,LONG,spot,STRICT_SUPPORT,2024-01-07 06:25:00+00:00,94.394,94.1694,0.6129,2024-01-07 06:25:00+00:00,94.79,2024-01-07 06:30:00+00:00,94.51,0.045961,0.0,2024-01-07 06:35:00+00:00,94.5673,94.739793,8959.28,94.0469,94.4128,1,2024-01-07 07:35:00+00:00,94.2712,TRAILING_STOP,12,-28.05,7.1674,7.145,17.8765,-42.36,-0.859
5,SOLUSDT,LONG,spot,STRICT_SUPPORT,2024-01-07 19:45:00+00:00,94.5614,94.4814,0.2954,2024-01-07 19:45:00+00:00,94.77,2024-01-07 19:50:00+00:00,94.81,0.018598,0.0,2024-01-07 19:55:00+00:00,94.8374,102.490092,9719.89,94.4223,94.6575,1,2024-01-07 20:15:00+00:00,94.5156,TRAILING_STOP,4,-32.98,7.7759,7.7495,19.3903,-48.51,-1.14
6,SOLUSDT,LONG,spot,STRICT_SUPPORT,2024-01-07 20:05:00+00:00,94.6049,94.5569,0.3272,2024-01-07 20:05:00+00:00,95.09,2024-01-07 20:15:00+00:00,94.71,0.015101,0.0,2024-01-07 20:20:00+00:00,94.7473,102.080618,9671.87,94.4914,94.4914,0,2024-01-07 20:35:00+00:00,94.3497,STOP_LOSS,3,-40.59,7.7375,7.705,19.2828,-56.03,-2.145
7,BTCUSDT,LONG,spot,STRICT_SUPPORT,2024-01-09 12:45:00+00:00,46654.563,46638.322,98.8713,2024-01-09 12:45:00+00:00,46792.0,2024-01-09 12:50:00+00:00,46809.68,7.137016,0.0,2024-01-09 12:55:00+00:00,46833.0948,0.205333,9616.39,46618.5477,46618.5477,0,2024-01-09 13:00:00+00:00,46097.1105,STOP_LOSS,1,-151.12,7.6931,7.5722,19.0061,-166.39,-3.777
8,SOLUSDT,LONG,spot,STRICT_SUPPORT,2024-01-09 14:00:00+00:00,100.9072,100.7068,1.0597,2024-01-09 14:00:00+00:00,101.44,2024-01-09 14:10:00+00:00,101.56,0.022751,0.0,2024-01-09 14:15:00+00:00,101.6208,42.397612,4308.48,100.4949,100.4949,0,2024-01-09 14:30:00+00:00,100.3441,STOP_LOSS,3,-54.13,3.4468,3.4035,8.5358,-60.98,-1.277
9,SOLUSDT,LONG,spot,STRICT_SUPPORT,2024-01-09 16:50:00+00:00,100.5348,100.3166,0.6532,2024-01-09 16:50:00+00:00,100.62,2024-01-09 16:55:00+00:00,100.89,0.02516,0.0,2024-01-09 17:00:00+00:00,100.9505,62.042511,6263.22,100.186,100.186,0,2024-01-09 17:05:00+00:00,100.0357,STOP_LOSS,1,-56.75,5.0106,4.9652,12.4413,-66.73,-1.407
10,BTCUSDT,LONG,spot,STRICT_SUPPORT,2024-01-09 19:20:00+00:00,46703.4938,46671.9973,95.932,2024-01-09 19:20:00+00:00,46706.01,2024-01-09 19:25:00+00:00,46748.49,2.036234,0.0,2024-01-09 19:30:00+00:00,46771.8642,0.199377,9325.24,46652.8109,46741.3246,2,2024-01-09 20:15:00+00:00,46671.2126,TRAILING_STOP,9,-20.07,7.4602,7.4441,18.6204,-34.97,-1.473
11,BTCUSDT,LONG,spot,STRICT_SUPPORT,2024-01-09 20:00:00+00:00,46765.5638,46723.0276,96.9704,2024-01-09 20:00:00+00:00,46880.0,2024-01-09 20:10:00+00:00,46823.89,5.54618,0.0,2024-01-09 20:15:00+00:00,46847.3119,0.198317,9290.62,46703.6335,46703.6335,0,2024-01-09 20:20:00+00:00,46633.578,STOP_LOSS,1,-42.39,7.4325,7.3986,18.5177,-57.22,-2.008
12,ETHUSDT,LONG,spot,STRICT_SUPPORT,2024-01-10 14:35:00+00:00,2386.2861,2383.2472,8.0261,2024-01-10 14:35:00+00:00,2389.59,2024-01-10 14:40:00+00:00,2386.89,0.113939,0.0,2024-01-10 14:45:00+00:00,2388.0934,3.866671,9233.97,2381.6419,2381.6419,0,2024-01-10 14:50:00+00:00,2378.0695,STOP_LOSS,1,-38.76,7.3872,7.3562,18.4098,-53.5,-2.145
13,SOLUSDT,LONG,spot,STRICT_SUPPORT,2024-01-10 21:10:00+00:00,96.0196,95.8556,1.3473,2024-01-10 21:10:00+00:00,97.83,2024-01-10 21:20:00+00:00,96.82,0.030431,0.0,2024-01-10 21:25:00+00:00,96.8584,36.444438,3529.95,95.5861,103.3496,19,2024-01-10 23:25:00+00:00,103.1946,TRAILING_STOP,24,230.92,2.824,3.0087,7.4063,225.09,4.854
14,BNBUSDT,LONG,spot,STRICT_SUPPORT,2024-01-10 21:10:00+00:00,295.887,295.7053,2.0682,2024-01-10 21:10:00+00:00,299.7,2024-01-10 21:40:00+00:00,298.0,0.112953,0.0,2024-01-10 21:45:00+00:00,298.149,16.404888,4891.1,295.2917,307.2534,15,2024-01-10 23:25:00+00:00,306.7925,TRAILING_STOP,20,141.8,3.9129,4.0263,9.9949,133.86,2.856
15,ETHUSDT,LONG,spot,STRICT_SUPPORT,2024-01-11 23:45:00+00:00,2614.2039,2611.589,5.3946,2024-01-11 23:45:00+00:00,2624.04,2024-01-12 00:05:00+00:00,2623.06,0.006093,0.0,2024-01-12 00:10:00+00:00,2624.3615,3.477153,9125.31,2610.5101,2610.5101,0,2024-01-12 00:15:00+00:00,2606.5944,STOP_LOSS,1,-61.78,7.3002,7.2508,18.1579,-76.33,-1.585
16,SOLUSDT,LONG,spot,STRICT_SUPPORT,2024-01-13 17:55:00+00:00,92.4849,92.3385,0.4145,2024-01-13 17:55:00+00:00,92.82,2024-01-13 18:00:00+00:00,92.5,0.005099,0.0,2024-01-13 18:05:00+00:00,92.5463,102.227705,9460.79,92.2556,94.8401,14,2024-01-13 20:00:00+00:00,94.6578,TRAILING_STOP,23,215.86,7.5686,7.7413,19.2454,200.55,6.749
17,SOLUSDT,LONG,spot,STRICT_SUPPORT,2024-01-16 17:40:00+00:00,96.8045,96.6859,0.3599,2024-01-16 17:40:00+00:00,96.84,2024-01-16 17:45:00+00:00,97.04,0.015524,0.0,2024-01-16 17:50:00+00:00,97.0785,99.500226,9659.33,96.6139,96.6139,0,2024-01-16 18:20:00+00:00,96.469,STOP_LOSS,6,-60.65,7.7275,7.6789,19.2277,-76.06,-1.645
18,SOLUSDT,LONG,spot,STRICT_SUPPORT,2024-01-21 02:35:00+00:00,92.4093,92.3208,0.2643,2024-01-21 02:35:00+00:00,92.44,2024-01-21 02:40:00+00:00,92.52,0.010683,0.0,2024-01-21 02:45:00+00:00,92.5663,103.537071,9584.04,92.268,92.9449,6,2024-01-21 03:30:00+00:00,92.8055,TRAILING_STOP,9,24.77,7.6672,7.687,19.2052,9.41,0.305
19,SOLUSDT,LONG,spot,STRICT_SUPPORT,2024-01-25 07:05:00+00:00,87.7318,87.6902,0.3557,2024-01-25 07:05:00+00:00,88.18,2024-01-25 07:35:00+00:00,88.02,0.018191,0.0,2024-01-25 07:40:00+00:00,88.064,108.883955,9588.76,87.619,87.619,0,2024-01-25 08:55:00+00:00,87.4876,STOP_LOSS,15,-62.76,7.671,7.6208,19.0834,-78.05,-1.611
20,SOLUSDT,LONG,spot,STRICT_SUPPORT,2024-01-26 00:35:00+00:00,87.0337,86.9597,0.4536,2024-01-26 00:35:00+00:00,87.27,2024-01-26 00:40:00+00:00,87.23,0.026339,0.0,2024-01-26 00:45:00+00:00,87.2736,109.037356,9516.08,86.869,86.869,0,2024-01-26 00:50:00+00:00,86.7387,STOP_LOSS,1,-58.32,7.6129,7.5662,18.9447,-73.5,-1.666
21,SOLUSDT,LONG,spot,STRICT_SUPPORT,2024-01-26 08:25:00+00:00,87.4881,87.4177,0.2832,2024-01-26 08:25:00+00:00,87.78,2024-01-26 08:45:00+00:00,87.61,0.001877,0.0,2024-01-26 08:50:00+00:00,87.6638,107.72196,9443.32,87.3611,87.7358,7,2024-01-26 09:30:00+00:00,87.6042,TRAILING_STOP,8,-6.42,7.5547,7.5495,18.877,-21.52,-0.66
22,BNBUSDT,LONG,spot,STRICT_SUPPORT,2024-01-27 10:05:00+00:00,303.7929,303.6625,0.3866,2024-01-27 10:05:00+00:00,303.8,2024-01-27 10:10:00+00:00,304.2,0.007093,0.0,2024-01-27 10:15:00+00:00,304.3521,30.957593,9422.01,303.5852,303.5852,0,2024-01-27 12:40:00+00:00,303.1298,STOP_LOSS,29,-37.84,7.5376,7.5073,18.7873,-52.88,-2.227
23,BNBUSDT,LONG,spot,STRICT_SUPPORT,2024-01-28 13:00:00+00:00,307.1602,306.984,0.6682,2024-01-28 13:00:00+00:00,307.3,2024-01-28 13:05:00+00:00,307.3,0.039775,0.0,2024-01-28 13:10:00+00:00,307.3536,30.484929,9369.65,306.8503,306.8503,0,2024-01-28 13:15:00+00:00,306.3398,STOP_LOSS,1,-30.91,7.4957,7.471,18.6929,-45.87,-2.99
24,SOLUSDT,LONG,spot,STRICT_SUPPORT,2024-01-29 09:15:00+00:00,96.9235,96.8387,0.3873,2024-01-29 09:15:00+00:00,97.08,2024-01-29 09:55:00+00:00,97.26,0.02648,0.0,2024-01-29 10:00:00+00:00,97.3086,86.030809,8371.54,96.7612,97.4432,6,2024-01-29 11:40:00+00:00,97.2971,TRAILING_STOP,20,-0.99,6.6972,6.6964,16.7416,-14.39,-0.306
25,BNBUSDT,LONG,spot,STRICT_SUPPORT,2024-01-30 07:35:00+00:00,311.0669,310.9371,0.3725,2024-01-30 07:35:00+00:00,311.1,2024-01-30 07:40:00+00:00,311.4,0.033123,0.0,2024-01-30 07:45:00+00:00,311.4556,29.891882,9310.0,310.8626,310.8626,0,2024-01-30 08:00:00+00:00,310.3963,STOP_LOSS,3,-31.67,7.448,7.4227,18.5725,-46.54,-2.625
26,BTCUSDT,LONG,spot,STRICT_SUPPORT,2024-02-06 14:25:00+00:00,42874.9001,42854.393,65.8866,2024-02-06 14:25:00+00:00,42904.44,2024-02-06 14:55:00+00:00,42942.8,2.539925,0.0,2024-02-06 15:00:00+00:00,42964.2614,0.215619,9263.92,42841.2157,43238.7466,14,2024-02-06 16:45:00+00:00,43173.8885,TRAILING_STOP,21,45.2,7.4111,7.4473,18.5956,30.34,1.144
28,BTCUSDT,LONG,spot,STRICT_SUPPORT,2024-02-07 15:20:00+00:00,43077.9698,43037.6479,94.5346,2024-02-07 15:20:00+00:00,43108.06,2024-02-07 15:25:00+00:00,43171.1,0.100204,0.0,2024-02-07 15:30:00+00:00,43192.6956,0.215004,9286.6,43018.741,43018.741,0,2024-02-07 16:25:00+00:00,42954.2129,STOP_LOSS,11,-51.27,7.4293,7.3883,18.4963,-66.09,-1.767
27,BNBUSDT,LONG,spot,STRICT_SUPPORT,2024-02-07 14:35:00+00:00,303.1545,302.9769,0.5629,2024-02-07 14:35:00+00:00,303.8,2024-02-07 14:50:00+00:00,303.5,0.045543,0.0,2024-02-07 14:55:00+00:00,303.6517,30.607303,9293.96,302.8643,306.3839,7,2024-02-07 17:30:00+00:00,305.9243,TRAILING_STOP,31,69.56,7.4352,7.4908,18.6923,54.63,2.267
29,SOLUSDT,LONG,spot,STRICT_SUPPORT,2024-02-08 20:45:00+00:00,102.7681,102.6666,0.3354,2024-02-08 20:45:00+00:00,102.95,2024-02-08 20:50:00+00:00,102.84,0.011872,0.0,2024-02-08 20:55:00+00:00,102.8914,90.21758,9282.61,102.5995,102.8264,6,2024-02-08 21:40:00+00:00,102.6722,TRAILING_STOP,9,-19.78,7.4261,7.4103,18.5356,-34.61,-1.314
30,SOLUSDT,LONG,spot,STRICT_SUPPORT,2024-02-09 17:15:00+00:00,105.2169,105.1123,0.3569,2024-02-09 17:15:00+00:00,105.34,2024-02-09 17:20:00+00:00,105.27,0.013134,0.0,2024-02-09 17:25:00+00:00,105.3126,87.818032,9248.35,105.0409,105.0409,0,2024-02-09 17:35:00+00:00,104.8834,STOP_LOSS,2,-37.7,7.3987,7.3685,18.4402,-52.46,-2.199
31,BTCUSDT,LONG,spot,STRICT_SUPPORT,2024-02-15 16:35:00+00:00,52191.9056,52127.5634,180.7237,2024-02-15 16:35:00+00:00,52285.71,2024-02-15 16:50:00+00:00,52242.6,8.094352,0.0,2024-02-15 16:55:00+00:00,52268.7213,0.175945,9196.41,52091.4186,52091.4186,0,2024-02-15 17:35:00+00:00,52013.2815,STOP_LOSS,8,-44.94,7.3571,7.3212,18.3254,-59.62,-1.911
32,ETHUSDT,LONG,spot,STRICT_SUPPORT,2024-02-15 23:25:00+00:00,2819.1962,2817.1816,5.5219,2024-02-15 23:25:00+00:00,2822.39,2024-02-15 23:55:00+00:00,2822.59,0.533766,0.0,2024-02-16 00:00:00+00:00,2823.9913,3.235628,9137.38,2816.0772,2830.0408,1,2024-02-16 00:20:00+00:00,2825.7957,TRAILING_STOP,4,5.84,7.3099,7.3146,18.2835,-8.79,-0.343
33,ETHUSDT,LONG,spot,STRICT_SUPPORT,2024-02-16 12:10:00+00:00,2825.3677,2822.9507,5.6883,2024-02-16 12:10:00+00:00,2830.4,2024-02-16 12:20:00+00:00,2828.95,0.392303,0.0,2024-02-16 12:25:00+00:00,2830.3645,3.225269,9128.69,2821.813,2837.0829,7,2024-02-16 13:30:00+00:00,2832.8272,TRAILING_STOP,13,7.94,7.3029,7.3093,18.2693,-6.67,-0.242
34,BNBUSDT,LONG,spot,STRICT_SUPPORT,2024-02-16 16:05:00+00:00,359.2499,358.7457,1.5561,2024-02-16 16:05:00+00:00,360.9,2024-02-16 16:35:00+00:00,360.2,0.050144,0.0,2024-02-16 16:40:00+00:00,360.3801,23.679213,8533.52,358.4345,358.4345,0,2024-02-16 16:45:00+00:00,357.8968,STOP_LOSS,1,-58.8,6.8268,6.7798,16.9788,-72.41,-1.572
35,BNBUSDT,LONG,spot,STRICT_SUPPORT,2024-02-18 22:45:00+00:00,351.8276,351.4254,0.8513,2024-02-18 22:45:00+00:00,352.6,2024-02-18 23:15:00+00:00,352.5,0.07243,0.0,2024-02-18 23:20:00+00:00,352.7763,25.654782,9050.4,351.2552,351.2552,0,2024-02-18 23:30:00+00:00,350.7283,STOP_LOSS,2,-52.54,7.2403,7.1983,18.022,-66.98,-1.716
36,BNBUSDT,LONG,spot,STRICT_SUPPORT,2024-02-19 06:10:00+00:00,351.771,351.7174,0.6712,2024-02-19 06:10:00+00:00,352.9,2024-02-19 06:35:00+00:00,352.0,0.029021,0.0,2024-02-19 06:40:00+00:00,352.0759,25.517473,8984.09,351.5831,353.3452,8,2024-02-19 08:15:00+00:00,352.8152,TRAILING_STOP,19,18.86,7.1873,7.2024,17.9965,4.47,0.356
37,BNBUSDT,LONG,spot,STRICT_SUPPORT,2024-02-19 21:40:00+00:00,352.7927,352.7447,0.5193,2024-02-19 21:40:00+00:00,352.9,2024-02-19 21:45:00+00:00,353.4,0.007279,0.0,2024-02-19 21:50:00+00:00,353.5767,25.421691,8988.52,352.6408,353.7207,3,2024-02-19 22:30:00+00:00,353.1902,TRAILING_STOP,8,-9.83,7.1908,7.183,17.9623,-24.2,-1.017
38,BNBUSDT,LONG,spot,STRICT_SUPPORT,2024-02-20 01:45:00+00:00,352.7075,352.5273,1.1637,2024-02-20 01:45:00+00:00,353.4,2024-02-20 01:50:00+00:00,353.2,0.092501,0.0,2024-02-20 01:55:00+00:00,353.2765,25.375472,8964.56,352.2946,354.0727,12,2024-02-20 03:55:00+00:00,353.5416,TRAILING_STOP,24,6.72,7.1716,7.177,17.9392,-7.62,-0.306
39,ETHUSDT,LONG,spot,STRICT_SUPPORT,2024-02-21 21:50:00+00:00,2915.2847,2911.5036,7.67,2024-02-21 21:50:00+00:00,2924.23,2024-02-21 22:10:00+00:00,2916.34,0.715348,0.0,2024-02-21 22:15:00+00:00,2917.7882,3.069795,8957.01,2909.9696,2963.812,17,2024-02-22 00:00:00+00:00,2959.3663,TRAILING_STOP,21,127.64,7.1656,7.2677,18.1055,113.2,4.717
40,ETHUSDT,LONG,spot,STRICT_SUPPORT,2024-02-22 15:45:00+00:00,2972.0991,2970.3629,11.5409,2024-02-22 15:45:00+00:00,2982.23,2024-02-22 16:15:00+00:00,2977.69,0.190872,0.0,2024-02-22 16:20:00+00:00,2979.1888,3.044145,9069.08,2968.0547,2968.0547,0,2024-02-22 16:25:00+00:00,2963.6027,STOP_LOSS,1,-47.45,7.2553,7.2173,18.067,-61.92,-1.827
41,ETHUSDT,LONG,spot,STRICT_SUPPORT,2024-02-22 22:45:00+00:00,2986.6023,2984.3422,9.0854,2024-02-22 22:45:00+00:00,2987.07,2024-02-22 22:50:00+00:00,2991.42,0.457673,0.0,2024-02-22 22:55:00+00:00,2992.9057,3.009712,9007.78,2982.5251,2982.5251,0,2024-02-22 23:05:00+00:00,2978.0513,STOP_LOSS,2,-44.71,7.2062,7.1705,17.9485,-59.08,-1.891
42,SOLUSDT,LONG,spot,STRICT_SUPPORT,2024-02-23 11:15:00+00:00,102.4638,102.3295,0.2749,2024-02-23 11:15:00+00:00,102.87,2024-02-23 11:25:00+00:00,102.55,0.006163,0.0,2024-02-23 11:30:00+00:00,102.6013,87.22396,8949.29,102.2745,102.2745,0,2024-02-23 12:10:00+00:00,102.1211,STOP_LOSS,8,-41.89,7.1594,7.1259,17.8358,-56.17,-1.971
43,SOLUSDT,LONG,spot,STRICT_SUPPORT,2024-02-25 17:20:00+00:00,102.8694,102.8255,0.2955,2024-02-25 17:20:00+00:00,103.19,2024-02-25 17:30:00+00:00,103.12,0.020615,0.0,2024-02-25 17:35:00+00:00,103.1616,86.211185,8893.68,102.7664,103.7102,10,2024-02-25 20:35:00+00:00,103.5547,TRAILING_STOP,36,33.89,7.1149,7.1421,17.8382,19.63,0.576
44,SOLUSDT,LONG,spot,STRICT_SUPPORT,2024-02-26 00:40:00+00:00,103.4897,103.3691,0.2625,2024-02-26 00:40:00+00:00,103.68,2024-02-26 00:45:00+00:00,103.78,0.020313,0.0,2024-02-26 00:50:00+00:00,103.8319,85.841804,8913.12,103.3166,104.117,2,2024-02-26 01:30:00+00:00,103.9608,TRAILING_STOP,8,11.07,7.1305,7.1393,17.8428,-3.2,-0.072
45,SOLUSDT,LONG,spot,STRICT_SUPPORT,2024-02-28 18:55:00+00:00,112.7123,112.3069,1.4537,2024-02-28 18:55:00+00:00,113.14,2024-02-28 19:05:00+00:00,112.73,0.00765,0.0,2024-02-28 19:10:00+00:00,112.7764,59.195688,6675.87,112.0162,112.0162,0,2024-02-28 19:30:00+00:00,111.8481,STOP_LOSS,4,-54.95,5.3407,5.2967,13.2693,-65.58,-1.457
46,BNBUSDT,LONG,spot,STRICT_SUPPORT,2024-03-01 18:10:00+00:00,405.3748,405.1091,0.6186,2024-03-01 18:10:00+00:00,405.7,2024-03-01 18:15:00+00:00,405.8,0.025223,0.0,2024-03-01 18:20:00+00:00,405.9028,21.790972,8845.02,404.9854,406.1149,5,2024-03-01 19:10:00+00:00,405.5057,TRAILING_STOP,10,-8.65,7.076,7.0691,17.6771,-22.8,-1.14
47,SOLUSDT,LONG,spot,STRICT_SUPPORT,2024-03-01 19:00:00+00:00,132.3649,131.9973,0.7612,2024-03-01 19:00:00+00:00,132.75,2024-03-01 19:05:00+00:00,132.41,0.005121,0.0,2024-03-01 19:10:00+00:00,132.4662,66.601492,8822.45,131.845,131.845,0,2024-03-01 19:25:00+00:00,131.6473,STOP_LOSS,3,-54.54,7.058,7.0143,17.5631,-68.61,-1.659
48,SOLUSDT,LONG,spot,STRICT_SUPPORT,2024-03-02 09:05:00+00:00,129.4197,129.2133,0.7315,2024-03-02 09:05:00+00:00,130.2,2024-03-02 09:10:00+00:00,129.99,0.060307,0.0,2024-03-02 09:15:00+00:00,130.055,44.751868,5820.2,129.067,129.067,0,2024-03-02 09:20:00+00:00,128.3672,STOP_LOSS,1,-75.53,4.6562,4.5957,11.5271,-84.79,-1.918
49,ETHUSDT,LONG,spot,STRICT_SUPPORT,2024-03-02 17:00:00+00:00,3418.5741,3416.5599,5.7876,2024-03-02 17:00:00+00:00,3427.45,2024-03-02 17:15:00+00:00,3422.68,0.425904,0.0,2024-03-02 17:20:00+00:00,3424.3913,2.532007,8670.58,3415.4023,3415.4023,0,2024-03-02 17:55:00+00:00,3410.2792,STOP_LOSS,7,-35.73,6.9365,6.9079,17.2876,-49.58,-2.178
50,SOLUSDT,LONG,spot,STRICT_SUPPORT,2024-03-03 14:30:00+00:00,128.8025,128.6832,0.4608,2024-03-03 14:30:00+00:00,129.09,2024-03-03 14:45:00+00:00,129.03,0.007506,0.0,2024-03-03 14:50:00+00:00,129.1145,66.774059,8621.5,128.591,128.591,0,2024-03-03 14:55:00+00:00,128.3982,STOP_LOSS,1,-47.83,6.8972,6.8589,17.1713,-61.59,-1.762
51,SOLUSDT,LONG,spot,STRICT_SUPPORT,2024-03-03 15:35:00+00:00,128.9849,128.869,0.4791,2024-03-03 15:35:00+00:00,129.03,2024-03-03 15:40:00+00:00,129.2,0.025069,0.0,2024-03-03 15:45:00+00:00,129.2646,66.224831,8560.53,128.7732,128.7732,0,2024-03-03 16:05:00+00:00,128.58,STOP_LOSS,4,-45.33,6.8484,6.8122,17.0531,-58.99,-1.813
53,SOLUSDT,LONG,spot,STRICT_SUPPORT,2024-03-04 15:20:00+00:00,131.9491,131.6779,0.7579,2024-03-04 15:20:00+00:00,132.23,2024-03-04 15:25:00+00:00,132.15,0.010882,0.0,2024-03-04 15:30:00+00:00,132.2161,62.602995,8277.12,131.5263,131.5263,0,2024-03-04 15:55:00+00:00,131.3291,STOP_LOSS,5,-55.53,6.6217,6.5773,16.4709,-68.73,-1.592
52,ETHUSDT,LONG,spot,STRICT_SUPPORT,2024-03-04 14:30:00+00:00,3500.6816,3497.8297,11.8002,2024-03-04 14:30:00+00:00,3503.81,2024-03-04 14:35:00+00:00,3516.61,0.718434,0.0,2024-03-04 14:40:00+00:00,3518.3583,1.876037,6600.57,3495.4696,3550.0866,18,2024-03-04 16:25:00+00:00,3544.7614,TRAILING_STOP,21,49.53,5.2805,5.3201,13.2754,38.93,0.907
54,SOLUSDT,LONG,spot,STRICT_SUPPORT,2024-03-05 17:50:00+00:00,133.6954,133.0442,1.6673,2024-03-05 17:50:00+00:00,134.28,2024-03-05 17:55:00+00:00,135.02,0.144623,0.0,2024-03-05 18:00:00+00:00,135.0875,18.003997,2432.12,132.7108,132.7108,0,2024-03-05 18:25:00+00:00,132.5117,STOP_LOSS,5,-46.38,1.9457,1.9086,4.7947,-50.23,-1.174
55,SOLUSDT,LONG,spot,STRICT_SUPPORT,2024-03-06 17:15:00+00:00,128.8104,128.5795,0.6888,2024-03-06 17:15:00+00:00,128.87,2024-03-06 17:20:00+00:00,128.92,0.049551,0.0,2024-03-06 17:25:00+00:00,128.9945,65.296568,8422.9,128.4417,129.2211,7,2024-03-06 18:10:00+00:00,129.0273,TRAILING_STOP,9,2.14,6.7383,6.74,16.849,-11.34,-0.314
56,SOLUSDT,LONG,spot,STRICT_SUPPORT,2024-03-08 08:00:00+00:00,144.5719,144.3701,0.551,2024-03-08 08:00:00+00:00,144.82,2024-03-08 08:10:00+00:00,144.89,0.018074,0.0,2024-03-08 08:15:00+00:00,144.9524,58.030565,8411.67,144.2599,145.4308,4,2024-03-08 09:00:00+00:00,145.2126,TRAILING_STOP,9,15.1,6.7293,6.7414,16.846,1.63,0.041
57,BTCUSDT,LONG,spot,STRICT_SUPPORT,2024-03-08 16:50:00+00:00,67681.4481,67539.3145,534.2682,2024-03-08 16:50:00+00:00,67794.0,2024-03-08 16:55:00+00:00,67810.6,46.191935,0.0,2024-03-08 17:00:00+00:00,67844.4953,0.103126,6996.51,67432.4609,68158.2381,8,2024-03-08 18:05:00+00:00,68056.0008,TRAILING_STOP,13,21.81,5.5972,5.6147,14.0257,10.6,0.249
58,SOLUSDT,LONG,spot,STRICT_SUPPORT,2024-03-09 03:10:00+00:00,145.931,145.6961,0.5335,2024-03-09 03:10:00+00:00,146.2,2024-03-09 03:15:00+00:00,146.33,0.009047,0.0,2024-03-09 03:20:00+00:00,146.4032,52.282997,7654.4,145.5894,145.5894,0,2024-03-09 03:35:00+00:00,145.371,STOP_LOSS,3,-53.96,6.1235,6.0803,15.2278,-66.17,-1.555
59,ETHUSDT,LONG,spot,STRICT_SUPPORT,2024-03-09 14:05:00+00:00,3916.6676,3915.4734,4.3286,2024-03-09 14:05:00+00:00,3921.87,2024-03-09 14:20:00+00:00,3922.89,0.002377,0.0,2024-03-09 14:25:00+00:00,3924.8514,2.129577,8358.27,3914.6077,3914.6077,0,2024-03-09 14:50:00+00:00,3908.7358,STOP_LOSS,5,-34.32,6.6866,6.6592,16.6651,-47.67,-2.185
60,SOLUSDT,LONG,spot,STRICT_SUPPORT,2024-03-12 11:25:00+00:00,151.3762,151.2372,0.7701,2024-03-12 11:25:00+00:00,151.42,2024-03-12 11:30:00+00:00,151.96,0.043837,0.0,2024-03-12 11:35:00+00:00,152.036,44.0544,6697.85,151.0832,151.0832,0,2024-03-12 11:40:00+00:00,150.8566,STOP_LOSS,1,-51.96,5.3583,5.3167,13.3178,-62.63,-1.492
61,ETHUSDT,LONG,spot,STRICT_SUPPORT,2024-03-12 13:10:00+00:00,4018.4368,4014.6793,14.5811,2024-03-12 13:10:00+00:00,4029.28,2024-03-12 13:15:00+00:00,4022.61,0.573229,0.0,2024-03-12 13:20:00+00:00,4024.6213,2.049653,8249.08,4011.763,4012.7791,1,2024-03-12 13:35:00+00:00,4006.7599,TRAILING_STOP,3,-36.61,6.5993,6.57,16.4432,-49.78,-1.889
62,SOLUSDT,LONG,spot,STRICT_SUPPORT,2024-03-13 04:45:00+00:00,149.4951,149.4026,0.3842,2024-03-13 04:45:00+00:00,149.74,2024-03-13 05:00:00+00:00,149.78,0.014935,0.0,2024-03-13 05:05:00+00:00,149.8549,54.718238,8199.8,149.3258,151.6298,6,2024-03-13 05:55:00+00:00,151.4023,TRAILING_STOP,10,84.67,6.5598,6.6276,16.5266,71.49,2.469
63,BTCUSDT,LONG,spot,STRICT_SUPPORT,2024-03-16 06:40:00+00:00,69059.8694,69016.1778,122.0781,2024-03-16 06:40:00+00:00,69072.01,2024-03-16 06:45:00+00:00,69195.68,4.140577,0.0,2024-03-16 06:50:00+00:00,69230.2778,0.119465,8270.57,68991.7622,68991.7622,0,2024-03-16 08:55:00+00:00,68888.2745,STOP_LOSS,25,-40.86,6.6165,6.5838,16.4798,-54.06,-1.897
64,BTCUSDT,LONG,spot,STRICT_SUPPORT,2024-03-18 03:45:00+00:00,67890.4182,67855.5262,164.8387,2024-03-18 03:45:00+00:00,68119.68,2024-03-18 03:55:00+00:00,67972.01,13.591775,0.0,2024-03-18 04:00:00+00:00,68005.996,0.120828,8217.05,67822.5585,67822.5585,0,2024-03-18 04:05:00+00:00,67718.27,STOP_LOSS,1,-34.77,6.5736,6.5458,16.382,-47.88,-2.16
65,SOLUSDT,LONG,spot,STRICT_SUPPORT,2024-03-18 08:45:00+00:00,201.917,201.3925,1.3813,2024-03-18 08:45:00+00:00,202.02,2024-03-18 08:50:00+00:00,202.47,0.013017,0.0,2024-03-18 08:55:00+00:00,202.5812,28.16386,5705.47,201.1162,201.1162,0,2024-03-18 09:10:00+00:00,200.8145,STOP_LOSS,3,-49.76,4.5644,4.5246,11.3363,-58.85,-1.426
66,ETHUSDT,LONG,spot,STRICT_SUPPORT,2024-03-20 17:30:00+00:00,3294.1549,3281.3214,31.5956,2024-03-20 17:30:00+00:00,3317.53,2024-03-20 17:35:00+00:00,3312.12,2.865066,0.0,2024-03-20 17:40:00+00:00,3313.7661,1.056827,3502.08,3275.0023,3357.1974,4,2024-03-20 19:20:00+00:00,3352.1616,TRAILING_STOP,20,40.58,2.8017,2.8341,7.065,34.94,0.853
67,BNBUSDT,LONG,spot,STRICT_SUPPORT,2024-03-21 08:00:00+00:00,550.7839,550.2919,1.5988,2024-03-21 08:00:00+00:00,550.8,2024-03-21 08:05:00+00:00,554.0,0.116134,0.0,2024-03-21 08:10:00+00:00,554.377,9.33983,5177.79,549.9721,565.1903,10,2024-03-21 11:05:00+00:00,564.3425,TRAILING_STOP,35,93.08,4.1422,4.2167,10.4952,84.72,2.059
68,BTCUSDT,LONG,spot,STRICT_SUPPORT,2024-03-21 14:15:00+00:00,67112.075,67082.4705,254.9868,2024-03-21 14:15:00+00:00,67123.01,2024-03-21 14:20:00+00:00,67280.02,5.974999,0.0,2024-03-21 14:25:00+00:00,67313.66,0.122261,8229.85,67031.4731,67031.4731,0,2024-03-21 14:30:00+00:00,66930.9259,STOP_LOSS,1,-46.79,6.5839,6.5464,16.3895,-59.92,-1.737
69,BTCUSDT,LONG,spot,STRICT_SUPPORT,2024-03-23 04:30:00+00:00,63719.555,63660.8241,171.629,2024-03-23 04:30:00+00:00,63930.92,2024-03-23 05:10:00+00:00,63844.25,1.205041,0.0,2024-03-23 05:15:00+00:00,63876.1721,0.127912,8170.52,63626.4983,64093.8497,12,2024-03-23 06:45:00+00:00,63997.709,TRAILING_STOP,18,15.55,6.5364,6.5489,16.3644,2.46,0.077
70,SOLUSDT,LONG,spot,STRICT_SUPPORT,2024-03-23 17:45:00+00:00,175.6709,175.4883,0.6813,2024-03-23 17:45:00+00:00,176.1,2024-03-23 17:50:00+00:00,175.85,0.009125,0.0,2024-03-23 17:55:00+00:00,175.9479,46.451011,8172.96,175.352,175.7417,6,2024-03-23 18:40:00+00:00,175.478,TRAILING_STOP,9,-21.83,6.5384,6.5209,16.3132,-34.89,-1.26
71,ETHUSDT,LONG,spot,STRICT_SUPPORT,2024-03-27 05:30:00+00:00,3602.1511,3600.1881,5.5507,2024-03-27 05:30:00+00:00,3602.35,2024-03-27 05:35:00+00:00,3609.26,0.188861,0.0,2024-03-27 05:40:00+00:00,3611.0746,2.25374,8138.42,3599.078,3599.078,0,2024-03-27 07:05:00+00:00,3593.6794,STOP_LOSS,17,-39.2,6.5107,6.4794,16.218,-52.19,-1.93
72,SOLUSDT,LONG,spot,STRICT_SUPPORT,2024-03-29 04:35:00+00:00,188.6495,188.3679,0.592,2024-03-29 04:35:00+00:00,189.01,2024-03-29 04:40:00+00:00,188.81,0.030518,0.0,2024-03-29 04:45:00+00:00,188.8944,42.810954,8086.75,188.2495,188.2495,0,2024-03-29 04:50:00+00:00,187.698,STOP_LOSS,1,-51.22,6.4694,6.4284,16.0967,-64.12,-2.322
73,ETHUSDT,LONG,spot,STRICT_SUPPORT,2024-03-29 14:15:00+00:00,3547.7538,3545.9787,5.8426,2024-03-29 14:15:00+00:00,3555.09,2024-03-29 14:25:00+00:00,3552.0,0.536217,0.0,2024-03-29 14:30:00+00:00,3553.766,2.257682,8023.28,3544.8102,3544.8102,0,2024-03-29 14:55:00+00:00,3539.493,STOP_LOSS,5,-32.22,6.4186,6.3928,15.9982,-45.04,-2.227
74,SOLUSDT,LONG,spot,STRICT_SUPPORT,2024-03-30 16:40:00+00:00,196.5298,196.34,0.5672,2024-03-30 16:40:00+00:00,196.7,2024-03-30 16:45:00+00:00,197.68,0.05022,0.0,2024-03-30 16:50:00+00:00,197.7788,25.959534,5134.25,196.2266,196.2266,0,2024-03-30 18:35:00+00:00,195.9322,STOP_LOSS,21,-47.94,4.1074,4.069,10.1966,-56.11,-1.393
75,SOLUSDT,LONG,spot,STRICT_SUPPORT,2024-03-30 22:45:00+00:00,195.7051,195.4583,0.6301,2024-03-30 22:45:00+00:00,196.15,2024-03-30 22:50:00+00:00,195.99,0.034936,0.0,2024-03-30 22:55:00+00:00,196.078,40.408092,7923.14,195.3323,195.3323,0,2024-03-30 23:05:00+00:00,195.0393,STOP_LOSS,2,-41.97,6.3385,6.3049,15.7833,-54.62,-1.812
76,BNBUSDT,LONG,spot,STRICT_SUPPORT,2024-04-03 14:55:00+00:00,558.6586,558.0622,2.044,2024-04-03 14:55:00+00:00,560.2,2024-04-03 15:10:00+00:00,559.7,0.1414,0.0,2024-04-03 15:15:00+00:00,559.8798,14.054924,7869.07,557.6534,557.6534,0,2024-04-03 15:20:00+00:00,556.8169,STOP_LOSS,1,-43.05,6.2953,6.2608,15.6736,-55.6,-1.777
77,SOLUSDT,LONG,spot,STRICT_SUPPORT,2024-04-06 04:30:00+00:00,175.2812,175.0465,0.508,2024-04-06 04:30:00+00:00,175.31,2024-04-06 04:35:00+00:00,175.69,0.018786,0.0,2024-04-06 04:40:00+00:00,175.7678,44.456479,7814.02,174.9449,174.9449,0,2024-04-06 04:45:00+00:00,174.6825,STOP_LOSS,1,-48.25,6.2512,6.2126,15.5557,-60.72,-1.66
78,BTCUSDT,LONG,spot,STRICT_SUPPORT,2024-04-11 12:55:00+00:00,70593.2676,70530.4995,262.8938,2024-04-11 12:55:00+00:00,70858.83,2024-04-11 13:20:00+00:00,70713.16,23.232448,0.0,2024-04-11 13:25:00+00:00,70748.5266,0.109598,7753.91,70477.9207,70477.9207,0,2024-04-11 13:35:00+00:00,70372.2038,STOP_LOSS,2,-41.24,6.2031,6.1701,15.446,-53.62,-1.808
79,BTCUSDT,LONG,spot,STRICT_SUPPORT,2024-04-11 19:45:00+00:00,70229.0184,70168.4631,130.2138,2024-04-11 19:45:00+00:00,70320.73,2024-04-11 19:50:00+00:00,70344.66,12.75156,0.0,2024-04-11 19:55:00+00:00,70379.8223,0.109418,7700.83,70142.4203,70504.3078,3,2024-04-11 20:35:00+00:00,70398.5513,TRAILING_STOP,8,2.05,6.1607,6.1623,15.4047,-10.27,-0.396
80,SOLUSDT,LONG,spot,STRICT_SUPPORT,2024-04-12 03:05:00+00:00,173.4106,173.261,0.4267,2024-04-12 03:05:00+00:00,173.82,2024-04-12 03:20:00+00:00,173.59,0.019419,0.0,2024-04-12 03:25:00+00:00,173.6668,44.283992,7690.66,173.1757,173.5687,2,2024-04-12 03:45:00+00:00,173.3084,TRAILING_STOP,4,-15.87,6.1525,6.1398,15.3575,-28.16,-1.295
81,ETHUSDT,LONG,spot,STRICT_SUPPORT,2024-04-14 18:10:00+00:00,3058.1652,3051.4665,25.7497,2024-04-14 18:10:00+00:00,3080.63,2024-04-14 18:20:00+00:00,3071.35,2.394835,0.0,2024-04-14 18:25:00+00:00,3072.8757,1.457159,4477.67,3046.3165,3150.8507,19,2024-04-14 23:50:00+00:00,3146.1244,TRAILING_STOP,65,106.73,3.5821,3.6675,9.1154,99.49,2.571
82,BTCUSDT,LONG,spot,STRICT_SUPPORT,2024-04-19 21:45:00+00:00,64258.2381,64216.8929,131.4488,2024-04-19 21:45:00+00:00,64348.04,2024-04-19 21:50:00+00:00,64359.0,11.761866,0.0,2024-04-19 21:55:00+00:00,64391.1795,0.120533,7761.27,64190.6031,64190.6031,0,2024-04-19 22:30:00+00:00,64094.3172,STOP_LOSS,7,-35.78,6.209,6.1804,15.4689,-48.17,-1.993
83,SOLUSDT,LONG,spot,STRICT_SUPPORT,2024-04-19 22:15:00+00:00,144.5893,144.4647,0.5694,2024-04-19 22:15:00+00:00,144.98,2024-04-19 22:20:00+00:00,144.85,0.01069,0.0,2024-04-19 22:25:00+00:00,144.9224,53.512217,7755.12,144.3508,144.3508,0,2024-04-19 22:30:00+00:00,144.1343,STOP_LOSS,1,-42.18,6.2041,6.1704,15.447,-54.55,-1.783
84,SOLUSDT,LONG,spot,STRICT_SUPPORT,2024-04-21 11:00:00+00:00,151.0394,150.8734,0.4687,2024-04-21 11:00:00+00:00,151.47,2024-04-21 11:25:00+00:00,151.05,0.000567,0.0,2024-04-21 11:30:00+00:00,151.1155,50.686869,7659.57,150.7796,150.9935,4,2024-04-21 12:15:00+00:00,150.767,TRAILING_STOP,9,-17.67,6.1277,6.1135,15.2926,-29.91,-1.757
85,BNBUSDT,LONG,spot,STRICT_SUPPORT,2024-04-22 17:35:00+00:00,597.0284,596.5312,1.6633,2024-04-22 17:35:00+00:00,598.5,2024-04-22 18:00:00+00:00,597.4,0.071648,0.0,2024-04-22 18:05:00+00:00,597.6987,12.765571,7629.97,596.1986,596.1986,0,2024-04-22 18:35:00+00:00,595.3043,STOP_LOSS,6,-30.57,6.104,6.0795,15.2141,-42.75,-2.232
86,BNBUSDT,LONG,spot,STRICT_SUPPORT,2024-04-23 05:00:00+00:00,602.6813,602.1063,1.4939,2024-04-23 05:00:00+00:00,602.9,2024-04-23 05:05:00+00:00,607.7,0.118696,0.0,2024-04-23 05:10:00+00:00,608.0039,6.18453,3760.22,601.8075,601.8075,0,2024-04-23 06:05:00+00:00,600.9048,STOP_LOSS,11,-43.9,3.0082,2.9731,7.4546,-49.89,-1.302
87,BNBUSDT,LONG,spot,STRICT_SUPPORT,2024-04-23 16:05:00+00:00,605.4379,605.0687,1.2848,2024-04-23 16:05:00+00:00,605.8,2024-04-23 16:10:00+00:00,606.4,0.06212,0.0,2024-04-23 16:15:00+00:00,606.7032,12.424948,7538.26,604.8117,609.776,7,2024-04-23 17:50:00+00:00,608.8613,TRAILING_STOP,19,26.81,6.0306,6.0521,15.1167,14.73,0.627
88,BNBUSDT,LONG,spot,STRICT_SUPPORT,2024-04-24 23:20:00+00:00,606.3499,605.2693,2.2689,2024-04-24 23:20:00+00:00,607.7,2024-04-24 23:25:00+00:00,607.9,0.050116,0.0,2024-04-24 23:30:00+00:00,608.2039,11.257599,6846.92,604.8155,604.8155,0,2024-04-25 01:50:00+00:00,603.9083,STOP_LOSS,28,-48.36,5.4775,5.4388,13.6213,-59.28,-1.554
89,BNBUSDT,LONG,spot,STRICT_SUPPORT,2024-04-25 04:45:00+00:00,606.0066,605.5373,1.6372,2024-04-25 04:45:00+00:00,607.2,2024-04-25 04:55:00+00:00,607.3,0.093438,0.0,2024-04-25 05:00:00+00:00,607.7037,12.331928,7494.16,605.2099,605.2099,0,2024-04-25 05:05:00+00:00,604.3021,STOP_LOSS,1,-41.95,5.9953,5.9618,14.9254,-53.91,-1.753
90,BNBUSDT,LONG,spot,STRICT_SUPPORT,2024-04-29 20:10:00+00:00,590.8045,590.2792,1.1656,2024-04-29 20:10:00+00:00,593.8,2024-04-29 20:40:00+00:00,591.8,0.095471,0.0,2024-04-29 20:45:00+00:00,592.0959,12.566869,7440.79,590.0461,590.0461,0,2024-04-29 21:30:00+00:00,589.161,STOP_LOSS,9,-36.88,5.9526,5.9231,14.8263,-48.76,-1.893
91,BNBUSDT,LONG,spot,STRICT_SUPPORT,2024-05-03 11:15:00+00:00,564.5158,564.1505,1.377,2024-05-03 11:15:00+00:00,565.8,2024-05-03 11:35:00+00:00,565.2,0.084248,0.0,2024-05-03 11:40:00+00:00,565.3826,13.075255,7392.52,563.8751,563.8751,0,2024-05-03 11:55:00+00:00,563.0293,STOP_LOSS,3,-30.77,5.914,5.8894,14.7389,-42.57,-2.16
92,SOLUSDT,LONG,spot,STRICT_SUPPORT,2024-05-04 16:40:00+00:00,146.3337,146.1055,0.4592,2024-05-04 16:40:00+00:00,146.57,2024-05-04 17:00:00+00:00,146.61,0.016259,0.0,2024-05-04 17:05:00+00:00,146.6733,50.113919,7350.37,146.0137,146.0137,0,2024-05-04 17:20:00+00:00,145.7947,STOP_LOSS,3,-44.03,5.8803,5.8451,14.6347,-55.76,-1.687
93,SOLUSDT,LONG,spot,STRICT_SUPPORT,2024-05-06 18:50:00+00:00,152.5167,152.2929,0.6776,2024-05-06 18:50:00+00:00,153.13,2024-05-06 19:00:00+00:00,152.85,0.013267,0.0,2024-05-06 19:05:00+00:00,152.9364,47.291759,7232.63,152.1573,152.1573,0,2024-05-06 19:10:00+00:00,151.9291,STOP_LOSS,1,-47.64,5.7861,5.748,14.3938,-59.17,-1.606
94,SOLUSDT,LONG,spot,STRICT_SUPPORT,2024-05-07 00:40:00+00:00,153.711,153.5208,0.675,2024-05-07 00:40:00+00:00,154.43,2024-05-07 00:50:00+00:00,154.09,0.049033,0.0,2024-05-07 00:55:00+00:00,154.177,46.191496,7121.67,153.3858,153.3858,0,2024-05-07 01:00:00+00:00,153.1557,STOP_LOSS,1,-47.18,5.6973,5.6596,14.1726,-58.53,-1.602
95,BNBUSDT,LONG,spot,STRICT_SUPPORT,2024-05-08 17:00:00+00:00,583.3255,583.1675,1.3565,2024-05-08 17:00:00+00:00,585.8,2024-05-08 17:40:00+00:00,583.8,0.074475,0.0,2024-05-08 17:45:00+00:00,583.9918,12.292373,7178.65,582.8962,585.9751,8,2024-05-08 18:40:00+00:00,585.0962,TRAILING_STOP,11,13.57,5.7429,5.7538,14.3777,2.08,0.154
96,SOLUSDT,LONG,spot,STRICT_SUPPORT,2024-05-19 08:20:00+00:00,173.7045,173.5858,0.3945,2024-05-19 08:20:00+00:00,173.77,2024-05-19 08:25:00+00:00,174.0,0.015459,0.0,2024-05-19 08:30:00+00:00,174.077,41.250153,7180.7,173.5069,173.5069,0,2024-05-19 08:40:00+00:00,173.2467,STOP_LOSS,2,-34.25,5.7446,5.7172,14.31,-45.71,-1.944
97,BNBUSDT,LONG,spot,STRICT_SUPPORT,2024-05-22 05:25:00+00:00,619.0665,618.3245,1.5525,2024-05-22 05:25:00+00:00,619.2,2024-05-22 05:30:00+00:00,620.5,0.033519,0.0,2024-05-22 05:35:00+00:00,620.9103,11.491912,7135.45,618.014,623.3288,3,2024-05-22 08:35:00+00:00,622.3938,TRAILING_STOP,36,17.05,5.7084,5.722,14.2965,5.62,0.169
98,SOLUSDT,LONG,spot,STRICT_SUPPORT,2024-05-28 01:05:00+00:00,170.2333,170.0633,0.6597,2024-05-28 01:05:00+00:00,170.85,2024-05-28 01:10:00+00:00,170.34,0.046673,0.0,2024-05-28 01:15:00+00:00,170.4152,41.903598,7141.01,169.9314,170.7423,2,2024-05-28 01:45:00+00:00,170.4862,TRAILING_STOP,6,2.98,5.7128,5.7152,14.2865,-8.45,-0.417
99,SOLUSDT,LONG,spot,STRICT_SUPPORT,2024-05-31 10:10:00+00:00,166.9217,166.7519,0.4243,2024-05-31 10:10:00+00:00,167.43,2024-05-31 10:20:00+00:00,167.09,0.008345,0.0,2024-05-31 10:25:00+00:00,167.1735,42.66609,7132.64,166.6671,168.7108,17,2024-05-31 12:10:00+00:00,168.4578,TRAILING_STOP,21,54.79,5.7061,5.7499,14.3475,43.34,2.005
100,SOLUSDT,LONG,spot,STRICT_SUPPORT,2024-06-01 01:35:00+00:00,166.498,166.3549,0.3265,2024-06-01 01:35:00+00:00,166.6,2024-06-01 01:40:00+00:00,166.77,0.002001,0.0,2024-06-01 01:45:00+00:00,166.8634,43.002509,7175.54,166.2896,167.274,5,2024-06-01 03:10:00+00:00,167.0231,TRAILING_STOP,17,6.87,5.7404,5.7459,14.3614,-4.62,-0.187
101,SOLUSDT,LONG,spot,STRICT_SUPPORT,2024-06-01 08:40:00+00:00,166.9452,166.8847,0.1896,2024-06-01 08:40:00+00:00,166.99,2024-06-01 09:20:00+00:00,167.22,0.004826,0.0,2024-06-01 09:25:00+00:00,167.3036,42.862026,7170.97,166.8468,166.8468,0,2024-06-01 09:30:00+00:00,166.5965,STOP_LOSS,1,-30.31,5.7368,5.7125,14.2965,-41.76,-2.133
102,SOLUSDT,LONG,spot,STRICT_SUPPORT,2024-06-03 01:30:00+00:00,163.3542,163.1821,0.5034,2024-06-03 01:30:00+00:00,164.67,2024-06-03 01:40:00+00:00,163.45,0.045838,0.0,2024-06-03 01:45:00+00:00,163.5317,43.597857,7129.63,163.0814,164.2273,8,2024-06-03 02:35:00+00:00,163.9809,TRAILING_STOP,10,19.58,5.7037,5.7194,14.2886,8.16,0.416
104,BNBUSDT,LONG,spot,STRICT_SUPPORT,2024-06-05 12:40:00+00:00,700.4663,699.6351,1.9952,2024-06-05 12:40:00+00:00,703.2,2024-06-05 12:50:00+00:00,701.3,0.133725,0.0,2024-06-05 12:55:00+00:00,701.5506,10.166136,7132.06,699.2361,699.2361,0,2024-06-05 13:20:00+00:00,698.1872,STOP_LOSS,5,-34.19,5.7056,5.6783,14.2128,-45.58,-1.937
103,ETHUSDT,LONG,spot,STRICT_SUPPORT,2024-06-05 11:50:00+00:00,3802.7124,3801.3148,3.8358,2024-06-05 11:50:00+00:00,3806.5,2024-06-05 12:05:00+00:00,3810.8,0.047588,0.0,2024-06-05 12:10:00+00:00,3812.7054,1.872086,7137.71,3800.5476,3800.5476,0,2024-06-05 13:35:00+00:00,3794.8468,STOP_LOSS,17,-33.43,5.7102,5.6834,14.2253,-44.83,-1.969
105,SOLUSDT,LONG,spot,STRICT_SUPPORT,2024-06-06 11:45:00+00:00,172.8236,172.7352,0.2271,2024-06-06 11:45:00+00:00,173.04,2024-06-06 11:55:00+00:00,173.08,0.006402,0.0,2024-06-06 12:00:00+00:00,173.1765,40.699581,7048.21,172.6898,172.6898,0,2024-06-06 12:30:00+00:00,172.4308,STOP_LOSS,6,-30.35,5.6386,5.6143,14.0509,-41.6,-2.1
106,SOLUSDT,LONG,spot,STRICT_SUPPORT,2024-06-06 14:35:00+00:00,172.9193,172.8925,0.3078,2024-06-06 14:35:00+00:00,173.04,2024-06-06 14:40:00+00:00,173.2,0.030728,0.0,2024-06-06 14:45:00+00:00,173.2866,40.43604,7007.02,172.8309,172.8309,0,2024-06-06 16:00:00+00:00,172.5717,STOP_LOSS,15,-28.91,5.6056,5.5825,13.9707,-40.1,-2.176
107,BNBUSDT,LONG,spot,STRICT_SUPPORT,2024-06-07 04:40:00+00:00,705.6857,705.2025,1.5854,2024-06-07 04:40:00+00:00,706.4,2024-06-07 05:15:00+00:00,706.5,0.114342,0.0,2024-06-07 05:20:00+00:00,706.8533,9.856824,6967.33,704.8854,707.4979,6,2024-06-07 06:05:00+00:00,706.4367,TRAILING_STOP,9,-4.11,5.5739,5.5706,13.9285,-15.25,-0.786
108,SOLUSDT,LONG,spot,STRICT_SUPPORT,2024-06-14 05:45:00+00:00,147.6703,147.5854,0.4917,2024-06-14 05:45:00+00:00,148.35,2024-06-14 06:10:00+00:00,147.99,0.019728,0.0,2024-06-14 06:15:00+00:00,148.064,46.954226,6952.23,147.487,147.487,0,2024-06-14 06:30:00+00:00,147.2658,STOP_LOSS,3,-37.48,5.5618,5.5318,13.8482,-48.57,-1.793
109,ETHUSDT,LONG,spot,STRICT_SUPPORT,2024-06-18 20:10:00+00:00,3414.8098,3411.7999,12.0588,2024-06-18 20:10:00+00:00,3431.0,2024-06-18 20:30:00+00:00,3420.33,1.140181,0.0,2024-06-18 20:35:00+00:00,3422.0402,2.017552,6904.14,3409.3881,3466.6812,9,2024-06-18 21:25:00+00:00,3461.4812,TRAILING_STOP,10,79.57,5.5233,5.587,13.9276,68.46,2.682
110,SOLUSDT,LONG,spot,STRICT_SUPPORT,2024-06-26 12:15:00+00:00,137.0972,136.9642,0.3963,2024-06-26 12:15:00+00:00,137.13,2024-06-26 12:20:00+00:00,137.2,0.032842,0.0,2024-06-26 12:25:00+00:00,137.2686,50.790368,6971.92,136.885,136.885,0,2024-06-26 12:30:00+00:00,136.6796,STOP_LOSS,1,-29.91,5.5775,5.5536,13.899,-41.04,-2.107
111,SOLUSDT,LONG,spot,STRICT_SUPPORT,2024-07-06 03:35:00+00:00,134.1953,134.0356,0.5317,2024-07-06 03:35:00+00:00,134.4,2024-07-06 04:00:00+00:00,134.64,0.044671,0.0,2024-07-06 04:05:00+00:00,134.6973,45.578857,6139.35,133.9293,133.9293,0,2024-07-06 04:35:00+00:00,133.7284,STOP_LOSS,6,-44.16,4.9115,4.8761,12.2125,-53.95,-1.541
112,SOLUSDT,LONG,spot,STRICT_SUPPORT,2024-07-06 05:15:00+00:00,134.2165,134.1417,0.4612,2024-07-06 05:15:00+00:00,134.26,2024-07-06 05:20:00+00:00,134.66,0.003457,0.0,2024-07-06 05:25:00+00:00,134.7373,50.499191,6804.13,134.0495,135.9283,7,2024-07-06 06:50:00+00:00,135.7244,TRAILING_STOP,17,49.85,5.4433,5.4832,13.683,38.92,1.12
113,SOLUSDT,LONG,spot,STRICT_SUPPORT,2024-07-08 19:25:00+00:00,137.7126,137.5664,0.5395,2024-07-08 19:25:00+00:00,138.15,2024-07-08 19:30:00+00:00,137.75,0.007379,0.0,2024-07-08 19:35:00+00:00,137.8189,50.184775,6916.41,137.4586,138.0058,3,2024-07-08 20:10:00+00:00,137.7988,TRAILING_STOP,7,-1.01,5.5331,5.5323,13.8313,-12.07,-0.668
114,BNBUSDT,LONG,spot,STRICT_SUPPORT,2024-07-09 14:10:00+00:00,515.7254,515.0047,1.8517,2024-07-09 14:10:00+00:00,518.6,2024-07-09 14:15:00+00:00,516.7,0.174632,0.0,2024-07-09 14:20:00+00:00,516.9583,13.355929,6904.46,514.6343,514.6343,0,2024-07-09 14:55:00+00:00,513.8624,STOP_LOSS,7,-41.35,5.5236,5.4905,13.7469,-52.36,-1.687
115,ETHUSDT,LONG,spot,STRICT_SUPPORT,2024-07-10 23:35:00+00:00,3101.9616,3100.4626,3.7376,2024-07-10 23:35:00+00:00,3102.15,2024-07-10 23:40:00+00:00,3107.12,0.188363,0.0,2024-07-10 23:45:00+00:00,3108.6836,2.204348,6852.62,3099.7151,3099.7151,0,2024-07-11 00:00:00+00:00,3095.0655,STOP_LOSS,3,-30.02,5.4821,5.4581,13.6602,-40.96,-2.072
116,ETHUSDT,LONG,spot,STRICT_SUPPORT,2024-07-11 06:15:00+00:00,3094.1069,3091.7299,5.21,2024-07-11 06:15:00+00:00,3098.14,2024-07-11 06:25:00+00:00,3100.64,0.493077,0.0,2024-07-11 06:30:00+00:00,3102.1903,2.19589,6812.07,3090.6879,3118.4201,10,2024-07-11 08:40:00+00:00,3113.7425,TRAILING_STOP,26,25.37,5.4497,5.4699,13.6622,14.45,0.572
117,BNBUSDT,LONG,spot,STRICT_SUPPORT,2024-07-23 14:45:00+00:00,584.6586,584.2379,1.7809,2024-07-23 14:45:00+00:00,587.6,2024-07-23 15:05:00+00:00,587.0,0.041379,0.0,2024-07-23 15:10:00+00:00,587.3936,9.817382,5766.67,583.8818,583.8818,0,2024-07-23 15:25:00+00:00,583.0059,STOP_LOSS,3,-43.07,4.6133,4.5789,11.4687,-52.27,-1.516
118,BNBUSDT,LONG,spot,STRICT_SUPPORT,2024-07-24 14:05:00+00:00,584.9534,584.7519,1.1534,2024-07-24 14:05:00+00:00,585.4,2024-07-24 14:10:00+00:00,586.0,0.046561,0.0,2024-07-24 14:15:00+00:00,586.293,11.555022,6774.63,584.5212,584.5212,0,2024-07-24 15:20:00+00:00,583.6444,STOP_LOSS,13,-30.6,5.4197,5.3952,13.5034,-41.42,-2.023
119,BNBUSDT,LONG,spot,STRICT_SUPPORT,2024-07-25 15:10:00+00:00,563.5848,562.9483,1.8714,2024-07-25 15:10:00+00:00,566.7,2024-07-25 15:30:00+00:00,564.6,0.015209,0.0,2024-07-25 15:35:00+00:00,564.8823,11.920401,6733.62,562.574,567.2404,14,2024-07-25 17:30:00+00:00,566.3895,TRAILING_STOP,23,17.97,5.3869,5.4013,13.4942,7.18,0.261
120,ETHUSDT,LONG,spot,STRICT_SUPPORT,2024-07-26 18:00:00+00:00,3249.3708,3246.8933,5.2513,2024-07-26 18:00:00+00:00,3253.71,2024-07-26 18:30:00+00:00,3253.9,0.499226,0.0,2024-07-26 18:35:00+00:00,3255.537,2.070543,6740.73,3245.8431,3264.0327,6,2024-07-26 19:30:00+00:00,3259.1366,TRAILING_STOP,11,7.45,5.3926,5.3985,13.4926,-3.34,-0.166
121,SOLUSDT,LONG,spot,STRICT_SUPPORT,2024-08-06 12:15:00+00:00,139.1719,138.9166,1.0327,2024-08-06 12:15:00+00:00,139.89,2024-08-06 12:30:00+00:00,139.2,0.008141,0.0,2024-08-06 12:35:00+00:00,139.2796,48.37338,6737.43,138.7101,138.7101,0,2024-08-06 12:40:00+00:00,138.502,STOP_LOSS,1,-37.61,5.3899,5.3598,13.4184,-48.36,-1.756
122,SOLUSDT,LONG,spot,STRICT_SUPPORT,2024-08-06 13:25:00+00:00,138.8285,138.4949,1.163,2024-08-06 13:25:00+00:00,139.62,2024-08-06 13:30:00+00:00,138.9,0.021505,0.0,2024-08-06 13:35:00+00:00,138.9594,48.140264,6689.54,138.2623,138.2623,0,2024-08-06 13:40:00+00:00,138.0549,STOP_LOSS,1,-43.54,5.3516,5.3168,13.3138,-54.21,-1.615
123,BNBUSDT,LONG,spot,STRICT_SUPPORT,2024-08-07 02:30:00+00:00,486.9083,485.9384,2.3856,2024-08-07 02:30:00+00:00,490.9,2024-08-07 02:45:00+00:00,488.3,0.091688,0.0,2024-08-07 02:50:00+00:00,488.4441,11.235819,5488.07,485.4613,494.542,19,2024-08-07 05:20:00+00:00,493.8002,TRAILING_STOP,30,60.18,4.3905,4.4386,11.0664,51.35,1.532
124,ETHUSDT,LONG,spot,STRICT_SUPPORT,2024-08-07 07:35:00+00:00,2503.4413,2499.1817,8.7251,2024-08-07 07:35:00+00:00,2505.25,2024-08-07 07:45:00+00:00,2516.0,0.648696,0.0,2024-08-07 07:50:00+00:00,2517.258,1.703785,4288.87,2497.4367,2522.2608,6,2024-08-07 09:55:00+00:00,2518.4774,TRAILING_STOP,25,2.08,3.4311,3.4328,8.5809,-4.79,-0.142
125,BTCUSDT,LONG,spot,STRICT_SUPPORT,2024-08-07 13:25:00+00:00,57165.2523,57086.7499,164.2964,2024-08-07 13:25:00+00:00,57244.45,2024-08-07 13:30:00+00:00,57388.73,8.207694,0.0,2024-08-07 13:35:00+00:00,57417.8646,0.092719,5323.73,57053.8906,57053.8906,0,2024-08-07 13:40:00+00:00,56968.3098,STOP_LOSS,1,-41.68,4.259,4.2256,10.5849,-50.17,-1.487
126,SOLUSDT,LONG,spot,STRICT_SUPPORT,2024-08-07 13:25:00+00:00,152.5592,152.1513,0.9172,2024-08-07 13:25:00+00:00,153.24,2024-08-07 13:30:00+00:00,153.54,0.090783,0.0,2024-08-07 13:35:00+00:00,153.6268,20.343249,3125.27,151.9679,151.9679,0,2024-08-07 13:45:00+00:00,151.7399,STOP_LOSS,2,-38.38,2.5002,2.4695,6.193,-43.35,-1.285
127,SOLUSDT,LONG,spot,STRICT_SUPPORT,2024-08-10 06:40:00+00:00,154.2481,154.1613,0.4334,2024-08-10 06:40:00+00:00,154.67,2024-08-10 07:10:00+00:00,154.74,0.021898,0.0,2024-08-10 07:15:00+00:00,154.8074,42.565078,6589.39,154.0746,154.8809,1,2024-08-10 08:05:00+00:00,154.6486,TRAILING_STOP,10,-6.76,5.2715,5.2661,13.1686,-17.3,-0.555
128,SOLUSDT,LONG,spot,STRICT_SUPPORT,2024-08-10 12:00:00+00:00,154.5818,154.5025,0.3937,2024-08-10 12:00:00+00:00,154.8,2024-08-10 12:10:00+00:00,154.77,0.018174,0.0,2024-08-10 12:15:00+00:00,154.8474,42.443494,6572.26,154.4238,154.4238,0,2024-08-10 12:20:00+00:00,154.1922,STOP_LOSS,1,-27.81,5.2578,5.2356,13.1028,-38.3,-2.131
129,SOLUSDT,LONG,spot,STRICT_SUPPORT,2024-08-10 12:25:00+00:00,154.6484,154.5266,0.3957,2024-08-10 12:25:00+00:00,154.7,2024-08-10 12:30:00+00:00,154.75,0.031606,0.0,2024-08-10 12:35:00+00:00,154.8174,42.206788,6534.34,154.4474,154.4474,0,2024-08-10 13:00:00+00:00,154.2157,STOP_LOSS,5,-25.39,5.2275,5.2072,13.0306,-35.83,-2.294
130,SOLUSDT,LONG,spot,STRICT_SUPPORT,2024-08-10 19:30:00+00:00,154.1936,154.0943,0.3877,2024-08-10 19:30:00+00:00,154.49,2024-08-10 19:50:00+00:00,154.37,0.026421,0.0,2024-08-10 19:55:00+00:00,154.4572,42.075573,6498.87,154.0168,154.0168,0,2024-08-10 20:20:00+00:00,153.7858,STOP_LOSS,5,-28.25,5.1991,5.1765,12.9554,-38.63,-2.085
131,BNBUSDT,LONG,spot,STRICT_SUPPORT,2024-08-12 14:20:00+00:00,512.4114,511.2823,3.9123,2024-08-12 14:20:00+00:00,513.7,2024-08-12 14:25:00+00:00,513.1,0.088552,0.0,2024-08-12 14:30:00+00:00,513.3565,11.422211,5863.67,510.4999,517.8271,8,2024-08-12 15:20:00+00:00,517.0503,TRAILING_STOP,10,42.19,4.6909,4.7247,11.7906,32.78,1.004
132,SOLUSDT,LONG,spot,STRICT_SUPPORT,2024-08-13 12:05:00+00:00,145.1032,145.0029,0.5121,2024-08-13 12:05:00+00:00,146.02,2024-08-13 12:30:00+00:00,145.93,0.036752,0.0,2024-08-13 12:35:00+00:00,146.013,29.477166,4304.05,144.9005,146.4185,3,2024-08-13 14:20:00+00:00,146.1989,TRAILING_STOP,21,5.48,3.4432,3.4476,8.6163,-1.41,-0.043
133,ETHUSDT,LONG,spot,STRICT_SUPPORT,2024-08-13 14:55:00+00:00,2655.5999,2651.0722,10.6717,2024-08-13 14:55:00+00:00,2662.34,2024-08-13 15:00:00+00:00,2660.14,0.030114,0.0,2024-08-13 15:05:00+00:00,2661.4801,2.439126,6491.69,2648.9378,2648.9378,0,2024-08-13 15:10:00+00:00,2643.6685,STOP_LOSS,1,-43.44,5.1933,5.1586,12.9182,-53.8,-1.759
134,SOLUSDT,LONG,spot,STRICT_SUPPORT,2024-08-13 15:40:00+00:00,145.9618,145.7156,0.5919,2024-08-13 15:40:00+00:00,146.0,2024-08-13 15:45:00+00:00,146.15,0.01822,0.0,2024-08-13 15:50:00+00:00,146.2131,44.034559,6438.43,145.5972,146.3402,3,2024-08-13 16:25:00+00:00,146.1207,TRAILING_STOP,7,-4.07,5.1507,5.1475,12.8708,-14.37,-0.53
135,BNBUSDT,LONG,spot,STRICT_SUPPORT,2024-08-13 16:40:00+00:00,519.0041,518.7394,1.193,2024-08-13 16:40:00+00:00,520.1,2024-08-13 16:50:00+00:00,520.8,0.095863,0.0,2024-08-13 16:55:00+00:00,521.0604,12.3291,6424.21,518.5008,523.6108,9,2024-08-13 21:50:00+00:00,522.8254,TRAILING_STOP,59,21.76,5.1394,5.1568,12.8811,11.46,0.363
136,SOLUSDT,LONG,spot,STRICT_SUPPORT,2024-08-19 21:15:00+00:00,143.5081,143.401,0.3948,2024-08-19 21:15:00+00:00,143.57,2024-08-19 21:25:00+00:00,143.65,0.011855,0.0,2024-08-19 21:30:00+00:00,143.7218,44.777864,6435.56,143.3221,143.9288,2,2024-08-19 22:50:00+00:00,143.7129,TRAILING_STOP,16,-0.4,5.1484,5.1481,12.8705,-10.69,-0.597
137,BTCUSDT,LONG,spot,STRICT_SUPPORT,2024-08-21 16:20:00+00:00,59536.132,59475.9597,146.0078,2024-08-21 16:20:00+00:00,59588.86,2024-08-21 16:25:00+00:00,59596.58,5.858012,0.0,2024-08-21 16:30:00+00:00,59626.4883,0.107754,6424.97,59446.7582,60397.5435,17,2024-08-21 18:40:00+00:00,60306.9472,TRAILING_STOP,26,73.32,5.14,5.1986,12.9599,62.98,3.252
138,SOLUSDT,LONG,spot,STRICT_SUPPORT,2024-08-23 15:35:00+00:00,144.4518,144.4078,0.6276,2024-08-23 15:35:00+00:00,144.87,2024-08-23 15:45:00+00:00,144.63,0.03819,0.0,2024-08-23 15:50:00+00:00,144.7023,44.832192,6487.32,144.2822,144.2822,0,2024-08-23 15:55:00+00:00,144.0658,STOP_LOSS,1,-28.54,5.1899,5.167,12.9318,-38.89,-2.065
139,ETHUSDT,LONG,spot,STRICT_SUPPORT,2024-08-23 15:30:00+00:00,2662.9781,2661.9183,10.4121,2024-08-23 15:30:00+00:00,2667.99,2024-08-23 16:05:00+00:00,2675.46,0.021867,0.0,2024-08-23 16:10:00+00:00,2676.7977,1.920182,5139.94,2659.8359,2716.2986,5,2024-08-23 18:05:00+00:00,2712.2242,TRAILING_STOP,23,68.03,4.112,4.1664,10.3819,59.75,1.834
140,SOLUSDT,LONG,spot,STRICT_SUPPORT,2024-08-26 20:50:00+00:00,158.3381,158.1525,0.4869,2024-08-26 20:50:00+00:00,158.83,2024-08-26 20:55:00+00:00,158.76,0.001905,0.0,2024-08-26 21:00:00+00:00,158.8494,40.969425,6507.97,158.0551,158.0551,0,2024-08-26 21:05:00+00:00,157.818,STOP_LOSS,1,-42.25,5.2064,5.1726,12.9526,-52.63,-1.617
141,BTCUSDT,LONG,spot,STRICT_SUPPORT,2024-08-30 14:00:00+00:00,59525.9715,59445.242,220.9172,2024-08-30 14:00:00+00:00,59765.02,2024-08-30 14:05:00+00:00,59571.78,14.028471,0.0,2024-08-30 14:10:00+00:00,59601.5559,0.108317,6455.86,59401.0585,59401.0585,0,2024-08-30 14:15:00+00:00,59225.8578,STOP_LOSS,1,-40.69,5.1647,5.1321,12.8507,-50.99,-2.348
142,SOLUSDT,LONG,spot,STRICT_SUPPORT,2024-09-05 11:40:00+00:00,132.6175,132.5267,0.3377,2024-09-05 11:40:00+00:00,132.65,2024-09-05 11:45:00+00:00,132.75,0.012547,0.0,2024-09-05 11:50:00+00:00,132.8164,48.227332,6405.38,132.4591,132.6061,1,2024-09-05 12:15:00+00:00,132.4072,TRAILING_STOP,5,-19.73,5.1243,5.1085,12.7812,-29.97,-1.739
143,BTCUSDT,LONG,spot,STRICT_SUPPORT,2024-09-10 15:20:00+00:00,56991.8437,56925.2226,183.6846,2024-09-10 15:20:00+00:00,57009.98,2024-09-10 15:25:00+00:00,57150.0,18.136289,0.0,2024-09-10 15:30:00+00:00,57178.575,0.111002,6346.95,56888.4857,56888.4857,0,2024-09-10 15:45:00+00:00,56803.1529,STOP_LOSS,3,-41.67,5.0776,5.0442,12.6314,-51.79,-1.608
144,ETHUSDT,LONG,spot,STRICT_SUPPORT,2024-09-11 13:15:00+00:00,2332.4785,2329.1203,10.0544,2024-09-11 13:15:00+00:00,2344.9,2024-09-11 13:25:00+00:00,2333.16,0.351501,0.0,2024-09-11 13:30:00+00:00,2334.3266,2.709319,6324.44,2327.1094,2327.1094,0,2024-09-11 13:35:00+00:00,2311.178,STOP_LOSS,1,-62.72,5.0595,5.0094,12.5548,-72.79,-3.722
145,SOLUSDT,LONG,spot,STRICT_SUPPORT,2024-09-12 12:00:00+00:00,134.7434,134.6667,0.2052,2024-09-12 12:00:00+00:00,134.76,2024-09-12 12:05:00+00:00,134.95,0.016552,0.0,2024-09-12 12:10:00+00:00,135.0175,46.307915,6252.38,134.6257,134.6257,0,2024-09-12 12:30:00+00:00,134.4238,STOP_LOSS,4,-27.49,5.0019,4.9799,12.4635,-37.48,-2.066
146,BNBUSDT,LONG,spot,STRICT_SUPPORT,2024-09-15 21:25:00+00:00,558.0297,557.5539,1.4308,2024-09-15 21:25:00+00:00,558.5,2024-09-15 21:40:00+00:00,558.7,0.070254,0.0,2024-09-15 21:45:00+00:00,558.8793,11.120965,6215.28,557.2677,557.2677,0,2024-09-15 22:05:00+00:00,556.4318,STOP_LOSS,4,-27.22,4.9722,4.9504,12.3897,-37.14,-2.072
147,SOLUSDT,LONG,spot,STRICT_SUPPORT,2024-09-16 21:50:00+00:00,130.9083,130.8253,0.2716,2024-09-16 21:50:00+00:00,131.3,2024-09-16 22:05:00+00:00,131.0,0.021732,0.0,2024-09-16 22:10:00+00:00,131.0555,47.14421,6178.51,130.771,130.771,0,2024-09-16 22:30:00+00:00,130.5749,STOP_LOSS,4,-22.66,4.9428,4.9247,12.323,-32.53,-2.425
148,BNBUSDT,LONG,spot,STRICT_SUPPORT,2024-09-18 02:05:00+00:00,546.1175,545.8263,0.9847,2024-09-18 02:05:00+00:00,546.3,2024-09-18 02:10:00+00:00,547.0,0.082521,0.0,2024-09-18 02:15:00+00:00,547.2735,11.230776,6146.31,545.6294,548.2307,3,2024-09-18 03:35:00+00:00,547.4084,TRAILING_STOP,16,1.51,4.917,4.9183,12.2949,-8.32,-0.451
149,BNBUSDT,LONG,spot,STRICT_SUPPORT,2024-09-18 18:00:00+00:00,541.3606,540.9093,2.8807,2024-09-18 18:00:00+00:00,544.5,2024-09-18 18:10:00+00:00,543.3,0.13942,0.0,2024-09-18 18:15:00+00:00,543.6717,9.285753,5048.4,540.3332,545.7491,4,2024-09-18 18:40:00+00:00,544.9305,TRAILING_STOP,5,11.69,4.0387,4.0481,10.1143,3.6,0.116
150,ETHUSDT,LONG,spot,STRICT_SUPPORT,2024-09-20 15:30:00+00:00,2542.0497,2538.976,9.447,2024-09-20 15:30:00+00:00,2542.77,2024-09-20 15:35:00+00:00,2545.27,0.360337,0.0,2024-09-20 15:40:00+00:00,2546.5426,2.411754,6141.63,2537.0866,2550.7004,8,2024-09-20 16:35:00+00:00,2546.8743,TRAILING_STOP,11,0.8,4.9133,4.9139,12.2845,-9.03,-0.396
151,BNBUSDT,LONG,spot,STRICT_SUPPORT,2024-09-22 22:40:00+00:00,585.2687,584.5524,2.158,2024-09-22 22:40:00+00:00,587.4,2024-09-22 23:05:00+00:00,586.1,0.031292,0.0,2024-09-22 23:10:00+00:00,586.3931,10.458339,6132.7,584.1208,587.6573,2,2024-09-23 00:05:00+00:00,586.7758,TRAILING_STOP,11,4.0,4.9062,4.9094,12.2714,-5.81,-0.245
152,SOLUSDT,LONG,spot,STRICT_SUPPORT,2024-09-28 01:45:00+00:00,158.0829,157.9667,0.2582,2024-09-28 01:45:00+00:00,158.1,2024-09-28 01:50:00+00:00,158.51,0.007085,0.0,2024-09-28 01:55:00+00:00,158.5793,38.636474,6126.94,157.915,158.7939,2,2024-09-28 02:50:00+00:00,158.5558,TRAILING_STOP,11,-0.91,4.9016,4.9008,12.2525,-10.71,-0.417
153,ETHUSDT,LONG,spot,STRICT_SUPPORT,2024-09-28 04:15:00+00:00,2695.4783,2694.0903,3.9852,2024-09-28 04:15:00+00:00,2696.26,2024-09-28 04:20:00+00:00,2698.79,0.261652,0.0,2024-09-28 04:25:00+00:00,2700.1394,2.265194,6116.34,2693.2933,2693.2933,0,2024-09-28 04:50:00+00:00,2689.2534,STOP_LOSS,5,-24.66,4.8931,4.8733,12.1957,-34.43,-2.22
154,ETHUSDT,LONG,spot,STRICT_SUPPORT,2024-09-29 15:15:00+00:00,2654.3957,2652.8231,4.8289,2024-09-29 15:15:00+00:00,2661.15,2024-09-29 15:25:00+00:00,2660.0,0.444321,0.0,2024-09-29 15:30:00+00:00,2661.32,2.285429,6082.26,2651.8573,2651.8573,0,2024-09-29 16:35:00+00:00,2647.8795,STOP_LOSS,13,-30.72,4.8658,4.8412,12.1184,-40.42,-1.869
155,BNBUSDT,LONG,spot,STRICT_SUPPORT,2024-09-29 18:50:00+00:00,597.7615,597.3749,0.7924,2024-09-29 18:50:00+00:00,598.2,2024-09-29 19:10:00+00:00,598.6,0.038458,0.0,2024-09-29 19:15:00+00:00,598.7992,10.090592,6042.24,597.2165,599.3394,1,2024-09-29 20:05:00+00:00,598.4404,TRAILING_STOP,10,-3.62,4.8338,4.8309,12.079,-13.29,-0.832
156,ETHUSDT,LONG,spot,STRICT_SUPPORT,2024-10-08 13:40:00+00:00,2433.2808,2432.535,6.4371,2024-10-08 13:40:00+00:00,2440.81,2024-10-08 13:45:00+00:00,2440.05,0.319238,0.0,2024-10-08 13:50:00+00:00,2441.27,2.469652,6029.09,2431.2476,2439.1468,1,2024-10-08 14:05:00+00:00,2435.4881,TRAILING_STOP,3,-14.28,4.8233,4.8118,12.0368,-23.91,-0.966
157,BTCUSDT,LONG,spot,STRICT_SUPPORT,2024-10-08 14:55:00+00:00,62631.4048,62568.2862,192.7013,2024-10-08 14:55:00+00:00,62778.0,2024-10-08 15:05:00+00:00,62803.04,14.605171,0.0,2024-10-08 15:10:00+00:00,62834.4415,0.095575,6005.41,62529.746,62529.746,0,2024-10-08 15:20:00+00:00,62435.9513,STOP_LOSS,2,-38.09,4.8043,4.7739,11.9537,-47.66,-1.637
158,BNBUSDT,LONG,spot,STRICT_SUPPORT,2024-10-15 11:40:00+00:00,587.8172,586.876,2.3953,2024-10-15 11:40:00+00:00,588.9,2024-10-15 11:45:00+00:00,587.9,0.082789,0.0,2024-10-15 11:50:00+00:00,588.1939,10.129692,5958.22,586.397,586.397,0,2024-10-15 11:55:00+00:00,584.2224,STOP_LOSS,1,-40.23,4.7666,4.7344,11.8561,-49.73,-2.732
159,BTCUSDT,LONG,spot,STRICT_SUPPORT,2024-10-15 15:35:00+00:00,65982.8906,65897.2551,425.0599,2024-10-15 15:35:00+00:00,66026.0,2024-10-15 15:40:00+00:00,66151.51,17.109405,0.0,2024-10-15 15:45:00+00:00,66184.5958,0.080148,5304.57,65812.2431,66679.0863,7,2024-10-15 16:50:00+00:00,66579.0677,TRAILING_STOP,13,31.62,4.2437,4.269,10.6566,23.1,0.774
160,BNBUSDT,LONG,spot,STRICT_SUPPORT,2024-10-15 16:00:00+00:00,589.3258,588.4737,2.6405,2024-10-15 16:00:00+00:00,589.8,2024-10-15 16:05:00+00:00,591.4,0.074233,0.0,2024-10-15 16:10:00+00:00,591.5956,8.197565,4849.64,587.9456,591.6197,2,2024-10-15 16:50:00+00:00,590.7323,TRAILING_STOP,8,-7.08,3.8797,3.8741,9.6887,-14.83,-0.496
161,SOLUSDT,LONG,spot,STRICT_SUPPORT,2024-10-15 17:40:00+00:00,154.605,154.403,0.7188,2024-10-15 17:40:00+00:00,155.32,2024-10-15 17:55:00+00:00,154.77,0.035048,0.0,2024-10-15 18:00:00+00:00,154.8574,38.210501,5917.18,154.2592,155.2899,8,2024-10-15 18:45:00+00:00,155.057,TRAILING_STOP,9,7.63,4.7337,4.7398,11.8458,-1.85,-0.081
162,SOLUSDT,LONG,spot,STRICT_SUPPORT,2024-10-15 19:50:00+00:00,154.9577,154.7255,0.5042,2024-10-15 19:50:00+00:00,155.14,2024-10-15 20:00:00+00:00,154.98,0.012301,0.0,2024-10-15 20:05:00+00:00,155.0475,38.151854,5915.35,154.6247,154.6247,0,2024-10-15 20:15:00+00:00,154.3928,STOP_LOSS,2,-24.98,4.7323,4.7123,11.7932,-34.42,-2.134
163,ETHUSDT,LONG,spot,STRICT_SUPPORT,2024-10-16 14:05:00+00:00,2623.2101,2620.0661,10.4783,2024-10-16 14:05:00+00:00,2632.01,2024-10-16 14:10:00+00:00,2627.49,0.679857,0.0,2024-10-16 14:15:00+00:00,2628.8137,2.237233,5881.27,2617.9704,2617.9704,0,2024-10-16 14:30:00+00:00,2614.0435,STOP_LOSS,3,-33.04,4.705,4.6786,11.713,-42.43,-1.749
164,BTCUSDT,LONG,spot,STRICT_SUPPORT,2024-10-16 15:10:00+00:00,67693.0063,67571.0145,246.1788,2024-10-16 15:10:00+00:00,67717.2,2024-10-16 15:15:00+00:00,67789.99,24.193742,0.0,2024-10-16 15:20:00+00:00,67823.895,0.086095,5839.27,67521.7788,67521.7788,0,2024-10-16 16:15:00+00:00,67420.4961,STOP_LOSS,11,-34.73,4.6714,4.6436,11.6264,-44.05,-1.693
165,ETHUSDT,LONG,spot,STRICT_SUPPORT,2024-10-20 13:30:00+00:00,2648.6808,2647.645,3.3259,2024-10-20 13:30:00+00:00,2649.0,2024-10-20 13:35:00+00:00,2654.98,0.31916,0.0,2024-10-20 13:40:00+00:00,2656.3075,2.181849,5795.66,2646.9798,2702.9401,9,2024-10-20 14:50:00+00:00,2698.8857,TRAILING_STOP,14,92.9,4.6365,4.7108,11.7307,83.55,4.105
166,SOLUSDT,LONG,spot,STRICT_SUPPORT,2024-10-26 15:35:00+00:00,168.4074,168.2696,0.6318,2024-10-26 15:35:00+00:00,168.5,2024-10-26 15:55:00+00:00,168.63,0.042551,0.0,2024-10-26 16:00:00+00:00,168.7143,34.842193,5878.38,168.1432,168.9029,6,2024-10-26 17:05:00+00:00,168.6495,TRAILING_STOP,13,-2.26,4.7027,4.7009,11.7534,-11.66,-0.586
167,ETHUSDT,LONG,spot,STRICT_SUPPORT,2024-10-28 20:35:00+00:00,2511.1303,2509.6193,4.6503,2024-10-28 20:35:00+00:00,2515.01,2024-10-28 20:50:00+00:00,2513.94,0.239689,0.0,2024-10-28 20:55:00+00:00,2515.197,2.332554,5866.83,2508.6892,2535.6533,5,2024-10-28 21:45:00+00:00,2531.8498,TRAILING_STOP,10,38.84,4.6935,4.7245,11.7919,29.43,1.938
168,ETHUSDT,LONG,spot,STRICT_SUPPORT,2024-11-04 10:30:00+00:00,2464.5713,2463.2637,4.755,2024-11-04 10:30:00+00:00,2468.6,2024-11-04 10:35:00+00:00,2470.83,0.428717,0.0,2024-11-04 10:40:00+00:00,2472.0554,2.385045,5895.96,2462.3127,2476.5863,2,2024-11-04 13:25:00+00:00,2472.8714,TRAILING_STOP,33,1.95,4.7168,4.7183,11.7948,-7.49,-0.322
169,BTCUSDT,LONG,spot,STRICT_SUPPORT,2024-11-06 00:10:00+00:00,69517.9424,69507.7711,194.7952,2024-11-06 00:10:00+00:00,69725.99,2024-11-06 00:15:00+00:00,69849.99,7.057636,0.0,2024-11-06 00:20:00+00:00,69884.915,0.071473,4994.89,69468.8121,70840.7222,8,2024-11-06 01:15:00+00:00,70734.4611,TRAILING_STOP,11,60.72,3.9959,4.0445,10.0809,52.68,1.771
170,BNBUSDT,LONG,spot,STRICT_SUPPORT,2024-11-06 15:15:00+00:00,582.0054,581.337,1.5745,2024-11-06 15:15:00+00:00,583.6,2024-11-06 15:30:00+00:00,582.39,0.094622,0.0,2024-11-06 15:35:00+00:00,582.6912,10.195284,5940.7,581.0221,582.3474,3,2024-11-06 17:20:00+00:00,581.4739,TRAILING_STOP,21,-12.41,4.7526,4.7426,11.8628,-21.91,-1.287
171,SOLUSDT,LONG,spot,STRICT_SUPPORT,2024-11-07 15:00:00+00:00,187.5862,187.322,0.6921,2024-11-07 15:00:00+00:00,187.68,2024-11-07 15:05:00+00:00,188.93,0.053811,0.0,2024-11-07 15:10:00+00:00,189.0245,16.239104,3069.59,187.1836,191.0251,5,2024-11-07 16:05:00+00:00,190.7386,TRAILING_STOP,11,27.84,2.4557,2.4779,6.1809,22.9,0.766
172,SOLUSDT,LONG,spot,STRICT_SUPPORT,2024-11-09 00:45:00+00:00,199.3828,199.1872,0.5046,2024-11-09 00:45:00+00:00,199.84,2024-11-09 00:50:00+00:00,199.84,0.017182,0.0,2024-11-09 00:55:00+00:00,199.9299,29.718858,5941.69,199.0862,199.0862,0,2024-11-09 01:20:00+00:00,198.7876,STOP_LOSS,5,-33.95,4.7534,4.7262,11.8325,-43.43,-1.732
173,SOLUSDT,LONG,spot,STRICT_SUPPORT,2024-11-10 22:55:00+00:00,208.8285,208.3939,1.7492,2024-11-10 22:55:00+00:00,210.53,2024-11-10 23:30:00+00:00,209.76,0.001528,0.0,2024-11-10 23:35:00+00:00,209.8649,16.361965,3433.8,208.0441,210.4724,2,2024-11-11 01:55:00+00:00,210.1567,TRAILING_STOP,28,4.77,2.747,2.7509,6.8748,-0.72,-0.024
174,ETHUSDT,LONG,spot,STRICT_SUPPORT,2024-11-10 23:30:00+00:00,3181.4023,3175.5877,15.4406,2024-11-10 23:30:00+00:00,3186.5,2024-11-10 23:35:00+00:00,3182.27,0.097719,0.0,2024-11-10 23:40:00+00:00,3183.8611,1.851832,5895.98,3172.4996,3200.1783,16,2024-11-11 01:55:00+00:00,3195.378,TRAILING_STOP,27,21.33,4.7168,4.7338,11.8239,11.88,0.564
175,SOLUSDT,LONG,spot,STRICT_SUPPORT,2024-11-12 03:55:00+00:00,218.9812,218.7852,0.9953,2024-11-12 03:55:00+00:00,220.64,2024-11-12 04:10:00+00:00,219.86,0.038779,0.0,2024-11-12 04:15:00+00:00,219.9699,21.569226,4744.58,218.5861,219.4194,1,2024-11-12 04:45:00+00:00,219.0903,TRAILING_STOP,6,-18.97,3.7957,3.7805,9.4607,-26.55,-0.889
176,ETHUSDT,LONG,spot,STRICT_SUPPORT,2024-11-13 01:45:00+00:00,3267.6777,3264.0321,15.3391,2024-11-13 01:45:00+00:00,3284.0,2024-11-13 01:55:00+00:00,3271.01,0.232319,0.0,2024-11-13 02:00:00+00:00,3272.6455,1.797767,5883.45,3260.9643,3260.9643,0,2024-11-13 02:10:00+00:00,3256.0728,STOP_LOSS,2,-29.79,4.7068,4.6829,11.7222,-39.18,-1.866
177,ETHUSDT,LONG,spot,STRICT_SUPPORT,2024-11-14 02:15:00+00:00,3195.4295,3190.2325,12.5458,2024-11-14 02:15:00+00:00,3204.31,2024-11-14 02:20:00+00:00,3196.31,0.700484,0.0,2024-11-14 02:25:00+00:00,3197.8481,1.827686,5844.66,3187.7233,3187.7233,0,2024-11-14 02:30:00+00:00,3182.9418,STOP_LOSS,1,-27.24,4.6757,4.6539,11.6485,-36.57,-1.976
178,BNBUSDT,LONG,spot,STRICT_SUPPORT,2024-11-16 17:00:00+00:00,625.0164,624.4347,1.9638,2024-11-16 17:00:00+00:00,625.22,2024-11-16 17:05:00+00:00,626.3,0.193646,0.0,2024-11-16 17:10:00+00:00,626.6131,9.269602,5808.45,624.0419,628.4022,8,2024-11-16 18:40:00+00:00,627.4596,TRAILING_STOP,18,7.85,4.6468,4.653,11.6287,-1.45,-0.061
179,SOLUSDT,LONG,spot,STRICT_SUPPORT,2024-11-17 22:10:00+00:00,234.4357,234.1718,1.3374,2024-11-17 22:10:00+00:00,234.56,2024-11-17 22:15:00+00:00,235.19,0.104266,0.0,2024-11-17 22:20:00+00:00,235.3076,20.899887,4917.9,233.9043,233.9043,0,2024-11-17 22:40:00+00:00,233.5535,STOP_LOSS,4,-36.66,3.9343,3.905,9.7808,-44.5,-1.517
181,SOLUSDT,LONG,spot,STRICT_SUPPORT,2024-11-19 02:35:00+00:00,239.6143,239.5117,0.6706,2024-11-19 02:35:00+00:00,239.76,2024-11-19 02:40:00+00:00,239.92,0.055667,0.0,2024-11-19 02:45:00+00:00,240.03,23.990321,5758.4,239.3776,241.9715,8,2024-11-19 03:30:00+00:00,241.6085,TRAILING_STOP,9,37.87,4.6067,4.637,11.5736,28.63,1.829
180,BTCUSDT,LONG,spot,STRICT_SUPPORT,2024-11-19 02:15:00+00:00,90955.9622,90910.6019,173.7938,2024-11-19 02:15:00+00:00,91129.5,2024-11-19 02:30:00+00:00,91075.99,11.847834,0.0,2024-11-19 02:35:00+00:00,91121.528,0.063245,5762.96,90875.8431,91254.3007,4,2024-11-19 03:40:00+00:00,91117.4192,TRAILING_STOP,13,-0.26,4.6104,4.6102,11.5255,-9.48,-0.61
182,SOLUSDT,LONG,spot,STRICT_SUPPORT,2024-11-19 05:35:00+00:00,240.5938,240.1981,0.8044,2024-11-19 05:35:00+00:00,241.45,2024-11-19 06:00:00+00:00,240.86,0.066214,0.0,2024-11-19 06:05:00+00:00,240.9804,23.993296,5781.91,240.0373,243.2826,10,2024-11-19 07:15:00+00:00,242.9177,TRAILING_STOP,14,46.48,4.6255,4.6627,11.6336,37.19,1.644
183,SOLUSDT,LONG,spot,STRICT_SUPPORT,2024-11-19 17:55:00+00:00,242.0884,241.6947,0.9828,2024-11-19 17:55:00+00:00,242.99,2024-11-19 18:20:00+00:00,242.27,0.001594,0.0,2024-11-19 18:25:00+00:00,242.4011,24.00457,5818.74,241.4981,242.2507,3,2024-11-19 19:00:00+00:00,241.8874,TRAILING_STOP,7,-12.33,4.655,4.6451,11.619,-21.63,-0.998
184,ETHUSDT,LONG,spot,STRICT_SUPPORT,2024-11-20 01:05:00+00:00,3106.8419,3104.4646,8.5774,2024-11-20 01:05:00+00:00,3114.51,2024-11-20 01:15:00+00:00,3109.81,0.778109,0.0,2024-11-20 01:20:00+00:00,3111.3749,1.863266,5797.32,3102.7491,3102.7491,0,2024-11-20 01:25:00+00:00,3096.4683,STOP_LOSS,1,-27.77,4.6379,4.6156,11.553,-37.03,-2.304
185,BNBUSDT,LONG,spot,STRICT_SUPPORT,2024-11-20 15:50:00+00:00,614.2061,613.6544,1.3888,2024-11-20 15:50:00+00:00,614.61,2024-11-20 15:55:00+00:00,615.12,0.123929,0.0,2024-11-20 16:00:00+00:00,615.4276,9.36042,5760.66,613.3767,613.3767,0,2024-11-20 16:05:00+00:00,612.4566,STOP_LOSS,1,-27.81,4.6085,4.5863,11.4796,-37.0,-1.928
186,SOLUSDT,LONG,spot,STRICT_SUPPORT,2024-11-22 12:30:00+00:00,258.8791,258.7634,0.8184,2024-11-22 12:30:00+00:00,259.66,2024-11-22 12:45:00+00:00,259.87,0.000868,0.0,2024-11-22 12:50:00+00:00,260.0099,20.499334,5330.03,258.5997,258.5997,0,2024-11-22 13:05:00+00:00,258.2118,STOP_LOSS,3,-36.86,4.264,4.2345,10.6048,-45.36,-1.569
187,SOLUSDT,LONG,spot,STRICT_SUPPORT,2024-11-22 23:40:00+00:00,255.5168,255.2285,0.6419,2024-11-22 23:40:00+00:00,256.31,2024-11-23 00:10:00+00:00,255.96,0.033204,0.0,2024-11-23 00:15:00+00:00,256.078,22.177308,5679.12,255.1001,256.2175,2,2024-11-23 00:35:00+00:00,255.8332,TRAILING_STOP,4,-5.43,4.5433,4.539,11.3501,-14.51,-0.669
188,SOLUSDT,LONG,spot,STRICT_SUPPORT,2024-11-23 01:45:00+00:00,255.9842,255.6125,0.9545,2024-11-23 01:45:00+00:00,256.68,2024-11-23 02:00:00+00:00,256.52,0.085848,0.0,2024-11-23 02:05:00+00:00,256.6383,22.072912,5664.75,255.4216,255.4216,0,2024-11-23 02:15:00+00:00,255.0385,STOP_LOSS,2,-35.31,4.5318,4.5036,11.2765,-44.35,-1.651
189,SOLUSDT,LONG,spot,STRICT_SUPPORT,2024-11-25 02:40:00+00:00,250.4668,250.1692,0.8632,2024-11-25 02:40:00+00:00,250.83,2024-11-25 02:45:00+00:00,250.51,0.033242,0.0,2024-11-25 02:50:00+00:00,250.6353,22.426415,5620.85,249.9966,249.9966,0,2024-11-25 02:55:00+00:00,249.6216,STOP_LOSS,1,-22.73,4.4967,4.4785,11.2076,-31.71,-2.214
190,ETHUSDT,LONG,spot,STRICT_SUPPORT,2024-11-25 18:00:00+00:00,3465.1447,3458.7449,20.8749,2024-11-25 18:00:00+00:00,3475.8,2024-11-25 18:05:00+00:00,3479.86,0.855293,0.0,2024-11-25 18:10:00+00:00,3481.5999,1.044382,3636.12,3454.57,3454.57,0,2024-11-25 18:35:00+00:00,3449.3881,STOP_LOSS,5,-33.64,2.9089,2.882,7.2218,-39.43,-1.397
191,ETHUSDT,LONG,spot,STRICT_SUPPORT,2024-11-26 01:45:00+00:00,3446.818,3442.2246,12.2173,2024-11-26 01:45:00+00:00,3454.99,2024-11-26 01:55:00+00:00,3447.85,0.581999,0.0,2024-11-26 02:00:00+00:00,3449.5639,1.609021,5550.42,3439.7812,3439.7812,0,2024-11-26 02:25:00+00:00,3434.6215,STOP_LOSS,5,-24.04,4.4403,4.4211,11.0648,-32.9,-2.09
192,BTCUSDT,LONG,spot,STRICT_SUPPORT,2024-11-28 13:45:00+00:00,95342.6303,95284.0139,219.1807,2024-11-28 13:45:00+00:00,95595.73,2024-11-28 14:25:00+00:00,95528.02,16.549741,0.0,2024-11-28 14:30:00+00:00,95575.774,0.057733,5517.85,95240.1778,95240.1778,0,2024-11-28 15:00:00+00:00,95097.3175,STOP_LOSS,6,-27.62,4.4143,4.3922,10.9943,-36.43,-1.88
193,BNBUSDT,LONG,spot,STRICT_SUPPORT,2024-12-01 23:15:00+00:00,657.131,656.8862,1.2188,2024-12-01 23:15:00+00:00,657.38,2024-12-01 23:20:00+00:00,657.92,0.009014,0.0,2024-12-01 23:25:00+00:00,658.239,8.327951,5481.78,656.6424,656.6424,0,2024-12-01 23:30:00+00:00,655.6574,STOP_LOSS,1,-21.5,4.3854,4.3682,10.9313,-30.25,-2.275
194,ETHUSDT,LONG,spot,STRICT_SUPPORT,2024-12-05 17:05:00+00:00,3906.1745,3900.7402,14.9673,2024-12-05 17:05:00+00:00,3912.82,2024-12-05 17:30:00+00:00,3909.01,1.075476,0.0,2024-12-05 17:35:00+00:00,3910.9645,1.393987,5451.83,3897.7468,3897.7468,0,2024-12-05 18:20:00+00:00,3891.9002,STOP_LOSS,9,-26.58,4.3615,4.3402,10.8638,-35.28,-1.915
195,SOLUSDT,LONG,spot,STRICT_SUPPORT,2024-12-05 23:30:00+00:00,235.602,234.7791,2.7006,2024-12-05 23:30:00+00:00,237.66,2024-12-05 23:35:00+00:00,235.97,0.15799,0.0,2024-12-05 23:40:00+00:00,236.078,14.876195,3511.94,234.2389,239.8136,11,2024-12-06 01:15:00+00:00,239.4539,TRAILING_STOP,19,50.22,2.8096,2.8497,7.0992,44.56,1.629
196,ETHUSDT,LONG,spot,STRICT_SUPPORT,2024-12-07 14:35:00+00:00,3992.6388,3991.981,5.6288,2024-12-07 14:35:00+00:00,3993.8,2024-12-07 14:40:00+00:00,4001.93,0.361184,0.0,2024-12-07 14:45:00+00:00,4003.931,1.363915,5461.02,3990.8552,3990.8552,0,2024-12-07 15:00:00+00:00,3984.8689,STOP_LOSS,3,-26.0,4.3688,4.348,10.883,-34.72,-1.947
197,BNBUSDT,LONG,spot,STRICT_SUPPORT,2024-12-08 02:20:00+00:00,752.6206,751.9586,1.9114,2024-12-08 02:20:00+00:00,754.4,2024-12-08 02:25:00+00:00,753.94,0.089363,0.0,2024-12-08 02:30:00+00:00,754.317,7.19413,5426.65,751.5763,754.4662,5,2024-12-08 03:50:00+00:00,753.3345,TRAILING_STOP,16,-7.07,4.3413,4.3357,10.8427,-15.75,-0.799
198,BNBUSDT,LONG,spot,STRICT_SUPPORT,2024-12-13 09:05:00+00:00,706.5437,705.6869,3.5348,2024-12-13 09:05:00+00:00,714.49,2024-12-13 09:35:00+00:00,708.14,0.116302,0.0,2024-12-13 09:40:00+00:00,708.4841,7.637528,5411.07,704.9799,717.7605,25,2024-12-13 13:00:00+00:00,716.6839,TRAILING_STOP,40,62.63,4.3289,4.379,10.9161,53.92,2.015
199,BNBUSDT,LONG,spot,STRICT_SUPPORT,2024-12-13 16:40:00+00:00,715.0008,713.7984,2.5595,2024-12-13 16:40:00+00:00,715.9,2024-12-13 17:00:00+00:00,715.62,0.189185,0.0,2024-12-13 17:05:00+00:00,715.9878,7.632038,5464.45,713.2865,715.4922,3,2024-12-13 17:35:00+00:00,714.419,TRAILING_STOP,6,-11.97,4.3716,4.362,10.9109,-20.71,-1.004
200,BNBUSDT,LONG,spot,STRICT_SUPPORT,2024-12-19 14:05:00+00:00,700.8105,700.2932,1.738,2024-12-19 14:05:00+00:00,702.98,2024-12-19 14:30:00+00:00,703.18,0.059504,0.0,2024-12-19 14:35:00+00:00,703.5416,7.645901,5379.21,699.9456,699.9456,0,2024-12-19 14:40:00+00:00,698.8957,STOP_LOSS,1,-35.52,4.3034,4.2749,10.7051,-44.1,-1.604
201,ETHUSDT,LONG,spot,STRICT_SUPPORT,2024-12-23 08:05:00+00:00,3299.4599,3296.5079,10.9761,2024-12-23 08:05:00+00:00,3305.0,2024-12-23 08:20:00+00:00,3303.52,0.550064,0.0,2024-12-23 08:25:00+00:00,3305.1618,1.633895,5400.29,3294.3127,3294.3127,0,2024-12-23 08:30:00+00:00,3289.3713,STOP_LOSS,1,-25.8,4.3202,4.2996,10.7619,-34.42,-1.942
202,SOLUSDT,LONG,spot,STRICT_SUPPORT,2024-12-23 08:10:00+00:00,182.4984,182.1746,0.8487,2024-12-23 08:10:00+00:00,182.85,2024-12-23 08:20:00+00:00,183.16,0.071613,0.0,2024-12-23 08:25:00+00:00,183.2516,21.876991,4008.99,182.0049,184.7633,4,2024-12-23 09:25:00+00:00,184.4862,TRAILING_STOP,12,27.01,3.2072,3.2288,8.0585,20.57,0.754
203,BNBUSDT,LONG,spot,STRICT_SUPPORT,2024-12-24 07:20:00+00:00,691.8733,691.036,2.2112,2024-12-24 07:20:00+00:00,693.01,2024-12-24 07:50:00+00:00,692.04,0.086711,0.0,2024-12-24 07:55:00+00:00,692.386,7.779733,5386.58,690.5938,690.5938,0,2024-12-24 08:20:00+00:00,689.5579,STOP_LOSS,5,-22.0,4.3093,4.2917,10.7402,-30.6,-2.195
204,BTCUSDT,LONG,spot,STRICT_SUPPORT,2024-12-25 07:10:00+00:00,98171.4088,98121.2829,145.4599,2024-12-25 07:10:00+00:00,98207.66,2024-12-25 07:15:00+00:00,98308.2,8.821168,0.0,2024-12-25 07:20:00+00:00,98357.3541,0.054457,5356.28,98092.1909,98092.1909,0,2024-12-25 07:25:00+00:00,97945.0526,STOP_LOSS,1,-22.45,4.285,4.2671,10.6789,-31.0,-2.147
205,BTCUSDT,LONG,spot,STRICT_SUPPORT,2024-12-25 22:55:00+00:00,98800.7024,98728.7684,186.1119,2024-12-25 22:55:00+00:00,98811.16,2024-12-25 23:00:00+00:00,99150.3,10.457558,0.0,2024-12-25 23:05:00+00:00,99199.8852,0.052911,5248.8,98691.546,99534.2047,2,2024-12-26 00:20:00+00:00,99384.9034,TRAILING_STOP,15,9.79,4.199,4.2069,10.5123,1.38,0.051
206,SOLUSDT,LONG,spot,STRICT_SUPPORT,2025-01-01 15:40:00+00:00,190.6295,190.5015,0.5433,2025-01-01 15:40:00+00:00,191.51,2025-01-01 16:20:00+00:00,191.05,0.010527,0.0,2025-01-01 16:25:00+00:00,191.1455,27.868589,5326.96,190.3929,190.3929,0,2025-01-01 16:50:00+00:00,190.1073,STOP_LOSS,5,-28.93,4.2616,4.2384,10.6105,-37.43,-1.785
207,SOLUSDT,LONG,spot,STRICT_SUPPORT,2025-01-03 02:05:00+00:00,206.8851,206.6985,0.4701,2025-01-03 02:05:00+00:00,206.91,2025-01-03 02:10:00+00:00,207.37,0.00488,0.0,2025-01-03 02:15:00+00:00,207.4737,25.496707,5289.9,206.6045,206.6045,0,2025-01-03 03:15:00+00:00,206.2946,STOP_LOSS,12,-30.06,4.2319,4.2079,10.5347,-38.5,-1.737
208,SOLUSDT,LONG,spot,STRICT_SUPPORT,2025-01-03 04:00:00+00:00,207.2134,207.0284,0.4709,2025-01-03 04:00:00+00:00,207.66,2025-01-03 04:20:00+00:00,207.49,0.046606,0.0,2025-01-03 04:25:00+00:00,207.6037,25.29712,5251.78,206.9342,208.6224,10,2025-01-03 06:00:00+00:00,208.3095,TRAILING_STOP,19,17.85,4.2014,4.2157,10.5303,9.44,0.557
209,ETHUSDT,LONG,spot,STRICT_SUPPORT,2025-01-07 01:15:00+00:00,3679.7387,3678.9172,7.313,2025-01-07 01:15:00+00:00,3680.92,2025-01-07 01:20:00+00:00,3684.85,0.151289,0.0,2025-01-07 01:25:00+00:00,3686.6924,1.427057,5261.12,3677.4546,3688.8543,4,2025-01-07 02:20:00+00:00,3683.321,TRAILING_STOP,11,-4.81,4.2089,4.205,10.515,-13.23,-1.003
210,ETHUSDT,LONG,spot,STRICT_SUPPORT,2025-01-14 17:35:00+00:00,3199.2158,3197.483,10.2194,2025-01-14 17:35:00+00:00,3202.53,2025-01-14 17:40:00+00:00,3208.86,0.784166,0.0,2025-01-14 17:45:00+00:00,3210.4444,1.634673,5248.03,3195.4391,3218.9199,9,2025-01-14 19:15:00+00:00,3214.0915,TRAILING_STOP,18,5.96,4.1984,4.2032,10.505,-2.44,-0.099
211,SOLUSDT,LONG,spot,STRICT_SUPPORT,2025-01-17 04:30:00+00:00,212.1105,211.8893,0.5346,2025-01-17 04:30:00+00:00,212.16,2025-01-17 04:35:00+00:00,212.23,0.039488,0.0,2025-01-17 04:40:00+00:00,212.3361,24.70428,5245.61,211.7824,212.3308,6,2025-01-17 05:25:00+00:00,212.0123,TRAILING_STOP,9,-8.0,4.1965,4.1901,10.4792,-16.39,-1.198
212,BTCUSDT,LONG,spot,STRICT_SUPPORT,2025-01-19 15:25:00+00:00,104965.5393,104882.6549,281.998,2025-01-19 15:25:00+00:00,105042.85,2025-01-19 15:30:00+00:00,105194.11,14.750667,0.0,2025-01-19 15:35:00+00:00,105246.7071,0.049687,5229.39,104826.2553,104826.2553,0,2025-01-19 15:50:00+00:00,104669.016,STOP_LOSS,3,-28.7,4.1835,4.1605,10.4157,-37.05,-1.773
213,BTCUSDT,LONG,spot,STRICT_SUPPORT,2025-01-19 16:20:00+00:00,104943.5881,104895.774,209.8048,2025-01-19 16:20:00+00:00,105040.67,2025-01-19 16:25:00+00:00,105158.63,16.411933,0.0,2025-01-19 16:30:00+00:00,105211.1993,0.049355,5192.71,104853.813,104853.813,0,2025-01-19 16:45:00+00:00,104696.5323,STOP_LOSS,3,-25.4,4.1542,4.1338,10.3473,-33.69,-1.91
214,BNBUSDT,LONG,spot,STRICT_SUPPORT,2025-01-21 08:20:00+00:00,682.1054,681.5131,1.2599,2025-01-21 08:20:00+00:00,683.62,2025-01-21 08:30:00+00:00,682.97,0.114553,0.0,2025-01-21 08:35:00+00:00,683.3215,7.550413,5159.36,681.2611,681.2611,0,2025-01-21 08:40:00+00:00,680.2392,STOP_LOSS,1,-23.27,4.1275,4.1089,10.2838,-31.51,-2.025
215,ETHUSDT,LONG,spot,STRICT_SUPPORT,2025-01-21 23:55:00+00:00,3325.3207,3321.1146,8.5616,2025-01-21 23:55:00+00:00,3327.54,2025-01-22 00:00:00+00:00,3332.5,0.219267,0.0,2025-01-22 00:05:00+00:00,3334.1662,1.538065,5128.17,3319.4023,3344.3896,1,2025-01-22 01:05:00+00:00,3339.373,TRAILING_STOP,12,8.01,4.1025,4.1089,10.2683,-0.2,-0.009
216,BNBUSDT,LONG,spot,STRICT_SUPPORT,2025-01-23 00:05:00+00:00,696.172,695.9989,0.9899,2025-01-23 00:05:00+00:00,696.48,2025-01-23 00:10:00+00:00,697.57,0.028045,0.0,2025-01-23 00:15:00+00:00,697.9188,7.347509,5127.96,695.8009,695.8009,0,2025-01-23 00:20:00+00:00,694.7572,STOP_LOSS,1,-23.23,4.1024,4.0838,10.2211,-31.42,-2.019
217,BNBUSDT,LONG,spot,STRICT_SUPPORT,2025-01-23 15:45:00+00:00,687.2184,686.1863,2.1229,2025-01-23 15:45:00+00:00,688.39,2025-01-23 15:50:00+00:00,688.03,0.181631,0.0,2025-01-23 15:55:00+00:00,688.364,7.404313,5096.86,685.7617,689.0829,2,2025-01-23 16:20:00+00:00,688.0493,TRAILING_STOP,5,-2.33,4.0775,4.0756,10.1902,-10.48,-0.544
218,ETHUSDT,LONG,spot,STRICT_SUPPORT,2025-01-23 21:35:00+00:00,3243.3635,3240.8829,19.5303,2025-01-23 21:35:00+00:00,3244.35,2025-01-23 21:40:00+00:00,3248.47,0.976504,0.0,2025-01-23 21:45:00+00:00,3250.0942,1.565027,5086.48,3236.9768,3236.9768,0,2025-01-23 21:50:00+00:00,3232.1213,STOP_LOSS,1,-28.13,4.0692,4.0467,10.1308,-36.24,-1.765
219,SOLUSDT,LONG,spot,STRICT_SUPPORT,2025-01-28 12:05:00+00:00,238.4361,238.1729,0.8657,2025-01-28 12:05:00+00:00,238.62,2025-01-28 12:10:00+00:00,238.73,0.023879,0.0,2025-01-28 12:15:00+00:00,238.8494,21.145555,5050.6,237.9997,237.9997,0,2025-01-28 12:20:00+00:00,237.3135,STOP_LOSS,1,-32.48,4.0405,4.0145,10.0525,-40.53,-2.256
220,SOLUSDT,LONG,spot,STRICT_SUPPORT,2025-01-29 11:15:00+00:00,232.3625,232.071,0.6533,2025-01-29 11:15:00+00:00,232.69,2025-01-29 11:20:00+00:00,232.67,0.03749,0.0,2025-01-29 11:25:00+00:00,232.7863,21.523927,5010.48,231.9404,231.9404,0,2025-01-29 11:45:00+00:00,231.5925,STOP_LOSS,4,-25.7,4.0084,3.9878,9.9824,-33.69,-1.85
221,BTCUSDT,LONG,spot,STRICT_SUPPORT,2025-01-30 19:40:00+00:00,105391.6226,105336.4249,174.3642,2025-01-30 19:40:00+00:00,105480.36,2025-01-30 19:45:00+00:00,105513.31,12.377377,0.0,2025-01-30 19:50:00+00:00,105566.0667,0.047147,4977.12,105301.5521,105301.5521,0,2025-01-30 20:35:00+00:00,105143.5997,STOP_LOSS,9,-19.92,3.9817,3.9658,9.9244,-27.87,-2.234
222,BTCUSDT,LONG,spot,STRICT_SUPPORT,2025-02-04 16:10:00+00:00,99405.1619,99324.7902,482.0063,2025-02-04 16:10:00+00:00,99861.99,2025-02-04 16:35:00+00:00,99452.72,44.848086,0.0,2025-02-04 16:40:00+00:00,99502.4464,0.049743,4949.53,99228.389,99228.389,0,2025-02-04 16:50:00+00:00,99079.5464,STOP_LOSS,2,-21.04,3.9596,3.9428,9.8675,-28.94,-2.123
223,ETHUSDT,LONG,spot,STRICT_SUPPORT,2025-02-05 23:05:00+00:00,2768.3732,2767.2414,14.5636,2025-02-05 23:05:00+00:00,2778.71,2025-02-05 23:15:00+00:00,2775.14,1.366848,0.0,2025-02-05 23:20:00+00:00,2776.4976,1.772335,4920.88,2764.3287,2764.3287,0,2025-02-05 23:25:00+00:00,2760.1822,STOP_LOSS,1,-28.92,3.9367,3.9136,9.7984,-36.77,-1.705
224,BNBUSDT,LONG,spot,STRICT_SUPPORT,2025-02-06 20:40:00+00:00,577.7232,577.2305,1.4077,2025-02-06 20:40:00+00:00,579.82,2025-02-06 21:15:00+00:00,578.69,0.116765,0.0,2025-02-06 21:20:00+00:00,578.9793,8.436372,4884.48,576.9489,576.9489,0,2025-02-06 21:30:00+00:00,576.0835,STOP_LOSS,2,-24.43,3.9076,3.888,9.7323,-32.23,-1.881
225,BNBUSDT,LONG,spot,STRICT_SUPPORT,2025-02-06 21:40:00+00:00,578.8679,578.1402,1.4699,2025-02-06 21:40:00+00:00,579.69,2025-02-06 21:45:00+00:00,579.11,0.102137,0.0,2025-02-06 21:50:00+00:00,579.4096,8.375045,4852.58,577.8462,578.6657,1,2025-02-06 22:05:00+00:00,577.7977,TRAILING_STOP,3,-13.5,3.8821,3.8713,9.6849,-21.25,-1.623
226,BNBUSDT,LONG,spot,STRICT_SUPPORT,2025-02-13 15:40:00+00:00,707.1473,705.7519,6.2378,2025-02-13 15:40:00+00:00,711.05,2025-02-13 15:45:00+00:00,710.52,0.422728,0.0,2025-02-13 15:50:00+00:00,710.8753,3.830176,2722.78,704.5043,704.5043,0,2025-02-13 15:55:00+00:00,702.5546,STOP_LOSS,1,-31.87,2.1782,2.1527,5.3977,-36.2,-1.484
227,BNBUSDT,LONG,spot,STRICT_SUPPORT,2025-02-17 06:05:00+00:00,672.8451,672.2205,1.9325,2025-02-17 06:05:00+00:00,676.41,2025-02-17 06:20:00+00:00,673.5,0.114921,0.0,2025-02-17 06:25:00+00:00,673.8468,7.116903,4795.7,671.834,671.834,0,2025-02-17 06:35:00+00:00,670.8263,STOP_LOSS,2,-21.5,3.8366,3.8194,9.5592,-29.15,-2.035
228,BTCUSDT,LONG,spot,STRICT_SUPPORT,2025-02-19 15:30:00+00:00,96136.9533,96040.9614,277.5398,2025-02-19 15:30:00+00:00,96392.01,2025-02-19 15:35:00+00:00,96315.98,20.826749,0.0,2025-02-19 15:40:00+00:00,96364.138,0.049467,4766.84,95985.4534,95985.4534,0,2025-02-19 15:55:00+00:00,95841.4752,STOP_LOSS,3,-25.85,3.8135,3.7928,9.4949,-33.46,-1.786
229,BTCUSDT,LONG,spot,STRICT_SUPPORT,2025-02-19 19:50:00+00:00,96072.3102,96003.1047,191.7137,2025-02-19 19:50:00+00:00,96145.99,2025-02-19 19:55:00+00:00,96206.54,3.159787,0.0,2025-02-19 20:00:00+00:00,96254.6433,0.049179,4733.72,95964.7619,96379.5291,1,2025-02-19 22:30:00+00:00,96234.9598,TRAILING_STOP,30,-0.97,3.787,3.7862,9.466,-8.54,-0.599
230,SOLUSDT,LONG,spot,STRICT_SUPPORT,2025-02-22 18:00:00+00:00,173.3649,173.1829,0.4654,2025-02-22 18:00:00+00:00,173.74,2025-02-22 18:40:00+00:00,173.6,0.005103,0.0,2025-02-22 18:45:00+00:00,173.6868,27.205635,4725.26,173.0898,173.0898,0,2025-02-22 18:50:00+00:00,172.8302,STOP_LOSS,1,-23.3,3.7802,3.7616,9.4156,-30.85,-1.899
231,ETHUSDT,LONG,spot,STRICT_SUPPORT,2025-03-02 00:30:00+00:00,2213.3136,2210.2614,7.2702,2025-03-02 00:30:00+00:00,2213.87,2025-03-02 00:35:00+00:00,2220.96,0.416361,0.0,2025-03-02 00:40:00+00:00,2222.0605,1.789065,3975.41,2208.8073,2208.8073,0,2025-03-02 02:30:00+00:00,2205.4941,STOP_LOSS,22,-29.64,3.1803,3.1566,7.9064,-35.98,-1.517
232,SOLUSDT,LONG,spot,STRICT_SUPPORT,2025-03-02 10:30:00+00:00,143.6888,143.4588,0.5132,2025-03-02 10:30:00+00:00,144.2,2025-03-02 10:55:00+00:00,143.83,0.051212,0.0,2025-03-02 11:00:00+00:00,143.8919,32.379212,4659.11,143.3561,143.3561,0,2025-03-02 11:20:00+00:00,143.1411,STOP_LOSS,4,-24.31,3.7273,3.7078,9.2817,-31.75,-1.83
234,SOLUSDT,LONG,spot,STRICT_SUPPORT,2025-03-02 11:30:00+00:00,143.7699,143.5414,0.4938,2025-03-02 11:30:00+00:00,144.1,2025-03-02 11:35:00+00:00,143.83,0.030133,0.0,2025-03-02 11:40:00+00:00,143.9019,32.133087,4624.01,143.4427,143.4427,0,2025-03-02 11:50:00+00:00,143.2275,STOP_LOSS,2,-21.67,3.6992,3.6819,9.2155,-29.05,-1.969
233,BTCUSDT,LONG,spot,STRICT_SUPPORT,2025-03-02 11:15:00+00:00,85955.0618,85942.2611,93.9394,2025-03-02 11:15:00+00:00,86002.0,2025-03-02 11:25:00+00:00,86100.35,5.188213,0.0,2025-03-02 11:30:00+00:00,86143.4002,0.053721,4627.68,85923.4732,85923.4732,0,2025-03-02 12:10:00+00:00,85794.588,STOP_LOSS,8,-18.74,3.7021,3.6872,9.2272,-26.13,-2.211
235,BNBUSDT,LONG,spot,STRICT_SUPPORT,2025-03-04 14:40:00+00:00,568.5226,567.8139,4.4443,2025-03-04 14:40:00+00:00,574.03,2025-03-04 14:50:00+00:00,570.0,0.40741,0.0,2025-03-04 14:55:00+00:00,570.265,6.915244,3943.52,566.9251,566.9251,0,2025-03-04 15:00:00+00:00,566.0747,STOP_LOSS,1,-28.98,3.1548,3.1316,7.8436,-35.26,-1.527
236,SOLUSDT,LONG,spot,STRICT_SUPPORT,2025-03-05 07:55:00+00:00,142.709,142.6766,0.4791,2025-03-05 07:55:00+00:00,142.88,2025-03-05 08:00:00+00:00,143.1,0.031017,0.0,2025-03-05 08:05:00+00:00,143.1715,31.697217,4538.14,142.5808,145.111,12,2025-03-05 09:35:00+00:00,144.8933,TRAILING_STOP,18,54.57,3.6305,3.6742,9.1581,47.27,2.524
237,ETHUSDT,LONG,spot,STRICT_SUPPORT,2025-03-07 19:10:00+00:00,2184.4469,2181.0588,11.188,2025-03-07 19:10:00+00:00,2189.59,2025-03-07 19:25:00+00:00,2186.46,0.23311,0.0,2025-03-07 19:30:00+00:00,2187.5632,2.095911,4584.94,2178.8212,2178.8212,0,2025-03-07 19:35:00+00:00,2175.553,STOP_LOSS,1,-25.17,3.6679,3.6478,9.1321,-32.49,-1.773
238,BNBUSDT,LONG,spot,STRICT_SUPPORT,2025-03-10 09:20:00+00:00,563.6875,562.5618,2.7994,2025-03-10 09:20:00+00:00,571.4,2025-03-10 09:35:00+00:00,564.26,0.222526,0.0,2025-03-10 09:40:00+00:00,564.5421,8.064542,4552.77,562.0019,562.0019,0,2025-03-10 09:55:00+00:00,561.1589,STOP_LOSS,3,-27.28,3.6422,3.6204,9.0646,-34.55,-1.686
239,SOLUSDT,LONG,spot,STRICT_SUPPORT,2025-03-10 09:25:00+00:00,127.8331,127.6356,1.1166,2025-03-10 09:25:00+00:00,130.23,2025-03-10 09:50:00+00:00,127.93,0.076914,0.0,2025-03-10 09:55:00+00:00,127.994,35.303013,4518.57,127.4123,127.4123,0,2025-03-10 10:20:00+00:00,127.2212,STOP_LOSS,5,-27.28,3.6149,3.593,8.9962,-34.49,-1.68
240,SOLUSDT,LONG,spot,STRICT_SUPPORT,2025-03-11 13:35:00+00:00,123.6848,123.2486,1.3535,2025-03-11 13:35:00+00:00,124.71,2025-03-11 13:40:00+00:00,124.08,0.005194,0.0,2025-03-11 13:45:00+00:00,124.152,19.290182,2394.92,122.9779,122.9779,0,2025-03-11 13:50:00+00:00,122.7935,STOP_LOSS,1,-26.21,1.9159,1.895,4.7505,-30.02,-1.325
241,BNBUSDT,LONG,spot,STRICT_SUPPORT,2025-03-11 17:40:00+00:00,548.7675,548.3277,1.9588,2025-03-11 17:40:00+00:00,549.51,2025-03-11 17:45:00+00:00,550.21,0.042511,0.0,2025-03-11 17:50:00+00:00,550.4751,8.092483,4454.71,547.9359,556.6985,11,2025-03-11 19:00:00+00:00,555.8634,TRAILING_STOP,14,43.6,3.5638,3.5987,8.9748,36.44,1.774
242,BTCUSDT,LONG,spot,STRICT_SUPPORT,2025-03-12 18:20:00+00:00,82318.8434,82242.353,278.4069,2025-03-12 18:20:00+00:00,82583.95,2025-03-12 18:30:00+00:00,82646.35,21.946557,0.0,2025-03-12 18:35:00+00:00,82687.6732,0.045271,3743.34,82186.6716,83069.8239,11,2025-03-12 21:40:00+00:00,82945.2192,TRAILING_STOP,37,11.66,2.9947,3.004,7.5042,5.66,0.25
243,SOLUSDT,LONG,spot,STRICT_SUPPORT,2025-03-13 01:45:00+00:00,125.7367,125.5922,0.5632,2025-03-13 01:45:00+00:00,125.79,2025-03-13 01:50:00+00:00,126.35,0.003283,0.0,2025-03-13 01:55:00+00:00,126.4232,24.066668,3042.58,125.4796,126.4389,5,2025-03-13 02:30:00+00:00,126.2493,TRAILING_STOP,7,-4.19,2.4341,2.4307,6.0789,-9.05,-0.399
244,BNBUSDT,LONG,spot,STRICT_SUPPORT,2025-03-17 14:40:00+00:00,630.3145,629.561,2.3402,2025-03-17 14:40:00+00:00,632.01,2025-03-17 15:00:00+00:00,631.0,0.185451,0.0,2025-03-17 15:05:00+00:00,631.3255,7.107954,4487.43,629.093,631.3103,2,2025-03-17 15:30:00+00:00,630.3633,TRAILING_STOP,5,-6.84,3.5899,3.5845,8.9646,-14.01,-0.883
245,BNBUSDT,LONG,spot,STRICT_SUPPORT,2025-03-18 02:25:00+00:00,629.0279,628.3513,2.4482,2025-03-18 02:25:00+00:00,629.69,2025-03-18 02:30:00+00:00,631.43,0.182089,0.0,2025-03-18 02:35:00+00:00,631.7157,5.862354,3703.34,627.8617,627.8617,0,2025-03-18 03:05:00+00:00,626.9199,STOP_LOSS,6,-28.11,2.9627,2.9402,7.3645,-34.02,-1.506
246,BNBUSDT,LONG,spot,STRICT_SUPPORT,2025-03-18 17:30:00+00:00,631.5261,630.6924,1.888,2025-03-18 17:30:00+00:00,631.77,2025-03-18 17:40:00+00:00,631.62,0.073856,0.0,2025-03-18 17:45:00+00:00,631.9358,7.025843,4439.88,630.3148,630.3148,0,2025-03-18 17:50:00+00:00,629.2547,STOP_LOSS,1,-18.84,3.5519,3.5368,8.8515,-25.93,-2.276
247,ETHUSDT,LONG,spot,STRICT_SUPPORT,2025-03-25 13:15:00+00:00,2064.8709,2064.0453,3.7109,2025-03-25 13:15:00+00:00,2071.2,2025-03-25 13:35:00+00:00,2067.76,0.129079,0.0,2025-03-25 13:40:00+00:00,2068.7939,2.133714,4414.22,2063.3032,2063.3032,0,2025-03-25 13:45:00+00:00,2057.9285,STOP_LOSS,1,-23.18,3.5314,3.5128,8.7937,-30.23,-2.58
248,ETHUSDT,LONG,spot,STRICT_SUPPORT,2025-03-25 16:55:00+00:00,2068.5469,2067.1594,4.828,2025-03-25 16:55:00+00:00,2068.55,2025-03-25 17:00:00+00:00,2074.2,0.003101,0.0,2025-03-25 17:05:00+00:00,2075.2371,2.112669,4384.29,2066.1938,2066.1938,0,2025-03-25 18:25:00+00:00,2063.0945,STOP_LOSS,16,-25.65,3.5074,3.4869,8.7301,-32.65,-1.709
249,ETHUSDT,LONG,spot,STRICT_SUPPORT,2025-03-25 21:15:00+00:00,2071.368,2069.9964,3.6537,2025-03-25 21:15:00+00:00,2072.35,2025-03-25 21:20:00+00:00,2075.32,0.331997,0.0,2025-03-25 21:25:00+00:00,2076.3477,2.095973,4351.97,2069.2657,2069.2657,0,2025-03-25 21:30:00+00:00,2066.1618,STOP_LOSS,1,-21.35,3.4816,3.4645,8.6719,-28.3,-1.906
250,SOLUSDT,LONG,spot,STRICT_SUPPORT,2025-03-26 01:30:00+00:00,144.0786,143.9974,0.356,2025-03-26 01:30:00+00:00,144.42,2025-03-26 01:40:00+00:00,144.3,0.011434,0.0,2025-03-26 01:45:00+00:00,144.3822,29.947995,4323.96,143.9262,143.9262,0,2025-03-26 02:00:00+00:00,143.7104,STOP_LOSS,3,-20.12,3.4592,3.4431,8.6177,-27.02,-1.979
251,BNBUSDT,LONG,spot,STRICT_SUPPORT,2025-03-27 14:15:00+00:00,631.5661,630.9578,1.9763,2025-03-27 14:15:00+00:00,633.29,2025-03-27 14:20:00+00:00,632.02,0.043939,0.0,2025-03-27 14:25:00+00:00,632.336,6.795762,4297.2,630.5625,636.9097,11,2025-03-27 15:30:00+00:00,635.9543,TRAILING_STOP,13,24.59,3.4378,3.4574,8.6313,17.69,1.468
252,SOLUSDT,LONG,spot,STRICT_SUPPORT,2025-03-31 20:20:00+00:00,125.7218,125.6715,0.3875,2025-03-31 20:20:00+00:00,125.97,2025-03-31 20:25:00+00:00,125.88,0.008233,0.0,2025-03-31 20:30:00+00:00,125.9329,34.262062,4314.72,125.594,125.594,0,2025-03-31 20:50:00+00:00,125.4056,STOP_LOSS,4,-18.07,3.4518,3.4373,8.6023,-24.96,-2.149
253,SOLUSDT,LONG,spot,STRICT_SUPPORT,2025-03-31 21:00:00+00:00,125.7176,125.6788,0.3338,2025-03-31 21:00:00+00:00,125.84,2025-03-31 21:05:00+00:00,125.85,0.022425,0.0,2025-03-31 21:10:00+00:00,125.9029,34.07399,4290.01,125.612,125.6599,4,2025-03-31 22:00:00+00:00,125.4714,TRAILING_STOP,10,-14.7,3.432,3.4202,8.558,-21.56,-2.175
254,BNBUSDT,LONG,spot,STRICT_SUPPORT,2025-04-04 15:50:00+00:00,593.2692,592.2592,2.0812,2025-04-04 15:50:00+00:00,594.73,2025-04-04 16:00:00+00:00,593.4,0.07083,0.0,2025-04-04 16:05:00+00:00,593.6967,7.189992,4268.67,591.8429,596.8281,6,2025-04-04 18:15:00+00:00,595.9329,TRAILING_STOP,26,16.08,3.4149,3.4278,8.5615,9.24,0.693
255,BTCUSDT,LONG,spot,STRICT_SUPPORT,2025-04-04 16:35:00+00:00,83036.4085,82964.8942,396.318,2025-04-04 16:35:00+00:00,83297.38,2025-04-04 16:45:00+00:00,83246.0,6.441487,0.0,2025-04-04 16:50:00+00:00,83287.623,0.051212,4265.29,82885.6306,83991.8318,8,2025-04-04 18:15:00+00:00,83865.8441,TRAILING_STOP,17,29.61,3.4122,3.4359,8.575,22.76,1.106
256,SOLUSDT,LONG,spot,STRICT_SUPPORT,2025-04-08 11:05:00+00:00,108.9309,108.8105,0.3786,2025-04-08 11:05:00+00:00,109.26,2025-04-08 11:15:00+00:00,109.31,0.029089,0.0,2025-04-08 11:20:00+00:00,109.3647,34.48194,3771.11,108.7348,110.7883,8,2025-04-08 12:15:00+00:00,110.6221,TRAILING_STOP,11,43.36,3.0169,3.0516,7.6073,37.29,1.717
257,SOLUSDT,LONG,spot,STRICT_SUPPORT,2025-04-10 06:25:00+00:00,116.3441,116.2849,0.3406,2025-04-10 06:25:00+00:00,116.8,2025-04-10 06:35:00+00:00,116.52,0.005897,0.0,2025-04-10 06:40:00+00:00,116.5783,37.204814,4337.27,116.2168,116.2168,0,2025-04-10 06:45:00+00:00,116.0424,STOP_LOSS,1,-19.93,3.4698,3.4539,8.6446,-26.86,-1.997
258,BTCUSDT,LONG,spot,STRICT_SUPPORT,2025-04-16 14:10:00+00:00,83899.3504,83819.4357,223.6084,2025-04-16 14:10:00+00:00,83995.3,2025-04-16 14:15:00+00:00,84061.07,10.249616,0.0,2025-04-16 14:20:00+00:00,84103.0905,0.051255,4310.68,83774.714,84810.6438,14,2025-04-16 15:50:00+00:00,84683.4278,TRAILING_STOP,18,29.75,3.4485,3.4723,8.666,22.82,1.356
259,SOLUSDT,LONG,spot,STRICT_SUPPORT,2025-04-16 18:25:00+00:00,127.7391,127.1459,1.2273,2025-04-16 18:25:00+00:00,128.43,2025-04-16 18:30:00+00:00,128.17,0.000882,0.0,2025-04-16 18:35:00+00:00,128.2341,16.410198,2104.35,126.9004,126.9004,0,2025-04-16 18:40:00+00:00,126.7101,STOP_LOSS,1,-25.01,1.6835,1.6635,4.1712,-28.36,-1.296
260,SOLUSDT,LONG,spot,STRICT_SUPPORT,2025-04-17 20:05:00+00:00,134.0108,133.7837,0.7025,2025-04-17 20:05:00+00:00,134.19,2025-04-17 20:10:00+00:00,134.23,0.039234,0.0,2025-04-17 20:15:00+00:00,134.2871,32.059713,4305.21,133.6432,134.3061,4,2025-04-17 21:05:00+00:00,134.1046,TRAILING_STOP,10,-5.85,3.4442,3.4395,8.6016,-12.73,-0.617
261,SOLUSDT,LONG,spot,STRICT_SUPPORT,2025-04-18 01:00:00+00:00,134.3497,134.2156,0.4169,2025-04-18 01:00:00+00:00,134.38,2025-04-18 01:05:00+00:00,134.92,0.030271,0.0,2025-04-18 01:10:00+00:00,134.9875,25.348758,3421.76,134.1322,135.1696,1,2025-04-18 03:00:00+00:00,134.9669,TRAILING_STOP,22,-0.52,2.7374,2.737,6.8427,-6.0,-0.277
262,SOLUSDT,LONG,spot,STRICT_SUPPORT,2025-04-18 18:40:00+00:00,133.845,133.7208,0.2834,2025-04-18 18:40:00+00:00,134.08,2025-04-18 18:50:00+00:00,134.07,0.024993,0.0,2025-04-18 18:55:00+00:00,134.137,31.957345,4286.66,133.6641,133.6641,0,2025-04-18 20:35:00+00:00,133.4636,STOP_LOSS,20,-21.52,3.4293,3.4121,8.541,-28.36,-1.877
263,SOLUSDT,LONG,spot,STRICT_SUPPORT,2025-04-18 23:50:00+00:00,133.9416,133.8899,0.2042,2025-04-18 23:50:00+00:00,134.09,2025-04-19 00:00:00+00:00,134.16,0.018423,0.0,2025-04-19 00:05:00+00:00,134.2171,31.729087,4258.59,133.849,133.849,0,2025-04-19 00:15:00+00:00,133.6483,STOP_LOSS,2,-18.05,3.4069,3.3924,8.4901,-24.85,-2.128
264,ETHUSDT,LONG,spot,STRICT_SUPPORT,2025-04-19 13:15:00+00:00,1598.1511,1597.5983,1.7017,2025-04-19 13:15:00+00:00,1598.4,2025-04-19 13:20:00+00:00,1601.25,0.04893,0.0,2025-04-19 13:25:00+00:00,1602.0506,2.642854,4233.99,1597.2579,1604.4201,8,2025-04-19 15:00:00+00:00,1602.0135,TRAILING_STOP,19,-0.1,3.3872,3.3871,8.4678,-6.87,-0.543
265,BTCUSDT,LONG,spot,STRICT_SUPPORT,2025-04-21 13:40:00+00:00,87210.7381,87170.994,228.5796,2025-04-21 13:40:00+00:00,87444.84,2025-04-21 13:45:00+00:00,87489.35,19.971935,0.0,2025-04-21 13:50:00+00:00,87533.1047,0.048292,4227.18,87125.2781,87125.2781,0,2025-04-21 13:55:00+00:00,86994.5901,STOP_LOSS,1,-26.01,3.3817,3.3609,8.4154,-32.75,-1.663
266,SOLUSDT,LONG,spot,STRICT_SUPPORT,2025-04-23 16:45:00+00:00,151.2139,150.9778,0.7756,2025-04-23 16:45:00+00:00,151.4,2025-04-23 16:50:00+00:00,151.62,0.056105,0.0,2025-04-23 16:55:00+00:00,151.6858,24.546137,3723.3,150.8227,150.8227,0,2025-04-23 17:00:00+00:00,150.5965,STOP_LOSS,1,-26.74,2.9786,2.9572,7.4065,-32.67,-1.542
267,ETHUSDT,LONG,spot,STRICT_SUPPORT,2025-04-23 16:50:00+00:00,1792.2438,1789.5034,7.34,2025-04-23 16:50:00+00:00,1794.8,2025-04-23 16:55:00+00:00,1792.6,0.356191,0.0,2025-04-23 17:00:00+00:00,1793.4863,2.32085,4162.41,1788.0354,1791.8207,4,2025-04-23 17:25:00+00:00,1789.1329,TRAILING_STOP,5,-10.1,3.3299,3.3218,8.3097,-16.76,-1.324
268,SOLUSDT,LONG,spot,STRICT_SUPPORT,2025-04-23 17:50:00+00:00,151.3171,151.2788,0.5052,2025-04-23 17:50:00+00:00,151.42,2025-04-23 18:00:00+00:00,151.62,0.032898,0.0,2025-04-23 18:05:00+00:00,151.7058,27.328061,4145.83,151.1778,151.5891,1,2025-04-23 18:25:00+00:00,151.3617,TRAILING_STOP,4,-9.4,3.3167,3.3091,8.2775,-16.03,-1.111
269,SOLUSDT,LONG,spot,STRICT_SUPPORT,2025-04-23 18:15:00+00:00,151.5403,151.3337,0.4544,2025-04-23 18:15:00+00:00,152.2,2025-04-23 18:25:00+00:00,151.6,0.039728,0.0,2025-04-23 18:30:00+00:00,151.6758,27.228836,4129.96,151.2428,151.2428,0,2025-04-23 18:40:00+00:00,151.0159,STOP_LOSS,2,-17.97,3.304,3.2896,8.233,-24.56,-2.083
270,ETHUSDT,LONG,spot,STRICT_SUPPORT,2025-04-24 20:00:00+00:00,1762.7499,1761.5816,3.9037,2025-04-24 20:00:00+00:00,1765.4,2025-04-24 20:20:00+00:00,1765.99,0.060076,0.0,2025-04-24 20:25:00+00:00,1766.883,2.323663,4105.64,1760.8009,1760.8009,0,2025-04-24 21:00:00+00:00,1758.1597,STOP_LOSS,7,-20.27,3.2845,3.2683,8.1809,-26.82,-1.898
271,ETHUSDT,LONG,spot,STRICT_SUPPORT,2025-04-25 22:30:00+00:00,1796.0378,1794.3777,3.8424,2025-04-25 22:30:00+00:00,1796.16,2025-04-25 22:35:00+00:00,1798.36,0.112244,0.0,2025-04-25 22:40:00+00:00,1799.2592,2.267092,4079.09,1793.6092,1793.6092,0,2025-04-25 23:00:00+00:00,1790.9188,STOP_LOSS,4,-18.91,3.2633,3.2481,8.1298,-25.42,-1.985
272,BTCUSDT,LONG,spot,STRICT_SUPPORT,2025-04-29 17:15:00+00:00,95036.7972,94933.3574,214.517,2025-04-29 17:15:00+00:00,95102.04,2025-04-29 17:30:00+00:00,95080.71,16.872759,0.0,2025-04-29 17:35:00+00:00,95128.2604,0.042615,4053.92,94890.454,95080.2877,3,2025-04-29 18:05:00+00:00,94937.6673,TRAILING_STOP,6,-8.12,3.2431,3.2366,8.0957,-14.6,-1.441
273,ETHUSDT,LONG,spot,STRICT_SUPPORT,2025-05-02 12:50:00+00:00,1832.6714,1830.588,5.5609,2025-05-02 12:50:00+00:00,1839.07,2025-05-02 13:10:00+00:00,1833.4,0.428596,0.0,2025-05-02 13:15:00+00:00,1834.3067,2.202175,4039.46,1829.4758,1831.5522,1,2025-05-02 13:35:00+00:00,1828.8048,TRAILING_STOP,4,-12.12,3.2316,3.2219,8.0608,-18.57,-1.745
274,ETHUSDT,LONG,spot,STRICT_SUPPORT,2025-05-02 14:00:00+00:00,1834.5128,1832.4502,4.6473,2025-05-02 14:00:00+00:00,1838.24,2025-05-02 14:10:00+00:00,1837.91,0.017184,0.0,2025-05-02 14:15:00+00:00,1838.819,2.186773,4021.08,1831.5208,1844.3756,4,2025-05-02 15:15:00+00:00,1841.609,TRAILING_STOP,12,6.1,3.2169,3.2217,8.0513,-0.34,-0.021
275,BTCUSDT,LONG,spot,STRICT_SUPPORT,2025-05-06 14:30:00+00:00,94093.9324,94003.185,245.426,2025-05-06 14:30:00+00:00,94417.74,2025-05-06 14:50:00+00:00,94169.62,8.487629,0.0,2025-05-06 14:55:00+00:00,94216.7048,0.042676,4020.75,93954.0998,94430.2433,9,2025-05-06 16:05:00+00:00,94288.598,TRAILING_STOP,14,3.07,3.2166,3.2191,8.0461,-3.37,-0.3
276,ETHUSDT,LONG,spot,STRICT_SUPPORT,2025-05-11 23:00:00+00:00,2503.5921,2501.14,8.5438,2025-05-11 23:00:00+00:00,2508.76,2025-05-11 23:10:00+00:00,2507.55,0.487897,0.0,2025-05-11 23:15:00+00:00,2508.8038,1.601326,4017.41,2499.4313,2499.4313,0,2025-05-11 23:35:00+00:00,2495.6821,STOP_LOSS,4,-21.01,3.2139,3.1971,8.0033,-27.42,-1.827
277,ETHUSDT,LONG,spot,STRICT_SUPPORT,2025-05-11 23:45:00+00:00,2505.3067,2502.0655,7.1572,2025-05-11 23:45:00+00:00,2506.57,2025-05-11 23:50:00+00:00,2507.69,0.213312,0.0,2025-05-11 23:55:00+00:00,2508.9338,1.590422,3990.26,2500.6341,2525.9918,5,2025-05-12 00:45:00+00:00,2522.2028,TRAILING_STOP,10,21.1,3.1922,3.2091,8.0122,14.7,1.114
278,ETHUSDT,LONG,spot,STRICT_SUPPORT,2025-05-12 04:45:00+00:00,2516.4542,2513.5207,7.0338,2025-05-12 04:45:00+00:00,2516.87,2025-05-12 04:50:00+00:00,2520.61,0.405768,0.0,2025-05-12 04:55:00+00:00,2521.8603,1.588041,4004.82,2512.1139,2512.1139,0,2025-05-12 05:10:00+00:00,2508.3458,STOP_LOSS,3,-21.46,3.2039,3.1867,7.9774,-27.85,-1.8
279,BTCUSDT,LONG,spot,STRICT_SUPPORT,2025-05-12 10:30:00+00:00,104416.9366,104347.3622,147.302,2025-05-12 10:30:00+00:00,104444.45,2025-05-12 10:35:00+00:00,104535.0,3.153422,0.0,2025-05-12 10:40:00+00:00,104587.2675,0.038028,3977.24,104317.9018,104317.9018,0,2025-05-12 11:20:00+00:00,104161.425,STOP_LOSS,8,-16.19,3.1818,3.1688,7.9302,-22.54,-2.201
280,SOLUSDT,LONG,spot,STRICT_SUPPORT,2025-05-14 11:50:00+00:00,180.8277,180.6159,0.5532,2025-05-14 11:50:00+00:00,181.28,2025-05-14 11:55:00+00:00,181.06,0.032336,0.0,2025-05-14 12:00:00+00:00,181.1505,21.832262,3954.93,180.5053,180.9618,3,2025-05-14 12:35:00+00:00,180.6904,TRAILING_STOP,7,-10.05,3.1639,3.1559,7.8948,-16.37,-1.162
281,SOLUSDT,LONG,spot,STRICT_SUPPORT,2025-05-18 00:55:00+00:00,166.3855,166.1789,0.4427,2025-05-18 00:55:00+00:00,167.25,2025-05-18 01:30:00+00:00,166.66,0.024504,0.0,2025-05-18 01:35:00+00:00,166.7333,23.622896,3938.72,166.0904,166.0904,0,2025-05-18 01:45:00+00:00,165.8413,STOP_LOSS,2,-21.07,3.151,3.1341,7.8458,-27.36,-1.801
282,BNBUSDT,LONG,spot,STRICT_SUPPORT,2025-05-18 01:05:00+00:00,640.392,640.1874,0.8219,2025-05-18 01:05:00+00:00,641.37,2025-05-18 01:30:00+00:00,641.38,0.017997,0.0,2025-05-18 01:35:00+00:00,641.7007,6.133084,3935.6,640.023,641.8776,1,2025-05-18 03:15:00+00:00,640.9148,TRAILING_STOP,20,-4.82,3.1485,3.1446,7.864,-11.11,-1.08
283,SOLUSDT,LONG,spot,STRICT_SUPPORT,2025-05-21 21:35:00+00:00,169.9669,169.8461,0.5003,2025-05-21 21:35:00+00:00,170.36,2025-05-21 21:55:00+00:00,170.13,0.033139,0.0,2025-05-21 22:00:00+00:00,170.2051,22.917283,3900.64,169.746,169.746,0,2025-05-21 22:10:00+00:00,169.4914,STOP_LOSS,2,-16.36,3.1205,3.1074,7.7767,-22.58,-2.147
284,BTCUSDT,LONG,spot,STRICT_SUPPORT,2025-05-22 15:15:00+00:00,111023.6238,110906.1025,296.691,2025-05-22 15:15:00+00:00,111141.95,2025-05-22 15:30:00+00:00,111217.27,19.846211,0.0,2025-05-22 15:35:00+00:00,111272.8686,0.034854,3878.28,110846.7643,111365.5689,1,2025-05-22 16:20:00+00:00,111198.5206,TRAILING_STOP,9,-2.59,3.1026,3.1006,7.7527,-8.79,-0.592
285,SOLUSDT,LONG,spot,STRICT_SUPPORT,2025-05-23 17:10:00+00:00,181.3567,181.0523,0.8952,2025-05-23 17:10:00+00:00,181.58,2025-05-23 17:15:00+00:00,181.61,0.003335,0.0,2025-05-23 17:20:00+00:00,181.7108,21.295231,3869.57,180.8733,180.8733,0,2025-05-23 17:40:00+00:00,180.602,STOP_LOSS,4,-23.61,3.0957,3.0768,7.7037,-29.79,-1.67
286,SOLUSDT,LONG,spot,STRICT_SUPPORT,2025-05-24 14:40:00+00:00,176.2157,176.0178,0.3978,2025-05-24 14:40:00+00:00,176.4,2025-05-24 15:20:00+00:00,176.36,0.024301,0.0,2025-05-24 15:25:00+00:00,176.4482,21.763252,3840.09,175.9382,175.9382,0,2025-05-24 15:45:00+00:00,175.6743,STOP_LOSS,4,-16.84,3.0721,3.0586,7.6549,-22.97,-2.07
287,BTCUSDT,LONG,spot,STRICT_SUPPORT,2025-05-27 15:30:00+00:00,109702.3929,109618.4416,295.3725,2025-05-27 15:30:00+00:00,109772.72,2025-05-27 15:35:00+00:00,109960.82,24.877069,0.0,2025-05-27 15:40:00+00:00,110015.8104,0.034698,3817.34,109559.3671,110119.8196,4,2025-05-27 16:55:00+00:00,109954.6399,TRAILING_STOP,15,-2.12,3.0539,3.0522,7.6315,-8.23,-0.52
288,ETHUSDT,LONG,spot,STRICT_SUPPORT,2025-05-28 17:55:00+00:00,2647.5913,2644.6221,6.4869,2025-05-28 17:55:00+00:00,2652.8,2025-05-28 18:05:00+00:00,2653.0,0.578728,0.0,2025-05-28 18:10:00+00:00,2654.3165,1.435095,3809.2,2643.3247,2643.3247,0,2025-05-28 18:30:00+00:00,2639.3597,STOP_LOSS,4,-21.46,3.0474,3.0302,7.5862,-27.54,-1.746
289,SOLUSDT,LONG,spot,STRICT_SUPPORT,2025-05-29 08:45:00+00:00,172.5597,172.4766,0.3852,2025-05-29 08:45:00+00:00,172.57,2025-05-29 08:50:00+00:00,173.03,0.000318,0.0,2025-05-29 08:55:00+00:00,173.1065,21.847417,3781.93,172.3996,172.3996,0,2025-05-29 09:45:00+00:00,172.141,STOP_LOSS,10,-21.09,3.0255,3.0087,7.5322,-27.13,-1.756
290,ETHUSDT,LONG,spot,STRICT_SUPPORT,2025-06-03 18:55:00+00:00,2618.376,2616.7232,4.2405,2025-06-03 18:55:00+00:00,2618.41,2025-06-03 19:00:00+00:00,2622.77,0.033978,0.0,2025-06-03 19:05:00+00:00,2624.0814,1.431005,3755.07,2615.8751,2615.8751,0,2025-06-03 19:50:00+00:00,2611.9513,STOP_LOSS,9,-17.36,3.0041,2.9902,7.4841,-23.35,-1.989
291,ETHUSDT,LONG,spot,STRICT_SUPPORT,2025-06-06 20:45:00+00:00,2495.0474,2492.9957,5.7593,2025-06-06 20:45:00+00:00,2496.6,2025-06-06 20:50:00+00:00,2502.68,0.422597,0.0,2025-06-06 20:55:00+00:00,2503.9313,1.490438,3731.95,2491.8438,2491.8438,0,2025-06-06 21:10:00+00:00,2488.106,STOP_LOSS,3,-23.59,2.9856,2.9667,7.4285,-29.54,-1.64
292,ETHUSDT,LONG,spot,STRICT_SUPPORT,2025-06-07 10:20:00+00:00,2488.2992,2487.3298,3.1926,2025-06-07 10:20:00+00:00,2493.99,2025-06-07 10:50:00+00:00,2494.86,0.200764,0.0,2025-06-07 10:55:00+00:00,2496.1174,1.483388,3702.71,2486.6913,2499.7652,1,2025-06-07 12:45:00+00:00,2496.0155,TRAILING_STOP,22,-0.15,2.9622,2.962,7.4052,-6.08,-0.434
293,BNBUSDT,LONG,spot,STRICT_SUPPORT,2025-06-11 06:20:00+00:00,669.6295,669.431,0.5584,2025-06-11 06:20:00+00:00,670.29,2025-06-11 06:25:00+00:00,671.46,0.010505,0.0,2025-06-11 06:30:00+00:00,671.7857,5.50279,3696.7,669.3193,669.3193,0,2025-06-11 07:05:00+00:00,668.3154,STOP_LOSS,7,-19.1,2.9574,2.9421,7.3647,-25.0,-1.842
294,BTCUSDT,LONG,spot,STRICT_SUPPORT,2025-06-13 20:35:00+00:00,105188.0043,105119.8602,161.3463,2025-06-13 20:35:00+00:00,105305.99,2025-06-13 20:50:00+00:00,105346.88,15.85568,0.0,2025-06-13 20:55:00+00:00,105399.5534,0.034838,3671.95,105087.5909,105633.7795,10,2025-06-13 22:35:00+00:00,105475.3288,TRAILING_STOP,20,2.64,2.9376,2.9397,7.3479,-3.24,-0.298
295,BTCUSDT,LONG,spot,STRICT_SUPPORT,2025-06-18 15:45:00+00:00,104740.7095,104673.0749,229.5443,2025-06-18 15:45:00+00:00,104949.75,2025-06-18 15:50:00+00:00,104865.24,16.950464,0.0,2025-06-18 15:55:00+00:00,104917.6826,0.034968,3668.74,104627.166,104627.166,0,2025-06-18 16:00:00+00:00,104470.2253,STOP_LOSS,1,-15.65,2.935,2.9225,7.314,-21.5,-2.117
296,BTCUSDT,LONG,spot,STRICT_SUPPORT,2025-06-26 01:35:00+00:00,107376.8198,107361.4593,191.015,2025-06-26 01:35:00+00:00,107539.43,2025-06-26 01:40:00+00:00,107629.88,14.470199,0.0,2025-06-26 01:45:00+00:00,107683.6849,0.033872,3647.46,107323.2563,107921.3453,4,2025-06-26 03:20:00+00:00,107759.4633,TRAILING_STOP,19,2.57,2.918,2.92,7.2988,-3.27,-0.268
297,SOLUSDT,LONG,spot,STRICT_SUPPORT,2025-06-29 07:55:00+00:00,149.9253,149.8907,0.2191,2025-06-29 07:55:00+00:00,150.32,2025-06-29 08:20:00+00:00,150.15,0.004653,0.0,2025-06-29 08:25:00+00:00,150.2151,24.259996,3644.22,149.8469,151.5394,12,2025-06-29 09:50:00+00:00,151.3121,TRAILING_STOP,17,26.61,2.9154,2.9367,7.3284,20.76,2.325
298,ETHUSDT,LONG,spot,STRICT_SUPPORT,2025-06-30 16:00:00+00:00,2465.0127,2461.2125,10.1358,2025-06-30 16:00:00+00:00,2469.36,2025-06-30 16:20:00+00:00,2466.75,0.257335,0.0,2025-06-30 16:25:00+00:00,2467.9934,1.48492,3664.77,2459.1853,2483.8414,15,2025-06-30 18:10:00+00:00,2480.1156,TRAILING_STOP,21,18.0,2.9318,2.9462,7.3565,12.12,0.927
299,ETHUSDT,LONG,spot,STRICT_SUPPORT,2025-07-01 00:50:00+00:00,2491.0418,2489.0368,4.5035,2025-07-01 00:50:00+00:00,2493.18,2025-07-01 00:55:00+00:00,2493.35,0.218236,0.0,2025-07-01 01:00:00+00:00,2494.5967,1.473895,3676.77,2488.1361,2488.1361,0,2025-07-01 01:50:00+00:00,2484.4039,STOP_LOSS,10,-15.02,2.9414,2.9294,7.331,-20.89,-2.194
300,SOLUSDT,LONG,spot,STRICT_SUPPORT,2025-07-07 13:50:00+00:00,152.0919,151.9507,0.4971,2025-07-07 13:50:00+00:00,152.26,2025-07-07 14:10:00+00:00,152.36,0.038059,0.0,2025-07-07 14:15:00+00:00,152.4462,23.982814,3656.09,151.8513,151.8513,0,2025-07-07 14:35:00+00:00,151.6235,STOP_LOSS,4,-19.73,2.9249,2.9091,7.2826,-25.56,-1.792
301,ETHUSDT,LONG,spot,STRICT_SUPPORT,2025-07-11 14:30:00+00:00,2993.6133,2988.5693,11.0076,2025-07-11 14:30:00+00:00,2998.72,2025-07-11 14:40:00+00:00,3001.06,0.456679,0.0,2025-07-11 14:45:00+00:00,3002.5505,1.133139,3402.31,2986.3678,2986.3678,0,2025-07-11 14:50:00+00:00,2981.8883,STOP_LOSS,1,-23.41,2.7218,2.7031,6.7695,-28.84,-1.573
302,ETHUSDT,LONG,spot,STRICT_SUPPORT,2025-07-12 07:20:00+00:00,2961.2137,2959.0731,6.3296,2025-07-12 07:20:00+00:00,2969.99,2025-07-12 07:50:00+00:00,2964.6,0.286331,0.0,2025-07-12 07:55:00+00:00,2966.0823,1.214474,3602.23,2957.8071,2957.8071,0,2025-07-12 08:50:00+00:00,2953.3704,STOP_LOSS,11,-15.44,2.8818,2.8694,7.1813,-21.19,-2.108
303,ETHUSDT,LONG,spot,STRICT_SUPPORT,2025-07-17 20:55:00+00:00,3417.2059,3413.3083,13.7524,2025-07-17 20:55:00+00:00,3420.76,2025-07-17 21:00:00+00:00,3438.8,0.174121,0.0,2025-07-17 21:05:00+00:00,3440.5094,0.60388,2077.66,3410.5579,3464.9237,3,2025-07-17 21:35:00+00:00,3459.7263,TRAILING_STOP,6,11.6,1.6621,1.6714,4.1727,8.27,0.457
304,ETHUSDT,LONG,spot,STRICT_SUPPORT,2025-07-19 13:30:00+00:00,3561.7585,3559.4417,7.8647,2025-07-19 13:30:00+00:00,3567.89,2025-07-19 13:40:00+00:00,3566.41,0.541539,0.0,2025-07-19 13:45:00+00:00,3568.1932,1.005955,3589.44,3557.8688,3557.8688,0,2025-07-19 13:50:00+00:00,3552.532,STOP_LOSS,1,-15.75,2.8716,2.859,7.1553,-21.49,-2.069
305,BNBUSDT,LONG,spot,STRICT_SUPPORT,2025-07-21 00:55:00+00:00,753.3922,752.5998,2.7992,2025-07-21 00:55:00+00:00,755.69,2025-07-21 01:05:00+00:00,753.65,0.017775,0.0,2025-07-21 01:10:00+00:00,754.0168,4.732218,3568.17,752.04,752.04,0,2025-07-21 01:15:00+00:00,750.4826,STOP_LOSS,1,-16.72,2.8545,2.8412,7.1113,-22.42,-2.397
306,ETHUSDT,LONG,spot,STRICT_SUPPORT,2025-07-22 02:00:00+00:00,3762.7614,3758.7874,15.2767,2025-07-22 02:00:00+00:00,3783.37,2025-07-22 02:40:00+00:00,3765.78,0.428592,0.0,2025-07-22 02:45:00+00:00,3767.6729,0.941158,3545.98,3755.732,3755.732,0,2025-07-22 02:50:00+00:00,3750.0984,STOP_LOSS,1,-16.54,2.8368,2.8235,7.0671,-22.2,-1.975
307,ETHUSDT,LONG,spot,STRICT_SUPPORT,2025-07-22 19:00:00+00:00,3703.3577,3700.1064,13.5651,2025-07-22 19:00:00+00:00,3706.48,2025-07-22 19:20:00+00:00,3705.72,0.302317,0.0,2025-07-22 19:25:00+00:00,3707.5729,0.950486,3524.0,3697.3934,3697.3934,0,2025-07-22 19:30:00+00:00,3691.8473,STOP_LOSS,1,-14.95,2.8192,2.8072,7.0256,-20.57,-2.126
308,SOLUSDT,LONG,spot,STRICT_SUPPORT,2025-07-28 12:25:00+00:00,192.1754,192.0345,0.4704,2025-07-28 12:25:00+00:00,192.47,2025-07-28 12:30:00+00:00,192.71,0.02463,0.0,2025-07-28 12:35:00+00:00,192.8064,18.171752,3503.63,191.9404,191.9404,0,2025-07-28 13:10:00+00:00,191.6525,STOP_LOSS,7,-20.97,2.8029,2.7861,6.9758,-26.56,-1.688
309,SOLUSDT,LONG,spot,STRICT_SUPPORT,2025-08-06 13:50:00+00:00,164.0236,163.7697,0.7157,2025-08-06 13:50:00+00:00,164.49,2025-08-06 13:55:00+00:00,164.29,0.056399,0.0,2025-08-06 14:00:00+00:00,164.3721,21.155276,3477.34,163.6266,164.7481,1,2025-08-06 14:15:00+00:00,164.5009,TRAILING_STOP,3,2.72,2.7819,2.7841,6.9588,-2.84,-0.18
310,BTCUSDT,LONG,spot,STRICT_SUPPORT,2025-08-06 14:30:00+00:00,114143.571,114060.4911,230.9235,2025-08-06 14:30:00+00:00,114226.76,2025-08-06 14:50:00+00:00,114443.99,14.388976,0.0,2025-08-06 14:55:00+00:00,114501.212,0.030345,3474.53,114014.3064,115152.3064,13,2025-08-06 16:10:00+00:00,114979.578,TRAILING_STOP,15,14.52,2.7796,2.7912,6.9708,8.95,0.605
311,BNBUSDT,LONG,spot,STRICT_SUPPORT,2025-08-18 00:50:00+00:00,855.4486,855.3263,1.7098,2025-08-18 00:50:00+00:00,856.17,2025-08-18 00:55:00+00:00,857.05,0.051449,0.0,2025-08-18 01:00:00+00:00,857.4785,4.062354,3483.38,854.9844,854.9844,0,2025-08-18 01:20:00+00:00,853.7019,STOP_LOSS,4,-15.34,2.7867,2.7744,6.9437,-20.9,-2.063
312,BNBUSDT,LONG,spot,STRICT_SUPPORT,2025-08-25 01:30:00+00:00,874.2814,873.372,2.3756,2025-08-25 01:30:00+00:00,875.3,2025-08-25 01:35:00+00:00,875.21,0.028575,0.0,2025-08-25 01:40:00+00:00,875.6576,3.954385,3462.69,872.8969,877.657,12,2025-08-25 03:20:00+00:00,876.3406,TRAILING_STOP,20,2.7,2.7701,2.7723,6.9294,-2.84,-0.26
313,ETHUSDT,LONG,spot,STRICT_SUPPORT,2025-08-27 02:40:00+00:00,4573.5469,4566.9714,13.1931,2025-08-27 02:40:00+00:00,4582.82,2025-08-27 02:45:00+00:00,4585.73,0.753109,0.0,2025-08-27 02:50:00+00:00,4588.0229,0.737614,3384.19,4564.3328,4564.3328,0,2025-08-27 03:10:00+00:00,4557.4863,STOP_LOSS,4,-22.52,2.7074,2.6893,6.7346,-27.92,-1.598
314,ETHUSDT,LONG,spot,STRICT_SUPPORT,2025-08-27 11:40:00+00:00,4593.0163,4590.1735,8.8389,2025-08-27 11:40:00+00:00,4600.0,2025-08-27 12:10:00+00:00,4611.89,0.193701,0.0,2025-08-27 12:15:00+00:00,4614.2059,0.671875,3100.17,4588.4057,4588.4057,0,2025-08-27 12:30:00+00:00,4581.5231,STOP_LOSS,3,-21.96,2.4801,2.4626,6.1674,-26.9,-1.552
315,BNBUSDT,LONG,spot,STRICT_SUPPORT,2025-08-27 13:45:00+00:00,858.5091,858.2053,1.9578,2025-08-27 13:45:00+00:00,860.38,2025-08-27 13:50:00+00:00,860.46,0.170923,0.0,2025-08-27 13:55:00+00:00,860.8902,3.955905,3405.6,857.8138,857.8138,0,2025-08-27 14:00:00+00:00,856.527,STOP_LOSS,1,-17.26,2.7245,2.7107,6.7853,-22.7,-1.865
316,BNBUSDT,LONG,spot,STRICT_SUPPORT,2025-08-27 14:05:00+00:00,858.6712,858.366,2.1976,2025-08-27 14:05:00+00:00,859.59,2025-08-27 14:15:00+00:00,861.27,0.128778,0.0,2025-08-27 14:20:00+00:00,861.7106,3.926064,3383.13,857.9265,861.194,3,2025-08-27 14:45:00+00:00,859.9023,TRAILING_STOP,5,-7.1,2.7065,2.7008,6.7556,-12.51,-0.842
317,BNBUSDT,LONG,spot,STRICT_SUPPORT,2025-08-27 14:30:00+00:00,859.8914,858.857,2.3136,2025-08-27 14:30:00+00:00,864.95,2025-08-27 14:45:00+00:00,863.36,0.058609,0.0,2025-08-27 14:50:00+00:00,863.8017,3.148295,2719.5,858.3943,858.3943,0,2025-08-27 20:05:00+00:00,857.1067,STOP_LOSS,63,-21.08,2.1756,2.1587,5.4074,-25.41,-1.493
318,SOLUSDT,LONG,spot,STRICT_SUPPORT,2025-08-27 20:40:00+00:00,207.5006,206.907,1.8835,2025-08-27 20:40:00+00:00,208.22,2025-08-27 20:45:00+00:00,208.43,0.149435,0.0,2025-08-27 20:50:00+00:00,208.5442,8.389894,1749.66,206.5303,206.5303,0,2025-08-27 21:20:00+00:00,206.2205,STOP_LOSS,6,-19.5,1.3997,1.3841,3.4701,-22.28,-1.319
319,ETHUSDT,LONG,spot,STRICT_SUPPORT,2025-08-29 21:45:00+00:00,4344.3222,4338.5241,14.2774,2025-08-29 21:45:00+00:00,4373.92,2025-08-29 22:10:00+00:00,4346.89,0.817766,0.0,2025-08-29 22:15:00+00:00,4349.0634,0.764195,3323.53,4335.6686,4360.2514,15,2025-08-29 23:55:00+00:00,4353.711,TRAILING_STOP,20,3.55,2.6588,2.6617,6.6524,-1.77,-0.173
320,BNBUSDT,LONG,spot,STRICT_SUPPORT,2025-09-08 11:40:00+00:00,876.4348,876.0395,0.9795,2025-09-08 11:40:00+00:00,876.5,2025-09-08 11:45:00+00:00,878.09,0.065151,0.0,2025-09-08 11:50:00+00:00,878.529,3.781073,3321.78,875.8436,879.59,1,2025-09-08 13:35:00+00:00,878.2706,TRAILING_STOP,21,-0.98,2.6574,2.6566,6.6421,-6.29,-0.62
321,SOLUSDT,LONG,spot,STRICT_SUPPORT,2025-09-09 22:15:00+00:00,215.8806,215.8274,0.4697,2025-09-09 22:15:00+00:00,216.14,2025-09-09 22:20:00+00:00,216.4,0.039412,0.0,2025-09-09 22:25:00+00:00,216.5082,15.313759,3315.55,215.7335,216.8393,5,2025-09-09 23:35:00+00:00,216.514,TRAILING_STOP,14,0.09,2.6524,2.6525,6.6312,-5.22,-0.44
322,ETHUSDT,LONG,spot,STRICT_SUPPORT,2025-09-11 13:55:00+00:00,4422.237,4418.1964,20.5706,2025-09-11 13:55:00+00:00,4437.4,2025-09-11 14:00:00+00:00,4428.61,0.652982,0.0,2025-09-11 14:05:00+00:00,4430.8243,0.747127,3310.39,4414.0823,4414.0823,0,2025-09-11 14:10:00+00:00,4407.4612,STOP_LOSS,1,-17.46,2.6483,2.6343,6.5946,-22.74,-1.818
323,SOLUSDT,LONG,spot,STRICT_SUPPORT,2025-09-11 21:45:00+00:00,226.3538,226.2506,0.4513,2025-09-11 21:45:00+00:00,226.92,2025-09-11 22:00:00+00:00,226.68,0.026222,0.0,2025-09-11 22:05:00+00:00,226.7833,14.497891,3287.88,226.1604,227.5404,5,2025-09-11 22:35:00+00:00,227.1991,TRAILING_STOP,6,6.03,2.6303,2.6351,6.5848,0.76,0.084
324,BTCUSDT,LONG,spot,STRICT_SUPPORT,2025-09-12 16:15:00+00:00,115151.0829,115103.8205,131.5311,2025-09-12 16:15:00+00:00,115253.23,2025-09-12 16:20:00+00:00,115337.25,10.43706,0.0,2025-09-12 16:25:00+00:00,115394.5184,0.028499,3288.63,115077.5142,116277.8676,16,2025-09-12 19:15:00+00:00,116103.4508,TRAILING_STOP,34,20.2,2.6309,2.6471,6.6076,14.93,1.652
325,SOLUSDT,LONG,spot,STRICT_SUPPORT,2025-09-16 01:20:00+00:00,234.3111,234.0935,0.6301,2025-09-16 01:20:00+00:00,235.54,2025-09-16 01:35:00+00:00,234.51,0.008861,0.0,2025-09-16 01:40:00+00:00,234.6273,14.079402,3303.41,233.9675,234.1906,1,2025-09-16 01:50:00+00:00,233.8393,TRAILING_STOP,2,-11.09,2.6427,2.6339,6.5902,-16.37,-1.762
326,SOLUSDT,LONG,spot,STRICT_SUPPORT,2025-09-16 05:05:00+00:00,234.5907,234.3908,0.6467,2025-09-16 05:05:00+00:00,235.7,2025-09-16 05:20:00+00:00,234.89,0.039302,0.0,2025-09-16 05:25:00+00:00,235.0174,13.987067,3287.2,234.2615,235.9356,7,2025-09-16 06:25:00+00:00,235.5817,TRAILING_STOP,12,7.89,2.6298,2.6361,6.5862,2.63,0.248
327,SOLUSDT,LONG,spot,STRICT_SUPPORT,2025-09-23 15:30:00+00:00,219.0427,218.9449,0.8873,2025-09-23 15:30:00+00:00,219.44,2025-09-23 15:35:00+00:00,219.27,0.047308,0.0,2025-09-23 15:40:00+00:00,219.3696,14.996628,3289.8,218.7675,218.7675,0,2025-09-23 16:05:00+00:00,218.4393,STOP_LOSS,5,-13.95,2.6318,2.6207,6.5587,-19.2,-2.127
328,ETHUSDT,LONG,spot,STRICT_SUPPORT,2025-09-26 12:50:00+00:00,3916.5466,3910.1174,18.4702,2025-09-26 12:50:00+00:00,3929.9,2025-09-26 13:15:00+00:00,3927.83,1.623375,0.0,2025-09-26 13:20:00+00:00,3929.8039,0.706534,2776.54,3906.4234,3948.0927,4,2025-09-26 14:10:00+00:00,3942.1706,TRAILING_STOP,10,8.74,2.2212,2.2282,5.5662,4.29,0.26
329,SOLUSDT,LONG,spot,STRICT_SUPPORT,2025-09-26 12:50:00+00:00,194.6068,194.0778,1.3393,2025-09-26 12:50:00+00:00,195.95,2025-09-26 13:25:00+00:00,195.07,0.063171,0.0,2025-09-26 13:30:00+00:00,195.1775,12.050333,2351.95,193.8099,195.1108,7,2025-09-26 14:20:00+00:00,194.8182,TRAILING_STOP,10,-4.33,1.8816,1.8781,4.6974,-8.09,-0.491
330,ETHUSDT,LONG,spot,STRICT_SUPPORT,2025-09-29 08:10:00+00:00,4107.789,4104.8353,6.4293,2025-09-29 08:10:00+00:00,4109.43,2025-09-29 08:15:00+00:00,4115.46,0.53099,0.0,2025-09-29 08:20:00+00:00,4117.5177,0.793446,3267.03,4103.5495,4123.6006,2,2025-09-29 08:55:00+00:00,4117.4152,TRAILING_STOP,7,-0.08,2.6136,2.6136,6.5339,-5.31,-0.479
331,SOLUSDT,LONG,spot,STRICT_SUPPORT,2025-10-01 05:05:00+00:00,208.7851,208.6736,0.6365,2025-10-01 05:05:00+00:00,209.56,2025-10-01 05:30:00+00:00,209.62,0.044925,0.0,2025-10-01 05:35:00+00:00,209.7248,13.978027,2931.54,208.5463,208.5463,0,2025-10-01 06:20:00+00:00,208.2335,STOP_LOSS,9,-20.85,2.3452,2.3286,5.8318,-25.52,-1.549
332,SOLUSDT,LONG,spot,STRICT_SUPPORT,2025-10-02 15:20:00+00:00,225.395,225.0297,1.0563,2025-10-02 15:20:00+00:00,226.04,2025-10-02 15:30:00+00:00,225.56,0.024989,0.0,2025-10-02 15:35:00+00:00,225.6628,14.342233,3236.51,224.8184,227.6047,8,2025-10-02 16:35:00+00:00,227.2633,TRAILING_STOP,12,22.95,2.5892,2.6076,6.5074,17.76,1.466
333,ETHUSDT,LONG,spot,STRICT_SUPPORT,2025-10-03 12:30:00+00:00,4479.3965,4476.2831,8.0544,2025-10-03 12:30:00+00:00,4485.58,2025-10-03 12:35:00+00:00,4489.39,0.013527,0.0,2025-10-03 12:40:00+00:00,4491.6447,0.724476,3254.09,4474.6722,4474.6722,0,2025-10-03 13:00:00+00:00,4467.9602,STOP_LOSS,4,-17.16,2.6033,2.5895,6.4824,-22.35,-1.818
334,ETHUSDT,LONG,spot,STRICT_SUPPORT,2025-10-08 14:05:00+00:00,4481.0473,4478.1751,17.6556,2025-10-08 14:05:00+00:00,4504.52,2025-10-08 14:25:00+00:00,4486.16,1.162688,0.0,2025-10-08 14:30:00+00:00,4488.4031,0.720069,3231.96,4474.644,4474.644,0,2025-10-08 14:35:00+00:00,4467.9321,STOP_LOSS,1,-14.74,2.5856,2.5738,6.4418,-19.9,-2.009
335,SOLUSDT,LONG,spot,STRICT_SUPPORT,2025-10-09 05:35:00+00:00,227.1448,226.9331,0.6013,2025-10-09 05:35:00+00:00,227.99,2025-10-09 05:45:00+00:00,227.63,0.005209,0.0,2025-10-09 05:50:00+00:00,227.7438,14.104705,3212.26,226.8128,226.8128,0,2025-10-09 06:20:00+00:00,226.4726,STOP_LOSS,6,-17.93,2.5698,2.5555,6.3976,-23.06,-1.756
336,ETHUSDT,LONG,spot,STRICT_SUPPORT,2025-10-13 15:55:00+00:00,4127.7293,4122.4551,17.0849,2025-10-13 15:55:00+00:00,4135.0,2025-10-13 16:20:00+00:00,4154.94,1.410685,0.0,2025-10-13 16:25:00+00:00,4157.0275,0.42402,1762.66,4119.0381,4202.2253,2,2025-10-13 18:10:00+00:00,4195.922,TRAILING_STOP,21,16.49,1.4101,1.4233,3.5501,13.66,0.848
337,ETHUSDT,LONG,spot,STRICT_SUPPORT,2025-10-15 06:40:00+00:00,4103.7237,4101.269,14.3307,2025-10-15 06:40:00+00:00,4110.43,2025-10-15 07:05:00+00:00,4114.98,0.776303,0.0,2025-10-15 07:10:00+00:00,4117.0375,0.777976,3202.96,4098.4029,4184.1351,7,2025-10-15 08:45:00+00:00,4177.8589,TRAILING_STOP,19,47.32,2.5624,2.6002,6.4769,42.15,2.908
338,ETHUSDT,LONG,spot,STRICT_SUPPORT,2025-10-20 14:45:00+00:00,4033.7626,4032.4791,11.2957,2025-10-20 14:45:00+00:00,4037.09,2025-10-20 14:50:00+00:00,4040.72,0.697384,0.0,2025-10-20 14:55:00+00:00,4042.7404,0.802597,3244.69,4030.22,4030.22,0,2025-10-20 15:10:00+00:00,4024.1747,STOP_LOSS,3,-14.9,2.5958,2.5838,6.467,-20.08,-1.998
339,BNBUSDT,LONG,spot,STRICT_SUPPORT,2025-10-22 11:30:00+00:00,1067.6903,1066.501,3.4186,2025-10-22 11:30:00+00:00,1071.47,2025-10-22 11:40:00+00:00,1069.18,0.309707,0.0,2025-10-22 11:45:00+00:00,1069.7146,3.014646,3224.81,1065.8173,1065.8173,0,2025-10-22 12:05:00+00:00,1064.2186,STOP_LOSS,4,-16.57,2.5798,2.5666,6.4248,-21.71,-1.848
340,BTCUSDT,LONG,spot,STRICT_SUPPORT,2025-10-22 16:35:00+00:00,108383.8578,108212.0826,384.8014,2025-10-22 16:35:00+00:00,108541.14,2025-10-22 16:40:00+00:00,108421.16,26.142203,0.0,2025-10-22 16:45:00+00:00,108475.3706,0.02953,3203.31,108135.1223,108135.1223,0,2025-10-22 17:00:00+00:00,107972.9196,STOP_LOSS,3,-14.84,2.5627,2.5508,6.3844,-19.95,-1.986
341,BTCUSDT,LONG,spot,STRICT_SUPPORT,2025-10-23 13:40:00+00:00,109231.5797,109164.3881,256.0965,2025-10-23 13:40:00+00:00,109382.13,2025-10-23 13:45:00+00:00,109522.46,6.340325,0.0,2025-10-23 13:50:00+00:00,109577.2112,0.029053,3183.56,109113.1688,109113.1688,0,2025-10-23 14:05:00+00:00,108949.499,STOP_LOSS,3,-18.24,2.5468,2.5323,6.3398,-23.32,-1.729
342,BTCUSDT,LONG,spot,STRICT_SUPPORT,2025-10-24 12:40:00+00:00,111194.1958,111051.3669,307.0954,2025-10-24 12:40:00+00:00,111566.96,2025-10-24 12:45:00+00:00,111353.41,25.434183,0.0,2025-10-24 12:50:00+00:00,111409.0967,0.028368,3160.48,110989.9478,110989.9478,0,2025-10-24 13:35:00+00:00,110823.4629,STOP_LOSS,9,-16.61,2.5284,2.5151,6.296,-21.66,-1.821
343,SOLUSDT,LONG,spot,STRICT_SUPPORT,2025-10-26 22:10:00+00:00,198.5174,198.2395,0.8603,2025-10-26 22:10:00+00:00,199.73,2025-10-26 22:25:00+00:00,198.77,0.01261,0.0,2025-10-26 22:30:00+00:00,198.8694,15.78442,3139.04,198.0675,200.0439,13,2025-10-26 23:45:00+00:00,199.7439,TRAILING_STOP,15,13.8,2.5112,2.5223,6.2988,8.77,0.693
344,ETHUSDT,LONG,spot,STRICT_SUPPORT,2025-10-28 16:55:00+00:00,4121.2768,4119.3101,11.1725,2025-10-28 16:55:00+00:00,4135.0,2025-10-28 17:30:00+00:00,4134.58,0.673239,0.0,2025-10-28 17:35:00+00:00,4136.6473,0.760935,3147.72,4117.0756,4117.0756,0,2025-10-28 18:35:00+00:00,4110.9,STOP_LOSS,12,-19.59,2.5182,2.5025,6.2661,-24.61,-1.653
345,ETHUSDT,LONG,spot,STRICT_SUPPORT,2025-11-06 11:40:00+00:00,3396.5627,3392.3665,9.3043,2025-11-06 11:40:00+00:00,3400.22,2025-11-06 11:55:00+00:00,3399.4,0.637323,0.0,2025-11-06 12:00:00+00:00,3401.0897,0.918339,3123.35,3390.5056,3390.5056,0,2025-11-06 12:05:00+00:00,3385.4199,STOP_LOSS,1,-14.39,2.4987,2.4872,6.2251,-19.38,-1.993
346,SOLUSDT,LONG,spot,STRICT_SUPPORT,2025-11-06 13:40:00+00:00,159.3434,159.0613,0.7066,2025-11-06 13:40:00+00:00,160.75,2025-11-06 14:05:00+00:00,159.37,0.026635,0.0,2025-11-06 14:10:00+00:00,159.4497,19.468029,3104.17,158.92,158.92,0,2025-11-06 14:20:00+00:00,158.6816,STOP_LOSS,2,-14.95,2.4833,2.4714,6.1859,-19.91,-1.931
347,ETHUSDT,LONG,spot,STRICT_SUPPORT,2025-11-14 19:20:00+00:00,3190.4308,3185.4209,15.9571,2025-11-14 19:20:00+00:00,3215.11,2025-11-14 19:35:00+00:00,3196.55,1.36918,0.0,2025-11-14 19:40:00+00:00,3198.1483,0.964453,3084.46,3182.2295,3190.5816,3,2025-11-14 20:10:00+00:00,3185.7957,TRAILING_STOP,6,-11.91,2.4676,2.458,6.1511,-16.84,-1.097
348,SOLUSDT,LONG,spot,STRICT_SUPPORT,2025-11-15 15:10:00+00:00,141.3786,141.2625,0.3755,2025-11-15 15:10:00+00:00,141.96,2025-11-15 15:30:00+00:00,141.5,0.031447,0.0,2025-11-15 15:35:00+00:00,141.5708,21.669674,3067.79,141.1874,141.3515,3,2025-11-15 16:05:00+00:00,141.1394,TRAILING_STOP,6,-9.35,2.4542,2.4468,6.1216,-14.25,-1.715
349,BNBUSDT,LONG,spot,STRICT_SUPPORT,2025-11-18 01:05:00+00:00,909.3875,907.2913,4.6536,2025-11-18 01:05:00+00:00,916.09,2025-11-18 01:40:00+00:00,910.97,0.002494,0.0,2025-11-18 01:45:00+00:00,911.4355,3.039005,2769.86,906.3606,906.3606,0,2025-11-18 02:15:00+00:00,905.001,STOP_LOSS,6,-19.55,2.2159,2.2002,5.5104,-23.97,-1.554
350,ETHUSDT,LONG,spot,STRICT_SUPPORT,2025-11-24 15:00:00+00:00,2815.4724,2812.5635,18.8206,2025-11-24 15:00:00+00:00,2831.65,2025-11-24 15:10:00+00:00,2833.39,1.867646,0.0,2025-11-24 15:15:00+00:00,2834.7667,0.58931,1670.56,2808.7993,2931.4399,27,2025-11-24 18:30:00+00:00,2927.0427,TRAILING_STOP,39,54.38,1.3364,1.3799,3.4227,51.66,3.376
351,BNBUSDT,LONG,spot,STRICT_SUPPORT,2025-11-25 05:40:00+00:00,862.6141,862.5021,1.663,2025-11-25 05:40:00+00:00,863.67,2025-11-25 06:05:00+00:00,864.51,0.155862,0.0,2025-11-25 06:10:00+00:00,864.9423,3.562206,3081.1,862.1695,862.1695,0,2025-11-25 06:20:00+00:00,860.8763,STOP_LOSS,2,-14.48,2.4649,2.4533,6.1405,-19.4,-1.964
352,SOLUSDT,LONG,spot,STRICT_SUPPORT,2025-11-26 16:20:00+00:00,137.0164,136.7748,0.5726,2025-11-26 16:20:00+00:00,137.87,2025-11-26 16:30:00+00:00,137.61,0.053571,0.0,2025-11-26 16:35:00+00:00,137.6788,15.182287,2090.28,136.6602,136.6602,0,2025-11-26 16:50:00+00:00,136.4553,STOP_LOSS,3,-18.58,1.6722,1.6574,4.1527,-21.91,-1.417
353,ETHUSDT,LONG,spot,STRICT_SUPPORT,2025-11-30 22:50:00+00:00,3028.6445,3026.6602,4.6916,2025-11-30 22:50:00+00:00,3029.33,2025-11-30 22:55:00+00:00,3033.62,0.01549,0.0,2025-11-30 23:00:00+00:00,3035.1368,1.001671,3040.21,3025.7218,3025.7218,0,2025-11-30 23:05:00+00:00,3019.2843,STOP_LOSS,1,-15.88,2.4322,2.4195,6.0566,-20.73,-2.198
354,BTCUSDT,LONG,spot,STRICT_SUPPORT,2025-12-02 10:00:00+00:00,86778.6412,86721.1345,141.9189,2025-12-02 10:00:00+00:00,86789.66,2025-12-02 10:05:00+00:00,86915.59,11.018814,0.0,2025-12-02 10:10:00+00:00,86959.0478,0.034725,3019.68,86692.7507,87273.6184,2,2025-12-02 10:55:00+00:00,87142.7079,TRAILING_STOP,9,6.38,2.4157,2.4208,6.0489,1.54,0.167
355,BNBUSDT,LONG,spot,STRICT_SUPPORT,2025-12-03 14:40:00+00:00,898.9953,897.3527,4.7403,2025-12-03 14:40:00+00:00,904.4,2025-12-03 14:45:00+00:00,899.92,0.374748,0.0,2025-12-03 14:50:00+00:00,900.37,3.35552,3021.21,896.4047,896.4047,0,2025-12-03 14:55:00+00:00,895.0601,STOP_LOSS,1,-17.82,2.417,2.4027,6.0157,-22.64,-1.701
356,SOLUSDT,LONG,spot,STRICT_SUPPORT,2025-12-03 18:35:00+00:00,141.462,141.3047,0.4469,2025-12-03 18:35:00+00:00,141.59,2025-12-03 18:40:00+00:00,141.87,0.018002,0.0,2025-12-03 18:45:00+00:00,141.9309,21.128581,2998.8,141.2153,141.2153,0,2025-12-03 18:50:00+00:00,141.0035,STOP_LOSS,1,-19.6,2.399,2.3834,5.9682,-24.38,-1.612
357,BTCUSDT,LONG,spot,STRICT_SUPPORT,2025-12-03 19:40:00+00:00,92786.8644,92731.0356,187.3013,2025-12-03 19:40:00+00:00,92833.2,2025-12-03 19:45:00+00:00,92970.4,18.475614,0.0,2025-12-03 19:50:00+00:00,93016.8952,0.03198,2974.67,92693.5754,93027.3886,1,2025-12-03 20:55:00+00:00,92887.8475,TRAILING_STOP,13,-4.13,2.3797,2.3764,5.9431,-8.88,-0.859
358,BNBUSDT,LONG,spot,STRICT_SUPPORT,2025-12-04 15:45:00+00:00,909.0667,908.1272,3.2621,2025-12-04 15:45:00+00:00,909.49,2025-12-04 15:50:00+00:00,911.11,0.133263,0.0,2025-12-04 15:55:00+00:00,911.5555,3.253637,2965.87,907.4748,907.4748,0,2025-12-04 16:00:00+00:00,906.1136,STOP_LOSS,1,-17.71,2.3727,2.3585,5.9052,-22.44,-1.69
359,ETHUSDT,LONG,spot,STRICT_SUPPORT,2025-12-09 15:00:00+00:00,3119.0295,3117.9069,14.9672,2025-12-09 15:00:00+00:00,3143.64,2025-12-09 15:15:00+00:00,3137.91,0.980524,0.0,2025-12-09 15:20:00+00:00,3139.4689,0.605443,1900.77,3114.9135,3369.7541,28,2025-12-09 18:05:00+00:00,3364.6995,TRAILING_STOP,33,136.36,1.5206,1.6297,4.0061,133.21,8.96
360,BTCUSDT,LONG,spot,STRICT_SUPPORT,2025-12-10 09:40:00+00:00,92597.8787,92585.6053,77.6337,2025-12-10 09:40:00+00:00,92605.19,2025-12-10 09:45:00+00:00,92823.57,7.301251,0.0,2025-12-10 09:50:00+00:00,92869.9818,0.033117,3075.54,92570.0785,92978.1149,1,2025-12-10 10:05:00+00:00,92838.6477,TRAILING_STOP,3,-1.04,2.4604,2.4596,6.1495,-5.96,-0.6
361,ETHUSDT,LONG,spot,STRICT_SUPPORT,2025-12-10 12:55:00+00:00,3319.7722,3317.6266,7.5537,2025-12-10 12:55:00+00:00,3324.56,2025-12-10 13:00:00+00:00,3324.79,0.65784,0.0,2025-12-10 13:05:00+00:00,3326.4524,0.922797,3069.64,3316.1159,3324.143,4,2025-12-10 14:05:00+00:00,3319.1568,TRAILING_STOP,12,-6.73,2.4557,2.4503,6.1292,-11.64,-1.22
362,ETHUSDT,LONG,spot,STRICT_SUPPORT,2025-12-10 15:00:00+00:00,3323.8965,3322.0126,13.0515,2025-12-10 15:00:00+00:00,3331.65,2025-12-10 15:05:00+00:00,3330.76,0.113542,0.0,2025-12-10 15:10:00+00:00,3332.4254,0.917686,3058.12,3319.4023,3319.4023,0,2025-12-10 15:25:00+00:00,3314.4232,STOP_LOSS,3,-16.52,2.4465,2.4333,6.0915,-21.4,-1.791
363,ETHUSDT,LONG,spot,STRICT_SUPPORT,2025-12-12 01:20:00+00:00,3227.7639,3222.0079,12.6373,2025-12-12 01:20:00+00:00,3235.67,2025-12-12 01:25:00+00:00,3233.3,1.186136,0.0,2025-12-12 01:30:00+00:00,3234.9066,0.938801,3036.93,3219.4805,3250.223,12,2025-12-12 03:15:00+00:00,3245.3477,TRAILING_STOP,21,9.8,2.4295,2.4374,6.0886,4.94,0.341
364,ETHUSDT,LONG,spot,STRICT_SUPPORT,2025-12-12 09:45:00+00:00,3245.3125,3243.1771,6.0911,2025-12-12 09:45:00+00:00,3245.76,2025-12-12 09:50:00+00:00,3248.94,0.447462,0.0,2025-12-12 09:55:00+00:00,3250.5645,0.935782,3041.82,3241.9589,3241.9589,0,2025-12-12 10:35:00+00:00,3237.096,STOP_LOSS,8,-12.6,2.4335,2.4234,6.0647,-17.46,-2.168
365,ETHUSDT,LONG,spot,STRICT_SUPPORT,2025-12-16 15:55:00+00:00,2940.8022,2939.7106,16.8685,2025-12-16 15:55:00+00:00,2963.31,2025-12-16 16:10:00+00:00,2948.55,0.597758,0.0,2025-12-16 16:15:00+00:00,2950.0143,1.025261,3024.53,2936.3369,2936.3369,0,2025-12-16 16:35:00+00:00,2931.9324,STOP_LOSS,4,-18.54,2.4196,2.4048,6.0213,-23.36,-1.666
366,SOLUSDT,LONG,spot,STRICT_SUPPORT,2025-12-16 18:50:00+00:00,127.9649,127.8152,0.4706,2025-12-16 18:50:00+00:00,128.28,2025-12-16 18:55:00+00:00,128.03,0.015093,0.0,2025-12-16 19:00:00+00:00,128.084,23.433089,3001.4,127.721,127.721,0,2025-12-16 19:05:00+00:00,127.2289,STOP_LOSS,1,-20.04,2.4011,2.3851,5.9728,-24.82,-2.919
367,BNBUSDT,LONG,spot,STRICT_SUPPORT,2025-12-22 04:30:00+00:00,857.1018,856.6487,1.1256,2025-12-22 04:30:00+00:00,857.54,2025-12-22 04:35:00+00:00,858.67,0.008151,0.0,2025-12-22 04:40:00+00:00,859.0893,3.465096,2976.83,856.4235,856.4235,0,2025-12-22 05:25:00+00:00,855.1389,STOP_LOSS,9,-13.69,2.3815,2.3705,5.9331,-18.44,-1.996
368,SOLUSDT,LONG,spot,STRICT_SUPPORT,2025-12-30 14:10:00+00:00,124.3209,124.2472,0.3412,2025-12-30 14:10:00+00:00,124.43,2025-12-30 14:15:00+00:00,124.66,0.029123,0.0,2025-12-30 14:20:00+00:00,124.7223,23.721264,2958.57,124.179,124.179,0,2025-12-30 14:30:00+00:00,123.9927,STOP_LOSS,2,-17.31,2.3669,2.353,5.8912,-22.03,-1.709
369,SOLUSDT,LONG,spot,STRICT_SUPPORT,2026-01-04 09:25:00+00:00,133.9886,133.8901,0.2349,2026-01-04 09:25:00+00:00,134.01,2026-01-04 09:30:00+00:00,134.17,0.011437,0.0,2026-01-04 09:35:00+00:00,134.2271,21.879077,2936.76,133.8431,134.2664,4,2026-01-04 10:25:00+00:00,134.065,TRAILING_STOP,10,-3.55,2.3494,2.3466,5.8682,-8.24,-0.981
370,ETHUSDT,LONG,spot,STRICT_SUPPORT,2026-01-12 01:45:00+00:00,3122.098,3117.8404,8.6148,2026-01-12 01:45:00+00:00,3129.07,2026-01-12 02:00:00+00:00,3129.1,0.511987,0.0,2026-01-12 02:05:00+00:00,3130.6645,0.935458,2928.6,3116.1175,3155.7635,13,2026-01-12 03:40:00+00:00,3151.0299,TRAILING_STOP,19,19.05,2.3429,2.3581,5.8858,14.35,1.055
371,BNBUSDT,LONG,spot,STRICT_SUPPORT,2026-01-26 15:05:00+00:00,873.145,872.4866,2.0056,2026-01-26 15:05:00+00:00,873.45,2026-01-26 15:10:00+00:00,877.62,0.035034,0.0,2026-01-26 15:15:00+00:00,878.0688,2.484033,2181.15,872.0855,872.0855,0,2026-01-26 15:40:00+00:00,870.7774,STOP_LOSS,5,-18.11,1.7449,1.7304,4.3351,-21.59,-1.452
372,BTCUSDT,LONG,spot,STRICT_SUPPORT,2026-01-28 18:15:00+00:00,89774.4081,89644.1778,266.8037,2026-01-28 18:15:00+00:00,89799.6,2026-01-28 18:20:00+00:00,89916.33,25.571873,0.0,2026-01-28 18:25:00+00:00,89961.2982,0.032474,2921.44,89590.817,89590.817,0,2026-01-28 18:40:00+00:00,89456.4308,STOP_LOSS,3,-16.4,2.3372,2.324,5.8183,-21.06,-1.75
373,ETHUSDT,LONG,spot,STRICT_SUPPORT,2026-01-28 19:50:00+00:00,3012.9182,3011.3841,11.1196,2026-01-28 19:50:00+00:00,3019.49,2026-01-28 20:00:00+00:00,3018.8,0.08181,0.0,2026-01-28 20:05:00+00:00,3020.3094,0.960363,2900.59,3009.1602,3018.7939,1,2026-01-28 20:30:00+00:00,3014.2657,TRAILING_STOP,5,-5.8,2.3205,2.3158,5.7925,-10.44,-0.975
374,SOLUSDT,LONG,spot,STRICT_SUPPORT,2026-01-30 15:45:00+00:00,116.3346,116.0649,0.7071,2026-01-30 15:45:00+00:00,116.55,2026-01-30 16:00:00+00:00,116.53,0.045433,0.0,2026-01-30 16:05:00+00:00,116.5783,22.29354,2598.94,115.9235,116.7514,9,2026-01-30 17:00:00+00:00,116.5763,TRAILING_STOP,11,-0.04,2.0792,2.0791,5.1978,-4.2,-0.288
375,BNBUSDT,LONG,spot,STRICT_SUPPORT,2026-02-07 02:55:00+00:00,656.3847,655.7577,1.6272,2026-02-07 02:55:00+00:00,656.94,2026-02-07 03:00:00+00:00,658.06,0.145307,0.0,2026-02-07 03:05:00+00:00,658.379,4.38364,2886.1,655.4323,658.5304,5,2026-02-07 03:40:00+00:00,657.5427,TRAILING_STOP,7,-3.67,2.3089,2.3059,5.7667,-8.28,-0.641
376,ETHUSDT,LONG,spot,STRICT_SUPPORT,2026-02-07 15:15:00+00:00,2035.5269,2033.8742,10.1998,2026-02-07 15:15:00+00:00,2036.23,2026-02-07 15:20:00+00:00,2047.73,0.703095,0.0,2026-02-07 15:25:00+00:00,2048.7539,0.85905,1759.98,2031.8342,2031.8342,0,2026-02-07 16:05:00+00:00,2028.7864,STOP_LOSS,8,-17.15,1.408,1.3943,3.4942,-19.96,-1.373
377,SOLUSDT,LONG,spot,STRICT_SUPPORT,2026-02-08 01:50:00+00:00,87.7561,87.6677,0.2408,2026-02-08 01:50:00+00:00,87.94,2026-02-08 01:55:00+00:00,87.89,0.003886,0.0,2026-02-08 02:00:00+00:00,87.9339,32.503289,2858.14,87.6196,87.6196,0,2026-02-08 02:25:00+00:00,87.4881,STOP_LOSS,5,-14.49,2.2865,2.2749,5.6945,-19.05,-1.864
378,SOLUSDT,LONG,spot,STRICT_SUPPORT,2026-02-08 11:25:00+00:00,87.5033,87.3584,0.332,2026-02-08 11:25:00+00:00,87.55,2026-02-08 11:30:00+00:00,87.99,0.006745,0.0,2026-02-08 11:35:00+00:00,88.024,19.589677,1724.36,87.292,88.2961,9,2026-02-08 14:15:00+00:00,88.1636,TRAILING_STOP,32,2.74,1.3795,1.3817,3.4528,-0.03,-0.002
379,ETHUSDT,LONG,spot,STRICT_SUPPORT,2026-02-08 23:10:00+00:00,2108.5834,2107.4856,12.6429,2026-02-08 23:10:00+00:00,2119.17,2026-02-08 23:15:00+00:00,2112.97,0.906551,0.0,2026-02-08 23:20:00+00:00,2114.0565,1.343037,2839.26,2104.957,2104.957,0,2026-02-08 23:25:00+00:00,2079.2764,STOP_LOSS,1,-46.71,2.2714,2.234,5.6084,-51.22,-4.191
380,BTCUSDT,LONG,spot,STRICT_SUPPORT,2026-02-09 03:20:00+00:00,70696.9824,70627.9932,178.8821,2026-02-09 03:20:00+00:00,70725.8,2026-02-09 03:25:00+00:00,70821.4,16.597562,0.0,2026-02-09 03:30:00+00:00,70856.8107,0.039355,2788.55,70592.2168,71038.1091,4,2026-02-09 04:10:00+00:00,70931.5519,TRAILING_STOP,8,2.94,2.2308,2.2332,5.5815,-1.52,-0.146
381,ETHUSDT,LONG,spot,STRICT_SUPPORT,2026-02-09 15:50:00+00:00,2047.4489,2041.9394,12.109,2026-02-09 15:50:00+00:00,2062.82,2026-02-09 16:05:00+00:00,2050.35,0.371118,0.0,2026-02-09 16:10:00+00:00,2051.3652,1.188087,2437.2,2039.5176,2083.7104,5,2026-02-09 17:05:00+00:00,2080.5848,TRAILING_STOP,11,34.72,1.9498,1.9775,4.9265,30.79,2.187
382,SOLUSDT,LONG,spot,STRICT_SUPPORT,2026-02-12 05:45:00+00:00,80.3597,80.2408,0.2762,2026-02-12 05:45:00+00:00,80.4,2026-02-12 05:50:00+00:00,80.44,0.020303,0.0,2026-02-12 05:55:00+00:00,80.4802,35.008902,2817.52,80.1855,80.5559,8,2026-02-12 06:50:00+00:00,80.4351,TRAILING_STOP,11,-1.58,2.254,2.2528,5.6327,-6.09,-0.59
383,BNBUSDT,LONG,spot,STRICT_SUPPORT,2026-02-12 09:40:00+00:00,613.9173,613.4123,1.3693,2026-02-12 09:40:00+00:00,614.68,2026-02-12 09:55:00+00:00,614.45,0.022677,0.0,2026-02-12 10:00:00+00:00,614.7572,4.573348,2811.5,613.1385,616.6491,7,2026-02-12 11:10:00+00:00,615.7241,TRAILING_STOP,14,4.42,2.2492,2.2527,5.6296,-0.08,-0.011
384,SOLUSDT,LONG,spot,STRICT_SUPPORT,2026-02-13 07:15:00+00:00,78.5305,78.5231,0.2682,2026-02-13 07:15:00+00:00,79.01,2026-02-13 07:45:00+00:00,78.78,0.00951,0.0,2026-02-13 07:50:00+00:00,78.8194,35.669135,2811.42,78.4694,79.4554,13,2026-02-13 09:10:00+00:00,79.3362,TRAILING_STOP,16,18.43,2.2491,2.2639,5.6505,13.92,1.115
385,ETHUSDT,LONG,spot,STRICT_SUPPORT,2026-02-27 09:10:00+00:00,2035.3994,2034.2482,4.201,2026-02-27 09:10:00+00:00,2036.35,2026-02-27 09:15:00+00:00,2039.29,0.070643,0.0,2026-02-27 09:20:00+00:00,2040.3096,1.384692,2825.2,2033.408,2033.408,0,2026-02-27 09:35:00+00:00,2030.3579,STOP_LOSS,3,-13.78,2.2602,2.2491,5.6297,-18.29,-1.914
387,BTCUSDT,LONG,spot,STRICT_SUPPORT,2026-03-02 11:55:00+00:00,66250.7808,66232.0765,149.3314,2026-03-02 11:55:00+00:00,66359.68,2026-03-02 12:00:00+00:00,66383.39,0.819162,0.0,2026-03-02 12:05:00+00:00,66416.5817,0.042231,2804.87,66202.2102,66202.2102,0,2026-03-02 12:15:00+00:00,66102.9069,STOP_LOSS,2,-13.25,2.2439,2.2333,5.5899,-17.72,-1.958
386,SOLUSDT,LONG,spot,STRICT_SUPPORT,2026-03-02 11:45:00+00:00,83.8177,83.6901,0.3068,2026-03-02 11:45:00+00:00,84.02,2026-03-02 11:55:00+00:00,83.89,0.012288,0.0,2026-03-02 12:00:00+00:00,83.9219,33.448868,2807.09,83.6288,83.6288,0,2026-03-02 12:30:00+00:00,83.5033,STOP_LOSS,6,-14.0,2.2457,2.2345,5.5932,-18.48,-1.885
388,ETHUSDT,LONG,spot,STRICT_SUPPORT,2026-03-03 16:15:00+00:00,1967.0467,1961.9697,13.6097,2026-03-03 16:15:00+00:00,1990.99,2026-03-03 16:35:00+00:00,1970.69,0.003278,0.0,2026-03-03 16:40:00+00:00,1971.6653,1.127129,2222.32,1959.2478,1964.8941,2,2026-03-03 17:10:00+00:00,1961.9468,TRAILING_STOP,6,-10.95,1.7779,1.7691,4.4282,-14.5,-1.036
389,BNBUSDT,LONG,spot,STRICT_SUPPORT,2026-03-04 01:25:00+00:00,632.5923,632.2174,1.5716,2026-03-04 01:25:00+00:00,632.95,2026-03-04 01:30:00+00:00,634.21,0.047691,0.0,2026-03-04 01:35:00+00:00,634.5271,4.344799,2756.89,631.903,631.903,0,2026-03-04 02:05:00+00:00,630.9552,STOP_LOSS,6,-15.52,2.2055,2.1931,5.4905,-19.92,-1.747
390,BTCUSDT,LONG,spot,STRICT_SUPPORT,2026-03-04 02:45:00+00:00,68252.1941,68201.1563,166.4895,2026-03-04 02:45:00+00:00,68281.79,2026-03-04 02:55:00+00:00,68323.33,9.535891,0.0,2026-03-04 03:00:00+00:00,68357.4917,0.040042,2737.17,68167.8584,68167.8584,0,2026-03-04 03:05:00+00:00,68036.0526,STOP_LOSS,1,-12.87,2.1897,2.1794,5.455,-17.24,-2.27
391,BTCUSDT,LONG,spot,STRICT_SUPPORT,2026-03-04 06:00:00+00:00,68034.6599,67979.4682,190.5226,2026-03-04 06:00:00+00:00,68210.0,2026-03-04 06:20:00+00:00,68146.33,13.970141,0.0,2026-03-04 06:25:00+00:00,68180.4032,0.039896,2720.11,67941.3637,68378.7495,8,2026-03-04 07:15:00+00:00,68276.1814,TRAILING_STOP,10,3.82,2.1761,2.1791,5.4459,-0.53,-0.056
392,ETHUSDT,LONG,spot,STRICT_SUPPORT,2026-03-06 07:50:00+00:00,2077.5829,2075.6296,4.2376,2026-03-06 07:50:00+00:00,2083.72,2026-03-06 08:15:00+00:00,2081.73,0.147082,0.0,2026-03-06 08:20:00+00:00,2082.7609,1.305756,2719.58,2074.782,2074.782,0,2026-03-06 08:30:00+00:00,2071.6699,STOP_LOSS,2,-14.48,2.1757,2.1641,5.4174,-18.82,-1.807
393,BTCUSDT,LONG,spot,STRICT_SUPPORT,2026-03-08 20:40:00+00:00,67197.5114,67144.2529,156.3963,2026-03-08 20:40:00+00:00,67352.01,2026-03-08 20:50:00+00:00,67263.93,2.488631,0.0,2026-03-08 20:55:00+00:00,67297.562,0.040134,2700.94,67112.9736,67112.9736,0,2026-03-08 21:05:00+00:00,67012.3042,STOP_LOSS,2,-11.45,2.1608,2.1516,5.3847,-15.76,-2.127
394,ETHUSDT,LONG,spot,STRICT_SUPPORT,2026-03-09 00:40:00+00:00,1946.1333,1945.5439,9.0802,2026-03-09 00:40:00+00:00,1956.07,2026-03-09 00:50:00+00:00,1948.45,0.566733,0.0,2026-03-09 00:55:00+00:00,1949.4242,1.377504,2685.34,1943.7278,1943.7278,0,2026-03-09 01:05:00+00:00,1940.8122,STOP_LOSS,2,-11.86,2.1483,2.1388,5.3529,-16.15,-2.058
395,ETHUSDT,LONG,spot,STRICT_SUPPORT,2026-03-09 01:35:00+00:00,1950.5914,1947.3374,8.2766,2026-03-09 01:35:00+00:00,1958.33,2026-03-09 01:50:00+00:00,1951.1,0.438568,0.0,2026-03-09 01:55:00+00:00,1952.0755,1.367443,2669.35,1945.682,1945.682,0,2026-03-09 02:00:00+00:00,1942.7635,STOP_LOSS,1,-12.73,2.1355,2.1253,5.3196,-16.99,-1.944
396,ETHUSDT,LONG,spot,STRICT_SUPPORT,2026-03-10 01:45:00+00:00,2014.0801,2011.7271,5.5632,2026-03-10 01:45:00+00:00,2014.3,2026-03-10 01:50:00+00:00,2020.39,0.209903,0.0,2026-03-10 01:55:00+00:00,2021.4002,1.24207,2510.72,2010.6145,2041.4946,11,2026-03-10 03:30:00+00:00,2038.4324,TRAILING_STOP,19,21.16,2.0086,2.0255,5.0532,17.12,1.278
397,SOLUSDT,LONG,spot,STRICT_SUPPORT,2026-03-12 16:50:00+00:00,86.5479,86.4346,0.4268,2026-03-12 16:50:00+00:00,86.96,2026-03-12 17:05:00+00:00,86.65,0.002114,0.0,2026-03-12 17:10:00+00:00,86.6833,30.795745,2669.48,86.3493,86.3493,0,2026-03-12 17:20:00+00:00,86.2197,STOP_LOSS,2,-14.28,2.1356,2.1242,5.3175,-18.54,-1.802
398,SOLUSDT,LONG,spot,STRICT_SUPPORT,2026-03-16 15:30:00+00:00,93.6945,93.5123,0.457,2026-03-16 15:30:00+00:00,93.88,2026-03-16 15:35:00+00:00,93.8,0.025469,0.0,2026-03-16 15:40:00+00:00,93.8469,28.249486,2651.13,93.4209,93.4209,0,2026-03-16 15:50:00+00:00,93.2808,STOP_LOSS,2,-15.99,2.1209,2.1081,5.2783,-20.22,-1.68
399,SOLUSDT,LONG,spot,STRICT_SUPPORT,2026-03-17 09:25:00+00:00,94.5187,94.4116,0.2773,2026-03-17 09:25:00+00:00,94.74,2026-03-17 09:40:00+00:00,94.66,0.001264,0.0,2026-03-17 09:45:00+00:00,94.7173,27.778513,2631.11,94.3561,94.3561,0,2026-03-17 09:50:00+00:00,94.2146,STOP_LOSS,1,-13.97,2.1049,2.0937,5.2413,-18.16,-1.81
400,ETHUSDT,LONG,spot,STRICT_SUPPORT,2026-03-17 14:05:00+00:00,2326.5085,2324.1456,10.0937,2026-03-17 14:05:00+00:00,2333.33,2026-03-17 14:10:00+00:00,2332.21,0.611489,0.0,2026-03-17 14:15:00+00:00,2333.3661,1.119895,2613.12,2322.1269,2339.8456,7,2026-03-17 15:05:00+00:00,2336.3358,TRAILING_STOP,10,3.33,2.0905,2.0932,5.2312,-0.86,-0.068
401,BTCUSDT,LONG,spot,STRICT_SUPPORT,2026-03-17 16:50:00+00:00,74095.9625,74039.2822,176.8581,2026-03-17 16:50:00+00:00,74206.33,2026-03-17 16:55:00+00:00,74155.69,2.037525,0.0,2026-03-17 17:00:00+00:00,74192.7578,0.035209,2612.28,74003.9106,74420.915,10,2026-03-17 18:25:00+00:00,74309.2837,TRAILING_STOP,17,4.1,2.0898,2.0931,5.2307,-0.08,-0.012
402,ETHUSDT,LONG,spot,STRICT_SUPPORT,2026-03-17 21:00:00+00:00,2329.0169,2327.6508,3.4598,2026-03-17 21:00:00+00:00,2329.67,2026-03-17 21:05:00+00:00,2332.21,0.253126,0.0,2026-03-17 21:10:00+00:00,2333.3761,1.119492,2612.2,2326.9589,2336.57,2,2026-03-17 21:45:00+00:00,2333.0651,TRAILING_STOP,7,-0.35,2.0898,2.0895,5.2239,-4.53,-0.63
403,SOLUSDT,LONG,spot,STRICT_SUPPORT,2026-03-20 05:45:00+00:00,89.294,89.189,0.2194,2026-03-20 05:45:00+00:00,89.41,2026-03-20 05:55:00+00:00,89.36,0.005958,0.0,2026-03-20 06:00:00+00:00,89.4047,29.167532,2607.71,89.1451,89.1451,0,2026-03-20 06:10:00+00:00,89.0114,STOP_LOSS,2,-11.47,2.0862,2.077,5.1982,-15.63,-2.065
404,SOLUSDT,LONG,spot,STRICT_SUPPORT,2026-03-30 00:25:00+00:00,81.6856,81.5829,0.5085,2026-03-30 00:25:00+00:00,82.17,2026-03-30 00:35:00+00:00,81.76,0.004422,0.0,2026-03-30 00:40:00+00:00,81.8109,31.685708,2592.24,81.4812,82.5685,18,2026-03-30 02:30:00+00:00,82.4446,TRAILING_STOP,22,20.08,2.0738,2.0899,5.2146,15.92,1.524
405,BTCUSDT,LONG,spot,STRICT_SUPPORT,2026-04-01 14:45:00+00:00,68451.9782,68376.6953,219.4442,2026-04-01 14:45:00+00:00,68564.74,2026-04-01 15:10:00+00:00,68489.19,10.421825,0.0,2026-04-01 15:15:00+00:00,68523.4346,0.03806,2607.99,68332.8064,68671.1985,9,2026-04-01 16:10:00+00:00,68568.1917,TRAILING_STOP,11,1.7,2.0864,2.0878,5.2185,-2.47,-0.341
406,ETHUSDT,LONG,spot,STRICT_SUPPORT,2026-04-15 14:15:00+00:00,2328.5282,2326.4496,7.1997,2026-04-15 14:15:00+00:00,2334.37,2026-04-15 14:35:00+00:00,2329.99,0.541759,0.0,2026-04-15 14:40:00+00:00,2331.165,1.117702,2605.55,2325.0097,2334.5793,6,2026-04-15 15:30:00+00:00,2331.0774,TRAILING_STOP,10,-0.1,2.0844,2.0844,5.2109,-4.27,-0.62
407,BNBUSDT,LONG,spot,STRICT_SUPPORT,2026-04-16 02:20:00+00:00,622.5077,622.2374,0.7262,2026-04-16 02:20:00+00:00,622.69,2026-04-16 02:25:00+00:00,624.05,0.072259,0.0,2026-04-16 02:30:00+00:00,624.362,4.166371,2601.32,622.0921,622.0921,0,2026-04-16 07:50:00+00:00,621.159,STOP_LOSS,64,-13.34,2.0811,2.0704,5.1826,-17.5,-1.85
408,SOLUSDT,LONG,spot,STRICT_SUPPORT,2026-04-16 09:15:00+00:00,85.2487,85.1863,0.1566,2026-04-16 09:15:00+00:00,85.39,2026-04-16 09:20:00+00:00,85.45,0.011258,0.0,2026-04-16 09:25:00+00:00,85.5027,30.221286,2584.0,85.155,85.155,0,2026-04-16 09:55:00+00:00,85.0273,STOP_LOSS,6,-14.37,2.0672,2.0557,5.1465,-18.49,-1.76
409,BNBUSDT,LONG,spot,STRICT_SUPPORT,2026-04-17 09:00:00+00:00,629.478,629.0282,1.0457,2026-04-17 09:00:00+00:00,630.54,2026-04-17 09:35:00+00:00,630.5,0.091986,0.0,2026-04-17 09:40:00+00:00,630.8152,4.06727,2565.7,628.8191,631.199,5,2026-04-17 10:25:00+00:00,630.2522,TRAILING_STOP,9,-2.29,2.0526,2.0507,5.128,-6.39,-0.787
410,ETHUSDT,LONG,spot,STRICT_SUPPORT,2026-04-20 15:25:00+00:00,2305.6397,2302.9842,10.7345,2026-04-20 15:25:00+00:00,2317.8,2026-04-20 15:45:00+00:00,2306.7,0.050272,0.0,2026-04-20 15:50:00+00:00,2307.8433,1.108986,2559.37,2300.8373,2301.4551,1,2026-04-20 16:15:00+00:00,2298.003,TRAILING_STOP,5,-10.91,2.0475,2.0388,5.1024,-15.0,-1.93
411,SOLUSDT,LONG,spot,STRICT_SUPPORT,2026-04-21 15:55:00+00:00,85.9125,85.8109,0.2798,2026-04-21 15:55:00+00:00,86.05,2026-04-21 16:05:00+00:00,86.13,0.017484,0.0,2026-04-21 16:10:00+00:00,86.1731,29.52799,2544.52,85.755,85.755,0,2026-04-21 16:55:00+00:00,85.6263,STOP_LOSS,9,-16.14,2.0356,2.0227,5.0648,-20.2,-1.636
412,ETHUSDT,LONG,spot,STRICT_SUPPORT,2026-04-21 20:15:00+00:00,2310.3883,2308.9028,9.676,2026-04-21 20:15:00+00:00,2318.01,2026-04-21 20:45:00+00:00,2317.28,0.641651,0.0,2026-04-21 20:50:00+00:00,2318.4386,1.088887,2524.52,2306.9676,2306.9676,0,2026-04-21 22:20:00+00:00,2303.5071,STOP_LOSS,18,-16.26,2.0196,2.0066,5.0246,-20.28,-1.624
413,SOLUSDT,LONG,spot,STRICT_SUPPORT,2026-04-26 23:40:00+00:00,86.7567,86.6784,0.1951,2026-04-26 23:40:00+00:00,86.99,2026-04-27 00:15:00+00:00,86.86,0.013344,0.0,2026-04-27 00:20:00+00:00,86.9134,28.815282,2504.44,86.6394,86.6394,0,2026-04-27 00:25:00+00:00,86.5094,STOP_LOSS,1,-11.64,2.0035,1.9942,4.9914,-15.64,-1.981
414,SOLUSDT,LONG,spot,STRICT_SUPPORT,2026-05-04 16:30:00+00:00,84.4761,84.409,0.2861,2026-05-04 16:30:00+00:00,84.59,2026-05-04 16:35:00+00:00,84.55,0.023945,0.0,2026-05-04 16:40:00+00:00,84.5923,29.42293,2488.95,84.3518,84.886,15,2026-05-04 18:20:00+00:00,84.7527,TRAILING_STOP,20,4.72,1.9912,1.9949,4.985,0.73,0.104
415,SOLUSDT,LONG,spot,STRICT_SUPPORT,2026-05-05 01:55:00+00:00,84.3319,84.2873,0.0958,2026-05-05 01:55:00+00:00,84.41,2026-05-05 02:00:00+00:00,84.61,0.008076,0.0,2026-05-05 02:05:00+00:00,84.6523,29.410643,2489.68,84.2681,84.8841,1,2026-05-05 05:45:00+00:00,84.7568,TRAILING_STOP,44,3.07,1.9917,1.9942,4.984,-0.91,-0.081
416,ETHUSDT,LONG,spot,STRICT_SUPPORT,2026-05-05 15:30:00+00:00,2382.937,2380.6811,5.417,2026-05-05 15:30:00+00:00,2383.49,2026-05-05 15:35:00+00:00,2385.26,0.52299,0.0,2026-05-05 15:40:00+00:00,2386.4626,1.042872,2488.78,2379.5977,2379.5977,0,2026-05-05 16:00:00+00:00,2376.0283,STOP_LOSS,4,-10.88,1.991,1.9823,4.9612,-14.86,-2.075
417,SOLUSDT,LONG,spot,STRICT_SUPPORT,2026-05-11 13:55:00+00:00,95.2151,95.1315,0.3187,2026-05-11 13:55:00+00:00,95.23,2026-05-11 14:00:00+00:00,95.64,0.004936,0.0,2026-05-11 14:05:00+00:00,95.6878,20.150498,1928.16,95.0677,95.0677,0,2026-05-11 14:25:00+00:00,94.9251,STOP_LOSS,4,-15.37,1.5425,1.5302,3.8333,-18.44,-1.476
418,BNBUSDT,LONG,spot,STRICT_SUPPORT,2026-05-12 11:25:00+00:00,661.5513,661.16,1.015,2026-05-12 11:25:00+00:00,662.0,2026-05-12 11:35:00+00:00,662.46,0.098697,0.0,2026-05-12 11:40:00+00:00,662.7812,3.705312,2455.81,660.957,663.0293,1,2026-05-12 12:30:00+00:00,662.0347,TRAILING_STOP,10,-2.77,1.9646,1.9624,4.9075,-6.69,-0.99
419,BTCUSDT,LONG,spot,STRICT_SUPPORT,2026-05-20 14:45:00+00:00,77376.4961,77338.2846,160.1096,2026-05-20 14:45:00+00:00,77415.82,2026-05-20 14:50:00+00:00,77523.18,9.56389,0.0,2026-05-20 14:55:00+00:00,77561.9516,0.031577,2449.19,77306.2627,77306.2627,0,2026-05-20 15:10:00+00:00,77190.3033,STOP_LOSS,3,-11.74,1.9593,1.95,4.8808,-15.64,-1.938
420,BTCUSDT,LONG,spot,STRICT_SUPPORT,2026-05-24 22:20:00+00:00,76671.921,76626.4425,190.4204,2026-05-24 22:20:00+00:00,76928.1,2026-05-24 22:40:00+00:00,76782.63,4.999028,0.0,2026-05-24 22:45:00+00:00,76821.0213,0.03168,2433.7,76588.3584,77091.0373,16,2026-05-25 01:00:00+00:00,76975.4008,TRAILING_STOP,27,4.89,1.947,1.9509,4.8747,0.99,0.135
421,SOLUSDT,LONG,spot,STRICT_SUPPORT,2026-05-27 12:25:00+00:00,84.0093,83.937,0.257,2026-05-27 12:25:00+00:00,84.35,2026-05-27 12:50:00+00:00,84.1,0.020688,0.0,2026-05-27 12:55:00+00:00,84.132,28.938793,2434.68,83.8856,83.8856,0,2026-05-27 13:00:00+00:00,83.7598,STOP_LOSS,1,-10.77,1.9477,1.9391,4.8532,-14.66,-2.056
422,BTCUSDT,LONG,spot,STRICT_SUPPORT,2026-06-04 23:45:00+00:00,63587.9226,63567.0467,136.9884,2026-06-04 23:45:00+00:00,63771.84,2026-06-05 00:15:00+00:00,63686.2,4.347383,0.0,2026-06-05 00:20:00+00:00,63718.0331,0.037982,2420.17,63539.649,63667.7211,2,2026-06-05 00:45:00+00:00,63572.2195,TRAILING_STOP,5,-5.54,1.9361,1.9317,4.832,-9.41,-1.388
423,ETHUSDT,LONG,spot,STRICT_SUPPORT,2026-06-08 09:45:00+00:00,1665.8754,1664.43,5.9051,2026-06-08 09:45:00+00:00,1667.21,2026-06-08 09:50:00+00:00,1668.64,0.274591,0.0,2026-06-08 09:55:00+00:00,1669.4743,1.44408,2410.85,1663.2489,1668.2947,6,2026-06-08 11:00:00+00:00,1665.7923,TRAILING_STOP,13,-5.32,1.9287,1.9244,4.8137,-9.17,-1.02
424,SOLUSDT,LONG,spot,STRICT_SUPPORT,2026-06-12 14:00:00+00:00,66.8382,66.8009,0.2854,2026-06-12 14:00:00+00:00,66.92,2026-06-12 14:05:00+00:00,66.94,0.011818,0.0,2026-06-12 14:10:00+00:00,66.9635,35.866955,2401.78,66.7438,66.7438,0,2026-06-12 14:20:00+00:00,66.6437,STOP_LOSS,2,-11.47,1.9214,1.9122,4.7863,-15.3,-1.942
425,SOLUSDT,LONG,spot,STRICT_SUPPORT,2026-06-12 14:20:00+00:00,66.849,66.8333,0.2793,2026-06-12 14:20:00+00:00,66.88,2026-06-12 14:25:00+00:00,67.19,0.021014,0.0,2026-06-12 14:30:00+00:00,67.2136,27.636341,1857.54,66.7774,68.115,8,2026-06-12 15:30:00+00:00,68.0128,TRAILING_STOP,12,22.09,1.486,1.5037,3.7482,19.1,1.584
426,ETHUSDT,LONG,spot,STRICT_SUPPORT,2026-06-12 16:55:00+00:00,1671.1627,1671.0246,5.5985,2026-06-12 16:55:00+00:00,1672.9,2026-06-12 17:00:00+00:00,1675.27,0.227279,0.0,2026-06-12 17:05:00+00:00,1676.1176,1.435181,2405.53,1669.9049,1669.9049,0,2026-06-12 17:20:00+00:00,1667.4001,STOP_LOSS,3,-12.51,1.9244,1.9144,4.7923,-16.35,-1.834
427,BNBUSDT,LONG,spot,STRICT_SUPPORT,2026-06-17 04:50:00+00:00,606.4676,605.9845,0.9919,2026-06-17 04:50:00+00:00,608.13,2026-06-17 05:20:00+00:00,607.24,0.052444,0.0,2026-06-17 05:25:00+00:00,607.5336,3.932861,2389.35,605.7862,607.9813,2,2026-06-17 05:50:00+00:00,607.0693,TRAILING_STOP,5,-1.83,1.9115,1.91,4.776,-5.65,-0.822
428,SOLUSDT,LONG,spot,STRICT_SUPPORT,2026-06-19 20:55:00+00:00,69.0209,68.9849,0.1507,2026-06-19 20:55:00+00:00,69.25,2026-06-19 21:25:00+00:00,69.14,0.009118,0.0,2026-06-19 21:30:00+00:00,69.1746,34.459979,2383.75,68.9547,68.9547,0,2026-06-19 21:40:00+00:00,68.8513,STOP_LOSS,2,-11.14,1.907,1.8981,4.7508,-14.94,-1.973
429,BNBUSDT,LONG,spot,STRICT_SUPPORT,2026-06-20 15:05:00+00:00,585.1409,584.7416,1.3775,2026-06-20 15:05:00+00:00,585.72,2026-06-20 15:10:00+00:00,586.44,0.029092,0.0,2026-06-20 15:15:00+00:00,586.7332,4.03754,2368.96,584.4661,584.4661,0,2026-06-20 17:35:00+00:00,583.5894,STOP_LOSS,28,-12.69,1.8952,1.885,4.7189,-16.47,-1.8
430,SOLUSDT,LONG,spot,STRICT_SUPPORT,2026-06-20 18:00:00+00:00,71.5652,71.4901,0.1963,2026-06-20 18:00:00+00:00,71.68,2026-06-20 18:05:00+00:00,71.7,0.01479,0.0,2026-06-20 18:10:00+00:00,71.7258,32.800592,2352.65,71.4508,72.1534,7,2026-06-20 21:25:00+00:00,72.0452,TRAILING_STOP,39,10.47,1.8821,1.8905,4.721,6.7,0.743
431,SOLUSDT,LONG,spot,STRICT_SUPPORT,2026-06-21 13:05:00+00:00,73.4753,73.415,0.1816,2026-06-21 13:05:00+00:00,73.76,2026-06-21 13:35:00+00:00,73.49,0.004724,0.0,2026-06-21 13:40:00+00:00,73.5167,32.091802,2359.28,73.3786,73.6645,5,2026-06-21 14:15:00+00:00,73.554,TRAILING_STOP,7,1.19,1.8874,1.8884,4.7204,-2.58,-0.582
432,BTCUSDT,LONG,spot,STRICT_SUPPORT,2026-06-22 11:00:00+00:00,64166.0588,64152.1371,56.0308,2026-06-22 11:00:00+00:00,64168.28,2026-06-22 11:05:00+00:00,64332.0,2.2212,0.0,2026-06-22 11:10:00+00:00,64364.166,0.036616,2356.73,64140.9309,64987.5727,19,2026-06-22 13:25:00+00:00,64890.0913,TRAILING_STOP,27,19.26,1.8854,1.9008,4.7423,15.47,1.893
433,ETHUSDT,LONG,spot,STRICT_SUPPORT,2026-06-26 14:15:00+00:00,1552.8354,1549.7969,9.4463,2026-06-26 14:15:00+00:00,1561.21,2026-06-26 14:55:00+00:00,1559.98,0.824631,0.0,2026-06-26 15:00:00+00:00,1560.76,0.932129,1454.83,1547.9077,1579.2147,13,2026-06-26 16:15:00+00:00,1576.8459,TRAILING_STOP,15,14.99,1.1639,1.1759,2.9322,12.65,1.056
434,ETHUSDT,LONG,spot,STRICT_SUPPORT,2026-06-29 13:00:00+00:00,1579.7367,1577.9405,6.003,2026-06-29 13:00:00+00:00,1581.82,2026-06-29 13:05:00+00:00,1580.73,0.483264,0.0,2026-06-29 13:10:00+00:00,1581.5204,1.507773,2384.57,1576.7399,1577.4396,1,2026-06-29 13:25:00+00:00,1575.0734,TRAILING_STOP,3,-9.72,1.9077,1.8999,4.7546,-13.53,-1.877
435,SOLUSDT,LONG,spot,STRICT_SUPPORT,2026-07-01 00:50:00+00:00,73.5974,73.5168,0.1712,2026-07-01 00:50:00+00:00,73.67,2026-07-01 00:55:00+00:00,73.65,0.01259,0.0,2026-07-01 01:00:00+00:00,73.6868,32.179162,2371.18,73.4826,73.4826,0,2026-07-01 01:05:00+00:00,73.2699,STOP_LOSS,1,-13.42,1.8969,1.8862,4.7222,-17.2,-2.617
436,BNBUSDT,LONG,spot,STRICT_SUPPORT,2026-07-10 16:35:00+00:00,574.5914,574.3267,0.8089,2026-07-10 16:35:00+00:00,574.63,2026-07-10 16:40:00+00:00,576.21,0.038614,0.0,2026-07-10 16:45:00+00:00,576.4881,4.083612,2354.15,574.1649,574.1649,0,2026-07-10 19:00:00+00:00,573.3036,STOP_LOSS,27,-13.0,1.8833,1.8729,4.6888,-16.76,-1.767
437,BNBUSDT,LONG,spot,STRICT_SUPPORT,2026-07-15 20:10:00+00:00,580.0896,579.9383,0.6757,2026-07-15 20:10:00+00:00,580.14,2026-07-15 20:15:00+00:00,580.95,0.050351,0.0,2026-07-15 20:20:00+00:00,581.2305,4.021745,2337.56,579.8031,579.8031,0,2026-07-16 00:30:00+00:00,578.9334,STOP_LOSS,50,-9.24,1.87,1.8627,4.6613,-12.97,-2.26
438,SOLUSDT,LONG,spot,STRICT_SUPPORT,2026-07-22 14:45:00+00:00,77.6817,77.5843,0.2375,2026-07-22 14:45:00+00:00,77.78,2026-07-22 14:55:00+00:00,77.9,0.008265,0.0,2026-07-22 15:00:00+00:00,77.939,29.194624,2275.4,77.5368,78.4143,8,2026-07-22 15:50:00+00:00,78.2967,TRAILING_STOP,10,10.44,1.8203,1.8287,4.5665,6.8,0.579
439,BNBUSDT,LONG,spot,STRICT_SUPPORT,2026-07-29 18:10:00+00:00,569.5507,569.2175,0.9492,2026-07-29 18:10:00+00:00,571.13,2026-07-29 18:25:00+00:00,570.35,0.019336,0.0,2026-07-29 18:30:00+00:00,570.6352,4.085705,2331.45,569.0276,571.192,5,2026-07-29 19:05:00+00:00,570.3352,TRAILING_STOP,7,-1.23,1.8652,1.8642,4.6611,-4.95,-0.754
440,ETHUSDT,LONG,spot,STRICT_SUPPORT,2026-07-29 18:40:00+00:00,1908.218,1903.9564,9.5171,2026-07-29 18:40:00+00:00,1920.7,2026-07-29 19:10:00+00:00,1913.33,0.922035,0.0,2026-07-29 19:15:00+00:00,1914.2867,0.960477,1838.63,1902.0529,1902.0529,0,2026-07-29 19:20:00+00:00,1899.1999,STOP_LOSS,1,-14.49,1.4709,1.4593,3.6555,-17.42,-1.483
441,ETHUSDT,LONG,spot,STRICT_SUPPORT,2026-08-04 14:30:00+00:00,1867.7051,1866.0155,5.6357,2026-08-04 14:30:00+00:00,1869.62,2026-08-04 14:35:00+00:00,1871.28,0.354942,0.0,2026-08-04 14:40:00+00:00,1872.2156,1.233456,2309.3,1864.8884,1864.8884,0,2026-08-04 15:30:00+00:00,1862.0911,STOP_LOSS,10,-12.49,1.8474,1.8374,4.5999,-16.17,-1.789
442,ETHUSDT,LONG,spot,STRICT_SUPPORT,2026-08-05 14:40:00+00:00,1873.9086,1872.3461,5.1137,2026-08-05 14:40:00+00:00,1874.95,2026-08-05 14:45:00+00:00,1876.76,0.501381,0.0,2026-08-05 14:50:00+00:00,1877.7084,1.221321,2293.28,1871.3233,1891.2714,12,2026-08-05 17:20:00+00:00,1888.4345,TRAILING_STOP,30,13.1,1.8346,1.8451,4.6062,9.42,1.208
443,BNBUSDT,LONG,spot,STRICT_SUPPORT,2026-08-05 17:55:00+00:00,600.114,599.8222,0.7169,2026-08-05 17:55:00+00:00,601.01,2026-08-05 18:10:00+00:00,601.27,0.055967,0.0,2026-08-05 18:15:00+00:00,601.5806,3.8276,2302.61,599.6788,599.6788,0,2026-08-05 19:55:00+00:00,598.7793,STOP_LOSS,20,-10.72,1.8421,1.8335,4.5891,-14.4,-1.978
444,BNBUSDT,LONG,spot,STRICT_SUPPORT,2026-08-17 14:40:00+00:00,605.2303,604.9637,0.5663,2026-08-17 14:40:00+00:00,605.3,2026-08-17 14:45:00+00:00,606.42,0.019692,0.0,2026-08-17 14:50:00+00:00,606.7232,3.771663,2288.36,604.8504,604.8504,0,2026-08-17 22:15:00+00:00,603.9431,STOP_LOSS,89,-10.49,1.8307,1.8223,4.561,-14.14,-2.002
445,SOLUSDT,LONG,spot,STRICT_SUPPORT,2026-08-22 16:45:00+00:00,93.7558,93.6385,0.2954,2026-08-22 16:45:00+00:00,94.5,2026-08-22 17:25:00+00:00,93.83,0.014194,0.0,2026-08-22 17:30:00+00:00,93.8769,24.227028,2274.36,93.5794,94.0893,6,2026-08-22 18:10:00+00:00,93.9481,TRAILING_STOP,8,1.73,1.8195,1.8209,4.5513,-1.92,-0.266
447,SOLUSDT,LONG,spot,STRICT_SUPPORT,2026-08-24 00:55:00+00:00,95.2109,95.0781,0.4744,2026-08-24 00:55:00+00:00,95.54,2026-08-24 01:00:00+00:00,95.22,0.009074,0.0,2026-08-24 01:05:00+00:00,95.2676,23.834573,2270.66,94.9832,94.9832,0,2026-08-24 01:10:00+00:00,94.7776,STOP_LOSS,1,-11.68,1.8165,1.8072,4.5238,-15.3,-2.257
446,BTCUSDT,LONG,spot,STRICT_SUPPORT,2026-08-24 00:55:00+00:00,77544.1306,77472.4412,178.0202,2026-08-24 00:55:00+00:00,77679.5,2026-08-24 01:00:00+00:00,77644.01,8.589356,0.0,2026-08-24 01:05:00+00:00,77682.832,0.029253,2272.46,77436.8372,77436.8372,0,2026-08-24 01:15:00+00:00,77320.6819,STOP_LOSS,2,-10.59,1.818,1.8095,4.529,-14.22,-1.976
448,SOLUSDT,LONG,spot,STRICT_SUPPORT,2026-08-24 19:45:00+00:00,95.9901,95.807,0.3948,2026-08-24 19:45:00+00:00,96.42,2026-08-24 20:15:00+00:00,96.13,0.02995,0.0,2026-08-24 20:20:00+00:00,96.1781,23.323759,2243.23,95.7281,97.9761,25,2026-08-24 22:40:00+00:00,97.8291,TRAILING_STOP,28,38.51,1.7946,1.8254,4.5442,34.89,3.324
449,ETHUSDT,LONG,spot,STRICT_SUPPORT,2026-08-28 14:40:00+00:00,2498.9398,2498.6082,13.9693,2026-08-28 14:40:00+00:00,2510.0,2026-08-28 14:45:00+00:00,2501.62,1.060156,0.0,2026-08-28 14:50:00+00:00,2502.8608,0.910068,2277.77,2495.8144,2501.7321,7,2026-08-28 15:40:00+00:00,2497.9796,TRAILING_STOP,10,-4.44,1.8222,1.8187,4.5489,-8.08,-1.26
450,SOLUSDT,LONG,spot,STRICT_SUPPORT,2026-09-01 03:10:00+00:00,103.3108,103.2589,0.1638,2026-09-01 03:10:00+00:00,103.4,2026-09-01 03:25:00+00:00,103.52,0.009162,0.0,2026-09-01 03:30:00+00:00,103.5618,21.917084,2269.77,103.2261,103.7819,2,2026-09-01 03:45:00+00:00,103.6263,TRAILING_STOP,3,1.41,1.8158,1.8169,4.5417,-2.22,-0.302
451,ETHUSDT,LONG,spot,STRICT_SUPPORT,2026-09-03 05:45:00+00:00,2397.7508,2395.1781,5.5834,2026-09-03 05:45:00+00:00,2398.16,2026-09-03 05:50:00+00:00,2402.2,0.409194,0.0,2026-09-03 05:55:00+00:00,2403.4011,0.943486,2267.57,2394.0614,2410.8311,1,2026-09-03 07:10:00+00:00,2407.2149,TRAILING_STOP,15,3.6,1.8141,1.8169,4.5405,-0.03,-0.004
452,ETHUSDT,LONG,spot,STRICT_SUPPORT,2026-09-16 18:15:00+00:00,2396.1364,2393.0131,14.5918,2026-09-16 18:15:00+00:00,2404.99,2026-09-16 18:25:00+00:00,2412.27,0.293633,0.0,2026-09-16 18:30:00+00:00,2413.4761,0.489802,1182.12,2390.0948,2390.0948,0,2026-09-16 18:35:00+00:00,2386.5096,STOP_LOSS,1,-13.21,0.9457,0.9351,2.3444,-15.09,-1.318
453,BTCUSDT,LONG,spot,STRICT_SUPPORT,2026-09-17 14:15:00+00:00,76597.1772,76514.5647,258.9058,2026-09-17 14:15:00+00:00,76752.42,2026-09-17 14:40:00+00:00,76620.54,14.822818,0.0,2026-09-17 14:45:00+00:00,76658.8403,0.029385,2252.6,76462.7836,76462.7836,0,2026-09-17 15:00:00+00:00,76348.0894,STOP_LOSS,3,-9.13,1.8021,1.7948,4.4915,-12.73,-2.209
454,BNBUSDT,LONG,spot,STRICT_SUPPORT,2026-09-19 02:10:00+00:00,762.7283,762.1135,1.2611,2026-09-19 02:10:00+00:00,763.62,2026-09-19 02:30:00+00:00,763.44,0.111749,0.0,2026-09-19 02:35:00+00:00,763.8117,2.932664,2240.0,761.8613,761.8613,0,2026-09-19 02:45:00+00:00,760.7185,STOP_LOSS,2,-9.07,1.792,1.7847,4.4664,-12.65,-2.211
455,ETHUSDT,LONG,spot,STRICT_SUPPORT,2026-09-22 09:10:00+00:00,2738.2256,2734.5369,7.8013,2026-09-22 09:10:00+00:00,2739.14,2026-09-22 09:15:00+00:00,2740.6,0.314431,0.0,2026-09-22 09:20:00+00:00,2741.9703,0.812365,2227.48,2732.9766,2744.1786,6,2026-09-22 10:20:00+00:00,2740.0623,TRAILING_STOP,12,-1.55,1.782,1.7807,4.4526,-5.11,-0.7
456,SOLUSDT,LONG,spot,STRICT_SUPPORT,2026-09-22 15:15:00+00:00,117.1222,117.0543,0.3768,2026-09-22 15:15:00+00:00,117.2,2026-09-22 15:20:00+00:00,117.45,0.007839,0.0,2026-09-22 15:25:00+00:00,117.5187,18.911198,2222.42,116.979,116.979,0,2026-09-22 16:10:00+00:00,116.8035,STOP_LOSS,9,-13.53,1.7779,1.7671,4.4246,-17.07,-1.672
457,ETHUSDT,LONG,spot,STRICT_SUPPORT,2026-09-22 16:55:00+00:00,2742.919,2741.3051,6.1542,2026-09-22 16:55:00+00:00,2746.13,2026-09-22 17:00:00+00:00,2747.49,0.601013,0.0,2026-09-22 17:05:00+00:00,2748.8637,0.802339,2205.52,2740.0743,2748.1054,1,2026-09-22 17:40:00+00:00,2743.9832,TRAILING_STOP,7,-3.92,1.7644,1.7613,4.4052,-7.44,-1.055
