trade_id,symbol,entry_time,exit_time,entry_price,exit_price,units,notional_entry_usd,notional_exit_usd,gross_pnl_usd,total_fee_usd,net_pnl_usd,net_ret_pct,duration_bars,exit_reason,stop_mode
1,BTCUSDT,2020-10-15 08:00:00,2020-10-15 12:00:00,11402.518409999999,11309.72231,0.219065640605267,2497.9000000000005,2477.57156290783,-20.328437092170322,3.9803772503262644,-24.308814342496586,-0.009731700365305488,1,EMA200_BREAKDOWN,BAR_CLOSE
2,ETHUSDT,2020-10-15 08:00:00,2020-10-15 12:00:00,378.979395,372.023895,6.591123509498452,2497.9,2452.0554404296836,-45.844559570316676,3.9599643523437473,-49.80452392266042,-0.019938557957748678,1,EMA200_BREAKDOWN,BAR_CLOSE
3,SOLUSDT,2020-10-15 08:00:00,2020-10-15 12:00:00,2.32686285,2.2444772,1073.5054711110283,2497.9,2409.458553983962,-88.44144601603827,3.9258868431871696,-92.36733285922544,-0.03697799465920391,1,EMA200_BREAKDOWN,BAR_CLOSE
4,BNBUSDT,2020-10-15 08:00:00,2020-10-15 12:00:00,30.909446999999997,30.779602500000003,80.81348074587036,2497.9,2487.4068139992937,-10.493186000706656,3.988245451199435,-14.48143145190609,-0.005797442432405656,1,EMA200_BREAKDOWN,BAR_CLOSE
5,SOLUSDT,2020-10-15 16:00:00,2020-10-16 04:00:00,2.29044465,2.21898995,1050.2808944544352,2405.6102557003755,2330.5627494714026,-75.04750622897319,3.7889384041374226,-78.83644463311062,-0.03277191076413913,3,EMA200_BREAKDOWN,BAR_CLOSE
6,BTCUSDT,2020-10-15 16:00:00,2020-10-16 08:00:00,11404.2993,11300.217065,0.2169016736575434,2473.6116050615506,2451.035994092033,-22.57561096951771,3.939718079322867,-26.515329048840577,-0.010719277430047794,4,EMA200_BREAKDOWN,BAR_CLOSE
7,ETHUSDT,2020-10-15 16:00:00,2020-10-16 08:00:00,376.818315,368.61560000000003,6.496863911398348,2448.137311877435,2394.845388818449,-53.29192305898561,3.8743861605567074,-57.16630921954232,-0.02335094070998103,4,EMA200_BREAKDOWN,BAR_CLOSE
8,BNBUSDT,2020-10-15 16:00:00,2020-10-16 08:00:00,31.529857049999997,30.356314250000004,78.7644145995427,2483.430732950514,2390.9973213010067,-92.43341164950766,3.899542443401217,-96.33295409290888,-0.03879027218869021,4,EMA200_BREAKDOWN,BAR_CLOSE
9,ETHUSDT,2020-10-18 16:00:00,2020-10-19 04:00:00,375.84783,372.783515,6.361667758884325,2391.0190223576365,2371.5248684190715,-19.494153938565397,3.8100351126213665,-23.304189051186764,-0.009746551086911864,3,EMA200_BREAKDOWN,BAR_CLOSE
10,ETHUSDT,2020-10-19 12:00:00,2020-10-20 08:00:00,375.93787499999996,375.262275,6.298206608805387,2367.734408825253,2363.4793404403445,-4.255068384908759,3.784970999412478,-8.040039384321236,-0.003395667754944815,5,EMA200_BREAKDOWN,BAR_CLOSE
11,BNBUSDT,2020-10-22 08:00:00,2020-10-22 20:00:00,30.90214335,30.568508100000003,77.24961571440782,2387.178698539043,2361.405503687763,-25.773194851280138,3.7988673617814452,-29.572062213061585,-0.012387871184993286,3,EMA200_BREAKDOWN,BAR_CLOSE
12,BNBUSDT,2020-10-23 00:00:00,2020-10-23 20:00:00,30.6487167,30.389097850000002,76.92431301236964,2357.6314768582406,2337.660475176929,-19.97100168131136,3.756233561628136,-23.727235242939496,-0.010064013598324623,5,EMA200_BREAKDOWN,BAR_CLOSE
13,BNBUSDT,2020-10-24 00:00:00,2020-10-24 08:00:00,30.66142305,30.505139800000002,76.1192384543582,2333.9241724929047,2322.028010519733,-11.896161973171905,3.7247617464101106,-15.620923719582017,-0.006692986817518171,2,EMA200_BREAKDOWN,BAR_CLOSE
14,BNBUSDT,2020-10-24 12:00:00,2020-10-25 08:00:00,30.69163815,30.5215316,75.53576511683355,2318.316370349248,2305.467241943613,-12.84912840563489,3.699026889834289,-16.54815529546918,-0.00713800562646083,5,EMA200_BREAKDOWN,BAR_CLOSE
15,BNBUSDT,2020-10-26 08:00:00,2020-10-26 16:00:00,30.64441455,30.56401035,75.11261511452913,2301.7821155042266,2295.742745776035,-6.039369728191643,3.6780198890242097,-9.717389617215852,-0.004221680910526654,2,EMA200_BREAKDOWN,BAR_CLOSE
16,BNBUSDT,2020-10-26 20:00:00,2020-10-28 12:00:00,31.1237541,30.64117175,73.64384389909729,2292.072888494289,2256.53366924243,-35.539219251859365,3.6388852461893753,-39.17810449804874,-0.017092870255005572,10,EMA200_BREAKDOWN,BAR_CLOSE
17,ETHUSDT,2020-10-21 04:00:00,2020-10-28 20:00:00,378.13897499999996,384.517645,6.240301262449911,2359.701123074015,2399.505945527767,39.804822453751726,3.8073656548814254,35.9974567988703,0.01525509160752355,46,EMA200_BREAKDOWN,BAR_CLOSE
18,ETHUSDT,2020-10-29 00:00:00,2020-10-29 12:00:00,388.41411,382.88846,6.167820067116446,2395.6683420091745,2361.5871270553125,-34.081214953861895,3.80580437525159,-37.887019329113485,-0.015814801516865557,3,EMA200_BREAKDOWN,BAR_CLOSE
19,ETHUSDT,2020-10-29 16:00:00,2020-10-30 04:00:00,390.905355,384.8075,6.031672673750651,2357.8131477762972,2321.0328824043036,-36.780265371993664,3.743076824144481,-40.523342196138145,-0.017186833585331626,3,EMA200_BREAKDOWN,BAR_CLOSE
20,ETHUSDT,2020-10-31 12:00:00,2020-10-31 20:00:00,390.505155,385.317245,5.934169665923115,2317.323845187604,2286.537907036065,-30.785938151539114,3.6830894017789353,-34.46902755331805,-0.01487449741860639,2,EMA200_BREAKDOWN,BAR_CLOSE
21,ETHUSDT,2020-11-01 00:00:00,2020-11-02 12:00:00,386.63322,383.86797,5.904520495205846,2282.8837716174307,2266.556296318063,-16.32747529936785,3.6395520543483952,-19.967027353716247,-0.00874640557787554,9,EMA200_BREAKDOWN,BAR_CLOSE
22,ETHUSDT,2020-11-02 20:00:00,2020-11-03 00:00:00,386.57318999999995,382.818495,5.853829430247586,2262.9335165666917,2240.9541724740884,-21.979344092603284,3.6031101512326242,-25.582454243835908,-0.011304995951736773,1,EMA200_BREAKDOWN,BAR_CLOSE
23,ETHUSDT,2020-11-04 00:00:00,2020-11-04 08:00:00,388.07394,378.060875,5.765325421192727,2237.3725515844208,2179.643973395866,-57.728578188555055,3.53361321998423,-61.26219140853929,-0.02738130999468809,2,EMA200_BREAKDOWN,BAR_CLOSE
24,SOLUSDT,2020-11-07 00:00:00,2020-11-12 16:00:00,1.90785345,1.9044473000000002,1219.6115134947902,2326.8400336807567,2322.685853924067,-4.154179756690005,3.719620710083859,-7.873800466773864,-0.003383902783518187,34,EMA200_BREAKDOWN,BAR_CLOSE
25,SOLUSDT,2020-11-13 00:00:00,2020-11-14 12:00:00,1.9098544499999999,1.90074915,1214.214437758006,2318.9728472063757,2307.917060486258,-11.055786720117815,3.701511926154107,-14.757298646271924,-0.0063637220522222895,9,EMA200_BREAKDOWN,BAR_CLOSE
26,BNBUSDT,2020-11-20 12:00:00,2020-11-21 04:00:00,28.85872215,28.515535100000005,78.06747928386771,2252.927693604019,2226.135945687653,-26.79174791636619,3.583250911433338,-30.37499882779953,-0.013482456145411617,4,EMA200_BREAKDOWN,BAR_CLOSE
27,SOLUSDT,2020-11-14 16:00:00,2020-11-26 04:00:00,1.91405655,1.935032,1203.8452806898345,2304.227944690966,2329.479141183812,25.25119649284573,3.7069656686998225,21.544230824145906,0.009349869605472272,69,EMA200_BREAKDOWN,BAR_CLOSE
28,BNBUSDT,2020-11-21 08:00:00,2020-11-26 08:00:00,28.855520549999998,29.274755300000002,77.02436717175199,2222.578209775235,2254.869501090393,32.29129131515801,3.5819581686925024,28.70933314646551,0.012917130663927832,30,EMA200_BREAKDOWN,BAR_CLOSE
29,BNBUSDT,2020-11-28 16:00:00,2020-11-29 00:00:00,29.54606565,29.1406224,76.19503231835057,2251.2634270818576,2220.3706655448505,-30.892761537006905,3.5773072741013667,-34.47006881110827,-0.015311432858743328,2,EMA200_BREAKDOWN,BAR_CLOSE
30,BNBUSDT,2020-11-29 04:00:00,2020-11-29 08:00:00,29.394689999999997,29.14112215,75.4157405003608,2216.8223131285504,2197.6993059537162,-19.123007174834115,3.5316172952658134,-22.65462447009993,-0.010219413768949293,1,EMA200_BREAKDOWN,BAR_CLOSE
31,SOLUSDT,2020-12-01 08:00:00,2020-12-01 20:00:00,2.12596245,1.9987001500000001,1093.9770259635677,2325.75407836122,2186.532045889937,-139.22203247128303,3.6098288994009256,-142.83186137068395,-0.06141314023679004,3,EMA200_BREAKDOWN,BAR_CLOSE
32,SOLUSDT,2020-12-02 04:00:00,2020-12-04 04:00:00,2.02711305,2.01029435,1076.9217808321482,2183.0421957540875,2164.9297713988058,-18.11242435528161,3.478377573722315,-21.590801929003927,-0.009890235732042653,12,EMA200_BREAKDOWN,BAR_CLOSE
33,SOLUSDT,2020-12-04 08:00:00,2020-12-04 12:00:00,2.0414201999999997,1.9496247,1058.8067709424565,2161.4695300987037,2064.2758331566556,-97.19369694204795,3.380596290604288,-100.57429323265224,-0.04653051631408355,1,EMA200_BREAKDOWN,BAR_CLOSE
34,BNBUSDT,2020-11-29 12:00:00,2020-12-04 12:00:00,29.613099149999996,29.27685425,74.09513970249229,2194.1867185430056,2169.272605703255,-24.914112839750324,3.4907674593970084,-28.404880299147333,-0.012945516468174085,30,EMA200_BREAKDOWN,BAR_CLOSE
35,BNBUSDT,2020-12-04 20:00:00,2020-12-05 00:00:00,29.683234199999998,29.016984250000004,72.96393929820859,2165.805698343309,2117.193477434075,-48.61222090923406,3.426399340621907,-52.03862024985597,-0.024027372487597527,1,EMA200_BREAKDOWN,BAR_CLOSE
36,BNBUSDT,2020-12-05 12:00:00,2020-12-05 16:00:00,29.688937049999996,29.484950150000003,71.19860124916339,2113.8107905344627,2099.2872085813106,-14.523581953152483,3.370478399292619,-17.894060352445102,-0.008465308452664634,1,EMA200_BREAKDOWN,BAR_CLOSE
37,BNBUSDT,2020-12-05 20:00:00,2020-12-06 12:00:00,29.61490005,29.52523,70.7728797886898,2095.9317611927136,2089.585553523418,-6.346207669295714,3.3484138517729054,-9.694621521068619,-0.004625447116442276,4,EMA200_BREAKDOWN,BAR_CLOSE
38,BNBUSDT,2020-12-13 20:00:00,2020-12-14 08:00:00,29.161573499999996,28.789098250000002,71.54090238490471,2086.245283153724,2059.598067652681,-26.647215501042528,3.316674680645124,-29.963890181687653,-0.014362592176310161,3,EMA200_BREAKDOWN,BAR_CLOSE
39,ETHUSDT,2020-11-04 20:00:00,2020-12-24 04:00:00,402.70124999999996,575.01235,5.4039112627951,2176.1618204166653,3107.315714411278,931.1538939946129,4.226782027862354,926.9271119667505,0.4259458571832097,296,EMA200_BREAKDOWN,BAR_CLOSE
40,SOLUSDT,2020-12-29 20:00:00,2020-12-30 04:00:00,1.6506249,1.63668125,1248.6057366954583,2060.979719272367,2043.5695978918936,-17.410121380473456,3.283639453731409,-20.693760834204866,-0.010040739673804668,2,EMA200_BREAKDOWN,BAR_CLOSE
41,BTCUSDT,2020-10-18 08:00:00,2021-01-21 16:00:00,11461.1277,31368.497905,0.2135146394790725,2447.1185488891115,6697.633521186116,4250.5149722970045,7.315801656060183,4243.199170640944,1.7339573403859727,572,EMA200_BREAKDOWN,BAR_CLOSE
42,BTCUSDT,2021-01-21 20:00:00,2021-01-22 00:00:00,32484.89433,30836.564005000004,0.20584193269335835,6686.753432226718,6347.457932411648,-339.2954998150705,10.427369091710693,-349.72286890678123,-0.05230084710785006,1,EMA200_BREAKDOWN,BAR_CLOSE
43,BNBUSDT,2020-12-14 16:00:00,2021-01-22 00:00:00,29.8699275,38.640270199999996,68.84203393663368,2056.3065626397874,2660.074792429095,603.7682297893073,3.773105084055106,599.9951247052521,0.2917829158386808,230,EMA200_BREAKDOWN,BAR_CLOSE
44,BTCUSDT,2021-01-22 16:00:00,2021-01-23 12:00:00,32479.021395,31628.078050000004,0.19512054422629313,6337.324330529818,6171.287801947677,-166.03652858214153,10.006889705981997,-176.04341828812352,-0.02777882417032707,5,EMA200_BREAKDOWN,BAR_CLOSE
45,BTCUSDT,2021-01-23 20:00:00,2021-01-24 20:00:00,32364.954389999995,31290.636855000004,0.19037347355622392,6161.428788713058,5956.907227872749,-204.52156084030847,9.694668813268645,-214.2162296535771,-0.034767297813454175,6,EMA200_BREAKDOWN,BAR_CLOSE
46,BTCUSDT,2021-01-25 00:00:00,2021-01-26 04:00:00,32275.579725,31504.489875000003,0.18426911464848644,5947.392500692389,5805.304456718456,-142.0880439739336,9.402157565928675,-151.49020153986226,-0.02547170066919678,7,EMA200_BREAKDOWN,BAR_CLOSE
47,BTCUSDT,2021-01-26 20:00:00,2021-01-27 04:00:00,32224.434165,31785.369365000002,0.17986443210280095,5796.029550921821,5717.057410013493,-78.97214090832925,9.210469568748252,-88.1826104770775,-0.015214313471375009,2,EMA200_BREAKDOWN,BAR_CLOSE
48,ETHUSDT,2020-12-24 08:00:00,2021-02-23 08:00:00,580.7802449999999,1585.84668,5.3416250644154815,3102.3103136093637,8470.998374208079,5368.688060598714,9.258646950253954,5359.4294136484605,1.727560711814501,366,EMA200_BREAKDOWN,BAR_CLOSE
49,ETHUSDT,2021-02-24 04:00:00,2021-02-24 20:00:00,1637.5883849999998,1598.4004000000002,5.164446624082743,8457.23780655036,8254.853549712507,-202.38425683785294,13.369673085010294,-215.75392992286325,-0.02551115799957239,4,EMA200_BREAKDOWN,BAR_CLOSE
50,ETHUSDT,2021-02-25 00:00:00,2021-02-25 04:00:00,1623.97158,1603.068065,5.075005752211889,8241.66510992863,8135.579651062182,-106.08545886644735,13.101795808792652,-119.18725467524001,-0.014461550316046769,1,EMA200_BREAKDOWN,BAR_CLOSE
51,ETHUSDT,2021-02-25 08:00:00,2021-02-25 20:00:00,1634.5068449999999,1584.44738,4.969436498473224,8122.577972547317,7873.810640082274,-248.76733246504202,12.797110890103674,-261.56444335514567,-0.03220214619535583,3,EMA200_BREAKDOWN,BAR_CLOSE
52,BTCUSDT,2021-01-28 20:00:00,2021-02-28 04:00:00,32580.992355,44610.383649999996,0.175191748355743,5707.9210138375465,7815.371106463951,2107.450092626405,10.8186336962412,2096.6314589301637,0.3673196342148676,182,EMA200_BREAKDOWN,BAR_CLOSE
53,BTCUSDT,2021-02-28 12:00:00,2021-02-28 16:00:00,45309.893625,43369.44443,0.1722094376764763,7802.791302342208,7468.627637631488,-334.16366471072007,12.217135151978958,-346.380799862699,-0.04439190879790979,1,EMA200_BREAKDOWN,BAR_CLOSE
54,ETHUSDT,2021-03-03 12:00:00,2021-03-04 00:00:00,1608.0836399999998,1566.8961600000002,4.8885723651318225,7861.233243324589,7659.885266807171,-201.34797651741766,12.41689480810541,-213.76487132552307,-0.027192282013390547,3,EMA200_BREAKDOWN,BAR_CLOSE
55,ETHUSDT,2021-03-06 08:00:00,2021-03-06 12:00:00,1590.49485,1563.29796,4.808344984261332,7647.647934490979,7516.875904871973,-130.77202961900687,12.131619071490363,-142.90364869049722,-0.018685960692044954,1,EMA200_BREAKDOWN,BAR_CLOSE
56,ETHUSDT,2021-03-06 20:00:00,2021-03-23 00:00:00,1621.53036,1680.3294150000002,4.628260136224266,7504.8643248653825,7777.001647169542,272.13732230415894,12.22549277762794,259.911829526531,0.034632448805954015,97,EMA200_BREAKDOWN,BAR_CLOSE
57,ETHUSDT,2021-03-24 12:00:00,2021-03-24 20:00:00,1715.6874149999999,1634.532325,4.525624983065526,7764.557828455111,7397.28032564818,-367.2775028069311,12.129470523282635,-379.40697333021376,-0.04886395100823187,2,EMA200_BREAKDOWN,BAR_CLOSE
58,BTCUSDT,2021-03-01 00:00:00,2021-03-25 00:00:00,45156.677055,52277.50817000001,0.1651295433733813,7456.701462351394,8632.561052810312,1175.859590458917,12.871410012129367,1162.9881804467875,0.15596550114265284,144,EMA200_BREAKDOWN,BAR_CLOSE
59,SOLUSDT,2021-01-01 16:00:00,2021-03-25 12:00:00,1.6486238999999998,13.101346050000002,1237.5796209173377,2040.3033411972626,16213.958878065861,14173.655536868599,14.6034097754105,14159.052127093188,6.939679919743977,497,EMA200_BREAKDOWN,BAR_CLOSE
60,BNBUSDT,2021-01-22 04:00:00,2021-03-25 16:00:00,39.3340572,231.04651895000003,67.5190377116828,2655.797691440288,15600.038626138086,12944.240934697798,14.6046690540627,12929.636265643736,4.868456775648357,375,EMA200_BREAKDOWN,BAR_CLOSE
61,BNBUSDT,2021-03-25 20:00:00,2021-03-26 00:00:00,236.0591706,233.88539880000002,65.97741160843036,15574.573062620882,15431.153225829485,-143.4198367913965,24.804581030760296,-168.2244178221568,-0.0108012217828235,1,EMA200_BREAKDOWN,BAR_CLOSE
62,BTCUSDT,2021-03-26 08:00:00,2021-03-26 12:00:00,53596.02462,52684.594525,0.16080880613504367,8618.712732726606,8472.146747274108,-146.5659854524988,13.672687584000572,-160.2386730364994,-0.018591949633968884,1,EMA200_BREAKDOWN,BAR_CLOSE
63,ETHUSDT,2021-03-27 00:00:00,2021-03-27 04:00:00,1699.68942,1692.163495,4.345187697280893,7385.469556982496,7352.768000261837,-32.70155672065834,11.790590045795469,-44.49214676645381,-0.006024281384301325,1,EMA200_BREAKDOWN,BAR_CLOSE
64,ETHUSDT,2021-03-27 20:00:00,2021-03-28 20:00:00,1705.1221349999998,1674.192485,4.30527211683832,7341.014783619325,7207.854223890758,-133.16055972856753,11.639095206008067,-144.7996549345756,-0.01972474640123056,6,EMA200_BREAKDOWN,BAR_CLOSE
65,BTCUSDT,2021-03-26 16:00:00,2021-04-18 04:00:00,53342.19777,54972.50999500001,0.15857255632111647,8458.608660175458,8717.131437295277,258.5227771198186,13.740592077976588,244.782185041842,0.02893882373283415,135,EMA200_BREAKDOWN,BAR_CLOSE
66,BTCUSDT,2021-04-30 16:00:00,2021-05-04 04:00:00,57208.640025,55424.43392,0.15213060866992467,8703.185228181865,8431.75286743562,-271.43236074624514,13.707950476493988,-285.1403112227391,-0.03276275337670898,21,EMA200_BREAKDOWN,BAR_CLOSE
67,BTCUSDT,2021-05-04 08:00:00,2021-05-04 16:00:00,55945.93899,53775.638730000006,0.15047176947598054,8418.284434820553,8091.715514404172,-326.5689204163801,13.20799995937978,-339.77692037575986,-0.040361777153827265,2,EMA200_BREAKDOWN,BAR_CLOSE
68,BTCUSDT,2021-05-05 16:00:00,2021-05-07 04:00:00,57664.707944999995,55677.817165,0.14009943369111275,8078.792927057909,7800.430653973816,-278.36227308409246,12.703378864825382,-291.06565194891783,-0.03602835901067173,9,EMA200_BREAKDOWN,BAR_CLOSE
69,BTCUSDT,2021-05-07 12:00:00,2021-05-10 20:00:00,56492.972369999996,55705.89312000001,0.13785735541138472,7787.971770256627,7679.467106352452,-108.50466390417446,12.373951101287265,-120.87861500546173,-0.01552119326717572,20,EMA200_BREAKDOWN,BAR_CLOSE
70,BTCUSDT,2021-05-11 20:00:00,2021-05-12 16:00:00,56637.234464999994,55451.390435,0.13537374777763647,7667.194693287769,7506.662542666933,-160.532150620835,12.139085788763763,-172.67123640959878,-0.022520784109051447,5,EMA200_BREAKDOWN,BAR_CLOSE
71,BNBUSDT,2021-03-26 04:00:00,2021-05-13 20:00:00,241.92980444999998,550.36468,63.68165339667268,15406.489953309698,35048.132793530676,19641.642840220975,40.3636981974723,19601.279142023504,1.2722741650711076,292,EMA200_BREAKDOWN,BAR_CLOSE
72,BNBUSDT,2021-05-14 00:00:00,2021-05-16 00:00:00,571.38555,563.13829,61.23939259726451,34991.30402085391,34486.2468278622,-505.05719299171466,55.58204067897289,-560.6392336706875,-0.016022244650744113,12,EMA200_BREAKDOWN,BAR_CLOSE
73,BNBUSDT,2021-05-16 04:00:00,2021-05-16 20:00:00,579.36954,549.9249000000001,59.42862602707679,34431.13572413951,32681.281225077604,-1749.8544990619025,53.6899335593737,-1803.5444326212762,-0.0523812065646391,4,EMA200_BREAKDOWN,BAR_CLOSE
74,ETHUSDT,2021-03-29 08:00:00,2021-05-19 04:00:00,1705.09212,3095.6813850000003,4.220497342040907,7196.336760394895,13065.315057198013,5868.9782968031195,16.209321454074328,5852.768975349045,0.8132983725219494,305,EMA200_BREAKDOWN,BAR_CLOSE
75,SOLUSDT,2021-03-26 08:00:00,2021-05-20 00:00:00,14.013403199999999,34.9695065,1155.1413766859785,16187.461864503695,40394.72388043928,24207.26201593558,45.26574859595438,24161.996267339626,1.4926364904879068,328,EMA200_BREAKDOWN,BAR_CLOSE
76,SOLUSDT,2021-05-20 08:00:00,2021-05-21 16:00:00,41.68683299999999,36.8905455,967.431660135438,40329.162054978755,35689.08167636691,-4640.080378611841,60.81459498507654,-4700.894973596918,-0.11656317002541287,8,EMA200_BREAKDOWN,BAR_CLOSE
77,ETHUSDT,2021-06-03 08:00:00,2021-06-03 16:00:00,2821.440015,2786.7159450000004,4.623238254386438,13044.189409804645,12883.651761032654,-160.53764877199134,20.742272936669842,-181.2799217086612,-0.013897369626693891,2,EMA200_BREAKDOWN,BAR_CLOSE
78,ETHUSDT,2021-06-04 00:00:00,2021-06-04 04:00:00,2858.678625,2751.8933650000004,4.499652969291089,12863.061763230218,12382.565150994698,-480.4966122355194,20.196501531379937,-500.6931137668994,-0.038924878305269334,1,EMA200_BREAKDOWN,BAR_CLOSE
79,SOLUSDT,2021-06-03 08:00:00,2021-06-04 12:00:00,36.6693255,35.5472175,971.7172417899988,35632.215833159666,34541.84414240918,-1090.3716907504893,56.13924798045508,-1146.5109387309444,-0.03217624590340494,7,EMA200_BREAKDOWN,BAR_CLOSE
80,ETHUSDT,2021-06-07 12:00:00,2021-06-07 16:00:00,2814.22641,2781.598505,4.392961841218341,12362.789231678882,12219.456090054984,-143.33314162389834,19.665796257387093,-162.99893788128543,-0.013184641008326078,1,EMA200_BREAKDOWN,BAR_CLOSE
81,SOLUSDT,2021-06-04 16:00:00,2021-06-08 08:00:00,38.1920865,36.7905955,902.9794160006746,34486.66796361725,33221.15043890705,-1265.5175247102015,54.16625472201944,-1319.683779432221,-0.03826649129525825,22,EMA200_BREAKDOWN,BAR_CLOSE
82,SOLUSDT,2021-06-08 12:00:00,2021-06-08 16:00:00,37.27862999999999,36.6466675,889.7347546988653,33168.092718559754,32605.81371864338,-562.2789999163756,52.61912514976251,-614.8981250661382,-0.018538844855618176,1,EMA200_BREAKDOWN,BAR_CLOSE
83,SOLUSDT,2021-06-08 20:00:00,2021-06-11 20:00:00,41.1655725,37.1244285,790.7994260961311,32553.71110791868,29357.976751946855,-3195.734355971826,49.52935028789243,-3245.2637062597187,-0.09968951605859491,18,EMA200_BREAKDOWN,BAR_CLOSE
84,SOLUSDT,2021-06-13 20:00:00,2021-06-14 12:00:00,38.11905,37.30134,768.9376682570058,29311.17342317222,28682.405402461784,-628.7680207104348,46.394863060507205,-675.162883770942,-0.023034317801729008,4,EMA200_BREAKDOWN,BAR_CLOSE
85,BTCUSDT,2021-06-14 16:00:00,2021-06-14 20:00:00,40705.712685,39696.20197,0.18411834620644119,7494.668500716754,7308.799057393273,-185.86944332348136,11.842774046488023,-197.71221736996938,-0.026380381914298295,1,EMA200_BREAKDOWN,BAR_CLOSE
86,BTCUSDT,2021-06-15 00:00:00,2021-06-15 12:00:00,40536.53814,39819.980050000006,0.1800134569066429,7297.122361609376,7168.132262754056,-128.9900988553198,11.572203699490746,-140.56230255481054,-0.019262703239610966,3,EMA200_BREAKDOWN,BAR_CLOSE
87,BTCUSDT,2021-06-16 00:00:00,2021-06-16 04:00:00,40163.8719,39993.633180000004,0.17818695740309617,7156.678131388711,7126.343811839714,-30.334319548996532,11.426417554582741,-41.760737103579274,-0.005835212417954005,1,EMA200_BREAKDOWN,BAR_CLOSE
88,BTCUSDT,2021-06-16 08:00:00,2021-06-16 12:00:00,40146.933435,39060.46999500001,0.17722281291605446,7114.952473304296,6922.406366337045,-192.5461069672516,11.229887071713074,-203.77599403896468,-0.02864052779038844,1,EMA200_BREAKDOWN,BAR_CLOSE
89,SOLUSDT,2021-06-14 16:00:00,2021-06-18 16:00:00,39.89994,35.526227999999996,717.7097929526623,28636.57767622365,25497.52174226907,-3139.055933954578,43.307279534794176,-3182.3632134893724,-0.11112931333731342,24,EMA200_BREAKDOWN,BAR_CLOSE
90,SOLUSDT,2021-06-29 16:00:00,2021-06-30 00:00:00,35.299640999999994,33.957012999999996,721.1656245408731,25456.887647833606,24488.630487687544,-968.2571601460617,39.95641450841693,-1008.2135746544786,-0.03960474621257474,2,EMA200_BREAKDOWN,BAR_CLOSE
91,SOLUSDT,2021-07-01 00:00:00,2021-07-01 04:00:00,35.527755,33.763110000000005,688.1808595162244,24449.52097258184,23235.126059740833,-1214.3949128410038,38.147717625858135,-1252.542630466862,-0.0512297411418198,1,EMA200_BREAKDOWN,BAR_CLOSE
92,SOLUSDT,2021-07-03 08:00:00,2021-07-04 04:00:00,34.7883855,33.8000915,666.8326265938548,23198.03047792457,22539.003794057626,-659.0266838669446,36.58962741758576,-695.6163112845304,-0.02998600730120104,5,EMA200_BREAKDOWN,BAR_CLOSE
93,SOLUSDT,2021-07-04 08:00:00,2021-07-05 00:00:00,35.3606715,34.260861,636.3849307652857,22502.998484341515,21803.095655444078,-699.9028288974367,35.444875311828476,-735.3477042092652,-0.03267776535295727,4,EMA200_BREAKDOWN,BAR_CLOSE
94,ETHUSDT,2021-07-04 08:00:00,2021-07-05 04:00:00,2335.6372349999997,2263.317775,5.2233827368766965,12199.927212905419,11822.174994001176,-377.75221890424325,19.217681765525278,-396.96990066976855,-0.03253871057934205,5,EMA200_BREAKDOWN,BAR_CLOSE
95,BNBUSDT,2021-07-07 08:00:00,2021-07-08 00:00:00,331.87585499999994,327.346245,98.31720439211112,32629.106268841628,32183.767676655083,-445.338592186544,51.85029915639737,-497.18889134294136,-0.015237588404856795,4,EMA200_BREAKDOWN,BAR_CLOSE
96,ETHUSDT,2021-07-06 08:00:00,2021-07-08 04:00:00,2337.938385,2252.2333200000003,5.048589322405181,11803.290766952214,11370.601090917173,-432.68967603504024,18.539113486295513,-451.2287895213357,-0.03822906665865775,11,EMA200_BREAKDOWN,BAR_CLOSE
97,SOLUSDT,2021-07-07 04:00:00,2021-07-08 08:00:00,34.827405,34.1499165,625.0327428128447,21768.26847220378,21344.815976824626,-423.45249537915714,34.49046755922272,-457.9429629383799,-0.021037179117996175,7,EMA200_BREAKDOWN,BAR_CLOSE
98,SOLUSDT,2021-07-08 12:00:00,2021-07-08 16:00:00,34.985484,34.3238295,609.1300660969638,21310.71018135427,20907.676532035915,-403.03364931835193,33.774709370712145,-436.8083586890641,-0.020497128203228444,1,EMA200_BREAKDOWN,BAR_CLOSE
99,BNBUSDT,2021-07-12 04:00:00,2021-07-12 12:00:00,328.99441499999995,320.609615,97.66832976835614,32132.33501616741,31313.405604725704,-818.9294114417055,50.75659249671449,-869.68600393842,-0.027065758012943558,2,EMA200_BREAKDOWN,BAR_CLOSE
100,BNBUSDT,2021-07-26 04:00:00,2021-07-27 00:00:00,322.37110499999994,303.848,96.97947199229381,31263.3795484723,29467.01860591449,-1796.3609425578106,48.58431852350944,-1844.94526108132,-0.05901298220881159,5,EMA200_BREAKDOWN,BAR_CLOSE
101,BNBUSDT,2021-07-27 12:00:00,2021-07-27 20:00:00,315.74779499999994,305.88698000000005,93.17558034383198,29419.984041410284,28501.19688112213,-918.7871602881531,46.336944738025934,-965.1241050261791,-0.03280505195610278,2,EMA200_BREAKDOWN,BAR_CLOSE
102,BNBUSDT,2021-07-28 00:00:00,2021-07-29 04:00:00,313.626735,310.06489000000005,90.7310106730293,28455.670640632332,28132.50084392166,-323.1697967106714,45.2705371876432,-368.4403338983146,-0.01294787034019899,7,EMA200_BREAKDOWN,BAR_CLOSE
103,BNBUSDT,2021-07-29 08:00:00,2021-07-30 12:00:00,313.606725,309.115365,89.5629384115232,28087.539796614492,27685.280397550516,-402.25939906397764,44.618256155332006,-446.87765521930964,-0.015910174349736877,7,EMA200_BREAKDOWN,BAR_CLOSE
104,BTCUSDT,2021-07-24 00:00:00,2021-09-07 16:00:00,33650.91705,46632.741965,0.2053836345925178,6911.347651100326,9577.602035786731,2666.254384686404,13.191159749509648,2653.0632249368946,0.3838706080013949,274,EMA200_BREAKDOWN,BAR_CLOSE
105,BNBUSDT,2021-07-30 16:00:00,2021-09-07 16:00:00,312.07596,415.89195000000007,88.57150521503023,27641.037518625566,36836.176018314094,9195.138499688532,51.58177082955173,9143.55672885898,0.33079643709819895,234,EMA200_BREAKDOWN,BAR_CLOSE
106,BTCUSDT,2021-09-08 00:00:00,2021-09-08 04:00:00,46892.004284999995,46427.1748,0.20391924910718873,9562.182302928275,9467.394623384194,-94.78767954408018,15.223661541049976,-110.01134108513016,-0.01150483619742753,1,EMA200_BREAKDOWN,BAR_CLOSE
107,ETHUSDT,2021-07-24 00:00:00,2021-09-08 08:00:00,2125.32213,3257.020675,5.341515457524585,11352.441009614075,17397.426280989657,6044.985271375583,22.99989383248299,6021.985377543099,0.5304573150781619,278,EMA200_BREAKDOWN,BAR_CLOSE
108,BTCUSDT,2021-09-09 16:00:00,2021-09-09 20:00:00,47025.150825,46543.9164,0.20100442434614257,9452.263371369656,9355.533122796985,-96.73024857267093,15.046237195333315,-111.77648576800425,-0.011825367256118633,1,EMA200_BREAKDOWN,BAR_CLOSE
109,BTCUSDT,2021-09-10 04:00:00,2021-09-10 08:00:00,46743.069854999994,46137.469725,0.19982814151541134,9340.580777849696,9219.564829370307,-121.01594847938983,14.848116485776004,-135.86406496516582,-0.014545569295578986,1,EMA200_BREAKDOWN,BAR_CLOSE
110,ETHUSDT,2021-09-08 12:00:00,2021-09-10 16:00:00,3407.96313,3297.3505,5.096700655749183,17369.36791944004,16805.608455584897,-563.7594638551421,27.339981100019948,-591.0994449551621,-0.03403114308457911,13,EMA200_BREAKDOWN,BAR_CLOSE
111,ETHUSDT,2021-09-10 20:00:00,2021-09-11 00:00:00,3312.905625,3207.245575,5.064667363719014,16778.764998018643,16243.631991134724,-535.1330068839189,26.417917591322695,-561.5509244752417,-0.03346795336495586,1,EMA200_BREAKDOWN,BAR_CLOSE
112,ETHUSDT,2021-09-11 16:00:00,2021-09-11 20:00:00,3312.6555,3296.700825,4.8956753203947585,16217.685776319959,16139.576867677539,-78.10890864241901,25.885810115197998,-103.99471875761701,-0.006412426544202967,1,EMA200_BREAKDOWN,BAR_CLOSE
113,ETHUSDT,2021-09-12 04:00:00,2021-09-13 04:00:00,3329.2037699999996,3256.07115,4.840129810716303,16113.778413126101,15759.807038928317,-353.9713741977844,25.498868361643538,-379.47024255942796,-0.023549426635426227,6,EMA200_BREAKDOWN,BAR_CLOSE
114,BNBUSDT,2021-09-15 16:00:00,2021-09-15 20:00:00,435.31755,429.48515000000003,84.48295654478508,36776.91365983231,36284.175264080506,-492.7383957518003,58.448871139130254,-551.1872668909306,-0.014987317097599097,1,EMA200_BREAKDOWN,BAR_CLOSE
115,BNBUSDT,2021-09-16 00:00:00,2021-09-16 04:00:00,431.4156,424.38770000000005,83.97051332924809,36226.18939024556,35636.05301961894,-590.1363706266169,57.48979392789161,-647.6261645545085,-0.01787729196626161,1,EMA200_BREAKDOWN,BAR_CLOSE
116,BNBUSDT,2021-09-16 08:00:00,2021-09-16 12:00:00,430.215,426.3867,82.70075946136066,35579.10723166927,35262.50391422335,-316.6033174459234,56.6732889167141,-373.2766063626375,-0.010491455109654374,1,EMA200_BREAKDOWN,BAR_CLOSE
117,ETHUSDT,2021-09-14 08:00:00,2021-09-19 12:00:00,3313.8160799999996,3324.526905,4.748189563245291,15734.626925570421,15785.48395304917,50.857027478749444,25.216088702895675,25.64093877585377,0.0016295867005390863,31,EMA200_BREAKDOWN,BAR_CLOSE
118,ETHUSDT,2021-09-19 16:00:00,2021-09-19 20:00:00,3365.02167,3336.2710300000003,4.683549727618159,15760.246325957702,15625.591273816855,-134.65505214084655,25.108670079819646,-159.76372222066618,-0.010137133577508207,1,EMA200_BREAKDOWN,BAR_CLOSE
119,BTCUSDT,2021-09-14 16:00:00,2021-09-20 04:00:00,46777.807215,45519.978625,0.19677773257715755,9204.830838699101,8957.31818078818,-247.51265791092263,14.529719215589825,-262.04237712651246,-0.028467918826365565,33,EMA200_BREAKDOWN,BAR_CLOSE
120,SOLUSDT,2021-07-29 20:00:00,2021-09-21 20:00:00,31.379682,127.11641000000002,665.2160701209942,20874.2687416865,84559.87870808906,63685.60996640256,84.34731795982046,63601.26264844274,3.0468738059996916,324,EMA200_BREAKDOWN,BAR_CLOSE
121,SOLUSDT,2021-09-22 08:00:00,2021-09-22 12:00:00,133.01647499999999,128.57568,634.6740607094313,84422.10632950453,81603.64893407641,-2818.4573954281263,132.82060421086476,-2951.277999638991,-0.03495859233978333,1,EMA200_BREAKDOWN,BAR_CLOSE
122,SOLUSDT,2021-09-22 16:00:00,2021-09-26 04:00:00,141.75084,130.95449000000002,574.7641947193064,81473.30740338525,75267.95198972747,-6205.355413657778,125.39300751449018,-6330.748421172268,-0.07770334386730963,21,EMA200_BREAKDOWN,BAR_CLOSE
123,SOLUSDT,2021-09-26 12:00:00,2021-09-28 16:00:00,135.16754999999998,130.324805,555.9609300522704,75147.87681088675,72455.49979668079,-2692.377014205971,118.08270128605403,-2810.459715492025,-0.03739905682983809,13,EMA200_BREAKDOWN,BAR_CLOSE
124,SOLUSDT,2021-09-29 04:00:00,2021-09-29 20:00:00,138.8694,131.943995,520.9194961709042,72339.77788155577,68732.1993981763,-3607.578483379467,112.85758182378567,-3720.4360652032524,-0.05143001781529992,4,EMA200_BREAKDOWN,BAR_CLOSE
125,BNBUSDT,2021-10-01 08:00:00,2021-10-11 00:00:00,399.09944999999993,403.798,88.21396315543903,35206.14417765597,35620.62189423997,414.4777165839941,56.66141285751676,357.8163037264773,0.010163461863954133,58,EMA200_BREAKDOWN,BAR_CLOSE
126,SOLUSDT,2021-09-30 00:00:00,2021-10-11 20:00:00,135.30762000000001,141.499215,507.1589241067669,68622.46698264727,71762.58964135208,3140.1226587048263,112.30804529919948,3027.814613405627,0.04412278873872719,71,EMA200_BREAKDOWN,BAR_CLOSE
127,BNBUSDT,2021-10-11 04:00:00,2021-10-12 04:00:00,416.0079,406.29675000000003,85.48794365608761,35563.65991568733,34733.47367165152,-830.186244035813,56.237706869871076,-886.4239509056841,-0.024924992337885834,6,EMA200_BREAKDOWN,BAR_CLOSE
128,SOLUSDT,2021-10-12 20:00:00,2021-10-13 08:00:00,150.085005,145.35728500000002,477.3810563672075,71647.73823177762,69390.81426396925,-2256.923967808363,112.83084199659751,-2369.7548098049606,-0.03307508189775505,3,EMA200_BREAKDOWN,BAR_CLOSE
129,SOLUSDT,2021-10-13 12:00:00,2021-10-13 20:00:00,146.93343000000002,144.94749000000002,471.5058650438697,69279.97401601289,68343.59165838765,-936.3823576252222,110.09885253952044,-1046.4812101647426,-0.015105103964427965,2,EMA200_BREAKDOWN,BAR_CLOSE
130,BNBUSDT,2021-10-12 16:00:00,2021-10-28 00:00:00,434.01689999999996,448.47565000000003,79.9000696998214,34677.98056090041,35833.23569367271,1155.2551327722979,56.4089730036585,1098.8461597686394,0.031687143887715125,92,EMA200_BREAKDOWN,BAR_CLOSE
131,BTCUSDT,2021-10-01 12:00:00,2021-11-16 04:00:00,47511.814034999996,60876.9463,0.1882270496045769,8943.008577169378,11458.687990985265,2515.6794138158875,16.321357254523715,2499.358056561364,0.27947620031831116,274,EMA200_BREAKDOWN,BAR_CLOSE
132,ETHUSDT,2021-10-01 12:00:00,2021-11-16 12:00:00,3237.0977399999997,4290.29378,4.819322139239361,15600.6168052637,20676.307797794925,5075.690992531225,29.021539682446903,5046.669452848778,0.32349166163391785,276,EMA200_BREAKDOWN,BAR_CLOSE
133,SOLUSDT,2021-10-14 00:00:00,2021-11-18 12:00:00,148.12402500000002,207.79605,460.65701934621785,68234.37185006466,95722.70902491765,27488.33717485299,131.16566469998588,27357.171510153003,0.40092948419407304,213,EMA200_BREAKDOWN,BAR_CLOSE
134,BNBUSDT,2021-10-28 04:00:00,2021-11-18 16:00:00,455.72774999999996,545.22725,78.50279841395405,35775.90368989485,42801.86489654453,7025.961206649687,62.86221486915151,6963.0989917805355,0.19463097430428603,129,EMA200_BREAKDOWN,BAR_CLOSE
135,ETHUSDT,2021-11-19 20:00:00,2021-11-20 16:00:00,4292.76531,4210.943475,4.808799355437413,20643.047055772087,20249.58226836338,-393.46478740870515,32.714103459308376,-426.1788908680135,-0.02064515426024996,5,EMA200_BREAKDOWN,BAR_CLOSE
136,SOLUSDT,2021-11-19 16:00:00,2021-11-20 16:00:00,214.07698499999998,207.02643500000002,446.42147466785906,95568.56333614913,92421.04640792968,-3147.516928219455,150.39168779526307,-3297.908616014718,-0.03450829960072522,6,EMA200_BREAKDOWN,BAR_CLOSE
137,ETHUSDT,2021-11-20 20:00:00,2021-11-22 00:00:00,4400.5791899999995,4257.5701500000005,4.594219370285303,20217.226155172404,19560.211253478505,-657.014901693901,31.821949926920727,-688.8368516208218,-0.034071778508773756,7,EMA200_BREAKDOWN,BAR_CLOSE
138,BNBUSDT,2021-11-19 12:00:00,2021-11-22 20:00:00,561.98085,555.722,76.04023104794813,42733.15367852228,42257.229278427825,-475.9244000944541,67.99230636556008,-543.9167064600142,-0.012728213568131464,20,EMA200_BREAKDOWN,BAR_CLOSE
139,ETHUSDT,2021-11-23 20:00:00,2021-11-24 04:00:00,4358.027925,4244.596640000001,4.481147955587491,19528.967926506946,19020.665555629537,-508.3023708774105,30.83970678570919,-539.1420776631197,-0.027607300073002553,2,EMA200_BREAKDOWN,BAR_CLOSE
140,ETHUSDT,2021-11-24 12:00:00,2021-11-24 16:00:00,4294.42614,4250.223825000001,4.422075990853824,18990.278728189063,18794.81273228741,-195.4659959016518,30.22807316838118,-225.69406907003298,-0.011884715980235402,1,EMA200_BREAKDOWN,BAR_CLOSE
141,SOLUSDT,2021-11-20 20:00:00,2021-11-24 16:00:00,215.52770999999998,212.22383500000004,428.127895774385,92273.42496337187,90858.9439117203,-1414.481051651574,146.50589510007376,-1560.9869467516478,-0.016916972003274886,23,EMA200_BREAKDOWN,BAR_CLOSE
142,SOLUSDT,2021-11-25 16:00:00,2021-11-25 20:00:00,214.54721999999998,210.33478000000002,422.81484349065676,90713.74924565549,88932.66708634172,-1781.0821593137646,143.71713306559778,-1924.7992923793624,-0.021218385397862343,1,EMA200_BREAKDOWN,BAR_CLOSE
143,ETHUSDT,2021-11-25 04:00:00,2021-11-26 12:00:00,4319.368605,3982.92754,4.344332692610533,18764.77424213705,17303.16232432085,-1461.6119178162032,28.85434925316632,-1490.4662670693695,-0.07942894744358117,8,EMA200_BREAKDOWN,BAR_CLOSE
144,BNBUSDT,2021-11-23 04:00:00,2021-11-26 12:00:00,567.5836499999999,569.2152500000001,74.33211626532179,42189.6938620957,42310.974142994215,121.2802808985111,67.60053440407194,53.67974649443916,0.001272342640596082,20,EMA200_BREAKDOWN,BAR_CLOSE
145,SOLUSDT,2021-11-30 16:00:00,2021-12-01 00:00:00,213.136515,208.41574000000003,416.5901219914464,88790.56678468174,86823.93855153758,-1966.6282331441598,140.49160426897546,-2107.1198374131354,-0.02373134797667108,2,EMA200_BREAKDOWN,BAR_CLOSE
146,ETHUSDT,2021-11-29 00:00:00,2021-12-03 20:00:00,4296.917385000001,4226.70559,4.020454297548013,17275.55996673202,16993.276653785706,-282.2833129463144,27.41506929641418,-309.6983822427286,-0.017926966352414773,29,EMA200_BREAKDOWN,BAR_CLOSE
147,SOLUSDT,2021-12-01 04:00:00,2021-12-04 04:00:00,215.02745999999996,195.99195500000002,403.135566629174,86685.21692793202,79011.32783368457,-7673.889094247452,132.55723580929327,-7806.446330056745,-0.09005510520377234,18,EMA200_BREAKDOWN,BAR_CLOSE
148,BNBUSDT,2021-11-26 16:00:00,2021-12-04 04:00:00,586.5931499999999,570.8144500000001,72.01469795138777,42243.3285176031,41107.030203037546,-1136.298314565551,66.68028697651252,-1202.9786015420634,-0.028477363024099145,45,EMA200_BREAKDOWN,BAR_CLOSE
149,BNBUSDT,2021-12-07 00:00:00,2021-12-07 20:00:00,587.7937499999999,580.9094000000001,69.82272339249324,41041.36041808632,40560.676352299226,-480.68406578709784,65.28162941630843,-545.9656952034063,-0.013302816710793225,5,EMA200_BREAKDOWN,BAR_CLOSE
150,ETHUSDT,2021-12-07 00:00:00,2021-12-08 12:00:00,4349.743785,4265.136365,3.9004876079454824,16966.121731130377,16636.11153788014,-330.0101932502363,26.881786615208412,-356.8919798654447,-0.02103556637876761,9,EMA200_BREAKDOWN,BAR_CLOSE
151,ETHUSDT,2021-12-08 16:00:00,2021-12-09 16:00:00,4405.42161,4199.25932,3.7702474384802445,16609.529540528016,15832.246694744294,-777.2828457837221,25.95342098821785,-803.23626677194,-0.04835996497143442,6,EMA200_BREAKDOWN,BAR_CLOSE
152,BNBUSDT,2021-12-08 16:00:00,2021-12-09 16:00:00,592.1959499999999,579.71,68.3825232747149,40495.853334066895,39642.032567584974,-853.8207664819189,64.1103087213215,-917.9310752032404,-0.022667285650973958,6,EMA200_BREAKDOWN,BAR_CLOSE
153,ETHUSDT,2021-12-23 20:00:00,2021-12-24 04:00:00,4135.70682,4089.9739900000004,3.822071699033096,15806.967992220165,15632.173836960472,-174.79415525969145,25.15131346334451,-199.94546872303596,-0.012649198051229346,2,EMA200_BREAKDOWN,BAR_CLOSE
154,SOLUSDT,2021-12-23 20:00:00,2021-12-24 04:00:00,191.205555,187.58616,412.5681809442855,78885.32801279252,77392.08080152368,-1493.247211268841,125.02192705145298,-1618.2691383202941,-0.02051419673450386,2,EMA200_BREAKDOWN,BAR_CLOSE
155,BTCUSDT,2021-12-27 16:00:00,2021-12-27 20:00:00,51476.30529,51179.047675,0.2222433624269002,11440.26717296323,11374.20364109863,-66.06353186459985,18.251576651249486,-84.31510851584935,-0.007370029671606896,1,EMA200_BREAKDOWN,BAR_CLOSE
156,BNBUSDT,2021-12-27 16:00:00,2021-12-28 04:00:00,558.4791,552.02385,70.86870989615694,39578.69332096683,39121.21808140966,-457.47523955716554,62.9599291219012,-520.4351686790667,-0.013149377228261499,3,EMA200_BREAKDOWN,BAR_CLOSE
157,SOLUSDT,2021-12-24 08:00:00,2021-12-28 16:00:00,188.904405,185.477215,409.0344966839097,77268.41822054844,75866.57928385831,-1401.838936690127,122.50799800352542,-1524.3469346936524,-0.019727942797310608,26,EMA200_BREAKDOWN,BAR_CLOSE
158,BNBUSDT,2022-02-07 04:00:00,2022-02-08 16:00:00,427.21349999999995,417.89095000000003,91.42664105378094,39058.69531782944,38206.365885273524,-852.3294325559183,61.81204896248238,-914.1414815184007,-0.02340430150264428,9,EMA200_BREAKDOWN,BAR_CLOSE
159,BNBUSDT,2022-02-09 20:00:00,2022-02-10 00:00:00,426.4131,422.68855,89.45626134646315,38145.32171515552,37812.13739695756,-333.1843181979662,60.765967289690465,-393.9502854876567,-0.010327617326953524,1,EMA200_BREAKDOWN,BAR_CLOSE
160,BNBUSDT,2022-02-10 12:00:00,2022-02-10 16:00:00,427.21349999999995,424.68755,88.367297259819,37751.70234790768,37528.49097339424,-223.2113745134368,60.22415465704154,-283.43552917047833,-0.007507887367791435,1,EMA200_BREAKDOWN,BAR_CLOSE
161,ETHUSDT,2022-02-05 00:00:00,2022-02-11 20:00:00,2996.4874949999994,2991.4035500000005,5.208495114274073,15607.190477690852,15580.71077499712,-26.479702693732623,24.950321002150382,-51.43002369588301,-0.0032952775049037712,41,EMA200_BREAKDOWN,BAR_CLOSE
162,BTCUSDT,2022-02-04 20:00:00,2022-02-17 16:00:00,40748.28395999999,41904.47728000001,0.2786871442313012,11356.022889138536,11678.239103668646,322.2162145301106,18.427409594245745,303.78880493586485,0.02675133784966421,77,EMA200_BREAKDOWN,BAR_CLOSE
163,ETHUSDT,2022-02-15 04:00:00,2022-02-17 16:00:00,3026.6325599999996,2987.7653700000005,5.139640622651227,15555.803655214873,15356.040266602575,-199.76338861229854,24.72947513745396,-224.4928637497525,-0.014431453927132482,15,EMA200_BREAKDOWN,BAR_CLOSE
164,BNBUSDT,2022-02-15 08:00:00,2022-02-17 16:00:00,427.91384999999997,413.39320000000004,87.56086045025583,37468.50490458171,36197.064296284705,-1271.4406082970013,58.93245536069313,-1330.3730636576945,-0.0355064357930923,14,EMA200_BREAKDOWN,BAR_CLOSE
165,SOLUSDT,2022-03-02 04:00:00,2022-03-02 20:00:00,104.30212499999999,100.92951000000001,726.2110118780411,75745.35173727991,73296.12158545486,-2449.2301518250465,119.23317865818782,-2568.463330483234,-0.03390918744944058,4,EMA200_BREAKDOWN,BAR_CLOSE
166,ETHUSDT,2022-03-01 00:00:00,2022-03-03 16:00:00,2922.290415,2826.576005,5.246398265817353,15331.499365470672,14829.343450832941,-502.15591463773137,24.12867425304289,-526.2845888907742,-0.03432701370852631,16,EMA200_BREAKDOWN,BAR_CLOSE
167,BNBUSDT,2022-03-01 08:00:00,2022-03-04 04:00:00,413.40659999999997,393.803,87.41817221664455,36139.249354297484,34425.538473431276,-1713.7108808662106,56.45183026218301,-1770.1627111283935,-0.048981723271955435,17,EMA200_BREAKDOWN,BAR_CLOSE
168,BTCUSDT,2022-02-28 16:00:00,2022-03-04 16:00:00,40845.37248,40673.97284,0.28545599669062566,11659.556511478251,11610.629456409639,-48.927055068613285,18.61614877431031,-67.54320384292359,-0.005792947937293385,24,EMA200_BREAKDOWN,BAR_CLOSE
169,BNBUSDT,2022-03-09 04:00:00,2022-03-09 20:00:00,398.9994,393.90295000000003,86.14191795738648,34370.57357984643,33931.55560207251,-439.01797777391783,54.641703345535156,-493.659681119453,-0.014362858390263114,4,EMA200_BREAKDOWN,BAR_CLOSE
170,BTCUSDT,2022-03-09 04:00:00,2022-03-10 08:00:00,41238.338865,39219.28055,0.28109934500211003,11592.070043926557,11024.514074058994,-567.5559698675625,18.09326729438844,-585.6492371619509,-0.05052154058271849,7,EMA200_BREAKDOWN,BAR_CLOSE
171,BNBUSDT,2022-03-17 16:00:00,2022-03-18 04:00:00,387.7938,384.90745000000004,87.35912893104305,33877.32857285912,33625.179551069006,-252.14902179011054,54.0020064991425,-306.151028289253,-0.009037047523709601,3,EMA200_BREAKDOWN,BAR_CLOSE
172,SOLUSDT,2022-03-19 16:00:00,2022-03-20 04:00:00,94.08702,90.73461,777.7804623421412,73179.04591599428,70571.60691623387,-2607.438999760411,115.00052226578254,-2722.4395220261936,-0.03720244624603895,3,EMA200_BREAKDOWN,BAR_CLOSE
173,SOLUSDT,2022-03-22 12:00:00,2022-03-23 00:00:00,92.04599999999999,90.39478,765.4747978528844,70458.89324316659,69194.92594745595,-1263.967295710636,111.72305535249805,-1375.6903510631341,-0.019524722682137143,3,EMA200_BREAKDOWN,BAR_CLOSE
174,BTCUSDT,2022-03-16 12:00:00,2022-04-07 00:00:00,40541.860799999995,43148.884765,0.2714950062707488,11006.912752123824,11714.706739849493,707.7939877256695,18.177295593578656,689.6166921320909,0.06265305337312016,129,EMA200_BREAKDOWN,BAR_CLOSE
175,BTCUSDT,2022-04-07 12:00:00,2022-04-07 16:00:00,43788.633375,43310.15409,0.26710014140135346,11695.950166234525,11568.148281553407,-127.80188468111689,18.61127875823035,-146.41316343934724,-0.012518278665553216,1,EMA200_BREAKDOWN,BAR_CLOSE
176,BTCUSDT,2022-04-08 04:00:00,2022-04-08 12:00:00,43627.752974999996,43277.140605,0.26473194703542874,11549.659989852467,11456.841694487663,-92.8182953648049,18.405201347472104,-111.223496712277,-0.009630023464759826,2,EMA200_BREAKDOWN,BAR_CLOSE
177,BTCUSDT,2022-04-08 16:00:00,2022-04-08 20:00:00,43669.834005,42709.47458,0.26193206778774947,11438.529920877427,11186.980990867723,-251.54893000970281,18.100408729396122,-269.64933873909894,-0.023573775704073575,1,EMA200_BREAKDOWN,BAR_CLOSE
178,BNBUSDT,2022-03-18 16:00:00,2022-04-11 00:00:00,393.49665,417.89095000000003,85.31568111554093,33571.43471143362,35652.65103127046,2081.216319836844,55.37926859416327,2025.8370512426807,0.060344071340887005,140,EMA200_BREAKDOWN,BAR_CLOSE
179,ETHUSDT,2022-03-16 20:00:00,2022-04-11 12:00:00,2754.5365799999995,3050.0442150000003,5.3750082547949205,14805.656855634566,16394.012833114495,1588.355977479929,24.95973575099925,1563.3962417289297,0.10559452086274378,154,EMA200_BREAKDOWN,BAR_CLOSE
180,SOLUSDT,2022-03-23 08:00:00,2022-04-11 12:00:00,91.17556499999999,103.87803500000001,757.7069412402145,69084.35847199835,78709.10816189395,9624.749689895603,118.23477330711384,9506.514916588489,0.13760734161614488,115,EMA200_BREAKDOWN,BAR_CLOSE
181,BNBUSDT,2022-04-13 04:00:00,2022-04-13 12:00:00,418.30905,413.29325,85.09395161197985,35595.57005955326,35168.75581705789,-426.8142424953696,56.61146070128893,-483.42570319665856,-0.013581063665727559,2,EMA200_BREAKDOWN,BAR_CLOSE
182,BNBUSDT,2022-04-13 16:00:00,2022-04-14 16:00:00,418.10894999999994,412.29375000000005,83.97942793127794,35112.55043394728,34624.193264641326,-488.3571693059583,55.789394958870886,-544.1465642648292,-0.015497209901868621,6,EMA200_BREAKDOWN,BAR_CLOSE
183,BNBUSDT,2022-04-15 04:00:00,2022-04-15 08:00:00,418.30905,416.49165,82.63952442051263,34568.860952796436,34418.6718811146,-150.18907168184134,55.19002626712883,-205.37909794897018,-0.0059411589589085404,1,EMA200_BREAKDOWN,BAR_CLOSE
184,BNBUSDT,2022-04-15 12:00:00,2022-04-16 04:00:00,417.60869999999994,415.89195000000007,82.2867300736066,34363.654373289755,34222.3886294359,-141.265743853854,54.868834402180525,-196.1345782560345,-0.005707617010852209,4,EMA200_BREAKDOWN,BAR_CLOSE
185,BNBUSDT,2022-04-17 00:00:00,2022-04-17 04:00:00,417.50865,414.99240000000003,81.83706983814457,34167.68454807946,33961.76202109923,-205.92252698022776,54.503557255342955,-260.4260842355707,-0.007621999783716953,1,EMA200_BREAKDOWN,BAR_CLOSE
186,ETHUSDT,2022-04-19 16:00:00,2022-04-20 04:00:00,3112.085265,3090.084185,5.259412403830923,16367.739844520445,16252.027091470769,-115.71275304967645,26.09581354879297,-141.8085665984694,-0.008663906437023665,3,EMA200_BREAKDOWN,BAR_CLOSE
187,ETHUSDT,2022-04-20 12:00:00,2022-04-20 16:00:00,3154.35639,3066.7658500000002,5.1440130381456095,16226.050397117917,15775.483517339704,-450.5668797782129,25.601227131566098,-476.168106909779,-0.029345903362555582,1,EMA200_BREAKDOWN,BAR_CLOSE
188,SOLUSDT,2022-04-19 16:00:00,2022-04-20 16:00:00,106.51323,105.66714,737.7758417058324,78582.8879160569,77958.66315414803,-624.22476190888,125.23324085616396,-749.4580027650441,-0.009537165439448131,6,EMA200_BREAKDOWN,BAR_CLOSE
189,BTCUSDT,2022-04-21 12:00:00,2022-04-21 20:00:00,42461.230005,41198.21059,0.263042476307626,11169.10708758287,10836.879333036663,-332.2277545462079,17.604789136495626,-349.83254368270354,-0.031321442344449,2,EMA200_BREAKDOWN,BAR_CLOSE
190,ETHUSDT,2022-04-21 04:00:00,2022-04-21 20:00:00,3098.3484,3024.7168850000003,5.08344454465416,15750.282271417944,15375.980548176576,-374.30172324136885,24.901010255675615,-399.20273349704445,-0.02534575105498129,4,EMA200_BREAKDOWN,BAR_CLOSE
191,SOLUSDT,2022-04-21 04:00:00,2022-04-21 20:00:00,107.11353,104.23785500000001,726.6501202790554,77834.0594580142,75744.44987338074,-2089.609584633463,122.86280746511596,-2212.472392098579,-0.028425504303704552,4,EMA200_BREAKDOWN,BAR_CLOSE
192,BNBUSDT,2022-04-19 00:00:00,2022-04-21 20:00:00,417.10844999999995,411.5941,81.29175331200949,33907.47722175464,33459.20604187857,-448.2711798760732,53.893346610906576,-502.16452648697975,-0.014809846312151966,17,EMA200_BREAKDOWN,BAR_CLOSE
193,SOLUSDT,2022-06-25 00:00:00,2022-06-25 16:00:00,41.930955,39.840070000000004,1803.5230903451875,75623.44554272499,71852.4861659686,-3770.9593767563847,117.98074536695488,-3888.9401221233397,-0.05142505864700656,4,EMA200_BREAKDOWN,BAR_CLOSE
194,SOLUSDT,2022-06-26 00:00:00,2022-06-26 08:00:00,42.24111,41.29934,1698.292779955456,71737.7721303042,70138.37093892555,-1599.4011913786467,113.50091445538382,-1712.9021058340304,-0.023877269323651727,2,EMA200_BREAKDOWN,BAR_CLOSE
195,SOLUSDT,2022-06-26 12:00:00,2022-06-26 16:00:00,42.10104,40.589695,1663.2916636320401,70026.30886223906,67512.5013228671,-2513.8075393719632,110.03104814808493,-2623.8385875200483,-0.03746932588838658,1,EMA200_BREAKDOWN,BAR_CLOSE
196,SOLUSDT,2022-07-07 16:00:00,2022-07-08 08:00:00,38.309144999999994,37.491245,1759.493047916693,67404.67429913253,65965.58493524148,-1439.0893638910536,106.69620738749921,-1545.7855712785529,-0.022932913590214418,4,EMA200_BREAKDOWN,BAR_CLOSE
197,BNBUSDT,2022-07-08 04:00:00,2022-07-08 08:00:00,245.12249999999997,241.47920000000002,136.28179589172726,33405.73451346991,32909.21904649759,-496.5154669723236,53.051962847973996,-549.5674298202977,-0.01645129011004683,1,EMA200_BREAKDOWN,BAR_CLOSE
198,SOLUSDT,2022-07-08 16:00:00,2022-07-09 00:00:00,38.609295,38.10094,1705.811701242767,65860.18718773386,64993.02928034859,-867.1579073852696,104.68257317446597,-971.8404805597356,-0.014756114764592352,2,EMA200_BREAKDOWN,BAR_CLOSE
199,SOLUSDT,2022-07-09 04:00:00,2022-07-09 12:00:00,38.33916,38.170905,1692.503514766046,64889.1630531778,64604.390874300836,-284.7721788769645,103.59484314198292,-388.3670220189474,-0.005985082928264522,2,EMA200_BREAKDOWN,BAR_CLOSE
200,BNBUSDT,2022-07-09 08:00:00,2022-07-09 12:00:00,244.5222,241.77905,134.37073901793235,32856.62872029066,32488.02962755362,-368.5990927370392,52.275726678275426,-420.8748194153146,-0.012809434071834727,1,EMA200_BREAKDOWN,BAR_CLOSE
201,SOLUSDT,2022-07-09 20:00:00,2022-07-10 00:00:00,38.429204999999996,38.04097,1678.4401930629933,64501.12225945734,63849.49303110354,-651.6292283538021,102.6804922324487,-754.3097205862508,-0.01169452087286205,1,EMA200_BREAKDOWN,BAR_CLOSE
202,ETHUSDT,2022-07-15 20:00:00,2022-07-16 00:00:00,1266.963165,1230.634375,12.116701804994497,15351.41486821704,14911.229752850775,-440.1851153662636,24.210115696854253,-464.3952310631178,-0.03025097263344653,1,EMA200_BREAKDOWN,BAR_CLOSE
203,SOLUSDT,2022-07-15 08:00:00,2022-07-16 00:00:00,37.488735,37.34132,1700.4427105645575,63747.44615903639,63496.77539685853,-250.67076217786607,101.79537724471595,-352.46613942258205,-0.0055291021156087345,4,EMA200_BREAKDOWN,BAR_CLOSE
204,BNBUSDT,2022-07-15 20:00:00,2022-07-16 00:00:00,241.9209,238.4807,134.07732624888405,32436.10743572365,31974.854617962243,-461.2528177614077,51.52876964294872,-512.7815874043564,-0.015808974255634697,1,EMA200_BREAKDOWN,BAR_CLOSE
205,BTCUSDT,2022-07-18 08:00:00,2022-07-18 20:00:00,22257.052965,21607.11104,0.4861186438407193,10819.568403236859,10503.619516080633,-315.9488871562261,17.058550335453994,-333.0074374916801,-0.030778255202125737,3,EMA200_BREAKDOWN,BAR_CLOSE
206,BTCUSDT,2022-07-19 00:00:00,2022-07-19 08:00:00,22443.796290000002,21753.997560000003,0.4672489696703031,10486.840691992673,10164.53294612029,-322.30774587238295,16.521098910490373,-338.8288447828733,-0.032309906742608314,2,EMA200_BREAKDOWN,BAR_CLOSE
207,BTCUSDT,2022-07-19 12:00:00,2022-07-25 04:00:00,21988.178594999998,21856.816125,0.46153420209835333,10148.296463439416,10087.668190662298,-60.62827277711721,16.18877172328137,-76.81704450039858,-0.007569452151614035,34,EMA200_BREAKDOWN,BAR_CLOSE
208,SOLUSDT,2022-07-16 16:00:00,2022-07-25 04:00:00,37.958969999999994,38.06096,1670.100007749708,63395.27609117093,63565.60959096133,170.33349979040574,101.56870854570582,68.76479124469992,0.0010846989789240276,51,EMA200_BREAKDOWN,BAR_CLOSE
209,BNBUSDT,2022-07-16 20:00:00,2022-07-26 00:00:00,248.42415,244.57765,128.505045040318,31923.756584852716,31429.461929105135,-494.29465574758217,50.68257481116628,-544.9772305587485,-0.0170712124404974,55,EMA200_BREAKDOWN,BAR_CLOSE
210,ETHUSDT,2022-07-16 16:00:00,2022-07-26 16:00:00,1274.97717,1367.9856650000002,11.676608867551733,14887.409729148012,15973.433546622657,1086.0238174746441,24.68867462061654,1061.3351428540277,0.07129078611815479,60,EMA200_BREAKDOWN,BAR_CLOSE
211,SOLUSDT,2022-07-27 20:00:00,2022-08-03 00:00:00,39.39969,39.760110000000005,1610.773666493086,63463.983119990975,64044.53816486842,580.5550448774459,102.00681702788751,478.5482278495584,0.0075404694808513684,37,EMA200_BREAKDOWN,BAR_CLOSE
212,SOLUSDT,2022-08-03 16:00:00,2022-08-04 00:00:00,40.190084999999996,38.52073,1590.9926382919855,63942.129367329144,61286.19785163323,-2655.931515695911,100.1826617751699,-2756.114177471081,-0.043103259224258825,2,EMA200_BREAKDOWN,BAR_CLOSE
213,BTCUSDT,2022-07-27 20:00:00,2022-08-04 20:00:00,22785.00681,22440.05436,0.4420250574968512,10071.543945256397,9919.066318711466,-152.47762654493,15.992488211174292,-168.4701147561043,-0.016727337503745107,48,EMA200_BREAKDOWN,BAR_CLOSE
214,SOLUSDT,2022-08-05 04:00:00,2022-08-07 04:00:00,40.130055,39.74012,1524.7507217661957,61188.33032576713,60593.77665307523,-594.5536726919034,97.42568558307389,-691.9793582749774,-0.011309008671929337,12,EMA200_BREAKDOWN,BAR_CLOSE
215,SOLUSDT,2022-08-07 08:00:00,2022-08-10 04:00:00,39.99999,39.260360000000006,1512.4236838597487,60496.93223015311,59378.29830085993,-1118.6339292931725,95.90018442481043,-1214.534113717983,-0.020075962018990284,17,EMA200_BREAKDOWN,BAR_CLOSE
216,SOLUSDT,2022-08-10 16:00:00,2022-08-17 16:00:00,42.10104,41.089445000000005,1408.1224198996188,59283.41832509064,57858.968725732295,-1424.4495993583446,93.71390964065836,-1518.163508999003,-0.025608569004470977,42,EMA200_BREAKDOWN,BAR_CLOSE
217,BTCUSDT,2022-08-05 00:00:00,2022-08-19 00:00:00,22633.721204999998,23179.854275,0.4375425170125791,9903.215345396684,10142.171783468293,238.9564380716086,16.036309703091984,222.92012836851663,0.022509873873654246,84,EMA200_BREAKDOWN,BAR_CLOSE
218,BNBUSDT,2022-07-27 00:00:00,2022-08-19 04:00:00,249.62474999999998,291.6541,125.70563269534628,31379.237135167637,36662.5631686918,5283.326033524158,54.433440243087546,5228.892593281071,0.16663542745661258,139,EMA200_BREAKDOWN,BAR_CLOSE
219,ETHUSDT,2022-07-27 00:00:00,2022-08-20 00:00:00,1449.8445599999998,1608.1955,10.99969871975934,15947.853350482043,17689.665982472732,1741.812631990691,26.910015466363824,1714.9026165243272,0.10753187772901689,144,EMA200_BREAKDOWN,BAR_CLOSE
220,BNBUSDT,2022-08-21 08:00:00,2022-08-22 08:00:00,296.74830000000003,291.4542,123.34944280614364,36603.73745867036,35950.713173510354,-653.0242851600068,58.04356050574457,-711.0678456657514,-0.01942609949239815,6,EMA200_BREAKDOWN,BAR_CLOSE
221,ETHUSDT,2022-08-24 16:00:00,2022-08-25 00:00:00,1684.331745,1655.73172,10.485651357719016,17661.315448808487,17361.425557836443,-299.8898909720474,28.018192805315945,-327.90808377736334,-0.0185664586948695,2,EMA200_BREAKDOWN,BAR_CLOSE
222,ETHUSDT,2022-08-25 08:00:00,2022-08-26 08:00:00,1709.77446,1659.72972,10.137993760780295,17333.6828078215,16826.329545941626,-507.35326187987255,27.328009883010502,-534.6812717628831,-0.030846374523573153,6,EMA200_BREAKDOWN,BAR_CLOSE
223,BNBUSDT,2022-08-22 12:00:00,2022-08-26 12:00:00,296.14799999999997,293.65310000000005,121.20043663977124,35893.26690999497,35590.883940622414,-302.38296937255507,57.18732068049391,-359.570290053049,-0.01001776436106243,24,EMA200_BREAKDOWN,BAR_CLOSE
224,ETHUSDT,2022-09-02 16:00:00,2022-09-02 20:00:00,1637.1481649999998,1560.6892650000002,10.261411292805558,16799.450668326896,16014.874448431408,-784.5762198954872,26.251460093406642,-810.8276799888938,-0.04826513056867986,1,EMA200_BREAKDOWN,BAR_CLOSE
225,ETHUSDT,2022-09-06 00:00:00,2022-09-06 20:00:00,1618.6089,1575.881665,9.87842343112607,15989.304083589193,15567.226364217964,-422.0777193712283,25.24522435824573,-447.322943729474,-0.0279763860510095,5,EMA200_BREAKDOWN,BAR_CLOSE
226,SOLUSDT,2022-09-09 08:00:00,2022-09-09 16:00:00,35.387685,34.94252,1632.3907617420919,57766.53007343919,57039.846839988284,-726.6832334509115,91.84510153074199,-818.5283349816535,-0.014169594987634707,2,EMA200_BREAKDOWN,BAR_CLOSE
227,SOLUSDT,2022-09-11 16:00:00,2022-09-12 00:00:00,35.25762,34.972505000000005,1615.2164922719946,56948.68930225893,56488.1668520648,-460.52245019412584,90.749484923459,-551.2719351175848,-0.009680151411240961,2,EMA200_BREAKDOWN,BAR_CLOSE
228,BTCUSDT,2022-09-09 16:00:00,2022-09-13 16:00:00,21277.393379999998,20819.355115000002,0.47590172536714054,10125.948220857374,9907.967020259704,-217.98120059766944,16.027132192893664,-234.00833279056312,-0.02310976983948565,24,EMA200_BREAKDOWN,BAR_CLOSE
229,ETHUSDT,2022-09-08 00:00:00,2022-09-13 16:00:00,1630.8149999999998,1593.6427800000001,9.530423065235757,15542.35689113245,15188.089908258435,-354.266982874015,24.584357439512708,-378.8513403135277,-0.02437541120482685,34,EMA200_BREAKDOWN,BAR_CLOSE
230,SOLUSDT,2022-09-12 08:00:00,2022-09-13 16:00:00,35.487734999999994,34.72263,1589.2217532498719,56397.88043556683,55181.9589260466,-1215.9215095202294,89.26387148929075,-1305.1853810095201,-0.02314245448462663,8,EMA200_BREAKDOWN,BAR_CLOSE
231,BNBUSDT,2022-09-09 08:00:00,2022-09-13 16:00:00,291.14549999999997,282.95845,122.04893655916223,35533.99865898556,34534.77791292888,-999.2207460566821,56.05502125753156,-1055.2757673142137,-0.02969763626777657,26,EMA200_BREAKDOWN,BAR_CLOSE
232,BNBUSDT,2022-09-24 08:00:00,2022-09-24 12:00:00,280.84035,280.15985,122.77298943444522,34479.6093233159,34396.06230400576,-83.54701931013936,55.10053730185733,-138.6475566119967,-0.004021146391535244,1,EMA200_BREAKDOWN,BAR_CLOSE
233,SOLUSDT,2022-09-24 12:00:00,2022-09-24 16:00:00,34.49724,33.70314,1597.0492540932944,55093.79141027736,53825.57459760187,-1268.2168126754855,87.13549280630339,-1355.3523054817888,-0.02460081745670089,1,EMA200_BREAKDOWN,BAR_CLOSE
234,SOLUSDT,2022-09-24 20:00:00,2022-09-25 00:00:00,34.07703,33.373305,1577.0029724049355,53739.57760073216,52629.801183976495,-1109.776416755661,85.09550302776694,-1194.871919783428,-0.02223448663219766,1,EMA200_BREAKDOWN,BAR_CLOSE
235,BTCUSDT,2022-09-27 08:00:00,2022-09-27 16:00:00,20193.83187,19877.83611,0.48985930549229406,9892.136455066355,9737.342991534244,-154.79346353211042,15.70358355728048,-170.4970470893909,-0.017235614153105334,2,EMA200_BREAKDOWN,BAR_CLOSE
236,SOLUSDT,2022-09-27 04:00:00,2022-09-27 20:00:00,34.747364999999995,32.5837,1512.221412281517,52545.709373361344,49273.768831357265,-3271.9405420040803,81.4555825637749,-3353.396124567855,-0.06381864788883977,4,EMA200_BREAKDOWN,BAR_CLOSE
237,BNBUSDT,2022-09-27 04:00:00,2022-09-27 20:00:00,283.64175,271.56415,121.07201507060036,34341.07823065146,32878.818861434775,-1462.2593692166852,53.77591767366899,-1516.0352868903542,-0.044146409052969175,4,EMA200_BREAKDOWN,BAR_CLOSE
238,SOLUSDT,2022-09-29 16:00:00,2022-09-29 20:00:00,34.13706,33.803090000000005,1441.1062376648176,49195.13010153814,48713.84385134523,-481.28625019291,78.32717916230669,-559.6134293552167,-0.011375382648652042,1,EMA200_BREAKDOWN,BAR_CLOSE
239,SOLUSDT,2022-09-30 00:00:00,2022-09-30 20:00:00,33.95697,33.70314,1432.2828788158536,48635.986747463576,48272.43038433374,-363.55636312982904,77.52673370543786,-441.08309683526693,-0.009069068529966032,5,EMA200_BREAKDOWN,BAR_CLOSE
240,SOLUSDT,2022-10-04 08:00:00,2022-10-05 12:00:00,33.74686499999999,33.503240000000005,1428.1407816823769,48195.27416042963,47847.34336249228,-347.930797937351,76.83409401833754,-424.76489195568854,-0.008813413749691636,7,EMA200_BREAKDOWN,BAR_CLOSE
241,SOLUSDT,2022-10-05 16:00:00,2022-10-06 20:00:00,33.696839999999995,33.613185,1417.666050317573,47770.866070983204,47652.271217543894,-118.59485343930687,76.33850983082169,-194.93336327012855,-0.00408059093968435,7,EMA200_BREAKDOWN,BAR_CLOSE
242,BTCUSDT,2022-10-04 08:00:00,2022-10-07 16:00:00,19977.673844999998,19567.551330000002,0.48663236275276767,9721.782625496518,9522.203737003962,-199.5788884925552,15.395189090000386,-214.9740775825556,-0.022112619245236033,20,EMA200_BREAKDOWN,BAR_CLOSE
243,BNBUSDT,2022-09-28 20:00:00,2022-10-07 16:00:00,280.34009999999995,282.55865,117.09461619440849,32826.31641340209,33086.0966741602,259.78026075811084,52.72993047004984,207.050330288061,0.006307449415906074,53,EMA200_BREAKDOWN,BAR_CLOSE
244,BNBUSDT,2022-10-07 20:00:00,2022-10-08 00:00:00,282.9414,282.0589,116.74923790372392,33033.19282141271,32930.16161896267,-103.03120245003556,52.77068355230031,-155.8018860023359,-0.004716525188607936,1,EMA200_BREAKDOWN,BAR_CLOSE
245,BTCUSDT,2022-10-14 04:00:00,2022-10-14 08:00:00,19826.758424999996,19632.378900000003,0.479502948608662,9506.98912613913,9413.783570752481,-93.20555538664777,15.13661815751329,-108.34217354416106,-0.011396055271198122,1,EMA200_BREAKDOWN,BAR_CLOSE
246,BTCUSDT,2022-10-18 08:00:00,2022-10-18 12:00:00,19675.782975,19553.808205,0.47768050562271186,9398.737960020744,9340.472990213932,-58.26496980681259,14.99136876018774,-73.25633856700033,-0.007794273963016056,1,EMA200_BREAKDOWN,BAR_CLOSE
247,BTCUSDT,2022-10-24 00:00:00,2022-10-24 04:00:00,19580.1852,19382.274015000003,0.4762745122951207,9325.54315677814,9231.283103664517,-94.26005311362307,14.845461008354125,-109.1055141219772,-0.011699641756810207,1,EMA200_BREAKDOWN,BAR_CLOSE
248,ETHUSDT,2022-10-24 00:00:00,2022-10-24 08:00:00,1364.872095,1336.121605,11.110069464747014,15163.823785944784,14844.40384489927,-319.41994104551327,24.006582104675246,-343.42652315018853,-0.02264775217636778,2,EMA200_BREAKDOWN,BAR_CLOSE
249,ETHUSDT,2022-10-24 12:00:00,2022-10-24 16:00:00,1354.0767,1340.9591850000002,10.945233561048678,14820.685741074043,14677.111475658485,-143.57426541555847,23.598237773386025,-167.1725031889445,-0.011279673971201122,1,EMA200_BREAKDOWN,BAR_CLOSE
250,SOLUSDT,2022-10-25 20:00:00,2022-10-26 00:00:00,31.525755,30.854565000000004,1509.118384372974,47576.09645173821,46563.19128333092,-1012.90516840729,75.31143018805531,-1088.2165985953454,-0.022873179595540086,1,EMA200_BREAKDOWN,BAR_CLOSE
251,SOLUSDT,2022-10-26 08:00:00,2022-10-28 00:00:00,31.355669999999996,30.5847,1482.6279889757002,46488.79395508569,45345.7322544251,-1143.0617006605878,73.46762096760864,-1216.5293216281964,-0.026168227181877942,10,EMA200_BREAKDOWN,BAR_CLOSE
252,SOLUSDT,2022-10-28 20:00:00,2022-11-02 12:00:00,32.026005,31.284350000000003,1413.6413991719435,45273.286518087654,44224.852306184795,-1048.4342119028597,71.59851105941797,-1120.0327229622776,-0.024739373018894936,28,EMA200_BREAKDOWN,BAR_CLOSE
253,SOLUSDT,2022-11-03 04:00:00,2022-11-03 12:00:00,31.665824999999998,31.244370000000004,1394.3800492364455,44154.19462261267,43566.52617896173,-587.6684436509386,70.17657664125952,-657.8450202921981,-0.014898811447356719,2,EMA200_BREAKDOWN,BAR_CLOSE
254,SOLUSDT,2022-11-04 04:00:00,2022-11-07 08:00:00,31.95597,30.76461,1361.1510522802937,43496.902192137495,41875.281274492845,-1621.62091764465,68.29774677330428,-1689.9186644179542,-0.03885147169683785,19,EMA200_BREAKDOWN,BAR_CLOSE
255,SOLUSDT,2022-11-07 16:00:00,2022-11-08 00:00:00,32.83641,29.605190000000004,1273.2330683956516,41808.40305939766,37694.30690413626,-4114.0961552613935,63.60216797082714,-4177.698323232221,-0.099924848057385,2,EMA200_BREAKDOWN,BAR_CLOSE
256,BTCUSDT,2022-10-25 16:00:00,2022-11-08 04:00:00,19758.354239999997,20137.54619,0.46646239759329394,9216.529291288023,9393.408077433101,176.8787861450783,14.8879498949769,161.99083625010138,0.017576121241563693,81,EMA200_BREAKDOWN,BAR_CLOSE
257,ETHUSDT,2022-10-25 04:00:00,2022-11-08 16:00:00,1348.2838049999998,1461.7487600000002,10.868374750513139,14653.653662787778,15886.833314777892,1233.1796519901136,24.432389582052537,1208.747262408061,0.08248777337201672,87,EMA200_BREAKDOWN,BAR_CLOSE
258,BNBUSDT,2022-10-25 16:00:00,2022-11-09 16:00:00,280.9404,290.05490000000003,117.02667828832952,32877.521808994614,33944.161468253595,1066.639659258982,53.457346621798564,1013.1823126371834,0.03081686991262211,90,EMA200_BREAKDOWN,BAR_CLOSE
259,BNBUSDT,2022-11-10 16:00:00,2022-11-10 20:00:00,307.7538,300.84950000000003,110.12001492260754,33889.853048489174,33129.55142945902,-760.3016190301568,53.615523582358556,-813.9171426125154,-0.024016543873706768,1,EMA200_BREAKDOWN,BAR_CLOSE
260,BNBUSDT,2022-11-11 00:00:00,2022-11-11 04:00:00,304.25205,292.4537,108.7145332176939,33076.61959627646,31793.967483287488,-1282.6521129889757,51.89646966365116,-1334.548582652627,-0.04034718780037792,1,EMA200_BREAKDOWN,BAR_CLOSE
261,ETHUSDT,2022-11-30 20:00:00,2022-12-01 16:00:00,1287.8436,1270.90423,12.316235898128793,15861.385577495417,15652.756300609733,-208.6292768856838,25.21131350248412,-233.84059038816793,-0.014742759341273916,5,EMA200_BREAKDOWN,BAR_CLOSE
262,BNBUSDT,2022-11-23 12:00:00,2022-12-01 16:00:00,297.3486,291.6541,106.75413314349983,31743.192034433272,31135.280623247618,-607.9114111856543,50.302778126144716,-658.214189311799,-0.02073560178188143,49,EMA200_BREAKDOWN,BAR_CLOSE
263,BNBUSDT,2022-12-03 00:00:00,2022-12-03 04:00:00,293.5467,291.85400000000004,105.89637268973044,31085.530745040494,30906.279954988593,-179.2507900519009,49.593448560023276,-228.8442386119242,-0.007361760701108019,1,EMA200_BREAKDOWN,BAR_CLOSE
264,ETHUSDT,2022-12-02 12:00:00,2022-12-03 08:00:00,1289.4644099999998,1275.44196,12.11956009953247,15627.741413203175,15457.79548768549,-169.94592551768554,24.868429520710933,-194.81435503839646,-0.012465931569216174,5,EMA200_BREAKDOWN,BAR_CLOSE
265,ETHUSDT,2022-12-04 20:00:00,2022-12-05 16:00:00,1279.1292449999999,1265.956705,12.065309868060295,15433.090702223013,15274.159925373597,-158.93077684941653,24.565800502077288,-183.4965773514938,-0.011889813964811508,5,EMA200_BREAKDOWN,BAR_CLOSE
266,BNBUSDT,2022-12-05 04:00:00,2022-12-05 16:00:00,294.7473,290.15485,104.68926682479875,30856.878735589005,30376.09851215946,-480.78022342954546,48.98638179819878,-529.7666052277442,-0.017168509160219565,3,EMA200_BREAKDOWN,BAR_CLOSE
267,ETHUSDT,2022-12-08 20:00:00,2022-12-09 20:00:00,1284.54195,1268.42547,11.871740165431339,15249.748261996496,15058.417599055123,-191.3306629413725,24.246532688841295,-215.5771956302138,-0.014136442905582131,6,EMA200_BREAKDOWN,BAR_CLOSE
268,ETHUSDT,2022-12-10 16:00:00,2022-12-10 20:00:00,1278.89913,1271.573895,11.755698161441872,15034.352151210609,14948.23889958898,-86.1132516216299,23.98607284063967,-110.09932446226958,-0.007323183822949369,1,EMA200_BREAKDOWN,BAR_CLOSE
269,ETHUSDT,2022-12-11 04:00:00,2022-12-12 00:00:00,1273.306335,1262.3685,11.720938551822165,14924.345310180888,14796.14361825592,-128.2016919249692,23.776391142749446,-151.97808306771864,-0.0101832328259012,5,EMA200_BREAKDOWN,BAR_CLOSE
270,ETHUSDT,2022-12-13 00:00:00,2022-12-13 04:00:00,1276.047705,1269.00518,11.576757538781004,14772.49488870295,14690.965284317146,-81.52960438580186,23.570768138416078,-105.10037252421793,-0.007114598672468786,1,EMA200_BREAKDOWN,BAR_CLOSE
271,ETHUSDT,2022-12-13 12:00:00,2022-12-15 16:00:00,1287.56346,1269.674845,11.39165816377831,14667.482800491647,14463.70181338821,-203.78098710343795,23.304947691103884,-227.08593479454183,-0.015482270399316917,13,EMA200_BREAKDOWN,BAR_CLOSE
272,BTCUSDT,2022-12-13 12:00:00,2022-12-16 12:00:00,17453.042159999997,17018.576455000002,0.5373495330647662,9378.384055235676,9144.924111521275,-233.4599437144018,14.818646533405563,-248.27859024780736,-0.0264734935982069,18,EMA200_BREAKDOWN,BAR_CLOSE
273,ETHUSDT,2022-12-16 08:00:00,2022-12-16 12:00:00,1278.4088849999998,1212.23358,11.295750356023488,14440.587617882338,13693.087892868629,-747.4997250137101,22.506940408600776,-770.0066654223109,-0.05332239142877966,1,EMA200_BREAKDOWN,BAR_CLOSE
274,BNBUSDT,2023-01-05 00:00:00,2023-01-05 04:00:00,259.02944999999994,257.77105,117.08150225508973,30327.557134309645,30180.22177187185,-147.33536243779764,48.4062231249452,-195.74158556274284,-0.006454248348980929,1,EMA200_BREAKDOWN,BAR_CLOSE
275,ETHUSDT,2023-01-04 04:00:00,2023-02-10 00:00:00,1251.355365,1544.577325,10.925136168700552,13671.22775805898,16874.717598712246,3203.4898406532675,24.436756285416983,3179.0530843678507,0.23253603411689544,221,EMA200_BREAKDOWN,BAR_CLOSE
276,SOLUSDT,2023-01-03 16:00:00,2023-02-10 00:00:00,13.096544999999999,20.46976,2873.5986477927545,37634.214002756955,58821.87465664222,21187.66065388526,77.16487092751935,21110.495782957743,0.5609389312982931,224,EMA200_BREAKDOWN,BAR_CLOSE
277,ETHUSDT,2023-02-10 08:00:00,2023-02-10 12:00:00,1552.47585,1536.27148,10.852091797650804,16847.61043783596,16671.759127072863,-175.85131076309796,26.81549565192706,-202.666806415025,-0.012029409580831757,1,EMA200_BREAKDOWN,BAR_CLOSE
278,BTCUSDT,2023-01-06 20:00:00,2023-02-10 16:00:00,16948.880204999998,21641.923625,0.5386971828563749,9130.314019003677,11658.443288380326,2528.129269376648,16.631005845907204,2511.498263530741,0.27507249567795283,209,EMA200_BREAKDOWN,BAR_CLOSE
279,BTCUSDT,2023-02-10 20:00:00,2023-02-11 00:00:00,21783.146129999997,21614.377405,0.5343444218079556,11639.702623993055,11549.521997213664,-90.18062677938984,18.551379696965377,-108.73200647635522,-0.00934147632364977,1,EMA200_BREAKDOWN,BAR_CLOSE
280,BTCUSDT,2023-02-11 16:00:00,2023-02-11 20:00:00,21746.647889999997,21651.528820000003,0.5302454893613555,11531.061952402137,11480.625494582395,-50.43645781974352,18.409349957587626,-68.84580777733115,-0.0059704655183982665,1,EMA200_BREAKDOWN,BAR_CLOSE
281,SOLUSDT,2023-02-12 20:00:00,2023-02-13 00:00:00,22.061025,21.479255,2662.023952615847,58726.97696925702,57178.29129434369,-1548.6856749133276,92.72421461088058,-1641.4098895242082,-0.027949844760159707,1,EMA200_BREAKDOWN,BAR_CLOSE
282,BTCUSDT,2023-02-12 00:00:00,2023-02-13 12:00:00,21872.95101,21591.9986,0.5240387531551163,11462.273975103342,11315.044024471015,-147.2299506323259,18.221854399659485,-165.4518050319854,-0.014434466092099644,9,EMA200_BREAKDOWN,BAR_CLOSE
283,BNBUSDT,2023-01-06 16:00:00,2023-02-13 12:00:00,259.1295,292.35375,116.28155023522517,30131.979971678782,33995.34726708146,3863.367295402678,51.30186179100819,3812.0654336116695,0.12651227822382238,227,EMA200_BREAKDOWN,BAR_CLOSE
284,BTCUSDT,2023-02-14 00:00:00,2023-02-14 04:00:00,21785.517315,21689.569789999998,0.5185537247632526,11296.961149587583,11247.207203117017,-49.753946470566966,18.03533468216368,-67.78928115273064,-0.006000665157214018,1,EMA200_BREAKDOWN,BAR_CLOSE
285,SOLUSDT,2023-02-14 16:00:00,2023-02-15 08:00:00,21.900945,21.529230000000002,2606.5973803431775,57086.94586404001,56118.034518805754,-968.9113452342597,90.56398430627661,-1059.4753295405362,-0.018558977249611752,4,EMA200_BREAKDOWN,BAR_CLOSE
286,BNBUSDT,2023-02-15 20:00:00,2023-02-17 00:00:00,307.45365,304.2478,110.39336586287466,33940.843270326215,33586.93869837472,-353.9045719514965,54.02222557496075,-407.9267975264573,-0.012018758469772592,7,EMA200_BREAKDOWN,BAR_CLOSE
287,BNBUSDT,2023-02-17 04:00:00,2023-02-22 08:00:00,309.85485,307.34625,108.2224762055836,33533.25913130968,33261.77222750035,-271.48690380932715,53.43602508704802,-324.9229288963752,-0.009689572004440147,31,EMA200_BREAKDOWN,BAR_CLOSE
288,BNBUSDT,2023-02-23 00:00:00,2023-02-23 12:00:00,312.65625,306.8465,106.21444201954566,33208.60913767357,32591.529783150516,-617.0793545230563,52.64011113665927,-669.7194656597155,-0.020167043518240908,3,EMA200_BREAKDOWN,BAR_CLOSE
289,BNBUSDT,2023-02-23 16:00:00,2023-02-24 16:00:00,309.25455,303.64810000000006,105.21899269182947,32539.45223636501,31949.54721478791,-589.9050215771009,51.59119956092234,-641.4962211380232,-0.019714413644035114,6,EMA200_BREAKDOWN,BAR_CLOSE
290,SOLUSDT,2023-02-15 12:00:00,2023-02-25 16:00:00,22.121055,22.32883,2532.8068889018314,56028.360493776294,56554.61444511788,526.253951341582,90.06637995111535,436.1875713904667,0.0077851210984286965,61,EMA200_BREAKDOWN,BAR_CLOSE
291,ETHUSDT,2023-02-14 16:00:00,2023-02-25 20:00:00,1545.61242,1583.82769,10.769267674193722,16645.11387153833,17056.664343409917,411.5504718715867,26.9614225719586,384.5890492996281,0.02310522188479835,67,EMA200_BREAKDOWN,BAR_CLOSE
292,BNBUSDT,2023-02-26 20:00:00,2023-02-27 08:00:00,308.85434999999995,305.14735,103.28005699791099,31898.494872052746,31515.635700761497,-382.8591712912495,50.7313044582514,-433.5904757495009,-0.013592819269017701,3,EMA200_BREAKDOWN,BAR_CLOSE
293,SOLUSDT,2023-02-26 08:00:00,2023-02-27 20:00:00,22.801395,22.52873,2476.34768256972,56464.1816676068,55788.96832673893,-675.2133408678725,89.80251999547659,-765.0158608633491,-0.013548692963741909,9,EMA200_BREAKDOWN,BAR_CLOSE
294,SOLUSDT,2023-03-01 12:00:00,2023-03-01 16:00:00,22.691339999999997,22.648670000000003,2454.6725059016603,55699.808420066576,55595.06754423976,-104.74087582680909,89.03590077144509,-193.77677659825417,-0.003478948709066719,1,EMA200_BREAKDOWN,BAR_CLOSE
295,BTCUSDT,2023-02-14 08:00:00,2023-03-03 04:00:00,21778.44378,22308.530155,0.5156120852741215,11229.228811431021,11502.54775262017,273.3189411891494,18.185421251240953,255.1335199379085,0.02272048456953608,101,EMA200_BREAKDOWN,BAR_CLOSE
296,ETHUSDT,2023-02-26 04:00:00,2023-03-03 04:00:00,1603.551375,1564.6472850000002,10.619790629431218,17029.379866036546,16616.226575607998,-413.1532904285463,26.916485153315637,-440.06977558186196,-0.02584179688536625,30,EMA200_BREAKDOWN,BAR_CLOSE
297,BTCUSDT,2023-03-13 08:00:00,2023-03-13 12:00:00,22470.099434999996,22095.576685000004,0.5110857676635014,11484.148019212183,11292.734772020991,-191.41324719119197,18.221506232986542,-209.6347534241785,-0.018254271285381738,1,EMA200_BREAKDOWN,BAR_CLOSE
298,SOLUSDT,2023-03-14 16:00:00,2023-03-14 20:00:00,21.920955,20.899545,2532.1065809386796,55506.19441596065,52919.87543312408,-2586.3189828365753,86.7408558792678,-2673.059838715843,-0.048157865384970654,1,EMA200_BREAKDOWN,BAR_CLOSE
299,SOLUSDT,2023-03-15 08:00:00,2023-03-15 12:00:00,21.240615,20.579705,2487.4694046057207,52835.37994750933,51191.386543311375,-1643.9934041979611,83.22141319265657,-1727.2148173906178,-0.03269049676763115,1,EMA200_BREAKDOWN,BAR_CLOSE
300,SOLUSDT,2023-03-18 00:00:00,2023-03-22 20:00:00,21.6108,21.089450000000003,2365.003423777247,51109.61599056533,49876.62145557907,-1232.9945349862635,80.78898995691553,-1313.783524943179,-0.025705212208710373,29,EMA200_BREAKDOWN,BAR_CLOSE
301,SOLUSDT,2023-03-23 00:00:00,2023-03-24 16:00:00,21.420704999999998,21.199395000000003,2324.710416570468,49796.936043783106,49282.45438149191,-514.4816622911998,79.26351234022002,-593.7451746314198,-0.011923327453507972,10,EMA200_BREAKDOWN,BAR_CLOSE
302,BNBUSDT,2023-03-13 08:00:00,2023-03-27 20:00:00,304.9524,306.2468,103.18091811149174,31465.268612302872,31598.82599270639,133.5573804035145,50.45127568400741,83.10610471950707,0.002641201184184797,87,EMA200_BREAKDOWN,BAR_CLOSE
303,BNBUSDT,2023-03-28 20:00:00,2023-03-29 00:00:00,314.7573,313.14335000000005,100.23057418491778,31548.30490789442,31386.53777268868,-161.7671352057412,50.34787414446648,-212.11500935020769,-0.0067234994073209165,1,EMA200_BREAKDOWN,BAR_CLOSE
304,SOLUSDT,2023-03-29 08:00:00,2023-03-30 04:00:00,21.2106,21.04947,2319.768870993672,49203.689615098374,48829.90525691517,-373.7843581832104,78.42687589761084,-452.2112340808212,-0.009190596022743346,5,EMA200_BREAKDOWN,BAR_CLOSE
305,BNBUSDT,2023-03-29 04:00:00,2023-03-30 04:00:00,313.65675,312.94345000000004,99.90656370427885,31336.368075152066,31265.104723261808,-71.26335189025681,50.0811782387311,-121.34453012898791,-0.0038723227222112935,6,EMA200_BREAKDOWN,BAR_CLOSE
306,SOLUSDT,2023-04-01 00:00:00,2023-04-01 04:00:00,21.160574999999998,21.019485000000003,2303.9004487569073,48751.85823845419,48426.80092413909,-325.05731431510014,77.74292733007462,-402.80024164517476,-0.008262254121166124,1,EMA200_BREAKDOWN,BAR_CLOSE
307,SOLUSDT,2023-04-02 00:00:00,2023-04-02 04:00:00,21.080534999999998,21.019485000000003,2293.5564182318903,48349.396349012,48209.37472967895,-140.0216193330443,77.24701686295276,-217.26863619599706,-0.004493719727701148,1,EMA200_BREAKDOWN,BAR_CLOSE
308,SOLUSDT,2023-04-02 08:00:00,2023-04-02 12:00:00,21.19059,20.969510000000003,2271.4001931267794,48132.310218470404,47630.14906377394,-502.1611546964617,76.60996742579547,-578.7711221222572,-0.01202458638480557,1,EMA200_BREAKDOWN,BAR_CLOSE
309,BNBUSDT,2023-03-30 08:00:00,2023-04-02 16:00:00,315.65774999999996,313.14335000000005,98.88914647091158,31215.125474428387,30966.478604541935,-248.64686988645116,49.74528326317626,-298.3921531496274,-0.009559216841658126,20,EMA200_BREAKDOWN,BAR_CLOSE
310,SOLUSDT,2023-04-05 04:00:00,2023-04-05 16:00:00,21.15057,20.799595,2248.3566761600623,47554.02526409073,46764.90827967545,-789.1169844152739,75.45514683501295,-864.5721312502869,-0.0181808401381144,3,EMA200_BREAKDOWN,BAR_CLOSE
311,BNBUSDT,2023-04-05 04:00:00,2023-04-05 16:00:00,314.7573,312.0439,98.2248353594576,30916.9839706874,30650.460702423054,-266.5232682643502,49.253955738488365,-315.7772240028385,-0.01021371374071381,3,EMA200_BREAKDOWN,BAR_CLOSE
312,BNBUSDT,2023-04-05 20:00:00,2023-04-06 08:00:00,313.9569,312.0439,97.4702960806172,30601.47199955273,30415.011323150506,-186.46067640222176,48.81318665816259,-235.27386306038437,-0.007688318492124271,3,EMA200_BREAKDOWN,BAR_CLOSE
313,SOLUSDT,2023-04-11 00:00:00,2023-04-20 16:00:00,20.900444999999998,22.118935,2233.9323097393717,46690.1793734307,49412.20355352503,2722.024180094333,76.88190634156459,2645.1422737527687,0.05665307585556206,58,EMA200_BREAKDOWN,BAR_CLOSE
314,BTCUSDT,2023-03-13 16:00:00,2023-04-20 20:00:00,23993.71086,28090.327810000003,0.46990185989850175,11274.689358980879,13199.697283077609,1925.007924096729,19.57950931364679,1905.4284147830822,0.16900052445926672,229,EMA200_BREAKDOWN,BAR_CLOSE
315,BNBUSDT,2023-04-10 20:00:00,2023-04-20 20:00:00,314.05695,316.74155,96.69073003013406,30366.39576653731,30625.971700376213,259.57593383890236,48.79389397353082,210.78203986537153,0.006941292654087248,60,EMA200_BREAKDOWN,BAR_CLOSE
316,BTCUSDT,2023-04-21 00:00:00,2023-04-21 08:00:00,28257.771825,28140.94249,0.46636788263101286,13178.517213895542,13124.031764302403,-54.485449593138604,21.042039182558355,-75.52748877569695,-0.00573110673604919,2,EMA200_BREAKDOWN,BAR_CLOSE
317,SOLUSDT,2023-04-21 04:00:00,2023-04-21 12:00:00,22.321154999999997,22.00899,2210.149955397627,49333.09972767351,48643.16826684682,-689.9314608266928,78.38101439561626,-768.3124752223091,-0.01557397527144078,2,EMA200_BREAKDOWN,BAR_CLOSE
318,ETHUSDT,2023-03-13 00:00:00,2023-04-21 20:00:00,1581.1201649999998,1841.768655,10.492358592533778,16589.679749066174,19324.49717274863,2734.817423682457,28.731341537451847,2706.086082145005,0.16311864502974083,239,EMA200_BREAKDOWN,BAR_CLOSE
319,BNBUSDT,2023-04-21 08:00:00,2023-04-21 20:00:00,329.86485,317.94095000000004,92.69554106625547,30577.0007494892,29471.708387369283,-1105.2923621199186,48.03896730948679,-1153.3313294294053,-0.03771891621674739,3,EMA200_BREAKDOWN,BAR_CLOSE
320,BTCUSDT,2023-04-26 00:00:00,2023-04-26 20:00:00,28314.950399999998,27870.307875000002,0.4627609437101616,13103.053168210416,12897.28997372775,-205.7631944826671,20.800274513550534,-226.56346899621764,-0.017290891373766833,5,EMA200_BREAKDOWN,BAR_CLOSE
321,ETHUSDT,2023-04-26 12:00:00,2023-04-26 20:00:00,1915.5372899999998,1827.82563,10.072105001360834,19293.492718902176,18410.051669538516,-883.4410493636581,30.162835510752554,-913.6038848744106,-0.047352954604188216,2,EMA200_BREAKDOWN,BAR_CLOSE
322,SOLUSDT,2023-04-26 12:00:00,2023-04-26 20:00:00,22.47123,21.079455,2161.2271617944543,48565.432634930396,45557.49070182392,-3007.9419331064746,75.29833866940345,-3083.240271775878,-0.06348631329927196,2,EMA200_BREAKDOWN,BAR_CLOSE
323,BNBUSDT,2023-04-22 04:00:00,2023-04-28 12:00:00,322.86134999999996,322.0389,91.13707236365244,29424.638218376513,29349.68253321103,-74.95568516548109,47.019456601270036,-121.97514176675112,-0.004145340406957807,38,EMA200_BREAKDOWN,BAR_CLOSE
324,ETHUSDT,2023-04-27 04:00:00,2023-05-01 00:00:00,1899.36921,1869.14496,9.677242404751341,18380.656261291057,18088.16886753925,-292.4873937518056,29.175060103064247,-321.66245385486985,-0.017500052733823133,23,EMA200_BREAKDOWN,BAR_CLOSE
325,SOLUSDT,2023-04-27 16:00:00,2023-05-01 04:00:00,22.261125,22.16891,2043.2382588473315,45484.7822849828,45296.365068943196,-188.41721603960565,72.6249178831408,-261.0421339227464,-0.0057391092319008805,21,EMA200_BREAKDOWN,BAR_CLOSE
326,SOLUSDT,2023-05-01 08:00:00,2023-05-01 12:00:00,22.35117,22.198895000000004,2023.3374551064915,45223.95942645256,44915.855715476224,-308.10371097633276,72.11185211354302,-380.2155630898758,-0.008407392185733272,1,EMA200_BREAKDOWN,BAR_CLOSE
327,BTCUSDT,2023-04-27 00:00:00,2023-05-01 16:00:00,28429.497645,28156.55468,0.4529337863552726,12876.680012528155,12753.05492193167,-123.6250905964839,20.503787947567865,-144.12887854405176,-0.011193015467016648,28,EMA200_BREAKDOWN,BAR_CLOSE
328,BNBUSDT,2023-04-30 20:00:00,2023-05-02 08:00:00,336.06794999999994,323.43820000000005,87.19297849059649,29302.76553572885,28201.54001563725,-1101.2255200916013,46.00344444109288,-1147.2289645326941,-0.03915087683904368,9,EMA200_BREAKDOWN,BAR_CLOSE
329,BNBUSDT,2023-05-02 20:00:00,2023-05-03 00:00:00,325.46265,321.2393,86.51223187522857,28156.50024352636,27791.128809036112,-365.371434490245,44.758103242049984,-410.129537732295,-0.01456606943991878,1,EMA200_BREAKDOWN,BAR_CLOSE
330,SOLUSDT,2023-05-02 20:00:00,2023-05-03 04:00:00,22.311149999999998,21.879055,2009.9395703240612,44844.063244435674,43975.57840579651,-868.4848386391687,71.05571332018576,-939.5405519593545,-0.02095128059288727,2,EMA200_BREAKDOWN,BAR_CLOSE
331,BTCUSDT,2023-05-02 16:00:00,2023-05-03 16:00:00,28554.960344999996,28297.364240000003,0.4459005387647679,12732.67220224208,12617.809960238877,-114.86224200320271,20.280385729984765,-135.14262773318748,-0.01061384645631499,6,EMA200_BREAKDOWN,BAR_CLOSE
332,SOLUSDT,2023-05-04 00:00:00,2023-05-04 08:00:00,22.251119999999997,22.098945,1973.1731214671427,43905.31190653996,43605.04428678071,-300.2676197592549,70.00828495465653,-370.2759047139114,-0.008433510403071675,2,EMA200_BREAKDOWN,BAR_CLOSE
333,SOLUSDT,2023-05-04 12:00:00,2023-05-04 16:00:00,22.261125,21.799095,1955.6669770097433,43535.34703358602,42631.77022019821,-903.576813387809,68.93369380302738,-972.5105071908364,-0.02233841173795119,1,EMA200_BREAKDOWN,BAR_CLOSE
334,BNBUSDT,2023-05-04 00:00:00,2023-05-04 16:00:00,326.06294999999994,324.6376,85.09619143973813,27746.71521460576,27625.423358137134,-121.29185646862425,44.29771085819432,-165.58956732681855,-0.005967898039320087,4,EMA200_BREAKDOWN,BAR_CLOSE
335,ETHUSDT,2023-05-04 00:00:00,2023-05-04 20:00:00,1906.0725599999998,1875.7216700000001,9.47459419063114,18059.264003897424,17771.701637822942,-287.56236607448204,28.664772513376292,-316.22713858785835,-0.017510521941515027,5,EMA200_BREAKDOWN,BAR_CLOSE
336,BNBUSDT,2023-05-05 04:00:00,2023-05-05 08:00:00,325.3626,324.2378,84.77085178971244,27581.26474251549,27485.914488422422,-95.35025409306799,44.053743384750334,-139.40399747781834,-0.005054300402074466,1,EMA200_BREAKDOWN,BAR_CLOSE
337,ETHUSDT,2023-05-05 04:00:00,2023-05-06 16:00:00,1897.5282899999997,1876.3813400000001,9.350744644816855,17743.302496105982,17545.562766639276,-197.7397294667061,28.23109221019621,-225.97082167690232,-0.012735555949998305,9,EMA200_BREAKDOWN,BAR_CLOSE
338,SOLUSDT,2023-05-05 16:00:00,2023-05-06 16:00:00,22.33116,21.76911,1906.0207098610742,42563.653435221226,41492.374495243814,-1071.2789399774153,67.24482234437204,-1138.5237623217874,-0.026748732085570086,6,EMA200_BREAKDOWN,BAR_CLOSE
339,BNBUSDT,2023-05-05 12:00:00,2023-05-06 16:00:00,325.56269999999995,320.13985,84.29091491253622,27441.97784439555,26984.88085646211,-457.0969879334408,43.54148696068613,-500.63847489412694,-0.0182435274065485,7,EMA200_BREAKDOWN,BAR_CLOSE
340,BTCUSDT,2023-05-04 00:00:00,2023-05-08 00:00:00,29040.673079999997,28415.874955000003,0.43379308253678367,12597.64309431619,12326.60998970924,-271.03310460695,19.939402467220347,-290.9725070741704,-0.02309737662003232,24,EMA200_BREAKDOWN,BAR_CLOSE
341,ETHUSDT,2023-05-06 20:00:00,2023-05-08 00:00:00,1898.88897,1869.474795,9.225142578988853,17517.521489919287,17246.17153170096,-271.3499582183284,27.810954417296198,-299.16091263562464,-0.017077810511480242,7,EMA200_BREAKDOWN,BAR_CLOSE
342,SOLUSDT,2023-05-07 16:00:00,2023-05-08 00:00:00,22.47123,21.639174999999998,1843.5166224928407,41426.08603285979,39892.17880953151,-1533.9072233282814,65.05461187391305,-1598.9618352021944,-0.03859794608483828,2,EMA200_BREAKDOWN,BAR_CLOSE
343,ETHUSDT,2023-05-23 04:00:00,2023-05-24 04:00:00,1866.9430049999999,1821.0290300000001,9.222891018277378,17218.611872450278,16795.152284809366,-423.45958764090943,27.211011325807718,-450.67059896671714,-0.026173457088476952,6,EMA200_BREAKDOWN,BAR_CLOSE
344,SOLUSDT,2023-05-28 20:00:00,2023-05-29 04:00:00,20.780385,20.699645,1916.6376044331791,39828.467325599166,39673.718005417235,-154.7493201819324,63.601748264813125,-218.35106844674553,-0.005482286492767036,2,EMA200_BREAKDOWN,BAR_CLOSE
345,BNBUSDT,2023-05-29 00:00:00,2023-05-29 16:00:00,314.35709999999995,313.0434,85.70431495207312,26941.75990582034,26829.170147267807,-112.58975855253213,43.01674404247052,-155.60650259500267,-0.005775662137104352,4,EMA200_BREAKDOWN,BAR_CLOSE
346,SOLUSDT,2023-05-30 04:00:00,2023-05-30 08:00:00,20.880435,20.739625,1897.0054825031148,39610.29967204992,39343.18233005866,-267.1173419912604,63.16278560168687,-330.2801275929473,-0.008338238547233251,1,EMA200_BREAKDOWN,BAR_CLOSE
347,BNBUSDT,2023-05-30 12:00:00,2023-05-30 16:00:00,314.05695,311.64410000000004,85.29116809128891,26786.284112687514,26580.489317758453,-205.79479492906088,42.69341874435678,-248.48821367341765,-0.00927669596230854,1,EMA200_BREAKDOWN,BAR_CLOSE
348,BTCUSDT,2023-05-28 20:00:00,2023-05-31 08:00:00,27539.752995,27154.326045,0.4468781911872033,12306.915004147964,12134.676105897164,-172.23889825079945,19.553272888036105,-191.79217113883556,-0.015584098132975914,15,EMA200_BREAKDOWN,BAR_CLOSE
349,SOLUSDT,2023-05-30 12:00:00,2023-05-31 08:00:00,21.29064,20.70964,1844.95613940042,39280.296979764156,38208.377462772514,-1071.9195169916431,61.99093955402934,-1133.9104565456726,-0.028867155895736324,5,EMA200_BREAKDOWN,BAR_CLOSE
350,SOLUSDT,2023-06-01 00:00:00,2023-06-01 04:00:00,20.83041,20.68965,1831.3292445036839,38147.33900800198,37889.561103545646,-257.77790445633894,60.8295200892381,-318.60742454557703,-0.0083520222597635,1,EMA200_BREAKDOWN,BAR_CLOSE
351,ETHUSDT,2023-05-28 04:00:00,2023-06-05 16:00:00,1851.635355,1819.779655,9.055951427751115,16768.31983678669,16479.836164889683,-288.48367189700974,26.5985248013411,-315.08219669835086,-0.01879032602939246,51,EMA200_BREAKDOWN,BAR_CLOSE
352,SOLUSDT,2023-06-02 04:00:00,2023-06-05 16:00:00,20.780385,19.910040000000002,1820.418592518523,37828.99921369302,36244.60699378749,-1584.392219905528,59.25888496598442,-1643.6511048715124,-0.04344950009347742,21,EMA200_BREAKDOWN,BAR_CLOSE
353,BTCUSDT,2023-06-07 00:00:00,2023-06-07 04:00:00,27243.685035,26895.555495,0.44470063146260724,12115.283938432882,11960.470512164096,-154.81342626878615,19.260603560477584,-174.07402982926374,-0.01436813455746216,1,EMA200_BREAKDOWN,BAR_CLOSE
354,ETHUSDT,2023-06-06 20:00:00,2023-06-07 16:00:00,1892.7659099999998,1838.0805,8.692835295799242,16453.502309133568,15978.131046920318,-475.3712622132512,25.94530668484311,-501.3165688980943,-0.030468684385804384,5,EMA200_BREAKDOWN,BAR_CLOSE
355,ETHUSDT,2023-06-08 16:00:00,2023-06-08 20:00:00,1856.597835,1846.806135,8.592386862367182,15952.606846153352,15868.472771713112,-84.13407444024065,25.456863694293173,-109.59093813453383,-0.006869782424366552,1,EMA200_BREAKDOWN,BAR_CLOSE
356,BTCUSDT,2023-06-18 20:00:00,2023-06-19 00:00:00,26663.335004999997,26326.81001,0.447856808930668,11941.356130788676,11790.641120402568,-150.71501038610725,18.985597800952995,-169.70060818706025,-0.014211167167983312,1,EMA200_BREAKDOWN,BAR_CLOSE
357,ETHUSDT,2023-06-21 00:00:00,2023-07-07 00:00:00,1792.8859949999999,1845.2469150000002,8.836651080208172,15843.107964406852,16305.80314468555,462.6951802786964,25.719128887273925,436.97605139142246,0.027581460176446027,96,EMA200_BREAKDOWN,BAR_CLOSE
358,ETHUSDT,2023-07-07 12:00:00,2023-07-08 12:00:00,1861.09008,1858.0804950000002,8.747409451516235,16279.716955915106,16253.390883640966,-26.326072274139637,26.02648627164486,-52.3525585457845,-0.0032158150345950954,6,EMA200_BREAKDOWN,BAR_CLOSE
359,ETHUSDT,2023-07-09 00:00:00,2023-07-10 08:00:00,1866.1726199999998,1855.2719000000002,8.695555919965486,16227.4083735185,16132.620553190616,-94.78782032788301,25.88802314136729,-120.67584346925031,-0.007436544437137674,8,EMA200_BREAKDOWN,BAR_CLOSE
360,BNBUSDT,2023-07-12 04:00:00,2023-07-12 12:00:00,249.7248,247.97595,106.26899943102802,26538.004629113584,26352.156089458633,-185.8485396549508,42.31212857485778,-228.16066822980858,-0.008597506535193845,2,EMA200_BREAKDOWN,BAR_CLOSE
361,BNBUSDT,2023-07-13 16:00:00,2023-07-14 20:00:00,251.1255,244.6776,104.76847478987632,26310.035615845085,25634.498967247444,-675.536648597641,41.555627666474024,-717.0922762641151,-0.027255465812910183,7,EMA200_BREAKDOWN,BAR_CLOSE
362,BNBUSDT,2023-07-15 08:00:00,2023-07-16 04:00:00,250.22504999999998,248.17585000000003,102.28210843435954,25593.545697093035,25383.94920048935,-209.59649660368513,40.78199591806591,-250.37849252175104,-0.00978287633472331,5,EMA200_BREAKDOWN,BAR_CLOSE
363,BNBUSDT,2023-07-16 12:00:00,2023-07-16 16:00:00,250.32509999999996,248.57565,101.24185518154195,25343.377522505005,25166.259958957657,-177.11756354734527,40.40770998517013,-217.5252735325154,-0.008583120909569067,1,EMA200_BREAKDOWN,BAR_CLOSE
364,BTCUSDT,2023-06-19 20:00:00,2023-07-18 20:00:00,26695.631145,29701.122010000003,0.44096346728694247,11771.79807111249,13097.109743842124,1325.3116727296335,19.89512625196369,1305.4165464776697,0.1108935558180452,174,EMA200_BREAKDOWN,BAR_CLOSE
365,ETHUSDT,2023-07-10 12:00:00,2023-07-23 00:00:00,1864.921995,1865.5867400000002,8.636733300878769,16106.833897757768,16112.575123035862,5.741225278094958,25.775527216634906,-20.034301938539947,-0.0012438386132068403,75,EMA200_BREAKDOWN,BAR_CLOSE
366,BTCUSDT,2023-07-19 00:00:00,2023-07-24 04:00:00,29874.069569999996,29701.142,0.4377079606463245,13076.118067691119,13000.426293686896,-75.69177400422286,20.861235489102413,-96.55300949332528,-0.007383919982482528,31,EMA200_BREAKDOWN,BAR_CLOSE
367,ETHUSDT,2023-07-23 20:00:00,2023-07-24 04:00:00,1890.074565,1867.415825,8.51120729442378,16086.816424632852,15893.963191462402,-192.85323317045064,25.584623692876207,-218.43785686332683,-0.013578687733941256,2,EMA200_BREAKDOWN,BAR_CLOSE
368,BTCUSDT,2023-07-24 08:00:00,2023-07-24 12:00:00,29842.913999999997,29255.355005000005,0.43493226441378247,12979.646162725769,12724.097798553736,-255.54836417203288,20.562995169023605,-276.11135934105647,-0.021272641478777582,1,EMA200_BREAKDOWN,BAR_CLOSE
369,ETHUSDT,2023-07-30 00:00:00,2023-07-30 04:00:00,1881.3902249999999,1877.56075,8.434487351272004,15868.56205556929,15836.262397119779,-32.29965844951046,25.363859562151255,-57.663518011661715,-0.0036338212504531194,1,EMA200_BREAKDOWN,BAR_CLOSE
370,BNBUSDT,2023-08-01 08:00:00,2023-08-02 08:00:00,245.62275,244.57765,102.29522701053648,25126.034970202247,25019.126228453537,-106.90874174871074,40.116128958924634,-147.0248707076354,-0.005851495107843191,6,EMA200_BREAKDOWN,BAR_CLOSE
371,BTCUSDT,2023-08-02 00:00:00,2023-08-02 16:00:00,29720.842995,29306.729305,0.42743628567546826,12703.76673692656,12526.759519425597,-177.0072175009616,20.184421005081727,-197.19163850604332,-0.015522296858053784,4,EMA200_BREAKDOWN,BAR_CLOSE
372,SOLUSDT,2023-06-29 12:00:00,2023-08-02 16:00:00,18.069029999999998,23.238375,2002.6934913357059,36186.7287757496,46539.34236171839,10352.613585968782,66.1808569099744,10286.432729058808,0.28425981228654806,205,EMA200_BREAKDOWN,BAR_CLOSE
373,BNBUSDT,2023-08-02 12:00:00,2023-08-02 16:00:00,246.123,243.17835000000002,101.49044827336742,24979.13360038601,24680.27975187784,-298.8538485081681,39.72753068181108,-338.58137918997915,-0.013554568569373718,1,EMA200_BREAKDOWN,BAR_CLOSE
374,SOLUSDT,2023-08-04 16:00:00,2023-08-04 20:00:00,23.371679999999998,22.928530000000002,1988.069360068083,46464.520901316006,45583.50796440185,-881.0129369141624,73.63842309257429,-954.6513600067367,-0.02054581305237774,1,EMA200_BREAKDOWN,BAR_CLOSE
375,SOLUSDT,2023-08-06 12:00:00,2023-08-06 16:00:00,23.221605,23.008490000000002,1959.8417701296564,45510.67144845168,45092.999769610506,-417.67167884117856,72.48293697444976,-490.1546158156283,-0.010770102927855262,1,EMA200_BREAKDOWN,BAR_CLOSE
376,BNBUSDT,2023-08-06 04:00:00,2023-08-06 16:00:00,244.9224,243.07840000000002,100.60670902112076,24640.83662955455,24455.317858119604,-185.5187714349461,39.276923590139326,-224.79569502508542,-0.00912289214869687,3,EMA200_BREAKDOWN,BAR_CLOSE
377,SOLUSDT,2023-08-06 20:00:00,2023-08-07 08:00:00,23.231609999999996,23.138425,1937.9168539121201,45020.92856251334,44840.343780481555,-180.58478203179072,71.88901787439592,-252.47379990618663,-0.005607920759688836,3,EMA200_BREAKDOWN,BAR_CLOSE
378,ETHUSDT,2023-08-09 12:00:00,2023-08-09 16:00:00,1863.7213949999998,1852.2734,8.483535692260892,15810.946974912758,15713.827500725436,-97.11947418732223,25.219819580510556,-122.33929376783279,-0.0077376322848940445,1,EMA200_BREAKDOWN,BAR_CLOSE
379,BNBUSDT,2023-08-08 16:00:00,2023-08-09 16:00:00,245.02245,243.87800000000001,99.64894956732856,24416.22976291328,24302.186522580956,-114.04324033232695,38.97473302839539,-153.01797336072235,-0.006267059855127471,6,EMA200_BREAKDOWN,BAR_CLOSE
380,BTCUSDT,2023-08-08 12:00:00,2023-08-09 20:00:00,29453.349315,29401.501895,0.4246288123513147,12506.740739396859,12484.72483101878,-22.015908378079054,19.993172456332513,-42.00908083441156,-0.003358915141023181,8,EMA200_BREAKDOWN,BAR_CLOSE
381,BTCUSDT,2023-08-10 00:00:00,2023-08-10 20:00:00,29596.780995,29429.79774,0.4211527918626053,12464.766946190348,12394.441482152792,-70.32546403755501,19.887366742674512,-90.21283078022952,-0.007237426192537166,5,EMA200_BREAKDOWN,BAR_CLOSE
382,BTCUSDT,2023-08-14 16:00:00,2023-08-14 20:00:00,29614.8,29345.859730000004,0.4178528943024425,12374.629894187974,12262.252423973996,-112.37747021397847,19.709505854529574,-132.08697606850805,-0.01067401426935166,1,EMA200_BREAKDOWN,BAR_CLOSE
383,SOLUSDT,2023-08-08 08:00:00,2023-08-16 08:00:00,23.241615,23.438275,1926.2287427357815,44768.66684059908,45147.4789851455,378.81214454642145,71.93291666059567,306.8792278858258,0.006854777002372744,48,EMA200_BREAKDOWN,BAR_CLOSE
384,BTCUSDT,2023-08-29 20:00:00,2023-08-30 00:00:00,27845.245665,27702.48183,0.43966765524240753,12242.653871179362,12179.885230591499,-62.76864058786304,19.53803128141669,-82.30667186927973,-0.00672294363095891,1,EMA200_BREAKDOWN,BAR_CLOSE
385,BTCUSDT,2023-09-14 16:00:00,2023-09-15 00:00:00,26707.316985,26509.468635,0.45532152644701357,12160.416336914453,12070.33172418743,-90.0846127270231,19.38459844888151,-109.4692111759046,-0.009002094019067194,2,EMA200_BREAKDOWN,BAR_CLOSE
386,BNBUSDT,2023-09-18 12:00:00,2023-09-18 20:00:00,219.80984999999998,216.4917,110.38331687433565,24263.340324650188,23897.07192176361,-366.268402886574,38.528329797131036,-404.79673268370505,-0.016683470918159374,2,EMA200_BREAKDOWN,BAR_CLOSE
387,SOLUSDT,2023-09-19 12:00:00,2023-09-19 20:00:00,20.220105,19.930030000000002,2229.2311681830274,45075.28828993347,44428.644058822785,-646.6442311106874,71.60314587900501,-718.2473769896924,-0.015934393416849126,2,EMA200_BREAKDOWN,BAR_CLOSE
388,SOLUSDT,2023-09-20 16:00:00,2023-09-21 08:00:00,20.210099999999997,19.910040000000002,2194.8255694301592,44357.644240740454,43699.06488037725,-658.5793603632023,70.44536729689418,-729.0247276600965,-0.01643515430403585,4,EMA200_BREAKDOWN,BAR_CLOSE
389,BTCUSDT,2023-09-18 04:00:00,2023-09-21 16:00:00,26671.989329999997,26570.717995,0.45182378152503316,12051.039079875934,12005.282282336148,-45.75679753978738,19.245057089769666,-65.00185462955704,-0.0053938796645431044,21,EMA200_BREAKDOWN,BAR_CLOSE
390,BTCUSDT,2023-09-27 12:00:00,2023-09-27 16:00:00,26780.073344999997,26291.267789999998,0.44757501864878735,11986.091826804266,11767.314671409511,-218.7771553947554,19.00272519857102,-237.77988059332642,-0.01983798255754923,1,EMA200_BREAKDOWN,BAR_CLOSE
391,BNBUSDT,2023-09-29 08:00:00,2023-09-29 20:00:00,217.1085,215.4922,109.8938255352597,23858.88362122193,23681.26223100929,-177.62139021263974,38.03211668178498,-215.6535068944247,-0.009038709032580463,3,EMA200_BREAKDOWN,BAR_CLOSE
392,BNBUSDT,2023-09-30 16:00:00,2023-09-30 20:00:00,216.00795,215.6921,109.45620873339752,23643.411263273294,23608.83951974485,-34.57174352844178,37.80180062641452,-72.37354415485629,-0.0030610449291333178,1,EMA200_BREAKDOWN,BAR_CLOSE
393,BNBUSDT,2023-10-01 12:00:00,2023-10-01 16:00:00,216.30809999999997,215.59215,108.97002244897686,23571.09851289553,23493.081425323187,-78.01708757234105,37.651343950574976,-115.66843152291602,-0.004907214292945867,1,EMA200_BREAKDOWN,BAR_CLOSE
394,BNBUSDT,2023-10-02 00:00:00,2023-10-02 20:00:00,218.30909999999997,214.99245000000002,107.44182099076536,23455.527242855092,23099.180327266076,-356.3469155890169,37.24376605609694,-393.5906816451138,-0.01678029564502787,5,EMA200_BREAKDOWN,BAR_CLOSE
395,ETHUSDT,2023-09-28 16:00:00,2023-10-03 16:00:00,1653.3962849999998,1647.6257750000002,9.488778091788014,15688.710446151688,15633.95535728525,-54.75508886643989,25.05813264274955,-79.81322150918945,-0.005087302859156724,30,EMA200_BREAKDOWN,BAR_CLOSE
396,ETHUSDT,2023-10-03 20:00:00,2023-10-04 04:00:00,1651.0951349999998,1641.029075,9.45370374902629,15608.964267748568,15513.802718588646,-95.16154915992244,24.898213589069773,-120.05976274899221,-0.007691718725826105,2,EMA200_BREAKDOWN,BAR_CLOSE
397,BTCUSDT,2023-09-28 16:00:00,2023-10-11 04:00:00,27033.499995,27002.531980000003,0.43459084778084944,11748.511681310638,11735.0532654177,-13.458415892937856,18.786851957382673,-32.24526785032053,-0.0027446257640970674,75,EMA200_BREAKDOWN,BAR_CLOSE
398,BTCUSDT,2023-10-11 12:00:00,2023-10-11 16:00:00,27209.858129999997,26766.060275000003,0.4305900252588092,11716.293499485313,11525.198569891061,-191.0949295942525,18.5931936555011,-209.6881232497536,-0.017897138140058118,1,EMA200_BREAKDOWN,BAR_CLOSE
399,SOLUSDT,2023-09-29 00:00:00,2023-10-12 16:00:00,19.979985,21.269360000000002,2183.646879307046,43629.23189385159,46444.77158885812,2815.5396950065297,72.05920278616777,2743.480492220362,0.06288170506634531,82,EMA200_BREAKDOWN,BAR_CLOSE
400,BNBUSDT,2023-10-16 08:00:00,2023-10-17 16:00:00,212.9064,211.894,108.32115510563592,23062.267177382564,22952.60283995362,-109.66433742894422,36.811896013868946,-146.47623344281317,-0.006351337113398119,8,EMA200_BREAKDOWN,BAR_CLOSE
401,BNBUSDT,2023-10-18 04:00:00,2023-10-18 16:00:00,212.5062,211.59415,107.83644893172922,22915.913983975835,22817.561750727655,-98.35223324818294,36.586780587762796,-134.93901383594573,-0.0058884412784191405,3,EMA200_BREAKDOWN,BAR_CLOSE
402,ETHUSDT,2023-10-20 12:00:00,2023-10-20 16:00:00,1613.956575,1604.647275,9.59691580004269,15489.005355200285,15399.664786942949,-89.3405682573364,24.710936113714588,-114.05150437105098,-0.007363384656120561,1,EMA200_BREAKDOWN,BAR_CLOSE
403,ETHUSDT,2023-10-20 20:00:00,2023-10-21 00:00:00,1607.533365,1603.0780600000003,9.564373585547886,15375.049654092907,15332.437452635351,-42.6122014575568,24.565989685382608,-67.17819114293941,-0.004369299134266944,1,EMA200_BREAKDOWN,BAR_CLOSE
404,BNBUSDT,2023-10-20 04:00:00,2023-11-22 00:00:00,212.9064,225.38725000000002,107.00048621794141,22781.08831891152,24116.54533732472,1335.4570184131976,37.51810692498899,1297.9389114882085,0.05697440321192803,197,EMA200_BREAKDOWN,BAR_CLOSE
405,BNBUSDT,2023-12-08 04:00:00,2023-12-08 08:00:00,235.61775,232.88350000000003,102.1906752004638,24077.93696171408,23798.522108047215,-279.41485366686555,38.301167255809034,-317.7160209226746,-0.01319531741560207,1,EMA200_BREAKDOWN,BAR_CLOSE
406,BNBUSDT,2023-12-08 12:00:00,2023-12-11 04:00:00,234.7173,233.18335000000002,101.23023663892259,23760.487822248986,23605.205700756713,-155.28212149227286,37.89255481840456,-193.17467631067743,-0.008130080398845657,16,EMA200_BREAKDOWN,BAR_CLOSE
407,BNBUSDT,2023-12-11 12:00:00,2023-12-18 04:00:00,236.21804999999998,237.18135000000004,99.77000238832896,23567.47541266641,23663.583855967092,96.10844330068335,37.7848474149068,58.32359588577655,0.0024747494105554625,40,EMA200_BREAKDOWN,BAR_CLOSE
408,ETHUSDT,2023-10-21 08:00:00,2023-12-18 12:00:00,1607.3832899999998,2141.1189050000003,9.523508168752043,15307.927892630532,20390.96338203693,5083.0354894064,28.55911301973397,5054.476376386667,0.3301868425196834,349,EMA200_BREAKDOWN,BAR_CLOSE
409,ETHUSDT,2023-12-18 16:00:00,2024-01-03 20:00:00,2156.2776,2205.43673,9.441343966500895,20358.15850886103,20822.286764284963,464.1282554239332,32.9443562185168,431.18389920541637,0.021179906768961476,97,EMA200_BREAKDOWN,BAR_CLOSE
410,ETHUSDT,2024-01-04 16:00:00,2024-01-05 16:00:00,2278.01844,2223.8875000000003,9.12590515008786,20788.980213591112,20294.98638946602,-493.9938241250929,32.867173282445705,-526.8609974075385,-0.02534328245033853,6,EMA200_BREAKDOWN,BAR_CLOSE
411,ETHUSDT,2024-01-06 00:00:00,2024-01-06 08:00:00,2269.91439,2232.0134350000003,8.926575323143087,20262.561779421394,19924.23604979484,-338.32572962655314,32.149438263372986,-370.4751678899261,-0.01828372798676324,2,EMA200_BREAKDOWN,BAR_CLOSE
412,ETHUSDT,2024-01-06 16:00:00,2024-01-07 12:00:00,2247.5332049999997,2235.9314750000003,8.850769264017389,19892.39781067249,19789.713575379068,-102.68423529342321,31.745689108841248,-134.42992440226448,-0.006757854215550693,5,EMA200_BREAKDOWN,BAR_CLOSE
413,ETHUSDT,2024-01-07 20:00:00,2024-01-08 00:00:00,2249.7243,2220.30929,8.782445390044783,19758.080807406724,19499.745088434105,-258.3357189726187,31.406260716672666,-289.7419796892913,-0.014664479941830968,1,EMA200_BREAKDOWN,BAR_CLOSE
414,SOLUSDT,2023-10-13 08:00:00,2024-01-08 00:00:00,21.4107,89.39528,2165.7586095951315,46370.40786245848,193608.59731716747,147238.18945470898,191.98320414370076,147046.20625056527,3.171121692237993,520,EMA200_BREAKDOWN,BAR_CLOSE
415,BTCUSDT,2023-10-16 00:00:00,2024-01-13 00:00:00,27167.71707,42761.34863,0.4235461332511252,11506.781514259088,18111.403864839802,6604.622350580712,23.694548303279113,6580.927802277433,0.57191733362821,534,EMA200_BREAKDOWN,BAR_CLOSE
416,SOLUSDT,2024-01-08 12:00:00,2024-01-13 04:00:00,92.276115,91.03446000000001,2094.725111690856,193293.0952997733,190692.1693912168,-2600.925908556498,307.1882117527921,-2908.1141203092902,-0.015045100890950971,28,EMA200_BREAKDOWN,BAR_CLOSE
417,BTCUSDT,2024-01-16 16:00:00,2024-01-16 20:00:00,43274.076225,43144.51695,0.41785250927520207,18082.181337182614,18028.044669023988,-54.136668158625795,28.88818080496528,-83.02484896359107,-0.00459152839004363,1,EMA200_BREAKDOWN,BAR_CLOSE
418,SOLUSDT,2024-01-13 08:00:00,2024-01-18 20:00:00,92.60628,92.32381500000001,2055.8802707043737,190387.42399532502,189806.70977466053,-580.7142206644858,304.15530701598846,-884.8695276804742,-0.004647730974616277,33,EMA200_BREAKDOWN,BAR_CLOSE
419,SOLUSDT,2024-01-19 00:00:00,2024-01-19 04:00:00,94.43719499999999,93.04345500000001,2006.6595344985399,189503.29775804782,186706.53609843587,-2796.761659611954,300.967867085187,-3097.7295266971414,-0.016346573190785474,1,EMA200_BREAKDOWN,BAR_CLOSE
420,SOLUSDT,2024-01-19 08:00:00,2024-01-19 16:00:00,94.53724499999998,91.164395,1971.7960928960129,186408.1703241531,179757.5978722288,-6650.5724519242885,292.9326145571055,-6943.505066481394,-0.037248930958375046,2,EMA200_BREAKDOWN,BAR_CLOSE
421,SOLUSDT,2024-01-19 20:00:00,2024-01-20 08:00:00,94.16706,91.84405500000001,1905.873431770383,179470.49780192756,175043.14429055783,-4427.353511369749,283.6109136739883,-4710.964425043738,-0.026249241422637546,3,EMA200_BREAKDOWN,BAR_CLOSE
422,ETHUSDT,2024-01-08 12:00:00,2024-01-22 12:00:00,2241.730305,2380.14933,8.684622841363772,19468.582210980378,20670.699237174682,1202.1170261943043,32.11142515852405,1170.0056010357803,0.06009711381940752,84,EMA200_BREAKDOWN,BAR_CLOSE
423,BNBUSDT,2023-12-19 00:00:00,2024-01-23 12:00:00,241.82084999999998,295.85200000000003,97.69939199507255,23625.750016731636,28904.560520526207,5278.810503794569,42.02424842980628,5236.786255364763,0.22165587342861487,213,EMA200_BREAKDOWN,BAR_CLOSE
424,SOLUSDT,2024-01-26 12:00:00,2024-01-27 08:00:00,92.00598,91.164395,1899.4796923743531,174763.49058700088,173164.91697009403,-1598.5736169068603,278.34272604567593,-1876.916342952536,-0.010739750829239522,5,EMA200_BREAKDOWN,BAR_CLOSE
425,BTCUSDT,2024-01-28 04:00:00,2024-01-28 20:00:00,42252.95591999999,41765.01704500001,0.4259873856676713,17999.226229092154,17791.370423365282,-207.8558057268684,28.63247732196595,-236.48828304883435,-0.013138802748453613,4,EMA200_BREAKDOWN,BAR_CLOSE
426,BTCUSDT,2024-01-29 04:00:00,2024-01-29 08:00:00,42352.355595,42032.423275,0.41940846847012486,17762.936596201074,17628.75427185578,-134.18232434529386,28.313352694445484,-162.49567703973935,-0.009148018750148102,1,EMA200_BREAKDOWN,BAR_CLOSE
427,ETHUSDT,2024-01-30 16:00:00,2024-01-31 12:00:00,2342.080455,2299.0299099999997,8.811655023743105,20637.605007311286,20258.258456187155,-379.3465511241291,32.716690770798756,-412.0632418949279,-0.019966621211567243,5,EMA200_BREAKDOWN,BAR_CLOSE
428,BNBUSDT,2024-01-26 12:00:00,2024-02-01 00:00:00,303.1515,300.34975000000003,95.19378057387773,28858.137371641897,28591.428196919034,-266.7091747228591,45.95965245484875,-312.66882717770784,-0.01083468496774705,33,EMA200_BREAKDOWN,BAR_CLOSE
429,BTCUSDT,2024-01-29 12:00:00,2024-02-01 04:00:00,42268.073475,41994.642175,0.41640358711735803,17600.577415530053,17486.719641379892,-113.85777415016102,28.069837645527958,-141.927611795689,-0.008063804297150938,16,EMA200_BREAKDOWN,BAR_CLOSE
430,BNBUSDT,2024-02-01 20:00:00,2024-02-02 00:00:00,300.85035,300.0499,94.88349003509227,28545.73118627902,28469.781696680428,-75.94948959859074,45.61241030636756,-121.5618999049583,-0.0042584966246508,1,EMA200_BREAKDOWN,BAR_CLOSE
431,BNBUSDT,2024-02-02 04:00:00,2024-02-02 20:00:00,302.65125,300.54965,93.91757476095003,28424.27139836998,28226.894223252366,-197.37717511761437,45.320932497297875,-242.69810761491226,-0.008538410860685422,4,EMA200_BREAKDOWN,BAR_CLOSE
432,BNBUSDT,2024-02-03 00:00:00,2024-02-03 16:00:00,301.55069999999995,300.14985,93.45618218483813,28181.777157165463,28050.859064351836,-130.91809281362436,44.986108977213846,-175.90420179083821,-0.006241771085260073,4,EMA200_BREAKDOWN,BAR_CLOSE
433,ETHUSDT,2024-02-05 12:00:00,2024-02-05 16:00:00,2330.794815,2297.57064,8.677678433285664,20225.88789853955,19937.57919167834,-288.3087068612112,32.130773672174314,-320.4394805333855,-0.015843036515421578,1,EMA200_BREAKDOWN,BAR_CLOSE
434,SOLUSDT,2024-01-27 12:00:00,2024-02-06 12:00:00,92.06600999999999,94.242855,1877.8716581046192,172888.15085377643,176975.98638336323,4087.835529586777,279.8913097897117,3807.944219797065,0.022025478327995476,60,EMA200_BREAKDOWN,BAR_CLOSE
435,BNBUSDT,2024-02-04 16:00:00,2024-02-07 04:00:00,306.05294999999995,300.74955,91.5071091943539,28006.02071490413,27520.7219120028,-485.29880290133224,44.42139410152555,-529.7201970028577,-0.018914511361514254,15,EMA200_BREAKDOWN,BAR_CLOSE
436,SOLUSDT,2024-02-06 16:00:00,2024-02-21 12:00:00,95.80788,102.67863500000001,1844.2417930594947,176692.8964004289,189364.22992130142,12671.33352087252,292.8457010573843,12378.487819815136,0.0700565108840736,89,EMA200_BREAKDOWN,BAR_CLOSE
437,SOLUSDT,2024-02-21 16:00:00,2024-02-21 20:00:00,103.91193,101.98898000000001,1819.434845358713,189060.98629047538,185562.30405459288,-3498.6822358825116,299.6986322760546,-3798.380868158566,-0.020090770405284418,1,EMA200_BREAKDOWN,BAR_CLOSE
438,SOLUSDT,2024-02-22 00:00:00,2024-02-23 00:00:00,105.09252000000001,101.69912500000001,1762.8828013853517,185265.7960622461,179283.63837843906,-5982.157683807042,291.63954755254815,-6273.79723135959,-0.03386376419558688,6,EMA200_BREAKDOWN,BAR_CLOSE
439,SOLUSDT,2024-02-24 20:00:00,2024-02-25 08:00:00,104.102025,102.96849,1719.4407968582827,178997.26882056086,177048.22249689413,-1949.0463236667447,284.836393053964,-2233.8827167207087,-0.012479982132912352,3,EMA200_BREAKDOWN,BAR_CLOSE
440,SOLUSDT,2024-02-25 20:00:00,2024-02-26 12:00:00,103.421685,100.89952500000001,1709.1702051201567,176765.26256532222,172454.4618407764,-4310.800724545829,279.3757795248789,-4590.176504070709,-0.025967638875734677,4,EMA200_BREAKDOWN,BAR_CLOSE
441,ETHUSDT,2024-02-06 16:00:00,2024-03-19 04:00:00,2344.901865,3417.47041,8.48893417856095,19905.717587169813,29010.681367669702,9104.96378049989,39.13311916387161,9065.830661336018,0.45543852521947664,249,EMA200_BREAKDOWN,BAR_CLOSE
442,BTCUSDT,2024-02-01 16:00:00,2024-03-20 00:00:00,42537.37806,61906.441295000004,0.4104335955615848,17458.769022928274,25408.483289129024,7949.714266200753,34.293801849645845,7915.420464351107,0.45337792452354075,284,EMA200_BREAKDOWN,BAR_CLOSE
443,ETHUSDT,2024-03-21 00:00:00,2024-03-22 12:00:00,3518.288265,3403.47741,8.232393359829002,28963.932950750303,28018.76483041201,-945.1681203382918,45.58615822492985,-990.7542785632216,-0.03420648294718402,9,EMA200_BREAKDOWN,BAR_CLOSE
444,ETHUSDT,2024-03-25 00:00:00,2024-04-01 16:00:00,3456.7174949999994,3442.3179800000003,8.092651755963377,27974.010905781073,27857.480645431307,-116.53026034976415,44.665193240969906,-161.19545359073405,-0.005762328975049538,46,EMA200_BREAKDOWN,BAR_CLOSE
445,ETHUSDT,2024-04-01 20:00:00,2024-04-02 04:00:00,3488.073165,3364.386965,7.973729202544224,27812.950856371353,26826.710591479634,-986.2402648917225,43.71172915828079,-1029.9519940500033,-0.03703138150887946,2,EMA200_BREAKDOWN,BAR_CLOSE
446,BTCUSDT,2024-03-20 08:00:00,2024-04-02 16:00:00,62989.328924999994,64857.545005,0.4027275884188875,25367.540534089323,26119.922690633113,752.3821565437896,41.18997057977795,711.1921859640116,0.028035519841125303,80,EMA200_BREAKDOWN,BAR_CLOSE
447,BTCUSDT,2024-04-02 20:00:00,2024-04-03 00:00:00,65947.867455,65431.258005,0.3954356118704176,26078.135318617125,25873.849544658337,-204.28577395878844,41.56158789062037,-245.8473618494088,-0.009427336688214012,1,EMA200_BREAKDOWN,BAR_CLOSE
448,SOLUSDT,2024-02-26 16:00:00,2024-04-05 12:00:00,105.01247999999998,169.67512,1639.6045670906447,172178.94180951494,278200.1016736532,106021.15986413822,360.3032347865345,105660.85662935168,0.6136688698333762,233,EMA200_BREAKDOWN,BAR_CLOSE
449,ETHUSDT,2024-04-08 00:00:00,2024-04-08 04:00:00,3455.9270999999994,3421.2785049999998,7.750124133693781,26783.864021996356,26515.333109688276,-268.53091230807905,42.639357705347706,-311.1702700134268,-0.011617825932728636,1,EMA200_BREAKDOWN,BAR_CLOSE
450,SOLUSDT,2024-04-05 16:00:00,2024-04-10 04:00:00,175.97794499999998,171.304305,1578.3287122673132,277751.043319298,270374.5031164971,-7376.54020280097,438.5004371486361,-7815.040639949606,-0.028136854308646337,27,EMA200_BREAKDOWN,BAR_CLOSE
451,SOLUSDT,2024-04-10 08:00:00,2024-04-10 12:00:00,172.84637999999998,170.124895,1561.74845729188,269942.567313486,265692.2923131931,-4250.27500029295,428.5078877013433,-4678.782887994293,-0.017332512373125622,1,EMA200_BREAKDOWN,BAR_CLOSE
452,SOLUSDT,2024-04-11 00:00:00,2024-04-11 12:00:00,173.38665,170.43474000000003,1529.9200636445637,265267.71460311767,260751.52826804473,-4516.186335072977,420.8153942969299,-4937.0017293699075,-0.01861139316089197,3,EMA200_BREAKDOWN,BAR_CLOSE
453,ETHUSDT,2024-04-08 08:00:00,2024-04-12 16:00:00,3475.61694,3438.97965,7.616764330481638,26472.95513500974,26193.89753137223,-279.0576036375091,42.13348213310557,-321.1910857706147,-0.012132800593381753,26,EMA200_BREAKDOWN,BAR_CLOSE
454,SOLUSDT,2024-04-11 16:00:00,2024-04-12 16:00:00,173.48669999999998,167.266325,1500.604138272274,260334.8599552005,251000.53948859512,-9334.32046660538,409.0683195550365,-9743.388786160418,-0.03742636997533523,6,EMA200_BREAKDOWN,BAR_CLOSE
455,BTCUSDT,2024-04-03 04:00:00,2024-04-12 20:00:00,66258.90289499999,66810.55801,0.3898720525072418,25832.49446855167,26047.56938051284,215.07491196116905,41.50405107925161,173.57086088191744,0.006719090217679969,58,EMA200_BREAKDOWN,BAR_CLOSE
456,BTCUSDT,2024-04-13 04:00:00,2024-04-13 20:00:00,67194.130275,64755.61599500001,0.3870266558027929,26005.91952991045,25062.149502994696,-943.7700269157536,40.85445522632412,-984.6244821420778,-0.03786155229041687,4,EMA200_BREAKDOWN,BAR_CLOSE
457,BNBUSDT,2024-02-07 08:00:00,2024-04-13 20:00:00,302.45115,551.62405,90.84688711835531,27476.74548286675,50113.32780211999,22636.582319253237,62.07205862798939,22574.510260625248,0.821586030801999,399,EMA200_BREAKDOWN,BAR_CLOSE
458,BNBUSDT,2024-04-14 08:00:00,2024-04-14 12:00:00,565.78275,551.8239500000001,88.43022017704335,50032.29315487307,48797.91339746577,-1234.3797574073023,79.06416524187108,-1313.4439226491734,-0.026251923304483716,1,EMA200_BREAKDOWN,BAR_CLOSE
459,BNBUSDT,2024-04-15 00:00:00,2024-04-15 20:00:00,566.6831999999999,555.22225,85.97387839469907,48719.952525118926,47734.61020353121,-985.3423215877187,77.16365018292012,-1062.5059717706388,-0.0218084361068052,5,EMA200_BREAKDOWN,BAR_CLOSE
460,BNBUSDT,2024-04-19 08:00:00,2024-04-20 00:00:00,555.6777,553.8229500000001,85.7661537584909,47658.339058364574,47499.26428468103,-159.07477368354844,76.12608267443649,-235.20085635798495,-0.0049351458948233016,4,EMA200_BREAKDOWN,BAR_CLOSE
461,BTCUSDT,2024-04-22 08:00:00,2024-04-24 16:00:00,66013.000005,64577.79495,0.37904840153360897,25022.12213233337,24478.10995036267,-544.012181970702,39.60018566615683,-583.6123676368588,-0.02332385576852093,14,EMA200_BREAKDOWN,BAR_CLOSE
462,SOLUSDT,2024-04-24 12:00:00,2024-04-24 16:00:00,159.39965999999998,151.434245,1572.146738679496,250599.65561562046,238076.85440114175,-12522.801214478704,390.9412080134098,-12913.742422492114,-0.0515313653993991,1,EMA200_BREAKDOWN,BAR_CLOSE
463,ETHUSDT,2024-04-28 04:00:00,2024-04-29 00:00:00,3310.5144299999997,3261.80828,7.899688825627978,26152.033849751173,25767.270420856818,-384.76342889435637,41.535443416486395,-426.29887231084274,-0.01630079231160443,5,EMA200_BREAKDOWN,BAR_CLOSE
464,BNBUSDT,2024-04-20 04:00:00,2024-04-30 12:00:00,556.8783,568.2157500000001,85.15924533372181,47423.335770725935,48388.82445673474,965.4886860088131,76.64972818196856,888.8389578268445,0.018742649444232432,62,EMA200_BREAKDOWN,BAR_CLOSE
465,BNBUSDT,2024-05-01 00:00:00,2024-05-01 08:00:00,578.6891999999999,545.82695,83.4842400788337,48311.4281038282,45567.948135297556,-2743.4799685306443,75.1035009913006,-2818.583469521945,-0.05834196131533111,2,EMA200_BREAKDOWN,BAR_CLOSE
466,BTCUSDT,2024-05-05 16:00:00,2024-05-05 20:00:00,64460.85432,63848.00003,0.37912932208071487,24438.99999908532,24206.648967583365,-232.3510315019562,38.91651917333495,-271.26755067529115,-0.01109978111565301,1,EMA200_BREAKDOWN,BAR_CLOSE
467,BTCUSDT,2024-05-06 08:00:00,2024-05-06 16:00:00,64573.020375,63600.19399500001,0.3742733447003113,24167.960313152602,23803.857330097308,-364.1029830552928,38.37745411459993,-402.4804371698927,-0.01665347145372695,2,EMA200_BREAKDOWN,BAR_CLOSE
468,SOLUSDT,2024-05-06 12:00:00,2024-05-08 00:00:00,154.066995,147.955985,1542.8142850242732,237696.76073676327,228268.6072128371,-9428.153523926174,372.7722943596803,-9800.925818285854,-0.04123289601384121,9,EMA200_BREAKDOWN,BAR_CLOSE
469,SOLUSDT,2024-05-08 04:00:00,2024-05-08 08:00:00,149.57475,146.336795,1523.6800843468884,227904.06769616474,222970.4601486533,-4933.6075475114285,360.69962227585444,-5294.307169787283,-0.023230419813504617,1,EMA200_BREAKDOWN,BAR_CLOSE
470,SOLUSDT,2024-05-09 20:00:00,2024-05-10 16:00:00,150.925425,146.876525,1474.9947382583157,222614.20774440005,216642.10154866593,-5972.106195734099,351.4050474344528,-6323.511243168552,-0.028405694799269264,5,EMA200_BREAKDOWN,BAR_CLOSE
471,SOLUSDT,2024-05-13 20:00:00,2024-05-14 00:00:00,148.8744,147.45623500000002,1452.8757681016732,216296.00825067575,214235.59068700587,-2060.4175636698915,344.42527915014534,-2404.842842820037,-0.011118295072893579,1,EMA200_BREAKDOWN,BAR_CLOSE
472,BNBUSDT,2024-05-03 16:00:00,2024-05-14 16:00:00,578.289,569.5151,78.67210381733123,45495.21224442066,44804.95107273778,-690.2611716828845,72.24013065372675,-762.5013023366113,-0.01676003396225767,66,EMA200_BREAKDOWN,BAR_CLOSE
473,BNBUSDT,2024-05-15 16:00:00,2024-05-16 16:00:00,580.29,567.5160999999999,77.0879240434576,44733.35144317801,43748.63801023929,-984.7134329387251,70.78559156273384,-1055.499024501459,-0.023595348670492386,6,EMA200_BREAKDOWN,BAR_CLOSE
474,ETHUSDT,2024-05-17 16:00:00,2024-05-17 20:00:00,3113.09577,3083.61742,8.263829631072696,25726.093068493068,25482.48900628794,-243.60406220513067,40.966865659824805,-284.5709278649555,-0.011061568000524399,1,EMA200_BREAKDOWN,BAR_CLOSE
475,BNBUSDT,2024-05-17 16:00:00,2024-05-18 08:00:00,582.8913,578.5106,74.93462166592147,43678.73903785713,43350.47294072522,-328.2660971319057,69.62336958286588,-397.88946671477163,-0.00910945406116037,4,EMA200_BREAKDOWN,BAR_CLOSE
476,ETHUSDT,2024-05-18 00:00:00,2024-05-19 16:00:00,3093.546,3075.7113750000003,8.22414186833088,25441.76118020752,25295.086694039044,-146.67448616847656,40.58947829939726,-187.26396446787382,-0.007360495334480079,10,EMA200_BREAKDOWN,BAR_CLOSE
477,BNBUSDT,2024-05-19 00:00:00,2024-05-19 16:00:00,580.5901499999999,577.41115,74.54687923709075,43281.1837982944,43044.19926919969,-236.98452909470106,69.06030645399528,-306.04483554869637,-0.007071082828394283,4,EMA200_BREAKDOWN,BAR_CLOSE
478,BNBUSDT,2024-05-20 20:00:00,2024-05-30 08:00:00,589.5946499999999,588.8054500000001,72.88973202251339,42975.39604040756,42917.87146389541,-57.52457651215469,68.71461400344239,-126.23919051559707,-0.0029374759082359783,57,EMA200_BREAKDOWN,BAR_CLOSE
479,SOLUSDT,2024-05-15 16:00:00,2024-06-07 20:00:00,151.68580500000002,161.93899000000002,1410.106802517504,213893.18547584367,228351.2713918141,14458.085915970438,353.7955654941262,14104.29035047631,0.06594081208851414,139,EMA200_BREAKDOWN,BAR_CLOSE
480,BTCUSDT,2024-05-15 16:00:00,2024-06-11 08:00:00,64757.48256,67536.39491,0.36699724912144466,23765.817959549928,24785.67114754954,1019.8531879996114,38.84119128567957,981.0119967139318,0.0412782761520618,160,EMA200_BREAKDOWN,BAR_CLOSE
481,ETHUSDT,2024-05-20 08:00:00,2024-06-11 08:00:00,3093.2658599999995,3532.8327,8.164398296326784,25254.6545174698,28843.453277087552,3588.7987596177513,43.278486235645886,3545.5202733821056,0.14039076523218746,132,EMA200_BREAKDOWN,BAR_CLOSE
482,BNBUSDT,2024-05-30 12:00:00,2024-06-11 08:00:00,594.4971,613.0933,72.07648765790783,42849.262890812,44189.61167059599,1340.3487797839823,69.63109964912638,1270.717680134856,0.029655531843637173,71,EMA200_BREAKDOWN,BAR_CLOSE
483,BTCUSDT,2024-06-12 16:00:00,2024-06-12 20:00:00,69768.867,67499.15354,0.35468550616117384,24746.005906186616,23940.971438785687,-805.0344674009289,38.94958187597784,-843.9840492769067,-0.03410586954826139,1,EMA200_BREAKDOWN,BAR_CLOSE
484,ETHUSDT,2024-06-12 16:00:00,2024-06-12 20:00:00,3620.12916,3527.2454950000006,7.954742850617591,28797.196553822265,28058.33088372436,-738.8656700979044,45.4844219500373,-784.3500920479416,-0.027237029499798115,1,EMA200_BREAKDOWN,BAR_CLOSE
485,BNBUSDT,2024-06-12 16:00:00,2024-06-12 20:00:00,628.81425,612.2937000000001,70.16207595183401,44118.91316809554,42959.797084229474,-1159.1160838660685,69.66296820186002,-1228.7790520679284,-0.02785152588383606,1,EMA200_BREAKDOWN,BAR_CLOSE
486,BTCUSDT,2024-06-13 00:00:00,2024-06-13 04:00:00,68298.11198999999,67441.212525,0.34997645040335623,23902.730803511102,23602.836170397866,-299.8946331132332,38.00445357912717,-337.8990866923604,-0.014136421878738892,1,EMA200_BREAKDOWN,BAR_CLOSE
487,ETHUSDT,2024-06-15 16:00:00,2024-06-15 20:00:00,3567.5829,3556.70076,7.852236682671521,28013.505315851642,27928.056176957678,-85.44913889396477,44.75324919424746,-130.20238808821222,-0.004647843481927136,1,EMA200_BREAKDOWN,BAR_CLOSE
488,ETHUSDT,2024-06-16 00:00:00,2024-06-16 04:00:00,3570.5343749999997,3553.232495,7.809310699541838,27883.412297769428,27748.29654116324,-135.11575660618524,44.50536707114614,-179.62112367733138,-0.006441863060343602,1,EMA200_BREAKDOWN,BAR_CLOSE
489,ETHUSDT,2024-06-16 16:00:00,2024-06-17 08:00:00,3593.67594,3550.90366,7.709081875600608,27703.94205583598,27374.207047309865,-329.73500852611545,44.062519282516675,-373.79752780863214,-0.013492575426820521,4,EMA200_BREAKDOWN,BAR_CLOSE
490,ETHUSDT,2024-06-19 04:00:00,2024-06-19 08:00:00,3567.7129649999997,3542.5378450000003,7.660498135939786,27330.458517950705,27137.604558118648,-192.853959832056,43.57445046085549,-236.4284102929115,-0.008650729739408683,1,EMA200_BREAKDOWN,BAR_CLOSE
491,ETHUSDT,2024-06-20 00:00:00,2024-06-20 04:00:00,3562.290255,3551.873175,7.605845332084665,27094.22870752244,27014.99800823049,-79.23069929195034,43.28738137260235,-122.51808066455268,-0.004521925388137614,1,EMA200_BREAKDOWN,BAR_CLOSE
492,ETHUSDT,2024-06-20 08:00:00,2024-06-20 16:00:00,3609.673935,3504.8566950000004,7.472091393220436,26971.813542045642,26188.609545180523,-783.2039968651163,42.528338469780934,-825.7323353348972,-0.030614639021127932,2,EMA200_BREAKDOWN,BAR_CLOSE
493,SOLUSDT,2024-06-27 20:00:00,2024-06-28 04:00:00,148.53423,147.46623,1534.9029528239087,227985.6282224256,226346.35186880967,-1639.276353615953,363.46558407298824,-2002.741937688941,-0.008784509590819651,2,EMA200_BREAKDOWN,BAR_CLOSE
494,ETHUSDT,2024-07-01 04:00:00,2024-07-01 08:00:00,3499.9791149999996,3488.8447050000004,7.470551669812586,26146.774821872426,26063.594636654554,-83.18018521787204,41.76829556682159,-124.94848078469363,-0.004778733959959418,1,EMA200_BREAKDOWN,BAR_CLOSE
495,SOLUSDT,2024-07-01 04:00:00,2024-07-01 12:00:00,147.683805,146.07692500000002,1530.191943442711,225984.56858796434,223525.73375788514,-2458.8348300792077,359.6082418766796,-2818.4430719558873,-0.012471838628480557,2,EMA200_BREAKDOWN,BAR_CLOSE
496,SOLUSDT,2024-07-01 16:00:00,2024-07-02 00:00:00,148.58425499999998,146.60666,1501.9659586958855,223168.4930081889,220198.21263810174,-2970.280370087159,354.69336451703253,-3324.9737346041916,-0.014898938868051529,2,EMA200_BREAKDOWN,BAR_CLOSE
497,SOLUSDT,2024-07-02 04:00:00,2024-07-03 08:00:00,149.24458499999997,146.316805,1473.0605619729643,219846.3122515218,215533.5149993886,-4312.797252133182,348.3038618007283,-4661.101113933911,-0.021201634297150447,7,EMA200_BREAKDOWN,BAR_CLOSE
498,SOLUSDT,2024-07-10 08:00:00,2024-07-10 12:00:00,144.24208499999997,142.718605,1491.8608980348804,215189.1264625235,212916.30622158537,-2272.8202409381465,342.48434614728717,-2615.304587085434,-0.012153516444247033,1,EMA200_BREAKDOWN,BAR_CLOSE
499,ETHUSDT,2024-07-15 04:00:00,2024-07-24 20:00:00,3331.0346849999996,3361.308505,7.81196647846121,26021.931297811592,26258.429364826567,236.4980670149712,41.82428853011053,194.6737784848607,0.00748114258918332,58,EMA200_BREAKDOWN,BAR_CLOSE
500,BNBUSDT,2024-07-15 08:00:00,2024-07-25 04:00:00,559.37955,556.5216,76.67632163247897,42891.166290431356,42672.02919702181,-219.1370934095402,68.45055638996254,-287.58764979950274,-0.0067050554851352,59,EMA200_BREAKDOWN,BAR_CLOSE
501,ETHUSDT,2024-07-29 04:00:00,2024-07-29 16:00:00,3350.65449,3307.00567,7.824274818118454,26216.44155032253,25874.921187155946,-341.5203631665842,41.67309018998279,-383.19345335656703,-0.014616531866883085,3,EMA200_BREAKDOWN,BAR_CLOSE
502,ETHUSDT,2024-07-30 08:00:00,2024-07-30 12:00:00,3342.5704499999997,3332.99267,7.728653850651611,25833.569979466785,25759.546633189093,-74.02334627769105,41.27449329012471,-115.29783956781576,-0.004463101292599419,1,EMA200_BREAKDOWN,BAR_CLOSE
503,BTCUSDT,2024-07-15 04:00:00,2024-08-01 04:00:00,62679.193934999996,63904.04199500001,0.37596392156046576,23565.11555205156,24025.614232004893,460.49867995333284,38.07258382724517,422.42609612608766,0.01792590811587646,102,EMA200_BREAKDOWN,BAR_CLOSE
504,BNBUSDT,2024-07-26 00:00:00,2024-08-01 04:00:00,570.98535,569.5151,74.61455922513193,42603.820214257685,42494.11815855693,-109.70205570075605,68.07835069825168,-177.78040639900775,-0.00417287476815312,37,EMA200_BREAKDOWN,BAR_CLOSE
505,BTCUSDT,2024-08-01 12:00:00,2024-08-01 16:00:00,64706.59713,62875.986280000005,0.3707069738509815,23987.186810256906,23308.566601754632,-678.620208502272,37.83660272960923,-716.4568112318813,-0.02986831331657136,1,EMA200_BREAKDOWN,BAR_CLOSE
506,SOLUSDT,2024-07-14 04:00:00,2024-08-01 16:00:00,144.03198,162.59866000000002,1475.8945807125006,212576.01873129126,239978.48112511446,27402.4623938232,362.0435998851246,27040.418793938075,0.12720352443950309,111,EMA200_BREAKDOWN,BAR_CLOSE
507,BNBUSDT,2024-08-02 00:00:00,2024-08-02 04:00:00,575.4876,571.714,73.72216037912901,42426.18914340004,42147.99119899337,-278.19794440668034,67.65934427391474,-345.85728868059505,-0.008151976306700592,1,EMA200_BREAKDOWN,BAR_CLOSE
508,BTCUSDT,2024-08-02 00:00:00,2024-08-02 08:00:00,65386.697009999996,64131.987965,0.35590315594603933,23271.33182274645,22824.77691383691,-446.5549089095396,36.876886989266694,-483.4317958988063,-0.020773705586814684,2,EMA200_BREAKDOWN,BAR_CLOSE
509,SOLUSDT,2024-08-02 00:00:00,2024-08-02 08:00:00,167.453685,161.349285,1430.8059185048235,239593.7235734424,230859.51192452156,-8734.211648920842,376.3625883983712,-9110.574237319213,-0.03802509557194873,2,EMA200_BREAKDOWN,BAR_CLOSE
510,BTCUSDT,2024-08-02 12:00:00,2024-08-02 16:00:00,64692.340005,63384.292,0.35225663668673785,22788.3061095562,22327.537518690104,-460.7685908660962,36.09267490259704,-496.8612657686932,-0.021803343494685466,1,EMA200_BREAKDOWN,BAR_CLOSE
511,SOLUSDT,2024-08-02 12:00:00,2024-08-02 16:00:00,164.44218,156.68162,1401.652557868562,230490.8022184825,219613.19344399008,-10877.608774492446,360.08319652997807,-11237.691971022425,-0.04875548986275905,1,EMA200_BREAKDOWN,BAR_CLOSE
512,BNBUSDT,2024-08-02 12:00:00,2024-08-02 16:00:00,573.58665,558.5206,73.36401984746674,42080.62237484195,40975.31638361903,-1105.3059912229276,66.44475100676878,-1171.7507422296962,-0.027845375759704343,1,EMA200_BREAKDOWN,BAR_CLOSE
513,SOLUSDT,2024-08-08 16:00:00,2024-08-08 20:00:00,160.6803,155.7221,1364.5888756040147,219262.54990871574,212496.64534569596,-6765.904563019793,345.4073562035294,-7111.311919223323,-0.03243286152689519,1,EMA200_BREAKDOWN,BAR_CLOSE
514,SOLUSDT,2024-08-09 00:00:00,2024-08-09 12:00:00,163.20156,156.551685,1299.970487362404,212157.2114915046,203512.57024685552,-8644.641244649078,332.5358253906881,-8977.177070039766,-0.04231379648576895,3,EMA200_BREAKDOWN,BAR_CLOSE
515,BNBUSDT,2024-08-17 20:00:00,2024-08-18 04:00:00,544.8723,536.23175,75.08154828798553,40909.85590323574,40261.11003117599,-648.7458720597505,64.93677274752937,-713.6826448072799,-0.01744524953828624,2,EMA200_BREAKDOWN,BAR_CLOSE
516,BNBUSDT,2024-08-18 08:00:00,2024-08-19 00:00:00,540.5701499999999,531.03435,74.35995633841436,40196.7727518501,39487.69108019825,-709.0816716518428,63.74757106563868,-772.8292427174815,-0.01922615149948602,4,EMA200_BREAKDOWN,BAR_CLOSE
517,BNBUSDT,2024-08-19 04:00:00,2024-08-19 08:00:00,537.4686,533.5331,73.35236455803464,39424.592685696494,39135.91445497835,-288.67823071814877,62.84840571253988,-351.52663643068865,-0.008916430392398825,1,EMA200_BREAKDOWN,BAR_CLOSE
518,BTCUSDT,2024-08-21 20:00:00,2024-08-22 04:00:00,61600.784999999996,60518.625550000004,0.36187626841526055,22291.862207250753,21900.254383654446,-391.6078235963078,35.35369327272416,-426.961516869032,-0.01915324583022752,2,EMA200_BREAKDOWN,BAR_CLOSE
519,BTCUSDT,2024-08-22 08:00:00,2024-08-22 16:00:00,61014.802155,60377.186305,0.35835991539413836,21865.25933805589,21636.76337599593,-228.4959620599597,34.80161817124146,-263.29758023120115,-0.012041822882609897,2,EMA200_BREAKDOWN,BAR_CLOSE
520,BTCUSDT,2024-08-23 08:00:00,2024-08-23 12:00:00,61099.79463,60711.309160000004,0.35355573711184646,21602.182927792088,21464.831661088996,-137.3512667030894,34.453611671104866,-171.8048783741943,-0.007953125799761667,1,EMA200_BREAKDOWN,BAR_CLOSE
521,BNBUSDT,2024-08-19 12:00:00,2024-08-27 00:00:00,537.2685,548.02585,72.7259486302294,39073.3613316404,39855.6998151378,782.3384834973963,63.14324891742256,719.1952345799738,0.018406280137398666,45,EMA200_BREAKDOWN,BAR_CLOSE
522,BTCUSDT,2024-08-23 16:00:00,2024-08-28 00:00:00,61563.80652,59385.2925,0.34810262030424766,21430.522365515724,20672.175926784188,-758.3464387315385,33.68215863383993,-792.0285973653783,-0.036957969752517424,26,EMA200_BREAKDOWN,BAR_CLOSE
523,SOLUSDT,2024-08-24 00:00:00,2024-08-28 00:00:00,153.346635,146.70661,1325.0214147196884,203187.5752502037,194389.39993092962,-8798.175319274073,318.06158014490666,-9116.236899418978,-0.044866113925486395,24,EMA200_BREAKDOWN,BAR_CLOSE
524,BNBUSDT,2024-08-27 04:00:00,2024-08-28 00:00:00,552.97635,533.0333499999999,71.95959183828268,39791.952442223344,38356.862302192465,-1435.0901400308785,62.51905179553265,-1497.6091918264112,-0.03763598164731656,5,EMA200_BREAKDOWN,BAR_CLOSE
525,BTCUSDT,2024-09-13 16:00:00,2024-09-16 04:00:00,59695.843004999995,58545.802455,0.3457386315902004,20639.159072172137,20241.545626141895,-397.6134460302407,32.70456375865123,-430.3180097888919,-0.020849590251430905,15,EMA200_BREAKDOWN,BAR_CLOSE
526,BTCUSDT,2024-09-16 08:00:00,2024-09-16 12:00:00,58940.55555,58634.668000000005,0.34287431363567233,20209.202529511465,20104.321545755523,-104.88098375594473,32.25081926021359,-137.1318030161583,-0.006785611793236519,1,EMA200_BREAKDOWN,BAR_CLOSE
527,BNBUSDT,2024-09-11 20:00:00,2024-09-16 20:00:00,533.4666,532.5336,71.78631472357984,38295.60124211807,38228.624610480976,-66.97663163709946,61.21938068207924,-128.1960123191787,-0.003347538833733907,30,EMA200_BREAKDOWN,BAR_CLOSE
528,ETHUSDT,2024-09-20 04:00:00,2024-10-01 16:00:00,2521.82028,2523.547595,10.198335382600778,25718.3689900842,25735.984727765597,17.615737681397977,41.16348297427984,-23.54774529288186,-0.0009156002583974423,69,EMA200_BREAKDOWN,BAR_CLOSE
529,BNBUSDT,2024-09-17 04:00:00,2024-10-01 16:00:00,535.2674999999999,561.21925,71.30549288804056,38167.512914449246,40018.01523950646,1850.502325057211,62.54842252316456,1787.9539025340464,0.04684491511253731,87,EMA200_BREAKDOWN,BAR_CLOSE
530,BTCUSDT,2024-09-17 12:00:00,2024-10-02 00:00:00,59110.53049499999,60774.51754,0.3395703904045947,20072.18591720985,20637.22664770869,565.040730498841,32.56753005193483,532.4732004469062,0.02652791293599791,87,EMA200_BREAKDOWN,BAR_CLOSE
531,SOLUSDT,2024-09-19 08:00:00,2024-10-02 00:00:00,138.62928,145.04744000000002,1399.9856018135579,194078.9959897802,203064.32757991596,8985.331590135746,317.71465885575697,8667.616931279988,0.044660252321876225,76,EMA200_BREAKDOWN,BAR_CLOSE
532,BTCUSDT,2024-10-02 04:00:00,2024-10-02 08:00:00,61781.33523,61696.526305,0.3335022100681843,20604.211840168377,20575.92787624737,-28.28396392100607,32.9441117731326,-61.22807569413867,-0.0029716291100624946,1,EMA200_BREAKDOWN,BAR_CLOSE
533,BTCUSDT,2024-10-02 16:00:00,2024-10-02 20:00:00,61904.947005,60159.91499500001,0.3318480378377284,20543.035196057812,19963.949747575287,-579.0854484825257,32.40558795490648,-611.4910364374323,-0.029766343220537186,1,EMA200_BREAKDOWN,BAR_CLOSE
534,SOLUSDT,2024-10-02 04:00:00,2024-10-02 20:00:00,147.2736,139.91001,1376.6169369312488,202739.33212283795,192602.4894122204,-10136.842710617557,316.2734572280467,-10453.116167845603,-0.05155938938139617,4,EMA200_BREAKDOWN,BAR_CLOSE
535,BNBUSDT,2024-10-05 08:00:00,2024-10-05 20:00:00,562.1809499999999,560.3197,71.06958166352874,39953.96493570516,39821.686676833924,-132.27825887123768,63.82052129003127,-196.09878016126896,-0.0049081181423880115,3,EMA200_BREAKDOWN,BAR_CLOSE
536,SOLUSDT,2024-10-06 16:00:00,2024-10-08 00:00:00,146.062995,143.89801500000002,1316.5209748887687,192294.99657257335,189444.75499235868,-2850.2415802146675,305.3918012519456,-3155.633381466613,-0.0164103769609817,8,EMA200_BREAKDOWN,BAR_CLOSE
537,BTCUSDT,2024-10-04 16:00:00,2024-10-09 20:00:00,61903.986525,61001.474005000004,0.3219834283861736,19932.057812090992,19641.46373673995,-290.59407535104395,31.658817239064753,-322.25289259010873,-0.01616756762538722,31,EMA200_BREAKDOWN,BAR_CLOSE
538,BNBUSDT,2024-10-06 00:00:00,2024-10-10 20:00:00,563.2814999999999,559.42015,70.58288063520502,39758.03087851923,39485.48567237849,-272.545206140742,63.39481324071818,-335.94001938146016,-0.008449614127216858,29,EMA200_BREAKDOWN,BAR_CLOSE
539,BNBUSDT,2024-10-11 04:00:00,2024-10-11 08:00:00,564.2819999999999,560.21975,69.8628931079745,39422.37304875406,39138.57251122619,-283.80053752786586,62.84875644798421,-346.64929397585007,-0.008793212259118579,1,EMA200_BREAKDOWN,BAR_CLOSE
540,ETHUSDT,2024-10-14 04:00:00,2024-10-23 16:00:00,2522.370555,2538.939895,10.186782815856875,25694.841024897367,25863.629292879457,168.78826798209005,41.24677625422146,127.54149172786859,0.004963700363208533,57,EMA200_BREAKDOWN,BAR_CLOSE
541,BNBUSDT,2024-10-11 12:00:00,2024-10-26 00:00:00,568.0839,575.01235,68.78564053687342,39076.014940185145,39552.59281136284,476.5778711777005,62.90288620123839,413.6749849764621,0.010586416900743002,87,EMA200_BREAKDOWN,BAR_CLOSE
542,BNBUSDT,2024-10-26 08:00:00,2024-10-31 16:00:00,579.98985,580.40965,68.08626467889778,39489.34243817422,39517.92505208642,28.582613912201918,63.20581399220852,-34.6232000800066,-0.0008767732745667717,32,EMA200_BREAKDOWN,BAR_CLOSE
543,ETHUSDT,2024-10-29 00:00:00,2024-10-31 20:00:00,2568.7737449999995,2513.0828300000003,10.052374379812182,25822.275381772186,25262.449454637896,-559.8259271342902,40.86777986912807,-600.6937070034182,-0.023262617183125733,17,EMA200_BREAKDOWN,BAR_CLOSE
544,SOLUSDT,2024-10-11 16:00:00,2024-11-03 16:00:00,144.482205,159.910005,1309.1024872104294,189142.01392314714,209338.5852753322,20196.57135218509,318.7844793587835,19877.786872826306,0.10509450788074573,138,EMA200_BREAKDOWN,BAR_CLOSE
545,SOLUSDT,2024-11-03 20:00:00,2024-11-04 20:00:00,161.14052999999998,159.510205,1297.0238055875843,209003.10345500027,206888.53311915573,-2114.5703358445403,332.71330925932483,-2447.283645103865,-0.011709317252462624,6,EMA200_BREAKDOWN,BAR_CLOSE
546,BNBUSDT,2024-11-06 04:00:00,2024-11-21 04:00:00,581.8908,601.6790100000001,67.80438584281154,39454.74832158228,40796.47574756087,1341.7274259785852,64.20097925531452,1277.5264467232707,0.032379536077903365,90,EMA200_BREAKDOWN,BAR_CLOSE
547,BNBUSDT,2024-11-21 08:00:00,2024-11-26 20:00:00,612.80625,609.7949500000001,66.46668771098582,40731.2016460903,40531.05050938622,-200.15113670408442,65.00980172438122,-265.16093842846567,-0.006510020026721158,33,EMA200_BREAKDOWN,BAR_CLOSE
548,SOLUSDT,2024-11-05 08:00:00,2024-12-09 20:00:00,162.12102,221.839025,1274.0968168603818,206557.87552815827,282644.39560791064,76086.52007975237,391.36181690885513,75695.15826284351,0.3664598024611491,207,EMA200_BREAKDOWN,BAR_CLOSE
549,BNBUSDT,2024-11-27 04:00:00,2024-12-10 16:00:00,616.8082499999999,657.0713000000001,65.60590498400455,40466.26344285012,43107.75727551636,2641.493832666233,66.85921657469319,2574.63461609154,0.06362422415718359,81,EMA200_BREAKDOWN,BAR_CLOSE
550,SOLUSDT,2024-12-11 12:00:00,2024-12-13 16:00:00,224.89238999999998,221.00944,1254.775449974368,282189.44985806104,277317.2195245831,-4872.230333477929,447.6053355061153,-5319.835668984044,-0.018852000567915906,13,EMA200_BREAKDOWN,BAR_CLOSE
551,SOLUSDT,2024-12-14 00:00:00,2024-12-14 16:00:00,224.90239499999998,222.43872500000003,1231.0855242383655,276874.0828510389,273841.09437753865,-3032.9884735002734,440.5721417828621,-3473.5606152831356,-0.01254563294445998,4,EMA200_BREAKDOWN,BAR_CLOSE
552,SOLUSDT,2024-12-16 00:00:00,2024-12-16 04:00:00,224.37212999999997,221.139375,1218.526739602965,273403.4400266726,269464.24161658745,-3939.1984100851455,434.29414531460804,-4373.492555399754,-0.01599647961625167,1,EMA200_BREAKDOWN,BAR_CLOSE
553,SOLUSDT,2024-12-17 20:00:00,2024-12-18 04:00:00,227.57372999999998,217.39125,1182.1822369612669,269033.62120501936,256996.074220806,-12037.546984213324,420.82375634066034,-12458.370740553984,-0.046307858046708505,2,EMA200_BREAKDOWN,BAR_CLOSE
554,ETHUSDT,2024-11-06 04:00:00,2024-12-19 16:00:00,2580.599655,3612.11304,9.773730771688664,25222.08625748265,35303.82036986588,10081.734112383238,48.42072530187883,10033.313387081358,0.3977987104101973,261,EMA200_BREAKDOWN,BAR_CLOSE
555,BNBUSDT,2024-12-10 20:00:00,2024-12-19 20:00:00,672.9463049999999,658.57055,63.95567528357876,43038.73536586415,42119.32424712787,-919.4111187362782,68.12644769039363,-987.5375664266719,-0.02294532025701503,54,EMA200_BREAKDOWN,BAR_CLOSE
556,BTCUSDT,2024-10-11 16:00:00,2024-12-20 12:00:00,62290.169519999996,92677.628005,0.3148181448701034,19610.075611930657,29176.598919495646,9566.523307564987,39.02933962514105,9527.493967939845,0.4858468756817731,419,EMA200_BREAKDOWN,BAR_CLOSE
557,BNBUSDT,2024-12-21 04:00:00,2024-12-21 12:00:00,681.3404999999999,676.58154,61.719547467078925,42052.02733099328,41758.30647337936,-293.72085761392304,67.04826704349811,-360.7691246574212,-0.008579113720672542,2,EMA200_BREAKDOWN,BAR_CLOSE
558,BTCUSDT,2024-12-20 16:00:00,2024-12-22 08:00:00,97040.12581499999,96162.144875,0.30018063394178673,29129.56648493744,28866.01360977944,-263.55287515800404,46.39646407577351,-309.94933923377755,-0.010640369103812402,10,EMA200_BREAKDOWN,BAR_CLOSE
559,BTCUSDT,2024-12-22 12:00:00,2024-12-22 16:00:00,97149.84064499999,95330.021145,0.2966538834423903,28819.87750314862,28280.020981309433,-539.856521839184,45.67991878756644,-585.5364406267504,-0.020317103726855867,1,EMA200_BREAKDOWN,BAR_CLOSE
560,BTCUSDT,2024-12-24 16:00:00,2024-12-26 12:00:00,98349.139995,95647.96209500001,0.28708774590776726,28234.83291313199,27459.357838525117,-775.475074606875,44.55535260132569,-820.0304272082006,-0.029043218698376123,11,EMA200_BREAKDOWN,BAR_CLOSE
561,BTCUSDT,2024-12-27 04:00:00,2024-12-27 08:00:00,96466.04891999999,95057.20762,0.2841983435459093,27415.49131148265,27015.100947703588,-400.3903637790613,43.54447380734899,-443.9348375864103,-0.01619284631971828,1,EMA200_BREAKDOWN,BAR_CLOSE
562,BTCUSDT,2024-12-27 12:00:00,2024-12-27 16:00:00,97000.85619,94526.46312500001,0.2780586732794261,26971.92937915981,26283.9029263341,-688.0264528257119,42.60466584439513,-730.6311186701071,-0.027088574510158628,1,EMA200_BREAKDOWN,BAR_CLOSE
563,ETHUSDT,2025-01-03 16:00:00,2025-01-07 16:00:00,3566.9225699999997,3460.9186750000003,9.881619510826347,35246.97166131886,34199.481504263276,-1047.4901570555812,55.55716253246571,-1103.047319588047,-0.03129481108865208,24,EMA200_BREAKDOWN,BAR_CLOSE
564,BTCUSDT,2025-01-02 08:00:00,2025-01-07 20:00:00,95869.921005,96403.764005,0.27372414325094485,26241.911990629385,26388.037708434902,146.12571780551636,42.10395975925143,104.02175804626492,0.003963954992433845,33,EMA200_BREAKDOWN,BAR_CLOSE
565,SOLUSDT,2025-01-02 08:00:00,2025-01-07 20:00:00,206.01295499999998,204.45772000000002,1245.483399312861,256585.71549588742,254648.69612135715,-1937.0193745302793,408.98752929379566,-2346.006903824075,-0.009143170340913529,33,EMA200_BREAKDOWN,BAR_CLOSE
566,BTCUSDT,2025-01-08 00:00:00,2025-01-08 04:00:00,97003.0773,96476.9374,0.2715980472343107,26345.846370398893,26202.947800986833,-142.898569412058,42.03903533710859,-184.9376047491666,-0.007019611446491804,1,EMA200_BREAKDOWN,BAR_CLOSE
567,BNBUSDT,2024-12-23 20:00:00,2025-01-08 08:00:00,685.4725649999999,694.29268,60.821633689162425,41691.56125240058,42228.01505602687,536.4538036262929,67.13566104674196,469.31814257955097,0.011256909755389117,93,EMA200_BREAKDOWN,BAR_CLOSE
568,BNBUSDT,2025-01-08 12:00:00,2025-01-08 16:00:00,696.2679599999999,693.1432550000001,60.55209716635584,42160.48516774036,41971.27772696417,-189.20744077618795,67.30541031576362,-256.5128510919516,-0.006084200645969456,1,EMA200_BREAKDOWN,BAR_CLOSE
569,BNBUSDT,2025-01-09 00:00:00,2025-01-09 08:00:00,696.3780149999999,690.2047249999999,60.17448409459527,41904.18778744332,41532.713246527,-371.47454091632113,66.74952082717626,-438.2240617434974,-0.010457762932105133,2,EMA200_BREAKDOWN,BAR_CLOSE
570,BNBUSDT,2025-01-09 12:00:00,2025-01-09 20:00:00,700.30998,679.809925,59.21139640750471,41466.331833911696,40252.494950931046,-1213.8368829806475,65.37506142787419,-1279.2119444085217,-0.030849411747637775,2,EMA200_BREAKDOWN,BAR_CLOSE
571,BNBUSDT,2025-01-10 08:00:00,2025-01-10 16:00:00,695.8477499999999,692.783435,57.75429241171862,40188.19442753647,40011.21708298486,-176.97734455160696,64.15952920841707,-241.13687376002403,-0.006000191777583317,2,EMA200_BREAKDOWN,BAR_CLOSE
572,BNBUSDT,2025-01-11 12:00:00,2025-01-12 08:00:00,697.7787149999999,693.902875,57.24918122323408,39947.2601087504,39725.37144219815,-221.88866655225533,63.73810524075884,-285.6267717930142,-0.007150096677855711,5,EMA200_BREAKDOWN,BAR_CLOSE
573,BNBUSDT,2025-01-12 20:00:00,2025-01-13 00:00:00,696.418035,693.003325,56.951243750380044,39661.873263445705,39467.40128189884,-194.47198154686103,63.303419636275635,-257.77540118313664,-0.006499324917683978,1,EMA200_BREAKDOWN,BAR_CLOSE
574,BNBUSDT,2025-01-14 12:00:00,2025-01-15 12:00:00,694.9473,692.003825,56.7011547402221,39404.314393599554,39237.415962150575,-166.89843144897722,62.91338428460011,-229.81181573357733,-0.005832148567236731,6,EMA200_BREAKDOWN,BAR_CLOSE
575,ETHUSDT,2025-01-15 20:00:00,2025-01-16 04:00:00,3436.7074949999997,3361.69831,9.935338096464701,34144.850901479265,33399.60928816401,-745.241613315263,54.03556815171462,-799.2771814669776,-0.023408425000103025,2,EMA200_BREAKDOWN,BAR_CLOSE
576,ETHUSDT,2025-01-17 12:00:00,2025-01-18 04:00:00,3424.961625,3382.38796,9.736239048472472,33346.24511284473,32931.737733235146,-414.5073796095847,53.0223862768639,-467.52976588644856,-0.01402046210313375,4,EMA200_BREAKDOWN,BAR_CLOSE
577,BNBUSDT,2025-01-15 16:00:00,2025-01-19 12:00:00,704.45205,682.708475,55.6101662558739,39174.69561979119,37965.53179904413,-1209.1638207470614,61.71218193506826,-1270.8760026821296,-0.032441247661923855,23,EMA200_BREAKDOWN,BAR_CLOSE
578,ETHUSDT,2025-01-19 20:00:00,2025-01-20 00:00:00,3420.6394649999997,3213.5924,9.6119770611258,32879.10807196163,30888.976432608208,-1990.1316393534203,51.01446760365587,-2041.1461069570762,-0.06208033692670963,1,EMA200_BREAKDOWN,BAR_CLOSE
579,BNBUSDT,2025-01-19 16:00:00,2025-01-20 00:00:00,698.22894,682.8584000000001,54.28719003390394,37904.88715295131,37070.463727047594,-834.423425903716,59.98028070399913,-894.4037066077151,-0.023595999718945895,2,EMA200_BREAKDOWN,BAR_CLOSE
580,BNBUSDT,2025-01-20 08:00:00,2025-01-20 16:00:00,699.0293399999999,687.965845,52.946611290245905,37011.23474545714,36425.46017618056,-585.7745692765785,58.74935593731017,-644.5239252138887,-0.017414277844188898,2,EMA200_BREAKDOWN,BAR_CLOSE
581,BNBUSDT,2025-01-22 08:00:00,2025-01-22 16:00:00,697.658655,692.563545,52.12757264559475,36367.25222034042,36101.65650367813,-265.5957166622951,57.97512697921485,-323.57084364150995,-0.008897313486349536,2,EMA200_BREAKDOWN,BAR_CLOSE
582,ETHUSDT,2025-01-24 08:00:00,2025-01-24 20:00:00,3382.4803949999996,3367.01565,9.117473843550362,30839.676527734395,30698.67711969972,-140.9994080346741,49.23068291794729,-190.2300909526214,-0.006168355585103034,3,EMA200_BREAKDOWN,BAR_CLOSE
583,BTCUSDT,2025-01-14 12:00:00,2025-01-27 08:00:00,96596.31401999999,98998.485995,0.27082880313446683,26161.064113237717,26811.641474150125,650.5773609124096,42.378164469910274,608.1991964424993,0.023248259084948514,77,EMA200_BREAKDOWN,BAR_CLOSE
584,BTCUSDT,2025-01-27 16:00:00,2025-01-27 20:00:00,101162.586015,99650.159995,0.2646111915168522,26768.752422355195,26368.547571121908,-400.20485123329024,42.509839994781686,-442.71469122807196,-0.016538488019275446,1,EMA200_BREAKDOWN,BAR_CLOSE
585,BNBUSDT,2025-01-31 16:00:00,2025-01-31 20:00:00,689.30448,678.7604500000001,52.29032194337048,36043.95317620758,35492.60245292703,-551.3507232805517,57.22924450330768,-608.5799677838594,-0.01688438459590442,1,EMA200_BREAKDOWN,BAR_CLOSE
586,ETHUSDT,2025-01-31 12:00:00,2025-02-01 00:00:00,3336.8275799999997,3299.339505,9.185253206897247,30649.606230058176,30305.268768944024,-344.33746111415223,48.76389999920176,-393.101361113354,-0.012825657796798647,3,EMA200_BREAKDOWN,BAR_CLOSE
587,SOLUSDT,2025-01-15 20:00:00,2025-02-01 16:00:00,202.00095,226.26681000000002,1258.6162552100006,254241.67923786255,284783.08508051274,30541.405842650187,431.2198114547002,30110.186031195488,0.11843135288225147,101,EMA200_BREAKDOWN,BAR_CLOSE
588,BTCUSDT,2025-01-28 00:00:00,2025-02-02 00:00:00,102133.871415,100585.34217,0.2577637491532638,26326.40961146776,25927.254907603085,-399.1547038646724,41.80293161525668,-440.9576354799291,-0.0167496305796233,30,EMA200_BREAKDOWN,BAR_CLOSE
589,BTCUSDT,2025-02-03 20:00:00,2025-02-04 08:00:00,101930.929995,98398.785995,0.25395453942852675,25885.822380401627,24988.81837768639,-897.0040027152343,40.69971260647041,-937.7037153217046,-0.03622460594613552,3,EMA200_BREAKDOWN,BAR_CLOSE
590,BNBUSDT,2025-02-12 16:00:00,2025-02-18 08:00:00,659.3294999999999,651.184245,53.74533433677193,35435.884415596665,34998.11496236341,-437.7694532332582,56.34719950236807,-494.1166527356263,-0.01394396276216961,34,EMA200_BREAKDOWN,BAR_CLOSE
591,BNBUSDT,2025-02-18 12:00:00,2025-02-18 16:00:00,655.78773,647.85591,53.282763952978115,34942.182820849346,34519.55352807183,-422.62929277751175,55.56938907913694,-478.1986818566487,-0.013685426703546309,1,EMA200_BREAKDOWN,BAR_CLOSE
592,BNBUSDT,2025-02-19 12:00:00,2025-02-19 16:00:00,659.64966,652.2637050000001,52.24649979488423,34464.38582588545,34078.49552949293,-385.89029639252243,54.83430508430271,-440.7246014768251,-0.01278782693831748,1,EMA200_BREAKDOWN,BAR_CLOSE
593,BTCUSDT,2025-02-20 20:00:00,2025-02-21 04:00:00,98472.0114,98092.919005,0.2533603811021656,24948.906336200795,24852.85934253066,-96.04699367013261,39.84141254298517,-135.88840621311778,-0.0054466678571775335,2,EMA200_BREAKDOWN,BAR_CLOSE
594,BNBUSDT,2025-02-20 20:00:00,2025-02-21 04:00:00,656.8282499999999,651.084295,51.80049949598525,34024.03143307387,33726.49169499141,-297.5397380824575,54.20041850245222,-351.74015658490976,-0.010337991759641757,2,EMA200_BREAKDOWN,BAR_CLOSE
595,BTCUSDT,2025-02-21 08:00:00,2025-02-21 16:00:00,98228.859885,98054.98798,0.2526053148259942,24813.132076248894,24769.211108946976,-43.92096730191851,39.665874548156694,-83.5868418500752,-0.003368653404705988,2,EMA200_BREAKDOWN,BAR_CLOSE
596,BNBUSDT,2025-02-21 08:00:00,2025-02-21 20:00:00,656.06787,639.24022,51.32485262267225,33672.586738220496,32808.91008198459,-863.6766562359081,53.185197456164076,-916.8618536920721,-0.02722873240538353,3,EMA200_BREAKDOWN,BAR_CLOSE
597,BNBUSDT,2025-02-22 08:00:00,2025-02-23 16:00:00,655.06737,648.5055850000001,50.00477286555355,32756.495048485525,32428.374479967937,-328.1205685175899,52.147895622762775,-380.26846414035265,-0.011608948502502684,8,EMA200_BREAKDOWN,BAR_CLOSE
598,BNBUSDT,2025-02-24 00:00:00,2025-02-24 04:00:00,658.739205,644.8274250000001,49.149262354675024,32376.54600985505,31692.792284814535,-683.7537250405164,51.255470635735676,-735.0091956762521,-0.022701902650533623,1,EMA200_BREAKDOWN,BAR_CLOSE
599,BTCUSDT,2025-03-03 00:00:00,2025-03-03 04:00:00,94317.124995,92663.62501,0.26219645105442896,24729.615447345976,24296.073619460425,-433.5418278855521,39.22055125344512,-472.76237913899723,-0.019117255589582365,1,EMA200_BREAKDOWN,BAR_CLOSE
600,BNBUSDT,2025-03-15 20:00:00,2025-03-16 08:00:00,611.82576,604.6575200000001,51.717590677945914,31642.154221903173,31271.4301197019,-370.72410220127153,50.33086747328406,-421.0549696745556,-0.013306773196342462,3,EMA200_BREAKDOWN,BAR_CLOSE
601,BTCUSDT,2025-03-24 12:00:00,2025-03-25 04:00:00,87733.36476,86477.629555,0.27648831496389836,24257.25018860546,23910.054077734167,-347.1961108712927,38.5338434130717,-385.7299542843644,-0.01590163564646566,4,EMA200_BREAKDOWN,BAR_CLOSE
602,SOLUSDT,2025-03-25 16:00:00,2025-03-26 00:00:00,145.35263999999998,143.56817999999998,1956.1156420192433,284326.5727127919,280835.96259423427,-3490.6101185576504,452.13002824562096,-3942.7401468032713,-0.013866942189698073,2,EMA200_BREAKDOWN,BAR_CLOSE
603,BTCUSDT,2025-03-25 12:00:00,2025-03-26 04:00:00,87414.12522,87109.92325,0.27308909386673025,23871.84424748269,23788.77000714292,-83.07424033977279,38.128491403700494,-121.20273174347328,-0.005077225307225864,4,EMA200_BREAKDOWN,BAR_CLOSE
604,BTCUSDT,2025-03-26 08:00:00,2025-03-26 16:00:00,88184.52022499999,86709.14374000001,0.2693300736391673,23750.743326033884,23353.380068683346,-397.3632573505381,37.68329871577379,-435.0465560663119,-0.018317176439250415,2,EMA200_BREAKDOWN,BAR_CLOSE
605,SOLUSDT,2025-03-26 08:00:00,2025-03-26 16:00:00,144.57225,139.26033500000003,1939.425750569089,280387.144467712,270085.07973187784,-10302.064735834145,440.3777793596719,-10742.442515193816,-0.038312892467260974,2,EMA200_BREAKDOWN,BAR_CLOSE
606,BTCUSDT,2025-03-27 04:00:00,2025-03-27 12:00:00,87714.005085,86900.038245,0.2658191492507957,23316.062209074666,23099.69423614751,-216.36797292715687,37.132605156177746,-253.50057808333463,-0.010872358111339728,2,EMA200_BREAKDOWN,BAR_CLOSE
607,BTCUSDT,2025-03-28 00:00:00,2025-03-28 04:00:00,87275.62600499998,86743.776415,0.2642521815902606,23062.774571476926,22922.232157041544,-140.54241443538126,36.788005382814774,-177.33041981819605,-0.007689032352486803,1,EMA200_BREAKDOWN,BAR_CLOSE
608,BNBUSDT,2025-03-17 04:00:00,2025-03-29 04:00:00,625.762725,612.71349,49.893436746976484,31221.45293840314,30570.381757334206,-651.0711810689351,49.43346775658988,-700.5046488255249,-0.022436644771386897,72,EMA200_BREAKDOWN,BAR_CLOSE
609,BTCUSDT,2025-04-02 16:00:00,2025-04-03 00:00:00,86801.048835,82475.02186000001,0.2636557209431256,22885.59310921138,21745.011348298347,-1140.5817609130302,35.70448356600778,-1176.286244479038,-0.051398547499544006,2,EMA200_BREAKDOWN,BAR_CLOSE
610,BNBUSDT,2025-04-12 16:00:00,2025-04-12 20:00:00,599.529615,595.9518750000001,50.909139348324985,30521.53671348263,30339.397049270556,-182.13966421207363,48.68874701020255,-230.82841122227617,-0.007562804369555537,1,EMA200_BREAKDOWN,BAR_CLOSE
611,BTCUSDT,2025-04-12 16:00:00,2025-04-13 16:00:00,85050.90419999999,83807.73517000001,0.25526236492589455,21710.294945177695,21392.96067857727,-317.3342666004241,34.482604499003976,-351.81687109942806,-0.016205071003771592,6,EMA200_BREAKDOWN,BAR_CLOSE
612,BTCUSDT,2025-04-13 20:00:00,2025-04-14 00:00:00,84023.31066,83718.12000000001,0.25420057163277204,21358.773600249988,21281.19396002101,-77.57964022898118,34.1119740482168,-111.69161427719797,-0.005229308403544795,1,EMA200_BREAKDOWN,BAR_CLOSE
613,BTCUSDT,2025-04-14 04:00:00,2025-04-15 20:00:00,84608.32302,83956.51074499999,0.25112394441273006,21247.17580692879,21083.490137414152,-163.6856695146361,33.86453275547436,-197.55020227011045,-0.009297715803042799,10,EMA200_BREAKDOWN,BAR_CLOSE
614,SOLUSDT,2025-04-12 16:00:00,2025-04-15 20:00:00,130.535235,127.82605500000001,2065.754319929258,269653.7256042309,264057.22531576495,-5596.500288465925,426.96876073599674,-6023.469049201922,-0.022337792795945013,19,EMA200_BREAKDOWN,BAR_CLOSE
615,BTCUSDT,2025-04-16 12:00:00,2025-04-17 00:00:00,84090.38418,83988.36481000001,0.25032340798646335,21049.791546828583,21024.253710449557,-25.537836379026945,33.65923620582251,-59.19707258484945,-0.0028122403232904336,3,EMA200_BREAKDOWN,BAR_CLOSE
616,BTCUSDT,2025-04-17 08:00:00,2025-04-20 12:00:00,84712.31498999998,84087.75509,0.247787399060722,20990.644199784707,20835.88612660609,-154.75807317861927,33.46122426111264,-188.21929743973192,-0.00896681853345227,19,EMA200_BREAKDOWN,BAR_CLOSE
617,ETHUSDT,2025-04-23 00:00:00,2025-04-24 08:00:00,1757.128125,1755.371875,17.21948140468593,30256.83507408815,30226.593359871174,-30.241714216978096,48.38674274716746,-78.62845696414556,-0.002598700649675111,8,EMA200_BREAKDOWN,BAR_CLOSE
618,ETHUSDT,2025-04-24 16:00:00,2025-04-28 16:00:00,1765.5023099999999,1762.388365,17.093306813644364,30178.272665027864,30125.045047742053,-53.2276172858109,48.242654170215935,-101.47027145602684,-0.003362361808521129,24,EMA200_BREAKDOWN,BAR_CLOSE
619,ETHUSDT,2025-04-28 20:00:00,2025-04-30 16:00:00,1798.068585,1763.847635,16.72733058099664,30076.887628599856,29504.4624851541,-572.4251434457553,47.66508009100317,-620.0902235367585,-0.020616834799991737,11,EMA200_BREAKDOWN,BAR_CLOSE
620,BNBUSDT,2025-04-21 04:00:00,2025-04-30 16:00:00,602.5611299999999,596.78146,50.270255896071134,30290.902198125783,30000.356708230942,-290.5454898948402,48.23300712508538,-338.77849701992557,-0.011184166612273672,57,EMA200_BREAKDOWN,BAR_CLOSE
621,BNBUSDT,2025-05-01 00:00:00,2025-05-02 08:00:00,600.17994,595.3921550000001,49.905713734856505,29952.40827504335,29713.47044740932,-238.93782763403354,47.732702977962134,-286.6705306119957,-0.009570867490172818,8,EMA200_BREAKDOWN,BAR_CLOSE
622,BNBUSDT,2025-05-02 16:00:00,2025-05-03 08:00:00,600.0498749999999,597.1812600000001,49.4391879469637,29665.97854767707,29524.1565515446,-141.82199613247252,47.35210807937733,-189.17410421184985,-0.0063768031082414006,4,EMA200_BREAKDOWN,BAR_CLOSE
623,BNBUSDT,2025-05-03 16:00:00,2025-05-04 08:00:00,598.9893450000001,596.791455,49.21116476573178,29476.96334971276,29368.802622785806,-108.16072692695568,47.076612777998854,-155.23733970495454,-0.00526639524781535,4,EMA200_BREAKDOWN,BAR_CLOSE
624,BNBUSDT,2025-05-05 20:00:00,2025-05-06 00:00:00,599.63967,597.311195,48.8991270530403,29321.856409373162,29207.99601450833,-113.86039486482929,46.82388193910519,-160.6842768039345,-0.005480017177649414,1,EMA200_BREAKDOWN,BAR_CLOSE
625,ETHUSDT,2025-04-30 20:00:00,2025-05-06 12:00:00,1787.5933499999999,1769.0350400000002,16.47875803568573,29457.318280850868,29151.50038080963,-305.8179000412413,46.8870549293284,-352.7049549705697,-0.01197342377224645,34,EMA200_BREAKDOWN,BAR_CLOSE
626,BNBUSDT,2025-05-06 04:00:00,2025-05-06 12:00:00,599.509605,594.092805,48.64193478161496,29161.307107361743,28897.823475036694,-263.4836323250503,46.44730446591875,-309.93093679096904,-0.0106281565380424,2,EMA200_BREAKDOWN,BAR_CLOSE
627,SOLUSDT,2025-04-16 16:00:00,2025-05-30 08:00:00,128.4642,162.59866000000002,2052.208446158777,263635.3162690304,333686.3433860993,70051.02711706897,477.8573277241038,69573.16978934486,0.2638992786472808,262,EMA200_BREAKDOWN,BAR_CLOSE
628,BTCUSDT,2025-04-20 16:00:00,2025-06-05 20:00:00,84386.82232499999,101863.80262,0.2465145911815187,20802.583006554825,25110.913659064212,4308.330652509387,36.73079733249523,4271.599855176892,0.20533987792914585,277,EMA200_BREAKDOWN,BAR_CLOSE
629,BNBUSDT,2025-05-06 16:00:00,2025-06-05 20:00:00,598.8392699999999,644.1777500000001,48.179266053406415,28851.636512557678,31036.01120293473,2184.3746903770516,47.91011817239393,2136.4645722046575,0.0740500307937389,181,EMA200_BREAKDOWN,BAR_CLOSE
630,ETHUSDT,2025-05-06 20:00:00,2025-06-06 00:00:00,1785.6924,2412.81299,16.298949134824383,29104.909598042475,39326.316195853535,10221.406597811056,54.74498063511681,10166.66161717594,0.34931088113943926,181,EMA200_BREAKDOWN,BAR_CLOSE
631,BNBUSDT,2025-06-07 20:00:00,2025-06-08 00:00:00,652.3660199999999,650.4945900000001,47.498345261026444,30986.30645452168,30897.416626249844,-88.88982827183344,49.50697846461722,-138.39680673645066,-0.0044663860450607235,1,EMA200_BREAKDOWN,BAR_CLOSE
632,BNBUSDT,2025-06-08 16:00:00,2025-06-09 08:00:00,652.16592,649.0753,47.30088610135115,30848.02590110289,30701.83683650033,-146.18906460256065,49.239890190082576,-195.42895479264322,-0.006335217540959604,4,EMA200_BREAKDOWN,BAR_CLOSE
633,SOLUSDT,2025-06-10 00:00:00,2025-06-10 04:00:00,161.24058,159.10041,2066.1674908124996,333150.0445957521,328728.09491693997,-4421.949678812153,529.5025116101538,-4951.4521904223075,-0.014862528973785531,1,EMA200_BREAKDOWN,BAR_CLOSE
634,SOLUSDT,2025-06-10 12:00:00,2025-06-10 16:00:00,160.93042499999999,157.950985,2039.407723090086,328202.7516251698,322126.45867868635,-6076.29294648349,520.263368243085,-6596.556314726575,-0.020099028061350006,1,EMA200_BREAKDOWN,BAR_CLOSE
635,SOLUSDT,2025-06-10 20:00:00,2025-06-12 08:00:00,163.69180500000002,158.72060000000002,1964.739385809495,321611.7364177476,311844.61415931454,-9767.122258433086,506.76508046164975,-10273.887338894736,-0.03194500130290577,9,EMA200_BREAKDOWN,BAR_CLOSE
636,BTCUSDT,2025-06-06 12:00:00,2025-06-13 04:00:00,103979.953995,104225.08139,0.24110988469045602,25070.59471785337,25129.697355796296,59.10263794292263,40.160233658919736,18.94240428400289,0.0007555626221548526,40,EMA200_BREAKDOWN,BAR_CLOSE
637,BNBUSDT,2025-06-09 12:00:00,2025-06-13 04:00:00,655.8377549999999,649.0053350000001,46.73832952272209,30652.76110663227,30333.425209234643,-319.33589739762954,48.78894905269354,-368.12484645032305,-0.01200951670127598,22,EMA200_BREAKDOWN,BAR_CLOSE
638,BNBUSDT,2025-06-13 08:00:00,2025-06-13 16:00:00,655.337505,653.163255,46.21274572871115,30284.94548505297,30184.467422652324,-100.47806240064631,48.37553032616424,-148.85359272681055,-0.004915101887843144,2,EMA200_BREAKDOWN,BAR_CLOSE
639,BNBUSDT,2025-06-14 00:00:00,2025-06-14 04:00:00,655.677675,651.0243250000001,45.96193843162961,30136.216929344053,29922.33994314323,-213.87698620082054,48.04684549798983,-261.9238316988104,-0.008691330843314029,1,EMA200_BREAKDOWN,BAR_CLOSE
640,SOLUSDT,2025-06-16 20:00:00,2025-06-17 00:00:00,157.87890000000002,150.65463499999998,1972.058832080902,311346.47914421756,297099.80354567454,-14246.675598542999,486.7570261519137,-14733.432624694913,-0.04732166127329257,1,EMA200_BREAKDOWN,BAR_CLOSE
641,BNBUSDT,2025-06-16 08:00:00,2025-06-17 00:00:00,656.157915,650.41463,45.529456295080834,29874.513113663867,29613.02447026617,-261.488643397694,47.59003006714403,-309.078673464838,-0.010345898267492534,4,EMA200_BREAKDOWN,BAR_CLOSE
642,BTCUSDT,2025-06-13 08:00:00,2025-06-17 16:00:00,104947.45750499998,104189.49919,0.23906745153232936,25089.521210517778,24908.318047782996,-181.20316273478414,39.99827140664062,-221.20143414142476,-0.008816486862598833,26,EMA200_BREAKDOWN,BAR_CLOSE
643,ETHUSDT,2025-06-06 04:00:00,2025-06-17 16:00:00,2456.9278499999996,2497.7604950000004,15.980538956184649,39263.03121945999,39915.55889356656,652.5276741065721,63.34287209042124,589.1848020161509,0.015006095650713092,69,EMA200_BREAKDOWN,BAR_CLOSE
644,BNBUSDT,2025-06-17 04:00:00,2025-06-17 16:00:00,656.7281999999999,645.95686,45.019680997838584,29565.694066284734,29080.771775565478,-484.92229071925397,46.91717267348017,-531.8394633927342,-0.01798839770851914,3,EMA200_BREAKDOWN,BAR_CLOSE
645,BTCUSDT,2025-06-18 04:00:00,2025-06-18 16:00:00,105237.43242,104748.609495,0.23630855498575298,24868.50558558103,24752.992546530375,-115.5130390506592,39.69719850568913,-155.21023755634832,-0.006241237014512867,3,EMA200_BREAKDOWN,BAR_CLOSE
646,ETHUSDT,2025-06-17 20:00:00,2025-06-18 16:00:00,2529.62418,2507.70552,15.754008607809263,39851.72110624245,39506.414347930804,-345.3067583116417,63.4865083633386,-408.7932666749803,-0.010257857260045569,5,EMA200_BREAKDOWN,BAR_CLOSE
647,BTCUSDT,2025-06-19 00:00:00,2025-06-19 08:00:00,104939.23339499999,104590.52857500002,0.23550225139915829,24713.425724624234,24631.304954440504,-82.12077018373115,39.47578454325179,-121.59655472698294,-0.00492026302148088,2,EMA200_BREAKDOWN,BAR_CLOSE
648,ETHUSDT,2025-06-19 00:00:00,2025-06-19 16:00:00,2526.2625,2491.723515,15.613290869777574,39443.27122591146,38904.004006759584,-539.2672191518797,62.67782018613684,-601.9450393380165,-0.015261032379651636,4,EMA200_BREAKDOWN,BAR_CLOSE
649,BTCUSDT,2025-06-20 08:00:00,2025-06-20 16:00:00,105864.64587,104165.891,0.23229597670596944,24591.931311003224,24197.31738929255,-394.6139217106698,39.03139896023662,-433.6453206709064,-0.017633642318969862,2,EMA200_BREAKDOWN,BAR_CLOSE
650,ETHUSDT,2025-06-20 00:00:00,2025-06-20 16:00:00,2522.390565,2492.5331100000003,15.398817439045763,38841.8318204065,38382.06232166698,-459.76949873952174,61.779115313658785,-521.5486140531805,-0.013427497870457598,4,EMA200_BREAKDOWN,BAR_CLOSE
651,BNBUSDT,2025-06-25 04:00:00,2025-06-25 08:00:00,648.5241,644.8274250000001,44.769810941553665,29034.30134804124,28868.801907178877,-165.49944086236403,46.322482604176095,-211.8219234665401,-0.007295575014097261,1,EMA200_BREAKDOWN,BAR_CLOSE
652,BNBUSDT,2025-06-25 12:00:00,2025-06-25 16:00:00,647.733705,642.168755,44.49769578532341,28822.657354990417,28575.029902829883,-247.62745216053344,45.91814980625624,-293.54560196678966,-0.010184543303949195,1,EMA200_BREAKDOWN,BAR_CLOSE
653,BNBUSDT,2025-06-25 20:00:00,2025-06-26 00:00:00,647.913795,645.7369699999999,44.0326453171587,28529.358331329277,28433.506968186746,-95.85136314252935,45.570292239612826,-141.42165538214218,-0.004957056998609084,1,EMA200_BREAKDOWN,BAR_CLOSE
654,ETHUSDT,2025-06-26 04:00:00,2025-06-26 12:00:00,2490.0343949999997,2449.124825,15.389635333607156,38320.72130718912,37691.13794323444,-629.5833639546723,60.80948740033885,-690.3928513550112,-0.018016175787001452,2,EMA200_BREAKDOWN,BAR_CLOSE
655,BNBUSDT,2025-06-26 04:00:00,2025-06-26 12:00:00,648.914295,644.167755,43.747002784300896,28388.055470137653,28180.40857154186,-207.64689859579477,45.25477123334362,-252.90166982913837,-0.008908735228278461,2,EMA200_BREAKDOWN,BAR_CLOSE
656,BNBUSDT,2025-06-28 08:00:00,2025-06-28 12:00:00,647.333505,646.046815,43.46347905738507,28135.366237711172,28079.44221384283,-55.924023868342786,44.97184676124321,-100.895870629586,-0.003586086983092136,1,EMA200_BREAKDOWN,BAR_CLOSE
657,SOLUSDT,2025-06-28 20:00:00,2025-06-29 04:00:00,150.74533499999998,149.395265,1967.7253866789802,296625.42260292737,293968.8555901337,-2656.5670127936673,472.47542255444887,-3129.042435348116,-0.010548800598041646,2,EMA200_BREAKDOWN,BAR_CLOSE
658,ETHUSDT,2025-06-30 00:00:00,2025-06-30 12:00:00,2501.340045,2457.2807450000005,15.044299339088553,37630.90838582923,36968.06708795854,-662.8412978706958,59.679180379030214,-722.520478249726,-0.01920018700696068,3,EMA200_BREAKDOWN,BAR_CLOSE
659,ETHUSDT,2025-06-30 16:00:00,2025-07-01 08:00:00,2476.007385,2463.7974850000005,14.906657810627348,36908.99482478124,36726.98602357927,-182.0088012019696,58.90878467868842,-240.917585880658,-0.006527340747814199,4,EMA200_BREAKDOWN,BAR_CLOSE
660,SOLUSDT,2025-06-29 08:00:00,2025-07-01 08:00:00,150.405165,149.98497,1951.3891598285531,293499.0085632249,292679.04459521075,-819.9639680141721,468.94244252674855,-1288.9064105409207,-0.004391518788600157,12,EMA200_BREAKDOWN,BAR_CLOSE
661,BNBUSDT,2025-06-28 20:00:00,2025-07-01 16:00:00,647.893785,645.65701,43.270294867256546,28034.555119612916,27937.769205811208,-96.78591380170629,44.7778594603393,-141.56377326204557,-0.00504961725477883,17,EMA200_BREAKDOWN,BAR_CLOSE
662,SOLUSDT,2025-07-02 16:00:00,2025-07-03 16:00:00,151.38565499999999,150.10491000000002,1930.243554675434,292211.1848340689,289739.0350526362,-2472.1497814327263,465.56017590936403,-2937.70995734209,-0.010053379575495233,6,EMA200_BREAKDOWN,BAR_CLOSE
663,SOLUSDT,2025-07-03 20:00:00,2025-07-04 12:00:00,151.88590499999998,150.14489,1904.56081196666,289275.9425530909,285960.07361104485,-3315.8689420460887,460.18881293130863,-3776.0577549773975,-0.013053480084277579,4,EMA200_BREAKDOWN,BAR_CLOSE
664,SOLUSDT,2025-07-06 16:00:00,2025-07-07 20:00:00,151.605765,148.88552,1883.193931883974,285503.05668662774,280380.30780939007,-5122.748877237678,452.70669159681427,-5575.455568834493,-0.019528531965786248,7,EMA200_BREAKDOWN,BAR_CLOSE
665,SOLUSDT,2025-07-08 12:00:00,2025-07-08 16:00:00,151.38565499999999,149.76508,1849.1334895665716,279932.2845004711,276935.6249956168,-2996.6595048542986,445.49432759687033,-3442.153832451169,-0.012296380314237661,1,EMA200_BREAKDOWN,BAR_CLOSE
666,SOLUSDT,2025-07-08 20:00:00,2025-08-01 00:00:00,151.705815,172.13389,1822.560473883214,276493.0220772392,313724.42412976106,37231.40205252185,472.1739569656002,36759.22809555625,0.13294812223249328,139,EMA200_BREAKDOWN,BAR_CLOSE
667,BTCUSDT,2025-06-24 00:00:00,2025-08-01 20:00:00,105386.60697,113272.005665,0.22923833442402056,24158.650252401676,25966.28591551282,1807.6356631111478,40.0999489343316,1767.535714176816,0.0731636782564498,233,EMA200_BREAKDOWN,BAR_CLOSE
668,BNBUSDT,2025-07-02 04:00:00,2025-08-02 20:00:00,649.914795,736.941345,42.918103226008895,27893.11025992041,31628.124716223832,3735.0144563034214,47.6169879809154,3687.397468322506,0.132197429184544,190,EMA200_BREAKDOWN,BAR_CLOSE
669,BTCUSDT,2025-08-04 16:00:00,2025-08-04 20:00:00,114883.42300499999,114720.23119,0.22566094009446666,25924.701236578574,25887.875218189958,-36.82601838861862,41.45006116381482,-78.27607955243344,-0.003019362840023377,1,EMA200_BREAKDOWN,BAR_CLOSE
670,BTCUSDT,2025-08-05 00:00:00,2025-08-05 04:00:00,115112.557515,114199.72157500002,0.22453233137110162,25846.490908932974,25641.52972716545,-204.96118176752552,41.19041650887874,-246.15159827640426,-0.009523598353977336,1,EMA200_BREAKDOWN,BAR_CLOSE
671,BTCUSDT,2025-08-05 12:00:00,2025-08-05 16:00:00,114884.483535,112877.53300000001,0.2228372822009494,25600.54607799912,25153.32267526798,-447.22340273114054,40.603095002613685,-487.8264977337542,-0.019055316095502664,1,EMA200_BREAKDOWN,BAR_CLOSE
672,SOLUSDT,2025-08-05 12:00:00,2025-08-05 16:00:00,170.97544499999998,163.688115,1831.9669963204085,313221.37242119515,299871.2243698996,-13350.148051295546,490.4740774328758,-13840.622128728422,-0.044187987625942254,1,EMA200_BREAKDOWN,BAR_CLOSE
673,BTCUSDT,2025-08-06 16:00:00,2025-08-07 04:00:00,115471.57693499999,114488.756985,0.21748321120321995,25113.129354523466,24899.382515762878,-213.74683876058592,40.010009496229074,-253.75684825681498,-0.010104549085640234,3,EMA200_BREAKDOWN,BAR_CLOSE
674,BTCUSDT,2025-08-07 08:00:00,2025-08-18 04:00:00,114845.383995,115261.3405,0.21646133956155775,24859.585662019184,24949.624164290828,90.03850227164578,39.84736786104801,50.19113441059777,0.0020189851549811014,65,EMA200_BREAKDOWN,BAR_CLOSE
675,SOLUSDT,2025-08-07 12:00:00,2025-08-19 16:00:00,172.916415,177.89101,1731.4283112742933,299392.3764150549,308005.5310351784,8613.154620123532,485.9183259601867,8127.2362941633455,0.027145769012155343,73,EMA200_BREAKDOWN,BAR_CLOSE
676,BTCUSDT,2025-08-22 16:00:00,2025-08-23 04:00:00,116428.93537499999,115510.98561500001,0.2139479722600433,24909.734635876874,24713.341146088285,-196.39348978858786,39.69846062557213,-236.09195041415998,-0.0094778990569463,3,EMA200_BREAKDOWN,BAR_CLOSE
677,BTCUSDT,2025-09-09 08:00:00,2025-09-09 12:00:00,113047.60555499999,112377.373205,0.2182606246418614,24673.841002701058,24527.555671334878,-146.28533136618074,39.361117339228755,-185.6464487054095,-0.007524019008029058,1,EMA200_BREAKDOWN,BAR_CLOSE
678,ETHUSDT,2025-07-02 16:00:00,2025-09-22 04:00:00,2500.06941,4303.717065,14.66690463192889,36668.279609672725,63122.20775515991,26453.928145487178,79.83238989186611,26374.095755595314,0.7192618807411432,489,EMA200_BREAKDOWN,BAR_CLOSE
679,BTCUSDT,2025-09-10 16:00:00,2025-09-22 08:00:00,113910.91699499999,112463.74,0.21497808237368027,24488.350497012565,24177.239161772162,-311.1113352404023,38.93247172702779,-350.0438069674301,-0.014294299120315735,70,EMA200_BREAKDOWN,BAR_CLOSE
680,SOLUSDT,2025-08-20 04:00:00,2025-09-22 20:00:00,180.580245,216.99145000000001,1702.9148777084179,307512.7858307311,369517.96854052227,62005.182709791174,541.6246034970027,61463.55810629417,0.19987317906230567,202,EMA200_BREAKDOWN,BAR_CLOSE
681,SOLUSDT,2025-09-23 00:00:00,2025-09-23 04:00:00,220.50019499999996,216.83153000000001,1673.1264774991066,368924.7145482161,362786.57399964187,-6138.140548574172,585.3690308382863,-6723.509579412458,-0.018224611456692578,1,EMA200_BREAKDOWN,BAR_CLOSE
682,SOLUSDT,2025-09-23 08:00:00,2025-09-23 20:00:00,219.1095,214.402745,1653.0860264700996,362206.8527168503,354426.181796332,-7780.6709205182515,573.3064276105458,-8353.977348128798,-0.023064106284757104,3,EMA200_BREAKDOWN,BAR_CLOSE
683,BTCUSDT,2025-09-29 16:00:00,2025-09-30 12:00:00,113872.477785,112998.4725,0.21197923498616164,24138.600726842986,23953.329755154824,-185.27097168816047,38.473544385598245,-223.74451607375872,-0.00926915849869238,5,EMA200_BREAKDOWN,BAR_CLOSE
684,SOLUSDT,2025-10-01 12:00:00,2025-10-08 04:00:00,217.85887499999998,218.19085,1624.262003141685,353859.89270969393,354399.10708818695,539.2143784930068,566.6071998383047,-27.392821345297875,-7.74114894331099e-05,40,EMA200_BREAKDOWN,BAR_CLOSE
685,ETHUSDT,2025-10-01 12:00:00,2025-10-09 16:00:00,4300.3591049999995,4312.62261,14.654641527857557,63020.22112483335,63199.93839448345,179.71726965010058,100.97612761545344,78.74114203464714,0.0012494583584318605,49,EMA200_BREAKDOWN,BAR_CLOSE
686,SOLUSDT,2025-10-08 08:00:00,2025-10-09 16:00:00,221.06047499999997,219.000445,1600.6141437012593,353832.5228983186,350535.2097438698,-3297.3131544488333,563.4941861137506,-3860.8073405625837,-0.010911397598326681,8,EMA200_BREAKDOWN,BAR_CLOSE
687,ETHUSDT,2025-10-10 00:00:00,2025-10-10 04:00:00,4370.274045,4344.94644,14.438201237402877,63098.89612430868,62733.211066457225,-365.68505785145715,100.66568575261273,-466.35074360406986,-0.007390790841813309,1,EMA200_BREAKDOWN,BAR_CLOSE
688,SOLUSDT,2025-10-10 00:00:00,2025-10-10 08:00:00,221.04046499999998,218.020935,1583.3071950691117,349974.9586359221,345194.11506119516,-4780.843574726995,556.1352589576938,-5336.978833684689,-0.015249602012916391,2,EMA200_BREAKDOWN,BAR_CLOSE
689,SOLUSDT,2025-10-10 12:00:00,2025-10-10 16:00:00,221.260575,210.584655,1557.6315973347614,344642.46286445775,328013.31254183967,-16629.150322618112,538.124620325038,-17167.27494294315,-0.04981183920361769,1,EMA200_BREAKDOWN,BAR_CLOSE
690,BTCUSDT,2025-09-30 20:00:00,2025-10-10 20:00:00,114417.169995,116603.16925,0.2090162180834206,23915.04415616273,24371.953453176004,456.9092970132755,38.62959808747099,418.2796989258045,0.017490233185206847,60,EMA200_BREAKDOWN,BAR_CLOSE
691,BNBUSDT,2025-08-03 04:00:00,2025-10-17 08:00:00,744.462045,1062.14866,42.41641400854697,31577.410314369525,45052.5373011834,13475.126986813872,61.30395809244234,13413.82302872143,0.4247917386251708,451,EMA200_BREAKDOWN,BAR_CLOSE
692,BNBUSDT,2025-10-18 08:00:00,2025-10-18 16:00:00,1119.889665,1090.6943800000001,40.164640444062705,44979.96573174683,43807.3476070599,-1172.6181246869287,71.02985067104538,-1243.647975357974,-0.027648931143587067,2,EMA200_BREAKDOWN,BAR_CLOSE
693,BNBUSDT,2025-10-18 20:00:00,2025-10-19 00:00:00,1103.6315399999999,1091.87379,39.63040275261449,43737.362420688165,43271.39805272362,-465.96436796454356,69.60700837872943,-535.571376343273,-0.012245168585884888,1,EMA200_BREAKDOWN,BAR_CLOSE
694,BNBUSDT,2025-10-19 12:00:00,2025-10-21 04:00:00,1101.1002749999998,1081.07919,39.2355191486089,43202.24092430102,42416.7032604076,-785.5376638934208,68.49515534776691,-854.0328192411878,-0.01976825277970243,10,EMA200_BREAKDOWN,BAR_CLOSE
695,BNBUSDT,2025-10-21 16:00:00,2025-10-21 20:00:00,1112.51598,1089.1051750000001,38.065903100670965,42348.925492628,41457.7720579893,-891.153434638694,67.04535804049384,-958.1987926791878,-0.022626283466058397,1,EMA200_BREAKDOWN,BAR_CLOSE
696,BNBUSDT,2025-10-23 08:00:00,2025-10-23 12:00:00,1110.524985,1094.002725,37.27203993247811,41391.53158693465,40775.71325243987,-615.8183344947843,65.73379587149962,-681.5521303662839,-0.016465979977929052,1,EMA200_BREAKDOWN,BAR_CLOSE
697,SOLUSDT,2025-10-27 04:00:00,2025-10-27 12:00:00,204.432165,200.07991,1601.947562569064,327489.60843246675,320517.52414353774,-6972.084288928999,518.4057060608036,-7490.489994989803,-0.022872450917887532,2,EMA200_BREAKDOWN,BAR_CLOSE
698,ETHUSDT,2025-10-27 00:00:00,2025-10-28 04:00:00,4160.539229999999,4092.262845,15.054043154720896,62632.93711532924,61605.101469090914,-1027.8356462383265,99.39043086753612,-1127.2260771058627,-0.017997337008645205,7,EMA200_BREAKDOWN,BAR_CLOSE
699,SOLUSDT,2025-10-28 08:00:00,2025-10-28 12:00:00,202.46118,199.630135,1580.5766342420445,320005.4104490728,315530.72687158495,-4474.683577487796,508.4289098565262,-4983.112487344322,-0.015571963237594568,1,EMA200_BREAKDOWN,BAR_CLOSE
700,ETHUSDT,2025-10-28 08:00:00,2025-10-28 16:00:00,4119.308625,4094.81157,14.931306077637759,61506.65790812813,61140.88488192241,-365.77302620572374,98.11803423204043,-463.89106043776417,-0.007542127571468336,2,EMA200_BREAKDOWN,BAR_CLOSE
701,BTCUSDT,2025-10-26 12:00:00,2025-10-29 00:00:00,113342.73304499999,112841.99078000001,0.21468489285925918,24332.972500141437,24225.470700629812,-107.50179951162325,38.846754560617,-146.34855407224023,-0.006014413326254717,15,EMA200_BREAKDOWN,BAR_CLOSE
702,BNBUSDT,2025-10-23 16:00:00,2025-10-29 00:00:00,1130.514975,1102.898275,36.01062600728299,40710.55196035788,39716.05730510254,-994.4946552553334,64.34128741236833,-1058.8359426677018,-0.02600888201414584,32,EMA200_BREAKDOWN,BAR_CLOSE
703,BTCUSDT,2025-10-29 08:00:00,2025-10-29 16:00:00,113634.68894999998,111453.98513000002,0.21284650930401142,24186.746878854614,23722.5916829417,-464.15519591291604,38.327470849437056,-502.4826667623531,-0.020775124049512053,2,EMA200_BREAKDOWN,BAR_CLOSE
704,BNBUSDT,2025-10-29 08:00:00,2025-10-29 16:00:00,1117.8486449999998,1098.69038,35.472248964332756,39652.60543988202,38973.018694077364,-679.5867458046555,62.90049930716751,-742.487245111823,-0.01872480349967218,2,EMA200_BREAKDOWN,BAR_CLOSE
705,BNBUSDT,2025-10-29 20:00:00,2025-10-30 16:00:00,1107.79362,1076.5914350000003,35.12454051148633,38910.74188405609,37814.77947297671,-1095.9624110793786,61.38041708562625,-1157.342828165005,-0.029743530247086678,5,EMA200_BREAKDOWN,BAR_CLOSE
706,ETHUSDT,2025-12-04 04:00:00,2025-12-04 08:00:00,3211.7250599999998,3188.50495,19.00634561670143,61043.15651618114,60601.82708026331,-441.3294359178203,97.31598687715557,-538.6454227949758,-0.00882400998795325,1,EMA200_BREAKDOWN,BAR_CLOSE
707,ETHUSDT,2025-12-04 16:00:00,2025-12-04 20:00:00,3209.754075,3117.7003700000005,18.850342469162943,60504.96355554131,58769.71969073603,-1735.243864805285,95.41974659702188,-1830.663611402307,-0.030256420363295084,1,EMA200_BREAKDOWN,BAR_CLOSE
708,ETHUSDT,2025-12-09 16:00:00,2025-12-11 16:00:00,3247.50294,3177.65038,18.067986014378352,58675.83770157258,57413.742624424056,-1262.0950771485213,92.8716642607973,-1354.9667414093187,-0.02309241409216394,12,EMA200_BREAKDOWN,BAR_CLOSE
709,ETHUSDT,2025-12-11 20:00:00,2025-12-12 16:00:00,3196.11726,3069.8643,17.934889263801928,57322.009132226034,55057.67627539882,-2264.332856827211,89.9037483260999,-2354.236605153311,-0.04107037839030969,5,EMA200_BREAKDOWN,BAR_CLOSE
710,BTCUSDT,2025-12-29 04:00:00,2025-12-29 08:00:00,90168.611775,89572.90114500001,0.26267107623474717,23684.686297532346,23528.21034522577,-156.4759523065758,37.770317314206494,-194.2462696207823,-0.008201344412191787,1,EMA200_BREAKDOWN,BAR_CLOSE
711,BTCUSDT,2026-01-02 20:00:00,2026-01-03 08:00:00,89942.178615,89532.34143500001,0.26117449628755635,23490.603194778047,23383.564175731637,-107.03901904640935,37.49933389640775,-144.53835294281708,-0.006153028585274809,3,EMA200_BREAKDOWN,BAR_CLOSE
712,SOLUSDT,2026-01-02 20:00:00,2026-01-03 08:00:00,131.69581499999998,130.024955,2392.0766485724535,315026.4837762178,311029.6585871841,-3996.825189033713,500.8449138907215,-4497.670102924434,-0.014277117431559815,3,EMA200_BREAKDOWN,BAR_CLOSE
713,BTCUSDT,2026-01-03 12:00:00,2026-01-08 12:00:00,89797.62637499999,90181.65661500001,0.25998667444233653,23346.186254051696,23446.028999034592,99.84274498289805,37.43377220246903,62.408972780429025,0.0026731977592099453,30,EMA200_BREAKDOWN,BAR_CLOSE
714,BTCUSDT,2026-01-08 16:00:00,2026-01-09 20:00:00,90826.960785,90286.97393000001,0.2577268093193854,23408.542803294993,23269.373714081434,-139.16908921355846,37.34233321390114,-176.5114224274596,-0.0075404703278930205,7,EMA200_BREAKDOWN,BAR_CLOSE
715,SOLUSDT,2026-01-03 12:00:00,2026-01-19 04:00:00,130.775355,133.86303500000002,2374.54978972284,310532.59171617974,317864.4416109113,7331.849894731501,502.71762666167285,6829.132268069829,0.021991676398049425,94,EMA200_BREAKDOWN,BAR_CLOSE
716,BTCUSDT,2026-01-10 00:00:00,2026-01-20 08:00:00,90686.590635,91132.401005,0.2561809798757175,23232.179650462363,23346.38778788772,114.20813742535783,37.26285395068007,76.94528347467777,0.0033120131056298204,62,EMA200_BREAKDOWN,BAR_CLOSE
717,ETHUSDT,2026-01-02 12:00:00,2026-01-20 08:00:00,3049.333905,3121.808315,18.026805787220294,54969.750085821055,56276.23219943444,1306.482113613381,88.9967858282044,1217.4853277851767,0.022148278387374657,107,EMA200_BREAKDOWN,BAR_CLOSE
718,BNBUSDT,2026-01-02 16:00:00,2026-01-20 20:00:00,878.439,895.2521500000001,42.978933339556576,37754.371223866736,38476.98247694471,722.6112530779733,60.98508296064916,661.6261701173241,0.017524491831533186,109,EMA200_BREAKDOWN,BAR_CLOSE
719,BNBUSDT,2026-01-28 00:00:00,2026-01-29 12:00:00,898.799175,893.83286,42.740851011574605,38415.44162800117,38203.17709850962,-212.2645294915485,61.29489498120864,-273.55942447275714,-0.007121079776247023,9,EMA200_BREAKDOWN,BAR_CLOSE
720,ETHUSDT,2026-03-04 16:00:00,2026-03-05 00:00:00,2151.305115,2126.2163600000003,26.117268226701956,56186.2127259309,55530.9629821219,-655.2497438090037,89.37374056644225,-744.623484375446,-0.013252779431986692,2,EMA200_BREAKDOWN,BAR_CLOSE
721,SOLUSDT,2026-03-04 16:00:00,2026-03-05 00:00:00,92.98647,90.81457,3412.926499018023,317355.98751314444,309943.4524499272,-7412.535063217223,501.83955197045736,-7914.37461518768,-0.024938475801909606,2,EMA200_BREAKDOWN,BAR_CLOSE
722,SOLUSDT,2026-03-05 12:00:00,2026-03-05 16:00:00,91.88592,89.565195,3367.744056680648,309448.2609726335,301632.6531466933,-7815.607825940183,488.86473129546147,-8304.472557235644,-0.02683638463869106,1,EMA200_BREAKDOWN,BAR_CLOSE
723,BTCUSDT,2026-03-04 16:00:00,2026-03-05 20:00:00,73433.568435,70882.62096,0.31741696334056035,23309.060299898923,22499.346298743156,-809.714001155768,36.646725278913664,-846.3607264346816,-0.03631037525945873,7,EMA200_BREAKDOWN,BAR_CLOSE
724,BTCUSDT,2026-03-10 12:00:00,2026-03-10 20:00:00,70616.240475,70008.608185,0.3181054438097294,22463.41051647445,22270.11937719088,-193.29113928357032,35.78682391493227,-229.07796319850257,-0.010197826506820903,2,EMA200_BREAKDOWN,BAR_CLOSE
725,BTCUSDT,2026-03-11 20:00:00,2026-03-12 00:00:00,70677.130905,70156.76407,0.314592919860476,22234.524978765035,22070.821256743835,-163.70372202120248,35.4442769884071,-199.14799900960958,-0.008956701310228342,1,EMA200_BREAKDOWN,BAR_CLOSE
726,ETHUSDT,2026-03-13 04:00:00,2026-03-13 08:00:00,2119.91943,2098.3303100000003,26.152982014643047,55442.21472528234,54877.59485821038,-564.619867071961,88.25584766679418,-652.8757147387553,-0.011775787059982577,1,EMA200_BREAKDOWN,BAR_CLOSE
727,SOLUSDT,2026-03-13 04:00:00,2026-03-13 08:00:00,89.74485,88.63566000000002,3355.632820962383,301150.7641723459,297428.7298036627,-3722.0343686832116,478.8635951808069,-4200.8979638640185,-0.0139494846556653,1,EMA200_BREAKDOWN,BAR_CLOSE
728,SOLUSDT,2026-03-13 12:00:00,2026-03-13 20:00:00,90.36515999999999,88.865545,3286.1491637127806,296953.39496277156,292025.43638463045,-4927.958578141113,471.1830650779216,-5399.141643219034,-0.018181781164333593,2,EMA200_BREAKDOWN,BAR_CLOSE
729,ETHUSDT,2026-03-13 12:00:00,2026-03-14 00:00:00,2122.08051,2091.163895,25.81894851206374,54789.88742614396,53991.65293529167,-798.2344908522882,87.0252322891485,-885.2597231414368,-0.016157356124061308,3,EMA200_BREAKDOWN,BAR_CLOSE
730,ETHUSDT,2026-03-14 04:00:00,2026-03-14 08:00:00,2102.200575,2076.4212700000003,25.642353999056425,53905.371321169965,53244.329256510326,-661.0420646596342,85.71976046214424,-746.7618251217784,-0.013853198796694064,1,EMA200_BREAKDOWN,BAR_CLOSE
731,BNBUSDT,2026-03-13 04:00:00,2026-03-14 08:00:00,661.900785,651.863905,57.62511974274961,38142.11199344497,37563.73558160136,-578.3764118436085,60.56467806003706,-638.9410899036455,-0.016751591784258113,7,EMA200_BREAKDOWN,BAR_CLOSE
732,ETHUSDT,2026-03-15 08:00:00,2026-03-15 16:00:00,2106.6928199999998,2092.743105,25.233501662563828,53159.23677598128,52807.23661933649,-352.0001566447851,84.77317871625422,-436.7733353610393,-0.00821632065941144,2,EMA200_BREAKDOWN,BAR_CLOSE
733,SOLUSDT,2026-03-16 00:00:00,2026-03-18 16:00:00,92.356155,89.31532,3156.89613321963,291558.7885985328,281959.1883452739,-9599.600253258917,458.8143815550454,-10058.414634813962,-0.034498753006770376,16,EMA200_BREAKDOWN,BAR_CLOSE
734,BNBUSDT,2026-03-15 00:00:00,2026-03-18 16:00:00,658.02885,648.4955900000001,56.994017228966236,37503.70761405684,36960.36882936863,-543.3387846882105,59.57126115474038,-602.9100458429508,-0.016076011791884087,22,EMA200_BREAKDOWN,BAR_CLOSE
735,BTCUSDT,2026-03-13 00:00:00,2026-03-18 20:00:00,70576.61067,71036.84381,0.31222162774446244,22035.544264074593,22179.239004187344,143.69474011274855,35.37182661460955,108.322913498139,0.004915826548234712,35,EMA200_BREAKDOWN,BAR_CLOSE
736,BTCUSDT,2026-03-19 00:00:00,2026-03-19 08:00:00,71282.173275,70156.06442000001,0.31064956592859155,22143.776186325398,21793.95095933131,-349.82522699408827,35.15018171652537,-384.97540871061364,-0.01738526462114218,2,EMA200_BREAKDOWN,BAR_CLOSE
737,SOLUSDT,2026-03-19 00:00:00,2026-03-19 08:00:00,90.11503499999999,89.365295,3123.882968386042,281508.82303201203,279166.72301529435,-2342.1000167177153,448.54043683784516,-2790.6404535555603,-0.009913154491922337,2,EMA200_BREAKDOWN,BAR_CLOSE
738,ETHUSDT,2026-03-15 20:00:00,2026-03-19 16:00:00,2114.5467449999996,2117.750595,24.93339551603147,52722.830330221936,52802.71318944598,79.88285922404565,84.42043481573434,-4.537575591688693,-8.606471927376119e-05,23,EMA200_BREAKDOWN,BAR_CLOSE
739,ETHUSDT,2026-03-19 20:00:00,2026-03-20 20:00:00,2142.2505899999996,2131.843545,24.608837459203944,52718.29656619374,52462.19128735813,-256.1052788356081,84.1443902828415,-340.24966911844956,-0.006454109697782588,6,EMA200_BREAKDOWN,BAR_CLOSE
740,SOLUSDT,2026-03-21 00:00:00,2026-03-21 16:00:00,89.89492499999999,89.78508500000001,3100.5145920800046,278720.52671643754,278379.9661936436,-340.5605227939966,445.6803943280649,-786.2409171220615,-0.0028208934820289034,4,EMA200_BREAKDOWN,BAR_CLOSE
741,ETHUSDT,2026-03-21 00:00:00,2026-03-22 00:00:00,2147.283105,2083.81757,24.39283976334241,52378.33270679735,50830.22808104756,-1548.1046257497949,82.56684863027593,-1630.6714743800708,-0.031132557874803294,6,EMA200_BREAKDOWN,BAR_CLOSE
742,ETHUSDT,2026-03-23 12:00:00,2026-03-23 16:00:00,2135.84739,2127.39577,23.760607257832106,50749.03099645576,50548.21537294333,-200.8156235124347,81.03779709551927,-281.853420607954,-0.0055538680261232615,1,EMA200_BREAKDOWN,BAR_CLOSE
743,BTCUSDT,2026-03-24 00:00:00,2026-03-24 04:00:00,70941.90322499999,70507.62855,0.306717513455294,21759.1241569581,21625.924508485496,-133.19964847260388,34.70803893235488,-167.90768740495878,-0.0077166565250405775,1,EMA200_BREAKDOWN,BAR_CLOSE
744,BTCUSDT,2026-03-24 08:00:00,2026-03-24 16:00:00,71327.34585,69838.10347999999,0.30270799024846323,21591.357512010563,21140.551947195003,-450.80556481556044,34.18552756736446,-484.9910923829249,-0.022462278812860205,2,EMA200_BREAKDOWN,BAR_CLOSE
745,ETHUSDT,2026-03-23 20:00:00,2026-03-24 20:00:00,2155.527225,2115.80157,23.41302570776907,50467.41433272112,49537.31655094816,-930.0977817729586,80.00378470693542,-1010.101566479894,-0.02001492606339024,6,EMA200_BREAKDOWN,BAR_CLOSE
746,SOLUSDT,2026-03-23 16:00:00,2026-03-24 20:00:00,90.00497999999999,88.485735,3087.995200284317,277934.9462416859,273243.52497363003,-4691.421268055897,440.9427769722528,-5132.364045028149,-0.018466062344550088,7,EMA200_BREAKDOWN,BAR_CLOSE
747,BTCUSDT,2026-03-25 08:00:00,2026-03-26 08:00:00,70962.34344,70052.39628,0.2974362568788531,21106.773812145235,20836.122534917293,-270.6512772279417,33.554317077650026,-304.2055943055917,-0.014412699781268613,6,EMA200_BREAKDOWN,BAR_CLOSE
748,ETHUSDT,2026-03-25 00:00:00,2026-03-26 08:00:00,2157.2981099999997,2122.57818,22.92597440395341,49458.16125155707,48662.17302507001,-795.9882264870485,78.49626742130167,-874.4844939083501,-0.01768129812712799,8,EMA200_BREAKDOWN,BAR_CLOSE
749,SOLUSDT,2026-03-25 00:00:00,2026-03-26 08:00:00,90.8454,89.05545,3002.9797147951977,272806.89338245563,267431.70984195796,-5375.183540497678,432.1908825795309,-5807.374423077209,-0.02128749149654253,8,EMA200_BREAKDOWN,BAR_CLOSE
750,ETHUSDT,2026-04-01 00:00:00,2026-04-01 04:00:00,2106.4827149999996,2101.858545,23.064234507437483,48584.41132462359,48477.75838334134,-106.65294128224784,77.64973576637195,-184.30267704861978,-0.0037934529208798165,1,EMA200_BREAKDOWN,BAR_CLOSE
751,ETHUSDT,2026-04-01 08:00:00,2026-04-02 04:00:00,2132.0654999999997,2055.301835,22.70111469925464,48400.263461823684,46657.64269792354,-1742.6207639001473,76.04632492779778,-1818.667088827945,-0.037575561758304094,5,EMA200_BREAKDOWN,BAR_CLOSE
752,BTCUSDT,2026-04-06 04:00:00,2026-04-07 00:00:00,69158.25184499999,68819.23317,0.30080031226299525,20802.823750538864,20700.846827235884,-101.97692330298233,33.202936462219796,-135.17985976520214,-0.00649814954864964,5,EMA200_BREAKDOWN,BAR_CLOSE
753,ETHUSDT,2026-04-06 00:00:00,2026-04-07 12:00:00,2111.225085,2088.53521,22.06449913101064,46583.12405335036,46082.483326130125,-500.64072722024065,74.13248590358438,-574.773213123825,-0.012338657503209815,9,EMA200_BREAKDOWN,BAR_CLOSE
754,SOLUSDT,2026-04-08 00:00:00,2026-04-08 04:00:00,85.60278,84.51772000000001,3119.1089489604637,267004.3971538938,263619.9767977348,-3384.420356158992,424.4994991613029,-3808.919855320295,-0.014265382502764332,1,EMA200_BREAKDOWN,BAR_CLOSE
755,SOLUSDT,2026-04-10 20:00:00,2026-04-11 00:00:00,85.492725,84.787585,3078.609048796281,263198.67679125204,261027.82640658386,-2170.850384668166,419.38120255826874,-2590.231587226435,-0.009841354898910824,1,EMA200_BREAKDOWN,BAR_CLOSE
756,SOLUSDT,2026-04-11 20:00:00,2026-04-12 00:00:00,86.053005,84.89753,3028.4894873637345,260610.62099855888,257111.27710814727,-3499.343890411598,414.17751848536494,-3913.521408896963,-0.015016737974461155,1,EMA200_BREAKDOWN,BAR_CLOSE
757,SOLUSDT,2026-04-14 00:00:00,2026-04-14 20:00:00,86.55325500000001,83.89803,2965.8085874141343,256700.38694764537,248825.49784112867,-7874.889106516699,404.4207078310193,-8279.309814347718,-0.03225281392363582,5,EMA200_BREAKDOWN,BAR_CLOSE
758,BNBUSDT,2026-04-14 16:00:00,2026-04-14 20:00:00,623.761725,613.6430250000001,59.15929518223068,36901.30401265239,36302.68885249196,-598.6151601604303,58.56319429211548,-657.1783544525457,-0.01780908214591057,1,EMA200_BREAKDOWN,BAR_CLOSE
759,SOLUSDT,2026-04-15 20:00:00,2026-04-19 08:00:00,85.552755,84.83756,2903.799319537304,248428.03175354173,246351.2489992052,-2076.782754336507,395.8234246021976,-2472.6061789387045,-0.009953007965669936,21,EMA200_BREAKDOWN,BAR_CLOSE
760,BNBUSDT,2026-04-15 12:00:00,2026-04-19 08:00:00,620.019855,620.00984,58.45728551389308,36244.67768801759,36244.09223830317,-0.5854497144188937,57.99101594105662,-58.57646565547551,-0.0016161397863620887,23,EMA200_BREAKDOWN,BAR_CLOSE
761,SOLUSDT,2026-04-19 12:00:00,2026-04-20 00:00:00,85.652805,83.42826500000001,2871.56389757222,245957.50256379333,239569.59381108807,-6387.908752705279,388.4216770999051,-6776.330429805184,-0.027550818166433552,3,EMA200_BREAKDOWN,BAR_CLOSE
762,BNBUSDT,2026-04-19 12:00:00,2026-04-20 00:00:00,622.7112,615.761965,58.11064651895335,36186.15042659326,35782.325887931125,-403.8245386621348,57.57478105161951,-461.39931971375427,-0.012750715792489249,3,EMA200_BREAKDOWN,BAR_CLOSE
763,SOLUSDT,2026-04-20 16:00:00,2026-04-21 00:00:00,85.90293,85.24735500000001,2784.3854016568375,239186.86425154918,237361.49079185806,-1825.3734596911386,381.2386840347258,-2206.6121437258644,-0.009225473776039824,2,EMA200_BREAKDOWN,BAR_CLOSE
764,SOLUSDT,2026-04-21 08:00:00,2026-04-21 20:00:00,85.75285499999998,84.527715,2763.547705344902,236982.10566202409,233596.37282629785,-3385.7328357262036,376.46278279065757,-3762.195618516861,-0.015875441768090196,3,EMA200_BREAKDOWN,BAR_CLOSE
765,SOLUSDT,2026-04-22 00:00:00,2026-04-23 20:00:00,86.08302,85.25735,2709.2807651012563,233223.07028782676,230986.0984385056,-2236.971849321161,371.36733498106594,-2608.339184302227,-0.011183881513450648,11,EMA200_BREAKDOWN,BAR_CLOSE
766,SOLUSDT,2026-04-24 00:00:00,2026-04-27 08:00:00,86.16306,85.227365,2676.5173162192627,230616.92210843932,228112.51823823954,-2504.403870199771,366.9835522773431,-2871.3874224771143,-0.012450896474660899,20,EMA200_BREAKDOWN,BAR_CLOSE
767,BNBUSDT,2026-04-20 04:00:00,2026-04-27 16:00:00,622.01085,620.6195349999999,57.4349124011391,35725.138682308076,35645.22862716068,-79.91005514739527,57.096293847575005,-137.00634899497027,-0.0038350123763919498,45,EMA200_BREAKDOWN,BAR_CLOSE
768,BNBUSDT,2026-04-28 00:00:00,2026-04-28 04:00:00,627.143415,624.2077400000001,56.74658549774656,35588.24741864625,35421.65788626516,-166.5895323810941,56.80792424392913,-223.39745662502324,-0.0062772817665636286,1,EMA200_BREAKDOWN,BAR_CLOSE
769,BNBUSDT,2026-04-29 04:00:00,2026-04-29 08:00:00,626.3630249999999,624.817435,56.46092793533719,35365.0376158848,35277.77217027723,-87.26544560756842,56.514247828929626,-143.77969343649806,-0.004065588590577859,1,EMA200_BREAKDOWN,BAR_CLOSE
770,BNBUSDT,2026-04-29 12:00:00,2026-04-29 16:00:00,626.323005,616.21174,56.23516686472468,35221.37869739079,34652.77002290234,-568.6086744884506,55.89931897623451,-624.5079934646851,-0.017730935487512554,1,EMA200_BREAKDOWN,BAR_CLOSE
771,ETHUSDT,2026-04-07 20:00:00,2026-04-29 20:00:00,2114.4466949999996,2232.573155,21.759278093187202,46008.83364972557,48579.180143029334,2570.346493303763,75.67041103420394,2494.676082269559,0.054221676238568134,132,EMA200_BREAKDOWN,BAR_CLOSE
772,SOLUSDT,2026-05-04 04:00:00,2026-05-04 08:00:00,85.4427,84.827565,2665.5050302881004,227747.9466513971,226108.3012145908,-1639.6454368062575,363.0849982927904,-2002.730435099048,-0.00879362674634574,1,EMA200_BREAKDOWN,BAR_CLOSE
773,BNBUSDT,2026-05-04 04:00:00,2026-05-04 12:00:00,626.89329,622.5985450000001,55.18865146991861,34597.39529064061,34360.37410568344,-237.02118495717124,55.16621551705924,-292.18740047423046,-0.008445358328847196,2,EMA200_BREAKDOWN,BAR_CLOSE
774,BNBUSDT,2026-05-04 16:00:00,2026-05-05 00:00:00,625.782735,622.3286800000001,54.82006998416597,34305.453327582785,34116.10179075363,-189.3515368291543,54.73724409466914,-244.08878092382344,-0.007115159755885445,2,EMA200_BREAKDOWN,BAR_CLOSE
775,ETHUSDT,2026-04-30 08:00:00,2026-05-08 04:00:00,2261.440155,2277.630615,21.447135842551635,48501.41420408602,48848.65319905942,347.2389949734041,77.88005392251635,269.3589410508877,0.005553630661519876,47,EMA200_BREAKDOWN,BAR_CLOSE
776,ETHUSDT,2026-05-08 12:00:00,2026-05-12 12:00:00,2296.52769,2285.87649,21.236646566898756,48770.546883626426,48544.35111371308,-226.19576991334756,77.8519183978716,-304.0476883112192,-0.006234248080849307,24,EMA200_BREAKDOWN,BAR_CLOSE
777,ETHUSDT,2026-05-13 04:00:00,2026-05-13 16:00:00,2302.91088,2235.3617600000002,21.04586634953646,48466.75459537339,47045.124843824604,-1421.6297515487934,76.4095035513584,-1498.0392551001519,-0.03090859430565532,3,EMA200_BREAKDOWN,BAR_CLOSE
778,ETHUSDT,2026-05-14 16:00:00,2026-05-15 00:00:00,2299.6292399999998,2282.11837,20.42502020597352,46969.97369324753,46612.313819673356,-357.65987357416765,74.86583001033671,-432.52570358450436,-0.009208557501208157,2,EMA200_BREAKDOWN,BAR_CLOSE
779,SOLUSDT,2026-05-05 16:00:00,2026-05-16 08:00:00,85.54275,87.41627,2638.995104902093,225746.8985098635,230691.10861879966,4944.210108936167,365.1504057029306,4579.059703233236,0.020284042586893678,64,EMA200_BREAKDOWN,BAR_CLOSE
780,BTCUSDT,2026-04-08 00:00:00,2026-05-18 00:00:00,71960.18211,77418.941165,0.28721102192685755,20667.75744185587,22235.57320849491,1567.8157666390377,34.322664520280625,1533.4931021187572,0.0741973630391637,240,EMA200_BREAKDOWN,BAR_CLOSE
781,BNBUSDT,2026-05-05 04:00:00,2026-05-18 08:00:00,628.1139,641.53907,54.228332761358956,34061.56958123494,34789.59416737276,728.0245861378185,55.08093099888616,672.9436551389323,0.019756683658807894,79,EMA200_BREAKDOWN,BAR_CLOSE
782,BNBUSDT,2026-05-18 20:00:00,2026-05-19 12:00:00,645.1123949999999,639.550065,53.841699885031,34733.94796370356,34434.46266118207,-299.485302521497,55.33472849990851,-354.8200310214055,-0.010215367150091517,4,EMA200_BREAKDOWN,BAR_CLOSE
783,BTCUSDT,2026-05-21 04:00:00,2026-05-21 12:00:00,78117.75936,77150.50545000001,0.2841858572448544,22199.962409768847,21925.082528182065,-274.879881586783,35.30003595036073,-310.1799175371437,-0.013972092015824876,2,EMA200_BREAKDOWN,BAR_CLOSE
784,SOLUSDT,2026-05-21 20:00:00,2026-05-22 00:00:00,87.873915,87.306325,2621.052126822232,230322.11180294602,228834.428826283,-1487.682976663019,367.32523250338323,-1855.0082091664021,-0.008053973605250155,1,EMA200_BREAKDOWN,BAR_CLOSE
785,BTCUSDT,2026-05-22 04:00:00,2026-05-22 08:00:00,77818.86998999999,77369.365965,0.28129479451674627,21890.043043362442,21763.59990101562,-126.44314234682184,34.922914355502456,-161.3660567023243,-0.007371664659711765,1,EMA200_BREAKDOWN,BAR_CLOSE
786,BNBUSDT,2026-05-20 08:00:00,2026-05-23 08:00:00,643.7317049999999,636.4416200000001,53.40645134374456,34379.42598150822,33990.088411663965,-389.3375698442547,54.695611514537745,-444.03318135879243,-0.012915665945022645,18,EMA200_BREAKDOWN,BAR_CLOSE
787,BTCUSDT,2026-05-25 16:00:00,2026-05-25 20:00:00,77667.63441,77403.129075,0.2797666325131447,21728.812534147743,21654.81276729303,-73.99976685470966,34.706900241152624,-108.70666709586229,-0.005002881171026957,1,EMA200_BREAKDOWN,BAR_CLOSE
788,BNBUSDT,2026-05-23 16:00:00,2026-05-28 04:00:00,647.8137449999999,637.491095,52.38506600075578,33935.76578802177,33395.01308646907,-540.7527015526991,53.86462309959268,-594.6173246522918,-0.017521847845324668,27,EMA200_BREAKDOWN,BAR_CLOSE
789,BNBUSDT,2026-05-30 04:00:00,2026-06-03 00:00:00,658.5291,650.3746500000001,50.630485337583714,33341.6479419222,32928.78418076115,-412.8637611610536,53.01634569814668,-465.8801068592003,-0.013972917825499104,23,EMA200_BREAKDOWN,BAR_CLOSE
790,BNBUSDT,2026-06-15 16:00:00,2026-06-15 20:00:00,629.384535,620.599545,52.23540990620743,32876.15917435276,32417.271620680825,-458.8875536719329,52.234744636026875,-511.1222983079598,-0.015546898151858774,1,EMA200_BREAKDOWN,BAR_CLOSE
791,SOLUSDT,2026-06-21 20:00:00,2026-06-22 00:00:00,74.45721,72.43376500000001,3068.455852706209,228468.6618006753,222259.81014779618,-6208.851652879101,360.5827775587772,-6569.434430437877,-0.028754203656032706,1,EMA200_BREAKDOWN,BAR_CLOSE
792,ETHUSDT,2026-07-03 12:00:00,2026-07-03 16:00:00,1743.4112699999998,1730.3743800000002,26.693535892568846,46537.81131125403,46189.810620111566,-348.000691142462,74.18209754509249,-422.18278868755453,-0.009071823035765758,1,EMA200_BREAKDOWN,BAR_CLOSE
793,BNBUSDT,2026-07-05 16:00:00,2026-07-06 04:00:00,587.63367,585.117295,55.07762381753137,32365.46621877537,32226.87026314153,-138.59595563384266,51.67386918553352,-190.2698248193762,-0.0058787914109823544,3,EMA200_BREAKDOWN,BAR_CLOSE
794,BTCUSDT,2026-07-07 00:00:00,2026-07-07 04:00:00,64074.951465,63159.414495000005,0.3374204222762768,21620.197180652238,21311.276309625297,-308.92087102694086,34.34517879222203,-343.2660498191629,-0.015877100793805398,1,EMA200_BREAKDOWN,BAR_CLOSE
795,ETHUSDT,2026-07-03 20:00:00,2026-07-08 16:00:00,1746.262695,1722.0985200000002,26.408388204220884,46115.98315610897,45477.84624207425,-638.1369140347202,73.27506351854657,-711.4119775532668,-0.015426581607184629,29,EMA200_BREAKDOWN,BAR_CLOSE
796,ETHUSDT,2026-07-09 00:00:00,2026-07-09 04:00:00,1744.4217749999998,1729.8346500000002,26.028778942877423,45405.16876461685,45025.48371257974,-379.68505203710936,72.34452198175728,-452.02957401886664,-0.009955465122532973,1,EMA200_BREAKDOWN,BAR_CLOSE
797,ETHUSDT,2026-07-09 08:00:00,2026-07-09 16:00:00,1754.1766499999999,1738.640245,25.626563262850507,44953.51889544017,44555.374229830406,-398.1446656097626,71.60711450021645,-469.7517801099791,-0.010449722105239421,2,EMA200_BREAKDOWN,BAR_CLOSE
798,BTCUSDT,2026-07-10 04:00:00,2026-07-13 00:00:00,63979.173599999995,63748.11,0.3325647750210223,21277.219474314927,21200.37586016538,-76.8436141495455,33.98207626758425,-110.82569041712975,-0.005208654756365813,17,EMA200_BREAKDOWN,BAR_CLOSE
799,SOLUSDT,2026-06-29 16:00:00,2026-07-13 04:00:00,73.95696,75.83206500000001,3000.457910860032,221904.74569515893,227530.9193261022,5626.173630943257,359.54853201700894,5266.625098926248,0.02373371999065428,81,EMA200_BREAKDOWN,BAR_CLOSE
800,SOLUSDT,2026-07-13 08:00:00,2026-07-13 16:00:00,76.488225,75.78209,2969.9597137860383,227166.9468290021,225069.75432650777,-2097.192502494314,361.7893609244079,-2458.981863418722,-0.010824558316002278,2,EMA200_BREAKDOWN,BAR_CLOSE
801,BNBUSDT,2026-07-14 16:00:00,2026-07-14 20:00:00,583.161435,580.359675,55.17401235664502,32175.356220608843,32020.771879748492,-154.58434086035072,51.35690248028587,-205.9412433406366,-0.00640058938053739,1,EMA200_BREAKDOWN,BAR_CLOSE
802,SOLUSDT,2026-07-14 16:00:00,2026-07-16 12:00:00,77.42869499999999,76.231865,2902.1544339646775,224710.03051034862,221236.6450191467,-3473.38549120192,356.75734042359625,-3830.1428316255165,-0.017044823601895805,11,EMA200_BREAKDOWN,BAR_CLOSE
803,SOLUSDT,2026-07-16 16:00:00,2026-07-16 20:00:00,76.66831499999999,75.7621,2881.0220362701552,220883.10499870166,218272.27961410314,-2610.825384598527,351.32430769024387,-2962.149692288771,-0.013410485570212273,1,EMA200_BREAKDOWN,BAR_CLOSE
804,BTCUSDT,2026-07-14 16:00:00,2026-07-17 00:00:00,64776.371999999996,63798.2849,0.32676246328642405,21166.486877477746,20846.88472737307,-319.60215010467397,33.610697283880654,-353.2128473885546,-0.016687362878550792,14,EMA200_BREAKDOWN,BAR_CLOSE
805,SOLUSDT,2026-07-19 16:00:00,2026-07-19 20:00:00,76.25810999999999,75.85205500000001,2857.708426187778,217923.44351215442,216763.0567171588,-1160.3867949956232,347.7492001834506,-1508.1359951790737,-0.006920485335920085,1,EMA200_BREAKDOWN,BAR_CLOSE
806,SOLUSDT,2026-07-20 00:00:00,2026-07-23 16:00:00,76.41819,76.351805,2832.0034058803444,216416.57435121125,216228.57180511192,-188.00254609935763,346.1161169250586,-534.1186630244163,-0.0024680118176051654,22,EMA200_BREAKDOWN,BAR_CLOSE
807,BTCUSDT,2026-07-17 20:00:00,2026-07-24 16:00:00,64192.8804,64061.813070000004,0.32423487774948,20813.570728880994,20771.07412916149,-42.49659971950012,33.26771588643399,-75.76431560593412,-0.003640140204333284,41,EMA200_BREAKDOWN,BAR_CLOSE
808,SOLUSDT,2026-07-27 00:00:00,2026-07-27 16:00:00,76.80838499999999,75.25235500000001,2810.668449126536,215882.90434786386,211509.41992096955,-4373.484426894303,341.9138594150668,-4715.39828630937,-0.021842388588172744,4,EMA200_BREAKDOWN,BAR_CLOSE
809,BTCUSDT,2026-07-25 20:00:00,2026-07-28 00:00:00,64420.584194999996,63723.982070000005,0.321913722367481,20737.87005530016,20513.62427223232,-224.2457830678442,33.00119546202599,-257.2469785298702,-0.012404696231767704,13,EMA200_BREAKDOWN,BAR_CLOSE
810,BTCUSDT,2026-07-29 08:00:00,2026-07-29 16:00:00,64593.290505,63932.027995000004,0.31707378590113616,20480.83916423226,20271.170156712076,-209.66900752018574,32.601607456755474,-242.2706149769412,-0.011829135175283376,2,EMA200_BREAKDOWN,BAR_CLOSE
811,BTCUSDT,2026-07-30 12:00:00,2026-07-31 08:00:00,64820.404005,63918.03499500001,0.3122284158397217,20238.772056571903,19957.026810076746,-281.74524649515416,32.15663909331892,-313.9018855884731,-0.015509927416102468,5,EMA200_BREAKDOWN,BAR_CLOSE
812,BNBUSDT,2026-07-30 12:00:00,2026-08-01 16:00:00,589.2945,576.181765,54.25061317883098,31969.587967912612,31258.214053711097,-711.3739142015145,50.58224161729897,-761.9561558188135,-0.023833780922781277,13,EMA200_BREAKDOWN,BAR_CLOSE
813,ETHUSDT,2026-07-09 20:00:00,2026-08-01 20:00:00,1749.384255,1836.371355,25.428468090805747,44484.161706825485,46696.11040348721,2211.94869666173,72.94421768825016,2139.0044789734798,0.04808463050446287,138,EMA200_BREAKDOWN,BAR_CLOSE
814,ETHUSDT,2026-08-02 04:00:00,2026-08-03 08:00:00,1878.37872,1843.0380200000002,24.82000510633799,46621.369422036616,45744.21306757507,-877.1563544615526,73.89246599168935,-951.048820453242,-0.020399418383530103,7,EMA200_BREAKDOWN,BAR_CLOSE
815,BTCUSDT,2026-08-04 16:00:00,2026-08-05 12:00:00,64157.202569999994,64043.242360000004,0.3105673728031955,19925.133848567322,19889.741525543523,-35.3923230237974,31.851900299288676,-67.24422332308608,-0.0033748442461740925,5,EMA200_BREAKDOWN,BAR_CLOSE
816,BTCUSDT,2026-08-05 16:00:00,2026-08-10 20:00:00,64420.204005,64013.67715,0.30825649215346385,19857.946110391822,19732.631568103345,-125.31454228847873,31.672462142796135,-156.98700443127487,-0.00790550057687599,31,EMA200_BREAKDOWN,BAR_CLOSE
817,BTCUSDT,2026-08-11 12:00:00,2026-08-11 16:00:00,64421.774789999996,63578.05507,0.3058141604956592,19701.09097504427,19443.06953717884,-258.0214378654307,31.315328409778488,-289.3367662752092,-0.01468633217529513,1,EMA200_BREAKDOWN,BAR_CLOSE
818,ETHUSDT,2026-08-03 16:00:00,2026-08-11 16:00:00,1864.2716699999999,1861.818625,24.498103048786106,45671.11948259256,45611.02453339926,-60.09494919330332,73.02571521279346,-133.12066440609678,-0.0029147668354579177,48,EMA200_BREAKDOWN,BAR_CLOSE
819,SOLUSDT,2026-08-08 12:00:00,2026-08-11 16:00:00,75.64780499999999,74.89253500000001,2791.5081871326597,211171.46699611493,209063.1246076193,-2108.342388495633,336.1876732829874,-2444.53006177862,-0.011576043376274854,19,EMA200_BREAKDOWN,BAR_CLOSE
820,SOLUSDT,2026-08-11 20:00:00,2026-08-14 20:00:00,75.707835,74.98249,2757.032879616597,208728.99033958817,206729.19032552268,-1999.8000140655124,332.3665445320887,-2332.166558597601,-0.011173179896109886,18,EMA200_BREAKDOWN,BAR_CLOSE
821,SOLUSDT,2026-08-15 00:00:00,2026-08-15 08:00:00,75.4377,75.192385,2736.0163790902934,206398.78280089985,205727.5969428633,-671.1858580365491,329.70110379501057,-1000.8869618315597,-0.004849287133621585,2,EMA200_BREAKDOWN,BAR_CLOSE
822,SOLUSDT,2026-08-15 16:00:00,2026-08-16 20:00:00,75.55775999999999,75.18239,2718.433375792457,205398.73658411624,204378.31824784505,-1020.4183362711861,327.82164386556906,-1348.239980136755,-0.006564013014678963,7,EMA200_BREAKDOWN,BAR_CLOSE
