bar_time,target_pos,curr_pos,asset_units,entry_price,stop_price,cash,equity,bars_held
2025-01-01 00:00:00,USDT_CASH,USDT_CASH,0.0,0.0,0.0,10000.0,10000.0,0
2025-01-01 04:00:00,USDT_CASH,USDT_CASH,0.0,0.0,0.0,10000.0,10000.0,0
2025-01-01 08:00:00,USDT_CASH,USDT_CASH,0.0,0.0,0.0,10000.0,10000.0,0
2025-01-01 12:00:00,USDT_CASH,USDT_CASH,0.0,0.0,0.0,10000.0,10000.0,0
2025-01-01 16:00:00,USDT_CASH,USDT_CASH,0.0,0.0,0.0,10000.0,10000.0,0
2025-01-01 20:00:00,USDT_CASH,USDT_CASH,0.0,0.0,0.0,10000.0,10000.0,0
2025-01-02 00:00:00,USDT_CASH,USDT_CASH,0.0,0.0,0.0,10000.0,10000.0,0
2025-01-02 04:00:00,USDT_CASH,USDT_CASH,0.0,0.0,0.0,10000.0,10000.0,0
2025-01-02 08:00:00,BNBUSDT,BNBUSDT,14.126892279159238,707.303475,695.7191892857144,9992.0,10076.147187033119,1
2025-01-02 12:00:00,BNBUSDT,BNBUSDT,14.126892279159238,707.303475,695.7191892857144,9992.0,9952.960686358849,2
2025-01-02 16:00:00,SOLUSDT,SOLUSDT,48.01108064460479,206.87338499999998,203.89105825515637,9932.214770457374,9923.410258433365,1
2025-01-02 20:00:00,SOLUSDT,SOLUSDT,48.01108064460479,206.87338499999998,203.89105825515637,9932.214770457374,10001.188209077623,2
2025-01-03 00:00:00,SOLUSDT,SOLUSDT,48.01108064460479,206.87338499999998,203.89105825515637,9932.214770457374,9988.705328110027,3
2025-01-03 04:00:00,SOLUSDT,SOLUSDT,48.01108064460479,206.87338499999998,203.89105825515637,9932.214770457374,9983.904220045566,4
2025-01-03 08:00:00,SOLUSDT,SOLUSDT,48.01108064460479,206.87338499999998,203.89105825515637,9932.214770457374,10298.856909074173,5
2025-01-03 12:00:00,SOLUSDT,SOLUSDT,48.01108064460479,206.87338499999998,207.28713176999997,9932.214770457374,10435.688488911299,6
2025-01-03 16:00:00,SOLUSDT,SOLUSDT,48.01108064460479,206.87338499999998,207.28713176999997,9932.214770457374,10423.2056079437,7
2025-01-03 20:00:00,SOLUSDT,SOLUSDT,48.01108064460479,206.87338499999998,207.28713176999997,9932.214770457374,10465.935469717399,8
2025-01-04 00:00:00,SOLUSDT,SOLUSDT,48.01108064460479,206.87338499999998,207.28713176999997,9932.214770457374,10416.9641674599,9
2025-01-04 04:00:00,SOLUSDT,SOLUSDT,48.01108064460479,206.87338499999998,207.28713176999997,9932.214770457374,10404.481286492304,10
2025-01-04 08:00:00,SOLUSDT,SOLUSDT,48.01108064460479,206.87338499999998,207.28713176999997,9932.214770457374,10391.998405524706,11
2025-01-04 12:00:00,SOLUSDT,SOLUSDT,48.01108064460479,206.87338499999998,207.28713176999997,9932.214770457374,10289.734803751699,12
2025-01-04 16:00:00,SOLUSDT,SOLUSDT,48.01108064460479,206.87338499999998,207.28713176999997,9932.214770457374,10350.228765363901,13
2025-01-04 20:00:00,SOLUSDT,SOLUSDT,48.01108064460479,206.87338499999998,207.28713176999997,9932.214770457374,10402.56084326652,14
2025-01-05 00:00:00,SOLUSDT,SOLUSDT,48.01108064460479,206.87338499999998,207.28713176999997,9932.214770457374,10464.495137298061,15
2025-01-05 04:00:00,SOLUSDT,SOLUSDT,48.01108064460479,206.87338499999998,207.28713176999997,9932.214770457374,10392.9586271376,16
2025-01-05 08:00:00,SOLUSDT,SOLUSDT,48.01108064460479,206.87338499999998,207.28713176999997,9932.214770457374,10271.010482300304,17
2025-01-05 12:00:00,SOLUSDT,SOLUSDT,48.01108064460479,206.87338499999998,207.28713176999997,9932.214770457374,10254.686714881138,18
2025-01-05 16:00:00,SOLUSDT,SOLUSDT,48.01108064460479,206.87338499999998,207.28713176999997,9932.214770457374,10216.277850365454,19
2025-01-05 20:00:00,SOLUSDT,SOLUSDT,48.01108064460479,206.87338499999998,207.28713176999997,9932.214770457374,10246.04472036511,20
2025-01-06 00:00:00,SOLUSDT,SOLUSDT,48.01108064460479,206.87338499999998,207.28713176999997,9932.214770457374,10351.66909778324,21
2025-01-06 04:00:00,SOLUSDT,SOLUSDT,48.01108064460479,206.87338499999998,207.28713176999997,9932.214770457374,10332.944776331844,22
2025-01-06 08:00:00,SOLUSDT,SOLUSDT,48.01108064460479,206.87338499999998,207.28713176999997,9932.214770457374,10382.876300202232,23
2025-01-06 12:00:00,SOLUSDT,SOLUSDT,48.01108064460479,206.87338499999998,207.28713176999997,9932.214770457374,10640.215692457314,24
2025-01-06 16:00:00,SOLUSDT,SOLUSDT,48.01108064460479,206.87338499999998,207.28713176999997,9932.214770457374,10562.437741813053,25
2025-01-06 20:00:00,BNBUSDT,BNBUSDT,14.386186435780633,732.6661499999999,721.9743642857142,10540.271829085617,10493.572109987108,1
2025-01-07 00:00:00,BTCUSDT,BTCUSDT,0.10237449144097997,102286.7178,100759.48315714287,10471.550715942034,10412.312965438507,1
2025-01-07 04:00:00,BTCUSDT,BTCUSDT,0.10237449144097997,102286.7178,100759.48315714287,10471.550715942034,10407.883221193855,2
2025-01-07 08:00:00,BTCUSDT,USDT_CASH,0.0,0.0,0.0,10291.488262363546,10291.488262363546,0
2025-01-07 12:00:00,BTCUSDT,USDT_CASH,0.0,0.0,0.0,10089.149743881277,10089.149743881277,0
2025-01-07 16:00:00,USDT_CASH,USDT_CASH,0.0,0.0,0.0,10089.149743881277,10089.149743881277,0
2025-01-07 20:00:00,USDT_CASH,USDT_CASH,0.0,0.0,0.0,10089.149743881277,10089.149743881277,0
2025-01-08 00:00:00,USDT_CASH,USDT_CASH,0.0,0.0,0.0,10089.149743881277,10089.149743881277,0
2025-01-08 04:00:00,USDT_CASH,USDT_CASH,0.0,0.0,0.0,10089.149743881277,10089.149743881277,0
2025-01-08 08:00:00,USDT_CASH,USDT_CASH,0.0,0.0,0.0,10089.149743881277,10089.149743881277,0
2025-01-08 12:00:00,USDT_CASH,USDT_CASH,0.0,0.0,0.0,10089.149743881277,10089.149743881277,0
2025-01-08 16:00:00,USDT_CASH,USDT_CASH,0.0,0.0,0.0,10089.149743881277,10089.149743881277,0
2025-01-08 20:00:00,USDT_CASH,USDT_CASH,0.0,0.0,0.0,10089.149743881277,10089.149743881277,0
2025-01-09 00:00:00,USDT_CASH,USDT_CASH,0.0,0.0,0.0,10089.149743881277,10089.149743881277,0
2025-01-09 04:00:00,USDT_CASH,USDT_CASH,0.0,0.0,0.0,10089.149743881277,10089.149743881277,0
2025-01-09 08:00:00,USDT_CASH,USDT_CASH,0.0,0.0,0.0,10089.149743881277,10089.149743881277,0
2025-01-09 12:00:00,USDT_CASH,USDT_CASH,0.0,0.0,0.0,10089.149743881277,10089.149743881277,0
2025-01-09 16:00:00,USDT_CASH,USDT_CASH,0.0,0.0,0.0,10089.149743881277,10089.149743881277,0
2025-01-09 20:00:00,USDT_CASH,USDT_CASH,0.0,0.0,0.0,10089.149743881277,10089.149743881277,0
2025-01-10 00:00:00,USDT_CASH,USDT_CASH,0.0,0.0,0.0,10089.149743881277,10089.149743881277,0
2025-01-10 04:00:00,USDT_CASH,USDT_CASH,0.0,0.0,0.0,10089.149743881277,10089.149743881277,0
2025-01-10 08:00:00,USDT_CASH,USDT_CASH,0.0,0.0,0.0,10089.149743881277,10089.149743881277,0
2025-01-10 12:00:00,USDT_CASH,USDT_CASH,0.0,0.0,0.0,10089.149743881277,10089.149743881277,0
2025-01-10 16:00:00,USDT_CASH,USDT_CASH,0.0,0.0,0.0,10089.149743881277,10089.149743881277,0
2025-01-10 20:00:00,USDT_CASH,USDT_CASH,0.0,0.0,0.0,10089.149743881277,10089.149743881277,0
2025-01-11 00:00:00,USDT_CASH,USDT_CASH,0.0,0.0,0.0,10089.149743881277,10089.149743881277,0
2025-01-11 04:00:00,USDT_CASH,USDT_CASH,0.0,0.0,0.0,10089.149743881277,10089.149743881277,0
2025-01-11 08:00:00,USDT_CASH,USDT_CASH,0.0,0.0,0.0,10089.149743881277,10089.149743881277,0
2025-01-11 12:00:00,USDT_CASH,USDT_CASH,0.0,0.0,0.0,10089.149743881277,10089.149743881277,0
2025-01-11 16:00:00,USDT_CASH,USDT_CASH,0.0,0.0,0.0,10089.149743881277,10089.149743881277,0
2025-01-11 20:00:00,USDT_CASH,USDT_CASH,0.0,0.0,0.0,10089.149743881277,10089.149743881277,0
2025-01-12 00:00:00,USDT_CASH,USDT_CASH,0.0,0.0,0.0,10089.149743881277,10089.149743881277,0
2025-01-12 04:00:00,USDT_CASH,USDT_CASH,0.0,0.0,0.0,10089.149743881277,10089.149743881277,0
2025-01-12 08:00:00,USDT_CASH,USDT_CASH,0.0,0.0,0.0,10089.149743881277,10089.149743881277,0
2025-01-12 12:00:00,USDT_CASH,USDT_CASH,0.0,0.0,0.0,10089.149743881277,10089.149743881277,0
2025-01-12 16:00:00,USDT_CASH,USDT_CASH,0.0,0.0,0.0,10089.149743881277,10089.149743881277,0
2025-01-12 20:00:00,USDT_CASH,USDT_CASH,0.0,0.0,0.0,10089.149743881277,10089.149743881277,0
2025-01-13 00:00:00,USDT_CASH,USDT_CASH,0.0,0.0,0.0,10089.149743881277,10089.149743881277,0
2025-01-13 04:00:00,USDT_CASH,USDT_CASH,0.0,0.0,0.0,10089.149743881277,10089.149743881277,0
2025-01-13 08:00:00,USDT_CASH,USDT_CASH,0.0,0.0,0.0,10089.149743881277,10089.149743881277,0
2025-01-13 12:00:00,USDT_CASH,USDT_CASH,0.0,0.0,0.0,10089.149743881277,10089.149743881277,0
2025-01-13 16:00:00,USDT_CASH,USDT_CASH,0.0,0.0,0.0,10089.149743881277,10089.149743881277,0
2025-01-13 20:00:00,USDT_CASH,USDT_CASH,0.0,0.0,0.0,10089.149743881277,10089.149743881277,0
2025-01-14 00:00:00,USDT_CASH,USDT_CASH,0.0,0.0,0.0,10089.149743881277,10089.149743881277,0
2025-01-14 04:00:00,USDT_CASH,USDT_CASH,0.0,0.0,0.0,10089.149743881277,10089.149743881277,0
2025-01-14 08:00:00,USDT_CASH,USDT_CASH,0.0,0.0,0.0,10089.149743881277,10089.149743881277,0
2025-01-14 12:00:00,BTCUSDT,BTCUSDT,0.10436297209020744,96596.31401999999,95339.05370967402,10081.078424086172,10068.06811644626,1
2025-01-14 16:00:00,BTCUSDT,BTCUSDT,0.10436297209020744,96596.31401999999,95339.05370967402,10081.078424086172,10074.971727050028,2
2025-01-14 20:00:00,BTCUSDT,BTCUSDT,0.10436297209020744,96596.31401999999,95339.05370967402,10081.078424086172,10077.378337186428,3
2025-01-15 00:00:00,BTCUSDT,BTCUSDT,0.10436297209020744,96596.31401999999,95339.05370967402,10081.078424086172,10156.303878459366,4
2025-01-15 04:00:00,BTCUSDT,BTCUSDT,0.10436297209020744,96596.31401999999,95339.05370967402,10081.078424086172,10154.658074389507,5
2025-01-15 08:00:00,BTCUSDT,BTCUSDT,0.10436297209020744,96596.31401999999,95339.05370967402,10081.078424086172,10098.388690727626,6
2025-01-15 12:00:00,BTCUSDT,BTCUSDT,0.10436297209020744,96596.31401999999,95339.05370967402,10081.078424086172,10331.143165602092,7
2025-01-15 16:00:00,BTCUSDT,BTCUSDT,0.10436297209020744,96596.31401999999,95339.05370967402,10081.078424086172,10420.110512049552,8
2025-01-15 20:00:00,BTCUSDT,BTCUSDT,0.10436297209020744,96596.31401999999,95339.05370967402,10081.078424086172,10488.202133189809,9
2025-01-16 00:00:00,BTCUSDT,BTCUSDT,0.10436297209020744,96596.31401999999,95339.05370967402,10081.078424086172,10381.822868478817,10
2025-01-16 04:00:00,BTCUSDT,BTCUSDT,0.10436297209020744,96596.31401999999,95339.05370967402,10081.078424086172,10415.423570972982,11
2025-01-16 08:00:00,BTCUSDT,BTCUSDT,0.10436297209020744,96596.31401999999,95339.05370967402,10081.078424086172,10348.497684230973,12
2025-01-16 12:00:00,SOLUSDT,SOLUSDT,48.5106870646062,212.876385,205.22745642857143,10326.77969617963,10142.129344597219,1
2025-01-16 16:00:00,BTCUSDT,BTCUSDT,0.10187490192828222,99345.81808499999,97083.33165642856,10120.84547439434,10229.992401912701,1
2025-01-16 20:00:00,BTCUSDT,BTCUSDT,0.10187490192828222,99345.81808499999,97083.33165642856,10120.84547439434,10186.196381573733,2
2025-01-17 00:00:00,BTCUSDT,BTCUSDT,0.10187490192828222,99345.81808499999,97083.33165642856,10120.84547439434,10294.635083433253,3
2025-01-17 04:00:00,BTCUSDT,BTCUSDT,0.10187490192828222,99345.81808499999,97083.33165642856,10120.84547439434,10334.240989055912,4
2025-01-17 08:00:00,BTCUSDT,BTCUSDT,0.10187490192828222,99345.81808499999,97083.33165642856,10120.84547439434,10415.445473382946,5
2025-01-17 12:00:00,BTCUSDT,BTCUSDT,0.10187490192828222,99345.81808499999,97083.33165642856,10120.84547439434,10594.98980054135,6
2025-01-17 16:00:00,BTCUSDT,BTCUSDT,0.10187490192828222,99345.81808499999,99544.50972116999,10120.84547439434,10781.923114336612,7
2025-01-17 20:00:00,BTCUSDT,BTCUSDT,0.10187490192828222,99345.81808499999,99544.50972116999,10120.84547439434,10602.883067942754,8
2025-01-18 00:00:00,BTCUSDT,BTCUSDT,0.10187490192828222,99345.81808499999,99544.50972116999,10120.84547439434,10550.14650621056,9
2025-01-18 04:00:00,BTCUSDT,BTCUSDT,0.10187490192828222,99345.81808499999,99544.50972116999,10120.84547439434,10474.955697344352,10
2025-01-18 08:00:00,SOLUSDT,SOLUSDT,44.86130575042313,233.00644499999999,233.47245789,10452.97337096415,10719.609009063606,1
2025-01-18 12:00:00,SOLUSDT,SOLUSDT,44.86130575042313,233.00644499999999,247.0,10452.97337096415,11563.001557171561,2
2025-01-18 16:00:00,SOLUSDT,USDT_CASH,0.0,0.0,0.0,11055.270109448722,11055.270109448722,0
2025-01-18 20:00:00,SOLUSDT,SOLUSDT,43.23832167864047,255.47767499999998,239.4769607142857,11046.425893361164,11327.143130153445,1
2025-01-19 00:00:00,SOLUSDT,SOLUSDT,43.23832167864047,255.47767499999998,239.4769607142857,11046.425893361164,11051.715021060503,2
2025-01-19 04:00:00,SOLUSDT,SOLUSDT,43.23832167864047,255.47767499999998,255.98863034999997,11046.425893361164,11740.501485401246,3
2025-01-19 08:00:00,SOLUSDT,SOLUSDT,43.23832167864047,255.47767499999998,281.0385,11046.425893361164,12376.537197294048,4
2025-01-19 12:00:00,SOLUSDT,USDT_CASH,0.0,0.0,0.0,12123.69889298799,12123.69889298799,0
2025-01-19 16:00:00,SOLUSDT,SOLUSDT,44.74811871126156,270.71529,246.3874328571428,12113.9999338736,12059.61799268499,1
2025-01-19 20:00:00,SOLUSDT,USDT_CASH,0.0,0.0,0.0,11000.028964486084,11000.028964486084,0
2025-01-20 00:00:00,SOLUSDT,SOLUSDT,43.525103301417815,252.5262,223.8140571428571,10991.228941314495,10506.089434896232,1
2025-01-20 04:00:00,SOLUSDT,SOLUSDT,43.525103301417815,252.5262,223.8140571428571,10991.228941314495,11399.224554641325,2
2025-01-20 08:00:00,SOLUSDT,SOLUSDT,43.525103301417815,252.5262,253.0312524,10991.228941314495,11342.641920349484,3
2025-01-20 12:00:00,BTCUSDT,USDT_CASH,0.0,0.0,0.0,10902.67923947458,10902.67923947458,0
2025-01-20 16:00:00,SOLUSDT,SOLUSDT,42.85634998096261,254.19703499999997,221.5998921428571,10893.957096083,10553.804746311851,1
2025-01-20 20:00:00,SOLUSDT,SOLUSDT,42.85634998096261,254.19703499999997,221.5998921428571,10893.957096083,10379.379401889335,2
2025-01-21 00:00:00,SOLUSDT,SOLUSDT,42.85634998096261,254.19703499999997,221.5998921428571,10893.957096083,10193.811406471767,3
2025-01-21 04:00:00,SOLUSDT,SOLUSDT,42.85634998096261,254.19703499999997,221.5998921428571,10893.957096083,10150.097929491185,4
2025-01-21 08:00:00,SOLUSDT,SOLUSDT,42.85634998096261,254.19703499999997,221.5998921428571,10893.957096083,10261.524439441688,5
2025-01-21 12:00:00,BTCUSDT,BTCUSDT,0.09864153043389604,103810.12912499999,98766.59555357142,10239.990011430364,10253.096597890455,1
2025-01-21 16:00:00,BTCUSDT,BTCUSDT,0.09864153043389604,103810.12912499999,98766.59555357142,10239.990011430364,10557.735181990673,2
2025-01-21 20:00:00,BTCUSDT,BTCUSDT,0.09864153043389604,103810.12912499999,98766.59555357142,10239.990011430364,10470.188850899984,3
2025-01-22 00:00:00,BTCUSDT,BTCUSDT,0.09864153043389604,103810.12912499999,98766.59555357142,10239.990011430364,10416.546600234726,4
2025-01-22 04:00:00,SOLUSDT,SOLUSDT,40.88580576449819,254.237055,229.6981264285714,10394.686848868043,10569.389648180426,1
2025-01-22 08:00:00,SOLUSDT,SOLUSDT,40.88580576449819,254.237055,229.6981264285714,10394.686848868043,10538.725293857053,2
2025-01-22 12:00:00,SOLUSDT,SOLUSDT,40.88580576449819,254.237055,229.6981264285714,10394.686848868043,10519.917823205384,3
2025-01-22 16:00:00,SOLUSDT,SOLUSDT,40.88580576449819,254.237055,229.6981264285714,10394.686848868043,10846.595411263725,4
2025-01-22 20:00:00,SOLUSDT,SOLUSDT,40.88580576449819,254.237055,254.74552911,10394.686848868043,10522.370971551254,5
2025-01-23 00:00:00,SOLUSDT,USDT_CASH,0.0,0.0,0.0,10391.533125825346,10391.533125825346,0
2025-01-23 04:00:00,SOLUSDT,SOLUSDT,41.70563769443315,248.96442,232.71513428571427,10383.219899324686,10406.807773891904,1
2025-01-23 08:00:00,SOLUSDT,SOLUSDT,41.70563769443315,248.96442,232.71513428571427,10383.219899324686,10184.09966860363,2
2025-01-23 12:00:00,SOLUSDT,SOLUSDT,41.70563769443315,248.96442,232.71513428571427,10383.219899324686,10400.968984614683,3
2025-01-23 16:00:00,BTCUSDT,BTCUSDT,0.09855618470210045,105316.15176,102474.87854571428,10379.558104973,10227.179228784351,1
2025-01-23 20:00:00,SOLUSDT,SOLUSDT,41.32481587663017,246.96341999999999,230.86413428571427,10205.717859762884,10459.724146533863,1
2025-01-24 00:00:00,SOLUSDT,SOLUSDT,41.32481587663017,246.96341999999999,230.86413428571427,10205.717859762884,10423.358308562427,2
2025-01-24 04:00:00,SOLUSDT,SOLUSDT,41.32481587663017,246.96341999999999,247.45734683999999,10205.717859762884,10732.054683160855,3
2025-01-24 08:00:00,SOLUSDT,SOLUSDT,41.32481587663017,246.96341999999999,247.45734683999999,10205.717859762884,11026.287372202461,4
2025-01-24 12:00:00,SOLUSDT,SOLUSDT,41.32481587663017,246.96341999999999,247.45734683999999,10205.717859762884,10838.67270812256,5
2025-01-24 16:00:00,SOLUSDT,SOLUSDT,41.32481587663017,246.96341999999999,247.45734683999999,10205.717859762884,10829.581248629702,6
2025-01-24 20:00:00,SOLUSDT,SOLUSDT,41.32481587663017,246.96341999999999,247.45734683999999,10205.717859762884,10470.468598661786,7
2025-01-25 00:00:00,SOLUSDT,SOLUSDT,41.32481587663017,246.96341999999999,247.45734683999999,10205.717859762884,10444.433964659509,8
2025-01-25 04:00:00,SOLUSDT,USDT_CASH,0.0,0.0,0.0,10202.621469457956,10202.621469457956,0
2025-01-25 08:00:00,SOLUSDT,SOLUSDT,41.20744404876217,247.393635,233.41684928571428,10194.45937228239,10300.62478886908,1
2025-01-25 12:00:00,SOLUSDT,SOLUSDT,41.20744404876217,247.393635,233.41684928571428,10194.45937228239,10453.504406289987,2
2025-01-25 16:00:00,SOLUSDT,SOLUSDT,41.20744404876217,247.393635,247.88842226999998,10194.45937228239,10652.124286605022,3
2025-01-25 20:00:00,SOLUSDT,SOLUSDT,41.20744404876217,247.393635,247.88842226999998,10194.45937228239,10566.00072854311,4
2025-01-26 00:00:00,SOLUSDT,SOLUSDT,41.20744404876217,247.393635,247.88842226999998,10194.45937228239,10648.82769108112,5
2025-01-26 04:00:00,SOLUSDT,SOLUSDT,41.20744404876217,247.393635,247.88842226999998,10194.45937228239,10670.667636426964,6
2025-01-26 08:00:00,SOLUSDT,SOLUSDT,41.20744404876217,247.393635,247.88842226999998,10194.45937228239,10532.210624423124,7
2025-01-26 12:00:00,SOLUSDT,SOLUSDT,41.20744404876217,247.393635,247.88842226999998,10194.45937228239,10490.591105933874,8
2025-01-26 16:00:00,SOLUSDT,SOLUSDT,41.20744404876217,247.393635,247.88842226999998,10194.45937228239,10560.643760816767,9
2025-01-26 20:00:00,SOLUSDT,USDT_CASH,0.0,0.0,0.0,10191.366397775542,10191.366397775542,0
2025-01-27 00:00:00,SOLUSDT,SOLUSDT,42.32244269007466,240.610245,231.03381642857144,10183.213304657322,9979.631986319604,1
2025-01-27 04:00:00,SOLUSDT,USDT_CASH,0.0,0.0,0.0,9755.437983218875,9755.437983218875,0
2025-01-27 08:00:00,USDT_CASH,USDT_CASH,0.0,0.0,0.0,9755.437983218875,9755.437983218875,0
2025-01-27 12:00:00,USDT_CASH,USDT_CASH,0.0,0.0,0.0,9755.437983218875,9755.437983218875,0
2025-01-27 16:00:00,SOLUSDT,SOLUSDT,41.694536105218674,233.78683499999997,222.5222314518639,9747.6336328323,9445.063263915186,1
2025-01-27 20:00:00,USDT_CASH,USDT_CASH,0.0,0.0,0.0,9433.204863196263,9433.204863196263,0
2025-01-28 00:00:00,SOLUSDT,SOLUSDT,40.10620615322694,235.01745,222.66193124242622,9425.658299305705,9492.737934407285,1
2025-01-28 04:00:00,SOLUSDT,SOLUSDT,40.10620615322694,235.01745,222.66193124242622,9425.658299305705,9574.9556570214,2
2025-01-28 08:00:00,SOLUSDT,SOLUSDT,40.10620615322694,235.01745,222.66193124242622,9425.658299305705,9555.30361600632,3
2025-01-28 12:00:00,SOLUSDT,SOLUSDT,40.10620615322694,235.01745,222.66193124242622,9425.658299305705,9524.822899329867,4
2025-01-28 16:00:00,SOLUSDT,SOLUSDT,40.10620615322694,235.01745,222.66193124242622,9425.658299305705,9312.260006717765,5
2025-01-28 20:00:00,BTCUSDT,BTCUSDT,0.0906862833540309,102475.45212,99673.82604857143,9293.117887786746,9189.741680548064,1
2025-01-29 00:00:00,BTCUSDT,BTCUSDT,0.0906862833540309,102475.45212,99673.82604857143,9293.117887786746,9253.465118135275,2
2025-01-29 04:00:00,BTCUSDT,BTCUSDT,0.0906862833540309,102475.45212,99673.82604857143,9293.117887786746,9318.543408795795,3
2025-01-29 08:00:00,BTCUSDT,BTCUSDT,0.0906862833540309,102475.45212,99673.82604857143,9293.117887786746,9308.584241157854,4
2025-01-29 12:00:00,BTCUSDT,BTCUSDT,0.0906862833540309,102475.45212,99673.82604857143,9293.117887786746,9248.257911745086,5
2025-01-29 16:00:00,BTCUSDT,BTCUSDT,0.0906862833540309,102475.45212,99673.82604857143,9293.117887786746,9393.647068081103,6
2025-01-29 20:00:00,BTCUSDT,BTCUSDT,0.0906862833540309,102475.45212,99673.82604857143,9293.117887786746,9407.181995871691,7
2025-01-30 00:00:00,BTCUSDT,BTCUSDT,0.0906862833540309,102475.45212,99673.82604857143,9293.117887786746,9539.834263710634,8
2025-01-30 04:00:00,BTCUSDT,BTCUSDT,0.0906862833540309,102475.45212,99673.82604857143,9293.117887786746,9534.036689615812,9
2025-01-30 08:00:00,BTCUSDT,BTCUSDT,0.0906862833540309,102475.45212,99673.82604857143,9293.117887786746,9549.322769537966,10
2025-01-30 12:00:00,BTCUSDT,BTCUSDT,0.0906862833540309,102475.45212,99673.82604857143,9293.117887786746,9573.206815984917,11
2025-01-30 16:00:00,BTCUSDT,BTCUSDT,0.0906862833540309,102475.45212,99673.82604857143,9293.117887786746,9586.562184934466,12
2025-01-30 20:00:00,BTCUSDT,BTCUSDT,0.0906862833540309,102475.45212,99673.82604857143,9293.117887786746,9496.934210507176,13
2025-01-31 00:00:00,BTCUSDT,BTCUSDT,0.0906862833540309,102475.45212,99673.82604857143,9293.117887786746,9462.611265983343,14
2025-01-31 04:00:00,BTCUSDT,BTCUSDT,0.0906862833540309,102475.45212,99673.82604857143,9293.117887786746,9448.473274408449,15
2025-01-31 08:00:00,BTCUSDT,BTCUSDT,0.0906862833540309,102475.45212,99673.82604857143,9293.117887786746,9498.11857336778,16
2025-01-31 12:00:00,BTCUSDT,BTCUSDT,0.0906862833540309,102475.45212,99673.82604857143,9293.117887786746,9564.139094512348,17
2025-01-31 16:00:00,ETHUSDT,USDT_CASH,0.0,0.0,0.0,9230.689669773115,9230.689669773115,0
2025-01-31 20:00:00,USDT_CASH,USDT_CASH,0.0,0.0,0.0,9230.689669773115,9230.689669773115,0
2025-02-01 00:00:00,USDT_CASH,USDT_CASH,0.0,0.0,0.0,9230.689669773115,9230.689669773115,0
2025-02-01 04:00:00,USDT_CASH,USDT_CASH,0.0,0.0,0.0,9230.689669773115,9230.689669773115,0
2025-02-01 08:00:00,SOLUSDT,SOLUSDT,39.96486656328184,230.78533499999998,225.24199948993362,9223.305118037297,9116.385711750221,1
2025-02-01 12:00:00,SOLUSDT,USDT_CASH,0.0,0.0,0.0,8981.073193337395,8981.073193337395,0
2025-02-01 16:00:00,BTCUSDT,BTCUSDT,0.08787167446019978,102124.926945,100363.68908785714,8973.888334782725,8933.877993698728,1
2025-02-01 20:00:00,BTCUSDT,USDT_CASH,0.0,0.0,0.0,8798.852009648534,8798.852009648534,0
2025-02-02 00:00:00,USDT_CASH,USDT_CASH,0.0,0.0,0.0,8798.852009648534,8798.852009648534,0
2025-02-02 04:00:00,USDT_CASH,USDT_CASH,0.0,0.0,0.0,8798.852009648534,8798.852009648534,0
2025-02-02 08:00:00,USDT_CASH,USDT_CASH,0.0,0.0,0.0,8798.852009648534,8798.852009648534,0
2025-02-02 12:00:00,USDT_CASH,USDT_CASH,0.0,0.0,0.0,8798.852009648534,8798.852009648534,0
2025-02-02 16:00:00,USDT_CASH,USDT_CASH,0.0,0.0,0.0,8798.852009648534,8798.852009648534,0
2025-02-02 20:00:00,USDT_CASH,USDT_CASH,0.0,0.0,0.0,8798.852009648534,8798.852009648534,0
2025-02-03 00:00:00,USDT_CASH,USDT_CASH,0.0,0.0,0.0,8798.852009648534,8798.852009648534,0
2025-02-03 04:00:00,USDT_CASH,USDT_CASH,0.0,0.0,0.0,8798.852009648534,8798.852009648534,0
2025-02-03 08:00:00,USDT_CASH,USDT_CASH,0.0,0.0,0.0,8798.852009648534,8798.852009648534,0
2025-02-03 12:00:00,USDT_CASH,USDT_CASH,0.0,0.0,0.0,8798.852009648534,8798.852009648534,0
2025-02-03 16:00:00,USDT_CASH,USDT_CASH,0.0,0.0,0.0,8798.852009648534,8798.852009648534,0
2025-02-03 20:00:00,BTCUSDT,BTCUSDT,0.08625265097132026,101930.929995,99987.6984563679,8791.812928040814,8739.853469000445,1
2025-02-04 00:00:00,BTCUSDT,BTCUSDT,0.08625265097132026,101930.929995,99987.6984563679,8791.812928040814,8679.578391448666,2
2025-02-04 04:00:00,BTCUSDT,USDT_CASH,0.0,0.0,0.0,8604.378736097906,8604.378736097906,0
2025-02-04 08:00:00,USDT_CASH,USDT_CASH,0.0,0.0,0.0,8604.378736097906,8604.378736097906,0
2025-02-04 12:00:00,USDT_CASH,USDT_CASH,0.0,0.0,0.0,8604.378736097906,8604.378736097906,0
2025-02-04 16:00:00,USDT_CASH,USDT_CASH,0.0,0.0,0.0,8604.378736097906,8604.378736097906,0
2025-02-04 20:00:00,USDT_CASH,USDT_CASH,0.0,0.0,0.0,8604.378736097906,8604.378736097906,0
2025-02-05 00:00:00,USDT_CASH,USDT_CASH,0.0,0.0,0.0,8604.378736097906,8604.378736097906,0
2025-02-05 04:00:00,USDT_CASH,USDT_CASH,0.0,0.0,0.0,8604.378736097906,8604.378736097906,0
2025-02-05 08:00:00,USDT_CASH,USDT_CASH,0.0,0.0,0.0,8604.378736097906,8604.378736097906,0
2025-02-05 12:00:00,USDT_CASH,USDT_CASH,0.0,0.0,0.0,8604.378736097906,8604.378736097906,0
2025-02-05 16:00:00,USDT_CASH,USDT_CASH,0.0,0.0,0.0,8604.378736097906,8604.378736097906,0
2025-02-05 20:00:00,USDT_CASH,USDT_CASH,0.0,0.0,0.0,8604.378736097906,8604.378736097906,0
2025-02-06 00:00:00,USDT_CASH,USDT_CASH,0.0,0.0,0.0,8604.378736097906,8604.378736097906,0
2025-02-06 04:00:00,USDT_CASH,USDT_CASH,0.0,0.0,0.0,8604.378736097906,8604.378736097906,0
2025-02-06 08:00:00,USDT_CASH,USDT_CASH,0.0,0.0,0.0,8604.378736097906,8604.378736097906,0
2025-02-06 12:00:00,USDT_CASH,USDT_CASH,0.0,0.0,0.0,8604.378736097906,8604.378736097906,0
2025-02-06 16:00:00,USDT_CASH,USDT_CASH,0.0,0.0,0.0,8604.378736097906,8604.378736097906,0
2025-02-06 20:00:00,USDT_CASH,USDT_CASH,0.0,0.0,0.0,8604.378736097906,8604.378736097906,0
2025-02-07 00:00:00,USDT_CASH,USDT_CASH,0.0,0.0,0.0,8604.378736097906,8604.378736097906,0
2025-02-07 04:00:00,USDT_CASH,USDT_CASH,0.0,0.0,0.0,8604.378736097906,8604.378736097906,0
2025-02-07 08:00:00,USDT_CASH,USDT_CASH,0.0,0.0,0.0,8604.378736097906,8604.378736097906,0
2025-02-07 12:00:00,USDT_CASH,USDT_CASH,0.0,0.0,0.0,8604.378736097906,8604.378736097906,0
2025-02-07 16:00:00,USDT_CASH,USDT_CASH,0.0,0.0,0.0,8604.378736097906,8604.378736097906,0
2025-02-07 20:00:00,USDT_CASH,USDT_CASH,0.0,0.0,0.0,8604.378736097906,8604.378736097906,0
2025-02-08 00:00:00,USDT_CASH,USDT_CASH,0.0,0.0,0.0,8604.378736097906,8604.378736097906,0
2025-02-08 04:00:00,USDT_CASH,USDT_CASH,0.0,0.0,0.0,8604.378736097906,8604.378736097906,0
2025-02-08 08:00:00,USDT_CASH,USDT_CASH,0.0,0.0,0.0,8604.378736097906,8604.378736097906,0
2025-02-08 12:00:00,USDT_CASH,USDT_CASH,0.0,0.0,0.0,8604.378736097906,8604.378736097906,0
2025-02-08 16:00:00,USDT_CASH,USDT_CASH,0.0,0.0,0.0,8604.378736097906,8604.378736097906,0
2025-02-08 20:00:00,USDT_CASH,USDT_CASH,0.0,0.0,0.0,8604.378736097906,8604.378736097906,0
2025-02-09 00:00:00,USDT_CASH,USDT_CASH,0.0,0.0,0.0,8604.378736097906,8604.378736097906,0
2025-02-09 04:00:00,USDT_CASH,USDT_CASH,0.0,0.0,0.0,8604.378736097906,8604.378736097906,0
2025-02-09 08:00:00,USDT_CASH,USDT_CASH,0.0,0.0,0.0,8604.378736097906,8604.378736097906,0
2025-02-09 12:00:00,USDT_CASH,USDT_CASH,0.0,0.0,0.0,8604.378736097906,8604.378736097906,0
2025-02-09 16:00:00,USDT_CASH,USDT_CASH,0.0,0.0,0.0,8604.378736097906,8604.378736097906,0
2025-02-09 20:00:00,USDT_CASH,USDT_CASH,0.0,0.0,0.0,8604.378736097906,8604.378736097906,0
2025-02-10 00:00:00,USDT_CASH,USDT_CASH,0.0,0.0,0.0,8604.378736097906,8604.378736097906,0
2025-02-10 04:00:00,USDT_CASH,USDT_CASH,0.0,0.0,0.0,8604.378736097906,8604.378736097906,0
2025-02-10 08:00:00,USDT_CASH,USDT_CASH,0.0,0.0,0.0,8604.378736097906,8604.378736097906,0
2025-02-10 12:00:00,USDT_CASH,USDT_CASH,0.0,0.0,0.0,8604.378736097906,8604.378736097906,0
2025-02-10 16:00:00,USDT_CASH,USDT_CASH,0.0,0.0,0.0,8604.378736097906,8604.378736097906,0
2025-02-10 20:00:00,USDT_CASH,USDT_CASH,0.0,0.0,0.0,8604.378736097906,8604.378736097906,0
2025-02-11 00:00:00,USDT_CASH,USDT_CASH,0.0,0.0,0.0,8604.378736097906,8604.378736097906,0
2025-02-11 04:00:00,USDT_CASH,USDT_CASH,0.0,0.0,0.0,8604.378736097906,8604.378736097906,0
2025-02-11 08:00:00,USDT_CASH,USDT_CASH,0.0,0.0,0.0,8604.378736097906,8604.378736097906,0
2025-02-11 12:00:00,USDT_CASH,USDT_CASH,0.0,0.0,0.0,8604.378736097906,8604.378736097906,0
2025-02-11 16:00:00,USDT_CASH,USDT_CASH,0.0,0.0,0.0,8604.378736097906,8604.378736097906,0
2025-02-11 20:00:00,USDT_CASH,USDT_CASH,0.0,0.0,0.0,8604.378736097906,8604.378736097906,0
2025-02-12 00:00:00,USDT_CASH,USDT_CASH,0.0,0.0,0.0,8604.378736097906,8604.378736097906,0
2025-02-12 04:00:00,USDT_CASH,USDT_CASH,0.0,0.0,0.0,8604.378736097906,8604.378736097906,0
2025-02-12 08:00:00,USDT_CASH,USDT_CASH,0.0,0.0,0.0,8604.378736097906,8604.378736097906,0
2025-02-12 12:00:00,USDT_CASH,USDT_CASH,0.0,0.0,0.0,8604.378736097906,8604.378736097906,0
2025-02-12 16:00:00,USDT_CASH,USDT_CASH,0.0,0.0,0.0,8604.378736097906,8604.378736097906,0
2025-02-12 20:00:00,USDT_CASH,USDT_CASH,0.0,0.0,0.0,8604.378736097906,8604.378736097906,0
2025-02-13 00:00:00,USDT_CASH,USDT_CASH,0.0,0.0,0.0,8604.378736097906,8604.378736097906,0
2025-02-13 04:00:00,USDT_CASH,USDT_CASH,0.0,0.0,0.0,8604.378736097906,8604.378736097906,0
2025-02-13 08:00:00,USDT_CASH,USDT_CASH,0.0,0.0,0.0,8604.378736097906,8604.378736097906,0
2025-02-13 12:00:00,USDT_CASH,USDT_CASH,0.0,0.0,0.0,8604.378736097906,8604.378736097906,0
2025-02-13 16:00:00,USDT_CASH,USDT_CASH,0.0,0.0,0.0,8604.378736097906,8604.378736097906,0
2025-02-13 20:00:00,USDT_CASH,USDT_CASH,0.0,0.0,0.0,8604.378736097906,8604.378736097906,0
2025-02-14 00:00:00,USDT_CASH,USDT_CASH,0.0,0.0,0.0,8604.378736097906,8604.378736097906,0
2025-02-14 04:00:00,USDT_CASH,USDT_CASH,0.0,0.0,0.0,8604.378736097906,8604.378736097906,0
2025-02-14 08:00:00,USDT_CASH,USDT_CASH,0.0,0.0,0.0,8604.378736097906,8604.378736097906,0
2025-02-14 12:00:00,USDT_CASH,USDT_CASH,0.0,0.0,0.0,8604.378736097906,8604.378736097906,0
2025-02-14 16:00:00,USDT_CASH,USDT_CASH,0.0,0.0,0.0,8604.378736097906,8604.378736097906,0
2025-02-14 20:00:00,USDT_CASH,USDT_CASH,0.0,0.0,0.0,8604.378736097906,8604.378736097906,0
2025-02-15 00:00:00,USDT_CASH,USDT_CASH,0.0,0.0,0.0,8604.378736097906,8604.378736097906,0
2025-02-15 04:00:00,USDT_CASH,USDT_CASH,0.0,0.0,0.0,8604.378736097906,8604.378736097906,0
2025-02-15 08:00:00,USDT_CASH,USDT_CASH,0.0,0.0,0.0,8604.378736097906,8604.378736097906,0
2025-02-15 12:00:00,USDT_CASH,USDT_CASH,0.0,0.0,0.0,8604.378736097906,8604.378736097906,0
2025-02-15 16:00:00,USDT_CASH,USDT_CASH,0.0,0.0,0.0,8604.378736097906,8604.378736097906,0
2025-02-15 20:00:00,USDT_CASH,USDT_CASH,0.0,0.0,0.0,8604.378736097906,8604.378736097906,0
2025-02-16 00:00:00,USDT_CASH,USDT_CASH,0.0,0.0,0.0,8604.378736097906,8604.378736097906,0
2025-02-16 04:00:00,USDT_CASH,USDT_CASH,0.0,0.0,0.0,8604.378736097906,8604.378736097906,0
2025-02-16 08:00:00,USDT_CASH,USDT_CASH,0.0,0.0,0.0,8604.378736097906,8604.378736097906,0
2025-02-16 12:00:00,USDT_CASH,USDT_CASH,0.0,0.0,0.0,8604.378736097906,8604.378736097906,0
2025-02-16 16:00:00,USDT_CASH,USDT_CASH,0.0,0.0,0.0,8604.378736097906,8604.378736097906,0
2025-02-16 20:00:00,USDT_CASH,USDT_CASH,0.0,0.0,0.0,8604.378736097906,8604.378736097906,0
2025-02-17 00:00:00,USDT_CASH,USDT_CASH,0.0,0.0,0.0,8604.378736097906,8604.378736097906,0
2025-02-17 04:00:00,USDT_CASH,USDT_CASH,0.0,0.0,0.0,8604.378736097906,8604.378736097906,0
2025-02-17 08:00:00,USDT_CASH,USDT_CASH,0.0,0.0,0.0,8604.378736097906,8604.378736097906,0
2025-02-17 12:00:00,USDT_CASH,USDT_CASH,0.0,0.0,0.0,8604.378736097906,8604.378736097906,0
2025-02-17 16:00:00,USDT_CASH,USDT_CASH,0.0,0.0,0.0,8604.378736097906,8604.378736097906,0
2025-02-17 20:00:00,USDT_CASH,USDT_CASH,0.0,0.0,0.0,8604.378736097906,8604.378736097906,0
2025-02-18 00:00:00,USDT_CASH,USDT_CASH,0.0,0.0,0.0,8604.378736097906,8604.378736097906,0
2025-02-18 04:00:00,USDT_CASH,USDT_CASH,0.0,0.0,0.0,8604.378736097906,8604.378736097906,0
2025-02-18 08:00:00,USDT_CASH,USDT_CASH,0.0,0.0,0.0,8604.378736097906,8604.378736097906,0
2025-02-18 12:00:00,USDT_CASH,USDT_CASH,0.0,0.0,0.0,8604.378736097906,8604.378736097906,0
2025-02-18 16:00:00,USDT_CASH,USDT_CASH,0.0,0.0,0.0,8604.378736097906,8604.378736097906,0
2025-02-18 20:00:00,USDT_CASH,USDT_CASH,0.0,0.0,0.0,8604.378736097906,8604.378736097906,0
2025-02-19 00:00:00,USDT_CASH,USDT_CASH,0.0,0.0,0.0,8604.378736097906,8604.378736097906,0
2025-02-19 04:00:00,USDT_CASH,USDT_CASH,0.0,0.0,0.0,8604.378736097906,8604.378736097906,0
2025-02-19 08:00:00,USDT_CASH,USDT_CASH,0.0,0.0,0.0,8604.378736097906,8604.378736097906,0
2025-02-19 12:00:00,USDT_CASH,USDT_CASH,0.0,0.0,0.0,8604.378736097906,8604.378736097906,0
2025-02-19 16:00:00,USDT_CASH,USDT_CASH,0.0,0.0,0.0,8604.378736097906,8604.378736097906,0
2025-02-19 20:00:00,USDT_CASH,USDT_CASH,0.0,0.0,0.0,8604.378736097906,8604.378736097906,0
2025-02-20 00:00:00,USDT_CASH,USDT_CASH,0.0,0.0,0.0,8604.378736097906,8604.378736097906,0
2025-02-20 04:00:00,USDT_CASH,USDT_CASH,0.0,0.0,0.0,8604.378736097906,8604.378736097906,0
2025-02-20 08:00:00,USDT_CASH,USDT_CASH,0.0,0.0,0.0,8604.378736097906,8604.378736097906,0
2025-02-20 12:00:00,USDT_CASH,USDT_CASH,0.0,0.0,0.0,8604.378736097906,8604.378736097906,0
2025-02-20 16:00:00,USDT_CASH,USDT_CASH,0.0,0.0,0.0,8604.378736097906,8604.378736097906,0
2025-02-20 20:00:00,USDT_CASH,USDT_CASH,0.0,0.0,0.0,8604.378736097906,8604.378736097906,0
2025-02-21 00:00:00,USDT_CASH,USDT_CASH,0.0,0.0,0.0,8604.378736097906,8604.378736097906,0
2025-02-21 04:00:00,USDT_CASH,USDT_CASH,0.0,0.0,0.0,8604.378736097906,8604.378736097906,0
2025-02-21 08:00:00,USDT_CASH,USDT_CASH,0.0,0.0,0.0,8604.378736097906,8604.378736097906,0
2025-02-21 12:00:00,USDT_CASH,USDT_CASH,0.0,0.0,0.0,8604.378736097906,8604.378736097906,0
2025-02-21 16:00:00,USDT_CASH,USDT_CASH,0.0,0.0,0.0,8604.378736097906,8604.378736097906,0
2025-02-21 20:00:00,USDT_CASH,USDT_CASH,0.0,0.0,0.0,8604.378736097906,8604.378736097906,0
2025-02-22 00:00:00,USDT_CASH,USDT_CASH,0.0,0.0,0.0,8604.378736097906,8604.378736097906,0
2025-02-22 04:00:00,USDT_CASH,USDT_CASH,0.0,0.0,0.0,8604.378736097906,8604.378736097906,0
2025-02-22 08:00:00,USDT_CASH,USDT_CASH,0.0,0.0,0.0,8604.378736097906,8604.378736097906,0
2025-02-22 12:00:00,USDT_CASH,USDT_CASH,0.0,0.0,0.0,8604.378736097906,8604.378736097906,0
2025-02-22 16:00:00,USDT_CASH,USDT_CASH,0.0,0.0,0.0,8604.378736097906,8604.378736097906,0
2025-02-22 20:00:00,USDT_CASH,USDT_CASH,0.0,0.0,0.0,8604.378736097906,8604.378736097906,0
2025-02-23 00:00:00,USDT_CASH,USDT_CASH,0.0,0.0,0.0,8604.378736097906,8604.378736097906,0
2025-02-23 04:00:00,USDT_CASH,USDT_CASH,0.0,0.0,0.0,8604.378736097906,8604.378736097906,0
2025-02-23 08:00:00,USDT_CASH,USDT_CASH,0.0,0.0,0.0,8604.378736097906,8604.378736097906,0
2025-02-23 12:00:00,USDT_CASH,USDT_CASH,0.0,0.0,0.0,8604.378736097906,8604.378736097906,0
2025-02-23 16:00:00,USDT_CASH,USDT_CASH,0.0,0.0,0.0,8604.378736097906,8604.378736097906,0
2025-02-23 20:00:00,USDT_CASH,USDT_CASH,0.0,0.0,0.0,8604.378736097906,8604.378736097906,0
2025-02-24 00:00:00,USDT_CASH,USDT_CASH,0.0,0.0,0.0,8604.378736097906,8604.378736097906,0
2025-02-24 04:00:00,USDT_CASH,USDT_CASH,0.0,0.0,0.0,8604.378736097906,8604.378736097906,0
2025-02-24 08:00:00,USDT_CASH,USDT_CASH,0.0,0.0,0.0,8604.378736097906,8604.378736097906,0
2025-02-24 12:00:00,USDT_CASH,USDT_CASH,0.0,0.0,0.0,8604.378736097906,8604.378736097906,0
2025-02-24 16:00:00,USDT_CASH,USDT_CASH,0.0,0.0,0.0,8604.378736097906,8604.378736097906,0
2025-02-24 20:00:00,USDT_CASH,USDT_CASH,0.0,0.0,0.0,8604.378736097906,8604.378736097906,0
2025-02-25 00:00:00,USDT_CASH,USDT_CASH,0.0,0.0,0.0,8604.378736097906,8604.378736097906,0
2025-02-25 04:00:00,USDT_CASH,USDT_CASH,0.0,0.0,0.0,8604.378736097906,8604.378736097906,0
2025-02-25 08:00:00,USDT_CASH,USDT_CASH,0.0,0.0,0.0,8604.378736097906,8604.378736097906,0
2025-02-25 12:00:00,USDT_CASH,USDT_CASH,0.0,0.0,0.0,8604.378736097906,8604.378736097906,0
2025-02-25 16:00:00,USDT_CASH,USDT_CASH,0.0,0.0,0.0,8604.378736097906,8604.378736097906,0
2025-02-25 20:00:00,USDT_CASH,USDT_CASH,0.0,0.0,0.0,8604.378736097906,8604.378736097906,0
2025-02-26 00:00:00,USDT_CASH,USDT_CASH,0.0,0.0,0.0,8604.378736097906,8604.378736097906,0
2025-02-26 04:00:00,USDT_CASH,USDT_CASH,0.0,0.0,0.0,8604.378736097906,8604.378736097906,0
2025-02-26 08:00:00,USDT_CASH,USDT_CASH,0.0,0.0,0.0,8604.378736097906,8604.378736097906,0
2025-02-26 12:00:00,USDT_CASH,USDT_CASH,0.0,0.0,0.0,8604.378736097906,8604.378736097906,0
2025-02-26 16:00:00,USDT_CASH,USDT_CASH,0.0,0.0,0.0,8604.378736097906,8604.378736097906,0
2025-02-26 20:00:00,USDT_CASH,USDT_CASH,0.0,0.0,0.0,8604.378736097906,8604.378736097906,0
2025-02-27 00:00:00,USDT_CASH,USDT_CASH,0.0,0.0,0.0,8604.378736097906,8604.378736097906,0
2025-02-27 04:00:00,USDT_CASH,USDT_CASH,0.0,0.0,0.0,8604.378736097906,8604.378736097906,0
2025-02-27 08:00:00,USDT_CASH,USDT_CASH,0.0,0.0,0.0,8604.378736097906,8604.378736097906,0
2025-02-27 12:00:00,USDT_CASH,USDT_CASH,0.0,0.0,0.0,8604.378736097906,8604.378736097906,0
2025-02-27 16:00:00,USDT_CASH,USDT_CASH,0.0,0.0,0.0,8604.378736097906,8604.378736097906,0
2025-02-27 20:00:00,USDT_CASH,USDT_CASH,0.0,0.0,0.0,8604.378736097906,8604.378736097906,0
2025-02-28 00:00:00,USDT_CASH,USDT_CASH,0.0,0.0,0.0,8604.378736097906,8604.378736097906,0
2025-02-28 04:00:00,USDT_CASH,USDT_CASH,0.0,0.0,0.0,8604.378736097906,8604.378736097906,0
2025-02-28 08:00:00,USDT_CASH,USDT_CASH,0.0,0.0,0.0,8604.378736097906,8604.378736097906,0
2025-02-28 12:00:00,USDT_CASH,USDT_CASH,0.0,0.0,0.0,8604.378736097906,8604.378736097906,0
2025-02-28 16:00:00,USDT_CASH,USDT_CASH,0.0,0.0,0.0,8604.378736097906,8604.378736097906,0
2025-02-28 20:00:00,USDT_CASH,USDT_CASH,0.0,0.0,0.0,8604.378736097906,8604.378736097906,0
2025-03-01 00:00:00,USDT_CASH,USDT_CASH,0.0,0.0,0.0,8604.378736097906,8604.378736097906,0
2025-03-01 04:00:00,USDT_CASH,USDT_CASH,0.0,0.0,0.0,8604.378736097906,8604.378736097906,0
2025-03-01 08:00:00,USDT_CASH,USDT_CASH,0.0,0.0,0.0,8604.378736097906,8604.378736097906,0
2025-03-01 12:00:00,USDT_CASH,USDT_CASH,0.0,0.0,0.0,8604.378736097906,8604.378736097906,0
2025-03-01 16:00:00,USDT_CASH,USDT_CASH,0.0,0.0,0.0,8604.378736097906,8604.378736097906,0
2025-03-01 20:00:00,USDT_CASH,USDT_CASH,0.0,0.0,0.0,8604.378736097906,8604.378736097906,0
2025-03-02 00:00:00,USDT_CASH,USDT_CASH,0.0,0.0,0.0,8604.378736097906,8604.378736097906,0
2025-03-02 04:00:00,USDT_CASH,USDT_CASH,0.0,0.0,0.0,8604.378736097906,8604.378736097906,0
2025-03-02 08:00:00,USDT_CASH,USDT_CASH,0.0,0.0,0.0,8604.378736097906,8604.378736097906,0
2025-03-02 12:00:00,USDT_CASH,USDT_CASH,0.0,0.0,0.0,8604.378736097906,8604.378736097906,0
2025-03-02 16:00:00,USDT_CASH,USDT_CASH,0.0,0.0,0.0,8604.378736097906,8604.378736097906,0
2025-03-02 20:00:00,USDT_CASH,USDT_CASH,0.0,0.0,0.0,8604.378736097906,8604.378736097906,0
2025-03-03 00:00:00,USDT_CASH,USDT_CASH,0.0,0.0,0.0,8604.378736097906,8604.378736097906,0
2025-03-03 04:00:00,USDT_CASH,USDT_CASH,0.0,0.0,0.0,8604.378736097906,8604.378736097906,0
2025-03-03 08:00:00,USDT_CASH,USDT_CASH,0.0,0.0,0.0,8604.378736097906,8604.378736097906,0
2025-03-03 12:00:00,USDT_CASH,USDT_CASH,0.0,0.0,0.0,8604.378736097906,8604.378736097906,0
2025-03-03 16:00:00,USDT_CASH,USDT_CASH,0.0,0.0,0.0,8604.378736097906,8604.378736097906,0
2025-03-03 20:00:00,USDT_CASH,USDT_CASH,0.0,0.0,0.0,8604.378736097906,8604.378736097906,0
2025-03-04 00:00:00,USDT_CASH,USDT_CASH,0.0,0.0,0.0,8604.378736097906,8604.378736097906,0
2025-03-04 04:00:00,USDT_CASH,USDT_CASH,0.0,0.0,0.0,8604.378736097906,8604.378736097906,0
2025-03-04 08:00:00,USDT_CASH,USDT_CASH,0.0,0.0,0.0,8604.378736097906,8604.378736097906,0
2025-03-04 12:00:00,USDT_CASH,USDT_CASH,0.0,0.0,0.0,8604.378736097906,8604.378736097906,0
2025-03-04 16:00:00,USDT_CASH,USDT_CASH,0.0,0.0,0.0,8604.378736097906,8604.378736097906,0
2025-03-04 20:00:00,USDT_CASH,USDT_CASH,0.0,0.0,0.0,8604.378736097906,8604.378736097906,0
2025-03-05 00:00:00,USDT_CASH,USDT_CASH,0.0,0.0,0.0,8604.378736097906,8604.378736097906,0
2025-03-05 04:00:00,USDT_CASH,USDT_CASH,0.0,0.0,0.0,8604.378736097906,8604.378736097906,0
2025-03-05 08:00:00,USDT_CASH,USDT_CASH,0.0,0.0,0.0,8604.378736097906,8604.378736097906,0
2025-03-05 12:00:00,USDT_CASH,USDT_CASH,0.0,0.0,0.0,8604.378736097906,8604.378736097906,0
2025-03-05 16:00:00,USDT_CASH,USDT_CASH,0.0,0.0,0.0,8604.378736097906,8604.378736097906,0
2025-03-05 20:00:00,USDT_CASH,USDT_CASH,0.0,0.0,0.0,8604.378736097906,8604.378736097906,0
2025-03-06 00:00:00,USDT_CASH,USDT_CASH,0.0,0.0,0.0,8604.378736097906,8604.378736097906,0
2025-03-06 04:00:00,USDT_CASH,USDT_CASH,0.0,0.0,0.0,8604.378736097906,8604.378736097906,0
2025-03-06 08:00:00,USDT_CASH,USDT_CASH,0.0,0.0,0.0,8604.378736097906,8604.378736097906,0
2025-03-06 12:00:00,USDT_CASH,USDT_CASH,0.0,0.0,0.0,8604.378736097906,8604.378736097906,0
2025-03-06 16:00:00,USDT_CASH,USDT_CASH,0.0,0.0,0.0,8604.378736097906,8604.378736097906,0
2025-03-06 20:00:00,USDT_CASH,USDT_CASH,0.0,0.0,0.0,8604.378736097906,8604.378736097906,0
2025-03-07 00:00:00,USDT_CASH,USDT_CASH,0.0,0.0,0.0,8604.378736097906,8604.378736097906,0
2025-03-07 04:00:00,USDT_CASH,USDT_CASH,0.0,0.0,0.0,8604.378736097906,8604.378736097906,0
2025-03-07 08:00:00,USDT_CASH,USDT_CASH,0.0,0.0,0.0,8604.378736097906,8604.378736097906,0
2025-03-07 12:00:00,USDT_CASH,USDT_CASH,0.0,0.0,0.0,8604.378736097906,8604.378736097906,0
2025-03-07 16:00:00,USDT_CASH,USDT_CASH,0.0,0.0,0.0,8604.378736097906,8604.378736097906,0
2025-03-07 20:00:00,USDT_CASH,USDT_CASH,0.0,0.0,0.0,8604.378736097906,8604.378736097906,0
2025-03-08 00:00:00,USDT_CASH,USDT_CASH,0.0,0.0,0.0,8604.378736097906,8604.378736097906,0
2025-03-08 04:00:00,USDT_CASH,USDT_CASH,0.0,0.0,0.0,8604.378736097906,8604.378736097906,0
2025-03-08 08:00:00,USDT_CASH,USDT_CASH,0.0,0.0,0.0,8604.378736097906,8604.378736097906,0
2025-03-08 12:00:00,USDT_CASH,USDT_CASH,0.0,0.0,0.0,8604.378736097906,8604.378736097906,0
2025-03-08 16:00:00,USDT_CASH,USDT_CASH,0.0,0.0,0.0,8604.378736097906,8604.378736097906,0
2025-03-08 20:00:00,USDT_CASH,USDT_CASH,0.0,0.0,0.0,8604.378736097906,8604.378736097906,0
2025-03-09 00:00:00,USDT_CASH,USDT_CASH,0.0,0.0,0.0,8604.378736097906,8604.378736097906,0
2025-03-09 04:00:00,USDT_CASH,USDT_CASH,0.0,0.0,0.0,8604.378736097906,8604.378736097906,0
2025-03-09 08:00:00,USDT_CASH,USDT_CASH,0.0,0.0,0.0,8604.378736097906,8604.378736097906,0
2025-03-09 12:00:00,USDT_CASH,USDT_CASH,0.0,0.0,0.0,8604.378736097906,8604.378736097906,0
2025-03-09 16:00:00,USDT_CASH,USDT_CASH,0.0,0.0,0.0,8604.378736097906,8604.378736097906,0
2025-03-09 20:00:00,USDT_CASH,USDT_CASH,0.0,0.0,0.0,8604.378736097906,8604.378736097906,0
2025-03-10 00:00:00,USDT_CASH,USDT_CASH,0.0,0.0,0.0,8604.378736097906,8604.378736097906,0
2025-03-10 04:00:00,USDT_CASH,USDT_CASH,0.0,0.0,0.0,8604.378736097906,8604.378736097906,0
2025-03-10 08:00:00,USDT_CASH,USDT_CASH,0.0,0.0,0.0,8604.378736097906,8604.378736097906,0
2025-03-10 12:00:00,USDT_CASH,USDT_CASH,0.0,0.0,0.0,8604.378736097906,8604.378736097906,0
2025-03-10 16:00:00,USDT_CASH,USDT_CASH,0.0,0.0,0.0,8604.378736097906,8604.378736097906,0
2025-03-10 20:00:00,USDT_CASH,USDT_CASH,0.0,0.0,0.0,8604.378736097906,8604.378736097906,0
2025-03-11 00:00:00,USDT_CASH,USDT_CASH,0.0,0.0,0.0,8604.378736097906,8604.378736097906,0
2025-03-11 04:00:00,USDT_CASH,USDT_CASH,0.0,0.0,0.0,8604.378736097906,8604.378736097906,0
2025-03-11 08:00:00,USDT_CASH,USDT_CASH,0.0,0.0,0.0,8604.378736097906,8604.378736097906,0
2025-03-11 12:00:00,USDT_CASH,USDT_CASH,0.0,0.0,0.0,8604.378736097906,8604.378736097906,0
2025-03-11 16:00:00,USDT_CASH,USDT_CASH,0.0,0.0,0.0,8604.378736097906,8604.378736097906,0
2025-03-11 20:00:00,USDT_CASH,USDT_CASH,0.0,0.0,0.0,8604.378736097906,8604.378736097906,0
2025-03-12 00:00:00,USDT_CASH,USDT_CASH,0.0,0.0,0.0,8604.378736097906,8604.378736097906,0
2025-03-12 04:00:00,USDT_CASH,USDT_CASH,0.0,0.0,0.0,8604.378736097906,8604.378736097906,0
2025-03-12 08:00:00,USDT_CASH,USDT_CASH,0.0,0.0,0.0,8604.378736097906,8604.378736097906,0
2025-03-12 12:00:00,USDT_CASH,USDT_CASH,0.0,0.0,0.0,8604.378736097906,8604.378736097906,0
2025-03-12 16:00:00,USDT_CASH,USDT_CASH,0.0,0.0,0.0,8604.378736097906,8604.378736097906,0
2025-03-12 20:00:00,USDT_CASH,USDT_CASH,0.0,0.0,0.0,8604.378736097906,8604.378736097906,0
2025-03-13 00:00:00,USDT_CASH,USDT_CASH,0.0,0.0,0.0,8604.378736097906,8604.378736097906,0
2025-03-13 04:00:00,USDT_CASH,USDT_CASH,0.0,0.0,0.0,8604.378736097906,8604.378736097906,0
2025-03-13 08:00:00,USDT_CASH,USDT_CASH,0.0,0.0,0.0,8604.378736097906,8604.378736097906,0
2025-03-13 12:00:00,USDT_CASH,USDT_CASH,0.0,0.0,0.0,8604.378736097906,8604.378736097906,0
2025-03-13 16:00:00,USDT_CASH,USDT_CASH,0.0,0.0,0.0,8604.378736097906,8604.378736097906,0
2025-03-13 20:00:00,USDT_CASH,USDT_CASH,0.0,0.0,0.0,8604.378736097906,8604.378736097906,0
2025-03-14 00:00:00,USDT_CASH,USDT_CASH,0.0,0.0,0.0,8604.378736097906,8604.378736097906,0
2025-03-14 04:00:00,USDT_CASH,USDT_CASH,0.0,0.0,0.0,8604.378736097906,8604.378736097906,0
2025-03-14 08:00:00,USDT_CASH,USDT_CASH,0.0,0.0,0.0,8604.378736097906,8604.378736097906,0
2025-03-14 12:00:00,USDT_CASH,USDT_CASH,0.0,0.0,0.0,8604.378736097906,8604.378736097906,0
2025-03-14 16:00:00,USDT_CASH,USDT_CASH,0.0,0.0,0.0,8604.378736097906,8604.378736097906,0
2025-03-14 20:00:00,USDT_CASH,USDT_CASH,0.0,0.0,0.0,8604.378736097906,8604.378736097906,0
2025-03-15 00:00:00,USDT_CASH,USDT_CASH,0.0,0.0,0.0,8604.378736097906,8604.378736097906,0
2025-03-15 04:00:00,USDT_CASH,USDT_CASH,0.0,0.0,0.0,8604.378736097906,8604.378736097906,0
2025-03-15 08:00:00,USDT_CASH,USDT_CASH,0.0,0.0,0.0,8604.378736097906,8604.378736097906,0
2025-03-15 12:00:00,USDT_CASH,USDT_CASH,0.0,0.0,0.0,8604.378736097906,8604.378736097906,0
2025-03-15 16:00:00,USDT_CASH,USDT_CASH,0.0,0.0,0.0,8604.378736097906,8604.378736097906,0
2025-03-15 20:00:00,USDT_CASH,USDT_CASH,0.0,0.0,0.0,8604.378736097906,8604.378736097906,0
2025-03-16 00:00:00,USDT_CASH,USDT_CASH,0.0,0.0,0.0,8604.378736097906,8604.378736097906,0
2025-03-16 04:00:00,USDT_CASH,USDT_CASH,0.0,0.0,0.0,8604.378736097906,8604.378736097906,0
2025-03-16 08:00:00,USDT_CASH,USDT_CASH,0.0,0.0,0.0,8604.378736097906,8604.378736097906,0
2025-03-16 12:00:00,USDT_CASH,USDT_CASH,0.0,0.0,0.0,8604.378736097906,8604.378736097906,0
2025-03-16 16:00:00,USDT_CASH,USDT_CASH,0.0,0.0,0.0,8604.378736097906,8604.378736097906,0
2025-03-16 20:00:00,USDT_CASH,USDT_CASH,0.0,0.0,0.0,8604.378736097906,8604.378736097906,0
2025-03-17 00:00:00,USDT_CASH,USDT_CASH,0.0,0.0,0.0,8604.378736097906,8604.378736097906,0
2025-03-17 04:00:00,USDT_CASH,USDT_CASH,0.0,0.0,0.0,8604.378736097906,8604.378736097906,0
2025-03-17 08:00:00,USDT_CASH,USDT_CASH,0.0,0.0,0.0,8604.378736097906,8604.378736097906,0
2025-03-17 12:00:00,USDT_CASH,USDT_CASH,0.0,0.0,0.0,8604.378736097906,8604.378736097906,0
2025-03-17 16:00:00,USDT_CASH,USDT_CASH,0.0,0.0,0.0,8604.378736097906,8604.378736097906,0
2025-03-17 20:00:00,USDT_CASH,USDT_CASH,0.0,0.0,0.0,8604.378736097906,8604.378736097906,0
2025-03-18 00:00:00,USDT_CASH,USDT_CASH,0.0,0.0,0.0,8604.378736097906,8604.378736097906,0
2025-03-18 04:00:00,USDT_CASH,USDT_CASH,0.0,0.0,0.0,8604.378736097906,8604.378736097906,0
2025-03-18 08:00:00,USDT_CASH,USDT_CASH,0.0,0.0,0.0,8604.378736097906,8604.378736097906,0
2025-03-18 12:00:00,USDT_CASH,USDT_CASH,0.0,0.0,0.0,8604.378736097906,8604.378736097906,0
2025-03-18 16:00:00,USDT_CASH,USDT_CASH,0.0,0.0,0.0,8604.378736097906,8604.378736097906,0
2025-03-18 20:00:00,USDT_CASH,USDT_CASH,0.0,0.0,0.0,8604.378736097906,8604.378736097906,0
2025-03-19 00:00:00,USDT_CASH,USDT_CASH,0.0,0.0,0.0,8604.378736097906,8604.378736097906,0
2025-03-19 04:00:00,USDT_CASH,USDT_CASH,0.0,0.0,0.0,8604.378736097906,8604.378736097906,0
2025-03-19 08:00:00,USDT_CASH,USDT_CASH,0.0,0.0,0.0,8604.378736097906,8604.378736097906,0
2025-03-19 12:00:00,USDT_CASH,USDT_CASH,0.0,0.0,0.0,8604.378736097906,8604.378736097906,0
2025-03-19 16:00:00,USDT_CASH,USDT_CASH,0.0,0.0,0.0,8604.378736097906,8604.378736097906,0
2025-03-19 20:00:00,USDT_CASH,USDT_CASH,0.0,0.0,0.0,8604.378736097906,8604.378736097906,0
2025-03-20 00:00:00,USDT_CASH,USDT_CASH,0.0,0.0,0.0,8604.378736097906,8604.378736097906,0
2025-03-20 04:00:00,USDT_CASH,USDT_CASH,0.0,0.0,0.0,8604.378736097906,8604.378736097906,0
2025-03-20 08:00:00,USDT_CASH,USDT_CASH,0.0,0.0,0.0,8604.378736097906,8604.378736097906,0
2025-03-20 12:00:00,USDT_CASH,USDT_CASH,0.0,0.0,0.0,8604.378736097906,8604.378736097906,0
2025-03-20 16:00:00,USDT_CASH,USDT_CASH,0.0,0.0,0.0,8604.378736097906,8604.378736097906,0
2025-03-20 20:00:00,USDT_CASH,USDT_CASH,0.0,0.0,0.0,8604.378736097906,8604.378736097906,0
2025-03-21 00:00:00,USDT_CASH,USDT_CASH,0.0,0.0,0.0,8604.378736097906,8604.378736097906,0
2025-03-21 04:00:00,USDT_CASH,USDT_CASH,0.0,0.0,0.0,8604.378736097906,8604.378736097906,0
2025-03-21 08:00:00,USDT_CASH,USDT_CASH,0.0,0.0,0.0,8604.378736097906,8604.378736097906,0
2025-03-21 12:00:00,USDT_CASH,USDT_CASH,0.0,0.0,0.0,8604.378736097906,8604.378736097906,0
2025-03-21 16:00:00,USDT_CASH,USDT_CASH,0.0,0.0,0.0,8604.378736097906,8604.378736097906,0
2025-03-21 20:00:00,USDT_CASH,USDT_CASH,0.0,0.0,0.0,8604.378736097906,8604.378736097906,0
2025-03-22 00:00:00,USDT_CASH,USDT_CASH,0.0,0.0,0.0,8604.378736097906,8604.378736097906,0
2025-03-22 04:00:00,USDT_CASH,USDT_CASH,0.0,0.0,0.0,8604.378736097906,8604.378736097906,0
2025-03-22 08:00:00,USDT_CASH,USDT_CASH,0.0,0.0,0.0,8604.378736097906,8604.378736097906,0
2025-03-22 12:00:00,USDT_CASH,USDT_CASH,0.0,0.0,0.0,8604.378736097906,8604.378736097906,0
2025-03-22 16:00:00,USDT_CASH,USDT_CASH,0.0,0.0,0.0,8604.378736097906,8604.378736097906,0
2025-03-22 20:00:00,USDT_CASH,USDT_CASH,0.0,0.0,0.0,8604.378736097906,8604.378736097906,0
2025-03-23 00:00:00,USDT_CASH,USDT_CASH,0.0,0.0,0.0,8604.378736097906,8604.378736097906,0
2025-03-23 04:00:00,USDT_CASH,USDT_CASH,0.0,0.0,0.0,8604.378736097906,8604.378736097906,0
2025-03-23 08:00:00,USDT_CASH,USDT_CASH,0.0,0.0,0.0,8604.378736097906,8604.378736097906,0
2025-03-23 12:00:00,USDT_CASH,USDT_CASH,0.0,0.0,0.0,8604.378736097906,8604.378736097906,0
2025-03-23 16:00:00,USDT_CASH,USDT_CASH,0.0,0.0,0.0,8604.378736097906,8604.378736097906,0
2025-03-23 20:00:00,USDT_CASH,USDT_CASH,0.0,0.0,0.0,8604.378736097906,8604.378736097906,0
2025-03-24 00:00:00,USDT_CASH,USDT_CASH,0.0,0.0,0.0,8604.378736097906,8604.378736097906,0
2025-03-24 04:00:00,USDT_CASH,USDT_CASH,0.0,0.0,0.0,8604.378736097906,8604.378736097906,0
2025-03-24 08:00:00,USDT_CASH,USDT_CASH,0.0,0.0,0.0,8604.378736097906,8604.378736097906,0
2025-03-24 12:00:00,USDT_CASH,USDT_CASH,0.0,0.0,0.0,8604.378736097906,8604.378736097906,0
2025-03-24 16:00:00,USDT_CASH,USDT_CASH,0.0,0.0,0.0,8604.378736097906,8604.378736097906,0
2025-03-24 20:00:00,BNBUSDT,BNBUSDT,13.506009640537732,636.568125,627.9538392857143,8597.495233109028,8604.408621793778,1
2025-03-25 00:00:00,BNBUSDT,BNBUSDT,13.506009640537732,636.568125,627.9538392857143,8597.495233109028,8645.061710811797,2
2025-03-25 04:00:00,USDT_CASH,USDT_CASH,0.0,0.0,0.0,8633.826588612426,8633.826588612426,0
2025-03-25 08:00:00,USDT_CASH,USDT_CASH,0.0,0.0,0.0,8633.826588612426,8633.826588612426,0
2025-03-25 12:00:00,USDT_CASH,USDT_CASH,0.0,0.0,0.0,8633.826588612426,8633.826588612426,0
2025-03-25 16:00:00,SOLUSDT,USDT_CASH,0.0,0.0,0.0,8515.261604414503,8515.261604414503,0
2025-03-25 20:00:00,USDT_CASH,USDT_CASH,0.0,0.0,0.0,8515.261604414503,8515.261604414503,0
2025-03-26 00:00:00,USDT_CASH,USDT_CASH,0.0,0.0,0.0,8515.261604414503,8515.261604414503,0
2025-03-26 04:00:00,USDT_CASH,USDT_CASH,0.0,0.0,0.0,8515.261604414503,8515.261604414503,0
2025-03-26 08:00:00,USDT_CASH,USDT_CASH,0.0,0.0,0.0,8515.261604414503,8515.261604414503,0
2025-03-26 12:00:00,USDT_CASH,USDT_CASH,0.0,0.0,0.0,8515.261604414503,8515.261604414503,0
2025-03-26 16:00:00,USDT_CASH,USDT_CASH,0.0,0.0,0.0,8515.261604414503,8515.261604414503,0
2025-03-26 20:00:00,USDT_CASH,USDT_CASH,0.0,0.0,0.0,8515.261604414503,8515.261604414503,0
2025-03-27 00:00:00,USDT_CASH,USDT_CASH,0.0,0.0,0.0,8515.261604414503,8515.261604414503,0
2025-03-27 04:00:00,BTCUSDT,BTCUSDT,0.09700217641282925,87714.005085,86767.51227223105,8508.449395130972,8477.989248459513,1
2025-03-27 08:00:00,BTCUSDT,BTCUSDT,0.09700217641282925,87714.005085,86767.51227223105,8508.449395130972,8433.71066499235,2
2025-03-27 12:00:00,USDT_CASH,USDT_CASH,0.0,0.0,0.0,8422.749245851,8422.749245851,0
2025-03-27 16:00:00,USDT_CASH,USDT_CASH,0.0,0.0,0.0,8422.749245851,8422.749245851,0
2025-03-27 20:00:00,USDT_CASH,USDT_CASH,0.0,0.0,0.0,8422.749245851,8422.749245851,0
2025-03-28 00:00:00,USDT_CASH,USDT_CASH,0.0,0.0,0.0,8422.749245851,8422.749245851,0
2025-03-28 04:00:00,USDT_CASH,USDT_CASH,0.0,0.0,0.0,8422.749245851,8422.749245851,0
2025-03-28 08:00:00,USDT_CASH,USDT_CASH,0.0,0.0,0.0,8422.749245851,8422.749245851,0
2025-03-28 12:00:00,USDT_CASH,USDT_CASH,0.0,0.0,0.0,8422.749245851,8422.749245851,0
2025-03-28 16:00:00,USDT_CASH,USDT_CASH,0.0,0.0,0.0,8422.749245851,8422.749245851,0
2025-03-28 20:00:00,USDT_CASH,USDT_CASH,0.0,0.0,0.0,8422.749245851,8422.749245851,0
2025-03-29 00:00:00,USDT_CASH,USDT_CASH,0.0,0.0,0.0,8422.749245851,8422.749245851,0
2025-03-29 04:00:00,USDT_CASH,USDT_CASH,0.0,0.0,0.0,8422.749245851,8422.749245851,0
2025-03-29 08:00:00,USDT_CASH,USDT_CASH,0.0,0.0,0.0,8422.749245851,8422.749245851,0
2025-03-29 12:00:00,USDT_CASH,USDT_CASH,0.0,0.0,0.0,8422.749245851,8422.749245851,0
2025-03-29 16:00:00,USDT_CASH,USDT_CASH,0.0,0.0,0.0,8422.749245851,8422.749245851,0
2025-03-29 20:00:00,USDT_CASH,USDT_CASH,0.0,0.0,0.0,8422.749245851,8422.749245851,0
2025-03-30 00:00:00,USDT_CASH,USDT_CASH,0.0,0.0,0.0,8422.749245851,8422.749245851,0
2025-03-30 04:00:00,USDT_CASH,USDT_CASH,0.0,0.0,0.0,8422.749245851,8422.749245851,0
2025-03-30 08:00:00,USDT_CASH,USDT_CASH,0.0,0.0,0.0,8422.749245851,8422.749245851,0
2025-03-30 12:00:00,USDT_CASH,USDT_CASH,0.0,0.0,0.0,8422.749245851,8422.749245851,0
2025-03-30 16:00:00,USDT_CASH,USDT_CASH,0.0,0.0,0.0,8422.749245851,8422.749245851,0
2025-03-30 20:00:00,USDT_CASH,USDT_CASH,0.0,0.0,0.0,8422.749245851,8422.749245851,0
2025-03-31 00:00:00,USDT_CASH,USDT_CASH,0.0,0.0,0.0,8422.749245851,8422.749245851,0
2025-03-31 04:00:00,USDT_CASH,USDT_CASH,0.0,0.0,0.0,8422.749245851,8422.749245851,0
2025-03-31 08:00:00,USDT_CASH,USDT_CASH,0.0,0.0,0.0,8422.749245851,8422.749245851,0
2025-03-31 12:00:00,USDT_CASH,USDT_CASH,0.0,0.0,0.0,8422.749245851,8422.749245851,0
2025-03-31 16:00:00,USDT_CASH,USDT_CASH,0.0,0.0,0.0,8422.749245851,8422.749245851,0
2025-03-31 20:00:00,USDT_CASH,USDT_CASH,0.0,0.0,0.0,8422.749245851,8422.749245851,0
2025-04-01 00:00:00,USDT_CASH,USDT_CASH,0.0,0.0,0.0,8422.749245851,8422.749245851,0
2025-04-01 04:00:00,USDT_CASH,USDT_CASH,0.0,0.0,0.0,8422.749245851,8422.749245851,0
2025-04-01 08:00:00,USDT_CASH,USDT_CASH,0.0,0.0,0.0,8422.749245851,8422.749245851,0
2025-04-01 12:00:00,USDT_CASH,USDT_CASH,0.0,0.0,0.0,8422.749245851,8422.749245851,0
2025-04-01 16:00:00,USDT_CASH,USDT_CASH,0.0,0.0,0.0,8422.749245851,8422.749245851,0
2025-04-01 20:00:00,USDT_CASH,USDT_CASH,0.0,0.0,0.0,8422.749245851,8422.749245851,0
2025-04-02 00:00:00,USDT_CASH,USDT_CASH,0.0,0.0,0.0,8422.749245851,8422.749245851,0
2025-04-02 04:00:00,USDT_CASH,USDT_CASH,0.0,0.0,0.0,8422.749245851,8422.749245851,0
2025-04-02 08:00:00,USDT_CASH,USDT_CASH,0.0,0.0,0.0,8422.749245851,8422.749245851,0
2025-04-02 12:00:00,USDT_CASH,USDT_CASH,0.0,0.0,0.0,8422.749245851,8422.749245851,0
2025-04-02 16:00:00,BTCUSDT,BTCUSDT,0.0969574810374965,86801.048835,85753.66487302865,8416.01104645432,8425.607041308067,1
2025-04-02 20:00:00,BTCUSDT,USDT_CASH,0.0,0.0,0.0,8295.346056701317,8295.346056701317,0
2025-04-03 00:00:00,USDT_CASH,USDT_CASH,0.0,0.0,0.0,8295.346056701317,8295.346056701317,0
2025-04-03 04:00:00,USDT_CASH,USDT_CASH,0.0,0.0,0.0,8295.346056701317,8295.346056701317,0
2025-04-03 08:00:00,USDT_CASH,USDT_CASH,0.0,0.0,0.0,8295.346056701317,8295.346056701317,0
2025-04-03 12:00:00,USDT_CASH,USDT_CASH,0.0,0.0,0.0,8295.346056701317,8295.346056701317,0
2025-04-03 16:00:00,USDT_CASH,USDT_CASH,0.0,0.0,0.0,8295.346056701317,8295.346056701317,0
2025-04-03 20:00:00,USDT_CASH,USDT_CASH,0.0,0.0,0.0,8295.346056701317,8295.346056701317,0
2025-04-04 00:00:00,USDT_CASH,USDT_CASH,0.0,0.0,0.0,8295.346056701317,8295.346056701317,0
2025-04-04 04:00:00,USDT_CASH,USDT_CASH,0.0,0.0,0.0,8295.346056701317,8295.346056701317,0
2025-04-04 08:00:00,USDT_CASH,USDT_CASH,0.0,0.0,0.0,8295.346056701317,8295.346056701317,0
2025-04-04 12:00:00,USDT_CASH,USDT_CASH,0.0,0.0,0.0,8295.346056701317,8295.346056701317,0
2025-04-04 16:00:00,USDT_CASH,USDT_CASH,0.0,0.0,0.0,8295.346056701317,8295.346056701317,0
2025-04-04 20:00:00,USDT_CASH,USDT_CASH,0.0,0.0,0.0,8295.346056701317,8295.346056701317,0
2025-04-05 00:00:00,USDT_CASH,USDT_CASH,0.0,0.0,0.0,8295.346056701317,8295.346056701317,0
2025-04-05 04:00:00,USDT_CASH,USDT_CASH,0.0,0.0,0.0,8295.346056701317,8295.346056701317,0
2025-04-05 08:00:00,USDT_CASH,USDT_CASH,0.0,0.0,0.0,8295.346056701317,8295.346056701317,0
2025-04-05 12:00:00,USDT_CASH,USDT_CASH,0.0,0.0,0.0,8295.346056701317,8295.346056701317,0
2025-04-05 16:00:00,USDT_CASH,USDT_CASH,0.0,0.0,0.0,8295.346056701317,8295.346056701317,0
2025-04-05 20:00:00,USDT_CASH,USDT_CASH,0.0,0.0,0.0,8295.346056701317,8295.346056701317,0
2025-04-06 00:00:00,USDT_CASH,USDT_CASH,0.0,0.0,0.0,8295.346056701317,8295.346056701317,0
2025-04-06 04:00:00,USDT_CASH,USDT_CASH,0.0,0.0,0.0,8295.346056701317,8295.346056701317,0
2025-04-06 08:00:00,USDT_CASH,USDT_CASH,0.0,0.0,0.0,8295.346056701317,8295.346056701317,0
2025-04-06 12:00:00,USDT_CASH,USDT_CASH,0.0,0.0,0.0,8295.346056701317,8295.346056701317,0
2025-04-06 16:00:00,USDT_CASH,USDT_CASH,0.0,0.0,0.0,8295.346056701317,8295.346056701317,0
2025-04-06 20:00:00,USDT_CASH,USDT_CASH,0.0,0.0,0.0,8295.346056701317,8295.346056701317,0
2025-04-07 00:00:00,USDT_CASH,USDT_CASH,0.0,0.0,0.0,8295.346056701317,8295.346056701317,0
2025-04-07 04:00:00,USDT_CASH,USDT_CASH,0.0,0.0,0.0,8295.346056701317,8295.346056701317,0
2025-04-07 08:00:00,USDT_CASH,USDT_CASH,0.0,0.0,0.0,8295.346056701317,8295.346056701317,0
2025-04-07 12:00:00,USDT_CASH,USDT_CASH,0.0,0.0,0.0,8295.346056701317,8295.346056701317,0
2025-04-07 16:00:00,USDT_CASH,USDT_CASH,0.0,0.0,0.0,8295.346056701317,8295.346056701317,0
2025-04-07 20:00:00,USDT_CASH,USDT_CASH,0.0,0.0,0.0,8295.346056701317,8295.346056701317,0
2025-04-08 00:00:00,USDT_CASH,USDT_CASH,0.0,0.0,0.0,8295.346056701317,8295.346056701317,0
2025-04-08 04:00:00,USDT_CASH,USDT_CASH,0.0,0.0,0.0,8295.346056701317,8295.346056701317,0
2025-04-08 08:00:00,USDT_CASH,USDT_CASH,0.0,0.0,0.0,8295.346056701317,8295.346056701317,0
2025-04-08 12:00:00,USDT_CASH,USDT_CASH,0.0,0.0,0.0,8295.346056701317,8295.346056701317,0
2025-04-08 16:00:00,USDT_CASH,USDT_CASH,0.0,0.0,0.0,8295.346056701317,8295.346056701317,0
2025-04-08 20:00:00,USDT_CASH,USDT_CASH,0.0,0.0,0.0,8295.346056701317,8295.346056701317,0
2025-04-09 00:00:00,USDT_CASH,USDT_CASH,0.0,0.0,0.0,8295.346056701317,8295.346056701317,0
2025-04-09 04:00:00,USDT_CASH,USDT_CASH,0.0,0.0,0.0,8295.346056701317,8295.346056701317,0
2025-04-09 08:00:00,USDT_CASH,USDT_CASH,0.0,0.0,0.0,8295.346056701317,8295.346056701317,0
2025-04-09 12:00:00,USDT_CASH,USDT_CASH,0.0,0.0,0.0,8295.346056701317,8295.346056701317,0
2025-04-09 16:00:00,USDT_CASH,USDT_CASH,0.0,0.0,0.0,8295.346056701317,8295.346056701317,0
2025-04-09 20:00:00,USDT_CASH,USDT_CASH,0.0,0.0,0.0,8295.346056701317,8295.346056701317,0
2025-04-10 00:00:00,USDT_CASH,USDT_CASH,0.0,0.0,0.0,8295.346056701317,8295.346056701317,0
2025-04-10 04:00:00,USDT_CASH,USDT_CASH,0.0,0.0,0.0,8295.346056701317,8295.346056701317,0
2025-04-10 08:00:00,USDT_CASH,USDT_CASH,0.0,0.0,0.0,8295.346056701317,8295.346056701317,0
2025-04-10 12:00:00,USDT_CASH,USDT_CASH,0.0,0.0,0.0,8295.346056701317,8295.346056701317,0
2025-04-10 16:00:00,USDT_CASH,USDT_CASH,0.0,0.0,0.0,8295.346056701317,8295.346056701317,0
2025-04-10 20:00:00,USDT_CASH,USDT_CASH,0.0,0.0,0.0,8295.346056701317,8295.346056701317,0
2025-04-11 00:00:00,USDT_CASH,USDT_CASH,0.0,0.0,0.0,8295.346056701317,8295.346056701317,0
2025-04-11 04:00:00,USDT_CASH,USDT_CASH,0.0,0.0,0.0,8295.346056701317,8295.346056701317,0
2025-04-11 08:00:00,USDT_CASH,USDT_CASH,0.0,0.0,0.0,8295.346056701317,8295.346056701317,0
2025-04-11 12:00:00,USDT_CASH,USDT_CASH,0.0,0.0,0.0,8295.346056701317,8295.346056701317,0
2025-04-11 16:00:00,USDT_CASH,USDT_CASH,0.0,0.0,0.0,8295.346056701317,8295.346056701317,0
2025-04-11 20:00:00,USDT_CASH,USDT_CASH,0.0,0.0,0.0,8295.346056701317,8295.346056701317,0
2025-04-12 00:00:00,USDT_CASH,USDT_CASH,0.0,0.0,0.0,8295.346056701317,8295.346056701317,0
2025-04-12 04:00:00,USDT_CASH,USDT_CASH,0.0,0.0,0.0,8295.346056701317,8295.346056701317,0
2025-04-12 08:00:00,USDT_CASH,USDT_CASH,0.0,0.0,0.0,8295.346056701317,8295.346056701317,0
2025-04-12 12:00:00,USDT_CASH,USDT_CASH,0.0,0.0,0.0,8295.346056701317,8295.346056701317,0
2025-04-12 16:00:00,SOLUSDT,SOLUSDT,63.49787304443858,130.535235,127.41303874558656,8288.709779855955,8299.806985638566,1
2025-04-12 20:00:00,SOLUSDT,SOLUSDT,63.49787304443858,130.535235,127.41303874558656,8288.709779855955,8396.958731396559,2
2025-04-13 00:00:00,SOLUSDT,SOLUSDT,63.49787304443858,130.535235,127.41303874558656,8288.709779855955,8369.65464598745,3
2025-04-13 04:00:00,BTCUSDT,BTCUSDT,0.09771380947821692,85475.026155,83543.54921531267,8352.090420855278,8248.325570865674,1
2025-04-13 08:00:00,BTCUSDT,BTCUSDT,0.09771380947821692,85475.026155,83543.54921531267,8352.090420855278,8259.617378688976,2
2025-04-13 12:00:00,SOLUSDT,USDT_CASH,0.0,0.0,0.0,8074.706957220304,8074.706957220304,0
2025-04-13 16:00:00,USDT_CASH,USDT_CASH,0.0,0.0,0.0,8074.706957220304,8074.706957220304,0
2025-04-13 20:00:00,USDT_CASH,USDT_CASH,0.0,0.0,0.0,8074.706957220304,8074.706957220304,0
2025-04-14 00:00:00,USDT_CASH,USDT_CASH,0.0,0.0,0.0,8074.706957220304,8074.706957220304,0
2025-04-14 04:00:00,SOLUSDT,SOLUSDT,61.21310979286831,131.80587,127.58000683210012,8068.247191654527,8098.494425596478,1
2025-04-14 08:00:00,SOLUSDT,SOLUSDT,61.21310979286831,131.80587,127.58000683210012,8068.247191654527,8171.950157347919,2
2025-04-14 12:00:00,SOLUSDT,SOLUSDT,61.21310979286831,131.80587,127.58000683210012,8068.247191654527,7884.248541321439,3
2025-04-14 16:00:00,SOLUSDT,SOLUSDT,61.21310979286831,131.80587,127.58000683210012,8068.247191654527,8023.814431649179,4
2025-04-14 20:00:00,SOLUSDT,SOLUSDT,61.21310979286831,131.80587,127.58000683210012,8068.247191654527,7922.200669393016,5
2025-04-15 00:00:00,SOLUSDT,SOLUSDT,61.21310979286831,131.80587,127.58000683210012,8068.247191654527,7990.7593523610285,6
2025-04-15 04:00:00,BTCUSDT,BTCUSDT,0.09334748254453452,85422.65998499999,83601.28515270224,7973.990261857494,8001.444691348881,1
2025-04-15 08:00:00,BTCUSDT,BTCUSDT,0.09334748254453452,85422.65998499999,83601.28515270224,7973.990261857494,7989.53915342515,2
2025-04-15 12:00:00,BTCUSDT,BTCUSDT,0.09334748254453452,85422.65998499999,83601.28515270224,7973.990261857494,7926.894591364338,3
2025-04-15 16:00:00,BTCUSDT,BTCUSDT,0.09334748254453452,85422.65998499999,83601.28515270224,7973.990261857494,7841.050379466735,4
2025-04-15 20:00:00,USDT_CASH,USDT_CASH,0.0,0.0,0.0,7830.859218131896,7830.859218131896,0
2025-04-16 00:00:00,USDT_CASH,USDT_CASH,0.0,0.0,0.0,7830.859218131896,7830.859218131896,0
2025-04-16 04:00:00,USDT_CASH,USDT_CASH,0.0,0.0,0.0,7830.859218131896,7830.859218131896,0
2025-04-16 08:00:00,USDT_CASH,USDT_CASH,0.0,0.0,0.0,7830.859218131896,7830.859218131896,0
2025-04-16 12:00:00,USDT_CASH,USDT_CASH,0.0,0.0,0.0,7830.859218131896,7830.859218131896,0
2025-04-16 16:00:00,BTCUSDT,USDT_CASH,0.0,0.0,0.0,7691.260558896836,7691.260558896836,0
2025-04-16 20:00:00,SOLUSDT,SOLUSDT,57.99371020755925,132.516225,127.75211528064045,7685.1075504497185,7616.313961558758,1
2025-04-17 00:00:00,USDT_CASH,USDT_CASH,0.0,0.0,0.0,7606.415799934316,7606.415799934316,0
2025-04-17 04:00:00,USDT_CASH,USDT_CASH,0.0,0.0,0.0,7606.415799934316,7606.415799934316,0
2025-04-17 08:00:00,SOLUSDT,SOLUSDT,56.584971330307795,134.317125,128.53248214285713,7600.330667294369,7532.591383490574,1
2025-04-17 12:00:00,SOLUSDT,SOLUSDT,56.584971330307795,134.317125,128.53248214285713,7600.330667294369,7551.264424029575,2
2025-04-17 16:00:00,SOLUSDT,SOLUSDT,56.584971330307795,134.317125,128.53248214285713,7600.330667294369,7520.708539511209,3
2025-04-17 20:00:00,SOLUSDT,SOLUSDT,56.584971330307795,134.317125,128.53248214285713,7600.330667294369,7629.351684465401,4
2025-04-18 00:00:00,SOLUSDT,SOLUSDT,56.584971330307795,134.317125,128.53248214285713,7600.330667294369,7611.244493639701,5
2025-04-18 04:00:00,SOLUSDT,SOLUSDT,56.584971330307795,134.317125,128.53248214285713,7600.330667294369,7633.8784821718245,6
2025-04-18 08:00:00,SOLUSDT,SOLUSDT,56.584971330307795,134.317125,128.53248214285713,7600.330667294369,7597.664100520428,7
2025-04-18 12:00:00,SOLUSDT,SOLUSDT,56.584971330307795,134.317125,128.53248214285713,7600.330667294369,7520.708539511209,8
2025-04-18 16:00:00,SOLUSDT,SOLUSDT,56.584971330307795,134.317125,128.53248214285713,7600.330667294369,7594.2690022406105,9
2025-04-18 20:00:00,SOLUSDT,SOLUSDT,56.584971330307795,134.317125,128.53248214285713,7600.330667294369,7584.649557114457,10
2025-04-19 00:00:00,SOLUSDT,SOLUSDT,56.584971330307795,134.317125,128.53248214285713,7600.330667294369,7855.125720073328,11
2025-04-19 04:00:00,SOLUSDT,SOLUSDT,56.584971330307795,134.317125,128.53248214285713,7600.330667294369,7851.730621793509,12
2025-04-19 08:00:00,SOLUSDT,SOLUSDT,56.584971330307795,134.317125,128.53248214285713,7600.330667294369,7852.296471506814,13
2025-04-19 12:00:00,SOLUSDT,SOLUSDT,56.584971330307795,134.317125,128.53248214285713,7600.330667294369,7862.481766346268,14
2025-04-19 16:00:00,SOLUSDT,SOLUSDT,56.584971330307795,134.317125,128.53248214285713,7600.330667294369,7848.901373226995,15
2025-04-19 20:00:00,SOLUSDT,SOLUSDT,56.584971330307795,134.317125,128.53248214285713,7600.330667294369,7914.539939970152,16
2025-04-20 00:00:00,SOLUSDT,SOLUSDT,56.584971330307795,134.317125,134.58575925,7600.330667294369,7976.217558720187,17
2025-04-20 04:00:00,SOLUSDT,SOLUSDT,56.584971330307795,134.317125,134.58575925,7600.330667294369,7899.8278474242725,18
2025-04-20 08:00:00,SOLUSDT,SOLUSDT,56.584971330307795,134.317125,134.58575925,7600.330667294369,7717.058390027377,19
2025-04-20 12:00:00,USDT_CASH,USDT_CASH,0.0,0.0,0.0,7707.029300943699,7707.029300943699,0
2025-04-20 16:00:00,SOLUSDT,SOLUSDT,56.62067949034858,136.00797,132.39189857142856,7700.8636775029445,7768.357226075824,1
2025-04-20 20:00:00,SOLUSDT,SOLUSDT,56.62067949034858,136.00797,132.39189857142856,7700.8636775029445,7805.726874539456,2
2025-04-21 00:00:00,SOLUSDT,SOLUSDT,56.62067949034858,136.00797,136.27998594,7700.8636775029445,7892.356514159687,3
2025-04-21 04:00:00,BTCUSDT,BTCUSDT,0.09026784529505118,87249.16278,86273.47492285715,7875.793927947778,7892.549194446835,1
2025-04-21 08:00:00,BTCUSDT,BTCUSDT,0.09026784529505118,87249.16278,86273.47492285715,7875.793927947778,7850.767819573568,2
2025-04-21 12:00:00,SOLUSDT,SOLUSDT,56.341756519537604,139.04949,135.27698999999998,7834.292509745878,7793.755179347638,1
2025-04-21 16:00:00,BTCUSDT,USDT_CASH,0.0,0.0,0.0,7652.673038348379,7652.673038348379,0
2025-04-21 20:00:00,BTCUSDT,BTCUSDT,0.08743032278694818,87458.797545,86084.97968785714,7646.5508999177,7651.572237996797,1
2025-04-22 00:00:00,BTCUSDT,BTCUSDT,0.08743032278694818,87458.797545,86084.97968785714,7646.5508999177,7707.643052606523,2
2025-04-22 04:00:00,BTCUSDT,BTCUSDT,0.08743032278694818,87458.797545,86084.97968785714,7646.5508999177,7735.55780606594,3
2025-04-22 08:00:00,BTCUSDT,BTCUSDT,0.08743032278694818,87458.797545,86084.97968785714,7646.5508999177,7747.559366474905,4
2025-04-22 12:00:00,BTCUSDT,BTCUSDT,0.08743032278694818,87458.797545,86084.97968785714,7646.5508999177,7950.442304805245,5
2025-04-22 16:00:00,BTCUSDT,BTCUSDT,0.08743032278694818,87458.797545,86084.97968785714,7646.5508999177,7992.424597201081,6
2025-04-22 20:00:00,BTCUSDT,BTCUSDT,0.08743032278694818,87458.797545,87633.71514008999,7646.5508999177,8169.750777877571,7
2025-04-23 00:00:00,BTCUSDT,BTCUSDT,0.08743032278694818,87458.797545,87633.71514008999,7646.5508999177,8145.787875008124,8
2025-04-23 04:00:00,BTCUSDT,BTCUSDT,0.08743032278694818,87458.797545,87633.71514008999,7646.5508999177,8230.150267768478,9
2025-04-23 08:00:00,BTCUSDT,BTCUSDT,0.08743032278694818,87458.797545,87633.71514008999,7646.5508999177,8171.763423908125,10
2025-04-23 12:00:00,BTCUSDT,BTCUSDT,0.08743032278694818,87458.797545,87633.71514008999,7646.5508999177,8148.093412620015,11
2025-04-23 16:00:00,BTCUSDT,BTCUSDT,0.08743032278694818,87458.797545,87633.71514008999,7646.5508999177,8174.549828295347,12
2025-04-23 20:00:00,BTCUSDT,BTCUSDT,0.08743032278694818,87458.797545,87633.71514008999,7646.5508999177,8191.441366657785,13
2025-04-24 00:00:00,BTCUSDT,BTCUSDT,0.08743032278694818,87458.797545,87633.71514008999,7646.5508999177,8102.513362441496,14
2025-04-24 04:00:00,BTCUSDT,BTCUSDT,0.08743032278694818,87458.797545,87633.71514008999,7646.5508999177,8061.3861386025155,15
2025-04-24 08:00:00,BTCUSDT,BTCUSDT,0.08743032278694818,87458.797545,87633.71514008999,7646.5508999177,8097.791250707773,16
2025-04-24 12:00:00,BTCUSDT,BTCUSDT,0.08743032278694818,87458.797545,87633.71514008999,7646.5508999177,8148.725533853764,17
2025-04-24 16:00:00,BTCUSDT,BTCUSDT,0.08743032278694818,87458.797545,87633.71514008999,7646.5508999177,8179.641770294457,18
2025-04-24 20:00:00,BTCUSDT,BTCUSDT,0.08743032278694818,87458.797545,87633.71514008999,7646.5508999177,8216.7428277691,19
2025-04-25 00:00:00,BTCUSDT,BTCUSDT,0.08743032278694818,87458.797545,87633.71514008999,7646.5508999177,8158.283416740835,20
2025-04-25 04:00:00,BTCUSDT,BTCUSDT,0.08743032278694818,87458.797545,87633.71514008999,7646.5508999177,8198.538960261629,21
2025-04-25 08:00:00,BTCUSDT,BTCUSDT,0.08743032278694818,87458.797545,87633.71514008999,7646.5508999177,8274.027175259107,22
2025-04-25 12:00:00,BTCUSDT,BTCUSDT,0.08743032278694818,87458.797545,87633.71514008999,7646.5508999177,8311.233149121093,23
2025-04-25 16:00:00,BTCUSDT,BTCUSDT,0.08743032278694818,87458.797545,87633.71514008999,7646.5508999177,8331.322888691078,24
2025-04-25 20:00:00,BTCUSDT,BTCUSDT,0.08743032278694818,87458.797545,87633.71514008999,7646.5508999177,8274.290340530695,25
2025-04-26 00:00:00,BTCUSDT,BTCUSDT,0.08743032278694818,87458.797545,87633.71514008999,7646.5508999177,8283.147906532242,26
2025-04-26 04:00:00,BTCUSDT,BTCUSDT,0.08743032278694818,87458.797545,87633.71514008999,7646.5508999177,8268.312729361753,27
2025-04-26 08:00:00,BTCUSDT,BTCUSDT,0.08743032278694818,87458.797545,87633.71514008999,7646.5508999177,8231.045554273816,28
2025-04-26 12:00:00,BTCUSDT,BTCUSDT,0.08743032278694818,87458.797545,87633.71514008999,7646.5508999177,8251.08283565013,29
2025-04-26 16:00:00,ETHUSDT,ETHUSDT,4.57152128336132,1801.1000999999999,1751.1382184674333,8233.767440614201,8288.533808436741,1
2025-04-26 20:00:00,ETHUSDT,ETHUSDT,4.57152128336132,1801.1000999999999,1751.1382184674333,8233.767440614201,8324.191674446962,2
2025-04-27 00:00:00,ETHUSDT,ETHUSDT,4.57152128336132,1801.1000999999999,1751.1382184674333,8233.767440614201,8273.310642563149,3
2025-04-27 04:00:00,ETHUSDT,ETHUSDT,4.57152128336132,1801.1000999999999,1751.1382184674333,8233.767440614201,8245.927230075815,4
2025-04-27 08:00:00,ETHUSDT,ETHUSDT,4.57152128336132,1801.1000999999999,1751.1382184674333,8233.767440614201,8255.893146473543,5
2025-04-27 12:00:00,ETHUSDT,ETHUSDT,4.57152128336132,1801.1000999999999,1751.1382184674333,8233.767440614201,8200.669169370538,6
2025-04-27 16:00:00,ETHUSDT,ETHUSDT,4.57152128336132,1801.1000999999999,1751.1382184674333,8233.767440614201,8265.356195530101,7
2025-04-27 20:00:00,ETHUSDT,ETHUSDT,4.57152128336132,1801.1000999999999,1751.1382184674333,8233.767440614201,8188.920359672299,8
2025-04-28 00:00:00,ETHUSDT,ETHUSDT,4.57152128336132,1801.1000999999999,1751.1382184674333,8233.767440614201,8156.645419411769,9
2025-04-28 04:00:00,BTCUSDT,BTCUSDT,0.08668584490954769,93896.85496499999,92802.97996499999,8139.528206990282,8208.498502238896,1
2025-04-28 08:00:00,ETHUSDT,ETHUSDT,4.536335817571777,1805.7024,1761.1213285714284,8191.272472995319,8238.89311187386,1
2025-04-28 12:00:00,BTCUSDT,USDT_CASH,0.0,0.0,0.0,8103.221266628442,8103.221266628442,0
2025-04-28 16:00:00,BTCUSDT,BTCUSDT,0.08624523590661563,93880.41674999999,92552.81175,8096.738689615139,8174.9444249275575,1
2025-04-28 20:00:00,BTCUSDT,BTCUSDT,0.08624523590661563,93880.41674999999,92552.81175,8096.738689615139,8194.26163286592,2
2025-04-29 00:00:00,BTCUSDT,BTCUSDT,0.08624523590661563,93880.41674999999,92552.81175,8096.738689615139,8163.867086827711,3
2025-04-29 04:00:00,ETHUSDT,ETHUSDT,4.518505123216853,1802.9710349999998,1756.785534797433,8146.73385865909,8231.405968015373,1
2025-04-29 08:00:00,ETHUSDT,ETHUSDT,4.518505123216853,1802.9710349999998,1756.785534797433,8146.73385865909,8267.8251193085,2
2025-04-29 12:00:00,ETHUSDT,ETHUSDT,4.518505123216853,1802.9710349999998,1756.785534797433,8146.73385865909,8201.041613587355,3
2025-04-29 16:00:00,ETHUSDT,ETHUSDT,4.518505123216853,1802.9710349999998,1756.785534797433,8146.73385865909,8231.13485770798,4
2025-04-29 20:00:00,ETHUSDT,ETHUSDT,4.518505123216853,1802.9710349999998,1756.785534797433,8146.73385865909,8123.41369557049,5
2025-04-30 00:00:00,BTCUSDT,BTCUSDT,0.08595998745124038,94303.94841,92706.38090999999,8106.36622192602,8169.021733855735,1
2025-04-30 04:00:00,BTCUSDT,BTCUSDT,0.08595998745124038,94303.94841,92706.38090999999,8106.36622192602,8133.619113023942,2
2025-04-30 08:00:00,BTCUSDT,BTCUSDT,0.08595998745124038,94303.94841,92706.38090999999,8106.36622192602,8181.384499250973,3
2025-04-30 12:00:00,ETHUSDT,USDT_CASH,0.0,0.0,0.0,7916.931790860183,7916.931790860183,0
2025-04-30 16:00:00,BTCUSDT,BTCUSDT,0.08410910104072547,94051.632315,92356.40624357143,7910.598245427495,7919.040922277394,1
2025-04-30 20:00:00,BTCUSDT,BTCUSDT,0.08410910104072547,94051.632315,92356.40624357143,7910.598245427495,7920.722263207199,2
2025-05-01 00:00:00,ETHUSDT,ETHUSDT,4.404584067262035,1794.5168099999999,1760.7941487051755,7904.100149759892,7963.443947769087,1
2025-05-01 04:00:00,ETHUSDT,ETHUSDT,4.404584067262035,1794.5168099999999,1760.7941487051755,7904.100149759892,7974.93991218464,2
2025-05-01 08:00:00,BTCUSDT,BTCUSDT,0.08370547395145689,95073.35291999999,93643.92577714285,7958.160066322727,8050.793321705863,1
2025-05-01 12:00:00,ETHUSDT,ETHUSDT,4.350872519557044,1846.5027899999998,1795.8295757142855,8033.89824629641,8062.123270014007,1
2025-05-01 16:00:00,ETHUSDT,ETHUSDT,4.350872519557044,1846.5027899999998,1795.8295757142855,8033.89824629641,8017.8748964901115,2
2025-05-01 20:00:00,ETHUSDT,ETHUSDT,4.350872519557044,1846.5027899999998,1795.8295757142855,8033.89824629641,7997.382286922998,3
2025-05-02 00:00:00,BTCUSDT,BTCUSDT,0.08266738380466758,96538.14494999999,94927.28744999999,7980.55588037228,8027.194755763649,1
2025-05-02 04:00:00,BTCUSDT,BTCUSDT,0.08266738380466758,96538.14494999999,94927.28744999999,7980.55588037228,7965.002429579721,2
2025-05-02 08:00:00,BTCUSDT,BTCUSDT,0.08266738380466758,96538.14494999999,94927.28744999999,7980.55588037228,8012.8643647811095,3
2025-05-02 12:00:00,BTCUSDT,BTCUSDT,0.08266738380466758,96538.14494999999,94927.28744999999,7980.55588037228,8046.032172511218,4
2025-05-02 16:00:00,BTCUSDT,BTCUSDT,0.08266738380466758,96538.14494999999,94927.28744999999,7980.55588037228,8012.472521381875,5
2025-05-02 20:00:00,BTCUSDT,BTCUSDT,0.08266738380466758,96538.14494999999,94927.28744999999,7980.55588037228,8009.40638811656,6
2025-05-03 00:00:00,BTCUSDT,BTCUSDT,0.08266738380466758,96538.14494999999,94927.28744999999,7980.55588037228,7963.969087282162,7
2025-05-03 04:00:00,BTCUSDT,BTCUSDT,0.08266738380466758,96538.14494999999,94927.28744999999,7980.55588037228,7962.743956654177,8
2025-05-03 08:00:00,BTCUSDT,BTCUSDT,0.08266738380466758,96538.14494999999,94927.28744999999,7980.55588037228,7931.275790335093,9
2025-05-03 12:00:00,BTCUSDT,BTCUSDT,0.08266738380466758,96538.14494999999,94927.28744999999,7980.55588037228,7970.680025499425,10
2025-05-03 16:00:00,BTCUSDT,BTCUSDT,0.08266738380466758,96538.14494999999,94927.28744999999,7980.55588037228,7965.361206025433,11
2025-05-03 20:00:00,ETHUSDT,ETHUSDT,4.321961624909417,1839.129105,1801.8819621428572,7948.645415064001,7924.403078503914,1
2025-05-04 00:00:00,ETHUSDT,ETHUSDT,4.321961624909417,1839.129105,1801.8819621428572,7948.645415064001,7917.358281055312,2
2025-05-04 04:00:00,ETHUSDT,ETHUSDT,4.321961624909417,1839.129105,1801.8819621428572,7948.645415064001,7956.644912225738,3
2025-05-04 08:00:00,ETHUSDT,ETHUSDT,4.321961624909417,1839.129105,1801.8819621428572,7948.645415064001,7898.8170656844495,4
2025-05-04 12:00:00,ETHUSDT,ETHUSDT,4.321961624909417,1839.129105,1801.8819621428572,7948.645415064001,7912.64734288416,5
2025-05-04 16:00:00,ETHUSDT,ETHUSDT,4.321961624909417,1839.129105,1801.8819621428572,7948.645415064001,7902.274634984378,6
2025-05-04 20:00:00,ETHUSDT,ETHUSDT,4.321961624909417,1839.129105,1801.8819621428572,7948.645415064001,7817.823504833647,7
2025-05-05 00:00:00,ETHUSDT,USDT_CASH,0.0,0.0,0.0,7769.762409401647,7769.762409401647,0
2025-05-05 04:00:00,ETHUSDT,ETHUSDT,4.324138626966331,1795.39725,1774.2160561503276,7763.546599474126,7898.42837463043,1
2025-05-05 08:00:00,ETHUSDT,ETHUSDT,4.324138626966331,1795.39725,1774.2160561503276,7763.546599474126,7803.47029038225,2
2025-05-05 12:00:00,ETHUSDT,ETHUSDT,4.324138626966331,1795.39725,1774.2160561503276,7763.546599474126,7787.730425780092,3
2025-05-05 16:00:00,ETHUSDT,ETHUSDT,4.324138626966331,1795.39725,1774.2160561503276,7763.546599474126,7854.538367566723,4
2025-05-05 20:00:00,ETHUSDT,ETHUSDT,4.324138626966331,1795.39725,1774.2160561503276,7763.546599474126,7870.753887417846,5
2025-05-06 00:00:00,ETHUSDT,ETHUSDT,4.324138626966331,1795.39725,1774.2160561503276,7763.546599474126,7810.9078088206315,6
2025-05-06 04:00:00,ETHUSDT,ETHUSDT,4.324138626966331,1795.39725,1774.2160561503276,7763.546599474126,7809.524084460002,7
2025-05-06 08:00:00,ETHUSDT,USDT_CASH,0.0,0.0,0.0,7654.319888114651,7654.319888114651,0
2025-05-06 12:00:00,BTCUSDT,BTCUSDT,0.08148564211072465,93859.436265,92585.38019357143,7648.1964322041595,7705.196758065906,1
2025-05-06 16:00:00,BTCUSDT,BTCUSDT,0.08148564211072465,93859.436265,92585.38019357143,7648.1964322041595,7738.161774581799,2
2025-05-06 20:00:00,BTCUSDT,BTCUSDT,0.08148564211072465,93859.436265,92585.38019357143,7648.1964322041595,7890.582297862753,3
2025-05-07 00:00:00,BTCUSDT,BTCUSDT,0.08148564211072465,93859.436265,92585.38019357143,7648.1964322041595,7863.926714615492,4
2025-05-07 04:00:00,BTCUSDT,BTCUSDT,0.08148564211072465,93859.436265,92585.38019357143,7648.1964322041595,7903.685189114158,5
2025-05-07 08:00:00,BTCUSDT,BTCUSDT,0.08148564211072465,93859.436265,92585.38019357143,7648.1964322041595,7907.972148745602,6
2025-05-07 12:00:00,BTCUSDT,BTCUSDT,0.08148564211072465,93859.436265,92585.38019357143,7648.1964322041595,7897.907042232086,7
2025-05-07 16:00:00,BTCUSDT,BTCUSDT,0.08148564211072465,93859.436265,92585.38019357143,7648.1964322041595,7837.289873065917,8
2025-05-07 20:00:00,BTCUSDT,BTCUSDT,0.08148564211072465,93859.436265,92585.38019357143,7648.1964322041595,7906.592596824667,9
2025-05-08 00:00:00,BTCUSDT,BTCUSDT,0.08148564211072465,93859.436265,94047.15513752999,7648.1964322041595,8079.528760219837,10
2025-05-08 04:00:00,BNBUSDT,BNBUSDT,13.189106562527806,611.3054999999999,603.2772857142857,8062.573381759341,8081.625046188913,1
2025-05-08 08:00:00,ETHUSDT,ETHUSDT,4.179891828749385,1929.3642,1874.4524142857142,8064.533654261594,8182.681640714659,1
2025-05-08 12:00:00,ETHUSDT,ETHUSDT,4.179891828749385,1929.3642,1933.2229284,8064.533654261594,8574.212108313613,2
2025-05-08 16:00:00,ETHUSDT,ETHUSDT,4.179891828749385,1929.3642,2033.0,8064.533654261594,8852.30031168031,3
2025-05-08 20:00:00,ETHUSDT,ETHUSDT,4.179891828749385,1929.3642,2114.7,8064.533654261594,9226.651423863104,4
2025-05-09 00:00:00,ETHUSDT,ETHUSDT,4.179891828749385,1929.3642,2132.7785,8064.533654261594,9216.91227590212,5
2025-05-09 04:00:00,ETHUSDT,ETHUSDT,4.179891828749385,1929.3642,2273.35,8064.533654261594,9881.640473428135,6
2025-05-09 08:00:00,ETHUSDT,ETHUSDT,4.179891828749385,1929.3642,2366.2315,8064.533654261594,9828.137858020142,7
2025-05-09 12:00:00,ETHUSDT,USDT_CASH,0.0,0.0,0.0,9820.275347733726,9820.275347733726,0
2025-05-09 16:00:00,ETHUSDT,ETHUSDT,4.261765352226002,2302.43064,2173.3663542857144,9812.41912745554,9936.60424228958,1
2025-05-09 20:00:00,ETHUSDT,ETHUSDT,4.261765352226002,2302.43064,2173.3663542857144,9812.41912745554,9994.010221584063,2
2025-05-10 00:00:00,BNBUSDT,BNBUSDT,14.960532443402299,666.6231449999999,651.1399307142856,9973.037188295373,9899.68352844817,1
2025-05-10 04:00:00,BNBUSDT,BNBUSDT,14.960532443402299,666.6231449999999,651.1399307142856,9973.037188295373,9901.778002990246,2
2025-05-10 08:00:00,BNBUSDT,USDT_CASH,0.0,0.0,0.0,9719.006528190981,9719.006528190981,0
2025-05-10 12:00:00,ETHUSDT,ETHUSDT,4.0701698006933515,2385.95238,2242.38738,9711.231322968428,9904.595403195242,1
2025-05-10 16:00:00,ETHUSDT,ETHUSDT,4.0701698006933515,2385.95238,2390.72428476,9711.231322968428,10173.308013437018,2
2025-05-10 20:00:00,ETHUSDT,ETHUSDT,4.0701698006933515,2385.95238,2390.72428476,9711.231322968428,10514.184734245086,3
2025-05-11 00:00:00,ETHUSDT,ETHUSDT,4.0701698006933515,2385.95238,2390.72428476,9711.231322968428,10328.58499133347,4
2025-05-11 04:00:00,ETHUSDT,ETHUSDT,4.0701698006933515,2385.95238,2390.72428476,9711.231322968428,10066.42535447081,5
2025-05-11 08:00:00,ETHUSDT,ETHUSDT,4.0701698006933515,2385.95238,2390.72428476,9711.231322968428,10300.256609520644,6
2025-05-11 12:00:00,ETHUSDT,ETHUSDT,4.0701698006933515,2385.95238,2390.72428476,9711.231322968428,10022.833835905385,7
2025-05-11 16:00:00,ETHUSDT,ETHUSDT,4.0701698006933515,2385.95238,2390.72428476,9711.231322968428,10208.067263534938,8
2025-05-11 20:00:00,ETHUSDT,ETHUSDT,4.0701698006933515,2385.95238,2390.72428476,9711.231322968428,10234.72687572948,9
2025-05-12 00:00:00,ETHUSDT,ETHUSDT,4.0701698006933515,2385.95238,2390.72428476,9711.231322968428,10256.827897747246,10
2025-05-12 04:00:00,ETHUSDT,ETHUSDT,4.0701698006933515,2385.95238,2390.72428476,9711.231322968428,10398.347701717354,11
2025-05-12 08:00:00,ETHUSDT,ETHUSDT,4.0701698006933515,2385.95238,2390.72428476,9711.231322968428,10299.93099593659,12
2025-05-12 12:00:00,BNBUSDT,BNBUSDT,15.150111023278404,678.429045,660.5072592857142,10278.27535316674,10054.82568392941,1
2025-05-12 16:00:00,ETHUSDT,ETHUSDT,4.032659717485399,2488.1534549999997,2358.0552407142854,10033.876208900618,9921.794662512377,1
2025-05-12 20:00:00,ETHUSDT,ETHUSDT,4.032659717485399,2488.1534549999997,2358.0552407142854,10033.876208900618,10063.381345193287,2
2025-05-13 00:00:00,ETHUSDT,ETHUSDT,4.032659717485399,2488.1534549999997,2358.0552407142854,10033.876208900618,9778.393282958596,3
2025-05-13 04:00:00,ETHUSDT,ETHUSDT,4.032659717485399,2488.1534549999997,2358.0552407142854,10033.876208900618,9923.24642001067,4
2025-05-13 08:00:00,ETHUSDT,ETHUSDT,4.032659717485399,2488.1534549999997,2358.0552407142854,10033.876208900618,10135.646607330626,5
2025-05-13 12:00:00,ETHUSDT,ETHUSDT,4.032659717485399,2488.1534549999997,2358.0552407142854,10033.876208900618,10348.651693608206,6
2025-05-13 16:00:00,ETHUSDT,ETHUSDT,4.032659717485399,2488.1534549999997,2601.575,10033.876208900618,10851.64534017016,7
2025-05-13 20:00:00,ETHUSDT,ETHUSDT,4.032659717485399,2488.1534549999997,2601.575,10033.876208900618,10806.358571542798,8
2025-05-14 00:00:00,ETHUSDT,ETHUSDT,4.032659717485399,2488.1534549999997,2601.575,10033.876208900618,10673.724393434704,9
2025-05-14 04:00:00,ETHUSDT,ETHUSDT,4.032659717485399,2488.1534549999997,2601.575,10033.876208900618,10649.286475546744,10
2025-05-14 08:00:00,ETHUSDT,USDT_CASH,0.0,0.0,0.0,10467.149380616733,10467.149380616733,0
2025-05-14 12:00:00,ETHUSDT,ETHUSDT,3.9824105353929076,2626.242465,2497.1910364285714,10458.775661112239,10344.271541577722,1
2025-05-14 16:00:00,ETHUSDT,ETHUSDT,3.9824105353929076,2626.242465,2497.1910364285714,10458.775661112239,10374.577685752063,2
2025-05-14 20:00:00,ETHUSDT,ETHUSDT,3.9824105353929076,2626.242465,2497.1910364285714,10458.775661112239,10393.056070636285,3
2025-05-15 00:00:00,ETHUSDT,ETHUSDT,3.9824105353929076,2626.242465,2497.1910364285714,10458.775661112239,10254.428359899259,4
2025-05-15 04:00:00,ETHUSDT,ETHUSDT,3.9824105353929076,2626.242465,2497.1910364285714,10458.775661112239,10079.48106507945,5
2025-05-15 08:00:00,ETHUSDT,ETHUSDT,3.9824105353929076,2626.242465,2497.1910364285714,10458.775661112239,10173.904018873614,6
2025-05-15 12:00:00,ETHUSDT,USDT_CASH,0.0,0.0,0.0,9921.978694417317,9921.978694417317,0
2025-05-15 16:00:00,ETHUSDT,ETHUSDT,3.8650450579333153,2565.051885,2446.9033135714285,9914.041111461784,9782.351740728061,1
2025-05-15 20:00:00,ETHUSDT,ETHUSDT,3.8650450579333153,2565.051885,2446.9033135714285,9914.041111461784,9850.801688704061,2
2025-05-16 00:00:00,ETHUSDT,ETHUSDT,3.8650450579333153,2565.051885,2446.9033135714285,9914.041111461784,9977.034060296162,3
2025-05-16 04:00:00,ETHUSDT,ETHUSDT,3.8650450579333153,2565.051885,2446.9033135714285,9914.041111461784,10054.91471821352,4
2025-05-16 08:00:00,ETHUSDT,ETHUSDT,3.8650450579333153,2565.051885,2446.9033135714285,9914.041111461784,10129.62603918337,5
2025-05-16 12:00:00,ETHUSDT,ETHUSDT,3.8650450579333153,2565.051885,2446.9033135714285,9914.041111461784,10029.521372182897,6
2025-05-16 16:00:00,ETHUSDT,ETHUSDT,3.8650450579333153,2565.051885,2446.9033135714285,9914.041111461784,10017.423781151567,7
2025-05-16 20:00:00,ETHUSDT,ETHUSDT,3.8650450579333153,2565.051885,2446.9033135714285,9914.041111461784,9806.083117383772,8
2025-05-17 00:00:00,ETHUSDT,ETHUSDT,3.8650450579333153,2565.051885,2446.9033135714285,9914.041111461784,9650.94020875833,9
2025-05-17 04:00:00,ETHUSDT,ETHUSDT,3.8650450579333153,2565.051885,2446.9033135714285,9914.041111461784,9635.132174471382,10
2025-05-17 08:00:00,ETHUSDT,ETHUSDT,3.8650450579333153,2565.051885,2446.9033135714285,9914.041111461784,9591.76636892137,11
2025-05-17 12:00:00,ETHUSDT,USDT_CASH,0.0,0.0,0.0,9435.650907643247,9435.650907643247,0
2025-05-17 16:00:00,ETHUSDT,ETHUSDT,3.8082306955689056,2475.71724,2386.3429542857143,9428.102386917131,9407.053381887355,1
2025-05-17 20:00:00,ETHUSDT,ETHUSDT,3.8082306955689056,2475.71724,2386.3429542857143,9428.102386917131,9425.675629988687,2
2025-05-18 00:00:00,ETHUSDT,ETHUSDT,3.8082306955689056,2475.71724,2386.3429542857143,9428.102386917131,9433.749079063293,3
2025-05-18 04:00:00,ETHUSDT,ETHUSDT,3.8082306955689056,2475.71724,2386.3429542857143,9428.102386917131,9555.993284391056,4
2025-05-18 08:00:00,ETHUSDT,ETHUSDT,3.8082306955689056,2475.71724,2386.3429542857143,9428.102386917131,9527.24114263951,5
2025-05-18 12:00:00,ETHUSDT,ETHUSDT,3.8082306955689056,2475.71724,2386.3429542857143,9428.102386917131,9821.388881565252,6
2025-05-18 16:00:00,ETHUSDT,ETHUSDT,3.8082306955689056,2475.71724,2386.3429542857143,9428.102386917131,9170.981161069038,7
2025-05-18 20:00:00,BTCUSDT,BTCUSDT,0.08805170655809903,103935.92198999999,102664.54984714284,9151.735303908952,9373.47926337958,1
2025-05-19 00:00:00,BTCUSDT,BTCUSDT,0.08805170655809903,103935.92198999999,102664.54984714284,9151.735303908952,9122.674543453622,2
2025-05-19 04:00:00,BTCUSDT,USDT_CASH,0.0,0.0,0.0,9019.008150527296,9019.008150527296,0
2025-05-19 08:00:00,ETHUSDT,ETHUSDT,3.747197824788536,2404.9418699999997,2294.3843699999998,9011.792944006873,9059.150517252268,1
2025-05-19 12:00:00,ETHUSDT,ETHUSDT,3.747197824788536,2404.9418699999997,2294.3843699999998,9011.792944006873,9242.950570558147,2
2025-05-19 16:00:00,BTCUSDT,BTCUSDT,0.08797842515419917,104838.81321,102682.34035285714,9223.55368125105,9283.281071893241,1
2025-05-19 20:00:00,BTCUSDT,BTCUSDT,0.08797842515419917,104838.81321,102682.34035285714,9223.55368125105,9288.211382838883,2
2025-05-20 00:00:00,BTCUSDT,BTCUSDT,0.08797842515419917,104838.81321,102682.34035285714,9223.55368125105,9304.7671628844,3
2025-05-20 04:00:00,BTCUSDT,BTCUSDT,0.08797842515419917,104838.81321,102682.34035285714,9223.55368125105,9239.644652801011,4
2025-05-20 08:00:00,ETHUSDT,ETHUSDT,3.6392394266965433,2533.56615,2410.313292857143,9220.25382322377,9149.775766600449,1
2025-05-20 12:00:00,BTCUSDT,BTCUSDT,0.08674606565390963,105256.351875,102840.67473214286,9130.574410239764,9137.282320847908,1
2025-05-20 16:00:00,BTCUSDT,BTCUSDT,0.08674606565390963,105256.351875,102840.67473214286,9130.574410239764,9284.12519332619,2
2025-05-20 20:00:00,BTCUSDT,BTCUSDT,0.08674606565390963,105256.351875,102840.67473214286,9130.574410239764,9268.816247659588,3
2025-05-21 00:00:00,BTCUSDT,BTCUSDT,0.08674606565390963,105256.351875,102840.67473214286,9130.574410239764,9268.261072839403,4
2025-05-21 04:00:00,BTCUSDT,BTCUSDT,0.08674606565390963,105256.351875,102840.67473214286,9130.574410239764,9240.812015284537,5
2025-05-21 08:00:00,BTCUSDT,BTCUSDT,0.08674606565390963,105256.351875,102840.67473214286,9130.574410239764,9242.484479430344,6
2025-05-21 12:00:00,BTCUSDT,BTCUSDT,0.08674606565390963,105256.351875,102840.67473214286,9130.574410239764,9453.009373626473,7
2025-05-21 16:00:00,BTCUSDT,BTCUSDT,0.08674606565390963,105256.351875,102840.67473214286,9130.574410239764,9420.951497603413,8
2025-05-21 20:00:00,BTCUSDT,BTCUSDT,0.08674606565390963,105256.351875,105466.86457875,9130.574410239764,9511.184755096612,9
2025-05-22 00:00:00,BTCUSDT,BTCUSDT,0.08674606565390963,105256.351875,105466.86457875,9130.574410239764,9696.548085489168,10
2025-05-22 04:00:00,BTCUSDT,BTCUSDT,0.08674606565390963,105256.351875,105466.86457875,9130.574410239764,9632.75589626794,11
2025-05-22 08:00:00,BTCUSDT,BTCUSDT,0.08674606565390963,105256.351875,105466.86457875,9130.574410239764,9627.24925602023,12
2025-05-22 12:00:00,BTCUSDT,BTCUSDT,0.08674606565390963,105256.351875,105466.86457875,9130.574410239764,9654.044248240065,13
2025-05-22 16:00:00,BTCUSDT,BTCUSDT,0.08674606565390963,105256.351875,105466.86457875,9130.574410239764,9645.121547926905,14
2025-05-22 20:00:00,BTCUSDT,BTCUSDT,0.08674606565390963,105256.351875,105466.86457875,9130.574410239764,9689.206765952878,15
2025-05-23 00:00:00,BTCUSDT,BTCUSDT,0.08674606565390963,105256.351875,105466.86457875,9130.574410239764,9637.488761610017,16
2025-05-23 04:00:00,BTCUSDT,BTCUSDT,0.08674606565390963,105256.351875,105466.86457875,9130.574410239764,9604.12709222018,17
2025-05-23 08:00:00,BTCUSDT,BTCUSDT,0.08674606565390963,105256.351875,105466.86457875,9130.574410239764,9461.944218388826,18
2025-05-23 12:00:00,BTCUSDT,BTCUSDT,0.08674606565390963,105256.351875,105466.86457875,9130.574410239764,9450.116392336915,19
2025-05-23 16:00:00,BTCUSDT,BTCUSDT,0.08674606565390963,105256.351875,105466.86457875,9130.574410239764,9430.691345855037,20
2025-05-23 20:00:00,BTCUSDT,BTCUSDT,0.08674606565390963,105256.351875,105466.86457875,9130.574410239764,9309.440297665971,21
2025-05-24 00:00:00,BTCUSDT,BTCUSDT,0.08674606565390963,105256.351875,105466.86457875,9130.574410239764,9400.350174471268,22
2025-05-24 04:00:00,BTCUSDT,BTCUSDT,0.08674606565390963,105256.351875,105466.86457875,9130.574410239764,9332.814025056416,23
2025-05-24 08:00:00,BTCUSDT,BTCUSDT,0.08674606565390963,105256.351875,105466.86457875,9130.574410239764,9473.41291572893,24
2025-05-24 12:00:00,BTCUSDT,BTCUSDT,0.08674606565390963,105256.351875,105466.86457875,9130.574410239764,9449.22290786068,25
2025-05-24 16:00:00,BTCUSDT,BTCUSDT,0.08674606565390963,105256.351875,105466.86457875,9130.574410239764,9451.851313649993,26
2025-05-24 20:00:00,BTCUSDT,BTCUSDT,0.08674606565390963,105256.351875,105466.86457875,9130.574410239764,9347.921719850701,27
2025-05-25 00:00:00,BTCUSDT,BTCUSDT,0.08674606565390963,105256.351875,105466.86457875,9130.574410239764,9376.881026408602,28
2025-05-25 04:00:00,BTCUSDT,BTCUSDT,0.08674606565390963,105256.351875,105466.86457875,9130.574410239764,9340.973359991824,29
2025-05-25 08:00:00,BTCUSDT,BTCUSDT,0.08674606565390963,105256.351875,105466.86457875,9130.574410239764,9304.383002038347,30
2025-05-25 12:00:00,BTCUSDT,BTCUSDT,0.08674606565390963,105256.351875,105466.86457875,9130.574410239764,9279.050548485437,31
2025-05-25 16:00:00,BTCUSDT,BTCUSDT,0.08674606565390963,105256.351875,105466.86457875,9130.574410239764,9344.02682150284,32
2025-05-25 20:00:00,BTCUSDT,BTCUSDT,0.08674606565390963,105256.351875,105466.86457875,9130.574410239764,9455.68462229124,33
2025-05-26 00:00:00,BTCUSDT,BTCUSDT,0.08674606565390963,105256.351875,105466.86457875,9130.574410239764,9509.409930593332,34
2025-05-26 04:00:00,BTCUSDT,BTCUSDT,0.08674606565390963,105256.351875,105466.86457875,9130.574410239764,9550.275134662232,35
2025-05-26 08:00:00,BTCUSDT,BTCUSDT,0.08674606565390963,105256.351875,105466.86457875,9130.574410239764,9522.35157612824,36
2025-05-26 12:00:00,BTCUSDT,BTCUSDT,0.08674606565390963,105256.351875,105466.86457875,9130.574410239764,9542.919068294781,37
2025-05-26 16:00:00,BTCUSDT,BTCUSDT,0.08674606565390963,105256.351875,105466.86457875,9130.574410239764,9466.636313080046,38
2025-05-26 20:00:00,BTCUSDT,BTCUSDT,0.08674606565390963,105256.351875,105466.86457875,9130.574410239764,9493.037478161814,39
2025-05-27 00:00:00,BTCUSDT,BTCUSDT,0.08674606565390963,105256.351875,105466.86457875,9130.574410239764,9445.966460556032,40
2025-05-27 04:00:00,BTCUSDT,BTCUSDT,0.08674606565390963,105256.351875,105466.86457875,9130.574410239764,9502.785133559344,41
2025-05-27 08:00:00,BNBUSDT,BNBUSDT,13.91680654487538,681.350505,671.743005,9482.223167338145,9494.045424913984,1
2025-05-27 12:00:00,BNBUSDT,BNBUSDT,13.91680654487538,681.350505,671.743005,9482.223167338145,9616.791658639784,2
2025-05-27 16:00:00,BNBUSDT,BNBUSDT,13.91680654487538,681.350505,671.743005,9482.223167338145,9597.029793346062,3
2025-05-27 20:00:00,BNBUSDT,BNBUSDT,13.91680654487538,681.350505,671.743005,9482.223167338145,9559.593583740347,4
2025-05-28 00:00:00,BNBUSDT,BNBUSDT,13.91680654487538,681.350505,671.743005,9482.223167338145,9523.827390920018,5
2025-05-28 04:00:00,BNBUSDT,BNBUSDT,13.91680654487538,681.350505,671.743005,9482.223167338145,9490.844559408662,6
2025-05-28 08:00:00,BNBUSDT,BNBUSDT,13.91680654487538,681.350505,671.743005,9482.223167338145,9566.96949120913,7
2025-05-28 12:00:00,BNBUSDT,BNBUSDT,13.91680654487538,681.350505,671.743005,9482.223167338145,9489.592046819624,8
2025-05-28 16:00:00,BNBUSDT,BNBUSDT,13.91680654487538,681.350505,671.743005,9482.223167338145,9508.101399524308,9
2025-05-28 20:00:00,BNBUSDT,BNBUSDT,13.91680654487538,681.350505,671.743005,9482.223167338145,9559.31524760945,10
2025-05-29 00:00:00,BNBUSDT,BNBUSDT,13.91680654487538,681.350505,671.743005,9482.223167338145,9551.104331747973,11
2025-05-29 04:00:00,ETHUSDT,ETHUSDT,3.4484335255666965,2763.88125,2676.30375,9531.060763185187,9418.637519709808,1
2025-05-29 08:00:00,ETHUSDT,ETHUSDT,3.4484335255666965,2763.88125,2676.30375,9531.060763185187,9365.3592217398,2
2025-05-29 12:00:00,ETHUSDT,USDT_CASH,0.0,0.0,0.0,9207.839823141532,9207.839823141532,0
2025-05-29 16:00:00,BNBUSDT,BNBUSDT,13.499721976946638,681.5305950000001,671.4838092857143,9200.47355128302,9110.557370581977,1
2025-05-29 20:00:00,ETHUSDT,ETHUSDT,3.4289124702100944,2651.4450599999996,2562.368631428571,9091.57303031095,9022.80598498614,1
2025-05-30 00:00:00,ETHUSDT,USDT_CASH,0.0,0.0,0.0,8765.940180112671,8765.940180112671,0
2025-05-30 04:00:00,ETHUSDT,ETHUSDT,3.3272208213364047,2632.505595,2539.8345235714287,8758.927427968581,8711.529187672257,1
2025-05-30 08:00:00,ETHUSDT,ETHUSDT,3.3272208213364047,2632.505595,2539.8345235714287,8758.927427968581,8724.106082376908,2
2025-05-30 12:00:00,ETHUSDT,ETHUSDT,3.3272208213364047,2632.505595,2539.8345235714287,8758.927427968581,8644.81841020446,3
2025-05-30 16:00:00,ETHUSDT,USDT_CASH,0.0,0.0,0.0,8431.164092572231,8431.164092572231,0
2025-05-30 20:00:00,BNBUSDT,USDT_CASH,0.0,0.0,0.0,8264.594925949426,8264.594925949426,0
2025-05-31 00:00:00,ETHUSDT,ETHUSDT,3.2606539284760085,2532.6156749999996,2434.672103571428,8257.983250008667,8197.218763110117,1
2025-05-31 04:00:00,ETHUSDT,ETHUSDT,3.2606539284760085,2532.6156749999996,2434.672103571428,8257.983250008667,8220.46722562015,2
2025-05-31 08:00:00,ETHUSDT,ETHUSDT,3.2606539284760085,2532.6156749999996,2434.672103571428,8257.983250008667,8215.576244727436,3
2025-05-31 12:00:00,BNBUSDT,BNBUSDT,12.528075348651784,654.397035,644.6984716468131,8198.335362414318,8222.676974334112,1
2025-05-31 16:00:00,ETHUSDT,ETHUSDT,3.2336386950281555,2537.558145,2456.4124307142856,8205.546208555867,8205.034824764442,1
2025-05-31 20:00:00,BNBUSDT,BNBUSDT,12.427212047674374,658.8592649999999,646.8646221428571,8187.7837957298825,8177.229799490215,1
2025-06-01 00:00:00,BNBUSDT,BNBUSDT,12.427212047674374,658.8592649999999,646.8646221428571,8187.7837957298825,8147.031674214367,2
2025-06-01 04:00:00,BNBUSDT,BNBUSDT,12.427212047674374,658.8592649999999,646.8646221428571,8187.7837957298825,8122.550066480448,3
2025-06-01 08:00:00,BNBUSDT,BNBUSDT,12.427212047674374,658.8592649999999,646.8646221428571,8187.7837957298825,8083.90143701218,4
2025-06-01 12:00:00,BTCUSDT,BTCUSDT,0.07746635851588858,104134.71133499999,102691.29562071427,8066.936882225676,8111.897478627126,1
2025-06-01 16:00:00,BTCUSDT,BTCUSDT,0.07746635851588858,104134.71133499999,102691.29562071427,8066.936882225676,8143.413891925729,2
2025-06-01 20:00:00,BTCUSDT,BTCUSDT,0.07746635851588858,104134.71133499999,102691.29562071427,8066.936882225676,8183.773090048921,3
2025-06-02 00:00:00,BNBUSDT,BNBUSDT,12.353039166017519,661.100385,650.6668135714285,8166.59894857426,8111.9937595403835,1
2025-06-02 04:00:00,BNBUSDT,BNBUSDT,12.353039166017519,661.100385,650.6668135714285,8166.59894857426,8130.27625750609,2
2025-06-02 08:00:00,BNBUSDT,USDT_CASH,0.0,0.0,0.0,8019.23553827706,8019.23553827706,0
2025-06-02 12:00:00,USDT_CASH,USDT_CASH,0.0,0.0,0.0,8019.23553827706,8019.23553827706,0
2025-06-02 16:00:00,ETHUSDT,ETHUSDT,3.147636856761523,2545.662195,2486.3832664285715,8012.820149846439,7971.201481537151,1
2025-06-02 20:00:00,BNBUSDT,BNBUSDT,12.026213250535195,661.43055,652.2066214285715,7954.504844718782,8008.616189928902,1
2025-06-03 00:00:00,ETHUSDT,ETHUSDT,3.063494073803089,2608.7237099999998,2543.127638571428,7991.809625774607,7975.469836798224,1
2025-06-03 04:00:00,ETHUSDT,ETHUSDT,3.063494073803089,2608.7237099999998,2543.127638571428,7991.809625774607,7995.688897685323,2
2025-06-03 08:00:00,ETHUSDT,ETHUSDT,3.063494073803089,2608.7237099999998,2543.127638571428,7991.809625774607,7970.537611339401,3
2025-06-03 12:00:00,ETHUSDT,ETHUSDT,3.063494073803089,2608.7237099999998,2543.127638571428,7991.809625774607,8037.321782148308,4
2025-06-03 16:00:00,ETHUSDT,ETHUSDT,3.063494073803089,2608.7237099999998,2543.127638571428,7991.809625774607,8042.162102784917,5
2025-06-03 20:00:00,ETHUSDT,ETHUSDT,3.063494073803089,2608.7237099999998,2543.127638571428,7991.809625774607,7944.742991237979,6
2025-06-04 00:00:00,ETHUSDT,ETHUSDT,3.063494073803089,2608.7237099999998,2543.127638571428,7991.809625774607,8050.556076547138,7
2025-06-04 04:00:00,ETHUSDT,ETHUSDT,3.063494073803089,2608.7237099999998,2543.127638571428,7991.809625774607,8050.065917495328,8
2025-06-04 08:00:00,ETHUSDT,ETHUSDT,3.063494073803089,2608.7237099999998,2543.127638571428,7991.809625774607,8039.833847288827,9
2025-06-04 12:00:00,ETHUSDT,ETHUSDT,3.063494073803089,2608.7237099999998,2543.127638571428,7991.809625774607,8173.187744321474,10
2025-06-04 16:00:00,ETHUSDT,ETHUSDT,3.063494073803089,2608.7237099999998,2543.127638571428,7991.809625774607,8037.75067131864,11
2025-06-04 20:00:00,ETHUSDT,ETHUSDT,3.063494073803089,2608.7237099999998,2543.127638571428,7991.809625774607,7988.612226374838,12
2025-06-05 00:00:00,ETHUSDT,ETHUSDT,3.063494073803089,2608.7237099999998,2543.127638571428,7991.809625774607,8041.64130879237,13
2025-06-05 04:00:00,ETHUSDT,ETHUSDT,3.063494073803089,2608.7237099999998,2543.127638571428,7991.809625774607,7977.583647709148,14
2025-06-05 08:00:00,ETHUSDT,ETHUSDT,3.063494073803089,2608.7237099999998,2543.127638571428,7991.809625774607,7989.6231794191945,15
2025-06-05 12:00:00,ETHUSDT,ETHUSDT,3.063494073803089,2608.7237099999998,2543.127638571428,7991.809625774607,7932.703459527932,16
2025-06-05 16:00:00,ETHUSDT,USDT_CASH,0.0,0.0,0.0,7772.946828881871,7772.946828881871,0
2025-06-05 20:00:00,USDT_CASH,USDT_CASH,0.0,0.0,0.0,7772.946828881871,7772.946828881871,0
2025-06-06 00:00:00,USDT_CASH,USDT_CASH,0.0,0.0,0.0,7772.946828881871,7772.946828881871,0
2025-06-06 04:00:00,USDT_CASH,USDT_CASH,0.0,0.0,0.0,7772.946828881871,7772.946828881871,0
2025-06-06 08:00:00,USDT_CASH,USDT_CASH,0.0,0.0,0.0,7772.946828881871,7772.946828881871,0
2025-06-06 12:00:00,BTCUSDT,BTCUSDT,0.07469447882033337,103979.953995,102679.91039170192,7766.728471418765,7849.813082640543,1
2025-06-06 16:00:00,BTCUSDT,BTCUSDT,0.07469447882033337,103979.953995,102679.91039170192,7766.728471418765,7784.643643759379,2
2025-06-06 20:00:00,BTCUSDT,BTCUSDT,0.07469447882033337,103979.953995,102679.91039170192,7766.728471418765,7789.770672785607,3
2025-06-07 00:00:00,BTCUSDT,BTCUSDT,0.07469447882033337,103979.953995,102679.91039170192,7766.728471418765,7833.328011164896,4
2025-06-07 04:00:00,BTCUSDT,BTCUSDT,0.07469447882033337,103979.953995,102679.91039170192,7766.728471418765,7832.988898231051,5
2025-06-07 08:00:00,BTCUSDT,BTCUSDT,0.07469447882033337,103979.953995,102679.91039170192,7766.728471418765,7854.125194902841,6
2025-06-07 12:00:00,BTCUSDT,BTCUSDT,0.07469447882033337,103979.953995,102679.91039170192,7766.728471418765,7884.60801170942,7
2025-06-07 16:00:00,BTCUSDT,BTCUSDT,0.07469447882033337,103979.953995,102679.91039170192,7766.728471418765,7897.1417452554715,8
2025-06-07 20:00:00,BTCUSDT,BTCUSDT,0.07469447882033337,103979.953995,102679.91039170192,7766.728471418765,7884.16283261565,9
2025-06-08 00:00:00,BTCUSDT,BTCUSDT,0.07469447882033337,103979.953995,102679.91039170192,7766.728471418765,7878.145445401884,10
2025-06-08 04:00:00,BTCUSDT,BTCUSDT,0.07469447882033337,103979.953995,102679.91039170192,7766.728471418765,7874.773736627934,11
2025-06-08 08:00:00,BTCUSDT,BTCUSDT,0.07469447882033337,103979.953995,102679.91039170192,7766.728471418765,7894.2137216857145,12
2025-06-08 12:00:00,BTCUSDT,BTCUSDT,0.07469447882033337,103979.953995,102679.91039170192,7766.728471418765,7916.458484423199,13
2025-06-08 16:00:00,BTCUSDT,BTCUSDT,0.07469447882033337,103979.953995,102679.91039170192,7766.728471418765,7939.275406868445,14
2025-06-08 20:00:00,BTCUSDT,BTCUSDT,0.07469447882033337,103979.953995,102679.91039170192,7766.728471418765,7897.746023589128,15
2025-06-09 00:00:00,BTCUSDT,BTCUSDT,0.07469447882033337,103979.953995,102679.91039170192,7766.728471418765,7892.15364795985,16
2025-06-09 04:00:00,BTCUSDT,BTCUSDT,0.07469447882033337,103979.953995,102679.91039170192,7766.728471418765,7884.802217354353,17
2025-06-09 08:00:00,BTCUSDT,BTCUSDT,0.07469447882033337,103979.953995,102679.91039170192,7766.728471418765,8049.018029040856,18
2025-06-09 12:00:00,BTCUSDT,BTCUSDT,0.07469447882033337,103979.953995,102679.91039170192,7766.728471418765,8039.808199802308,19
2025-06-09 16:00:00,BTCUSDT,BTCUSDT,0.07469447882033337,103979.953995,102679.91039170192,7766.728471418765,8109.185178675422,20
2025-06-09 20:00:00,BTCUSDT,BTCUSDT,0.07469447882033337,103979.953995,104187.91390299001,7766.728471418765,8236.038812055995,21
2025-06-10 00:00:00,ETHUSDT,ETHUSDT,3.065018362534297,2681.470065,2624.215065,8218.754987811035,8241.46657465122,1
2025-06-10 04:00:00,ETHUSDT,ETHUSDT,3.065018362534297,2681.470065,2624.215065,8218.754987811035,8206.1269129312,2
2025-06-10 08:00:00,ETHUSDT,ETHUSDT,3.065018362534297,2681.470065,2624.215065,8218.754987811035,8501.257531059628,3
2025-06-10 12:00:00,ETHUSDT,ETHUSDT,3.065018362534297,2681.470065,2624.215065,8218.754987811035,8376.541933888106,4
2025-06-10 16:00:00,ETHUSDT,ETHUSDT,3.065018362534297,2681.470065,2624.215065,8218.754987811035,8501.380131794129,5
2025-06-10 20:00:00,ETHUSDT,ETHUSDT,3.065018362534297,2681.470065,2686.83300513,8218.754987811035,8632.317716241594,6
2025-06-11 00:00:00,ETHUSDT,ETHUSDT,3.065018362534297,2681.470065,2686.83300513,8218.754987811035,8554.650150934975,7
2025-06-11 04:00:00,ETHUSDT,ETHUSDT,3.065018362534297,2681.470065,2686.83300513,8218.754987811035,8556.274610667118,8
2025-06-11 08:00:00,ETHUSDT,ETHUSDT,3.065018362534297,2681.470065,2686.83300513,8218.754987811035,8496.997155535704,9
2025-06-11 12:00:00,ETHUSDT,ETHUSDT,3.065018362534297,2681.470065,2686.83300513,8218.754987811035,8781.921262516893,10
2025-06-11 16:00:00,ETHUSDT,ETHUSDT,3.065018362534297,2681.470065,2686.83300513,8218.754987811035,8622.969410235864,11
2025-06-11 20:00:00,ETHUSDT,ETHUSDT,3.065018362534297,2681.470065,2686.83300513,8218.754987811035,8495.035543783682,12
2025-06-12 00:00:00,ETHUSDT,ETHUSDT,3.065018362534297,2681.470065,2686.83300513,8218.754987811035,8475.020973876333,13
2025-06-12 04:00:00,ETHUSDT,ETHUSDT,3.065018362534297,2681.470065,2686.83300513,8218.754987811035,8401.215331706508,14
2025-06-12 08:00:00,ETHUSDT,ETHUSDT,3.065018362534297,2681.470065,2686.83300513,8218.754987811035,8366.887126046124,15
2025-06-12 12:00:00,ETHUSDT,ETHUSDT,3.065018362534297,2681.470065,2686.83300513,8218.754987811035,8336.206292237155,16
2025-06-12 16:00:00,ETHUSDT,ETHUSDT,3.065018362534297,2681.470065,2686.83300513,8218.754987811035,8260.224487029931,17
2025-06-12 20:00:00,ETHUSDT,USDT_CASH,0.0,0.0,0.0,8216.261437272746,8216.261437272746,0
2025-06-13 00:00:00,ETHUSDT,USDT_CASH,0.0,0.0,0.0,7883.814229469022,7883.814229469022,0
2025-06-13 04:00:00,USDT_CASH,USDT_CASH,0.0,0.0,0.0,7883.814229469022,7883.814229469022,0
2025-06-13 08:00:00,ETHUSDT,ETHUSDT,3.1164437168563928,2527.72323,2481.944556909383,7877.507178085447,7932.595836886263,1
2025-06-13 12:00:00,ETHUSDT,ETHUSDT,3.1164437168563928,2527.72323,2481.944556909383,7877.507178085447,7950.889361504209,2
2025-06-13 16:00:00,ETHUSDT,ETHUSDT,3.1164437168563928,2527.72323,2481.944556909383,7877.507178085447,7877.49711197224,3
2025-06-13 20:00:00,BTCUSDT,BTCUSDT,0.07475060834374275,105162.56500499998,104023.02847790909,7860.965709112141,7928.542127446341,1
2025-06-14 00:00:00,ETHUSDT,ETHUSDT,3.0660593553510487,2580.479595,2484.1518677135537,7911.903603542234,7814.649442544539,1
2025-06-14 04:00:00,ETHUSDT,ETHUSDT,3.0660593553510487,2580.479595,2484.1518677135537,7911.903603542234,7780.125614203285,2
2025-06-14 08:00:00,ETHUSDT,ETHUSDT,3.0660593553510487,2580.479595,2484.1518677135537,7911.903603542234,7783.252994745743,3
2025-06-14 12:00:00,ETHUSDT,ETHUSDT,3.0660593553510487,2580.479595,2484.1518677135537,7911.903603542234,7724.691261058539,4
2025-06-14 16:00:00,ETHUSDT,ETHUSDT,3.0660593553510487,2580.479595,2484.1518677135537,7911.903603542234,7688.143833542754,5
2025-06-14 20:00:00,ETHUSDT,ETHUSDT,3.0660593553510487,2580.479595,2484.1518677135537,7911.903603542234,7759.460374148221,6
2025-06-15 00:00:00,BTCUSDT,BTCUSDT,0.07341805976978617,105467.337315,104066.29294752967,7743.207274752869,7743.66339803153,1
2025-06-15 04:00:00,BTCUSDT,BTCUSDT,0.07341805976978617,105467.337315,104066.29294752967,7743.207274752869,7740.319205409017,2
2025-06-15 08:00:00,BTCUSDT,BTCUSDT,0.07341805976978617,105467.337315,104066.29294752967,7743.207274752869,7706.731177244937,3
2025-06-15 12:00:00,BTCUSDT,BTCUSDT,0.07341805976978617,105467.337315,104066.29294752967,7743.207274752869,7750.304061537708,4
2025-06-15 16:00:00,BTCUSDT,BTCUSDT,0.07341805976978617,105467.337315,104066.29294752967,7743.207274752869,7730.495134831222,5
2025-06-15 20:00:00,BTCUSDT,BTCUSDT,0.07341805976978617,105467.337315,104066.29294752967,7743.207274752869,7752.507337511398,6
2025-06-16 00:00:00,BTCUSDT,BTCUSDT,0.07341805976978617,105467.337315,104066.29294752967,7743.207274752869,7776.575980045727,7
2025-06-16 04:00:00,BTCUSDT,BTCUSDT,0.07341805976978617,105467.337315,104066.29294752967,7743.207274752869,7860.269631460893,8
2025-06-16 08:00:00,BTCUSDT,BTCUSDT,0.07341805976978617,105467.337315,104066.29294752967,7743.207274752869,7847.215166253228,9
2025-06-16 12:00:00,BTCUSDT,BTCUSDT,0.07341805976978617,105467.337315,104066.29294752967,7743.207274752869,7886.932134046889,10
2025-06-16 16:00:00,BTCUSDT,BTCUSDT,0.07341805976978617,105467.337315,104066.29294752967,7743.207274752869,7977.019030106807,11
2025-06-16 20:00:00,BTCUSDT,BTCUSDT,0.07341805976978617,105467.337315,104066.29294752967,7743.207274752869,7840.647186626222,12
2025-06-17 00:00:00,BTCUSDT,BTCUSDT,0.07341805976978617,105467.337315,104066.29294752967,7743.207274752869,7899.0791520358,13
2025-06-17 04:00:00,BTCUSDT,BTCUSDT,0.07341805976978617,105467.337315,104066.29294752967,7743.207274752869,7838.003402293913,14
2025-06-17 08:00:00,BTCUSDT,BTCUSDT,0.07341805976978617,105467.337315,104066.29294752967,7743.207274752869,7755.991758628073,15
2025-06-17 12:00:00,BTCUSDT,BTCUSDT,0.07341805976978617,105467.337315,104066.29294752967,7743.207274752869,7653.218221839936,16
2025-06-17 16:00:00,USDT_CASH,USDT_CASH,0.0,0.0,0.0,7643.271366212376,7643.271366212376,0
2025-06-17 20:00:00,USDT_CASH,USDT_CASH,0.0,0.0,0.0,7643.271366212376,7643.271366212376,0
2025-06-18 00:00:00,USDT_CASH,USDT_CASH,0.0,0.0,0.0,7643.271366212376,7643.271366212376,0
2025-06-18 04:00:00,USDT_CASH,USDT_CASH,0.0,0.0,0.0,7643.271366212376,7643.271366212376,0
2025-06-18 08:00:00,USDT_CASH,USDT_CASH,0.0,0.0,0.0,7643.271366212376,7643.271366212376,0
2025-06-18 12:00:00,USDT_CASH,USDT_CASH,0.0,0.0,0.0,7643.271366212376,7643.271366212376,0
2025-06-18 16:00:00,USDT_CASH,USDT_CASH,0.0,0.0,0.0,7643.271366212376,7643.271366212376,0
2025-06-18 20:00:00,USDT_CASH,USDT_CASH,0.0,0.0,0.0,7643.271366212376,7643.271366212376,0
2025-06-19 00:00:00,USDT_CASH,USDT_CASH,0.0,0.0,0.0,7643.271366212376,7643.271366212376,0
2025-06-19 04:00:00,USDT_CASH,USDT_CASH,0.0,0.0,0.0,7643.271366212376,7643.271366212376,0
2025-06-19 08:00:00,USDT_CASH,USDT_CASH,0.0,0.0,0.0,7643.271366212376,7643.271366212376,0
2025-06-19 12:00:00,USDT_CASH,USDT_CASH,0.0,0.0,0.0,7643.271366212376,7643.271366212376,0
2025-06-19 16:00:00,USDT_CASH,USDT_CASH,0.0,0.0,0.0,7643.271366212376,7643.271366212376,0
2025-06-19 20:00:00,USDT_CASH,USDT_CASH,0.0,0.0,0.0,7643.271366212376,7643.271366212376,0
2025-06-20 00:00:00,USDT_CASH,USDT_CASH,0.0,0.0,0.0,7643.271366212376,7643.271366212376,0
2025-06-20 04:00:00,USDT_CASH,USDT_CASH,0.0,0.0,0.0,7643.271366212376,7643.271366212376,0
2025-06-20 08:00:00,BTCUSDT,BTCUSDT,0.07214076697991988,105864.64587,104421.29551285713,7637.156749119406,7645.321217659893,1
2025-06-20 12:00:00,BTCUSDT,USDT_CASH,0.0,0.0,0.0,7515.715412574326,7515.715412574326,0
2025-06-20 16:00:00,USDT_CASH,USDT_CASH,0.0,0.0,0.0,7515.715412574326,7515.715412574326,0
2025-06-20 20:00:00,USDT_CASH,USDT_CASH,0.0,0.0,0.0,7515.715412574326,7515.715412574326,0
2025-06-21 00:00:00,USDT_CASH,USDT_CASH,0.0,0.0,0.0,7515.715412574326,7515.715412574326,0
2025-06-21 04:00:00,USDT_CASH,USDT_CASH,0.0,0.0,0.0,7515.715412574326,7515.715412574326,0
2025-06-21 08:00:00,USDT_CASH,USDT_CASH,0.0,0.0,0.0,7515.715412574326,7515.715412574326,0
2025-06-21 12:00:00,USDT_CASH,USDT_CASH,0.0,0.0,0.0,7515.715412574326,7515.715412574326,0
2025-06-21 16:00:00,USDT_CASH,USDT_CASH,0.0,0.0,0.0,7515.715412574326,7515.715412574326,0
2025-06-21 20:00:00,USDT_CASH,USDT_CASH,0.0,0.0,0.0,7515.715412574326,7515.715412574326,0
2025-06-22 00:00:00,USDT_CASH,USDT_CASH,0.0,0.0,0.0,7515.715412574326,7515.715412574326,0
2025-06-22 04:00:00,USDT_CASH,USDT_CASH,0.0,0.0,0.0,7515.715412574326,7515.715412574326,0
2025-06-22 08:00:00,USDT_CASH,USDT_CASH,0.0,0.0,0.0,7515.715412574326,7515.715412574326,0
2025-06-22 12:00:00,USDT_CASH,USDT_CASH,0.0,0.0,0.0,7515.715412574326,7515.715412574326,0
2025-06-22 16:00:00,USDT_CASH,USDT_CASH,0.0,0.0,0.0,7515.715412574326,7515.715412574326,0
2025-06-22 20:00:00,USDT_CASH,USDT_CASH,0.0,0.0,0.0,7515.715412574326,7515.715412574326,0
2025-06-23 00:00:00,USDT_CASH,USDT_CASH,0.0,0.0,0.0,7515.715412574326,7515.715412574326,0
2025-06-23 04:00:00,USDT_CASH,USDT_CASH,0.0,0.0,0.0,7515.715412574326,7515.715412574326,0
2025-06-23 08:00:00,USDT_CASH,USDT_CASH,0.0,0.0,0.0,7515.715412574326,7515.715412574326,0
2025-06-23 12:00:00,USDT_CASH,USDT_CASH,0.0,0.0,0.0,7515.715412574326,7515.715412574326,0
2025-06-23 16:00:00,USDT_CASH,USDT_CASH,0.0,0.0,0.0,7515.715412574326,7515.715412574326,0
2025-06-23 20:00:00,USDT_CASH,USDT_CASH,0.0,0.0,0.0,7515.715412574326,7515.715412574326,0
2025-06-24 00:00:00,BTCUSDT,BTCUSDT,0.07125860729515683,105386.60697,103837.53885084754,7509.702840244267,7476.424573964936,1
2025-06-24 04:00:00,BTCUSDT,BTCUSDT,0.07125860729515683,105386.60697,103837.53885084754,7509.702840244267,7477.43217067209,2
2025-06-24 08:00:00,BTCUSDT,BTCUSDT,0.07125860729515683,105386.60697,103837.53885084754,7509.702840244267,7494.267729231643,3
2025-06-24 12:00:00,BTCUSDT,BTCUSDT,0.07125860729515683,105386.60697,103837.53885084754,7509.702840244267,7499.59288495481,4
2025-06-24 16:00:00,BTCUSDT,BTCUSDT,0.07125860729515683,105386.60697,103837.53885084754,7509.702840244267,7527.986589617639,5
2025-06-24 20:00:00,BTCUSDT,BTCUSDT,0.07125860729515683,105386.60697,103837.53885084754,7509.702840244267,7559.326837692121,6
2025-06-25 00:00:00,BTCUSDT,BTCUSDT,0.07125860729515683,105386.60697,103837.53885084754,7509.702840244267,7569.945082765173,7
2025-06-25 04:00:00,BTCUSDT,BTCUSDT,0.07125860729515683,105386.60697,103837.53885084754,7509.702840244267,7596.16825024979,8
2025-06-25 08:00:00,BTCUSDT,BTCUSDT,0.07125860729515683,105386.60697,103837.53885084754,7509.702840244267,7638.7816099983675,9
2025-06-25 12:00:00,BTCUSDT,BTCUSDT,0.07125860729515683,105386.60697,103837.53885084754,7509.702840244267,7626.666221586044,10
2025-06-25 16:00:00,BTCUSDT,BTCUSDT,0.07125860729515683,105386.60697,103837.53885084754,7509.702840244267,7678.947236586355,11
2025-06-25 20:00:00,BTCUSDT,BTCUSDT,0.07125860729515683,105386.60697,103837.53885084754,7509.702840244267,7648.940237054365,12
2025-06-26 00:00:00,BTCUSDT,BTCUSDT,0.07125860729515683,105386.60697,103837.53885084754,7509.702840244267,7685.510866904312,13
2025-06-26 04:00:00,BTCUSDT,BTCUSDT,0.07125860729515683,105386.60697,103837.53885084754,7509.702840244267,7682.674774333966,14
2025-06-26 08:00:00,BTCUSDT,BTCUSDT,0.07125860729515683,105386.60697,103837.53885084754,7509.702840244267,7647.859243981698,15
2025-06-26 12:00:00,BTCUSDT,BTCUSDT,0.07125860729515683,105386.60697,103837.53885084754,7509.702840244267,7647.0176798295415,16
2025-06-26 16:00:00,BTCUSDT,BTCUSDT,0.07125860729515683,105386.60697,103837.53885084754,7509.702840244267,7662.6503930979525,17
2025-06-26 20:00:00,BTCUSDT,BTCUSDT,0.07125860729515683,105386.60697,103837.53885084754,7509.702840244267,7620.898549911574,18
2025-06-27 00:00:00,BTCUSDT,BTCUSDT,0.07125860729515683,105386.60697,103837.53885084754,7509.702840244267,7658.715492803114,19
2025-06-27 04:00:00,BTCUSDT,BTCUSDT,0.07125860729515683,105386.60697,103837.53885084754,7509.702840244267,7615.386696637294,20
2025-06-27 08:00:00,BTCUSDT,BTCUSDT,0.07125860729515683,105386.60697,103837.53885084754,7509.702840244267,7623.50233942214,21
2025-06-27 12:00:00,BTCUSDT,BTCUSDT,0.07125860729515683,105386.60697,103837.53885084754,7509.702840244267,7646.636446280512,22
2025-06-27 16:00:00,BTCUSDT,BTCUSDT,0.07125860729515683,105386.60697,103837.53885084754,7509.702840244267,7610.49194290219,23
2025-06-27 20:00:00,BTCUSDT,BTCUSDT,0.07125860729515683,105386.60697,103837.53885084754,7509.702840244267,7628.062177702956,24
2025-06-28 00:00:00,BTCUSDT,BTCUSDT,0.07125860729515683,105386.60697,103837.53885084754,7509.702840244267,7646.057826389276,25
2025-06-28 04:00:00,BTCUSDT,BTCUSDT,0.07125860729515683,105386.60697,103837.53885084754,7509.702840244267,7659.231405119931,26
2025-06-28 08:00:00,BTCUSDT,BTCUSDT,0.07125860729515683,105386.60697,103837.53885084754,7509.702840244267,7651.278231959719,27
2025-06-28 12:00:00,BTCUSDT,BTCUSDT,0.07125860729515683,105386.60697,103837.53885084754,7509.702840244267,7656.686047667348,28
2025-06-28 16:00:00,BTCUSDT,BTCUSDT,0.07125860729515683,105386.60697,103837.53885084754,7509.702840244267,7640.756898592589,29
2025-06-28 20:00:00,BTCUSDT,BTCUSDT,0.07125860729515683,105386.60697,103837.53885084754,7509.702840244267,7645.8198226409095,30
2025-06-29 00:00:00,BTCUSDT,BTCUSDT,0.07125860729515683,105386.60697,103837.53885084754,7509.702840244267,7639.690869827453,31
2025-06-29 04:00:00,BTCUSDT,BTCUSDT,0.07125860729515683,105386.60697,103837.53885084754,7509.702840244267,7653.329767263745,32
2025-06-29 08:00:00,BTCUSDT,BTCUSDT,0.07125860729515683,105386.60697,103837.53885084754,7509.702840244267,7729.9277820035295,33
2025-06-29 12:00:00,BTCUSDT,BTCUSDT,0.07125860729515683,105386.60697,103837.53885084754,7509.702840244267,7678.1662422504005,34
2025-06-29 16:00:00,BTCUSDT,BTCUSDT,0.07125860729515683,105386.60697,103837.53885084754,7509.702840244267,7653.659694615523,35
2025-06-29 20:00:00,BTCUSDT,BTCUSDT,0.07125860729515683,105386.60697,103837.53885084754,7509.702840244267,7721.3639225787965,36
2025-06-30 00:00:00,BTCUSDT,BTCUSDT,0.07125860729515683,105386.60697,103837.53885084754,7509.702840244267,7731.8253987158,37
2025-06-30 04:00:00,BTCUSDT,BTCUSDT,0.07125860729515683,105386.60697,103837.53885084754,7509.702840244267,7668.429466149591,38
2025-06-30 08:00:00,BTCUSDT,BTCUSDT,0.07125860729515683,105386.60697,103837.53885084754,7509.702840244267,7671.288361474271,39
2025-06-30 12:00:00,BTCUSDT,BTCUSDT,0.07125860729515683,105386.60697,103837.53885084754,7509.702840244267,7666.033751772327,40
2025-06-30 16:00:00,SOLUSDT,SOLUSDT,48.44531310103515,157.908915,153.45927214285715,7649.946828619745,7643.217047950315,1
2025-06-30 20:00:00,SOLUSDT,SOLUSDT,48.44531310103515,157.908915,153.45927214285715,7649.946828619745,7499.818921171251,2
2025-07-01 00:00:00,SOLUSDT,USDT_CASH,0.0,0.0,0.0,7417.292328756059,7417.292328756059,0
2025-07-01 04:00:00,SOLUSDT,USDT_CASH,0.0,0.0,0.0,7183.253118837905,7183.253118837905,0
2025-07-01 08:00:00,BTCUSDT,BTCUSDT,0.06693400970250375,107232.579495,106152.13913785714,7177.506516342835,7135.553651543175,1
2025-07-01 12:00:00,BNBUSDT,USDT_CASH,0.0,0.0,0.0,7041.518646403139,7041.518646403139,0
2025-07-01 16:00:00,BTCUSDT,BTCUSDT,0.066371163572663,106008.16759499999,104853.49622955076,7035.885431486017,6995.423074948228,1
2025-07-01 20:00:00,BTCUSDT,BTCUSDT,0.066371163572663,106008.16759499999,104853.49622955076,7035.885431486017,7014.180229485498,2
2025-07-02 00:00:00,BTCUSDT,BTCUSDT,0.066371163572663,106008.16759499999,104853.49622955076,7035.885431486017,7048.265804249875,3
2025-07-02 04:00:00,BTCUSDT,BTCUSDT,0.066371163572663,106008.16759499999,104853.49622955076,7035.885431486017,7107.024195360754,4
2025-07-02 08:00:00,BNBUSDT,BNBUSDT,10.783876277812123,657.658665,650.938665,7092.10967639109,7086.1929409131235,1
2025-07-02 12:00:00,BNBUSDT,BNBUSDT,10.783876277812123,657.658665,650.938665,7092.10967639109,7135.043900451613,2
2025-07-02 16:00:00,BNBUSDT,BNBUSDT,10.783876277812123,657.658665,650.938665,7092.10967639109,7158.876267025577,3
2025-07-02 20:00:00,BTCUSDT,BTCUSDT,0.06510333780856829,109730.97807,108277.20485571428,7143.852933355809,7086.472279127535,1
2025-07-03 00:00:00,BTCUSDT,BTCUSDT,0.06510333780856829,109730.97807,108277.20485571428,7143.852933355809,7072.059051170097,2
2025-07-03 04:00:00,BTCUSDT,BTCUSDT,0.06510333780856829,109730.97807,108277.20485571428,7143.852933355809,7114.492755720343,3
2025-07-03 08:00:00,BTCUSDT,BTCUSDT,0.06510333780856829,109730.97807,108277.20485571428,7143.852933355809,7135.27309011546,4
2025-07-03 12:00:00,BTCUSDT,BTCUSDT,0.06510333780856829,109730.97807,108277.20485571428,7143.852933355809,7104.586631839391,5
2025-07-03 16:00:00,BTCUSDT,BTCUSDT,0.06510333780856829,109730.97807,108277.20485571428,7143.852933355809,7148.568493762726,6
2025-07-03 20:00:00,BTCUSDT,BTCUSDT,0.06510333780856829,109730.97807,108277.20485571428,7143.852933355809,7134.334951017639,7
2025-07-04 00:00:00,BTCUSDT,BTCUSDT,0.06510333780856829,109730.97807,108277.20485571428,7143.852933355809,7111.600214421509,8
2025-07-04 04:00:00,BTCUSDT,BTCUSDT,0.06510333780856829,109730.97807,108277.20485571428,7143.852933355809,7076.732819791373,9
2025-07-04 08:00:00,BTCUSDT,BTCUSDT,0.06510333780856829,109730.97807,108277.20485571428,7143.852933355809,7088.972247299384,10
2025-07-04 12:00:00,BTCUSDT,USDT_CASH,0.0,0.0,0.0,7033.002726615267,7033.002726615267,0
2025-07-04 16:00:00,BTCUSDT,BTCUSDT,0.06529375825762936,107627.076645,106184.29200214286,7027.376324433975,7017.069923753567,1
2025-07-04 20:00:00,BTCUSDT,BTCUSDT,0.06529375825762936,107627.076645,106184.29200214286,7027.376324433975,7050.6968621938295,2
2025-07-05 00:00:00,BTCUSDT,BTCUSDT,0.06529375825762936,107627.076645,106184.29200214286,7027.376324433975,7061.82814210159,3
2025-07-05 04:00:00,BTCUSDT,BTCUSDT,0.06529375825762936,107627.076645,106184.29200214286,7027.376324433975,7055.216496140423,4
2025-07-05 08:00:00,BTCUSDT,BTCUSDT,0.06529375825762936,107627.076645,106184.29200214286,7027.376324433975,7059.052504438058,5
2025-07-05 12:00:00,BTCUSDT,BTCUSDT,0.06529375825762936,107627.076645,106184.29200214286,7027.376324433975,7055.512929802912,6
2025-07-05 16:00:00,BTCUSDT,BTCUSDT,0.06529375825762936,107627.076645,106184.29200214286,7027.376324433975,7060.983240869737,7
2025-07-05 20:00:00,BTCUSDT,BTCUSDT,0.06529375825762936,107627.076645,106184.29200214286,7027.376324433975,7064.661891209971,8
2025-07-06 00:00:00,BTCUSDT,BTCUSDT,0.06529375825762936,107627.076645,106184.29200214286,7027.376324433975,7055.022573678398,9
2025-07-06 04:00:00,BTCUSDT,BTCUSDT,0.06529375825762936,107627.076645,106184.29200214286,7027.376324433975,7054.357883219334,10
2025-07-06 08:00:00,BTCUSDT,BTCUSDT,0.06529375825762936,107627.076645,106184.29200214286,7027.376324433975,7056.688870389132,11
2025-07-06 12:00:00,BNBUSDT,BNBUSDT,10.721689290272138,656.78823,651.60573,7041.879331567794,7106.871746056887,1
2025-07-06 16:00:00,BNBUSDT,BNBUSDT,10.721689290272138,656.78823,651.60573,7041.879331567794,7109.230517700747,2
2025-07-06 20:00:00,BNBUSDT,BNBUSDT,10.721689290272138,656.78823,651.60573,7041.879331567794,7109.8738190581635,3
2025-07-07 00:00:00,BNBUSDT,BNBUSDT,10.721689290272138,656.78823,651.60573,7041.879331567794,7085.321150583441,4
2025-07-07 04:00:00,BTCUSDT,BTCUSDT,0.0646032873496557,109444.15473,108615.12401571427,7070.45217676237,7045.704289903789,1
2025-07-07 08:00:00,BNBUSDT,BNBUSDT,10.60276121806839,663.1213949999999,658.6256807142856,7030.917809777408,7022.3147823388745,1
2025-07-07 12:00:00,BNBUSDT,BNBUSDT,10.60276121806839,663.1213949999999,658.6256807142856,7030.917809777408,6987.43169793143,2
2025-07-07 16:00:00,BNBUSDT,USDT_CASH,0.0,0.0,0.0,6967.1977277054975,6967.1977277054975,0
2025-07-07 20:00:00,BNBUSDT,BNBUSDT,10.519691728765718,661.77072,656.9353628571429,6961.6239695233335,6954.147414217865,1
2025-07-08 00:00:00,BNBUSDT,BNBUSDT,10.519691728765718,661.77072,656.9353628571429,6961.6239695233335,6940.366618053182,2
2025-07-08 04:00:00,BNBUSDT,BNBUSDT,10.519691728765718,661.77072,656.9353628571429,6961.6239695233335,6940.997799556908,3
2025-07-08 08:00:00,BNBUSDT,BNBUSDT,10.519691728765718,661.77072,656.9353628571429,6961.6239695233335,6954.673398804303,4
2025-07-08 12:00:00,ETHUSDT,ETHUSDT,2.6936618664568424,2576.4475799999996,2522.4400799999994,6940.078597171013,6908.380715664533,1
2025-07-08 16:00:00,ETHUSDT,ETHUSDT,2.6936618664568424,2576.4475799999996,2522.4400799999994,6940.078597171013,7032.100605190897,2
2025-07-08 20:00:00,ETHUSDT,ETHUSDT,2.6936618664568424,2576.4475799999996,2522.4400799999994,6940.078597171013,7044.599196251256,3
2025-07-09 00:00:00,ETHUSDT,ETHUSDT,2.6936618664568424,2576.4475799999996,2522.4400799999994,6940.078597171013,6981.298142389521,4
2025-07-09 04:00:00,ETHUSDT,ETHUSDT,2.6936618664568424,2576.4475799999996,2522.4400799999994,6940.078597171013,7070.485286787907,5
2025-07-09 08:00:00,ETHUSDT,ETHUSDT,2.6936618664568424,2576.4475799999996,2522.4400799999994,6940.078597171013,7074.714335918244,6
2025-07-09 12:00:00,ETHUSDT,ETHUSDT,2.6936618664568424,2576.4475799999996,2522.4400799999994,6940.078597171013,7156.601656658531,7
2025-07-09 16:00:00,ETHUSDT,ETHUSDT,2.6936618664568424,2576.4475799999996,2581.6004751599994,6940.078597171013,7448.001997371834,8
2025-07-09 20:00:00,ETHUSDT,ETHUSDT,2.6936618664568424,2576.4475799999996,2581.6004751599994,6940.078597171013,7458.049356133716,9
2025-07-10 00:00:00,ETHUSDT,ETHUSDT,2.6936618664568424,2576.4475799999996,2581.6004751599994,6940.078597171013,7477.955517326834,10
2025-07-10 04:00:00,ETHUSDT,ETHUSDT,2.6936618664568424,2576.4475799999996,2581.6004751599994,6940.078597171013,7518.252698849028,11
2025-07-10 08:00:00,ETHUSDT,ETHUSDT,2.6936618664568424,2576.4475799999996,2581.6004751599994,6940.078597171013,7484.851291704963,12
2025-07-10 12:00:00,ETHUSDT,ETHUSDT,2.6936618664568424,2576.4475799999996,2581.6004751599994,6940.078597171013,7459.611680016263,13
2025-07-10 16:00:00,ETHUSDT,ETHUSDT,2.6936618664568424,2576.4475799999996,2698.6555,6940.078597171013,7585.917484934424,14
2025-07-10 20:00:00,ETHUSDT,ETHUSDT,2.6936618664568424,2576.4475799999996,2850.0,6940.078597171013,7949.777329855414,15
2025-07-11 00:00:00,ETHUSDT,ETHUSDT,2.6936618664568424,2576.4475799999996,2850.0,6940.078597171013,7999.475391291542,16
2025-07-11 04:00:00,ETHUSDT,ETHUSDT,2.6936618664568424,2576.4475799999996,2878.0725,6940.078597171013,7996.108313958471,17
2025-07-11 08:00:00,BTCUSDT,BTCUSDT,0.06786702804671774,117585.64344,115448.29986857143,7980.188161233832,7996.2228704878535,1
2025-07-11 12:00:00,BTCUSDT,BTCUSDT,0.06786702804671774,117585.64344,115448.29986857143,7980.188161233832,7933.831354263944,2
2025-07-11 16:00:00,ETHUSDT,ETHUSDT,2.6814581870196093,2952.565545,2847.225902142857,7917.181053352265,8064.753643280177,1
2025-07-11 20:00:00,ETHUSDT,ETHUSDT,2.6814581870196093,2952.565545,2847.225902142857,7917.181053352265,7932.343238005148,2
2025-07-12 00:00:00,BTCUSDT,BTCUSDT,0.06731789028957492,117586.42383,115220.04204428571,7915.669978931399,7928.325484478319,1
2025-07-12 04:00:00,BTCUSDT,BTCUSDT,0.06731789028957492,117586.42383,115220.04204428571,7915.669978931399,7925.469186393333,2
2025-07-12 08:00:00,BTCUSDT,BTCUSDT,0.06731789028957492,117586.42383,115220.04204428571,7915.669978931399,7930.720655014822,3
2025-07-12 12:00:00,BTCUSDT,BTCUSDT,0.06731789028957492,117586.42383,115220.04204428571,7915.669978931399,7882.925626088127,4
2025-07-12 16:00:00,BTCUSDT,BTCUSDT,0.06731789028957492,117586.42383,115220.04204428571,7915.669978931399,7913.282628714212,5
2025-07-12 20:00:00,BTCUSDT,BTCUSDT,0.06731789028957492,117586.42383,115220.04204428571,7915.669978931399,7904.466677801888,6
2025-07-13 00:00:00,BTCUSDT,BTCUSDT,0.06731789028957492,117586.42383,115220.04204428571,7915.669978931399,7926.923926002491,7
2025-07-13 04:00:00,BTCUSDT,BTCUSDT,0.06731789028957492,117586.42383,115220.04204428571,7915.669978931399,7943.443736279552,8
2025-07-13 08:00:00,BTCUSDT,BTCUSDT,0.06731789028957492,117586.42383,115220.04204428571,7915.669978931399,7948.358615449593,9
2025-07-13 12:00:00,BTCUSDT,BTCUSDT,0.06731789028957492,117586.42383,115220.04204428571,7915.669978931399,7988.764832738106,10
2025-07-13 16:00:00,BTCUSDT,BTCUSDT,0.06731789028957492,117586.42383,115220.04204428571,7915.669978931399,8008.208932169347,11
2025-07-13 20:00:00,BTCUSDT,BTCUSDT,0.06731789028957492,117586.42383,115220.04204428571,7915.669978931399,8016.661366474105,12
2025-07-14 00:00:00,BTCUSDT,BTCUSDT,0.06731789028957492,117586.42383,115220.04204428571,7915.669978931399,8128.6514087598425,13
2025-07-14 04:00:00,BTCUSDT,BTCUSDT,0.06731789028957492,117586.42383,115220.04204428571,7915.669978931399,8262.33127529688,14
2025-07-14 08:00:00,BTCUSDT,BTCUSDT,0.06731789028957492,117586.42383,115220.04204428571,7915.669978931399,8176.9183360974675,15
2025-07-14 12:00:00,BTCUSDT,BTCUSDT,0.06731789028957492,117586.42383,115220.04204428571,7915.669978931399,8069.949535248429,16
2025-07-14 16:00:00,BTCUSDT,BTCUSDT,0.06731789028957492,117586.42383,115220.04204428571,7915.669978931399,8074.068043776346,17
2025-07-14 20:00:00,BTCUSDT,BTCUSDT,0.06731789028957492,117586.42383,115220.04204428571,7915.669978931399,8067.4554074132,18
2025-07-15 00:00:00,BTCUSDT,BTCUSDT,0.06731789028957492,117586.42383,115220.04204428571,7915.669978931399,7886.18785105156,19
2025-07-15 04:00:00,ETHUSDT,ETHUSDT,2.664723671413637,2953.265895,2876.921252142857,7869.637538385081,7934.1880843973895,1
2025-07-15 08:00:00,ETHUSDT,ETHUSDT,2.664723671413637,2953.265895,2876.921252142857,7869.637538385081,7943.834384087908,2
2025-07-15 12:00:00,ETHUSDT,ETHUSDT,2.664723671413637,2953.265895,2876.921252142857,7869.637538385081,8100.573430440458,3
2025-07-15 16:00:00,ETHUSDT,ETHUSDT,2.664723671413637,2953.265895,2876.921252142857,7869.637538385081,8103.104917928301,4
2025-07-15 20:00:00,ETHUSDT,ETHUSDT,2.664723671413637,2953.265895,2959.17242679,7869.637538385081,8361.609761292137,5
2025-07-16 00:00:00,ETHUSDT,ETHUSDT,2.664723671413637,2953.265895,2959.17242679,7869.637538385081,8303.252312888178,6
2025-07-16 04:00:00,ETHUSDT,ETHUSDT,2.664723671413637,2953.265895,2959.17242679,7869.637538385081,8427.055374662057,7
2025-07-16 08:00:00,ETHUSDT,ETHUSDT,2.664723671413637,2953.265895,2959.17242679,7869.637538385081,8395.211926788663,8
2025-07-16 12:00:00,ETHUSDT,ETHUSDT,2.664723671413637,2953.265895,3102.168,7869.637538385081,8645.66930466483,9
2025-07-16 16:00:00,ETHUSDT,ETHUSDT,2.664723671413637,2953.265895,3215.0184999999997,7869.637538385081,9018.037790508173,10
2025-07-16 20:00:00,ETHUSDT,ETHUSDT,2.664723671413637,2953.265895,3253.75,7869.637538385081,8983.716149620366,11
2025-07-17 00:00:00,ETHUSDT,ETHUSDT,2.664723671413637,2953.265895,3253.75,7869.637538385081,8873.902887121409,12
2025-07-17 04:00:00,ETHUSDT,ETHUSDT,2.664723671413637,2953.265895,3294.6,7869.637538385081,9187.70074666708,13
2025-07-17 08:00:00,ETHUSDT,ETHUSDT,2.664723671413637,2953.265895,3306.1805,7869.637538385081,9148.769133827725,14
2025-07-17 12:00:00,ETHUSDT,ETHUSDT,2.664723671413637,2953.265895,3306.1805,7869.637538385081,9114.660670833631,15
2025-07-17 16:00:00,ETHUSDT,ETHUSDT,2.664723671413637,2953.265895,3306.1805,7869.637538385081,9092.916525674897,16
2025-07-17 20:00:00,ETHUSDT,ETHUSDT,2.664723671413637,2953.265895,3347.268,7869.637538385081,9264.897791427931,17
2025-07-18 00:00:00,ETHUSDT,ETHUSDT,2.664723671413637,2953.265895,3445.2415,7869.637538385081,9583.412211872004,18
2025-07-18 04:00:00,ETHUSDT,ETHUSDT,2.664723671413637,2953.265895,3490.148,7869.637538385081,9603.93058414189,19
2025-07-18 08:00:00,BNBUSDT,BNBUSDT,12.939680476536433,740.65014,722.4540685714285,9583.776156501975,9535.897527183524,1
2025-07-18 12:00:00,ETHUSDT,ETHUSDT,2.6344942859220772,3612.0351149999997,3464.831543571428,9515.885871017392,9388.494596854787,1
2025-07-18 16:00:00,BNBUSDT,BNBUSDT,12.691763759666495,738.1789049999999,717.0985478571428,9368.792274629295,9288.467307511924,1
2025-07-18 20:00:00,ETHUSDT,ETHUSDT,2.608470048407579,3553.365795,3392.807937857143,9268.848247293485,9252.03458409781,1
2025-07-19 00:00:00,ETHUSDT,ETHUSDT,2.608470048407579,3553.365795,3392.807937857143,9268.848247293485,9372.180714527462,2
2025-07-19 04:00:00,ETHUSDT,ETHUSDT,2.608470048407579,3553.365795,3392.807937857143,9268.848247293485,9316.072523786215,3
2025-07-19 08:00:00,ETHUSDT,ETHUSDT,2.608470048407579,3553.365795,3392.807937857143,9268.848247293485,9267.241964480025,4
2025-07-19 12:00:00,ETHUSDT,ETHUSDT,2.608470048407579,3553.365795,3392.807937857143,9268.848247293485,9265.28561194372,5
2025-07-19 16:00:00,ETHUSDT,ETHUSDT,2.608470048407579,3553.365795,3392.807937857143,9268.848247293485,9332.088529883438,6
2025-07-19 20:00:00,ETHUSDT,ETHUSDT,2.608470048407579,3553.365795,3392.807937857143,9268.848247293485,9369.650498580508,7
2025-07-20 00:00:00,ETHUSDT,ETHUSDT,2.608470048407579,3553.365795,3392.807937857143,9268.848247293485,9541.809521775407,8
2025-07-20 04:00:00,ETHUSDT,ETHUSDT,2.608470048407579,3553.365795,3392.807937857143,9268.848247293485,9569.146287882717,9
2025-07-20 08:00:00,ETHUSDT,ETHUSDT,2.608470048407579,3553.365795,3560.47252659,9268.848247293485,9799.265515553236,10
2025-07-20 12:00:00,ETHUSDT,ETHUSDT,2.608470048407579,3553.365795,3560.47252659,9268.848247293485,9875.798026773515,11
2025-07-20 16:00:00,ETHUSDT,ETHUSDT,2.608470048407579,3553.365795,3560.47252659,9268.848247293485,9781.58008862503,12
2025-07-20 20:00:00,ETHUSDT,ETHUSDT,2.608470048407579,3553.365795,3560.47252659,9268.848247293485,9799.213346152266,13
2025-07-21 00:00:00,ETHUSDT,ETHUSDT,2.608470048407579,3553.365795,3560.47252659,9268.848247293485,9800.987105785183,14
2025-07-21 04:00:00,BNBUSDT,BNBUSDT,12.808644384710577,763.5816,745.9780285714286,9780.445173108317,9739.565103690074,1
2025-07-21 08:00:00,SOLUSDT,SOLUSDT,51.11226274937947,190.15502999999998,184.65324428571427,9719.253856476134,9782.88709023123,1
2025-07-21 12:00:00,SOLUSDT,SOLUSDT,51.11226274937947,190.15502999999998,184.65324428571427,9719.253856476134,10058.382186450384,2
2025-07-21 16:00:00,SOLUSDT,SOLUSDT,51.11226274937947,190.15502999999998,184.65324428571427,9719.253856476134,9947.979698911726,3
2025-07-21 20:00:00,SOLUSDT,SOLUSDT,51.11226274937947,190.15502999999998,184.65324428571427,9719.253856476134,10003.692065308549,4
2025-07-22 00:00:00,SOLUSDT,SOLUSDT,51.11226274937947,190.15502999999998,190.53534005999998,9719.253856476134,10227.052653523338,5
2025-07-22 04:00:00,SOLUSDT,SOLUSDT,51.11226274937947,190.15502999999998,190.53534005999998,9719.253856476134,10125.339250652072,6
2025-07-22 08:00:00,SOLUSDT,SOLUSDT,51.11226274937947,190.15502999999998,190.53534005999998,9719.253856476134,10217.85244622845,7
2025-07-22 12:00:00,SOLUSDT,SOLUSDT,51.11226274937947,190.15502999999998,190.53534005999998,9719.253856476134,10315.987990707259,8
2025-07-22 16:00:00,SOLUSDT,SOLUSDT,51.11226274937947,190.15502999999998,190.53534005999998,9719.253856476134,10167.251306106564,9
2025-07-22 20:00:00,SOLUSDT,SOLUSDT,51.11226274937947,190.15502999999998,190.53534005999998,9719.253856476134,10513.792447547356,10
2025-07-23 00:00:00,SOLUSDT,SOLUSDT,51.11226274937947,190.15502999999998,190.53534005999998,9719.253856476134,10293.49859509753,11
2025-07-23 04:00:00,BNBUSDT,BNBUSDT,12.880946292962381,797.488545,773.541045,10272.407117397714,10232.881354055175,1
2025-07-23 08:00:00,BNBUSDT,BNBUSDT,12.880946292962381,797.488545,773.541045,10272.407117397714,10413.729840008367,2
2025-07-23 12:00:00,BNBUSDT,BNBUSDT,12.880946292962381,797.488545,773.541045,10272.407117397714,10104.20070058848,3
2025-07-23 16:00:00,BNBUSDT,USDT_CASH,0.0,0.0,0.0,9941.035549266875,9941.035549266875,0
2025-07-23 20:00:00,BNBUSDT,BNBUSDT,12.87994429503219,771.20541,744.3414814285715,9933.082720827462,10004.367931723304,1
2025-07-24 00:00:00,BNBUSDT,BNBUSDT,12.87994429503219,771.20541,744.3414814285715,9933.082720827462,10039.143781319892,2
2025-07-24 04:00:00,BNBUSDT,USDT_CASH,0.0,0.0,0.0,9565.038045094172,9565.038045094172,0
2025-07-24 08:00:00,ETHUSDT,ETHUSDT,2.6594865418867997,3593.69595,3456.777021428571,9557.386014658097,9720.74244898128,1
2025-07-24 12:00:00,BNBUSDT,BNBUSDT,12.588282442259663,770.5851,741.0447428571429,9700.342884596907,9796.327279390893,1
2025-07-24 16:00:00,BNBUSDT,BNBUSDT,12.588282442259663,770.5851,741.0447428571429,9700.342884596907,9805.642608398164,2
2025-07-24 20:00:00,BNBUSDT,BNBUSDT,12.588282442259663,770.5851,741.0447428571429,9700.342884596907,9702.292809547213,3
2025-07-25 00:00:00,ETHUSDT,USDT_CASH,0.0,0.0,0.0,9309.730091994494,9309.730091994494,0
2025-07-25 04:00:00,ETHUSDT,ETHUSDT,2.5855416117239134,3597.808005,3459.0826478571425,9302.282307920897,9389.833905049385,1
2025-07-25 08:00:00,ETHUSDT,ETHUSDT,2.5855416117239134,3597.808005,3459.0826478571425,9302.282307920897,9621.75698762102,2
2025-07-25 12:00:00,ETHUSDT,ETHUSDT,2.5855416117239134,3597.808005,3459.0826478571425,9302.282307920897,9396.375325327046,3
2025-07-25 16:00:00,ETHUSDT,ETHUSDT,2.5855416117239134,3597.808005,3459.0826478571425,9302.282307920897,9414.31898411241,4
2025-07-25 20:00:00,BNBUSDT,BNBUSDT,12.126631524884186,774.70716,744.9803742857143,9394.588269009497,9524.862731220284,1
2025-07-26 00:00:00,BNBUSDT,BNBUSDT,12.126631524884186,774.70716,744.9803742857143,9394.588269009497,9501.458332377257,2
2025-07-26 04:00:00,BNBUSDT,BNBUSDT,12.126631524884186,774.70716,744.9803742857143,9394.588269009497,9489.69549979812,3
2025-07-26 08:00:00,BNBUSDT,BNBUSDT,12.126631524884186,774.70716,744.9803742857143,9394.588269009497,9479.387863001968,4
2025-07-26 12:00:00,BNBUSDT,BNBUSDT,12.126631524884186,774.70716,744.9803742857143,9394.588269009497,9474.779743022513,5
2025-07-26 16:00:00,BNBUSDT,BNBUSDT,12.126631524884186,774.70716,744.9803742857143,9394.588269009497,9517.82928493585,6
2025-07-26 20:00:00,BNBUSDT,BNBUSDT,12.126631524884186,774.70716,744.9803742857143,9394.588269009497,9619.935522375376,7
2025-07-27 00:00:00,BNBUSDT,BNBUSDT,12.126631524884186,774.70716,744.9803742857143,9394.588269009497,9631.94088758501,8
2025-07-27 04:00:00,BNBUSDT,BNBUSDT,12.126631524884186,774.70716,744.9803742857143,9394.588269009497,9657.770612733013,9
2025-07-27 08:00:00,BNBUSDT,BNBUSDT,12.126631524884186,774.70716,744.9803742857143,9394.588269009497,9661.287335875231,10
2025-07-27 12:00:00,BNBUSDT,BNBUSDT,12.126631524884186,774.70716,776.25657432,9394.588269009497,9882.962160150113,11
2025-07-27 16:00:00,BNBUSDT,BNBUSDT,12.126631524884186,774.70716,776.25657432,9394.588269009497,10069.348486687584,12
2025-07-27 20:00:00,BNBUSDT,BNBUSDT,12.126631524884186,774.70716,776.25657432,9394.588269009497,10234.877007002253,13
2025-07-28 00:00:00,BNBUSDT,BNBUSDT,12.126631524884186,774.70716,812.2595,9394.588269009497,10206.621955549272,14
2025-07-28 04:00:00,BNBUSDT,BNBUSDT,12.126631524884186,774.70716,817.0,9394.588269009497,10377.607460050138,15
2025-07-28 08:00:00,BNBUSDT,BNBUSDT,12.126631524884186,774.70716,818.045,9394.588269009497,10314.79150875124,16
2025-07-28 12:00:00,BNBUSDT,BNBUSDT,12.126631524884186,774.70716,818.045,9394.588269009497,10140.046748477656,17
2025-07-28 16:00:00,BNBUSDT,BNBUSDT,12.126631524884186,774.70716,818.045,9394.588269009497,10086.204504507172,18
2025-07-28 20:00:00,BNBUSDT,BNBUSDT,12.126631524884186,774.70716,818.045,9394.588269009497,9993.19324071131,19
2025-07-29 00:00:00,BNBUSDT,USDT_CASH,0.0,0.0,0.0,9897.325890272945,9897.325890272945,0
2025-07-29 04:00:00,BNBUSDT,BNBUSDT,11.922209915403092,829.49454,804.8881114285714,9889.408029560727,9839.399843182171,1
2025-07-29 08:00:00,BNBUSDT,BNBUSDT,11.922209915403092,829.49454,804.8881114285714,9889.408029560727,9851.322053097574,2
2025-07-29 12:00:00,BNBUSDT,USDT_CASH,0.0,0.0,0.0,9573.985634565224,9573.985634565224,0
2025-07-29 16:00:00,BNBUSDT,BNBUSDT,11.873566552281147,805.6826399999999,778.7072828571428,9566.326446057572,9541.716817078654,1
2025-07-29 20:00:00,BNBUSDT,BNBUSDT,11.873566552281147,805.6826399999999,778.7072828571428,9566.326446057572,9559.408431241553,2
2025-07-30 00:00:00,BNBUSDT,BNBUSDT,11.873566552281147,805.6826399999999,778.7072828571428,9566.326446057572,9553.471647965413,3
2025-07-30 04:00:00,ETHUSDT,ETHUSDT,2.4961040087738042,3819.3687299999997,3703.7230157142853,9533.541597938312,9513.750663200828,1
2025-07-30 08:00:00,ETHUSDT,ETHUSDT,2.4961040087738042,3819.3687299999997,3703.7230157142853,9533.541597938312,9380.808163693535,2
2025-07-30 12:00:00,ETHUSDT,ETHUSDT,2.4961040087738042,3819.3687299999997,3703.7230157142853,9533.541597938312,9478.330947316328,3
2025-07-30 16:00:00,ETHUSDT,USDT_CASH,0.0,0.0,0.0,9223.625741671774,9223.625741671774,0
2025-07-30 20:00:00,ETHUSDT,ETHUSDT,2.4494680523864507,3762.550335,3634.8467635714283,9216.246841078437,9332.473279592377,1
2025-07-31 00:00:00,ETHUSDT,ETHUSDT,2.4494680523864507,3762.550335,3634.8467635714283,9216.246841078437,9463.054421465098,2
2025-07-31 04:00:00,ETHUSDT,ETHUSDT,2.4494680523864507,3762.550335,3634.8467635714283,9216.246841078437,9464.279155491291,3
2025-07-31 08:00:00,ETHUSDT,ETHUSDT,2.4494680523864507,3762.550335,3634.8467635714283,9216.246841078437,9402.185140363295,4
2025-07-31 12:00:00,ETHUSDT,ETHUSDT,2.4494680523864507,3762.550335,3634.8467635714283,9216.246841078437,9279.515780299782,5
2025-07-31 16:00:00,BNBUSDT,BNBUSDT,11.572336338952882,800.1898949999999,777.0159664285713,9260.06659997139,9213.662746347505,1
2025-07-31 20:00:00,BNBUSDT,BNBUSDT,11.572336338952882,800.1898949999999,777.0159664285713,9260.06659997139,9062.759480487559,2
2025-08-01 00:00:00,ETHUSDT,ETHUSDT,2.444065039028153,3700.2391949999997,3591.0413378571425,9043.625252541175,9055.212088298525,1
2025-08-01 04:00:00,ETHUSDT,ETHUSDT,2.444065039028153,3700.2391949999997,3591.0413378571425,9043.625252541175,8922.646000581637,2
2025-08-01 08:00:00,ETHUSDT,USDT_CASH,0.0,0.0,0.0,8756.56262089644,8756.56262089644,0
2025-08-01 12:00:00,ETHUSDT,ETHUSDT,2.4007293391780093,3644.5413599999997,3531.38136,8749.557370799723,8681.2773634016,1
2025-08-01 16:00:00,ETHUSDT,USDT_CASH,0.0,0.0,0.0,8458.401863318157,8458.401863318157,0
2025-08-01 20:00:00,USDT_CASH,USDT_CASH,0.0,0.0,0.0,8458.401863318157,8458.401863318157,0
2025-08-02 00:00:00,USDT_CASH,USDT_CASH,0.0,0.0,0.0,8458.401863318157,8458.401863318157,0
2025-08-02 04:00:00,USDT_CASH,USDT_CASH,0.0,0.0,0.0,8458.401863318157,8458.401863318157,0
2025-08-02 08:00:00,USDT_CASH,USDT_CASH,0.0,0.0,0.0,8458.401863318157,8458.401863318157,0
2025-08-02 12:00:00,USDT_CASH,USDT_CASH,0.0,0.0,0.0,8458.401863318157,8458.401863318157,0
2025-08-02 16:00:00,USDT_CASH,USDT_CASH,0.0,0.0,0.0,8458.401863318157,8458.401863318157,0
2025-08-02 20:00:00,USDT_CASH,USDT_CASH,0.0,0.0,0.0,8458.401863318157,8458.401863318157,0
2025-08-03 00:00:00,USDT_CASH,USDT_CASH,0.0,0.0,0.0,8458.401863318157,8458.401863318157,0
2025-08-03 04:00:00,USDT_CASH,USDT_CASH,0.0,0.0,0.0,8458.401863318157,8458.401863318157,0
2025-08-03 08:00:00,USDT_CASH,USDT_CASH,0.0,0.0,0.0,8458.401863318157,8458.401863318157,0
2025-08-03 12:00:00,USDT_CASH,USDT_CASH,0.0,0.0,0.0,8458.401863318157,8458.401863318157,0
2025-08-03 16:00:00,USDT_CASH,USDT_CASH,0.0,0.0,0.0,8458.401863318157,8458.401863318157,0
2025-08-03 20:00:00,USDT_CASH,USDT_CASH,0.0,0.0,0.0,8458.401863318157,8458.401863318157,0
2025-08-04 00:00:00,USDT_CASH,USDT_CASH,0.0,0.0,0.0,8458.401863318157,8458.401863318157,0
2025-08-04 04:00:00,USDT_CASH,USDT_CASH,0.0,0.0,0.0,8458.401863318157,8458.401863318157,0
2025-08-04 08:00:00,USDT_CASH,USDT_CASH,0.0,0.0,0.0,8458.401863318157,8458.401863318157,0
2025-08-04 12:00:00,USDT_CASH,USDT_CASH,0.0,0.0,0.0,8458.401863318157,8458.401863318157,0
2025-08-04 16:00:00,ETHUSDT,ETHUSDT,2.315063330522282,3650.7144449999996,3554.6094449999996,8451.635141827503,8495.657355917534,1
2025-08-04 20:00:00,USDT_CASH,USDT_CASH,0.0,0.0,0.0,8484.616399617784,8484.616399617784,0
2025-08-05 00:00:00,ETHUSDT,ETHUSDT,2.2772412477708404,3722.8504949999997,3623.631923571428,8477.82870649809,8316.348402384243,1
2025-08-05 04:00:00,USDT_CASH,USDT_CASH,0.0,0.0,0.0,8305.540476000506,8305.540476000506,0
2025-08-05 08:00:00,USDT_CASH,USDT_CASH,0.0,0.0,0.0,8305.540476000506,8305.540476000506,0
2025-08-05 12:00:00,ETHUSDT,USDT_CASH,0.0,0.0,0.0,8066.564477273737,8066.564477273737,0
2025-08-05 16:00:00,USDT_CASH,USDT_CASH,0.0,0.0,0.0,8066.564477273737,8066.564477273737,0
2025-08-05 20:00:00,USDT_CASH,USDT_CASH,0.0,0.0,0.0,8066.564477273737,8066.564477273737,0
2025-08-06 00:00:00,USDT_CASH,USDT_CASH,0.0,0.0,0.0,8066.564477273737,8066.564477273737,0
2025-08-06 04:00:00,USDT_CASH,USDT_CASH,0.0,0.0,0.0,8066.564477273737,8066.564477273737,0
2025-08-06 08:00:00,USDT_CASH,USDT_CASH,0.0,0.0,0.0,8066.564477273737,8066.564477273737,0
2025-08-06 12:00:00,USDT_CASH,USDT_CASH,0.0,0.0,0.0,8066.564477273737,8066.564477273737,0
2025-08-06 16:00:00,ETHUSDT,ETHUSDT,2.1982926799191937,3666.5323499999995,3552.783064285714,8060.111225691918,8097.740830384338,1
2025-08-06 20:00:00,ETHUSDT,ETHUSDT,2.1982926799191937,3666.5323499999995,3552.783064285714,8060.111225691918,8096.993410873165,2
2025-08-07 00:00:00,ETHUSDT,ETHUSDT,2.1982926799191937,3666.5323499999995,3552.783064285714,8060.111225691918,8038.672706074909,3
2025-08-07 04:00:00,USDT_CASH,USDT_CASH,0.0,0.0,0.0,8028.225647026095,8028.225647026095,0
2025-08-07 08:00:00,ETHUSDT,ETHUSDT,2.16556085615147,3704.261205,3598.3558478571426,8021.803066508474,8287.601396491675,1
2025-08-07 12:00:00,ETHUSDT,ETHUSDT,2.16556085615147,3704.261205,3598.3558478571426,8021.803066508474,8309.278660661752,2
2025-08-07 16:00:00,ETHUSDT,ETHUSDT,2.16556085615147,3704.261205,3598.3558478571426,8021.803066508474,8375.523167251424,3
2025-08-07 20:00:00,ETHUSDT,ETHUSDT,2.16556085615147,3704.261205,3711.6697274099997,8021.803066508474,8468.014271417653,4
2025-08-08 00:00:00,ETHUSDT,ETHUSDT,2.16556085615147,3704.261205,3711.6697274099997,8021.803066508474,8530.534013334745,5
2025-08-08 04:00:00,ETHUSDT,ETHUSDT,2.16556085615147,3704.261205,3711.6697274099997,8021.803066508474,8480.27134586347,6
2025-08-08 08:00:00,ETHUSDT,ETHUSDT,2.16556085615147,3704.261205,3711.6697274099997,8021.803066508474,8484.602467575773,7
2025-08-08 12:00:00,ETHUSDT,ETHUSDT,2.16556085615147,3704.261205,3711.6697274099997,8021.803066508474,8563.840339302356,8
2025-08-08 16:00:00,ETHUSDT,ETHUSDT,2.16556085615147,3704.261205,3711.6697274099997,8021.803066508474,8794.320981222556,9
2025-08-08 20:00:00,ETHUSDT,ETHUSDT,2.16556085615147,3704.261205,3711.6697274099997,8021.803066508474,8682.816252739318,10
2025-08-09 00:00:00,ETHUSDT,ETHUSDT,2.16556085615147,3704.261205,3711.6697274099997,8021.803066508474,8772.708683878165,11
2025-08-09 04:00:00,ETHUSDT,ETHUSDT,2.16556085615147,3704.261205,3990.0,8021.803066508474,9031.774729099567,12
2025-08-09 08:00:00,ETHUSDT,ETHUSDT,2.16556085615147,3704.261205,4034.3174999999997,8021.803066508474,9073.699987274658,13
2025-08-09 12:00:00,ETHUSDT,ETHUSDT,2.16556085615147,3704.261205,4034.3174999999997,8021.803066508474,9116.08001322954,14
2025-08-09 16:00:00,ETHUSDT,ETHUSDT,2.16556085615147,3704.261205,4057.8774999999996,8021.803066508474,9222.192495180963,15
2025-08-09 20:00:00,ETHUSDT,ETHUSDT,2.16556085615147,3704.261205,4109.889999999999,8021.803066508474,9226.631894936074,16
2025-08-10 00:00:00,ETHUSDT,ETHUSDT,2.16556085615147,3704.261205,4115.97,8021.803066508474,9187.911666828086,17
2025-08-10 04:00:00,ETHUSDT,ETHUSDT,2.16556085615147,3704.261205,4115.97,8021.803066508474,9063.13205029664,18
2025-08-10 08:00:00,ETHUSDT,ETHUSDT,2.16556085615147,3704.261205,4115.97,8021.803066508474,9053.27874840115,19
2025-08-10 12:00:00,ETHUSDT,ETHUSDT,2.16556085615147,3704.261205,4115.97,8021.803066508474,9134.20575759553,20
2025-08-10 16:00:00,ETHUSDT,ETHUSDT,2.16556085615147,3704.261205,4115.97,8021.803066508474,9201.099932442048,21
2025-08-10 20:00:00,ETHUSDT,ETHUSDT,2.16556085615147,3704.261205,4115.97,8021.803066508474,9204.868008331752,22
2025-08-11 00:00:00,ETHUSDT,ETHUSDT,2.16556085615147,3704.261205,4125.849999999999,8021.803066508474,9332.787688104621,23
2025-08-11 04:00:00,ETHUSDT,ETHUSDT,2.16556085615147,3704.261205,4132.3195000000005,8021.803066508474,9254.935775325974,24
2025-08-11 08:00:00,ETHUSDT,ETHUSDT,2.16556085615147,3704.261205,4132.3195000000005,8021.803066508474,9063.088739079516,25
2025-08-11 12:00:00,ETHUSDT,ETHUSDT,2.16556085615147,3704.261205,4132.3195000000005,8021.803066508474,9376.315461313265,26
2025-08-11 16:00:00,ETHUSDT,ETHUSDT,2.16556085615147,3704.261205,4148.137,8021.803066508474,9223.96825508301,27
2025-08-11 20:00:00,ETHUSDT,ETHUSDT,2.16556085615147,3704.261205,4148.137,8021.803066508474,9145.639918916011,28
2025-08-12 00:00:00,ETHUSDT,ETHUSDT,2.16556085615147,3704.261205,4148.137,8021.803066508474,9281.788729942253,29
2025-08-12 04:00:00,ETHUSDT,ETHUSDT,2.16556085615147,3704.261205,4148.137,8021.803066508474,9345.629463981597,30
2025-08-12 08:00:00,ETHUSDT,ETHUSDT,2.16556085615147,3704.261205,4148.137,8021.803066508474,9292.291700094587,31
2025-08-12 12:00:00,ETHUSDT,ETHUSDT,2.16556085615147,3704.261205,4256.6269999999995,8021.803066508474,9685.730796440186,32
2025-08-12 16:00:00,ETHUSDT,ETHUSDT,2.16556085615147,3704.261205,4292.9455,8021.803066508474,9781.773420410505,33
2025-08-12 20:00:00,ETHUSDT,ETHUSDT,2.16556085615147,3704.261205,4407.714999999999,8021.803066508474,9941.050421380445,34
2025-08-13 00:00:00,ETHUSDT,ETHUSDT,2.16556085615147,3704.261205,4423.428,8021.803066508474,10063.36129853588,35
2025-08-13 04:00:00,ETHUSDT,ETHUSDT,2.16556085615147,3704.261205,4448.849999999999,8021.803066508474,10016.996640605677,36
2025-08-13 08:00:00,ETHUSDT,ETHUSDT,2.16556085615147,3704.261205,4479.9625,8021.803066508474,10157.195050432923,37
2025-08-13 12:00:00,ETHUSDT,ETHUSDT,2.16556085615147,3704.261205,4499.978999999999,8021.803066508474,10100.998746215793,38
2025-08-13 16:00:00,ETHUSDT,ETHUSDT,2.16556085615147,3704.261205,4512.5,8021.803066508474,10262.571241693253,39
2025-08-13 20:00:00,ETHUSDT,ETHUSDT,2.16556085615147,3704.261205,4544.6575,8021.803066508474,10284.898174120175,40
2025-08-14 00:00:00,ETHUSDT,ETHUSDT,2.16556085615147,3704.261205,4544.6575,8021.803066508474,10338.560772135608,41
2025-08-14 04:00:00,SOLUSDT,SOLUSDT,49.589931824970755,208.04396999999997,199.54539857142856,10316.88628889626,10198.665379123486,1
2025-08-14 08:00:00,ETHUSDT,ETHUSDT,2.142350193348817,4750.744185,4606.062756428571,10177.757723285516,10107.972411752588,1
2025-08-14 12:00:00,ETHUSDT,USDT_CASH,0.0,0.0,0.0,9845.115339466192,9845.115339466192,0
2025-08-14 16:00:00,ETHUSDT,ETHUSDT,2.1287291232816234,4621.179435,4451.943006428572,9837.239247194619,9659.385131676394,1
2025-08-14 20:00:00,ETHUSDT,ETHUSDT,2.1287291232816234,4621.179435,4451.943006428572,9837.239247194619,9678.990726901819,2
2025-08-15 00:00:00,ETHUSDT,ETHUSDT,2.1287291232816234,4621.179435,4451.943006428572,9837.239247194619,9865.509972683752,3
2025-08-15 04:00:00,ETHUSDT,ETHUSDT,2.1287291232816234,4621.179435,4451.943006428572,9837.239247194619,9877.643728686458,4
2025-08-15 08:00:00,ETHUSDT,ETHUSDT,2.1287291232816234,4621.179435,4451.943006428572,9837.239247194619,9864.871353946768,5
2025-08-15 12:00:00,ETHUSDT,USDT_CASH,0.0,0.0,0.0,9455.195049665486,9455.195049665486,0
2025-08-15 16:00:00,ETHUSDT,ETHUSDT,2.1311637305780358,4433.085435,4251.928292142858,9447.630893625754,9341.84965480229,1
2025-08-15 20:00:00,ETHUSDT,ETHUSDT,2.1311637305780358,4433.085435,4251.928292142858,9447.630893625754,9461.237446989273,2
2025-08-16 00:00:00,ETHUSDT,ETHUSDT,2.1311637305780358,4433.085435,4251.928292142858,9447.630893625754,9445.829133217192,3
2025-08-16 04:00:00,ETHUSDT,ETHUSDT,2.1311637305780358,4433.085435,4251.928292142858,9447.630893625754,9487.578630699216,4
2025-08-16 08:00:00,ETHUSDT,ETHUSDT,2.1311637305780358,4433.085435,4251.928292142858,9447.630893625754,9351.269398491444,5
2025-08-16 12:00:00,ETHUSDT,ETHUSDT,2.1311637305780358,4433.085435,4251.928292142858,9447.630893625754,9378.0155033102,6
2025-08-16 16:00:00,ETHUSDT,ETHUSDT,2.1311637305780358,4433.085435,4251.928292142858,9447.630893625754,9416.610878470967,7
2025-08-16 20:00:00,ETHUSDT,ETHUSDT,2.1311637305780358,4433.085435,4251.928292142858,9447.630893625754,9423.984704978768,8
2025-08-17 00:00:00,ETHUSDT,ETHUSDT,2.1311637305780358,4433.085435,4251.928292142858,9447.630893625754,9489.58192460596,9
2025-08-17 04:00:00,BNBUSDT,BNBUSDT,11.206967241300186,844.98228,826.2837085714285,9469.68873143914,9573.215556863444,1
2025-08-17 08:00:00,BNBUSDT,BNBUSDT,11.206967241300186,844.98228,826.2837085714285,9469.68873143914,9655.362626742175,2
2025-08-17 12:00:00,BNBUSDT,BNBUSDT,11.206967241300186,844.98228,826.2837085714285,9469.68873143914,9638.328036535398,3
2025-08-17 16:00:00,BNBUSDT,BNBUSDT,11.206967241300186,844.98228,826.2837085714285,9469.68873143914,9538.473958415414,4
2025-08-17 20:00:00,BNBUSDT,BNBUSDT,11.206967241300186,844.98228,826.2837085714285,9469.68873143914,9586.215638863352,5
2025-08-18 00:00:00,BNBUSDT,BNBUSDT,11.206967241300186,844.98228,826.2837085714285,9469.68873143914,9365.774593226979,6
2025-08-18 04:00:00,USDT_CASH,USDT_CASH,0.0,0.0,0.0,9353.490908538955,9353.490908538955,0
2025-08-18 08:00:00,USDT_CASH,USDT_CASH,0.0,0.0,0.0,9353.490908538955,9353.490908538955,0
2025-08-18 12:00:00,USDT_CASH,USDT_CASH,0.0,0.0,0.0,9353.490908538955,9353.490908538955,0
2025-08-18 16:00:00,USDT_CASH,USDT_CASH,0.0,0.0,0.0,9353.490908538955,9353.490908538955,0
2025-08-18 20:00:00,USDT_CASH,USDT_CASH,0.0,0.0,0.0,9353.490908538955,9353.490908538955,0
2025-08-19 00:00:00,USDT_CASH,USDT_CASH,0.0,0.0,0.0,9353.490908538955,9353.490908538955,0
2025-08-19 04:00:00,USDT_CASH,USDT_CASH,0.0,0.0,0.0,9353.490908538955,9353.490908538955,0
2025-08-19 08:00:00,USDT_CASH,USDT_CASH,0.0,0.0,0.0,9353.490908538955,9353.490908538955,0
2025-08-19 12:00:00,USDT_CASH,USDT_CASH,0.0,0.0,0.0,9353.490908538955,9353.490908538955,0
2025-08-19 16:00:00,USDT_CASH,USDT_CASH,0.0,0.0,0.0,9353.490908538955,9353.490908538955,0
2025-08-19 20:00:00,USDT_CASH,USDT_CASH,0.0,0.0,0.0,9353.490908538955,9353.490908538955,0
2025-08-20 00:00:00,USDT_CASH,USDT_CASH,0.0,0.0,0.0,9353.490908538955,9353.490908538955,0
2025-08-20 04:00:00,USDT_CASH,USDT_CASH,0.0,0.0,0.0,9353.490908538955,9353.490908538955,0
2025-08-20 08:00:00,USDT_CASH,USDT_CASH,0.0,0.0,0.0,9353.490908538955,9353.490908538955,0
2025-08-20 12:00:00,USDT_CASH,USDT_CASH,0.0,0.0,0.0,9353.490908538955,9353.490908538955,0
2025-08-20 16:00:00,USDT_CASH,USDT_CASH,0.0,0.0,0.0,9353.490908538955,9353.490908538955,0
2025-08-20 20:00:00,USDT_CASH,USDT_CASH,0.0,0.0,0.0,9353.490908538955,9353.490908538955,0
2025-08-21 00:00:00,USDT_CASH,USDT_CASH,0.0,0.0,0.0,9353.490908538955,9353.490908538955,0
2025-08-21 04:00:00,USDT_CASH,USDT_CASH,0.0,0.0,0.0,9353.490908538955,9353.490908538955,0
2025-08-21 08:00:00,USDT_CASH,USDT_CASH,0.0,0.0,0.0,9353.490908538955,9353.490908538955,0
2025-08-21 12:00:00,USDT_CASH,USDT_CASH,0.0,0.0,0.0,9353.490908538955,9353.490908538955,0
2025-08-21 16:00:00,USDT_CASH,USDT_CASH,0.0,0.0,0.0,9353.490908538955,9353.490908538955,0
2025-08-21 20:00:00,USDT_CASH,USDT_CASH,0.0,0.0,0.0,9353.490908538955,9353.490908538955,0
2025-08-22 00:00:00,USDT_CASH,USDT_CASH,0.0,0.0,0.0,9353.490908538955,9353.490908538955,0
2025-08-22 04:00:00,USDT_CASH,USDT_CASH,0.0,0.0,0.0,9353.490908538955,9353.490908538955,0
2025-08-22 08:00:00,USDT_CASH,USDT_CASH,0.0,0.0,0.0,9353.490908538955,9353.490908538955,0
2025-08-22 12:00:00,USDT_CASH,USDT_CASH,0.0,0.0,0.0,9353.490908538955,9353.490908538955,0
2025-08-22 16:00:00,BNBUSDT,BNBUSDT,10.66094981521602,876.65811,852.1534671428572,9346.008115812125,9537.28570469225,1
2025-08-22 20:00:00,BNBUSDT,BNBUSDT,10.66094981521602,876.65811,852.1534671428572,9346.008115812125,9597.093633155613,2
2025-08-23 00:00:00,BNBUSDT,BNBUSDT,10.66094981521602,876.65811,852.1534671428572,9346.008115812125,9411.273277876398,3
2025-08-23 04:00:00,USDT_CASH,USDT_CASH,0.0,0.0,0.0,9398.935916176022,9398.935916176022,0
2025-08-23 08:00:00,USDT_CASH,USDT_CASH,0.0,0.0,0.0,9398.935916176022,9398.935916176022,0
2025-08-23 12:00:00,USDT_CASH,USDT_CASH,0.0,0.0,0.0,9398.935916176022,9398.935916176022,0
2025-08-23 16:00:00,USDT_CASH,USDT_CASH,0.0,0.0,0.0,9398.935916176022,9398.935916176022,0
2025-08-23 20:00:00,USDT_CASH,USDT_CASH,0.0,0.0,0.0,9398.935916176022,9398.935916176022,0
2025-08-24 00:00:00,USDT_CASH,USDT_CASH,0.0,0.0,0.0,9398.935916176022,9398.935916176022,0
2025-08-24 04:00:00,USDT_CASH,USDT_CASH,0.0,0.0,0.0,9398.935916176022,9398.935916176022,0
2025-08-24 08:00:00,USDT_CASH,USDT_CASH,0.0,0.0,0.0,9398.935916176022,9398.935916176022,0
2025-08-24 12:00:00,USDT_CASH,USDT_CASH,0.0,0.0,0.0,9398.935916176022,9398.935916176022,0
2025-08-24 16:00:00,USDT_CASH,USDT_CASH,0.0,0.0,0.0,9398.935916176022,9398.935916176022,0
2025-08-24 20:00:00,USDT_CASH,USDT_CASH,0.0,0.0,0.0,9398.935916176022,9398.935916176022,0
2025-08-25 00:00:00,USDT_CASH,USDT_CASH,0.0,0.0,0.0,9398.935916176022,9398.935916176022,0
2025-08-25 04:00:00,USDT_CASH,USDT_CASH,0.0,0.0,0.0,9398.935916176022,9398.935916176022,0
2025-08-25 08:00:00,USDT_CASH,USDT_CASH,0.0,0.0,0.0,9398.935916176022,9398.935916176022,0
2025-08-25 12:00:00,USDT_CASH,USDT_CASH,0.0,0.0,0.0,9398.935916176022,9398.935916176022,0
2025-08-25 16:00:00,USDT_CASH,USDT_CASH,0.0,0.0,0.0,9398.935916176022,9398.935916176022,0
2025-08-25 20:00:00,USDT_CASH,USDT_CASH,0.0,0.0,0.0,9398.935916176022,9398.935916176022,0
2025-08-26 00:00:00,USDT_CASH,USDT_CASH,0.0,0.0,0.0,9398.935916176022,9398.935916176022,0
2025-08-26 04:00:00,USDT_CASH,USDT_CASH,0.0,0.0,0.0,9398.935916176022,9398.935916176022,0
2025-08-26 08:00:00,USDT_CASH,USDT_CASH,0.0,0.0,0.0,9398.935916176022,9398.935916176022,0
2025-08-26 12:00:00,USDT_CASH,USDT_CASH,0.0,0.0,0.0,9398.935916176022,9398.935916176022,0
2025-08-26 16:00:00,USDT_CASH,USDT_CASH,0.0,0.0,0.0,9398.935916176022,9398.935916176022,0
2025-08-26 20:00:00,USDT_CASH,USDT_CASH,0.0,0.0,0.0,9398.935916176022,9398.935916176022,0
2025-08-27 00:00:00,USDT_CASH,USDT_CASH,0.0,0.0,0.0,9398.935916176022,9398.935916176022,0
2025-08-27 04:00:00,USDT_CASH,USDT_CASH,0.0,0.0,0.0,9398.935916176022,9398.935916176022,0
2025-08-27 08:00:00,USDT_CASH,USDT_CASH,0.0,0.0,0.0,9398.935916176022,9398.935916176022,0
2025-08-27 12:00:00,USDT_CASH,USDT_CASH,0.0,0.0,0.0,9398.935916176022,9398.935916176022,0
2025-08-27 16:00:00,USDT_CASH,USDT_CASH,0.0,0.0,0.0,9398.935916176022,9398.935916176022,0
2025-08-27 20:00:00,USDT_CASH,USDT_CASH,0.0,0.0,0.0,9398.935916176022,9398.935916176022,0
2025-08-28 00:00:00,USDT_CASH,USDT_CASH,0.0,0.0,0.0,9398.935916176022,9398.935916176022,0
2025-08-28 04:00:00,USDT_CASH,USDT_CASH,0.0,0.0,0.0,9398.935916176022,9398.935916176022,0
2025-08-28 08:00:00,USDT_CASH,USDT_CASH,0.0,0.0,0.0,9398.935916176022,9398.935916176022,0
2025-08-28 12:00:00,USDT_CASH,USDT_CASH,0.0,0.0,0.0,9398.935916176022,9398.935916176022,0
2025-08-28 16:00:00,USDT_CASH,USDT_CASH,0.0,0.0,0.0,9398.935916176022,9398.935916176022,0
2025-08-28 20:00:00,USDT_CASH,USDT_CASH,0.0,0.0,0.0,9398.935916176022,9398.935916176022,0
2025-08-29 00:00:00,USDT_CASH,USDT_CASH,0.0,0.0,0.0,9398.935916176022,9398.935916176022,0
2025-08-29 04:00:00,USDT_CASH,USDT_CASH,0.0,0.0,0.0,9398.935916176022,9398.935916176022,0
2025-08-29 08:00:00,USDT_CASH,USDT_CASH,0.0,0.0,0.0,9398.935916176022,9398.935916176022,0
2025-08-29 12:00:00,USDT_CASH,USDT_CASH,0.0,0.0,0.0,9398.935916176022,9398.935916176022,0
2025-08-29 16:00:00,USDT_CASH,USDT_CASH,0.0,0.0,0.0,9398.935916176022,9398.935916176022,0
2025-08-29 20:00:00,USDT_CASH,USDT_CASH,0.0,0.0,0.0,9398.935916176022,9398.935916176022,0
2025-08-30 00:00:00,USDT_CASH,USDT_CASH,0.0,0.0,0.0,9398.935916176022,9398.935916176022,0
2025-08-30 04:00:00,USDT_CASH,USDT_CASH,0.0,0.0,0.0,9398.935916176022,9398.935916176022,0
2025-08-30 08:00:00,USDT_CASH,USDT_CASH,0.0,0.0,0.0,9398.935916176022,9398.935916176022,0
2025-08-30 12:00:00,USDT_CASH,USDT_CASH,0.0,0.0,0.0,9398.935916176022,9398.935916176022,0
2025-08-30 16:00:00,USDT_CASH,USDT_CASH,0.0,0.0,0.0,9398.935916176022,9398.935916176022,0
2025-08-30 20:00:00,USDT_CASH,USDT_CASH,0.0,0.0,0.0,9398.935916176022,9398.935916176022,0
2025-08-31 00:00:00,USDT_CASH,USDT_CASH,0.0,0.0,0.0,9398.935916176022,9398.935916176022,0
2025-08-31 04:00:00,USDT_CASH,USDT_CASH,0.0,0.0,0.0,9398.935916176022,9398.935916176022,0
2025-08-31 08:00:00,USDT_CASH,USDT_CASH,0.0,0.0,0.0,9398.935916176022,9398.935916176022,0
2025-08-31 12:00:00,USDT_CASH,USDT_CASH,0.0,0.0,0.0,9398.935916176022,9398.935916176022,0
2025-08-31 16:00:00,USDT_CASH,USDT_CASH,0.0,0.0,0.0,9398.935916176022,9398.935916176022,0
2025-08-31 20:00:00,USDT_CASH,USDT_CASH,0.0,0.0,0.0,9398.935916176022,9398.935916176022,0
2025-09-01 00:00:00,USDT_CASH,USDT_CASH,0.0,0.0,0.0,9398.935916176022,9398.935916176022,0
2025-09-01 04:00:00,USDT_CASH,USDT_CASH,0.0,0.0,0.0,9398.935916176022,9398.935916176022,0
2025-09-01 08:00:00,USDT_CASH,USDT_CASH,0.0,0.0,0.0,9398.935916176022,9398.935916176022,0
2025-09-01 12:00:00,USDT_CASH,USDT_CASH,0.0,0.0,0.0,9398.935916176022,9398.935916176022,0
2025-09-01 16:00:00,USDT_CASH,USDT_CASH,0.0,0.0,0.0,9398.935916176022,9398.935916176022,0
2025-09-01 20:00:00,USDT_CASH,USDT_CASH,0.0,0.0,0.0,9398.935916176022,9398.935916176022,0
2025-09-02 00:00:00,USDT_CASH,USDT_CASH,0.0,0.0,0.0,9398.935916176022,9398.935916176022,0
2025-09-02 04:00:00,USDT_CASH,USDT_CASH,0.0,0.0,0.0,9398.935916176022,9398.935916176022,0
2025-09-02 08:00:00,USDT_CASH,USDT_CASH,0.0,0.0,0.0,9398.935916176022,9398.935916176022,0
2025-09-02 12:00:00,USDT_CASH,USDT_CASH,0.0,0.0,0.0,9398.935916176022,9398.935916176022,0
2025-09-02 16:00:00,USDT_CASH,USDT_CASH,0.0,0.0,0.0,9398.935916176022,9398.935916176022,0
2025-09-02 20:00:00,USDT_CASH,USDT_CASH,0.0,0.0,0.0,9398.935916176022,9398.935916176022,0
2025-09-03 00:00:00,USDT_CASH,USDT_CASH,0.0,0.0,0.0,9398.935916176022,9398.935916176022,0
2025-09-03 04:00:00,USDT_CASH,USDT_CASH,0.0,0.0,0.0,9398.935916176022,9398.935916176022,0
2025-09-03 08:00:00,USDT_CASH,USDT_CASH,0.0,0.0,0.0,9398.935916176022,9398.935916176022,0
2025-09-03 12:00:00,USDT_CASH,USDT_CASH,0.0,0.0,0.0,9398.935916176022,9398.935916176022,0
2025-09-03 16:00:00,USDT_CASH,USDT_CASH,0.0,0.0,0.0,9398.935916176022,9398.935916176022,0
2025-09-03 20:00:00,USDT_CASH,USDT_CASH,0.0,0.0,0.0,9398.935916176022,9398.935916176022,0
2025-09-04 00:00:00,USDT_CASH,USDT_CASH,0.0,0.0,0.0,9398.935916176022,9398.935916176022,0
2025-09-04 04:00:00,USDT_CASH,USDT_CASH,0.0,0.0,0.0,9398.935916176022,9398.935916176022,0
2025-09-04 08:00:00,USDT_CASH,USDT_CASH,0.0,0.0,0.0,9398.935916176022,9398.935916176022,0
2025-09-04 12:00:00,USDT_CASH,USDT_CASH,0.0,0.0,0.0,9398.935916176022,9398.935916176022,0
2025-09-04 16:00:00,USDT_CASH,USDT_CASH,0.0,0.0,0.0,9398.935916176022,9398.935916176022,0
2025-09-04 20:00:00,USDT_CASH,USDT_CASH,0.0,0.0,0.0,9398.935916176022,9398.935916176022,0
2025-09-05 00:00:00,USDT_CASH,USDT_CASH,0.0,0.0,0.0,9398.935916176022,9398.935916176022,0
2025-09-05 04:00:00,USDT_CASH,USDT_CASH,0.0,0.0,0.0,9398.935916176022,9398.935916176022,0
2025-09-05 08:00:00,USDT_CASH,USDT_CASH,0.0,0.0,0.0,9398.935916176022,9398.935916176022,0
2025-09-05 12:00:00,USDT_CASH,USDT_CASH,0.0,0.0,0.0,9398.935916176022,9398.935916176022,0
2025-09-05 16:00:00,USDT_CASH,USDT_CASH,0.0,0.0,0.0,9398.935916176022,9398.935916176022,0
2025-09-05 20:00:00,USDT_CASH,USDT_CASH,0.0,0.0,0.0,9398.935916176022,9398.935916176022,0
2025-09-06 00:00:00,USDT_CASH,USDT_CASH,0.0,0.0,0.0,9398.935916176022,9398.935916176022,0
2025-09-06 04:00:00,USDT_CASH,USDT_CASH,0.0,0.0,0.0,9398.935916176022,9398.935916176022,0
2025-09-06 08:00:00,USDT_CASH,USDT_CASH,0.0,0.0,0.0,9398.935916176022,9398.935916176022,0
2025-09-06 12:00:00,USDT_CASH,USDT_CASH,0.0,0.0,0.0,9398.935916176022,9398.935916176022,0
2025-09-06 16:00:00,USDT_CASH,USDT_CASH,0.0,0.0,0.0,9398.935916176022,9398.935916176022,0
2025-09-06 20:00:00,USDT_CASH,USDT_CASH,0.0,0.0,0.0,9398.935916176022,9398.935916176022,0
2025-09-07 00:00:00,USDT_CASH,USDT_CASH,0.0,0.0,0.0,9398.935916176022,9398.935916176022,0
2025-09-07 04:00:00,USDT_CASH,USDT_CASH,0.0,0.0,0.0,9398.935916176022,9398.935916176022,0
2025-09-07 08:00:00,USDT_CASH,USDT_CASH,0.0,0.0,0.0,9398.935916176022,9398.935916176022,0
2025-09-07 12:00:00,USDT_CASH,USDT_CASH,0.0,0.0,0.0,9398.935916176022,9398.935916176022,0
2025-09-07 16:00:00,USDT_CASH,USDT_CASH,0.0,0.0,0.0,9398.935916176022,9398.935916176022,0
2025-09-07 20:00:00,USDT_CASH,USDT_CASH,0.0,0.0,0.0,9398.935916176022,9398.935916176022,0
2025-09-08 00:00:00,USDT_CASH,USDT_CASH,0.0,0.0,0.0,9398.935916176022,9398.935916176022,0
2025-09-08 04:00:00,USDT_CASH,USDT_CASH,0.0,0.0,0.0,9398.935916176022,9398.935916176022,0
2025-09-08 08:00:00,USDT_CASH,USDT_CASH,0.0,0.0,0.0,9398.935916176022,9398.935916176022,0
2025-09-08 12:00:00,USDT_CASH,USDT_CASH,0.0,0.0,0.0,9398.935916176022,9398.935916176022,0
2025-09-08 16:00:00,USDT_CASH,USDT_CASH,0.0,0.0,0.0,9398.935916176022,9398.935916176022,0
2025-09-08 20:00:00,USDT_CASH,USDT_CASH,0.0,0.0,0.0,9398.935916176022,9398.935916176022,0
2025-09-09 00:00:00,USDT_CASH,USDT_CASH,0.0,0.0,0.0,9398.935916176022,9398.935916176022,0
2025-09-09 04:00:00,USDT_CASH,USDT_CASH,0.0,0.0,0.0,9398.935916176022,9398.935916176022,0
2025-09-09 08:00:00,SOLUSDT,SOLUSDT,42.816783313142416,219.33961499999998,213.84532928571426,9391.416767443081,9301.946174780189,1
2025-09-09 12:00:00,USDT_CASH,USDT_CASH,0.0,0.0,0.0,9289.429754145229,9289.429754145229,0
2025-09-09 16:00:00,USDT_CASH,USDT_CASH,0.0,0.0,0.0,9289.429754145229,9289.429754145229,0
2025-09-09 20:00:00,USDT_CASH,USDT_CASH,0.0,0.0,0.0,9289.429754145229,9289.429754145229,0
2025-09-10 00:00:00,USDT_CASH,USDT_CASH,0.0,0.0,0.0,9289.429754145229,9289.429754145229,0
2025-09-10 04:00:00,USDT_CASH,USDT_CASH,0.0,0.0,0.0,9289.429754145229,9289.429754145229,0
2025-09-10 08:00:00,USDT_CASH,USDT_CASH,0.0,0.0,0.0,9289.429754145229,9289.429754145229,0
2025-09-10 12:00:00,USDT_CASH,USDT_CASH,0.0,0.0,0.0,9289.429754145229,9289.429754145229,0
2025-09-10 16:00:00,SOLUSDT,SOLUSDT,41.57268117304457,223.27157999999997,216.41122285714283,9281.998210341913,9197.12425591265,1
2025-09-10 20:00:00,SOLUSDT,SOLUSDT,41.57268117304457,223.27157999999997,216.41122285714283,9281.998210341913,9315.190670444097,2
2025-09-11 00:00:00,SOLUSDT,SOLUSDT,41.57268117304457,223.27157999999997,216.41122285714283,9281.998210341913,9319.347938561401,3
2025-09-11 04:00:00,SOLUSDT,SOLUSDT,41.57268117304457,223.27157999999997,216.41122285714283,9281.998210341913,9280.269618258739,4
2025-09-11 08:00:00,SOLUSDT,SOLUSDT,41.57268117304457,223.27157999999997,216.41122285714283,9281.998210341913,9355.10044437022,5
2025-09-11 12:00:00,SOLUSDT,SOLUSDT,41.57268117304457,223.27157999999997,216.41122285714283,9281.998210341913,9429.51554366997,6
2025-09-11 16:00:00,SOLUSDT,SOLUSDT,41.57268117304457,223.27157999999997,216.41122285714283,9281.998210341913,9424.942548740935,7
2025-09-11 20:00:00,SOLUSDT,SOLUSDT,41.57268117304457,223.27157999999997,216.41122285714283,9281.998210341913,9508.919364710484,8
2025-09-12 00:00:00,SOLUSDT,SOLUSDT,41.57268117304457,223.27157999999997,223.71812315999998,9281.998210341913,9773.321616971049,9
2025-09-12 04:00:00,SOLUSDT,SOLUSDT,41.57268117304457,223.27157999999997,223.71812315999998,9281.998210341913,9866.444422798668,10
2025-09-12 08:00:00,SOLUSDT,SOLUSDT,41.57268117304457,223.27157999999997,223.71812315999998,9281.998210341913,9943.3538829688,11
2025-09-12 12:00:00,SOLUSDT,SOLUSDT,41.57268117304457,223.27157999999997,223.71812315999998,9281.998210341913,9948.758331521296,12
2025-09-12 16:00:00,SOLUSDT,SOLUSDT,41.57268117304457,223.27157999999997,223.71812315999998,9281.998210341913,10019.016162703741,13
2025-09-12 20:00:00,BNBUSDT,BNBUSDT,10.812705348317253,924.652095,910.3806664285715,9997.990652939254,9999.589906123796,1
2025-09-13 00:00:00,BNBUSDT,BNBUSDT,10.812705348317253,924.652095,910.3806664285715,9997.990652939254,10031.271132794365,2
2025-09-13 04:00:00,BNBUSDT,BNBUSDT,10.812705348317253,924.652095,910.3806664285715,9997.990652939254,10004.888131744472,3
2025-09-13 08:00:00,BNBUSDT,BNBUSDT,10.812705348317253,924.652095,910.3806664285715,9997.990652939254,10176.485765622267,4
2025-09-13 12:00:00,BNBUSDT,BNBUSDT,10.812705348317253,924.652095,910.3806664285715,9997.990652939254,10127.071702180458,5
2025-09-13 16:00:00,BNBUSDT,BNBUSDT,10.812705348317253,924.652095,910.3806664285715,9997.990652939254,10057.32975268381,6
2025-09-13 20:00:00,BNBUSDT,BNBUSDT,10.812705348317253,924.652095,910.3806664285715,9997.990652939254,10095.606729616853,7
2025-09-14 00:00:00,BNBUSDT,BNBUSDT,10.812705348317253,924.652095,910.3806664285715,9997.990652939254,10067.277441604261,8
2025-09-14 04:00:00,SOLUSDT,SOLUSDT,40.67002406485422,247.01344499999996,240.3288021428571,10046.042752492542,10020.68722933943,1
2025-09-14 08:00:00,BNBUSDT,BNBUSDT,10.661631742792755,937.9487399999999,922.6926685714285,10000.064059496468,9932.802596855443,1
2025-09-14 12:00:00,SOLUSDT,SOLUSDT,40.25644391959219,246.22304999999997,240.04840714285712,9912.064404035944,9814.923592035773,1
2025-09-14 16:00:00,SOLUSDT,SOLUSDT,40.25644391959219,246.22304999999997,240.04840714285712,9912.064404035944,9762.590214940303,2
2025-09-14 20:00:00,SOLUSDT,USDT_CASH,0.0,0.0,0.0,9641.280797275844,9641.280797275844,0
2025-09-15 00:00:00,BNBUSDT,BNBUSDT,10.392498079826503,926.973255,910.3296835714285,9633.567772638024,9689.029884803047,1
2025-09-15 04:00:00,SOLUSDT,SOLUSDT,39.82635457934542,242.771325,236.05882499999998,9668.696871147506,9477.875862792624,1
2025-09-15 08:00:00,SOLUSDT,USDT_CASH,0.0,0.0,0.0,9379.750613996732,9379.750613996732,0
2025-09-15 12:00:00,SOLUSDT,SOLUSDT,39.61584636720604,236.57823,229.30644428571426,9372.246813505535,9230.492203559008,1
2025-09-15 16:00:00,BNBUSDT,BNBUSDT,10.045191214265701,916.9682549999999,899.056112142857,9211.12145888655,9236.553321517313,1
2025-09-15 20:00:00,BNBUSDT,BNBUSDT,10.045191214265701,916.9682549999999,899.056112142857,9211.12145888655,9238.36145593588,2
2025-09-16 00:00:00,BNBUSDT,BNBUSDT,10.045191214265701,916.9682549999999,899.056112142857,9211.12145888655,9253.228338932993,3
2025-09-16 04:00:00,BNBUSDT,BNBUSDT,10.045191214265701,916.9682549999999,899.056112142857,9211.12145888655,9350.968049447798,4
2025-09-16 08:00:00,BNBUSDT,BNBUSDT,10.045191214265701,916.9682549999999,899.056112142857,9211.12145888655,9316.713947407152,5
2025-09-16 12:00:00,BNBUSDT,BNBUSDT,10.045191214265701,916.9682549999999,899.056112142857,9211.12145888655,9418.773090144092,6
2025-09-16 16:00:00,BNBUSDT,BNBUSDT,10.045191214265701,916.9682549999999,899.056112142857,9211.12145888655,9589.742244610894,7
2025-09-16 20:00:00,BNBUSDT,BNBUSDT,10.045191214265701,916.9682549999999,899.056112142857,9211.12145888655,9599.686983913016,8
2025-09-17 00:00:00,BNBUSDT,BNBUSDT,10.045191214265701,916.9682549999999,918.80219151,9211.12145888655,9613.247992052276,9
2025-09-17 04:00:00,BNBUSDT,BNBUSDT,10.045191214265701,916.9682549999999,918.80219151,9211.12145888655,9590.144052259466,10
2025-09-17 08:00:00,BNBUSDT,BNBUSDT,10.045191214265701,916.9682549999999,918.80219151,9211.12145888655,9575.478073086637,11
2025-09-17 12:00:00,BNBUSDT,BNBUSDT,10.045191214265701,916.9682549999999,918.80219151,9211.12145888655,9554.483623448821,12
2025-09-17 16:00:00,BNBUSDT,BNBUSDT,10.045191214265701,916.9682549999999,918.80219151,9211.12145888655,9607.823588796573,13
2025-09-17 20:00:00,BNBUSDT,BNBUSDT,10.045191214265701,916.9682549999999,918.80219151,9211.12145888655,9944.538398298759,14
2025-09-18 00:00:00,BNBUSDT,BNBUSDT,10.045191214265701,916.9682549999999,918.80219151,9211.12145888655,10000.18875762579,15
2025-09-18 04:00:00,BNBUSDT,BNBUSDT,10.045191214265701,916.9682549999999,918.80219151,9211.12145888655,10027.310773904308,16
2025-09-18 08:00:00,BNBUSDT,BNBUSDT,10.045191214265701,916.9682549999999,918.80219151,9211.12145888655,9961.91657909944,17
2025-09-18 12:00:00,BNBUSDT,BNBUSDT,10.045191214265701,916.9682549999999,918.80219151,9211.12145888655,9979.395211812262,18
2025-09-18 16:00:00,BNBUSDT,BNBUSDT,10.045191214265701,916.9682549999999,918.80219151,9211.12145888655,9924.749371606655,19
2025-09-18 20:00:00,BNBUSDT,BNBUSDT,10.045191214265701,916.9682549999999,918.80219151,9211.12145888655,9854.734388843222,20
2025-09-19 00:00:00,BNBUSDT,BNBUSDT,10.045191214265701,916.9682549999999,918.80219151,9211.12145888655,9894.111538403145,21
2025-09-19 04:00:00,BNBUSDT,BNBUSDT,10.045191214265701,916.9682549999999,918.80219151,9211.12145888655,9992.554412302949,22
2025-09-19 08:00:00,BNBUSDT,BNBUSDT,10.045191214265701,916.9682549999999,918.80219151,9211.12145888655,9902.047239462414,23
2025-09-19 12:00:00,BNBUSDT,BNBUSDT,10.045191214265701,916.9682549999999,918.80219151,9211.12145888655,9870.806694786048,24
2025-09-19 16:00:00,BNBUSDT,BNBUSDT,10.045191214265701,916.9682549999999,918.80219151,9211.12145888655,9827.210564916135,25
2025-09-19 20:00:00,BNBUSDT,BNBUSDT,10.045191214265701,916.9682549999999,918.80219151,9211.12145888655,9885.472673958877,26
2025-09-20 00:00:00,BNBUSDT,BNBUSDT,10.045191214265701,916.9682549999999,918.80219151,9211.12145888655,9960.91205997801,27
2025-09-20 04:00:00,BNBUSDT,BNBUSDT,10.045191214265701,916.9682549999999,918.80219151,9211.12145888655,10039.766811009998,28
2025-09-20 08:00:00,BNBUSDT,BNBUSDT,10.045191214265701,916.9682549999999,918.80219151,9211.12145888655,10062.97120271495,29
2025-09-20 12:00:00,BNBUSDT,BNBUSDT,10.045191214265701,916.9682549999999,976.6094999999999,9211.12145888655,10257.144748886707,30
2025-09-20 16:00:00,BNBUSDT,BNBUSDT,10.045191214265701,916.9682549999999,977.6639999999999,9211.12145888655,10237.657077931031,31
2025-09-20 20:00:00,BNBUSDT,BNBUSDT,10.045191214265701,916.9682549999999,995.5999999999999,9211.12145888655,10484.869233714111,32
2025-09-21 00:00:00,BNBUSDT,BNBUSDT,10.045191214265701,916.9682549999999,1029.2965,9211.12145888655,10742.930196008598,33
2025-09-21 04:00:00,BNBUSDT,BNBUSDT,10.045191214265701,916.9682549999999,1029.2965,9211.12145888655,10785.82316249351,34
2025-09-21 08:00:00,BNBUSDT,BNBUSDT,10.045191214265701,916.9682549999999,1029.2965,9211.12145888655,10558.60093722682,35
2025-09-21 12:00:00,BNBUSDT,BNBUSDT,10.045191214265701,916.9682549999999,1029.2965,9211.12145888655,10610.835931541002,36
2025-09-21 16:00:00,BNBUSDT,BNBUSDT,10.045191214265701,916.9682549999999,1029.2965,9211.12145888655,10525.853613868314,37
2025-09-21 20:00:00,BNBUSDT,BNBUSDT,10.045191214265701,916.9682549999999,1029.2965,9211.12145888655,10525.3513543076,38
2025-09-22 00:00:00,BNBUSDT,USDT_CASH,0.0,0.0,0.0,10315.711761685674,10315.711761685674,0
2025-09-22 04:00:00,BNBUSDT,USDT_CASH,0.0,0.0,0.0,9989.042233239832,9989.042233239832,0
2025-09-22 08:00:00,USDT_CASH,USDT_CASH,0.0,0.0,0.0,9989.042233239832,9989.042233239832,0
2025-09-22 12:00:00,USDT_CASH,USDT_CASH,0.0,0.0,0.0,9989.042233239832,9989.042233239832,0
2025-09-22 16:00:00,USDT_CASH,USDT_CASH,0.0,0.0,0.0,9989.042233239832,9989.042233239832,0
2025-09-22 20:00:00,USDT_CASH,USDT_CASH,0.0,0.0,0.0,9989.042233239832,9989.042233239832,0
2025-09-23 00:00:00,USDT_CASH,USDT_CASH,0.0,0.0,0.0,9989.042233239832,9989.042233239832,0
2025-09-23 04:00:00,USDT_CASH,USDT_CASH,0.0,0.0,0.0,9989.042233239832,9989.042233239832,0
2025-09-23 08:00:00,USDT_CASH,USDT_CASH,0.0,0.0,0.0,9989.042233239832,9989.042233239832,0
2025-09-23 12:00:00,USDT_CASH,USDT_CASH,0.0,0.0,0.0,9989.042233239832,9989.042233239832,0
2025-09-23 16:00:00,USDT_CASH,USDT_CASH,0.0,0.0,0.0,9989.042233239832,9989.042233239832,0
2025-09-23 20:00:00,USDT_CASH,USDT_CASH,0.0,0.0,0.0,9989.042233239832,9989.042233239832,0
2025-09-24 00:00:00,USDT_CASH,USDT_CASH,0.0,0.0,0.0,9989.042233239832,9989.042233239832,0
2025-09-24 04:00:00,USDT_CASH,USDT_CASH,0.0,0.0,0.0,9989.042233239832,9989.042233239832,0
2025-09-24 08:00:00,USDT_CASH,USDT_CASH,0.0,0.0,0.0,9989.042233239832,9989.042233239832,0
2025-09-24 12:00:00,USDT_CASH,USDT_CASH,0.0,0.0,0.0,9989.042233239832,9989.042233239832,0
2025-09-24 16:00:00,USDT_CASH,USDT_CASH,0.0,0.0,0.0,9989.042233239832,9989.042233239832,0
2025-09-24 20:00:00,USDT_CASH,USDT_CASH,0.0,0.0,0.0,9989.042233239832,9989.042233239832,0
2025-09-25 00:00:00,USDT_CASH,USDT_CASH,0.0,0.0,0.0,9989.042233239832,9989.042233239832,0
2025-09-25 04:00:00,USDT_CASH,USDT_CASH,0.0,0.0,0.0,9989.042233239832,9989.042233239832,0
2025-09-25 08:00:00,USDT_CASH,USDT_CASH,0.0,0.0,0.0,9989.042233239832,9989.042233239832,0
2025-09-25 12:00:00,USDT_CASH,USDT_CASH,0.0,0.0,0.0,9989.042233239832,9989.042233239832,0
2025-09-25 16:00:00,USDT_CASH,USDT_CASH,0.0,0.0,0.0,9989.042233239832,9989.042233239832,0
2025-09-25 20:00:00,USDT_CASH,USDT_CASH,0.0,0.0,0.0,9989.042233239832,9989.042233239832,0
2025-09-26 00:00:00,USDT_CASH,USDT_CASH,0.0,0.0,0.0,9989.042233239832,9989.042233239832,0
2025-09-26 04:00:00,USDT_CASH,USDT_CASH,0.0,0.0,0.0,9989.042233239832,9989.042233239832,0
2025-09-26 08:00:00,USDT_CASH,USDT_CASH,0.0,0.0,0.0,9989.042233239832,9989.042233239832,0
2025-09-26 12:00:00,USDT_CASH,USDT_CASH,0.0,0.0,0.0,9989.042233239832,9989.042233239832,0
2025-09-26 16:00:00,USDT_CASH,USDT_CASH,0.0,0.0,0.0,9989.042233239832,9989.042233239832,0
2025-09-26 20:00:00,USDT_CASH,USDT_CASH,0.0,0.0,0.0,9989.042233239832,9989.042233239832,0
2025-09-27 00:00:00,USDT_CASH,USDT_CASH,0.0,0.0,0.0,9989.042233239832,9989.042233239832,0
2025-09-27 04:00:00,USDT_CASH,USDT_CASH,0.0,0.0,0.0,9989.042233239832,9989.042233239832,0
2025-09-27 08:00:00,USDT_CASH,USDT_CASH,0.0,0.0,0.0,9989.042233239832,9989.042233239832,0
2025-09-27 12:00:00,USDT_CASH,USDT_CASH,0.0,0.0,0.0,9989.042233239832,9989.042233239832,0
2025-09-27 16:00:00,USDT_CASH,USDT_CASH,0.0,0.0,0.0,9989.042233239832,9989.042233239832,0
2025-09-27 20:00:00,USDT_CASH,USDT_CASH,0.0,0.0,0.0,9989.042233239832,9989.042233239832,0
2025-09-28 00:00:00,USDT_CASH,USDT_CASH,0.0,0.0,0.0,9989.042233239832,9989.042233239832,0
2025-09-28 04:00:00,USDT_CASH,USDT_CASH,0.0,0.0,0.0,9989.042233239832,9989.042233239832,0
2025-09-28 08:00:00,USDT_CASH,USDT_CASH,0.0,0.0,0.0,9989.042233239832,9989.042233239832,0
2025-09-28 12:00:00,USDT_CASH,USDT_CASH,0.0,0.0,0.0,9989.042233239832,9989.042233239832,0
2025-09-28 16:00:00,USDT_CASH,USDT_CASH,0.0,0.0,0.0,9989.042233239832,9989.042233239832,0
2025-09-28 20:00:00,USDT_CASH,USDT_CASH,0.0,0.0,0.0,9989.042233239832,9989.042233239832,0
2025-09-29 00:00:00,USDT_CASH,USDT_CASH,0.0,0.0,0.0,9989.042233239832,9989.042233239832,0
2025-09-29 04:00:00,USDT_CASH,USDT_CASH,0.0,0.0,0.0,9989.042233239832,9989.042233239832,0
2025-09-29 08:00:00,USDT_CASH,USDT_CASH,0.0,0.0,0.0,9989.042233239832,9989.042233239832,0
2025-09-29 12:00:00,USDT_CASH,USDT_CASH,0.0,0.0,0.0,9989.042233239832,9989.042233239832,0
2025-09-29 16:00:00,BNBUSDT,BNBUSDT,9.866837081477302,1011.575535,993.005535,9981.05099945324,10066.44319563559,1
2025-09-29 20:00:00,BNBUSDT,BNBUSDT,9.866837081477302,1011.575535,993.005535,9981.05099945324,10160.770158134512,2
2025-09-30 00:00:00,BNBUSDT,BNBUSDT,9.866837081477302,1011.575535,993.005535,9981.05099945324,10095.747701767576,3
2025-09-30 04:00:00,BNBUSDT,BNBUSDT,9.866837081477302,1011.575535,993.005535,9981.05099945324,10065.456511927441,4
2025-09-30 08:00:00,BNBUSDT,BNBUSDT,9.866837081477302,1011.575535,993.005535,9981.05099945324,10008.524861967317,5
2025-09-30 12:00:00,USDT_CASH,USDT_CASH,0.0,0.0,0.0,9995.517783056705,9995.517783056705,0
2025-09-30 16:00:00,USDT_CASH,USDT_CASH,0.0,0.0,0.0,9995.517783056705,9995.517783056705,0
2025-09-30 20:00:00,BNBUSDT,BNBUSDT,9.91028413245279,1007.7936449999999,985.4779307142855,9987.52136883026,9994.620650419964,1
2025-10-01 00:00:00,BNBUSDT,BNBUSDT,9.91028413245279,1007.7936449999999,985.4779307142855,9987.52136883026,9957.952599129889,2
2025-10-01 04:00:00,BNBUSDT,BNBUSDT,9.91028413245279,1007.7936449999999,985.4779307142855,9987.52136883026,10009.684282301292,3
2025-10-01 08:00:00,BNBUSDT,BNBUSDT,9.91028413245279,1007.7936449999999,985.4779307142855,9987.52136883026,10142.382986834835,4
2025-10-01 12:00:00,BNBUSDT,BNBUSDT,9.91028413245279,1007.7936449999999,985.4779307142855,9987.52136883026,10101.651719050453,5
2025-10-01 16:00:00,BTCUSDT,BTCUSDT,0.08580475114773382,117482.44186499999,115856.88865071427,10080.55168845443,10076.869646556821,1
2025-10-01 20:00:00,BTCUSDT,BTCUSDT,0.08580475114773382,117482.44186499999,115856.88865071427,10080.55168845443,10176.013604317983,2
2025-10-02 00:00:00,BTCUSDT,BTCUSDT,0.08580475114773382,117482.44186499999,115856.88865071427,10080.55168845443,10187.940464727517,3
2025-10-02 04:00:00,BTCUSDT,BTCUSDT,0.08580475114773382,117482.44186499999,115856.88865071427,10080.55168845443,10166.984370354705,4
2025-10-02 08:00:00,BTCUSDT,BTCUSDT,0.08580475114773382,117482.44186499999,115856.88865071427,10080.55168845443,10190.663907528946,5
2025-10-02 12:00:00,BNBUSDT,BNBUSDT,9.700418234943287,1048.333905,1027.0017621428572,10169.277328371303,10240.537522264929,1
2025-10-02 16:00:00,BTCUSDT,BTCUSDT,0.08517949901153168,119970.73538999999,118247.05646142855,10219.047136565234,10292.791680511958,1
2025-10-02 20:00:00,BTCUSDT,BTCUSDT,0.08517949901153168,119970.73538999999,118247.05646142855,10219.047136565234,10266.629649185557,2
2025-10-03 00:00:00,BNBUSDT,BNBUSDT,9.39256711977489,1090.76511,1067.4133242857142,10245.084507583642,10406.964368710578,1
2025-10-03 04:00:00,BNBUSDT,BNBUSDT,9.39256711977489,1090.76511,1067.4133242857142,10245.084507583642,10202.582108184277,2
2025-10-03 08:00:00,BNBUSDT,BNBUSDT,9.39256711977489,1090.76511,1067.4133242857142,10245.084507583642,10391.842335647741,3
2025-10-03 12:00:00,BNBUSDT,BNBUSDT,9.39256711977489,1090.76511,1092.94664022,10245.084507583642,10945.15846467368,4
2025-10-03 16:00:00,BNBUSDT,BNBUSDT,9.39256711977489,1090.76511,1092.94664022,10245.084507583642,10992.966631313335,5
2025-10-03 20:00:00,BNBUSDT,BNBUSDT,9.39256711977489,1090.76511,1092.94664022,10245.084507583642,11171.519332260255,6
2025-10-04 00:00:00,BNBUSDT,BNBUSDT,9.39256711977489,1090.76511,1092.94664022,10245.084507583642,10992.966631313335,7
2025-10-04 04:00:00,BNBUSDT,BNBUSDT,9.39256711977489,1090.76511,1092.94664022,10245.084507583642,10959.435166695737,8
2025-10-04 08:00:00,BNBUSDT,BNBUSDT,9.39256711977489,1090.76511,1092.94664022,10245.084507583642,10817.325626173544,9
2025-10-04 12:00:00,BNBUSDT,BNBUSDT,9.39256711977489,1090.76511,1092.94664022,10245.084507583642,10749.229514555176,10
2025-10-04 16:00:00,BNBUSDT,BNBUSDT,9.39256711977489,1090.76511,1092.94664022,10245.084507583642,10773.180560710602,11
2025-10-04 20:00:00,BNBUSDT,BNBUSDT,9.39256711977489,1090.76511,1092.94664022,10245.084507583642,10808.496613080955,12
2025-10-05 00:00:00,BNBUSDT,BNBUSDT,9.39256711977489,1090.76511,1092.94664022,10245.084507583642,10925.621925064548,13
2025-10-05 04:00:00,BNBUSDT,BNBUSDT,9.39256711977489,1090.76511,1092.94664022,10245.084507583642,11064.725844108414,14
2025-10-05 08:00:00,BNBUSDT,BNBUSDT,9.39256711977489,1090.76511,1092.94664022,10245.084507583642,10969.109510829105,15
2025-10-05 12:00:00,BNBUSDT,BNBUSDT,9.39256711977489,1090.76511,1092.94664022,10245.084507583642,10881.946487957595,16
2025-10-05 16:00:00,BNBUSDT,BNBUSDT,9.39256711977489,1090.76511,1092.94664022,10245.084507583642,10799.761525659564,17
2025-10-05 20:00:00,BNBUSDT,BNBUSDT,9.39256711977489,1090.76511,1092.94664022,10245.084507583642,10964.695004282812,18
2025-10-06 00:00:00,BNBUSDT,BNBUSDT,9.39256711977489,1090.76511,1092.94664022,10245.084507583642,11105.113882723446,19
2025-10-06 04:00:00,BNBUSDT,BNBUSDT,9.39256711977489,1090.76511,1162.705,10245.084507583642,11254.73747694146,20
2025-10-06 08:00:00,BNBUSDT,BNBUSDT,9.39256711977489,1090.76511,1162.705,10245.084507583642,11479.501608117675,21
2025-10-06 12:00:00,BNBUSDT,BNBUSDT,9.39256711977489,1090.76511,1177.943,10245.084507583642,11473.020736805029,22
2025-10-06 16:00:00,BNBUSDT,BNBUSDT,9.39256711977489,1090.76511,1177.943,10245.084507583642,11510.872782297722,23
2025-10-06 20:00:00,BNBUSDT,BNBUSDT,9.39256711977489,1090.76511,1177.943,10245.084507583642,11488.894175237449,24
2025-10-07 00:00:00,BNBUSDT,BNBUSDT,9.39256711977489,1090.76511,1177.943,10245.084507583642,11490.303060305414,25
2025-10-07 04:00:00,BNBUSDT,BNBUSDT,9.39256711977489,1090.76511,1200.7905,10245.084507583642,11741.084602403404,26
2025-10-07 08:00:00,BNBUSDT,BNBUSDT,9.39256711977489,1090.76511,1251.5774999999999,10245.084507583642,12333.8495133324,27
2025-10-07 12:00:00,BNBUSDT,BNBUSDT,9.39256711977489,1090.76511,1282.4904999999999,10245.084507583642,12031.596703418041,28
2025-10-07 16:00:00,BNBUSDT,USDT_CASH,0.0,0.0,0.0,12021.877575524646,12021.877575524646,0
2025-10-07 20:00:00,BNBUSDT,BNBUSDT,9.257087191006592,1297.62849,1245.723132857143,12012.260073464226,12075.22224456473,1
2025-10-08 00:00:00,BNBUSDT,BNBUSDT,9.257087191006592,1297.62849,1245.723132857143,12012.260073464226,11814.079814906432,2
2025-10-08 04:00:00,BNBUSDT,BNBUSDT,9.257087191006592,1297.62849,1245.723132857143,12012.260073464226,12149.649225580422,3
2025-10-08 08:00:00,BNBUSDT,BNBUSDT,9.257087191006592,1297.62849,1245.723132857143,12012.260073464226,12157.980604052325,4
2025-10-08 12:00:00,BNBUSDT,BNBUSDT,9.257087191006592,1297.62849,1245.723132857143,12012.260073464226,11978.30054167489,5
2025-10-08 16:00:00,BNBUSDT,BNBUSDT,9.257087191006592,1297.62849,1245.723132857143,12012.260073464226,12179.642188079282,6
2025-10-08 20:00:00,BNBUSDT,BNBUSDT,9.257087191006592,1297.62849,1245.723132857143,12012.260073464226,12102.715793522018,7
2025-10-09 00:00:00,BNBUSDT,BNBUSDT,9.257087191006592,1297.62849,1245.723132857143,12012.260073464226,11838.703666834512,8
2025-10-09 04:00:00,BNBUSDT,BNBUSDT,9.257087191006592,1297.62849,1245.723132857143,12012.260073464226,12125.858511499535,9
2025-10-09 08:00:00,BNBUSDT,BNBUSDT,9.257087191006592,1297.62849,1245.723132857143,12012.260073464226,11860.457821733375,10
2025-10-09 12:00:00,BNBUSDT,USDT_CASH,0.0,0.0,0.0,11505.25842922321,11505.25842922321,0
2025-10-09 16:00:00,BNBUSDT,BNBUSDT,9.268994529057279,1240.269825,1165.2580392857144,11496.05422247983,11507.08594804345,1
2025-10-09 20:00:00,BNBUSDT,BNBUSDT,9.268994529057279,1240.269825,1165.2580392857144,11496.05422247983,11635.832282052055,2
2025-10-10 00:00:00,BNBUSDT,BNBUSDT,9.268994529057279,1240.269825,1165.2580392857144,11496.05422247983,11675.410888691129,3
2025-10-10 04:00:00,BNBUSDT,BNBUSDT,9.268994529057279,1240.269825,1165.2580392857144,11496.05422247983,11713.691836096137,4
2025-10-10 08:00:00,BNBUSDT,BNBUSDT,9.268994529057279,1240.269825,1165.2580392857144,11496.05422247983,11778.204038018375,5
2025-10-10 12:00:00,BNBUSDT,BNBUSDT,9.268994529057279,1240.269825,1165.2580392857144,11496.05422247983,11266.370160123832,6
2025-10-10 16:00:00,BNBUSDT,BNBUSDT,9.268994529057279,1240.269825,1165.2580392857144,11496.05422247983,11452.584260212592,7
2025-10-10 20:00:00,USDT_CASH,USDT_CASH,0.0,0.0,0.0,11437.70048170802,11437.70048170802,0
2025-10-11 00:00:00,USDT_CASH,USDT_CASH,0.0,0.0,0.0,11437.70048170802,11437.70048170802,0
2025-10-11 04:00:00,USDT_CASH,USDT_CASH,0.0,0.0,0.0,11437.70048170802,11437.70048170802,0
2025-10-11 08:00:00,USDT_CASH,USDT_CASH,0.0,0.0,0.0,11437.70048170802,11437.70048170802,0
2025-10-11 12:00:00,USDT_CASH,USDT_CASH,0.0,0.0,0.0,11437.70048170802,11437.70048170802,0
2025-10-11 16:00:00,USDT_CASH,USDT_CASH,0.0,0.0,0.0,11437.70048170802,11437.70048170802,0
2025-10-11 20:00:00,USDT_CASH,USDT_CASH,0.0,0.0,0.0,11437.70048170802,11437.70048170802,0
2025-10-12 00:00:00,USDT_CASH,USDT_CASH,0.0,0.0,0.0,11437.70048170802,11437.70048170802,0
2025-10-12 04:00:00,USDT_CASH,USDT_CASH,0.0,0.0,0.0,11437.70048170802,11437.70048170802,0
2025-10-12 08:00:00,USDT_CASH,USDT_CASH,0.0,0.0,0.0,11437.70048170802,11437.70048170802,0
2025-10-12 12:00:00,USDT_CASH,USDT_CASH,0.0,0.0,0.0,11437.70048170802,11437.70048170802,0
2025-10-12 16:00:00,USDT_CASH,USDT_CASH,0.0,0.0,0.0,11437.70048170802,11437.70048170802,0
2025-10-12 20:00:00,USDT_CASH,USDT_CASH,0.0,0.0,0.0,11437.70048170802,11437.70048170802,0
2025-10-13 00:00:00,USDT_CASH,USDT_CASH,0.0,0.0,0.0,11437.70048170802,11437.70048170802,0
2025-10-13 04:00:00,USDT_CASH,USDT_CASH,0.0,0.0,0.0,11437.70048170802,11437.70048170802,0
2025-10-13 08:00:00,USDT_CASH,USDT_CASH,0.0,0.0,0.0,11437.70048170802,11437.70048170802,0
2025-10-13 12:00:00,USDT_CASH,USDT_CASH,0.0,0.0,0.0,11437.70048170802,11437.70048170802,0
2025-10-13 16:00:00,USDT_CASH,USDT_CASH,0.0,0.0,0.0,11437.70048170802,11437.70048170802,0
2025-10-13 20:00:00,USDT_CASH,USDT_CASH,0.0,0.0,0.0,11437.70048170802,11437.70048170802,0
2025-10-14 00:00:00,USDT_CASH,USDT_CASH,0.0,0.0,0.0,11437.70048170802,11437.70048170802,0
2025-10-14 04:00:00,USDT_CASH,USDT_CASH,0.0,0.0,0.0,11437.70048170802,11437.70048170802,0
2025-10-14 08:00:00,USDT_CASH,USDT_CASH,0.0,0.0,0.0,11437.70048170802,11437.70048170802,0
2025-10-14 12:00:00,USDT_CASH,USDT_CASH,0.0,0.0,0.0,11437.70048170802,11437.70048170802,0
2025-10-14 16:00:00,USDT_CASH,USDT_CASH,0.0,0.0,0.0,11437.70048170802,11437.70048170802,0
2025-10-14 20:00:00,USDT_CASH,USDT_CASH,0.0,0.0,0.0,11437.70048170802,11437.70048170802,0
2025-10-15 00:00:00,USDT_CASH,USDT_CASH,0.0,0.0,0.0,11437.70048170802,11437.70048170802,0
2025-10-15 04:00:00,USDT_CASH,USDT_CASH,0.0,0.0,0.0,11437.70048170802,11437.70048170802,0
2025-10-15 08:00:00,USDT_CASH,USDT_CASH,0.0,0.0,0.0,11437.70048170802,11437.70048170802,0
2025-10-15 12:00:00,USDT_CASH,USDT_CASH,0.0,0.0,0.0,11437.70048170802,11437.70048170802,0
2025-10-15 16:00:00,USDT_CASH,USDT_CASH,0.0,0.0,0.0,11437.70048170802,11437.70048170802,0
2025-10-15 20:00:00,USDT_CASH,USDT_CASH,0.0,0.0,0.0,11437.70048170802,11437.70048170802,0
2025-10-16 00:00:00,USDT_CASH,USDT_CASH,0.0,0.0,0.0,11437.70048170802,11437.70048170802,0
2025-10-16 04:00:00,USDT_CASH,USDT_CASH,0.0,0.0,0.0,11437.70048170802,11437.70048170802,0
2025-10-16 08:00:00,USDT_CASH,USDT_CASH,0.0,0.0,0.0,11437.70048170802,11437.70048170802,0
2025-10-16 12:00:00,USDT_CASH,USDT_CASH,0.0,0.0,0.0,11437.70048170802,11437.70048170802,0
2025-10-16 16:00:00,USDT_CASH,USDT_CASH,0.0,0.0,0.0,11437.70048170802,11437.70048170802,0
2025-10-16 20:00:00,USDT_CASH,USDT_CASH,0.0,0.0,0.0,11437.70048170802,11437.70048170802,0
2025-10-17 00:00:00,USDT_CASH,USDT_CASH,0.0,0.0,0.0,11437.70048170802,11437.70048170802,0
2025-10-17 04:00:00,USDT_CASH,USDT_CASH,0.0,0.0,0.0,11437.70048170802,11437.70048170802,0
2025-10-17 08:00:00,USDT_CASH,USDT_CASH,0.0,0.0,0.0,11437.70048170802,11437.70048170802,0
2025-10-17 12:00:00,USDT_CASH,USDT_CASH,0.0,0.0,0.0,11437.70048170802,11437.70048170802,0
2025-10-17 16:00:00,USDT_CASH,USDT_CASH,0.0,0.0,0.0,11437.70048170802,11437.70048170802,0
2025-10-17 20:00:00,USDT_CASH,USDT_CASH,0.0,0.0,0.0,11437.70048170802,11437.70048170802,0
2025-10-18 00:00:00,USDT_CASH,USDT_CASH,0.0,0.0,0.0,11437.70048170802,11437.70048170802,0
2025-10-18 04:00:00,USDT_CASH,USDT_CASH,0.0,0.0,0.0,11437.70048170802,11437.70048170802,0
2025-10-18 08:00:00,USDT_CASH,USDT_CASH,0.0,0.0,0.0,11437.70048170802,11437.70048170802,0
2025-10-18 12:00:00,USDT_CASH,USDT_CASH,0.0,0.0,0.0,11437.70048170802,11437.70048170802,0
2025-10-18 16:00:00,USDT_CASH,USDT_CASH,0.0,0.0,0.0,11437.70048170802,11437.70048170802,0
2025-10-18 20:00:00,USDT_CASH,USDT_CASH,0.0,0.0,0.0,11437.70048170802,11437.70048170802,0
2025-10-19 00:00:00,USDT_CASH,USDT_CASH,0.0,0.0,0.0,11437.70048170802,11437.70048170802,0
2025-10-19 04:00:00,USDT_CASH,USDT_CASH,0.0,0.0,0.0,11437.70048170802,11437.70048170802,0
2025-10-19 08:00:00,USDT_CASH,USDT_CASH,0.0,0.0,0.0,11437.70048170802,11437.70048170802,0
2025-10-19 12:00:00,USDT_CASH,USDT_CASH,0.0,0.0,0.0,11437.70048170802,11437.70048170802,0
2025-10-19 16:00:00,USDT_CASH,USDT_CASH,0.0,0.0,0.0,11437.70048170802,11437.70048170802,0
2025-10-19 20:00:00,USDT_CASH,USDT_CASH,0.0,0.0,0.0,11437.70048170802,11437.70048170802,0
2025-10-20 00:00:00,USDT_CASH,USDT_CASH,0.0,0.0,0.0,11437.70048170802,11437.70048170802,0
2025-10-20 04:00:00,USDT_CASH,USDT_CASH,0.0,0.0,0.0,11437.70048170802,11437.70048170802,0
2025-10-20 08:00:00,USDT_CASH,USDT_CASH,0.0,0.0,0.0,11437.70048170802,11437.70048170802,0
2025-10-20 12:00:00,USDT_CASH,USDT_CASH,0.0,0.0,0.0,11437.70048170802,11437.70048170802,0
2025-10-20 16:00:00,USDT_CASH,USDT_CASH,0.0,0.0,0.0,11437.70048170802,11437.70048170802,0
2025-10-20 20:00:00,USDT_CASH,USDT_CASH,0.0,0.0,0.0,11437.70048170802,11437.70048170802,0
2025-10-21 00:00:00,USDT_CASH,USDT_CASH,0.0,0.0,0.0,11437.70048170802,11437.70048170802,0
2025-10-21 04:00:00,USDT_CASH,USDT_CASH,0.0,0.0,0.0,11437.70048170802,11437.70048170802,0
2025-10-21 08:00:00,USDT_CASH,USDT_CASH,0.0,0.0,0.0,11437.70048170802,11437.70048170802,0
2025-10-21 12:00:00,USDT_CASH,USDT_CASH,0.0,0.0,0.0,11437.70048170802,11437.70048170802,0
2025-10-21 16:00:00,USDT_CASH,USDT_CASH,0.0,0.0,0.0,11437.70048170802,11437.70048170802,0
2025-10-21 20:00:00,USDT_CASH,USDT_CASH,0.0,0.0,0.0,11437.70048170802,11437.70048170802,0
2025-10-22 00:00:00,USDT_CASH,USDT_CASH,0.0,0.0,0.0,11437.70048170802,11437.70048170802,0
2025-10-22 04:00:00,USDT_CASH,USDT_CASH,0.0,0.0,0.0,11437.70048170802,11437.70048170802,0
2025-10-22 08:00:00,USDT_CASH,USDT_CASH,0.0,0.0,0.0,11437.70048170802,11437.70048170802,0
2025-10-22 12:00:00,USDT_CASH,USDT_CASH,0.0,0.0,0.0,11437.70048170802,11437.70048170802,0
2025-10-22 16:00:00,USDT_CASH,USDT_CASH,0.0,0.0,0.0,11437.70048170802,11437.70048170802,0
2025-10-22 20:00:00,USDT_CASH,USDT_CASH,0.0,0.0,0.0,11437.70048170802,11437.70048170802,0
2025-10-23 00:00:00,USDT_CASH,USDT_CASH,0.0,0.0,0.0,11437.70048170802,11437.70048170802,0
2025-10-23 04:00:00,USDT_CASH,USDT_CASH,0.0,0.0,0.0,11437.70048170802,11437.70048170802,0
2025-10-23 08:00:00,USDT_CASH,USDT_CASH,0.0,0.0,0.0,11437.70048170802,11437.70048170802,0
2025-10-23 12:00:00,USDT_CASH,USDT_CASH,0.0,0.0,0.0,11437.70048170802,11437.70048170802,0
2025-10-23 16:00:00,USDT_CASH,USDT_CASH,0.0,0.0,0.0,11437.70048170802,11437.70048170802,0
2025-10-23 20:00:00,USDT_CASH,USDT_CASH,0.0,0.0,0.0,11437.70048170802,11437.70048170802,0
2025-10-24 00:00:00,USDT_CASH,USDT_CASH,0.0,0.0,0.0,11437.70048170802,11437.70048170802,0
2025-10-24 04:00:00,USDT_CASH,USDT_CASH,0.0,0.0,0.0,11437.70048170802,11437.70048170802,0
2025-10-24 08:00:00,USDT_CASH,USDT_CASH,0.0,0.0,0.0,11437.70048170802,11437.70048170802,0
2025-10-24 12:00:00,USDT_CASH,USDT_CASH,0.0,0.0,0.0,11437.70048170802,11437.70048170802,0
2025-10-24 16:00:00,USDT_CASH,USDT_CASH,0.0,0.0,0.0,11437.70048170802,11437.70048170802,0
2025-10-24 20:00:00,USDT_CASH,USDT_CASH,0.0,0.0,0.0,11437.70048170802,11437.70048170802,0
2025-10-25 00:00:00,USDT_CASH,USDT_CASH,0.0,0.0,0.0,11437.70048170802,11437.70048170802,0
2025-10-25 04:00:00,USDT_CASH,USDT_CASH,0.0,0.0,0.0,11437.70048170802,11437.70048170802,0
2025-10-25 08:00:00,USDT_CASH,USDT_CASH,0.0,0.0,0.0,11437.70048170802,11437.70048170802,0
2025-10-25 12:00:00,USDT_CASH,USDT_CASH,0.0,0.0,0.0,11437.70048170802,11437.70048170802,0
2025-10-25 16:00:00,USDT_CASH,USDT_CASH,0.0,0.0,0.0,11437.70048170802,11437.70048170802,0
2025-10-25 20:00:00,USDT_CASH,USDT_CASH,0.0,0.0,0.0,11437.70048170802,11437.70048170802,0
2025-10-26 00:00:00,USDT_CASH,USDT_CASH,0.0,0.0,0.0,11437.70048170802,11437.70048170802,0
2025-10-26 04:00:00,USDT_CASH,USDT_CASH,0.0,0.0,0.0,11437.70048170802,11437.70048170802,0
2025-10-26 08:00:00,USDT_CASH,USDT_CASH,0.0,0.0,0.0,11437.70048170802,11437.70048170802,0
2025-10-26 12:00:00,USDT_CASH,USDT_CASH,0.0,0.0,0.0,11437.70048170802,11437.70048170802,0
2025-10-26 16:00:00,BTCUSDT,BTCUSDT,0.10046916677027769,113751.81748499999,112462.03284214286,11428.550321322653,11411.889772077093,1
2025-10-26 20:00:00,BTCUSDT,BTCUSDT,0.10046916677027769,113751.81748499999,112462.03284214286,11428.550321322653,11509.687463702949,2
2025-10-27 00:00:00,ETHUSDT,ETHUSDT,2.7605880050503173,4160.539229999999,4087.433515714285,11485.534692879282,11608.493408276989,1
2025-10-27 04:00:00,ETHUSDT,ETHUSDT,2.7605880050503173,4160.539229999999,4087.433515714285,11485.534692879282,11598.2240208982,2
2025-10-27 08:00:00,ETHUSDT,ETHUSDT,2.7605880050503173,4160.539229999999,4087.433515714285,11485.534692879282,11489.95375934013,3
2025-10-27 12:00:00,ETHUSDT,ETHUSDT,2.7605880050503173,4160.539229999999,4087.433515714285,11485.534692879282,11519.823321554773,4
2025-10-27 16:00:00,ETHUSDT,ETHUSDT,2.7605880050503173,4160.539229999999,4087.433515714285,11485.534692879282,11577.795669660829,5
2025-10-27 20:00:00,ETHUSDT,ETHUSDT,2.7605880050503173,4160.539229999999,4087.433515714285,11485.534692879282,11374.036669008065,6
2025-10-28 00:00:00,ETHUSDT,USDT_CASH,0.0,0.0,0.0,11257.780919535106,11257.780919535106,0
2025-10-28 04:00:00,USDT_CASH,USDT_CASH,0.0,0.0,0.0,11257.780919535106,11257.780919535106,0
2025-10-28 08:00:00,USDT_CASH,USDT_CASH,0.0,0.0,0.0,11257.780919535106,11257.780919535106,0
2025-10-28 12:00:00,USDT_CASH,USDT_CASH,0.0,0.0,0.0,11257.780919535106,11257.780919535106,0
2025-10-28 16:00:00,BTCUSDT,BTCUSDT,0.09807238117894566,114698.70069,112952.55283285714,11248.774694799478,11149.848035510522,1
2025-10-28 20:00:00,BTCUSDT,USDT_CASH,0.0,0.0,0.0,11052.060800211859,11052.060800211859,0
2025-10-29 00:00:00,USDT_CASH,USDT_CASH,0.0,0.0,0.0,11052.060800211859,11052.060800211859,0
2025-10-29 04:00:00,USDT_CASH,USDT_CASH,0.0,0.0,0.0,11052.060800211859,11052.060800211859,0
2025-10-29 08:00:00,USDT_CASH,USDT_CASH,0.0,0.0,0.0,11052.060800211859,11052.060800211859,0
2025-10-29 12:00:00,USDT_CASH,USDT_CASH,0.0,0.0,0.0,11052.060800211859,11052.060800211859,0
2025-10-29 16:00:00,USDT_CASH,USDT_CASH,0.0,0.0,0.0,11052.060800211859,11052.060800211859,0
2025-10-29 20:00:00,USDT_CASH,USDT_CASH,0.0,0.0,0.0,11052.060800211859,11052.060800211859,0
2025-10-30 00:00:00,USDT_CASH,USDT_CASH,0.0,0.0,0.0,11052.060800211859,11052.060800211859,0
2025-10-30 04:00:00,USDT_CASH,USDT_CASH,0.0,0.0,0.0,11052.060800211859,11052.060800211859,0
2025-10-30 08:00:00,USDT_CASH,USDT_CASH,0.0,0.0,0.0,11052.060800211859,11052.060800211859,0
2025-10-30 12:00:00,USDT_CASH,USDT_CASH,0.0,0.0,0.0,11052.060800211859,11052.060800211859,0
2025-10-30 16:00:00,USDT_CASH,USDT_CASH,0.0,0.0,0.0,11052.060800211859,11052.060800211859,0
2025-10-30 20:00:00,USDT_CASH,USDT_CASH,0.0,0.0,0.0,11052.060800211859,11052.060800211859,0
2025-10-31 00:00:00,USDT_CASH,USDT_CASH,0.0,0.0,0.0,11052.060800211859,11052.060800211859,0
2025-10-31 04:00:00,USDT_CASH,USDT_CASH,0.0,0.0,0.0,11052.060800211859,11052.060800211859,0
2025-10-31 08:00:00,USDT_CASH,USDT_CASH,0.0,0.0,0.0,11052.060800211859,11052.060800211859,0
2025-10-31 12:00:00,USDT_CASH,USDT_CASH,0.0,0.0,0.0,11052.060800211859,11052.060800211859,0
2025-10-31 16:00:00,USDT_CASH,USDT_CASH,0.0,0.0,0.0,11052.060800211859,11052.060800211859,0
2025-10-31 20:00:00,USDT_CASH,USDT_CASH,0.0,0.0,0.0,11052.060800211859,11052.060800211859,0
2025-11-01 00:00:00,USDT_CASH,USDT_CASH,0.0,0.0,0.0,11052.060800211859,11052.060800211859,0
2025-11-01 04:00:00,USDT_CASH,USDT_CASH,0.0,0.0,0.0,11052.060800211859,11052.060800211859,0
2025-11-01 08:00:00,USDT_CASH,USDT_CASH,0.0,0.0,0.0,11052.060800211859,11052.060800211859,0
2025-11-01 12:00:00,USDT_CASH,USDT_CASH,0.0,0.0,0.0,11052.060800211859,11052.060800211859,0
2025-11-01 16:00:00,USDT_CASH,USDT_CASH,0.0,0.0,0.0,11052.060800211859,11052.060800211859,0
2025-11-01 20:00:00,USDT_CASH,USDT_CASH,0.0,0.0,0.0,11052.060800211859,11052.060800211859,0
2025-11-02 00:00:00,USDT_CASH,USDT_CASH,0.0,0.0,0.0,11052.060800211859,11052.060800211859,0
2025-11-02 04:00:00,USDT_CASH,USDT_CASH,0.0,0.0,0.0,11052.060800211859,11052.060800211859,0
2025-11-02 08:00:00,USDT_CASH,USDT_CASH,0.0,0.0,0.0,11052.060800211859,11052.060800211859,0
2025-11-02 12:00:00,USDT_CASH,USDT_CASH,0.0,0.0,0.0,11052.060800211859,11052.060800211859,0
2025-11-02 16:00:00,USDT_CASH,USDT_CASH,0.0,0.0,0.0,11052.060800211859,11052.060800211859,0
2025-11-02 20:00:00,USDT_CASH,USDT_CASH,0.0,0.0,0.0,11052.060800211859,11052.060800211859,0
2025-11-03 00:00:00,USDT_CASH,USDT_CASH,0.0,0.0,0.0,11052.060800211859,11052.060800211859,0
2025-11-03 04:00:00,USDT_CASH,USDT_CASH,0.0,0.0,0.0,11052.060800211859,11052.060800211859,0
2025-11-03 08:00:00,USDT_CASH,USDT_CASH,0.0,0.0,0.0,11052.060800211859,11052.060800211859,0
2025-11-03 12:00:00,USDT_CASH,USDT_CASH,0.0,0.0,0.0,11052.060800211859,11052.060800211859,0
2025-11-03 16:00:00,USDT_CASH,USDT_CASH,0.0,0.0,0.0,11052.060800211859,11052.060800211859,0
2025-11-03 20:00:00,USDT_CASH,USDT_CASH,0.0,0.0,0.0,11052.060800211859,11052.060800211859,0
2025-11-04 00:00:00,USDT_CASH,USDT_CASH,0.0,0.0,0.0,11052.060800211859,11052.060800211859,0
2025-11-04 04:00:00,USDT_CASH,USDT_CASH,0.0,0.0,0.0,11052.060800211859,11052.060800211859,0
2025-11-04 08:00:00,USDT_CASH,USDT_CASH,0.0,0.0,0.0,11052.060800211859,11052.060800211859,0
2025-11-04 12:00:00,USDT_CASH,USDT_CASH,0.0,0.0,0.0,11052.060800211859,11052.060800211859,0
2025-11-04 16:00:00,USDT_CASH,USDT_CASH,0.0,0.0,0.0,11052.060800211859,11052.060800211859,0
2025-11-04 20:00:00,USDT_CASH,USDT_CASH,0.0,0.0,0.0,11052.060800211859,11052.060800211859,0
2025-11-05 00:00:00,USDT_CASH,USDT_CASH,0.0,0.0,0.0,11052.060800211859,11052.060800211859,0
2025-11-05 04:00:00,USDT_CASH,USDT_CASH,0.0,0.0,0.0,11052.060800211859,11052.060800211859,0
2025-11-05 08:00:00,USDT_CASH,USDT_CASH,0.0,0.0,0.0,11052.060800211859,11052.060800211859,0
2025-11-05 12:00:00,USDT_CASH,USDT_CASH,0.0,0.0,0.0,11052.060800211859,11052.060800211859,0
2025-11-05 16:00:00,USDT_CASH,USDT_CASH,0.0,0.0,0.0,11052.060800211859,11052.060800211859,0
2025-11-05 20:00:00,USDT_CASH,USDT_CASH,0.0,0.0,0.0,11052.060800211859,11052.060800211859,0
2025-11-06 00:00:00,USDT_CASH,USDT_CASH,0.0,0.0,0.0,11052.060800211859,11052.060800211859,0
2025-11-06 04:00:00,USDT_CASH,USDT_CASH,0.0,0.0,0.0,11052.060800211859,11052.060800211859,0
2025-11-06 08:00:00,USDT_CASH,USDT_CASH,0.0,0.0,0.0,11052.060800211859,11052.060800211859,0
2025-11-06 12:00:00,USDT_CASH,USDT_CASH,0.0,0.0,0.0,11052.060800211859,11052.060800211859,0
2025-11-06 16:00:00,USDT_CASH,USDT_CASH,0.0,0.0,0.0,11052.060800211859,11052.060800211859,0
2025-11-06 20:00:00,USDT_CASH,USDT_CASH,0.0,0.0,0.0,11052.060800211859,11052.060800211859,0
2025-11-07 00:00:00,USDT_CASH,USDT_CASH,0.0,0.0,0.0,11052.060800211859,11052.060800211859,0
2025-11-07 04:00:00,USDT_CASH,USDT_CASH,0.0,0.0,0.0,11052.060800211859,11052.060800211859,0
2025-11-07 08:00:00,USDT_CASH,USDT_CASH,0.0,0.0,0.0,11052.060800211859,11052.060800211859,0
2025-11-07 12:00:00,USDT_CASH,USDT_CASH,0.0,0.0,0.0,11052.060800211859,11052.060800211859,0
2025-11-07 16:00:00,USDT_CASH,USDT_CASH,0.0,0.0,0.0,11052.060800211859,11052.060800211859,0
2025-11-07 20:00:00,USDT_CASH,USDT_CASH,0.0,0.0,0.0,11052.060800211859,11052.060800211859,0
2025-11-08 00:00:00,USDT_CASH,USDT_CASH,0.0,0.0,0.0,11052.060800211859,11052.060800211859,0
2025-11-08 04:00:00,USDT_CASH,USDT_CASH,0.0,0.0,0.0,11052.060800211859,11052.060800211859,0
2025-11-08 08:00:00,USDT_CASH,USDT_CASH,0.0,0.0,0.0,11052.060800211859,11052.060800211859,0
2025-11-08 12:00:00,USDT_CASH,USDT_CASH,0.0,0.0,0.0,11052.060800211859,11052.060800211859,0
2025-11-08 16:00:00,USDT_CASH,USDT_CASH,0.0,0.0,0.0,11052.060800211859,11052.060800211859,0
2025-11-08 20:00:00,USDT_CASH,USDT_CASH,0.0,0.0,0.0,11052.060800211859,11052.060800211859,0
2025-11-09 00:00:00,USDT_CASH,USDT_CASH,0.0,0.0,0.0,11052.060800211859,11052.060800211859,0
2025-11-09 04:00:00,USDT_CASH,USDT_CASH,0.0,0.0,0.0,11052.060800211859,11052.060800211859,0
2025-11-09 08:00:00,USDT_CASH,USDT_CASH,0.0,0.0,0.0,11052.060800211859,11052.060800211859,0
2025-11-09 12:00:00,USDT_CASH,USDT_CASH,0.0,0.0,0.0,11052.060800211859,11052.060800211859,0
2025-11-09 16:00:00,USDT_CASH,USDT_CASH,0.0,0.0,0.0,11052.060800211859,11052.060800211859,0
2025-11-09 20:00:00,USDT_CASH,USDT_CASH,0.0,0.0,0.0,11052.060800211859,11052.060800211859,0
2025-11-10 00:00:00,USDT_CASH,USDT_CASH,0.0,0.0,0.0,11052.060800211859,11052.060800211859,0
2025-11-10 04:00:00,USDT_CASH,USDT_CASH,0.0,0.0,0.0,11052.060800211859,11052.060800211859,0
2025-11-10 08:00:00,USDT_CASH,USDT_CASH,0.0,0.0,0.0,11052.060800211859,11052.060800211859,0
2025-11-10 12:00:00,USDT_CASH,USDT_CASH,0.0,0.0,0.0,11052.060800211859,11052.060800211859,0
2025-11-10 16:00:00,USDT_CASH,USDT_CASH,0.0,0.0,0.0,11052.060800211859,11052.060800211859,0
2025-11-10 20:00:00,USDT_CASH,USDT_CASH,0.0,0.0,0.0,11052.060800211859,11052.060800211859,0
2025-11-11 00:00:00,USDT_CASH,USDT_CASH,0.0,0.0,0.0,11052.060800211859,11052.060800211859,0
2025-11-11 04:00:00,USDT_CASH,USDT_CASH,0.0,0.0,0.0,11052.060800211859,11052.060800211859,0
2025-11-11 08:00:00,USDT_CASH,USDT_CASH,0.0,0.0,0.0,11052.060800211859,11052.060800211859,0
2025-11-11 12:00:00,USDT_CASH,USDT_CASH,0.0,0.0,0.0,11052.060800211859,11052.060800211859,0
2025-11-11 16:00:00,USDT_CASH,USDT_CASH,0.0,0.0,0.0,11052.060800211859,11052.060800211859,0
2025-11-11 20:00:00,USDT_CASH,USDT_CASH,0.0,0.0,0.0,11052.060800211859,11052.060800211859,0
2025-11-12 00:00:00,USDT_CASH,USDT_CASH,0.0,0.0,0.0,11052.060800211859,11052.060800211859,0
2025-11-12 04:00:00,USDT_CASH,USDT_CASH,0.0,0.0,0.0,11052.060800211859,11052.060800211859,0
2025-11-12 08:00:00,USDT_CASH,USDT_CASH,0.0,0.0,0.0,11052.060800211859,11052.060800211859,0
2025-11-12 12:00:00,USDT_CASH,USDT_CASH,0.0,0.0,0.0,11052.060800211859,11052.060800211859,0
2025-11-12 16:00:00,USDT_CASH,USDT_CASH,0.0,0.0,0.0,11052.060800211859,11052.060800211859,0
2025-11-12 20:00:00,USDT_CASH,USDT_CASH,0.0,0.0,0.0,11052.060800211859,11052.060800211859,0
2025-11-13 00:00:00,USDT_CASH,USDT_CASH,0.0,0.0,0.0,11052.060800211859,11052.060800211859,0
2025-11-13 04:00:00,USDT_CASH,USDT_CASH,0.0,0.0,0.0,11052.060800211859,11052.060800211859,0
2025-11-13 08:00:00,USDT_CASH,USDT_CASH,0.0,0.0,0.0,11052.060800211859,11052.060800211859,0
2025-11-13 12:00:00,USDT_CASH,USDT_CASH,0.0,0.0,0.0,11052.060800211859,11052.060800211859,0
2025-11-13 16:00:00,USDT_CASH,USDT_CASH,0.0,0.0,0.0,11052.060800211859,11052.060800211859,0
2025-11-13 20:00:00,USDT_CASH,USDT_CASH,0.0,0.0,0.0,11052.060800211859,11052.060800211859,0
2025-11-14 00:00:00,USDT_CASH,USDT_CASH,0.0,0.0,0.0,11052.060800211859,11052.060800211859,0
2025-11-14 04:00:00,USDT_CASH,USDT_CASH,0.0,0.0,0.0,11052.060800211859,11052.060800211859,0
2025-11-14 08:00:00,USDT_CASH,USDT_CASH,0.0,0.0,0.0,11052.060800211859,11052.060800211859,0
2025-11-14 12:00:00,USDT_CASH,USDT_CASH,0.0,0.0,0.0,11052.060800211859,11052.060800211859,0
2025-11-14 16:00:00,USDT_CASH,USDT_CASH,0.0,0.0,0.0,11052.060800211859,11052.060800211859,0
2025-11-14 20:00:00,USDT_CASH,USDT_CASH,0.0,0.0,0.0,11052.060800211859,11052.060800211859,0
2025-11-15 00:00:00,USDT_CASH,USDT_CASH,0.0,0.0,0.0,11052.060800211859,11052.060800211859,0
2025-11-15 04:00:00,USDT_CASH,USDT_CASH,0.0,0.0,0.0,11052.060800211859,11052.060800211859,0
2025-11-15 08:00:00,USDT_CASH,USDT_CASH,0.0,0.0,0.0,11052.060800211859,11052.060800211859,0
2025-11-15 12:00:00,USDT_CASH,USDT_CASH,0.0,0.0,0.0,11052.060800211859,11052.060800211859,0
2025-11-15 16:00:00,USDT_CASH,USDT_CASH,0.0,0.0,0.0,11052.060800211859,11052.060800211859,0
2025-11-15 20:00:00,USDT_CASH,USDT_CASH,0.0,0.0,0.0,11052.060800211859,11052.060800211859,0
2025-11-16 00:00:00,USDT_CASH,USDT_CASH,0.0,0.0,0.0,11052.060800211859,11052.060800211859,0
2025-11-16 04:00:00,USDT_CASH,USDT_CASH,0.0,0.0,0.0,11052.060800211859,11052.060800211859,0
2025-11-16 08:00:00,USDT_CASH,USDT_CASH,0.0,0.0,0.0,11052.060800211859,11052.060800211859,0
2025-11-16 12:00:00,USDT_CASH,USDT_CASH,0.0,0.0,0.0,11052.060800211859,11052.060800211859,0
2025-11-16 16:00:00,USDT_CASH,USDT_CASH,0.0,0.0,0.0,11052.060800211859,11052.060800211859,0
2025-11-16 20:00:00,USDT_CASH,USDT_CASH,0.0,0.0,0.0,11052.060800211859,11052.060800211859,0
2025-11-17 00:00:00,USDT_CASH,USDT_CASH,0.0,0.0,0.0,11052.060800211859,11052.060800211859,0
2025-11-17 04:00:00,USDT_CASH,USDT_CASH,0.0,0.0,0.0,11052.060800211859,11052.060800211859,0
2025-11-17 08:00:00,USDT_CASH,USDT_CASH,0.0,0.0,0.0,11052.060800211859,11052.060800211859,0
2025-11-17 12:00:00,USDT_CASH,USDT_CASH,0.0,0.0,0.0,11052.060800211859,11052.060800211859,0
2025-11-17 16:00:00,USDT_CASH,USDT_CASH,0.0,0.0,0.0,11052.060800211859,11052.060800211859,0
2025-11-17 20:00:00,USDT_CASH,USDT_CASH,0.0,0.0,0.0,11052.060800211859,11052.060800211859,0
2025-11-18 00:00:00,USDT_CASH,USDT_CASH,0.0,0.0,0.0,11052.060800211859,11052.060800211859,0
2025-11-18 04:00:00,USDT_CASH,USDT_CASH,0.0,0.0,0.0,11052.060800211859,11052.060800211859,0
2025-11-18 08:00:00,USDT_CASH,USDT_CASH,0.0,0.0,0.0,11052.060800211859,11052.060800211859,0
2025-11-18 12:00:00,USDT_CASH,USDT_CASH,0.0,0.0,0.0,11052.060800211859,11052.060800211859,0
2025-11-18 16:00:00,USDT_CASH,USDT_CASH,0.0,0.0,0.0,11052.060800211859,11052.060800211859,0
2025-11-18 20:00:00,USDT_CASH,USDT_CASH,0.0,0.0,0.0,11052.060800211859,11052.060800211859,0
2025-11-19 00:00:00,USDT_CASH,USDT_CASH,0.0,0.0,0.0,11052.060800211859,11052.060800211859,0
2025-11-19 04:00:00,USDT_CASH,USDT_CASH,0.0,0.0,0.0,11052.060800211859,11052.060800211859,0
2025-11-19 08:00:00,USDT_CASH,USDT_CASH,0.0,0.0,0.0,11052.060800211859,11052.060800211859,0
2025-11-19 12:00:00,USDT_CASH,USDT_CASH,0.0,0.0,0.0,11052.060800211859,11052.060800211859,0
2025-11-19 16:00:00,USDT_CASH,USDT_CASH,0.0,0.0,0.0,11052.060800211859,11052.060800211859,0
2025-11-19 20:00:00,USDT_CASH,USDT_CASH,0.0,0.0,0.0,11052.060800211859,11052.060800211859,0
2025-11-20 00:00:00,USDT_CASH,USDT_CASH,0.0,0.0,0.0,11052.060800211859,11052.060800211859,0
2025-11-20 04:00:00,USDT_CASH,USDT_CASH,0.0,0.0,0.0,11052.060800211859,11052.060800211859,0
2025-11-20 08:00:00,USDT_CASH,USDT_CASH,0.0,0.0,0.0,11052.060800211859,11052.060800211859,0
2025-11-20 12:00:00,USDT_CASH,USDT_CASH,0.0,0.0,0.0,11052.060800211859,11052.060800211859,0
2025-11-20 16:00:00,USDT_CASH,USDT_CASH,0.0,0.0,0.0,11052.060800211859,11052.060800211859,0
2025-11-20 20:00:00,USDT_CASH,USDT_CASH,0.0,0.0,0.0,11052.060800211859,11052.060800211859,0
2025-11-21 00:00:00,USDT_CASH,USDT_CASH,0.0,0.0,0.0,11052.060800211859,11052.060800211859,0
2025-11-21 04:00:00,USDT_CASH,USDT_CASH,0.0,0.0,0.0,11052.060800211859,11052.060800211859,0
2025-11-21 08:00:00,USDT_CASH,USDT_CASH,0.0,0.0,0.0,11052.060800211859,11052.060800211859,0
2025-11-21 12:00:00,USDT_CASH,USDT_CASH,0.0,0.0,0.0,11052.060800211859,11052.060800211859,0
2025-11-21 16:00:00,USDT_CASH,USDT_CASH,0.0,0.0,0.0,11052.060800211859,11052.060800211859,0
2025-11-21 20:00:00,USDT_CASH,USDT_CASH,0.0,0.0,0.0,11052.060800211859,11052.060800211859,0
2025-11-22 00:00:00,USDT_CASH,USDT_CASH,0.0,0.0,0.0,11052.060800211859,11052.060800211859,0
2025-11-22 04:00:00,USDT_CASH,USDT_CASH,0.0,0.0,0.0,11052.060800211859,11052.060800211859,0
2025-11-22 08:00:00,USDT_CASH,USDT_CASH,0.0,0.0,0.0,11052.060800211859,11052.060800211859,0
2025-11-22 12:00:00,USDT_CASH,USDT_CASH,0.0,0.0,0.0,11052.060800211859,11052.060800211859,0
2025-11-22 16:00:00,USDT_CASH,USDT_CASH,0.0,0.0,0.0,11052.060800211859,11052.060800211859,0
2025-11-22 20:00:00,USDT_CASH,USDT_CASH,0.0,0.0,0.0,11052.060800211859,11052.060800211859,0
2025-11-23 00:00:00,USDT_CASH,USDT_CASH,0.0,0.0,0.0,11052.060800211859,11052.060800211859,0
2025-11-23 04:00:00,USDT_CASH,USDT_CASH,0.0,0.0,0.0,11052.060800211859,11052.060800211859,0
2025-11-23 08:00:00,USDT_CASH,USDT_CASH,0.0,0.0,0.0,11052.060800211859,11052.060800211859,0
2025-11-23 12:00:00,USDT_CASH,USDT_CASH,0.0,0.0,0.0,11052.060800211859,11052.060800211859,0
2025-11-23 16:00:00,USDT_CASH,USDT_CASH,0.0,0.0,0.0,11052.060800211859,11052.060800211859,0
2025-11-23 20:00:00,USDT_CASH,USDT_CASH,0.0,0.0,0.0,11052.060800211859,11052.060800211859,0
2025-11-24 00:00:00,USDT_CASH,USDT_CASH,0.0,0.0,0.0,11052.060800211859,11052.060800211859,0
2025-11-24 04:00:00,USDT_CASH,USDT_CASH,0.0,0.0,0.0,11052.060800211859,11052.060800211859,0
2025-11-24 08:00:00,USDT_CASH,USDT_CASH,0.0,0.0,0.0,11052.060800211859,11052.060800211859,0
2025-11-24 12:00:00,USDT_CASH,USDT_CASH,0.0,0.0,0.0,11052.060800211859,11052.060800211859,0
2025-11-24 16:00:00,USDT_CASH,USDT_CASH,0.0,0.0,0.0,11052.060800211859,11052.060800211859,0
2025-11-24 20:00:00,USDT_CASH,USDT_CASH,0.0,0.0,0.0,11052.060800211859,11052.060800211859,0
2025-11-25 00:00:00,USDT_CASH,USDT_CASH,0.0,0.0,0.0,11052.060800211859,11052.060800211859,0
2025-11-25 04:00:00,USDT_CASH,USDT_CASH,0.0,0.0,0.0,11052.060800211859,11052.060800211859,0
2025-11-25 08:00:00,USDT_CASH,USDT_CASH,0.0,0.0,0.0,11052.060800211859,11052.060800211859,0
2025-11-25 12:00:00,USDT_CASH,USDT_CASH,0.0,0.0,0.0,11052.060800211859,11052.060800211859,0
2025-11-25 16:00:00,USDT_CASH,USDT_CASH,0.0,0.0,0.0,11052.060800211859,11052.060800211859,0
2025-11-25 20:00:00,USDT_CASH,USDT_CASH,0.0,0.0,0.0,11052.060800211859,11052.060800211859,0
2025-11-26 00:00:00,USDT_CASH,USDT_CASH,0.0,0.0,0.0,11052.060800211859,11052.060800211859,0
2025-11-26 04:00:00,USDT_CASH,USDT_CASH,0.0,0.0,0.0,11052.060800211859,11052.060800211859,0
2025-11-26 08:00:00,USDT_CASH,USDT_CASH,0.0,0.0,0.0,11052.060800211859,11052.060800211859,0
2025-11-26 12:00:00,USDT_CASH,USDT_CASH,0.0,0.0,0.0,11052.060800211859,11052.060800211859,0
2025-11-26 16:00:00,USDT_CASH,USDT_CASH,0.0,0.0,0.0,11052.060800211859,11052.060800211859,0
2025-11-26 20:00:00,USDT_CASH,USDT_CASH,0.0,0.0,0.0,11052.060800211859,11052.060800211859,0
2025-11-27 00:00:00,USDT_CASH,USDT_CASH,0.0,0.0,0.0,11052.060800211859,11052.060800211859,0
2025-11-27 04:00:00,USDT_CASH,USDT_CASH,0.0,0.0,0.0,11052.060800211859,11052.060800211859,0
2025-11-27 08:00:00,USDT_CASH,USDT_CASH,0.0,0.0,0.0,11052.060800211859,11052.060800211859,0
2025-11-27 12:00:00,USDT_CASH,USDT_CASH,0.0,0.0,0.0,11052.060800211859,11052.060800211859,0
2025-11-27 16:00:00,USDT_CASH,USDT_CASH,0.0,0.0,0.0,11052.060800211859,11052.060800211859,0
2025-11-27 20:00:00,USDT_CASH,USDT_CASH,0.0,0.0,0.0,11052.060800211859,11052.060800211859,0
2025-11-28 00:00:00,USDT_CASH,USDT_CASH,0.0,0.0,0.0,11052.060800211859,11052.060800211859,0
2025-11-28 04:00:00,USDT_CASH,USDT_CASH,0.0,0.0,0.0,11052.060800211859,11052.060800211859,0
2025-11-28 08:00:00,USDT_CASH,USDT_CASH,0.0,0.0,0.0,11052.060800211859,11052.060800211859,0
2025-11-28 12:00:00,USDT_CASH,USDT_CASH,0.0,0.0,0.0,11052.060800211859,11052.060800211859,0
2025-11-28 16:00:00,USDT_CASH,USDT_CASH,0.0,0.0,0.0,11052.060800211859,11052.060800211859,0
2025-11-28 20:00:00,USDT_CASH,USDT_CASH,0.0,0.0,0.0,11052.060800211859,11052.060800211859,0
2025-11-29 00:00:00,USDT_CASH,USDT_CASH,0.0,0.0,0.0,11052.060800211859,11052.060800211859,0
2025-11-29 04:00:00,USDT_CASH,USDT_CASH,0.0,0.0,0.0,11052.060800211859,11052.060800211859,0
2025-11-29 08:00:00,USDT_CASH,USDT_CASH,0.0,0.0,0.0,11052.060800211859,11052.060800211859,0
2025-11-29 12:00:00,USDT_CASH,USDT_CASH,0.0,0.0,0.0,11052.060800211859,11052.060800211859,0
2025-11-29 16:00:00,USDT_CASH,USDT_CASH,0.0,0.0,0.0,11052.060800211859,11052.060800211859,0
2025-11-29 20:00:00,USDT_CASH,USDT_CASH,0.0,0.0,0.0,11052.060800211859,11052.060800211859,0
2025-11-30 00:00:00,USDT_CASH,USDT_CASH,0.0,0.0,0.0,11052.060800211859,11052.060800211859,0
2025-11-30 04:00:00,USDT_CASH,USDT_CASH,0.0,0.0,0.0,11052.060800211859,11052.060800211859,0
2025-11-30 08:00:00,USDT_CASH,USDT_CASH,0.0,0.0,0.0,11052.060800211859,11052.060800211859,0
2025-11-30 12:00:00,USDT_CASH,USDT_CASH,0.0,0.0,0.0,11052.060800211859,11052.060800211859,0
2025-11-30 16:00:00,USDT_CASH,USDT_CASH,0.0,0.0,0.0,11052.060800211859,11052.060800211859,0
2025-11-30 20:00:00,USDT_CASH,USDT_CASH,0.0,0.0,0.0,11052.060800211859,11052.060800211859,0
2025-12-01 00:00:00,USDT_CASH,USDT_CASH,0.0,0.0,0.0,11052.060800211859,11052.060800211859,0
2025-12-01 04:00:00,USDT_CASH,USDT_CASH,0.0,0.0,0.0,11052.060800211859,11052.060800211859,0
2025-12-01 08:00:00,USDT_CASH,USDT_CASH,0.0,0.0,0.0,11052.060800211859,11052.060800211859,0
2025-12-01 12:00:00,USDT_CASH,USDT_CASH,0.0,0.0,0.0,11052.060800211859,11052.060800211859,0
2025-12-01 16:00:00,USDT_CASH,USDT_CASH,0.0,0.0,0.0,11052.060800211859,11052.060800211859,0
2025-12-01 20:00:00,USDT_CASH,USDT_CASH,0.0,0.0,0.0,11052.060800211859,11052.060800211859,0
2025-12-02 00:00:00,USDT_CASH,USDT_CASH,0.0,0.0,0.0,11052.060800211859,11052.060800211859,0
2025-12-02 04:00:00,USDT_CASH,USDT_CASH,0.0,0.0,0.0,11052.060800211859,11052.060800211859,0
2025-12-02 08:00:00,USDT_CASH,USDT_CASH,0.0,0.0,0.0,11052.060800211859,11052.060800211859,0
2025-12-02 12:00:00,USDT_CASH,USDT_CASH,0.0,0.0,0.0,11052.060800211859,11052.060800211859,0
2025-12-02 16:00:00,USDT_CASH,USDT_CASH,0.0,0.0,0.0,11052.060800211859,11052.060800211859,0
2025-12-02 20:00:00,USDT_CASH,USDT_CASH,0.0,0.0,0.0,11052.060800211859,11052.060800211859,0
2025-12-03 00:00:00,USDT_CASH,USDT_CASH,0.0,0.0,0.0,11052.060800211859,11052.060800211859,0
2025-12-03 04:00:00,USDT_CASH,USDT_CASH,0.0,0.0,0.0,11052.060800211859,11052.060800211859,0
2025-12-03 08:00:00,USDT_CASH,USDT_CASH,0.0,0.0,0.0,11052.060800211859,11052.060800211859,0
2025-12-03 12:00:00,USDT_CASH,USDT_CASH,0.0,0.0,0.0,11052.060800211859,11052.060800211859,0
2025-12-03 16:00:00,USDT_CASH,USDT_CASH,0.0,0.0,0.0,11052.060800211859,11052.060800211859,0
2025-12-03 20:00:00,USDT_CASH,USDT_CASH,0.0,0.0,0.0,11052.060800211859,11052.060800211859,0
2025-12-04 00:00:00,USDT_CASH,USDT_CASH,0.0,0.0,0.0,11052.060800211859,11052.060800211859,0
2025-12-04 04:00:00,USDT_CASH,USDT_CASH,0.0,0.0,0.0,11052.060800211859,11052.060800211859,0
2025-12-04 08:00:00,USDT_CASH,USDT_CASH,0.0,0.0,0.0,11052.060800211859,11052.060800211859,0
2025-12-04 12:00:00,USDT_CASH,USDT_CASH,0.0,0.0,0.0,11052.060800211859,11052.060800211859,0
2025-12-04 16:00:00,USDT_CASH,USDT_CASH,0.0,0.0,0.0,11052.060800211859,11052.060800211859,0
2025-12-04 20:00:00,USDT_CASH,USDT_CASH,0.0,0.0,0.0,11052.060800211859,11052.060800211859,0
2025-12-05 00:00:00,USDT_CASH,USDT_CASH,0.0,0.0,0.0,11052.060800211859,11052.060800211859,0
2025-12-05 04:00:00,USDT_CASH,USDT_CASH,0.0,0.0,0.0,11052.060800211859,11052.060800211859,0
2025-12-05 08:00:00,USDT_CASH,USDT_CASH,0.0,0.0,0.0,11052.060800211859,11052.060800211859,0
2025-12-05 12:00:00,USDT_CASH,USDT_CASH,0.0,0.0,0.0,11052.060800211859,11052.060800211859,0
2025-12-05 16:00:00,USDT_CASH,USDT_CASH,0.0,0.0,0.0,11052.060800211859,11052.060800211859,0
2025-12-05 20:00:00,USDT_CASH,USDT_CASH,0.0,0.0,0.0,11052.060800211859,11052.060800211859,0
2025-12-06 00:00:00,USDT_CASH,USDT_CASH,0.0,0.0,0.0,11052.060800211859,11052.060800211859,0
2025-12-06 04:00:00,USDT_CASH,USDT_CASH,0.0,0.0,0.0,11052.060800211859,11052.060800211859,0
2025-12-06 08:00:00,USDT_CASH,USDT_CASH,0.0,0.0,0.0,11052.060800211859,11052.060800211859,0
2025-12-06 12:00:00,USDT_CASH,USDT_CASH,0.0,0.0,0.0,11052.060800211859,11052.060800211859,0
2025-12-06 16:00:00,USDT_CASH,USDT_CASH,0.0,0.0,0.0,11052.060800211859,11052.060800211859,0
2025-12-06 20:00:00,USDT_CASH,USDT_CASH,0.0,0.0,0.0,11052.060800211859,11052.060800211859,0
2025-12-07 00:00:00,USDT_CASH,USDT_CASH,0.0,0.0,0.0,11052.060800211859,11052.060800211859,0
2025-12-07 04:00:00,USDT_CASH,USDT_CASH,0.0,0.0,0.0,11052.060800211859,11052.060800211859,0
2025-12-07 08:00:00,USDT_CASH,USDT_CASH,0.0,0.0,0.0,11052.060800211859,11052.060800211859,0
2025-12-07 12:00:00,USDT_CASH,USDT_CASH,0.0,0.0,0.0,11052.060800211859,11052.060800211859,0
2025-12-07 16:00:00,USDT_CASH,USDT_CASH,0.0,0.0,0.0,11052.060800211859,11052.060800211859,0
2025-12-07 20:00:00,USDT_CASH,USDT_CASH,0.0,0.0,0.0,11052.060800211859,11052.060800211859,0
2025-12-08 00:00:00,USDT_CASH,USDT_CASH,0.0,0.0,0.0,11052.060800211859,11052.060800211859,0
2025-12-08 04:00:00,USDT_CASH,USDT_CASH,0.0,0.0,0.0,11052.060800211859,11052.060800211859,0
2025-12-08 08:00:00,USDT_CASH,USDT_CASH,0.0,0.0,0.0,11052.060800211859,11052.060800211859,0
2025-12-08 12:00:00,USDT_CASH,USDT_CASH,0.0,0.0,0.0,11052.060800211859,11052.060800211859,0
2025-12-08 16:00:00,USDT_CASH,USDT_CASH,0.0,0.0,0.0,11052.060800211859,11052.060800211859,0
2025-12-08 20:00:00,USDT_CASH,USDT_CASH,0.0,0.0,0.0,11052.060800211859,11052.060800211859,0
2025-12-09 00:00:00,USDT_CASH,USDT_CASH,0.0,0.0,0.0,11052.060800211859,11052.060800211859,0
2025-12-09 04:00:00,USDT_CASH,USDT_CASH,0.0,0.0,0.0,11052.060800211859,11052.060800211859,0
2025-12-09 08:00:00,USDT_CASH,USDT_CASH,0.0,0.0,0.0,11052.060800211859,11052.060800211859,0
2025-12-09 12:00:00,USDT_CASH,USDT_CASH,0.0,0.0,0.0,11052.060800211859,11052.060800211859,0
2025-12-09 16:00:00,USDT_CASH,USDT_CASH,0.0,0.0,0.0,11052.060800211859,11052.060800211859,0
2025-12-09 20:00:00,USDT_CASH,USDT_CASH,0.0,0.0,0.0,11052.060800211859,11052.060800211859,0
2025-12-10 00:00:00,USDT_CASH,USDT_CASH,0.0,0.0,0.0,11052.060800211859,11052.060800211859,0
2025-12-10 04:00:00,USDT_CASH,USDT_CASH,0.0,0.0,0.0,11052.060800211859,11052.060800211859,0
2025-12-10 08:00:00,USDT_CASH,USDT_CASH,0.0,0.0,0.0,11052.060800211859,11052.060800211859,0
2025-12-10 12:00:00,USDT_CASH,USDT_CASH,0.0,0.0,0.0,11052.060800211859,11052.060800211859,0
2025-12-10 16:00:00,USDT_CASH,USDT_CASH,0.0,0.0,0.0,11052.060800211859,11052.060800211859,0
2025-12-10 20:00:00,USDT_CASH,USDT_CASH,0.0,0.0,0.0,11052.060800211859,11052.060800211859,0
2025-12-11 00:00:00,USDT_CASH,USDT_CASH,0.0,0.0,0.0,11052.060800211859,11052.060800211859,0
2025-12-11 04:00:00,USDT_CASH,USDT_CASH,0.0,0.0,0.0,11052.060800211859,11052.060800211859,0
2025-12-11 08:00:00,USDT_CASH,USDT_CASH,0.0,0.0,0.0,11052.060800211859,11052.060800211859,0
2025-12-11 12:00:00,USDT_CASH,USDT_CASH,0.0,0.0,0.0,11052.060800211859,11052.060800211859,0
2025-12-11 16:00:00,USDT_CASH,USDT_CASH,0.0,0.0,0.0,11052.060800211859,11052.060800211859,0
2025-12-11 20:00:00,USDT_CASH,USDT_CASH,0.0,0.0,0.0,11052.060800211859,11052.060800211859,0
2025-12-12 00:00:00,USDT_CASH,USDT_CASH,0.0,0.0,0.0,11052.060800211859,11052.060800211859,0
2025-12-12 04:00:00,USDT_CASH,USDT_CASH,0.0,0.0,0.0,11052.060800211859,11052.060800211859,0
2025-12-12 08:00:00,USDT_CASH,USDT_CASH,0.0,0.0,0.0,11052.060800211859,11052.060800211859,0
2025-12-12 12:00:00,USDT_CASH,USDT_CASH,0.0,0.0,0.0,11052.060800211859,11052.060800211859,0
2025-12-12 16:00:00,USDT_CASH,USDT_CASH,0.0,0.0,0.0,11052.060800211859,11052.060800211859,0
2025-12-12 20:00:00,USDT_CASH,USDT_CASH,0.0,0.0,0.0,11052.060800211859,11052.060800211859,0
2025-12-13 00:00:00,USDT_CASH,USDT_CASH,0.0,0.0,0.0,11052.060800211859,11052.060800211859,0
2025-12-13 04:00:00,USDT_CASH,USDT_CASH,0.0,0.0,0.0,11052.060800211859,11052.060800211859,0
2025-12-13 08:00:00,USDT_CASH,USDT_CASH,0.0,0.0,0.0,11052.060800211859,11052.060800211859,0
2025-12-13 12:00:00,USDT_CASH,USDT_CASH,0.0,0.0,0.0,11052.060800211859,11052.060800211859,0
2025-12-13 16:00:00,USDT_CASH,USDT_CASH,0.0,0.0,0.0,11052.060800211859,11052.060800211859,0
2025-12-13 20:00:00,USDT_CASH,USDT_CASH,0.0,0.0,0.0,11052.060800211859,11052.060800211859,0
2025-12-14 00:00:00,USDT_CASH,USDT_CASH,0.0,0.0,0.0,11052.060800211859,11052.060800211859,0
2025-12-14 04:00:00,USDT_CASH,USDT_CASH,0.0,0.0,0.0,11052.060800211859,11052.060800211859,0
2025-12-14 08:00:00,USDT_CASH,USDT_CASH,0.0,0.0,0.0,11052.060800211859,11052.060800211859,0
2025-12-14 12:00:00,USDT_CASH,USDT_CASH,0.0,0.0,0.0,11052.060800211859,11052.060800211859,0
2025-12-14 16:00:00,USDT_CASH,USDT_CASH,0.0,0.0,0.0,11052.060800211859,11052.060800211859,0
2025-12-14 20:00:00,USDT_CASH,USDT_CASH,0.0,0.0,0.0,11052.060800211859,11052.060800211859,0
2025-12-15 00:00:00,USDT_CASH,USDT_CASH,0.0,0.0,0.0,11052.060800211859,11052.060800211859,0
2025-12-15 04:00:00,USDT_CASH,USDT_CASH,0.0,0.0,0.0,11052.060800211859,11052.060800211859,0
2025-12-15 08:00:00,USDT_CASH,USDT_CASH,0.0,0.0,0.0,11052.060800211859,11052.060800211859,0
2025-12-15 12:00:00,USDT_CASH,USDT_CASH,0.0,0.0,0.0,11052.060800211859,11052.060800211859,0
2025-12-15 16:00:00,USDT_CASH,USDT_CASH,0.0,0.0,0.0,11052.060800211859,11052.060800211859,0
2025-12-15 20:00:00,USDT_CASH,USDT_CASH,0.0,0.0,0.0,11052.060800211859,11052.060800211859,0
2025-12-16 00:00:00,USDT_CASH,USDT_CASH,0.0,0.0,0.0,11052.060800211859,11052.060800211859,0
2025-12-16 04:00:00,USDT_CASH,USDT_CASH,0.0,0.0,0.0,11052.060800211859,11052.060800211859,0
2025-12-16 08:00:00,USDT_CASH,USDT_CASH,0.0,0.0,0.0,11052.060800211859,11052.060800211859,0
2025-12-16 12:00:00,USDT_CASH,USDT_CASH,0.0,0.0,0.0,11052.060800211859,11052.060800211859,0
2025-12-16 16:00:00,USDT_CASH,USDT_CASH,0.0,0.0,0.0,11052.060800211859,11052.060800211859,0
2025-12-16 20:00:00,USDT_CASH,USDT_CASH,0.0,0.0,0.0,11052.060800211859,11052.060800211859,0
2025-12-17 00:00:00,USDT_CASH,USDT_CASH,0.0,0.0,0.0,11052.060800211859,11052.060800211859,0
2025-12-17 04:00:00,USDT_CASH,USDT_CASH,0.0,0.0,0.0,11052.060800211859,11052.060800211859,0
2025-12-17 08:00:00,USDT_CASH,USDT_CASH,0.0,0.0,0.0,11052.060800211859,11052.060800211859,0
2025-12-17 12:00:00,USDT_CASH,USDT_CASH,0.0,0.0,0.0,11052.060800211859,11052.060800211859,0
2025-12-17 16:00:00,USDT_CASH,USDT_CASH,0.0,0.0,0.0,11052.060800211859,11052.060800211859,0
2025-12-17 20:00:00,USDT_CASH,USDT_CASH,0.0,0.0,0.0,11052.060800211859,11052.060800211859,0
2025-12-18 00:00:00,USDT_CASH,USDT_CASH,0.0,0.0,0.0,11052.060800211859,11052.060800211859,0
2025-12-18 04:00:00,USDT_CASH,USDT_CASH,0.0,0.0,0.0,11052.060800211859,11052.060800211859,0
2025-12-18 08:00:00,USDT_CASH,USDT_CASH,0.0,0.0,0.0,11052.060800211859,11052.060800211859,0
2025-12-18 12:00:00,USDT_CASH,USDT_CASH,0.0,0.0,0.0,11052.060800211859,11052.060800211859,0
2025-12-18 16:00:00,USDT_CASH,USDT_CASH,0.0,0.0,0.0,11052.060800211859,11052.060800211859,0
2025-12-18 20:00:00,USDT_CASH,USDT_CASH,0.0,0.0,0.0,11052.060800211859,11052.060800211859,0
2025-12-19 00:00:00,USDT_CASH,USDT_CASH,0.0,0.0,0.0,11052.060800211859,11052.060800211859,0
2025-12-19 04:00:00,USDT_CASH,USDT_CASH,0.0,0.0,0.0,11052.060800211859,11052.060800211859,0
2025-12-19 08:00:00,USDT_CASH,USDT_CASH,0.0,0.0,0.0,11052.060800211859,11052.060800211859,0
2025-12-19 12:00:00,USDT_CASH,USDT_CASH,0.0,0.0,0.0,11052.060800211859,11052.060800211859,0
2025-12-19 16:00:00,USDT_CASH,USDT_CASH,0.0,0.0,0.0,11052.060800211859,11052.060800211859,0
2025-12-19 20:00:00,USDT_CASH,USDT_CASH,0.0,0.0,0.0,11052.060800211859,11052.060800211859,0
2025-12-20 00:00:00,USDT_CASH,USDT_CASH,0.0,0.0,0.0,11052.060800211859,11052.060800211859,0
2025-12-20 04:00:00,USDT_CASH,USDT_CASH,0.0,0.0,0.0,11052.060800211859,11052.060800211859,0
2025-12-20 08:00:00,USDT_CASH,USDT_CASH,0.0,0.0,0.0,11052.060800211859,11052.060800211859,0
2025-12-20 12:00:00,USDT_CASH,USDT_CASH,0.0,0.0,0.0,11052.060800211859,11052.060800211859,0
2025-12-20 16:00:00,USDT_CASH,USDT_CASH,0.0,0.0,0.0,11052.060800211859,11052.060800211859,0
2025-12-20 20:00:00,USDT_CASH,USDT_CASH,0.0,0.0,0.0,11052.060800211859,11052.060800211859,0
2025-12-21 00:00:00,USDT_CASH,USDT_CASH,0.0,0.0,0.0,11052.060800211859,11052.060800211859,0
2025-12-21 04:00:00,USDT_CASH,USDT_CASH,0.0,0.0,0.0,11052.060800211859,11052.060800211859,0
2025-12-21 08:00:00,USDT_CASH,USDT_CASH,0.0,0.0,0.0,11052.060800211859,11052.060800211859,0
2025-12-21 12:00:00,USDT_CASH,USDT_CASH,0.0,0.0,0.0,11052.060800211859,11052.060800211859,0
2025-12-21 16:00:00,USDT_CASH,USDT_CASH,0.0,0.0,0.0,11052.060800211859,11052.060800211859,0
2025-12-21 20:00:00,USDT_CASH,USDT_CASH,0.0,0.0,0.0,11052.060800211859,11052.060800211859,0
2025-12-22 00:00:00,USDT_CASH,USDT_CASH,0.0,0.0,0.0,11052.060800211859,11052.060800211859,0
2025-12-22 04:00:00,USDT_CASH,USDT_CASH,0.0,0.0,0.0,11052.060800211859,11052.060800211859,0
2025-12-22 08:00:00,USDT_CASH,USDT_CASH,0.0,0.0,0.0,11052.060800211859,11052.060800211859,0
2025-12-22 12:00:00,USDT_CASH,USDT_CASH,0.0,0.0,0.0,11052.060800211859,11052.060800211859,0
2025-12-22 16:00:00,USDT_CASH,USDT_CASH,0.0,0.0,0.0,11052.060800211859,11052.060800211859,0
2025-12-22 20:00:00,USDT_CASH,USDT_CASH,0.0,0.0,0.0,11052.060800211859,11052.060800211859,0
2025-12-23 00:00:00,USDT_CASH,USDT_CASH,0.0,0.0,0.0,11052.060800211859,11052.060800211859,0
2025-12-23 04:00:00,USDT_CASH,USDT_CASH,0.0,0.0,0.0,11052.060800211859,11052.060800211859,0
2025-12-23 08:00:00,USDT_CASH,USDT_CASH,0.0,0.0,0.0,11052.060800211859,11052.060800211859,0
2025-12-23 12:00:00,USDT_CASH,USDT_CASH,0.0,0.0,0.0,11052.060800211859,11052.060800211859,0
2025-12-23 16:00:00,USDT_CASH,USDT_CASH,0.0,0.0,0.0,11052.060800211859,11052.060800211859,0
2025-12-23 20:00:00,USDT_CASH,USDT_CASH,0.0,0.0,0.0,11052.060800211859,11052.060800211859,0
2025-12-24 00:00:00,USDT_CASH,USDT_CASH,0.0,0.0,0.0,11052.060800211859,11052.060800211859,0
2025-12-24 04:00:00,USDT_CASH,USDT_CASH,0.0,0.0,0.0,11052.060800211859,11052.060800211859,0
2025-12-24 08:00:00,USDT_CASH,USDT_CASH,0.0,0.0,0.0,11052.060800211859,11052.060800211859,0
2025-12-24 12:00:00,USDT_CASH,USDT_CASH,0.0,0.0,0.0,11052.060800211859,11052.060800211859,0
2025-12-24 16:00:00,USDT_CASH,USDT_CASH,0.0,0.0,0.0,11052.060800211859,11052.060800211859,0
2025-12-24 20:00:00,USDT_CASH,USDT_CASH,0.0,0.0,0.0,11052.060800211859,11052.060800211859,0
2025-12-25 00:00:00,USDT_CASH,USDT_CASH,0.0,0.0,0.0,11052.060800211859,11052.060800211859,0
2025-12-25 04:00:00,USDT_CASH,USDT_CASH,0.0,0.0,0.0,11052.060800211859,11052.060800211859,0
2025-12-25 08:00:00,USDT_CASH,USDT_CASH,0.0,0.0,0.0,11052.060800211859,11052.060800211859,0
2025-12-25 12:00:00,USDT_CASH,USDT_CASH,0.0,0.0,0.0,11052.060800211859,11052.060800211859,0
2025-12-25 16:00:00,USDT_CASH,USDT_CASH,0.0,0.0,0.0,11052.060800211859,11052.060800211859,0
2025-12-25 20:00:00,USDT_CASH,USDT_CASH,0.0,0.0,0.0,11052.060800211859,11052.060800211859,0
2025-12-26 00:00:00,USDT_CASH,USDT_CASH,0.0,0.0,0.0,11052.060800211859,11052.060800211859,0
2025-12-26 04:00:00,USDT_CASH,USDT_CASH,0.0,0.0,0.0,11052.060800211859,11052.060800211859,0
2025-12-26 08:00:00,USDT_CASH,USDT_CASH,0.0,0.0,0.0,11052.060800211859,11052.060800211859,0
2025-12-26 12:00:00,USDT_CASH,USDT_CASH,0.0,0.0,0.0,11052.060800211859,11052.060800211859,0
2025-12-26 16:00:00,USDT_CASH,USDT_CASH,0.0,0.0,0.0,11052.060800211859,11052.060800211859,0
2025-12-26 20:00:00,USDT_CASH,USDT_CASH,0.0,0.0,0.0,11052.060800211859,11052.060800211859,0
2025-12-27 00:00:00,USDT_CASH,USDT_CASH,0.0,0.0,0.0,11052.060800211859,11052.060800211859,0
2025-12-27 04:00:00,USDT_CASH,USDT_CASH,0.0,0.0,0.0,11052.060800211859,11052.060800211859,0
2025-12-27 08:00:00,USDT_CASH,USDT_CASH,0.0,0.0,0.0,11052.060800211859,11052.060800211859,0
2025-12-27 12:00:00,USDT_CASH,USDT_CASH,0.0,0.0,0.0,11052.060800211859,11052.060800211859,0
2025-12-27 16:00:00,USDT_CASH,USDT_CASH,0.0,0.0,0.0,11052.060800211859,11052.060800211859,0
2025-12-27 20:00:00,USDT_CASH,USDT_CASH,0.0,0.0,0.0,11052.060800211859,11052.060800211859,0
2025-12-28 00:00:00,USDT_CASH,USDT_CASH,0.0,0.0,0.0,11052.060800211859,11052.060800211859,0
2025-12-28 04:00:00,USDT_CASH,USDT_CASH,0.0,0.0,0.0,11052.060800211859,11052.060800211859,0
2025-12-28 08:00:00,USDT_CASH,USDT_CASH,0.0,0.0,0.0,11052.060800211859,11052.060800211859,0
2025-12-28 12:00:00,USDT_CASH,USDT_CASH,0.0,0.0,0.0,11052.060800211859,11052.060800211859,0
2025-12-28 16:00:00,USDT_CASH,USDT_CASH,0.0,0.0,0.0,11052.060800211859,11052.060800211859,0
2025-12-28 20:00:00,USDT_CASH,USDT_CASH,0.0,0.0,0.0,11052.060800211859,11052.060800211859,0
2025-12-29 00:00:00,USDT_CASH,USDT_CASH,0.0,0.0,0.0,11052.060800211859,11052.060800211859,0
2025-12-29 04:00:00,USDT_CASH,USDT_CASH,0.0,0.0,0.0,11052.060800211859,11052.060800211859,0
2025-12-29 08:00:00,USDT_CASH,USDT_CASH,0.0,0.0,0.0,11052.060800211859,11052.060800211859,0
2025-12-29 12:00:00,USDT_CASH,USDT_CASH,0.0,0.0,0.0,11052.060800211859,11052.060800211859,0
2025-12-29 16:00:00,USDT_CASH,USDT_CASH,0.0,0.0,0.0,11052.060800211859,11052.060800211859,0
2025-12-29 20:00:00,USDT_CASH,USDT_CASH,0.0,0.0,0.0,11052.060800211859,11052.060800211859,0
2025-12-30 00:00:00,USDT_CASH,USDT_CASH,0.0,0.0,0.0,11052.060800211859,11052.060800211859,0
2025-12-30 04:00:00,USDT_CASH,USDT_CASH,0.0,0.0,0.0,11052.060800211859,11052.060800211859,0
2025-12-30 08:00:00,USDT_CASH,USDT_CASH,0.0,0.0,0.0,11052.060800211859,11052.060800211859,0
2025-12-30 12:00:00,USDT_CASH,USDT_CASH,0.0,0.0,0.0,11052.060800211859,11052.060800211859,0
2025-12-30 16:00:00,USDT_CASH,USDT_CASH,0.0,0.0,0.0,11052.060800211859,11052.060800211859,0
2025-12-30 20:00:00,USDT_CASH,USDT_CASH,0.0,0.0,0.0,11052.060800211859,11052.060800211859,0
2025-12-31 00:00:00,USDT_CASH,USDT_CASH,0.0,0.0,0.0,11052.060800211859,11052.060800211859,0
2025-12-31 04:00:00,USDT_CASH,USDT_CASH,0.0,0.0,0.0,11052.060800211859,11052.060800211859,0
2025-12-31 08:00:00,USDT_CASH,USDT_CASH,0.0,0.0,0.0,11052.060800211859,11052.060800211859,0
2025-12-31 12:00:00,USDT_CASH,USDT_CASH,0.0,0.0,0.0,11052.060800211859,11052.060800211859,0
2025-12-31 16:00:00,USDT_CASH,USDT_CASH,0.0,0.0,0.0,11052.060800211859,11052.060800211859,0
2025-12-31 20:00:00,USDT_CASH,USDT_CASH,0.0,0.0,0.0,11052.060800211859,11052.060800211859,0
